scraped_at,spec_code,spec_name,search_city,facet_type,facet_value,count
2026-07-30T16:51:12,58,אורתופדיה,א סייד,gender,גבר,36
2026-07-30T16:51:12,58,אורתופדיה,א סייד,gender,אישה,2
2026-07-30T16:51:12,58,אורתופדיה,א סייד,visit_type,ביקור במרפאה,43
2026-07-30T16:51:12,58,אורתופדיה,א סייד,language,עברית,1
2026-07-30T16:51:12,58,אורתופדיה,א סייד,language,רוסית,1
2026-07-30T16:51:23,58,אורתופדיה,אבו סנאן,gender,גבר,69
2026-07-30T16:51:23,58,אורתופדיה,אבו סנאן,gender,אישה,2
2026-07-30T16:51:23,58,אורתופדיה,אבו סנאן,visit_type,ביקור במרפאה,71
2026-07-30T16:51:23,58,אורתופדיה,אבו סנאן,visit_type,שיחת טלפון,2
2026-07-30T16:51:23,58,אורתופדיה,אבו סנאן,language,איטלקית,1
2026-07-30T16:51:23,58,אורתופדיה,אבו סנאן,language,אנגלית,35
2026-07-30T16:51:23,58,אורתופדיה,אבו סנאן,language,בולגרית,1
2026-07-30T16:51:23,58,אורתופדיה,אבו סנאן,language,גרמנית,1
2026-07-30T16:51:23,58,אורתופדיה,אבו סנאן,language,ספרדית,2
2026-07-30T16:51:23,58,אורתופדיה,אבו סנאן,language,עברית,70
2026-07-30T16:51:23,58,אורתופדיה,אבו סנאן,language,ערבית,60
2026-07-30T16:51:23,58,אורתופדיה,אבו סנאן,language,צכית,1
2026-07-30T16:51:23,58,אורתופדיה,אבו סנאן,language,צרפתית,1
2026-07-30T16:51:23,58,אורתופדיה,אבו סנאן,language,רומנית,4
2026-07-30T16:51:23,58,אורתופדיה,אבו סנאן,language,רוסית,15
2026-07-30T16:51:34,58,אורתופדיה,אדרת,gender,גבר,47
2026-07-30T16:51:34,58,אורתופדיה,אדרת,visit_type,ביקור במרפאה,49
2026-07-30T16:51:34,58,אורתופדיה,אדרת,language,אנגלית,7
2026-07-30T16:51:34,58,אורתופדיה,אדרת,language,עברית,12
2026-07-30T16:51:34,58,אורתופדיה,אדרת,language,ערבית,6
2026-07-30T16:51:34,58,אורתופדיה,אדרת,language,צרפתית,1
2026-07-30T16:51:34,58,אורתופדיה,אדרת,language,רוסית,3
2026-07-30T16:51:42,58,אורתופדיה,אום סלמונה,gender,גבר,47
2026-07-30T16:51:42,58,אורתופדיה,אום סלמונה,visit_type,ביקור במרפאה,49
2026-07-30T16:51:42,58,אורתופדיה,אום סלמונה,language,אנגלית,7
2026-07-30T16:51:42,58,אורתופדיה,אום סלמונה,language,עברית,12
2026-07-30T16:51:42,58,אורתופדיה,אום סלמונה,language,ערבית,6
2026-07-30T16:51:42,58,אורתופדיה,אום סלמונה,language,צרפתית,1
2026-07-30T16:51:42,58,אורתופדיה,אום סלמונה,language,רוסית,3
2026-07-30T16:51:53,58,אורתופדיה,אחיטוב,gender,גבר,125
2026-07-30T16:51:53,58,אורתופדיה,אחיטוב,visit_type,ביקור במרפאה,128
2026-07-30T16:51:53,58,אורתופדיה,אחיטוב,visit_type,שיחת טלפון,4
2026-07-30T16:51:53,58,אורתופדיה,אחיטוב,language,אידיש,1
2026-07-30T16:51:53,58,אורתופדיה,אחיטוב,language,איטלקית,1
2026-07-30T16:51:53,58,אורתופדיה,אחיטוב,language,אנגלית,15
2026-07-30T16:51:53,58,אורתופדיה,אחיטוב,language,גרמנית,1
2026-07-30T16:51:53,58,אורתופדיה,אחיטוב,language,עברית,26
2026-07-30T16:51:53,58,אורתופדיה,אחיטוב,language,ערבית,18
2026-07-30T16:51:53,58,אורתופדיה,אחיטוב,language,רומנית,7
2026-07-30T16:51:53,58,אורתופדיה,אחיטוב,language,רוסית,3
2026-07-30T16:52:14,58,אורתופדיה,אילון,gender,גבר,69
2026-07-30T16:52:14,58,אורתופדיה,אילון,gender,אישה,2
2026-07-30T16:52:14,58,אורתופדיה,אילון,visit_type,ביקור במרפאה,71
2026-07-30T16:52:14,58,אורתופדיה,אילון,visit_type,שיחת טלפון,2
2026-07-30T16:52:14,58,אורתופדיה,אילון,language,איטלקית,1
2026-07-30T16:52:14,58,אורתופדיה,אילון,language,אנגלית,35
2026-07-30T16:52:14,58,אורתופדיה,אילון,language,בולגרית,1
2026-07-30T16:52:14,58,אורתופדיה,אילון,language,גרמנית,1
2026-07-30T16:52:14,58,אורתופדיה,אילון,language,ספרדית,2
2026-07-30T16:52:14,58,אורתופדיה,אילון,language,עברית,70
2026-07-30T16:52:14,58,אורתופדיה,אילון,language,ערבית,60
2026-07-30T16:52:14,58,אורתופדיה,אילון,language,צכית,1
2026-07-30T16:52:14,58,אורתופדיה,אילון,language,צרפתית,1
2026-07-30T16:52:14,58,אורתופדיה,אילון,language,רומנית,4
2026-07-30T16:52:14,58,אורתופדיה,אילון,language,רוסית,15
2026-07-30T16:52:27,58,אורתופדיה,אל מוע'ייר,gender,גבר,86
2026-07-30T16:52:27,58,אורתופדיה,אל מוע'ייר,visit_type,ביקור במרפאה,89
2026-07-30T16:52:27,58,אורתופדיה,אל מוע'ייר,visit_type,שיחת טלפון,3
2026-07-30T16:52:27,58,אורתופדיה,אל מוע'ייר,language,אידיש,1
2026-07-30T16:52:27,58,אורתופדיה,אל מוע'ייר,language,איטלקית,1
2026-07-30T16:52:27,58,אורתופדיה,אל מוע'ייר,language,אנגלית,8
2026-07-30T16:52:27,58,אורתופדיה,אל מוע'ייר,language,עברית,15
2026-07-30T16:52:27,58,אורתופדיה,אל מוע'ייר,language,ערבית,10
2026-07-30T16:52:27,58,אורתופדיה,אל מוע'ייר,language,רומנית,3
2026-07-30T16:52:27,58,אורתופדיה,אל מוע'ייר,language,רוסית,2
2026-07-30T16:52:40,58,אורתופדיה,אספר,gender,גבר,47
2026-07-30T16:52:40,58,אורתופדיה,אספר,visit_type,ביקור במרפאה,49
2026-07-30T16:52:40,58,אורתופדיה,אספר,language,אנגלית,7
2026-07-30T16:52:40,58,אורתופדיה,אספר,language,עברית,12
2026-07-30T16:52:40,58,אורתופדיה,אספר,language,ערבית,6
2026-07-30T16:52:40,58,אורתופדיה,אספר,language,צרפתית,1
2026-07-30T16:52:40,58,אורתופדיה,אספר,language,רוסית,3
2026-07-30T16:52:51,58,אורתופדיה,ארז,gender,גבר,41
2026-07-30T16:52:51,58,אורתופדיה,ארז,gender,אישה,2
2026-07-30T16:52:51,58,אורתופדיה,ארז,visit_type,ביקור במרפאה,47
2026-07-30T16:52:51,58,אורתופדיה,ארז,language,עברית,1
2026-07-30T16:52:51,58,אורתופדיה,ארז,language,רוסית,1
2026-07-30T16:53:04,58,אורתופדיה,אשכולות,gender,גבר,52
2026-07-30T16:53:04,58,אורתופדיה,אשכולות,gender,אישה,3
2026-07-30T16:53:04,58,אורתופדיה,אשכולות,visit_type,ביקור במרפאה,63
2026-07-30T16:53:04,58,אורתופדיה,אשכולות,language,עברית,1
2026-07-30T16:53:04,58,אורתופדיה,אשכולות,language,רוסית,1
2026-07-30T16:53:19,58,אורתופדיה,באר יעקב,gender,גבר,54
2026-07-30T16:53:19,58,אורתופדיה,באר יעקב,gender,אישה,1
2026-07-30T16:53:19,58,אורתופדיה,באר יעקב,visit_type,ביקור במרפאה,61
2026-07-30T16:53:19,58,אורתופדיה,באר יעקב,visit_type,שיחת טלפון,1
2026-07-30T16:53:19,58,אורתופדיה,באר יעקב,language,איטלקית,2
2026-07-30T16:53:19,58,אורתופדיה,באר יעקב,language,אנגלית,6
2026-07-30T16:53:19,58,אורתופדיה,באר יעקב,language,גרמנית,1
2026-07-30T16:53:19,58,אורתופדיה,באר יעקב,language,עברית,9
2026-07-30T16:53:19,58,אורתופדיה,באר יעקב,language,צרפתית,2
2026-07-30T16:53:19,58,אורתופדיה,באר יעקב,language,רוסית,4
2026-07-30T16:53:30,58,אורתופדיה,בורהאם,gender,גבר,47
2026-07-30T16:53:30,58,אורתופדיה,בורהאם,visit_type,ביקור במרפאה,49
2026-07-30T16:53:30,58,אורתופדיה,בורהאם,language,אנגלית,7
2026-07-30T16:53:30,58,אורתופדיה,בורהאם,language,עברית,12
2026-07-30T16:53:30,58,אורתופדיה,בורהאם,language,ערבית,6
2026-07-30T16:53:30,58,אורתופדיה,בורהאם,language,צרפתית,1
2026-07-30T16:53:30,58,אורתופדיה,בורהאם,language,רוסית,3
2026-07-30T16:53:39,58,אורתופדיה,ביכורה,gender,גבר,97
2026-07-30T16:53:39,58,אורתופדיה,ביכורה,visit_type,ביקור במרפאה,98
2026-07-30T16:53:39,58,אורתופדיה,ביכורה,visit_type,שיחת טלפון,1
2026-07-30T16:53:39,58,אורתופדיה,ביכורה,language,איטלקית,1
2026-07-30T16:53:39,58,אורתופדיה,ביכורה,language,אנגלית,9
2026-07-30T16:53:39,58,אורתופדיה,ביכורה,language,עברית,12
2026-07-30T16:53:39,58,אורתופדיה,ביכורה,language,ערבית,5
2026-07-30T16:53:39,58,אורתופדיה,ביכורה,language,רוסית,6
2026-07-30T16:53:55,58,אורתופדיה,בני ברק,gender,גבר,61
2026-07-30T16:53:55,58,אורתופדיה,בני ברק,gender,אישה,5
2026-07-30T16:53:55,58,אורתופדיה,בני ברק,visit_type,ביקור במרפאה,78
2026-07-30T16:53:55,58,אורתופדיה,בני ברק,visit_type,שיחת טלפון,1
2026-07-30T16:53:55,58,אורתופדיה,בני ברק,language,איטלקית,7
2026-07-30T16:53:55,58,אורתופדיה,בני ברק,language,אנגלית,40
2026-07-30T16:53:55,58,אורתופדיה,בני ברק,language,גרמנית,6
2026-07-30T16:53:55,58,אורתופדיה,בני ברק,language,ספרדית,2
2026-07-30T16:53:55,58,אורתופדיה,בני ברק,language,עברית,65
2026-07-30T16:53:55,58,אורתופדיה,בני ברק,language,ערבית,7
2026-07-30T16:53:55,58,אורתופדיה,בני ברק,language,רומנית,6
2026-07-30T16:53:55,58,אורתופדיה,בני ברק,language,רוסית,8
2026-07-30T16:54:10,58,אורתופדיה,בסמ''ה,gender,גבר,125
2026-07-30T16:54:10,58,אורתופדיה,בסמ''ה,visit_type,ביקור במרפאה,128
2026-07-30T16:54:10,58,אורתופדיה,בסמ''ה,visit_type,שיחת טלפון,4
2026-07-30T16:54:10,58,אורתופדיה,בסמ''ה,language,אידיש,1
2026-07-30T16:54:10,58,אורתופדיה,בסמ''ה,language,איטלקית,1
2026-07-30T16:54:10,58,אורתופדיה,בסמ''ה,language,אנגלית,15
2026-07-30T16:54:10,58,אורתופדיה,בסמ''ה,language,גרמנית,1
2026-07-30T16:54:10,58,אורתופדיה,בסמ''ה,language,עברית,26
2026-07-30T16:54:10,58,אורתופדיה,בסמ''ה,language,ערבית,18
2026-07-30T16:54:10,58,אורתופדיה,בסמ''ה,language,רומנית,7
2026-07-30T16:54:10,58,אורתופדיה,בסמ''ה,language,רוסית,3
2026-07-30T16:54:29,58,אורתופדיה,ברוכין,gender,גבר,49
2026-07-30T16:54:29,58,אורתופדיה,ברוכין,gender,אישה,1
2026-07-30T16:54:29,58,אורתופדיה,ברוכין,visit_type,ביקור במרפאה,58
2026-07-30T16:54:29,58,אורתופדיה,ברוכין,visit_type,שיחת טלפון,1
2026-07-30T16:54:29,58,אורתופדיה,ברוכין,language,איטלקית,4
2026-07-30T16:54:29,58,אורתופדיה,ברוכין,language,אנגלית,33
2026-07-30T16:54:29,58,אורתופדיה,ברוכין,language,גרמנית,6
2026-07-30T16:54:29,58,אורתופדיה,ברוכין,language,ספרדית,2
2026-07-30T16:54:29,58,אורתופדיה,ברוכין,language,עברית,54
2026-07-30T16:54:29,58,אורתופדיה,ברוכין,language,ערבית,6
2026-07-30T16:54:29,58,אורתופדיה,ברוכין,language,רומנית,5
2026-07-30T16:54:29,58,אורתופדיה,ברוכין,language,רוסית,6
2026-07-30T16:54:38,58,אורתופדיה,בת עין,gender,גבר,47
2026-07-30T16:54:38,58,אורתופדיה,בת עין,visit_type,ביקור במרפאה,49
2026-07-30T16:54:38,58,אורתופדיה,בת עין,language,אנגלית,7
2026-07-30T16:54:38,58,אורתופדיה,בת עין,language,עברית,12
2026-07-30T16:54:38,58,אורתופדיה,בת עין,language,ערבית,6
2026-07-30T16:54:38,58,אורתופדיה,בת עין,language,צרפתית,1
2026-07-30T16:54:38,58,אורתופדיה,בת עין,language,רוסית,3
2026-07-30T16:54:47,58,אורתופדיה,גבולות,gender,גבר,36
2026-07-30T16:54:47,58,אורתופדיה,גבולות,gender,אישה,2
2026-07-30T16:54:47,58,אורתופדיה,גבולות,visit_type,ביקור במרפאה,43
2026-07-30T16:54:47,58,אורתופדיה,גבולות,language,עברית,1
2026-07-30T16:54:47,58,אורתופדיה,גבולות,language,רוסית,1
2026-07-30T16:54:59,58,אורתופדיה,גדות,gender,גבר,97
2026-07-30T16:54:59,58,אורתופדיה,גדות,visit_type,ביקור במרפאה,98
2026-07-30T16:54:59,58,אורתופדיה,גדות,visit_type,שיחת טלפון,1
2026-07-30T16:54:59,58,אורתופדיה,גדות,language,איטלקית,1
2026-07-30T16:54:59,58,אורתופדיה,גדות,language,אנגלית,9
2026-07-30T16:54:59,58,אורתופדיה,גדות,language,עברית,12
2026-07-30T16:54:59,58,אורתופדיה,גדות,language,ערבית,5
2026-07-30T16:54:59,58,אורתופדיה,גדות,language,רוסית,6
2026-07-30T16:55:13,58,אורתופדיה,גיבתון,gender,גבר,32
2026-07-30T16:55:13,58,אורתופדיה,גיבתון,gender,אישה,1
2026-07-30T16:55:13,58,אורתופדיה,גיבתון,visit_type,ביקור במרפאה,37
2026-07-30T16:55:13,58,אורתופדיה,גיבתון,visit_type,שיחת טלפון,1
2026-07-30T16:55:13,58,אורתופדיה,גיבתון,visit_type,שיחת וידאו,1
2026-07-30T16:55:13,58,אורתופדיה,גיבתון,language,איטלקית,1
2026-07-30T16:55:13,58,אורתופדיה,גיבתון,language,אנגלית,3
2026-07-30T16:55:13,58,אורתופדיה,גיבתון,language,גרמנית,1
2026-07-30T16:55:13,58,אורתופדיה,גיבתון,language,עברית,7
2026-07-30T16:55:13,58,אורתופדיה,גיבתון,language,ערבית,1
2026-07-30T16:55:13,58,אורתופדיה,גיבתון,language,צרפתית,1
2026-07-30T16:55:13,58,אורתופדיה,גיבתון,language,רומנית,1
2026-07-30T16:55:13,58,אורתופדיה,גיבתון,language,רוסית,3
2026-07-30T16:55:21,58,אורתופדיה,גלגל,gender,גבר,47
2026-07-30T16:55:21,58,אורתופדיה,גלגל,visit_type,ביקור במרפאה,49
2026-07-30T16:55:21,58,אורתופדיה,גלגל,language,אנגלית,7
2026-07-30T16:55:21,58,אורתופדיה,גלגל,language,עברית,12
2026-07-30T16:55:21,58,אורתופדיה,גלגל,language,ערבית,6
2026-07-30T16:55:21,58,אורתופדיה,גלגל,language,צרפתית,1
2026-07-30T16:55:21,58,אורתופדיה,גלגל,language,רוסית,3
2026-07-30T16:55:30,58,אורתופדיה,גני עם,gender,גבר,49
2026-07-30T16:55:30,58,אורתופדיה,גני עם,gender,אישה,1
2026-07-30T16:55:30,58,אורתופדיה,גני עם,visit_type,ביקור במרפאה,58
2026-07-30T16:55:30,58,אורתופדיה,גני עם,visit_type,שיחת טלפון,1
2026-07-30T16:55:30,58,אורתופדיה,גני עם,language,איטלקית,4
2026-07-30T16:55:30,58,אורתופדיה,גני עם,language,אנגלית,33
2026-07-30T16:55:30,58,אורתופדיה,גני עם,language,גרמנית,6
2026-07-30T16:55:30,58,אורתופדיה,גני עם,language,ספרדית,2
2026-07-30T16:55:30,58,אורתופדיה,גני עם,language,עברית,54
2026-07-30T16:55:30,58,אורתופדיה,גני עם,language,ערבית,6
2026-07-30T16:55:30,58,אורתופדיה,גני עם,language,רומנית,5
2026-07-30T16:55:30,58,אורתופדיה,גני עם,language,רוסית,6
2026-07-30T16:55:41,58,אורתופדיה,גת רימון,gender,גבר,49
2026-07-30T16:55:41,58,אורתופדיה,גת רימון,gender,אישה,1
2026-07-30T16:55:41,58,אורתופדיה,גת רימון,visit_type,ביקור במרפאה,58
2026-07-30T16:55:41,58,אורתופדיה,גת רימון,visit_type,שיחת טלפון,1
2026-07-30T16:55:41,58,אורתופדיה,גת רימון,language,איטלקית,4
2026-07-30T16:55:41,58,אורתופדיה,גת רימון,language,אנגלית,33
2026-07-30T16:55:41,58,אורתופדיה,גת רימון,language,גרמנית,6
2026-07-30T16:55:41,58,אורתופדיה,גת רימון,language,ספרדית,2
2026-07-30T16:55:41,58,אורתופדיה,גת רימון,language,עברית,54
2026-07-30T16:55:41,58,אורתופדיה,גת רימון,language,ערבית,6
2026-07-30T16:55:41,58,אורתופדיה,גת רימון,language,רומנית,5
2026-07-30T16:55:41,58,אורתופדיה,גת רימון,language,רוסית,6
2026-07-30T16:55:51,58,אורתופדיה,דוב''ב,gender,גבר,97
2026-07-30T16:55:51,58,אורתופדיה,דוב''ב,visit_type,ביקור במרפאה,98
2026-07-30T16:55:51,58,אורתופדיה,דוב''ב,visit_type,שיחת טלפון,1
2026-07-30T16:55:51,58,אורתופדיה,דוב''ב,language,איטלקית,1
2026-07-30T16:55:51,58,אורתופדיה,דוב''ב,language,אנגלית,9
2026-07-30T16:55:51,58,אורתופדיה,דוב''ב,language,עברית,12
2026-07-30T16:55:51,58,אורתופדיה,דוב''ב,language,ערבית,5
2026-07-30T16:55:51,58,אורתופדיה,דוב''ב,language,רוסית,6
2026-07-30T16:56:08,58,אורתופדיה,דייר חנא,gender,גבר,89
2026-07-30T16:56:08,58,אורתופדיה,דייר חנא,gender,אישה,2
2026-07-30T16:56:08,58,אורתופדיה,דייר חנא,visit_type,ביקור במרפאה,91
2026-07-30T16:56:08,58,אורתופדיה,דייר חנא,visit_type,שיחת טלפון,2
2026-07-30T16:56:08,58,אורתופדיה,דייר חנא,language,איטלקית,1
2026-07-30T16:56:08,58,אורתופדיה,דייר חנא,language,אנגלית,53
2026-07-30T16:56:08,58,אורתופדיה,דייר חנא,language,בולגרית,1
2026-07-30T16:56:08,58,אורתופדיה,דייר חנא,language,גרמנית,3
2026-07-30T16:56:08,58,אורתופדיה,דייר חנא,language,ספרדית,2
2026-07-30T16:56:08,58,אורתופדיה,דייר חנא,language,עברית,90
2026-07-30T16:56:08,58,אורתופדיה,דייר חנא,language,ערבית,67
2026-07-30T16:56:08,58,אורתופדיה,דייר חנא,language,צכית,1
2026-07-30T16:56:08,58,אורתופדיה,דייר חנא,language,צרפתית,1
2026-07-30T16:56:08,58,אורתופדיה,דייר חנא,language,רומנית,8
2026-07-30T16:56:08,58,אורתופדיה,דייר חנא,language,רוסית,19
2026-07-30T16:56:25,58,אורתופדיה,דלתון,gender,גבר,97
2026-07-30T16:56:25,58,אורתופדיה,דלתון,visit_type,ביקור במרפאה,98
2026-07-30T16:56:25,58,אורתופדיה,דלתון,visit_type,שיחת טלפון,1
2026-07-30T16:56:25,58,אורתופדיה,דלתון,language,איטלקית,1
2026-07-30T16:56:25,58,אורתופדיה,דלתון,language,אנגלית,9
2026-07-30T16:56:25,58,אורתופדיה,דלתון,language,עברית,12
2026-07-30T16:56:25,58,אורתופדיה,דלתון,language,ערבית,5
2026-07-30T16:56:25,58,אורתופדיה,דלתון,language,רוסית,6
2026-07-30T16:56:40,58,אורתופדיה,הדר עם,gender,גבר,86
2026-07-30T16:56:40,58,אורתופדיה,הדר עם,visit_type,ביקור במרפאה,89
2026-07-30T16:56:40,58,אורתופדיה,הדר עם,visit_type,שיחת טלפון,3
2026-07-30T16:56:40,58,אורתופדיה,הדר עם,language,אידיש,1
2026-07-30T16:56:40,58,אורתופדיה,הדר עם,language,איטלקית,1
2026-07-30T16:56:40,58,אורתופדיה,הדר עם,language,אנגלית,8
2026-07-30T16:56:40,58,אורתופדיה,הדר עם,language,עברית,15
2026-07-30T16:56:40,58,אורתופדיה,הדר עם,language,ערבית,10
2026-07-30T16:56:40,58,אורתופדיה,הדר עם,language,רומנית,3
2026-07-30T16:56:40,58,אורתופדיה,הדר עם,language,רוסית,2
2026-07-30T16:56:58,58,אורתופדיה,היוגב,gender,גבר,145
2026-07-30T16:56:58,58,אורתופדיה,היוגב,visit_type,ביקור במרפאה,146
2026-07-30T16:56:58,58,אורתופדיה,היוגב,visit_type,שיחת טלפון,2
2026-07-30T16:56:58,58,אורתופדיה,היוגב,language,איטלקית,1
2026-07-30T16:56:58,58,אורתופדיה,היוגב,language,אנגלית,19
2026-07-30T16:56:58,58,אורתופדיה,היוגב,language,גרמנית,1
2026-07-30T16:56:58,58,אורתופדיה,היוגב,language,עברית,31
2026-07-30T16:56:58,58,אורתופדיה,היוגב,language,ערבית,21
2026-07-30T16:56:58,58,אורתופדיה,היוגב,language,רומנית,7
2026-07-30T16:56:58,58,אורתופדיה,היוגב,language,רוסית,6
2026-07-30T16:57:20,58,אורתופדיה,הרדוף,gender,גבר,115
2026-07-30T16:57:20,58,אורתופדיה,הרדוף,visit_type,ביקור במרפאה,116
2026-07-30T16:57:20,58,אורתופדיה,הרדוף,visit_type,שיחת טלפון,2
2026-07-30T16:57:20,58,אורתופדיה,הרדוף,language,אידיש,1
2026-07-30T16:57:20,58,אורתופדיה,הרדוף,language,אנגלית,41
2026-07-30T16:57:20,58,אורתופדיה,הרדוף,language,גרמנית,5
2026-07-30T16:57:20,58,אורתופדיה,הרדוף,language,הונגרית,1
2026-07-30T16:57:20,58,אורתופדיה,הרדוף,language,ספרדית,2
2026-07-30T16:57:20,58,אורתופדיה,הרדוף,language,עברית,57
2026-07-30T16:57:20,58,אורתופדיה,הרדוף,language,ערבית,29
2026-07-30T16:57:20,58,אורתופדיה,הרדוף,language,צרפתית,1
2026-07-30T16:57:20,58,אורתופדיה,הרדוף,language,רומנית,14
2026-07-30T16:57:20,58,אורתופדיה,הרדוף,language,רוסית,12
2026-07-30T16:57:40,58,אורתופדיה,זבדיאל,gender,גבר,41
2026-07-30T16:57:40,58,אורתופדיה,זבדיאל,gender,אישה,2
2026-07-30T16:57:40,58,אורתופדיה,זבדיאל,visit_type,ביקור במרפאה,47
2026-07-30T16:57:40,58,אורתופדיה,זבדיאל,language,עברית,1
2026-07-30T16:57:40,58,אורתופדיה,זבדיאל,language,רוסית,1
2026-07-30T16:57:50,58,אורתופדיה,זכריה,gender,גבר,47
2026-07-30T16:57:50,58,אורתופדיה,זכריה,visit_type,ביקור במרפאה,49
2026-07-30T16:57:50,58,אורתופדיה,זכריה,language,אנגלית,7
2026-07-30T16:57:50,58,אורתופדיה,זכריה,language,עברית,12
2026-07-30T16:57:50,58,אורתופדיה,זכריה,language,ערבית,6
2026-07-30T16:57:50,58,אורתופדיה,זכריה,language,צרפתית,1
2026-07-30T16:57:50,58,אורתופדיה,זכריה,language,רוסית,3
2026-07-30T16:57:59,58,אורתופדיה,חארס,gender,גבר,49
2026-07-30T16:57:59,58,אורתופדיה,חארס,gender,אישה,1
2026-07-30T16:57:59,58,אורתופדיה,חארס,visit_type,ביקור במרפאה,58
2026-07-30T16:57:59,58,אורתופדיה,חארס,visit_type,שיחת טלפון,1
2026-07-30T16:57:59,58,אורתופדיה,חארס,language,איטלקית,4
2026-07-30T16:57:59,58,אורתופדיה,חארס,language,אנגלית,33
2026-07-30T16:57:59,58,אורתופדיה,חארס,language,גרמנית,6
2026-07-30T16:57:59,58,אורתופדיה,חארס,language,ספרדית,2
2026-07-30T16:57:59,58,אורתופדיה,חארס,language,עברית,54
2026-07-30T16:57:59,58,אורתופדיה,חארס,language,ערבית,6
2026-07-30T16:57:59,58,אורתופדיה,חארס,language,רומנית,5
2026-07-30T16:57:59,58,אורתופדיה,חארס,language,רוסית,6
2026-07-30T16:58:09,58,אורתופדיה,חדיד,gender,גבר,54
2026-07-30T16:58:09,58,אורתופדיה,חדיד,gender,אישה,1
2026-07-30T16:58:09,58,אורתופדיה,חדיד,visit_type,ביקור במרפאה,61
2026-07-30T16:58:09,58,אורתופדיה,חדיד,visit_type,שיחת טלפון,1
2026-07-30T16:58:09,58,אורתופדיה,חדיד,language,איטלקית,2
2026-07-30T16:58:09,58,אורתופדיה,חדיד,language,אנגלית,6
2026-07-30T16:58:09,58,אורתופדיה,חדיד,language,גרמנית,1
2026-07-30T16:58:09,58,אורתופדיה,חדיד,language,עברית,9
2026-07-30T16:58:09,58,אורתופדיה,חדיד,language,צרפתית,2
2026-07-30T16:58:09,58,אורתופדיה,חדיד,language,רוסית,4
2026-07-30T16:58:21,58,אורתופדיה,חופית,gender,גבר,86
2026-07-30T16:58:21,58,אורתופדיה,חופית,visit_type,ביקור במרפאה,89
2026-07-30T16:58:21,58,אורתופדיה,חופית,visit_type,שיחת טלפון,3
2026-07-30T16:58:21,58,אורתופדיה,חופית,language,אידיש,1
2026-07-30T16:58:21,58,אורתופדיה,חופית,language,איטלקית,1
2026-07-30T16:58:21,58,אורתופדיה,חופית,language,אנגלית,8
2026-07-30T16:58:21,58,אורתופדיה,חופית,language,עברית,15
2026-07-30T16:58:21,58,אורתופדיה,חופית,language,ערבית,10
2026-07-30T16:58:21,58,אורתופדיה,חופית,language,רומנית,3
2026-07-30T16:58:21,58,אורתופדיה,חופית,language,רוסית,2
2026-07-30T16:58:36,58,אורתופדיה,חמאם,gender,גבר,97
2026-07-30T16:58:36,58,אורתופדיה,חמאם,visit_type,ביקור במרפאה,98
2026-07-30T16:58:36,58,אורתופדיה,חמאם,visit_type,שיחת טלפון,1
2026-07-30T16:58:36,58,אורתופדיה,חמאם,language,איטלקית,1
2026-07-30T16:58:36,58,אורתופדיה,חמאם,language,אנגלית,9
2026-07-30T16:58:36,58,אורתופדיה,חמאם,language,עברית,12
2026-07-30T16:58:36,58,אורתופדיה,חמאם,language,ערבית,5
2026-07-30T16:58:36,58,אורתופדיה,חמאם,language,רוסית,6
2026-07-30T16:58:52,58,אורתופדיה,חפצי בה,gender,גבר,145
2026-07-30T16:58:52,58,אורתופדיה,חפצי בה,visit_type,ביקור במרפאה,146
2026-07-30T16:58:52,58,אורתופדיה,חפצי בה,visit_type,שיחת טלפון,2
2026-07-30T16:58:52,58,אורתופדיה,חפצי בה,language,איטלקית,1
2026-07-30T16:58:52,58,אורתופדיה,חפצי בה,language,אנגלית,19
2026-07-30T16:58:52,58,אורתופדיה,חפצי בה,language,גרמנית,1
2026-07-30T16:58:52,58,אורתופדיה,חפצי בה,language,עברית,31
2026-07-30T16:58:52,58,אורתופדיה,חפצי בה,language,ערבית,21
2026-07-30T16:58:52,58,אורתופדיה,חפצי בה,language,רומנית,7
2026-07-30T16:58:52,58,אורתופדיה,חפצי בה,language,רוסית,6
2026-07-30T16:59:13,58,אורתופדיה,חרמש,gender,גבר,125
2026-07-30T16:59:13,58,אורתופדיה,חרמש,visit_type,ביקור במרפאה,128
2026-07-30T16:59:13,58,אורתופדיה,חרמש,visit_type,שיחת טלפון,4
2026-07-30T16:59:13,58,אורתופדיה,חרמש,language,אידיש,1
2026-07-30T16:59:13,58,אורתופדיה,חרמש,language,איטלקית,1
2026-07-30T16:59:13,58,אורתופדיה,חרמש,language,אנגלית,15
2026-07-30T16:59:13,58,אורתופדיה,חרמש,language,גרמנית,1
2026-07-30T16:59:13,58,אורתופדיה,חרמש,language,עברית,26
2026-07-30T16:59:13,58,אורתופדיה,חרמש,language,ערבית,18
2026-07-30T16:59:13,58,אורתופדיה,חרמש,language,רומנית,7
2026-07-30T16:59:13,58,אורתופדיה,חרמש,language,רוסית,3
2026-07-30T16:59:33,58,אורתופדיה,טייבה ליד עפרה,gender,גבר,47
2026-07-30T16:59:33,58,אורתופדיה,טייבה ליד עפרה,visit_type,ביקור במרפאה,49
2026-07-30T16:59:33,58,אורתופדיה,טייבה ליד עפרה,language,אנגלית,7
2026-07-30T16:59:33,58,אורתופדיה,טייבה ליד עפרה,language,עברית,12
2026-07-30T16:59:33,58,אורתופדיה,טייבה ליד עפרה,language,ערבית,6
2026-07-30T16:59:33,58,אורתופדיה,טייבה ליד עפרה,language,צרפתית,1
2026-07-30T16:59:33,58,אורתופדיה,טייבה ליד עפרה,language,רוסית,3
2026-07-30T16:59:41,58,אורתופדיה,טלמון,gender,גבר,47
2026-07-30T16:59:41,58,אורתופדיה,טלמון,visit_type,ביקור במרפאה,49
2026-07-30T16:59:41,58,אורתופדיה,טלמון,language,אנגלית,7
2026-07-30T16:59:41,58,אורתופדיה,טלמון,language,עברית,12
2026-07-30T16:59:41,58,אורתופדיה,טלמון,language,ערבית,6
2026-07-30T16:59:41,58,אורתופדיה,טלמון,language,צרפתית,1
2026-07-30T16:59:41,58,אורתופדיה,טלמון,language,רוסית,3
2026-07-30T16:59:50,58,אורתופדיה,יאסיד,gender,גבר,86
2026-07-30T16:59:50,58,אורתופדיה,יאסיד,visit_type,ביקור במרפאה,89
2026-07-30T16:59:50,58,אורתופדיה,יאסיד,visit_type,שיחת טלפון,3
2026-07-30T16:59:50,58,אורתופדיה,יאסיד,language,אידיש,1
2026-07-30T16:59:50,58,אורתופדיה,יאסיד,language,איטלקית,1
2026-07-30T16:59:50,58,אורתופדיה,יאסיד,language,אנגלית,8
2026-07-30T16:59:50,58,אורתופדיה,יאסיד,language,עברית,15
2026-07-30T16:59:50,58,אורתופדיה,יאסיד,language,ערבית,10
2026-07-30T16:59:50,58,אורתופדיה,יאסיד,language,רומנית,3
2026-07-30T16:59:50,58,אורתופדיה,יאסיד,language,רוסית,2
2026-07-30T17:00:05,58,אורתופדיה,יד חנה,gender,גבר,86
2026-07-30T17:00:05,58,אורתופדיה,יד חנה,visit_type,ביקור במרפאה,89
2026-07-30T17:00:05,58,אורתופדיה,יד חנה,visit_type,שיחת טלפון,3
2026-07-30T17:00:05,58,אורתופדיה,יד חנה,language,אידיש,1
2026-07-30T17:00:05,58,אורתופדיה,יד חנה,language,איטלקית,1
2026-07-30T17:00:05,58,אורתופדיה,יד חנה,language,אנגלית,8
2026-07-30T17:00:05,58,אורתופדיה,יד חנה,language,עברית,15
2026-07-30T17:00:05,58,אורתופדיה,יד חנה,language,ערבית,10
2026-07-30T17:00:05,58,אורתופדיה,יד חנה,language,רומנית,3
2026-07-30T17:00:05,58,אורתופדיה,יד חנה,language,רוסית,2
2026-07-30T17:00:20,58,אורתופדיה,יונתן,gender,גבר,97
2026-07-30T17:00:20,58,אורתופדיה,יונתן,visit_type,ביקור במרפאה,98
2026-07-30T17:00:20,58,אורתופדיה,יונתן,visit_type,שיחת טלפון,1
2026-07-30T17:00:20,58,אורתופדיה,יונתן,language,איטלקית,1
2026-07-30T17:00:20,58,אורתופדיה,יונתן,language,אנגלית,9
2026-07-30T17:00:20,58,אורתופדיה,יונתן,language,עברית,12
2026-07-30T17:00:20,58,אורתופדיה,יונתן,language,ערבית,5
2026-07-30T17:00:20,58,אורתופדיה,יונתן,language,רוסית,6
2026-07-30T17:00:36,58,אורתופדיה,יסוד המעלה,gender,גבר,97
2026-07-30T17:00:36,58,אורתופדיה,יסוד המעלה,visit_type,ביקור במרפאה,98
2026-07-30T17:00:36,58,אורתופדיה,יסוד המעלה,visit_type,שיחת טלפון,1
2026-07-30T17:00:36,58,אורתופדיה,יסוד המעלה,language,איטלקית,1
2026-07-30T17:00:36,58,אורתופדיה,יסוד המעלה,language,אנגלית,9
2026-07-30T17:00:36,58,אורתופדיה,יסוד המעלה,language,עברית,12
2026-07-30T17:00:36,58,אורתופדיה,יסוד המעלה,language,ערבית,5
2026-07-30T17:00:36,58,אורתופדיה,יסוד המעלה,language,רוסית,6
2026-07-30T17:00:53,58,אורתופדיה,יפעת,gender,גבר,145
2026-07-30T17:00:53,58,אורתופדיה,יפעת,visit_type,ביקור במרפאה,146
2026-07-30T17:00:53,58,אורתופדיה,יפעת,visit_type,שיחת טלפון,2
2026-07-30T17:00:53,58,אורתופדיה,יפעת,language,איטלקית,1
2026-07-30T17:00:53,58,אורתופדיה,יפעת,language,אנגלית,19
2026-07-30T17:00:53,58,אורתופדיה,יפעת,language,גרמנית,1
2026-07-30T17:00:53,58,אורתופדיה,יפעת,language,עברית,31
2026-07-30T17:00:53,58,אורתופדיה,יפעת,language,ערבית,21
2026-07-30T17:00:53,58,אורתופדיה,יפעת,language,רומנית,7
2026-07-30T17:00:53,58,אורתופדיה,יפעת,language,רוסית,6
2026-07-30T17:01:15,58,אורתופדיה,ירוחם,gender,גבר,36
2026-07-30T17:01:15,58,אורתופדיה,ירוחם,gender,אישה,2
2026-07-30T17:01:15,58,אורתופדיה,ירוחם,visit_type,ביקור במרפאה,43
2026-07-30T17:01:15,58,אורתופדיה,ירוחם,language,עברית,1
2026-07-30T17:01:15,58,אורתופדיה,ירוחם,language,רוסית,1
2026-07-30T17:01:28,58,אורתופדיה,יתיר,gender,גבר,52
2026-07-30T17:01:28,58,אורתופדיה,יתיר,gender,אישה,3
2026-07-30T17:01:28,58,אורתופדיה,יתיר,visit_type,ביקור במרפאה,63
2026-07-30T17:01:28,58,אורתופדיה,יתיר,language,עברית,1
2026-07-30T17:01:28,58,אורתופדיה,יתיר,language,רוסית,1
2026-07-30T17:01:44,58,אורתופדיה,כוכב יעקב,gender,גבר,47
2026-07-30T17:01:44,58,אורתופדיה,כוכב יעקב,visit_type,ביקור במרפאה,49
2026-07-30T17:01:44,58,אורתופדיה,כוכב יעקב,language,אנגלית,7
2026-07-30T17:01:44,58,אורתופדיה,כוכב יעקב,language,עברית,12
2026-07-30T17:01:44,58,אורתופדיה,כוכב יעקב,language,ערבית,6
2026-07-30T17:01:44,58,אורתופדיה,כוכב יעקב,language,צרפתית,1
2026-07-30T17:01:44,58,אורתופדיה,כוכב יעקב,language,רוסית,3
2026-07-30T17:01:52,58,אורתופדיה,כיסרא סומיע,gender,גבר,69
2026-07-30T17:01:52,58,אורתופדיה,כיסרא סומיע,gender,אישה,2
2026-07-30T17:01:52,58,אורתופדיה,כיסרא סומיע,visit_type,ביקור במרפאה,71
2026-07-30T17:01:52,58,אורתופדיה,כיסרא סומיע,visit_type,שיחת טלפון,2
2026-07-30T17:01:52,58,אורתופדיה,כיסרא סומיע,language,איטלקית,1
2026-07-30T17:01:52,58,אורתופדיה,כיסרא סומיע,language,אנגלית,35
2026-07-30T17:01:52,58,אורתופדיה,כיסרא סומיע,language,בולגרית,1
2026-07-30T17:01:52,58,אורתופדיה,כיסרא סומיע,language,גרמנית,1
2026-07-30T17:01:52,58,אורתופדיה,כיסרא סומיע,language,ספרדית,2
2026-07-30T17:01:52,58,אורתופדיה,כיסרא סומיע,language,עברית,70
2026-07-30T17:01:52,58,אורתופדיה,כיסרא סומיע,language,ערבית,60
2026-07-30T17:01:52,58,אורתופדיה,כיסרא סומיע,language,צכית,1
2026-07-30T17:01:52,58,אורתופדיה,כיסרא סומיע,language,צרפתית,1
2026-07-30T17:01:52,58,אורתופדיה,כיסרא סומיע,language,רומנית,4
2026-07-30T17:01:52,58,אורתופדיה,כיסרא סומיע,language,רוסית,15
2026-07-30T17:02:04,58,אורתופדיה,כנף,gender,גבר,97
2026-07-30T17:02:04,58,אורתופדיה,כנף,visit_type,ביקור במרפאה,98
2026-07-30T17:02:04,58,אורתופדיה,כנף,visit_type,שיחת טלפון,1
2026-07-30T17:02:04,58,אורתופדיה,כנף,language,איטלקית,1
2026-07-30T17:02:04,58,אורתופדיה,כנף,language,אנגלית,9
2026-07-30T17:02:04,58,אורתופדיה,כנף,language,עברית,12
2026-07-30T17:02:04,58,אורתופדיה,כנף,language,ערבית,5
2026-07-30T17:02:04,58,אורתופדיה,כנף,language,רוסית,6
2026-07-30T17:02:20,58,אורתופדיה,כפר ביאליק,gender,גבר,83
2026-07-30T17:02:20,58,אורתופדיה,כפר ביאליק,visit_type,ביקור במרפאה,84
2026-07-30T17:02:20,58,אורתופדיה,כפר ביאליק,visit_type,שיחת טלפון,2
2026-07-30T17:02:20,58,אורתופדיה,כפר ביאליק,language,אידיש,1
2026-07-30T17:02:20,58,אורתופדיה,כפר ביאליק,language,איטלקית,1
2026-07-30T17:02:20,58,אורתופדיה,כפר ביאליק,language,אנגלית,59
2026-07-30T17:02:20,58,אורתופדיה,כפר ביאליק,language,בולגרית,1
2026-07-30T17:02:20,58,אורתופדיה,כפר ביאליק,language,גרמנית,6
2026-07-30T17:02:20,58,אורתופדיה,כפר ביאליק,language,הונגרית,1
2026-07-30T17:02:20,58,אורתופדיה,כפר ביאליק,language,ספרדית,4
2026-07-30T17:02:20,58,אורתופדיה,כפר ביאליק,language,עברית,81
2026-07-30T17:02:20,58,אורתופדיה,כפר ביאליק,language,ערבית,53
2026-07-30T17:02:20,58,אורתופדיה,כפר ביאליק,language,צרפתית,1
2026-07-30T17:02:20,58,אורתופדיה,כפר ביאליק,language,רומנית,14
2026-07-30T17:02:20,58,אורתופדיה,כפר ביאליק,language,רוסית,19
2026-07-30T17:02:35,58,אורתופדיה,כרם מהר''ל,gender,גבר,115
2026-07-30T17:02:35,58,אורתופדיה,כרם מהר''ל,visit_type,ביקור במרפאה,116
2026-07-30T17:02:35,58,אורתופדיה,כרם מהר''ל,visit_type,שיחת טלפון,2
2026-07-30T17:02:35,58,אורתופדיה,כרם מהר''ל,language,אידיש,1
2026-07-30T17:02:35,58,אורתופדיה,כרם מהר''ל,language,אנגלית,41
2026-07-30T17:02:35,58,אורתופדיה,כרם מהר''ל,language,גרמנית,5
2026-07-30T17:02:35,58,אורתופדיה,כרם מהר''ל,language,הונגרית,1
2026-07-30T17:02:35,58,אורתופדיה,כרם מהר''ל,language,ספרדית,2
2026-07-30T17:02:35,58,אורתופדיה,כרם מהר''ל,language,עברית,57
2026-07-30T17:02:35,58,אורתופדיה,כרם מהר''ל,language,ערבית,29
2026-07-30T17:02:35,58,אורתופדיה,כרם מהר''ל,language,צרפתית,1
2026-07-30T17:02:35,58,אורתופדיה,כרם מהר''ל,language,רומנית,14
2026-07-30T17:02:35,58,אורתופדיה,כרם מהר''ל,language,רוסית,12
2026-07-30T17:02:53,58,אורתופדיה,להבות הבשן,gender,גבר,97
2026-07-30T17:02:53,58,אורתופדיה,להבות הבשן,visit_type,ביקור במרפאה,98
2026-07-30T17:02:53,58,אורתופדיה,להבות הבשן,visit_type,שיחת טלפון,1
2026-07-30T17:02:53,58,אורתופדיה,להבות הבשן,language,איטלקית,1
2026-07-30T17:02:53,58,אורתופדיה,להבות הבשן,language,אנגלית,9
2026-07-30T17:02:53,58,אורתופדיה,להבות הבשן,language,עברית,12
2026-07-30T17:02:53,58,אורתופדיה,להבות הבשן,language,ערבית,5
2026-07-30T17:02:53,58,אורתופדיה,להבות הבשן,language,רוסית,6
2026-07-30T17:03:11,58,אורתופדיה,לכיש,gender,גבר,41
2026-07-30T17:03:11,58,אורתופדיה,לכיש,gender,אישה,2
2026-07-30T17:03:11,58,אורתופדיה,לכיש,visit_type,ביקור במרפאה,47
2026-07-30T17:03:11,58,אורתופדיה,לכיש,language,עברית,1
2026-07-30T17:03:11,58,אורתופדיה,לכיש,language,רוסית,1
2026-07-30T17:03:24,58,אורתופדיה,מבוא מודיעים,gender,גבר,54
2026-07-30T17:03:24,58,אורתופדיה,מבוא מודיעים,gender,אישה,1
2026-07-30T17:03:24,58,אורתופדיה,מבוא מודיעים,visit_type,ביקור במרפאה,61
2026-07-30T17:03:24,58,אורתופדיה,מבוא מודיעים,visit_type,שיחת טלפון,1
2026-07-30T17:03:24,58,אורתופדיה,מבוא מודיעים,language,איטלקית,2
2026-07-30T17:03:24,58,אורתופדיה,מבוא מודיעים,language,אנגלית,6
2026-07-30T17:03:24,58,אורתופדיה,מבוא מודיעים,language,גרמנית,1
2026-07-30T17:03:24,58,אורתופדיה,מבוא מודיעים,language,עברית,9
2026-07-30T17:03:24,58,אורתופדיה,מבוא מודיעים,language,צרפתית,2
2026-07-30T17:03:24,58,אורתופדיה,מבוא מודיעים,language,רוסית,4
2026-07-30T17:03:36,58,אורתופדיה,מגאר,gender,גבר,97
2026-07-30T17:03:36,58,אורתופדיה,מגאר,visit_type,ביקור במרפאה,98
2026-07-30T17:03:36,58,אורתופדיה,מגאר,visit_type,שיחת טלפון,1
2026-07-30T17:03:36,58,אורתופדיה,מגאר,language,איטלקית,1
2026-07-30T17:03:36,58,אורתופדיה,מגאר,language,אנגלית,9
2026-07-30T17:03:36,58,אורתופדיה,מגאר,language,עברית,12
2026-07-30T17:03:36,58,אורתופדיה,מגאר,language,ערבית,5
2026-07-30T17:03:36,58,אורתופדיה,מגאר,language,רוסית,6
2026-07-30T17:03:51,58,אורתופדיה,מודיעין עילית,gender,גבר,56
2026-07-30T17:03:51,58,אורתופדיה,מודיעין עילית,gender,אישה,1
2026-07-30T17:03:51,58,אורתופדיה,מודיעין עילית,visit_type,ביקור במרפאה,63
2026-07-30T17:03:51,58,אורתופדיה,מודיעין עילית,visit_type,שיחת טלפון,1
2026-07-30T17:03:51,58,אורתופדיה,מודיעין עילית,language,איטלקית,2
2026-07-30T17:03:51,58,אורתופדיה,מודיעין עילית,language,אנגלית,6
2026-07-30T17:03:51,58,אורתופדיה,מודיעין עילית,language,גרמנית,1
2026-07-30T17:03:51,58,אורתופדיה,מודיעין עילית,language,עברית,9
2026-07-30T17:03:51,58,אורתופדיה,מודיעין עילית,language,צרפתית,2
2026-07-30T17:03:51,58,אורתופדיה,מודיעין עילית,language,רוסית,4
2026-07-30T17:04:03,58,אורתופדיה,מזור,gender,גבר,67
2026-07-30T17:04:03,58,אורתופדיה,מזור,gender,אישה,1
2026-07-30T17:04:03,58,אורתופדיה,מזור,visit_type,ביקור במרפאה,77
2026-07-30T17:04:03,58,אורתופדיה,מזור,visit_type,שיחת טלפון,2
2026-07-30T17:04:03,58,אורתופדיה,מזור,language,אידיש,1
2026-07-30T17:04:03,58,אורתופדיה,מזור,language,איטלקית,5
2026-07-30T17:04:03,58,אורתופדיה,מזור,language,אנגלית,35
2026-07-30T17:04:03,58,אורתופדיה,מזור,language,גרמנית,6
2026-07-30T17:04:03,58,אורתופדיה,מזור,language,ספרדית,2
2026-07-30T17:04:03,58,אורתופדיה,מזור,language,עברית,56
2026-07-30T17:04:03,58,אורתופדיה,מזור,language,ערבית,6
2026-07-30T17:04:03,58,אורתופדיה,מזור,language,רומנית,5
2026-07-30T17:04:03,58,אורתופדיה,מזור,language,רוסית,6
2026-07-30T17:04:16,58,אורתופדיה,מטע,gender,גבר,47
2026-07-30T17:04:16,58,אורתופדיה,מטע,visit_type,ביקור במרפאה,49
2026-07-30T17:04:16,58,אורתופדיה,מטע,language,אנגלית,7
2026-07-30T17:04:16,58,אורתופדיה,מטע,language,עברית,12
2026-07-30T17:04:16,58,אורתופדיה,מטע,language,ערבית,6
2026-07-30T17:04:16,58,אורתופדיה,מטע,language,צרפתית,1
2026-07-30T17:04:16,58,אורתופדיה,מטע,language,רוסית,3
2026-07-30T17:04:25,58,אורתופדיה,מית'לון,gender,גבר,86
2026-07-30T17:04:25,58,אורתופדיה,מית'לון,visit_type,ביקור במרפאה,89
2026-07-30T17:04:25,58,אורתופדיה,מית'לון,visit_type,שיחת טלפון,3
2026-07-30T17:04:25,58,אורתופדיה,מית'לון,language,אידיש,1
2026-07-30T17:04:25,58,אורתופדיה,מית'לון,language,איטלקית,1
2026-07-30T17:04:25,58,אורתופדיה,מית'לון,language,אנגלית,8
2026-07-30T17:04:25,58,אורתופדיה,מית'לון,language,עברית,15
2026-07-30T17:04:25,58,אורתופדיה,מית'לון,language,ערבית,10
2026-07-30T17:04:25,58,אורתופדיה,מית'לון,language,רומנית,3
2026-07-30T17:04:25,58,אורתופדיה,מית'לון,language,רוסית,2
2026-07-30T17:04:41,58,אורתופדיה,מנוף,gender,גבר,89
2026-07-30T17:04:41,58,אורתופדיה,מנוף,gender,אישה,2
2026-07-30T17:04:41,58,אורתופדיה,מנוף,visit_type,ביקור במרפאה,91
2026-07-30T17:04:41,58,אורתופדיה,מנוף,visit_type,שיחת טלפון,2
2026-07-30T17:04:41,58,אורתופדיה,מנוף,language,איטלקית,1
2026-07-30T17:04:41,58,אורתופדיה,מנוף,language,אנגלית,53
2026-07-30T17:04:41,58,אורתופדיה,מנוף,language,בולגרית,1
2026-07-30T17:04:41,58,אורתופדיה,מנוף,language,גרמנית,3
2026-07-30T17:04:41,58,אורתופדיה,מנוף,language,ספרדית,2
2026-07-30T17:04:41,58,אורתופדיה,מנוף,language,עברית,90
2026-07-30T17:04:41,58,אורתופדיה,מנוף,language,ערבית,67
2026-07-30T17:04:41,58,אורתופדיה,מנוף,language,צכית,1
2026-07-30T17:04:41,58,אורתופדיה,מנוף,language,צרפתית,1
2026-07-30T17:04:41,58,אורתופדיה,מנוף,language,רומנית,8
2026-07-30T17:04:41,58,אורתופדיה,מנוף,language,רוסית,19
2026-07-30T17:04:55,58,אורתופדיה,מסילת ציון,gender,גבר,47
2026-07-30T17:04:55,58,אורתופדיה,מסילת ציון,visit_type,ביקור במרפאה,49
2026-07-30T17:04:55,58,אורתופדיה,מסילת ציון,language,אנגלית,7
2026-07-30T17:04:55,58,אורתופדיה,מסילת ציון,language,עברית,12
2026-07-30T17:04:55,58,אורתופדיה,מסילת ציון,language,ערבית,6
2026-07-30T17:04:55,58,אורתופדיה,מסילת ציון,language,צרפתית,1
2026-07-30T17:04:55,58,אורתופדיה,מסילת ציון,language,רוסית,3
2026-07-30T17:05:04,58,אורתופדיה,מעונה,gender,גבר,69
2026-07-30T17:05:04,58,אורתופדיה,מעונה,gender,אישה,2
2026-07-30T17:05:04,58,אורתופדיה,מעונה,visit_type,ביקור במרפאה,71
2026-07-30T17:05:04,58,אורתופדיה,מעונה,visit_type,שיחת טלפון,2
2026-07-30T17:05:04,58,אורתופדיה,מעונה,language,איטלקית,1
2026-07-30T17:05:04,58,אורתופדיה,מעונה,language,אנגלית,35
2026-07-30T17:05:04,58,אורתופדיה,מעונה,language,בולגרית,1
2026-07-30T17:05:04,58,אורתופדיה,מעונה,language,גרמנית,1
2026-07-30T17:05:04,58,אורתופדיה,מעונה,language,ספרדית,2
2026-07-30T17:05:04,58,אורתופדיה,מעונה,language,עברית,70
2026-07-30T17:05:04,58,אורתופדיה,מעונה,language,ערבית,60
2026-07-30T17:05:04,58,אורתופדיה,מעונה,language,צכית,1
2026-07-30T17:05:04,58,אורתופדיה,מעונה,language,צרפתית,1
2026-07-30T17:05:04,58,אורתופדיה,מעונה,language,רומנית,4
2026-07-30T17:05:04,58,אורתופדיה,מעונה,language,רוסית,15
2026-07-30T17:05:18,58,אורתופדיה,מפעלי העמק,gender,גבר,97
2026-07-30T17:05:18,58,אורתופדיה,מפעלי העמק,visit_type,ביקור במרפאה,98
2026-07-30T17:05:18,58,אורתופדיה,מפעלי העמק,visit_type,שיחת טלפון,1
2026-07-30T17:05:18,58,אורתופדיה,מפעלי העמק,language,איטלקית,1
2026-07-30T17:05:18,58,אורתופדיה,מפעלי העמק,language,אנגלית,9
2026-07-30T17:05:18,58,אורתופדיה,מפעלי העמק,language,עברית,12
2026-07-30T17:05:18,58,אורתופדיה,מפעלי העמק,language,ערבית,5
2026-07-30T17:05:18,58,אורתופדיה,מפעלי העמק,language,רוסית,6
2026-07-30T17:05:35,58,אורתופדיה,מצפה אילן,gender,גבר,116
2026-07-30T17:05:35,58,אורתופדיה,מצפה אילן,gender,אישה,4
2026-07-30T17:05:35,58,אורתופדיה,מצפה אילן,visit_type,ביקור במרפאה,130
2026-07-30T17:05:35,58,אורתופדיה,מצפה אילן,visit_type,שיחת טלפון,3
2026-07-30T17:05:35,58,אורתופדיה,מצפה אילן,language,אידיש,1
2026-07-30T17:05:35,58,אורתופדיה,מצפה אילן,language,איטלקית,6
2026-07-30T17:05:35,58,אורתופדיה,מצפה אילן,language,אנגלית,28
2026-07-30T17:05:35,58,אורתופדיה,מצפה אילן,language,גרמנית,1
2026-07-30T17:05:35,58,אורתופדיה,מצפה אילן,language,עברית,46
2026-07-30T17:05:35,58,אורתופדיה,מצפה אילן,language,ערבית,15
2026-07-30T17:05:35,58,אורתופדיה,מצפה אילן,language,רומנית,8
2026-07-30T17:05:35,58,אורתופדיה,מצפה אילן,language,רוסית,6
2026-07-30T17:05:57,58,אורתופדיה,מרחביה מושב,gender,גבר,145
2026-07-30T17:05:57,58,אורתופדיה,מרחביה מושב,visit_type,ביקור במרפאה,146
2026-07-30T17:05:57,58,אורתופדיה,מרחביה מושב,visit_type,שיחת טלפון,2
2026-07-30T17:05:57,58,אורתופדיה,מרחביה מושב,language,איטלקית,1
2026-07-30T17:05:57,58,אורתופדיה,מרחביה מושב,language,אנגלית,19
2026-07-30T17:05:57,58,אורתופדיה,מרחביה מושב,language,גרמנית,1
2026-07-30T17:05:57,58,אורתופדיה,מרחביה מושב,language,עברית,31
2026-07-30T17:05:57,58,אורתופדיה,מרחביה מושב,language,ערבית,21
2026-07-30T17:05:57,58,אורתופדיה,מרחביה מושב,language,רומנית,7
2026-07-30T17:05:57,58,אורתופדיה,מרחביה מושב,language,רוסית,6
2026-07-30T17:06:17,58,אורתופדיה,משואות יצחק,gender,גבר,32
2026-07-30T17:06:17,58,אורתופדיה,משואות יצחק,gender,אישה,1
2026-07-30T17:06:17,58,אורתופדיה,משואות יצחק,visit_type,ביקור במרפאה,37
2026-07-30T17:06:17,58,אורתופדיה,משואות יצחק,visit_type,שיחת טלפון,1
2026-07-30T17:06:17,58,אורתופדיה,משואות יצחק,visit_type,שיחת וידאו,1
2026-07-30T17:06:17,58,אורתופדיה,משואות יצחק,language,איטלקית,1
2026-07-30T17:06:17,58,אורתופדיה,משואות יצחק,language,אנגלית,3
2026-07-30T17:06:17,58,אורתופדיה,משואות יצחק,language,גרמנית,1
2026-07-30T17:06:17,58,אורתופדיה,משואות יצחק,language,עברית,7
2026-07-30T17:06:17,58,אורתופדיה,משואות יצחק,language,ערבית,1
2026-07-30T17:06:17,58,אורתופדיה,משואות יצחק,language,צרפתית,1
2026-07-30T17:06:17,58,אורתופדיה,משואות יצחק,language,רומנית,1
2026-07-30T17:06:17,58,אורתופדיה,משואות יצחק,language,רוסית,3
2026-07-30T17:06:27,58,אורתופדיה,נאות חובב,gender,גבר,52
2026-07-30T17:06:27,58,אורתופדיה,נאות חובב,gender,אישה,3
2026-07-30T17:06:27,58,אורתופדיה,נאות חובב,visit_type,ביקור במרפאה,63
2026-07-30T17:06:27,58,אורתופדיה,נאות חובב,language,עברית,1
2026-07-30T17:06:27,58,אורתופדיה,נאות חובב,language,רוסית,1
2026-07-30T17:06:45,58,אורתופדיה,נהלל,gender,גבר,145
2026-07-30T17:06:45,58,אורתופדיה,נהלל,visit_type,ביקור במרפאה,146
2026-07-30T17:06:45,58,אורתופדיה,נהלל,visit_type,שיחת טלפון,2
2026-07-30T17:06:45,58,אורתופדיה,נהלל,language,איטלקית,1
2026-07-30T17:06:45,58,אורתופדיה,נהלל,language,אנגלית,19
2026-07-30T17:06:45,58,אורתופדיה,נהלל,language,גרמנית,1
2026-07-30T17:06:45,58,אורתופדיה,נהלל,language,עברית,31
2026-07-30T17:06:45,58,אורתופדיה,נהלל,language,ערבית,21
2026-07-30T17:06:45,58,אורתופדיה,נהלל,language,רומנית,7
2026-07-30T17:06:45,58,אורתופדיה,נהלל,language,רוסית,6
2026-07-30T17:07:04,58,אורתופדיה,נווה דניאל,gender,גבר,47
2026-07-30T17:07:04,58,אורתופדיה,נווה דניאל,visit_type,ביקור במרפאה,49
2026-07-30T17:07:04,58,אורתופדיה,נווה דניאל,language,אנגלית,7
2026-07-30T17:07:04,58,אורתופדיה,נווה דניאל,language,עברית,12
2026-07-30T17:07:04,58,אורתופדיה,נווה דניאל,language,ערבית,6
2026-07-30T17:07:04,58,אורתופדיה,נווה דניאל,language,צרפתית,1
2026-07-30T17:07:04,58,אורתופדיה,נווה דניאל,language,רוסית,3
2026-07-30T17:07:12,58,אורתופדיה,נחליאל,gender,גבר,47
2026-07-30T17:07:12,58,אורתופדיה,נחליאל,visit_type,ביקור במרפאה,49
2026-07-30T17:07:12,58,אורתופדיה,נחליאל,language,אנגלית,7
2026-07-30T17:07:12,58,אורתופדיה,נחליאל,language,עברית,12
2026-07-30T17:07:12,58,אורתופדיה,נחליאל,language,ערבית,6
2026-07-30T17:07:12,58,אורתופדיה,נחליאל,language,צרפתית,1
2026-07-30T17:07:12,58,אורתופדיה,נחליאל,language,רוסית,3
2026-07-30T17:07:20,58,אורתופדיה,נטף,gender,גבר,47
2026-07-30T17:07:20,58,אורתופדיה,נטף,visit_type,ביקור במרפאה,49
2026-07-30T17:07:20,58,אורתופדיה,נטף,language,אנגלית,7
2026-07-30T17:07:20,58,אורתופדיה,נטף,language,עברית,12
2026-07-30T17:07:20,58,אורתופדיה,נטף,language,ערבית,6
2026-07-30T17:07:20,58,אורתופדיה,נטף,language,צרפתית,1
2026-07-30T17:07:20,58,אורתופדיה,נטף,language,רוסית,3
2026-07-30T17:07:30,58,אורתופדיה,ניצנים,gender,גבר,41
2026-07-30T17:07:30,58,אורתופדיה,ניצנים,gender,אישה,2
2026-07-30T17:07:30,58,אורתופדיה,ניצנים,visit_type,ביקור במרפאה,47
2026-07-30T17:07:30,58,אורתופדיה,ניצנים,language,עברית,1
2026-07-30T17:07:30,58,אורתופדיה,ניצנים,language,רוסית,1
2026-07-30T17:07:43,58,אורתופדיה,נצאצרה,gender,גבר,36
2026-07-30T17:07:43,58,אורתופדיה,נצאצרה,gender,אישה,2
2026-07-30T17:07:43,58,אורתופדיה,נצאצרה,visit_type,ביקור במרפאה,43
2026-07-30T17:07:43,58,אורתופדיה,נצאצרה,language,עברית,1
2026-07-30T17:07:43,58,אורתופדיה,נצאצרה,language,רוסית,1
2026-07-30T17:07:55,58,אורתופדיה,נתניה,gender,גבר,86
2026-07-30T17:07:55,58,אורתופדיה,נתניה,visit_type,ביקור במרפאה,89
2026-07-30T17:07:55,58,אורתופדיה,נתניה,visit_type,שיחת טלפון,3
2026-07-30T17:07:55,58,אורתופדיה,נתניה,language,אידיש,1
2026-07-30T17:07:55,58,אורתופדיה,נתניה,language,איטלקית,1
2026-07-30T17:07:55,58,אורתופדיה,נתניה,language,אנגלית,8
2026-07-30T17:07:55,58,אורתופדיה,נתניה,language,עברית,15
2026-07-30T17:07:55,58,אורתופדיה,נתניה,language,ערבית,10
2026-07-30T17:07:55,58,אורתופדיה,נתניה,language,רומנית,3
2026-07-30T17:07:55,58,אורתופדיה,נתניה,language,רוסית,2
2026-07-30T17:08:10,58,אורתופדיה,סולם שונם,gender,גבר,145
2026-07-30T17:08:10,58,אורתופדיה,סולם שונם,visit_type,ביקור במרפאה,146
2026-07-30T17:08:10,58,אורתופדיה,סולם שונם,visit_type,שיחת טלפון,2
2026-07-30T17:08:10,58,אורתופדיה,סולם שונם,language,איטלקית,1
2026-07-30T17:08:10,58,אורתופדיה,סולם שונם,language,אנגלית,19
2026-07-30T17:08:10,58,אורתופדיה,סולם שונם,language,גרמנית,1
2026-07-30T17:08:10,58,אורתופדיה,סולם שונם,language,עברית,31
2026-07-30T17:08:10,58,אורתופדיה,סולם שונם,language,ערבית,21
2026-07-30T17:08:10,58,אורתופדיה,סולם שונם,language,רומנית,7
2026-07-30T17:08:10,58,אורתופדיה,סולם שונם,language,רוסית,6
2026-07-30T17:08:31,58,אורתופדיה,סילת א דהר,gender,גבר,86
2026-07-30T17:08:31,58,אורתופדיה,סילת א דהר,visit_type,ביקור במרפאה,89
2026-07-30T17:08:31,58,אורתופדיה,סילת א דהר,visit_type,שיחת טלפון,3
2026-07-30T17:08:31,58,אורתופדיה,סילת א דהר,language,אידיש,1
2026-07-30T17:08:31,58,אורתופדיה,סילת א דהר,language,איטלקית,1
2026-07-30T17:08:31,58,אורתופדיה,סילת א דהר,language,אנגלית,8
2026-07-30T17:08:31,58,אורתופדיה,סילת א דהר,language,עברית,15
2026-07-30T17:08:31,58,אורתופדיה,סילת א דהר,language,ערבית,10
2026-07-30T17:08:31,58,אורתופדיה,סילת א דהר,language,רומנית,3
2026-07-30T17:08:31,58,אורתופדיה,סילת א דהר,language,רוסית,2
2026-07-30T17:08:44,58,אורתופדיה,סמר,gender,גבר,4
2026-07-30T17:08:44,58,אורתופדיה,סמר,visit_type,ביקור במרפאה,6
2026-07-30T17:08:44,58,אורתופדיה,סמר,visit_type,שיחת טלפון,2
2026-07-30T17:08:44,58,אורתופדיה,סמר,language,איטלקית,1
2026-07-30T17:08:44,58,אורתופדיה,סמר,language,אנגלית,1
2026-07-30T17:08:44,58,אורתופדיה,סמר,language,עברית,1
2026-07-30T17:08:47,58,אורתופדיה,סרה,gender,גבר,86
2026-07-30T17:08:47,58,אורתופדיה,סרה,visit_type,ביקור במרפאה,89
2026-07-30T17:08:47,58,אורתופדיה,סרה,visit_type,שיחת טלפון,3
2026-07-30T17:08:47,58,אורתופדיה,סרה,language,אידיש,1
2026-07-30T17:08:47,58,אורתופדיה,סרה,language,איטלקית,1
2026-07-30T17:08:47,58,אורתופדיה,סרה,language,אנגלית,8
2026-07-30T17:08:47,58,אורתופדיה,סרה,language,עברית,15
2026-07-30T17:08:47,58,אורתופדיה,סרה,language,ערבית,10
2026-07-30T17:08:47,58,אורתופדיה,סרה,language,רומנית,3
2026-07-30T17:08:47,58,אורתופדיה,סרה,language,רוסית,2
2026-07-30T17:09:01,58,אורתופדיה,עברון,gender,גבר,69
2026-07-30T17:09:01,58,אורתופדיה,עברון,gender,אישה,2
2026-07-30T17:09:01,58,אורתופדיה,עברון,visit_type,ביקור במרפאה,71
2026-07-30T17:09:01,58,אורתופדיה,עברון,visit_type,שיחת טלפון,2
2026-07-30T17:09:01,58,אורתופדיה,עברון,language,איטלקית,1
2026-07-30T17:09:01,58,אורתופדיה,עברון,language,אנגלית,35
2026-07-30T17:09:01,58,אורתופדיה,עברון,language,בולגרית,1
2026-07-30T17:09:01,58,אורתופדיה,עברון,language,גרמנית,1
2026-07-30T17:09:01,58,אורתופדיה,עברון,language,ספרדית,2
2026-07-30T17:09:01,58,אורתופדיה,עברון,language,עברית,70
2026-07-30T17:09:01,58,אורתופדיה,עברון,language,ערבית,60
2026-07-30T17:09:01,58,אורתופדיה,עברון,language,צכית,1
2026-07-30T17:09:01,58,אורתופדיה,עברון,language,צרפתית,1
2026-07-30T17:09:01,58,אורתופדיה,עברון,language,רומנית,4
2026-07-30T17:09:01,58,אורתופדיה,עברון,language,רוסית,15
2026-07-30T17:09:14,58,אורתופדיה,עוזה,gender,גבר,41
2026-07-30T17:09:14,58,אורתופדיה,עוזה,gender,אישה,2
2026-07-30T17:09:14,58,אורתופדיה,עוזה,visit_type,ביקור במרפאה,47
2026-07-30T17:09:14,58,אורתופדיה,עוזה,language,עברית,1
2026-07-30T17:09:14,58,אורתופדיה,עוזה,language,רוסית,1
2026-07-30T17:09:26,58,אורתופדיה,עזון עתמה,gender,גבר,49
2026-07-30T17:09:26,58,אורתופדיה,עזון עתמה,gender,אישה,1
2026-07-30T17:09:26,58,אורתופדיה,עזון עתמה,visit_type,ביקור במרפאה,58
2026-07-30T17:09:26,58,אורתופדיה,עזון עתמה,visit_type,שיחת טלפון,1
2026-07-30T17:09:26,58,אורתופדיה,עזון עתמה,language,איטלקית,4
2026-07-30T17:09:26,58,אורתופדיה,עזון עתמה,language,אנגלית,33
2026-07-30T17:09:26,58,אורתופדיה,עזון עתמה,language,גרמנית,6
2026-07-30T17:09:26,58,אורתופדיה,עזון עתמה,language,ספרדית,2
2026-07-30T17:09:26,58,אורתופדיה,עזון עתמה,language,עברית,54
2026-07-30T17:09:26,58,אורתופדיה,עזון עתמה,language,ערבית,6
2026-07-30T17:09:26,58,אורתופדיה,עזון עתמה,language,רומנית,5
2026-07-30T17:09:26,58,אורתופדיה,עזון עתמה,language,רוסית,6
2026-07-30T17:09:37,58,אורתופדיה,עידן,gender,גבר,36
2026-07-30T17:09:37,58,אורתופדיה,עידן,gender,אישה,2
2026-07-30T17:09:37,58,אורתופדיה,עידן,visit_type,ביקור במרפאה,43
2026-07-30T17:09:37,58,אורתופדיה,עידן,language,עברית,1
2026-07-30T17:09:37,58,אורתופדיה,עידן,language,רוסית,1
2026-07-30T17:09:50,58,אורתופדיה,עכו,gender,גבר,89
2026-07-30T17:09:50,58,אורתופדיה,עכו,gender,אישה,2
2026-07-30T17:09:50,58,אורתופדיה,עכו,visit_type,ביקור במרפאה,91
2026-07-30T17:09:50,58,אורתופדיה,עכו,visit_type,שיחת טלפון,2
2026-07-30T17:09:50,58,אורתופדיה,עכו,language,איטלקית,1
2026-07-30T17:09:50,58,אורתופדיה,עכו,language,אנגלית,53
2026-07-30T17:09:50,58,אורתופדיה,עכו,language,בולגרית,1
2026-07-30T17:09:50,58,אורתופדיה,עכו,language,גרמנית,3
2026-07-30T17:09:50,58,אורתופדיה,עכו,language,ספרדית,2
2026-07-30T17:09:50,58,אורתופדיה,עכו,language,עברית,90
2026-07-30T17:09:50,58,אורתופדיה,עכו,language,ערבית,67
2026-07-30T17:09:50,58,אורתופדיה,עכו,language,צכית,1
2026-07-30T17:09:50,58,אורתופדיה,עכו,language,צרפתית,1
2026-07-30T17:09:50,58,אורתופדיה,עכו,language,רומנית,8
2026-07-30T17:09:50,58,אורתופדיה,עכו,language,רוסית,19
2026-07-30T17:10:05,58,אורתופדיה,עמיעד,gender,גבר,97
2026-07-30T17:10:05,58,אורתופדיה,עמיעד,visit_type,ביקור במרפאה,98
2026-07-30T17:10:05,58,אורתופדיה,עמיעד,visit_type,שיחת טלפון,1
2026-07-30T17:10:05,58,אורתופדיה,עמיעד,language,איטלקית,1
2026-07-30T17:10:05,58,אורתופדיה,עמיעד,language,אנגלית,9
2026-07-30T17:10:05,58,אורתופדיה,עמיעד,language,עברית,12
2026-07-30T17:10:05,58,אורתופדיה,עמיעד,language,ערבית,5
2026-07-30T17:10:05,58,אורתופדיה,עמיעד,language,רוסית,6
2026-07-30T17:10:21,58,אורתופדיה,עסירה א שמאליה,gender,גבר,86
2026-07-30T17:10:21,58,אורתופדיה,עסירה א שמאליה,visit_type,ביקור במרפאה,89
2026-07-30T17:10:21,58,אורתופדיה,עסירה א שמאליה,visit_type,שיחת טלפון,3
2026-07-30T17:10:21,58,אורתופדיה,עסירה א שמאליה,language,אידיש,1
2026-07-30T17:10:21,58,אורתופדיה,עסירה א שמאליה,language,איטלקית,1
2026-07-30T17:10:21,58,אורתופדיה,עסירה א שמאליה,language,אנגלית,8
2026-07-30T17:10:21,58,אורתופדיה,עסירה א שמאליה,language,עברית,15
2026-07-30T17:10:21,58,אורתופדיה,עסירה א שמאליה,language,ערבית,10
2026-07-30T17:10:21,58,אורתופדיה,עסירה א שמאליה,language,רומנית,3
2026-07-30T17:10:21,58,אורתופדיה,עסירה א שמאליה,language,רוסית,2
2026-07-30T17:10:35,58,אורתופדיה,עראבה,gender,גבר,89
2026-07-30T17:10:35,58,אורתופדיה,עראבה,gender,אישה,2
2026-07-30T17:10:35,58,אורתופדיה,עראבה,visit_type,ביקור במרפאה,91
2026-07-30T17:10:35,58,אורתופדיה,עראבה,visit_type,שיחת טלפון,2
2026-07-30T17:10:35,58,אורתופדיה,עראבה,language,איטלקית,1
2026-07-30T17:10:35,58,אורתופדיה,עראבה,language,אנגלית,53
2026-07-30T17:10:35,58,אורתופדיה,עראבה,language,בולגרית,1
2026-07-30T17:10:35,58,אורתופדיה,עראבה,language,גרמנית,3
2026-07-30T17:10:35,58,אורתופדיה,עראבה,language,ספרדית,2
2026-07-30T17:10:35,58,אורתופדיה,עראבה,language,עברית,90
2026-07-30T17:10:35,58,אורתופדיה,עראבה,language,ערבית,67
2026-07-30T17:10:35,58,אורתופדיה,עראבה,language,צכית,1
2026-07-30T17:10:35,58,אורתופדיה,עראבה,language,צרפתית,1
2026-07-30T17:10:35,58,אורתופדיה,עראבה,language,רומנית,8
2026-07-30T17:10:35,58,אורתופדיה,עראבה,language,רוסית,19
2026-07-30T17:10:52,58,אורתופדיה,עשהאל,gender,גבר,52
2026-07-30T17:10:52,58,אורתופדיה,עשהאל,gender,אישה,3
2026-07-30T17:10:52,58,אורתופדיה,עשהאל,visit_type,ביקור במרפאה,63
2026-07-30T17:10:52,58,אורתופדיה,עשהאל,language,עברית,1
2026-07-30T17:10:52,58,אורתופדיה,עשהאל,language,רוסית,1
2026-07-30T17:11:09,58,אורתופדיה,פארק תעשיות רמת דלתון,gender,גבר,97
2026-07-30T17:11:09,58,אורתופדיה,פארק תעשיות רמת דלתון,visit_type,ביקור במרפאה,98
2026-07-30T17:11:09,58,אורתופדיה,פארק תעשיות רמת דלתון,visit_type,שיחת טלפון,1
2026-07-30T17:11:09,58,אורתופדיה,פארק תעשיות רמת דלתון,language,איטלקית,1
2026-07-30T17:11:09,58,אורתופדיה,פארק תעשיות רמת דלתון,language,אנגלית,9
2026-07-30T17:11:09,58,אורתופדיה,פארק תעשיות רמת דלתון,language,עברית,12
2026-07-30T17:11:09,58,אורתופדיה,פארק תעשיות רמת דלתון,language,ערבית,5
2026-07-30T17:11:09,58,אורתופדיה,פארק תעשיות רמת דלתון,language,רוסית,6
2026-07-30T17:11:24,58,אורתופדיה,פחמה,gender,גבר,86
2026-07-30T17:11:24,58,אורתופדיה,פחמה,visit_type,ביקור במרפאה,89
2026-07-30T17:11:24,58,אורתופדיה,פחמה,visit_type,שיחת טלפון,3
2026-07-30T17:11:24,58,אורתופדיה,פחמה,language,אידיש,1
2026-07-30T17:11:24,58,אורתופדיה,פחמה,language,איטלקית,1
2026-07-30T17:11:24,58,אורתופדיה,פחמה,language,אנגלית,8
2026-07-30T17:11:24,58,אורתופדיה,פחמה,language,עברית,15
2026-07-30T17:11:24,58,אורתופדיה,פחמה,language,ערבית,10
2026-07-30T17:11:24,58,אורתופדיה,פחמה,language,רומנית,3
2026-07-30T17:11:24,58,אורתופדיה,פחמה,language,רוסית,2
2026-07-30T17:11:41,58,אורתופדיה,פעמי תש''ז,gender,גבר,52
2026-07-30T17:11:41,58,אורתופדיה,פעמי תש''ז,gender,אישה,3
2026-07-30T17:11:41,58,אורתופדיה,פעמי תש''ז,visit_type,ביקור במרפאה,63
2026-07-30T17:11:41,58,אורתופדיה,פעמי תש''ז,language,עברית,1
2026-07-30T17:11:41,58,אורתופדיה,פעמי תש''ז,language,רוסית,1
2026-07-30T17:12:00,58,אורתופדיה,פרי גן,gender,גבר,41
2026-07-30T17:12:00,58,אורתופדיה,פרי גן,gender,אישה,2
2026-07-30T17:12:00,58,אורתופדיה,פרי גן,visit_type,ביקור במרפאה,47
2026-07-30T17:12:00,58,אורתופדיה,פרי גן,language,עברית,1
2026-07-30T17:12:00,58,אורתופדיה,פרי גן,language,רוסית,1
2026-07-30T17:12:12,58,אורתופדיה,צופיה,gender,גבר,64
2026-07-30T17:12:12,58,אורתופדיה,צופיה,gender,אישה,1
2026-07-30T17:12:12,58,אורתופדיה,צופיה,visit_type,ביקור במרפאה,73
2026-07-30T17:12:12,58,אורתופדיה,צופיה,visit_type,שיחת טלפון,2
2026-07-30T17:12:12,58,אורתופדיה,צופיה,visit_type,שיחת וידאו,1
2026-07-30T17:12:12,58,אורתופדיה,צופיה,language,איטלקית,3
2026-07-30T17:12:12,58,אורתופדיה,צופיה,language,אנגלית,7
2026-07-30T17:12:12,58,אורתופדיה,צופיה,language,גרמנית,1
2026-07-30T17:12:12,58,אורתופדיה,צופיה,language,עברית,13
2026-07-30T17:12:12,58,אורתופדיה,צופיה,language,ערבית,1
2026-07-30T17:12:12,58,אורתופדיה,צופיה,language,צרפתית,3
2026-07-30T17:12:12,58,אורתופדיה,צופיה,language,רומנית,1
2026-07-30T17:12:12,58,אורתופדיה,צופיה,language,רוסית,5
2026-07-30T17:12:29,58,אורתופדיה,צנדלה,gender,גבר,145
2026-07-30T17:12:29,58,אורתופדיה,צנדלה,visit_type,ביקור במרפאה,146
2026-07-30T17:12:29,58,אורתופדיה,צנדלה,visit_type,שיחת טלפון,2
2026-07-30T17:12:29,58,אורתופדיה,צנדלה,language,איטלקית,1
2026-07-30T17:12:29,58,אורתופדיה,צנדלה,language,אנגלית,19
2026-07-30T17:12:29,58,אורתופדיה,צנדלה,language,גרמנית,1
2026-07-30T17:12:29,58,אורתופדיה,צנדלה,language,עברית,31
2026-07-30T17:12:29,58,אורתופדיה,צנדלה,language,ערבית,21
2026-07-30T17:12:29,58,אורתופדיה,צנדלה,language,רומנית,7
2026-07-30T17:12:29,58,אורתופדיה,צנדלה,language,רוסית,6
2026-07-30T17:12:51,58,אורתופדיה,קדומים,gender,גבר,116
2026-07-30T17:12:51,58,אורתופדיה,קדומים,gender,אישה,4
2026-07-30T17:12:51,58,אורתופדיה,קדומים,visit_type,ביקור במרפאה,130
2026-07-30T17:12:51,58,אורתופדיה,קדומים,visit_type,שיחת טלפון,3
2026-07-30T17:12:51,58,אורתופדיה,קדומים,language,אידיש,1
2026-07-30T17:12:51,58,אורתופדיה,קדומים,language,איטלקית,6
2026-07-30T17:12:51,58,אורתופדיה,קדומים,language,אנגלית,28
2026-07-30T17:12:51,58,אורתופדיה,קדומים,language,גרמנית,1
2026-07-30T17:12:51,58,אורתופדיה,קדומים,language,עברית,46
2026-07-30T17:12:51,58,אורתופדיה,קדומים,language,ערבית,15
2026-07-30T17:12:51,58,אורתופדיה,קדומים,language,רומנית,8
2026-07-30T17:12:51,58,אורתופדיה,קדומים,language,רוסית,6
2026-07-30T17:13:13,58,אורתופדיה,קוואעין,gender,גבר,36
2026-07-30T17:13:13,58,אורתופדיה,קוואעין,gender,אישה,2
2026-07-30T17:13:13,58,אורתופדיה,קוואעין,visit_type,ביקור במרפאה,43
2026-07-30T17:13:13,58,אורתופדיה,קוואעין,language,עברית,1
2026-07-30T17:13:13,58,אורתופדיה,קוואעין,language,רוסית,1
2026-07-30T17:13:27,58,אורתופדיה,קלחים,gender,גבר,52
2026-07-30T17:13:27,58,אורתופדיה,קלחים,gender,אישה,3
2026-07-30T17:13:27,58,אורתופדיה,קלחים,visit_type,ביקור במרפאה,63
2026-07-30T17:13:27,58,אורתופדיה,קלחים,language,עברית,1
2026-07-30T17:13:27,58,אורתופדיה,קלחים,language,רוסית,1
2026-07-30T17:13:42,58,אורתופדיה,קראות בני זיד,gender,גבר,49
2026-07-30T17:13:42,58,אורתופדיה,קראות בני זיד,gender,אישה,1
2026-07-30T17:13:42,58,אורתופדיה,קראות בני זיד,visit_type,ביקור במרפאה,58
2026-07-30T17:13:42,58,אורתופדיה,קראות בני זיד,visit_type,שיחת טלפון,1
2026-07-30T17:13:42,58,אורתופדיה,קראות בני זיד,language,איטלקית,4
2026-07-30T17:13:42,58,אורתופדיה,קראות בני זיד,language,אנגלית,33
2026-07-30T17:13:42,58,אורתופדיה,קראות בני זיד,language,גרמנית,6
2026-07-30T17:13:42,58,אורתופדיה,קראות בני זיד,language,ספרדית,2
2026-07-30T17:13:42,58,אורתופדיה,קראות בני זיד,language,עברית,54
2026-07-30T17:13:42,58,אורתופדיה,קראות בני זיד,language,ערבית,6
2026-07-30T17:13:42,58,אורתופדיה,קראות בני זיד,language,רומנית,5
2026-07-30T17:13:42,58,אורתופדיה,קראות בני זיד,language,רוסית,6
2026-07-30T17:13:52,58,אורתופדיה,קשת,gender,גבר,97
2026-07-30T17:13:52,58,אורתופדיה,קשת,visit_type,ביקור במרפאה,98
2026-07-30T17:13:52,58,אורתופדיה,קשת,visit_type,שיחת טלפון,1
2026-07-30T17:13:52,58,אורתופדיה,קשת,language,איטלקית,1
2026-07-30T17:13:52,58,אורתופדיה,קשת,language,אנגלית,9
2026-07-30T17:13:52,58,אורתופדיה,קשת,language,עברית,12
2026-07-30T17:13:52,58,אורתופדיה,קשת,language,ערבית,5
2026-07-30T17:13:52,58,אורתופדיה,קשת,language,רוסית,6
2026-07-30T17:14:08,58,אורתופדיה,ראפאת ליד פדואל,gender,גבר,49
2026-07-30T17:14:08,58,אורתופדיה,ראפאת ליד פדואל,gender,אישה,1
2026-07-30T17:14:08,58,אורתופדיה,ראפאת ליד פדואל,visit_type,ביקור במרפאה,58
2026-07-30T17:14:08,58,אורתופדיה,ראפאת ליד פדואל,visit_type,שיחת טלפון,1
2026-07-30T17:14:08,58,אורתופדיה,ראפאת ליד פדואל,language,איטלקית,4
2026-07-30T17:14:08,58,אורתופדיה,ראפאת ליד פדואל,language,אנגלית,33
2026-07-30T17:14:08,58,אורתופדיה,ראפאת ליד פדואל,language,גרמנית,6
2026-07-30T17:14:08,58,אורתופדיה,ראפאת ליד פדואל,language,ספרדית,2
2026-07-30T17:14:08,58,אורתופדיה,ראפאת ליד פדואל,language,עברית,54
2026-07-30T17:14:08,58,אורתופדיה,ראפאת ליד פדואל,language,ערבית,6
2026-07-30T17:14:08,58,אורתופדיה,ראפאת ליד פדואל,language,רומנית,5
2026-07-30T17:14:08,58,אורתופדיה,ראפאת ליד פדואל,language,רוסית,6
2026-07-30T17:14:19,58,אורתופדיה,רוויה,gender,גבר,145
2026-07-30T17:14:19,58,אורתופדיה,רוויה,visit_type,ביקור במרפאה,146
2026-07-30T17:14:19,58,אורתופדיה,רוויה,visit_type,שיחת טלפון,2
2026-07-30T17:14:19,58,אורתופדיה,רוויה,language,איטלקית,1
2026-07-30T17:14:19,58,אורתופדיה,רוויה,language,אנגלית,19
2026-07-30T17:14:19,58,אורתופדיה,רוויה,language,גרמנית,1
2026-07-30T17:14:19,58,אורתופדיה,רוויה,language,עברית,31
2026-07-30T17:14:19,58,אורתופדיה,רוויה,language,ערבית,21
2026-07-30T17:14:19,58,אורתופדיה,רוויה,language,רומנית,7
2026-07-30T17:14:19,58,אורתופדיה,רוויה,language,רוסית,6
2026-07-30T17:14:38,58,אורתופדיה,רחלים,gender,גבר,47
2026-07-30T17:14:38,58,אורתופדיה,רחלים,visit_type,ביקור במרפאה,49
2026-07-30T17:14:38,58,אורתופדיה,רחלים,language,אנגלית,7
2026-07-30T17:14:38,58,אורתופדיה,רחלים,language,עברית,12
2026-07-30T17:14:38,58,אורתופדיה,רחלים,language,ערבית,6
2026-07-30T17:14:38,58,אורתופדיה,רחלים,language,צרפתית,1
2026-07-30T17:14:38,58,אורתופדיה,רחלים,language,רוסית,3
2026-07-30T17:14:47,58,אורתופדיה,רמות,gender,גבר,97
2026-07-30T17:14:47,58,אורתופדיה,רמות,visit_type,ביקור במרפאה,98
2026-07-30T17:14:47,58,אורתופדיה,רמות,visit_type,שיחת טלפון,1
2026-07-30T17:14:47,58,אורתופדיה,רמות,language,איטלקית,1
2026-07-30T17:14:47,58,אורתופדיה,רמות,language,אנגלית,9
2026-07-30T17:14:47,58,אורתופדיה,רמות,language,עברית,12
2026-07-30T17:14:47,58,אורתופדיה,רמות,language,ערבית,5
2026-07-30T17:14:47,58,אורתופדיה,רמות,language,רוסית,6
2026-07-30T17:15:04,58,אורתופדיה,רעננה,gender,גבר,116
2026-07-30T17:15:04,58,אורתופדיה,רעננה,gender,אישה,4
2026-07-30T17:15:04,58,אורתופדיה,רעננה,visit_type,ביקור במרפאה,130
2026-07-30T17:15:04,58,אורתופדיה,רעננה,visit_type,שיחת טלפון,3
2026-07-30T17:15:04,58,אורתופדיה,רעננה,language,אידיש,1
2026-07-30T17:15:04,58,אורתופדיה,רעננה,language,איטלקית,6
2026-07-30T17:15:04,58,אורתופדיה,רעננה,language,אנגלית,28
2026-07-30T17:15:04,58,אורתופדיה,רעננה,language,גרמנית,1
2026-07-30T17:15:04,58,אורתופדיה,רעננה,language,עברית,46
2026-07-30T17:15:04,58,אורתופדיה,רעננה,language,ערבית,15
2026-07-30T17:15:04,58,אורתופדיה,רעננה,language,רומנית,8
2026-07-30T17:15:04,58,אורתופדיה,רעננה,language,רוסית,6
2026-07-30T17:15:26,58,אורתופדיה,שבי שומרון,gender,גבר,116
2026-07-30T17:15:26,58,אורתופדיה,שבי שומרון,gender,אישה,4
2026-07-30T17:15:26,58,אורתופדיה,שבי שומרון,visit_type,ביקור במרפאה,130
2026-07-30T17:15:26,58,אורתופדיה,שבי שומרון,visit_type,שיחת טלפון,3
2026-07-30T17:15:26,58,אורתופדיה,שבי שומרון,language,אידיש,1
2026-07-30T17:15:26,58,אורתופדיה,שבי שומרון,language,איטלקית,6
2026-07-30T17:15:26,58,אורתופדיה,שבי שומרון,language,אנגלית,28
2026-07-30T17:15:26,58,אורתופדיה,שבי שומרון,language,גרמנית,1
2026-07-30T17:15:26,58,אורתופדיה,שבי שומרון,language,עברית,46
2026-07-30T17:15:26,58,אורתופדיה,שבי שומרון,language,ערבית,15
2026-07-30T17:15:26,58,אורתופדיה,שבי שומרון,language,רומנית,8
2026-07-30T17:15:26,58,אורתופדיה,שבי שומרון,language,רוסית,6
2026-07-30T17:15:49,58,אורתופדיה,שדה יואב,gender,גבר,41
2026-07-30T17:15:49,58,אורתופדיה,שדה יואב,gender,אישה,2
2026-07-30T17:15:49,58,אורתופדיה,שדה יואב,visit_type,ביקור במרפאה,47
2026-07-30T17:15:49,58,אורתופדיה,שדה יואב,language,עברית,1
2026-07-30T17:15:49,58,אורתופדיה,שדה יואב,language,רוסית,1
2026-07-30T17:16:04,58,אורתופדיה,שומריה,gender,גבר,52
2026-07-30T17:16:04,58,אורתופדיה,שומריה,gender,אישה,3
2026-07-30T17:16:04,58,אורתופדיה,שומריה,visit_type,ביקור במרפאה,63
2026-07-30T17:16:04,58,אורתופדיה,שומריה,language,עברית,1
2026-07-30T17:16:04,58,אורתופדיה,שומריה,language,רוסית,1
2026-07-30T17:16:21,58,אורתופדיה,שיזף,gender,גבר,36
2026-07-30T17:16:21,58,אורתופדיה,שיזף,gender,אישה,2
2026-07-30T17:16:21,58,אורתופדיה,שיזף,visit_type,ביקור במרפאה,43
2026-07-30T17:16:21,58,אורתופדיה,שיזף,language,עברית,1
2026-07-30T17:16:21,58,אורתופדיה,שיזף,language,רוסית,1
2026-07-30T17:16:34,58,אורתופדיה,שלומי,gender,גבר,69
2026-07-30T17:16:34,58,אורתופדיה,שלומי,gender,אישה,2
2026-07-30T17:16:34,58,אורתופדיה,שלומי,visit_type,ביקור במרפאה,71
2026-07-30T17:16:34,58,אורתופדיה,שלומי,visit_type,שיחת טלפון,2
2026-07-30T17:16:34,58,אורתופדיה,שלומי,language,איטלקית,1
2026-07-30T17:16:34,58,אורתופדיה,שלומי,language,אנגלית,35
2026-07-30T17:16:34,58,אורתופדיה,שלומי,language,בולגרית,1
2026-07-30T17:16:34,58,אורתופדיה,שלומי,language,גרמנית,1
2026-07-30T17:16:34,58,אורתופדיה,שלומי,language,ספרדית,2
2026-07-30T17:16:34,58,אורתופדיה,שלומי,language,עברית,70
2026-07-30T17:16:34,58,אורתופדיה,שלומי,language,ערבית,60
2026-07-30T17:16:34,58,אורתופדיה,שלומי,language,צכית,1
2026-07-30T17:16:34,58,אורתופדיה,שלומי,language,צרפתית,1
2026-07-30T17:16:34,58,אורתופדיה,שלומי,language,רומנית,4
2026-07-30T17:16:34,58,אורתופדיה,שלומי,language,רוסית,15
2026-07-30T17:16:46,58,אורתופדיה,שעל,gender,גבר,97
2026-07-30T17:16:46,58,אורתופדיה,שעל,visit_type,ביקור במרפאה,98
2026-07-30T17:16:46,58,אורתופדיה,שעל,visit_type,שיחת טלפון,1
2026-07-30T17:16:46,58,אורתופדיה,שעל,language,איטלקית,1
2026-07-30T17:16:46,58,אורתופדיה,שעל,language,אנגלית,9
2026-07-30T17:16:46,58,אורתופדיה,שעל,language,עברית,12
2026-07-30T17:16:46,58,אורתופדיה,שעל,language,ערבית,5
2026-07-30T17:16:46,58,אורתופדיה,שעל,language,רוסית,6
2026-07-30T17:17:02,58,אורתופדיה,שפרעם,gender,גבר,115
2026-07-30T17:17:02,58,אורתופדיה,שפרעם,visit_type,ביקור במרפאה,116
2026-07-30T17:17:02,58,אורתופדיה,שפרעם,visit_type,שיחת טלפון,2
2026-07-30T17:17:02,58,אורתופדיה,שפרעם,language,אידיש,1
2026-07-30T17:17:02,58,אורתופדיה,שפרעם,language,אנגלית,41
2026-07-30T17:17:02,58,אורתופדיה,שפרעם,language,גרמנית,5
2026-07-30T17:17:02,58,אורתופדיה,שפרעם,language,הונגרית,1
2026-07-30T17:17:02,58,אורתופדיה,שפרעם,language,ספרדית,2
2026-07-30T17:17:02,58,אורתופדיה,שפרעם,language,עברית,57
2026-07-30T17:17:02,58,אורתופדיה,שפרעם,language,ערבית,29
2026-07-30T17:17:02,58,אורתופדיה,שפרעם,language,צרפתית,1
2026-07-30T17:17:02,58,אורתופדיה,שפרעם,language,רומנית,14
2026-07-30T17:17:02,58,אורתופדיה,שפרעם,language,רוסית,12
2026-07-30T17:17:22,58,אורתופדיה,תדהר,gender,גבר,52
2026-07-30T17:17:22,58,אורתופדיה,תדהר,gender,אישה,3
2026-07-30T17:17:22,58,אורתופדיה,תדהר,visit_type,ביקור במרפאה,63
2026-07-30T17:17:22,58,אורתופדיה,תדהר,language,עברית,1
2026-07-30T17:17:22,58,אורתופדיה,תדהר,language,רוסית,1
2026-07-30T17:17:38,58,אורתופדיה,תל,gender,גבר,86
2026-07-30T17:17:38,58,אורתופדיה,תל,visit_type,ביקור במרפאה,89
2026-07-30T17:17:38,58,אורתופדיה,תל,visit_type,שיחת טלפון,3
2026-07-30T17:17:38,58,אורתופדיה,תל,language,אידיש,1
2026-07-30T17:17:38,58,אורתופדיה,תל,language,איטלקית,1
2026-07-30T17:17:38,58,אורתופדיה,תל,language,אנגלית,8
2026-07-30T17:17:38,58,אורתופדיה,תל,language,עברית,15
2026-07-30T17:17:38,58,אורתופדיה,תל,language,ערבית,10
2026-07-30T17:17:38,58,אורתופדיה,תל,language,רומנית,3
2026-07-30T17:17:38,58,אורתופדיה,תל,language,רוסית,2
2026-07-30T17:17:53,58,אורתופדיה,תמרת,gender,גבר,145
2026-07-30T17:17:53,58,אורתופדיה,תמרת,visit_type,ביקור במרפאה,146
2026-07-30T17:17:53,58,אורתופדיה,תמרת,visit_type,שיחת טלפון,2
2026-07-30T17:17:53,58,אורתופדיה,תמרת,language,איטלקית,1
2026-07-30T17:17:53,58,אורתופדיה,תמרת,language,אנגלית,19
2026-07-30T17:17:53,58,אורתופדיה,תמרת,language,גרמנית,1
2026-07-30T17:17:53,58,אורתופדיה,תמרת,language,עברית,31
2026-07-30T17:17:53,58,אורתופדיה,תמרת,language,ערבית,21
2026-07-30T17:17:53,58,אורתופדיה,תמרת,language,רומנית,7
2026-07-30T17:17:53,58,אורתופדיה,תמרת,language,רוסית,6
2026-07-30T17:18:16,58,אורתופדיה,תעשיות שער הנגב,gender,גבר,52
2026-07-30T17:18:16,58,אורתופדיה,תעשיות שער הנגב,gender,אישה,3
2026-07-30T17:18:16,58,אורתופדיה,תעשיות שער הנגב,visit_type,ביקור במרפאה,63
2026-07-30T17:18:16,58,אורתופדיה,תעשיות שער הנגב,language,עברית,1
2026-07-30T17:18:16,58,אורתופדיה,תעשיות שער הנגב,language,רוסית,1
2026-07-30T17:18:32,62,אף אוזן גרון,א סייד,gender,גבר,38
2026-07-30T17:18:32,62,אף אוזן גרון,א סייד,gender,אישה,6
2026-07-30T17:18:32,62,אף אוזן גרון,א סייד,visit_type,ביקור במרפאה,47
2026-07-30T17:18:32,62,אף אוזן גרון,א סייד,language,אוקראינית,1
2026-07-30T17:18:32,62,אף אוזן גרון,א סייד,language,אידיש,3
2026-07-30T17:18:32,62,אף אוזן גרון,א סייד,language,אנגלית,3
2026-07-30T17:18:32,62,אף אוזן גרון,א סייד,language,הונגרית,1
2026-07-30T17:18:32,62,אף אוזן גרון,א סייד,language,ספרדית,3
2026-07-30T17:18:32,62,אף אוזן גרון,א סייד,language,עברית,10
2026-07-30T17:18:32,62,אף אוזן גרון,א סייד,language,ערבית,4
2026-07-30T17:18:32,62,אף אוזן גרון,א סייד,language,צכית,1
2026-07-30T17:18:32,62,אף אוזן גרון,א סייד,language,רוסית,1
2026-07-30T17:18:42,62,אף אוזן גרון,אבו סנאן,gender,גבר,35
2026-07-30T17:18:42,62,אף אוזן גרון,אבו סנאן,gender,אישה,3
2026-07-30T17:18:42,62,אף אוזן גרון,אבו סנאן,visit_type,ביקור במרפאה,38
2026-07-30T17:18:42,62,אף אוזן גרון,אבו סנאן,visit_type,שיחת טלפון,1
2026-07-30T17:18:42,62,אף אוזן גרון,אבו סנאן,language,איטלקית,5
2026-07-30T17:18:42,62,אף אוזן גרון,אבו סנאן,language,אנגלית,29
2026-07-30T17:18:42,62,אף אוזן גרון,אבו סנאן,language,גרמנית,2
2026-07-30T17:18:42,62,אף אוזן גרון,אבו סנאן,language,הולנדית,1
2026-07-30T17:18:42,62,אף אוזן גרון,אבו סנאן,language,ספרדית,1
2026-07-30T17:18:42,62,אף אוזן גרון,אבו סנאן,language,עברית,38
2026-07-30T17:18:42,62,אף אוזן גרון,אבו סנאן,language,ערבית,34
2026-07-30T17:18:42,62,אף אוזן גרון,אבו סנאן,language,צרפתית,1
2026-07-30T17:18:42,62,אף אוזן גרון,אבו סנאן,language,רומנית,7
2026-07-30T17:18:42,62,אף אוזן גרון,אבו סנאן,language,רוסית,5
2026-07-30T17:18:49,62,אף אוזן גרון,אדרת,gender,גבר,36
2026-07-30T17:18:49,62,אף אוזן גרון,אדרת,gender,אישה,4
2026-07-30T17:18:49,62,אף אוזן גרון,אדרת,visit_type,ביקור במרפאה,41
2026-07-30T17:18:49,62,אף אוזן גרון,אדרת,language,אידיש,4
2026-07-30T17:18:49,62,אף אוזן גרון,אדרת,language,איטלקית,1
2026-07-30T17:18:49,62,אף אוזן גרון,אדרת,language,אנגלית,10
2026-07-30T17:18:49,62,אף אוזן גרון,אדרת,language,עברית,10
2026-07-30T17:18:49,62,אף אוזן גרון,אדרת,language,ערבית,4
2026-07-30T17:18:49,62,אף אוזן גרון,אדרת,language,רוסית,4
2026-07-30T17:18:56,62,אף אוזן גרון,אום סלמונה,gender,גבר,36
2026-07-30T17:18:56,62,אף אוזן גרון,אום סלמונה,gender,אישה,4
2026-07-30T17:18:56,62,אף אוזן גרון,אום סלמונה,visit_type,ביקור במרפאה,41
2026-07-30T17:18:56,62,אף אוזן גרון,אום סלמונה,language,אידיש,4
2026-07-30T17:18:56,62,אף אוזן גרון,אום סלמונה,language,איטלקית,1
2026-07-30T17:18:56,62,אף אוזן גרון,אום סלמונה,language,אנגלית,10
2026-07-30T17:18:56,62,אף אוזן גרון,אום סלמונה,language,עברית,10
2026-07-30T17:18:56,62,אף אוזן גרון,אום סלמונה,language,ערבית,4
2026-07-30T17:18:56,62,אף אוזן גרון,אום סלמונה,language,רוסית,4
2026-07-30T17:19:04,62,אף אוזן גרון,אחיטוב,gender,גבר,67
2026-07-30T17:19:04,62,אף אוזן גרון,אחיטוב,gender,אישה,20
2026-07-30T17:19:04,62,אף אוזן גרון,אחיטוב,visit_type,ביקור במרפאה,92
2026-07-30T17:19:04,62,אף אוזן גרון,אחיטוב,visit_type,שיחת טלפון,1
2026-07-30T17:19:04,62,אף אוזן גרון,אחיטוב,language,אוקראינית,1
2026-07-30T17:19:04,62,אף אוזן גרון,אחיטוב,language,אידיש,4
2026-07-30T17:19:04,62,אף אוזן גרון,אחיטוב,language,איטלקית,1
2026-07-30T17:19:04,62,אף אוזן גרון,אחיטוב,language,אנגלית,19
2026-07-30T17:19:04,62,אף אוזן גרון,אחיטוב,language,גרמנית,1
2026-07-30T17:19:04,62,אף אוזן גרון,אחיטוב,language,ספרדית,1
2026-07-30T17:19:04,62,אף אוזן גרון,אחיטוב,language,עברית,26
2026-07-30T17:19:04,62,אף אוזן גרון,אחיטוב,language,ערבית,9
2026-07-30T17:19:04,62,אף אוזן גרון,אחיטוב,language,רומנית,2
2026-07-30T17:19:04,62,אף אוזן גרון,אחיטוב,language,רוסית,9
2026-07-30T17:19:18,62,אף אוזן גרון,אילון,gender,גבר,35
2026-07-30T17:19:18,62,אף אוזן גרון,אילון,gender,אישה,3
2026-07-30T17:19:18,62,אף אוזן גרון,אילון,visit_type,ביקור במרפאה,38
2026-07-30T17:19:18,62,אף אוזן גרון,אילון,visit_type,שיחת טלפון,1
2026-07-30T17:19:18,62,אף אוזן גרון,אילון,language,איטלקית,5
2026-07-30T17:19:18,62,אף אוזן גרון,אילון,language,אנגלית,29
2026-07-30T17:19:18,62,אף אוזן גרון,אילון,language,גרמנית,2
2026-07-30T17:19:18,62,אף אוזן גרון,אילון,language,הולנדית,1
2026-07-30T17:19:18,62,אף אוזן גרון,אילון,language,ספרדית,1
2026-07-30T17:19:18,62,אף אוזן גרון,אילון,language,עברית,38
2026-07-30T17:19:18,62,אף אוזן גרון,אילון,language,ערבית,34
2026-07-30T17:19:18,62,אף אוזן גרון,אילון,language,צרפתית,1
2026-07-30T17:19:18,62,אף אוזן גרון,אילון,language,רומנית,7
2026-07-30T17:19:18,62,אף אוזן גרון,אילון,language,רוסית,5
2026-07-30T17:19:25,62,אף אוזן גרון,אל מוע'ייר,gender,גבר,48
2026-07-30T17:19:25,62,אף אוזן גרון,אל מוע'ייר,gender,אישה,14
2026-07-30T17:19:25,62,אף אוזן גרון,אל מוע'ייר,visit_type,ביקור במרפאה,67
2026-07-30T17:19:25,62,אף אוזן גרון,אל מוע'ייר,visit_type,שיחת טלפון,1
2026-07-30T17:19:25,62,אף אוזן גרון,אל מוע'ייר,language,אוקראינית,1
2026-07-30T17:19:25,62,אף אוזן גרון,אל מוע'ייר,language,אידיש,4
2026-07-30T17:19:25,62,אף אוזן גרון,אל מוע'ייר,language,איטלקית,1
2026-07-30T17:19:25,62,אף אוזן גרון,אל מוע'ייר,language,אנגלית,12
2026-07-30T17:19:25,62,אף אוזן גרון,אל מוע'ייר,language,גרמנית,1
2026-07-30T17:19:25,62,אף אוזן גרון,אל מוע'ייר,language,עברית,16
2026-07-30T17:19:25,62,אף אוזן גרון,אל מוע'ייר,language,ערבית,3
2026-07-30T17:19:25,62,אף אוזן גרון,אל מוע'ייר,language,רומנית,2
2026-07-30T17:19:25,62,אף אוזן גרון,אל מוע'ייר,language,רוסית,6
2026-07-30T17:19:36,62,אף אוזן גרון,אספר,gender,גבר,36
2026-07-30T17:19:36,62,אף אוזן גרון,אספר,gender,אישה,4
2026-07-30T17:19:36,62,אף אוזן גרון,אספר,visit_type,ביקור במרפאה,41
2026-07-30T17:19:36,62,אף אוזן גרון,אספר,language,אידיש,4
2026-07-30T17:19:36,62,אף אוזן גרון,אספר,language,איטלקית,1
2026-07-30T17:19:36,62,אף אוזן גרון,אספר,language,אנגלית,10
2026-07-30T17:19:36,62,אף אוזן גרון,אספר,language,עברית,10
2026-07-30T17:19:36,62,אף אוזן גרון,אספר,language,ערבית,4
2026-07-30T17:19:36,62,אף אוזן גרון,אספר,language,רוסית,4
2026-07-30T17:19:45,62,אף אוזן גרון,ארז,gender,גבר,32
2026-07-30T17:19:45,62,אף אוזן גרון,ארז,gender,אישה,3
2026-07-30T17:19:45,62,אף אוזן גרון,ארז,visit_type,ביקור במרפאה,41
2026-07-30T17:19:45,62,אף אוזן גרון,ארז,language,אוקראינית,1
2026-07-30T17:19:45,62,אף אוזן גרון,ארז,language,אנגלית,3
2026-07-30T17:19:45,62,אף אוזן גרון,ארז,language,הונגרית,1
2026-07-30T17:19:45,62,אף אוזן גרון,ארז,language,עברית,4
2026-07-30T17:19:45,62,אף אוזן גרון,ארז,language,ערבית,1
2026-07-30T17:19:45,62,אף אוזן גרון,ארז,language,צכית,1
2026-07-30T17:19:45,62,אף אוזן גרון,ארז,language,רוסית,1
2026-07-30T17:19:56,62,אף אוזן גרון,אשכולות,gender,גבר,50
2026-07-30T17:19:56,62,אף אוזן גרון,אשכולות,gender,אישה,7
2026-07-30T17:19:56,62,אף אוזן גרון,אשכולות,visit_type,ביקור במרפאה,63
2026-07-30T17:19:56,62,אף אוזן גרון,אשכולות,language,אוקראינית,1
2026-07-30T17:19:56,62,אף אוזן גרון,אשכולות,language,אידיש,3
2026-07-30T17:19:56,62,אף אוזן גרון,אשכולות,language,אנגלית,3
2026-07-30T17:19:56,62,אף אוזן גרון,אשכולות,language,הונגרית,1
2026-07-30T17:19:56,62,אף אוזן גרון,אשכולות,language,ספרדית,3
2026-07-30T17:19:56,62,אף אוזן גרון,אשכולות,language,עברית,11
2026-07-30T17:19:56,62,אף אוזן גרון,אשכולות,language,ערבית,5
2026-07-30T17:19:56,62,אף אוזן גרון,אשכולות,language,צכית,1
2026-07-30T17:19:56,62,אף אוזן גרון,אשכולות,language,רוסית,1
2026-07-30T17:20:09,62,אף אוזן גרון,באר יעקב,gender,גבר,22
2026-07-30T17:20:09,62,אף אוזן גרון,באר יעקב,gender,אישה,1
2026-07-30T17:20:09,62,אף אוזן גרון,באר יעקב,visit_type,ביקור במרפאה,32
2026-07-30T17:20:09,62,אף אוזן גרון,באר יעקב,language,איטלקית,1
2026-07-30T17:20:09,62,אף אוזן גרון,באר יעקב,language,אנגלית,9
2026-07-30T17:20:09,62,אף אוזן גרון,באר יעקב,language,עברית,14
2026-07-30T17:20:09,62,אף אוזן גרון,באר יעקב,language,ערבית,2
2026-07-30T17:20:09,62,אף אוזן גרון,באר יעקב,language,צרפתית,1
2026-07-30T17:20:09,62,אף אוזן גרון,באר יעקב,language,רוסית,4
2026-07-30T17:20:15,62,אף אוזן גרון,בורהאם,gender,גבר,36
2026-07-30T17:20:15,62,אף אוזן גרון,בורהאם,gender,אישה,4
2026-07-30T17:20:15,62,אף אוזן גרון,בורהאם,visit_type,ביקור במרפאה,41
2026-07-30T17:20:15,62,אף אוזן גרון,בורהאם,language,אידיש,4
2026-07-30T17:20:15,62,אף אוזן גרון,בורהאם,language,איטלקית,1
2026-07-30T17:20:15,62,אף אוזן גרון,בורהאם,language,אנגלית,10
2026-07-30T17:20:15,62,אף אוזן גרון,בורהאם,language,עברית,10
2026-07-30T17:20:15,62,אף אוזן גרון,בורהאם,language,ערבית,4
2026-07-30T17:20:15,62,אף אוזן גרון,בורהאם,language,רוסית,4
2026-07-30T17:20:23,62,אף אוזן גרון,ביכורה,gender,גבר,54
2026-07-30T17:20:23,62,אף אוזן גרון,ביכורה,gender,אישה,5
2026-07-30T17:20:23,62,אף אוזן גרון,ביכורה,visit_type,ביקור במרפאה,59
2026-07-30T17:20:23,62,אף אוזן גרון,ביכורה,language,אנגלית,11
2026-07-30T17:20:23,62,אף אוזן גרון,ביכורה,language,עברית,14
2026-07-30T17:20:23,62,אף אוזן גרון,ביכורה,language,ערבית,14
2026-07-30T17:20:23,62,אף אוזן גרון,ביכורה,language,רוסית,2
2026-07-30T17:20:32,62,אף אוזן גרון,בני ברק,gender,אישה,13
2026-07-30T17:20:32,62,אף אוזן גרון,בני ברק,gender,גבר,37
2026-07-30T17:20:32,62,אף אוזן גרון,בני ברק,visit_type,ביקור במרפאה,53
2026-07-30T17:20:32,62,אף אוזן גרון,בני ברק,visit_type,שיחת טלפון,1
2026-07-30T17:20:32,62,אף אוזן גרון,בני ברק,language,אנגלית,22
2026-07-30T17:20:32,62,אף אוזן גרון,בני ברק,language,גרמנית,1
2026-07-30T17:20:32,62,אף אוזן גרון,בני ברק,language,ספרדית,3
2026-07-30T17:20:32,62,אף אוזן גרון,בני ברק,language,עברית,47
2026-07-30T17:20:32,62,אף אוזן גרון,בני ברק,language,ערבית,3
2026-07-30T17:20:32,62,אף אוזן גרון,בני ברק,language,צרפתית,1
2026-07-30T17:20:32,62,אף אוזן גרון,בני ברק,language,רוסית,10
2026-07-30T17:20:43,62,אף אוזן גרון,בסמ''ה,gender,גבר,67
2026-07-30T17:20:43,62,אף אוזן גרון,בסמ''ה,gender,אישה,20
2026-07-30T17:20:43,62,אף אוזן גרון,בסמ''ה,visit_type,ביקור במרפאה,92
2026-07-30T17:20:43,62,אף אוזן גרון,בסמ''ה,visit_type,שיחת טלפון,1
2026-07-30T17:20:43,62,אף אוזן גרון,בסמ''ה,language,אוקראינית,1
2026-07-30T17:20:43,62,אף אוזן גרון,בסמ''ה,language,אידיש,4
2026-07-30T17:20:43,62,אף אוזן גרון,בסמ''ה,language,איטלקית,1
2026-07-30T17:20:43,62,אף אוזן גרון,בסמ''ה,language,אנגלית,19
2026-07-30T17:20:43,62,אף אוזן גרון,בסמ''ה,language,גרמנית,1
2026-07-30T17:20:43,62,אף אוזן גרון,בסמ''ה,language,ספרדית,1
2026-07-30T17:20:43,62,אף אוזן גרון,בסמ''ה,language,עברית,26
2026-07-30T17:20:43,62,אף אוזן גרון,בסמ''ה,language,ערבית,9
2026-07-30T17:20:43,62,אף אוזן גרון,בסמ''ה,language,רומנית,2
2026-07-30T17:20:43,62,אף אוזן גרון,בסמ''ה,language,רוסית,9
2026-07-30T17:20:57,62,אף אוזן גרון,ברוכין,gender,גבר,26
2026-07-30T17:20:57,62,אף אוזן גרון,ברוכין,gender,אישה,10
2026-07-30T17:20:57,62,אף אוזן גרון,ברוכין,visit_type,ביקור במרפאה,38
2026-07-30T17:20:57,62,אף אוזן גרון,ברוכין,visit_type,שיחת טלפון,1
2026-07-30T17:20:57,62,אף אוזן גרון,ברוכין,language,אנגלית,14
2026-07-30T17:20:57,62,אף אוזן גרון,ברוכין,language,ספרדית,2
2026-07-30T17:20:57,62,אף אוזן גרון,ברוכין,language,עברית,37
2026-07-30T17:20:57,62,אף אוזן גרון,ברוכין,language,ערבית,2
2026-07-30T17:20:57,62,אף אוזן גרון,ברוכין,language,רוסית,9
2026-07-30T17:21:05,62,אף אוזן גרון,בת עין,gender,גבר,36
2026-07-30T17:21:05,62,אף אוזן גרון,בת עין,gender,אישה,4
2026-07-30T17:21:05,62,אף אוזן גרון,בת עין,visit_type,ביקור במרפאה,41
2026-07-30T17:21:05,62,אף אוזן גרון,בת עין,language,אידיש,4
2026-07-30T17:21:05,62,אף אוזן גרון,בת עין,language,איטלקית,1
2026-07-30T17:21:05,62,אף אוזן גרון,בת עין,language,אנגלית,10
2026-07-30T17:21:05,62,אף אוזן גרון,בת עין,language,עברית,10
2026-07-30T17:21:05,62,אף אוזן גרון,בת עין,language,ערבית,4
2026-07-30T17:21:05,62,אף אוזן גרון,בת עין,language,רוסית,4
2026-07-30T17:21:14,62,אף אוזן גרון,גבולות,gender,גבר,38
2026-07-30T17:21:14,62,אף אוזן גרון,גבולות,gender,אישה,6
2026-07-30T17:21:14,62,אף אוזן גרון,גבולות,visit_type,ביקור במרפאה,47
2026-07-30T17:21:14,62,אף אוזן גרון,גבולות,language,אוקראינית,1
2026-07-30T17:21:14,62,אף אוזן גרון,גבולות,language,אידיש,3
2026-07-30T17:21:14,62,אף אוזן גרון,גבולות,language,אנגלית,3
2026-07-30T17:21:14,62,אף אוזן גרון,גבולות,language,הונגרית,1
2026-07-30T17:21:14,62,אף אוזן גרון,גבולות,language,ספרדית,3
2026-07-30T17:21:14,62,אף אוזן גרון,גבולות,language,עברית,10
2026-07-30T17:21:14,62,אף אוזן גרון,גבולות,language,ערבית,4
2026-07-30T17:21:14,62,אף אוזן גרון,גבולות,language,צכית,1
2026-07-30T17:21:14,62,אף אוזן גרון,גבולות,language,רוסית,1
2026-07-30T17:21:25,62,אף אוזן גרון,גדות,gender,גבר,54
2026-07-30T17:21:25,62,אף אוזן גרון,גדות,gender,אישה,5
2026-07-30T17:21:25,62,אף אוזן גרון,גדות,visit_type,ביקור במרפאה,59
2026-07-30T17:21:25,62,אף אוזן גרון,גדות,language,אנגלית,11
2026-07-30T17:21:25,62,אף אוזן גרון,גדות,language,עברית,14
2026-07-30T17:21:25,62,אף אוזן גרון,גדות,language,ערבית,14
2026-07-30T17:21:25,62,אף אוזן גרון,גדות,language,רוסית,2
2026-07-30T17:21:34,62,אף אוזן גרון,גיבתון,gender,גבר,21
2026-07-30T17:21:34,62,אף אוזן גרון,גיבתון,gender,אישה,2
2026-07-30T17:21:34,62,אף אוזן גרון,גיבתון,visit_type,ביקור במרפאה,27
2026-07-30T17:21:34,62,אף אוזן גרון,גיבתון,language,איטלקית,1
2026-07-30T17:21:34,62,אף אוזן גרון,גיבתון,language,אנגלית,8
2026-07-30T17:21:34,62,אף אוזן גרון,גיבתון,language,ספרדית,1
2026-07-30T17:21:34,62,אף אוזן גרון,גיבתון,language,עברית,10
2026-07-30T17:21:34,62,אף אוזן גרון,גיבתון,language,צרפתית,2
2026-07-30T17:21:34,62,אף אוזן גרון,גיבתון,language,רוסית,4
2026-07-30T17:21:39,62,אף אוזן גרון,גלגל,gender,גבר,36
2026-07-30T17:21:39,62,אף אוזן גרון,גלגל,gender,אישה,4
2026-07-30T17:21:39,62,אף אוזן גרון,גלגל,visit_type,ביקור במרפאה,41
2026-07-30T17:21:39,62,אף אוזן גרון,גלגל,language,אידיש,4
2026-07-30T17:21:39,62,אף אוזן גרון,גלגל,language,איטלקית,1
2026-07-30T17:21:39,62,אף אוזן גרון,גלגל,language,אנגלית,10
2026-07-30T17:21:39,62,אף אוזן גרון,גלגל,language,עברית,10
2026-07-30T17:21:39,62,אף אוזן גרון,גלגל,language,ערבית,4
2026-07-30T17:21:39,62,אף אוזן גרון,גלגל,language,רוסית,4
2026-07-30T17:21:46,62,אף אוזן גרון,גני עם,gender,גבר,26
2026-07-30T17:21:46,62,אף אוזן גרון,גני עם,gender,אישה,10
2026-07-30T17:21:46,62,אף אוזן גרון,גני עם,visit_type,ביקור במרפאה,38
2026-07-30T17:21:46,62,אף אוזן גרון,גני עם,visit_type,שיחת טלפון,1
2026-07-30T17:21:46,62,אף אוזן גרון,גני עם,language,אנגלית,14
2026-07-30T17:21:46,62,אף אוזן גרון,גני עם,language,ספרדית,2
2026-07-30T17:21:46,62,אף אוזן גרון,גני עם,language,עברית,37
2026-07-30T17:21:46,62,אף אוזן גרון,גני עם,language,ערבית,2
2026-07-30T17:21:46,62,אף אוזן גרון,גני עם,language,רוסית,9
2026-07-30T17:21:54,62,אף אוזן גרון,גת רימון,gender,גבר,26
2026-07-30T17:21:54,62,אף אוזן גרון,גת רימון,gender,אישה,10
2026-07-30T17:21:54,62,אף אוזן גרון,גת רימון,visit_type,ביקור במרפאה,38
2026-07-30T17:21:54,62,אף אוזן גרון,גת רימון,visit_type,שיחת טלפון,1
2026-07-30T17:21:54,62,אף אוזן גרון,גת רימון,language,אנגלית,14
2026-07-30T17:21:54,62,אף אוזן גרון,גת רימון,language,ספרדית,2
2026-07-30T17:21:54,62,אף אוזן גרון,גת רימון,language,עברית,37
2026-07-30T17:21:54,62,אף אוזן גרון,גת רימון,language,ערבית,2
2026-07-30T17:21:54,62,אף אוזן גרון,גת רימון,language,רוסית,9
2026-07-30T17:22:02,62,אף אוזן גרון,דוב''ב,gender,גבר,54
2026-07-30T17:22:02,62,אף אוזן גרון,דוב''ב,gender,אישה,5
2026-07-30T17:22:02,62,אף אוזן גרון,דוב''ב,visit_type,ביקור במרפאה,59
2026-07-30T17:22:02,62,אף אוזן גרון,דוב''ב,language,אנגלית,11
2026-07-30T17:22:02,62,אף אוזן גרון,דוב''ב,language,עברית,14
2026-07-30T17:22:02,62,אף אוזן גרון,דוב''ב,language,ערבית,14
2026-07-30T17:22:02,62,אף אוזן גרון,דוב''ב,language,רוסית,2
2026-07-30T17:22:13,62,אף אוזן גרון,דייר חנא,gender,גבר,47
2026-07-30T17:22:13,62,אף אוזן גרון,דייר חנא,gender,אישה,8
2026-07-30T17:22:13,62,אף אוזן גרון,דייר חנא,visit_type,ביקור במרפאה,55
2026-07-30T17:22:13,62,אף אוזן גרון,דייר חנא,visit_type,שיחת טלפון,2
2026-07-30T17:22:13,62,אף אוזן גרון,דייר חנא,language,איטלקית,5
2026-07-30T17:22:13,62,אף אוזן גרון,דייר חנא,language,אנגלית,40
2026-07-30T17:22:13,62,אף אוזן גרון,דייר חנא,language,גרמנית,4
2026-07-30T17:22:13,62,אף אוזן גרון,דייר חנא,language,הולנדית,1
2026-07-30T17:22:13,62,אף אוזן גרון,דייר חנא,language,הונגרית,1
2026-07-30T17:22:13,62,אף אוזן גרון,דייר חנא,language,ספרדית,1
2026-07-30T17:22:13,62,אף אוזן גרון,דייר חנא,language,עברית,55
2026-07-30T17:22:13,62,אף אוזן גרון,דייר חנא,language,ערבית,40
2026-07-30T17:22:13,62,אף אוזן גרון,דייר חנא,language,צרפתית,1
2026-07-30T17:22:13,62,אף אוזן גרון,דייר חנא,language,רומנית,7
2026-07-30T17:22:13,62,אף אוזן גרון,דייר חנא,language,רוסית,10
2026-07-30T17:22:23,62,אף אוזן גרון,דלתון,gender,גבר,54
2026-07-30T17:22:23,62,אף אוזן גרון,דלתון,gender,אישה,5
2026-07-30T17:22:23,62,אף אוזן גרון,דלתון,visit_type,ביקור במרפאה,59
2026-07-30T17:22:23,62,אף אוזן גרון,דלתון,language,אנגלית,11
2026-07-30T17:22:23,62,אף אוזן גרון,דלתון,language,עברית,14
2026-07-30T17:22:23,62,אף אוזן גרון,דלתון,language,ערבית,14
2026-07-30T17:22:23,62,אף אוזן גרון,דלתון,language,רוסית,2
2026-07-30T17:22:33,62,אף אוזן גרון,הדר עם,gender,גבר,48
2026-07-30T17:22:33,62,אף אוזן גרון,הדר עם,gender,אישה,14
2026-07-30T17:22:33,62,אף אוזן גרון,הדר עם,visit_type,ביקור במרפאה,67
2026-07-30T17:22:33,62,אף אוזן גרון,הדר עם,visit_type,שיחת טלפון,1
2026-07-30T17:22:33,62,אף אוזן גרון,הדר עם,language,אוקראינית,1
2026-07-30T17:22:33,62,אף אוזן גרון,הדר עם,language,אידיש,4
2026-07-30T17:22:33,62,אף אוזן גרון,הדר עם,language,איטלקית,1
2026-07-30T17:22:33,62,אף אוזן גרון,הדר עם,language,אנגלית,12
2026-07-30T17:22:33,62,אף אוזן גרון,הדר עם,language,גרמנית,1
2026-07-30T17:22:33,62,אף אוזן גרון,הדר עם,language,עברית,16
2026-07-30T17:22:33,62,אף אוזן גרון,הדר עם,language,ערבית,3
2026-07-30T17:22:33,62,אף אוזן גרון,הדר עם,language,רומנית,2
2026-07-30T17:22:33,62,אף אוזן גרון,הדר עם,language,רוסית,6
2026-07-30T17:22:44,62,אף אוזן גרון,היוגב,gender,גבר,86
2026-07-30T17:22:44,62,אף אוזן גרון,היוגב,gender,אישה,8
2026-07-30T17:22:44,62,אף אוזן גרון,היוגב,visit_type,ביקור במרפאה,95
2026-07-30T17:22:44,62,אף אוזן גרון,היוגב,language,אנגלית,17
2026-07-30T17:22:44,62,אף אוזן גרון,היוגב,language,ספרדית,1
2026-07-30T17:22:44,62,אף אוזן גרון,היוגב,language,עברית,23
2026-07-30T17:22:44,62,אף אוזן גרון,היוגב,language,ערבית,19
2026-07-30T17:22:44,62,אף אוזן גרון,היוגב,language,רוסית,5
2026-07-30T17:23:01,62,אף אוזן גרון,הרדוף,gender,גבר,66
2026-07-30T17:23:01,62,אף אוזן גרון,הרדוף,gender,אישה,13
2026-07-30T17:23:01,62,אף אוזן גרון,הרדוף,visit_type,ביקור במרפאה,82
2026-07-30T17:23:01,62,אף אוזן גרון,הרדוף,visit_type,שיחת טלפון,4
2026-07-30T17:23:01,62,אף אוזן גרון,הרדוף,language,איטלקית,1
2026-07-30T17:23:01,62,אף אוזן גרון,הרדוף,language,אנגלית,24
2026-07-30T17:23:01,62,אף אוזן גרון,הרדוף,language,גרמנית,4
2026-07-30T17:23:01,62,אף אוזן גרון,הרדוף,language,הונגרית,1
2026-07-30T17:23:01,62,אף אוזן גרון,הרדוף,language,ספרדית,1
2026-07-30T17:23:01,62,אף אוזן גרון,הרדוף,language,עברית,39
2026-07-30T17:23:01,62,אף אוזן גרון,הרדוף,language,ערבית,18
2026-07-30T17:23:01,62,אף אוזן גרון,הרדוף,language,רוסית,11
2026-07-30T17:23:15,62,אף אוזן גרון,זבדיאל,gender,גבר,32
2026-07-30T17:23:15,62,אף אוזן גרון,זבדיאל,gender,אישה,3
2026-07-30T17:23:15,62,אף אוזן גרון,זבדיאל,visit_type,ביקור במרפאה,41
2026-07-30T17:23:15,62,אף אוזן גרון,זבדיאל,language,אוקראינית,1
2026-07-30T17:23:15,62,אף אוזן גרון,זבדיאל,language,אנגלית,3
2026-07-30T17:23:15,62,אף אוזן גרון,זבדיאל,language,הונגרית,1
2026-07-30T17:23:15,62,אף אוזן גרון,זבדיאל,language,עברית,4
2026-07-30T17:23:15,62,אף אוזן גרון,זבדיאל,language,ערבית,1
2026-07-30T17:23:15,62,אף אוזן גרון,זבדיאל,language,צכית,1
2026-07-30T17:23:15,62,אף אוזן גרון,זבדיאל,language,רוסית,1
2026-07-30T17:23:24,62,אף אוזן גרון,זכריה,gender,גבר,36
2026-07-30T17:23:24,62,אף אוזן גרון,זכריה,gender,אישה,4
2026-07-30T17:23:24,62,אף אוזן גרון,זכריה,visit_type,ביקור במרפאה,41
2026-07-30T17:23:24,62,אף אוזן גרון,זכריה,language,אידיש,4
2026-07-30T17:23:24,62,אף אוזן גרון,זכריה,language,איטלקית,1
2026-07-30T17:23:24,62,אף אוזן גרון,זכריה,language,אנגלית,10
2026-07-30T17:23:24,62,אף אוזן גרון,זכריה,language,עברית,10
2026-07-30T17:23:24,62,אף אוזן גרון,זכריה,language,ערבית,4
2026-07-30T17:23:24,62,אף אוזן גרון,זכריה,language,רוסית,4
2026-07-30T17:23:31,62,אף אוזן גרון,חארס,gender,גבר,26
2026-07-30T17:23:31,62,אף אוזן גרון,חארס,gender,אישה,10
2026-07-30T17:23:31,62,אף אוזן גרון,חארס,visit_type,ביקור במרפאה,38
2026-07-30T17:23:31,62,אף אוזן גרון,חארס,visit_type,שיחת טלפון,1
2026-07-30T17:23:31,62,אף אוזן גרון,חארס,language,אנגלית,14
2026-07-30T17:23:31,62,אף אוזן גרון,חארס,language,ספרדית,2
2026-07-30T17:23:31,62,אף אוזן גרון,חארס,language,עברית,37
2026-07-30T17:23:31,62,אף אוזן גרון,חארס,language,ערבית,2
2026-07-30T17:23:31,62,אף אוזן גרון,חארס,language,רוסית,9
2026-07-30T17:23:38,62,אף אוזן גרון,חדיד,gender,גבר,22
2026-07-30T17:23:38,62,אף אוזן גרון,חדיד,gender,אישה,1
2026-07-30T17:23:38,62,אף אוזן גרון,חדיד,visit_type,ביקור במרפאה,32
2026-07-30T17:23:38,62,אף אוזן גרון,חדיד,language,איטלקית,1
2026-07-30T17:23:38,62,אף אוזן גרון,חדיד,language,אנגלית,9
2026-07-30T17:23:38,62,אף אוזן גרון,חדיד,language,עברית,14
2026-07-30T17:23:38,62,אף אוזן גרון,חדיד,language,ערבית,2
2026-07-30T17:23:38,62,אף אוזן גרון,חדיד,language,צרפתית,1
2026-07-30T17:23:38,62,אף אוזן גרון,חדיד,language,רוסית,4
2026-07-30T17:23:46,62,אף אוזן גרון,חופית,gender,גבר,48
2026-07-30T17:23:46,62,אף אוזן גרון,חופית,gender,אישה,14
2026-07-30T17:23:46,62,אף אוזן גרון,חופית,visit_type,ביקור במרפאה,67
2026-07-30T17:23:46,62,אף אוזן גרון,חופית,visit_type,שיחת טלפון,1
2026-07-30T17:23:46,62,אף אוזן גרון,חופית,language,אוקראינית,1
2026-07-30T17:23:46,62,אף אוזן גרון,חופית,language,אידיש,4
2026-07-30T17:23:46,62,אף אוזן גרון,חופית,language,איטלקית,1
2026-07-30T17:23:46,62,אף אוזן גרון,חופית,language,אנגלית,12
2026-07-30T17:23:46,62,אף אוזן גרון,חופית,language,גרמנית,1
2026-07-30T17:23:46,62,אף אוזן גרון,חופית,language,עברית,16
2026-07-30T17:23:46,62,אף אוזן גרון,חופית,language,ערבית,3
2026-07-30T17:23:46,62,אף אוזן גרון,חופית,language,רומנית,2
2026-07-30T17:23:46,62,אף אוזן גרון,חופית,language,רוסית,6
2026-07-30T17:23:57,62,אף אוזן גרון,חמאם,gender,גבר,54
2026-07-30T17:23:57,62,אף אוזן גרון,חמאם,gender,אישה,5
2026-07-30T17:23:57,62,אף אוזן גרון,חמאם,visit_type,ביקור במרפאה,59
2026-07-30T17:23:57,62,אף אוזן גרון,חמאם,language,אנגלית,11
2026-07-30T17:23:57,62,אף אוזן גרון,חמאם,language,עברית,14
2026-07-30T17:23:57,62,אף אוזן גרון,חמאם,language,ערבית,14
2026-07-30T17:23:57,62,אף אוזן גרון,חמאם,language,רוסית,2
2026-07-30T17:24:08,62,אף אוזן גרון,חפצי בה,gender,גבר,86
2026-07-30T17:24:08,62,אף אוזן גרון,חפצי בה,gender,אישה,8
2026-07-30T17:24:08,62,אף אוזן גרון,חפצי בה,visit_type,ביקור במרפאה,95
2026-07-30T17:24:08,62,אף אוזן גרון,חפצי בה,language,אנגלית,17
2026-07-30T17:24:08,62,אף אוזן גרון,חפצי בה,language,ספרדית,1
2026-07-30T17:24:08,62,אף אוזן גרון,חפצי בה,language,עברית,23
2026-07-30T17:24:08,62,אף אוזן גרון,חפצי בה,language,ערבית,19
2026-07-30T17:24:08,62,אף אוזן גרון,חפצי בה,language,רוסית,5
2026-07-30T17:24:25,62,אף אוזן גרון,חרמש,gender,גבר,67
2026-07-30T17:24:25,62,אף אוזן גרון,חרמש,gender,אישה,20
2026-07-30T17:24:25,62,אף אוזן גרון,חרמש,visit_type,ביקור במרפאה,92
2026-07-30T17:24:25,62,אף אוזן גרון,חרמש,visit_type,שיחת טלפון,1
2026-07-30T17:24:25,62,אף אוזן גרון,חרמש,language,אוקראינית,1
2026-07-30T17:24:25,62,אף אוזן גרון,חרמש,language,אידיש,4
2026-07-30T17:24:25,62,אף אוזן גרון,חרמש,language,איטלקית,1
2026-07-30T17:24:25,62,אף אוזן גרון,חרמש,language,אנגלית,19
2026-07-30T17:24:25,62,אף אוזן גרון,חרמש,language,גרמנית,1
2026-07-30T17:24:25,62,אף אוזן גרון,חרמש,language,ספרדית,1
2026-07-30T17:24:25,62,אף אוזן גרון,חרמש,language,עברית,26
2026-07-30T17:24:25,62,אף אוזן גרון,חרמש,language,ערבית,9
2026-07-30T17:24:25,62,אף אוזן גרון,חרמש,language,רומנית,2
2026-07-30T17:24:25,62,אף אוזן גרון,חרמש,language,רוסית,9
2026-07-30T17:24:39,62,אף אוזן גרון,טייבה ליד עפרה,gender,גבר,36
2026-07-30T17:24:39,62,אף אוזן גרון,טייבה ליד עפרה,gender,אישה,4
2026-07-30T17:24:39,62,אף אוזן גרון,טייבה ליד עפרה,visit_type,ביקור במרפאה,41
2026-07-30T17:24:39,62,אף אוזן גרון,טייבה ליד עפרה,language,אידיש,4
2026-07-30T17:24:39,62,אף אוזן גרון,טייבה ליד עפרה,language,איטלקית,1
2026-07-30T17:24:39,62,אף אוזן גרון,טייבה ליד עפרה,language,אנגלית,10
2026-07-30T17:24:39,62,אף אוזן גרון,טייבה ליד עפרה,language,עברית,10
2026-07-30T17:24:39,62,אף אוזן גרון,טייבה ליד עפרה,language,ערבית,4
2026-07-30T17:24:39,62,אף אוזן גרון,טייבה ליד עפרה,language,רוסית,4
2026-07-30T17:24:46,62,אף אוזן גרון,טלמון,gender,גבר,36
2026-07-30T17:24:46,62,אף אוזן גרון,טלמון,gender,אישה,4
2026-07-30T17:24:46,62,אף אוזן גרון,טלמון,visit_type,ביקור במרפאה,41
2026-07-30T17:24:46,62,אף אוזן גרון,טלמון,language,אידיש,4
2026-07-30T17:24:46,62,אף אוזן גרון,טלמון,language,איטלקית,1
2026-07-30T17:24:46,62,אף אוזן גרון,טלמון,language,אנגלית,10
2026-07-30T17:24:46,62,אף אוזן גרון,טלמון,language,עברית,10
2026-07-30T17:24:46,62,אף אוזן גרון,טלמון,language,ערבית,4
2026-07-30T17:24:46,62,אף אוזן גרון,טלמון,language,רוסית,4
2026-07-30T17:24:55,62,אף אוזן גרון,יאסיד,gender,גבר,48
2026-07-30T17:24:55,62,אף אוזן גרון,יאסיד,gender,אישה,14
2026-07-30T17:24:55,62,אף אוזן גרון,יאסיד,visit_type,ביקור במרפאה,67
2026-07-30T17:24:55,62,אף אוזן גרון,יאסיד,visit_type,שיחת טלפון,1
2026-07-30T17:24:55,62,אף אוזן גרון,יאסיד,language,אוקראינית,1
2026-07-30T17:24:55,62,אף אוזן גרון,יאסיד,language,אידיש,4
2026-07-30T17:24:55,62,אף אוזן גרון,יאסיד,language,איטלקית,1
2026-07-30T17:24:55,62,אף אוזן גרון,יאסיד,language,אנגלית,12
2026-07-30T17:24:55,62,אף אוזן גרון,יאסיד,language,גרמנית,1
2026-07-30T17:24:55,62,אף אוזן גרון,יאסיד,language,עברית,16
2026-07-30T17:24:55,62,אף אוזן גרון,יאסיד,language,ערבית,3
2026-07-30T17:24:55,62,אף אוזן גרון,יאסיד,language,רומנית,2
2026-07-30T17:24:55,62,אף אוזן גרון,יאסיד,language,רוסית,6
2026-07-30T17:25:07,62,אף אוזן גרון,יד חנה,gender,גבר,48
2026-07-30T17:25:07,62,אף אוזן גרון,יד חנה,gender,אישה,14
2026-07-30T17:25:07,62,אף אוזן גרון,יד חנה,visit_type,ביקור במרפאה,67
2026-07-30T17:25:07,62,אף אוזן גרון,יד חנה,visit_type,שיחת טלפון,1
2026-07-30T17:25:07,62,אף אוזן גרון,יד חנה,language,אוקראינית,1
2026-07-30T17:25:07,62,אף אוזן גרון,יד חנה,language,אידיש,4
2026-07-30T17:25:07,62,אף אוזן גרון,יד חנה,language,איטלקית,1
2026-07-30T17:25:07,62,אף אוזן גרון,יד חנה,language,אנגלית,12
2026-07-30T17:25:07,62,אף אוזן גרון,יד חנה,language,גרמנית,1
2026-07-30T17:25:07,62,אף אוזן גרון,יד חנה,language,עברית,16
2026-07-30T17:25:07,62,אף אוזן גרון,יד חנה,language,ערבית,3
2026-07-30T17:25:07,62,אף אוזן גרון,יד חנה,language,רומנית,2
2026-07-30T17:25:07,62,אף אוזן גרון,יד חנה,language,רוסית,6
2026-07-30T17:25:18,62,אף אוזן גרון,יונתן,gender,גבר,54
2026-07-30T17:25:18,62,אף אוזן גרון,יונתן,gender,אישה,5
2026-07-30T17:25:18,62,אף אוזן גרון,יונתן,visit_type,ביקור במרפאה,59
2026-07-30T17:25:18,62,אף אוזן גרון,יונתן,language,אנגלית,11
2026-07-30T17:25:18,62,אף אוזן גרון,יונתן,language,עברית,14
2026-07-30T17:25:18,62,אף אוזן גרון,יונתן,language,ערבית,14
2026-07-30T17:25:18,62,אף אוזן גרון,יונתן,language,רוסית,2
2026-07-30T17:25:27,62,אף אוזן גרון,יסוד המעלה,gender,גבר,54
2026-07-30T17:25:27,62,אף אוזן גרון,יסוד המעלה,gender,אישה,5
2026-07-30T17:25:27,62,אף אוזן גרון,יסוד המעלה,visit_type,ביקור במרפאה,59
2026-07-30T17:25:27,62,אף אוזן גרון,יסוד המעלה,language,אנגלית,11
2026-07-30T17:25:27,62,אף אוזן גרון,יסוד המעלה,language,עברית,14
2026-07-30T17:25:27,62,אף אוזן גרון,יסוד המעלה,language,ערבית,14
2026-07-30T17:25:27,62,אף אוזן גרון,יסוד המעלה,language,רוסית,2
2026-07-30T17:25:38,62,אף אוזן גרון,יפעת,gender,גבר,86
2026-07-30T17:25:38,62,אף אוזן גרון,יפעת,gender,אישה,8
2026-07-30T17:25:38,62,אף אוזן גרון,יפעת,visit_type,ביקור במרפאה,95
2026-07-30T17:25:38,62,אף אוזן גרון,יפעת,language,אנגלית,17
2026-07-30T17:25:38,62,אף אוזן גרון,יפעת,language,ספרדית,1
2026-07-30T17:25:38,62,אף אוזן גרון,יפעת,language,עברית,23
2026-07-30T17:25:38,62,אף אוזן גרון,יפעת,language,ערבית,19
2026-07-30T17:25:38,62,אף אוזן גרון,יפעת,language,רוסית,5
2026-07-30T17:25:54,62,אף אוזן גרון,ירוחם,gender,גבר,38
2026-07-30T17:25:54,62,אף אוזן גרון,ירוחם,gender,אישה,6
2026-07-30T17:25:54,62,אף אוזן גרון,ירוחם,visit_type,ביקור במרפאה,47
2026-07-30T17:25:54,62,אף אוזן גרון,ירוחם,language,אוקראינית,1
2026-07-30T17:25:54,62,אף אוזן גרון,ירוחם,language,אידיש,3
2026-07-30T17:25:54,62,אף אוזן גרון,ירוחם,language,אנגלית,3
2026-07-30T17:25:54,62,אף אוזן גרון,ירוחם,language,הונגרית,1
2026-07-30T17:25:54,62,אף אוזן גרון,ירוחם,language,ספרדית,3
2026-07-30T17:25:54,62,אף אוזן גרון,ירוחם,language,עברית,10
2026-07-30T17:25:54,62,אף אוזן גרון,ירוחם,language,ערבית,4
2026-07-30T17:25:54,62,אף אוזן גרון,ירוחם,language,צכית,1
2026-07-30T17:25:54,62,אף אוזן גרון,ירוחם,language,רוסית,1
2026-07-30T17:26:06,62,אף אוזן גרון,יתיר,gender,גבר,50
2026-07-30T17:26:06,62,אף אוזן גרון,יתיר,gender,אישה,7
2026-07-30T17:26:06,62,אף אוזן גרון,יתיר,visit_type,ביקור במרפאה,63
2026-07-30T17:26:06,62,אף אוזן גרון,יתיר,language,אוקראינית,1
2026-07-30T17:26:06,62,אף אוזן גרון,יתיר,language,אידיש,3
2026-07-30T17:26:06,62,אף אוזן גרון,יתיר,language,אנגלית,3
2026-07-30T17:26:06,62,אף אוזן גרון,יתיר,language,הונגרית,1
2026-07-30T17:26:06,62,אף אוזן גרון,יתיר,language,ספרדית,3
2026-07-30T17:26:06,62,אף אוזן גרון,יתיר,language,עברית,11
2026-07-30T17:26:06,62,אף אוזן גרון,יתיר,language,ערבית,5
2026-07-30T17:26:06,62,אף אוזן גרון,יתיר,language,צכית,1
2026-07-30T17:26:06,62,אף אוזן גרון,יתיר,language,רוסית,1
2026-07-30T17:26:20,62,אף אוזן גרון,כוכב יעקב,gender,גבר,36
2026-07-30T17:26:20,62,אף אוזן גרון,כוכב יעקב,gender,אישה,4
2026-07-30T17:26:20,62,אף אוזן גרון,כוכב יעקב,visit_type,ביקור במרפאה,41
2026-07-30T17:26:20,62,אף אוזן גרון,כוכב יעקב,language,אידיש,4
2026-07-30T17:26:20,62,אף אוזן גרון,כוכב יעקב,language,איטלקית,1
2026-07-30T17:26:20,62,אף אוזן גרון,כוכב יעקב,language,אנגלית,10
2026-07-30T17:26:20,62,אף אוזן גרון,כוכב יעקב,language,עברית,10
2026-07-30T17:26:20,62,אף אוזן גרון,כוכב יעקב,language,ערבית,4
2026-07-30T17:26:20,62,אף אוזן גרון,כוכב יעקב,language,רוסית,4
2026-07-30T17:26:27,62,אף אוזן גרון,כיסרא סומיע,gender,גבר,35
2026-07-30T17:26:27,62,אף אוזן גרון,כיסרא סומיע,gender,אישה,3
2026-07-30T17:26:27,62,אף אוזן גרון,כיסרא סומיע,visit_type,ביקור במרפאה,38
2026-07-30T17:26:27,62,אף אוזן גרון,כיסרא סומיע,visit_type,שיחת טלפון,1
2026-07-30T17:26:27,62,אף אוזן גרון,כיסרא סומיע,language,איטלקית,5
2026-07-30T17:26:27,62,אף אוזן גרון,כיסרא סומיע,language,אנגלית,29
2026-07-30T17:26:27,62,אף אוזן גרון,כיסרא סומיע,language,גרמנית,2
2026-07-30T17:26:27,62,אף אוזן גרון,כיסרא סומיע,language,הולנדית,1
2026-07-30T17:26:27,62,אף אוזן גרון,כיסרא סומיע,language,ספרדית,1
2026-07-30T17:26:27,62,אף אוזן גרון,כיסרא סומיע,language,עברית,38
2026-07-30T17:26:27,62,אף אוזן גרון,כיסרא סומיע,language,ערבית,34
2026-07-30T17:26:27,62,אף אוזן גרון,כיסרא סומיע,language,צרפתית,1
2026-07-30T17:26:27,62,אף אוזן גרון,כיסרא סומיע,language,רומנית,7
2026-07-30T17:26:27,62,אף אוזן גרון,כיסרא סומיע,language,רוסית,5
2026-07-30T17:26:34,62,אף אוזן גרון,כנף,gender,גבר,54
2026-07-30T17:26:34,62,אף אוזן גרון,כנף,gender,אישה,5
2026-07-30T17:26:34,62,אף אוזן גרון,כנף,visit_type,ביקור במרפאה,59
2026-07-30T17:26:34,62,אף אוזן גרון,כנף,language,אנגלית,11
2026-07-30T17:26:34,62,אף אוזן גרון,כנף,language,עברית,14
2026-07-30T17:26:34,62,אף אוזן גרון,כנף,language,ערבית,14
2026-07-30T17:26:34,62,אף אוזן גרון,כנף,language,רוסית,2
2026-07-30T17:26:44,62,אף אוזן גרון,כפר ביאליק,gender,גבר,47
2026-07-30T17:26:44,62,אף אוזן גרון,כפר ביאליק,gender,אישה,12
2026-07-30T17:26:44,62,אף אוזן גרון,כפר ביאליק,visit_type,ביקור במרפאה,61
2026-07-30T17:26:44,62,אף אוזן גרון,כפר ביאליק,visit_type,שיחת טלפון,5
2026-07-30T17:26:44,62,אף אוזן גרון,כפר ביאליק,language,איטלקית,3
2026-07-30T17:26:44,62,אף אוזן גרון,כפר ביאליק,language,אנגלית,37
2026-07-30T17:26:44,62,אף אוזן גרון,כפר ביאליק,language,גרמנית,6
2026-07-30T17:26:44,62,אף אוזן גרון,כפר ביאליק,language,הולנדית,1
2026-07-30T17:26:44,62,אף אוזן גרון,כפר ביאליק,language,הונגרית,1
2026-07-30T17:26:44,62,אף אוזן גרון,כפר ביאליק,language,ספרדית,2
2026-07-30T17:26:44,62,אף אוזן גרון,כפר ביאליק,language,עברית,60
2026-07-30T17:26:44,62,אף אוזן גרון,כפר ביאליק,language,ערבית,37
2026-07-30T17:26:44,62,אף אוזן גרון,כפר ביאליק,language,צרפתית,1
2026-07-30T17:26:44,62,אף אוזן גרון,כפר ביאליק,language,רומנית,1
2026-07-30T17:26:44,62,אף אוזן גרון,כפר ביאליק,language,רוסית,13
2026-07-30T17:26:55,62,אף אוזן גרון,כרם מהר''ל,gender,גבר,66
2026-07-30T17:26:55,62,אף אוזן גרון,כרם מהר''ל,gender,אישה,13
2026-07-30T17:26:55,62,אף אוזן גרון,כרם מהר''ל,visit_type,ביקור במרפאה,82
2026-07-30T17:26:55,62,אף אוזן גרון,כרם מהר''ל,visit_type,שיחת טלפון,4
2026-07-30T17:26:55,62,אף אוזן גרון,כרם מהר''ל,language,איטלקית,1
2026-07-30T17:26:55,62,אף אוזן גרון,כרם מהר''ל,language,אנגלית,24
2026-07-30T17:26:55,62,אף אוזן גרון,כרם מהר''ל,language,גרמנית,4
2026-07-30T17:26:55,62,אף אוזן גרון,כרם מהר''ל,language,הונגרית,1
2026-07-30T17:26:55,62,אף אוזן גרון,כרם מהר''ל,language,ספרדית,1
2026-07-30T17:26:55,62,אף אוזן גרון,כרם מהר''ל,language,עברית,39
2026-07-30T17:26:55,62,אף אוזן גרון,כרם מהר''ל,language,ערבית,18
2026-07-30T17:26:55,62,אף אוזן גרון,כרם מהר''ל,language,רוסית,11
2026-07-30T17:27:09,62,אף אוזן גרון,להבות הבשן,gender,גבר,54
2026-07-30T17:27:09,62,אף אוזן גרון,להבות הבשן,gender,אישה,5
2026-07-30T17:27:09,62,אף אוזן גרון,להבות הבשן,visit_type,ביקור במרפאה,59
2026-07-30T17:27:09,62,אף אוזן גרון,להבות הבשן,language,אנגלית,11
2026-07-30T17:27:09,62,אף אוזן גרון,להבות הבשן,language,עברית,14
2026-07-30T17:27:09,62,אף אוזן גרון,להבות הבשן,language,ערבית,14
2026-07-30T17:27:09,62,אף אוזן גרון,להבות הבשן,language,רוסית,2
2026-07-30T17:27:20,62,אף אוזן גרון,לכיש,gender,גבר,32
2026-07-30T17:27:20,62,אף אוזן גרון,לכיש,gender,אישה,3
2026-07-30T17:27:20,62,אף אוזן גרון,לכיש,visit_type,ביקור במרפאה,41
2026-07-30T17:27:20,62,אף אוזן גרון,לכיש,language,אוקראינית,1
2026-07-30T17:27:20,62,אף אוזן גרון,לכיש,language,אנגלית,3
2026-07-30T17:27:20,62,אף אוזן גרון,לכיש,language,הונגרית,1
2026-07-30T17:27:20,62,אף אוזן גרון,לכיש,language,עברית,4
2026-07-30T17:27:20,62,אף אוזן גרון,לכיש,language,ערבית,1
2026-07-30T17:27:20,62,אף אוזן גרון,לכיש,language,צכית,1
2026-07-30T17:27:20,62,אף אוזן גרון,לכיש,language,רוסית,1
2026-07-30T17:27:29,62,אף אוזן גרון,מבוא מודיעים,gender,גבר,22
2026-07-30T17:27:29,62,אף אוזן גרון,מבוא מודיעים,gender,אישה,1
2026-07-30T17:27:29,62,אף אוזן גרון,מבוא מודיעים,visit_type,ביקור במרפאה,32
2026-07-30T17:27:29,62,אף אוזן גרון,מבוא מודיעים,language,איטלקית,1
2026-07-30T17:27:29,62,אף אוזן גרון,מבוא מודיעים,language,אנגלית,9
2026-07-30T17:27:29,62,אף אוזן גרון,מבוא מודיעים,language,עברית,14
2026-07-30T17:27:29,62,אף אוזן גרון,מבוא מודיעים,language,ערבית,2
2026-07-30T17:27:29,62,אף אוזן גרון,מבוא מודיעים,language,צרפתית,1
2026-07-30T17:27:29,62,אף אוזן גרון,מבוא מודיעים,language,רוסית,4
2026-07-30T17:27:36,62,אף אוזן גרון,מגאר,gender,גבר,54
2026-07-30T17:27:36,62,אף אוזן גרון,מגאר,gender,אישה,5
2026-07-30T17:27:36,62,אף אוזן גרון,מגאר,visit_type,ביקור במרפאה,59
2026-07-30T17:27:36,62,אף אוזן גרון,מגאר,language,אנגלית,11
2026-07-30T17:27:36,62,אף אוזן גרון,מגאר,language,עברית,14
2026-07-30T17:27:36,62,אף אוזן גרון,מגאר,language,ערבית,14
2026-07-30T17:27:36,62,אף אוזן גרון,מגאר,language,רוסית,2
2026-07-30T17:27:46,62,אף אוזן גרון,מודיעין עילית,gender,גבר,23
2026-07-30T17:27:46,62,אף אוזן גרון,מודיעין עילית,gender,אישה,1
2026-07-30T17:27:46,62,אף אוזן גרון,מודיעין עילית,visit_type,ביקור במרפאה,34
2026-07-30T17:27:46,62,אף אוזן גרון,מודיעין עילית,language,איטלקית,1
2026-07-30T17:27:46,62,אף אוזן גרון,מודיעין עילית,language,אנגלית,10
2026-07-30T17:27:46,62,אף אוזן גרון,מודיעין עילית,language,עברית,15
2026-07-30T17:27:46,62,אף אוזן גרון,מודיעין עילית,language,ערבית,3
2026-07-30T17:27:46,62,אף אוזן גרון,מודיעין עילית,language,צרפתית,1
2026-07-30T17:27:46,62,אף אוזן גרון,מודיעין עילית,language,רוסית,4
2026-07-30T17:27:53,62,אף אוזן גרון,מזור,gender,גבר,34
2026-07-30T17:27:53,62,אף אוזן גרון,מזור,gender,אישה,20
2026-07-30T17:27:53,62,אף אוזן גרון,מזור,visit_type,ביקור במרפאה,59
2026-07-30T17:27:53,62,אף אוזן גרון,מזור,visit_type,שיחת טלפון,1
2026-07-30T17:27:53,62,אף אוזן גרון,מזור,language,אוקראינית,1
2026-07-30T17:27:53,62,אף אוזן גרון,מזור,language,אידיש,1
2026-07-30T17:27:53,62,אף אוזן גרון,מזור,language,איטלקית,1
2026-07-30T17:27:53,62,אף אוזן גרון,מזור,language,אנגלית,18
2026-07-30T17:27:53,62,אף אוזן גרון,מזור,language,גרמנית,1
2026-07-30T17:27:53,62,אף אוזן גרון,מזור,language,ספרדית,2
2026-07-30T17:27:53,62,אף אוזן גרון,מזור,language,עברית,44
2026-07-30T17:27:53,62,אף אוזן גרון,מזור,language,ערבית,3
2026-07-30T17:27:53,62,אף אוזן גרון,מזור,language,רומנית,1
2026-07-30T17:27:53,62,אף אוזן גרון,מזור,language,רוסית,11
2026-07-30T17:28:03,62,אף אוזן גרון,מטע,gender,גבר,36
2026-07-30T17:28:03,62,אף אוזן גרון,מטע,gender,אישה,4
2026-07-30T17:28:03,62,אף אוזן גרון,מטע,visit_type,ביקור במרפאה,41
2026-07-30T17:28:03,62,אף אוזן גרון,מטע,language,אידיש,4
2026-07-30T17:28:03,62,אף אוזן גרון,מטע,language,איטלקית,1
2026-07-30T17:28:03,62,אף אוזן גרון,מטע,language,אנגלית,10
2026-07-30T17:28:03,62,אף אוזן גרון,מטע,language,עברית,10
2026-07-30T17:28:03,62,אף אוזן גרון,מטע,language,ערבית,4
2026-07-30T17:28:03,62,אף אוזן גרון,מטע,language,רוסית,4
2026-07-30T17:28:11,62,אף אוזן גרון,מית'לון,gender,גבר,48
2026-07-30T17:28:11,62,אף אוזן גרון,מית'לון,gender,אישה,14
2026-07-30T17:28:11,62,אף אוזן גרון,מית'לון,visit_type,ביקור במרפאה,67
2026-07-30T17:28:11,62,אף אוזן גרון,מית'לון,visit_type,שיחת טלפון,1
2026-07-30T17:28:11,62,אף אוזן גרון,מית'לון,language,אוקראינית,1
2026-07-30T17:28:11,62,אף אוזן גרון,מית'לון,language,אידיש,4
2026-07-30T17:28:11,62,אף אוזן גרון,מית'לון,language,איטלקית,1
2026-07-30T17:28:11,62,אף אוזן גרון,מית'לון,language,אנגלית,12
2026-07-30T17:28:11,62,אף אוזן גרון,מית'לון,language,גרמנית,1
2026-07-30T17:28:11,62,אף אוזן גרון,מית'לון,language,עברית,16
2026-07-30T17:28:11,62,אף אוזן גרון,מית'לון,language,ערבית,3
2026-07-30T17:28:11,62,אף אוזן גרון,מית'לון,language,רומנית,2
2026-07-30T17:28:11,62,אף אוזן גרון,מית'לון,language,רוסית,6
2026-07-30T17:28:23,62,אף אוזן גרון,מנוף,gender,גבר,47
2026-07-30T17:28:23,62,אף אוזן גרון,מנוף,gender,אישה,8
2026-07-30T17:28:23,62,אף אוזן גרון,מנוף,visit_type,ביקור במרפאה,55
2026-07-30T17:28:23,62,אף אוזן גרון,מנוף,visit_type,שיחת טלפון,2
2026-07-30T17:28:23,62,אף אוזן גרון,מנוף,language,איטלקית,5
2026-07-30T17:28:23,62,אף אוזן גרון,מנוף,language,אנגלית,40
2026-07-30T17:28:23,62,אף אוזן גרון,מנוף,language,גרמנית,4
2026-07-30T17:28:23,62,אף אוזן גרון,מנוף,language,הולנדית,1
2026-07-30T17:28:23,62,אף אוזן גרון,מנוף,language,הונגרית,1
2026-07-30T17:28:23,62,אף אוזן גרון,מנוף,language,ספרדית,1
2026-07-30T17:28:23,62,אף אוזן גרון,מנוף,language,עברית,55
2026-07-30T17:28:23,62,אף אוזן גרון,מנוף,language,ערבית,40
2026-07-30T17:28:23,62,אף אוזן גרון,מנוף,language,צרפתית,1
2026-07-30T17:28:23,62,אף אוזן גרון,מנוף,language,רומנית,7
2026-07-30T17:28:23,62,אף אוזן גרון,מנוף,language,רוסית,10
2026-07-30T17:28:31,62,אף אוזן גרון,מסילת ציון,gender,גבר,36
2026-07-30T17:28:31,62,אף אוזן גרון,מסילת ציון,gender,אישה,4
2026-07-30T17:28:31,62,אף אוזן גרון,מסילת ציון,visit_type,ביקור במרפאה,41
2026-07-30T17:28:31,62,אף אוזן גרון,מסילת ציון,language,אידיש,4
2026-07-30T17:28:31,62,אף אוזן גרון,מסילת ציון,language,איטלקית,1
2026-07-30T17:28:31,62,אף אוזן גרון,מסילת ציון,language,אנגלית,10
2026-07-30T17:28:31,62,אף אוזן גרון,מסילת ציון,language,עברית,10
2026-07-30T17:28:31,62,אף אוזן גרון,מסילת ציון,language,ערבית,4
2026-07-30T17:28:31,62,אף אוזן גרון,מסילת ציון,language,רוסית,4
2026-07-30T17:28:39,62,אף אוזן גרון,מעונה,gender,גבר,35
2026-07-30T17:28:39,62,אף אוזן גרון,מעונה,gender,אישה,3
2026-07-30T17:28:39,62,אף אוזן גרון,מעונה,visit_type,ביקור במרפאה,38
2026-07-30T17:28:39,62,אף אוזן גרון,מעונה,visit_type,שיחת טלפון,1
2026-07-30T17:28:39,62,אף אוזן גרון,מעונה,language,איטלקית,5
2026-07-30T17:28:39,62,אף אוזן גרון,מעונה,language,אנגלית,29
2026-07-30T17:28:39,62,אף אוזן גרון,מעונה,language,גרמנית,2
2026-07-30T17:28:39,62,אף אוזן גרון,מעונה,language,הולנדית,1
2026-07-30T17:28:39,62,אף אוזן גרון,מעונה,language,ספרדית,1
2026-07-30T17:28:39,62,אף אוזן גרון,מעונה,language,עברית,38
2026-07-30T17:28:39,62,אף אוזן גרון,מעונה,language,ערבית,34
2026-07-30T17:28:39,62,אף אוזן גרון,מעונה,language,צרפתית,1
2026-07-30T17:28:39,62,אף אוזן גרון,מעונה,language,רומנית,7
2026-07-30T17:28:39,62,אף אוזן גרון,מעונה,language,רוסית,5
2026-07-30T17:28:45,62,אף אוזן גרון,מפעלי העמק,gender,גבר,54
2026-07-30T17:28:45,62,אף אוזן גרון,מפעלי העמק,gender,אישה,5
2026-07-30T17:28:45,62,אף אוזן גרון,מפעלי העמק,visit_type,ביקור במרפאה,59
2026-07-30T17:28:45,62,אף אוזן גרון,מפעלי העמק,language,אנגלית,11
2026-07-30T17:28:45,62,אף אוזן גרון,מפעלי העמק,language,עברית,14
2026-07-30T17:28:45,62,אף אוזן גרון,מפעלי העמק,language,ערבית,14
2026-07-30T17:28:45,62,אף אוזן גרון,מפעלי העמק,language,רוסית,2
2026-07-30T17:28:56,62,אף אוזן גרון,מצפה אילן,gender,גבר,67
2026-07-30T17:28:56,62,אף אוזן גרון,מצפה אילן,gender,אישה,18
2026-07-30T17:28:56,62,אף אוזן גרון,מצפה אילן,visit_type,ביקור במרפאה,91
2026-07-30T17:28:56,62,אף אוזן גרון,מצפה אילן,visit_type,שיחת טלפון,1
2026-07-30T17:28:56,62,אף אוזן גרון,מצפה אילן,language,אוקראינית,1
2026-07-30T17:28:56,62,אף אוזן גרון,מצפה אילן,language,אידיש,4
2026-07-30T17:28:56,62,אף אוזן גרון,מצפה אילן,language,איטלקית,1
2026-07-30T17:28:56,62,אף אוזן גרון,מצפה אילן,language,אנגלית,24
2026-07-30T17:28:56,62,אף אוזן גרון,מצפה אילן,language,גרמנית,2
2026-07-30T17:28:56,62,אף אוזן גרון,מצפה אילן,language,ספרדית,1
2026-07-30T17:28:56,62,אף אוזן גרון,מצפה אילן,language,עברית,35
2026-07-30T17:28:56,62,אף אוזן גרון,מצפה אילן,language,ערבית,6
2026-07-30T17:28:56,62,אף אוזן גרון,מצפה אילן,language,צרפתית,1
2026-07-30T17:28:56,62,אף אוזן גרון,מצפה אילן,language,רומנית,2
2026-07-30T17:28:56,62,אף אוזן גרון,מצפה אילן,language,רוסית,10
2026-07-30T17:29:11,62,אף אוזן גרון,מרחביה מושב,gender,גבר,86
2026-07-30T17:29:11,62,אף אוזן גרון,מרחביה מושב,gender,אישה,8
2026-07-30T17:29:11,62,אף אוזן גרון,מרחביה מושב,visit_type,ביקור במרפאה,95
2026-07-30T17:29:11,62,אף אוזן גרון,מרחביה מושב,language,אנגלית,17
2026-07-30T17:29:11,62,אף אוזן גרון,מרחביה מושב,language,ספרדית,1
2026-07-30T17:29:11,62,אף אוזן גרון,מרחביה מושב,language,עברית,23
2026-07-30T17:29:11,62,אף אוזן גרון,מרחביה מושב,language,ערבית,19
2026-07-30T17:29:11,62,אף אוזן גרון,מרחביה מושב,language,רוסית,5
2026-07-30T17:29:25,62,אף אוזן גרון,משואות יצחק,gender,גבר,21
2026-07-30T17:29:25,62,אף אוזן גרון,משואות יצחק,gender,אישה,2
2026-07-30T17:29:25,62,אף אוזן גרון,משואות יצחק,visit_type,ביקור במרפאה,27
2026-07-30T17:29:25,62,אף אוזן גרון,משואות יצחק,language,איטלקית,1
2026-07-30T17:29:25,62,אף אוזן גרון,משואות יצחק,language,אנגלית,8
2026-07-30T17:29:25,62,אף אוזן גרון,משואות יצחק,language,ספרדית,1
2026-07-30T17:29:25,62,אף אוזן גרון,משואות יצחק,language,עברית,10
2026-07-30T17:29:25,62,אף אוזן גרון,משואות יצחק,language,צרפתית,2
2026-07-30T17:29:25,62,אף אוזן גרון,משואות יצחק,language,רוסית,4
2026-07-30T17:29:38,62,אף אוזן גרון,נאות חובב,gender,גבר,50
2026-07-30T17:29:38,62,אף אוזן גרון,נאות חובב,gender,אישה,7
2026-07-30T17:29:38,62,אף אוזן גרון,נאות חובב,visit_type,ביקור במרפאה,63
2026-07-30T17:29:38,62,אף אוזן גרון,נאות חובב,language,אוקראינית,1
2026-07-30T17:29:38,62,אף אוזן גרון,נאות חובב,language,אידיש,3
2026-07-30T17:29:38,62,אף אוזן גרון,נאות חובב,language,אנגלית,3
2026-07-30T17:29:38,62,אף אוזן גרון,נאות חובב,language,הונגרית,1
2026-07-30T17:29:38,62,אף אוזן גרון,נאות חובב,language,ספרדית,3
2026-07-30T17:29:38,62,אף אוזן גרון,נאות חובב,language,עברית,11
2026-07-30T17:29:38,62,אף אוזן גרון,נאות חובב,language,ערבית,5
2026-07-30T17:29:38,62,אף אוזן גרון,נאות חובב,language,צכית,1
2026-07-30T17:29:38,62,אף אוזן גרון,נאות חובב,language,רוסית,1
2026-07-30T17:29:52,62,אף אוזן גרון,נהלל,gender,גבר,86
2026-07-30T17:29:52,62,אף אוזן גרון,נהלל,gender,אישה,8
2026-07-30T17:29:52,62,אף אוזן גרון,נהלל,visit_type,ביקור במרפאה,95
2026-07-30T17:29:52,62,אף אוזן גרון,נהלל,language,אנגלית,17
2026-07-30T17:29:52,62,אף אוזן גרון,נהלל,language,ספרדית,1
2026-07-30T17:29:52,62,אף אוזן גרון,נהלל,language,עברית,23
2026-07-30T17:29:52,62,אף אוזן גרון,נהלל,language,ערבית,19
2026-07-30T17:29:52,62,אף אוזן גרון,נהלל,language,רוסית,5
2026-07-30T17:30:06,62,אף אוזן גרון,נווה דניאל,gender,גבר,36
2026-07-30T17:30:06,62,אף אוזן גרון,נווה דניאל,gender,אישה,4
2026-07-30T17:30:06,62,אף אוזן גרון,נווה דניאל,visit_type,ביקור במרפאה,41
2026-07-30T17:30:06,62,אף אוזן גרון,נווה דניאל,language,אידיש,4
2026-07-30T17:30:06,62,אף אוזן גרון,נווה דניאל,language,איטלקית,1
2026-07-30T17:30:06,62,אף אוזן גרון,נווה דניאל,language,אנגלית,10
2026-07-30T17:30:06,62,אף אוזן גרון,נווה דניאל,language,עברית,10
2026-07-30T17:30:06,62,אף אוזן גרון,נווה דניאל,language,ערבית,4
2026-07-30T17:30:06,62,אף אוזן גרון,נווה דניאל,language,רוסית,4
2026-07-30T17:30:13,62,אף אוזן גרון,נחליאל,gender,גבר,36
2026-07-30T17:30:13,62,אף אוזן גרון,נחליאל,gender,אישה,4
2026-07-30T17:30:13,62,אף אוזן גרון,נחליאל,visit_type,ביקור במרפאה,41
2026-07-30T17:30:13,62,אף אוזן גרון,נחליאל,language,אידיש,4
2026-07-30T17:30:13,62,אף אוזן גרון,נחליאל,language,איטלקית,1
2026-07-30T17:30:13,62,אף אוזן גרון,נחליאל,language,אנגלית,10
2026-07-30T17:30:13,62,אף אוזן גרון,נחליאל,language,עברית,10
2026-07-30T17:30:13,62,אף אוזן גרון,נחליאל,language,ערבית,4
2026-07-30T17:30:13,62,אף אוזן גרון,נחליאל,language,רוסית,4
2026-07-30T17:30:20,62,אף אוזן גרון,נטף,gender,גבר,36
2026-07-30T17:30:20,62,אף אוזן גרון,נטף,gender,אישה,4
2026-07-30T17:30:20,62,אף אוזן גרון,נטף,visit_type,ביקור במרפאה,41
2026-07-30T17:30:20,62,אף אוזן גרון,נטף,language,אידיש,4
2026-07-30T17:30:20,62,אף אוזן גרון,נטף,language,איטלקית,1
2026-07-30T17:30:20,62,אף אוזן גרון,נטף,language,אנגלית,10
2026-07-30T17:30:20,62,אף אוזן גרון,נטף,language,עברית,10
2026-07-30T17:30:20,62,אף אוזן גרון,נטף,language,ערבית,4
2026-07-30T17:30:20,62,אף אוזן גרון,נטף,language,רוסית,4
2026-07-30T17:30:29,62,אף אוזן גרון,ניצנים,gender,גבר,32
2026-07-30T17:30:29,62,אף אוזן גרון,ניצנים,gender,אישה,3
2026-07-30T17:30:29,62,אף אוזן גרון,ניצנים,visit_type,ביקור במרפאה,41
2026-07-30T17:30:29,62,אף אוזן גרון,ניצנים,language,אוקראינית,1
2026-07-30T17:30:29,62,אף אוזן גרון,ניצנים,language,אנגלית,3
2026-07-30T17:30:29,62,אף אוזן גרון,ניצנים,language,הונגרית,1
2026-07-30T17:30:29,62,אף אוזן גרון,ניצנים,language,עברית,4
2026-07-30T17:30:29,62,אף אוזן גרון,ניצנים,language,ערבית,1
2026-07-30T17:30:29,62,אף אוזן גרון,ניצנים,language,צכית,1
2026-07-30T17:30:29,62,אף אוזן גרון,ניצנים,language,רוסית,1
2026-07-30T17:30:39,62,אף אוזן גרון,נצאצרה,gender,גבר,38
2026-07-30T17:30:39,62,אף אוזן גרון,נצאצרה,gender,אישה,6
2026-07-30T17:30:39,62,אף אוזן גרון,נצאצרה,visit_type,ביקור במרפאה,47
2026-07-30T17:30:39,62,אף אוזן גרון,נצאצרה,language,אוקראינית,1
2026-07-30T17:30:39,62,אף אוזן גרון,נצאצרה,language,אידיש,3
2026-07-30T17:30:39,62,אף אוזן גרון,נצאצרה,language,אנגלית,3
2026-07-30T17:30:39,62,אף אוזן גרון,נצאצרה,language,הונגרית,1
2026-07-30T17:30:39,62,אף אוזן גרון,נצאצרה,language,ספרדית,3
2026-07-30T17:30:39,62,אף אוזן גרון,נצאצרה,language,עברית,10
2026-07-30T17:30:39,62,אף אוזן גרון,נצאצרה,language,ערבית,4
2026-07-30T17:30:39,62,אף אוזן גרון,נצאצרה,language,צכית,1
2026-07-30T17:30:39,62,אף אוזן גרון,נצאצרה,language,רוסית,1
2026-07-30T17:30:50,62,אף אוזן גרון,נתניה,gender,גבר,48
2026-07-30T17:30:50,62,אף אוזן גרון,נתניה,gender,אישה,14
2026-07-30T17:30:50,62,אף אוזן גרון,נתניה,visit_type,ביקור במרפאה,67
2026-07-30T17:30:50,62,אף אוזן גרון,נתניה,visit_type,שיחת טלפון,1
2026-07-30T17:30:50,62,אף אוזן גרון,נתניה,language,אוקראינית,1
2026-07-30T17:30:50,62,אף אוזן גרון,נתניה,language,אידיש,4
2026-07-30T17:30:50,62,אף אוזן גרון,נתניה,language,איטלקית,1
2026-07-30T17:30:50,62,אף אוזן גרון,נתניה,language,אנגלית,12
2026-07-30T17:30:50,62,אף אוזן גרון,נתניה,language,גרמנית,1
2026-07-30T17:30:50,62,אף אוזן גרון,נתניה,language,עברית,16
2026-07-30T17:30:50,62,אף אוזן גרון,נתניה,language,ערבית,3
2026-07-30T17:30:50,62,אף אוזן גרון,נתניה,language,רומנית,2
2026-07-30T17:30:50,62,אף אוזן גרון,נתניה,language,רוסית,6
2026-07-30T17:31:02,62,אף אוזן גרון,סולם שונם,gender,גבר,86
2026-07-30T17:31:02,62,אף אוזן גרון,סולם שונם,gender,אישה,8
2026-07-30T17:31:02,62,אף אוזן גרון,סולם שונם,visit_type,ביקור במרפאה,95
2026-07-30T17:31:02,62,אף אוזן גרון,סולם שונם,language,אנגלית,17
2026-07-30T17:31:02,62,אף אוזן גרון,סולם שונם,language,ספרדית,1
2026-07-30T17:31:02,62,אף אוזן גרון,סולם שונם,language,עברית,23
2026-07-30T17:31:02,62,אף אוזן גרון,סולם שונם,language,ערבית,19
2026-07-30T17:31:02,62,אף אוזן גרון,סולם שונם,language,רוסית,5
2026-07-30T17:31:17,62,אף אוזן גרון,סילת א דהר,gender,גבר,48
2026-07-30T17:31:17,62,אף אוזן גרון,סילת א דהר,gender,אישה,14
2026-07-30T17:31:17,62,אף אוזן גרון,סילת א דהר,visit_type,ביקור במרפאה,67
2026-07-30T17:31:17,62,אף אוזן גרון,סילת א דהר,visit_type,שיחת טלפון,1
2026-07-30T17:31:17,62,אף אוזן גרון,סילת א דהר,language,אוקראינית,1
2026-07-30T17:31:17,62,אף אוזן גרון,סילת א דהר,language,אידיש,4
2026-07-30T17:31:17,62,אף אוזן גרון,סילת א דהר,language,איטלקית,1
2026-07-30T17:31:17,62,אף אוזן גרון,סילת א דהר,language,אנגלית,12
2026-07-30T17:31:17,62,אף אוזן גרון,סילת א דהר,language,גרמנית,1
2026-07-30T17:31:17,62,אף אוזן גרון,סילת א דהר,language,עברית,16
2026-07-30T17:31:17,62,אף אוזן גרון,סילת א דהר,language,ערבית,3
2026-07-30T17:31:17,62,אף אוזן גרון,סילת א דהר,language,רומנית,2
2026-07-30T17:31:17,62,אף אוזן גרון,סילת א דהר,language,רוסית,6
2026-07-30T17:31:27,62,אף אוזן גרון,סמר,gender,גבר,1
2026-07-30T17:31:27,62,אף אוזן גרון,סמר,visit_type,ביקור במרפאה,4
2026-07-30T17:31:27,62,אף אוזן גרון,סמר,language,אנגלית,1
2026-07-30T17:31:27,62,אף אוזן גרון,סמר,language,עברית,1
2026-07-30T17:31:27,62,אף אוזן גרון,סמר,language,פרסית,1
2026-07-30T17:31:27,62,אף אוזן גרון,סמר,language,צרפתית,1
2026-07-30T17:31:29,62,אף אוזן גרון,סרה,gender,גבר,48
2026-07-30T17:31:29,62,אף אוזן גרון,סרה,gender,אישה,14
2026-07-30T17:31:29,62,אף אוזן גרון,סרה,visit_type,ביקור במרפאה,67
2026-07-30T17:31:29,62,אף אוזן גרון,סרה,visit_type,שיחת טלפון,1
2026-07-30T17:31:29,62,אף אוזן גרון,סרה,language,אוקראינית,1
2026-07-30T17:31:29,62,אף אוזן גרון,סרה,language,אידיש,4
2026-07-30T17:31:29,62,אף אוזן גרון,סרה,language,איטלקית,1
2026-07-30T17:31:29,62,אף אוזן גרון,סרה,language,אנגלית,12
2026-07-30T17:31:29,62,אף אוזן גרון,סרה,language,גרמנית,1
2026-07-30T17:31:29,62,אף אוזן גרון,סרה,language,עברית,16
2026-07-30T17:31:29,62,אף אוזן גרון,סרה,language,ערבית,3
2026-07-30T17:31:29,62,אף אוזן גרון,סרה,language,רומנית,2
2026-07-30T17:31:29,62,אף אוזן גרון,סרה,language,רוסית,6
2026-07-30T17:31:39,62,אף אוזן גרון,עברון,gender,גבר,35
2026-07-30T17:31:39,62,אף אוזן גרון,עברון,gender,אישה,3
2026-07-30T17:31:39,62,אף אוזן גרון,עברון,visit_type,ביקור במרפאה,38
2026-07-30T17:31:39,62,אף אוזן גרון,עברון,visit_type,שיחת טלפון,1
2026-07-30T17:31:39,62,אף אוזן גרון,עברון,language,איטלקית,5
2026-07-30T17:31:39,62,אף אוזן גרון,עברון,language,אנגלית,29
2026-07-30T17:31:39,62,אף אוזן גרון,עברון,language,גרמנית,2
2026-07-30T17:31:39,62,אף אוזן גרון,עברון,language,הולנדית,1
2026-07-30T17:31:39,62,אף אוזן גרון,עברון,language,ספרדית,1
2026-07-30T17:31:39,62,אף אוזן גרון,עברון,language,עברית,38
2026-07-30T17:31:39,62,אף אוזן גרון,עברון,language,ערבית,34
2026-07-30T17:31:39,62,אף אוזן גרון,עברון,language,צרפתית,1
2026-07-30T17:31:39,62,אף אוזן גרון,עברון,language,רומנית,7
2026-07-30T17:31:39,62,אף אוזן גרון,עברון,language,רוסית,5
2026-07-30T17:31:47,62,אף אוזן גרון,עוזה,gender,גבר,32
2026-07-30T17:31:47,62,אף אוזן גרון,עוזה,gender,אישה,3
2026-07-30T17:31:47,62,אף אוזן גרון,עוזה,visit_type,ביקור במרפאה,41
2026-07-30T17:31:47,62,אף אוזן גרון,עוזה,language,אוקראינית,1
2026-07-30T17:31:47,62,אף אוזן גרון,עוזה,language,אנגלית,3
2026-07-30T17:31:47,62,אף אוזן גרון,עוזה,language,הונגרית,1
2026-07-30T17:31:47,62,אף אוזן גרון,עוזה,language,עברית,4
2026-07-30T17:31:47,62,אף אוזן גרון,עוזה,language,ערבית,1
2026-07-30T17:31:47,62,אף אוזן גרון,עוזה,language,צכית,1
2026-07-30T17:31:47,62,אף אוזן גרון,עוזה,language,רוסית,1
2026-07-30T17:31:57,62,אף אוזן גרון,עזון עתמה,gender,גבר,26
2026-07-30T17:31:57,62,אף אוזן גרון,עזון עתמה,gender,אישה,10
2026-07-30T17:31:57,62,אף אוזן גרון,עזון עתמה,visit_type,ביקור במרפאה,38
2026-07-30T17:31:57,62,אף אוזן גרון,עזון עתמה,visit_type,שיחת טלפון,1
2026-07-30T17:31:57,62,אף אוזן גרון,עזון עתמה,language,אנגלית,14
2026-07-30T17:31:57,62,אף אוזן גרון,עזון עתמה,language,ספרדית,2
2026-07-30T17:31:57,62,אף אוזן גרון,עזון עתמה,language,עברית,37
2026-07-30T17:31:57,62,אף אוזן גרון,עזון עתמה,language,ערבית,2
2026-07-30T17:31:57,62,אף אוזן גרון,עזון עתמה,language,רוסית,9
2026-07-30T17:32:05,62,אף אוזן גרון,עידן,gender,גבר,38
2026-07-30T17:32:05,62,אף אוזן גרון,עידן,gender,אישה,6
2026-07-30T17:32:05,62,אף אוזן גרון,עידן,visit_type,ביקור במרפאה,47
2026-07-30T17:32:05,62,אף אוזן גרון,עידן,language,אוקראינית,1
2026-07-30T17:32:05,62,אף אוזן גרון,עידן,language,אידיש,3
2026-07-30T17:32:05,62,אף אוזן גרון,עידן,language,אנגלית,3
2026-07-30T17:32:05,62,אף אוזן גרון,עידן,language,הונגרית,1
2026-07-30T17:32:05,62,אף אוזן גרון,עידן,language,ספרדית,3
2026-07-30T17:32:05,62,אף אוזן גרון,עידן,language,עברית,10
2026-07-30T17:32:05,62,אף אוזן גרון,עידן,language,ערבית,4
2026-07-30T17:32:05,62,אף אוזן גרון,עידן,language,צכית,1
2026-07-30T17:32:05,62,אף אוזן גרון,עידן,language,רוסית,1
2026-07-30T17:32:17,62,אף אוזן גרון,עכו,gender,גבר,47
2026-07-30T17:32:17,62,אף אוזן גרון,עכו,gender,אישה,8
2026-07-30T17:32:17,62,אף אוזן גרון,עכו,visit_type,ביקור במרפאה,55
2026-07-30T17:32:17,62,אף אוזן גרון,עכו,visit_type,שיחת טלפון,2
2026-07-30T17:32:17,62,אף אוזן גרון,עכו,language,איטלקית,5
2026-07-30T17:32:17,62,אף אוזן גרון,עכו,language,אנגלית,40
2026-07-30T17:32:17,62,אף אוזן גרון,עכו,language,גרמנית,4
2026-07-30T17:32:17,62,אף אוזן גרון,עכו,language,הולנדית,1
2026-07-30T17:32:17,62,אף אוזן גרון,עכו,language,הונגרית,1
2026-07-30T17:32:17,62,אף אוזן גרון,עכו,language,ספרדית,1
2026-07-30T17:32:17,62,אף אוזן גרון,עכו,language,עברית,55
2026-07-30T17:32:17,62,אף אוזן גרון,עכו,language,ערבית,40
2026-07-30T17:32:17,62,אף אוזן גרון,עכו,language,צרפתית,1
2026-07-30T17:32:17,62,אף אוזן גרון,עכו,language,רומנית,7
2026-07-30T17:32:17,62,אף אוזן גרון,עכו,language,רוסית,10
2026-07-30T17:32:26,62,אף אוזן גרון,עמיעד,gender,גבר,54
2026-07-30T17:32:26,62,אף אוזן גרון,עמיעד,gender,אישה,5
2026-07-30T17:32:26,62,אף אוזן גרון,עמיעד,visit_type,ביקור במרפאה,59
2026-07-30T17:32:26,62,אף אוזן גרון,עמיעד,language,אנגלית,11
2026-07-30T17:32:26,62,אף אוזן גרון,עמיעד,language,עברית,14
2026-07-30T17:32:26,62,אף אוזן גרון,עמיעד,language,ערבית,14
2026-07-30T17:32:26,62,אף אוזן גרון,עמיעד,language,רוסית,2
2026-07-30T17:32:36,62,אף אוזן גרון,עסירה א שמאליה,gender,גבר,48
2026-07-30T17:32:36,62,אף אוזן גרון,עסירה א שמאליה,gender,אישה,14
2026-07-30T17:32:36,62,אף אוזן גרון,עסירה א שמאליה,visit_type,ביקור במרפאה,67
2026-07-30T17:32:36,62,אף אוזן גרון,עסירה א שמאליה,visit_type,שיחת טלפון,1
2026-07-30T17:32:36,62,אף אוזן גרון,עסירה א שמאליה,language,אוקראינית,1
2026-07-30T17:32:36,62,אף אוזן גרון,עסירה א שמאליה,language,אידיש,4
2026-07-30T17:32:36,62,אף אוזן גרון,עסירה א שמאליה,language,איטלקית,1
2026-07-30T17:32:36,62,אף אוזן גרון,עסירה א שמאליה,language,אנגלית,12
2026-07-30T17:32:36,62,אף אוזן גרון,עסירה א שמאליה,language,גרמנית,1
2026-07-30T17:32:36,62,אף אוזן גרון,עסירה א שמאליה,language,עברית,16
2026-07-30T17:32:36,62,אף אוזן גרון,עסירה א שמאליה,language,ערבית,3
2026-07-30T17:32:36,62,אף אוזן גרון,עסירה א שמאליה,language,רומנית,2
2026-07-30T17:32:36,62,אף אוזן גרון,עסירה א שמאליה,language,רוסית,6
2026-07-30T17:32:46,62,אף אוזן גרון,עראבה,gender,גבר,47
2026-07-30T17:32:46,62,אף אוזן גרון,עראבה,gender,אישה,8
2026-07-30T17:32:46,62,אף אוזן גרון,עראבה,visit_type,ביקור במרפאה,55
2026-07-30T17:32:46,62,אף אוזן גרון,עראבה,visit_type,שיחת טלפון,2
2026-07-30T17:32:46,62,אף אוזן גרון,עראבה,language,איטלקית,5
2026-07-30T17:32:46,62,אף אוזן גרון,עראבה,language,אנגלית,40
2026-07-30T17:32:46,62,אף אוזן גרון,עראבה,language,גרמנית,4
2026-07-30T17:32:46,62,אף אוזן גרון,עראבה,language,הולנדית,1
2026-07-30T17:32:46,62,אף אוזן גרון,עראבה,language,הונגרית,1
2026-07-30T17:32:46,62,אף אוזן גרון,עראבה,language,ספרדית,1
2026-07-30T17:32:46,62,אף אוזן גרון,עראבה,language,עברית,55
2026-07-30T17:32:46,62,אף אוזן גרון,עראבה,language,ערבית,40
2026-07-30T17:32:46,62,אף אוזן גרון,עראבה,language,צרפתית,1
2026-07-30T17:32:46,62,אף אוזן גרון,עראבה,language,רומנית,7
2026-07-30T17:32:46,62,אף אוזן גרון,עראבה,language,רוסית,10
2026-07-30T17:32:57,62,אף אוזן גרון,עשהאל,gender,גבר,50
2026-07-30T17:32:57,62,אף אוזן גרון,עשהאל,gender,אישה,7
2026-07-30T17:32:57,62,אף אוזן גרון,עשהאל,visit_type,ביקור במרפאה,63
2026-07-30T17:32:57,62,אף אוזן גרון,עשהאל,language,אוקראינית,1
2026-07-30T17:32:57,62,אף אוזן גרון,עשהאל,language,אידיש,3
2026-07-30T17:32:57,62,אף אוזן גרון,עשהאל,language,אנגלית,3
2026-07-30T17:32:57,62,אף אוזן גרון,עשהאל,language,הונגרית,1
2026-07-30T17:32:57,62,אף אוזן גרון,עשהאל,language,ספרדית,3
2026-07-30T17:32:57,62,אף אוזן גרון,עשהאל,language,עברית,11
2026-07-30T17:32:57,62,אף אוזן גרון,עשהאל,language,ערבית,5
2026-07-30T17:32:57,62,אף אוזן גרון,עשהאל,language,צכית,1
2026-07-30T17:32:57,62,אף אוזן גרון,עשהאל,language,רוסית,1
2026-07-30T17:33:10,62,אף אוזן גרון,פארק תעשיות רמת דלתון,gender,גבר,54
2026-07-30T17:33:10,62,אף אוזן גרון,פארק תעשיות רמת דלתון,gender,אישה,5
2026-07-30T17:33:10,62,אף אוזן גרון,פארק תעשיות רמת דלתון,visit_type,ביקור במרפאה,59
2026-07-30T17:33:10,62,אף אוזן גרון,פארק תעשיות רמת דלתון,language,אנגלית,11
2026-07-30T17:33:10,62,אף אוזן גרון,פארק תעשיות רמת דלתון,language,עברית,14
2026-07-30T17:33:10,62,אף אוזן גרון,פארק תעשיות רמת דלתון,language,ערבית,14
2026-07-30T17:33:10,62,אף אוזן גרון,פארק תעשיות רמת דלתון,language,רוסית,2
2026-07-30T17:33:20,62,אף אוזן גרון,פחמה,gender,גבר,48
2026-07-30T17:33:20,62,אף אוזן גרון,פחמה,gender,אישה,14
2026-07-30T17:33:20,62,אף אוזן גרון,פחמה,visit_type,ביקור במרפאה,67
2026-07-30T17:33:20,62,אף אוזן גרון,פחמה,visit_type,שיחת טלפון,1
2026-07-30T17:33:20,62,אף אוזן גרון,פחמה,language,אוקראינית,1
2026-07-30T17:33:20,62,אף אוזן גרון,פחמה,language,אידיש,4
2026-07-30T17:33:20,62,אף אוזן גרון,פחמה,language,איטלקית,1
2026-07-30T17:33:20,62,אף אוזן גרון,פחמה,language,אנגלית,12
2026-07-30T17:33:20,62,אף אוזן גרון,פחמה,language,גרמנית,1
2026-07-30T17:33:20,62,אף אוזן גרון,פחמה,language,עברית,16
2026-07-30T17:33:20,62,אף אוזן גרון,פחמה,language,ערבית,3
2026-07-30T17:33:20,62,אף אוזן גרון,פחמה,language,רומנית,2
2026-07-30T17:33:20,62,אף אוזן גרון,פחמה,language,רוסית,6
2026-07-30T17:33:32,62,אף אוזן גרון,פעמי תש''ז,gender,גבר,50
2026-07-30T17:33:32,62,אף אוזן גרון,פעמי תש''ז,gender,אישה,7
2026-07-30T17:33:32,62,אף אוזן גרון,פעמי תש''ז,visit_type,ביקור במרפאה,63
2026-07-30T17:33:32,62,אף אוזן גרון,פעמי תש''ז,language,אוקראינית,1
2026-07-30T17:33:32,62,אף אוזן גרון,פעמי תש''ז,language,אידיש,3
2026-07-30T17:33:32,62,אף אוזן גרון,פעמי תש''ז,language,אנגלית,3
2026-07-30T17:33:32,62,אף אוזן גרון,פעמי תש''ז,language,הונגרית,1
2026-07-30T17:33:32,62,אף אוזן גרון,פעמי תש''ז,language,ספרדית,3
2026-07-30T17:33:32,62,אף אוזן גרון,פעמי תש''ז,language,עברית,11
2026-07-30T17:33:32,62,אף אוזן גרון,פעמי תש''ז,language,ערבית,5
2026-07-30T17:33:32,62,אף אוזן גרון,פעמי תש''ז,language,צכית,1
2026-07-30T17:33:32,62,אף אוזן גרון,פעמי תש''ז,language,רוסית,1
2026-07-30T17:33:47,62,אף אוזן גרון,פרי גן,gender,גבר,32
2026-07-30T17:33:47,62,אף אוזן גרון,פרי גן,gender,אישה,3
2026-07-30T17:33:47,62,אף אוזן גרון,פרי גן,visit_type,ביקור במרפאה,41
2026-07-30T17:33:47,62,אף אוזן גרון,פרי גן,language,אוקראינית,1
2026-07-30T17:33:47,62,אף אוזן גרון,פרי גן,language,אנגלית,3
2026-07-30T17:33:47,62,אף אוזן גרון,פרי גן,language,הונגרית,1
2026-07-30T17:33:47,62,אף אוזן גרון,פרי גן,language,עברית,4
2026-07-30T17:33:47,62,אף אוזן גרון,פרי גן,language,ערבית,1
2026-07-30T17:33:47,62,אף אוזן גרון,פרי גן,language,צכית,1
2026-07-30T17:33:47,62,אף אוזן גרון,פרי גן,language,רוסית,1
2026-07-30T17:33:56,62,אף אוזן גרון,צופיה,gender,גבר,30
2026-07-30T17:33:56,62,אף אוזן גרון,צופיה,gender,אישה,2
2026-07-30T17:33:56,62,אף אוזן גרון,צופיה,visit_type,ביקור במרפאה,44
2026-07-30T17:33:56,62,אף אוזן גרון,צופיה,language,איטלקית,1
2026-07-30T17:33:56,62,אף אוזן גרון,צופיה,language,אנגלית,12
2026-07-30T17:33:56,62,אף אוזן גרון,צופיה,language,ספרדית,1
2026-07-30T17:33:56,62,אף אוזן גרון,צופיה,language,עברית,18
2026-07-30T17:33:56,62,אף אוזן גרון,צופיה,language,ערבית,2
2026-07-30T17:33:56,62,אף אוזן גרון,צופיה,language,צרפתית,2
2026-07-30T17:33:56,62,אף אוזן גרון,צופיה,language,רוסית,7
2026-07-30T17:34:07,62,אף אוזן גרון,צנדלה,gender,גבר,86
2026-07-30T17:34:07,62,אף אוזן גרון,צנדלה,gender,אישה,8
2026-07-30T17:34:07,62,אף אוזן גרון,צנדלה,visit_type,ביקור במרפאה,95
2026-07-30T17:34:07,62,אף אוזן גרון,צנדלה,language,אנגלית,17
2026-07-30T17:34:07,62,אף אוזן גרון,צנדלה,language,ספרדית,1
2026-07-30T17:34:07,62,אף אוזן גרון,צנדלה,language,עברית,23
2026-07-30T17:34:07,62,אף אוזן גרון,צנדלה,language,ערבית,19
2026-07-30T17:34:07,62,אף אוזן גרון,צנדלה,language,רוסית,5
2026-07-30T17:34:24,62,אף אוזן גרון,קדומים,gender,גבר,67
2026-07-30T17:34:24,62,אף אוזן גרון,קדומים,gender,אישה,18
2026-07-30T17:34:24,62,אף אוזן גרון,קדומים,visit_type,ביקור במרפאה,91
2026-07-30T17:34:24,62,אף אוזן גרון,קדומים,visit_type,שיחת טלפון,1
2026-07-30T17:34:24,62,אף אוזן גרון,קדומים,language,אוקראינית,1
2026-07-30T17:34:24,62,אף אוזן גרון,קדומים,language,אידיש,4
2026-07-30T17:34:24,62,אף אוזן גרון,קדומים,language,איטלקית,1
2026-07-30T17:34:24,62,אף אוזן גרון,קדומים,language,אנגלית,24
2026-07-30T17:34:24,62,אף אוזן גרון,קדומים,language,גרמנית,2
2026-07-30T17:34:24,62,אף אוזן גרון,קדומים,language,ספרדית,1
2026-07-30T17:34:24,62,אף אוזן גרון,קדומים,language,עברית,35
2026-07-30T17:34:24,62,אף אוזן גרון,קדומים,language,ערבית,6
2026-07-30T17:34:24,62,אף אוזן גרון,קדומים,language,צרפתית,1
2026-07-30T17:34:24,62,אף אוזן גרון,קדומים,language,רומנית,2
2026-07-30T17:34:24,62,אף אוזן גרון,קדומים,language,רוסית,10
2026-07-30T17:34:39,62,אף אוזן גרון,קוואעין,gender,גבר,38
2026-07-30T17:34:39,62,אף אוזן גרון,קוואעין,gender,אישה,6
2026-07-30T17:34:39,62,אף אוזן גרון,קוואעין,visit_type,ביקור במרפאה,47
2026-07-30T17:34:39,62,אף אוזן גרון,קוואעין,language,אוקראינית,1
2026-07-30T17:34:39,62,אף אוזן גרון,קוואעין,language,אידיש,3
2026-07-30T17:34:39,62,אף אוזן גרון,קוואעין,language,אנגלית,3
2026-07-30T17:34:39,62,אף אוזן גרון,קוואעין,language,הונגרית,1
2026-07-30T17:34:39,62,אף אוזן גרון,קוואעין,language,ספרדית,3
2026-07-30T17:34:39,62,אף אוזן גרון,קוואעין,language,עברית,10
2026-07-30T17:34:39,62,אף אוזן גרון,קוואעין,language,ערבית,4
2026-07-30T17:34:39,62,אף אוזן גרון,קוואעין,language,צכית,1
2026-07-30T17:34:39,62,אף אוזן גרון,קוואעין,language,רוסית,1
2026-07-30T17:34:51,62,אף אוזן גרון,קלחים,gender,גבר,50
2026-07-30T17:34:51,62,אף אוזן גרון,קלחים,gender,אישה,7
2026-07-30T17:34:51,62,אף אוזן גרון,קלחים,visit_type,ביקור במרפאה,63
2026-07-30T17:34:51,62,אף אוזן גרון,קלחים,language,אוקראינית,1
2026-07-30T17:34:51,62,אף אוזן גרון,קלחים,language,אידיש,3
2026-07-30T17:34:51,62,אף אוזן גרון,קלחים,language,אנגלית,3
2026-07-30T17:34:51,62,אף אוזן גרון,קלחים,language,הונגרית,1
2026-07-30T17:34:51,62,אף אוזן גרון,קלחים,language,ספרדית,3
2026-07-30T17:34:51,62,אף אוזן גרון,קלחים,language,עברית,11
2026-07-30T17:34:51,62,אף אוזן גרון,קלחים,language,ערבית,5
2026-07-30T17:34:51,62,אף אוזן גרון,קלחים,language,צכית,1
2026-07-30T17:34:51,62,אף אוזן גרון,קלחים,language,רוסית,1
2026-07-30T17:35:04,62,אף אוזן גרון,קראות בני זיד,gender,גבר,26
2026-07-30T17:35:04,62,אף אוזן גרון,קראות בני זיד,gender,אישה,10
2026-07-30T17:35:04,62,אף אוזן גרון,קראות בני זיד,visit_type,ביקור במרפאה,38
2026-07-30T17:35:04,62,אף אוזן גרון,קראות בני זיד,visit_type,שיחת טלפון,1
2026-07-30T17:35:04,62,אף אוזן גרון,קראות בני זיד,language,אנגלית,14
2026-07-30T17:35:04,62,אף אוזן גרון,קראות בני זיד,language,ספרדית,2
2026-07-30T17:35:04,62,אף אוזן גרון,קראות בני זיד,language,עברית,37
2026-07-30T17:35:04,62,אף אוזן גרון,קראות בני זיד,language,ערבית,2
2026-07-30T17:35:04,62,אף אוזן גרון,קראות בני זיד,language,רוסית,9
2026-07-30T17:35:12,62,אף אוזן גרון,קשת,gender,גבר,54
2026-07-30T17:35:12,62,אף אוזן גרון,קשת,gender,אישה,5
2026-07-30T17:35:12,62,אף אוזן גרון,קשת,visit_type,ביקור במרפאה,59
2026-07-30T17:35:12,62,אף אוזן גרון,קשת,language,אנגלית,11
2026-07-30T17:35:12,62,אף אוזן גרון,קשת,language,עברית,14
2026-07-30T17:35:12,62,אף אוזן גרון,קשת,language,ערבית,14
2026-07-30T17:35:12,62,אף אוזן גרון,קשת,language,רוסית,2
2026-07-30T17:35:21,62,אף אוזן גרון,ראפאת ליד פדואל,gender,גבר,26
2026-07-30T17:35:21,62,אף אוזן גרון,ראפאת ליד פדואל,gender,אישה,10
2026-07-30T17:35:21,62,אף אוזן גרון,ראפאת ליד פדואל,visit_type,ביקור במרפאה,38
2026-07-30T17:35:21,62,אף אוזן גרון,ראפאת ליד פדואל,visit_type,שיחת טלפון,1
2026-07-30T17:35:21,62,אף אוזן גרון,ראפאת ליד פדואל,language,אנגלית,14
2026-07-30T17:35:21,62,אף אוזן גרון,ראפאת ליד פדואל,language,ספרדית,2
2026-07-30T17:35:21,62,אף אוזן גרון,ראפאת ליד פדואל,language,עברית,37
2026-07-30T17:35:21,62,אף אוזן גרון,ראפאת ליד פדואל,language,ערבית,2
2026-07-30T17:35:21,62,אף אוזן גרון,ראפאת ליד פדואל,language,רוסית,9
2026-07-30T17:35:29,62,אף אוזן גרון,רוויה,gender,גבר,86
2026-07-30T17:35:29,62,אף אוזן גרון,רוויה,gender,אישה,8
2026-07-30T17:35:29,62,אף אוזן גרון,רוויה,visit_type,ביקור במרפאה,95
2026-07-30T17:35:29,62,אף אוזן גרון,רוויה,language,אנגלית,17
2026-07-30T17:35:29,62,אף אוזן גרון,רוויה,language,ספרדית,1
2026-07-30T17:35:29,62,אף אוזן גרון,רוויה,language,עברית,23
2026-07-30T17:35:29,62,אף אוזן גרון,רוויה,language,ערבית,19
2026-07-30T17:35:29,62,אף אוזן גרון,רוויה,language,רוסית,5
2026-07-30T17:35:43,62,אף אוזן גרון,רחלים,gender,גבר,36
2026-07-30T17:35:43,62,אף אוזן גרון,רחלים,gender,אישה,4
2026-07-30T17:35:43,62,אף אוזן גרון,רחלים,visit_type,ביקור במרפאה,41
2026-07-30T17:35:43,62,אף אוזן גרון,רחלים,language,אידיש,4
2026-07-30T17:35:43,62,אף אוזן גרון,רחלים,language,איטלקית,1
2026-07-30T17:35:43,62,אף אוזן גרון,רחלים,language,אנגלית,10
2026-07-30T17:35:43,62,אף אוזן גרון,רחלים,language,עברית,10
2026-07-30T17:35:43,62,אף אוזן גרון,רחלים,language,ערבית,4
2026-07-30T17:35:43,62,אף אוזן גרון,רחלים,language,רוסית,4
2026-07-30T17:35:50,62,אף אוזן גרון,רמות,gender,גבר,54
2026-07-30T17:35:50,62,אף אוזן גרון,רמות,gender,אישה,5
2026-07-30T17:35:50,62,אף אוזן גרון,רמות,visit_type,ביקור במרפאה,59
2026-07-30T17:35:50,62,אף אוזן גרון,רמות,language,אנגלית,11
2026-07-30T17:35:50,62,אף אוזן גרון,רמות,language,עברית,14
2026-07-30T17:35:50,62,אף אוזן גרון,רמות,language,ערבית,14
2026-07-30T17:35:50,62,אף אוזן גרון,רמות,language,רוסית,2
2026-07-30T17:36:00,62,אף אוזן גרון,רעננה,gender,אישה,18
2026-07-30T17:36:00,62,אף אוזן גרון,רעננה,gender,גבר,67
2026-07-30T17:36:00,62,אף אוזן גרון,רעננה,visit_type,ביקור במרפאה,91
2026-07-30T17:36:00,62,אף אוזן גרון,רעננה,visit_type,שיחת טלפון,1
2026-07-30T17:36:00,62,אף אוזן גרון,רעננה,language,אוקראינית,1
2026-07-30T17:36:00,62,אף אוזן גרון,רעננה,language,אידיש,4
2026-07-30T17:36:00,62,אף אוזן גרון,רעננה,language,איטלקית,1
2026-07-30T17:36:00,62,אף אוזן גרון,רעננה,language,אנגלית,24
2026-07-30T17:36:00,62,אף אוזן גרון,רעננה,language,גרמנית,2
2026-07-30T17:36:00,62,אף אוזן גרון,רעננה,language,ספרדית,1
2026-07-30T17:36:00,62,אף אוזן גרון,רעננה,language,עברית,35
2026-07-30T17:36:00,62,אף אוזן גרון,רעננה,language,ערבית,6
2026-07-30T17:36:00,62,אף אוזן גרון,רעננה,language,צרפתית,1
2026-07-30T17:36:00,62,אף אוזן גרון,רעננה,language,רומנית,2
2026-07-30T17:36:00,62,אף אוזן גרון,רעננה,language,רוסית,10
2026-07-30T17:36:16,62,אף אוזן גרון,שבי שומרון,gender,גבר,67
2026-07-30T17:36:16,62,אף אוזן גרון,שבי שומרון,gender,אישה,18
2026-07-30T17:36:16,62,אף אוזן גרון,שבי שומרון,visit_type,ביקור במרפאה,91
2026-07-30T17:36:16,62,אף אוזן גרון,שבי שומרון,visit_type,שיחת טלפון,1
2026-07-30T17:36:16,62,אף אוזן גרון,שבי שומרון,language,אוקראינית,1
2026-07-30T17:36:16,62,אף אוזן גרון,שבי שומרון,language,אידיש,4
2026-07-30T17:36:16,62,אף אוזן גרון,שבי שומרון,language,איטלקית,1
2026-07-30T17:36:16,62,אף אוזן גרון,שבי שומרון,language,אנגלית,24
2026-07-30T17:36:16,62,אף אוזן גרון,שבי שומרון,language,גרמנית,2
2026-07-30T17:36:16,62,אף אוזן גרון,שבי שומרון,language,ספרדית,1
2026-07-30T17:36:16,62,אף אוזן גרון,שבי שומרון,language,עברית,35
2026-07-30T17:36:16,62,אף אוזן גרון,שבי שומרון,language,ערבית,6
2026-07-30T17:36:16,62,אף אוזן גרון,שבי שומרון,language,צרפתית,1
2026-07-30T17:36:16,62,אף אוזן גרון,שבי שומרון,language,רומנית,2
2026-07-30T17:36:16,62,אף אוזן גרון,שבי שומרון,language,רוסית,10
2026-07-30T17:36:33,62,אף אוזן גרון,שדה יואב,gender,גבר,32
2026-07-30T17:36:33,62,אף אוזן גרון,שדה יואב,gender,אישה,3
2026-07-30T17:36:33,62,אף אוזן גרון,שדה יואב,visit_type,ביקור במרפאה,41
2026-07-30T17:36:33,62,אף אוזן גרון,שדה יואב,language,אוקראינית,1
2026-07-30T17:36:33,62,אף אוזן גרון,שדה יואב,language,אנגלית,3
2026-07-30T17:36:33,62,אף אוזן גרון,שדה יואב,language,הונגרית,1
2026-07-30T17:36:33,62,אף אוזן גרון,שדה יואב,language,עברית,4
2026-07-30T17:36:33,62,אף אוזן גרון,שדה יואב,language,ערבית,1
2026-07-30T17:36:33,62,אף אוזן גרון,שדה יואב,language,צכית,1
2026-07-30T17:36:33,62,אף אוזן גרון,שדה יואב,language,רוסית,1
2026-07-30T17:36:44,62,אף אוזן גרון,שומריה,gender,גבר,50
2026-07-30T17:36:44,62,אף אוזן גרון,שומריה,gender,אישה,7
2026-07-30T17:36:44,62,אף אוזן גרון,שומריה,visit_type,ביקור במרפאה,63
2026-07-30T17:36:44,62,אף אוזן גרון,שומריה,language,אוקראינית,1
2026-07-30T17:36:44,62,אף אוזן גרון,שומריה,language,אידיש,3
2026-07-30T17:36:44,62,אף אוזן גרון,שומריה,language,אנגלית,3
2026-07-30T17:36:44,62,אף אוזן גרון,שומריה,language,הונגרית,1
2026-07-30T17:36:44,62,אף אוזן גרון,שומריה,language,ספרדית,3
2026-07-30T17:36:44,62,אף אוזן גרון,שומריה,language,עברית,11
2026-07-30T17:36:44,62,אף אוזן גרון,שומריה,language,ערבית,5
2026-07-30T17:36:44,62,אף אוזן גרון,שומריה,language,צכית,1
2026-07-30T17:36:44,62,אף אוזן גרון,שומריה,language,רוסית,1
2026-07-30T17:36:58,62,אף אוזן גרון,שיזף,gender,גבר,38
2026-07-30T17:36:58,62,אף אוזן גרון,שיזף,gender,אישה,6
2026-07-30T17:36:58,62,אף אוזן גרון,שיזף,visit_type,ביקור במרפאה,47
2026-07-30T17:36:58,62,אף אוזן גרון,שיזף,language,אוקראינית,1
2026-07-30T17:36:58,62,אף אוזן גרון,שיזף,language,אידיש,3
2026-07-30T17:36:58,62,אף אוזן גרון,שיזף,language,אנגלית,3
2026-07-30T17:36:58,62,אף אוזן גרון,שיזף,language,הונגרית,1
2026-07-30T17:36:58,62,אף אוזן גרון,שיזף,language,ספרדית,3
2026-07-30T17:36:58,62,אף אוזן גרון,שיזף,language,עברית,10
2026-07-30T17:36:58,62,אף אוזן גרון,שיזף,language,ערבית,4
2026-07-30T17:36:58,62,אף אוזן גרון,שיזף,language,צכית,1
2026-07-30T17:36:58,62,אף אוזן גרון,שיזף,language,רוסית,1
2026-07-30T17:37:09,62,אף אוזן גרון,שלומי,gender,גבר,35
2026-07-30T17:37:09,62,אף אוזן גרון,שלומי,gender,אישה,3
2026-07-30T17:37:09,62,אף אוזן גרון,שלומי,visit_type,ביקור במרפאה,38
2026-07-30T17:37:09,62,אף אוזן גרון,שלומי,visit_type,שיחת טלפון,1
2026-07-30T17:37:09,62,אף אוזן גרון,שלומי,language,איטלקית,5
2026-07-30T17:37:09,62,אף אוזן גרון,שלומי,language,אנגלית,29
2026-07-30T17:37:09,62,אף אוזן גרון,שלומי,language,גרמנית,2
2026-07-30T17:37:09,62,אף אוזן גרון,שלומי,language,הולנדית,1
2026-07-30T17:37:09,62,אף אוזן גרון,שלומי,language,ספרדית,1
2026-07-30T17:37:09,62,אף אוזן גרון,שלומי,language,עברית,38
2026-07-30T17:37:09,62,אף אוזן גרון,שלומי,language,ערבית,34
2026-07-30T17:37:09,62,אף אוזן גרון,שלומי,language,צרפתית,1
2026-07-30T17:37:09,62,אף אוזן גרון,שלומי,language,רומנית,7
2026-07-30T17:37:09,62,אף אוזן גרון,שלומי,language,רוסית,5
2026-07-30T17:37:16,62,אף אוזן גרון,שעל,gender,גבר,54
2026-07-30T17:37:16,62,אף אוזן גרון,שעל,gender,אישה,5
2026-07-30T17:37:16,62,אף אוזן גרון,שעל,visit_type,ביקור במרפאה,59
2026-07-30T17:37:16,62,אף אוזן גרון,שעל,language,אנגלית,11
2026-07-30T17:37:16,62,אף אוזן גרון,שעל,language,עברית,14
2026-07-30T17:37:16,62,אף אוזן גרון,שעל,language,ערבית,14
2026-07-30T17:37:16,62,אף אוזן גרון,שעל,language,רוסית,2
2026-07-30T17:37:26,62,אף אוזן גרון,שפרעם,gender,גבר,66
2026-07-30T17:37:26,62,אף אוזן גרון,שפרעם,gender,אישה,13
2026-07-30T17:37:26,62,אף אוזן גרון,שפרעם,visit_type,ביקור במרפאה,82
2026-07-30T17:37:26,62,אף אוזן גרון,שפרעם,visit_type,שיחת טלפון,4
2026-07-30T17:37:26,62,אף אוזן גרון,שפרעם,language,איטלקית,1
2026-07-30T17:37:26,62,אף אוזן גרון,שפרעם,language,אנגלית,24
2026-07-30T17:37:26,62,אף אוזן גרון,שפרעם,language,גרמנית,4
2026-07-30T17:37:26,62,אף אוזן גרון,שפרעם,language,הונגרית,1
2026-07-30T17:37:26,62,אף אוזן גרון,שפרעם,language,ספרדית,1
2026-07-30T17:37:26,62,אף אוזן גרון,שפרעם,language,עברית,39
2026-07-30T17:37:26,62,אף אוזן גרון,שפרעם,language,ערבית,18
2026-07-30T17:37:26,62,אף אוזן גרון,שפרעם,language,רוסית,11
2026-07-30T17:37:40,62,אף אוזן גרון,תדהר,gender,גבר,50
2026-07-30T17:37:40,62,אף אוזן גרון,תדהר,gender,אישה,7
2026-07-30T17:37:40,62,אף אוזן גרון,תדהר,visit_type,ביקור במרפאה,63
2026-07-30T17:37:40,62,אף אוזן גרון,תדהר,language,אוקראינית,1
2026-07-30T17:37:40,62,אף אוזן גרון,תדהר,language,אידיש,3
2026-07-30T17:37:40,62,אף אוזן גרון,תדהר,language,אנגלית,3
2026-07-30T17:37:40,62,אף אוזן גרון,תדהר,language,הונגרית,1
2026-07-30T17:37:40,62,אף אוזן גרון,תדהר,language,ספרדית,3
2026-07-30T17:37:40,62,אף אוזן גרון,תדהר,language,עברית,11
2026-07-30T17:37:40,62,אף אוזן גרון,תדהר,language,ערבית,5
2026-07-30T17:37:40,62,אף אוזן גרון,תדהר,language,צכית,1
2026-07-30T17:37:40,62,אף אוזן גרון,תדהר,language,רוסית,1
2026-07-30T17:37:53,62,אף אוזן גרון,תל,gender,גבר,48
2026-07-30T17:37:53,62,אף אוזן גרון,תל,gender,אישה,14
2026-07-30T17:37:53,62,אף אוזן גרון,תל,visit_type,ביקור במרפאה,67
2026-07-30T17:37:53,62,אף אוזן גרון,תל,visit_type,שיחת טלפון,1
2026-07-30T17:37:53,62,אף אוזן גרון,תל,language,אוקראינית,1
2026-07-30T17:37:53,62,אף אוזן גרון,תל,language,אידיש,4
2026-07-30T17:37:53,62,אף אוזן גרון,תל,language,איטלקית,1
2026-07-30T17:37:53,62,אף אוזן גרון,תל,language,אנגלית,12
2026-07-30T17:37:53,62,אף אוזן גרון,תל,language,גרמנית,1
2026-07-30T17:37:53,62,אף אוזן גרון,תל,language,עברית,16
2026-07-30T17:37:53,62,אף אוזן גרון,תל,language,ערבית,3
2026-07-30T17:37:53,62,אף אוזן גרון,תל,language,רומנית,2
2026-07-30T17:37:53,62,אף אוזן גרון,תל,language,רוסית,6
2026-07-30T17:38:05,62,אף אוזן גרון,תמרת,gender,גבר,86
2026-07-30T17:38:05,62,אף אוזן גרון,תמרת,gender,אישה,8
2026-07-30T17:38:05,62,אף אוזן גרון,תמרת,visit_type,ביקור במרפאה,95
2026-07-30T17:38:05,62,אף אוזן גרון,תמרת,language,אנגלית,17
2026-07-30T17:38:05,62,אף אוזן גרון,תמרת,language,ספרדית,1
2026-07-30T17:38:05,62,אף אוזן גרון,תמרת,language,עברית,23
2026-07-30T17:38:05,62,אף אוזן גרון,תמרת,language,ערבית,19
2026-07-30T17:38:05,62,אף אוזן גרון,תמרת,language,רוסית,5
2026-07-30T17:38:20,62,אף אוזן גרון,תעשיות שער הנגב,gender,גבר,50
2026-07-30T17:38:20,62,אף אוזן גרון,תעשיות שער הנגב,gender,אישה,7
2026-07-30T17:38:20,62,אף אוזן גרון,תעשיות שער הנגב,visit_type,ביקור במרפאה,63
2026-07-30T17:38:20,62,אף אוזן גרון,תעשיות שער הנגב,language,אוקראינית,1
2026-07-30T17:38:20,62,אף אוזן גרון,תעשיות שער הנגב,language,אידיש,3
2026-07-30T17:38:20,62,אף אוזן גרון,תעשיות שער הנגב,language,אנגלית,3
2026-07-30T17:38:20,62,אף אוזן גרון,תעשיות שער הנגב,language,הונגרית,1
2026-07-30T17:38:20,62,אף אוזן גרון,תעשיות שער הנגב,language,ספרדית,3
2026-07-30T17:38:20,62,אף אוזן גרון,תעשיות שער הנגב,language,עברית,11
2026-07-30T17:38:20,62,אף אוזן גרון,תעשיות שער הנגב,language,ערבית,5
2026-07-30T17:38:20,62,אף אוזן גרון,תעשיות שער הנגב,language,צכית,1
2026-07-30T17:38:20,62,אף אוזן גרון,תעשיות שער הנגב,language,רוסית,1
2026-07-30T17:38:35,63,נשים,א סייד,gender,אישה,67
2026-07-30T17:38:35,63,נשים,א סייד,gender,גבר,43
2026-07-30T17:38:35,63,נשים,א סייד,visit_type,ביקור במרפאה,112
2026-07-30T17:38:35,63,נשים,א סייד,language,אידיש,3
2026-07-30T17:38:35,63,נשים,א סייד,language,אנגלית,21
2026-07-30T17:38:35,63,נשים,א סייד,language,ליטאית,1
2026-07-30T17:38:35,63,נשים,א סייד,language,סינית,1
2026-07-30T17:38:35,63,נשים,א סייד,language,עברית,9
2026-07-30T17:38:35,63,נשים,א סייד,language,ערבית,4
2026-07-30T17:38:35,63,נשים,א סייד,language,רוסית,19
2026-07-30T17:38:52,63,נשים,אבו סנאן,gender,גבר,23
2026-07-30T17:38:52,63,נשים,אבו סנאן,gender,אישה,64
2026-07-30T17:38:52,63,נשים,אבו סנאן,visit_type,ביקור במרפאה,88
2026-07-30T17:38:52,63,נשים,אבו סנאן,visit_type,שיחת טלפון,2
2026-07-30T17:38:52,63,נשים,אבו סנאן,language,איטלקית,4
2026-07-30T17:38:52,63,נשים,אבו סנאן,language,אנגלית,56
2026-07-30T17:38:52,63,נשים,אבו סנאן,language,ספרדית,1
2026-07-30T17:38:52,63,נשים,אבו סנאן,language,עברית,85
2026-07-30T17:38:52,63,נשים,אבו סנאן,language,ערבית,64
2026-07-30T17:38:52,63,נשים,אבו סנאן,language,רומנית,4
2026-07-30T17:38:52,63,נשים,אבו סנאן,language,רוסית,15
2026-07-30T17:39:04,63,נשים,אדרת,gender,גבר,47
2026-07-30T17:39:04,63,נשים,אדרת,gender,אישה,79
2026-07-30T17:39:04,63,נשים,אדרת,visit_type,ביקור במרפאה,131
2026-07-30T17:39:04,63,נשים,אדרת,visit_type,שיחת טלפון,16
2026-07-30T17:39:04,63,נשים,אדרת,visit_type,שיחת וידאו,1
2026-07-30T17:39:04,63,נשים,אדרת,language,אידיש,2
2026-07-30T17:39:04,63,נשים,אדרת,language,אנגלית,20
2026-07-30T17:39:04,63,נשים,אדרת,language,עברית,24
2026-07-30T17:39:04,63,נשים,אדרת,language,ערבית,3
2026-07-30T17:39:04,63,נשים,אדרת,language,צרפתית,2
2026-07-30T17:39:04,63,נשים,אדרת,language,רוסית,3
2026-07-30T17:39:23,63,נשים,אום סלמונה,gender,גבר,47
2026-07-30T17:39:23,63,נשים,אום סלמונה,gender,אישה,79
2026-07-30T17:39:23,63,נשים,אום סלמונה,visit_type,ביקור במרפאה,131
2026-07-30T17:39:23,63,נשים,אום סלמונה,visit_type,שיחת טלפון,16
2026-07-30T17:39:23,63,נשים,אום סלמונה,visit_type,שיחת וידאו,1
2026-07-30T17:39:23,63,נשים,אום סלמונה,language,אידיש,2
2026-07-30T17:39:23,63,נשים,אום סלמונה,language,אנגלית,20
2026-07-30T17:39:23,63,נשים,אום סלמונה,language,עברית,24
2026-07-30T17:39:23,63,נשים,אום סלמונה,language,ערבית,3
2026-07-30T17:39:23,63,נשים,אום סלמונה,language,צרפתית,2
2026-07-30T17:39:23,63,נשים,אום סלמונה,language,רוסית,3
2026-07-30T17:39:46,63,נשים,אחיטוב,gender,גבר,62
2026-07-30T17:39:46,63,נשים,אחיטוב,gender,אישה,138
2026-07-30T17:39:46,63,נשים,אחיטוב,visit_type,ביקור במרפאה,203
2026-07-30T17:39:46,63,נשים,אחיטוב,visit_type,שיחת טלפון,2
2026-07-30T17:39:46,63,נשים,אחיטוב,language,אידיש,1
2026-07-30T17:39:46,63,נשים,אחיטוב,language,איטלקית,1
2026-07-30T17:39:46,63,נשים,אחיטוב,language,אנגלית,38
2026-07-30T17:39:46,63,נשים,אחיטוב,language,גרמנית,1
2026-07-30T17:39:46,63,נשים,אחיטוב,language,הונגרית,1
2026-07-30T17:39:46,63,נשים,אחיטוב,language,עברית,63
2026-07-30T17:39:46,63,נשים,אחיטוב,language,ערבית,28
2026-07-30T17:39:46,63,נשים,אחיטוב,language,צרפתית,2
2026-07-30T17:39:46,63,נשים,אחיטוב,language,רומנית,3
2026-07-30T17:39:46,63,נשים,אחיטוב,language,רוסית,15
2026-07-30T17:40:07,63,נשים,אילון,gender,גבר,23
2026-07-30T17:40:07,63,נשים,אילון,gender,אישה,64
2026-07-30T17:40:07,63,נשים,אילון,visit_type,ביקור במרפאה,88
2026-07-30T17:40:07,63,נשים,אילון,visit_type,שיחת טלפון,2
2026-07-30T17:40:07,63,נשים,אילון,language,איטלקית,4
2026-07-30T17:40:07,63,נשים,אילון,language,אנגלית,56
2026-07-30T17:40:07,63,נשים,אילון,language,ספרדית,1
2026-07-30T17:40:07,63,נשים,אילון,language,עברית,85
2026-07-30T17:40:07,63,נשים,אילון,language,ערבית,64
2026-07-30T17:40:07,63,נשים,אילון,language,רומנית,4
2026-07-30T17:40:07,63,נשים,אילון,language,רוסית,15
2026-07-30T17:40:23,63,נשים,אל מוע'ייר,gender,גבר,47
2026-07-30T17:40:23,63,נשים,אל מוע'ייר,gender,אישה,92
2026-07-30T17:40:23,63,נשים,אל מוע'ייר,visit_type,ביקור במרפאה,142
2026-07-30T17:40:23,63,נשים,אל מוע'ייר,visit_type,שיחת טלפון,2
2026-07-30T17:40:23,63,נשים,אל מוע'ייר,language,אידיש,1
2026-07-30T17:40:23,63,נשים,אל מוע'ייר,language,אנגלית,18
2026-07-30T17:40:23,63,נשים,אל מוע'ייר,language,גרמנית,1
2026-07-30T17:40:23,63,נשים,אל מוע'ייר,language,עברית,32
2026-07-30T17:40:23,63,נשים,אל מוע'ייר,language,ערבית,8
2026-07-30T17:40:23,63,נשים,אל מוע'ייר,language,צרפתית,2
2026-07-30T17:40:23,63,נשים,אל מוע'ייר,language,רומנית,2
2026-07-30T17:40:23,63,נשים,אל מוע'ייר,language,רוסית,11
2026-07-30T17:40:42,63,נשים,אספר,gender,גבר,47
2026-07-30T17:40:42,63,נשים,אספר,gender,אישה,79
2026-07-30T17:40:42,63,נשים,אספר,visit_type,ביקור במרפאה,131
2026-07-30T17:40:42,63,נשים,אספר,visit_type,שיחת טלפון,16
2026-07-30T17:40:42,63,נשים,אספר,visit_type,שיחת וידאו,1
2026-07-30T17:40:42,63,נשים,אספר,language,אידיש,2
2026-07-30T17:40:42,63,נשים,אספר,language,אנגלית,20
2026-07-30T17:40:42,63,נשים,אספר,language,עברית,24
2026-07-30T17:40:42,63,נשים,אספר,language,ערבית,3
2026-07-30T17:40:42,63,נשים,אספר,language,צרפתית,2
2026-07-30T17:40:42,63,נשים,אספר,language,רוסית,3
2026-07-30T17:41:01,63,נשים,ארז,gender,גבר,47
2026-07-30T17:41:01,63,נשים,ארז,gender,אישה,61
2026-07-30T17:41:01,63,נשים,ארז,visit_type,ביקור במרפאה,108
2026-07-30T17:41:01,63,נשים,ארז,visit_type,שיחת טלפון,1
2026-07-30T17:41:01,63,נשים,ארז,language,אידיש,4
2026-07-30T17:41:01,63,נשים,ארז,language,אנגלית,13
2026-07-30T17:41:01,63,נשים,ארז,language,גרמנית,1
2026-07-30T17:41:01,63,נשים,ארז,language,ליטאית,1
2026-07-30T17:41:01,63,נשים,ארז,language,סינית,1
2026-07-30T17:41:01,63,נשים,ארז,language,עברית,8
2026-07-30T17:41:01,63,נשים,ארז,language,ערבית,3
2026-07-30T17:41:01,63,נשים,ארז,language,רוסית,14
2026-07-30T17:41:17,63,נשים,אשכולות,gender,גבר,68
2026-07-30T17:41:17,63,נשים,אשכולות,gender,אישה,86
2026-07-30T17:41:17,63,נשים,אשכולות,visit_type,ביקור במרפאה,156
2026-07-30T17:41:17,63,נשים,אשכולות,visit_type,שיחת טלפון,1
2026-07-30T17:41:17,63,נשים,אשכולות,language,אידיש,4
2026-07-30T17:41:17,63,נשים,אשכולות,language,אנגלית,22
2026-07-30T17:41:17,63,נשים,אשכולות,language,גרמנית,1
2026-07-30T17:41:17,63,נשים,אשכולות,language,ליטאית,1
2026-07-30T17:41:17,63,נשים,אשכולות,language,סינית,1
2026-07-30T17:41:17,63,נשים,אשכולות,language,עברית,14
2026-07-30T17:41:17,63,נשים,אשכולות,language,ערבית,4
2026-07-30T17:41:17,63,נשים,אשכולות,language,רוסית,22
2026-07-30T17:41:37,63,נשים,באר יעקב,gender,גבר,40
2026-07-30T17:41:37,63,נשים,באר יעקב,gender,אישה,46
2026-07-30T17:41:37,63,נשים,באר יעקב,visit_type,ביקור במרפאה,88
2026-07-30T17:41:37,63,נשים,באר יעקב,language,אוקראינית,3
2026-07-30T17:41:37,63,נשים,באר יעקב,language,אידיש,1
2026-07-30T17:41:37,63,נשים,באר יעקב,language,איטלקית,2
2026-07-30T17:41:37,63,נשים,באר יעקב,language,אנגלית,21
2026-07-30T17:41:37,63,נשים,באר יעקב,language,הונגרית,1
2026-07-30T17:41:37,63,נשים,באר יעקב,language,ספרדית,1
2026-07-30T17:41:37,63,נשים,באר יעקב,language,עברית,29
2026-07-30T17:41:37,63,נשים,באר יעקב,language,צרפתית,1
2026-07-30T17:41:37,63,נשים,באר יעקב,language,רוסית,12
2026-07-30T17:41:50,63,נשים,בורהאם,gender,גבר,47
2026-07-30T17:41:50,63,נשים,בורהאם,gender,אישה,79
2026-07-30T17:41:50,63,נשים,בורהאם,visit_type,ביקור במרפאה,131
2026-07-30T17:41:50,63,נשים,בורהאם,visit_type,שיחת טלפון,16
2026-07-30T17:41:50,63,נשים,בורהאם,visit_type,שיחת וידאו,1
2026-07-30T17:41:50,63,נשים,בורהאם,language,אידיש,2
2026-07-30T17:41:50,63,נשים,בורהאם,language,אנגלית,20
2026-07-30T17:41:50,63,נשים,בורהאם,language,עברית,24
2026-07-30T17:41:50,63,נשים,בורהאם,language,ערבית,3
2026-07-30T17:41:50,63,נשים,בורהאם,language,צרפתית,2
2026-07-30T17:41:50,63,נשים,בורהאם,language,רוסית,3
2026-07-30T17:42:09,63,נשים,ביכורה,gender,גבר,29
2026-07-30T17:42:09,63,נשים,ביכורה,gender,אישה,58
2026-07-30T17:42:09,63,נשים,ביכורה,visit_type,ביקור במרפאה,87
2026-07-30T17:42:09,63,נשים,ביכורה,language,אנגלית,9
2026-07-30T17:42:09,63,נשים,ביכורה,language,עברית,13
2026-07-30T17:42:09,63,נשים,ביכורה,language,ערבית,4
2026-07-30T17:42:09,63,נשים,ביכורה,language,רוסית,3
2026-07-30T17:42:23,63,נשים,בני ברק,gender,גבר,31
2026-07-30T17:42:23,63,נשים,בני ברק,gender,אישה,30
2026-07-30T17:42:23,63,נשים,בני ברק,visit_type,ביקור במרפאה,65
2026-07-30T17:42:23,63,נשים,בני ברק,language,איטלקית,5
2026-07-30T17:42:23,63,נשים,בני ברק,language,אנגלית,29
2026-07-30T17:42:23,63,נשים,בני ברק,language,גרמנית,1
2026-07-30T17:42:23,63,נשים,בני ברק,language,ספרדית,2
2026-07-30T17:42:23,63,נשים,בני ברק,language,עברית,47
2026-07-30T17:42:23,63,נשים,בני ברק,language,ערבית,2
2026-07-30T17:42:23,63,נשים,בני ברק,language,צרפתית,2
2026-07-30T17:42:23,63,נשים,בני ברק,language,רומנית,4
2026-07-30T17:42:23,63,נשים,בני ברק,language,רוסית,5
2026-07-30T17:42:36,63,נשים,בסמ''ה,gender,גבר,62
2026-07-30T17:42:36,63,נשים,בסמ''ה,gender,אישה,138
2026-07-30T17:42:36,63,נשים,בסמ''ה,visit_type,ביקור במרפאה,203
2026-07-30T17:42:36,63,נשים,בסמ''ה,visit_type,שיחת טלפון,2
2026-07-30T17:42:36,63,נשים,בסמ''ה,language,אידיש,1
2026-07-30T17:42:36,63,נשים,בסמ''ה,language,איטלקית,1
2026-07-30T17:42:36,63,נשים,בסמ''ה,language,אנגלית,38
2026-07-30T17:42:36,63,נשים,בסמ''ה,language,גרמנית,1
2026-07-30T17:42:36,63,נשים,בסמ''ה,language,הונגרית,1
2026-07-30T17:42:36,63,נשים,בסמ''ה,language,עברית,63
2026-07-30T17:42:36,63,נשים,בסמ''ה,language,ערבית,28
2026-07-30T17:42:36,63,נשים,בסמ''ה,language,צרפתית,2
2026-07-30T17:42:36,63,נשים,בסמ''ה,language,רומנית,3
2026-07-30T17:42:36,63,נשים,בסמ''ה,language,רוסית,15
2026-07-30T17:42:56,63,נשים,ברוכין,gender,גבר,10
2026-07-30T17:42:56,63,נשים,ברוכין,gender,אישה,15
2026-07-30T17:42:56,63,נשים,ברוכין,visit_type,ביקור במרפאה,29
2026-07-30T17:42:56,63,נשים,ברוכין,language,איטלקית,4
2026-07-30T17:42:56,63,נשים,ברוכין,language,אנגלית,12
2026-07-30T17:42:56,63,נשים,ברוכין,language,ספרדית,1
2026-07-30T17:42:56,63,נשים,ברוכין,language,עברית,24
2026-07-30T17:42:56,63,נשים,ברוכין,language,ערבית,1
2026-07-30T17:42:56,63,נשים,ברוכין,language,צרפתית,2
2026-07-30T17:42:56,63,נשים,ברוכין,language,רומנית,4
2026-07-30T17:42:56,63,נשים,ברוכין,language,רוסית,2
2026-07-30T17:43:01,63,נשים,בת עין,gender,גבר,47
2026-07-30T17:43:01,63,נשים,בת עין,gender,אישה,79
2026-07-30T17:43:01,63,נשים,בת עין,visit_type,ביקור במרפאה,131
2026-07-30T17:43:01,63,נשים,בת עין,visit_type,שיחת טלפון,16
2026-07-30T17:43:01,63,נשים,בת עין,visit_type,שיחת וידאו,1
2026-07-30T17:43:01,63,נשים,בת עין,language,אידיש,2
2026-07-30T17:43:01,63,נשים,בת עין,language,אנגלית,20
2026-07-30T17:43:01,63,נשים,בת עין,language,עברית,24
2026-07-30T17:43:01,63,נשים,בת עין,language,ערבית,3
2026-07-30T17:43:01,63,נשים,בת עין,language,צרפתית,2
2026-07-30T17:43:01,63,נשים,בת עין,language,רוסית,3
2026-07-30T17:43:22,63,נשים,גבולות,gender,גבר,43
2026-07-30T17:43:22,63,נשים,גבולות,gender,אישה,67
2026-07-30T17:43:22,63,נשים,גבולות,visit_type,ביקור במרפאה,112
2026-07-30T17:43:22,63,נשים,גבולות,language,אידיש,3
2026-07-30T17:43:22,63,נשים,גבולות,language,אנגלית,21
2026-07-30T17:43:22,63,נשים,גבולות,language,ליטאית,1
2026-07-30T17:43:22,63,נשים,גבולות,language,סינית,1
2026-07-30T17:43:22,63,נשים,גבולות,language,עברית,9
2026-07-30T17:43:22,63,נשים,גבולות,language,ערבית,4
2026-07-30T17:43:22,63,נשים,גבולות,language,רוסית,19
2026-07-30T17:43:39,63,נשים,גדות,gender,גבר,29
2026-07-30T17:43:39,63,נשים,גדות,gender,אישה,58
2026-07-30T17:43:39,63,נשים,גדות,visit_type,ביקור במרפאה,87
2026-07-30T17:43:39,63,נשים,גדות,language,אנגלית,9
2026-07-30T17:43:39,63,נשים,גדות,language,עברית,13
2026-07-30T17:43:39,63,נשים,גדות,language,ערבית,4
2026-07-30T17:43:39,63,נשים,גדות,language,רוסית,3
2026-07-30T17:43:52,63,נשים,גיבתון,gender,גבר,28
2026-07-30T17:43:52,63,נשים,גיבתון,gender,אישה,31
2026-07-30T17:43:52,63,נשים,גיבתון,visit_type,ביקור במרפאה,63
2026-07-30T17:43:52,63,נשים,גיבתון,language,אוקראינית,2
2026-07-30T17:43:52,63,נשים,גיבתון,language,איטלקית,1
2026-07-30T17:43:52,63,נשים,גיבתון,language,אנגלית,13
2026-07-30T17:43:52,63,נשים,גיבתון,language,גרוזינית,1
2026-07-30T17:43:52,63,נשים,גיבתון,language,הונגרית,1
2026-07-30T17:43:52,63,נשים,גיבתון,language,ספרדית,1
2026-07-30T17:43:52,63,נשים,גיבתון,language,עברית,20
2026-07-30T17:43:52,63,נשים,גיבתון,language,צרפתית,2
2026-07-30T17:43:52,63,נשים,גיבתון,language,רוסית,10
2026-07-30T17:44:02,63,נשים,גלגל,gender,גבר,47
2026-07-30T17:44:02,63,נשים,גלגל,gender,אישה,79
2026-07-30T17:44:02,63,נשים,גלגל,visit_type,ביקור במרפאה,131
2026-07-30T17:44:02,63,נשים,גלגל,visit_type,שיחת טלפון,16
2026-07-30T17:44:02,63,נשים,גלגל,visit_type,שיחת וידאו,1
2026-07-30T17:44:02,63,נשים,גלגל,language,אידיש,2
2026-07-30T17:44:02,63,נשים,גלגל,language,אנגלית,20
2026-07-30T17:44:02,63,נשים,גלגל,language,עברית,24
2026-07-30T17:44:02,63,נשים,גלגל,language,ערבית,3
2026-07-30T17:44:02,63,נשים,גלגל,language,צרפתית,2
2026-07-30T17:44:02,63,נשים,גלגל,language,רוסית,3
2026-07-30T17:44:20,63,נשים,גני עם,gender,גבר,10
2026-07-30T17:44:20,63,נשים,גני עם,gender,אישה,15
2026-07-30T17:44:20,63,נשים,גני עם,visit_type,ביקור במרפאה,29
2026-07-30T17:44:20,63,נשים,גני עם,language,איטלקית,4
2026-07-30T17:44:20,63,נשים,גני עם,language,אנגלית,12
2026-07-30T17:44:20,63,נשים,גני עם,language,ספרדית,1
2026-07-30T17:44:20,63,נשים,גני עם,language,עברית,24
2026-07-30T17:44:20,63,נשים,גני עם,language,ערבית,1
2026-07-30T17:44:20,63,נשים,גני עם,language,צרפתית,2
2026-07-30T17:44:20,63,נשים,גני עם,language,רומנית,4
2026-07-30T17:44:20,63,נשים,גני עם,language,רוסית,2
2026-07-30T17:44:26,63,נשים,גת רימון,gender,גבר,10
2026-07-30T17:44:26,63,נשים,גת רימון,gender,אישה,15
2026-07-30T17:44:26,63,נשים,גת רימון,visit_type,ביקור במרפאה,29
2026-07-30T17:44:26,63,נשים,גת רימון,language,איטלקית,4
2026-07-30T17:44:26,63,נשים,גת רימון,language,אנגלית,12
2026-07-30T17:44:26,63,נשים,גת רימון,language,ספרדית,1
2026-07-30T17:44:26,63,נשים,גת רימון,language,עברית,24
2026-07-30T17:44:26,63,נשים,גת רימון,language,ערבית,1
2026-07-30T17:44:26,63,נשים,גת רימון,language,צרפתית,2
2026-07-30T17:44:26,63,נשים,גת רימון,language,רומנית,4
2026-07-30T17:44:26,63,נשים,גת רימון,language,רוסית,2
2026-07-30T17:44:33,63,נשים,דוב''ב,gender,גבר,29
2026-07-30T17:44:33,63,נשים,דוב''ב,gender,אישה,58
2026-07-30T17:44:33,63,נשים,דוב''ב,visit_type,ביקור במרפאה,87
2026-07-30T17:44:33,63,נשים,דוב''ב,language,אנגלית,9
2026-07-30T17:44:33,63,נשים,דוב''ב,language,עברית,13
2026-07-30T17:44:33,63,נשים,דוב''ב,language,ערבית,4
2026-07-30T17:44:33,63,נשים,דוב''ב,language,רוסית,3
2026-07-30T17:44:48,63,נשים,דייר חנא,gender,אישה,82
2026-07-30T17:44:48,63,נשים,דייר חנא,gender,גבר,37
2026-07-30T17:44:48,63,נשים,דייר חנא,visit_type,ביקור במרפאה,120
2026-07-30T17:44:48,63,נשים,דייר חנא,visit_type,שיחת טלפון,2
2026-07-30T17:44:48,63,נשים,דייר חנא,language,אידיש,1
2026-07-30T17:44:48,63,נשים,דייר חנא,language,איטלקית,4
2026-07-30T17:44:48,63,נשים,דייר חנא,language,אנגלית,75
2026-07-30T17:44:48,63,נשים,דייר חנא,language,ספרדית,1
2026-07-30T17:44:48,63,נשים,דייר חנא,language,עברית,115
2026-07-30T17:44:48,63,נשים,דייר חנא,language,ערבית,74
2026-07-30T17:44:48,63,נשים,דייר חנא,language,צרפתית,2
2026-07-30T17:44:48,63,נשים,דייר חנא,language,רומנית,6
2026-07-30T17:44:48,63,נשים,דייר חנא,language,רוסית,24
2026-07-30T17:44:48,63,נשים,דייר חנא,language,שוודית,1
2026-07-30T17:45:06,63,נשים,דלתון,gender,גבר,29
2026-07-30T17:45:06,63,נשים,דלתון,gender,אישה,58
2026-07-30T17:45:06,63,נשים,דלתון,visit_type,ביקור במרפאה,87
2026-07-30T17:45:06,63,נשים,דלתון,language,אנגלית,9
2026-07-30T17:45:06,63,נשים,דלתון,language,עברית,13
2026-07-30T17:45:06,63,נשים,דלתון,language,ערבית,4
2026-07-30T17:45:06,63,נשים,דלתון,language,רוסית,3
2026-07-30T17:45:21,63,נשים,הדר עם,gender,גבר,47
2026-07-30T17:45:21,63,נשים,הדר עם,gender,אישה,92
2026-07-30T17:45:21,63,נשים,הדר עם,visit_type,ביקור במרפאה,142
2026-07-30T17:45:21,63,נשים,הדר עם,visit_type,שיחת טלפון,2
2026-07-30T17:45:21,63,נשים,הדר עם,language,אידיש,1
2026-07-30T17:45:21,63,נשים,הדר עם,language,אנגלית,18
2026-07-30T17:45:21,63,נשים,הדר עם,language,גרמנית,1
2026-07-30T17:45:21,63,נשים,הדר עם,language,עברית,32
2026-07-30T17:45:21,63,נשים,הדר עם,language,ערבית,8
2026-07-30T17:45:21,63,נשים,הדר עם,language,צרפתית,2
2026-07-30T17:45:21,63,נשים,הדר עם,language,רומנית,2
2026-07-30T17:45:21,63,נשים,הדר עם,language,רוסית,11
2026-07-30T17:45:44,63,נשים,היוגב,gender,גבר,48
2026-07-30T17:45:44,63,נשים,היוגב,gender,אישה,127
2026-07-30T17:45:44,63,נשים,היוגב,visit_type,ביקור במרפאה,176
2026-07-30T17:45:44,63,נשים,היוגב,visit_type,שיחת טלפון,1
2026-07-30T17:45:44,63,נשים,היוגב,language,איטלקית,1
2026-07-30T17:45:44,63,נשים,היוגב,language,אנגלית,29
2026-07-30T17:45:44,63,נשים,היוגב,language,הונגרית,1
2026-07-30T17:45:44,63,נשים,היוגב,language,עברית,50
2026-07-30T17:45:44,63,נשים,היוגב,language,ערבית,28
2026-07-30T17:45:44,63,נשים,היוגב,language,רומנית,1
2026-07-30T17:45:44,63,נשים,היוגב,language,רוסית,11
2026-07-30T17:46:07,63,נשים,הרדוף,gender,אישה,136
2026-07-30T17:46:07,63,נשים,הרדוף,gender,גבר,48
2026-07-30T17:46:07,63,נשים,הרדוף,visit_type,ביקור במרפאה,185
2026-07-30T17:46:07,63,נשים,הרדוף,visit_type,שיחת טלפון,1
2026-07-30T17:46:07,63,נשים,הרדוף,language,אידיש,1
2026-07-30T17:46:07,63,נשים,הרדוף,language,איטלקית,3
2026-07-30T17:46:07,63,נשים,הרדוף,language,אנגלית,68
2026-07-30T17:46:07,63,נשים,הרדוף,language,הונגרית,3
2026-07-30T17:46:07,63,נשים,הרדוף,language,עברית,100
2026-07-30T17:46:07,63,נשים,הרדוף,language,ערבית,40
2026-07-30T17:46:07,63,נשים,הרדוף,language,צרפתית,5
2026-07-30T17:46:07,63,נשים,הרדוף,language,רומנית,5
2026-07-30T17:46:07,63,נשים,הרדוף,language,רוסית,27
2026-07-30T17:46:07,63,נשים,הרדוף,language,שוודית,1
2026-07-30T17:46:27,63,נשים,זבדיאל,gender,גבר,47
2026-07-30T17:46:27,63,נשים,זבדיאל,gender,אישה,61
2026-07-30T17:46:27,63,נשים,זבדיאל,visit_type,ביקור במרפאה,108
2026-07-30T17:46:27,63,נשים,זבדיאל,visit_type,שיחת טלפון,1
2026-07-30T17:46:27,63,נשים,זבדיאל,language,אידיש,4
2026-07-30T17:46:27,63,נשים,זבדיאל,language,אנגלית,13
2026-07-30T17:46:27,63,נשים,זבדיאל,language,גרמנית,1
2026-07-30T17:46:27,63,נשים,זבדיאל,language,ליטאית,1
2026-07-30T17:46:27,63,נשים,זבדיאל,language,סינית,1
2026-07-30T17:46:27,63,נשים,זבדיאל,language,עברית,8
2026-07-30T17:46:27,63,נשים,זבדיאל,language,ערבית,3
2026-07-30T17:46:27,63,נשים,זבדיאל,language,רוסית,14
2026-07-30T17:46:42,63,נשים,זכריה,gender,גבר,47
2026-07-30T17:46:42,63,נשים,זכריה,gender,אישה,79
2026-07-30T17:46:42,63,נשים,זכריה,visit_type,ביקור במרפאה,131
2026-07-30T17:46:42,63,נשים,זכריה,visit_type,שיחת טלפון,16
2026-07-30T17:46:42,63,נשים,זכריה,visit_type,שיחת וידאו,1
2026-07-30T17:46:42,63,נשים,זכריה,language,אידיש,2
2026-07-30T17:46:42,63,נשים,זכריה,language,אנגלית,20
2026-07-30T17:46:42,63,נשים,זכריה,language,עברית,24
2026-07-30T17:46:42,63,נשים,זכריה,language,ערבית,3
2026-07-30T17:46:42,63,נשים,זכריה,language,צרפתית,2
2026-07-30T17:46:42,63,נשים,זכריה,language,רוסית,3
2026-07-30T17:47:00,63,נשים,חארס,gender,גבר,10
2026-07-30T17:47:00,63,נשים,חארס,gender,אישה,15
2026-07-30T17:47:00,63,נשים,חארס,visit_type,ביקור במרפאה,29
2026-07-30T17:47:00,63,נשים,חארס,language,איטלקית,4
2026-07-30T17:47:00,63,נשים,חארס,language,אנגלית,12
2026-07-30T17:47:00,63,נשים,חארס,language,ספרדית,1
2026-07-30T17:47:00,63,נשים,חארס,language,עברית,24
2026-07-30T17:47:00,63,נשים,חארס,language,ערבית,1
2026-07-30T17:47:00,63,נשים,חארס,language,צרפתית,2
2026-07-30T17:47:00,63,נשים,חארס,language,רומנית,4
2026-07-30T17:47:00,63,נשים,חארס,language,רוסית,2
2026-07-30T17:47:06,63,נשים,חדיד,gender,גבר,40
2026-07-30T17:47:06,63,נשים,חדיד,gender,אישה,46
2026-07-30T17:47:06,63,נשים,חדיד,visit_type,ביקור במרפאה,88
2026-07-30T17:47:06,63,נשים,חדיד,language,אוקראינית,3
2026-07-30T17:47:06,63,נשים,חדיד,language,אידיש,1
2026-07-30T17:47:06,63,נשים,חדיד,language,איטלקית,2
2026-07-30T17:47:06,63,נשים,חדיד,language,אנגלית,21
2026-07-30T17:47:06,63,נשים,חדיד,language,הונגרית,1
2026-07-30T17:47:06,63,נשים,חדיד,language,ספרדית,1
2026-07-30T17:47:06,63,נשים,חדיד,language,עברית,29
2026-07-30T17:47:06,63,נשים,חדיד,language,צרפתית,1
2026-07-30T17:47:06,63,נשים,חדיד,language,רוסית,12
2026-07-30T17:47:22,63,נשים,חופית,gender,גבר,47
2026-07-30T17:47:22,63,נשים,חופית,gender,אישה,92
2026-07-30T17:47:22,63,נשים,חופית,visit_type,ביקור במרפאה,142
2026-07-30T17:47:22,63,נשים,חופית,visit_type,שיחת טלפון,2
2026-07-30T17:47:22,63,נשים,חופית,language,אידיש,1
2026-07-30T17:47:22,63,נשים,חופית,language,אנגלית,18
2026-07-30T17:47:22,63,נשים,חופית,language,גרמנית,1
2026-07-30T17:47:22,63,נשים,חופית,language,עברית,32
2026-07-30T17:47:22,63,נשים,חופית,language,ערבית,8
2026-07-30T17:47:22,63,נשים,חופית,language,צרפתית,2
2026-07-30T17:47:22,63,נשים,חופית,language,רומנית,2
2026-07-30T17:47:22,63,נשים,חופית,language,רוסית,11
2026-07-30T17:47:42,63,נשים,חמאם,gender,גבר,29
2026-07-30T17:47:42,63,נשים,חמאם,gender,אישה,58
2026-07-30T17:47:42,63,נשים,חמאם,visit_type,ביקור במרפאה,87
2026-07-30T17:47:42,63,נשים,חמאם,language,אנגלית,9
2026-07-30T17:47:42,63,נשים,חמאם,language,עברית,13
2026-07-30T17:47:42,63,נשים,חמאם,language,ערבית,4
2026-07-30T17:47:42,63,נשים,חמאם,language,רוסית,3
2026-07-30T17:47:58,63,נשים,חפצי בה,gender,גבר,48
2026-07-30T17:47:58,63,נשים,חפצי בה,gender,אישה,127
2026-07-30T17:47:58,63,נשים,חפצי בה,visit_type,ביקור במרפאה,176
2026-07-30T17:47:58,63,נשים,חפצי בה,visit_type,שיחת טלפון,1
2026-07-30T17:47:58,63,נשים,חפצי בה,language,איטלקית,1
2026-07-30T17:47:58,63,נשים,חפצי בה,language,אנגלית,29
2026-07-30T17:47:58,63,נשים,חפצי בה,language,הונגרית,1
2026-07-30T17:47:58,63,נשים,חפצי בה,language,עברית,50
2026-07-30T17:47:58,63,נשים,חפצי בה,language,ערבית,28
2026-07-30T17:47:58,63,נשים,חפצי בה,language,רומנית,1
2026-07-30T17:47:58,63,נשים,חפצי בה,language,רוסית,11
2026-07-30T17:48:20,63,נשים,חרמש,gender,גבר,62
2026-07-30T17:48:20,63,נשים,חרמש,gender,אישה,138
2026-07-30T17:48:20,63,נשים,חרמש,visit_type,ביקור במרפאה,203
2026-07-30T17:48:20,63,נשים,חרמש,visit_type,שיחת טלפון,2
2026-07-30T17:48:20,63,נשים,חרמש,language,אידיש,1
2026-07-30T17:48:20,63,נשים,חרמש,language,איטלקית,1
2026-07-30T17:48:20,63,נשים,חרמש,language,אנגלית,38
2026-07-30T17:48:20,63,נשים,חרמש,language,גרמנית,1
2026-07-30T17:48:20,63,נשים,חרמש,language,הונגרית,1
2026-07-30T17:48:20,63,נשים,חרמש,language,עברית,63
2026-07-30T17:48:20,63,נשים,חרמש,language,ערבית,28
2026-07-30T17:48:20,63,נשים,חרמש,language,צרפתית,2
2026-07-30T17:48:20,63,נשים,חרמש,language,רומנית,3
2026-07-30T17:48:20,63,נשים,חרמש,language,רוסית,15
2026-07-30T17:48:39,63,נשים,טייבה ליד עפרה,gender,גבר,47
2026-07-30T17:48:39,63,נשים,טייבה ליד עפרה,gender,אישה,79
2026-07-30T17:48:39,63,נשים,טייבה ליד עפרה,visit_type,ביקור במרפאה,131
2026-07-30T17:48:39,63,נשים,טייבה ליד עפרה,visit_type,שיחת טלפון,16
2026-07-30T17:48:39,63,נשים,טייבה ליד עפרה,visit_type,שיחת וידאו,1
2026-07-30T17:48:39,63,נשים,טייבה ליד עפרה,language,אידיש,2
2026-07-30T17:48:39,63,נשים,טייבה ליד עפרה,language,אנגלית,20
2026-07-30T17:48:39,63,נשים,טייבה ליד עפרה,language,עברית,24
2026-07-30T17:48:39,63,נשים,טייבה ליד עפרה,language,ערבית,3
2026-07-30T17:48:39,63,נשים,טייבה ליד עפרה,language,צרפתית,2
2026-07-30T17:48:39,63,נשים,טייבה ליד עפרה,language,רוסית,3
2026-07-30T17:48:59,63,נשים,טלמון,gender,גבר,47
2026-07-30T17:48:59,63,נשים,טלמון,gender,אישה,79
2026-07-30T17:48:59,63,נשים,טלמון,visit_type,ביקור במרפאה,131
2026-07-30T17:48:59,63,נשים,טלמון,visit_type,שיחת טלפון,16
2026-07-30T17:48:59,63,נשים,טלמון,visit_type,שיחת וידאו,1
2026-07-30T17:48:59,63,נשים,טלמון,language,אידיש,2
2026-07-30T17:48:59,63,נשים,טלמון,language,אנגלית,20
2026-07-30T17:48:59,63,נשים,טלמון,language,עברית,24
2026-07-30T17:48:59,63,נשים,טלמון,language,ערבית,3
2026-07-30T17:48:59,63,נשים,טלמון,language,צרפתית,2
2026-07-30T17:48:59,63,נשים,טלמון,language,רוסית,3
2026-07-30T17:49:21,63,נשים,יאסיד,gender,גבר,47
2026-07-30T17:49:21,63,נשים,יאסיד,gender,אישה,92
2026-07-30T17:49:21,63,נשים,יאסיד,visit_type,ביקור במרפאה,142
2026-07-30T17:49:21,63,נשים,יאסיד,visit_type,שיחת טלפון,2
2026-07-30T17:49:21,63,נשים,יאסיד,language,אידיש,1
2026-07-30T17:49:21,63,נשים,יאסיד,language,אנגלית,18
2026-07-30T17:49:21,63,נשים,יאסיד,language,גרמנית,1
2026-07-30T17:49:21,63,נשים,יאסיד,language,עברית,32
2026-07-30T17:49:21,63,נשים,יאסיד,language,ערבית,8
2026-07-30T17:49:21,63,נשים,יאסיד,language,צרפתית,2
2026-07-30T17:49:21,63,נשים,יאסיד,language,רומנית,2
2026-07-30T17:49:21,63,נשים,יאסיד,language,רוסית,11
2026-07-30T17:49:42,63,נשים,יד חנה,gender,גבר,47
2026-07-30T17:49:42,63,נשים,יד חנה,gender,אישה,92
2026-07-30T17:49:42,63,נשים,יד חנה,visit_type,ביקור במרפאה,142
2026-07-30T17:49:42,63,נשים,יד חנה,visit_type,שיחת טלפון,2
2026-07-30T17:49:42,63,נשים,יד חנה,language,אידיש,1
2026-07-30T17:49:42,63,נשים,יד חנה,language,אנגלית,18
2026-07-30T17:49:42,63,נשים,יד חנה,language,גרמנית,1
2026-07-30T17:49:42,63,נשים,יד חנה,language,עברית,32
2026-07-30T17:49:42,63,נשים,יד חנה,language,ערבית,8
2026-07-30T17:49:42,63,נשים,יד חנה,language,צרפתית,2
2026-07-30T17:49:42,63,נשים,יד חנה,language,רומנית,2
2026-07-30T17:49:42,63,נשים,יד חנה,language,רוסית,11
2026-07-30T17:50:03,63,נשים,יונתן,gender,גבר,29
2026-07-30T17:50:03,63,נשים,יונתן,gender,אישה,58
2026-07-30T17:50:03,63,נשים,יונתן,visit_type,ביקור במרפאה,87
2026-07-30T17:50:03,63,נשים,יונתן,language,אנגלית,9
2026-07-30T17:50:03,63,נשים,יונתן,language,עברית,13
2026-07-30T17:50:03,63,נשים,יונתן,language,ערבית,4
2026-07-30T17:50:03,63,נשים,יונתן,language,רוסית,3
2026-07-30T17:50:17,63,נשים,יסוד המעלה,gender,גבר,29
2026-07-30T17:50:17,63,נשים,יסוד המעלה,gender,אישה,58
2026-07-30T17:50:17,63,נשים,יסוד המעלה,visit_type,ביקור במרפאה,87
2026-07-30T17:50:17,63,נשים,יסוד המעלה,language,אנגלית,9
2026-07-30T17:50:17,63,נשים,יסוד המעלה,language,עברית,13
2026-07-30T17:50:17,63,נשים,יסוד המעלה,language,ערבית,4
2026-07-30T17:50:17,63,נשים,יסוד המעלה,language,רוסית,3
2026-07-30T17:50:32,63,נשים,יפעת,gender,גבר,48
2026-07-30T17:50:32,63,נשים,יפעת,gender,אישה,127
2026-07-30T17:50:32,63,נשים,יפעת,visit_type,ביקור במרפאה,176
2026-07-30T17:50:32,63,נשים,יפעת,visit_type,שיחת טלפון,1
2026-07-30T17:50:32,63,נשים,יפעת,language,איטלקית,1
2026-07-30T17:50:32,63,נשים,יפעת,language,אנגלית,29
2026-07-30T17:50:32,63,נשים,יפעת,language,הונגרית,1
2026-07-30T17:50:32,63,נשים,יפעת,language,עברית,50
2026-07-30T17:50:32,63,נשים,יפעת,language,ערבית,28
2026-07-30T17:50:32,63,נשים,יפעת,language,רומנית,1
2026-07-30T17:50:32,63,נשים,יפעת,language,רוסית,11
2026-07-30T17:50:53,63,נשים,ירוחם,gender,גבר,43
2026-07-30T17:50:53,63,נשים,ירוחם,gender,אישה,67
2026-07-30T17:50:53,63,נשים,ירוחם,visit_type,ביקור במרפאה,112
2026-07-30T17:50:53,63,נשים,ירוחם,language,אידיש,3
2026-07-30T17:50:53,63,נשים,ירוחם,language,אנגלית,21
2026-07-30T17:50:53,63,נשים,ירוחם,language,ליטאית,1
2026-07-30T17:50:53,63,נשים,ירוחם,language,סינית,1
2026-07-30T17:50:53,63,נשים,ירוחם,language,עברית,9
2026-07-30T17:50:53,63,נשים,ירוחם,language,ערבית,4
2026-07-30T17:50:53,63,נשים,ירוחם,language,רוסית,19
2026-07-30T17:51:12,63,נשים,יתיר,gender,גבר,68
2026-07-30T17:51:12,63,נשים,יתיר,gender,אישה,86
2026-07-30T17:51:12,63,נשים,יתיר,visit_type,ביקור במרפאה,156
2026-07-30T17:51:12,63,נשים,יתיר,visit_type,שיחת טלפון,1
2026-07-30T17:51:12,63,נשים,יתיר,language,אידיש,4
2026-07-30T17:51:12,63,נשים,יתיר,language,אנגלית,22
2026-07-30T17:51:12,63,נשים,יתיר,language,גרמנית,1
2026-07-30T17:51:12,63,נשים,יתיר,language,ליטאית,1
2026-07-30T17:51:12,63,נשים,יתיר,language,סינית,1
2026-07-30T17:51:12,63,נשים,יתיר,language,עברית,14
2026-07-30T17:51:12,63,נשים,יתיר,language,ערבית,4
2026-07-30T17:51:12,63,נשים,יתיר,language,רוסית,22
2026-07-30T17:51:32,63,נשים,כוכב יעקב,gender,אישה,79
2026-07-30T17:51:32,63,נשים,כוכב יעקב,gender,גבר,47
2026-07-30T17:51:32,63,נשים,כוכב יעקב,visit_type,ביקור במרפאה,131
2026-07-30T17:51:32,63,נשים,כוכב יעקב,visit_type,שיחת טלפון,16
2026-07-30T17:51:32,63,נשים,כוכב יעקב,visit_type,שיחת וידאו,1
2026-07-30T17:51:32,63,נשים,כוכב יעקב,language,אידיש,2
2026-07-30T17:51:32,63,נשים,כוכב יעקב,language,אנגלית,20
2026-07-30T17:51:32,63,נשים,כוכב יעקב,language,עברית,24
2026-07-30T17:51:32,63,נשים,כוכב יעקב,language,ערבית,3
2026-07-30T17:51:32,63,נשים,כוכב יעקב,language,צרפתית,2
2026-07-30T17:51:32,63,נשים,כוכב יעקב,language,רוסית,3
2026-07-30T17:51:52,63,נשים,כיסרא סומיע,gender,אישה,64
2026-07-30T17:51:52,63,נשים,כיסרא סומיע,gender,גבר,23
2026-07-30T17:51:52,63,נשים,כיסרא סומיע,visit_type,ביקור במרפאה,88
2026-07-30T17:51:52,63,נשים,כיסרא סומיע,visit_type,שיחת טלפון,2
2026-07-30T17:51:52,63,נשים,כיסרא סומיע,language,איטלקית,4
2026-07-30T17:51:52,63,נשים,כיסרא סומיע,language,אנגלית,56
2026-07-30T17:51:52,63,נשים,כיסרא סומיע,language,ספרדית,1
2026-07-30T17:51:52,63,נשים,כיסרא סומיע,language,עברית,85
2026-07-30T17:51:52,63,נשים,כיסרא סומיע,language,ערבית,64
2026-07-30T17:51:52,63,נשים,כיסרא סומיע,language,רומנית,4
2026-07-30T17:51:52,63,נשים,כיסרא סומיע,language,רוסית,15
2026-07-30T17:52:06,63,נשים,כנף,gender,גבר,29
2026-07-30T17:52:06,63,נשים,כנף,gender,אישה,58
2026-07-30T17:52:06,63,נשים,כנף,visit_type,ביקור במרפאה,87
2026-07-30T17:52:06,63,נשים,כנף,language,אנגלית,9
2026-07-30T17:52:06,63,נשים,כנף,language,עברית,13
2026-07-30T17:52:06,63,נשים,כנף,language,ערבית,4
2026-07-30T17:52:06,63,נשים,כנף,language,רוסית,3
2026-07-30T17:52:20,63,נשים,כפר ביאליק,gender,גבר,38
2026-07-30T17:52:20,63,נשים,כפר ביאליק,gender,אישה,94
2026-07-30T17:52:20,63,נשים,כפר ביאליק,visit_type,ביקור במרפאה,132
2026-07-30T17:52:20,63,נשים,כפר ביאליק,visit_type,שיחת טלפון,2
2026-07-30T17:52:20,63,נשים,כפר ביאליק,language,אידיש,1
2026-07-30T17:52:20,63,נשים,כפר ביאליק,language,איטלקית,4
2026-07-30T17:52:20,63,נשים,כפר ביאליק,language,אנגלית,90
2026-07-30T17:52:20,63,נשים,כפר ביאליק,language,הונגרית,3
2026-07-30T17:52:20,63,נשים,כפר ביאליק,language,עברית,129
2026-07-30T17:52:20,63,נשים,כפר ביאליק,language,ערבית,70
2026-07-30T17:52:20,63,נשים,כפר ביאליק,language,צרפתית,5
2026-07-30T17:52:20,63,נשים,כפר ביאליק,language,רומנית,5
2026-07-30T17:52:20,63,נשים,כפר ביאליק,language,רוסית,24
2026-07-30T17:52:20,63,נשים,כפר ביאליק,language,שוודית,1
2026-07-30T17:52:42,63,נשים,כרם מהר''ל,gender,אישה,136
2026-07-30T17:52:42,63,נשים,כרם מהר''ל,gender,גבר,48
2026-07-30T17:52:42,63,נשים,כרם מהר''ל,visit_type,ביקור במרפאה,185
2026-07-30T17:52:42,63,נשים,כרם מהר''ל,visit_type,שיחת טלפון,1
2026-07-30T17:52:42,63,נשים,כרם מהר''ל,language,אידיש,1
2026-07-30T17:52:42,63,נשים,כרם מהר''ל,language,איטלקית,3
2026-07-30T17:52:42,63,נשים,כרם מהר''ל,language,אנגלית,68
2026-07-30T17:52:42,63,נשים,כרם מהר''ל,language,הונגרית,3
2026-07-30T17:52:42,63,נשים,כרם מהר''ל,language,עברית,100
2026-07-30T17:52:42,63,נשים,כרם מהר''ל,language,ערבית,40
2026-07-30T17:52:42,63,נשים,כרם מהר''ל,language,צרפתית,5
2026-07-30T17:52:42,63,נשים,כרם מהר''ל,language,רומנית,5
2026-07-30T17:52:42,63,נשים,כרם מהר''ל,language,רוסית,27
2026-07-30T17:52:42,63,נשים,כרם מהר''ל,language,שוודית,1
2026-07-30T17:53:03,63,נשים,להבות הבשן,gender,גבר,29
2026-07-30T17:53:03,63,נשים,להבות הבשן,gender,אישה,58
2026-07-30T17:53:03,63,נשים,להבות הבשן,visit_type,ביקור במרפאה,87
2026-07-30T17:53:03,63,נשים,להבות הבשן,language,אנגלית,9
2026-07-30T17:53:03,63,נשים,להבות הבשן,language,עברית,13
2026-07-30T17:53:03,63,נשים,להבות הבשן,language,ערבית,4
2026-07-30T17:53:03,63,נשים,להבות הבשן,language,רוסית,3
2026-07-30T17:53:16,63,נשים,לכיש,gender,גבר,47
2026-07-30T17:53:16,63,נשים,לכיש,gender,אישה,61
2026-07-30T17:53:16,63,נשים,לכיש,visit_type,ביקור במרפאה,108
2026-07-30T17:53:16,63,נשים,לכיש,visit_type,שיחת טלפון,1
2026-07-30T17:53:16,63,נשים,לכיש,language,אידיש,4
2026-07-30T17:53:16,63,נשים,לכיש,language,אנגלית,13
2026-07-30T17:53:16,63,נשים,לכיש,language,גרמנית,1
2026-07-30T17:53:16,63,נשים,לכיש,language,ליטאית,1
2026-07-30T17:53:16,63,נשים,לכיש,language,סינית,1
2026-07-30T17:53:16,63,נשים,לכיש,language,עברית,8
2026-07-30T17:53:16,63,נשים,לכיש,language,ערבית,3
2026-07-30T17:53:16,63,נשים,לכיש,language,רוסית,14
2026-07-30T17:53:33,63,נשים,מבוא מודיעים,gender,גבר,40
2026-07-30T17:53:33,63,נשים,מבוא מודיעים,gender,אישה,46
2026-07-30T17:53:33,63,נשים,מבוא מודיעים,visit_type,ביקור במרפאה,88
2026-07-30T17:53:33,63,נשים,מבוא מודיעים,language,אוקראינית,3
2026-07-30T17:53:33,63,נשים,מבוא מודיעים,language,אידיש,1
2026-07-30T17:53:33,63,נשים,מבוא מודיעים,language,איטלקית,2
2026-07-30T17:53:33,63,נשים,מבוא מודיעים,language,אנגלית,21
2026-07-30T17:53:33,63,נשים,מבוא מודיעים,language,הונגרית,1
2026-07-30T17:53:33,63,נשים,מבוא מודיעים,language,ספרדית,1
2026-07-30T17:53:33,63,נשים,מבוא מודיעים,language,עברית,29
2026-07-30T17:53:33,63,נשים,מבוא מודיעים,language,צרפתית,1
2026-07-30T17:53:33,63,נשים,מבוא מודיעים,language,רוסית,12
2026-07-30T17:53:47,63,נשים,מגאר,gender,אישה,58
2026-07-30T17:53:47,63,נשים,מגאר,gender,גבר,29
2026-07-30T17:53:47,63,נשים,מגאר,visit_type,ביקור במרפאה,87
2026-07-30T17:53:47,63,נשים,מגאר,language,אנגלית,9
2026-07-30T17:53:47,63,נשים,מגאר,language,עברית,13
2026-07-30T17:53:47,63,נשים,מגאר,language,ערבית,4
2026-07-30T17:53:47,63,נשים,מגאר,language,רוסית,3
2026-07-30T17:54:01,63,נשים,מודיעין עילית,gender,גבר,40
2026-07-30T17:54:01,63,נשים,מודיעין עילית,gender,אישה,47
2026-07-30T17:54:01,63,נשים,מודיעין עילית,visit_type,ביקור במרפאה,89
2026-07-30T17:54:01,63,נשים,מודיעין עילית,language,אוקראינית,3
2026-07-30T17:54:01,63,נשים,מודיעין עילית,language,אידיש,1
2026-07-30T17:54:01,63,נשים,מודיעין עילית,language,איטלקית,2
2026-07-30T17:54:01,63,נשים,מודיעין עילית,language,אנגלית,21
2026-07-30T17:54:01,63,נשים,מודיעין עילית,language,הונגרית,1
2026-07-30T17:54:01,63,נשים,מודיעין עילית,language,ספרדית,1
2026-07-30T17:54:01,63,נשים,מודיעין עילית,language,עברית,29
2026-07-30T17:54:01,63,נשים,מודיעין עילית,language,צרפתית,1
2026-07-30T17:54:01,63,נשים,מודיעין עילית,language,רוסית,12
2026-07-30T17:54:15,63,נשים,מזור,gender,גבר,26
2026-07-30T17:54:15,63,נשים,מזור,gender,אישה,39
2026-07-30T17:54:15,63,נשים,מזור,visit_type,ביקור במרפאה,70
2026-07-30T17:54:15,63,נשים,מזור,language,אידיש,1
2026-07-30T17:54:15,63,נשים,מזור,language,איטלקית,4
2026-07-30T17:54:15,63,נשים,מזור,language,אנגלית,19
2026-07-30T17:54:15,63,נשים,מזור,language,ספרדית,1
2026-07-30T17:54:15,63,נשים,מזור,language,עברית,35
2026-07-30T17:54:15,63,נשים,מזור,language,ערבית,1
2026-07-30T17:54:15,63,נשים,מזור,language,צרפתית,2
2026-07-30T17:54:15,63,נשים,מזור,language,רומנית,6
2026-07-30T17:54:15,63,נשים,מזור,language,רוסית,5
2026-07-30T17:54:26,63,נשים,מטע,gender,גבר,47
2026-07-30T17:54:26,63,נשים,מטע,gender,אישה,79
2026-07-30T17:54:26,63,נשים,מטע,visit_type,ביקור במרפאה,131
2026-07-30T17:54:26,63,נשים,מטע,visit_type,שיחת טלפון,16
2026-07-30T17:54:26,63,נשים,מטע,visit_type,שיחת וידאו,1
2026-07-30T17:54:26,63,נשים,מטע,language,אידיש,2
2026-07-30T17:54:26,63,נשים,מטע,language,אנגלית,20
2026-07-30T17:54:26,63,נשים,מטע,language,עברית,24
2026-07-30T17:54:26,63,נשים,מטע,language,ערבית,3
2026-07-30T17:54:26,63,נשים,מטע,language,צרפתית,2
2026-07-30T17:54:26,63,נשים,מטע,language,רוסית,3
2026-07-30T17:54:47,63,נשים,מית'לון,gender,גבר,47
2026-07-30T17:54:47,63,נשים,מית'לון,gender,אישה,92
2026-07-30T17:54:47,63,נשים,מית'לון,visit_type,ביקור במרפאה,142
2026-07-30T17:54:47,63,נשים,מית'לון,visit_type,שיחת טלפון,2
2026-07-30T17:54:47,63,נשים,מית'לון,language,אידיש,1
2026-07-30T17:54:47,63,נשים,מית'לון,language,אנגלית,18
2026-07-30T17:54:47,63,נשים,מית'לון,language,גרמנית,1
2026-07-30T17:54:47,63,נשים,מית'לון,language,עברית,32
2026-07-30T17:54:47,63,נשים,מית'לון,language,ערבית,8
2026-07-30T17:54:47,63,נשים,מית'לון,language,צרפתית,2
2026-07-30T17:54:47,63,נשים,מית'לון,language,רומנית,2
2026-07-30T17:54:47,63,נשים,מית'לון,language,רוסית,11
2026-07-30T17:55:08,63,נשים,מנוף,gender,גבר,37
2026-07-30T17:55:08,63,נשים,מנוף,gender,אישה,82
2026-07-30T17:55:08,63,נשים,מנוף,visit_type,ביקור במרפאה,120
2026-07-30T17:55:08,63,נשים,מנוף,visit_type,שיחת טלפון,2
2026-07-30T17:55:08,63,נשים,מנוף,language,אידיש,1
2026-07-30T17:55:08,63,נשים,מנוף,language,איטלקית,4
2026-07-30T17:55:08,63,נשים,מנוף,language,אנגלית,75
2026-07-30T17:55:08,63,נשים,מנוף,language,ספרדית,1
2026-07-30T17:55:08,63,נשים,מנוף,language,עברית,115
2026-07-30T17:55:08,63,נשים,מנוף,language,ערבית,74
2026-07-30T17:55:08,63,נשים,מנוף,language,צרפתית,2
2026-07-30T17:55:08,63,נשים,מנוף,language,רומנית,6
2026-07-30T17:55:08,63,נשים,מנוף,language,רוסית,24
2026-07-30T17:55:08,63,נשים,מנוף,language,שוודית,1
2026-07-30T17:55:26,63,נשים,מסילת ציון,gender,גבר,47
2026-07-30T17:55:26,63,נשים,מסילת ציון,gender,אישה,79
2026-07-30T17:55:26,63,נשים,מסילת ציון,visit_type,ביקור במרפאה,131
2026-07-30T17:55:26,63,נשים,מסילת ציון,visit_type,שיחת טלפון,16
2026-07-30T17:55:26,63,נשים,מסילת ציון,visit_type,שיחת וידאו,1
2026-07-30T17:55:26,63,נשים,מסילת ציון,language,אידיש,2
2026-07-30T17:55:26,63,נשים,מסילת ציון,language,אנגלית,20
2026-07-30T17:55:26,63,נשים,מסילת ציון,language,עברית,24
2026-07-30T17:55:26,63,נשים,מסילת ציון,language,ערבית,3
2026-07-30T17:55:26,63,נשים,מסילת ציון,language,צרפתית,2
2026-07-30T17:55:26,63,נשים,מסילת ציון,language,רוסית,3
2026-07-30T17:55:45,63,נשים,מעונה,gender,גבר,23
2026-07-30T17:55:45,63,נשים,מעונה,gender,אישה,64
2026-07-30T17:55:45,63,נשים,מעונה,visit_type,ביקור במרפאה,88
2026-07-30T17:55:45,63,נשים,מעונה,visit_type,שיחת טלפון,2
2026-07-30T17:55:45,63,נשים,מעונה,language,איטלקית,4
2026-07-30T17:55:45,63,נשים,מעונה,language,אנגלית,56
2026-07-30T17:55:45,63,נשים,מעונה,language,ספרדית,1
2026-07-30T17:55:45,63,נשים,מעונה,language,עברית,85
2026-07-30T17:55:45,63,נשים,מעונה,language,ערבית,64
2026-07-30T17:55:45,63,נשים,מעונה,language,רומנית,4
2026-07-30T17:55:45,63,נשים,מעונה,language,רוסית,15
2026-07-30T17:56:00,63,נשים,מפעלי העמק,gender,גבר,29
2026-07-30T17:56:00,63,נשים,מפעלי העמק,gender,אישה,58
2026-07-30T17:56:00,63,נשים,מפעלי העמק,visit_type,ביקור במרפאה,87
2026-07-30T17:56:00,63,נשים,מפעלי העמק,language,אנגלית,9
2026-07-30T17:56:00,63,נשים,מפעלי העמק,language,עברית,13
2026-07-30T17:56:00,63,נשים,מפעלי העמק,language,ערבית,4
2026-07-30T17:56:00,63,נשים,מפעלי העמק,language,רוסית,3
2026-07-30T17:56:15,63,נשים,מצפה אילן,gender,גבר,72
2026-07-30T17:56:15,63,נשים,מצפה אילן,gender,אישה,113
2026-07-30T17:56:15,63,נשים,מצפה אילן,visit_type,ביקור במרפאה,189
2026-07-30T17:56:15,63,נשים,מצפה אילן,visit_type,שיחת טלפון,2
2026-07-30T17:56:15,63,נשים,מצפה אילן,language,אידיש,1
2026-07-30T17:56:15,63,נשים,מצפה אילן,language,איטלקית,1
2026-07-30T17:56:15,63,נשים,מצפה אילן,language,אנגלית,37
2026-07-30T17:56:15,63,נשים,מצפה אילן,language,גרמנית,2
2026-07-30T17:56:15,63,נשים,מצפה אילן,language,ספרדית,1
2026-07-30T17:56:15,63,נשים,מצפה אילן,language,עברית,64
2026-07-30T17:56:15,63,נשים,מצפה אילן,language,ערבית,9
2026-07-30T17:56:15,63,נשים,מצפה אילן,language,צרפתית,3
2026-07-30T17:56:15,63,נשים,מצפה אילן,language,רומנית,3
2026-07-30T17:56:15,63,נשים,מצפה אילן,language,רוסית,16
2026-07-30T17:56:37,63,נשים,מרחביה מושב,gender,גבר,48
2026-07-30T17:56:37,63,נשים,מרחביה מושב,gender,אישה,127
2026-07-30T17:56:37,63,נשים,מרחביה מושב,visit_type,ביקור במרפאה,176
2026-07-30T17:56:37,63,נשים,מרחביה מושב,visit_type,שיחת טלפון,1
2026-07-30T17:56:37,63,נשים,מרחביה מושב,language,איטלקית,1
2026-07-30T17:56:37,63,נשים,מרחביה מושב,language,אנגלית,29
2026-07-30T17:56:37,63,נשים,מרחביה מושב,language,הונגרית,1
2026-07-30T17:56:37,63,נשים,מרחביה מושב,language,עברית,50
2026-07-30T17:56:37,63,נשים,מרחביה מושב,language,ערבית,28
2026-07-30T17:56:37,63,נשים,מרחביה מושב,language,רומנית,1
2026-07-30T17:56:37,63,נשים,מרחביה מושב,language,רוסית,11
2026-07-30T17:56:57,63,נשים,משואות יצחק,gender,גבר,28
2026-07-30T17:56:57,63,נשים,משואות יצחק,gender,אישה,31
2026-07-30T17:56:57,63,נשים,משואות יצחק,visit_type,ביקור במרפאה,63
2026-07-30T17:56:57,63,נשים,משואות יצחק,language,אוקראינית,2
2026-07-30T17:56:57,63,נשים,משואות יצחק,language,איטלקית,1
2026-07-30T17:56:57,63,נשים,משואות יצחק,language,אנגלית,13
2026-07-30T17:56:57,63,נשים,משואות יצחק,language,גרוזינית,1
2026-07-30T17:56:57,63,נשים,משואות יצחק,language,הונגרית,1
2026-07-30T17:56:57,63,נשים,משואות יצחק,language,ספרדית,1
2026-07-30T17:56:57,63,נשים,משואות יצחק,language,עברית,20
2026-07-30T17:56:57,63,נשים,משואות יצחק,language,צרפתית,2
2026-07-30T17:56:57,63,נשים,משואות יצחק,language,רוסית,10
2026-07-30T17:57:08,63,נשים,נאות חובב,gender,גבר,68
2026-07-30T17:57:08,63,נשים,נאות חובב,gender,אישה,86
2026-07-30T17:57:08,63,נשים,נאות חובב,visit_type,ביקור במרפאה,156
2026-07-30T17:57:08,63,נשים,נאות חובב,visit_type,שיחת טלפון,1
2026-07-30T17:57:08,63,נשים,נאות חובב,language,אידיש,4
2026-07-30T17:57:08,63,נשים,נאות חובב,language,אנגלית,22
2026-07-30T17:57:08,63,נשים,נאות חובב,language,גרמנית,1
2026-07-30T17:57:08,63,נשים,נאות חובב,language,ליטאית,1
2026-07-30T17:57:08,63,נשים,נאות חובב,language,סינית,1
2026-07-30T17:57:08,63,נשים,נאות חובב,language,עברית,14
2026-07-30T17:57:08,63,נשים,נאות חובב,language,ערבית,4
2026-07-30T17:57:08,63,נשים,נאות חובב,language,רוסית,22
2026-07-30T17:57:30,63,נשים,נהלל,gender,גבר,48
2026-07-30T17:57:30,63,נשים,נהלל,gender,אישה,127
2026-07-30T17:57:30,63,נשים,נהלל,visit_type,ביקור במרפאה,176
2026-07-30T17:57:30,63,נשים,נהלל,visit_type,שיחת טלפון,1
2026-07-30T17:57:30,63,נשים,נהלל,language,איטלקית,1
2026-07-30T17:57:30,63,נשים,נהלל,language,אנגלית,29
2026-07-30T17:57:30,63,נשים,נהלל,language,הונגרית,1
2026-07-30T17:57:30,63,נשים,נהלל,language,עברית,50
2026-07-30T17:57:30,63,נשים,נהלל,language,ערבית,28
2026-07-30T17:57:30,63,נשים,נהלל,language,רומנית,1
2026-07-30T17:57:30,63,נשים,נהלל,language,רוסית,11
2026-07-30T17:57:49,63,נשים,נווה דניאל,gender,גבר,47
2026-07-30T17:57:49,63,נשים,נווה דניאל,gender,אישה,79
2026-07-30T17:57:49,63,נשים,נווה דניאל,visit_type,ביקור במרפאה,131
2026-07-30T17:57:49,63,נשים,נווה דניאל,visit_type,שיחת טלפון,16
2026-07-30T17:57:49,63,נשים,נווה דניאל,visit_type,שיחת וידאו,1
2026-07-30T17:57:49,63,נשים,נווה דניאל,language,אידיש,2
2026-07-30T17:57:49,63,נשים,נווה דניאל,language,אנגלית,20
2026-07-30T17:57:49,63,נשים,נווה דניאל,language,עברית,24
2026-07-30T17:57:49,63,נשים,נווה דניאל,language,ערבית,3
2026-07-30T17:57:49,63,נשים,נווה דניאל,language,צרפתית,2
2026-07-30T17:57:49,63,נשים,נווה דניאל,language,רוסית,3
2026-07-30T17:58:09,63,נשים,נחליאל,gender,גבר,47
2026-07-30T17:58:09,63,נשים,נחליאל,gender,אישה,79
2026-07-30T17:58:09,63,נשים,נחליאל,visit_type,ביקור במרפאה,131
2026-07-30T17:58:09,63,נשים,נחליאל,visit_type,שיחת טלפון,16
2026-07-30T17:58:09,63,נשים,נחליאל,visit_type,שיחת וידאו,1
2026-07-30T17:58:09,63,נשים,נחליאל,language,אידיש,2
2026-07-30T17:58:09,63,נשים,נחליאל,language,אנגלית,20
2026-07-30T17:58:09,63,נשים,נחליאל,language,עברית,24
2026-07-30T17:58:09,63,נשים,נחליאל,language,ערבית,3
2026-07-30T17:58:09,63,נשים,נחליאל,language,צרפתית,2
2026-07-30T17:58:09,63,נשים,נחליאל,language,רוסית,3
2026-07-30T17:58:27,63,נשים,נטף,gender,גבר,47
2026-07-30T17:58:27,63,נשים,נטף,gender,אישה,79
2026-07-30T17:58:27,63,נשים,נטף,visit_type,ביקור במרפאה,131
2026-07-30T17:58:27,63,נשים,נטף,visit_type,שיחת טלפון,16
2026-07-30T17:58:27,63,נשים,נטף,visit_type,שיחת וידאו,1
2026-07-30T17:58:27,63,נשים,נטף,language,אידיש,2
2026-07-30T17:58:27,63,נשים,נטף,language,אנגלית,20
2026-07-30T17:58:27,63,נשים,נטף,language,עברית,24
2026-07-30T17:58:27,63,נשים,נטף,language,ערבית,3
2026-07-30T17:58:27,63,נשים,נטף,language,צרפתית,2
2026-07-30T17:58:27,63,נשים,נטף,language,רוסית,3
2026-07-30T17:58:47,63,נשים,ניצנים,gender,גבר,47
2026-07-30T17:58:47,63,נשים,ניצנים,gender,אישה,61
2026-07-30T17:58:47,63,נשים,ניצנים,visit_type,ביקור במרפאה,108
2026-07-30T17:58:47,63,נשים,ניצנים,visit_type,שיחת טלפון,1
2026-07-30T17:58:47,63,נשים,ניצנים,language,אידיש,4
2026-07-30T17:58:47,63,נשים,ניצנים,language,אנגלית,13
2026-07-30T17:58:47,63,נשים,ניצנים,language,גרמנית,1
2026-07-30T17:58:47,63,נשים,ניצנים,language,ליטאית,1
2026-07-30T17:58:47,63,נשים,ניצנים,language,סינית,1
2026-07-30T17:58:47,63,נשים,ניצנים,language,עברית,8
2026-07-30T17:58:47,63,נשים,ניצנים,language,ערבית,3
2026-07-30T17:58:47,63,נשים,ניצנים,language,רוסית,14
2026-07-30T17:59:05,63,נשים,נצאצרה,gender,גבר,43
2026-07-30T17:59:05,63,נשים,נצאצרה,gender,אישה,67
2026-07-30T17:59:05,63,נשים,נצאצרה,visit_type,ביקור במרפאה,112
2026-07-30T17:59:05,63,נשים,נצאצרה,language,אידיש,3
2026-07-30T17:59:05,63,נשים,נצאצרה,language,אנגלית,21
2026-07-30T17:59:05,63,נשים,נצאצרה,language,ליטאית,1
2026-07-30T17:59:05,63,נשים,נצאצרה,language,סינית,1
2026-07-30T17:59:05,63,נשים,נצאצרה,language,עברית,9
2026-07-30T17:59:05,63,נשים,נצאצרה,language,ערבית,4
2026-07-30T17:59:05,63,נשים,נצאצרה,language,רוסית,19
2026-07-30T17:59:23,63,נשים,נתניה,gender,גבר,47
2026-07-30T17:59:23,63,נשים,נתניה,gender,אישה,92
2026-07-30T17:59:23,63,נשים,נתניה,visit_type,ביקור במרפאה,142
2026-07-30T17:59:23,63,נשים,נתניה,visit_type,שיחת טלפון,2
2026-07-30T17:59:23,63,נשים,נתניה,language,אידיש,1
2026-07-30T17:59:23,63,נשים,נתניה,language,אנגלית,18
2026-07-30T17:59:23,63,נשים,נתניה,language,גרמנית,1
2026-07-30T17:59:23,63,נשים,נתניה,language,עברית,32
2026-07-30T17:59:23,63,נשים,נתניה,language,ערבית,8
2026-07-30T17:59:23,63,נשים,נתניה,language,צרפתית,2
2026-07-30T17:59:23,63,נשים,נתניה,language,רומנית,2
2026-07-30T17:59:23,63,נשים,נתניה,language,רוסית,11
2026-07-30T17:59:46,63,נשים,סולם שונם,gender,גבר,48
2026-07-30T17:59:46,63,נשים,סולם שונם,gender,אישה,127
2026-07-30T17:59:46,63,נשים,סולם שונם,visit_type,ביקור במרפאה,176
2026-07-30T17:59:46,63,נשים,סולם שונם,visit_type,שיחת טלפון,1
2026-07-30T17:59:46,63,נשים,סולם שונם,language,איטלקית,1
2026-07-30T17:59:46,63,נשים,סולם שונם,language,אנגלית,29
2026-07-30T17:59:46,63,נשים,סולם שונם,language,הונגרית,1
2026-07-30T17:59:46,63,נשים,סולם שונם,language,עברית,50
2026-07-30T17:59:46,63,נשים,סולם שונם,language,ערבית,28
2026-07-30T17:59:46,63,נשים,סולם שונם,language,רומנית,1
2026-07-30T17:59:46,63,נשים,סולם שונם,language,רוסית,11
2026-07-30T18:00:07,63,נשים,סילת א דהר,gender,גבר,47
2026-07-30T18:00:07,63,נשים,סילת א דהר,gender,אישה,92
2026-07-30T18:00:07,63,נשים,סילת א דהר,visit_type,ביקור במרפאה,142
2026-07-30T18:00:07,63,נשים,סילת א דהר,visit_type,שיחת טלפון,2
2026-07-30T18:00:07,63,נשים,סילת א דהר,language,אידיש,1
2026-07-30T18:00:07,63,נשים,סילת א דהר,language,אנגלית,18
2026-07-30T18:00:07,63,נשים,סילת א דהר,language,גרמנית,1
2026-07-30T18:00:07,63,נשים,סילת א דהר,language,עברית,32
2026-07-30T18:00:07,63,נשים,סילת א דהר,language,ערבית,8
2026-07-30T18:00:07,63,נשים,סילת א דהר,language,צרפתית,2
2026-07-30T18:00:07,63,נשים,סילת א דהר,language,רומנית,2
2026-07-30T18:00:07,63,נשים,סילת א דהר,language,רוסית,11
2026-07-30T18:00:26,63,נשים,סמר,gender,גבר,5
2026-07-30T18:00:26,63,נשים,סמר,gender,אישה,2
2026-07-30T18:00:26,63,נשים,סמר,visit_type,ביקור במרפאה,10
2026-07-30T18:00:26,63,נשים,סמר,visit_type,שיחת טלפון,8
2026-07-30T18:00:26,63,נשים,סמר,language,אנגלית,2
2026-07-30T18:00:26,63,נשים,סמר,language,עברית,2
2026-07-30T18:00:26,63,נשים,סמר,language,רוסית,1
2026-07-30T18:00:31,63,נשים,סרה,gender,גבר,47
2026-07-30T18:00:31,63,נשים,סרה,gender,אישה,92
2026-07-30T18:00:31,63,נשים,סרה,visit_type,ביקור במרפאה,142
2026-07-30T18:00:31,63,נשים,סרה,visit_type,שיחת טלפון,2
2026-07-30T18:00:31,63,נשים,סרה,language,אידיש,1
2026-07-30T18:00:31,63,נשים,סרה,language,אנגלית,18
2026-07-30T18:00:31,63,נשים,סרה,language,גרמנית,1
2026-07-30T18:00:31,63,נשים,סרה,language,עברית,32
2026-07-30T18:00:31,63,נשים,סרה,language,ערבית,8
2026-07-30T18:00:31,63,נשים,סרה,language,צרפתית,2
2026-07-30T18:00:31,63,נשים,סרה,language,רומנית,2
2026-07-30T18:00:31,63,נשים,סרה,language,רוסית,11
2026-07-30T18:00:51,63,נשים,עברון,gender,גבר,23
2026-07-30T18:00:51,63,נשים,עברון,gender,אישה,64
2026-07-30T18:00:51,63,נשים,עברון,visit_type,ביקור במרפאה,88
2026-07-30T18:00:51,63,נשים,עברון,visit_type,שיחת טלפון,2
2026-07-30T18:00:51,63,נשים,עברון,language,איטלקית,4
2026-07-30T18:00:51,63,נשים,עברון,language,אנגלית,56
2026-07-30T18:00:51,63,נשים,עברון,language,ספרדית,1
2026-07-30T18:00:51,63,נשים,עברון,language,עברית,85
2026-07-30T18:00:51,63,נשים,עברון,language,ערבית,64
2026-07-30T18:00:51,63,נשים,עברון,language,רומנית,4
2026-07-30T18:00:51,63,נשים,עברון,language,רוסית,15
2026-07-30T18:01:05,63,נשים,עוזה,gender,גבר,47
2026-07-30T18:01:05,63,נשים,עוזה,gender,אישה,61
2026-07-30T18:01:05,63,נשים,עוזה,visit_type,ביקור במרפאה,108
2026-07-30T18:01:05,63,נשים,עוזה,visit_type,שיחת טלפון,1
2026-07-30T18:01:05,63,נשים,עוזה,language,אידיש,4
2026-07-30T18:01:05,63,נשים,עוזה,language,אנגלית,13
2026-07-30T18:01:05,63,נשים,עוזה,language,גרמנית,1
2026-07-30T18:01:05,63,נשים,עוזה,language,ליטאית,1
2026-07-30T18:01:05,63,נשים,עוזה,language,סינית,1
2026-07-30T18:01:05,63,נשים,עוזה,language,עברית,8
2026-07-30T18:01:05,63,נשים,עוזה,language,ערבית,3
2026-07-30T18:01:05,63,נשים,עוזה,language,רוסית,14
2026-07-30T18:01:22,63,נשים,עזון עתמה,gender,גבר,10
2026-07-30T18:01:22,63,נשים,עזון עתמה,gender,אישה,15
2026-07-30T18:01:22,63,נשים,עזון עתמה,visit_type,ביקור במרפאה,29
2026-07-30T18:01:22,63,נשים,עזון עתמה,language,איטלקית,4
2026-07-30T18:01:22,63,נשים,עזון עתמה,language,אנגלית,12
2026-07-30T18:01:22,63,נשים,עזון עתמה,language,ספרדית,1
2026-07-30T18:01:22,63,נשים,עזון עתמה,language,עברית,24
2026-07-30T18:01:22,63,נשים,עזון עתמה,language,ערבית,1
2026-07-30T18:01:22,63,נשים,עזון עתמה,language,צרפתית,2
2026-07-30T18:01:22,63,נשים,עזון עתמה,language,רומנית,4
2026-07-30T18:01:22,63,נשים,עזון עתמה,language,רוסית,2
2026-07-30T18:01:28,63,נשים,עידן,gender,גבר,43
2026-07-30T18:01:28,63,נשים,עידן,gender,אישה,67
2026-07-30T18:01:28,63,נשים,עידן,visit_type,ביקור במרפאה,112
2026-07-30T18:01:28,63,נשים,עידן,language,אידיש,3
2026-07-30T18:01:28,63,נשים,עידן,language,אנגלית,21
2026-07-30T18:01:28,63,נשים,עידן,language,ליטאית,1
2026-07-30T18:01:28,63,נשים,עידן,language,סינית,1
2026-07-30T18:01:28,63,נשים,עידן,language,עברית,9
2026-07-30T18:01:28,63,נשים,עידן,language,ערבית,4
2026-07-30T18:01:28,63,נשים,עידן,language,רוסית,19
2026-07-30T18:01:46,63,נשים,עכו,gender,גבר,37
2026-07-30T18:01:46,63,נשים,עכו,gender,אישה,82
2026-07-30T18:01:46,63,נשים,עכו,visit_type,ביקור במרפאה,120
2026-07-30T18:01:46,63,נשים,עכו,visit_type,שיחת טלפון,2
2026-07-30T18:01:46,63,נשים,עכו,language,אידיש,1
2026-07-30T18:01:46,63,נשים,עכו,language,איטלקית,4
2026-07-30T18:01:46,63,נשים,עכו,language,אנגלית,75
2026-07-30T18:01:46,63,נשים,עכו,language,ספרדית,1
2026-07-30T18:01:46,63,נשים,עכו,language,עברית,115
2026-07-30T18:01:46,63,נשים,עכו,language,ערבית,74
2026-07-30T18:01:46,63,נשים,עכו,language,צרפתית,2
2026-07-30T18:01:46,63,נשים,עכו,language,רומנית,6
2026-07-30T18:01:46,63,נשים,עכו,language,רוסית,24
2026-07-30T18:01:46,63,נשים,עכו,language,שוודית,1
2026-07-30T18:02:04,63,נשים,עמיעד,gender,גבר,29
2026-07-30T18:02:04,63,נשים,עמיעד,gender,אישה,58
2026-07-30T18:02:04,63,נשים,עמיעד,visit_type,ביקור במרפאה,87
2026-07-30T18:02:04,63,נשים,עמיעד,language,אנגלית,9
2026-07-30T18:02:04,63,נשים,עמיעד,language,עברית,13
2026-07-30T18:02:04,63,נשים,עמיעד,language,ערבית,4
2026-07-30T18:02:04,63,נשים,עמיעד,language,רוסית,3
2026-07-30T18:02:19,63,נשים,עסירה א שמאליה,gender,גבר,47
2026-07-30T18:02:19,63,נשים,עסירה א שמאליה,gender,אישה,92
2026-07-30T18:02:19,63,נשים,עסירה א שמאליה,visit_type,ביקור במרפאה,142
2026-07-30T18:02:19,63,נשים,עסירה א שמאליה,visit_type,שיחת טלפון,2
2026-07-30T18:02:19,63,נשים,עסירה א שמאליה,language,אידיש,1
2026-07-30T18:02:19,63,נשים,עסירה א שמאליה,language,אנגלית,18
2026-07-30T18:02:19,63,נשים,עסירה א שמאליה,language,גרמנית,1
2026-07-30T18:02:19,63,נשים,עסירה א שמאליה,language,עברית,32
2026-07-30T18:02:19,63,נשים,עסירה א שמאליה,language,ערבית,8
2026-07-30T18:02:19,63,נשים,עסירה א שמאליה,language,צרפתית,2
2026-07-30T18:02:19,63,נשים,עסירה א שמאליה,language,רומנית,2
2026-07-30T18:02:19,63,נשים,עסירה א שמאליה,language,רוסית,11
2026-07-30T18:02:41,63,נשים,עראבה,gender,אישה,82
2026-07-30T18:02:41,63,נשים,עראבה,gender,גבר,37
2026-07-30T18:02:41,63,נשים,עראבה,visit_type,ביקור במרפאה,120
2026-07-30T18:02:41,63,נשים,עראבה,visit_type,שיחת טלפון,2
2026-07-30T18:02:41,63,נשים,עראבה,language,אידיש,1
2026-07-30T18:02:41,63,נשים,עראבה,language,איטלקית,4
2026-07-30T18:02:41,63,נשים,עראבה,language,אנגלית,75
2026-07-30T18:02:41,63,נשים,עראבה,language,ספרדית,1
2026-07-30T18:02:41,63,נשים,עראבה,language,עברית,115
2026-07-30T18:02:41,63,נשים,עראבה,language,ערבית,74
2026-07-30T18:02:41,63,נשים,עראבה,language,צרפתית,2
2026-07-30T18:02:41,63,נשים,עראבה,language,רומנית,6
2026-07-30T18:02:41,63,נשים,עראבה,language,רוסית,24
2026-07-30T18:02:41,63,נשים,עראבה,language,שוודית,1
2026-07-30T18:03:00,63,נשים,עשהאל,gender,גבר,68
2026-07-30T18:03:00,63,נשים,עשהאל,gender,אישה,86
2026-07-30T18:03:00,63,נשים,עשהאל,visit_type,ביקור במרפאה,156
2026-07-30T18:03:00,63,נשים,עשהאל,visit_type,שיחת טלפון,1
2026-07-30T18:03:00,63,נשים,עשהאל,language,אידיש,4
2026-07-30T18:03:00,63,נשים,עשהאל,language,אנגלית,22
2026-07-30T18:03:00,63,נשים,עשהאל,language,גרמנית,1
2026-07-30T18:03:00,63,נשים,עשהאל,language,ליטאית,1
2026-07-30T18:03:00,63,נשים,עשהאל,language,סינית,1
2026-07-30T18:03:00,63,נשים,עשהאל,language,עברית,14
2026-07-30T18:03:00,63,נשים,עשהאל,language,ערבית,4
2026-07-30T18:03:00,63,נשים,עשהאל,language,רוסית,22
2026-07-30T18:03:20,63,נשים,פארק תעשיות רמת דלתון,gender,גבר,29
2026-07-30T18:03:20,63,נשים,פארק תעשיות רמת דלתון,gender,אישה,58
2026-07-30T18:03:20,63,נשים,פארק תעשיות רמת דלתון,visit_type,ביקור במרפאה,87
2026-07-30T18:03:20,63,נשים,פארק תעשיות רמת דלתון,language,אנגלית,9
2026-07-30T18:03:20,63,נשים,פארק תעשיות רמת דלתון,language,עברית,13
2026-07-30T18:03:20,63,נשים,פארק תעשיות רמת דלתון,language,ערבית,4
2026-07-30T18:03:20,63,נשים,פארק תעשיות רמת דלתון,language,רוסית,3
2026-07-30T18:03:35,63,נשים,פחמה,gender,גבר,47
2026-07-30T18:03:35,63,נשים,פחמה,gender,אישה,92
2026-07-30T18:03:35,63,נשים,פחמה,visit_type,ביקור במרפאה,142
2026-07-30T18:03:35,63,נשים,פחמה,visit_type,שיחת טלפון,2
2026-07-30T18:03:35,63,נשים,פחמה,language,אידיש,1
2026-07-30T18:03:35,63,נשים,פחמה,language,אנגלית,18
2026-07-30T18:03:35,63,נשים,פחמה,language,גרמנית,1
2026-07-30T18:03:35,63,נשים,פחמה,language,עברית,32
2026-07-30T18:03:35,63,נשים,פחמה,language,ערבית,8
2026-07-30T18:03:35,63,נשים,פחמה,language,צרפתית,2
2026-07-30T18:03:35,63,נשים,פחמה,language,רומנית,2
2026-07-30T18:03:35,63,נשים,פחמה,language,רוסית,11
2026-07-30T18:03:56,63,נשים,פעמי תש''ז,gender,גבר,68
2026-07-30T18:03:56,63,נשים,פעמי תש''ז,gender,אישה,86
2026-07-30T18:03:56,63,נשים,פעמי תש''ז,visit_type,ביקור במרפאה,156
2026-07-30T18:03:56,63,נשים,פעמי תש''ז,visit_type,שיחת טלפון,1
2026-07-30T18:03:56,63,נשים,פעמי תש''ז,language,אידיש,4
2026-07-30T18:03:56,63,נשים,פעמי תש''ז,language,אנגלית,22
2026-07-30T18:03:56,63,נשים,פעמי תש''ז,language,גרמנית,1
2026-07-30T18:03:56,63,נשים,פעמי תש''ז,language,ליטאית,1
2026-07-30T18:03:56,63,נשים,פעמי תש''ז,language,סינית,1
2026-07-30T18:03:56,63,נשים,פעמי תש''ז,language,עברית,14
2026-07-30T18:03:56,63,נשים,פעמי תש''ז,language,ערבית,4
2026-07-30T18:03:56,63,נשים,פעמי תש''ז,language,רוסית,22
2026-07-30T18:04:17,63,נשים,פרי גן,gender,גבר,47
2026-07-30T18:04:17,63,נשים,פרי גן,gender,אישה,61
2026-07-30T18:04:17,63,נשים,פרי גן,visit_type,ביקור במרפאה,108
2026-07-30T18:04:17,63,נשים,פרי גן,visit_type,שיחת טלפון,1
2026-07-30T18:04:17,63,נשים,פרי גן,language,אידיש,4
2026-07-30T18:04:17,63,נשים,פרי גן,language,אנגלית,13
2026-07-30T18:04:17,63,נשים,פרי גן,language,גרמנית,1
2026-07-30T18:04:17,63,נשים,פרי גן,language,ליטאית,1
2026-07-30T18:04:17,63,נשים,פרי גן,language,סינית,1
2026-07-30T18:04:17,63,נשים,פרי גן,language,עברית,8
2026-07-30T18:04:17,63,נשים,פרי גן,language,ערבית,3
2026-07-30T18:04:17,63,נשים,פרי גן,language,רוסית,14
2026-07-30T18:04:34,63,נשים,צופיה,gender,גבר,52
2026-07-30T18:04:34,63,נשים,צופיה,gender,אישה,56
2026-07-30T18:04:34,63,נשים,צופיה,visit_type,ביקור במרפאה,113
2026-07-30T18:04:34,63,נשים,צופיה,language,אוקראינית,3
2026-07-30T18:04:34,63,נשים,צופיה,language,אידיש,1
2026-07-30T18:04:34,63,נשים,צופיה,language,איטלקית,2
2026-07-30T18:04:34,63,נשים,צופיה,language,אנגלית,26
2026-07-30T18:04:34,63,נשים,צופיה,language,גרוזינית,1
2026-07-30T18:04:34,63,נשים,צופיה,language,הונגרית,2
2026-07-30T18:04:34,63,נשים,צופיה,language,ספרדית,1
2026-07-30T18:04:34,63,נשים,צופיה,language,עברית,37
2026-07-30T18:04:34,63,נשים,צופיה,language,צרפתית,2
2026-07-30T18:04:34,63,נשים,צופיה,language,רוסית,17
2026-07-30T18:04:52,63,נשים,צנדלה,gender,גבר,48
2026-07-30T18:04:52,63,נשים,צנדלה,gender,אישה,127
2026-07-30T18:04:52,63,נשים,צנדלה,visit_type,ביקור במרפאה,176
2026-07-30T18:04:52,63,נשים,צנדלה,visit_type,שיחת טלפון,1
2026-07-30T18:04:52,63,נשים,צנדלה,language,איטלקית,1
2026-07-30T18:04:52,63,נשים,צנדלה,language,אנגלית,29
2026-07-30T18:04:52,63,נשים,צנדלה,language,הונגרית,1
2026-07-30T18:04:52,63,נשים,צנדלה,language,עברית,50
2026-07-30T18:04:52,63,נשים,צנדלה,language,ערבית,28
2026-07-30T18:04:52,63,נשים,צנדלה,language,רומנית,1
2026-07-30T18:04:52,63,נשים,צנדלה,language,רוסית,11
2026-07-30T18:05:15,63,נשים,קדומים,gender,אישה,113
2026-07-30T18:05:15,63,נשים,קדומים,gender,גבר,72
2026-07-30T18:05:15,63,נשים,קדומים,visit_type,ביקור במרפאה,189
2026-07-30T18:05:15,63,נשים,קדומים,visit_type,שיחת טלפון,2
2026-07-30T18:05:15,63,נשים,קדומים,language,אידיש,1
2026-07-30T18:05:15,63,נשים,קדומים,language,איטלקית,1
2026-07-30T18:05:15,63,נשים,קדומים,language,אנגלית,37
2026-07-30T18:05:15,63,נשים,קדומים,language,גרמנית,2
2026-07-30T18:05:15,63,נשים,קדומים,language,ספרדית,1
2026-07-30T18:05:15,63,נשים,קדומים,language,עברית,64
2026-07-30T18:05:15,63,נשים,קדומים,language,ערבית,9
2026-07-30T18:05:15,63,נשים,קדומים,language,צרפתית,3
2026-07-30T18:05:15,63,נשים,קדומים,language,רומנית,3
2026-07-30T18:05:15,63,נשים,קדומים,language,רוסית,16
2026-07-30T18:05:35,63,נשים,קוואעין,gender,גבר,43
2026-07-30T18:05:35,63,נשים,קוואעין,gender,אישה,67
2026-07-30T18:05:35,63,נשים,קוואעין,visit_type,ביקור במרפאה,112
2026-07-30T18:05:35,63,נשים,קוואעין,language,אידיש,3
2026-07-30T18:05:35,63,נשים,קוואעין,language,אנגלית,21
2026-07-30T18:05:35,63,נשים,קוואעין,language,ליטאית,1
2026-07-30T18:05:35,63,נשים,קוואעין,language,סינית,1
2026-07-30T18:05:35,63,נשים,קוואעין,language,עברית,9
2026-07-30T18:05:35,63,נשים,קוואעין,language,ערבית,4
2026-07-30T18:05:35,63,נשים,קוואעין,language,רוסית,19
2026-07-30T18:05:54,63,נשים,קלחים,gender,גבר,68
2026-07-30T18:05:54,63,נשים,קלחים,gender,אישה,86
2026-07-30T18:05:54,63,נשים,קלחים,visit_type,ביקור במרפאה,156
2026-07-30T18:05:54,63,נשים,קלחים,visit_type,שיחת טלפון,1
2026-07-30T18:05:54,63,נשים,קלחים,language,אידיש,4
2026-07-30T18:05:54,63,נשים,קלחים,language,אנגלית,22
2026-07-30T18:05:54,63,נשים,קלחים,language,גרמנית,1
2026-07-30T18:05:54,63,נשים,קלחים,language,ליטאית,1
2026-07-30T18:05:54,63,נשים,קלחים,language,סינית,1
2026-07-30T18:05:54,63,נשים,קלחים,language,עברית,14
2026-07-30T18:05:54,63,נשים,קלחים,language,ערבית,4
2026-07-30T18:05:54,63,נשים,קלחים,language,רוסית,22
2026-07-30T18:06:13,63,נשים,קראות בני זיד,gender,גבר,10
2026-07-30T18:06:13,63,נשים,קראות בני זיד,gender,אישה,15
2026-07-30T18:06:13,63,נשים,קראות בני זיד,visit_type,ביקור במרפאה,29
2026-07-30T18:06:13,63,נשים,קראות בני זיד,language,איטלקית,4
2026-07-30T18:06:13,63,נשים,קראות בני זיד,language,אנגלית,12
2026-07-30T18:06:13,63,נשים,קראות בני זיד,language,ספרדית,1
2026-07-30T18:06:13,63,נשים,קראות בני זיד,language,עברית,24
2026-07-30T18:06:13,63,נשים,קראות בני זיד,language,ערבית,1
2026-07-30T18:06:13,63,נשים,קראות בני זיד,language,צרפתית,2
2026-07-30T18:06:13,63,נשים,קראות בני זיד,language,רומנית,4
2026-07-30T18:06:13,63,נשים,קראות בני זיד,language,רוסית,2
2026-07-30T18:06:19,63,נשים,קשת,gender,גבר,29
2026-07-30T18:06:19,63,נשים,קשת,gender,אישה,58
2026-07-30T18:06:19,63,נשים,קשת,visit_type,ביקור במרפאה,87
2026-07-30T18:06:19,63,נשים,קשת,language,אנגלית,9
2026-07-30T18:06:19,63,נשים,קשת,language,עברית,13
2026-07-30T18:06:19,63,נשים,קשת,language,ערבית,4
2026-07-30T18:06:19,63,נשים,קשת,language,רוסית,3
2026-07-30T18:06:32,63,נשים,ראפאת ליד פדואל,gender,גבר,10
2026-07-30T18:06:32,63,נשים,ראפאת ליד פדואל,gender,אישה,15
2026-07-30T18:06:32,63,נשים,ראפאת ליד פדואל,visit_type,ביקור במרפאה,29
2026-07-30T18:06:32,63,נשים,ראפאת ליד פדואל,language,איטלקית,4
2026-07-30T18:06:32,63,נשים,ראפאת ליד פדואל,language,אנגלית,12
2026-07-30T18:06:32,63,נשים,ראפאת ליד פדואל,language,ספרדית,1
2026-07-30T18:06:32,63,נשים,ראפאת ליד פדואל,language,עברית,24
2026-07-30T18:06:32,63,נשים,ראפאת ליד פדואל,language,ערבית,1
2026-07-30T18:06:32,63,נשים,ראפאת ליד פדואל,language,צרפתית,2
2026-07-30T18:06:32,63,נשים,ראפאת ליד פדואל,language,רומנית,4
2026-07-30T18:06:32,63,נשים,ראפאת ליד פדואל,language,רוסית,2
2026-07-30T18:06:40,63,נשים,רוויה,gender,גבר,48
2026-07-30T18:06:40,63,נשים,רוויה,gender,אישה,127
2026-07-30T18:06:40,63,נשים,רוויה,visit_type,ביקור במרפאה,176
2026-07-30T18:06:40,63,נשים,רוויה,visit_type,שיחת טלפון,1
2026-07-30T18:06:40,63,נשים,רוויה,language,איטלקית,1
2026-07-30T18:06:40,63,נשים,רוויה,language,אנגלית,29
2026-07-30T18:06:40,63,נשים,רוויה,language,הונגרית,1
2026-07-30T18:06:40,63,נשים,רוויה,language,עברית,50
2026-07-30T18:06:40,63,נשים,רוויה,language,ערבית,28
2026-07-30T18:06:40,63,נשים,רוויה,language,רומנית,1
2026-07-30T18:06:40,63,נשים,רוויה,language,רוסית,11
2026-07-30T18:07:00,63,נשים,רחלים,gender,גבר,47
2026-07-30T18:07:00,63,נשים,רחלים,gender,אישה,79
2026-07-30T18:07:00,63,נשים,רחלים,visit_type,ביקור במרפאה,131
2026-07-30T18:07:00,63,נשים,רחלים,visit_type,שיחת טלפון,16
2026-07-30T18:07:00,63,נשים,רחלים,visit_type,שיחת וידאו,1
2026-07-30T18:07:00,63,נשים,רחלים,language,אידיש,2
2026-07-30T18:07:00,63,נשים,רחלים,language,אנגלית,20
2026-07-30T18:07:00,63,נשים,רחלים,language,עברית,24
2026-07-30T18:07:00,63,נשים,רחלים,language,ערבית,3
2026-07-30T18:07:00,63,נשים,רחלים,language,צרפתית,2
2026-07-30T18:07:00,63,נשים,רחלים,language,רוסית,3
2026-07-30T18:07:19,63,נשים,רמות,gender,גבר,29
2026-07-30T18:07:19,63,נשים,רמות,gender,אישה,58
2026-07-30T18:07:19,63,נשים,רמות,visit_type,ביקור במרפאה,87
2026-07-30T18:07:19,63,נשים,רמות,language,אנגלית,9
2026-07-30T18:07:19,63,נשים,רמות,language,עברית,13
2026-07-30T18:07:19,63,נשים,רמות,language,ערבית,4
2026-07-30T18:07:19,63,נשים,רמות,language,רוסית,3
2026-07-30T18:07:35,63,נשים,רעננה,gender,אישה,113
2026-07-30T18:07:35,63,נשים,רעננה,gender,גבר,72
2026-07-30T18:07:35,63,נשים,רעננה,visit_type,ביקור במרפאה,189
2026-07-30T18:07:35,63,נשים,רעננה,visit_type,שיחת טלפון,2
2026-07-30T18:07:35,63,נשים,רעננה,language,אידיש,1
2026-07-30T18:07:35,63,נשים,רעננה,language,איטלקית,1
2026-07-30T18:07:35,63,נשים,רעננה,language,אנגלית,37
2026-07-30T18:07:35,63,נשים,רעננה,language,גרמנית,2
2026-07-30T18:07:35,63,נשים,רעננה,language,ספרדית,1
2026-07-30T18:07:35,63,נשים,רעננה,language,עברית,64
2026-07-30T18:07:35,63,נשים,רעננה,language,ערבית,9
2026-07-30T18:07:35,63,נשים,רעננה,language,צרפתית,3
2026-07-30T18:07:35,63,נשים,רעננה,language,רומנית,3
2026-07-30T18:07:35,63,נשים,רעננה,language,רוסית,16
2026-07-30T18:07:58,63,נשים,שבי שומרון,gender,גבר,72
2026-07-30T18:07:58,63,נשים,שבי שומרון,gender,אישה,113
2026-07-30T18:07:58,63,נשים,שבי שומרון,visit_type,ביקור במרפאה,189
2026-07-30T18:07:58,63,נשים,שבי שומרון,visit_type,שיחת טלפון,2
2026-07-30T18:07:58,63,נשים,שבי שומרון,language,אידיש,1
2026-07-30T18:07:58,63,נשים,שבי שומרון,language,איטלקית,1
2026-07-30T18:07:58,63,נשים,שבי שומרון,language,אנגלית,37
2026-07-30T18:07:58,63,נשים,שבי שומרון,language,גרמנית,2
2026-07-30T18:07:58,63,נשים,שבי שומרון,language,ספרדית,1
2026-07-30T18:07:58,63,נשים,שבי שומרון,language,עברית,64
2026-07-30T18:07:58,63,נשים,שבי שומרון,language,ערבית,9
2026-07-30T18:07:58,63,נשים,שבי שומרון,language,צרפתית,3
2026-07-30T18:07:58,63,נשים,שבי שומרון,language,רומנית,3
2026-07-30T18:07:58,63,נשים,שבי שומרון,language,רוסית,16
2026-07-30T18:08:18,63,נשים,שדה יואב,gender,גבר,47
2026-07-30T18:08:18,63,נשים,שדה יואב,gender,אישה,61
2026-07-30T18:08:18,63,נשים,שדה יואב,visit_type,ביקור במרפאה,108
2026-07-30T18:08:18,63,נשים,שדה יואב,visit_type,שיחת טלפון,1
2026-07-30T18:08:18,63,נשים,שדה יואב,language,אידיש,4
2026-07-30T18:08:18,63,נשים,שדה יואב,language,אנגלית,13
2026-07-30T18:08:18,63,נשים,שדה יואב,language,גרמנית,1
2026-07-30T18:08:18,63,נשים,שדה יואב,language,ליטאית,1
2026-07-30T18:08:18,63,נשים,שדה יואב,language,סינית,1
2026-07-30T18:08:18,63,נשים,שדה יואב,language,עברית,8
2026-07-30T18:08:18,63,נשים,שדה יואב,language,ערבית,3
2026-07-30T18:08:18,63,נשים,שדה יואב,language,רוסית,14
2026-07-30T18:08:34,63,נשים,שומריה,gender,גבר,68
2026-07-30T18:08:34,63,נשים,שומריה,gender,אישה,86
2026-07-30T18:08:34,63,נשים,שומריה,visit_type,ביקור במרפאה,156
2026-07-30T18:08:34,63,נשים,שומריה,visit_type,שיחת טלפון,1
2026-07-30T18:08:34,63,נשים,שומריה,language,אידיש,4
2026-07-30T18:08:34,63,נשים,שומריה,language,אנגלית,22
2026-07-30T18:08:34,63,נשים,שומריה,language,גרמנית,1
2026-07-30T18:08:34,63,נשים,שומריה,language,ליטאית,1
2026-07-30T18:08:34,63,נשים,שומריה,language,סינית,1
2026-07-30T18:08:34,63,נשים,שומריה,language,עברית,14
2026-07-30T18:08:34,63,נשים,שומריה,language,ערבית,4
2026-07-30T18:08:34,63,נשים,שומריה,language,רוסית,22
2026-07-30T18:08:55,63,נשים,שיזף,gender,גבר,43
2026-07-30T18:08:55,63,נשים,שיזף,gender,אישה,67
2026-07-30T18:08:55,63,נשים,שיזף,visit_type,ביקור במרפאה,112
2026-07-30T18:08:55,63,נשים,שיזף,language,אידיש,3
2026-07-30T18:08:55,63,נשים,שיזף,language,אנגלית,21
2026-07-30T18:08:55,63,נשים,שיזף,language,ליטאית,1
2026-07-30T18:08:55,63,נשים,שיזף,language,סינית,1
2026-07-30T18:08:55,63,נשים,שיזף,language,עברית,9
2026-07-30T18:08:55,63,נשים,שיזף,language,ערבית,4
2026-07-30T18:08:55,63,נשים,שיזף,language,רוסית,19
2026-07-30T18:09:14,63,נשים,שלומי,gender,גבר,23
2026-07-30T18:09:14,63,נשים,שלומי,gender,אישה,64
2026-07-30T18:09:14,63,נשים,שלומי,visit_type,ביקור במרפאה,88
2026-07-30T18:09:14,63,נשים,שלומי,visit_type,שיחת טלפון,2
2026-07-30T18:09:14,63,נשים,שלומי,language,איטלקית,4
2026-07-30T18:09:14,63,נשים,שלומי,language,אנגלית,56
2026-07-30T18:09:14,63,נשים,שלומי,language,ספרדית,1
2026-07-30T18:09:14,63,נשים,שלומי,language,עברית,85
2026-07-30T18:09:14,63,נשים,שלומי,language,ערבית,64
2026-07-30T18:09:14,63,נשים,שלומי,language,רומנית,4
2026-07-30T18:09:14,63,נשים,שלומי,language,רוסית,15
2026-07-30T18:09:28,63,נשים,שעל,gender,גבר,29
2026-07-30T18:09:28,63,נשים,שעל,gender,אישה,58
2026-07-30T18:09:28,63,נשים,שעל,visit_type,ביקור במרפאה,87
2026-07-30T18:09:28,63,נשים,שעל,language,אנגלית,9
2026-07-30T18:09:28,63,נשים,שעל,language,עברית,13
2026-07-30T18:09:28,63,נשים,שעל,language,ערבית,4
2026-07-30T18:09:28,63,נשים,שעל,language,רוסית,3
2026-07-30T18:09:43,63,נשים,שפרעם,gender,גבר,48
2026-07-30T18:09:43,63,נשים,שפרעם,gender,אישה,136
2026-07-30T18:09:43,63,נשים,שפרעם,visit_type,ביקור במרפאה,185
2026-07-30T18:09:43,63,נשים,שפרעם,visit_type,שיחת טלפון,1
2026-07-30T18:09:43,63,נשים,שפרעם,language,אידיש,1
2026-07-30T18:09:43,63,נשים,שפרעם,language,איטלקית,3
2026-07-30T18:09:43,63,נשים,שפרעם,language,אנגלית,68
2026-07-30T18:09:43,63,נשים,שפרעם,language,הונגרית,3
2026-07-30T18:09:43,63,נשים,שפרעם,language,עברית,100
2026-07-30T18:09:43,63,נשים,שפרעם,language,ערבית,40
2026-07-30T18:09:43,63,נשים,שפרעם,language,צרפתית,5
2026-07-30T18:09:43,63,נשים,שפרעם,language,רומנית,5
2026-07-30T18:09:43,63,נשים,שפרעם,language,רוסית,27
2026-07-30T18:09:43,63,נשים,שפרעם,language,שוודית,1
2026-07-30T18:10:04,63,נשים,תדהר,gender,גבר,68
2026-07-30T18:10:04,63,נשים,תדהר,gender,אישה,86
2026-07-30T18:10:04,63,נשים,תדהר,visit_type,ביקור במרפאה,156
2026-07-30T18:10:04,63,נשים,תדהר,visit_type,שיחת טלפון,1
2026-07-30T18:10:04,63,נשים,תדהר,language,אידיש,4
2026-07-30T18:10:04,63,נשים,תדהר,language,אנגלית,22
2026-07-30T18:10:04,63,נשים,תדהר,language,גרמנית,1
2026-07-30T18:10:04,63,נשים,תדהר,language,ליטאית,1
2026-07-30T18:10:04,63,נשים,תדהר,language,סינית,1
2026-07-30T18:10:04,63,נשים,תדהר,language,עברית,14
2026-07-30T18:10:04,63,נשים,תדהר,language,ערבית,4
2026-07-30T18:10:04,63,נשים,תדהר,language,רוסית,22
2026-07-30T18:10:26,63,נשים,תל,gender,גבר,47
2026-07-30T18:10:26,63,נשים,תל,gender,אישה,92
2026-07-30T18:10:26,63,נשים,תל,visit_type,ביקור במרפאה,142
2026-07-30T18:10:26,63,נשים,תל,visit_type,שיחת טלפון,2
2026-07-30T18:10:26,63,נשים,תל,language,אידיש,1
2026-07-30T18:10:26,63,נשים,תל,language,אנגלית,18
2026-07-30T18:10:26,63,נשים,תל,language,גרמנית,1
2026-07-30T18:10:26,63,נשים,תל,language,עברית,32
2026-07-30T18:10:26,63,נשים,תל,language,ערבית,8
2026-07-30T18:10:26,63,נשים,תל,language,צרפתית,2
2026-07-30T18:10:26,63,נשים,תל,language,רומנית,2
2026-07-30T18:10:26,63,נשים,תל,language,רוסית,11
2026-07-30T18:10:47,63,נשים,תמרת,gender,גבר,48
2026-07-30T18:10:47,63,נשים,תמרת,gender,אישה,127
2026-07-30T18:10:47,63,נשים,תמרת,visit_type,ביקור במרפאה,176
2026-07-30T18:10:47,63,נשים,תמרת,visit_type,שיחת טלפון,1
2026-07-30T18:10:47,63,נשים,תמרת,language,איטלקית,1
2026-07-30T18:10:47,63,נשים,תמרת,language,אנגלית,29
2026-07-30T18:10:47,63,נשים,תמרת,language,הונגרית,1
2026-07-30T18:10:47,63,נשים,תמרת,language,עברית,50
2026-07-30T18:10:47,63,נשים,תמרת,language,ערבית,28
2026-07-30T18:10:47,63,נשים,תמרת,language,רומנית,1
2026-07-30T18:10:47,63,נשים,תמרת,language,רוסית,11
2026-07-30T18:11:07,63,נשים,תעשיות שער הנגב,gender,גבר,68
2026-07-30T18:11:07,63,נשים,תעשיות שער הנגב,gender,אישה,86
2026-07-30T18:11:07,63,נשים,תעשיות שער הנגב,visit_type,ביקור במרפאה,156
2026-07-30T18:11:07,63,נשים,תעשיות שער הנגב,visit_type,שיחת טלפון,1
2026-07-30T18:11:07,63,נשים,תעשיות שער הנגב,language,אידיש,4
2026-07-30T18:11:07,63,נשים,תעשיות שער הנגב,language,אנגלית,22
2026-07-30T18:11:07,63,נשים,תעשיות שער הנגב,language,גרמנית,1
2026-07-30T18:11:07,63,נשים,תעשיות שער הנגב,language,ליטאית,1
2026-07-30T18:11:07,63,נשים,תעשיות שער הנגב,language,סינית,1
2026-07-30T18:11:07,63,נשים,תעשיות שער הנגב,language,עברית,14
2026-07-30T18:11:07,63,נשים,תעשיות שער הנגב,language,ערבית,4
2026-07-30T18:11:07,63,נשים,תעשיות שער הנגב,language,רוסית,22
2026-07-30T18:11:28,31,עור,א סייד,gender,גבר,22
2026-07-30T18:11:28,31,עור,א סייד,gender,אישה,10
2026-07-30T18:11:28,31,עור,א סייד,visit_type,ביקור במרפאה,34
2026-07-30T18:11:28,31,עור,א סייד,language,אנגלית,4
2026-07-30T18:11:28,31,עור,א סייד,language,בולגרית,1
2026-07-30T18:11:28,31,עור,א סייד,language,עברית,6
2026-07-30T18:11:28,31,עור,א סייד,language,ערבית,1
2026-07-30T18:11:28,31,עור,א סייד,language,רוסית,2
2026-07-30T18:11:37,31,עור,אבו סנאן,gender,גבר,35
2026-07-30T18:11:37,31,עור,אבו סנאן,gender,אישה,3
2026-07-30T18:11:37,31,עור,אבו סנאן,visit_type,ביקור במרפאה,38
2026-07-30T18:11:37,31,עור,אבו סנאן,language,אנגלית,19
2026-07-30T18:11:37,31,עור,אבו סנאן,language,גרמנית,7
2026-07-30T18:11:37,31,עור,אבו סנאן,language,עברית,38
2026-07-30T18:11:37,31,עור,אבו סנאן,language,ערבית,35
2026-07-30T18:11:37,31,עור,אבו סנאן,language,רומנית,10
2026-07-30T18:11:37,31,עור,אבו סנאן,language,רוסית,2
2026-07-30T18:11:43,31,עור,אדרת,gender,גבר,24
2026-07-30T18:11:43,31,עור,אדרת,gender,אישה,19
2026-07-30T18:11:43,31,עור,אדרת,visit_type,ביקור במרפאה,45
2026-07-30T18:11:43,31,עור,אדרת,language,אנגלית,6
2026-07-30T18:11:43,31,עור,אדרת,language,ספרדית,1
2026-07-30T18:11:43,31,עור,אדרת,language,עברית,13
2026-07-30T18:11:43,31,עור,אדרת,language,צרפתית,4
2026-07-30T18:11:43,31,עור,אדרת,language,רוסית,7
2026-07-30T18:11:51,31,עור,אום סלמונה,gender,גבר,24
2026-07-30T18:11:51,31,עור,אום סלמונה,gender,אישה,19
2026-07-30T18:11:51,31,עור,אום סלמונה,visit_type,ביקור במרפאה,45
2026-07-30T18:11:51,31,עור,אום סלמונה,language,אנגלית,6
2026-07-30T18:11:51,31,עור,אום סלמונה,language,ספרדית,1
2026-07-30T18:11:51,31,עור,אום סלמונה,language,עברית,13
2026-07-30T18:11:51,31,עור,אום סלמונה,language,צרפתית,4
2026-07-30T18:11:51,31,עור,אום סלמונה,language,רוסית,7
2026-07-30T18:12:00,31,עור,אחיטוב,gender,גבר,59
2026-07-30T18:12:00,31,עור,אחיטוב,gender,אישה,21
2026-07-30T18:12:00,31,עור,אחיטוב,visit_type,ביקור במרפאה,81
2026-07-30T18:12:00,31,עור,אחיטוב,language,איטלקית,1
2026-07-30T18:12:00,31,עור,אחיטוב,language,אנגלית,23
2026-07-30T18:12:00,31,עור,אחיטוב,language,עברית,27
2026-07-30T18:12:00,31,עור,אחיטוב,language,ערבית,14
2026-07-30T18:12:00,31,עור,אחיטוב,language,צרפתית,2
2026-07-30T18:12:00,31,עור,אחיטוב,language,רומנית,1
2026-07-30T18:12:00,31,עור,אחיטוב,language,רוסית,10
2026-07-30T18:12:16,31,עור,אילון,gender,גבר,35
2026-07-30T18:12:16,31,עור,אילון,gender,אישה,3
2026-07-30T18:12:16,31,עור,אילון,visit_type,ביקור במרפאה,38
2026-07-30T18:12:16,31,עור,אילון,language,אנגלית,19
2026-07-30T18:12:16,31,עור,אילון,language,גרמנית,7
2026-07-30T18:12:16,31,עור,אילון,language,עברית,38
2026-07-30T18:12:16,31,עור,אילון,language,ערבית,35
2026-07-30T18:12:16,31,עור,אילון,language,רומנית,10
2026-07-30T18:12:16,31,עור,אילון,language,רוסית,2
2026-07-30T18:12:23,31,עור,אל מוע'ייר,gender,אישה,15
2026-07-30T18:12:23,31,עור,אל מוע'ייר,gender,גבר,33
2026-07-30T18:12:23,31,עור,אל מוע'ייר,visit_type,ביקור במרפאה,49
2026-07-30T18:12:23,31,עור,אל מוע'ייר,language,איטלקית,1
2026-07-30T18:12:23,31,עור,אל מוע'ייר,language,אנגלית,5
2026-07-30T18:12:23,31,עור,אל מוע'ייר,language,עברית,9
2026-07-30T18:12:23,31,עור,אל מוע'ייר,language,ערבית,1
2026-07-30T18:12:23,31,עור,אל מוע'ייר,language,צרפתית,2
2026-07-30T18:12:23,31,עור,אל מוע'ייר,language,רומנית,1
2026-07-30T18:12:23,31,עור,אל מוע'ייר,language,רוסית,6
2026-07-30T18:12:34,31,עור,אספר,gender,גבר,24
2026-07-30T18:12:34,31,עור,אספר,gender,אישה,19
2026-07-30T18:12:34,31,עור,אספר,visit_type,ביקור במרפאה,45
2026-07-30T18:12:34,31,עור,אספר,language,אנגלית,6
2026-07-30T18:12:34,31,עור,אספר,language,ספרדית,1
2026-07-30T18:12:34,31,עור,אספר,language,עברית,13
2026-07-30T18:12:34,31,עור,אספר,language,צרפתית,4
2026-07-30T18:12:34,31,עור,אספר,language,רוסית,7
2026-07-30T18:12:44,31,עור,ארז,gender,אישה,9
2026-07-30T18:12:44,31,עור,ארז,gender,גבר,21
2026-07-30T18:12:44,31,עור,ארז,visit_type,ביקור במרפאה,32
2026-07-30T18:12:44,31,עור,ארז,language,אנגלית,4
2026-07-30T18:12:44,31,עור,ארז,language,בולגרית,1
2026-07-30T18:12:44,31,עור,ארז,language,עברית,7
2026-07-30T18:12:44,31,עור,ארז,language,רוסית,5
2026-07-30T18:12:56,31,עור,אשכולות,gender,גבר,30
2026-07-30T18:12:56,31,עור,אשכולות,gender,אישה,13
2026-07-30T18:12:56,31,עור,אשכולות,visit_type,ביקור במרפאה,45
2026-07-30T18:12:56,31,עור,אשכולות,language,אנגלית,6
2026-07-30T18:12:56,31,עור,אשכולות,language,בולגרית,1
2026-07-30T18:12:56,31,עור,אשכולות,language,עברית,9
2026-07-30T18:12:56,31,עור,אשכולות,language,ערבית,1
2026-07-30T18:12:56,31,עור,אשכולות,language,רוסית,5
2026-07-30T18:13:09,31,עור,באר יעקב,gender,גבר,28
2026-07-30T18:13:09,31,עור,באר יעקב,gender,אישה,6
2026-07-30T18:13:09,31,עור,באר יעקב,visit_type,ביקור במרפאה,34
2026-07-30T18:13:09,31,עור,באר יעקב,visit_type,שיחת טלפון,2
2026-07-30T18:13:09,31,עור,באר יעקב,language,אנגלית,4
2026-07-30T18:13:09,31,עור,באר יעקב,language,אפריקנס,1
2026-07-30T18:13:09,31,עור,באר יעקב,language,הולנדית,1
2026-07-30T18:13:09,31,עור,באר יעקב,language,עברית,8
2026-07-30T18:13:09,31,עור,באר יעקב,language,רוסית,3
2026-07-30T18:13:14,31,עור,בורהאם,gender,גבר,24
2026-07-30T18:13:14,31,עור,בורהאם,gender,אישה,19
2026-07-30T18:13:14,31,עור,בורהאם,visit_type,ביקור במרפאה,45
2026-07-30T18:13:14,31,עור,בורהאם,language,אנגלית,6
2026-07-30T18:13:14,31,עור,בורהאם,language,ספרדית,1
2026-07-30T18:13:14,31,עור,בורהאם,language,עברית,13
2026-07-30T18:13:14,31,עור,בורהאם,language,צרפתית,4
2026-07-30T18:13:14,31,עור,בורהאם,language,רוסית,7
2026-07-30T18:13:23,31,עור,ביכורה,gender,גבר,47
2026-07-30T18:13:23,31,עור,ביכורה,gender,אישה,6
2026-07-30T18:13:23,31,עור,ביכורה,visit_type,ביקור במרפאה,53
2026-07-30T18:13:23,31,עור,ביכורה,language,אנגלית,21
2026-07-30T18:13:23,31,עור,ביכורה,language,עברית,21
2026-07-30T18:13:23,31,עור,ביכורה,language,ערבית,17
2026-07-30T18:13:23,31,עור,ביכורה,language,רומנית,4
2026-07-30T18:13:23,31,עור,ביכורה,language,רוסית,2
2026-07-30T18:13:32,31,עור,בני ברק,gender,גבר,34
2026-07-30T18:13:32,31,עור,בני ברק,gender,אישה,23
2026-07-30T18:13:32,31,עור,בני ברק,visit_type,ביקור במרפאה,67
2026-07-30T18:13:32,31,עור,בני ברק,language,אידיש,1
2026-07-30T18:13:32,31,עור,בני ברק,language,איטלקית,1
2026-07-30T18:13:32,31,עור,בני ברק,language,אנגלית,31
2026-07-30T18:13:32,31,עור,בני ברק,language,אפריקנס,1
2026-07-30T18:13:32,31,עור,בני ברק,language,גרמנית,2
2026-07-30T18:13:32,31,עור,בני ברק,language,הולנדית,1
2026-07-30T18:13:32,31,עור,בני ברק,language,ספרדית,4
2026-07-30T18:13:32,31,עור,בני ברק,language,עברית,52
2026-07-30T18:13:32,31,עור,בני ברק,language,ערבית,7
2026-07-30T18:13:32,31,עור,בני ברק,language,צרפתית,3
2026-07-30T18:13:32,31,עור,בני ברק,language,רוסית,5
2026-07-30T18:13:50,31,עור,בסמ''ה,gender,גבר,59
2026-07-30T18:13:50,31,עור,בסמ''ה,gender,אישה,21
2026-07-30T18:13:50,31,עור,בסמ''ה,visit_type,ביקור במרפאה,81
2026-07-30T18:13:50,31,עור,בסמ''ה,language,איטלקית,1
2026-07-30T18:13:50,31,עור,בסמ''ה,language,אנגלית,23
2026-07-30T18:13:50,31,עור,בסמ''ה,language,עברית,27
2026-07-30T18:13:50,31,עור,בסמ''ה,language,ערבית,14
2026-07-30T18:13:50,31,עור,בסמ''ה,language,צרפתית,2
2026-07-30T18:13:50,31,עור,בסמ''ה,language,רומנית,1
2026-07-30T18:13:50,31,עור,בסמ''ה,language,רוסית,10
2026-07-30T18:14:06,31,עור,ברוכין,gender,גבר,25
2026-07-30T18:14:06,31,עור,ברוכין,gender,אישה,13
2026-07-30T18:14:06,31,עור,ברוכין,visit_type,ביקור במרפאה,46
2026-07-30T18:14:06,31,עור,ברוכין,language,איטלקית,1
2026-07-30T18:14:06,31,עור,ברוכין,language,אנגלית,26
2026-07-30T18:14:06,31,עור,ברוכין,language,גרמנית,2
2026-07-30T18:14:06,31,עור,ברוכין,language,ספרדית,4
2026-07-30T18:14:06,31,עור,ברוכין,language,עברית,45
2026-07-30T18:14:06,31,עור,ברוכין,language,ערבית,7
2026-07-30T18:14:06,31,עור,ברוכין,language,צרפתית,3
2026-07-30T18:14:06,31,עור,ברוכין,language,רוסית,5
2026-07-30T18:14:17,31,עור,בת עין,gender,גבר,24
2026-07-30T18:14:17,31,עור,בת עין,gender,אישה,19
2026-07-30T18:14:17,31,עור,בת עין,visit_type,ביקור במרפאה,45
2026-07-30T18:14:17,31,עור,בת עין,language,אנגלית,6
2026-07-30T18:14:17,31,עור,בת עין,language,ספרדית,1
2026-07-30T18:14:17,31,עור,בת עין,language,עברית,13
2026-07-30T18:14:17,31,עור,בת עין,language,צרפתית,4
2026-07-30T18:14:17,31,עור,בת עין,language,רוסית,7
2026-07-30T18:14:26,31,עור,גבולות,gender,גבר,22
2026-07-30T18:14:26,31,עור,גבולות,gender,אישה,10
2026-07-30T18:14:26,31,עור,גבולות,visit_type,ביקור במרפאה,34
2026-07-30T18:14:26,31,עור,גבולות,language,אנגלית,4
2026-07-30T18:14:26,31,עור,גבולות,language,בולגרית,1
2026-07-30T18:14:26,31,עור,גבולות,language,עברית,6
2026-07-30T18:14:26,31,עור,גבולות,language,ערבית,1
2026-07-30T18:14:26,31,עור,גבולות,language,רוסית,2
2026-07-30T18:14:35,31,עור,גדות,gender,גבר,47
2026-07-30T18:14:35,31,עור,גדות,gender,אישה,6
2026-07-30T18:14:35,31,עור,גדות,visit_type,ביקור במרפאה,53
2026-07-30T18:14:35,31,עור,גדות,language,אנגלית,21
2026-07-30T18:14:35,31,עור,גדות,language,עברית,21
2026-07-30T18:14:35,31,עור,גדות,language,ערבית,17
2026-07-30T18:14:35,31,עור,גדות,language,רומנית,4
2026-07-30T18:14:35,31,עור,גדות,language,רוסית,2
2026-07-30T18:14:44,31,עור,גיבתון,gender,גבר,18
2026-07-30T18:14:44,31,עור,גיבתון,gender,אישה,6
2026-07-30T18:14:44,31,עור,גיבתון,visit_type,ביקור במרפאה,24
2026-07-30T18:14:44,31,עור,גיבתון,language,אנגלית,7
2026-07-30T18:14:44,31,עור,גיבתון,language,אפריקנס,1
2026-07-30T18:14:44,31,עור,גיבתון,language,הולנדית,1
2026-07-30T18:14:44,31,עור,גיבתון,language,עברית,10
2026-07-30T18:14:44,31,עור,גיבתון,language,רוסית,6
2026-07-30T18:14:48,31,עור,גלגל,gender,גבר,24
2026-07-30T18:14:48,31,עור,גלגל,gender,אישה,19
2026-07-30T18:14:48,31,עור,גלגל,visit_type,ביקור במרפאה,45
2026-07-30T18:14:48,31,עור,גלגל,language,אנגלית,6
2026-07-30T18:14:48,31,עור,גלגל,language,ספרדית,1
2026-07-30T18:14:48,31,עור,גלגל,language,עברית,13
2026-07-30T18:14:48,31,עור,גלגל,language,צרפתית,4
2026-07-30T18:14:48,31,עור,גלגל,language,רוסית,7
2026-07-30T18:14:57,31,עור,גני עם,gender,גבר,25
2026-07-30T18:14:57,31,עור,גני עם,gender,אישה,13
2026-07-30T18:14:57,31,עור,גני עם,visit_type,ביקור במרפאה,46
2026-07-30T18:14:57,31,עור,גני עם,language,איטלקית,1
2026-07-30T18:14:57,31,עור,גני עם,language,אנגלית,26
2026-07-30T18:14:57,31,עור,גני עם,language,גרמנית,2
2026-07-30T18:14:57,31,עור,גני עם,language,ספרדית,4
2026-07-30T18:14:57,31,עור,גני עם,language,עברית,45
2026-07-30T18:14:57,31,עור,גני עם,language,ערבית,7
2026-07-30T18:14:57,31,עור,גני עם,language,צרפתית,3
2026-07-30T18:14:57,31,עור,גני עם,language,רוסית,5
2026-07-30T18:15:09,31,עור,גת רימון,gender,גבר,25
2026-07-30T18:15:09,31,עור,גת רימון,gender,אישה,13
2026-07-30T18:15:09,31,עור,גת רימון,visit_type,ביקור במרפאה,46
2026-07-30T18:15:09,31,עור,גת רימון,language,איטלקית,1
2026-07-30T18:15:09,31,עור,גת רימון,language,אנגלית,26
2026-07-30T18:15:09,31,עור,גת רימון,language,גרמנית,2
2026-07-30T18:15:09,31,עור,גת רימון,language,ספרדית,4
2026-07-30T18:15:09,31,עור,גת רימון,language,עברית,45
2026-07-30T18:15:09,31,עור,גת רימון,language,ערבית,7
2026-07-30T18:15:09,31,עור,גת רימון,language,צרפתית,3
2026-07-30T18:15:09,31,עור,גת רימון,language,רוסית,5
2026-07-30T18:15:24,31,עור,דוב''ב,gender,גבר,47
2026-07-30T18:15:24,31,עור,דוב''ב,gender,אישה,6
2026-07-30T18:15:24,31,עור,דוב''ב,visit_type,ביקור במרפאה,53
2026-07-30T18:15:24,31,עור,דוב''ב,language,אנגלית,21
2026-07-30T18:15:24,31,עור,דוב''ב,language,עברית,21
2026-07-30T18:15:24,31,עור,דוב''ב,language,ערבית,17
2026-07-30T18:15:24,31,עור,דוב''ב,language,רומנית,4
2026-07-30T18:15:24,31,עור,דוב''ב,language,רוסית,2
2026-07-30T18:15:32,31,עור,דייר חנא,gender,גבר,45
2026-07-30T18:15:32,31,עור,דייר חנא,gender,אישה,6
2026-07-30T18:15:32,31,עור,דייר חנא,visit_type,ביקור במרפאה,52
2026-07-30T18:15:32,31,עור,דייר חנא,language,אידיש,1
2026-07-30T18:15:32,31,עור,דייר חנא,language,אנגלית,28
2026-07-30T18:15:32,31,עור,דייר חנא,language,גרמנית,7
2026-07-30T18:15:32,31,עור,דייר חנא,language,עברית,51
2026-07-30T18:15:32,31,עור,דייר חנא,language,ערבית,45
2026-07-30T18:15:32,31,עור,דייר חנא,language,רומנית,12
2026-07-30T18:15:32,31,עור,דייר חנא,language,רוסית,3
2026-07-30T18:15:43,31,עור,דלתון,gender,גבר,47
2026-07-30T18:15:43,31,עור,דלתון,gender,אישה,6
2026-07-30T18:15:43,31,עור,דלתון,visit_type,ביקור במרפאה,53
2026-07-30T18:15:43,31,עור,דלתון,language,אנגלית,21
2026-07-30T18:15:43,31,עור,דלתון,language,עברית,21
2026-07-30T18:15:43,31,עור,דלתון,language,ערבית,17
2026-07-30T18:15:43,31,עור,דלתון,language,רומנית,4
2026-07-30T18:15:43,31,עור,דלתון,language,רוסית,2
2026-07-30T18:15:51,31,עור,הדר עם,gender,אישה,15
2026-07-30T18:15:51,31,עור,הדר עם,gender,גבר,33
2026-07-30T18:15:51,31,עור,הדר עם,visit_type,ביקור במרפאה,49
2026-07-30T18:15:51,31,עור,הדר עם,language,איטלקית,1
2026-07-30T18:15:51,31,עור,הדר עם,language,אנגלית,5
2026-07-30T18:15:51,31,עור,הדר עם,language,עברית,9
2026-07-30T18:15:51,31,עור,הדר עם,language,ערבית,1
2026-07-30T18:15:51,31,עור,הדר עם,language,צרפתית,2
2026-07-30T18:15:51,31,עור,הדר עם,language,רומנית,1
2026-07-30T18:15:51,31,עור,הדר עם,language,רוסית,6
2026-07-30T18:16:03,31,עור,היוגב,gender,גבר,73
2026-07-30T18:16:03,31,עור,היוגב,gender,אישה,12
2026-07-30T18:16:03,31,עור,היוגב,visit_type,ביקור במרפאה,85
2026-07-30T18:16:03,31,עור,היוגב,language,איטלקית,1
2026-07-30T18:16:03,31,עור,היוגב,language,אנגלית,35
2026-07-30T18:16:03,31,עור,היוגב,language,עברית,39
2026-07-30T18:16:03,31,עור,היוגב,language,ערבית,28
2026-07-30T18:16:03,31,עור,היוגב,language,רומנית,5
2026-07-30T18:16:03,31,עור,היוגב,language,רוסית,10
2026-07-30T18:16:19,31,עור,הרדוף,gender,גבר,60
2026-07-30T18:16:19,31,עור,הרדוף,gender,אישה,17
2026-07-30T18:16:19,31,עור,הרדוף,visit_type,ביקור במרפאה,79
2026-07-30T18:16:19,31,עור,הרדוף,language,אידיש,2
2026-07-30T18:16:19,31,עור,הרדוף,language,איטלקית,1
2026-07-30T18:16:19,31,עור,הרדוף,language,אנגלית,40
2026-07-30T18:16:19,31,עור,הרדוף,language,עברית,48
2026-07-30T18:16:19,31,עור,הרדוף,language,ערבית,29
2026-07-30T18:16:19,31,עור,הרדוף,language,צרפתית,1
2026-07-30T18:16:19,31,עור,הרדוף,language,רומנית,6
2026-07-30T18:16:19,31,עור,הרדוף,language,רוסית,13
2026-07-30T18:16:36,31,עור,זבדיאל,gender,אישה,9
2026-07-30T18:16:36,31,עור,זבדיאל,gender,גבר,21
2026-07-30T18:16:36,31,עור,זבדיאל,visit_type,ביקור במרפאה,32
2026-07-30T18:16:36,31,עור,זבדיאל,language,אנגלית,4
2026-07-30T18:16:36,31,עור,זבדיאל,language,בולגרית,1
2026-07-30T18:16:36,31,עור,זבדיאל,language,עברית,7
2026-07-30T18:16:36,31,עור,זבדיאל,language,רוסית,5
2026-07-30T18:16:45,31,עור,זכריה,gender,גבר,24
2026-07-30T18:16:45,31,עור,זכריה,gender,אישה,19
2026-07-30T18:16:45,31,עור,זכריה,visit_type,ביקור במרפאה,45
2026-07-30T18:16:45,31,עור,זכריה,language,אנגלית,6
2026-07-30T18:16:45,31,עור,זכריה,language,ספרדית,1
2026-07-30T18:16:45,31,עור,זכריה,language,עברית,13
2026-07-30T18:16:45,31,עור,זכריה,language,צרפתית,4
2026-07-30T18:16:45,31,עור,זכריה,language,רוסית,7
2026-07-30T18:16:53,31,עור,חארס,gender,גבר,25
2026-07-30T18:16:53,31,עור,חארס,gender,אישה,13
2026-07-30T18:16:53,31,עור,חארס,visit_type,ביקור במרפאה,46
2026-07-30T18:16:53,31,עור,חארס,language,איטלקית,1
2026-07-30T18:16:53,31,עור,חארס,language,אנגלית,26
2026-07-30T18:16:53,31,עור,חארס,language,גרמנית,2
2026-07-30T18:16:53,31,עור,חארס,language,ספרדית,4
2026-07-30T18:16:53,31,עור,חארס,language,עברית,45
2026-07-30T18:16:53,31,עור,חארס,language,ערבית,7
2026-07-30T18:16:53,31,עור,חארס,language,צרפתית,3
2026-07-30T18:16:53,31,עור,חארס,language,רוסית,5
2026-07-30T18:17:06,31,עור,חדיד,gender,גבר,28
2026-07-30T18:17:06,31,עור,חדיד,gender,אישה,6
2026-07-30T18:17:06,31,עור,חדיד,visit_type,ביקור במרפאה,34
2026-07-30T18:17:06,31,עור,חדיד,visit_type,שיחת טלפון,2
2026-07-30T18:17:06,31,עור,חדיד,language,אנגלית,4
2026-07-30T18:17:06,31,עור,חדיד,language,אפריקנס,1
2026-07-30T18:17:06,31,עור,חדיד,language,הולנדית,1
2026-07-30T18:17:06,31,עור,חדיד,language,עברית,8
2026-07-30T18:17:06,31,עור,חדיד,language,רוסית,3
2026-07-30T18:17:13,31,עור,חופית,gender,אישה,15
2026-07-30T18:17:13,31,עור,חופית,gender,גבר,33
2026-07-30T18:17:13,31,עור,חופית,visit_type,ביקור במרפאה,49
2026-07-30T18:17:13,31,עור,חופית,language,איטלקית,1
2026-07-30T18:17:13,31,עור,חופית,language,אנגלית,5
2026-07-30T18:17:13,31,עור,חופית,language,עברית,9
2026-07-30T18:17:13,31,עור,חופית,language,ערבית,1
2026-07-30T18:17:13,31,עור,חופית,language,צרפתית,2
2026-07-30T18:17:13,31,עור,חופית,language,רומנית,1
2026-07-30T18:17:13,31,עור,חופית,language,רוסית,6
2026-07-30T18:17:25,31,עור,חמאם,gender,גבר,47
2026-07-30T18:17:25,31,עור,חמאם,gender,אישה,6
2026-07-30T18:17:25,31,עור,חמאם,visit_type,ביקור במרפאה,53
2026-07-30T18:17:25,31,עור,חמאם,language,אנגלית,21
2026-07-30T18:17:25,31,עור,חמאם,language,עברית,21
2026-07-30T18:17:25,31,עור,חמאם,language,ערבית,17
2026-07-30T18:17:25,31,עור,חמאם,language,רומנית,4
2026-07-30T18:17:25,31,עור,חמאם,language,רוסית,2
2026-07-30T18:17:34,31,עור,חפצי בה,gender,גבר,73
2026-07-30T18:17:34,31,עור,חפצי בה,gender,אישה,12
2026-07-30T18:17:34,31,עור,חפצי בה,visit_type,ביקור במרפאה,85
2026-07-30T18:17:34,31,עור,חפצי בה,language,איטלקית,1
2026-07-30T18:17:34,31,עור,חפצי בה,language,אנגלית,35
2026-07-30T18:17:34,31,עור,חפצי בה,language,עברית,39
2026-07-30T18:17:34,31,עור,חפצי בה,language,ערבית,28
2026-07-30T18:17:34,31,עור,חפצי בה,language,רומנית,5
2026-07-30T18:17:34,31,עור,חפצי בה,language,רוסית,10
2026-07-30T18:17:50,31,עור,חרמש,gender,גבר,59
2026-07-30T18:17:50,31,עור,חרמש,gender,אישה,21
2026-07-30T18:17:50,31,עור,חרמש,visit_type,ביקור במרפאה,81
2026-07-30T18:17:50,31,עור,חרמש,language,איטלקית,1
2026-07-30T18:17:50,31,עור,חרמש,language,אנגלית,23
2026-07-30T18:17:50,31,עור,חרמש,language,עברית,27
2026-07-30T18:17:50,31,עור,חרמש,language,ערבית,14
2026-07-30T18:17:50,31,עור,חרמש,language,צרפתית,2
2026-07-30T18:17:50,31,עור,חרמש,language,רומנית,1
2026-07-30T18:17:50,31,עור,חרמש,language,רוסית,10
2026-07-30T18:18:06,31,עור,טייבה ליד עפרה,gender,גבר,24
2026-07-30T18:18:06,31,עור,טייבה ליד עפרה,gender,אישה,19
2026-07-30T18:18:06,31,עור,טייבה ליד עפרה,visit_type,ביקור במרפאה,45
2026-07-30T18:18:06,31,עור,טייבה ליד עפרה,language,אנגלית,6
2026-07-30T18:18:06,31,עור,טייבה ליד עפרה,language,ספרדית,1
2026-07-30T18:18:06,31,עור,טייבה ליד עפרה,language,עברית,13
2026-07-30T18:18:06,31,עור,טייבה ליד עפרה,language,צרפתית,4
2026-07-30T18:18:06,31,עור,טייבה ליד עפרה,language,רוסית,7
2026-07-30T18:18:13,31,עור,טלמון,gender,גבר,24
2026-07-30T18:18:13,31,עור,טלמון,gender,אישה,19
2026-07-30T18:18:13,31,עור,טלמון,visit_type,ביקור במרפאה,45
2026-07-30T18:18:13,31,עור,טלמון,language,אנגלית,6
2026-07-30T18:18:13,31,עור,טלמון,language,ספרדית,1
2026-07-30T18:18:13,31,עור,טלמון,language,עברית,13
2026-07-30T18:18:13,31,עור,טלמון,language,צרפתית,4
2026-07-30T18:18:13,31,עור,טלמון,language,רוסית,7
2026-07-30T18:18:22,31,עור,יאסיד,gender,אישה,15
2026-07-30T18:18:22,31,עור,יאסיד,gender,גבר,33
2026-07-30T18:18:22,31,עור,יאסיד,visit_type,ביקור במרפאה,49
2026-07-30T18:18:22,31,עור,יאסיד,language,איטלקית,1
2026-07-30T18:18:22,31,עור,יאסיד,language,אנגלית,5
2026-07-30T18:18:22,31,עור,יאסיד,language,עברית,9
2026-07-30T18:18:22,31,עור,יאסיד,language,ערבית,1
2026-07-30T18:18:22,31,עור,יאסיד,language,צרפתית,2
2026-07-30T18:18:22,31,עור,יאסיד,language,רומנית,1
2026-07-30T18:18:22,31,עור,יאסיד,language,רוסית,6
2026-07-30T18:18:34,31,עור,יד חנה,gender,אישה,15
2026-07-30T18:18:34,31,עור,יד חנה,gender,גבר,33
2026-07-30T18:18:34,31,עור,יד חנה,visit_type,ביקור במרפאה,49
2026-07-30T18:18:34,31,עור,יד חנה,language,איטלקית,1
2026-07-30T18:18:34,31,עור,יד חנה,language,אנגלית,5
2026-07-30T18:18:34,31,עור,יד חנה,language,עברית,9
2026-07-30T18:18:34,31,עור,יד חנה,language,ערבית,1
2026-07-30T18:18:34,31,עור,יד חנה,language,צרפתית,2
2026-07-30T18:18:34,31,עור,יד חנה,language,רומנית,1
2026-07-30T18:18:34,31,עור,יד חנה,language,רוסית,6
2026-07-30T18:18:46,31,עור,יונתן,gender,גבר,47
2026-07-30T18:18:46,31,עור,יונתן,gender,אישה,6
2026-07-30T18:18:46,31,עור,יונתן,visit_type,ביקור במרפאה,53
2026-07-30T18:18:46,31,עור,יונתן,language,אנגלית,21
2026-07-30T18:18:46,31,עור,יונתן,language,עברית,21
2026-07-30T18:18:46,31,עור,יונתן,language,ערבית,17
2026-07-30T18:18:46,31,עור,יונתן,language,רומנית,4
2026-07-30T18:18:46,31,עור,יונתן,language,רוסית,2
2026-07-30T18:18:55,31,עור,יסוד המעלה,gender,גבר,47
2026-07-30T18:18:55,31,עור,יסוד המעלה,gender,אישה,6
2026-07-30T18:18:55,31,עור,יסוד המעלה,visit_type,ביקור במרפאה,53
2026-07-30T18:18:55,31,עור,יסוד המעלה,language,אנגלית,21
2026-07-30T18:18:55,31,עור,יסוד המעלה,language,עברית,21
2026-07-30T18:18:55,31,עור,יסוד המעלה,language,ערבית,17
2026-07-30T18:18:55,31,עור,יסוד המעלה,language,רומנית,4
2026-07-30T18:18:55,31,עור,יסוד המעלה,language,רוסית,2
2026-07-30T18:19:04,31,עור,יפעת,gender,גבר,73
2026-07-30T18:19:04,31,עור,יפעת,gender,אישה,12
2026-07-30T18:19:04,31,עור,יפעת,visit_type,ביקור במרפאה,85
2026-07-30T18:19:04,31,עור,יפעת,language,איטלקית,1
2026-07-30T18:19:04,31,עור,יפעת,language,אנגלית,35
2026-07-30T18:19:04,31,עור,יפעת,language,עברית,39
2026-07-30T18:19:04,31,עור,יפעת,language,ערבית,28
2026-07-30T18:19:04,31,עור,יפעת,language,רומנית,5
2026-07-30T18:19:04,31,עור,יפעת,language,רוסית,10
2026-07-30T18:19:20,31,עור,ירוחם,gender,גבר,22
2026-07-30T18:19:20,31,עור,ירוחם,gender,אישה,10
2026-07-30T18:19:20,31,עור,ירוחם,visit_type,ביקור במרפאה,34
2026-07-30T18:19:20,31,עור,ירוחם,language,אנגלית,4
2026-07-30T18:19:20,31,עור,ירוחם,language,בולגרית,1
2026-07-30T18:19:20,31,עור,ירוחם,language,עברית,6
2026-07-30T18:19:20,31,עור,ירוחם,language,ערבית,1
2026-07-30T18:19:20,31,עור,ירוחם,language,רוסית,2
2026-07-30T18:19:31,31,עור,יתיר,gender,גבר,30
2026-07-30T18:19:31,31,עור,יתיר,gender,אישה,13
2026-07-30T18:19:31,31,עור,יתיר,visit_type,ביקור במרפאה,45
2026-07-30T18:19:31,31,עור,יתיר,language,אנגלית,6
2026-07-30T18:19:31,31,עור,יתיר,language,בולגרית,1
2026-07-30T18:19:31,31,עור,יתיר,language,עברית,9
2026-07-30T18:19:31,31,עור,יתיר,language,ערבית,1
2026-07-30T18:19:31,31,עור,יתיר,language,רוסית,5
2026-07-30T18:19:44,31,עור,כוכב יעקב,gender,גבר,25
2026-07-30T18:19:44,31,עור,כוכב יעקב,gender,אישה,19
2026-07-30T18:19:44,31,עור,כוכב יעקב,visit_type,ביקור במרפאה,46
2026-07-30T18:19:44,31,עור,כוכב יעקב,language,אנגלית,6
2026-07-30T18:19:44,31,עור,כוכב יעקב,language,ספרדית,1
2026-07-30T18:19:44,31,עור,כוכב יעקב,language,עברית,14
2026-07-30T18:19:44,31,עור,כוכב יעקב,language,צרפתית,5
2026-07-30T18:19:44,31,עור,כוכב יעקב,language,רוסית,7
2026-07-30T18:19:53,31,עור,כיסרא סומיע,gender,גבר,35
2026-07-30T18:19:53,31,עור,כיסרא סומיע,gender,אישה,3
2026-07-30T18:19:53,31,עור,כיסרא סומיע,visit_type,ביקור במרפאה,38
2026-07-30T18:19:53,31,עור,כיסרא סומיע,language,אנגלית,19
2026-07-30T18:19:53,31,עור,כיסרא סומיע,language,גרמנית,7
2026-07-30T18:19:53,31,עור,כיסרא סומיע,language,עברית,38
2026-07-30T18:19:53,31,עור,כיסרא סומיע,language,ערבית,35
2026-07-30T18:19:53,31,עור,כיסרא סומיע,language,רומנית,10
2026-07-30T18:19:53,31,עור,כיסרא סומיע,language,רוסית,2
2026-07-30T18:19:59,31,עור,כנף,gender,גבר,47
2026-07-30T18:19:59,31,עור,כנף,gender,אישה,6
2026-07-30T18:19:59,31,עור,כנף,visit_type,ביקור במרפאה,53
2026-07-30T18:19:59,31,עור,כנף,language,אנגלית,21
2026-07-30T18:19:59,31,עור,כנף,language,עברית,21
2026-07-30T18:19:59,31,עור,כנף,language,ערבית,17
2026-07-30T18:19:59,31,עור,כנף,language,רומנית,4
2026-07-30T18:19:59,31,עור,כנף,language,רוסית,2
2026-07-30T18:20:09,31,עור,כפר ביאליק,gender,גבר,49
2026-07-30T18:20:09,31,עור,כפר ביאליק,gender,אישה,9
2026-07-30T18:20:09,31,עור,כפר ביאליק,visit_type,ביקור במרפאה,60
2026-07-30T18:20:09,31,עור,כפר ביאליק,language,אידיש,2
2026-07-30T18:20:09,31,עור,כפר ביאליק,language,אנגלית,39
2026-07-30T18:20:09,31,עור,כפר ביאליק,language,גרמנית,6
2026-07-30T18:20:09,31,עור,כפר ביאליק,language,עברית,57
2026-07-30T18:20:09,31,עור,כפר ביאליק,language,ערבית,46
2026-07-30T18:20:09,31,עור,כפר ביאליק,language,צרפתית,1
2026-07-30T18:20:09,31,עור,כפר ביאליק,language,רומנית,11
2026-07-30T18:20:09,31,עור,כפר ביאליק,language,רוסית,6
2026-07-30T18:20:23,31,עור,כרם מהר''ל,gender,גבר,60
2026-07-30T18:20:23,31,עור,כרם מהר''ל,gender,אישה,17
2026-07-30T18:20:23,31,עור,כרם מהר''ל,visit_type,ביקור במרפאה,79
2026-07-30T18:20:23,31,עור,כרם מהר''ל,language,אידיש,2
2026-07-30T18:20:23,31,עור,כרם מהר''ל,language,איטלקית,1
2026-07-30T18:20:23,31,עור,כרם מהר''ל,language,אנגלית,40
2026-07-30T18:20:23,31,עור,כרם מהר''ל,language,עברית,48
2026-07-30T18:20:23,31,עור,כרם מהר''ל,language,ערבית,29
2026-07-30T18:20:23,31,עור,כרם מהר''ל,language,צרפתית,1
2026-07-30T18:20:23,31,עור,כרם מהר''ל,language,רומנית,6
2026-07-30T18:20:23,31,עור,כרם מהר''ל,language,רוסית,13
2026-07-30T18:20:38,31,עור,להבות הבשן,gender,גבר,47
2026-07-30T18:20:38,31,עור,להבות הבשן,gender,אישה,6
2026-07-30T18:20:38,31,עור,להבות הבשן,visit_type,ביקור במרפאה,53
2026-07-30T18:20:38,31,עור,להבות הבשן,language,אנגלית,21
2026-07-30T18:20:38,31,עור,להבות הבשן,language,עברית,21
2026-07-30T18:20:38,31,עור,להבות הבשן,language,ערבית,17
2026-07-30T18:20:38,31,עור,להבות הבשן,language,רומנית,4
2026-07-30T18:20:38,31,עור,להבות הבשן,language,רוסית,2
2026-07-30T18:20:48,31,עור,לכיש,gender,אישה,9
2026-07-30T18:20:48,31,עור,לכיש,gender,גבר,21
2026-07-30T18:20:48,31,עור,לכיש,visit_type,ביקור במרפאה,32
2026-07-30T18:20:48,31,עור,לכיש,language,אנגלית,4
2026-07-30T18:20:48,31,עור,לכיש,language,בולגרית,1
2026-07-30T18:20:48,31,עור,לכיש,language,עברית,7
2026-07-30T18:20:48,31,עור,לכיש,language,רוסית,5
2026-07-30T18:20:58,31,עור,מבוא מודיעים,gender,גבר,28
2026-07-30T18:20:58,31,עור,מבוא מודיעים,gender,אישה,6
2026-07-30T18:20:58,31,עור,מבוא מודיעים,visit_type,ביקור במרפאה,34
2026-07-30T18:20:58,31,עור,מבוא מודיעים,visit_type,שיחת טלפון,2
2026-07-30T18:20:58,31,עור,מבוא מודיעים,language,אנגלית,4
2026-07-30T18:20:58,31,עור,מבוא מודיעים,language,אפריקנס,1
2026-07-30T18:20:58,31,עור,מבוא מודיעים,language,הולנדית,1
2026-07-30T18:20:58,31,עור,מבוא מודיעים,language,עברית,8
2026-07-30T18:20:58,31,עור,מבוא מודיעים,language,רוסית,3
2026-07-30T18:21:04,31,עור,מגאר,gender,גבר,47
2026-07-30T18:21:04,31,עור,מגאר,gender,אישה,6
2026-07-30T18:21:04,31,עור,מגאר,visit_type,ביקור במרפאה,53
2026-07-30T18:21:04,31,עור,מגאר,language,אנגלית,21
2026-07-30T18:21:04,31,עור,מגאר,language,עברית,21
2026-07-30T18:21:04,31,עור,מגאר,language,ערבית,17
2026-07-30T18:21:04,31,עור,מגאר,language,רומנית,4
2026-07-30T18:21:04,31,עור,מגאר,language,רוסית,2
2026-07-30T18:21:13,31,עור,מודיעין עילית,gender,גבר,30
2026-07-30T18:21:13,31,עור,מודיעין עילית,gender,אישה,7
2026-07-30T18:21:13,31,עור,מודיעין עילית,visit_type,ביקור במרפאה,37
2026-07-30T18:21:13,31,עור,מודיעין עילית,visit_type,שיחת טלפון,2
2026-07-30T18:21:13,31,עור,מודיעין עילית,language,אנגלית,4
2026-07-30T18:21:13,31,עור,מודיעין עילית,language,אפריקנס,1
2026-07-30T18:21:13,31,עור,מודיעין עילית,language,הולנדית,1
2026-07-30T18:21:13,31,עור,מודיעין עילית,language,עברית,8
2026-07-30T18:21:13,31,עור,מודיעין עילית,language,רוסית,3
2026-07-30T18:21:19,31,עור,מזור,gender,גבר,34
2026-07-30T18:21:19,31,עור,מזור,gender,אישה,19
2026-07-30T18:21:19,31,עור,מזור,visit_type,ביקור במרפאה,62
2026-07-30T18:21:19,31,עור,מזור,language,איטלקית,1
2026-07-30T18:21:19,31,עור,מזור,language,אנגלית,27
2026-07-30T18:21:19,31,עור,מזור,language,גרמנית,2
2026-07-30T18:21:19,31,עור,מזור,language,ספרדית,4
2026-07-30T18:21:19,31,עור,מזור,language,עברית,46
2026-07-30T18:21:19,31,עור,מזור,language,ערבית,7
2026-07-30T18:21:19,31,עור,מזור,language,צרפתית,4
2026-07-30T18:21:19,31,עור,מזור,language,רוסית,5
2026-07-30T18:21:35,31,עור,מטע,gender,גבר,24
2026-07-30T18:21:35,31,עור,מטע,gender,אישה,19
2026-07-30T18:21:35,31,עור,מטע,visit_type,ביקור במרפאה,45
2026-07-30T18:21:35,31,עור,מטע,language,אנגלית,6
2026-07-30T18:21:35,31,עור,מטע,language,ספרדית,1
2026-07-30T18:21:35,31,עור,מטע,language,עברית,13
2026-07-30T18:21:35,31,עור,מטע,language,צרפתית,4
2026-07-30T18:21:35,31,עור,מטע,language,רוסית,7
2026-07-30T18:21:44,31,עור,מית'לון,gender,אישה,15
2026-07-30T18:21:44,31,עור,מית'לון,gender,גבר,33
2026-07-30T18:21:44,31,עור,מית'לון,visit_type,ביקור במרפאה,49
2026-07-30T18:21:44,31,עור,מית'לון,language,איטלקית,1
2026-07-30T18:21:44,31,עור,מית'לון,language,אנגלית,5
2026-07-30T18:21:44,31,עור,מית'לון,language,עברית,9
2026-07-30T18:21:44,31,עור,מית'לון,language,ערבית,1
2026-07-30T18:21:44,31,עור,מית'לון,language,צרפתית,2
2026-07-30T18:21:44,31,עור,מית'לון,language,רומנית,1
2026-07-30T18:21:44,31,עור,מית'לון,language,רוסית,6
2026-07-30T18:21:56,31,עור,מנוף,gender,גבר,45
2026-07-30T18:21:56,31,עור,מנוף,gender,אישה,6
2026-07-30T18:21:56,31,עור,מנוף,visit_type,ביקור במרפאה,52
2026-07-30T18:21:56,31,עור,מנוף,language,אידיש,1
2026-07-30T18:21:56,31,עור,מנוף,language,אנגלית,28
2026-07-30T18:21:56,31,עור,מנוף,language,גרמנית,7
2026-07-30T18:21:56,31,עור,מנוף,language,עברית,51
2026-07-30T18:21:56,31,עור,מנוף,language,ערבית,45
2026-07-30T18:21:56,31,עור,מנוף,language,רומנית,12
2026-07-30T18:21:56,31,עור,מנוף,language,רוסית,3
2026-07-30T18:22:06,31,עור,מסילת ציון,gender,גבר,24
2026-07-30T18:22:06,31,עור,מסילת ציון,gender,אישה,19
2026-07-30T18:22:06,31,עור,מסילת ציון,visit_type,ביקור במרפאה,45
2026-07-30T18:22:06,31,עור,מסילת ציון,language,אנגלית,6
2026-07-30T18:22:06,31,עור,מסילת ציון,language,ספרדית,1
2026-07-30T18:22:06,31,עור,מסילת ציון,language,עברית,13
2026-07-30T18:22:06,31,עור,מסילת ציון,language,צרפתית,4
2026-07-30T18:22:06,31,עור,מסילת ציון,language,רוסית,7
2026-07-30T18:22:14,31,עור,מעונה,gender,גבר,35
2026-07-30T18:22:14,31,עור,מעונה,gender,אישה,3
2026-07-30T18:22:14,31,עור,מעונה,visit_type,ביקור במרפאה,38
2026-07-30T18:22:14,31,עור,מעונה,language,אנגלית,19
2026-07-30T18:22:14,31,עור,מעונה,language,גרמנית,7
2026-07-30T18:22:14,31,עור,מעונה,language,עברית,38
2026-07-30T18:22:14,31,עור,מעונה,language,ערבית,35
2026-07-30T18:22:14,31,עור,מעונה,language,רומנית,10
2026-07-30T18:22:14,31,עור,מעונה,language,רוסית,2
2026-07-30T18:22:22,31,עור,מפעלי העמק,gender,גבר,47
2026-07-30T18:22:22,31,עור,מפעלי העמק,gender,אישה,6
2026-07-30T18:22:22,31,עור,מפעלי העמק,visit_type,ביקור במרפאה,53
2026-07-30T18:22:22,31,עור,מפעלי העמק,language,אנגלית,21
2026-07-30T18:22:22,31,עור,מפעלי העמק,language,עברית,21
2026-07-30T18:22:22,31,עור,מפעלי העמק,language,ערבית,17
2026-07-30T18:22:22,31,עור,מפעלי העמק,language,רומנית,4
2026-07-30T18:22:22,31,עור,מפעלי העמק,language,רוסית,2
2026-07-30T18:22:33,31,עור,מצפה אילן,gender,גבר,52
2026-07-30T18:22:33,31,עור,מצפה אילן,gender,אישה,30
2026-07-30T18:22:33,31,עור,מצפה אילן,visit_type,ביקור במרפאה,85
2026-07-30T18:22:33,31,עור,מצפה אילן,language,אידיש,1
2026-07-30T18:22:33,31,עור,מצפה אילן,language,איטלקית,1
2026-07-30T18:22:33,31,עור,מצפה אילן,language,אנגלית,18
2026-07-30T18:22:33,31,עור,מצפה אילן,language,אפריקנס,1
2026-07-30T18:22:33,31,עור,מצפה אילן,language,גרמנית,1
2026-07-30T18:22:33,31,עור,מצפה אילן,language,הולנדית,1
2026-07-30T18:22:33,31,עור,מצפה אילן,language,ספרדית,2
2026-07-30T18:22:33,31,עור,מצפה אילן,language,עברית,30
2026-07-30T18:22:33,31,עור,מצפה אילן,language,ערבית,5
2026-07-30T18:22:33,31,עור,מצפה אילן,language,צרפתית,2
2026-07-30T18:22:33,31,עור,מצפה אילן,language,רומנית,1
2026-07-30T18:22:33,31,עור,מצפה אילן,language,רוסית,8
2026-07-30T18:22:54,31,עור,מרחביה מושב,gender,גבר,73
2026-07-30T18:22:54,31,עור,מרחביה מושב,gender,אישה,12
2026-07-30T18:22:54,31,עור,מרחביה מושב,visit_type,ביקור במרפאה,85
2026-07-30T18:22:54,31,עור,מרחביה מושב,language,איטלקית,1
2026-07-30T18:22:54,31,עור,מרחביה מושב,language,אנגלית,35
2026-07-30T18:22:54,31,עור,מרחביה מושב,language,עברית,39
2026-07-30T18:22:54,31,עור,מרחביה מושב,language,ערבית,28
2026-07-30T18:22:54,31,עור,מרחביה מושב,language,רומנית,5
2026-07-30T18:22:54,31,עור,מרחביה מושב,language,רוסית,10
2026-07-30T18:23:07,31,עור,משואות יצחק,gender,גבר,18
2026-07-30T18:23:07,31,עור,משואות יצחק,gender,אישה,6
2026-07-30T18:23:07,31,עור,משואות יצחק,visit_type,ביקור במרפאה,24
2026-07-30T18:23:07,31,עור,משואות יצחק,language,אנגלית,7
2026-07-30T18:23:07,31,עור,משואות יצחק,language,אפריקנס,1
2026-07-30T18:23:07,31,עור,משואות יצחק,language,הולנדית,1
2026-07-30T18:23:07,31,עור,משואות יצחק,language,עברית,10
2026-07-30T18:23:07,31,עור,משואות יצחק,language,רוסית,6
2026-07-30T18:23:14,31,עור,נאות חובב,gender,גבר,30
2026-07-30T18:23:14,31,עור,נאות חובב,gender,אישה,13
2026-07-30T18:23:14,31,עור,נאות חובב,visit_type,ביקור במרפאה,45
2026-07-30T18:23:14,31,עור,נאות חובב,language,אנגלית,6
2026-07-30T18:23:14,31,עור,נאות חובב,language,בולגרית,1
2026-07-30T18:23:14,31,עור,נאות חובב,language,עברית,9
2026-07-30T18:23:14,31,עור,נאות חובב,language,ערבית,1
2026-07-30T18:23:14,31,עור,נאות חובב,language,רוסית,5
2026-07-30T18:23:28,31,עור,נהלל,gender,גבר,73
2026-07-30T18:23:28,31,עור,נהלל,gender,אישה,12
2026-07-30T18:23:28,31,עור,נהלל,visit_type,ביקור במרפאה,85
2026-07-30T18:23:28,31,עור,נהלל,language,איטלקית,1
2026-07-30T18:23:28,31,עור,נהלל,language,אנגלית,35
2026-07-30T18:23:28,31,עור,נהלל,language,עברית,39
2026-07-30T18:23:28,31,עור,נהלל,language,ערבית,28
2026-07-30T18:23:28,31,עור,נהלל,language,רומנית,5
2026-07-30T18:23:28,31,עור,נהלל,language,רוסית,10
2026-07-30T18:23:40,31,עור,נווה דניאל,gender,גבר,24
2026-07-30T18:23:40,31,עור,נווה דניאל,gender,אישה,19
2026-07-30T18:23:40,31,עור,נווה דניאל,visit_type,ביקור במרפאה,45
2026-07-30T18:23:40,31,עור,נווה דניאל,language,אנגלית,6
2026-07-30T18:23:40,31,עור,נווה דניאל,language,ספרדית,1
2026-07-30T18:23:40,31,עור,נווה דניאל,language,עברית,13
2026-07-30T18:23:40,31,עור,נווה דניאל,language,צרפתית,4
2026-07-30T18:23:40,31,עור,נווה דניאל,language,רוסית,7
2026-07-30T18:23:49,31,עור,נחליאל,gender,גבר,24
2026-07-30T18:23:49,31,עור,נחליאל,gender,אישה,19
2026-07-30T18:23:49,31,עור,נחליאל,visit_type,ביקור במרפאה,45
2026-07-30T18:23:49,31,עור,נחליאל,language,אנגלית,6
2026-07-30T18:23:49,31,עור,נחליאל,language,ספרדית,1
2026-07-30T18:23:49,31,עור,נחליאל,language,עברית,13
2026-07-30T18:23:49,31,עור,נחליאל,language,צרפתית,4
2026-07-30T18:23:49,31,עור,נחליאל,language,רוסית,7
2026-07-30T18:23:57,31,עור,נטף,gender,גבר,24
2026-07-30T18:23:57,31,עור,נטף,gender,אישה,19
2026-07-30T18:23:57,31,עור,נטף,visit_type,ביקור במרפאה,45
2026-07-30T18:23:57,31,עור,נטף,language,אנגלית,6
2026-07-30T18:23:57,31,עור,נטף,language,ספרדית,1
2026-07-30T18:23:57,31,עור,נטף,language,עברית,13
2026-07-30T18:23:57,31,עור,נטף,language,צרפתית,4
2026-07-30T18:23:57,31,עור,נטף,language,רוסית,7
2026-07-30T18:24:06,31,עור,ניצנים,gender,גבר,21
2026-07-30T18:24:06,31,עור,ניצנים,gender,אישה,9
2026-07-30T18:24:06,31,עור,ניצנים,visit_type,ביקור במרפאה,32
2026-07-30T18:24:06,31,עור,ניצנים,language,אנגלית,4
2026-07-30T18:24:06,31,עור,ניצנים,language,בולגרית,1
2026-07-30T18:24:06,31,עור,ניצנים,language,עברית,7
2026-07-30T18:24:06,31,עור,ניצנים,language,רוסית,5
2026-07-30T18:24:17,31,עור,נצאצרה,gender,גבר,22
2026-07-30T18:24:17,31,עור,נצאצרה,gender,אישה,10
2026-07-30T18:24:17,31,עור,נצאצרה,visit_type,ביקור במרפאה,34
2026-07-30T18:24:17,31,עור,נצאצרה,language,אנגלית,4
2026-07-30T18:24:17,31,עור,נצאצרה,language,בולגרית,1
2026-07-30T18:24:17,31,עור,נצאצרה,language,עברית,6
2026-07-30T18:24:17,31,עור,נצאצרה,language,ערבית,1
2026-07-30T18:24:17,31,עור,נצאצרה,language,רוסית,2
2026-07-30T18:24:27,31,עור,נתניה,gender,אישה,15
2026-07-30T18:24:27,31,עור,נתניה,gender,גבר,33
2026-07-30T18:24:27,31,עור,נתניה,visit_type,ביקור במרפאה,49
2026-07-30T18:24:27,31,עור,נתניה,language,איטלקית,1
2026-07-30T18:24:27,31,עור,נתניה,language,אנגלית,5
2026-07-30T18:24:27,31,עור,נתניה,language,עברית,9
2026-07-30T18:24:27,31,עור,נתניה,language,ערבית,1
2026-07-30T18:24:27,31,עור,נתניה,language,צרפתית,2
2026-07-30T18:24:27,31,עור,נתניה,language,רומנית,1
2026-07-30T18:24:27,31,עור,נתניה,language,רוסית,6
2026-07-30T18:24:38,31,עור,סולם שונם,gender,גבר,73
2026-07-30T18:24:38,31,עור,סולם שונם,gender,אישה,12
2026-07-30T18:24:38,31,עור,סולם שונם,visit_type,ביקור במרפאה,85
2026-07-30T18:24:38,31,עור,סולם שונם,language,איטלקית,1
2026-07-30T18:24:38,31,עור,סולם שונם,language,אנגלית,35
2026-07-30T18:24:38,31,עור,סולם שונם,language,עברית,39
2026-07-30T18:24:38,31,עור,סולם שונם,language,ערבית,28
2026-07-30T18:24:38,31,עור,סולם שונם,language,רומנית,5
2026-07-30T18:24:38,31,עור,סולם שונם,language,רוסית,10
2026-07-30T18:24:52,31,עור,סילת א דהר,gender,גבר,33
2026-07-30T18:24:52,31,עור,סילת א דהר,gender,אישה,15
2026-07-30T18:24:52,31,עור,סילת א דהר,visit_type,ביקור במרפאה,49
2026-07-30T18:24:52,31,עור,סילת א דהר,language,איטלקית,1
2026-07-30T18:24:52,31,עור,סילת א דהר,language,אנגלית,5
2026-07-30T18:24:52,31,עור,סילת א דהר,language,עברית,9
2026-07-30T18:24:52,31,עור,סילת א דהר,language,ערבית,1
2026-07-30T18:24:52,31,עור,סילת א דהר,language,צרפתית,2
2026-07-30T18:24:52,31,עור,סילת א דהר,language,רומנית,1
2026-07-30T18:24:52,31,עור,סילת א דהר,language,רוסית,6
2026-07-30T18:25:02,31,עור,סמר,gender,גבר,1
2026-07-30T18:25:02,31,עור,סמר,gender,אישה,1
2026-07-30T18:25:02,31,עור,סמר,visit_type,ביקור במרפאה,6
2026-07-30T18:25:02,31,עור,סמר,visit_type,שיחת טלפון,1
2026-07-30T18:25:04,31,עור,סרה,gender,גבר,33
2026-07-30T18:25:04,31,עור,סרה,gender,אישה,15
2026-07-30T18:25:04,31,עור,סרה,visit_type,ביקור במרפאה,49
2026-07-30T18:25:04,31,עור,סרה,language,איטלקית,1
2026-07-30T18:25:04,31,עור,סרה,language,אנגלית,5
2026-07-30T18:25:04,31,עור,סרה,language,עברית,9
2026-07-30T18:25:04,31,עור,סרה,language,ערבית,1
2026-07-30T18:25:04,31,עור,סרה,language,צרפתית,2
2026-07-30T18:25:04,31,עור,סרה,language,רומנית,1
2026-07-30T18:25:04,31,עור,סרה,language,רוסית,6
2026-07-30T18:25:16,31,עור,עברון,gender,גבר,35
2026-07-30T18:25:16,31,עור,עברון,gender,אישה,3
2026-07-30T18:25:16,31,עור,עברון,visit_type,ביקור במרפאה,38
2026-07-30T18:25:16,31,עור,עברון,language,אנגלית,19
2026-07-30T18:25:16,31,עור,עברון,language,גרמנית,7
2026-07-30T18:25:16,31,עור,עברון,language,עברית,38
2026-07-30T18:25:16,31,עור,עברון,language,ערבית,35
2026-07-30T18:25:16,31,עור,עברון,language,רומנית,10
2026-07-30T18:25:16,31,עור,עברון,language,רוסית,2
2026-07-30T18:25:23,31,עור,עוזה,gender,גבר,21
2026-07-30T18:25:23,31,עור,עוזה,gender,אישה,9
2026-07-30T18:25:23,31,עור,עוזה,visit_type,ביקור במרפאה,32
2026-07-30T18:25:23,31,עור,עוזה,language,אנגלית,4
2026-07-30T18:25:23,31,עור,עוזה,language,בולגרית,1
2026-07-30T18:25:23,31,עור,עוזה,language,עברית,7
2026-07-30T18:25:23,31,עור,עוזה,language,רוסית,5
2026-07-30T18:25:34,31,עור,עזון עתמה,gender,גבר,25
2026-07-30T18:25:34,31,עור,עזון עתמה,gender,אישה,13
2026-07-30T18:25:34,31,עור,עזון עתמה,visit_type,ביקור במרפאה,46
2026-07-30T18:25:34,31,עור,עזון עתמה,language,איטלקית,1
2026-07-30T18:25:34,31,עור,עזון עתמה,language,אנגלית,26
2026-07-30T18:25:34,31,עור,עזון עתמה,language,גרמנית,2
2026-07-30T18:25:34,31,עור,עזון עתמה,language,ספרדית,4
2026-07-30T18:25:34,31,עור,עזון עתמה,language,עברית,45
2026-07-30T18:25:34,31,עור,עזון עתמה,language,ערבית,7
2026-07-30T18:25:34,31,עור,עזון עתמה,language,צרפתית,3
2026-07-30T18:25:34,31,עור,עזון עתמה,language,רוסית,5
2026-07-30T18:25:47,31,עור,עידן,gender,גבר,22
2026-07-30T18:25:47,31,עור,עידן,gender,אישה,10
2026-07-30T18:25:47,31,עור,עידן,visit_type,ביקור במרפאה,34
2026-07-30T18:25:47,31,עור,עידן,language,אנגלית,4
2026-07-30T18:25:47,31,עור,עידן,language,בולגרית,1
2026-07-30T18:25:47,31,עור,עידן,language,עברית,6
2026-07-30T18:25:47,31,עור,עידן,language,ערבית,1
2026-07-30T18:25:47,31,עור,עידן,language,רוסית,2
2026-07-30T18:25:55,31,עור,עכו,gender,גבר,45
2026-07-30T18:25:55,31,עור,עכו,gender,אישה,6
2026-07-30T18:25:55,31,עור,עכו,visit_type,ביקור במרפאה,52
2026-07-30T18:25:55,31,עור,עכו,language,אידיש,1
2026-07-30T18:25:55,31,עור,עכו,language,אנגלית,28
2026-07-30T18:25:55,31,עור,עכו,language,גרמנית,7
2026-07-30T18:25:55,31,עור,עכו,language,עברית,51
2026-07-30T18:25:55,31,עור,עכו,language,ערבית,45
2026-07-30T18:25:55,31,עור,עכו,language,רומנית,12
2026-07-30T18:25:55,31,עור,עכו,language,רוסית,3
2026-07-30T18:26:06,31,עור,עמיעד,gender,גבר,47
2026-07-30T18:26:06,31,עור,עמיעד,gender,אישה,6
2026-07-30T18:26:06,31,עור,עמיעד,visit_type,ביקור במרפאה,53
2026-07-30T18:26:06,31,עור,עמיעד,language,אנגלית,21
2026-07-30T18:26:06,31,עור,עמיעד,language,עברית,21
2026-07-30T18:26:06,31,עור,עמיעד,language,ערבית,17
2026-07-30T18:26:06,31,עור,עמיעד,language,רומנית,4
2026-07-30T18:26:06,31,עור,עמיעד,language,רוסית,2
2026-07-30T18:26:14,31,עור,עסירה א שמאליה,gender,גבר,33
2026-07-30T18:26:14,31,עור,עסירה א שמאליה,gender,אישה,15
2026-07-30T18:26:14,31,עור,עסירה א שמאליה,visit_type,ביקור במרפאה,49
2026-07-30T18:26:14,31,עור,עסירה א שמאליה,language,איטלקית,1
2026-07-30T18:26:14,31,עור,עסירה א שמאליה,language,אנגלית,5
2026-07-30T18:26:14,31,עור,עסירה א שמאליה,language,עברית,9
2026-07-30T18:26:14,31,עור,עסירה א שמאליה,language,ערבית,1
2026-07-30T18:26:14,31,עור,עסירה א שמאליה,language,צרפתית,2
2026-07-30T18:26:14,31,עור,עסירה א שמאליה,language,רומנית,1
2026-07-30T18:26:14,31,עור,עסירה א שמאליה,language,רוסית,6
2026-07-30T18:26:27,31,עור,עראבה,gender,גבר,45
2026-07-30T18:26:27,31,עור,עראבה,gender,אישה,6
2026-07-30T18:26:27,31,עור,עראבה,visit_type,ביקור במרפאה,52
2026-07-30T18:26:27,31,עור,עראבה,language,אידיש,1
2026-07-30T18:26:27,31,עור,עראבה,language,אנגלית,28
2026-07-30T18:26:27,31,עור,עראבה,language,גרמנית,7
2026-07-30T18:26:27,31,עור,עראבה,language,עברית,51
2026-07-30T18:26:27,31,עור,עראבה,language,ערבית,45
2026-07-30T18:26:27,31,עור,עראבה,language,רומנית,12
2026-07-30T18:26:27,31,עור,עראבה,language,רוסית,3
2026-07-30T18:26:38,31,עור,עשהאל,gender,גבר,30
2026-07-30T18:26:38,31,עור,עשהאל,gender,אישה,13
2026-07-30T18:26:38,31,עור,עשהאל,visit_type,ביקור במרפאה,45
2026-07-30T18:26:38,31,עור,עשהאל,language,אנגלית,6
2026-07-30T18:26:38,31,עור,עשהאל,language,בולגרית,1
2026-07-30T18:26:38,31,עור,עשהאל,language,עברית,9
2026-07-30T18:26:38,31,עור,עשהאל,language,ערבית,1
2026-07-30T18:26:38,31,עור,עשהאל,language,רוסית,5
2026-07-30T18:26:51,31,עור,פארק תעשיות רמת דלתון,gender,גבר,47
2026-07-30T18:26:51,31,עור,פארק תעשיות רמת דלתון,gender,אישה,6
2026-07-30T18:26:51,31,עור,פארק תעשיות רמת דלתון,visit_type,ביקור במרפאה,53
2026-07-30T18:26:51,31,עור,פארק תעשיות רמת דלתון,language,אנגלית,21
2026-07-30T18:26:51,31,עור,פארק תעשיות רמת דלתון,language,עברית,21
2026-07-30T18:26:51,31,עור,פארק תעשיות רמת דלתון,language,ערבית,17
2026-07-30T18:26:51,31,עור,פארק תעשיות רמת דלתון,language,רומנית,4
2026-07-30T18:26:51,31,עור,פארק תעשיות רמת דלתון,language,רוסית,2
2026-07-30T18:27:00,31,עור,פחמה,gender,גבר,33
2026-07-30T18:27:00,31,עור,פחמה,gender,אישה,15
2026-07-30T18:27:00,31,עור,פחמה,visit_type,ביקור במרפאה,49
2026-07-30T18:27:00,31,עור,פחמה,language,איטלקית,1
2026-07-30T18:27:00,31,עור,פחמה,language,אנגלית,5
2026-07-30T18:27:00,31,עור,פחמה,language,עברית,9
2026-07-30T18:27:00,31,עור,פחמה,language,ערבית,1
2026-07-30T18:27:00,31,עור,פחמה,language,צרפתית,2
2026-07-30T18:27:00,31,עור,פחמה,language,רומנית,1
2026-07-30T18:27:00,31,עור,פחמה,language,רוסית,6
2026-07-30T18:27:13,31,עור,פעמי תש''ז,gender,גבר,30
2026-07-30T18:27:13,31,עור,פעמי תש''ז,gender,אישה,13
2026-07-30T18:27:13,31,עור,פעמי תש''ז,visit_type,ביקור במרפאה,45
2026-07-30T18:27:13,31,עור,פעמי תש''ז,language,אנגלית,6
2026-07-30T18:27:13,31,עור,פעמי תש''ז,language,בולגרית,1
2026-07-30T18:27:13,31,עור,פעמי תש''ז,language,עברית,9
2026-07-30T18:27:13,31,עור,פעמי תש''ז,language,ערבית,1
2026-07-30T18:27:13,31,עור,פעמי תש''ז,language,רוסית,5
2026-07-30T18:27:28,31,עור,פרי גן,gender,אישה,9
2026-07-30T18:27:28,31,עור,פרי גן,gender,גבר,21
2026-07-30T18:27:28,31,עור,פרי גן,visit_type,ביקור במרפאה,32
2026-07-30T18:27:28,31,עור,פרי גן,language,אנגלית,4
2026-07-30T18:27:28,31,עור,פרי גן,language,בולגרית,1
2026-07-30T18:27:28,31,עור,פרי גן,language,עברית,7
2026-07-30T18:27:28,31,עור,פרי גן,language,רוסית,5
2026-07-30T18:27:40,31,עור,צופיה,gender,גבר,34
2026-07-30T18:27:40,31,עור,צופיה,gender,אישה,9
2026-07-30T18:27:40,31,עור,צופיה,visit_type,ביקור במרפאה,43
2026-07-30T18:27:40,31,עור,צופיה,visit_type,שיחת טלפון,2
2026-07-30T18:27:40,31,עור,צופיה,language,אנגלית,7
2026-07-30T18:27:40,31,עור,צופיה,language,אפריקנס,1
2026-07-30T18:27:40,31,עור,צופיה,language,הולנדית,1
2026-07-30T18:27:40,31,עור,צופיה,language,עברית,12
2026-07-30T18:27:40,31,עור,צופיה,language,רוסית,6
2026-07-30T18:27:48,31,עור,צנדלה,gender,גבר,73
2026-07-30T18:27:48,31,עור,צנדלה,gender,אישה,12
2026-07-30T18:27:48,31,עור,צנדלה,visit_type,ביקור במרפאה,85
2026-07-30T18:27:48,31,עור,צנדלה,language,איטלקית,1
2026-07-30T18:27:48,31,עור,צנדלה,language,אנגלית,35
2026-07-30T18:27:48,31,עור,צנדלה,language,עברית,39
2026-07-30T18:27:48,31,עור,צנדלה,language,ערבית,28
2026-07-30T18:27:48,31,עור,צנדלה,language,רומנית,5
2026-07-30T18:27:48,31,עור,צנדלה,language,רוסית,10
2026-07-30T18:28:03,31,עור,קדומים,gender,גבר,52
2026-07-30T18:28:03,31,עור,קדומים,gender,אישה,30
2026-07-30T18:28:03,31,עור,קדומים,visit_type,ביקור במרפאה,85
2026-07-30T18:28:03,31,עור,קדומים,language,אידיש,1
2026-07-30T18:28:03,31,עור,קדומים,language,איטלקית,1
2026-07-30T18:28:03,31,עור,קדומים,language,אנגלית,18
2026-07-30T18:28:03,31,עור,קדומים,language,אפריקנס,1
2026-07-30T18:28:03,31,עור,קדומים,language,גרמנית,1
2026-07-30T18:28:03,31,עור,קדומים,language,הולנדית,1
2026-07-30T18:28:03,31,עור,קדומים,language,ספרדית,2
2026-07-30T18:28:03,31,עור,קדומים,language,עברית,30
2026-07-30T18:28:03,31,עור,קדומים,language,ערבית,5
2026-07-30T18:28:03,31,עור,קדומים,language,צרפתית,2
2026-07-30T18:28:03,31,עור,קדומים,language,רומנית,1
2026-07-30T18:28:03,31,עור,קדומים,language,רוסית,8
2026-07-30T18:28:25,31,עור,קוואעין,gender,גבר,22
2026-07-30T18:28:25,31,עור,קוואעין,gender,אישה,10
2026-07-30T18:28:25,31,עור,קוואעין,visit_type,ביקור במרפאה,34
2026-07-30T18:28:25,31,עור,קוואעין,language,אנגלית,4
2026-07-30T18:28:25,31,עור,קוואעין,language,בולגרית,1
2026-07-30T18:28:25,31,עור,קוואעין,language,עברית,6
2026-07-30T18:28:25,31,עור,קוואעין,language,ערבית,1
2026-07-30T18:28:25,31,עור,קוואעין,language,רוסית,2
2026-07-30T18:28:36,31,עור,קלחים,gender,גבר,30
2026-07-30T18:28:36,31,עור,קלחים,gender,אישה,13
2026-07-30T18:28:36,31,עור,קלחים,visit_type,ביקור במרפאה,45
2026-07-30T18:28:36,31,עור,קלחים,language,אנגלית,6
2026-07-30T18:28:36,31,עור,קלחים,language,בולגרית,1
2026-07-30T18:28:36,31,עור,קלחים,language,עברית,9
2026-07-30T18:28:36,31,עור,קלחים,language,ערבית,1
2026-07-30T18:28:36,31,עור,קלחים,language,רוסית,5
2026-07-30T18:28:50,31,עור,קראות בני זיד,gender,גבר,25
2026-07-30T18:28:50,31,עור,קראות בני זיד,gender,אישה,13
2026-07-30T18:28:50,31,עור,קראות בני זיד,visit_type,ביקור במרפאה,46
2026-07-30T18:28:50,31,עור,קראות בני זיד,language,איטלקית,1
2026-07-30T18:28:50,31,עור,קראות בני זיד,language,אנגלית,26
2026-07-30T18:28:50,31,עור,קראות בני זיד,language,גרמנית,2
2026-07-30T18:28:50,31,עור,קראות בני זיד,language,ספרדית,4
2026-07-30T18:28:50,31,עור,קראות בני זיד,language,עברית,45
2026-07-30T18:28:50,31,עור,קראות בני זיד,language,ערבית,7
2026-07-30T18:28:50,31,עור,קראות בני זיד,language,צרפתית,3
2026-07-30T18:28:50,31,עור,קראות בני זיד,language,רוסית,5
2026-07-30T18:29:03,31,עור,קשת,gender,גבר,47
2026-07-30T18:29:03,31,עור,קשת,gender,אישה,6
2026-07-30T18:29:03,31,עור,קשת,visit_type,ביקור במרפאה,53
2026-07-30T18:29:03,31,עור,קשת,language,אנגלית,21
2026-07-30T18:29:03,31,עור,קשת,language,עברית,21
2026-07-30T18:29:03,31,עור,קשת,language,ערבית,17
2026-07-30T18:29:03,31,עור,קשת,language,רומנית,4
2026-07-30T18:29:03,31,עור,קשת,language,רוסית,2
2026-07-30T18:29:11,31,עור,ראפאת ליד פדואל,gender,גבר,25
2026-07-30T18:29:11,31,עור,ראפאת ליד פדואל,gender,אישה,13
2026-07-30T18:29:11,31,עור,ראפאת ליד פדואל,visit_type,ביקור במרפאה,46
2026-07-30T18:29:11,31,עור,ראפאת ליד פדואל,language,איטלקית,1
2026-07-30T18:29:11,31,עור,ראפאת ליד פדואל,language,אנגלית,26
2026-07-30T18:29:11,31,עור,ראפאת ליד פדואל,language,גרמנית,2
2026-07-30T18:29:11,31,עור,ראפאת ליד פדואל,language,ספרדית,4
2026-07-30T18:29:11,31,עור,ראפאת ליד פדואל,language,עברית,45
2026-07-30T18:29:11,31,עור,ראפאת ליד פדואל,language,ערבית,7
2026-07-30T18:29:11,31,עור,ראפאת ליד פדואל,language,צרפתית,3
2026-07-30T18:29:11,31,עור,ראפאת ליד פדואל,language,רוסית,5
2026-07-30T18:29:25,31,עור,רוויה,gender,גבר,73
2026-07-30T18:29:25,31,עור,רוויה,gender,אישה,12
2026-07-30T18:29:25,31,עור,רוויה,visit_type,ביקור במרפאה,85
2026-07-30T18:29:25,31,עור,רוויה,language,איטלקית,1
2026-07-30T18:29:25,31,עור,רוויה,language,אנגלית,35
2026-07-30T18:29:25,31,עור,רוויה,language,עברית,39
2026-07-30T18:29:25,31,עור,רוויה,language,ערבית,28
2026-07-30T18:29:25,31,עור,רוויה,language,רומנית,5
2026-07-30T18:29:25,31,עור,רוויה,language,רוסית,10
2026-07-30T18:29:39,31,עור,רחלים,gender,אישה,19
2026-07-30T18:29:39,31,עור,רחלים,gender,גבר,24
2026-07-30T18:29:39,31,עור,רחלים,visit_type,ביקור במרפאה,45
2026-07-30T18:29:39,31,עור,רחלים,language,אנגלית,6
2026-07-30T18:29:39,31,עור,רחלים,language,ספרדית,1
2026-07-30T18:29:39,31,עור,רחלים,language,עברית,13
2026-07-30T18:29:39,31,עור,רחלים,language,צרפתית,4
2026-07-30T18:29:39,31,עור,רחלים,language,רוסית,7
2026-07-30T18:29:47,31,עור,רמות,gender,גבר,47
2026-07-30T18:29:47,31,עור,רמות,gender,אישה,6
2026-07-30T18:29:47,31,עור,רמות,visit_type,ביקור במרפאה,53
2026-07-30T18:29:47,31,עור,רמות,language,אנגלית,21
2026-07-30T18:29:47,31,עור,רמות,language,עברית,21
2026-07-30T18:29:47,31,עור,רמות,language,ערבית,17
2026-07-30T18:29:47,31,עור,רמות,language,רומנית,4
2026-07-30T18:29:47,31,עור,רמות,language,רוסית,2
2026-07-30T18:29:57,31,עור,רעננה,gender,גבר,52
2026-07-30T18:29:57,31,עור,רעננה,gender,אישה,30
2026-07-30T18:29:57,31,עור,רעננה,visit_type,ביקור במרפאה,85
2026-07-30T18:29:57,31,עור,רעננה,language,אידיש,1
2026-07-30T18:29:57,31,עור,רעננה,language,איטלקית,1
2026-07-30T18:29:57,31,עור,רעננה,language,אנגלית,18
2026-07-30T18:29:57,31,עור,רעננה,language,אפריקנס,1
2026-07-30T18:29:57,31,עור,רעננה,language,גרמנית,1
2026-07-30T18:29:57,31,עור,רעננה,language,הולנדית,1
2026-07-30T18:29:57,31,עור,רעננה,language,ספרדית,2
2026-07-30T18:29:57,31,עור,רעננה,language,עברית,30
2026-07-30T18:29:57,31,עור,רעננה,language,ערבית,5
2026-07-30T18:29:57,31,עור,רעננה,language,צרפתית,2
2026-07-30T18:29:57,31,עור,רעננה,language,רומנית,1
2026-07-30T18:29:57,31,עור,רעננה,language,רוסית,8
2026-07-30T18:30:20,31,עור,שבי שומרון,gender,גבר,52
2026-07-30T18:30:20,31,עור,שבי שומרון,gender,אישה,30
2026-07-30T18:30:20,31,עור,שבי שומרון,visit_type,ביקור במרפאה,85
2026-07-30T18:30:20,31,עור,שבי שומרון,language,אידיש,1
2026-07-30T18:30:20,31,עור,שבי שומרון,language,איטלקית,1
2026-07-30T18:30:20,31,עור,שבי שומרון,language,אנגלית,18
2026-07-30T18:30:20,31,עור,שבי שומרון,language,אפריקנס,1
2026-07-30T18:30:20,31,עור,שבי שומרון,language,גרמנית,1
2026-07-30T18:30:20,31,עור,שבי שומרון,language,הולנדית,1
2026-07-30T18:30:20,31,עור,שבי שומרון,language,ספרדית,2
2026-07-30T18:30:20,31,עור,שבי שומרון,language,עברית,30
2026-07-30T18:30:20,31,עור,שבי שומרון,language,ערבית,5
2026-07-30T18:30:20,31,עור,שבי שומרון,language,צרפתית,2
2026-07-30T18:30:20,31,עור,שבי שומרון,language,רומנית,1
2026-07-30T18:30:20,31,עור,שבי שומרון,language,רוסית,8
2026-07-30T18:30:42,31,עור,שדה יואב,gender,אישה,9
2026-07-30T18:30:42,31,עור,שדה יואב,gender,גבר,21
2026-07-30T18:30:42,31,עור,שדה יואב,visit_type,ביקור במרפאה,32
2026-07-30T18:30:42,31,עור,שדה יואב,language,אנגלית,4
2026-07-30T18:30:42,31,עור,שדה יואב,language,בולגרית,1
2026-07-30T18:30:42,31,עור,שדה יואב,language,עברית,7
2026-07-30T18:30:42,31,עור,שדה יואב,language,רוסית,5
2026-07-30T18:30:54,31,עור,שומריה,gender,גבר,30
2026-07-30T18:30:54,31,עור,שומריה,gender,אישה,13
2026-07-30T18:30:54,31,עור,שומריה,visit_type,ביקור במרפאה,45
2026-07-30T18:30:54,31,עור,שומריה,language,אנגלית,6
2026-07-30T18:30:54,31,עור,שומריה,language,בולגרית,1
2026-07-30T18:30:54,31,עור,שומריה,language,עברית,9
2026-07-30T18:30:54,31,עור,שומריה,language,ערבית,1
2026-07-30T18:30:54,31,עור,שומריה,language,רוסית,5
2026-07-30T18:31:07,31,עור,שיזף,gender,גבר,22
2026-07-30T18:31:07,31,עור,שיזף,gender,אישה,10
2026-07-30T18:31:07,31,עור,שיזף,visit_type,ביקור במרפאה,34
2026-07-30T18:31:07,31,עור,שיזף,language,אנגלית,4
2026-07-30T18:31:07,31,עור,שיזף,language,בולגרית,1
2026-07-30T18:31:07,31,עור,שיזף,language,עברית,6
2026-07-30T18:31:07,31,עור,שיזף,language,ערבית,1
2026-07-30T18:31:07,31,עור,שיזף,language,רוסית,2
2026-07-30T18:31:16,31,עור,שלומי,gender,גבר,35
2026-07-30T18:31:16,31,עור,שלומי,gender,אישה,3
2026-07-30T18:31:16,31,עור,שלומי,visit_type,ביקור במרפאה,38
2026-07-30T18:31:16,31,עור,שלומי,language,אנגלית,19
2026-07-30T18:31:16,31,עור,שלומי,language,גרמנית,7
2026-07-30T18:31:16,31,עור,שלומי,language,עברית,38
2026-07-30T18:31:16,31,עור,שלומי,language,ערבית,35
2026-07-30T18:31:16,31,עור,שלומי,language,רומנית,10
2026-07-30T18:31:16,31,עור,שלומי,language,רוסית,2
2026-07-30T18:31:25,31,עור,שעל,gender,גבר,47
2026-07-30T18:31:25,31,עור,שעל,gender,אישה,6
2026-07-30T18:31:25,31,עור,שעל,visit_type,ביקור במרפאה,53
2026-07-30T18:31:25,31,עור,שעל,language,אנגלית,21
2026-07-30T18:31:25,31,עור,שעל,language,עברית,21
2026-07-30T18:31:25,31,עור,שעל,language,ערבית,17
2026-07-30T18:31:25,31,עור,שעל,language,רומנית,4
2026-07-30T18:31:25,31,עור,שעל,language,רוסית,2
2026-07-30T18:31:34,31,עור,שפרעם,gender,גבר,60
2026-07-30T18:31:34,31,עור,שפרעם,gender,אישה,17
2026-07-30T18:31:34,31,עור,שפרעם,visit_type,ביקור במרפאה,79
2026-07-30T18:31:34,31,עור,שפרעם,language,אידיש,2
2026-07-30T18:31:34,31,עור,שפרעם,language,איטלקית,1
2026-07-30T18:31:34,31,עור,שפרעם,language,אנגלית,40
2026-07-30T18:31:34,31,עור,שפרעם,language,עברית,48
2026-07-30T18:31:34,31,עור,שפרעם,language,ערבית,29
2026-07-30T18:31:34,31,עור,שפרעם,language,צרפתית,1
2026-07-30T18:31:34,31,עור,שפרעם,language,רומנית,6
2026-07-30T18:31:34,31,עור,שפרעם,language,רוסית,13
2026-07-30T18:31:51,31,עור,תדהר,gender,גבר,30
2026-07-30T18:31:51,31,עור,תדהר,gender,אישה,13
2026-07-30T18:31:51,31,עור,תדהר,visit_type,ביקור במרפאה,45
2026-07-30T18:31:51,31,עור,תדהר,language,אנגלית,6
2026-07-30T18:31:51,31,עור,תדהר,language,בולגרית,1
2026-07-30T18:31:51,31,עור,תדהר,language,עברית,9
2026-07-30T18:31:51,31,עור,תדהר,language,ערבית,1
2026-07-30T18:31:51,31,עור,תדהר,language,רוסית,5
2026-07-30T18:32:04,31,עור,תל,gender,גבר,33
2026-07-30T18:32:04,31,עור,תל,gender,אישה,15
2026-07-30T18:32:04,31,עור,תל,visit_type,ביקור במרפאה,49
2026-07-30T18:32:04,31,עור,תל,language,איטלקית,1
2026-07-30T18:32:04,31,עור,תל,language,אנגלית,5
2026-07-30T18:32:04,31,עור,תל,language,עברית,9
2026-07-30T18:32:04,31,עור,תל,language,ערבית,1
2026-07-30T18:32:04,31,עור,תל,language,צרפתית,2
2026-07-30T18:32:04,31,עור,תל,language,רומנית,1
2026-07-30T18:32:04,31,עור,תל,language,רוסית,6
2026-07-30T18:32:16,31,עור,תמרת,gender,גבר,73
2026-07-30T18:32:16,31,עור,תמרת,gender,אישה,12
2026-07-30T18:32:16,31,עור,תמרת,visit_type,ביקור במרפאה,85
2026-07-30T18:32:16,31,עור,תמרת,language,איטלקית,1
2026-07-30T18:32:16,31,עור,תמרת,language,אנגלית,35
2026-07-30T18:32:16,31,עור,תמרת,language,עברית,39
2026-07-30T18:32:16,31,עור,תמרת,language,ערבית,28
2026-07-30T18:32:16,31,עור,תמרת,language,רומנית,5
2026-07-30T18:32:16,31,עור,תמרת,language,רוסית,10
2026-07-30T18:32:31,31,עור,תעשיות שער הנגב,gender,גבר,30
2026-07-30T18:32:31,31,עור,תעשיות שער הנגב,gender,אישה,13
2026-07-30T18:32:31,31,עור,תעשיות שער הנגב,visit_type,ביקור במרפאה,45
2026-07-30T18:32:31,31,עור,תעשיות שער הנגב,language,אנגלית,6
2026-07-30T18:32:31,31,עור,תעשיות שער הנגב,language,בולגרית,1
2026-07-30T18:32:31,31,עור,תעשיות שער הנגב,language,עברית,9
2026-07-30T18:32:31,31,עור,תעשיות שער הנגב,language,ערבית,1
2026-07-30T18:32:31,31,עור,תעשיות שער הנגב,language,רוסית,5
2026-07-30T18:32:46,61,עיניים,א סייד,gender,גבר,44
2026-07-30T18:32:46,61,עיניים,א סייד,gender,אישה,6
2026-07-30T18:32:46,61,עיניים,א סייד,visit_type,ביקור במרפאה,51
2026-07-30T18:32:46,61,עיניים,א סייד,visit_type,שיחת טלפון,1
2026-07-30T18:32:46,61,עיניים,א סייד,language,איטלקית,1
2026-07-30T18:32:46,61,עיניים,א סייד,language,אנגלית,2
2026-07-30T18:32:46,61,עיניים,א סייד,language,עברית,5
2026-07-30T18:32:46,61,עיניים,א סייד,language,רוסית,5
2026-07-30T18:32:57,61,עיניים,אבו סנאן,gender,גבר,47
2026-07-30T18:32:57,61,עיניים,אבו סנאן,gender,אישה,6
2026-07-30T18:32:57,61,עיניים,אבו סנאן,visit_type,ביקור במרפאה,54
2026-07-30T18:32:57,61,עיניים,אבו סנאן,visit_type,שיחת טלפון,1
2026-07-30T18:32:57,61,עיניים,אבו סנאן,language,אנגלית,37
2026-07-30T18:32:57,61,עיניים,אבו סנאן,language,בולגרית,7
2026-07-30T18:32:57,61,עיניים,אבו סנאן,language,גרמנית,1
2026-07-30T18:32:57,61,עיניים,אבו סנאן,language,עברית,52
2026-07-30T18:32:57,61,עיניים,אבו סנאן,language,ערבית,41
2026-07-30T18:32:57,61,עיניים,אבו סנאן,language,רומנית,14
2026-07-30T18:32:57,61,עיניים,אבו סנאן,language,רוסית,8
2026-07-30T18:33:05,61,עיניים,אדרת,gender,אישה,13
2026-07-30T18:33:05,61,עיניים,אדרת,gender,גבר,17
2026-07-30T18:33:05,61,עיניים,אדרת,visit_type,ביקור במרפאה,30
2026-07-30T18:33:05,61,עיניים,אדרת,language,אנגלית,4
2026-07-30T18:33:05,61,עיניים,אדרת,language,עברית,6
2026-07-30T18:33:05,61,עיניים,אדרת,language,ערבית,6
2026-07-30T18:33:05,61,עיניים,אדרת,language,צרפתית,1
2026-07-30T18:33:05,61,עיניים,אדרת,language,רומנית,1
2026-07-30T18:33:11,61,עיניים,אום סלמונה,gender,אישה,13
2026-07-30T18:33:11,61,עיניים,אום סלמונה,gender,גבר,17
2026-07-30T18:33:11,61,עיניים,אום סלמונה,visit_type,ביקור במרפאה,30
2026-07-30T18:33:11,61,עיניים,אום סלמונה,language,אנגלית,4
2026-07-30T18:33:11,61,עיניים,אום סלמונה,language,עברית,6
2026-07-30T18:33:11,61,עיניים,אום סלמונה,language,ערבית,6
2026-07-30T18:33:11,61,עיניים,אום סלמונה,language,צרפתית,1
2026-07-30T18:33:11,61,עיניים,אום סלמונה,language,רומנית,1
2026-07-30T18:33:18,61,עיניים,אחיטוב,gender,גבר,78
2026-07-30T18:33:18,61,עיניים,אחיטוב,gender,אישה,23
2026-07-30T18:33:18,61,עיניים,אחיטוב,visit_type,ביקור במרפאה,105
2026-07-30T18:33:18,61,עיניים,אחיטוב,visit_type,שיחת טלפון,1
2026-07-30T18:33:18,61,עיניים,אחיטוב,language,אידיש,2
2026-07-30T18:33:18,61,עיניים,אחיטוב,language,איטלקית,2
2026-07-30T18:33:18,61,עיניים,אחיטוב,language,אנגלית,21
2026-07-30T18:33:18,61,עיניים,אחיטוב,language,גרמנית,1
2026-07-30T18:33:18,61,עיניים,אחיטוב,language,ספרדית,3
2026-07-30T18:33:18,61,עיניים,אחיטוב,language,עברית,29
2026-07-30T18:33:18,61,עיניים,אחיטוב,language,ערבית,10
2026-07-30T18:33:18,61,עיניים,אחיטוב,language,פולנית,1
2026-07-30T18:33:18,61,עיניים,אחיטוב,language,פרסית,1
2026-07-30T18:33:18,61,עיניים,אחיטוב,language,צרפתית,2
2026-07-30T18:33:18,61,עיניים,אחיטוב,language,רומנית,1
2026-07-30T18:33:18,61,עיניים,אחיטוב,language,רוסית,4
2026-07-30T18:33:36,61,עיניים,אילון,gender,גבר,47
2026-07-30T18:33:36,61,עיניים,אילון,gender,אישה,6
2026-07-30T18:33:36,61,עיניים,אילון,visit_type,ביקור במרפאה,54
2026-07-30T18:33:36,61,עיניים,אילון,visit_type,שיחת טלפון,1
2026-07-30T18:33:36,61,עיניים,אילון,language,אנגלית,37
2026-07-30T18:33:36,61,עיניים,אילון,language,בולגרית,7
2026-07-30T18:33:36,61,עיניים,אילון,language,גרמנית,1
2026-07-30T18:33:36,61,עיניים,אילון,language,עברית,52
2026-07-30T18:33:36,61,עיניים,אילון,language,ערבית,41
2026-07-30T18:33:36,61,עיניים,אילון,language,רומנית,14
2026-07-30T18:33:36,61,עיניים,אילון,language,רוסית,8
2026-07-30T18:33:45,61,עיניים,אל מוע'ייר,gender,גבר,54
2026-07-30T18:33:45,61,עיניים,אל מוע'ייר,gender,אישה,14
2026-07-30T18:33:45,61,עיניים,אל מוע'ייר,visit_type,ביקור במרפאה,70
2026-07-30T18:33:45,61,עיניים,אל מוע'ייר,visit_type,שיחת טלפון,1
2026-07-30T18:33:45,61,עיניים,אל מוע'ייר,language,אידיש,2
2026-07-30T18:33:45,61,עיניים,אל מוע'ייר,language,איטלקית,1
2026-07-30T18:33:45,61,עיניים,אל מוע'ייר,language,אנגלית,10
2026-07-30T18:33:45,61,עיניים,אל מוע'ייר,language,ספרדית,3
2026-07-30T18:33:45,61,עיניים,אל מוע'ייר,language,עברית,13
2026-07-30T18:33:45,61,עיניים,אל מוע'ייר,language,ערבית,2
2026-07-30T18:33:45,61,עיניים,אל מוע'ייר,language,צרפתית,2
2026-07-30T18:33:45,61,עיניים,אל מוע'ייר,language,רוסית,1
2026-07-30T18:33:56,61,עיניים,אספר,gender,אישה,13
2026-07-30T18:33:56,61,עיניים,אספר,gender,גבר,17
2026-07-30T18:33:56,61,עיניים,אספר,visit_type,ביקור במרפאה,30
2026-07-30T18:33:56,61,עיניים,אספר,language,אנגלית,4
2026-07-30T18:33:56,61,עיניים,אספר,language,עברית,6
2026-07-30T18:33:56,61,עיניים,אספר,language,ערבית,6
2026-07-30T18:33:56,61,עיניים,אספר,language,צרפתית,1
2026-07-30T18:33:56,61,עיניים,אספר,language,רומנית,1
2026-07-30T18:34:04,61,עיניים,ארז,gender,אישה,13
2026-07-30T18:34:04,61,עיניים,ארז,gender,גבר,36
2026-07-30T18:34:04,61,עיניים,ארז,visit_type,ביקור במרפאה,51
2026-07-30T18:34:04,61,עיניים,ארז,visit_type,שיחת טלפון,1
2026-07-30T18:34:04,61,עיניים,ארז,language,איטלקית,2
2026-07-30T18:34:04,61,עיניים,ארז,language,אנגלית,3
2026-07-30T18:34:04,61,עיניים,ארז,language,ספרדית,1
2026-07-30T18:34:04,61,עיניים,ארז,language,עברית,5
2026-07-30T18:34:04,61,עיניים,ארז,language,צרפתית,1
2026-07-30T18:34:04,61,עיניים,ארז,language,רומנית,1
2026-07-30T18:34:04,61,עיניים,ארז,language,רוסית,4
2026-07-30T18:34:19,61,עיניים,אשכולות,gender,גבר,56
2026-07-30T18:34:19,61,עיניים,אשכולות,gender,אישה,13
2026-07-30T18:34:19,61,עיניים,אשכולות,visit_type,ביקור במרפאה,71
2026-07-30T18:34:19,61,עיניים,אשכולות,visit_type,שיחת טלפון,1
2026-07-30T18:34:19,61,עיניים,אשכולות,language,איטלקית,2
2026-07-30T18:34:19,61,עיניים,אשכולות,language,אנגלית,3
2026-07-30T18:34:19,61,עיניים,אשכולות,language,ספרדית,1
2026-07-30T18:34:19,61,עיניים,אשכולות,language,עברית,6
2026-07-30T18:34:19,61,עיניים,אשכולות,language,צרפתית,1
2026-07-30T18:34:19,61,עיניים,אשכולות,language,רומנית,1
2026-07-30T18:34:19,61,עיניים,אשכולות,language,רוסית,5
2026-07-30T18:34:33,61,עיניים,באר יעקב,gender,גבר,22
2026-07-30T18:34:33,61,עיניים,באר יעקב,gender,אישה,15
2026-07-30T18:34:33,61,עיניים,באר יעקב,visit_type,ביקור במרפאה,41
2026-07-30T18:34:33,61,עיניים,באר יעקב,language,אנגלית,6
2026-07-30T18:34:33,61,עיניים,באר יעקב,language,הונגרית,1
2026-07-30T18:34:33,61,עיניים,באר יעקב,language,עברית,6
2026-07-30T18:34:33,61,עיניים,באר יעקב,language,ערבית,1
2026-07-30T18:34:33,61,עיניים,באר יעקב,language,צרפתית,1
2026-07-30T18:34:33,61,עיניים,באר יעקב,language,רומנית,1
2026-07-30T18:34:33,61,עיניים,באר יעקב,language,רוסית,1
2026-07-30T18:34:39,61,עיניים,בורהאם,gender,אישה,13
2026-07-30T18:34:39,61,עיניים,בורהאם,gender,גבר,17
2026-07-30T18:34:39,61,עיניים,בורהאם,visit_type,ביקור במרפאה,30
2026-07-30T18:34:39,61,עיניים,בורהאם,language,אנגלית,4
2026-07-30T18:34:39,61,עיניים,בורהאם,language,עברית,6
2026-07-30T18:34:39,61,עיניים,בורהאם,language,ערבית,6
2026-07-30T18:34:39,61,עיניים,בורהאם,language,צרפתית,1
2026-07-30T18:34:39,61,עיניים,בורהאם,language,רומנית,1
2026-07-30T18:34:46,61,עיניים,ביכורה,gender,גבר,62
2026-07-30T18:34:46,61,עיניים,ביכורה,gender,אישה,12
2026-07-30T18:34:46,61,עיניים,ביכורה,visit_type,ביקור במרפאה,79
2026-07-30T18:34:46,61,עיניים,ביכורה,language,אנגלית,19
2026-07-30T18:34:46,61,עיניים,ביכורה,language,עברית,27
2026-07-30T18:34:46,61,עיניים,ביכורה,language,ערבית,17
2026-07-30T18:34:46,61,עיניים,ביכורה,language,רוסית,4
2026-07-30T18:35:00,61,עיניים,בני ברק,gender,גבר,49
2026-07-30T18:35:00,61,עיניים,בני ברק,gender,אישה,18
2026-07-30T18:35:00,61,עיניים,בני ברק,visit_type,ביקור במרפאה,75
2026-07-30T18:35:00,61,עיניים,בני ברק,language,אידיש,1
2026-07-30T18:35:00,61,עיניים,בני ברק,language,איטלקית,1
2026-07-30T18:35:00,61,עיניים,בני ברק,language,אנגלית,32
2026-07-30T18:35:00,61,עיניים,בני ברק,language,גרוזינית,2
2026-07-30T18:35:00,61,עיניים,בני ברק,language,גרמנית,1
2026-07-30T18:35:00,61,עיניים,בני ברק,language,ספרדית,1
2026-07-30T18:35:00,61,עיניים,בני ברק,language,עברית,67
2026-07-30T18:35:00,61,עיניים,בני ברק,language,ערבית,5
2026-07-30T18:35:00,61,עיניים,בני ברק,language,פולנית,1
2026-07-30T18:35:00,61,עיניים,בני ברק,language,צרפתית,4
2026-07-30T18:35:00,61,עיניים,בני ברק,language,רומנית,2
2026-07-30T18:35:00,61,עיניים,בני ברק,language,רוסית,15
2026-07-30T18:35:14,61,עיניים,בסמ''ה,gender,גבר,78
2026-07-30T18:35:14,61,עיניים,בסמ''ה,gender,אישה,23
2026-07-30T18:35:14,61,עיניים,בסמ''ה,visit_type,ביקור במרפאה,105
2026-07-30T18:35:14,61,עיניים,בסמ''ה,visit_type,שיחת טלפון,1
2026-07-30T18:35:14,61,עיניים,בסמ''ה,language,אידיש,2
2026-07-30T18:35:14,61,עיניים,בסמ''ה,language,איטלקית,2
2026-07-30T18:35:14,61,עיניים,בסמ''ה,language,אנגלית,21
2026-07-30T18:35:14,61,עיניים,בסמ''ה,language,גרמנית,1
2026-07-30T18:35:14,61,עיניים,בסמ''ה,language,ספרדית,3
2026-07-30T18:35:14,61,עיניים,בסמ''ה,language,עברית,29
2026-07-30T18:35:14,61,עיניים,בסמ''ה,language,ערבית,10
2026-07-30T18:35:14,61,עיניים,בסמ''ה,language,פולנית,1
2026-07-30T18:35:14,61,עיניים,בסמ''ה,language,פרסית,1
2026-07-30T18:35:14,61,עיניים,בסמ''ה,language,צרפתית,2
2026-07-30T18:35:14,61,עיניים,בסמ''ה,language,רומנית,1
2026-07-30T18:35:14,61,עיניים,בסמ''ה,language,רוסית,4
2026-07-30T18:35:30,61,עיניים,ברוכין,gender,גבר,38
2026-07-30T18:35:30,61,עיניים,ברוכין,gender,אישה,15
2026-07-30T18:35:30,61,עיניים,ברוכין,visit_type,ביקור במרפאה,58
2026-07-30T18:35:30,61,עיניים,ברוכין,language,אידיש,1
2026-07-30T18:35:30,61,עיניים,ברוכין,language,איטלקית,1
2026-07-30T18:35:30,61,עיניים,ברוכין,language,אנגלית,26
2026-07-30T18:35:30,61,עיניים,ברוכין,language,גרוזינית,2
2026-07-30T18:35:30,61,עיניים,ברוכין,language,ספרדית,1
2026-07-30T18:35:30,61,עיניים,ברוכין,language,עברית,53
2026-07-30T18:35:30,61,עיניים,ברוכין,language,ערבית,5
2026-07-30T18:35:30,61,עיניים,ברוכין,language,פולנית,1
2026-07-30T18:35:30,61,עיניים,ברוכין,language,צרפתית,1
2026-07-30T18:35:30,61,עיניים,ברוכין,language,רומנית,2
2026-07-30T18:35:30,61,עיניים,ברוכין,language,רוסית,13
2026-07-30T18:35:39,61,עיניים,בת עין,gender,אישה,13
2026-07-30T18:35:39,61,עיניים,בת עין,gender,גבר,17
2026-07-30T18:35:39,61,עיניים,בת עין,visit_type,ביקור במרפאה,30
2026-07-30T18:35:39,61,עיניים,בת עין,language,אנגלית,4
2026-07-30T18:35:39,61,עיניים,בת עין,language,עברית,6
2026-07-30T18:35:39,61,עיניים,בת עין,language,ערבית,6
2026-07-30T18:35:39,61,עיניים,בת עין,language,צרפתית,1
2026-07-30T18:35:39,61,עיניים,בת עין,language,רומנית,1
2026-07-30T18:35:47,61,עיניים,גבולות,gender,גבר,44
2026-07-30T18:35:47,61,עיניים,גבולות,gender,אישה,6
2026-07-30T18:35:47,61,עיניים,גבולות,visit_type,ביקור במרפאה,51
2026-07-30T18:35:47,61,עיניים,גבולות,visit_type,שיחת טלפון,1
2026-07-30T18:35:47,61,עיניים,גבולות,language,איטלקית,1
2026-07-30T18:35:47,61,עיניים,גבולות,language,אנגלית,2
2026-07-30T18:35:47,61,עיניים,גבולות,language,עברית,5
2026-07-30T18:35:47,61,עיניים,גבולות,language,רוסית,5
2026-07-30T18:35:59,61,עיניים,גדות,gender,גבר,62
2026-07-30T18:35:59,61,עיניים,גדות,gender,אישה,12
2026-07-30T18:35:59,61,עיניים,גדות,visit_type,ביקור במרפאה,79
2026-07-30T18:35:59,61,עיניים,גדות,language,אנגלית,19
2026-07-30T18:35:59,61,עיניים,גדות,language,עברית,27
2026-07-30T18:35:59,61,עיניים,גדות,language,ערבית,17
2026-07-30T18:35:59,61,עיניים,גדות,language,רוסית,4
2026-07-30T18:36:11,61,עיניים,גיבתון,gender,גבר,14
2026-07-30T18:36:11,61,עיניים,גיבתון,gender,אישה,16
2026-07-30T18:36:11,61,עיניים,גיבתון,visit_type,ביקור במרפאה,36
2026-07-30T18:36:11,61,עיניים,גיבתון,language,אנגלית,9
2026-07-30T18:36:11,61,עיניים,גיבתון,language,הונגרית,1
2026-07-30T18:36:11,61,עיניים,גיבתון,language,עברית,9
2026-07-30T18:36:11,61,עיניים,גיבתון,language,ערבית,2
2026-07-30T18:36:11,61,עיניים,גיבתון,language,רומנית,3
2026-07-30T18:36:11,61,עיניים,גיבתון,language,רוסית,5
2026-07-30T18:36:17,61,עיניים,גלגל,gender,אישה,13
2026-07-30T18:36:17,61,עיניים,גלגל,gender,גבר,17
2026-07-30T18:36:17,61,עיניים,גלגל,visit_type,ביקור במרפאה,30
2026-07-30T18:36:17,61,עיניים,גלגל,language,אנגלית,4
2026-07-30T18:36:17,61,עיניים,גלגל,language,עברית,6
2026-07-30T18:36:17,61,עיניים,גלגל,language,ערבית,6
2026-07-30T18:36:17,61,עיניים,גלגל,language,צרפתית,1
2026-07-30T18:36:17,61,עיניים,גלגל,language,רומנית,1
2026-07-30T18:36:24,61,עיניים,גני עם,gender,גבר,38
2026-07-30T18:36:24,61,עיניים,גני עם,gender,אישה,15
2026-07-30T18:36:24,61,עיניים,גני עם,visit_type,ביקור במרפאה,58
2026-07-30T18:36:24,61,עיניים,גני עם,language,אידיש,1
2026-07-30T18:36:24,61,עיניים,גני עם,language,איטלקית,1
2026-07-30T18:36:24,61,עיניים,גני עם,language,אנגלית,26
2026-07-30T18:36:24,61,עיניים,גני עם,language,גרוזינית,2
2026-07-30T18:36:24,61,עיניים,גני עם,language,ספרדית,1
2026-07-30T18:36:24,61,עיניים,גני עם,language,עברית,53
2026-07-30T18:36:24,61,עיניים,גני עם,language,ערבית,5
2026-07-30T18:36:24,61,עיניים,גני עם,language,פולנית,1
2026-07-30T18:36:24,61,עיניים,גני עם,language,צרפתית,1
2026-07-30T18:36:24,61,עיניים,גני עם,language,רומנית,2
2026-07-30T18:36:24,61,עיניים,גני עם,language,רוסית,13
2026-07-30T18:36:34,61,עיניים,גת רימון,gender,גבר,38
2026-07-30T18:36:34,61,עיניים,גת רימון,gender,אישה,15
2026-07-30T18:36:34,61,עיניים,גת רימון,visit_type,ביקור במרפאה,58
2026-07-30T18:36:34,61,עיניים,גת רימון,language,אידיש,1
2026-07-30T18:36:34,61,עיניים,גת רימון,language,איטלקית,1
2026-07-30T18:36:34,61,עיניים,גת רימון,language,אנגלית,26
2026-07-30T18:36:34,61,עיניים,גת רימון,language,גרוזינית,2
2026-07-30T18:36:34,61,עיניים,גת רימון,language,ספרדית,1
2026-07-30T18:36:34,61,עיניים,גת רימון,language,עברית,53
2026-07-30T18:36:34,61,עיניים,גת רימון,language,ערבית,5
2026-07-30T18:36:34,61,עיניים,גת רימון,language,פולנית,1
2026-07-30T18:36:34,61,עיניים,גת רימון,language,צרפתית,1
2026-07-30T18:36:34,61,עיניים,גת רימון,language,רומנית,2
2026-07-30T18:36:34,61,עיניים,גת רימון,language,רוסית,13
2026-07-30T18:36:45,61,עיניים,דוב''ב,gender,גבר,62
2026-07-30T18:36:45,61,עיניים,דוב''ב,gender,אישה,12
2026-07-30T18:36:45,61,עיניים,דוב''ב,visit_type,ביקור במרפאה,79
2026-07-30T18:36:45,61,עיניים,דוב''ב,language,אנגלית,19
2026-07-30T18:36:45,61,עיניים,דוב''ב,language,עברית,27
2026-07-30T18:36:45,61,עיניים,דוב''ב,language,ערבית,17
2026-07-30T18:36:45,61,עיניים,דוב''ב,language,רוסית,4
2026-07-30T18:36:59,61,עיניים,דייר חנא,gender,גבר,56
2026-07-30T18:36:59,61,עיניים,דייר חנא,gender,אישה,17
2026-07-30T18:36:59,61,עיניים,דייר חנא,visit_type,ביקור במרפאה,77
2026-07-30T18:36:59,61,עיניים,דייר חנא,visit_type,שיחת טלפון,1
2026-07-30T18:36:59,61,עיניים,דייר חנא,language,אוקראינית,1
2026-07-30T18:36:59,61,עיניים,דייר חנא,language,אידיש,1
2026-07-30T18:36:59,61,עיניים,דייר חנא,language,אנגלית,47
2026-07-30T18:36:59,61,עיניים,דייר חנא,language,בולגרית,7
2026-07-30T18:36:59,61,עיניים,דייר חנא,language,גרמנית,1
2026-07-30T18:36:59,61,עיניים,דייר חנא,language,עברית,71
2026-07-30T18:36:59,61,עיניים,דייר חנא,language,ערבית,48
2026-07-30T18:36:59,61,עיניים,דייר חנא,language,צרפתית,1
2026-07-30T18:36:59,61,עיניים,דייר חנא,language,רומנית,14
2026-07-30T18:36:59,61,עיניים,דייר חנא,language,רוסית,18
2026-07-30T18:37:13,61,עיניים,דלתון,gender,גבר,62
2026-07-30T18:37:13,61,עיניים,דלתון,gender,אישה,12
2026-07-30T18:37:13,61,עיניים,דלתון,visit_type,ביקור במרפאה,79
2026-07-30T18:37:13,61,עיניים,דלתון,language,אנגלית,19
2026-07-30T18:37:13,61,עיניים,דלתון,language,עברית,27
2026-07-30T18:37:13,61,עיניים,דלתון,language,ערבית,17
2026-07-30T18:37:13,61,עיניים,דלתון,language,רוסית,4
2026-07-30T18:37:26,61,עיניים,הדר עם,gender,גבר,54
2026-07-30T18:37:26,61,עיניים,הדר עם,gender,אישה,14
2026-07-30T18:37:26,61,עיניים,הדר עם,visit_type,ביקור במרפאה,70
2026-07-30T18:37:26,61,עיניים,הדר עם,visit_type,שיחת טלפון,1
2026-07-30T18:37:26,61,עיניים,הדר עם,language,אידיש,2
2026-07-30T18:37:26,61,עיניים,הדר עם,language,איטלקית,1
2026-07-30T18:37:26,61,עיניים,הדר עם,language,אנגלית,10
2026-07-30T18:37:26,61,עיניים,הדר עם,language,ספרדית,3
2026-07-30T18:37:26,61,עיניים,הדר עם,language,עברית,13
2026-07-30T18:37:26,61,עיניים,הדר עם,language,ערבית,2
2026-07-30T18:37:26,61,עיניים,הדר עם,language,צרפתית,2
2026-07-30T18:37:26,61,עיניים,הדר עם,language,רוסית,1
2026-07-30T18:37:39,61,עיניים,היוגב,gender,גבר,104
2026-07-30T18:37:39,61,עיניים,היוגב,gender,אישה,16
2026-07-30T18:37:39,61,עיניים,היוגב,visit_type,ביקור במרפאה,125
2026-07-30T18:37:39,61,עיניים,היוגב,visit_type,שיחת טלפון,1
2026-07-30T18:37:39,61,עיניים,היוגב,language,אידיש,1
2026-07-30T18:37:39,61,עיניים,היוגב,language,איטלקית,1
2026-07-30T18:37:39,61,עיניים,היוגב,language,אנגלית,31
2026-07-30T18:37:39,61,עיניים,היוגב,language,גרמנית,1
2026-07-30T18:37:39,61,עיניים,היוגב,language,ספרדית,1
2026-07-30T18:37:39,61,עיניים,היוגב,language,עברית,44
2026-07-30T18:37:39,61,עיניים,היוגב,language,ערבית,25
2026-07-30T18:37:39,61,עיניים,היוגב,language,פולנית,1
2026-07-30T18:37:39,61,עיניים,היוגב,language,פרסית,1
2026-07-30T18:37:39,61,עיניים,היוגב,language,צרפתית,1
2026-07-30T18:37:39,61,עיניים,היוגב,language,רומנית,1
2026-07-30T18:37:39,61,עיניים,היוגב,language,רוסית,5
2026-07-30T18:37:58,61,עיניים,הרדוף,gender,גבר,78
2026-07-30T18:37:58,61,עיניים,הרדוף,gender,אישה,38
2026-07-30T18:37:58,61,עיניים,הרדוף,visit_type,ביקור במרפאה,122
2026-07-30T18:37:58,61,עיניים,הרדוף,visit_type,שיחת טלפון,2
2026-07-30T18:37:58,61,עיניים,הרדוף,language,אוקראינית,1
2026-07-30T18:37:58,61,עיניים,הרדוף,language,אידיש,4
2026-07-30T18:37:58,61,עיניים,הרדוף,language,איטלקית,2
2026-07-30T18:37:58,61,עיניים,הרדוף,language,אנגלית,47
2026-07-30T18:37:58,61,עיניים,הרדוף,language,בולגרית,1
2026-07-30T18:37:58,61,עיניים,הרדוף,language,גרמנית,2
2026-07-30T18:37:58,61,עיניים,הרדוף,language,הונגרית,1
2026-07-30T18:37:58,61,עיניים,הרדוף,language,ספרדית,2
2026-07-30T18:37:58,61,עיניים,הרדוף,language,עברית,69
2026-07-30T18:37:58,61,עיניים,הרדוף,language,ערבית,24
2026-07-30T18:37:58,61,עיניים,הרדוף,language,פולנית,1
2026-07-30T18:37:58,61,עיניים,הרדוף,language,פרסית,1
2026-07-30T18:37:58,61,עיניים,הרדוף,language,צרפתית,3
2026-07-30T18:37:58,61,עיניים,הרדוף,language,רומנית,1
2026-07-30T18:37:58,61,עיניים,הרדוף,language,רוסית,21
2026-07-30T18:38:20,61,עיניים,זבדיאל,gender,גבר,36
2026-07-30T18:38:20,61,עיניים,זבדיאל,gender,אישה,13
2026-07-30T18:38:20,61,עיניים,זבדיאל,visit_type,ביקור במרפאה,51
2026-07-30T18:38:20,61,עיניים,זבדיאל,visit_type,שיחת טלפון,1
2026-07-30T18:38:20,61,עיניים,זבדיאל,language,איטלקית,2
2026-07-30T18:38:20,61,עיניים,זבדיאל,language,אנגלית,3
2026-07-30T18:38:20,61,עיניים,זבדיאל,language,ספרדית,1
2026-07-30T18:38:20,61,עיניים,זבדיאל,language,עברית,5
2026-07-30T18:38:20,61,עיניים,זבדיאל,language,צרפתית,1
2026-07-30T18:38:20,61,עיניים,זבדיאל,language,רומנית,1
2026-07-30T18:38:20,61,עיניים,זבדיאל,language,רוסית,4
2026-07-30T18:38:31,61,עיניים,זכריה,gender,אישה,13
2026-07-30T18:38:31,61,עיניים,זכריה,gender,גבר,17
2026-07-30T18:38:31,61,עיניים,זכריה,visit_type,ביקור במרפאה,30
2026-07-30T18:38:31,61,עיניים,זכריה,language,אנגלית,4
2026-07-30T18:38:31,61,עיניים,זכריה,language,עברית,6
2026-07-30T18:38:31,61,עיניים,זכריה,language,ערבית,6
2026-07-30T18:38:31,61,עיניים,זכריה,language,צרפתית,1
2026-07-30T18:38:31,61,עיניים,זכריה,language,רומנית,1
2026-07-30T18:38:38,61,עיניים,חארס,gender,גבר,38
2026-07-30T18:38:38,61,עיניים,חארס,gender,אישה,15
2026-07-30T18:38:38,61,עיניים,חארס,visit_type,ביקור במרפאה,58
2026-07-30T18:38:38,61,עיניים,חארס,language,אידיש,1
2026-07-30T18:38:38,61,עיניים,חארס,language,איטלקית,1
2026-07-30T18:38:38,61,עיניים,חארס,language,אנגלית,26
2026-07-30T18:38:38,61,עיניים,חארס,language,גרוזינית,2
2026-07-30T18:38:38,61,עיניים,חארס,language,ספרדית,1
2026-07-30T18:38:38,61,עיניים,חארס,language,עברית,53
2026-07-30T18:38:38,61,עיניים,חארס,language,ערבית,5
2026-07-30T18:38:38,61,עיניים,חארס,language,פולנית,1
2026-07-30T18:38:38,61,עיניים,חארס,language,צרפתית,1
2026-07-30T18:38:38,61,עיניים,חארס,language,רומנית,2
2026-07-30T18:38:38,61,עיניים,חארס,language,רוסית,13
2026-07-30T18:38:47,61,עיניים,חדיד,gender,אישה,15
2026-07-30T18:38:47,61,עיניים,חדיד,gender,גבר,22
2026-07-30T18:38:47,61,עיניים,חדיד,visit_type,ביקור במרפאה,41
2026-07-30T18:38:47,61,עיניים,חדיד,language,אנגלית,6
2026-07-30T18:38:47,61,עיניים,חדיד,language,הונגרית,1
2026-07-30T18:38:47,61,עיניים,חדיד,language,עברית,6
2026-07-30T18:38:47,61,עיניים,חדיד,language,ערבית,1
2026-07-30T18:38:47,61,עיניים,חדיד,language,צרפתית,1
2026-07-30T18:38:47,61,עיניים,חדיד,language,רומנית,1
2026-07-30T18:38:47,61,עיניים,חדיד,language,רוסית,1
2026-07-30T18:38:55,61,עיניים,חופית,gender,גבר,54
2026-07-30T18:38:55,61,עיניים,חופית,gender,אישה,14
2026-07-30T18:38:55,61,עיניים,חופית,visit_type,ביקור במרפאה,70
2026-07-30T18:38:55,61,עיניים,חופית,visit_type,שיחת טלפון,1
2026-07-30T18:38:55,61,עיניים,חופית,language,אידיש,2
2026-07-30T18:38:55,61,עיניים,חופית,language,איטלקית,1
2026-07-30T18:38:55,61,עיניים,חופית,language,אנגלית,10
2026-07-30T18:38:55,61,עיניים,חופית,language,ספרדית,3
2026-07-30T18:38:55,61,עיניים,חופית,language,עברית,13
2026-07-30T18:38:55,61,עיניים,חופית,language,ערבית,2
2026-07-30T18:38:55,61,עיניים,חופית,language,צרפתית,2
2026-07-30T18:38:55,61,עיניים,חופית,language,רוסית,1
2026-07-30T18:39:09,61,עיניים,חמאם,gender,גבר,62
2026-07-30T18:39:09,61,עיניים,חמאם,gender,אישה,12
2026-07-30T18:39:09,61,עיניים,חמאם,visit_type,ביקור במרפאה,79
2026-07-30T18:39:09,61,עיניים,חמאם,language,אנגלית,19
2026-07-30T18:39:09,61,עיניים,חמאם,language,עברית,27
2026-07-30T18:39:09,61,עיניים,חמאם,language,ערבית,17
2026-07-30T18:39:09,61,עיניים,חמאם,language,רוסית,4
2026-07-30T18:39:23,61,עיניים,חפצי בה,gender,גבר,104
2026-07-30T18:39:23,61,עיניים,חפצי בה,gender,אישה,16
2026-07-30T18:39:23,61,עיניים,חפצי בה,visit_type,ביקור במרפאה,125
2026-07-30T18:39:23,61,עיניים,חפצי בה,visit_type,שיחת טלפון,1
2026-07-30T18:39:23,61,עיניים,חפצי בה,language,אידיש,1
2026-07-30T18:39:23,61,עיניים,חפצי בה,language,איטלקית,1
2026-07-30T18:39:23,61,עיניים,חפצי בה,language,אנגלית,31
2026-07-30T18:39:23,61,עיניים,חפצי בה,language,גרמנית,1
2026-07-30T18:39:23,61,עיניים,חפצי בה,language,ספרדית,1
2026-07-30T18:39:23,61,עיניים,חפצי בה,language,עברית,44
2026-07-30T18:39:23,61,עיניים,חפצי בה,language,ערבית,25
2026-07-30T18:39:23,61,עיניים,חפצי בה,language,פולנית,1
2026-07-30T18:39:23,61,עיניים,חפצי בה,language,פרסית,1
2026-07-30T18:39:23,61,עיניים,חפצי בה,language,צרפתית,1
2026-07-30T18:39:23,61,עיניים,חפצי בה,language,רומנית,1
2026-07-30T18:39:23,61,עיניים,חפצי בה,language,רוסית,5
2026-07-30T18:39:42,61,עיניים,חרמש,gender,גבר,78
2026-07-30T18:39:42,61,עיניים,חרמש,gender,אישה,23
2026-07-30T18:39:42,61,עיניים,חרמש,visit_type,ביקור במרפאה,105
2026-07-30T18:39:42,61,עיניים,חרמש,visit_type,שיחת טלפון,1
2026-07-30T18:39:42,61,עיניים,חרמש,language,אידיש,2
2026-07-30T18:39:42,61,עיניים,חרמש,language,איטלקית,2
2026-07-30T18:39:42,61,עיניים,חרמש,language,אנגלית,21
2026-07-30T18:39:42,61,עיניים,חרמש,language,גרמנית,1
2026-07-30T18:39:42,61,עיניים,חרמש,language,ספרדית,3
2026-07-30T18:39:42,61,עיניים,חרמש,language,עברית,29
2026-07-30T18:39:42,61,עיניים,חרמש,language,ערבית,10
2026-07-30T18:39:42,61,עיניים,חרמש,language,פולנית,1
2026-07-30T18:39:42,61,עיניים,חרמש,language,פרסית,1
2026-07-30T18:39:42,61,עיניים,חרמש,language,צרפתית,2
2026-07-30T18:39:42,61,עיניים,חרמש,language,רומנית,1
2026-07-30T18:39:42,61,עיניים,חרמש,language,רוסית,4
2026-07-30T18:39:58,61,עיניים,טייבה ליד עפרה,gender,אישה,13
2026-07-30T18:39:58,61,עיניים,טייבה ליד עפרה,gender,גבר,17
2026-07-30T18:39:58,61,עיניים,טייבה ליד עפרה,visit_type,ביקור במרפאה,30
2026-07-30T18:39:58,61,עיניים,טייבה ליד עפרה,language,אנגלית,4
2026-07-30T18:39:58,61,עיניים,טייבה ליד עפרה,language,עברית,6
2026-07-30T18:39:58,61,עיניים,טייבה ליד עפרה,language,ערבית,6
2026-07-30T18:39:58,61,עיניים,טייבה ליד עפרה,language,צרפתית,1
2026-07-30T18:39:58,61,עיניים,טייבה ליד עפרה,language,רומנית,1
2026-07-30T18:40:04,61,עיניים,טלמון,gender,אישה,13
2026-07-30T18:40:04,61,עיניים,טלמון,gender,גבר,17
2026-07-30T18:40:04,61,עיניים,טלמון,visit_type,ביקור במרפאה,30
2026-07-30T18:40:04,61,עיניים,טלמון,language,אנגלית,4
2026-07-30T18:40:04,61,עיניים,טלמון,language,עברית,6
2026-07-30T18:40:04,61,עיניים,טלמון,language,ערבית,6
2026-07-30T18:40:04,61,עיניים,טלמון,language,צרפתית,1
2026-07-30T18:40:04,61,עיניים,טלמון,language,רומנית,1
2026-07-30T18:40:10,61,עיניים,יאסיד,gender,גבר,54
2026-07-30T18:40:10,61,עיניים,יאסיד,gender,אישה,14
2026-07-30T18:40:10,61,עיניים,יאסיד,visit_type,ביקור במרפאה,70
2026-07-30T18:40:10,61,עיניים,יאסיד,visit_type,שיחת טלפון,1
2026-07-30T18:40:10,61,עיניים,יאסיד,language,אידיש,2
2026-07-30T18:40:10,61,עיניים,יאסיד,language,איטלקית,1
2026-07-30T18:40:10,61,עיניים,יאסיד,language,אנגלית,10
2026-07-30T18:40:10,61,עיניים,יאסיד,language,ספרדית,3
2026-07-30T18:40:10,61,עיניים,יאסיד,language,עברית,13
2026-07-30T18:40:10,61,עיניים,יאסיד,language,ערבית,2
2026-07-30T18:40:10,61,עיניים,יאסיד,language,צרפתית,2
2026-07-30T18:40:10,61,עיניים,יאסיד,language,רוסית,1
2026-07-30T18:40:23,61,עיניים,יד חנה,gender,גבר,54
2026-07-30T18:40:23,61,עיניים,יד חנה,gender,אישה,14
2026-07-30T18:40:23,61,עיניים,יד חנה,visit_type,ביקור במרפאה,70
2026-07-30T18:40:23,61,עיניים,יד חנה,visit_type,שיחת טלפון,1
2026-07-30T18:40:23,61,עיניים,יד חנה,language,אידיש,2
2026-07-30T18:40:23,61,עיניים,יד חנה,language,איטלקית,1
2026-07-30T18:40:23,61,עיניים,יד חנה,language,אנגלית,10
2026-07-30T18:40:23,61,עיניים,יד חנה,language,ספרדית,3
2026-07-30T18:40:23,61,עיניים,יד חנה,language,עברית,13
2026-07-30T18:40:23,61,עיניים,יד חנה,language,ערבית,2
2026-07-30T18:40:23,61,עיניים,יד חנה,language,צרפתית,2
2026-07-30T18:40:23,61,עיניים,יד חנה,language,רוסית,1
2026-07-30T18:40:37,61,עיניים,יונתן,gender,גבר,62
2026-07-30T18:40:37,61,עיניים,יונתן,gender,אישה,12
2026-07-30T18:40:37,61,עיניים,יונתן,visit_type,ביקור במרפאה,79
2026-07-30T18:40:37,61,עיניים,יונתן,language,אנגלית,19
2026-07-30T18:40:37,61,עיניים,יונתן,language,עברית,27
2026-07-30T18:40:37,61,עיניים,יונתן,language,ערבית,17
2026-07-30T18:40:37,61,עיניים,יונתן,language,רוסית,4
2026-07-30T18:40:50,61,עיניים,יסוד המעלה,gender,גבר,62
2026-07-30T18:40:50,61,עיניים,יסוד המעלה,gender,אישה,12
2026-07-30T18:40:50,61,עיניים,יסוד המעלה,visit_type,ביקור במרפאה,79
2026-07-30T18:40:50,61,עיניים,יסוד המעלה,language,אנגלית,19
2026-07-30T18:40:50,61,עיניים,יסוד המעלה,language,עברית,27
2026-07-30T18:40:50,61,עיניים,יסוד המעלה,language,ערבית,17
2026-07-30T18:40:50,61,עיניים,יסוד המעלה,language,רוסית,4
2026-07-30T18:41:04,61,עיניים,יפעת,gender,גבר,104
2026-07-30T18:41:04,61,עיניים,יפעת,gender,אישה,16
2026-07-30T18:41:04,61,עיניים,יפעת,visit_type,ביקור במרפאה,125
2026-07-30T18:41:04,61,עיניים,יפעת,visit_type,שיחת טלפון,1
2026-07-30T18:41:04,61,עיניים,יפעת,language,אידיש,1
2026-07-30T18:41:04,61,עיניים,יפעת,language,איטלקית,1
2026-07-30T18:41:04,61,עיניים,יפעת,language,אנגלית,31
2026-07-30T18:41:04,61,עיניים,יפעת,language,גרמנית,1
2026-07-30T18:41:04,61,עיניים,יפעת,language,ספרדית,1
2026-07-30T18:41:04,61,עיניים,יפעת,language,עברית,44
2026-07-30T18:41:04,61,עיניים,יפעת,language,ערבית,25
2026-07-30T18:41:04,61,עיניים,יפעת,language,פולנית,1
2026-07-30T18:41:04,61,עיניים,יפעת,language,פרסית,1
2026-07-30T18:41:04,61,עיניים,יפעת,language,צרפתית,1
2026-07-30T18:41:04,61,עיניים,יפעת,language,רומנית,1
2026-07-30T18:41:04,61,עיניים,יפעת,language,רוסית,5
2026-07-30T18:41:24,61,עיניים,ירוחם,gender,גבר,44
2026-07-30T18:41:24,61,עיניים,ירוחם,gender,אישה,6
2026-07-30T18:41:24,61,עיניים,ירוחם,visit_type,ביקור במרפאה,51
2026-07-30T18:41:24,61,עיניים,ירוחם,visit_type,שיחת טלפון,1
2026-07-30T18:41:24,61,עיניים,ירוחם,language,איטלקית,1
2026-07-30T18:41:24,61,עיניים,ירוחם,language,אנגלית,2
2026-07-30T18:41:24,61,עיניים,ירוחם,language,עברית,5
2026-07-30T18:41:24,61,עיניים,ירוחם,language,רוסית,5
2026-07-30T18:41:39,61,עיניים,יתיר,gender,גבר,56
2026-07-30T18:41:39,61,עיניים,יתיר,gender,אישה,13
2026-07-30T18:41:39,61,עיניים,יתיר,visit_type,ביקור במרפאה,71
2026-07-30T18:41:39,61,עיניים,יתיר,visit_type,שיחת טלפון,1
2026-07-30T18:41:39,61,עיניים,יתיר,language,איטלקית,2
2026-07-30T18:41:39,61,עיניים,יתיר,language,אנגלית,3
2026-07-30T18:41:39,61,עיניים,יתיר,language,ספרדית,1
2026-07-30T18:41:39,61,עיניים,יתיר,language,עברית,6
2026-07-30T18:41:39,61,עיניים,יתיר,language,צרפתית,1
2026-07-30T18:41:39,61,עיניים,יתיר,language,רומנית,1
2026-07-30T18:41:39,61,עיניים,יתיר,language,רוסית,5
2026-07-30T18:41:53,61,עיניים,כוכב יעקב,gender,אישה,13
2026-07-30T18:41:53,61,עיניים,כוכב יעקב,gender,גבר,17
2026-07-30T18:41:53,61,עיניים,כוכב יעקב,visit_type,ביקור במרפאה,30
2026-07-30T18:41:53,61,עיניים,כוכב יעקב,language,אנגלית,4
2026-07-30T18:41:53,61,עיניים,כוכב יעקב,language,עברית,6
2026-07-30T18:41:53,61,עיניים,כוכב יעקב,language,ערבית,6
2026-07-30T18:41:53,61,עיניים,כוכב יעקב,language,צרפתית,1
2026-07-30T18:41:53,61,עיניים,כוכב יעקב,language,רומנית,1
2026-07-30T18:42:01,61,עיניים,כיסרא סומיע,gender,גבר,47
2026-07-30T18:42:01,61,עיניים,כיסרא סומיע,gender,אישה,6
2026-07-30T18:42:01,61,עיניים,כיסרא סומיע,visit_type,ביקור במרפאה,54
2026-07-30T18:42:01,61,עיניים,כיסרא סומיע,visit_type,שיחת טלפון,1
2026-07-30T18:42:01,61,עיניים,כיסרא סומיע,language,אנגלית,37
2026-07-30T18:42:01,61,עיניים,כיסרא סומיע,language,בולגרית,7
2026-07-30T18:42:01,61,עיניים,כיסרא סומיע,language,גרמנית,1
2026-07-30T18:42:01,61,עיניים,כיסרא סומיע,language,עברית,52
2026-07-30T18:42:01,61,עיניים,כיסרא סומיע,language,ערבית,41
2026-07-30T18:42:01,61,עיניים,כיסרא סומיע,language,רומנית,14
2026-07-30T18:42:01,61,עיניים,כיסרא סומיע,language,רוסית,8
2026-07-30T18:42:11,61,עיניים,כנף,gender,גבר,62
2026-07-30T18:42:11,61,עיניים,כנף,gender,אישה,12
2026-07-30T18:42:11,61,עיניים,כנף,visit_type,ביקור במרפאה,79
2026-07-30T18:42:11,61,עיניים,כנף,language,אנגלית,19
2026-07-30T18:42:11,61,עיניים,כנף,language,עברית,27
2026-07-30T18:42:11,61,עיניים,כנף,language,ערבית,17
2026-07-30T18:42:11,61,עיניים,כנף,language,רוסית,4
2026-07-30T18:42:25,61,עיניים,כפר ביאליק,gender,גבר,55
2026-07-30T18:42:25,61,עיניים,כפר ביאליק,gender,אישה,31
2026-07-30T18:42:25,61,עיניים,כפר ביאליק,visit_type,ביקור במרפאה,91
2026-07-30T18:42:25,61,עיניים,כפר ביאליק,visit_type,שיחת טלפון,1
2026-07-30T18:42:25,61,עיניים,כפר ביאליק,language,אוקראינית,1
2026-07-30T18:42:25,61,עיניים,כפר ביאליק,language,אידיש,3
2026-07-30T18:42:25,61,עיניים,כפר ביאליק,language,איטלקית,2
2026-07-30T18:42:25,61,עיניים,כפר ביאליק,language,אנגלית,57
2026-07-30T18:42:25,61,עיניים,כפר ביאליק,language,בולגרית,4
2026-07-30T18:42:25,61,עיניים,כפר ביאליק,language,גרמנית,2
2026-07-30T18:42:25,61,עיניים,כפר ביאליק,language,הונגרית,1
2026-07-30T18:42:25,61,עיניים,כפר ביאליק,language,ספרדית,1
2026-07-30T18:42:25,61,עיניים,כפר ביאליק,language,עברית,84
2026-07-30T18:42:25,61,עיניים,כפר ביאליק,language,ערבית,41
2026-07-30T18:42:25,61,עיניים,כפר ביאליק,language,פולנית,1
2026-07-30T18:42:25,61,עיניים,כפר ביאליק,language,פרסית,1
2026-07-30T18:42:25,61,עיניים,כפר ביאליק,language,צרפתית,2
2026-07-30T18:42:25,61,עיניים,כפר ביאליק,language,רומנית,12
2026-07-30T18:42:25,61,עיניים,כפר ביאליק,language,רוסית,22
2026-07-30T18:42:43,61,עיניים,כרם מהר''ל,gender,גבר,78
2026-07-30T18:42:43,61,עיניים,כרם מהר''ל,gender,אישה,38
2026-07-30T18:42:43,61,עיניים,כרם מהר''ל,visit_type,ביקור במרפאה,122
2026-07-30T18:42:43,61,עיניים,כרם מהר''ל,visit_type,שיחת טלפון,2
2026-07-30T18:42:43,61,עיניים,כרם מהר''ל,language,אוקראינית,1
2026-07-30T18:42:43,61,עיניים,כרם מהר''ל,language,אידיש,4
2026-07-30T18:42:43,61,עיניים,כרם מהר''ל,language,איטלקית,2
2026-07-30T18:42:43,61,עיניים,כרם מהר''ל,language,אנגלית,47
2026-07-30T18:42:43,61,עיניים,כרם מהר''ל,language,בולגרית,1
2026-07-30T18:42:43,61,עיניים,כרם מהר''ל,language,גרמנית,2
2026-07-30T18:42:43,61,עיניים,כרם מהר''ל,language,הונגרית,1
2026-07-30T18:42:43,61,עיניים,כרם מהר''ל,language,ספרדית,2
2026-07-30T18:42:43,61,עיניים,כרם מהר''ל,language,עברית,69
2026-07-30T18:42:43,61,עיניים,כרם מהר''ל,language,ערבית,24
2026-07-30T18:42:43,61,עיניים,כרם מהר''ל,language,פולנית,1
2026-07-30T18:42:43,61,עיניים,כרם מהר''ל,language,פרסית,1
2026-07-30T18:42:43,61,עיניים,כרם מהר''ל,language,צרפתית,3
2026-07-30T18:42:43,61,עיניים,כרם מהר''ל,language,רומנית,1
2026-07-30T18:42:43,61,עיניים,כרם מהר''ל,language,רוסית,21
2026-07-30T18:43:03,61,עיניים,להבות הבשן,gender,גבר,62
2026-07-30T18:43:03,61,עיניים,להבות הבשן,gender,אישה,12
2026-07-30T18:43:03,61,עיניים,להבות הבשן,visit_type,ביקור במרפאה,79
2026-07-30T18:43:03,61,עיניים,להבות הבשן,language,אנגלית,19
2026-07-30T18:43:03,61,עיניים,להבות הבשן,language,עברית,27
2026-07-30T18:43:03,61,עיניים,להבות הבשן,language,ערבית,17
2026-07-30T18:43:03,61,עיניים,להבות הבשן,language,רוסית,4
2026-07-30T18:43:18,61,עיניים,לכיש,gender,גבר,36
2026-07-30T18:43:18,61,עיניים,לכיש,gender,אישה,13
2026-07-30T18:43:18,61,עיניים,לכיש,visit_type,ביקור במרפאה,51
2026-07-30T18:43:18,61,עיניים,לכיש,visit_type,שיחת טלפון,1
2026-07-30T18:43:18,61,עיניים,לכיש,language,איטלקית,2
2026-07-30T18:43:18,61,עיניים,לכיש,language,אנגלית,3
2026-07-30T18:43:18,61,עיניים,לכיש,language,ספרדית,1
2026-07-30T18:43:18,61,עיניים,לכיש,language,עברית,5
2026-07-30T18:43:18,61,עיניים,לכיש,language,צרפתית,1
2026-07-30T18:43:18,61,עיניים,לכיש,language,רומנית,1
2026-07-30T18:43:18,61,עיניים,לכיש,language,רוסית,4
2026-07-30T18:43:29,61,עיניים,מבוא מודיעים,gender,אישה,15
2026-07-30T18:43:29,61,עיניים,מבוא מודיעים,gender,גבר,22
2026-07-30T18:43:29,61,עיניים,מבוא מודיעים,visit_type,ביקור במרפאה,41
2026-07-30T18:43:29,61,עיניים,מבוא מודיעים,language,אנגלית,6
2026-07-30T18:43:29,61,עיניים,מבוא מודיעים,language,הונגרית,1
2026-07-30T18:43:29,61,עיניים,מבוא מודיעים,language,עברית,6
2026-07-30T18:43:29,61,עיניים,מבוא מודיעים,language,ערבית,1
2026-07-30T18:43:29,61,עיניים,מבוא מודיעים,language,צרפתית,1
2026-07-30T18:43:29,61,עיניים,מבוא מודיעים,language,רומנית,1
2026-07-30T18:43:29,61,עיניים,מבוא מודיעים,language,רוסית,1
2026-07-30T18:43:37,61,עיניים,מגאר,gender,גבר,62
2026-07-30T18:43:37,61,עיניים,מגאר,gender,אישה,12
2026-07-30T18:43:37,61,עיניים,מגאר,visit_type,ביקור במרפאה,79
2026-07-30T18:43:37,61,עיניים,מגאר,language,אנגלית,19
2026-07-30T18:43:37,61,עיניים,מגאר,language,עברית,27
2026-07-30T18:43:37,61,עיניים,מגאר,language,ערבית,17
2026-07-30T18:43:37,61,עיניים,מגאר,language,רוסית,4
2026-07-30T18:43:49,61,עיניים,מודיעין עילית,gender,גבר,24
2026-07-30T18:43:49,61,עיניים,מודיעין עילית,gender,אישה,15
2026-07-30T18:43:49,61,עיניים,מודיעין עילית,visit_type,ביקור במרפאה,43
2026-07-30T18:43:49,61,עיניים,מודיעין עילית,language,אנגלית,6
2026-07-30T18:43:49,61,עיניים,מודיעין עילית,language,הונגרית,1
2026-07-30T18:43:49,61,עיניים,מודיעין עילית,language,עברית,6
2026-07-30T18:43:49,61,עיניים,מודיעין עילית,language,ערבית,1
2026-07-30T18:43:49,61,עיניים,מודיעין עילית,language,צרפתית,1
2026-07-30T18:43:49,61,עיניים,מודיעין עילית,language,רומנית,1
2026-07-30T18:43:49,61,עיניים,מודיעין עילית,language,רוסית,1
2026-07-30T18:43:59,61,עיניים,מזור,gender,גבר,46
2026-07-30T18:43:59,61,עיניים,מזור,gender,אישה,23
2026-07-30T18:43:59,61,עיניים,מזור,visit_type,ביקור במרפאה,75
2026-07-30T18:43:59,61,עיניים,מזור,language,אידיש,2
2026-07-30T18:43:59,61,עיניים,מזור,language,איטלקית,2
2026-07-30T18:43:59,61,עיניים,מזור,language,אנגלית,30
2026-07-30T18:43:59,61,עיניים,מזור,language,גרוזינית,2
2026-07-30T18:43:59,61,עיניים,מזור,language,ספרדית,3
2026-07-30T18:43:59,61,עיניים,מזור,language,עברית,57
2026-07-30T18:43:59,61,עיניים,מזור,language,ערבית,5
2026-07-30T18:43:59,61,עיניים,מזור,language,פולנית,1
2026-07-30T18:43:59,61,עיניים,מזור,language,צרפתית,2
2026-07-30T18:43:59,61,עיניים,מזור,language,רומנית,2
2026-07-30T18:43:59,61,עיניים,מזור,language,רוסית,13
2026-07-30T18:44:11,61,עיניים,מטע,gender,אישה,13
2026-07-30T18:44:11,61,עיניים,מטע,gender,גבר,17
2026-07-30T18:44:11,61,עיניים,מטע,visit_type,ביקור במרפאה,30
2026-07-30T18:44:11,61,עיניים,מטע,language,אנגלית,4
2026-07-30T18:44:11,61,עיניים,מטע,language,עברית,6
2026-07-30T18:44:11,61,עיניים,מטע,language,ערבית,6
2026-07-30T18:44:11,61,עיניים,מטע,language,צרפתית,1
2026-07-30T18:44:11,61,עיניים,מטע,language,רומנית,1
2026-07-30T18:44:18,61,עיניים,מית'לון,gender,גבר,54
2026-07-30T18:44:18,61,עיניים,מית'לון,gender,אישה,14
2026-07-30T18:44:18,61,עיניים,מית'לון,visit_type,ביקור במרפאה,70
2026-07-30T18:44:18,61,עיניים,מית'לון,visit_type,שיחת טלפון,1
2026-07-30T18:44:18,61,עיניים,מית'לון,language,אידיש,2
2026-07-30T18:44:18,61,עיניים,מית'לון,language,איטלקית,1
2026-07-30T18:44:18,61,עיניים,מית'לון,language,אנגלית,10
2026-07-30T18:44:18,61,עיניים,מית'לון,language,ספרדית,3
2026-07-30T18:44:18,61,עיניים,מית'לון,language,עברית,13
2026-07-30T18:44:18,61,עיניים,מית'לון,language,ערבית,2
2026-07-30T18:44:18,61,עיניים,מית'לון,language,צרפתית,2
2026-07-30T18:44:18,61,עיניים,מית'לון,language,רוסית,1
2026-07-30T18:44:32,61,עיניים,מנוף,gender,גבר,56
2026-07-30T18:44:32,61,עיניים,מנוף,gender,אישה,17
2026-07-30T18:44:32,61,עיניים,מנוף,visit_type,ביקור במרפאה,77
2026-07-30T18:44:32,61,עיניים,מנוף,visit_type,שיחת טלפון,1
2026-07-30T18:44:32,61,עיניים,מנוף,language,אוקראינית,1
2026-07-30T18:44:32,61,עיניים,מנוף,language,אידיש,1
2026-07-30T18:44:32,61,עיניים,מנוף,language,אנגלית,47
2026-07-30T18:44:32,61,עיניים,מנוף,language,בולגרית,7
2026-07-30T18:44:32,61,עיניים,מנוף,language,גרמנית,1
2026-07-30T18:44:32,61,עיניים,מנוף,language,עברית,71
2026-07-30T18:44:32,61,עיניים,מנוף,language,ערבית,48
2026-07-30T18:44:32,61,עיניים,מנוף,language,צרפתית,1
2026-07-30T18:44:32,61,עיניים,מנוף,language,רומנית,14
2026-07-30T18:44:32,61,עיניים,מנוף,language,רוסית,18
2026-07-30T18:44:44,61,עיניים,מסילת ציון,gender,אישה,13
2026-07-30T18:44:44,61,עיניים,מסילת ציון,gender,גבר,17
2026-07-30T18:44:44,61,עיניים,מסילת ציון,visit_type,ביקור במרפאה,30
2026-07-30T18:44:44,61,עיניים,מסילת ציון,language,אנגלית,4
2026-07-30T18:44:44,61,עיניים,מסילת ציון,language,עברית,6
2026-07-30T18:44:44,61,עיניים,מסילת ציון,language,ערבית,6
2026-07-30T18:44:44,61,עיניים,מסילת ציון,language,צרפתית,1
2026-07-30T18:44:44,61,עיניים,מסילת ציון,language,רומנית,1
2026-07-30T18:44:50,61,עיניים,מעונה,gender,גבר,47
2026-07-30T18:44:50,61,עיניים,מעונה,gender,אישה,6
2026-07-30T18:44:50,61,עיניים,מעונה,visit_type,ביקור במרפאה,54
2026-07-30T18:44:50,61,עיניים,מעונה,visit_type,שיחת טלפון,1
2026-07-30T18:44:50,61,עיניים,מעונה,language,אנגלית,37
2026-07-30T18:44:50,61,עיניים,מעונה,language,בולגרית,7
2026-07-30T18:44:50,61,עיניים,מעונה,language,גרמנית,1
2026-07-30T18:44:50,61,עיניים,מעונה,language,עברית,52
2026-07-30T18:44:50,61,עיניים,מעונה,language,ערבית,41
2026-07-30T18:44:50,61,עיניים,מעונה,language,רומנית,14
2026-07-30T18:44:50,61,עיניים,מעונה,language,רוסית,8
2026-07-30T18:44:59,61,עיניים,מפעלי העמק,gender,גבר,62
2026-07-30T18:44:59,61,עיניים,מפעלי העמק,gender,אישה,12
2026-07-30T18:44:59,61,עיניים,מפעלי העמק,visit_type,ביקור במרפאה,79
2026-07-30T18:44:59,61,עיניים,מפעלי העמק,language,אנגלית,19
2026-07-30T18:44:59,61,עיניים,מפעלי העמק,language,עברית,27
2026-07-30T18:44:59,61,עיניים,מפעלי העמק,language,ערבית,17
2026-07-30T18:44:59,61,עיניים,מפעלי העמק,language,רוסית,4
2026-07-30T18:45:12,61,עיניים,מצפה אילן,gender,גבר,80
2026-07-30T18:45:12,61,עיניים,מצפה אילן,gender,אישה,24
2026-07-30T18:45:12,61,עיניים,מצפה אילן,visit_type,ביקור במרפאה,110
2026-07-30T18:45:12,61,עיניים,מצפה אילן,visit_type,שיחת טלפון,1
2026-07-30T18:45:12,61,עיניים,מצפה אילן,language,אידיש,2
2026-07-30T18:45:12,61,עיניים,מצפה אילן,language,איטלקית,1
2026-07-30T18:45:12,61,עיניים,מצפה אילן,language,אנגלית,24
2026-07-30T18:45:12,61,עיניים,מצפה אילן,language,גרוזינית,1
2026-07-30T18:45:12,61,עיניים,מצפה אילן,language,גרמנית,1
2026-07-30T18:45:12,61,עיניים,מצפה אילן,language,ספרדית,3
2026-07-30T18:45:12,61,עיניים,מצפה אילן,language,עברית,46
2026-07-30T18:45:12,61,עיניים,מצפה אילן,language,ערבית,5
2026-07-30T18:45:12,61,עיניים,מצפה אילן,language,צרפתית,5
2026-07-30T18:45:12,61,עיניים,מצפה אילן,language,רומנית,2
2026-07-30T18:45:12,61,עיניים,מצפה אילן,language,רוסית,9
2026-07-30T18:45:33,61,עיניים,מרחביה מושב,gender,גבר,104
2026-07-30T18:45:33,61,עיניים,מרחביה מושב,gender,אישה,16
2026-07-30T18:45:33,61,עיניים,מרחביה מושב,visit_type,ביקור במרפאה,125
2026-07-30T18:45:33,61,עיניים,מרחביה מושב,visit_type,שיחת טלפון,1
2026-07-30T18:45:33,61,עיניים,מרחביה מושב,language,אידיש,1
2026-07-30T18:45:33,61,עיניים,מרחביה מושב,language,איטלקית,1
2026-07-30T18:45:33,61,עיניים,מרחביה מושב,language,אנגלית,31
2026-07-30T18:45:33,61,עיניים,מרחביה מושב,language,גרמנית,1
2026-07-30T18:45:33,61,עיניים,מרחביה מושב,language,ספרדית,1
2026-07-30T18:45:33,61,עיניים,מרחביה מושב,language,עברית,44
2026-07-30T18:45:33,61,עיניים,מרחביה מושב,language,ערבית,25
2026-07-30T18:45:33,61,עיניים,מרחביה מושב,language,פולנית,1
2026-07-30T18:45:33,61,עיניים,מרחביה מושב,language,פרסית,1
2026-07-30T18:45:33,61,עיניים,מרחביה מושב,language,צרפתית,1
2026-07-30T18:45:33,61,עיניים,מרחביה מושב,language,רומנית,1
2026-07-30T18:45:33,61,עיניים,מרחביה מושב,language,רוסית,5
2026-07-30T18:45:52,61,עיניים,משואות יצחק,gender,גבר,14
2026-07-30T18:45:52,61,עיניים,משואות יצחק,gender,אישה,16
2026-07-30T18:45:52,61,עיניים,משואות יצחק,visit_type,ביקור במרפאה,36
2026-07-30T18:45:52,61,עיניים,משואות יצחק,language,אנגלית,9
2026-07-30T18:45:52,61,עיניים,משואות יצחק,language,הונגרית,1
2026-07-30T18:45:52,61,עיניים,משואות יצחק,language,עברית,9
2026-07-30T18:45:52,61,עיניים,משואות יצחק,language,ערבית,2
2026-07-30T18:45:52,61,עיניים,משואות יצחק,language,רומנית,3
2026-07-30T18:45:52,61,עיניים,משואות יצחק,language,רוסית,5
2026-07-30T18:46:01,61,עיניים,נאות חובב,gender,גבר,56
2026-07-30T18:46:01,61,עיניים,נאות חובב,gender,אישה,13
2026-07-30T18:46:01,61,עיניים,נאות חובב,visit_type,ביקור במרפאה,71
2026-07-30T18:46:01,61,עיניים,נאות חובב,visit_type,שיחת טלפון,1
2026-07-30T18:46:01,61,עיניים,נאות חובב,language,איטלקית,2
2026-07-30T18:46:01,61,עיניים,נאות חובב,language,אנגלית,3
2026-07-30T18:46:01,61,עיניים,נאות חובב,language,ספרדית,1
2026-07-30T18:46:01,61,עיניים,נאות חובב,language,עברית,6
2026-07-30T18:46:01,61,עיניים,נאות חובב,language,צרפתית,1
2026-07-30T18:46:01,61,עיניים,נאות חובב,language,רומנית,1
2026-07-30T18:46:01,61,עיניים,נאות חובב,language,רוסית,5
