scraped_at,spec_code,spec_name,search_city,facet_type,facet_value,count
2026-07-30T16:51:12,58,אורתופדיה,א סייד שבט,gender,גבר,36
2026-07-30T16:51:12,58,אורתופדיה,א סייד שבט,gender,אישה,2
2026-07-30T16:51:12,58,אורתופדיה,א סייד שבט,visit_type,ביקור במרפאה,43
2026-07-30T16:51:12,58,אורתופדיה,א סייד שבט,language,עברית,1
2026-07-30T16:51:12,58,אורתופדיה,א סייד שבט,language,רוסית,1
2026-07-30T16:51:24,58,אורתופדיה,אבו סריחאן,gender,גבר,36
2026-07-30T16:51:24,58,אורתופדיה,אבו סריחאן,gender,אישה,2
2026-07-30T16:51:24,58,אורתופדיה,אבו סריחאן,visit_type,ביקור במרפאה,43
2026-07-30T16:51:24,58,אורתופדיה,אבו סריחאן,language,עברית,1
2026-07-30T16:51:24,58,אורתופדיה,אבו סריחאן,language,רוסית,1
2026-07-30T16:51:36,58,אורתופדיה,אודים,gender,גבר,86
2026-07-30T16:51:36,58,אורתופדיה,אודים,visit_type,ביקור במרפאה,89
2026-07-30T16:51:36,58,אורתופדיה,אודים,visit_type,שיחת טלפון,3
2026-07-30T16:51:36,58,אורתופדיה,אודים,language,אידיש,1
2026-07-30T16:51:36,58,אורתופדיה,אודים,language,איטלקית,1
2026-07-30T16:51:36,58,אורתופדיה,אודים,language,אנגלית,8
2026-07-30T16:51:36,58,אורתופדיה,אודים,language,עברית,15
2026-07-30T16:51:36,58,אורתופדיה,אודים,language,ערבית,10
2026-07-30T16:51:36,58,אורתופדיה,אודים,language,רומנית,3
2026-07-30T16:51:36,58,אורתופדיה,אודים,language,רוסית,2
2026-07-30T16:51:50,58,אורתופדיה,אזור,gender,גבר,54
2026-07-30T16:51:50,58,אורתופדיה,אזור,gender,אישה,5
2026-07-30T16:51:50,58,אורתופדיה,אזור,visit_type,ביקור במרפאה,69
2026-07-30T16:51:50,58,אורתופדיה,אזור,language,איטלקית,4
2026-07-30T16:51:50,58,אורתופדיה,אזור,language,אנגלית,15
2026-07-30T16:51:50,58,אורתופדיה,אזור,language,גרמנית,1
2026-07-30T16:51:50,58,אורתופדיה,אזור,language,עברית,25
2026-07-30T16:51:50,58,אורתופדיה,אזור,language,ערבית,2
2026-07-30T16:51:50,58,אורתופדיה,אזור,language,רומנית,2
2026-07-30T16:51:50,58,אורתופדיה,אזור,language,רוסית,8
2026-07-30T16:52:03,58,אורתופדיה,אחיסמך,gender,גבר,54
2026-07-30T16:52:03,58,אורתופדיה,אחיסמך,gender,אישה,1
2026-07-30T16:52:03,58,אורתופדיה,אחיסמך,visit_type,ביקור במרפאה,61
2026-07-30T16:52:03,58,אורתופדיה,אחיסמך,visit_type,שיחת טלפון,1
2026-07-30T16:52:03,58,אורתופדיה,אחיסמך,language,איטלקית,2
2026-07-30T16:52:03,58,אורתופדיה,אחיסמך,language,אנגלית,6
2026-07-30T16:52:03,58,אורתופדיה,אחיסמך,language,גרמנית,1
2026-07-30T16:52:03,58,אורתופדיה,אחיסמך,language,עברית,9
2026-07-30T16:52:03,58,אורתופדיה,אחיסמך,language,צרפתית,2
2026-07-30T16:52:03,58,אורתופדיה,אחיסמך,language,רוסית,4
2026-07-30T16:52:13,58,אורתופדיה,אילות,gender,גבר,4
2026-07-30T16:52:13,58,אורתופדיה,אילות,visit_type,ביקור במרפאה,6
2026-07-30T16:52:13,58,אורתופדיה,אילות,visit_type,שיחת טלפון,2
2026-07-30T16:52:13,58,אורתופדיה,אילות,language,איטלקית,1
2026-07-30T16:52:13,58,אורתופדיה,אילות,language,אנגלית,1
2026-07-30T16:52:13,58,אורתופדיה,אילות,language,עברית,1
2026-07-30T16:52:16,58,אורתופדיה,אל עזי,gender,גבר,64
2026-07-30T16:52:16,58,אורתופדיה,אל עזי,gender,אישה,1
2026-07-30T16:52:16,58,אורתופדיה,אל עזי,visit_type,ביקור במרפאה,73
2026-07-30T16:52:16,58,אורתופדיה,אל עזי,visit_type,שיחת טלפון,2
2026-07-30T16:52:16,58,אורתופדיה,אל עזי,visit_type,שיחת וידאו,1
2026-07-30T16:52:16,58,אורתופדיה,אל עזי,language,איטלקית,3
2026-07-30T16:52:16,58,אורתופדיה,אל עזי,language,אנגלית,7
2026-07-30T16:52:16,58,אורתופדיה,אל עזי,language,גרמנית,1
2026-07-30T16:52:16,58,אורתופדיה,אל עזי,language,עברית,13
2026-07-30T16:52:16,58,אורתופדיה,אל עזי,language,ערבית,1
2026-07-30T16:52:16,58,אורתופדיה,אל עזי,language,צרפתית,3
2026-07-30T16:52:16,58,אורתופדיה,אל עזי,language,רומנית,1
2026-07-30T16:52:16,58,אורתופדיה,אל עזי,language,רוסית,5
2026-07-30T16:52:30,58,אורתופדיה,אעבלין,gender,גבר,89
2026-07-30T16:52:30,58,אורתופדיה,אעבלין,gender,אישה,2
2026-07-30T16:52:30,58,אורתופדיה,אעבלין,visit_type,ביקור במרפאה,91
2026-07-30T16:52:30,58,אורתופדיה,אעבלין,visit_type,שיחת טלפון,2
2026-07-30T16:52:30,58,אורתופדיה,אעבלין,language,איטלקית,1
2026-07-30T16:52:30,58,אורתופדיה,אעבלין,language,אנגלית,53
2026-07-30T16:52:30,58,אורתופדיה,אעבלין,language,בולגרית,1
2026-07-30T16:52:30,58,אורתופדיה,אעבלין,language,גרמנית,3
2026-07-30T16:52:30,58,אורתופדיה,אעבלין,language,ספרדית,2
2026-07-30T16:52:30,58,אורתופדיה,אעבלין,language,עברית,90
2026-07-30T16:52:30,58,אורתופדיה,אעבלין,language,ערבית,67
2026-07-30T16:52:30,58,אורתופדיה,אעבלין,language,צכית,1
2026-07-30T16:52:30,58,אורתופדיה,אעבלין,language,צרפתית,1
2026-07-30T16:52:30,58,אורתופדיה,אעבלין,language,רומנית,8
2026-07-30T16:52:30,58,אורתופדיה,אעבלין,language,רוסית,19
2026-07-30T16:52:44,58,אורתופדיה,ארטאס,gender,גבר,47
2026-07-30T16:52:44,58,אורתופדיה,ארטאס,visit_type,ביקור במרפאה,49
2026-07-30T16:52:44,58,אורתופדיה,ארטאס,language,אנגלית,7
2026-07-30T16:52:44,58,אורתופדיה,ארטאס,language,עברית,12
2026-07-30T16:52:44,58,אורתופדיה,ארטאס,language,ערבית,6
2026-07-30T16:52:44,58,אורתופדיה,ארטאס,language,צרפתית,1
2026-07-30T16:52:44,58,אורתופדיה,ארטאס,language,רוסית,3
2026-07-30T16:52:55,58,אורתופדיה,אשל הנשיא בי''ס אזורי,gender,גבר,52
2026-07-30T16:52:55,58,אורתופדיה,אשל הנשיא בי''ס אזורי,gender,אישה,3
2026-07-30T16:52:55,58,אורתופדיה,אשל הנשיא בי''ס אזורי,visit_type,ביקור במרפאה,63
2026-07-30T16:52:55,58,אורתופדיה,אשל הנשיא בי''ס אזורי,language,עברית,1
2026-07-30T16:52:55,58,אורתופדיה,אשל הנשיא בי''ס אזורי,language,רוסית,1
2026-07-30T16:53:11,58,אורתופדיה,באר מילכה,gender,גבר,36
2026-07-30T16:53:11,58,אורתופדיה,באר מילכה,gender,אישה,2
2026-07-30T16:53:11,58,אורתופדיה,באר מילכה,visit_type,ביקור במרפאה,43
2026-07-30T16:53:11,58,אורתופדיה,באר מילכה,language,עברית,1
2026-07-30T16:53:11,58,אורתופדיה,באר מילכה,language,רוסית,1
2026-07-30T16:53:22,58,אורתופדיה,בורוקין,gender,גבר,49
2026-07-30T16:53:22,58,אורתופדיה,בורוקין,gender,אישה,1
2026-07-30T16:53:22,58,אורתופדיה,בורוקין,visit_type,ביקור במרפאה,58
2026-07-30T16:53:22,58,אורתופדיה,בורוקין,visit_type,שיחת טלפון,1
2026-07-30T16:53:22,58,אורתופדיה,בורוקין,language,איטלקית,4
2026-07-30T16:53:22,58,אורתופדיה,בורוקין,language,אנגלית,33
2026-07-30T16:53:22,58,אורתופדיה,בורוקין,language,גרמנית,6
2026-07-30T16:53:22,58,אורתופדיה,בורוקין,language,ספרדית,2
2026-07-30T16:53:22,58,אורתופדיה,בורוקין,language,עברית,54
2026-07-30T16:53:22,58,אורתופדיה,בורוקין,language,ערבית,6
2026-07-30T16:53:22,58,אורתופדיה,בורוקין,language,רומנית,5
2026-07-30T16:53:22,58,אורתופדיה,בורוקין,language,רוסית,6
2026-07-30T16:53:32,58,אורתופדיה,בילעין,gender,גבר,47
2026-07-30T16:53:32,58,אורתופדיה,בילעין,visit_type,ביקור במרפאה,49
2026-07-30T16:53:32,58,אורתופדיה,בילעין,language,אנגלית,7
2026-07-30T16:53:32,58,אורתופדיה,בילעין,language,עברית,12
2026-07-30T16:53:32,58,אורתופדיה,בילעין,language,ערבית,6
2026-07-30T16:53:32,58,אורתופדיה,בילעין,language,צרפתית,1
2026-07-30T16:53:32,58,אורתופדיה,בילעין,language,רוסית,3
2026-07-30T16:53:43,58,אורתופדיה,בני דקלים,gender,גבר,41
2026-07-30T16:53:43,58,אורתופדיה,בני דקלים,gender,אישה,2
2026-07-30T16:53:43,58,אורתופדיה,בני דקלים,visit_type,ביקור במרפאה,47
2026-07-30T16:53:43,58,אורתופדיה,בני דקלים,language,עברית,1
2026-07-30T16:53:43,58,אורתופדיה,בני דקלים,language,רוסית,1
2026-07-30T16:53:57,58,אורתופדיה,בסמת טבעון,gender,גבר,115
2026-07-30T16:53:57,58,אורתופדיה,בסמת טבעון,visit_type,ביקור במרפאה,116
2026-07-30T16:53:57,58,אורתופדיה,בסמת טבעון,visit_type,שיחת טלפון,2
2026-07-30T16:53:57,58,אורתופדיה,בסמת טבעון,language,אידיש,1
2026-07-30T16:53:57,58,אורתופדיה,בסמת טבעון,language,אנגלית,41
2026-07-30T16:53:57,58,אורתופדיה,בסמת טבעון,language,גרמנית,5
2026-07-30T16:53:57,58,אורתופדיה,בסמת טבעון,language,הונגרית,1
2026-07-30T16:53:57,58,אורתופדיה,בסמת טבעון,language,ספרדית,2
2026-07-30T16:53:57,58,אורתופדיה,בסמת טבעון,language,עברית,57
2026-07-30T16:53:57,58,אורתופדיה,בסמת טבעון,language,ערבית,29
2026-07-30T16:53:57,58,אורתופדיה,בסמת טבעון,language,צרפתית,1
2026-07-30T16:53:57,58,אורתופדיה,בסמת טבעון,language,רומנית,14
2026-07-30T16:53:57,58,אורתופדיה,בסמת טבעון,language,רוסית,12
2026-07-30T16:54:15,58,אורתופדיה,ברור חיל,gender,גבר,41
2026-07-30T16:54:15,58,אורתופדיה,ברור חיל,gender,אישה,2
2026-07-30T16:54:15,58,אורתופדיה,ברור חיל,visit_type,ביקור במרפאה,47
2026-07-30T16:54:15,58,אורתופדיה,ברור חיל,language,עברית,1
2026-07-30T16:54:15,58,אורתופדיה,ברור חיל,language,רוסית,1
2026-07-30T16:54:29,58,אורתופדיה,בת שלמה,gender,גבר,125
2026-07-30T16:54:29,58,אורתופדיה,בת שלמה,visit_type,ביקור במרפאה,128
2026-07-30T16:54:29,58,אורתופדיה,בת שלמה,visit_type,שיחת טלפון,4
2026-07-30T16:54:29,58,אורתופדיה,בת שלמה,language,אידיש,1
2026-07-30T16:54:29,58,אורתופדיה,בת שלמה,language,איטלקית,1
2026-07-30T16:54:29,58,אורתופדיה,בת שלמה,language,אנגלית,15
2026-07-30T16:54:29,58,אורתופדיה,בת שלמה,language,גרמנית,1
2026-07-30T16:54:29,58,אורתופדיה,בת שלמה,language,עברית,26
2026-07-30T16:54:29,58,אורתופדיה,בת שלמה,language,ערבית,18
2026-07-30T16:54:29,58,אורתופדיה,בת שלמה,language,רומנית,7
2026-07-30T16:54:29,58,אורתופדיה,בת שלמה,language,רוסית,3
2026-07-30T16:54:50,58,אורתופדיה,גבים,gender,גבר,41
2026-07-30T16:54:50,58,אורתופדיה,גבים,gender,אישה,2
2026-07-30T16:54:50,58,אורתופדיה,גבים,visit_type,ביקור במרפאה,47
2026-07-30T16:54:50,58,אורתופדיה,גבים,language,עברית,1
2026-07-30T16:54:50,58,אורתופדיה,גבים,language,רוסית,1
2026-07-30T16:55:04,58,אורתופדיה,גדיש,gender,גבר,145
2026-07-30T16:55:04,58,אורתופדיה,גדיש,visit_type,ביקור במרפאה,146
2026-07-30T16:55:04,58,אורתופדיה,גדיש,visit_type,שיחת טלפון,2
2026-07-30T16:55:04,58,אורתופדיה,גדיש,language,איטלקית,1
2026-07-30T16:55:04,58,אורתופדיה,גדיש,language,אנגלית,19
2026-07-30T16:55:04,58,אורתופדיה,גדיש,language,גרמנית,1
2026-07-30T16:55:04,58,אורתופדיה,גדיש,language,עברית,31
2026-07-30T16:55:04,58,אורתופדיה,גדיש,language,ערבית,21
2026-07-30T16:55:04,58,אורתופדיה,גדיש,language,רומנית,7
2026-07-30T16:55:04,58,אורתופדיה,גדיש,language,רוסית,6
2026-07-30T16:55:23,58,אורתופדיה,גיזו,gender,גבר,47
2026-07-30T16:55:23,58,אורתופדיה,גיזו,visit_type,ביקור במרפאה,49
2026-07-30T16:55:23,58,אורתופדיה,גיזו,language,אנגלית,7
2026-07-30T16:55:23,58,אורתופדיה,גיזו,language,עברית,12
2026-07-30T16:55:23,58,אורתופדיה,גיזו,language,ערבית,6
2026-07-30T16:55:23,58,אורתופדיה,גיזו,language,צרפתית,1
2026-07-30T16:55:23,58,אורתופדיה,גיזו,language,רוסית,3
2026-07-30T16:55:34,58,אורתופדיה,גליל ים,gender,גבר,116
2026-07-30T16:55:34,58,אורתופדיה,גליל ים,gender,אישה,4
2026-07-30T16:55:34,58,אורתופדיה,גליל ים,visit_type,ביקור במרפאה,130
2026-07-30T16:55:34,58,אורתופדיה,גליל ים,visit_type,שיחת טלפון,3
2026-07-30T16:55:34,58,אורתופדיה,גליל ים,language,אידיש,1
2026-07-30T16:55:34,58,אורתופדיה,גליל ים,language,איטלקית,6
2026-07-30T16:55:34,58,אורתופדיה,גליל ים,language,אנגלית,28
2026-07-30T16:55:34,58,אורתופדיה,גליל ים,language,גרמנית,1
2026-07-30T16:55:34,58,אורתופדיה,גליל ים,language,עברית,46
2026-07-30T16:55:34,58,אורתופדיה,גליל ים,language,ערבית,15
2026-07-30T16:55:34,58,אורתופדיה,גליל ים,language,רומנית,8
2026-07-30T16:55:34,58,אורתופדיה,גליל ים,language,רוסית,6
2026-07-30T16:55:54,58,אורתופדיה,גני תקווה,gender,גבר,49
2026-07-30T16:55:54,58,אורתופדיה,גני תקווה,gender,אישה,1
2026-07-30T16:55:54,58,אורתופדיה,גני תקווה,visit_type,ביקור במרפאה,58
2026-07-30T16:55:54,58,אורתופדיה,גני תקווה,visit_type,שיחת טלפון,1
2026-07-30T16:55:54,58,אורתופדיה,גני תקווה,language,איטלקית,4
2026-07-30T16:55:54,58,אורתופדיה,גני תקווה,language,אנגלית,33
2026-07-30T16:55:54,58,אורתופדיה,גני תקווה,language,גרמנית,6
2026-07-30T16:55:54,58,אורתופדיה,גני תקווה,language,ספרדית,2
2026-07-30T16:55:54,58,אורתופדיה,גני תקווה,language,עברית,54
2026-07-30T16:55:54,58,אורתופדיה,גני תקווה,language,ערבית,6
2026-07-30T16:55:54,58,אורתופדיה,גני תקווה,language,רומנית,5
2026-07-30T16:55:54,58,אורתופדיה,גני תקווה,language,רוסית,6
2026-07-30T16:56:05,58,אורתופדיה,דאלית אל כרמל,gender,גבר,115
2026-07-30T16:56:05,58,אורתופדיה,דאלית אל כרמל,visit_type,ביקור במרפאה,116
2026-07-30T16:56:05,58,אורתופדיה,דאלית אל כרמל,visit_type,שיחת טלפון,2
2026-07-30T16:56:05,58,אורתופדיה,דאלית אל כרמל,language,אידיש,1
2026-07-30T16:56:05,58,אורתופדיה,דאלית אל כרמל,language,אנגלית,41
2026-07-30T16:56:05,58,אורתופדיה,דאלית אל כרמל,language,גרמנית,5
2026-07-30T16:56:05,58,אורתופדיה,דאלית אל כרמל,language,הונגרית,1
2026-07-30T16:56:05,58,אורתופדיה,דאלית אל כרמל,language,ספרדית,2
2026-07-30T16:56:05,58,אורתופדיה,דאלית אל כרמל,language,עברית,57
2026-07-30T16:56:05,58,אורתופדיה,דאלית אל כרמל,language,ערבית,29
2026-07-30T16:56:05,58,אורתופדיה,דאלית אל כרמל,language,צרפתית,1
2026-07-30T16:56:05,58,אורתופדיה,דאלית אל כרמל,language,רומנית,14
2026-07-30T16:56:05,58,אורתופדיה,דאלית אל כרמל,language,רוסית,12
2026-07-30T16:56:22,58,אורתופדיה,דולב,gender,גבר,47
2026-07-30T16:56:22,58,אורתופדיה,דולב,visit_type,ביקור במרפאה,49
2026-07-30T16:56:22,58,אורתופדיה,דולב,language,אנגלית,7
2026-07-30T16:56:22,58,אורתופדיה,דולב,language,עברית,12
2026-07-30T16:56:22,58,אורתופדיה,דולב,language,ערבית,6
2026-07-30T16:56:22,58,אורתופדיה,דולב,language,צרפתית,1
2026-07-30T16:56:22,58,אורתופדיה,דולב,language,רוסית,3
2026-07-30T16:56:30,58,אורתופדיה,דייר ראפאת,gender,גבר,47
2026-07-30T16:56:30,58,אורתופדיה,דייר ראפאת,visit_type,ביקור במרפאה,49
2026-07-30T16:56:30,58,אורתופדיה,דייר ראפאת,language,אנגלית,7
2026-07-30T16:56:30,58,אורתופדיה,דייר ראפאת,language,עברית,12
2026-07-30T16:56:30,58,אורתופדיה,דייר ראפאת,language,ערבית,6
2026-07-30T16:56:30,58,אורתופדיה,דייר ראפאת,language,צרפתית,1
2026-07-30T16:56:30,58,אורתופדיה,דייר ראפאת,language,רוסית,3
2026-07-30T16:56:39,58,אורתופדיה,דמיידה,gender,גבר,113
2026-07-30T16:56:39,58,אורתופדיה,דמיידה,gender,אישה,2
2026-07-30T16:56:39,58,אורתופדיה,דמיידה,visit_type,ביקור במרפאה,116
2026-07-30T16:56:39,58,אורתופדיה,דמיידה,visit_type,שיחת טלפון,2
2026-07-30T16:56:39,58,אורתופדיה,דמיידה,language,אידיש,1
2026-07-30T16:56:39,58,אורתופדיה,דמיידה,language,איטלקית,1
2026-07-30T16:56:39,58,אורתופדיה,דמיידה,language,אנגלית,71
2026-07-30T16:56:39,58,אורתופדיה,דמיידה,language,בולגרית,1
2026-07-30T16:56:39,58,אורתופדיה,דמיידה,language,גרמנית,6
2026-07-30T16:56:39,58,אורתופדיה,דמיידה,language,הונגרית,1
2026-07-30T16:56:39,58,אורתופדיה,דמיידה,language,ספרדית,4
2026-07-30T16:56:39,58,אורתופדיה,דמיידה,language,עברית,113
2026-07-30T16:56:39,58,אורתופדיה,דמיידה,language,ערבית,77
2026-07-30T16:56:39,58,אורתופדיה,דמיידה,language,צכית,1
2026-07-30T16:56:39,58,אורתופדיה,דמיידה,language,צרפתית,2
2026-07-30T16:56:39,58,אורתופדיה,דמיידה,language,רומנית,15
2026-07-30T16:56:39,58,אורתופדיה,דמיידה,language,רוסית,26
2026-07-30T16:56:57,58,אורתופדיה,הוד השרון,gender,גבר,67
2026-07-30T16:56:57,58,אורתופדיה,הוד השרון,gender,אישה,1
2026-07-30T16:56:57,58,אורתופדיה,הוד השרון,visit_type,ביקור במרפאה,77
2026-07-30T16:56:57,58,אורתופדיה,הוד השרון,visit_type,שיחת טלפון,2
2026-07-30T16:56:57,58,אורתופדיה,הוד השרון,language,אידיש,1
2026-07-30T16:56:57,58,אורתופדיה,הוד השרון,language,איטלקית,5
2026-07-30T16:56:57,58,אורתופדיה,הוד השרון,language,אנגלית,35
2026-07-30T16:56:57,58,אורתופדיה,הוד השרון,language,גרמנית,6
2026-07-30T16:56:57,58,אורתופדיה,הוד השרון,language,ספרדית,2
2026-07-30T16:56:57,58,אורתופדיה,הוד השרון,language,עברית,56
2026-07-30T16:56:57,58,אורתופדיה,הוד השרון,language,ערבית,6
2026-07-30T16:56:57,58,אורתופדיה,הוד השרון,language,רומנית,5
2026-07-30T16:56:57,58,אורתופדיה,הוד השרון,language,רוסית,6
2026-07-30T16:57:11,58,אורתופדיה,הילה,gender,גבר,89
2026-07-30T16:57:11,58,אורתופדיה,הילה,gender,אישה,2
2026-07-30T16:57:11,58,אורתופדיה,הילה,visit_type,ביקור במרפאה,91
2026-07-30T16:57:11,58,אורתופדיה,הילה,visit_type,שיחת טלפון,2
2026-07-30T16:57:11,58,אורתופדיה,הילה,language,איטלקית,1
2026-07-30T16:57:11,58,אורתופדיה,הילה,language,אנגלית,53
2026-07-30T16:57:11,58,אורתופדיה,הילה,language,בולגרית,1
2026-07-30T16:57:11,58,אורתופדיה,הילה,language,גרמנית,3
2026-07-30T16:57:11,58,אורתופדיה,הילה,language,ספרדית,2
2026-07-30T16:57:11,58,אורתופדיה,הילה,language,עברית,90
2026-07-30T16:57:11,58,אורתופדיה,הילה,language,ערבית,67
2026-07-30T16:57:11,58,אורתופדיה,הילה,language,צכית,1
2026-07-30T16:57:11,58,אורתופדיה,הילה,language,צרפתית,1
2026-07-30T16:57:11,58,אורתופדיה,הילה,language,רומנית,8
2026-07-30T16:57:11,58,אורתופדיה,הילה,language,רוסית,19
2026-07-30T16:57:27,58,אורתופדיה,הרצליה,gender,גבר,116
2026-07-30T16:57:27,58,אורתופדיה,הרצליה,gender,אישה,4
2026-07-30T16:57:27,58,אורתופדיה,הרצליה,visit_type,ביקור במרפאה,130
2026-07-30T16:57:27,58,אורתופדיה,הרצליה,visit_type,שיחת טלפון,3
2026-07-30T16:57:27,58,אורתופדיה,הרצליה,language,אידיש,1
2026-07-30T16:57:27,58,אורתופדיה,הרצליה,language,איטלקית,6
2026-07-30T16:57:27,58,אורתופדיה,הרצליה,language,אנגלית,28
2026-07-30T16:57:27,58,אורתופדיה,הרצליה,language,גרמנית,1
2026-07-30T16:57:27,58,אורתופדיה,הרצליה,language,עברית,46
2026-07-30T16:57:27,58,אורתופדיה,הרצליה,language,ערבית,15
2026-07-30T16:57:27,58,אורתופדיה,הרצליה,language,רומנית,8
2026-07-30T16:57:27,58,אורתופדיה,הרצליה,language,רוסית,6
2026-07-30T16:57:49,58,אורתופדיה,זובובא,gender,גבר,97
2026-07-30T16:57:49,58,אורתופדיה,זובובא,visit_type,ביקור במרפאה,98
2026-07-30T16:57:49,58,אורתופדיה,זובובא,visit_type,שיחת טלפון,1
2026-07-30T16:57:49,58,אורתופדיה,זובובא,language,איטלקית,1
2026-07-30T16:57:49,58,אורתופדיה,זובובא,language,אנגלית,9
2026-07-30T16:57:49,58,אורתופדיה,זובובא,language,עברית,12
2026-07-30T16:57:49,58,אורתופדיה,זובובא,language,ערבית,5
2026-07-30T16:57:49,58,אורתופדיה,זובובא,language,רוסית,6
2026-07-30T16:58:07,58,אורתופדיה,זמר,gender,גבר,125
2026-07-30T16:58:07,58,אורתופדיה,זמר,visit_type,ביקור במרפאה,128
2026-07-30T16:58:07,58,אורתופדיה,זמר,visit_type,שיחת טלפון,4
2026-07-30T16:58:07,58,אורתופדיה,זמר,language,אידיש,1
2026-07-30T16:58:07,58,אורתופדיה,זמר,language,איטלקית,1
2026-07-30T16:58:07,58,אורתופדיה,זמר,language,אנגלית,15
2026-07-30T16:58:07,58,אורתופדיה,זמר,language,גרמנית,1
2026-07-30T16:58:07,58,אורתופדיה,זמר,language,עברית,26
2026-07-30T16:58:07,58,אורתופדיה,זמר,language,ערבית,18
2026-07-30T16:58:07,58,אורתופדיה,זמר,language,רומנית,7
2026-07-30T16:58:07,58,אורתופדיה,זמר,language,רוסית,3
2026-07-30T16:58:27,58,אורתופדיה,חבלה,gender,גבר,86
2026-07-30T16:58:27,58,אורתופדיה,חבלה,visit_type,ביקור במרפאה,89
2026-07-30T16:58:27,58,אורתופדיה,חבלה,visit_type,שיחת טלפון,3
2026-07-30T16:58:27,58,אורתופדיה,חבלה,language,אידיש,1
2026-07-30T16:58:27,58,אורתופדיה,חבלה,language,איטלקית,1
2026-07-30T16:58:27,58,אורתופדיה,חבלה,language,אנגלית,8
2026-07-30T16:58:27,58,אורתופדיה,חבלה,language,עברית,15
2026-07-30T16:58:27,58,אורתופדיה,חבלה,language,ערבית,10
2026-07-30T16:58:27,58,אורתופדיה,חבלה,language,רומנית,3
2026-07-30T16:58:27,58,אורתופדיה,חבלה,language,רוסית,2
2026-07-30T16:58:42,58,אורתופדיה,חדרה,gender,גבר,125
2026-07-30T16:58:42,58,אורתופדיה,חדרה,visit_type,ביקור במרפאה,128
2026-07-30T16:58:42,58,אורתופדיה,חדרה,visit_type,שיחת טלפון,4
2026-07-30T16:58:42,58,אורתופדיה,חדרה,language,אידיש,1
2026-07-30T16:58:42,58,אורתופדיה,חדרה,language,איטלקית,1
2026-07-30T16:58:42,58,אורתופדיה,חדרה,language,אנגלית,15
2026-07-30T16:58:42,58,אורתופדיה,חדרה,language,גרמנית,1
2026-07-30T16:58:42,58,אורתופדיה,חדרה,language,עברית,26
2026-07-30T16:58:42,58,אורתופדיה,חדרה,language,ערבית,18
2026-07-30T16:58:42,58,אורתופדיה,חדרה,language,רומנית,7
2026-07-30T16:58:42,58,אורתופדיה,חדרה,language,רוסית,3
2026-07-30T16:59:02,58,אורתופדיה,חוקוק,gender,גבר,97
2026-07-30T16:59:02,58,אורתופדיה,חוקוק,visit_type,ביקור במרפאה,98
2026-07-30T16:59:02,58,אורתופדיה,חוקוק,visit_type,שיחת טלפון,1
2026-07-30T16:59:02,58,אורתופדיה,חוקוק,language,איטלקית,1
2026-07-30T16:59:02,58,אורתופדיה,חוקוק,language,אנגלית,9
2026-07-30T16:59:02,58,אורתופדיה,חוקוק,language,עברית,12
2026-07-30T16:59:02,58,אורתופדיה,חוקוק,language,ערבית,5
2026-07-30T16:59:02,58,אורתופדיה,חוקוק,language,רוסית,6
2026-07-30T16:59:19,58,אורתופדיה,חמד,gender,גבר,84
2026-07-30T16:59:19,58,אורתופדיה,חמד,gender,אישה,1
2026-07-30T16:59:19,58,אורתופדיה,חמד,visit_type,ביקור במרפאה,97
2026-07-30T16:59:19,58,אורתופדיה,חמד,visit_type,שיחת טלפון,2
2026-07-30T16:59:19,58,אורתופדיה,חמד,visit_type,שיחת וידאו,1
2026-07-30T16:59:19,58,אורתופדיה,חמד,language,איטלקית,4
2026-07-30T16:59:19,58,אורתופדיה,חמד,language,אנגלית,13
2026-07-30T16:59:19,58,אורתופדיה,חמד,language,גרמנית,1
2026-07-30T16:59:19,58,אורתופדיה,חמד,language,עברית,24
2026-07-30T16:59:19,58,אורתופדיה,חמד,language,ערבית,2
2026-07-30T16:59:19,58,אורתופדיה,חמד,language,צרפתית,3
2026-07-30T16:59:19,58,אורתופדיה,חמד,language,רומנית,2
2026-07-30T16:59:19,58,אורתופדיה,חמד,language,רוסית,9
2026-07-30T16:59:35,58,אורתופדיה,חצב,gender,גבר,32
2026-07-30T16:59:35,58,אורתופדיה,חצב,gender,אישה,1
2026-07-30T16:59:35,58,אורתופדיה,חצב,visit_type,ביקור במרפאה,37
2026-07-30T16:59:35,58,אורתופדיה,חצב,visit_type,שיחת טלפון,1
2026-07-30T16:59:35,58,אורתופדיה,חצב,visit_type,שיחת וידאו,1
2026-07-30T16:59:35,58,אורתופדיה,חצב,language,איטלקית,1
2026-07-30T16:59:35,58,אורתופדיה,חצב,language,אנגלית,3
2026-07-30T16:59:35,58,אורתופדיה,חצב,language,גרמנית,1
2026-07-30T16:59:35,58,אורתופדיה,חצב,language,עברית,7
2026-07-30T16:59:35,58,אורתופדיה,חצב,language,ערבית,1
2026-07-30T16:59:35,58,אורתופדיה,חצב,language,צרפתית,1
2026-07-30T16:59:35,58,אורתופדיה,חצב,language,רומנית,1
2026-07-30T16:59:35,58,אורתופדיה,חצב,language,רוסית,3
2026-07-30T16:59:45,58,אורתופדיה,חרשים,gender,גבר,89
2026-07-30T16:59:45,58,אורתופדיה,חרשים,gender,אישה,2
2026-07-30T16:59:45,58,אורתופדיה,חרשים,visit_type,ביקור במרפאה,91
2026-07-30T16:59:45,58,אורתופדיה,חרשים,visit_type,שיחת טלפון,2
2026-07-30T16:59:45,58,אורתופדיה,חרשים,language,איטלקית,1
2026-07-30T16:59:45,58,אורתופדיה,חרשים,language,אנגלית,53
2026-07-30T16:59:45,58,אורתופדיה,חרשים,language,בולגרית,1
2026-07-30T16:59:45,58,אורתופדיה,חרשים,language,גרמנית,3
2026-07-30T16:59:45,58,אורתופדיה,חרשים,language,ספרדית,2
2026-07-30T16:59:45,58,אורתופדיה,חרשים,language,עברית,90
2026-07-30T16:59:45,58,אורתופדיה,חרשים,language,ערבית,67
2026-07-30T16:59:45,58,אורתופדיה,חרשים,language,צכית,1
2026-07-30T16:59:45,58,אורתופדיה,חרשים,language,צרפתית,1
2026-07-30T16:59:45,58,אורתופדיה,חרשים,language,רומנית,8
2026-07-30T16:59:45,58,אורתופדיה,חרשים,language,רוסית,19
2026-07-30T17:00:02,58,אורתופדיה,טירה,gender,גבר,116
2026-07-30T17:00:02,58,אורתופדיה,טירה,gender,אישה,4
2026-07-30T17:00:02,58,אורתופדיה,טירה,visit_type,ביקור במרפאה,130
2026-07-30T17:00:02,58,אורתופדיה,טירה,visit_type,שיחת טלפון,3
2026-07-30T17:00:02,58,אורתופדיה,טירה,language,אידיש,1
2026-07-30T17:00:02,58,אורתופדיה,טירה,language,איטלקית,6
2026-07-30T17:00:02,58,אורתופדיה,טירה,language,אנגלית,28
2026-07-30T17:00:02,58,אורתופדיה,טירה,language,גרמנית,1
2026-07-30T17:00:02,58,אורתופדיה,טירה,language,עברית,46
2026-07-30T17:00:02,58,אורתופדיה,טירה,language,ערבית,15
2026-07-30T17:00:02,58,אורתופדיה,טירה,language,רומנית,8
2026-07-30T17:00:02,58,אורתופדיה,טירה,language,רוסית,6
2026-07-30T17:00:24,58,אורתופדיה,טמון,gender,גבר,86
2026-07-30T17:00:24,58,אורתופדיה,טמון,visit_type,ביקור במרפאה,89
2026-07-30T17:00:24,58,אורתופדיה,טמון,visit_type,שיחת טלפון,3
2026-07-30T17:00:24,58,אורתופדיה,טמון,language,אידיש,1
2026-07-30T17:00:24,58,אורתופדיה,טמון,language,איטלקית,1
2026-07-30T17:00:24,58,אורתופדיה,טמון,language,אנגלית,8
2026-07-30T17:00:24,58,אורתופדיה,טמון,language,עברית,15
2026-07-30T17:00:24,58,אורתופדיה,טמון,language,ערבית,10
2026-07-30T17:00:24,58,אורתופדיה,טמון,language,רומנית,3
2026-07-30T17:00:24,58,אורתופדיה,טמון,language,רוסית,2
2026-07-30T17:00:39,58,אורתופדיה,יבול,gender,גבר,41
2026-07-30T17:00:39,58,אורתופדיה,יבול,gender,אישה,2
2026-07-30T17:00:39,58,אורתופדיה,יבול,visit_type,ביקור במרפאה,47
2026-07-30T17:00:39,58,אורתופדיה,יבול,language,עברית,1
2026-07-30T17:00:39,58,אורתופדיה,יבול,language,רוסית,1
2026-07-30T17:00:56,58,אורתופדיה,יד מרדכי,gender,גבר,41
2026-07-30T17:00:56,58,אורתופדיה,יד מרדכי,gender,אישה,2
2026-07-30T17:00:56,58,אורתופדיה,יד מרדכי,visit_type,ביקור במרפאה,47
2026-07-30T17:00:56,58,אורתופדיה,יד מרדכי,language,עברית,1
2026-07-30T17:00:56,58,אורתופדיה,יד מרדכי,language,רוסית,1
2026-07-30T17:01:09,58,אורתופדיה,יושיביה,gender,גבר,52
2026-07-30T17:01:09,58,אורתופדיה,יושיביה,gender,אישה,3
2026-07-30T17:01:09,58,אורתופדיה,יושיביה,visit_type,ביקור במרפאה,63
2026-07-30T17:01:09,58,אורתופדיה,יושיביה,language,עברית,1
2026-07-30T17:01:09,58,אורתופדיה,יושיביה,language,רוסית,1
2026-07-30T17:01:25,58,אורתופדיה,יסודות,gender,גבר,32
2026-07-30T17:01:25,58,אורתופדיה,יסודות,gender,אישה,1
2026-07-30T17:01:25,58,אורתופדיה,יסודות,visit_type,ביקור במרפאה,37
2026-07-30T17:01:25,58,אורתופדיה,יסודות,visit_type,שיחת טלפון,1
2026-07-30T17:01:25,58,אורתופדיה,יסודות,visit_type,שיחת וידאו,1
2026-07-30T17:01:25,58,אורתופדיה,יסודות,language,איטלקית,1
2026-07-30T17:01:25,58,אורתופדיה,יסודות,language,אנגלית,3
2026-07-30T17:01:25,58,אורתופדיה,יסודות,language,גרמנית,1
2026-07-30T17:01:25,58,אורתופדיה,יסודות,language,עברית,7
2026-07-30T17:01:25,58,אורתופדיה,יסודות,language,ערבית,1
2026-07-30T17:01:25,58,אורתופדיה,יסודות,language,צרפתית,1
2026-07-30T17:01:25,58,אורתופדיה,יסודות,language,רומנית,1
2026-07-30T17:01:25,58,אורתופדיה,יסודות,language,רוסית,3
2026-07-30T17:01:35,58,אורתופדיה,יפתח,gender,גבר,97
2026-07-30T17:01:35,58,אורתופדיה,יפתח,visit_type,ביקור במרפאה,98
2026-07-30T17:01:35,58,אורתופדיה,יפתח,visit_type,שיחת טלפון,1
2026-07-30T17:01:35,58,אורתופדיה,יפתח,language,איטלקית,1
2026-07-30T17:01:35,58,אורתופדיה,יפתח,language,אנגלית,9
2026-07-30T17:01:35,58,אורתופדיה,יפתח,language,עברית,12
2026-07-30T17:01:35,58,אורתופדיה,יפתח,language,ערבית,5
2026-07-30T17:01:35,58,אורתופדיה,יפתח,language,רוסית,6
2026-07-30T17:01:50,58,אורתופדיה,ירושלים,gender,גבר,47
2026-07-30T17:01:50,58,אורתופדיה,ירושלים,visit_type,ביקור במרפאה,49
2026-07-30T17:01:50,58,אורתופדיה,ירושלים,language,אנגלית,7
2026-07-30T17:01:50,58,אורתופדיה,ירושלים,language,עברית,12
2026-07-30T17:01:50,58,אורתופדיה,ירושלים,language,ערבית,6
2026-07-30T17:01:50,58,אורתופדיה,ירושלים,language,צרפתית,1
2026-07-30T17:01:50,58,אורתופדיה,ירושלים,language,רוסית,3
2026-07-30T17:01:58,58,אורתופדיה,יתמא,gender,גבר,47
2026-07-30T17:01:58,58,אורתופדיה,יתמא,visit_type,ביקור במרפאה,49
2026-07-30T17:01:58,58,אורתופדיה,יתמא,language,אנגלית,7
2026-07-30T17:01:58,58,אורתופדיה,יתמא,language,עברית,12
2026-07-30T17:01:58,58,אורתופדיה,יתמא,language,ערבית,6
2026-07-30T17:01:58,58,אורתופדיה,יתמא,language,צרפתית,1
2026-07-30T17:01:58,58,אורתופדיה,יתמא,language,רוסית,3
2026-07-30T17:02:08,58,אורתופדיה,כוכב מיכאל,gender,גבר,41
2026-07-30T17:02:08,58,אורתופדיה,כוכב מיכאל,gender,אישה,2
2026-07-30T17:02:08,58,אורתופדיה,כוכב מיכאל,visit_type,ביקור במרפאה,47
2026-07-30T17:02:08,58,אורתופדיה,כוכב מיכאל,language,עברית,1
2026-07-30T17:02:08,58,אורתופדיה,כוכב מיכאל,language,רוסית,1
2026-07-30T17:02:20,58,אורתופדיה,כיפל חארת,gender,גבר,49
2026-07-30T17:02:20,58,אורתופדיה,כיפל חארת,gender,אישה,1
2026-07-30T17:02:20,58,אורתופדיה,כיפל חארת,visit_type,ביקור במרפאה,58
2026-07-30T17:02:20,58,אורתופדיה,כיפל חארת,visit_type,שיחת טלפון,1
2026-07-30T17:02:20,58,אורתופדיה,כיפל חארת,language,איטלקית,4
2026-07-30T17:02:20,58,אורתופדיה,כיפל חארת,language,אנגלית,33
2026-07-30T17:02:20,58,אורתופדיה,כיפל חארת,language,גרמנית,6
2026-07-30T17:02:20,58,אורתופדיה,כיפל חארת,language,ספרדית,2
2026-07-30T17:02:20,58,אורתופדיה,כיפל חארת,language,עברית,54
2026-07-30T17:02:20,58,אורתופדיה,כיפל חארת,language,ערבית,6
2026-07-30T17:02:20,58,אורתופדיה,כיפל חארת,language,רומנית,5
2026-07-30T17:02:20,58,אורתופדיה,כיפל חארת,language,רוסית,6
2026-07-30T17:02:31,58,אורתופדיה,כסיפה,gender,גבר,36
2026-07-30T17:02:31,58,אורתופדיה,כסיפה,gender,אישה,2
2026-07-30T17:02:31,58,אורתופדיה,כסיפה,visit_type,ביקור במרפאה,43
2026-07-30T17:02:31,58,אורתופדיה,כסיפה,language,עברית,1
2026-07-30T17:02:31,58,אורתופדיה,כסיפה,language,רוסית,1
2026-07-30T17:02:44,58,אורתופדיה,כפר ביל''ו,gender,גבר,84
2026-07-30T17:02:44,58,אורתופדיה,כפר ביל''ו,gender,אישה,1
2026-07-30T17:02:44,58,אורתופדיה,כפר ביל''ו,visit_type,ביקור במרפאה,97
2026-07-30T17:02:44,58,אורתופדיה,כפר ביל''ו,visit_type,שיחת טלפון,2
2026-07-30T17:02:44,58,אורתופדיה,כפר ביל''ו,visit_type,שיחת וידאו,1
2026-07-30T17:02:44,58,אורתופדיה,כפר ביל''ו,language,איטלקית,4
2026-07-30T17:02:44,58,אורתופדיה,כפר ביל''ו,language,אנגלית,13
2026-07-30T17:02:44,58,אורתופדיה,כפר ביל''ו,language,גרמנית,1
2026-07-30T17:02:44,58,אורתופדיה,כפר ביל''ו,language,עברית,24
2026-07-30T17:02:44,58,אורתופדיה,כפר ביל''ו,language,ערבית,2
2026-07-30T17:02:44,58,אורתופדיה,כפר ביל''ו,language,צרפתית,3
2026-07-30T17:02:44,58,אורתופדיה,כפר ביל''ו,language,רומנית,2
2026-07-30T17:02:44,58,אורתופדיה,כפר ביל''ו,language,רוסית,9
2026-07-30T17:03:04,58,אורתופדיה,כרם שלום,gender,גבר,41
2026-07-30T17:03:04,58,אורתופדיה,כרם שלום,gender,אישה,2
2026-07-30T17:03:04,58,אורתופדיה,כרם שלום,visit_type,ביקור במרפאה,47
2026-07-30T17:03:04,58,אורתופדיה,כרם שלום,language,עברית,1
2026-07-30T17:03:04,58,אורתופדיה,כרם שלום,language,רוסית,1
2026-07-30T17:03:17,58,אורתופדיה,להבות חביבה,gender,גבר,125
2026-07-30T17:03:17,58,אורתופדיה,להבות חביבה,visit_type,ביקור במרפאה,128
2026-07-30T17:03:17,58,אורתופדיה,להבות חביבה,visit_type,שיחת טלפון,4
2026-07-30T17:03:17,58,אורתופדיה,להבות חביבה,language,אידיש,1
2026-07-30T17:03:17,58,אורתופדיה,להבות חביבה,language,איטלקית,1
2026-07-30T17:03:17,58,אורתופדיה,להבות חביבה,language,אנגלית,15
2026-07-30T17:03:17,58,אורתופדיה,להבות חביבה,language,גרמנית,1
2026-07-30T17:03:17,58,אורתופדיה,להבות חביבה,language,עברית,26
2026-07-30T17:03:17,58,אורתופדיה,להבות חביבה,language,ערבית,18
2026-07-30T17:03:17,58,אורתופדיה,להבות חביבה,language,רומנית,7
2026-07-30T17:03:17,58,אורתופדיה,להבות חביבה,language,רוסית,3
2026-07-30T17:03:36,58,אורתופדיה,לפיד,gender,גבר,54
2026-07-30T17:03:36,58,אורתופדיה,לפיד,gender,אישה,1
2026-07-30T17:03:36,58,אורתופדיה,לפיד,visit_type,ביקור במרפאה,61
2026-07-30T17:03:36,58,אורתופדיה,לפיד,visit_type,שיחת טלפון,1
2026-07-30T17:03:36,58,אורתופדיה,לפיד,language,איטלקית,2
2026-07-30T17:03:36,58,אורתופדיה,לפיד,language,אנגלית,6
2026-07-30T17:03:36,58,אורתופדיה,לפיד,language,גרמנית,1
2026-07-30T17:03:36,58,אורתופדיה,לפיד,language,עברית,9
2026-07-30T17:03:36,58,אורתופדיה,לפיד,language,צרפתית,2
2026-07-30T17:03:36,58,אורתופדיה,לפיד,language,רוסית,4
2026-07-30T17:03:48,58,אורתופדיה,מבואות ים,gender,גבר,86
2026-07-30T17:03:48,58,אורתופדיה,מבואות ים,visit_type,ביקור במרפאה,89
2026-07-30T17:03:48,58,אורתופדיה,מבואות ים,visit_type,שיחת טלפון,3
2026-07-30T17:03:48,58,אורתופדיה,מבואות ים,language,אידיש,1
2026-07-30T17:03:48,58,אורתופדיה,מבואות ים,language,איטלקית,1
2026-07-30T17:03:48,58,אורתופדיה,מבואות ים,language,אנגלית,8
2026-07-30T17:03:48,58,אורתופדיה,מבואות ים,language,עברית,15
2026-07-30T17:03:48,58,אורתופדיה,מבואות ים,language,ערבית,10
2026-07-30T17:03:48,58,אורתופדיה,מבואות ים,language,רומנית,3
2026-07-30T17:03:48,58,אורתופדיה,מבואות ים,language,רוסית,2
2026-07-30T17:04:03,58,אורתופדיה,מגדים,gender,גבר,115
2026-07-30T17:04:03,58,אורתופדיה,מגדים,visit_type,ביקור במרפאה,116
2026-07-30T17:04:03,58,אורתופדיה,מגדים,visit_type,שיחת טלפון,2
2026-07-30T17:04:03,58,אורתופדיה,מגדים,language,אידיש,1
2026-07-30T17:04:03,58,אורתופדיה,מגדים,language,אנגלית,41
2026-07-30T17:04:03,58,אורתופדיה,מגדים,language,גרמנית,5
2026-07-30T17:04:03,58,אורתופדיה,מגדים,language,הונגרית,1
2026-07-30T17:04:03,58,אורתופדיה,מגדים,language,ספרדית,2
2026-07-30T17:04:03,58,אורתופדיה,מגדים,language,עברית,57
2026-07-30T17:04:03,58,אורתופדיה,מגדים,language,ערבית,29
2026-07-30T17:04:03,58,אורתופדיה,מגדים,language,צרפתית,1
2026-07-30T17:04:03,58,אורתופדיה,מגדים,language,רומנית,14
2026-07-30T17:04:03,58,אורתופדיה,מגדים,language,רוסית,12
2026-07-30T17:04:21,58,אורתופדיה,מוח'יים פארעה,gender,גבר,86
2026-07-30T17:04:21,58,אורתופדיה,מוח'יים פארעה,visit_type,ביקור במרפאה,89
2026-07-30T17:04:21,58,אורתופדיה,מוח'יים פארעה,visit_type,שיחת טלפון,3
2026-07-30T17:04:21,58,אורתופדיה,מוח'יים פארעה,language,אידיש,1
2026-07-30T17:04:21,58,אורתופדיה,מוח'יים פארעה,language,איטלקית,1
2026-07-30T17:04:21,58,אורתופדיה,מוח'יים פארעה,language,אנגלית,8
2026-07-30T17:04:21,58,אורתופדיה,מוח'יים פארעה,language,עברית,15
2026-07-30T17:04:21,58,אורתופדיה,מוח'יים פארעה,language,ערבית,10
2026-07-30T17:04:21,58,אורתופדיה,מוח'יים פארעה,language,רומנית,3
2026-07-30T17:04:21,58,אורתופדיה,מוח'יים פארעה,language,רוסית,2
2026-07-30T17:04:36,58,אורתופדיה,מזכרת בתיה,gender,גבר,84
2026-07-30T17:04:36,58,אורתופדיה,מזכרת בתיה,gender,אישה,1
2026-07-30T17:04:36,58,אורתופדיה,מזכרת בתיה,visit_type,ביקור במרפאה,97
2026-07-30T17:04:36,58,אורתופדיה,מזכרת בתיה,visit_type,שיחת טלפון,2
2026-07-30T17:04:36,58,אורתופדיה,מזכרת בתיה,visit_type,שיחת וידאו,1
2026-07-30T17:04:36,58,אורתופדיה,מזכרת בתיה,language,איטלקית,4
2026-07-30T17:04:36,58,אורתופדיה,מזכרת בתיה,language,אנגלית,13
2026-07-30T17:04:36,58,אורתופדיה,מזכרת בתיה,language,גרמנית,1
2026-07-30T17:04:36,58,אורתופדיה,מזכרת בתיה,language,עברית,24
2026-07-30T17:04:36,58,אורתופדיה,מזכרת בתיה,language,ערבית,2
2026-07-30T17:04:36,58,אורתופדיה,מזכרת בתיה,language,צרפתית,3
2026-07-30T17:04:36,58,אורתופדיה,מזכרת בתיה,language,רומנית,2
2026-07-30T17:04:36,58,אורתופדיה,מזכרת בתיה,language,רוסית,9
2026-07-30T17:04:54,58,אורתופדיה,מי עמי,gender,גבר,125
2026-07-30T17:04:54,58,אורתופדיה,מי עמי,visit_type,ביקור במרפאה,128
2026-07-30T17:04:54,58,אורתופדיה,מי עמי,visit_type,שיחת טלפון,4
2026-07-30T17:04:54,58,אורתופדיה,מי עמי,language,אידיש,1
2026-07-30T17:04:54,58,אורתופדיה,מי עמי,language,איטלקית,1
2026-07-30T17:04:54,58,אורתופדיה,מי עמי,language,אנגלית,15
2026-07-30T17:04:54,58,אורתופדיה,מי עמי,language,גרמנית,1
2026-07-30T17:04:54,58,אורתופדיה,מי עמי,language,עברית,26
2026-07-30T17:04:54,58,אורתופדיה,מי עמי,language,ערבית,18
2026-07-30T17:04:54,58,אורתופדיה,מי עמי,language,רומנית,7
2026-07-30T17:04:54,58,אורתופדיה,מי עמי,language,רוסית,3
2026-07-30T17:05:13,58,אורתופדיה,מכורה,gender,גבר,47
2026-07-30T17:05:13,58,אורתופדיה,מכורה,visit_type,ביקור במרפאה,49
2026-07-30T17:05:13,58,אורתופדיה,מכורה,language,אנגלית,7
2026-07-30T17:05:13,58,אורתופדיה,מכורה,language,עברית,12
2026-07-30T17:05:13,58,אורתופדיה,מכורה,language,ערבית,6
2026-07-30T17:05:13,58,אורתופדיה,מכורה,language,צרפתית,1
2026-07-30T17:05:13,58,אורתופדיה,מכורה,language,רוסית,3
2026-07-30T17:05:22,58,אורתופדיה,מנות,gender,גבר,89
2026-07-30T17:05:22,58,אורתופדיה,מנות,gender,אישה,2
2026-07-30T17:05:22,58,אורתופדיה,מנות,visit_type,ביקור במרפאה,91
2026-07-30T17:05:22,58,אורתופדיה,מנות,visit_type,שיחת טלפון,2
2026-07-30T17:05:22,58,אורתופדיה,מנות,language,איטלקית,1
2026-07-30T17:05:22,58,אורתופדיה,מנות,language,אנגלית,53
2026-07-30T17:05:22,58,אורתופדיה,מנות,language,בולגרית,1
2026-07-30T17:05:22,58,אורתופדיה,מנות,language,גרמנית,3
2026-07-30T17:05:22,58,אורתופדיה,מנות,language,ספרדית,2
2026-07-30T17:05:22,58,אורתופדיה,מנות,language,עברית,90
2026-07-30T17:05:22,58,אורתופדיה,מנות,language,ערבית,67
2026-07-30T17:05:22,58,אורתופדיה,מנות,language,צכית,1
2026-07-30T17:05:22,58,אורתופדיה,מנות,language,צרפתית,1
2026-07-30T17:05:22,58,אורתופדיה,מנות,language,רומנית,8
2026-07-30T17:05:22,58,אורתופדיה,מנות,language,רוסית,19
2026-07-30T17:05:38,58,אורתופדיה,מסלול,gender,גבר,52
2026-07-30T17:05:38,58,אורתופדיה,מסלול,gender,אישה,3
2026-07-30T17:05:38,58,אורתופדיה,מסלול,visit_type,ביקור במרפאה,63
2026-07-30T17:05:38,58,אורתופדיה,מסלול,language,עברית,1
2026-07-30T17:05:38,58,אורתופדיה,מסלול,language,רוסית,1
2026-07-30T17:05:55,58,אורתופדיה,מעיין ברוך,gender,גבר,97
2026-07-30T17:05:55,58,אורתופדיה,מעיין ברוך,visit_type,ביקור במרפאה,98
2026-07-30T17:05:55,58,אורתופדיה,מעיין ברוך,visit_type,שיחת טלפון,1
2026-07-30T17:05:55,58,אורתופדיה,מעיין ברוך,language,איטלקית,1
2026-07-30T17:05:55,58,אורתופדיה,מעיין ברוך,language,אנגלית,9
2026-07-30T17:05:55,58,אורתופדיה,מעיין ברוך,language,עברית,12
2026-07-30T17:05:55,58,אורתופדיה,מעיין ברוך,language,ערבית,5
2026-07-30T17:05:55,58,אורתופדיה,מעיין ברוך,language,רוסית,6
2026-07-30T17:06:10,58,אורתופדיה,מפעלי חבל יבנה,gender,גבר,64
2026-07-30T17:06:10,58,אורתופדיה,מפעלי חבל יבנה,gender,אישה,1
2026-07-30T17:06:10,58,אורתופדיה,מפעלי חבל יבנה,visit_type,ביקור במרפאה,73
2026-07-30T17:06:10,58,אורתופדיה,מפעלי חבל יבנה,visit_type,שיחת טלפון,2
2026-07-30T17:06:10,58,אורתופדיה,מפעלי חבל יבנה,visit_type,שיחת וידאו,1
2026-07-30T17:06:10,58,אורתופדיה,מפעלי חבל יבנה,language,איטלקית,3
2026-07-30T17:06:10,58,אורתופדיה,מפעלי חבל יבנה,language,אנגלית,7
2026-07-30T17:06:10,58,אורתופדיה,מפעלי חבל יבנה,language,גרמנית,1
2026-07-30T17:06:10,58,אורתופדיה,מפעלי חבל יבנה,language,עברית,13
2026-07-30T17:06:10,58,אורתופדיה,מפעלי חבל יבנה,language,ערבית,1
2026-07-30T17:06:10,58,אורתופדיה,מפעלי חבל יבנה,language,צרפתית,3
2026-07-30T17:06:10,58,אורתופדיה,מפעלי חבל יבנה,language,רומנית,1
2026-07-30T17:06:10,58,אורתופדיה,מפעלי חבל יבנה,language,רוסית,5
2026-07-30T17:06:24,58,אורתופדיה,מצפה יריחו,gender,גבר,47
2026-07-30T17:06:24,58,אורתופדיה,מצפה יריחו,visit_type,ביקור במרפאה,49
2026-07-30T17:06:24,58,אורתופדיה,מצפה יריחו,language,אנגלית,7
2026-07-30T17:06:24,58,אורתופדיה,מצפה יריחו,language,עברית,12
2026-07-30T17:06:24,58,אורתופדיה,מצפה יריחו,language,ערבית,6
2026-07-30T17:06:24,58,אורתופדיה,מצפה יריחו,language,צרפתית,1
2026-07-30T17:06:24,58,אורתופדיה,מצפה יריחו,language,רוסית,3
2026-07-30T17:06:34,58,אורתופדיה,מרחביה קיבוץ,gender,גבר,145
2026-07-30T17:06:34,58,אורתופדיה,מרחביה קיבוץ,visit_type,ביקור במרפאה,146
2026-07-30T17:06:34,58,אורתופדיה,מרחביה קיבוץ,visit_type,שיחת טלפון,2
2026-07-30T17:06:34,58,אורתופדיה,מרחביה קיבוץ,language,איטלקית,1
2026-07-30T17:06:34,58,אורתופדיה,מרחביה קיבוץ,language,אנגלית,19
2026-07-30T17:06:34,58,אורתופדיה,מרחביה קיבוץ,language,גרמנית,1
2026-07-30T17:06:34,58,אורתופדיה,מרחביה קיבוץ,language,עברית,31
2026-07-30T17:06:34,58,אורתופדיה,מרחביה קיבוץ,language,ערבית,21
2026-07-30T17:06:34,58,אורתופדיה,מרחביה קיבוץ,language,רומנית,7
2026-07-30T17:06:34,58,אורתופדיה,מרחביה קיבוץ,language,רוסית,6
2026-07-30T17:06:53,58,אורתופדיה,משכיות,gender,גבר,47
2026-07-30T17:06:53,58,אורתופדיה,משכיות,visit_type,ביקור במרפאה,49
2026-07-30T17:06:53,58,אורתופדיה,משכיות,language,אנגלית,7
2026-07-30T17:06:53,58,אורתופדיה,משכיות,language,עברית,12
2026-07-30T17:06:53,58,אורתופדיה,משכיות,language,ערבית,6
2026-07-30T17:06:53,58,אורתופדיה,משכיות,language,צרפתית,1
2026-07-30T17:06:53,58,אורתופדיה,משכיות,language,רוסית,3
2026-07-30T17:07:02,58,אורתופדיה,נאות מרדכי,gender,גבר,97
2026-07-30T17:07:02,58,אורתופדיה,נאות מרדכי,visit_type,ביקור במרפאה,98
2026-07-30T17:07:02,58,אורתופדיה,נאות מרדכי,visit_type,שיחת טלפון,1
2026-07-30T17:07:02,58,אורתופדיה,נאות מרדכי,language,איטלקית,1
2026-07-30T17:07:02,58,אורתופדיה,נאות מרדכי,language,אנגלית,9
2026-07-30T17:07:02,58,אורתופדיה,נאות מרדכי,language,עברית,12
2026-07-30T17:07:02,58,אורתופדיה,נאות מרדכי,language,ערבית,5
2026-07-30T17:07:02,58,אורתופדיה,נאות מרדכי,language,רוסית,6
2026-07-30T17:07:17,58,אורתופדיה,נהריה,gender,גבר,69
2026-07-30T17:07:17,58,אורתופדיה,נהריה,gender,אישה,2
2026-07-30T17:07:17,58,אורתופדיה,נהריה,visit_type,ביקור במרפאה,71
2026-07-30T17:07:17,58,אורתופדיה,נהריה,visit_type,שיחת טלפון,2
2026-07-30T17:07:17,58,אורתופדיה,נהריה,language,איטלקית,1
2026-07-30T17:07:17,58,אורתופדיה,נהריה,language,אנגלית,35
2026-07-30T17:07:17,58,אורתופדיה,נהריה,language,בולגרית,1
2026-07-30T17:07:17,58,אורתופדיה,נהריה,language,גרמנית,1
2026-07-30T17:07:17,58,אורתופדיה,נהריה,language,ספרדית,2
2026-07-30T17:07:17,58,אורתופדיה,נהריה,language,עברית,70
2026-07-30T17:07:17,58,אורתופדיה,נהריה,language,ערבית,60
2026-07-30T17:07:17,58,אורתופדיה,נהריה,language,צכית,1
2026-07-30T17:07:17,58,אורתופדיה,נהריה,language,צרפתית,1
2026-07-30T17:07:17,58,אורתופדיה,נהריה,language,רומנית,4
2026-07-30T17:07:17,58,אורתופדיה,נהריה,language,רוסית,15
2026-07-30T17:07:29,58,אורתופדיה,נווה זוהר,gender,גבר,36
2026-07-30T17:07:29,58,אורתופדיה,נווה זוהר,gender,אישה,2
2026-07-30T17:07:29,58,אורתופדיה,נווה זוהר,visit_type,ביקור במרפאה,43
2026-07-30T17:07:29,58,אורתופדיה,נווה זוהר,language,עברית,1
2026-07-30T17:07:29,58,אורתופדיה,נווה זוהר,language,רוסית,1
2026-07-30T17:07:41,58,אורתופדיה,נחלים,gender,גבר,67
2026-07-30T17:07:41,58,אורתופדיה,נחלים,gender,אישה,1
2026-07-30T17:07:41,58,אורתופדיה,נחלים,visit_type,ביקור במרפאה,77
2026-07-30T17:07:41,58,אורתופדיה,נחלים,visit_type,שיחת טלפון,2
2026-07-30T17:07:41,58,אורתופדיה,נחלים,language,אידיש,1
2026-07-30T17:07:41,58,אורתופדיה,נחלים,language,איטלקית,5
2026-07-30T17:07:41,58,אורתופדיה,נחלים,language,אנגלית,35
2026-07-30T17:07:41,58,אורתופדיה,נחלים,language,גרמנית,6
2026-07-30T17:07:41,58,אורתופדיה,נחלים,language,ספרדית,2
2026-07-30T17:07:41,58,אורתופדיה,נחלים,language,עברית,56
2026-07-30T17:07:41,58,אורתופדיה,נחלים,language,ערבית,6
2026-07-30T17:07:41,58,אורתופדיה,נחלים,language,רומנית,5
2026-07-30T17:07:41,58,אורתופדיה,נחלים,language,רוסית,6
2026-07-30T17:07:54,58,אורתופדיה,ניל''י,gender,גבר,49
2026-07-30T17:07:54,58,אורתופדיה,ניל''י,gender,אישה,1
2026-07-30T17:07:54,58,אורתופדיה,ניל''י,visit_type,ביקור במרפאה,58
2026-07-30T17:07:54,58,אורתופדיה,ניל''י,visit_type,שיחת טלפון,1
2026-07-30T17:07:54,58,אורתופדיה,ניל''י,language,איטלקית,4
2026-07-30T17:07:54,58,אורתופדיה,ניל''י,language,אנגלית,33
2026-07-30T17:07:54,58,אורתופדיה,ניל''י,language,גרמנית,6
2026-07-30T17:07:54,58,אורתופדיה,ניל''י,language,ספרדית,2
2026-07-30T17:07:54,58,אורתופדיה,ניל''י,language,עברית,54
2026-07-30T17:07:54,58,אורתופדיה,ניל''י,language,ערבית,6
2026-07-30T17:07:54,58,אורתופדיה,ניל''י,language,רומנית,5
2026-07-30T17:07:54,58,אורתופדיה,ניל''י,language,רוסית,6
2026-07-30T17:08:04,58,אורתופדיה,נמל תעופה בן גוריון,gender,גבר,64
2026-07-30T17:08:04,58,אורתופדיה,נמל תעופה בן גוריון,gender,אישה,1
2026-07-30T17:08:04,58,אורתופדיה,נמל תעופה בן גוריון,visit_type,ביקור במרפאה,73
2026-07-30T17:08:04,58,אורתופדיה,נמל תעופה בן גוריון,visit_type,שיחת טלפון,2
2026-07-30T17:08:04,58,אורתופדיה,נמל תעופה בן גוריון,visit_type,שיחת וידאו,1
2026-07-30T17:08:04,58,אורתופדיה,נמל תעופה בן גוריון,language,איטלקית,3
2026-07-30T17:08:04,58,אורתופדיה,נמל תעופה בן גוריון,language,אנגלית,7
2026-07-30T17:08:04,58,אורתופדיה,נמל תעופה בן גוריון,language,גרמנית,1
2026-07-30T17:08:04,58,אורתופדיה,נמל תעופה בן גוריון,language,עברית,13
2026-07-30T17:08:04,58,אורתופדיה,נמל תעופה בן גוריון,language,ערבית,1
2026-07-30T17:08:04,58,אורתופדיה,נמל תעופה בן גוריון,language,צרפתית,3
2026-07-30T17:08:04,58,אורתופדיה,נמל תעופה בן גוריון,language,רומנית,1
2026-07-30T17:08:04,58,אורתופדיה,נמל תעופה בן גוריון,language,רוסית,5
2026-07-30T17:08:19,58,אורתופדיה,נצר חזני,gender,גבר,64
2026-07-30T17:08:19,58,אורתופדיה,נצר חזני,gender,אישה,1
2026-07-30T17:08:19,58,אורתופדיה,נצר חזני,visit_type,ביקור במרפאה,73
2026-07-30T17:08:19,58,אורתופדיה,נצר חזני,visit_type,שיחת טלפון,2
2026-07-30T17:08:19,58,אורתופדיה,נצר חזני,visit_type,שיחת וידאו,1
2026-07-30T17:08:19,58,אורתופדיה,נצר חזני,language,איטלקית,3
2026-07-30T17:08:19,58,אורתופדיה,נצר חזני,language,אנגלית,7
2026-07-30T17:08:19,58,אורתופדיה,נצר חזני,language,גרמנית,1
2026-07-30T17:08:19,58,אורתופדיה,נצר חזני,language,עברית,13
2026-07-30T17:08:19,58,אורתופדיה,נצר חזני,language,ערבית,1
2026-07-30T17:08:19,58,אורתופדיה,נצר חזני,language,צרפתית,3
2026-07-30T17:08:19,58,אורתופדיה,נצר חזני,language,רומנית,1
2026-07-30T17:08:19,58,אורתופדיה,נצר חזני,language,רוסית,5
2026-07-30T17:08:33,58,אורתופדיה,סאג'ור,gender,גבר,89
2026-07-30T17:08:33,58,אורתופדיה,סאג'ור,gender,אישה,2
2026-07-30T17:08:33,58,אורתופדיה,סאג'ור,visit_type,ביקור במרפאה,91
2026-07-30T17:08:33,58,אורתופדיה,סאג'ור,visit_type,שיחת טלפון,2
2026-07-30T17:08:33,58,אורתופדיה,סאג'ור,language,איטלקית,1
2026-07-30T17:08:33,58,אורתופדיה,סאג'ור,language,אנגלית,53
2026-07-30T17:08:33,58,אורתופדיה,סאג'ור,language,בולגרית,1
2026-07-30T17:08:33,58,אורתופדיה,סאג'ור,language,גרמנית,3
2026-07-30T17:08:33,58,אורתופדיה,סאג'ור,language,ספרדית,2
2026-07-30T17:08:33,58,אורתופדיה,סאג'ור,language,עברית,90
2026-07-30T17:08:33,58,אורתופדיה,סאג'ור,language,ערבית,67
2026-07-30T17:08:33,58,אורתופדיה,סאג'ור,language,צכית,1
2026-07-30T17:08:33,58,אורתופדיה,סאג'ור,language,צרפתית,1
2026-07-30T17:08:33,58,אורתופדיה,סאג'ור,language,רומנית,8
2026-07-30T17:08:33,58,אורתופדיה,סאג'ור,language,רוסית,19
2026-07-30T17:08:50,58,אורתופדיה,סומיה,gender,גבר,52
2026-07-30T17:08:50,58,אורתופדיה,סומיה,gender,אישה,3
2026-07-30T17:08:50,58,אורתופדיה,סומיה,visit_type,ביקור במרפאה,63
2026-07-30T17:08:50,58,אורתופדיה,סומיה,language,עברית,1
2026-07-30T17:08:50,58,אורתופדיה,סומיה,language,רוסית,1
2026-07-30T17:09:06,58,אורתופדיה,סילת אל ח'רית'יה,gender,גבר,86
2026-07-30T17:09:06,58,אורתופדיה,סילת אל ח'רית'יה,visit_type,ביקור במרפאה,89
2026-07-30T17:09:06,58,אורתופדיה,סילת אל ח'רית'יה,visit_type,שיחת טלפון,3
2026-07-30T17:09:06,58,אורתופדיה,סילת אל ח'רית'יה,language,אידיש,1
2026-07-30T17:09:06,58,אורתופדיה,סילת אל ח'רית'יה,language,איטלקית,1
2026-07-30T17:09:06,58,אורתופדיה,סילת אל ח'רית'יה,language,אנגלית,8
2026-07-30T17:09:06,58,אורתופדיה,סילת אל ח'רית'יה,language,עברית,15
2026-07-30T17:09:06,58,אורתופדיה,סילת אל ח'רית'יה,language,ערבית,10
2026-07-30T17:09:06,58,אורתופדיה,סילת אל ח'רית'יה,language,רומנית,3
2026-07-30T17:09:06,58,אורתופדיה,סילת אל ח'רית'יה,language,רוסית,2
2026-07-30T17:09:21,58,אורתופדיה,סניריא,gender,גבר,49
2026-07-30T17:09:21,58,אורתופדיה,סניריא,gender,אישה,1
2026-07-30T17:09:21,58,אורתופדיה,סניריא,visit_type,ביקור במרפאה,58
2026-07-30T17:09:21,58,אורתופדיה,סניריא,visit_type,שיחת טלפון,1
2026-07-30T17:09:21,58,אורתופדיה,סניריא,language,איטלקית,4
2026-07-30T17:09:21,58,אורתופדיה,סניריא,language,אנגלית,33
2026-07-30T17:09:21,58,אורתופדיה,סניריא,language,גרמנית,6
2026-07-30T17:09:21,58,אורתופדיה,סניריא,language,ספרדית,2
2026-07-30T17:09:21,58,אורתופדיה,סניריא,language,עברית,54
2026-07-30T17:09:21,58,אורתופדיה,סניריא,language,ערבית,6
2026-07-30T17:09:21,58,אורתופדיה,סניריא,language,רומנית,5
2026-07-30T17:09:21,58,אורתופדיה,סניריא,language,רוסית,6
2026-07-30T17:09:31,58,אורתופדיה,סרטא,gender,גבר,49
2026-07-30T17:09:31,58,אורתופדיה,סרטא,gender,אישה,1
2026-07-30T17:09:31,58,אורתופדיה,סרטא,visit_type,ביקור במרפאה,58
2026-07-30T17:09:31,58,אורתופדיה,סרטא,visit_type,שיחת טלפון,1
2026-07-30T17:09:31,58,אורתופדיה,סרטא,language,איטלקית,4
2026-07-30T17:09:31,58,אורתופדיה,סרטא,language,אנגלית,33
2026-07-30T17:09:31,58,אורתופדיה,סרטא,language,גרמנית,6
2026-07-30T17:09:31,58,אורתופדיה,סרטא,language,ספרדית,2
2026-07-30T17:09:31,58,אורתופדיה,סרטא,language,עברית,54
2026-07-30T17:09:31,58,אורתופדיה,סרטא,language,ערבית,6
2026-07-30T17:09:31,58,אורתופדיה,סרטא,language,רומנית,5
2026-07-30T17:09:31,58,אורתופדיה,סרטא,language,רוסית,6
2026-07-30T17:09:42,58,אורתופדיה,עג'ה,gender,גבר,86
2026-07-30T17:09:42,58,אורתופדיה,עג'ה,visit_type,ביקור במרפאה,89
2026-07-30T17:09:42,58,אורתופדיה,עג'ה,visit_type,שיחת טלפון,3
2026-07-30T17:09:42,58,אורתופדיה,עג'ה,language,אידיש,1
2026-07-30T17:09:42,58,אורתופדיה,עג'ה,language,איטלקית,1
2026-07-30T17:09:42,58,אורתופדיה,עג'ה,language,אנגלית,8
2026-07-30T17:09:42,58,אורתופדיה,עג'ה,language,עברית,15
2026-07-30T17:09:42,58,אורתופדיה,עג'ה,language,ערבית,10
2026-07-30T17:09:42,58,אורתופדיה,עג'ה,language,רומנית,3
2026-07-30T17:09:42,58,אורתופדיה,עג'ה,language,רוסית,2
2026-07-30T17:09:57,58,אורתופדיה,עוזייר,gender,גבר,97
2026-07-30T17:09:57,58,אורתופדיה,עוזייר,visit_type,ביקור במרפאה,98
2026-07-30T17:09:57,58,אורתופדיה,עוזייר,visit_type,שיחת טלפון,1
2026-07-30T17:09:57,58,אורתופדיה,עוזייר,language,איטלקית,1
2026-07-30T17:09:57,58,אורתופדיה,עוזייר,language,אנגלית,9
2026-07-30T17:09:57,58,אורתופדיה,עוזייר,language,עברית,12
2026-07-30T17:09:57,58,אורתופדיה,עוזייר,language,ערבית,5
2026-07-30T17:09:57,58,אורתופדיה,עוזייר,language,רוסית,6
2026-07-30T17:10:12,58,אורתופדיה,עזמוט,gender,גבר,86
2026-07-30T17:10:12,58,אורתופדיה,עזמוט,visit_type,ביקור במרפאה,89
2026-07-30T17:10:12,58,אורתופדיה,עזמוט,visit_type,שיחת טלפון,3
2026-07-30T17:10:12,58,אורתופדיה,עזמוט,language,אידיש,1
2026-07-30T17:10:12,58,אורתופדיה,עזמוט,language,איטלקית,1
2026-07-30T17:10:12,58,אורתופדיה,עזמוט,language,אנגלית,8
2026-07-30T17:10:12,58,אורתופדיה,עזמוט,language,עברית,15
2026-07-30T17:10:12,58,אורתופדיה,עזמוט,language,ערבית,10
2026-07-30T17:10:12,58,אורתופדיה,עזמוט,language,רומנית,3
2026-07-30T17:10:12,58,אורתופדיה,עזמוט,language,רוסית,2
2026-07-30T17:10:28,58,אורתופדיה,עיילבון,gender,גבר,97
2026-07-30T17:10:28,58,אורתופדיה,עיילבון,visit_type,ביקור במרפאה,98
2026-07-30T17:10:28,58,אורתופדיה,עיילבון,visit_type,שיחת טלפון,1
2026-07-30T17:10:28,58,אורתופדיה,עיילבון,language,איטלקית,1
2026-07-30T17:10:28,58,אורתופדיה,עיילבון,language,אנגלית,9
2026-07-30T17:10:28,58,אורתופדיה,עיילבון,language,עברית,12
2026-07-30T17:10:28,58,אורתופדיה,עיילבון,language,ערבית,5
2026-07-30T17:10:28,58,אורתופדיה,עיילבון,language,רוסית,6
2026-07-30T17:10:45,58,אורתופדיה,עלומים,gender,גבר,41
2026-07-30T17:10:45,58,אורתופדיה,עלומים,gender,אישה,2
2026-07-30T17:10:45,58,אורתופדיה,עלומים,visit_type,ביקור במרפאה,47
2026-07-30T17:10:45,58,אורתופדיה,עלומים,language,עברית,1
2026-07-30T17:10:45,58,אורתופדיה,עלומים,language,רוסית,1
2026-07-30T17:10:59,58,אורתופדיה,עמיעוז,gender,גבר,41
2026-07-30T17:10:59,58,אורתופדיה,עמיעוז,gender,אישה,2
2026-07-30T17:10:59,58,אורתופדיה,עמיעוז,visit_type,ביקור במרפאה,47
2026-07-30T17:10:59,58,אורתופדיה,עמיעוז,language,עברית,1
2026-07-30T17:10:59,58,אורתופדיה,עמיעוז,language,רוסית,1
2026-07-30T17:11:11,58,אורתופדיה,עסירה אל קיבליה,gender,גבר,86
2026-07-30T17:11:11,58,אורתופדיה,עסירה אל קיבליה,visit_type,ביקור במרפאה,89
2026-07-30T17:11:11,58,אורתופדיה,עסירה אל קיבליה,visit_type,שיחת טלפון,3
2026-07-30T17:11:11,58,אורתופדיה,עסירה אל קיבליה,language,אידיש,1
2026-07-30T17:11:11,58,אורתופדיה,עסירה אל קיבליה,language,איטלקית,1
2026-07-30T17:11:11,58,אורתופדיה,עסירה אל קיבליה,language,אנגלית,8
2026-07-30T17:11:11,58,אורתופדיה,עסירה אל קיבליה,language,עברית,15
2026-07-30T17:11:11,58,אורתופדיה,עסירה אל קיבליה,language,ערבית,10
2026-07-30T17:11:11,58,אורתופדיה,עסירה אל קיבליה,language,רומנית,3
2026-07-30T17:11:11,58,אורתופדיה,עסירה אל קיבליה,language,רוסית,2
2026-07-30T17:11:26,58,אורתופדיה,עראבה ליד ג'נין,gender,גבר,86
2026-07-30T17:11:26,58,אורתופדיה,עראבה ליד ג'נין,visit_type,ביקור במרפאה,89
2026-07-30T17:11:26,58,אורתופדיה,עראבה ליד ג'נין,visit_type,שיחת טלפון,3
2026-07-30T17:11:26,58,אורתופדיה,עראבה ליד ג'נין,language,אידיש,1
2026-07-30T17:11:26,58,אורתופדיה,עראבה ליד ג'נין,language,איטלקית,1
2026-07-30T17:11:26,58,אורתופדיה,עראבה ליד ג'נין,language,אנגלית,8
2026-07-30T17:11:26,58,אורתופדיה,עראבה ליד ג'נין,language,עברית,15
2026-07-30T17:11:26,58,אורתופדיה,עראבה ליד ג'נין,language,ערבית,10
2026-07-30T17:11:26,58,אורתופדיה,עראבה ליד ג'נין,language,רומנית,3
2026-07-30T17:11:26,58,אורתופדיה,עראבה ליד ג'נין,language,רוסית,2
2026-07-30T17:11:41,58,אורתופדיה,עשרת,gender,גבר,32
2026-07-30T17:11:41,58,אורתופדיה,עשרת,gender,אישה,1
2026-07-30T17:11:41,58,אורתופדיה,עשרת,visit_type,ביקור במרפאה,37
2026-07-30T17:11:41,58,אורתופדיה,עשרת,visit_type,שיחת טלפון,1
2026-07-30T17:11:41,58,אורתופדיה,עשרת,visit_type,שיחת וידאו,1
2026-07-30T17:11:41,58,אורתופדיה,עשרת,language,איטלקית,1
2026-07-30T17:11:41,58,אורתופדיה,עשרת,language,אנגלית,3
2026-07-30T17:11:41,58,אורתופדיה,עשרת,language,גרמנית,1
2026-07-30T17:11:41,58,אורתופדיה,עשרת,language,עברית,7
2026-07-30T17:11:41,58,אורתופדיה,עשרת,language,ערבית,1
2026-07-30T17:11:41,58,אורתופדיה,עשרת,language,צרפתית,1
2026-07-30T17:11:41,58,אורתופדיה,עשרת,language,רומנית,1
2026-07-30T17:11:41,58,אורתופדיה,עשרת,language,רוסית,3
2026-07-30T17:11:50,58,אורתופדיה,פארק תעשייה חבל מודיעים,gender,גבר,49
2026-07-30T17:11:50,58,אורתופדיה,פארק תעשייה חבל מודיעים,gender,אישה,1
2026-07-30T17:11:50,58,אורתופדיה,פארק תעשייה חבל מודיעים,visit_type,ביקור במרפאה,58
2026-07-30T17:11:50,58,אורתופדיה,פארק תעשייה חבל מודיעים,visit_type,שיחת טלפון,1
2026-07-30T17:11:50,58,אורתופדיה,פארק תעשייה חבל מודיעים,language,איטלקית,4
2026-07-30T17:11:50,58,אורתופדיה,פארק תעשייה חבל מודיעים,language,אנגלית,33
2026-07-30T17:11:50,58,אורתופדיה,פארק תעשייה חבל מודיעים,language,גרמנית,6
2026-07-30T17:11:50,58,אורתופדיה,פארק תעשייה חבל מודיעים,language,ספרדית,2
2026-07-30T17:11:50,58,אורתופדיה,פארק תעשייה חבל מודיעים,language,עברית,54
2026-07-30T17:11:50,58,אורתופדיה,פארק תעשייה חבל מודיעים,language,ערבית,6
2026-07-30T17:11:50,58,אורתופדיה,פארק תעשייה חבל מודיעים,language,רומנית,5
2026-07-30T17:11:50,58,אורתופדיה,פארק תעשייה חבל מודיעים,language,רוסית,6
2026-07-30T17:12:02,58,אורתופדיה,פטיש,gender,גבר,52
2026-07-30T17:12:02,58,אורתופדיה,פטיש,gender,אישה,3
2026-07-30T17:12:02,58,אורתופדיה,פטיש,visit_type,ביקור במרפאה,63
2026-07-30T17:12:02,58,אורתופדיה,פטיש,language,עברית,1
2026-07-30T17:12:02,58,אורתופדיה,פטיש,language,רוסית,1
2026-07-30T17:12:17,58,אורתופדיה,פצאל,gender,גבר,47
2026-07-30T17:12:17,58,אורתופדיה,פצאל,visit_type,ביקור במרפאה,49
2026-07-30T17:12:17,58,אורתופדיה,פצאל,language,אנגלית,7
2026-07-30T17:12:17,58,אורתופדיה,פצאל,language,עברית,12
2026-07-30T17:12:17,58,אורתופדיה,פצאל,language,ערבית,6
2026-07-30T17:12:17,58,אורתופדיה,פצאל,language,צרפתית,1
2026-07-30T17:12:17,58,אורתופדיה,פצאל,language,רוסית,3
2026-07-30T17:12:27,58,אורתופדיה,פרעון,gender,גבר,86
2026-07-30T17:12:27,58,אורתופדיה,פרעון,visit_type,ביקור במרפאה,89
2026-07-30T17:12:27,58,אורתופדיה,פרעון,visit_type,שיחת טלפון,3
2026-07-30T17:12:27,58,אורתופדיה,פרעון,language,אידיש,1
2026-07-30T17:12:27,58,אורתופדיה,פרעון,language,איטלקית,1
2026-07-30T17:12:27,58,אורתופדיה,פרעון,language,אנגלית,8
2026-07-30T17:12:27,58,אורתופדיה,פרעון,language,עברית,15
2026-07-30T17:12:27,58,אורתופדיה,פרעון,language,ערבית,10
2026-07-30T17:12:27,58,אורתופדיה,פרעון,language,רומנית,3
2026-07-30T17:12:27,58,אורתופדיה,פרעון,language,רוסית,2
2026-07-30T17:12:42,58,אורתופדיה,צופים,gender,גבר,116
2026-07-30T17:12:42,58,אורתופדיה,צופים,gender,אישה,4
2026-07-30T17:12:42,58,אורתופדיה,צופים,visit_type,ביקור במרפאה,130
2026-07-30T17:12:42,58,אורתופדיה,צופים,visit_type,שיחת טלפון,3
2026-07-30T17:12:42,58,אורתופדיה,צופים,language,אידיש,1
2026-07-30T17:12:42,58,אורתופדיה,צופים,language,איטלקית,6
2026-07-30T17:12:42,58,אורתופדיה,צופים,language,אנגלית,28
2026-07-30T17:12:42,58,אורתופדיה,צופים,language,גרמנית,1
2026-07-30T17:12:42,58,אורתופדיה,צופים,language,עברית,46
2026-07-30T17:12:42,58,אורתופדיה,צופים,language,ערבית,15
2026-07-30T17:12:42,58,אורתופדיה,צופים,language,רומנית,8
2026-07-30T17:12:42,58,אורתופדיה,צופים,language,רוסית,6
2026-07-30T17:13:02,58,אורתופדיה,צפריה,gender,גבר,54
2026-07-30T17:13:02,58,אורתופדיה,צפריה,gender,אישה,1
2026-07-30T17:13:02,58,אורתופדיה,צפריה,visit_type,ביקור במרפאה,61
2026-07-30T17:13:02,58,אורתופדיה,צפריה,visit_type,שיחת טלפון,1
2026-07-30T17:13:02,58,אורתופדיה,צפריה,language,איטלקית,2
2026-07-30T17:13:02,58,אורתופדיה,צפריה,language,אנגלית,6
2026-07-30T17:13:02,58,אורתופדיה,צפריה,language,גרמנית,1
2026-07-30T17:13:02,58,אורתופדיה,צפריה,language,עברית,9
2026-07-30T17:13:02,58,אורתופדיה,צפריה,language,צרפתית,2
2026-07-30T17:13:02,58,אורתופדיה,צפריה,language,רוסית,4
2026-07-30T17:13:14,58,אורתופדיה,קדימה צורן,gender,גבר,86
2026-07-30T17:13:14,58,אורתופדיה,קדימה צורן,visit_type,ביקור במרפאה,89
2026-07-30T17:13:14,58,אורתופדיה,קדימה צורן,visit_type,שיחת טלפון,3
2026-07-30T17:13:14,58,אורתופדיה,קדימה צורן,language,אידיש,1
2026-07-30T17:13:14,58,אורתופדיה,קדימה צורן,language,איטלקית,1
2026-07-30T17:13:14,58,אורתופדיה,קדימה צורן,language,אנגלית,8
2026-07-30T17:13:14,58,אורתופדיה,קדימה צורן,language,עברית,15
2026-07-30T17:13:14,58,אורתופדיה,קדימה צורן,language,ערבית,10
2026-07-30T17:13:14,58,אורתופדיה,קדימה צורן,language,רומנית,3
2026-07-30T17:13:14,58,אורתופדיה,קדימה צורן,language,רוסית,2
2026-07-30T17:13:30,58,אורתופדיה,קוממיות,gender,גבר,41
2026-07-30T17:13:30,58,אורתופדיה,קוממיות,gender,אישה,2
2026-07-30T17:13:30,58,אורתופדיה,קוממיות,visit_type,ביקור במרפאה,47
2026-07-30T17:13:30,58,אורתופדיה,קוממיות,language,עברית,1
2026-07-30T17:13:30,58,אורתופדיה,קוממיות,language,רוסית,1
2026-07-30T17:13:41,58,אורתופדיה,קליה,gender,גבר,47
2026-07-30T17:13:41,58,אורתופדיה,קליה,visit_type,ביקור במרפאה,49
2026-07-30T17:13:41,58,אורתופדיה,קליה,language,אנגלית,7
2026-07-30T17:13:41,58,אורתופדיה,קליה,language,עברית,12
2026-07-30T17:13:41,58,אורתופדיה,קליה,language,ערבית,6
2026-07-30T17:13:41,58,אורתופדיה,קליה,language,צרפתית,1
2026-07-30T17:13:41,58,אורתופדיה,קליה,language,רוסית,3
2026-07-30T17:13:49,58,אורתופדיה,קראות בני חסן,gender,גבר,49
2026-07-30T17:13:49,58,אורתופדיה,קראות בני חסן,gender,אישה,1
2026-07-30T17:13:49,58,אורתופדיה,קראות בני חסן,visit_type,ביקור במרפאה,58
2026-07-30T17:13:49,58,אורתופדיה,קראות בני חסן,visit_type,שיחת טלפון,1
2026-07-30T17:13:49,58,אורתופדיה,קראות בני חסן,language,איטלקית,4
2026-07-30T17:13:49,58,אורתופדיה,קראות בני חסן,language,אנגלית,33
2026-07-30T17:13:49,58,אורתופדיה,קראות בני חסן,language,גרמנית,6
2026-07-30T17:13:49,58,אורתופדיה,קראות בני חסן,language,ספרדית,2
2026-07-30T17:13:49,58,אורתופדיה,קראות בני חסן,language,עברית,54
2026-07-30T17:13:49,58,אורתופדיה,קראות בני חסן,language,ערבית,6
2026-07-30T17:13:49,58,אורתופדיה,קראות בני חסן,language,רומנית,5
2026-07-30T17:13:49,58,אורתופדיה,קראות בני חסן,language,רוסית,6
2026-07-30T17:13:59,58,אורתופדיה,ראבא,gender,גבר,86
2026-07-30T17:13:59,58,אורתופדיה,ראבא,visit_type,ביקור במרפאה,89
2026-07-30T17:13:59,58,אורתופדיה,ראבא,visit_type,שיחת טלפון,3
2026-07-30T17:13:59,58,אורתופדיה,ראבא,language,אידיש,1
2026-07-30T17:13:59,58,אורתופדיה,ראבא,language,איטלקית,1
2026-07-30T17:13:59,58,אורתופדיה,ראבא,language,אנגלית,8
2026-07-30T17:13:59,58,אורתופדיה,ראבא,language,עברית,15
2026-07-30T17:13:59,58,אורתופדיה,ראבא,language,ערבית,10
2026-07-30T17:13:59,58,אורתופדיה,ראבא,language,רומנית,3
2026-07-30T17:13:59,58,אורתופדיה,ראבא,language,רוסית,2
2026-07-30T17:14:14,58,אורתופדיה,רבבה,gender,גבר,67
2026-07-30T17:14:14,58,אורתופדיה,רבבה,gender,אישה,1
2026-07-30T17:14:14,58,אורתופדיה,רבבה,visit_type,ביקור במרפאה,77
2026-07-30T17:14:14,58,אורתופדיה,רבבה,visit_type,שיחת טלפון,2
2026-07-30T17:14:14,58,אורתופדיה,רבבה,language,אידיש,1
2026-07-30T17:14:14,58,אורתופדיה,רבבה,language,איטלקית,5
2026-07-30T17:14:14,58,אורתופדיה,רבבה,language,אנגלית,35
2026-07-30T17:14:14,58,אורתופדיה,רבבה,language,גרמנית,6
2026-07-30T17:14:14,58,אורתופדיה,רבבה,language,ספרדית,2
2026-07-30T17:14:14,58,אורתופדיה,רבבה,language,עברית,56
2026-07-30T17:14:14,58,אורתופדיה,רבבה,language,ערבית,6
2026-07-30T17:14:14,58,אורתופדיה,רבבה,language,רומנית,5
2026-07-30T17:14:14,58,אורתופדיה,רבבה,language,רוסית,6
2026-07-30T17:14:29,58,אורתופדיה,רוח מדבר,gender,גבר,52
2026-07-30T17:14:29,58,אורתופדיה,רוח מדבר,gender,אישה,3
2026-07-30T17:14:29,58,אורתופדיה,רוח מדבר,visit_type,ביקור במרפאה,63
2026-07-30T17:14:29,58,אורתופדיה,רוח מדבר,language,עברית,1
2026-07-30T17:14:29,58,אורתופדיה,רוח מדבר,language,רוסית,1
2026-07-30T17:14:46,58,אורתופדיה,ריחאנייה,gender,גבר,97
2026-07-30T17:14:46,58,אורתופדיה,ריחאנייה,visit_type,ביקור במרפאה,98
2026-07-30T17:14:46,58,אורתופדיה,ריחאנייה,visit_type,שיחת טלפון,1
2026-07-30T17:14:46,58,אורתופדיה,ריחאנייה,language,איטלקית,1
2026-07-30T17:14:46,58,אורתופדיה,ריחאנייה,language,אנגלית,9
2026-07-30T17:14:46,58,אורתופדיה,ריחאנייה,language,עברית,12
2026-07-30T17:14:46,58,אורתופדיה,ריחאנייה,language,ערבית,5
2026-07-30T17:14:46,58,אורתופדיה,ריחאנייה,language,רוסית,6
2026-07-30T17:15:02,58,אורתופדיה,רמות השבים,gender,גבר,67
2026-07-30T17:15:02,58,אורתופדיה,רמות השבים,gender,אישה,1
2026-07-30T17:15:02,58,אורתופדיה,רמות השבים,visit_type,ביקור במרפאה,77
2026-07-30T17:15:02,58,אורתופדיה,רמות השבים,visit_type,שיחת טלפון,2
2026-07-30T17:15:02,58,אורתופדיה,רמות השבים,language,אידיש,1
2026-07-30T17:15:02,58,אורתופדיה,רמות השבים,language,איטלקית,5
2026-07-30T17:15:02,58,אורתופדיה,רמות השבים,language,אנגלית,35
2026-07-30T17:15:02,58,אורתופדיה,רמות השבים,language,גרמנית,6
2026-07-30T17:15:02,58,אורתופדיה,רמות השבים,language,ספרדית,2
2026-07-30T17:15:02,58,אורתופדיה,רמות השבים,language,עברית,56
2026-07-30T17:15:02,58,אורתופדיה,רמות השבים,language,ערבית,6
2026-07-30T17:15:02,58,אורתופדיה,רמות השבים,language,רומנית,5
2026-07-30T17:15:02,58,אורתופדיה,רמות השבים,language,רוסית,6
2026-07-30T17:15:15,58,אורתופדיה,רפידא,gender,גבר,47
2026-07-30T17:15:15,58,אורתופדיה,רפידא,visit_type,ביקור במרפאה,49
2026-07-30T17:15:15,58,אורתופדיה,רפידא,language,אנגלית,7
2026-07-30T17:15:15,58,אורתופדיה,רפידא,language,עברית,12
2026-07-30T17:15:15,58,אורתופדיה,רפידא,language,ערבית,6
2026-07-30T17:15:15,58,אורתופדיה,רפידא,language,צרפתית,1
2026-07-30T17:15:15,58,אורתופדיה,רפידא,language,רוסית,3
2026-07-30T17:15:26,58,אורתופדיה,שבלי,gender,גבר,145
2026-07-30T17:15:26,58,אורתופדיה,שבלי,visit_type,ביקור במרפאה,146
2026-07-30T17:15:26,58,אורתופדיה,שבלי,visit_type,שיחת טלפון,2
2026-07-30T17:15:26,58,אורתופדיה,שבלי,language,איטלקית,1
2026-07-30T17:15:26,58,אורתופדיה,שבלי,language,אנגלית,19
2026-07-30T17:15:26,58,אורתופדיה,שבלי,language,גרמנית,1
2026-07-30T17:15:26,58,אורתופדיה,שבלי,language,עברית,31
2026-07-30T17:15:26,58,אורתופדיה,שבלי,language,ערבית,21
2026-07-30T17:15:26,58,אורתופדיה,שבלי,language,רומנית,7
2026-07-30T17:15:26,58,אורתופדיה,שבלי,language,רוסית,6
2026-07-30T17:15:48,58,אורתופדיה,שדה יעקב,gender,גבר,145
2026-07-30T17:15:48,58,אורתופדיה,שדה יעקב,visit_type,ביקור במרפאה,146
2026-07-30T17:15:48,58,אורתופדיה,שדה יעקב,visit_type,שיחת טלפון,2
2026-07-30T17:15:48,58,אורתופדיה,שדה יעקב,language,איטלקית,1
2026-07-30T17:15:48,58,אורתופדיה,שדה יעקב,language,אנגלית,19
2026-07-30T17:15:48,58,אורתופדיה,שדה יעקב,language,גרמנית,1
2026-07-30T17:15:48,58,אורתופדיה,שדה יעקב,language,עברית,31
2026-07-30T17:15:48,58,אורתופדיה,שדה יעקב,language,ערבית,21
2026-07-30T17:15:48,58,אורתופדיה,שדה יעקב,language,רומנית,7
2026-07-30T17:15:48,58,אורתופדיה,שדה יעקב,language,רוסית,6
2026-07-30T17:16:09,58,אורתופדיה,שופה,gender,גבר,86
2026-07-30T17:16:09,58,אורתופדיה,שופה,visit_type,ביקור במרפאה,89
2026-07-30T17:16:09,58,אורתופדיה,שופה,visit_type,שיחת טלפון,3
2026-07-30T17:16:09,58,אורתופדיה,שופה,language,אידיש,1
2026-07-30T17:16:09,58,אורתופדיה,שופה,language,איטלקית,1
2026-07-30T17:16:09,58,אורתופדיה,שופה,language,אנגלית,8
2026-07-30T17:16:09,58,אורתופדיה,שופה,language,עברית,15
2026-07-30T17:16:09,58,אורתופדיה,שופה,language,ערבית,10
2026-07-30T17:16:09,58,אורתופדיה,שופה,language,רומנית,3
2026-07-30T17:16:09,58,אורתופדיה,שופה,language,רוסית,2
2026-07-30T17:16:26,58,אורתופדיה,שיטים,gender,גבר,36
2026-07-30T17:16:26,58,אורתופדיה,שיטים,gender,אישה,2
2026-07-30T17:16:26,58,אורתופדיה,שיטים,visit_type,ביקור במרפאה,43
2026-07-30T17:16:26,58,אורתופדיה,שיטים,language,עברית,1
2026-07-30T17:16:26,58,אורתופדיה,שיטים,language,רוסית,1
2026-07-30T17:16:39,58,אורתופדיה,שלומית,gender,גבר,41
2026-07-30T17:16:39,58,אורתופדיה,שלומית,gender,אישה,2
2026-07-30T17:16:39,58,אורתופדיה,שלומית,visit_type,ביקור במרפאה,47
2026-07-30T17:16:39,58,אורתופדיה,שלומית,language,עברית,1
2026-07-30T17:16:39,58,אורתופדיה,שלומית,language,רוסית,1
2026-07-30T17:16:51,58,אורתופדיה,שעלבים,gender,גבר,54
2026-07-30T17:16:51,58,אורתופדיה,שעלבים,gender,אישה,1
2026-07-30T17:16:51,58,אורתופדיה,שעלבים,visit_type,ביקור במרפאה,61
2026-07-30T17:16:51,58,אורתופדיה,שעלבים,visit_type,שיחת טלפון,1
2026-07-30T17:16:51,58,אורתופדיה,שעלבים,language,איטלקית,2
2026-07-30T17:16:51,58,אורתופדיה,שעלבים,language,אנגלית,6
2026-07-30T17:16:51,58,אורתופדיה,שעלבים,language,גרמנית,1
2026-07-30T17:16:51,58,אורתופדיה,שעלבים,language,עברית,9
2026-07-30T17:16:51,58,אורתופדיה,שעלבים,language,צרפתית,2
2026-07-30T17:16:51,58,אורתופדיה,שעלבים,language,רוסית,4
2026-07-30T17:17:04,58,אורתופדיה,שקד,gender,גבר,86
2026-07-30T17:17:04,58,אורתופדיה,שקד,visit_type,ביקור במרפאה,89
2026-07-30T17:17:04,58,אורתופדיה,שקד,visit_type,שיחת טלפון,3
2026-07-30T17:17:04,58,אורתופדיה,שקד,language,אידיש,1
2026-07-30T17:17:04,58,אורתופדיה,שקד,language,איטלקית,1
2026-07-30T17:17:04,58,אורתופדיה,שקד,language,אנגלית,8
2026-07-30T17:17:04,58,אורתופדיה,שקד,language,עברית,15
2026-07-30T17:17:04,58,אורתופדיה,שקד,language,ערבית,10
2026-07-30T17:17:04,58,אורתופדיה,שקד,language,רומנית,3
2026-07-30T17:17:04,58,אורתופדיה,שקד,language,רוסית,2
2026-07-30T17:17:18,58,אורתופדיה,תובל,gender,גבר,89
2026-07-30T17:17:18,58,אורתופדיה,תובל,gender,אישה,2
2026-07-30T17:17:18,58,אורתופדיה,תובל,visit_type,ביקור במרפאה,91
2026-07-30T17:17:18,58,אורתופדיה,תובל,visit_type,שיחת טלפון,2
2026-07-30T17:17:18,58,אורתופדיה,תובל,language,איטלקית,1
2026-07-30T17:17:18,58,אורתופדיה,תובל,language,אנגלית,53
2026-07-30T17:17:18,58,אורתופדיה,תובל,language,בולגרית,1
2026-07-30T17:17:18,58,אורתופדיה,תובל,language,גרמנית,3
2026-07-30T17:17:18,58,אורתופדיה,תובל,language,ספרדית,2
2026-07-30T17:17:18,58,אורתופדיה,תובל,language,עברית,90
2026-07-30T17:17:18,58,אורתופדיה,תובל,language,ערבית,67
2026-07-30T17:17:18,58,אורתופדיה,תובל,language,צכית,1
2026-07-30T17:17:18,58,אורתופדיה,תובל,language,צרפתית,1
2026-07-30T17:17:18,58,אורתופדיה,תובל,language,רומנית,8
2026-07-30T17:17:18,58,אורתופדיה,תובל,language,רוסית,19
2026-07-30T17:17:33,58,אורתופדיה,תל אביב יפו,gender,גבר,61
2026-07-30T17:17:33,58,אורתופדיה,תל אביב יפו,gender,אישה,5
2026-07-30T17:17:33,58,אורתופדיה,תל אביב יפו,visit_type,ביקור במרפאה,77
2026-07-30T17:17:33,58,אורתופדיה,תל אביב יפו,visit_type,שיחת טלפון,1
2026-07-30T17:17:33,58,אורתופדיה,תל אביב יפו,language,אידיש,1
2026-07-30T17:17:33,58,אורתופדיה,תל אביב יפו,language,איטלקית,7
2026-07-30T17:17:33,58,אורתופדיה,תל אביב יפו,language,אנגלית,26
2026-07-30T17:17:33,58,אורתופדיה,תל אביב יפו,language,גרמנית,3
2026-07-30T17:17:33,58,אורתופדיה,תל אביב יפו,language,עברית,37
2026-07-30T17:17:33,58,אורתופדיה,תל אביב יפו,language,ערבית,2
2026-07-30T17:17:33,58,אורתופדיה,תל אביב יפו,language,רומנית,3
2026-07-30T17:17:33,58,אורתופדיה,תל אביב יפו,language,רוסית,9
2026-07-30T17:17:46,58,אורתופדיה,תנובות,gender,גבר,86
2026-07-30T17:17:46,58,אורתופדיה,תנובות,visit_type,ביקור במרפאה,89
2026-07-30T17:17:46,58,אורתופדיה,תנובות,visit_type,שיחת טלפון,3
2026-07-30T17:17:46,58,אורתופדיה,תנובות,language,אידיש,1
2026-07-30T17:17:46,58,אורתופדיה,תנובות,language,איטלקית,1
2026-07-30T17:17:46,58,אורתופדיה,תנובות,language,אנגלית,8
2026-07-30T17:17:46,58,אורתופדיה,תנובות,language,עברית,15
2026-07-30T17:17:46,58,אורתופדיה,תנובות,language,ערבית,10
2026-07-30T17:17:46,58,אורתופדיה,תנובות,language,רומנית,3
2026-07-30T17:17:46,58,אורתופדיה,תנובות,language,רוסית,2
2026-07-30T17:17:59,58,אורתופדיה,תפוח,gender,גבר,47
2026-07-30T17:17:59,58,אורתופדיה,תפוח,visit_type,ביקור במרפאה,49
2026-07-30T17:17:59,58,אורתופדיה,תפוח,language,אנגלית,7
2026-07-30T17:17:59,58,אורתופדיה,תפוח,language,עברית,12
2026-07-30T17:17:59,58,אורתופדיה,תפוח,language,ערבית,6
2026-07-30T17:17:59,58,אורתופדיה,תפוח,language,צרפתית,1
2026-07-30T17:17:59,58,אורתופדיה,תפוח,language,רוסית,3
2026-07-30T17:18:09,62,אף אוזן גרון,א סייד שבט,gender,גבר,38
2026-07-30T17:18:09,62,אף אוזן גרון,א סייד שבט,gender,אישה,6
2026-07-30T17:18:09,62,אף אוזן גרון,א סייד שבט,visit_type,ביקור במרפאה,47
2026-07-30T17:18:09,62,אף אוזן גרון,א סייד שבט,language,אוקראינית,1
2026-07-30T17:18:09,62,אף אוזן גרון,א סייד שבט,language,אידיש,3
2026-07-30T17:18:09,62,אף אוזן גרון,א סייד שבט,language,אנגלית,3
2026-07-30T17:18:09,62,אף אוזן גרון,א סייד שבט,language,הונגרית,1
2026-07-30T17:18:09,62,אף אוזן גרון,א סייד שבט,language,ספרדית,3
2026-07-30T17:18:09,62,אף אוזן גרון,א סייד שבט,language,עברית,10
2026-07-30T17:18:09,62,אף אוזן גרון,א סייד שבט,language,ערבית,4
2026-07-30T17:18:09,62,אף אוזן גרון,א סייד שבט,language,צכית,1
2026-07-30T17:18:09,62,אף אוזן גרון,א סייד שבט,language,רוסית,1
2026-07-30T17:18:21,62,אף אוזן גרון,אבו סריחאן,gender,גבר,38
2026-07-30T17:18:21,62,אף אוזן גרון,אבו סריחאן,gender,אישה,6
2026-07-30T17:18:21,62,אף אוזן גרון,אבו סריחאן,visit_type,ביקור במרפאה,47
2026-07-30T17:18:21,62,אף אוזן גרון,אבו סריחאן,language,אוקראינית,1
2026-07-30T17:18:21,62,אף אוזן גרון,אבו סריחאן,language,אידיש,3
2026-07-30T17:18:21,62,אף אוזן גרון,אבו סריחאן,language,אנגלית,3
2026-07-30T17:18:21,62,אף אוזן גרון,אבו סריחאן,language,הונגרית,1
2026-07-30T17:18:21,62,אף אוזן גרון,אבו סריחאן,language,ספרדית,3
2026-07-30T17:18:21,62,אף אוזן גרון,אבו סריחאן,language,עברית,10
2026-07-30T17:18:21,62,אף אוזן גרון,אבו סריחאן,language,ערבית,4
2026-07-30T17:18:21,62,אף אוזן גרון,אבו סריחאן,language,צכית,1
2026-07-30T17:18:21,62,אף אוזן גרון,אבו סריחאן,language,רוסית,1
2026-07-30T17:18:31,62,אף אוזן גרון,אודים,gender,גבר,48
2026-07-30T17:18:31,62,אף אוזן גרון,אודים,gender,אישה,14
2026-07-30T17:18:31,62,אף אוזן גרון,אודים,visit_type,ביקור במרפאה,67
2026-07-30T17:18:31,62,אף אוזן גרון,אודים,visit_type,שיחת טלפון,1
2026-07-30T17:18:31,62,אף אוזן גרון,אודים,language,אוקראינית,1
2026-07-30T17:18:31,62,אף אוזן גרון,אודים,language,אידיש,4
2026-07-30T17:18:31,62,אף אוזן גרון,אודים,language,איטלקית,1
2026-07-30T17:18:31,62,אף אוזן גרון,אודים,language,אנגלית,12
2026-07-30T17:18:31,62,אף אוזן גרון,אודים,language,גרמנית,1
2026-07-30T17:18:31,62,אף אוזן גרון,אודים,language,עברית,16
2026-07-30T17:18:31,62,אף אוזן גרון,אודים,language,ערבית,3
2026-07-30T17:18:31,62,אף אוזן גרון,אודים,language,רומנית,2
2026-07-30T17:18:31,62,אף אוזן גרון,אודים,language,רוסית,6
2026-07-30T17:18:42,62,אף אוזן גרון,אזור,gender,גבר,40
2026-07-30T17:18:42,62,אף אוזן גרון,אזור,gender,אישה,6
2026-07-30T17:18:42,62,אף אוזן גרון,אזור,visit_type,ביקור במרפאה,49
2026-07-30T17:18:42,62,אף אוזן גרון,אזור,language,איטלקית,1
2026-07-30T17:18:42,62,אף אוזן גרון,אזור,language,אנגלית,20
2026-07-30T17:18:42,62,אף אוזן גרון,אזור,language,גרמנית,1
2026-07-30T17:18:42,62,אף אוזן גרון,אזור,language,ספרדית,1
2026-07-30T17:18:42,62,אף אוזן גרון,אזור,language,עברית,23
2026-07-30T17:18:42,62,אף אוזן גרון,אזור,language,ערבית,2
2026-07-30T17:18:42,62,אף אוזן גרון,אזור,language,צרפתית,2
2026-07-30T17:18:42,62,אף אוזן גרון,אזור,language,רוסית,2
2026-07-30T17:18:51,62,אף אוזן גרון,אחיסמך,gender,גבר,22
2026-07-30T17:18:51,62,אף אוזן גרון,אחיסמך,gender,אישה,1
2026-07-30T17:18:51,62,אף אוזן גרון,אחיסמך,visit_type,ביקור במרפאה,32
2026-07-30T17:18:51,62,אף אוזן גרון,אחיסמך,language,איטלקית,1
2026-07-30T17:18:51,62,אף אוזן גרון,אחיסמך,language,אנגלית,9
2026-07-30T17:18:51,62,אף אוזן גרון,אחיסמך,language,עברית,14
2026-07-30T17:18:51,62,אף אוזן גרון,אחיסמך,language,ערבית,2
2026-07-30T17:18:51,62,אף אוזן גרון,אחיסמך,language,צרפתית,1
2026-07-30T17:18:51,62,אף אוזן גרון,אחיסמך,language,רוסית,4
2026-07-30T17:18:57,62,אף אוזן גרון,אילות,gender,גבר,1
2026-07-30T17:18:57,62,אף אוזן גרון,אילות,visit_type,ביקור במרפאה,4
2026-07-30T17:18:57,62,אף אוזן גרון,אילות,language,אנגלית,1
2026-07-30T17:18:57,62,אף אוזן גרון,אילות,language,עברית,1
2026-07-30T17:18:57,62,אף אוזן גרון,אילות,language,פרסית,1
2026-07-30T17:18:57,62,אף אוזן גרון,אילות,language,צרפתית,1
2026-07-30T17:18:59,62,אף אוזן גרון,אל עזי,gender,גבר,30
2026-07-30T17:18:59,62,אף אוזן גרון,אל עזי,gender,אישה,2
2026-07-30T17:18:59,62,אף אוזן גרון,אל עזי,visit_type,ביקור במרפאה,44
2026-07-30T17:18:59,62,אף אוזן גרון,אל עזי,language,איטלקית,1
2026-07-30T17:18:59,62,אף אוזן גרון,אל עזי,language,אנגלית,12
2026-07-30T17:18:59,62,אף אוזן גרון,אל עזי,language,ספרדית,1
2026-07-30T17:18:59,62,אף אוזן גרון,אל עזי,language,עברית,18
2026-07-30T17:18:59,62,אף אוזן גרון,אל עזי,language,ערבית,2
2026-07-30T17:18:59,62,אף אוזן גרון,אל עזי,language,צרפתית,2
2026-07-30T17:18:59,62,אף אוזן גרון,אל עזי,language,רוסית,7
2026-07-30T17:19:09,62,אף אוזן גרון,אעבלין,gender,גבר,47
2026-07-30T17:19:09,62,אף אוזן גרון,אעבלין,gender,אישה,8
2026-07-30T17:19:09,62,אף אוזן גרון,אעבלין,visit_type,ביקור במרפאה,55
2026-07-30T17:19:09,62,אף אוזן גרון,אעבלין,visit_type,שיחת טלפון,2
2026-07-30T17:19:09,62,אף אוזן גרון,אעבלין,language,איטלקית,5
2026-07-30T17:19:09,62,אף אוזן גרון,אעבלין,language,אנגלית,40
2026-07-30T17:19:09,62,אף אוזן גרון,אעבלין,language,גרמנית,4
2026-07-30T17:19:09,62,אף אוזן גרון,אעבלין,language,הולנדית,1
2026-07-30T17:19:09,62,אף אוזן גרון,אעבלין,language,הונגרית,1
2026-07-30T17:19:09,62,אף אוזן גרון,אעבלין,language,ספרדית,1
2026-07-30T17:19:09,62,אף אוזן גרון,אעבלין,language,עברית,55
2026-07-30T17:19:09,62,אף אוזן גרון,אעבלין,language,ערבית,40
2026-07-30T17:19:09,62,אף אוזן גרון,אעבלין,language,צרפתית,1
2026-07-30T17:19:09,62,אף אוזן גרון,אעבלין,language,רומנית,7
2026-07-30T17:19:09,62,אף אוזן גרון,אעבלין,language,רוסית,10
2026-07-30T17:19:17,62,אף אוזן גרון,ארטאס,gender,גבר,36
2026-07-30T17:19:17,62,אף אוזן גרון,ארטאס,gender,אישה,4
2026-07-30T17:19:17,62,אף אוזן גרון,ארטאס,visit_type,ביקור במרפאה,41
2026-07-30T17:19:17,62,אף אוזן גרון,ארטאס,language,אידיש,4
2026-07-30T17:19:17,62,אף אוזן גרון,ארטאס,language,איטלקית,1
2026-07-30T17:19:17,62,אף אוזן גרון,ארטאס,language,אנגלית,10
2026-07-30T17:19:17,62,אף אוזן גרון,ארטאס,language,עברית,10
2026-07-30T17:19:17,62,אף אוזן גרון,ארטאס,language,ערבית,4
2026-07-30T17:19:17,62,אף אוזן גרון,ארטאס,language,רוסית,4
2026-07-30T17:19:26,62,אף אוזן גרון,אשל הנשיא בי''ס אזורי,gender,גבר,50
2026-07-30T17:19:26,62,אף אוזן גרון,אשל הנשיא בי''ס אזורי,gender,אישה,7
2026-07-30T17:19:26,62,אף אוזן גרון,אשל הנשיא בי''ס אזורי,visit_type,ביקור במרפאה,63
2026-07-30T17:19:26,62,אף אוזן גרון,אשל הנשיא בי''ס אזורי,language,אוקראינית,1
2026-07-30T17:19:26,62,אף אוזן גרון,אשל הנשיא בי''ס אזורי,language,אידיש,3
2026-07-30T17:19:26,62,אף אוזן גרון,אשל הנשיא בי''ס אזורי,language,אנגלית,3
2026-07-30T17:19:26,62,אף אוזן גרון,אשל הנשיא בי''ס אזורי,language,הונגרית,1
2026-07-30T17:19:26,62,אף אוזן גרון,אשל הנשיא בי''ס אזורי,language,ספרדית,3
2026-07-30T17:19:26,62,אף אוזן גרון,אשל הנשיא בי''ס אזורי,language,עברית,11
2026-07-30T17:19:26,62,אף אוזן גרון,אשל הנשיא בי''ס אזורי,language,ערבית,5
2026-07-30T17:19:26,62,אף אוזן גרון,אשל הנשיא בי''ס אזורי,language,צכית,1
2026-07-30T17:19:26,62,אף אוזן גרון,אשל הנשיא בי''ס אזורי,language,רוסית,1
2026-07-30T17:19:41,62,אף אוזן גרון,באר מילכה,gender,גבר,38
2026-07-30T17:19:41,62,אף אוזן גרון,באר מילכה,gender,אישה,6
2026-07-30T17:19:41,62,אף אוזן גרון,באר מילכה,visit_type,ביקור במרפאה,47
2026-07-30T17:19:41,62,אף אוזן גרון,באר מילכה,language,אוקראינית,1
2026-07-30T17:19:41,62,אף אוזן גרון,באר מילכה,language,אידיש,3
2026-07-30T17:19:41,62,אף אוזן גרון,באר מילכה,language,אנגלית,3
2026-07-30T17:19:41,62,אף אוזן גרון,באר מילכה,language,הונגרית,1
2026-07-30T17:19:41,62,אף אוזן גרון,באר מילכה,language,ספרדית,3
2026-07-30T17:19:41,62,אף אוזן גרון,באר מילכה,language,עברית,10
2026-07-30T17:19:41,62,אף אוזן גרון,באר מילכה,language,ערבית,4
2026-07-30T17:19:41,62,אף אוזן גרון,באר מילכה,language,צכית,1
2026-07-30T17:19:41,62,אף אוזן גרון,באר מילכה,language,רוסית,1
2026-07-30T17:19:51,62,אף אוזן גרון,בורוקין,gender,גבר,26
2026-07-30T17:19:51,62,אף אוזן גרון,בורוקין,gender,אישה,10
2026-07-30T17:19:51,62,אף אוזן גרון,בורוקין,visit_type,ביקור במרפאה,38
2026-07-30T17:19:51,62,אף אוזן גרון,בורוקין,visit_type,שיחת טלפון,1
2026-07-30T17:19:51,62,אף אוזן גרון,בורוקין,language,אנגלית,14
2026-07-30T17:19:51,62,אף אוזן גרון,בורוקין,language,ספרדית,2
2026-07-30T17:19:51,62,אף אוזן גרון,בורוקין,language,עברית,37
2026-07-30T17:19:51,62,אף אוזן גרון,בורוקין,language,ערבית,2
2026-07-30T17:19:51,62,אף אוזן גרון,בורוקין,language,רוסית,9
2026-07-30T17:19:58,62,אף אוזן גרון,בילעין,gender,גבר,36
2026-07-30T17:19:58,62,אף אוזן גרון,בילעין,gender,אישה,4
2026-07-30T17:19:58,62,אף אוזן גרון,בילעין,visit_type,ביקור במרפאה,41
2026-07-30T17:19:58,62,אף אוזן גרון,בילעין,language,אידיש,4
2026-07-30T17:19:58,62,אף אוזן גרון,בילעין,language,איטלקית,1
2026-07-30T17:19:58,62,אף אוזן גרון,בילעין,language,אנגלית,10
2026-07-30T17:19:58,62,אף אוזן גרון,בילעין,language,עברית,10
2026-07-30T17:19:58,62,אף אוזן גרון,בילעין,language,ערבית,4
2026-07-30T17:19:58,62,אף אוזן גרון,בילעין,language,רוסית,4
2026-07-30T17:20:07,62,אף אוזן גרון,בני דקלים,gender,גבר,32
2026-07-30T17:20:07,62,אף אוזן גרון,בני דקלים,gender,אישה,3
2026-07-30T17:20:07,62,אף אוזן גרון,בני דקלים,visit_type,ביקור במרפאה,41
2026-07-30T17:20:07,62,אף אוזן גרון,בני דקלים,language,אוקראינית,1
2026-07-30T17:20:07,62,אף אוזן גרון,בני דקלים,language,אנגלית,3
2026-07-30T17:20:07,62,אף אוזן גרון,בני דקלים,language,הונגרית,1
2026-07-30T17:20:07,62,אף אוזן גרון,בני דקלים,language,עברית,4
2026-07-30T17:20:07,62,אף אוזן גרון,בני דקלים,language,ערבית,1
2026-07-30T17:20:07,62,אף אוזן גרון,בני דקלים,language,צכית,1
2026-07-30T17:20:07,62,אף אוזן גרון,בני דקלים,language,רוסית,1
2026-07-30T17:20:17,62,אף אוזן גרון,בסמת טבעון,gender,גבר,66
2026-07-30T17:20:17,62,אף אוזן גרון,בסמת טבעון,gender,אישה,13
2026-07-30T17:20:17,62,אף אוזן גרון,בסמת טבעון,visit_type,ביקור במרפאה,82
2026-07-30T17:20:17,62,אף אוזן גרון,בסמת טבעון,visit_type,שיחת טלפון,4
2026-07-30T17:20:17,62,אף אוזן גרון,בסמת טבעון,language,איטלקית,1
2026-07-30T17:20:17,62,אף אוזן גרון,בסמת טבעון,language,אנגלית,24
2026-07-30T17:20:17,62,אף אוזן גרון,בסמת טבעון,language,גרמנית,4
2026-07-30T17:20:17,62,אף אוזן גרון,בסמת טבעון,language,הונגרית,1
2026-07-30T17:20:17,62,אף אוזן גרון,בסמת טבעון,language,ספרדית,1
2026-07-30T17:20:17,62,אף אוזן גרון,בסמת טבעון,language,עברית,39
2026-07-30T17:20:17,62,אף אוזן גרון,בסמת טבעון,language,ערבית,18
2026-07-30T17:20:17,62,אף אוזן גרון,בסמת טבעון,language,רוסית,11
2026-07-30T17:20:32,62,אף אוזן גרון,ברור חיל,gender,גבר,32
2026-07-30T17:20:32,62,אף אוזן גרון,ברור חיל,gender,אישה,3
2026-07-30T17:20:32,62,אף אוזן גרון,ברור חיל,visit_type,ביקור במרפאה,41
2026-07-30T17:20:32,62,אף אוזן גרון,ברור חיל,language,אוקראינית,1
2026-07-30T17:20:32,62,אף אוזן גרון,ברור חיל,language,אנגלית,3
2026-07-30T17:20:32,62,אף אוזן גרון,ברור חיל,language,הונגרית,1
2026-07-30T17:20:32,62,אף אוזן גרון,ברור חיל,language,עברית,4
2026-07-30T17:20:32,62,אף אוזן גרון,ברור חיל,language,ערבית,1
2026-07-30T17:20:32,62,אף אוזן גרון,ברור חיל,language,צכית,1
2026-07-30T17:20:32,62,אף אוזן גרון,ברור חיל,language,רוסית,1
2026-07-30T17:20:42,62,אף אוזן גרון,בת שלמה,gender,גבר,67
2026-07-30T17:20:42,62,אף אוזן גרון,בת שלמה,gender,אישה,20
2026-07-30T17:20:42,62,אף אוזן גרון,בת שלמה,visit_type,ביקור במרפאה,92
2026-07-30T17:20:42,62,אף אוזן גרון,בת שלמה,visit_type,שיחת טלפון,1
2026-07-30T17:20:42,62,אף אוזן גרון,בת שלמה,language,אוקראינית,1
2026-07-30T17:20:42,62,אף אוזן גרון,בת שלמה,language,אידיש,4
2026-07-30T17:20:42,62,אף אוזן גרון,בת שלמה,language,איטלקית,1
2026-07-30T17:20:42,62,אף אוזן גרון,בת שלמה,language,אנגלית,19
2026-07-30T17:20:42,62,אף אוזן גרון,בת שלמה,language,גרמנית,1
2026-07-30T17:20:42,62,אף אוזן גרון,בת שלמה,language,ספרדית,1
2026-07-30T17:20:42,62,אף אוזן גרון,בת שלמה,language,עברית,26
2026-07-30T17:20:42,62,אף אוזן גרון,בת שלמה,language,ערבית,9
2026-07-30T17:20:42,62,אף אוזן גרון,בת שלמה,language,רומנית,2
2026-07-30T17:20:42,62,אף אוזן גרון,בת שלמה,language,רוסית,9
2026-07-30T17:20:58,62,אף אוזן גרון,גבים,gender,גבר,32
2026-07-30T17:20:58,62,אף אוזן גרון,גבים,gender,אישה,3
2026-07-30T17:20:58,62,אף אוזן גרון,גבים,visit_type,ביקור במרפאה,41
2026-07-30T17:20:58,62,אף אוזן גרון,גבים,language,אוקראינית,1
2026-07-30T17:20:58,62,אף אוזן גרון,גבים,language,אנגלית,3
2026-07-30T17:20:58,62,אף אוזן גרון,גבים,language,הונגרית,1
2026-07-30T17:20:58,62,אף אוזן גרון,גבים,language,עברית,4
2026-07-30T17:20:58,62,אף אוזן גרון,גבים,language,ערבית,1
2026-07-30T17:20:58,62,אף אוזן גרון,גבים,language,צכית,1
2026-07-30T17:20:58,62,אף אוזן גרון,גבים,language,רוסית,1
2026-07-30T17:21:09,62,אף אוזן גרון,גדיש,gender,גבר,86
2026-07-30T17:21:09,62,אף אוזן גרון,גדיש,gender,אישה,8
2026-07-30T17:21:09,62,אף אוזן גרון,גדיש,visit_type,ביקור במרפאה,95
2026-07-30T17:21:09,62,אף אוזן גרון,גדיש,language,אנגלית,17
2026-07-30T17:21:09,62,אף אוזן גרון,גדיש,language,ספרדית,1
2026-07-30T17:21:09,62,אף אוזן גרון,גדיש,language,עברית,23
2026-07-30T17:21:09,62,אף אוזן גרון,גדיש,language,ערבית,19
2026-07-30T17:21:09,62,אף אוזן גרון,גדיש,language,רוסית,5
2026-07-30T17:21:23,62,אף אוזן גרון,גיזו,gender,גבר,36
2026-07-30T17:21:23,62,אף אוזן גרון,גיזו,gender,אישה,4
2026-07-30T17:21:23,62,אף אוזן גרון,גיזו,visit_type,ביקור במרפאה,41
2026-07-30T17:21:23,62,אף אוזן גרון,גיזו,language,אידיש,4
2026-07-30T17:21:23,62,אף אוזן גרון,גיזו,language,איטלקית,1
2026-07-30T17:21:23,62,אף אוזן גרון,גיזו,language,אנגלית,10
2026-07-30T17:21:23,62,אף אוזן גרון,גיזו,language,עברית,10
2026-07-30T17:21:23,62,אף אוזן גרון,גיזו,language,ערבית,4
2026-07-30T17:21:23,62,אף אוזן גרון,גיזו,language,רוסית,4
2026-07-30T17:21:31,62,אף אוזן גרון,גליל ים,gender,גבר,67
2026-07-30T17:21:31,62,אף אוזן גרון,גליל ים,gender,אישה,18
2026-07-30T17:21:31,62,אף אוזן גרון,גליל ים,visit_type,ביקור במרפאה,91
2026-07-30T17:21:31,62,אף אוזן גרון,גליל ים,visit_type,שיחת טלפון,1
2026-07-30T17:21:31,62,אף אוזן גרון,גליל ים,language,אוקראינית,1
2026-07-30T17:21:31,62,אף אוזן גרון,גליל ים,language,אידיש,4
2026-07-30T17:21:31,62,אף אוזן גרון,גליל ים,language,איטלקית,1
2026-07-30T17:21:31,62,אף אוזן גרון,גליל ים,language,אנגלית,24
2026-07-30T17:21:31,62,אף אוזן גרון,גליל ים,language,גרמנית,2
2026-07-30T17:21:31,62,אף אוזן גרון,גליל ים,language,ספרדית,1
2026-07-30T17:21:31,62,אף אוזן גרון,גליל ים,language,עברית,35
2026-07-30T17:21:31,62,אף אוזן גרון,גליל ים,language,ערבית,6
2026-07-30T17:21:31,62,אף אוזן גרון,גליל ים,language,צרפתית,1
2026-07-30T17:21:31,62,אף אוזן גרון,גליל ים,language,רומנית,2
2026-07-30T17:21:31,62,אף אוזן גרון,גליל ים,language,רוסית,10
2026-07-30T17:21:45,62,אף אוזן גרון,גני תקווה,gender,אישה,10
2026-07-30T17:21:45,62,אף אוזן גרון,גני תקווה,gender,גבר,26
2026-07-30T17:21:45,62,אף אוזן גרון,גני תקווה,visit_type,ביקור במרפאה,38
2026-07-30T17:21:45,62,אף אוזן גרון,גני תקווה,visit_type,שיחת טלפון,1
2026-07-30T17:21:45,62,אף אוזן גרון,גני תקווה,language,אנגלית,14
2026-07-30T17:21:45,62,אף אוזן גרון,גני תקווה,language,ספרדית,2
2026-07-30T17:21:45,62,אף אוזן גרון,גני תקווה,language,עברית,37
2026-07-30T17:21:45,62,אף אוזן גרון,גני תקווה,language,ערבית,2
2026-07-30T17:21:45,62,אף אוזן גרון,גני תקווה,language,רוסית,9
2026-07-30T17:21:54,62,אף אוזן גרון,דאלית אל כרמל,gender,גבר,66
2026-07-30T17:21:54,62,אף אוזן גרון,דאלית אל כרמל,gender,אישה,13
2026-07-30T17:21:54,62,אף אוזן גרון,דאלית אל כרמל,visit_type,ביקור במרפאה,82
2026-07-30T17:21:54,62,אף אוזן גרון,דאלית אל כרמל,visit_type,שיחת טלפון,4
2026-07-30T17:21:54,62,אף אוזן גרון,דאלית אל כרמל,language,איטלקית,1
2026-07-30T17:21:54,62,אף אוזן גרון,דאלית אל כרמל,language,אנגלית,24
2026-07-30T17:21:54,62,אף אוזן גרון,דאלית אל כרמל,language,גרמנית,4
2026-07-30T17:21:54,62,אף אוזן גרון,דאלית אל כרמל,language,הונגרית,1
2026-07-30T17:21:54,62,אף אוזן גרון,דאלית אל כרמל,language,ספרדית,1
2026-07-30T17:21:54,62,אף אוזן גרון,דאלית אל כרמל,language,עברית,39
2026-07-30T17:21:54,62,אף אוזן גרון,דאלית אל כרמל,language,ערבית,18
2026-07-30T17:21:54,62,אף אוזן גרון,דאלית אל כרמל,language,רוסית,11
2026-07-30T17:22:06,62,אף אוזן גרון,דולב,gender,גבר,36
2026-07-30T17:22:06,62,אף אוזן גרון,דולב,gender,אישה,4
2026-07-30T17:22:06,62,אף אוזן גרון,דולב,visit_type,ביקור במרפאה,41
2026-07-30T17:22:06,62,אף אוזן גרון,דולב,language,אידיש,4
2026-07-30T17:22:06,62,אף אוזן גרון,דולב,language,איטלקית,1
2026-07-30T17:22:06,62,אף אוזן גרון,דולב,language,אנגלית,10
2026-07-30T17:22:06,62,אף אוזן גרון,דולב,language,עברית,10
2026-07-30T17:22:06,62,אף אוזן גרון,דולב,language,ערבית,4
2026-07-30T17:22:06,62,אף אוזן גרון,דולב,language,רוסית,4
2026-07-30T17:22:13,62,אף אוזן גרון,דייר ראפאת,gender,גבר,36
2026-07-30T17:22:13,62,אף אוזן גרון,דייר ראפאת,gender,אישה,4
2026-07-30T17:22:13,62,אף אוזן גרון,דייר ראפאת,visit_type,ביקור במרפאה,41
2026-07-30T17:22:13,62,אף אוזן גרון,דייר ראפאת,language,אידיש,4
2026-07-30T17:22:13,62,אף אוזן גרון,דייר ראפאת,language,איטלקית,1
2026-07-30T17:22:13,62,אף אוזן גרון,דייר ראפאת,language,אנגלית,10
2026-07-30T17:22:13,62,אף אוזן גרון,דייר ראפאת,language,עברית,10
2026-07-30T17:22:13,62,אף אוזן גרון,דייר ראפאת,language,ערבית,4
2026-07-30T17:22:13,62,אף אוזן גרון,דייר ראפאת,language,רוסית,4
2026-07-30T17:22:22,62,אף אוזן גרון,דמיידה,gender,גבר,62
2026-07-30T17:22:22,62,אף אוזן גרון,דמיידה,gender,אישה,13
2026-07-30T17:22:22,62,אף אוזן גרון,דמיידה,visit_type,ביקור במרפאה,77
2026-07-30T17:22:22,62,אף אוזן גרון,דמיידה,visit_type,שיחת טלפון,5
2026-07-30T17:22:22,62,אף אוזן גרון,דמיידה,language,איטלקית,6
2026-07-30T17:22:22,62,אף אוזן גרון,דמיידה,language,אנגלית,52
2026-07-30T17:22:22,62,אף אוזן גרון,דמיידה,language,גרמנית,6
2026-07-30T17:22:22,62,אף אוזן גרון,דמיידה,language,הולנדית,1
2026-07-30T17:22:22,62,אף אוזן גרון,דמיידה,language,הונגרית,1
2026-07-30T17:22:22,62,אף אוזן גרון,דמיידה,language,ספרדית,2
2026-07-30T17:22:22,62,אף אוזן גרון,דמיידה,language,עברית,76
2026-07-30T17:22:22,62,אף אוזן גרון,דמיידה,language,ערבית,51
2026-07-30T17:22:22,62,אף אוזן גרון,דמיידה,language,צרפתית,1
2026-07-30T17:22:22,62,אף אוזן גרון,דמיידה,language,רומנית,7
2026-07-30T17:22:22,62,אף אוזן גרון,דמיידה,language,רוסית,16
2026-07-30T17:22:34,62,אף אוזן גרון,הוד השרון,gender,גבר,34
2026-07-30T17:22:34,62,אף אוזן גרון,הוד השרון,gender,אישה,20
2026-07-30T17:22:34,62,אף אוזן גרון,הוד השרון,visit_type,ביקור במרפאה,59
2026-07-30T17:22:34,62,אף אוזן גרון,הוד השרון,visit_type,שיחת טלפון,1
2026-07-30T17:22:34,62,אף אוזן גרון,הוד השרון,language,אוקראינית,1
2026-07-30T17:22:34,62,אף אוזן גרון,הוד השרון,language,אידיש,1
2026-07-30T17:22:34,62,אף אוזן גרון,הוד השרון,language,איטלקית,1
2026-07-30T17:22:34,62,אף אוזן גרון,הוד השרון,language,אנגלית,18
2026-07-30T17:22:34,62,אף אוזן גרון,הוד השרון,language,גרמנית,1
2026-07-30T17:22:34,62,אף אוזן גרון,הוד השרון,language,ספרדית,2
2026-07-30T17:22:34,62,אף אוזן גרון,הוד השרון,language,עברית,44
2026-07-30T17:22:34,62,אף אוזן גרון,הוד השרון,language,ערבית,3
2026-07-30T17:22:34,62,אף אוזן גרון,הוד השרון,language,רומנית,1
2026-07-30T17:22:34,62,אף אוזן גרון,הוד השרון,language,רוסית,11
2026-07-30T17:22:45,62,אף אוזן גרון,הילה,gender,גבר,47
2026-07-30T17:22:45,62,אף אוזן גרון,הילה,gender,אישה,8
2026-07-30T17:22:45,62,אף אוזן גרון,הילה,visit_type,ביקור במרפאה,55
2026-07-30T17:22:45,62,אף אוזן גרון,הילה,visit_type,שיחת טלפון,2
2026-07-30T17:22:45,62,אף אוזן גרון,הילה,language,איטלקית,5
2026-07-30T17:22:45,62,אף אוזן גרון,הילה,language,אנגלית,40
2026-07-30T17:22:45,62,אף אוזן גרון,הילה,language,גרמנית,4
2026-07-30T17:22:45,62,אף אוזן גרון,הילה,language,הולנדית,1
2026-07-30T17:22:45,62,אף אוזן גרון,הילה,language,הונגרית,1
2026-07-30T17:22:45,62,אף אוזן גרון,הילה,language,ספרדית,1
2026-07-30T17:22:45,62,אף אוזן גרון,הילה,language,עברית,55
2026-07-30T17:22:45,62,אף אוזן גרון,הילה,language,ערבית,40
2026-07-30T17:22:45,62,אף אוזן גרון,הילה,language,צרפתית,1
2026-07-30T17:22:45,62,אף אוזן גרון,הילה,language,רומנית,7
2026-07-30T17:22:45,62,אף אוזן גרון,הילה,language,רוסית,10
2026-07-30T17:22:56,62,אף אוזן גרון,הרצליה,gender,אישה,18
2026-07-30T17:22:56,62,אף אוזן גרון,הרצליה,gender,גבר,67
2026-07-30T17:22:56,62,אף אוזן גרון,הרצליה,visit_type,ביקור במרפאה,91
2026-07-30T17:22:56,62,אף אוזן גרון,הרצליה,visit_type,שיחת טלפון,1
2026-07-30T17:22:56,62,אף אוזן גרון,הרצליה,language,אוקראינית,1
2026-07-30T17:22:56,62,אף אוזן גרון,הרצליה,language,אידיש,4
2026-07-30T17:22:56,62,אף אוזן גרון,הרצליה,language,איטלקית,1
2026-07-30T17:22:56,62,אף אוזן גרון,הרצליה,language,אנגלית,24
2026-07-30T17:22:56,62,אף אוזן גרון,הרצליה,language,גרמנית,2
2026-07-30T17:22:56,62,אף אוזן גרון,הרצליה,language,ספרדית,1
2026-07-30T17:22:56,62,אף אוזן גרון,הרצליה,language,עברית,35
2026-07-30T17:22:56,62,אף אוזן גרון,הרצליה,language,ערבית,6
2026-07-30T17:22:56,62,אף אוזן גרון,הרצליה,language,צרפתית,1
2026-07-30T17:22:56,62,אף אוזן גרון,הרצליה,language,רומנית,2
2026-07-30T17:22:56,62,אף אוזן גרון,הרצליה,language,רוסית,10
2026-07-30T17:23:11,62,אף אוזן גרון,זובובא,gender,גבר,54
2026-07-30T17:23:11,62,אף אוזן גרון,זובובא,gender,אישה,5
2026-07-30T17:23:11,62,אף אוזן גרון,זובובא,visit_type,ביקור במרפאה,59
2026-07-30T17:23:11,62,אף אוזן גרון,זובובא,language,אנגלית,11
2026-07-30T17:23:11,62,אף אוזן גרון,זובובא,language,עברית,14
2026-07-30T17:23:11,62,אף אוזן גרון,זובובא,language,ערבית,14
2026-07-30T17:23:11,62,אף אוזן גרון,זובובא,language,רוסית,2
2026-07-30T17:23:23,62,אף אוזן גרון,זמר,gender,גבר,67
2026-07-30T17:23:23,62,אף אוזן גרון,זמר,gender,אישה,20
2026-07-30T17:23:23,62,אף אוזן גרון,זמר,visit_type,ביקור במרפאה,92
2026-07-30T17:23:23,62,אף אוזן גרון,זמר,visit_type,שיחת טלפון,1
2026-07-30T17:23:23,62,אף אוזן גרון,זמר,language,אוקראינית,1
2026-07-30T17:23:23,62,אף אוזן גרון,זמר,language,אידיש,4
2026-07-30T17:23:23,62,אף אוזן גרון,זמר,language,איטלקית,1
2026-07-30T17:23:23,62,אף אוזן גרון,זמר,language,אנגלית,19
2026-07-30T17:23:23,62,אף אוזן גרון,זמר,language,גרמנית,1
2026-07-30T17:23:23,62,אף אוזן גרון,זמר,language,ספרדית,1
2026-07-30T17:23:23,62,אף אוזן גרון,זמר,language,עברית,26
2026-07-30T17:23:23,62,אף אוזן גרון,זמר,language,ערבית,9
2026-07-30T17:23:23,62,אף אוזן גרון,זמר,language,רומנית,2
2026-07-30T17:23:23,62,אף אוזן גרון,זמר,language,רוסית,9
2026-07-30T17:23:39,62,אף אוזן גרון,חבלה,gender,גבר,48
2026-07-30T17:23:39,62,אף אוזן גרון,חבלה,gender,אישה,14
2026-07-30T17:23:39,62,אף אוזן גרון,חבלה,visit_type,ביקור במרפאה,67
2026-07-30T17:23:39,62,אף אוזן גרון,חבלה,visit_type,שיחת טלפון,1
2026-07-30T17:23:39,62,אף אוזן גרון,חבלה,language,אוקראינית,1
2026-07-30T17:23:39,62,אף אוזן גרון,חבלה,language,אידיש,4
2026-07-30T17:23:39,62,אף אוזן גרון,חבלה,language,איטלקית,1
2026-07-30T17:23:39,62,אף אוזן גרון,חבלה,language,אנגלית,12
2026-07-30T17:23:39,62,אף אוזן גרון,חבלה,language,גרמנית,1
2026-07-30T17:23:39,62,אף אוזן גרון,חבלה,language,עברית,16
2026-07-30T17:23:39,62,אף אוזן גרון,חבלה,language,ערבית,3
2026-07-30T17:23:39,62,אף אוזן גרון,חבלה,language,רומנית,2
2026-07-30T17:23:39,62,אף אוזן גרון,חבלה,language,רוסית,6
2026-07-30T17:23:51,62,אף אוזן גרון,חדרה,gender,גבר,67
2026-07-30T17:23:51,62,אף אוזן גרון,חדרה,gender,אישה,20
2026-07-30T17:23:51,62,אף אוזן גרון,חדרה,visit_type,ביקור במרפאה,92
2026-07-30T17:23:51,62,אף אוזן גרון,חדרה,visit_type,שיחת טלפון,1
2026-07-30T17:23:51,62,אף אוזן גרון,חדרה,language,אוקראינית,1
2026-07-30T17:23:51,62,אף אוזן גרון,חדרה,language,אידיש,4
2026-07-30T17:23:51,62,אף אוזן גרון,חדרה,language,איטלקית,1
2026-07-30T17:23:51,62,אף אוזן גרון,חדרה,language,אנגלית,19
2026-07-30T17:23:51,62,אף אוזן גרון,חדרה,language,גרמנית,1
2026-07-30T17:23:51,62,אף אוזן גרון,חדרה,language,ספרדית,1
2026-07-30T17:23:51,62,אף אוזן גרון,חדרה,language,עברית,26
2026-07-30T17:23:51,62,אף אוזן גרון,חדרה,language,ערבית,9
2026-07-30T17:23:51,62,אף אוזן גרון,חדרה,language,רומנית,2
2026-07-30T17:23:51,62,אף אוזן גרון,חדרה,language,רוסית,9
2026-07-30T17:24:06,62,אף אוזן גרון,חוקוק,gender,גבר,54
2026-07-30T17:24:06,62,אף אוזן גרון,חוקוק,gender,אישה,5
2026-07-30T17:24:06,62,אף אוזן גרון,חוקוק,visit_type,ביקור במרפאה,59
2026-07-30T17:24:06,62,אף אוזן גרון,חוקוק,language,אנגלית,11
2026-07-30T17:24:06,62,אף אוזן גרון,חוקוק,language,עברית,14
2026-07-30T17:24:06,62,אף אוזן גרון,חוקוק,language,ערבית,14
2026-07-30T17:24:06,62,אף אוזן גרון,חוקוק,language,רוסית,2
2026-07-30T17:24:18,62,אף אוזן גרון,חמד,gender,גבר,46
2026-07-30T17:24:18,62,אף אוזן גרון,חמד,gender,אישה,4
2026-07-30T17:24:18,62,אף אוזן גרון,חמד,visit_type,ביקור במרפאה,62
2026-07-30T17:24:18,62,אף אוזן גרון,חמד,language,איטלקית,1
2026-07-30T17:24:18,62,אף אוזן גרון,חמד,language,אנגלית,19
2026-07-30T17:24:18,62,אף אוזן גרון,חמד,language,ספרדית,1
2026-07-30T17:24:18,62,אף אוזן גרון,חמד,language,עברית,25
2026-07-30T17:24:18,62,אף אוזן גרון,חמד,language,ערבית,3
2026-07-30T17:24:18,62,אף אוזן גרון,חמד,language,צרפתית,2
2026-07-30T17:24:18,62,אף אוזן גרון,חמד,language,רוסית,7
2026-07-30T17:24:28,62,אף אוזן גרון,חצב,gender,גבר,21
2026-07-30T17:24:28,62,אף אוזן גרון,חצב,gender,אישה,2
2026-07-30T17:24:28,62,אף אוזן גרון,חצב,visit_type,ביקור במרפאה,27
2026-07-30T17:24:28,62,אף אוזן גרון,חצב,language,איטלקית,1
2026-07-30T17:24:28,62,אף אוזן גרון,חצב,language,אנגלית,8
2026-07-30T17:24:28,62,אף אוזן גרון,חצב,language,ספרדית,1
2026-07-30T17:24:28,62,אף אוזן גרון,חצב,language,עברית,10
2026-07-30T17:24:28,62,אף אוזן גרון,חצב,language,צרפתית,2
2026-07-30T17:24:28,62,אף אוזן גרון,חצב,language,רוסית,4
2026-07-30T17:24:34,62,אף אוזן גרון,חרשים,gender,גבר,47
2026-07-30T17:24:34,62,אף אוזן גרון,חרשים,gender,אישה,8
2026-07-30T17:24:34,62,אף אוזן גרון,חרשים,visit_type,ביקור במרפאה,55
2026-07-30T17:24:34,62,אף אוזן גרון,חרשים,visit_type,שיחת טלפון,2
2026-07-30T17:24:34,62,אף אוזן גרון,חרשים,language,איטלקית,5
2026-07-30T17:24:34,62,אף אוזן גרון,חרשים,language,אנגלית,40
2026-07-30T17:24:34,62,אף אוזן גרון,חרשים,language,גרמנית,4
2026-07-30T17:24:34,62,אף אוזן גרון,חרשים,language,הולנדית,1
2026-07-30T17:24:34,62,אף אוזן גרון,חרשים,language,הונגרית,1
2026-07-30T17:24:34,62,אף אוזן גרון,חרשים,language,ספרדית,1
2026-07-30T17:24:34,62,אף אוזן גרון,חרשים,language,עברית,55
2026-07-30T17:24:34,62,אף אוזן גרון,חרשים,language,ערבית,40
2026-07-30T17:24:34,62,אף אוזן גרון,חרשים,language,צרפתית,1
2026-07-30T17:24:34,62,אף אוזן גרון,חרשים,language,רומנית,7
2026-07-30T17:24:34,62,אף אוזן גרון,חרשים,language,רוסית,10
2026-07-30T17:24:44,62,אף אוזן גרון,טירה,gender,גבר,67
2026-07-30T17:24:44,62,אף אוזן גרון,טירה,gender,אישה,18
2026-07-30T17:24:44,62,אף אוזן גרון,טירה,visit_type,ביקור במרפאה,91
2026-07-30T17:24:44,62,אף אוזן גרון,טירה,visit_type,שיחת טלפון,1
2026-07-30T17:24:44,62,אף אוזן גרון,טירה,language,אוקראינית,1
2026-07-30T17:24:44,62,אף אוזן גרון,טירה,language,אידיש,4
2026-07-30T17:24:44,62,אף אוזן גרון,טירה,language,איטלקית,1
2026-07-30T17:24:44,62,אף אוזן גרון,טירה,language,אנגלית,24
2026-07-30T17:24:44,62,אף אוזן גרון,טירה,language,גרמנית,2
2026-07-30T17:24:44,62,אף אוזן גרון,טירה,language,ספרדית,1
2026-07-30T17:24:44,62,אף אוזן גרון,טירה,language,עברית,35
2026-07-30T17:24:44,62,אף אוזן גרון,טירה,language,ערבית,6
2026-07-30T17:24:44,62,אף אוזן גרון,טירה,language,צרפתית,1
2026-07-30T17:24:44,62,אף אוזן גרון,טירה,language,רומנית,2
2026-07-30T17:24:44,62,אף אוזן גרון,טירה,language,רוסית,10
2026-07-30T17:24:59,62,אף אוזן גרון,טמון,gender,גבר,48
2026-07-30T17:24:59,62,אף אוזן גרון,טמון,gender,אישה,14
2026-07-30T17:24:59,62,אף אוזן גרון,טמון,visit_type,ביקור במרפאה,67
2026-07-30T17:24:59,62,אף אוזן גרון,טמון,visit_type,שיחת טלפון,1
2026-07-30T17:24:59,62,אף אוזן גרון,טמון,language,אוקראינית,1
2026-07-30T17:24:59,62,אף אוזן גרון,טמון,language,אידיש,4
2026-07-30T17:24:59,62,אף אוזן גרון,טמון,language,איטלקית,1
2026-07-30T17:24:59,62,אף אוזן גרון,טמון,language,אנגלית,12
2026-07-30T17:24:59,62,אף אוזן גרון,טמון,language,גרמנית,1
2026-07-30T17:24:59,62,אף אוזן גרון,טמון,language,עברית,16
2026-07-30T17:24:59,62,אף אוזן גרון,טמון,language,ערבית,3
2026-07-30T17:24:59,62,אף אוזן גרון,טמון,language,רומנית,2
2026-07-30T17:24:59,62,אף אוזן גרון,טמון,language,רוסית,6
2026-07-30T17:25:11,62,אף אוזן גרון,יבול,gender,גבר,32
2026-07-30T17:25:11,62,אף אוזן גרון,יבול,gender,אישה,3
2026-07-30T17:25:11,62,אף אוזן גרון,יבול,visit_type,ביקור במרפאה,41
2026-07-30T17:25:11,62,אף אוזן גרון,יבול,language,אוקראינית,1
2026-07-30T17:25:11,62,אף אוזן גרון,יבול,language,אנגלית,3
2026-07-30T17:25:11,62,אף אוזן גרון,יבול,language,הונגרית,1
2026-07-30T17:25:11,62,אף אוזן גרון,יבול,language,עברית,4
2026-07-30T17:25:11,62,אף אוזן גרון,יבול,language,ערבית,1
2026-07-30T17:25:11,62,אף אוזן גרון,יבול,language,צכית,1
2026-07-30T17:25:11,62,אף אוזן גרון,יבול,language,רוסית,1
2026-07-30T17:25:22,62,אף אוזן גרון,יד מרדכי,gender,גבר,32
2026-07-30T17:25:22,62,אף אוזן גרון,יד מרדכי,gender,אישה,3
2026-07-30T17:25:22,62,אף אוזן גרון,יד מרדכי,visit_type,ביקור במרפאה,41
2026-07-30T17:25:22,62,אף אוזן גרון,יד מרדכי,language,אוקראינית,1
2026-07-30T17:25:22,62,אף אוזן גרון,יד מרדכי,language,אנגלית,3
2026-07-30T17:25:22,62,אף אוזן גרון,יד מרדכי,language,הונגרית,1
2026-07-30T17:25:22,62,אף אוזן גרון,יד מרדכי,language,עברית,4
2026-07-30T17:25:22,62,אף אוזן גרון,יד מרדכי,language,ערבית,1
2026-07-30T17:25:22,62,אף אוזן גרון,יד מרדכי,language,צכית,1
2026-07-30T17:25:22,62,אף אוזן גרון,יד מרדכי,language,רוסית,1
2026-07-30T17:25:33,62,אף אוזן גרון,יושיביה,gender,גבר,50
2026-07-30T17:25:33,62,אף אוזן גרון,יושיביה,gender,אישה,7
2026-07-30T17:25:33,62,אף אוזן גרון,יושיביה,visit_type,ביקור במרפאה,63
2026-07-30T17:25:33,62,אף אוזן גרון,יושיביה,language,אוקראינית,1
2026-07-30T17:25:33,62,אף אוזן גרון,יושיביה,language,אידיש,3
2026-07-30T17:25:33,62,אף אוזן גרון,יושיביה,language,אנגלית,3
2026-07-30T17:25:33,62,אף אוזן גרון,יושיביה,language,הונגרית,1
2026-07-30T17:25:33,62,אף אוזן גרון,יושיביה,language,ספרדית,3
2026-07-30T17:25:33,62,אף אוזן גרון,יושיביה,language,עברית,11
2026-07-30T17:25:33,62,אף אוזן גרון,יושיביה,language,ערבית,5
2026-07-30T17:25:33,62,אף אוזן גרון,יושיביה,language,צכית,1
2026-07-30T17:25:33,62,אף אוזן גרון,יושיביה,language,רוסית,1
2026-07-30T17:25:46,62,אף אוזן גרון,יסודות,gender,גבר,21
2026-07-30T17:25:46,62,אף אוזן גרון,יסודות,gender,אישה,2
2026-07-30T17:25:46,62,אף אוזן גרון,יסודות,visit_type,ביקור במרפאה,27
2026-07-30T17:25:46,62,אף אוזן גרון,יסודות,language,איטלקית,1
2026-07-30T17:25:46,62,אף אוזן גרון,יסודות,language,אנגלית,8
2026-07-30T17:25:46,62,אף אוזן גרון,יסודות,language,ספרדית,1
2026-07-30T17:25:46,62,אף אוזן גרון,יסודות,language,עברית,10
2026-07-30T17:25:46,62,אף אוזן גרון,יסודות,language,צרפתית,2
2026-07-30T17:25:46,62,אף אוזן גרון,יסודות,language,רוסית,4
2026-07-30T17:25:52,62,אף אוזן גרון,יפתח,gender,גבר,54
2026-07-30T17:25:52,62,אף אוזן גרון,יפתח,gender,אישה,5
2026-07-30T17:25:52,62,אף אוזן גרון,יפתח,visit_type,ביקור במרפאה,59
2026-07-30T17:25:52,62,אף אוזן גרון,יפתח,language,אנגלית,11
2026-07-30T17:25:52,62,אף אוזן גרון,יפתח,language,עברית,14
2026-07-30T17:25:52,62,אף אוזן גרון,יפתח,language,ערבית,14
2026-07-30T17:25:52,62,אף אוזן גרון,יפתח,language,רוסית,2
2026-07-30T17:26:01,62,אף אוזן גרון,ירושלים,gender,גבר,36
2026-07-30T17:26:01,62,אף אוזן גרון,ירושלים,gender,אישה,4
2026-07-30T17:26:01,62,אף אוזן גרון,ירושלים,visit_type,ביקור במרפאה,41
2026-07-30T17:26:01,62,אף אוזן גרון,ירושלים,language,אידיש,4
2026-07-30T17:26:01,62,אף אוזן גרון,ירושלים,language,איטלקית,1
2026-07-30T17:26:01,62,אף אוזן גרון,ירושלים,language,אנגלית,10
2026-07-30T17:26:01,62,אף אוזן גרון,ירושלים,language,עברית,10
2026-07-30T17:26:01,62,אף אוזן גרון,ירושלים,language,ערבית,4
2026-07-30T17:26:01,62,אף אוזן גרון,ירושלים,language,רוסית,4
2026-07-30T17:26:08,62,אף אוזן גרון,יתמא,gender,גבר,36
2026-07-30T17:26:08,62,אף אוזן גרון,יתמא,gender,אישה,4
2026-07-30T17:26:08,62,אף אוזן גרון,יתמא,visit_type,ביקור במרפאה,41
2026-07-30T17:26:08,62,אף אוזן גרון,יתמא,language,אידיש,4
2026-07-30T17:26:08,62,אף אוזן גרון,יתמא,language,איטלקית,1
2026-07-30T17:26:08,62,אף אוזן גרון,יתמא,language,אנגלית,10
2026-07-30T17:26:08,62,אף אוזן גרון,יתמא,language,עברית,10
2026-07-30T17:26:08,62,אף אוזן גרון,יתמא,language,ערבית,4
2026-07-30T17:26:08,62,אף אוזן גרון,יתמא,language,רוסית,4
2026-07-30T17:26:17,62,אף אוזן גרון,כוכב מיכאל,gender,גבר,32
2026-07-30T17:26:17,62,אף אוזן גרון,כוכב מיכאל,gender,אישה,3
2026-07-30T17:26:17,62,אף אוזן גרון,כוכב מיכאל,visit_type,ביקור במרפאה,41
2026-07-30T17:26:17,62,אף אוזן גרון,כוכב מיכאל,language,אוקראינית,1
2026-07-30T17:26:17,62,אף אוזן גרון,כוכב מיכאל,language,אנגלית,3
2026-07-30T17:26:17,62,אף אוזן גרון,כוכב מיכאל,language,הונגרית,1
2026-07-30T17:26:17,62,אף אוזן גרון,כוכב מיכאל,language,עברית,4
2026-07-30T17:26:17,62,אף אוזן גרון,כוכב מיכאל,language,ערבית,1
2026-07-30T17:26:17,62,אף אוזן גרון,כוכב מיכאל,language,צכית,1
2026-07-30T17:26:17,62,אף אוזן גרון,כוכב מיכאל,language,רוסית,1
2026-07-30T17:26:26,62,אף אוזן גרון,כיפל חארת,gender,גבר,26
2026-07-30T17:26:26,62,אף אוזן גרון,כיפל חארת,gender,אישה,10
2026-07-30T17:26:26,62,אף אוזן גרון,כיפל חארת,visit_type,ביקור במרפאה,38
2026-07-30T17:26:26,62,אף אוזן גרון,כיפל חארת,visit_type,שיחת טלפון,1
2026-07-30T17:26:26,62,אף אוזן גרון,כיפל חארת,language,אנגלית,14
2026-07-30T17:26:26,62,אף אוזן גרון,כיפל חארת,language,ספרדית,2
2026-07-30T17:26:26,62,אף אוזן גרון,כיפל חארת,language,עברית,37
2026-07-30T17:26:26,62,אף אוזן גרון,כיפל חארת,language,ערבית,2
2026-07-30T17:26:26,62,אף אוזן גרון,כיפל חארת,language,רוסית,9
2026-07-30T17:26:36,62,אף אוזן גרון,כסיפה,gender,אישה,6
2026-07-30T17:26:36,62,אף אוזן גרון,כסיפה,gender,גבר,38
2026-07-30T17:26:36,62,אף אוזן גרון,כסיפה,visit_type,ביקור במרפאה,47
2026-07-30T17:26:36,62,אף אוזן גרון,כסיפה,language,אוקראינית,1
2026-07-30T17:26:36,62,אף אוזן גרון,כסיפה,language,אידיש,3
2026-07-30T17:26:36,62,אף אוזן גרון,כסיפה,language,אנגלית,3
2026-07-30T17:26:36,62,אף אוזן גרון,כסיפה,language,הונגרית,1
2026-07-30T17:26:36,62,אף אוזן גרון,כסיפה,language,ספרדית,3
2026-07-30T17:26:36,62,אף אוזן גרון,כסיפה,language,עברית,10
2026-07-30T17:26:36,62,אף אוזן גרון,כסיפה,language,ערבית,4
2026-07-30T17:26:36,62,אף אוזן גרון,כסיפה,language,צכית,1
2026-07-30T17:26:36,62,אף אוזן גרון,כסיפה,language,רוסית,1
2026-07-30T17:26:47,62,אף אוזן גרון,כפר ביל''ו,gender,גבר,46
2026-07-30T17:26:47,62,אף אוזן גרון,כפר ביל''ו,gender,אישה,4
2026-07-30T17:26:47,62,אף אוזן גרון,כפר ביל''ו,visit_type,ביקור במרפאה,62
2026-07-30T17:26:47,62,אף אוזן גרון,כפר ביל''ו,language,איטלקית,1
2026-07-30T17:26:47,62,אף אוזן גרון,כפר ביל''ו,language,אנגלית,19
2026-07-30T17:26:47,62,אף אוזן גרון,כפר ביל''ו,language,ספרדית,1
2026-07-30T17:26:47,62,אף אוזן גרון,כפר ביל''ו,language,עברית,25
2026-07-30T17:26:47,62,אף אוזן גרון,כפר ביל''ו,language,ערבית,3
2026-07-30T17:26:47,62,אף אוזן גרון,כפר ביל''ו,language,צרפתית,2
2026-07-30T17:26:47,62,אף אוזן גרון,כפר ביל''ו,language,רוסית,7
2026-07-30T17:27:00,62,אף אוזן גרון,כרם שלום,gender,גבר,32
2026-07-30T17:27:00,62,אף אוזן גרון,כרם שלום,gender,אישה,3
2026-07-30T17:27:00,62,אף אוזן גרון,כרם שלום,visit_type,ביקור במרפאה,41
2026-07-30T17:27:00,62,אף אוזן גרון,כרם שלום,language,אוקראינית,1
2026-07-30T17:27:00,62,אף אוזן גרון,כרם שלום,language,אנגלית,3
2026-07-30T17:27:00,62,אף אוזן גרון,כרם שלום,language,הונגרית,1
2026-07-30T17:27:00,62,אף אוזן גרון,כרם שלום,language,עברית,4
2026-07-30T17:27:00,62,אף אוזן גרון,כרם שלום,language,ערבית,1
2026-07-30T17:27:00,62,אף אוזן גרון,כרם שלום,language,צכית,1
2026-07-30T17:27:00,62,אף אוזן גרון,כרם שלום,language,רוסית,1
2026-07-30T17:27:10,62,אף אוזן גרון,להבות חביבה,gender,גבר,67
2026-07-30T17:27:10,62,אף אוזן גרון,להבות חביבה,gender,אישה,20
2026-07-30T17:27:10,62,אף אוזן גרון,להבות חביבה,visit_type,ביקור במרפאה,92
2026-07-30T17:27:10,62,אף אוזן גרון,להבות חביבה,visit_type,שיחת טלפון,1
2026-07-30T17:27:10,62,אף אוזן גרון,להבות חביבה,language,אוקראינית,1
2026-07-30T17:27:10,62,אף אוזן גרון,להבות חביבה,language,אידיש,4
2026-07-30T17:27:10,62,אף אוזן גרון,להבות חביבה,language,איטלקית,1
2026-07-30T17:27:10,62,אף אוזן גרון,להבות חביבה,language,אנגלית,19
2026-07-30T17:27:10,62,אף אוזן גרון,להבות חביבה,language,גרמנית,1
2026-07-30T17:27:10,62,אף אוזן גרון,להבות חביבה,language,ספרדית,1
2026-07-30T17:27:10,62,אף אוזן גרון,להבות חביבה,language,עברית,26
2026-07-30T17:27:10,62,אף אוזן גרון,להבות חביבה,language,ערבית,9
2026-07-30T17:27:10,62,אף אוזן גרון,להבות חביבה,language,רומנית,2
2026-07-30T17:27:10,62,אף אוזן גרון,להבות חביבה,language,רוסית,9
2026-07-30T17:27:24,62,אף אוזן גרון,לפיד,gender,גבר,22
2026-07-30T17:27:24,62,אף אוזן גרון,לפיד,gender,אישה,1
2026-07-30T17:27:24,62,אף אוזן גרון,לפיד,visit_type,ביקור במרפאה,32
2026-07-30T17:27:24,62,אף אוזן גרון,לפיד,language,איטלקית,1
2026-07-30T17:27:24,62,אף אוזן גרון,לפיד,language,אנגלית,9
2026-07-30T17:27:24,62,אף אוזן גרון,לפיד,language,עברית,14
2026-07-30T17:27:24,62,אף אוזן גרון,לפיד,language,ערבית,2
2026-07-30T17:27:24,62,אף אוזן גרון,לפיד,language,צרפתית,1
2026-07-30T17:27:24,62,אף אוזן גרון,לפיד,language,רוסית,4
2026-07-30T17:27:32,62,אף אוזן גרון,מבואות ים,gender,גבר,48
2026-07-30T17:27:32,62,אף אוזן גרון,מבואות ים,gender,אישה,14
2026-07-30T17:27:32,62,אף אוזן גרון,מבואות ים,visit_type,ביקור במרפאה,67
2026-07-30T17:27:32,62,אף אוזן גרון,מבואות ים,visit_type,שיחת טלפון,1
2026-07-30T17:27:32,62,אף אוזן גרון,מבואות ים,language,אוקראינית,1
2026-07-30T17:27:32,62,אף אוזן גרון,מבואות ים,language,אידיש,4
2026-07-30T17:27:32,62,אף אוזן גרון,מבואות ים,language,איטלקית,1
2026-07-30T17:27:32,62,אף אוזן גרון,מבואות ים,language,אנגלית,12
2026-07-30T17:27:32,62,אף אוזן גרון,מבואות ים,language,גרמנית,1
2026-07-30T17:27:32,62,אף אוזן גרון,מבואות ים,language,עברית,16
2026-07-30T17:27:32,62,אף אוזן גרון,מבואות ים,language,ערבית,3
2026-07-30T17:27:32,62,אף אוזן גרון,מבואות ים,language,רומנית,2
2026-07-30T17:27:32,62,אף אוזן גרון,מבואות ים,language,רוסית,6
2026-07-30T17:27:44,62,אף אוזן גרון,מגדים,gender,גבר,66
2026-07-30T17:27:44,62,אף אוזן גרון,מגדים,gender,אישה,13
2026-07-30T17:27:44,62,אף אוזן גרון,מגדים,visit_type,ביקור במרפאה,82
2026-07-30T17:27:44,62,אף אוזן גרון,מגדים,visit_type,שיחת טלפון,4
2026-07-30T17:27:44,62,אף אוזן גרון,מגדים,language,איטלקית,1
2026-07-30T17:27:44,62,אף אוזן גרון,מגדים,language,אנגלית,24
2026-07-30T17:27:44,62,אף אוזן גרון,מגדים,language,גרמנית,4
2026-07-30T17:27:44,62,אף אוזן גרון,מגדים,language,הונגרית,1
2026-07-30T17:27:44,62,אף אוזן גרון,מגדים,language,ספרדית,1
2026-07-30T17:27:44,62,אף אוזן גרון,מגדים,language,עברית,39
2026-07-30T17:27:44,62,אף אוזן גרון,מגדים,language,ערבית,18
2026-07-30T17:27:44,62,אף אוזן גרון,מגדים,language,רוסית,11
2026-07-30T17:27:57,62,אף אוזן גרון,מוח'יים פארעה,gender,גבר,48
2026-07-30T17:27:57,62,אף אוזן גרון,מוח'יים פארעה,gender,אישה,14
2026-07-30T17:27:57,62,אף אוזן גרון,מוח'יים פארעה,visit_type,ביקור במרפאה,67
2026-07-30T17:27:57,62,אף אוזן גרון,מוח'יים פארעה,visit_type,שיחת טלפון,1
2026-07-30T17:27:57,62,אף אוזן גרון,מוח'יים פארעה,language,אוקראינית,1
2026-07-30T17:27:57,62,אף אוזן גרון,מוח'יים פארעה,language,אידיש,4
2026-07-30T17:27:57,62,אף אוזן גרון,מוח'יים פארעה,language,איטלקית,1
2026-07-30T17:27:57,62,אף אוזן גרון,מוח'יים פארעה,language,אנגלית,12
2026-07-30T17:27:57,62,אף אוזן גרון,מוח'יים פארעה,language,גרמנית,1
2026-07-30T17:27:57,62,אף אוזן גרון,מוח'יים פארעה,language,עברית,16
2026-07-30T17:27:57,62,אף אוזן גרון,מוח'יים פארעה,language,ערבית,3
2026-07-30T17:27:57,62,אף אוזן גרון,מוח'יים פארעה,language,רומנית,2
2026-07-30T17:27:57,62,אף אוזן גרון,מוח'יים פארעה,language,רוסית,6
2026-07-30T17:28:08,62,אף אוזן גרון,מזכרת בתיה,gender,גבר,46
2026-07-30T17:28:08,62,אף אוזן גרון,מזכרת בתיה,gender,אישה,4
2026-07-30T17:28:08,62,אף אוזן גרון,מזכרת בתיה,visit_type,ביקור במרפאה,62
2026-07-30T17:28:08,62,אף אוזן גרון,מזכרת בתיה,language,איטלקית,1
2026-07-30T17:28:08,62,אף אוזן גרון,מזכרת בתיה,language,אנגלית,19
2026-07-30T17:28:08,62,אף אוזן גרון,מזכרת בתיה,language,ספרדית,1
2026-07-30T17:28:08,62,אף אוזן גרון,מזכרת בתיה,language,עברית,25
2026-07-30T17:28:08,62,אף אוזן גרון,מזכרת בתיה,language,ערבית,3
2026-07-30T17:28:08,62,אף אוזן גרון,מזכרת בתיה,language,צרפתית,2
2026-07-30T17:28:08,62,אף אוזן גרון,מזכרת בתיה,language,רוסית,7
2026-07-30T17:28:21,62,אף אוזן גרון,מי עמי,gender,גבר,67
2026-07-30T17:28:21,62,אף אוזן גרון,מי עמי,gender,אישה,20
2026-07-30T17:28:21,62,אף אוזן גרון,מי עמי,visit_type,ביקור במרפאה,92
2026-07-30T17:28:21,62,אף אוזן גרון,מי עמי,visit_type,שיחת טלפון,1
2026-07-30T17:28:21,62,אף אוזן גרון,מי עמי,language,אוקראינית,1
2026-07-30T17:28:21,62,אף אוזן גרון,מי עמי,language,אידיש,4
2026-07-30T17:28:21,62,אף אוזן גרון,מי עמי,language,איטלקית,1
2026-07-30T17:28:21,62,אף אוזן גרון,מי עמי,language,אנגלית,19
2026-07-30T17:28:21,62,אף אוזן גרון,מי עמי,language,גרמנית,1
2026-07-30T17:28:21,62,אף אוזן גרון,מי עמי,language,ספרדית,1
2026-07-30T17:28:21,62,אף אוזן גרון,מי עמי,language,עברית,26
2026-07-30T17:28:21,62,אף אוזן גרון,מי עמי,language,ערבית,9
2026-07-30T17:28:21,62,אף אוזן גרון,מי עמי,language,רומנית,2
2026-07-30T17:28:21,62,אף אוזן גרון,מי עמי,language,רוסית,9
2026-07-30T17:28:35,62,אף אוזן גרון,מכורה,gender,גבר,36
2026-07-30T17:28:35,62,אף אוזן גרון,מכורה,gender,אישה,4
2026-07-30T17:28:35,62,אף אוזן גרון,מכורה,visit_type,ביקור במרפאה,41
2026-07-30T17:28:35,62,אף אוזן גרון,מכורה,language,אידיש,4
2026-07-30T17:28:35,62,אף אוזן גרון,מכורה,language,איטלקית,1
2026-07-30T17:28:35,62,אף אוזן גרון,מכורה,language,אנגלית,10
2026-07-30T17:28:35,62,אף אוזן גרון,מכורה,language,עברית,10
2026-07-30T17:28:35,62,אף אוזן גרון,מכורה,language,ערבית,4
2026-07-30T17:28:35,62,אף אוזן גרון,מכורה,language,רוסית,4
2026-07-30T17:28:43,62,אף אוזן גרון,מנות,gender,גבר,47
2026-07-30T17:28:43,62,אף אוזן גרון,מנות,gender,אישה,8
2026-07-30T17:28:43,62,אף אוזן גרון,מנות,visit_type,ביקור במרפאה,55
2026-07-30T17:28:43,62,אף אוזן גרון,מנות,visit_type,שיחת טלפון,2
2026-07-30T17:28:43,62,אף אוזן גרון,מנות,language,איטלקית,5
2026-07-30T17:28:43,62,אף אוזן גרון,מנות,language,אנגלית,40
2026-07-30T17:28:43,62,אף אוזן גרון,מנות,language,גרמנית,4
2026-07-30T17:28:43,62,אף אוזן גרון,מנות,language,הולנדית,1
2026-07-30T17:28:43,62,אף אוזן גרון,מנות,language,הונגרית,1
2026-07-30T17:28:43,62,אף אוזן גרון,מנות,language,ספרדית,1
2026-07-30T17:28:43,62,אף אוזן גרון,מנות,language,עברית,55
2026-07-30T17:28:43,62,אף אוזן גרון,מנות,language,ערבית,40
2026-07-30T17:28:43,62,אף אוזן גרון,מנות,language,צרפתית,1
2026-07-30T17:28:43,62,אף אוזן גרון,מנות,language,רומנית,7
2026-07-30T17:28:43,62,אף אוזן גרון,מנות,language,רוסית,10
2026-07-30T17:28:54,62,אף אוזן גרון,מסלול,gender,גבר,50
2026-07-30T17:28:54,62,אף אוזן גרון,מסלול,gender,אישה,7
2026-07-30T17:28:54,62,אף אוזן גרון,מסלול,visit_type,ביקור במרפאה,63
2026-07-30T17:28:54,62,אף אוזן גרון,מסלול,language,אוקראינית,1
2026-07-30T17:28:54,62,אף אוזן גרון,מסלול,language,אידיש,3
2026-07-30T17:28:54,62,אף אוזן גרון,מסלול,language,אנגלית,3
2026-07-30T17:28:54,62,אף אוזן גרון,מסלול,language,הונגרית,1
2026-07-30T17:28:54,62,אף אוזן גרון,מסלול,language,ספרדית,3
2026-07-30T17:28:54,62,אף אוזן גרון,מסלול,language,עברית,11
2026-07-30T17:28:54,62,אף אוזן גרון,מסלול,language,ערבית,5
2026-07-30T17:28:54,62,אף אוזן גרון,מסלול,language,צכית,1
2026-07-30T17:28:54,62,אף אוזן גרון,מסלול,language,רוסית,1
2026-07-30T17:29:07,62,אף אוזן גרון,מעיין ברוך,gender,גבר,54
2026-07-30T17:29:07,62,אף אוזן גרון,מעיין ברוך,gender,אישה,5
2026-07-30T17:29:07,62,אף אוזן גרון,מעיין ברוך,visit_type,ביקור במרפאה,59
2026-07-30T17:29:07,62,אף אוזן גרון,מעיין ברוך,language,אנגלית,11
2026-07-30T17:29:07,62,אף אוזן גרון,מעיין ברוך,language,עברית,14
2026-07-30T17:29:07,62,אף אוזן גרון,מעיין ברוך,language,ערבית,14
2026-07-30T17:29:07,62,אף אוזן גרון,מעיין ברוך,language,רוסית,2
2026-07-30T17:29:17,62,אף אוזן גרון,מפעלי חבל יבנה,gender,גבר,30
2026-07-30T17:29:17,62,אף אוזן גרון,מפעלי חבל יבנה,gender,אישה,2
2026-07-30T17:29:17,62,אף אוזן גרון,מפעלי חבל יבנה,visit_type,ביקור במרפאה,44
2026-07-30T17:29:17,62,אף אוזן גרון,מפעלי חבל יבנה,language,איטלקית,1
2026-07-30T17:29:17,62,אף אוזן גרון,מפעלי חבל יבנה,language,אנגלית,12
2026-07-30T17:29:17,62,אף אוזן גרון,מפעלי חבל יבנה,language,ספרדית,1
2026-07-30T17:29:17,62,אף אוזן גרון,מפעלי חבל יבנה,language,עברית,18
2026-07-30T17:29:17,62,אף אוזן גרון,מפעלי חבל יבנה,language,ערבית,2
2026-07-30T17:29:17,62,אף אוזן גרון,מפעלי חבל יבנה,language,צרפתית,2
2026-07-30T17:29:17,62,אף אוזן גרון,מפעלי חבל יבנה,language,רוסית,7
2026-07-30T17:29:26,62,אף אוזן גרון,מצפה יריחו,gender,גבר,36
2026-07-30T17:29:26,62,אף אוזן גרון,מצפה יריחו,gender,אישה,4
2026-07-30T17:29:26,62,אף אוזן גרון,מצפה יריחו,visit_type,ביקור במרפאה,41
2026-07-30T17:29:26,62,אף אוזן גרון,מצפה יריחו,language,אידיש,4
2026-07-30T17:29:26,62,אף אוזן גרון,מצפה יריחו,language,איטלקית,1
2026-07-30T17:29:26,62,אף אוזן גרון,מצפה יריחו,language,אנגלית,10
2026-07-30T17:29:26,62,אף אוזן גרון,מצפה יריחו,language,עברית,10
2026-07-30T17:29:26,62,אף אוזן גרון,מצפה יריחו,language,ערבית,4
2026-07-30T17:29:26,62,אף אוזן גרון,מצפה יריחו,language,רוסית,4
2026-07-30T17:29:36,62,אף אוזן גרון,מרחביה קיבוץ,gender,גבר,86
2026-07-30T17:29:36,62,אף אוזן גרון,מרחביה קיבוץ,gender,אישה,8
2026-07-30T17:29:36,62,אף אוזן גרון,מרחביה קיבוץ,visit_type,ביקור במרפאה,95
2026-07-30T17:29:36,62,אף אוזן גרון,מרחביה קיבוץ,language,אנגלית,17
2026-07-30T17:29:36,62,אף אוזן גרון,מרחביה קיבוץ,language,ספרדית,1
2026-07-30T17:29:36,62,אף אוזן גרון,מרחביה קיבוץ,language,עברית,23
2026-07-30T17:29:36,62,אף אוזן גרון,מרחביה קיבוץ,language,ערבית,19
2026-07-30T17:29:36,62,אף אוזן גרון,מרחביה קיבוץ,language,רוסית,5
2026-07-30T17:29:50,62,אף אוזן גרון,משכיות,gender,גבר,36
2026-07-30T17:29:50,62,אף אוזן גרון,משכיות,gender,אישה,4
2026-07-30T17:29:50,62,אף אוזן גרון,משכיות,visit_type,ביקור במרפאה,41
2026-07-30T17:29:50,62,אף אוזן גרון,משכיות,language,אידיש,4
2026-07-30T17:29:50,62,אף אוזן גרון,משכיות,language,איטלקית,1
2026-07-30T17:29:50,62,אף אוזן גרון,משכיות,language,אנגלית,10
2026-07-30T17:29:50,62,אף אוזן גרון,משכיות,language,עברית,10
2026-07-30T17:29:50,62,אף אוזן גרון,משכיות,language,ערבית,4
2026-07-30T17:29:50,62,אף אוזן גרון,משכיות,language,רוסית,4
2026-07-30T17:29:58,62,אף אוזן גרון,נאות מרדכי,gender,גבר,54
2026-07-30T17:29:58,62,אף אוזן גרון,נאות מרדכי,gender,אישה,5
2026-07-30T17:29:58,62,אף אוזן גרון,נאות מרדכי,visit_type,ביקור במרפאה,59
2026-07-30T17:29:58,62,אף אוזן גרון,נאות מרדכי,language,אנגלית,11
2026-07-30T17:29:58,62,אף אוזן גרון,נאות מרדכי,language,עברית,14
2026-07-30T17:29:58,62,אף אוזן גרון,נאות מרדכי,language,ערבית,14
2026-07-30T17:29:58,62,אף אוזן גרון,נאות מרדכי,language,רוסית,2
2026-07-30T17:30:08,62,אף אוזן גרון,נהריה,gender,גבר,35
2026-07-30T17:30:08,62,אף אוזן גרון,נהריה,gender,אישה,3
2026-07-30T17:30:08,62,אף אוזן גרון,נהריה,visit_type,ביקור במרפאה,38
2026-07-30T17:30:08,62,אף אוזן גרון,נהריה,visit_type,שיחת טלפון,1
2026-07-30T17:30:08,62,אף אוזן גרון,נהריה,language,איטלקית,5
2026-07-30T17:30:08,62,אף אוזן גרון,נהריה,language,אנגלית,29
2026-07-30T17:30:08,62,אף אוזן גרון,נהריה,language,גרמנית,2
2026-07-30T17:30:08,62,אף אוזן גרון,נהריה,language,הולנדית,1
2026-07-30T17:30:08,62,אף אוזן גרון,נהריה,language,ספרדית,1
2026-07-30T17:30:08,62,אף אוזן גרון,נהריה,language,עברית,38
2026-07-30T17:30:08,62,אף אוזן גרון,נהריה,language,ערבית,34
2026-07-30T17:30:08,62,אף אוזן גרון,נהריה,language,צרפתית,1
2026-07-30T17:30:08,62,אף אוזן גרון,נהריה,language,רומנית,7
2026-07-30T17:30:08,62,אף אוזן גרון,נהריה,language,רוסית,5
2026-07-30T17:30:16,62,אף אוזן גרון,נווה זוהר,gender,גבר,38
2026-07-30T17:30:16,62,אף אוזן גרון,נווה זוהר,gender,אישה,6
2026-07-30T17:30:16,62,אף אוזן גרון,נווה זוהר,visit_type,ביקור במרפאה,47
2026-07-30T17:30:16,62,אף אוזן גרון,נווה זוהר,language,אוקראינית,1
2026-07-30T17:30:16,62,אף אוזן גרון,נווה זוהר,language,אידיש,3
2026-07-30T17:30:16,62,אף אוזן גרון,נווה זוהר,language,אנגלית,3
2026-07-30T17:30:16,62,אף אוזן גרון,נווה זוהר,language,הונגרית,1
2026-07-30T17:30:16,62,אף אוזן גרון,נווה זוהר,language,ספרדית,3
2026-07-30T17:30:16,62,אף אוזן גרון,נווה זוהר,language,עברית,10
2026-07-30T17:30:16,62,אף אוזן גרון,נווה זוהר,language,ערבית,4
2026-07-30T17:30:16,62,אף אוזן גרון,נווה זוהר,language,צכית,1
2026-07-30T17:30:16,62,אף אוזן גרון,נווה זוהר,language,רוסית,1
2026-07-30T17:30:27,62,אף אוזן גרון,נחלים,gender,גבר,34
2026-07-30T17:30:27,62,אף אוזן גרון,נחלים,gender,אישה,20
2026-07-30T17:30:27,62,אף אוזן גרון,נחלים,visit_type,ביקור במרפאה,59
2026-07-30T17:30:27,62,אף אוזן גרון,נחלים,visit_type,שיחת טלפון,1
2026-07-30T17:30:27,62,אף אוזן גרון,נחלים,language,אוקראינית,1
2026-07-30T17:30:27,62,אף אוזן גרון,נחלים,language,אידיש,1
2026-07-30T17:30:27,62,אף אוזן גרון,נחלים,language,איטלקית,1
2026-07-30T17:30:27,62,אף אוזן גרון,נחלים,language,אנגלית,18
2026-07-30T17:30:27,62,אף אוזן גרון,נחלים,language,גרמנית,1
2026-07-30T17:30:27,62,אף אוזן גרון,נחלים,language,ספרדית,2
2026-07-30T17:30:27,62,אף אוזן גרון,נחלים,language,עברית,44
2026-07-30T17:30:27,62,אף אוזן גרון,נחלים,language,ערבית,3
2026-07-30T17:30:27,62,אף אוזן גרון,נחלים,language,רומנית,1
2026-07-30T17:30:27,62,אף אוזן גרון,נחלים,language,רוסית,11
2026-07-30T17:30:38,62,אף אוזן גרון,ניל''י,gender,גבר,26
2026-07-30T17:30:38,62,אף אוזן גרון,ניל''י,gender,אישה,10
2026-07-30T17:30:38,62,אף אוזן גרון,ניל''י,visit_type,ביקור במרפאה,38
2026-07-30T17:30:38,62,אף אוזן גרון,ניל''י,visit_type,שיחת טלפון,1
2026-07-30T17:30:38,62,אף אוזן גרון,ניל''י,language,אנגלית,14
2026-07-30T17:30:38,62,אף אוזן גרון,ניל''י,language,ספרדית,2
2026-07-30T17:30:38,62,אף אוזן גרון,ניל''י,language,עברית,37
2026-07-30T17:30:38,62,אף אוזן גרון,ניל''י,language,ערבית,2
2026-07-30T17:30:38,62,אף אוזן גרון,ניל''י,language,רוסית,9
2026-07-30T17:30:44,62,אף אוזן גרון,נמל תעופה בן גוריון,gender,גבר,30
2026-07-30T17:30:44,62,אף אוזן גרון,נמל תעופה בן גוריון,gender,אישה,2
2026-07-30T17:30:44,62,אף אוזן גרון,נמל תעופה בן גוריון,visit_type,ביקור במרפאה,44
2026-07-30T17:30:44,62,אף אוזן גרון,נמל תעופה בן גוריון,language,איטלקית,1
2026-07-30T17:30:44,62,אף אוזן גרון,נמל תעופה בן גוריון,language,אנגלית,12
2026-07-30T17:30:44,62,אף אוזן גרון,נמל תעופה בן גוריון,language,ספרדית,1
2026-07-30T17:30:44,62,אף אוזן גרון,נמל תעופה בן גוריון,language,עברית,18
2026-07-30T17:30:44,62,אף אוזן גרון,נמל תעופה בן גוריון,language,ערבית,2
2026-07-30T17:30:44,62,אף אוזן גרון,נמל תעופה בן גוריון,language,צרפתית,2
2026-07-30T17:30:44,62,אף אוזן גרון,נמל תעופה בן גוריון,language,רוסית,7
2026-07-30T17:30:53,62,אף אוזן גרון,נצר חזני,gender,גבר,30
2026-07-30T17:30:53,62,אף אוזן גרון,נצר חזני,gender,אישה,2
2026-07-30T17:30:53,62,אף אוזן גרון,נצר חזני,visit_type,ביקור במרפאה,44
2026-07-30T17:30:53,62,אף אוזן גרון,נצר חזני,language,איטלקית,1
2026-07-30T17:30:53,62,אף אוזן גרון,נצר חזני,language,אנגלית,12
2026-07-30T17:30:53,62,אף אוזן גרון,נצר חזני,language,ספרדית,1
2026-07-30T17:30:53,62,אף אוזן גרון,נצר חזני,language,עברית,18
2026-07-30T17:30:53,62,אף אוזן גרון,נצר חזני,language,ערבית,2
2026-07-30T17:30:53,62,אף אוזן גרון,נצר חזני,language,צרפתית,2
2026-07-30T17:30:53,62,אף אוזן גרון,נצר חזני,language,רוסית,7
2026-07-30T17:31:03,62,אף אוזן גרון,סאג'ור,gender,גבר,47
2026-07-30T17:31:03,62,אף אוזן גרון,סאג'ור,gender,אישה,8
2026-07-30T17:31:03,62,אף אוזן גרון,סאג'ור,visit_type,ביקור במרפאה,55
2026-07-30T17:31:03,62,אף אוזן גרון,סאג'ור,visit_type,שיחת טלפון,2
2026-07-30T17:31:03,62,אף אוזן גרון,סאג'ור,language,איטלקית,5
2026-07-30T17:31:03,62,אף אוזן גרון,סאג'ור,language,אנגלית,40
2026-07-30T17:31:03,62,אף אוזן גרון,סאג'ור,language,גרמנית,4
2026-07-30T17:31:03,62,אף אוזן גרון,סאג'ור,language,הולנדית,1
2026-07-30T17:31:03,62,אף אוזן גרון,סאג'ור,language,הונגרית,1
2026-07-30T17:31:03,62,אף אוזן גרון,סאג'ור,language,ספרדית,1
2026-07-30T17:31:03,62,אף אוזן גרון,סאג'ור,language,עברית,55
2026-07-30T17:31:03,62,אף אוזן גרון,סאג'ור,language,ערבית,40
2026-07-30T17:31:03,62,אף אוזן גרון,סאג'ור,language,צרפתית,1
2026-07-30T17:31:03,62,אף אוזן גרון,סאג'ור,language,רומנית,7
2026-07-30T17:31:03,62,אף אוזן גרון,סאג'ור,language,רוסית,10
2026-07-30T17:31:13,62,אף אוזן גרון,סומיה,gender,גבר,50
2026-07-30T17:31:13,62,אף אוזן גרון,סומיה,gender,אישה,7
2026-07-30T17:31:13,62,אף אוזן גרון,סומיה,visit_type,ביקור במרפאה,63
2026-07-30T17:31:13,62,אף אוזן גרון,סומיה,language,אוקראינית,1
2026-07-30T17:31:13,62,אף אוזן גרון,סומיה,language,אידיש,3
2026-07-30T17:31:13,62,אף אוזן גרון,סומיה,language,אנגלית,3
2026-07-30T17:31:13,62,אף אוזן גרון,סומיה,language,הונגרית,1
2026-07-30T17:31:13,62,אף אוזן גרון,סומיה,language,ספרדית,3
2026-07-30T17:31:13,62,אף אוזן גרון,סומיה,language,עברית,11
2026-07-30T17:31:13,62,אף אוזן גרון,סומיה,language,ערבית,5
2026-07-30T17:31:13,62,אף אוזן גרון,סומיה,language,צכית,1
2026-07-30T17:31:13,62,אף אוזן גרון,סומיה,language,רוסית,1
2026-07-30T17:31:28,62,אף אוזן גרון,סילת אל ח'רית'יה,gender,גבר,48
2026-07-30T17:31:28,62,אף אוזן גרון,סילת אל ח'רית'יה,gender,אישה,14
2026-07-30T17:31:28,62,אף אוזן גרון,סילת אל ח'רית'יה,visit_type,ביקור במרפאה,67
2026-07-30T17:31:28,62,אף אוזן גרון,סילת אל ח'רית'יה,visit_type,שיחת טלפון,1
2026-07-30T17:31:28,62,אף אוזן גרון,סילת אל ח'רית'יה,language,אוקראינית,1
2026-07-30T17:31:28,62,אף אוזן גרון,סילת אל ח'רית'יה,language,אידיש,4
2026-07-30T17:31:28,62,אף אוזן גרון,סילת אל ח'רית'יה,language,איטלקית,1
2026-07-30T17:31:28,62,אף אוזן גרון,סילת אל ח'רית'יה,language,אנגלית,12
2026-07-30T17:31:28,62,אף אוזן גרון,סילת אל ח'רית'יה,language,גרמנית,1
2026-07-30T17:31:28,62,אף אוזן גרון,סילת אל ח'רית'יה,language,עברית,16
2026-07-30T17:31:28,62,אף אוזן גרון,סילת אל ח'רית'יה,language,ערבית,3
2026-07-30T17:31:28,62,אף אוזן גרון,סילת אל ח'רית'יה,language,רומנית,2
2026-07-30T17:31:28,62,אף אוזן גרון,סילת אל ח'רית'יה,language,רוסית,6
2026-07-30T17:31:38,62,אף אוזן גרון,סניריא,gender,גבר,26
2026-07-30T17:31:38,62,אף אוזן גרון,סניריא,gender,אישה,10
2026-07-30T17:31:38,62,אף אוזן גרון,סניריא,visit_type,ביקור במרפאה,38
2026-07-30T17:31:38,62,אף אוזן גרון,סניריא,visit_type,שיחת טלפון,1
2026-07-30T17:31:38,62,אף אוזן גרון,סניריא,language,אנגלית,14
2026-07-30T17:31:38,62,אף אוזן גרון,סניריא,language,ספרדית,2
2026-07-30T17:31:38,62,אף אוזן גרון,סניריא,language,עברית,37
2026-07-30T17:31:38,62,אף אוזן גרון,סניריא,language,ערבית,2
2026-07-30T17:31:38,62,אף אוזן גרון,סניריא,language,רוסית,9
2026-07-30T17:31:45,62,אף אוזן גרון,סרטא,gender,גבר,26
2026-07-30T17:31:45,62,אף אוזן גרון,סרטא,gender,אישה,10
2026-07-30T17:31:45,62,אף אוזן גרון,סרטא,visit_type,ביקור במרפאה,38
2026-07-30T17:31:45,62,אף אוזן גרון,סרטא,visit_type,שיחת טלפון,1
2026-07-30T17:31:45,62,אף אוזן גרון,סרטא,language,אנגלית,14
2026-07-30T17:31:45,62,אף אוזן גרון,סרטא,language,ספרדית,2
2026-07-30T17:31:45,62,אף אוזן גרון,סרטא,language,עברית,37
2026-07-30T17:31:45,62,אף אוזן גרון,סרטא,language,ערבית,2
2026-07-30T17:31:45,62,אף אוזן גרון,סרטא,language,רוסית,9
2026-07-30T17:31:54,62,אף אוזן גרון,עג'ה,gender,גבר,48
2026-07-30T17:31:54,62,אף אוזן גרון,עג'ה,gender,אישה,14
2026-07-30T17:31:54,62,אף אוזן גרון,עג'ה,visit_type,ביקור במרפאה,67
2026-07-30T17:31:54,62,אף אוזן גרון,עג'ה,visit_type,שיחת טלפון,1
2026-07-30T17:31:54,62,אף אוזן גרון,עג'ה,language,אוקראינית,1
2026-07-30T17:31:54,62,אף אוזן גרון,עג'ה,language,אידיש,4
2026-07-30T17:31:54,62,אף אוזן גרון,עג'ה,language,איטלקית,1
2026-07-30T17:31:54,62,אף אוזן גרון,עג'ה,language,אנגלית,12
2026-07-30T17:31:54,62,אף אוזן גרון,עג'ה,language,גרמנית,1
2026-07-30T17:31:54,62,אף אוזן גרון,עג'ה,language,עברית,16
2026-07-30T17:31:54,62,אף אוזן גרון,עג'ה,language,ערבית,3
2026-07-30T17:31:54,62,אף אוזן גרון,עג'ה,language,רומנית,2
2026-07-30T17:31:54,62,אף אוזן גרון,עג'ה,language,רוסית,6
2026-07-30T17:32:05,62,אף אוזן גרון,עוזייר,gender,גבר,54
2026-07-30T17:32:05,62,אף אוזן גרון,עוזייר,gender,אישה,5
2026-07-30T17:32:05,62,אף אוזן גרון,עוזייר,visit_type,ביקור במרפאה,59
2026-07-30T17:32:05,62,אף אוזן גרון,עוזייר,language,אנגלית,11
2026-07-30T17:32:05,62,אף אוזן גרון,עוזייר,language,עברית,14
2026-07-30T17:32:05,62,אף אוזן גרון,עוזייר,language,ערבית,14
2026-07-30T17:32:05,62,אף אוזן גרון,עוזייר,language,רוסית,2
2026-07-30T17:32:16,62,אף אוזן גרון,עזמוט,gender,גבר,48
2026-07-30T17:32:16,62,אף אוזן גרון,עזמוט,gender,אישה,14
2026-07-30T17:32:16,62,אף אוזן גרון,עזמוט,visit_type,ביקור במרפאה,67
2026-07-30T17:32:16,62,אף אוזן גרון,עזמוט,visit_type,שיחת טלפון,1
2026-07-30T17:32:16,62,אף אוזן גרון,עזמוט,language,אוקראינית,1
2026-07-30T17:32:16,62,אף אוזן גרון,עזמוט,language,אידיש,4
2026-07-30T17:32:16,62,אף אוזן גרון,עזמוט,language,איטלקית,1
2026-07-30T17:32:16,62,אף אוזן גרון,עזמוט,language,אנגלית,12
2026-07-30T17:32:16,62,אף אוזן גרון,עזמוט,language,גרמנית,1
2026-07-30T17:32:16,62,אף אוזן גרון,עזמוט,language,עברית,16
2026-07-30T17:32:16,62,אף אוזן גרון,עזמוט,language,ערבית,3
2026-07-30T17:32:16,62,אף אוזן גרון,עזמוט,language,רומנית,2
2026-07-30T17:32:16,62,אף אוזן גרון,עזמוט,language,רוסית,6
2026-07-30T17:32:28,62,אף אוזן גרון,עיילבון,gender,גבר,54
2026-07-30T17:32:28,62,אף אוזן גרון,עיילבון,gender,אישה,5
2026-07-30T17:32:28,62,אף אוזן גרון,עיילבון,visit_type,ביקור במרפאה,59
2026-07-30T17:32:28,62,אף אוזן גרון,עיילבון,language,אנגלית,11
2026-07-30T17:32:28,62,אף אוזן גרון,עיילבון,language,עברית,14
2026-07-30T17:32:28,62,אף אוזן גרון,עיילבון,language,ערבית,14
2026-07-30T17:32:28,62,אף אוזן גרון,עיילבון,language,רוסית,2
2026-07-30T17:32:39,62,אף אוזן גרון,עלומים,gender,גבר,32
2026-07-30T17:32:39,62,אף אוזן גרון,עלומים,gender,אישה,3
2026-07-30T17:32:39,62,אף אוזן גרון,עלומים,visit_type,ביקור במרפאה,41
2026-07-30T17:32:39,62,אף אוזן גרון,עלומים,language,אוקראינית,1
2026-07-30T17:32:39,62,אף אוזן גרון,עלומים,language,אנגלית,3
2026-07-30T17:32:39,62,אף אוזן גרון,עלומים,language,הונגרית,1
2026-07-30T17:32:39,62,אף אוזן גרון,עלומים,language,עברית,4
2026-07-30T17:32:39,62,אף אוזן גרון,עלומים,language,ערבית,1
2026-07-30T17:32:39,62,אף אוזן גרון,עלומים,language,צכית,1
2026-07-30T17:32:39,62,אף אוזן גרון,עלומים,language,רוסית,1
2026-07-30T17:32:50,62,אף אוזן גרון,עמיעוז,gender,גבר,32
2026-07-30T17:32:50,62,אף אוזן גרון,עמיעוז,gender,אישה,3
2026-07-30T17:32:50,62,אף אוזן גרון,עמיעוז,visit_type,ביקור במרפאה,41
2026-07-30T17:32:50,62,אף אוזן גרון,עמיעוז,language,אוקראינית,1
2026-07-30T17:32:50,62,אף אוזן גרון,עמיעוז,language,אנגלית,3
2026-07-30T17:32:50,62,אף אוזן גרון,עמיעוז,language,הונגרית,1
2026-07-30T17:32:50,62,אף אוזן גרון,עמיעוז,language,עברית,4
2026-07-30T17:32:50,62,אף אוזן גרון,עמיעוז,language,ערבית,1
2026-07-30T17:32:50,62,אף אוזן גרון,עמיעוז,language,צכית,1
2026-07-30T17:32:50,62,אף אוזן גרון,עמיעוז,language,רוסית,1
2026-07-30T17:33:01,62,אף אוזן גרון,עסירה אל קיבליה,gender,גבר,48
2026-07-30T17:33:01,62,אף אוזן גרון,עסירה אל קיבליה,gender,אישה,14
2026-07-30T17:33:01,62,אף אוזן גרון,עסירה אל קיבליה,visit_type,ביקור במרפאה,67
2026-07-30T17:33:01,62,אף אוזן גרון,עסירה אל קיבליה,visit_type,שיחת טלפון,1
2026-07-30T17:33:01,62,אף אוזן גרון,עסירה אל קיבליה,language,אוקראינית,1
2026-07-30T17:33:01,62,אף אוזן גרון,עסירה אל קיבליה,language,אידיש,4
2026-07-30T17:33:01,62,אף אוזן גרון,עסירה אל קיבליה,language,איטלקית,1
2026-07-30T17:33:01,62,אף אוזן גרון,עסירה אל קיבליה,language,אנגלית,12
2026-07-30T17:33:01,62,אף אוזן גרון,עסירה אל קיבליה,language,גרמנית,1
2026-07-30T17:33:01,62,אף אוזן גרון,עסירה אל קיבליה,language,עברית,16
2026-07-30T17:33:01,62,אף אוזן גרון,עסירה אל קיבליה,language,ערבית,3
2026-07-30T17:33:01,62,אף אוזן גרון,עסירה אל קיבליה,language,רומנית,2
2026-07-30T17:33:01,62,אף אוזן גרון,עסירה אל קיבליה,language,רוסית,6
2026-07-30T17:33:11,62,אף אוזן גרון,עראבה ליד ג'נין,gender,גבר,48
2026-07-30T17:33:11,62,אף אוזן גרון,עראבה ליד ג'נין,gender,אישה,14
2026-07-30T17:33:11,62,אף אוזן גרון,עראבה ליד ג'נין,visit_type,ביקור במרפאה,67
2026-07-30T17:33:11,62,אף אוזן גרון,עראבה ליד ג'נין,visit_type,שיחת טלפון,1
2026-07-30T17:33:11,62,אף אוזן גרון,עראבה ליד ג'נין,language,אוקראינית,1
2026-07-30T17:33:11,62,אף אוזן גרון,עראבה ליד ג'נין,language,אידיש,4
2026-07-30T17:33:11,62,אף אוזן גרון,עראבה ליד ג'נין,language,איטלקית,1
2026-07-30T17:33:11,62,אף אוזן גרון,עראבה ליד ג'נין,language,אנגלית,12
2026-07-30T17:33:11,62,אף אוזן גרון,עראבה ליד ג'נין,language,גרמנית,1
2026-07-30T17:33:11,62,אף אוזן גרון,עראבה ליד ג'נין,language,עברית,16
2026-07-30T17:33:11,62,אף אוזן גרון,עראבה ליד ג'נין,language,ערבית,3
2026-07-30T17:33:11,62,אף אוזן גרון,עראבה ליד ג'נין,language,רומנית,2
2026-07-30T17:33:11,62,אף אוזן גרון,עראבה ליד ג'נין,language,רוסית,6
2026-07-30T17:33:22,62,אף אוזן גרון,עשרת,gender,גבר,21
2026-07-30T17:33:22,62,אף אוזן גרון,עשרת,gender,אישה,2
2026-07-30T17:33:22,62,אף אוזן גרון,עשרת,visit_type,ביקור במרפאה,27
2026-07-30T17:33:22,62,אף אוזן גרון,עשרת,language,איטלקית,1
2026-07-30T17:33:22,62,אף אוזן גרון,עשרת,language,אנגלית,8
2026-07-30T17:33:22,62,אף אוזן גרון,עשרת,language,ספרדית,1
2026-07-30T17:33:22,62,אף אוזן גרון,עשרת,language,עברית,10
2026-07-30T17:33:22,62,אף אוזן גרון,עשרת,language,צרפתית,2
2026-07-30T17:33:22,62,אף אוזן גרון,עשרת,language,רוסית,4
2026-07-30T17:33:27,62,אף אוזן גרון,פארק תעשייה חבל מודיעים,gender,גבר,26
2026-07-30T17:33:27,62,אף אוזן גרון,פארק תעשייה חבל מודיעים,gender,אישה,10
2026-07-30T17:33:27,62,אף אוזן גרון,פארק תעשייה חבל מודיעים,visit_type,ביקור במרפאה,38
2026-07-30T17:33:27,62,אף אוזן גרון,פארק תעשייה חבל מודיעים,visit_type,שיחת טלפון,1
2026-07-30T17:33:27,62,אף אוזן גרון,פארק תעשייה חבל מודיעים,language,אנגלית,14
2026-07-30T17:33:27,62,אף אוזן גרון,פארק תעשייה חבל מודיעים,language,ספרדית,2
2026-07-30T17:33:27,62,אף אוזן גרון,פארק תעשייה חבל מודיעים,language,עברית,37
2026-07-30T17:33:27,62,אף אוזן גרון,פארק תעשייה חבל מודיעים,language,ערבית,2
2026-07-30T17:33:27,62,אף אוזן גרון,פארק תעשייה חבל מודיעים,language,רוסית,9
2026-07-30T17:33:36,62,אף אוזן גרון,פטיש,gender,גבר,50
2026-07-30T17:33:36,62,אף אוזן גרון,פטיש,gender,אישה,7
2026-07-30T17:33:36,62,אף אוזן גרון,פטיש,visit_type,ביקור במרפאה,63
2026-07-30T17:33:36,62,אף אוזן גרון,פטיש,language,אוקראינית,1
2026-07-30T17:33:36,62,אף אוזן גרון,פטיש,language,אידיש,3
2026-07-30T17:33:36,62,אף אוזן גרון,פטיש,language,אנגלית,3
2026-07-30T17:33:36,62,אף אוזן גרון,פטיש,language,הונגרית,1
2026-07-30T17:33:36,62,אף אוזן גרון,פטיש,language,ספרדית,3
2026-07-30T17:33:36,62,אף אוזן גרון,פטיש,language,עברית,11
2026-07-30T17:33:36,62,אף אוזן גרון,פטיש,language,ערבית,5
2026-07-30T17:33:36,62,אף אוזן גרון,פטיש,language,צכית,1
2026-07-30T17:33:36,62,אף אוזן גרון,פטיש,language,רוסית,1
2026-07-30T17:33:49,62,אף אוזן גרון,פצאל,gender,גבר,36
2026-07-30T17:33:49,62,אף אוזן גרון,פצאל,gender,אישה,4
2026-07-30T17:33:49,62,אף אוזן גרון,פצאל,visit_type,ביקור במרפאה,41
2026-07-30T17:33:49,62,אף אוזן גרון,פצאל,language,אידיש,4
2026-07-30T17:33:49,62,אף אוזן גרון,פצאל,language,איטלקית,1
2026-07-30T17:33:49,62,אף אוזן גרון,פצאל,language,אנגלית,10
2026-07-30T17:33:49,62,אף אוזן גרון,פצאל,language,עברית,10
2026-07-30T17:33:49,62,אף אוזן גרון,פצאל,language,ערבית,4
2026-07-30T17:33:49,62,אף אוזן גרון,פצאל,language,רוסית,4
2026-07-30T17:33:57,62,אף אוזן גרון,פרעון,gender,גבר,48
2026-07-30T17:33:57,62,אף אוזן גרון,פרעון,gender,אישה,14
2026-07-30T17:33:57,62,אף אוזן גרון,פרעון,visit_type,ביקור במרפאה,67
2026-07-30T17:33:57,62,אף אוזן גרון,פרעון,visit_type,שיחת טלפון,1
2026-07-30T17:33:57,62,אף אוזן גרון,פרעון,language,אוקראינית,1
2026-07-30T17:33:57,62,אף אוזן גרון,פרעון,language,אידיש,4
2026-07-30T17:33:57,62,אף אוזן גרון,פרעון,language,איטלקית,1
2026-07-30T17:33:57,62,אף אוזן גרון,פרעון,language,אנגלית,12
2026-07-30T17:33:57,62,אף אוזן גרון,פרעון,language,גרמנית,1
2026-07-30T17:33:57,62,אף אוזן גרון,פרעון,language,עברית,16
2026-07-30T17:33:57,62,אף אוזן גרון,פרעון,language,ערבית,3
2026-07-30T17:33:57,62,אף אוזן גרון,פרעון,language,רומנית,2
2026-07-30T17:33:57,62,אף אוזן גרון,פרעון,language,רוסית,6
2026-07-30T17:34:09,62,אף אוזן גרון,צופים,gender,גבר,67
2026-07-30T17:34:09,62,אף אוזן גרון,צופים,gender,אישה,18
2026-07-30T17:34:09,62,אף אוזן גרון,צופים,visit_type,ביקור במרפאה,91
2026-07-30T17:34:09,62,אף אוזן גרון,צופים,visit_type,שיחת טלפון,1
2026-07-30T17:34:09,62,אף אוזן גרון,צופים,language,אוקראינית,1
2026-07-30T17:34:09,62,אף אוזן גרון,צופים,language,אידיש,4
2026-07-30T17:34:09,62,אף אוזן גרון,צופים,language,איטלקית,1
2026-07-30T17:34:09,62,אף אוזן גרון,צופים,language,אנגלית,24
2026-07-30T17:34:09,62,אף אוזן גרון,צופים,language,גרמנית,2
2026-07-30T17:34:09,62,אף אוזן גרון,צופים,language,ספרדית,1
2026-07-30T17:34:09,62,אף אוזן גרון,צופים,language,עברית,35
2026-07-30T17:34:09,62,אף אוזן גרון,צופים,language,ערבית,6
2026-07-30T17:34:09,62,אף אוזן גרון,צופים,language,צרפתית,1
2026-07-30T17:34:09,62,אף אוזן גרון,צופים,language,רומנית,2
2026-07-30T17:34:09,62,אף אוזן גרון,צופים,language,רוסית,10
2026-07-30T17:34:24,62,אף אוזן גרון,צפריה,gender,גבר,22
2026-07-30T17:34:24,62,אף אוזן גרון,צפריה,gender,אישה,1
2026-07-30T17:34:24,62,אף אוזן גרון,צפריה,visit_type,ביקור במרפאה,32
2026-07-30T17:34:24,62,אף אוזן גרון,צפריה,language,איטלקית,1
2026-07-30T17:34:24,62,אף אוזן גרון,צפריה,language,אנגלית,9
2026-07-30T17:34:24,62,אף אוזן גרון,צפריה,language,עברית,14
2026-07-30T17:34:24,62,אף אוזן גרון,צפריה,language,ערבית,2
2026-07-30T17:34:24,62,אף אוזן גרון,צפריה,language,צרפתית,1
2026-07-30T17:34:24,62,אף אוזן גרון,צפריה,language,רוסית,4
2026-07-30T17:34:31,62,אף אוזן גרון,קדימה צורן,gender,גבר,48
2026-07-30T17:34:31,62,אף אוזן גרון,קדימה צורן,gender,אישה,14
2026-07-30T17:34:31,62,אף אוזן גרון,קדימה צורן,visit_type,ביקור במרפאה,67
2026-07-30T17:34:31,62,אף אוזן גרון,קדימה צורן,visit_type,שיחת טלפון,1
2026-07-30T17:34:31,62,אף אוזן גרון,קדימה צורן,language,אוקראינית,1
2026-07-30T17:34:31,62,אף אוזן גרון,קדימה צורן,language,אידיש,4
2026-07-30T17:34:31,62,אף אוזן גרון,קדימה צורן,language,איטלקית,1
2026-07-30T17:34:31,62,אף אוזן גרון,קדימה צורן,language,אנגלית,12
2026-07-30T17:34:31,62,אף אוזן גרון,קדימה צורן,language,גרמנית,1
2026-07-30T17:34:31,62,אף אוזן גרון,קדימה צורן,language,עברית,16
2026-07-30T17:34:31,62,אף אוזן גרון,קדימה צורן,language,ערבית,3
2026-07-30T17:34:31,62,אף אוזן גרון,קדימה צורן,language,רומנית,2
2026-07-30T17:34:31,62,אף אוזן גרון,קדימה צורן,language,רוסית,6
2026-07-30T17:34:43,62,אף אוזן גרון,קוממיות,gender,גבר,32
2026-07-30T17:34:43,62,אף אוזן גרון,קוממיות,gender,אישה,3
2026-07-30T17:34:43,62,אף אוזן גרון,קוממיות,visit_type,ביקור במרפאה,41
2026-07-30T17:34:43,62,אף אוזן גרון,קוממיות,language,אוקראינית,1
2026-07-30T17:34:43,62,אף אוזן גרון,קוממיות,language,אנגלית,3
2026-07-30T17:34:43,62,אף אוזן גרון,קוממיות,language,הונגרית,1
2026-07-30T17:34:43,62,אף אוזן גרון,קוממיות,language,עברית,4
2026-07-30T17:34:43,62,אף אוזן גרון,קוממיות,language,ערבית,1
2026-07-30T17:34:43,62,אף אוזן גרון,קוממיות,language,צכית,1
2026-07-30T17:34:43,62,אף אוזן גרון,קוממיות,language,רוסית,1
2026-07-30T17:34:51,62,אף אוזן גרון,קליה,gender,גבר,36
2026-07-30T17:34:51,62,אף אוזן גרון,קליה,gender,אישה,4
2026-07-30T17:34:51,62,אף אוזן גרון,קליה,visit_type,ביקור במרפאה,41
2026-07-30T17:34:51,62,אף אוזן גרון,קליה,language,אידיש,4
2026-07-30T17:34:51,62,אף אוזן גרון,קליה,language,איטלקית,1
2026-07-30T17:34:51,62,אף אוזן גרון,קליה,language,אנגלית,10
2026-07-30T17:34:51,62,אף אוזן גרון,קליה,language,עברית,10
2026-07-30T17:34:51,62,אף אוזן גרון,קליה,language,ערבית,4
2026-07-30T17:34:51,62,אף אוזן גרון,קליה,language,רוסית,4
2026-07-30T17:34:58,62,אף אוזן גרון,קראות בני חסן,gender,גבר,26
2026-07-30T17:34:58,62,אף אוזן גרון,קראות בני חסן,gender,אישה,10
2026-07-30T17:34:58,62,אף אוזן גרון,קראות בני חסן,visit_type,ביקור במרפאה,38
2026-07-30T17:34:58,62,אף אוזן גרון,קראות בני חסן,visit_type,שיחת טלפון,1
2026-07-30T17:34:58,62,אף אוזן גרון,קראות בני חסן,language,אנגלית,14
2026-07-30T17:34:58,62,אף אוזן גרון,קראות בני חסן,language,ספרדית,2
2026-07-30T17:34:58,62,אף אוזן גרון,קראות בני חסן,language,עברית,37
2026-07-30T17:34:58,62,אף אוזן גרון,קראות בני חסן,language,ערבית,2
2026-07-30T17:34:58,62,אף אוזן גרון,קראות בני חסן,language,רוסית,9
2026-07-30T17:35:06,62,אף אוזן גרון,ראבא,gender,גבר,48
2026-07-30T17:35:06,62,אף אוזן גרון,ראבא,gender,אישה,14
2026-07-30T17:35:06,62,אף אוזן גרון,ראבא,visit_type,ביקור במרפאה,67
2026-07-30T17:35:06,62,אף אוזן גרון,ראבא,visit_type,שיחת טלפון,1
2026-07-30T17:35:06,62,אף אוזן גרון,ראבא,language,אוקראינית,1
2026-07-30T17:35:06,62,אף אוזן גרון,ראבא,language,אידיש,4
2026-07-30T17:35:06,62,אף אוזן גרון,ראבא,language,איטלקית,1
2026-07-30T17:35:06,62,אף אוזן גרון,ראבא,language,אנגלית,12
2026-07-30T17:35:06,62,אף אוזן גרון,ראבא,language,גרמנית,1
2026-07-30T17:35:06,62,אף אוזן גרון,ראבא,language,עברית,16
2026-07-30T17:35:06,62,אף אוזן גרון,ראבא,language,ערבית,3
2026-07-30T17:35:06,62,אף אוזן גרון,ראבא,language,רומנית,2
2026-07-30T17:35:06,62,אף אוזן גרון,ראבא,language,רוסית,6
2026-07-30T17:35:17,62,אף אוזן גרון,רבבה,gender,גבר,34
2026-07-30T17:35:17,62,אף אוזן גרון,רבבה,gender,אישה,20
2026-07-30T17:35:17,62,אף אוזן גרון,רבבה,visit_type,ביקור במרפאה,59
2026-07-30T17:35:17,62,אף אוזן גרון,רבבה,visit_type,שיחת טלפון,1
2026-07-30T17:35:17,62,אף אוזן גרון,רבבה,language,אוקראינית,1
2026-07-30T17:35:17,62,אף אוזן גרון,רבבה,language,אידיש,1
2026-07-30T17:35:17,62,אף אוזן גרון,רבבה,language,איטלקית,1
2026-07-30T17:35:17,62,אף אוזן גרון,רבבה,language,אנגלית,18
2026-07-30T17:35:17,62,אף אוזן גרון,רבבה,language,גרמנית,1
2026-07-30T17:35:17,62,אף אוזן גרון,רבבה,language,ספרדית,2
2026-07-30T17:35:17,62,אף אוזן גרון,רבבה,language,עברית,44
2026-07-30T17:35:17,62,אף אוזן גרון,רבבה,language,ערבית,3
2026-07-30T17:35:17,62,אף אוזן גרון,רבבה,language,רומנית,1
2026-07-30T17:35:17,62,אף אוזן גרון,רבבה,language,רוסית,11
2026-07-30T17:35:29,62,אף אוזן גרון,רוח מדבר,gender,גבר,50
2026-07-30T17:35:29,62,אף אוזן גרון,רוח מדבר,gender,אישה,7
2026-07-30T17:35:29,62,אף אוזן גרון,רוח מדבר,visit_type,ביקור במרפאה,63
2026-07-30T17:35:29,62,אף אוזן גרון,רוח מדבר,language,אוקראינית,1
2026-07-30T17:35:29,62,אף אוזן גרון,רוח מדבר,language,אידיש,3
2026-07-30T17:35:29,62,אף אוזן גרון,רוח מדבר,language,אנגלית,3
2026-07-30T17:35:29,62,אף אוזן גרון,רוח מדבר,language,הונגרית,1
2026-07-30T17:35:29,62,אף אוזן גרון,רוח מדבר,language,ספרדית,3
2026-07-30T17:35:29,62,אף אוזן גרון,רוח מדבר,language,עברית,11
2026-07-30T17:35:29,62,אף אוזן גרון,רוח מדבר,language,ערבית,5
2026-07-30T17:35:29,62,אף אוזן גרון,רוח מדבר,language,צכית,1
2026-07-30T17:35:29,62,אף אוזן גרון,רוח מדבר,language,רוסית,1
2026-07-30T17:35:44,62,אף אוזן גרון,ריחאנייה,gender,גבר,54
2026-07-30T17:35:44,62,אף אוזן גרון,ריחאנייה,gender,אישה,5
2026-07-30T17:35:44,62,אף אוזן גרון,ריחאנייה,visit_type,ביקור במרפאה,59
2026-07-30T17:35:44,62,אף אוזן גרון,ריחאנייה,language,אנגלית,11
2026-07-30T17:35:44,62,אף אוזן גרון,ריחאנייה,language,עברית,14
2026-07-30T17:35:44,62,אף אוזן גרון,ריחאנייה,language,ערבית,14
2026-07-30T17:35:44,62,אף אוזן גרון,ריחאנייה,language,רוסית,2
2026-07-30T17:35:53,62,אף אוזן גרון,רמות השבים,gender,גבר,34
2026-07-30T17:35:53,62,אף אוזן גרון,רמות השבים,gender,אישה,20
2026-07-30T17:35:53,62,אף אוזן גרון,רמות השבים,visit_type,ביקור במרפאה,59
2026-07-30T17:35:53,62,אף אוזן גרון,רמות השבים,visit_type,שיחת טלפון,1
2026-07-30T17:35:53,62,אף אוזן גרון,רמות השבים,language,אוקראינית,1
2026-07-30T17:35:53,62,אף אוזן גרון,רמות השבים,language,אידיש,1
2026-07-30T17:35:53,62,אף אוזן גרון,רמות השבים,language,איטלקית,1
2026-07-30T17:35:53,62,אף אוזן גרון,רמות השבים,language,אנגלית,18
2026-07-30T17:35:53,62,אף אוזן גרון,רמות השבים,language,גרמנית,1
2026-07-30T17:35:53,62,אף אוזן גרון,רמות השבים,language,ספרדית,2
2026-07-30T17:35:53,62,אף אוזן גרון,רמות השבים,language,עברית,44
2026-07-30T17:35:53,62,אף אוזן גרון,רמות השבים,language,ערבית,3
2026-07-30T17:35:53,62,אף אוזן גרון,רמות השבים,language,רומנית,1
2026-07-30T17:35:53,62,אף אוזן גרון,רמות השבים,language,רוסית,11
2026-07-30T17:36:03,62,אף אוזן גרון,רפידא,gender,גבר,36
2026-07-30T17:36:03,62,אף אוזן גרון,רפידא,gender,אישה,4
2026-07-30T17:36:03,62,אף אוזן גרון,רפידא,visit_type,ביקור במרפאה,41
2026-07-30T17:36:03,62,אף אוזן גרון,רפידא,language,אידיש,4
2026-07-30T17:36:03,62,אף אוזן גרון,רפידא,language,איטלקית,1
2026-07-30T17:36:03,62,אף אוזן גרון,רפידא,language,אנגלית,10
2026-07-30T17:36:03,62,אף אוזן גרון,רפידא,language,עברית,10
2026-07-30T17:36:03,62,אף אוזן גרון,רפידא,language,ערבית,4
2026-07-30T17:36:03,62,אף אוזן גרון,רפידא,language,רוסית,4
2026-07-30T17:36:11,62,אף אוזן גרון,שבלי,gender,גבר,86
2026-07-30T17:36:11,62,אף אוזן גרון,שבלי,gender,אישה,8
2026-07-30T17:36:11,62,אף אוזן גרון,שבלי,visit_type,ביקור במרפאה,95
2026-07-30T17:36:11,62,אף אוזן גרון,שבלי,language,אנגלית,17
2026-07-30T17:36:11,62,אף אוזן גרון,שבלי,language,ספרדית,1
2026-07-30T17:36:11,62,אף אוזן גרון,שבלי,language,עברית,23
2026-07-30T17:36:11,62,אף אוזן גרון,שבלי,language,ערבית,19
2026-07-30T17:36:11,62,אף אוזן גרון,שבלי,language,רוסית,5
2026-07-30T17:36:27,62,אף אוזן גרון,שדה יעקב,gender,גבר,86
2026-07-30T17:36:27,62,אף אוזן גרון,שדה יעקב,gender,אישה,8
2026-07-30T17:36:27,62,אף אוזן גרון,שדה יעקב,visit_type,ביקור במרפאה,95
2026-07-30T17:36:27,62,אף אוזן גרון,שדה יעקב,language,אנגלית,17
2026-07-30T17:36:27,62,אף אוזן גרון,שדה יעקב,language,ספרדית,1
2026-07-30T17:36:27,62,אף אוזן גרון,שדה יעקב,language,עברית,23
2026-07-30T17:36:27,62,אף אוזן גרון,שדה יעקב,language,ערבית,19
2026-07-30T17:36:27,62,אף אוזן גרון,שדה יעקב,language,רוסית,5
2026-07-30T17:36:41,62,אף אוזן גרון,שופה,gender,גבר,48
2026-07-30T17:36:41,62,אף אוזן גרון,שופה,gender,אישה,14
2026-07-30T17:36:41,62,אף אוזן גרון,שופה,visit_type,ביקור במרפאה,67
2026-07-30T17:36:41,62,אף אוזן גרון,שופה,visit_type,שיחת טלפון,1
2026-07-30T17:36:41,62,אף אוזן גרון,שופה,language,אוקראינית,1
2026-07-30T17:36:41,62,אף אוזן גרון,שופה,language,אידיש,4
2026-07-30T17:36:41,62,אף אוזן גרון,שופה,language,איטלקית,1
2026-07-30T17:36:41,62,אף אוזן גרון,שופה,language,אנגלית,12
2026-07-30T17:36:41,62,אף אוזן גרון,שופה,language,גרמנית,1
2026-07-30T17:36:41,62,אף אוזן גרון,שופה,language,עברית,16
2026-07-30T17:36:41,62,אף אוזן גרון,שופה,language,ערבית,3
2026-07-30T17:36:41,62,אף אוזן גרון,שופה,language,רומנית,2
2026-07-30T17:36:41,62,אף אוזן גרון,שופה,language,רוסית,6
2026-07-30T17:36:53,62,אף אוזן גרון,שיטים,gender,גבר,38
2026-07-30T17:36:53,62,אף אוזן גרון,שיטים,gender,אישה,6
2026-07-30T17:36:53,62,אף אוזן גרון,שיטים,visit_type,ביקור במרפאה,47
2026-07-30T17:36:53,62,אף אוזן גרון,שיטים,language,אוקראינית,1
2026-07-30T17:36:53,62,אף אוזן גרון,שיטים,language,אידיש,3
2026-07-30T17:36:53,62,אף אוזן גרון,שיטים,language,אנגלית,3
2026-07-30T17:36:53,62,אף אוזן גרון,שיטים,language,הונגרית,1
2026-07-30T17:36:53,62,אף אוזן גרון,שיטים,language,ספרדית,3
2026-07-30T17:36:53,62,אף אוזן גרון,שיטים,language,עברית,10
2026-07-30T17:36:53,62,אף אוזן גרון,שיטים,language,ערבית,4
2026-07-30T17:36:53,62,אף אוזן גרון,שיטים,language,צכית,1
2026-07-30T17:36:53,62,אף אוזן גרון,שיטים,language,רוסית,1
2026-07-30T17:37:04,62,אף אוזן גרון,שלומית,gender,גבר,32
2026-07-30T17:37:04,62,אף אוזן גרון,שלומית,gender,אישה,3
2026-07-30T17:37:04,62,אף אוזן גרון,שלומית,visit_type,ביקור במרפאה,41
2026-07-30T17:37:04,62,אף אוזן גרון,שלומית,language,אוקראינית,1
2026-07-30T17:37:04,62,אף אוזן גרון,שלומית,language,אנגלית,3
2026-07-30T17:37:04,62,אף אוזן גרון,שלומית,language,הונגרית,1
2026-07-30T17:37:04,62,אף אוזן גרון,שלומית,language,עברית,4
2026-07-30T17:37:04,62,אף אוזן גרון,שלומית,language,ערבית,1
2026-07-30T17:37:04,62,אף אוזן גרון,שלומית,language,צכית,1
2026-07-30T17:37:04,62,אף אוזן גרון,שלומית,language,רוסית,1
2026-07-30T17:37:13,62,אף אוזן גרון,שעלבים,gender,גבר,22
2026-07-30T17:37:13,62,אף אוזן גרון,שעלבים,gender,אישה,1
2026-07-30T17:37:13,62,אף אוזן גרון,שעלבים,visit_type,ביקור במרפאה,32
2026-07-30T17:37:13,62,אף אוזן גרון,שעלבים,language,איטלקית,1
2026-07-30T17:37:13,62,אף אוזן גרון,שעלבים,language,אנגלית,9
2026-07-30T17:37:13,62,אף אוזן גרון,שעלבים,language,עברית,14
2026-07-30T17:37:13,62,אף אוזן גרון,שעלבים,language,ערבית,2
2026-07-30T17:37:13,62,אף אוזן גרון,שעלבים,language,צרפתית,1
2026-07-30T17:37:13,62,אף אוזן גרון,שעלבים,language,רוסית,4
2026-07-30T17:37:20,62,אף אוזן גרון,שקד,gender,גבר,48
2026-07-30T17:37:20,62,אף אוזן גרון,שקד,gender,אישה,14
2026-07-30T17:37:20,62,אף אוזן גרון,שקד,visit_type,ביקור במרפאה,67
2026-07-30T17:37:20,62,אף אוזן גרון,שקד,visit_type,שיחת טלפון,1
2026-07-30T17:37:20,62,אף אוזן גרון,שקד,language,אוקראינית,1
2026-07-30T17:37:20,62,אף אוזן גרון,שקד,language,אידיש,4
2026-07-30T17:37:20,62,אף אוזן גרון,שקד,language,איטלקית,1
2026-07-30T17:37:20,62,אף אוזן גרון,שקד,language,אנגלית,12
2026-07-30T17:37:20,62,אף אוזן גרון,שקד,language,גרמנית,1
2026-07-30T17:37:20,62,אף אוזן גרון,שקד,language,עברית,16
2026-07-30T17:37:20,62,אף אוזן גרון,שקד,language,ערבית,3
2026-07-30T17:37:20,62,אף אוזן גרון,שקד,language,רומנית,2
2026-07-30T17:37:20,62,אף אוזן גרון,שקד,language,רוסית,6
2026-07-30T17:37:32,62,אף אוזן גרון,תובל,gender,גבר,47
2026-07-30T17:37:32,62,אף אוזן גרון,תובל,gender,אישה,8
2026-07-30T17:37:32,62,אף אוזן גרון,תובל,visit_type,ביקור במרפאה,55
2026-07-30T17:37:32,62,אף אוזן גרון,תובל,visit_type,שיחת טלפון,2
2026-07-30T17:37:32,62,אף אוזן גרון,תובל,language,איטלקית,5
2026-07-30T17:37:32,62,אף אוזן גרון,תובל,language,אנגלית,40
2026-07-30T17:37:32,62,אף אוזן גרון,תובל,language,גרמנית,4
2026-07-30T17:37:32,62,אף אוזן גרון,תובל,language,הולנדית,1
2026-07-30T17:37:32,62,אף אוזן גרון,תובל,language,הונגרית,1
2026-07-30T17:37:32,62,אף אוזן גרון,תובל,language,ספרדית,1
2026-07-30T17:37:32,62,אף אוזן גרון,תובל,language,עברית,55
2026-07-30T17:37:32,62,אף אוזן גרון,תובל,language,ערבית,40
2026-07-30T17:37:32,62,אף אוזן גרון,תובל,language,צרפתית,1
2026-07-30T17:37:32,62,אף אוזן גרון,תובל,language,רומנית,7
2026-07-30T17:37:32,62,אף אוזן גרון,תובל,language,רוסית,10
2026-07-30T17:37:41,62,אף אוזן גרון,תל אביב יפו,gender,גבר,43
2026-07-30T17:37:41,62,אף אוזן גרון,תל אביב יפו,gender,אישה,19
2026-07-30T17:37:41,62,אף אוזן גרון,תל אביב יפו,visit_type,ביקור במרפאה,68
2026-07-30T17:37:41,62,אף אוזן גרון,תל אביב יפו,language,אוקראינית,1
2026-07-30T17:37:41,62,אף אוזן גרון,תל אביב יפו,language,אידיש,1
2026-07-30T17:37:41,62,אף אוזן גרון,תל אביב יפו,language,איטלקית,1
2026-07-30T17:37:41,62,אף אוזן גרון,תל אביב יפו,language,אנגלית,23
2026-07-30T17:37:41,62,אף אוזן גרון,תל אביב יפו,language,גרמנית,2
2026-07-30T17:37:41,62,אף אוזן גרון,תל אביב יפו,language,ספרדית,2
2026-07-30T17:37:41,62,אף אוזן גרון,תל אביב יפו,language,עברית,36
2026-07-30T17:37:41,62,אף אוזן גרון,תל אביב יפו,language,ערבית,3
2026-07-30T17:37:41,62,אף אוזן גרון,תל אביב יפו,language,צרפתית,1
2026-07-30T17:37:41,62,אף אוזן גרון,תל אביב יפו,language,רומנית,1
2026-07-30T17:37:41,62,אף אוזן גרון,תל אביב יפו,language,רוסית,4
2026-07-30T17:37:52,62,אף אוזן גרון,תנובות,gender,גבר,48
2026-07-30T17:37:52,62,אף אוזן גרון,תנובות,gender,אישה,14
2026-07-30T17:37:52,62,אף אוזן גרון,תנובות,visit_type,ביקור במרפאה,67
2026-07-30T17:37:52,62,אף אוזן גרון,תנובות,visit_type,שיחת טלפון,1
2026-07-30T17:37:52,62,אף אוזן גרון,תנובות,language,אוקראינית,1
2026-07-30T17:37:52,62,אף אוזן גרון,תנובות,language,אידיש,4
2026-07-30T17:37:52,62,אף אוזן גרון,תנובות,language,איטלקית,1
2026-07-30T17:37:52,62,אף אוזן גרון,תנובות,language,אנגלית,12
2026-07-30T17:37:52,62,אף אוזן גרון,תנובות,language,גרמנית,1
2026-07-30T17:37:52,62,אף אוזן גרון,תנובות,language,עברית,16
2026-07-30T17:37:52,62,אף אוזן גרון,תנובות,language,ערבית,3
2026-07-30T17:37:52,62,אף אוזן גרון,תנובות,language,רומנית,2
2026-07-30T17:37:52,62,אף אוזן גרון,תנובות,language,רוסית,6
2026-07-30T17:38:03,62,אף אוזן גרון,תפוח,gender,גבר,36
2026-07-30T17:38:03,62,אף אוזן גרון,תפוח,gender,אישה,4
2026-07-30T17:38:03,62,אף אוזן גרון,תפוח,visit_type,ביקור במרפאה,41
2026-07-30T17:38:03,62,אף אוזן גרון,תפוח,language,אידיש,4
2026-07-30T17:38:03,62,אף אוזן גרון,תפוח,language,איטלקית,1
2026-07-30T17:38:03,62,אף אוזן גרון,תפוח,language,אנגלית,10
2026-07-30T17:38:03,62,אף אוזן גרון,תפוח,language,עברית,10
2026-07-30T17:38:03,62,אף אוזן גרון,תפוח,language,ערבית,4
2026-07-30T17:38:03,62,אף אוזן גרון,תפוח,language,רוסית,4
2026-07-30T17:38:11,63,נשים,א סייד שבט,gender,גבר,43
2026-07-30T17:38:11,63,נשים,א סייד שבט,gender,אישה,67
2026-07-30T17:38:11,63,נשים,א סייד שבט,visit_type,ביקור במרפאה,112
2026-07-30T17:38:11,63,נשים,א סייד שבט,language,אידיש,3
2026-07-30T17:38:11,63,נשים,א סייד שבט,language,אנגלית,21
2026-07-30T17:38:11,63,נשים,א סייד שבט,language,ליטאית,1
2026-07-30T17:38:11,63,נשים,א סייד שבט,language,סינית,1
2026-07-30T17:38:11,63,נשים,א סייד שבט,language,עברית,9
2026-07-30T17:38:11,63,נשים,א סייד שבט,language,ערבית,4
2026-07-30T17:38:11,63,נשים,א סייד שבט,language,רוסית,19
2026-07-30T17:38:29,63,נשים,אבו סריחאן,gender,גבר,43
2026-07-30T17:38:29,63,נשים,אבו סריחאן,gender,אישה,67
2026-07-30T17:38:29,63,נשים,אבו סריחאן,visit_type,ביקור במרפאה,112
2026-07-30T17:38:29,63,נשים,אבו סריחאן,language,אידיש,3
2026-07-30T17:38:29,63,נשים,אבו סריחאן,language,אנגלית,21
2026-07-30T17:38:29,63,נשים,אבו סריחאן,language,ליטאית,1
2026-07-30T17:38:29,63,נשים,אבו סריחאן,language,סינית,1
2026-07-30T17:38:29,63,נשים,אבו סריחאן,language,עברית,9
2026-07-30T17:38:29,63,נשים,אבו סריחאן,language,ערבית,4
2026-07-30T17:38:29,63,נשים,אבו סריחאן,language,רוסית,19
2026-07-30T17:38:48,63,נשים,אודים,gender,גבר,47
2026-07-30T17:38:48,63,נשים,אודים,gender,אישה,92
2026-07-30T17:38:48,63,נשים,אודים,visit_type,ביקור במרפאה,142
2026-07-30T17:38:48,63,נשים,אודים,visit_type,שיחת טלפון,2
2026-07-30T17:38:48,63,נשים,אודים,language,אידיש,1
2026-07-30T17:38:48,63,נשים,אודים,language,אנגלית,18
2026-07-30T17:38:48,63,נשים,אודים,language,גרמנית,1
2026-07-30T17:38:48,63,נשים,אודים,language,עברית,32
2026-07-30T17:38:48,63,נשים,אודים,language,ערבית,8
2026-07-30T17:38:48,63,נשים,אודים,language,צרפתית,2
2026-07-30T17:38:48,63,נשים,אודים,language,רומנית,2
2026-07-30T17:38:48,63,נשים,אודים,language,רוסית,11
2026-07-30T17:39:09,63,נשים,אזור,gender,גבר,48
2026-07-30T17:39:09,63,נשים,אזור,gender,אישה,50
2026-07-30T17:39:09,63,נשים,אזור,visit_type,ביקור במרפאה,99
2026-07-30T17:39:09,63,נשים,אזור,language,אוקראינית,2
2026-07-30T17:39:09,63,נשים,אזור,language,איטלקית,2
2026-07-30T17:39:09,63,נשים,אזור,language,אנגלית,28
2026-07-30T17:39:09,63,נשים,אזור,language,גרמנית,1
2026-07-30T17:39:09,63,נשים,אזור,language,ספרדית,3
2026-07-30T17:39:09,63,נשים,אזור,language,עברית,46
2026-07-30T17:39:09,63,נשים,אזור,language,ערבית,1
2026-07-30T17:39:09,63,נשים,אזור,language,צרפתית,1
2026-07-30T17:39:09,63,נשים,אזור,language,רוסית,11
2026-07-30T17:39:24,63,נשים,אחיסמך,gender,גבר,40
2026-07-30T17:39:24,63,נשים,אחיסמך,gender,אישה,46
2026-07-30T17:39:24,63,נשים,אחיסמך,visit_type,ביקור במרפאה,88
2026-07-30T17:39:24,63,נשים,אחיסמך,language,אוקראינית,3
2026-07-30T17:39:24,63,נשים,אחיסמך,language,אידיש,1
2026-07-30T17:39:24,63,נשים,אחיסמך,language,איטלקית,2
2026-07-30T17:39:24,63,נשים,אחיסמך,language,אנגלית,21
2026-07-30T17:39:24,63,נשים,אחיסמך,language,הונגרית,1
2026-07-30T17:39:24,63,נשים,אחיסמך,language,ספרדית,1
2026-07-30T17:39:24,63,נשים,אחיסמך,language,עברית,29
2026-07-30T17:39:24,63,נשים,אחיסמך,language,צרפתית,1
2026-07-30T17:39:24,63,נשים,אחיסמך,language,רוסית,12
2026-07-30T17:39:38,63,נשים,אילות,gender,גבר,5
2026-07-30T17:39:38,63,נשים,אילות,gender,אישה,2
2026-07-30T17:39:38,63,נשים,אילות,visit_type,ביקור במרפאה,10
2026-07-30T17:39:38,63,נשים,אילות,visit_type,שיחת טלפון,8
2026-07-30T17:39:38,63,נשים,אילות,language,אנגלית,2
2026-07-30T17:39:38,63,נשים,אילות,language,עברית,2
2026-07-30T17:39:38,63,נשים,אילות,language,רוסית,1
2026-07-30T17:39:41,63,נשים,אל עזי,gender,גבר,52
2026-07-30T17:39:41,63,נשים,אל עזי,gender,אישה,56
2026-07-30T17:39:41,63,נשים,אל עזי,visit_type,ביקור במרפאה,113
2026-07-30T17:39:41,63,נשים,אל עזי,language,אוקראינית,3
2026-07-30T17:39:41,63,נשים,אל עזי,language,אידיש,1
2026-07-30T17:39:41,63,נשים,אל עזי,language,איטלקית,2
2026-07-30T17:39:41,63,נשים,אל עזי,language,אנגלית,26
2026-07-30T17:39:41,63,נשים,אל עזי,language,גרוזינית,1
2026-07-30T17:39:41,63,נשים,אל עזי,language,הונגרית,2
2026-07-30T17:39:41,63,נשים,אל עזי,language,ספרדית,1
2026-07-30T17:39:41,63,נשים,אל עזי,language,עברית,37
2026-07-30T17:39:41,63,נשים,אל עזי,language,צרפתית,2
2026-07-30T17:39:41,63,נשים,אל עזי,language,רוסית,17
2026-07-30T17:40:00,63,נשים,אעבלין,gender,אישה,82
2026-07-30T17:40:00,63,נשים,אעבלין,gender,גבר,37
2026-07-30T17:40:00,63,נשים,אעבלין,visit_type,ביקור במרפאה,120
2026-07-30T17:40:00,63,נשים,אעבלין,visit_type,שיחת טלפון,2
2026-07-30T17:40:00,63,נשים,אעבלין,language,אידיש,1
2026-07-30T17:40:00,63,נשים,אעבלין,language,איטלקית,4
2026-07-30T17:40:00,63,נשים,אעבלין,language,אנגלית,75
2026-07-30T17:40:00,63,נשים,אעבלין,language,ספרדית,1
2026-07-30T17:40:00,63,נשים,אעבלין,language,עברית,115
2026-07-30T17:40:00,63,נשים,אעבלין,language,ערבית,74
2026-07-30T17:40:00,63,נשים,אעבלין,language,צרפתית,2
2026-07-30T17:40:00,63,נשים,אעבלין,language,רומנית,6
2026-07-30T17:40:00,63,נשים,אעבלין,language,רוסית,24
2026-07-30T17:40:00,63,נשים,אעבלין,language,שוודית,1
2026-07-30T17:40:18,63,נשים,ארטאס,gender,גבר,47
2026-07-30T17:40:18,63,נשים,ארטאס,gender,אישה,79
2026-07-30T17:40:18,63,נשים,ארטאס,visit_type,ביקור במרפאה,131
2026-07-30T17:40:18,63,נשים,ארטאס,visit_type,שיחת טלפון,16
2026-07-30T17:40:18,63,נשים,ארטאס,visit_type,שיחת וידאו,1
2026-07-30T17:40:18,63,נשים,ארטאס,language,אידיש,2
2026-07-30T17:40:18,63,נשים,ארטאס,language,אנגלית,20
2026-07-30T17:40:18,63,נשים,ארטאס,language,עברית,24
2026-07-30T17:40:18,63,נשים,ארטאס,language,ערבית,3
2026-07-30T17:40:18,63,נשים,ארטאס,language,צרפתית,2
2026-07-30T17:40:18,63,נשים,ארטאס,language,רוסית,3
2026-07-30T17:40:38,63,נשים,אשל הנשיא בי''ס אזורי,gender,גבר,68
2026-07-30T17:40:38,63,נשים,אשל הנשיא בי''ס אזורי,gender,אישה,86
2026-07-30T17:40:38,63,נשים,אשל הנשיא בי''ס אזורי,visit_type,ביקור במרפאה,156
2026-07-30T17:40:38,63,נשים,אשל הנשיא בי''ס אזורי,visit_type,שיחת טלפון,1
2026-07-30T17:40:38,63,נשים,אשל הנשיא בי''ס אזורי,language,אידיש,4
2026-07-30T17:40:38,63,נשים,אשל הנשיא בי''ס אזורי,language,אנגלית,22
2026-07-30T17:40:38,63,נשים,אשל הנשיא בי''ס אזורי,language,גרמנית,1
2026-07-30T17:40:38,63,נשים,אשל הנשיא בי''ס אזורי,language,ליטאית,1
2026-07-30T17:40:38,63,נשים,אשל הנשיא בי''ס אזורי,language,סינית,1
2026-07-30T17:40:38,63,נשים,אשל הנשיא בי''ס אזורי,language,עברית,14
2026-07-30T17:40:38,63,נשים,אשל הנשיא בי''ס אזורי,language,ערבית,4
2026-07-30T17:40:38,63,נשים,אשל הנשיא בי''ס אזורי,language,רוסית,22
2026-07-30T17:40:59,63,נשים,באר מילכה,gender,גבר,43
2026-07-30T17:40:59,63,נשים,באר מילכה,gender,אישה,67
2026-07-30T17:40:59,63,נשים,באר מילכה,visit_type,ביקור במרפאה,112
2026-07-30T17:40:59,63,נשים,באר מילכה,language,אידיש,3
2026-07-30T17:40:59,63,נשים,באר מילכה,language,אנגלית,21
2026-07-30T17:40:59,63,נשים,באר מילכה,language,ליטאית,1
2026-07-30T17:40:59,63,נשים,באר מילכה,language,סינית,1
2026-07-30T17:40:59,63,נשים,באר מילכה,language,עברית,9
2026-07-30T17:40:59,63,נשים,באר מילכה,language,ערבית,4
2026-07-30T17:40:59,63,נשים,באר מילכה,language,רוסית,19
2026-07-30T17:41:17,63,נשים,בורוקין,gender,גבר,10
2026-07-30T17:41:17,63,נשים,בורוקין,gender,אישה,15
2026-07-30T17:41:17,63,נשים,בורוקין,visit_type,ביקור במרפאה,29
2026-07-30T17:41:17,63,נשים,בורוקין,language,איטלקית,4
2026-07-30T17:41:17,63,נשים,בורוקין,language,אנגלית,12
2026-07-30T17:41:17,63,נשים,בורוקין,language,ספרדית,1
2026-07-30T17:41:17,63,נשים,בורוקין,language,עברית,24
2026-07-30T17:41:17,63,נשים,בורוקין,language,ערבית,1
2026-07-30T17:41:17,63,נשים,בורוקין,language,צרפתית,2
2026-07-30T17:41:17,63,נשים,בורוקין,language,רומנית,4
2026-07-30T17:41:17,63,נשים,בורוקין,language,רוסית,2
2026-07-30T17:41:23,63,נשים,בילעין,gender,גבר,47
2026-07-30T17:41:23,63,נשים,בילעין,gender,אישה,79
2026-07-30T17:41:23,63,נשים,בילעין,visit_type,ביקור במרפאה,131
2026-07-30T17:41:23,63,נשים,בילעין,visit_type,שיחת טלפון,16
2026-07-30T17:41:23,63,נשים,בילעין,visit_type,שיחת וידאו,1
2026-07-30T17:41:23,63,נשים,בילעין,language,אידיש,2
2026-07-30T17:41:23,63,נשים,בילעין,language,אנגלית,20
2026-07-30T17:41:23,63,נשים,בילעין,language,עברית,24
2026-07-30T17:41:23,63,נשים,בילעין,language,ערבית,3
2026-07-30T17:41:23,63,נשים,בילעין,language,צרפתית,2
2026-07-30T17:41:23,63,נשים,בילעין,language,רוסית,3
2026-07-30T17:41:42,63,נשים,בני דקלים,gender,אישה,61
2026-07-30T17:41:42,63,נשים,בני דקלים,gender,גבר,47
2026-07-30T17:41:42,63,נשים,בני דקלים,visit_type,ביקור במרפאה,108
2026-07-30T17:41:42,63,נשים,בני דקלים,visit_type,שיחת טלפון,1
2026-07-30T17:41:42,63,נשים,בני דקלים,language,אידיש,4
2026-07-30T17:41:42,63,נשים,בני דקלים,language,אנגלית,13
2026-07-30T17:41:42,63,נשים,בני דקלים,language,גרמנית,1
2026-07-30T17:41:42,63,נשים,בני דקלים,language,ליטאית,1
2026-07-30T17:41:42,63,נשים,בני דקלים,language,סינית,1
2026-07-30T17:41:42,63,נשים,בני דקלים,language,עברית,8
2026-07-30T17:41:42,63,נשים,בני דקלים,language,ערבית,3
2026-07-30T17:41:42,63,נשים,בני דקלים,language,רוסית,14
2026-07-30T17:42:01,63,נשים,בסמת טבעון,gender,אישה,136
2026-07-30T17:42:01,63,נשים,בסמת טבעון,gender,גבר,48
2026-07-30T17:42:01,63,נשים,בסמת טבעון,visit_type,ביקור במרפאה,185
2026-07-30T17:42:01,63,נשים,בסמת טבעון,visit_type,שיחת טלפון,1
2026-07-30T17:42:01,63,נשים,בסמת טבעון,language,אידיש,1
2026-07-30T17:42:01,63,נשים,בסמת טבעון,language,איטלקית,3
2026-07-30T17:42:01,63,נשים,בסמת טבעון,language,אנגלית,68
2026-07-30T17:42:01,63,נשים,בסמת טבעון,language,הונגרית,3
2026-07-30T17:42:01,63,נשים,בסמת טבעון,language,עברית,100
2026-07-30T17:42:01,63,נשים,בסמת טבעון,language,ערבית,40
2026-07-30T17:42:01,63,נשים,בסמת טבעון,language,צרפתית,5
2026-07-30T17:42:01,63,נשים,בסמת טבעון,language,רומנית,5
2026-07-30T17:42:01,63,נשים,בסמת טבעון,language,רוסית,27
2026-07-30T17:42:01,63,נשים,בסמת טבעון,language,שוודית,1
2026-07-30T17:42:21,63,נשים,ברור חיל,gender,גבר,47
2026-07-30T17:42:21,63,נשים,ברור חיל,gender,אישה,61
2026-07-30T17:42:21,63,נשים,ברור חיל,visit_type,ביקור במרפאה,108
2026-07-30T17:42:21,63,נשים,ברור חיל,visit_type,שיחת טלפון,1
2026-07-30T17:42:21,63,נשים,ברור חיל,language,אידיש,4
2026-07-30T17:42:21,63,נשים,ברור חיל,language,אנגלית,13
2026-07-30T17:42:21,63,נשים,ברור חיל,language,גרמנית,1
2026-07-30T17:42:21,63,נשים,ברור חיל,language,ליטאית,1
2026-07-30T17:42:21,63,נשים,ברור חיל,language,סינית,1
2026-07-30T17:42:21,63,נשים,ברור חיל,language,עברית,8
2026-07-30T17:42:21,63,נשים,ברור חיל,language,ערבית,3
2026-07-30T17:42:21,63,נשים,ברור חיל,language,רוסית,14
2026-07-30T17:42:40,63,נשים,בת שלמה,gender,גבר,62
2026-07-30T17:42:40,63,נשים,בת שלמה,gender,אישה,138
2026-07-30T17:42:40,63,נשים,בת שלמה,visit_type,ביקור במרפאה,203
2026-07-30T17:42:40,63,נשים,בת שלמה,visit_type,שיחת טלפון,2
2026-07-30T17:42:40,63,נשים,בת שלמה,language,אידיש,1
2026-07-30T17:42:40,63,נשים,בת שלמה,language,איטלקית,1
2026-07-30T17:42:40,63,נשים,בת שלמה,language,אנגלית,38
2026-07-30T17:42:40,63,נשים,בת שלמה,language,גרמנית,1
2026-07-30T17:42:40,63,נשים,בת שלמה,language,הונגרית,1
2026-07-30T17:42:40,63,נשים,בת שלמה,language,עברית,63
2026-07-30T17:42:40,63,נשים,בת שלמה,language,ערבית,28
2026-07-30T17:42:40,63,נשים,בת שלמה,language,צרפתית,2
2026-07-30T17:42:40,63,נשים,בת שלמה,language,רומנית,3
2026-07-30T17:42:40,63,נשים,בת שלמה,language,רוסית,15
2026-07-30T17:43:01,63,נשים,גבים,gender,גבר,47
2026-07-30T17:43:01,63,נשים,גבים,gender,אישה,61
2026-07-30T17:43:01,63,נשים,גבים,visit_type,ביקור במרפאה,108
2026-07-30T17:43:01,63,נשים,גבים,visit_type,שיחת טלפון,1
2026-07-30T17:43:01,63,נשים,גבים,language,אידיש,4
2026-07-30T17:43:01,63,נשים,גבים,language,אנגלית,13
2026-07-30T17:43:01,63,נשים,גבים,language,גרמנית,1
2026-07-30T17:43:01,63,נשים,גבים,language,ליטאית,1
2026-07-30T17:43:01,63,נשים,גבים,language,סינית,1
2026-07-30T17:43:01,63,נשים,גבים,language,עברית,8
2026-07-30T17:43:01,63,נשים,גבים,language,ערבית,3
2026-07-30T17:43:01,63,נשים,גבים,language,רוסית,14
2026-07-30T17:43:19,63,נשים,גדיש,gender,גבר,48
2026-07-30T17:43:19,63,נשים,גדיש,gender,אישה,127
2026-07-30T17:43:19,63,נשים,גדיש,visit_type,ביקור במרפאה,176
2026-07-30T17:43:19,63,נשים,גדיש,visit_type,שיחת טלפון,1
2026-07-30T17:43:19,63,נשים,גדיש,language,איטלקית,1
2026-07-30T17:43:19,63,נשים,גדיש,language,אנגלית,29
2026-07-30T17:43:19,63,נשים,גדיש,language,הונגרית,1
2026-07-30T17:43:19,63,נשים,גדיש,language,עברית,50
2026-07-30T17:43:19,63,נשים,גדיש,language,ערבית,28
2026-07-30T17:43:19,63,נשים,גדיש,language,רומנית,1
2026-07-30T17:43:19,63,נשים,גדיש,language,רוסית,11
2026-07-30T17:43:39,63,נשים,גיזו,gender,גבר,47
2026-07-30T17:43:39,63,נשים,גיזו,gender,אישה,79
2026-07-30T17:43:39,63,נשים,גיזו,visit_type,ביקור במרפאה,131
2026-07-30T17:43:39,63,נשים,גיזו,visit_type,שיחת טלפון,16
2026-07-30T17:43:39,63,נשים,גיזו,visit_type,שיחת וידאו,1
2026-07-30T17:43:39,63,נשים,גיזו,language,אידיש,2
2026-07-30T17:43:39,63,נשים,גיזו,language,אנגלית,20
2026-07-30T17:43:39,63,נשים,גיזו,language,עברית,24
2026-07-30T17:43:39,63,נשים,גיזו,language,ערבית,3
2026-07-30T17:43:39,63,נשים,גיזו,language,צרפתית,2
2026-07-30T17:43:39,63,נשים,גיזו,language,רוסית,3
2026-07-30T17:44:01,63,נשים,גליל ים,gender,גבר,72
2026-07-30T17:44:01,63,נשים,גליל ים,gender,אישה,113
2026-07-30T17:44:01,63,נשים,גליל ים,visit_type,ביקור במרפאה,189
2026-07-30T17:44:01,63,נשים,גליל ים,visit_type,שיחת טלפון,2
2026-07-30T17:44:01,63,נשים,גליל ים,language,אידיש,1
2026-07-30T17:44:01,63,נשים,גליל ים,language,איטלקית,1
2026-07-30T17:44:01,63,נשים,גליל ים,language,אנגלית,37
2026-07-30T17:44:01,63,נשים,גליל ים,language,גרמנית,2
2026-07-30T17:44:01,63,נשים,גליל ים,language,ספרדית,1
2026-07-30T17:44:01,63,נשים,גליל ים,language,עברית,64
2026-07-30T17:44:01,63,נשים,גליל ים,language,ערבית,9
2026-07-30T17:44:01,63,נשים,גליל ים,language,צרפתית,3
2026-07-30T17:44:01,63,נשים,גליל ים,language,רומנית,3
2026-07-30T17:44:01,63,נשים,גליל ים,language,רוסית,16
2026-07-30T17:44:21,63,נשים,גני תקווה,gender,גבר,10
2026-07-30T17:44:21,63,נשים,גני תקווה,gender,אישה,15
2026-07-30T17:44:21,63,נשים,גני תקווה,visit_type,ביקור במרפאה,29
2026-07-30T17:44:21,63,נשים,גני תקווה,language,איטלקית,4
2026-07-30T17:44:21,63,נשים,גני תקווה,language,אנגלית,12
2026-07-30T17:44:21,63,נשים,גני תקווה,language,ספרדית,1
2026-07-30T17:44:21,63,נשים,גני תקווה,language,עברית,24
2026-07-30T17:44:21,63,נשים,גני תקווה,language,ערבית,1
2026-07-30T17:44:21,63,נשים,גני תקווה,language,צרפתית,2
2026-07-30T17:44:21,63,נשים,גני תקווה,language,רומנית,4
2026-07-30T17:44:21,63,נשים,גני תקווה,language,רוסית,2
2026-07-30T17:44:30,63,נשים,דאלית אל כרמל,gender,אישה,136
2026-07-30T17:44:30,63,נשים,דאלית אל כרמל,gender,גבר,48
2026-07-30T17:44:30,63,נשים,דאלית אל כרמל,visit_type,ביקור במרפאה,185
2026-07-30T17:44:30,63,נשים,דאלית אל כרמל,visit_type,שיחת טלפון,1
2026-07-30T17:44:30,63,נשים,דאלית אל כרמל,language,אידיש,1
2026-07-30T17:44:30,63,נשים,דאלית אל כרמל,language,איטלקית,3
2026-07-30T17:44:30,63,נשים,דאלית אל כרמל,language,אנגלית,68
2026-07-30T17:44:30,63,נשים,דאלית אל כרמל,language,הונגרית,3
2026-07-30T17:44:30,63,נשים,דאלית אל כרמל,language,עברית,100
2026-07-30T17:44:30,63,נשים,דאלית אל כרמל,language,ערבית,40
2026-07-30T17:44:30,63,נשים,דאלית אל כרמל,language,צרפתית,5
2026-07-30T17:44:30,63,נשים,דאלית אל כרמל,language,רומנית,5
2026-07-30T17:44:30,63,נשים,דאלית אל כרמל,language,רוסית,27
2026-07-30T17:44:30,63,נשים,דאלית אל כרמל,language,שוודית,1
2026-07-30T17:44:50,63,נשים,דולב,gender,גבר,47
2026-07-30T17:44:50,63,נשים,דולב,gender,אישה,79
2026-07-30T17:44:50,63,נשים,דולב,visit_type,ביקור במרפאה,131
2026-07-30T17:44:50,63,נשים,דולב,visit_type,שיחת טלפון,16
2026-07-30T17:44:50,63,נשים,דולב,visit_type,שיחת וידאו,1
2026-07-30T17:44:50,63,נשים,דולב,language,אידיש,2
2026-07-30T17:44:50,63,נשים,דולב,language,אנגלית,20
2026-07-30T17:44:50,63,נשים,דולב,language,עברית,24
2026-07-30T17:44:50,63,נשים,דולב,language,ערבית,3
2026-07-30T17:44:50,63,נשים,דולב,language,צרפתית,2
2026-07-30T17:44:50,63,נשים,דולב,language,רוסית,3
2026-07-30T17:45:08,63,נשים,דייר ראפאת,gender,גבר,47
2026-07-30T17:45:08,63,נשים,דייר ראפאת,gender,אישה,79
2026-07-30T17:45:08,63,נשים,דייר ראפאת,visit_type,ביקור במרפאה,131
2026-07-30T17:45:08,63,נשים,דייר ראפאת,visit_type,שיחת טלפון,16
2026-07-30T17:45:08,63,נשים,דייר ראפאת,visit_type,שיחת וידאו,1
2026-07-30T17:45:08,63,נשים,דייר ראפאת,language,אידיש,2
2026-07-30T17:45:08,63,נשים,דייר ראפאת,language,אנגלית,20
2026-07-30T17:45:08,63,נשים,דייר ראפאת,language,עברית,24
2026-07-30T17:45:08,63,נשים,דייר ראפאת,language,ערבית,3
2026-07-30T17:45:08,63,נשים,דייר ראפאת,language,צרפתית,2
2026-07-30T17:45:08,63,נשים,דייר ראפאת,language,רוסית,3
2026-07-30T17:45:28,63,נשים,דמיידה,gender,גבר,47
2026-07-30T17:45:28,63,נשים,דמיידה,gender,אישה,127
2026-07-30T17:45:28,63,נשים,דמיידה,visit_type,ביקור במרפאה,175
2026-07-30T17:45:28,63,נשים,דמיידה,visit_type,שיחת טלפון,2
2026-07-30T17:45:28,63,נשים,דמיידה,language,אידיש,1
2026-07-30T17:45:28,63,נשים,דמיידה,language,איטלקית,7
2026-07-30T17:45:28,63,נשים,דמיידה,language,אנגלית,116
2026-07-30T17:45:28,63,נשים,דמיידה,language,הונגרית,3
2026-07-30T17:45:28,63,נשים,דמיידה,language,ספרדית,1
2026-07-30T17:45:28,63,נשים,דמיידה,language,עברית,169
2026-07-30T17:45:28,63,נשים,דמיידה,language,ערבית,98
2026-07-30T17:45:28,63,נשים,דמיידה,language,צרפתית,5
2026-07-30T17:45:28,63,נשים,דמיידה,language,רומנית,9
2026-07-30T17:45:28,63,נשים,דמיידה,language,רוסית,34
2026-07-30T17:45:28,63,נשים,דמיידה,language,שוודית,1
2026-07-30T17:45:49,63,נשים,הוד השרון,gender,גבר,26
2026-07-30T17:45:49,63,נשים,הוד השרון,gender,אישה,39
2026-07-30T17:45:49,63,נשים,הוד השרון,visit_type,ביקור במרפאה,70
2026-07-30T17:45:49,63,נשים,הוד השרון,language,אידיש,1
2026-07-30T17:45:49,63,נשים,הוד השרון,language,איטלקית,4
2026-07-30T17:45:49,63,נשים,הוד השרון,language,אנגלית,19
2026-07-30T17:45:49,63,נשים,הוד השרון,language,ספרדית,1
2026-07-30T17:45:49,63,נשים,הוד השרון,language,עברית,35
2026-07-30T17:45:49,63,נשים,הוד השרון,language,ערבית,1
2026-07-30T17:45:49,63,נשים,הוד השרון,language,צרפתית,2
2026-07-30T17:45:49,63,נשים,הוד השרון,language,רומנית,6
2026-07-30T17:45:49,63,נשים,הוד השרון,language,רוסית,5
2026-07-30T17:46:01,63,נשים,הילה,gender,גבר,37
2026-07-30T17:46:01,63,נשים,הילה,gender,אישה,82
2026-07-30T17:46:01,63,נשים,הילה,visit_type,ביקור במרפאה,120
2026-07-30T17:46:01,63,נשים,הילה,visit_type,שיחת טלפון,2
2026-07-30T17:46:01,63,נשים,הילה,language,אידיש,1
2026-07-30T17:46:01,63,נשים,הילה,language,איטלקית,4
2026-07-30T17:46:01,63,נשים,הילה,language,אנגלית,75
2026-07-30T17:46:01,63,נשים,הילה,language,ספרדית,1
2026-07-30T17:46:01,63,נשים,הילה,language,עברית,115
2026-07-30T17:46:01,63,נשים,הילה,language,ערבית,74
2026-07-30T17:46:01,63,נשים,הילה,language,צרפתית,2
2026-07-30T17:46:01,63,נשים,הילה,language,רומנית,6
2026-07-30T17:46:01,63,נשים,הילה,language,רוסית,24
2026-07-30T17:46:01,63,נשים,הילה,language,שוודית,1
2026-07-30T17:46:22,63,נשים,הרצליה,gender,גבר,72
2026-07-30T17:46:22,63,נשים,הרצליה,gender,אישה,113
2026-07-30T17:46:22,63,נשים,הרצליה,visit_type,ביקור במרפאה,189
2026-07-30T17:46:22,63,נשים,הרצליה,visit_type,שיחת טלפון,2
2026-07-30T17:46:22,63,נשים,הרצליה,language,אידיש,1
2026-07-30T17:46:22,63,נשים,הרצליה,language,איטלקית,1
2026-07-30T17:46:22,63,נשים,הרצליה,language,אנגלית,37
2026-07-30T17:46:22,63,נשים,הרצליה,language,גרמנית,2
2026-07-30T17:46:22,63,נשים,הרצליה,language,ספרדית,1
2026-07-30T17:46:22,63,נשים,הרצליה,language,עברית,64
2026-07-30T17:46:22,63,נשים,הרצליה,language,ערבית,9
2026-07-30T17:46:22,63,נשים,הרצליה,language,צרפתית,3
2026-07-30T17:46:22,63,נשים,הרצליה,language,רומנית,3
2026-07-30T17:46:22,63,נשים,הרצליה,language,רוסית,16
2026-07-30T17:46:41,63,נשים,זובובא,gender,גבר,29
2026-07-30T17:46:41,63,נשים,זובובא,gender,אישה,58
2026-07-30T17:46:41,63,נשים,זובובא,visit_type,ביקור במרפאה,87
2026-07-30T17:46:41,63,נשים,זובובא,language,אנגלית,9
2026-07-30T17:46:41,63,נשים,זובובא,language,עברית,13
2026-07-30T17:46:41,63,נשים,זובובא,language,ערבית,4
2026-07-30T17:46:41,63,נשים,זובובא,language,רוסית,3
2026-07-30T17:46:58,63,נשים,זמר,gender,גבר,62
2026-07-30T17:46:58,63,נשים,זמר,gender,אישה,138
2026-07-30T17:46:58,63,נשים,זמר,visit_type,ביקור במרפאה,203
2026-07-30T17:46:58,63,נשים,זמר,visit_type,שיחת טלפון,2
2026-07-30T17:46:58,63,נשים,זמר,language,אידיש,1
2026-07-30T17:46:58,63,נשים,זמר,language,איטלקית,1
2026-07-30T17:46:58,63,נשים,זמר,language,אנגלית,38
2026-07-30T17:46:58,63,נשים,זמר,language,גרמנית,1
2026-07-30T17:46:58,63,נשים,זמר,language,הונגרית,1
2026-07-30T17:46:58,63,נשים,זמר,language,עברית,63
2026-07-30T17:46:58,63,נשים,זמר,language,ערבית,28
2026-07-30T17:46:58,63,נשים,זמר,language,צרפתית,2
2026-07-30T17:46:58,63,נשים,זמר,language,רומנית,3
2026-07-30T17:46:58,63,נשים,זמר,language,רוסית,15
2026-07-30T17:47:19,63,נשים,חבלה,gender,גבר,47
2026-07-30T17:47:19,63,נשים,חבלה,gender,אישה,92
2026-07-30T17:47:19,63,נשים,חבלה,visit_type,ביקור במרפאה,142
2026-07-30T17:47:19,63,נשים,חבלה,visit_type,שיחת טלפון,2
2026-07-30T17:47:19,63,נשים,חבלה,language,אידיש,1
2026-07-30T17:47:19,63,נשים,חבלה,language,אנגלית,18
2026-07-30T17:47:19,63,נשים,חבלה,language,גרמנית,1
2026-07-30T17:47:19,63,נשים,חבלה,language,עברית,32
2026-07-30T17:47:19,63,נשים,חבלה,language,ערבית,8
2026-07-30T17:47:19,63,נשים,חבלה,language,צרפתית,2
2026-07-30T17:47:19,63,נשים,חבלה,language,רומנית,2
2026-07-30T17:47:19,63,נשים,חבלה,language,רוסית,11
2026-07-30T17:47:41,63,נשים,חדרה,gender,גבר,62
2026-07-30T17:47:41,63,נשים,חדרה,gender,אישה,138
2026-07-30T17:47:41,63,נשים,חדרה,visit_type,ביקור במרפאה,203
2026-07-30T17:47:41,63,נשים,חדרה,visit_type,שיחת טלפון,2
2026-07-30T17:47:41,63,נשים,חדרה,language,אידיש,1
2026-07-30T17:47:41,63,נשים,חדרה,language,איטלקית,1
2026-07-30T17:47:41,63,נשים,חדרה,language,אנגלית,38
2026-07-30T17:47:41,63,נשים,חדרה,language,גרמנית,1
2026-07-30T17:47:41,63,נשים,חדרה,language,הונגרית,1
2026-07-30T17:47:41,63,נשים,חדרה,language,עברית,63
2026-07-30T17:47:41,63,נשים,חדרה,language,ערבית,28
2026-07-30T17:47:41,63,נשים,חדרה,language,צרפתית,2
2026-07-30T17:47:41,63,נשים,חדרה,language,רומנית,3
2026-07-30T17:47:41,63,נשים,חדרה,language,רוסית,15
2026-07-30T17:48:01,63,נשים,חוקוק,gender,גבר,29
2026-07-30T17:48:01,63,נשים,חוקוק,gender,אישה,58
2026-07-30T17:48:01,63,נשים,חוקוק,visit_type,ביקור במרפאה,87
2026-07-30T17:48:01,63,נשים,חוקוק,language,אנגלית,9
2026-07-30T17:48:01,63,נשים,חוקוק,language,עברית,13
2026-07-30T17:48:01,63,נשים,חוקוק,language,ערבית,4
2026-07-30T17:48:01,63,נשים,חוקוק,language,רוסית,3
2026-07-30T17:48:15,63,נשים,חמד,gender,גבר,63
2026-07-30T17:48:15,63,נשים,חמד,gender,אישה,70
2026-07-30T17:48:15,63,נשים,חמד,visit_type,ביקור במרפאה,138
2026-07-30T17:48:15,63,נשים,חמד,language,אוקראינית,3
2026-07-30T17:48:15,63,נשים,חמד,language,אידיש,1
2026-07-30T17:48:15,63,נשים,חמד,language,איטלקית,2
2026-07-30T17:48:15,63,נשים,חמד,language,אנגלית,29
2026-07-30T17:48:15,63,נשים,חמד,language,גרוזינית,1
2026-07-30T17:48:15,63,נשים,חמד,language,הונגרית,2
2026-07-30T17:48:15,63,נשים,חמד,language,ספרדית,2
2026-07-30T17:48:15,63,נשים,חמד,language,עברית,48
2026-07-30T17:48:15,63,נשים,חמד,language,צרפתית,2
2026-07-30T17:48:15,63,נשים,חמד,language,רוסית,20
2026-07-30T17:48:35,63,נשים,חצב,gender,גבר,28
2026-07-30T17:48:35,63,נשים,חצב,gender,אישה,31
2026-07-30T17:48:35,63,נשים,חצב,visit_type,ביקור במרפאה,63
2026-07-30T17:48:35,63,נשים,חצב,language,אוקראינית,2
2026-07-30T17:48:35,63,נשים,חצב,language,איטלקית,1
2026-07-30T17:48:35,63,נשים,חצב,language,אנגלית,13
2026-07-30T17:48:35,63,נשים,חצב,language,גרוזינית,1
2026-07-30T17:48:35,63,נשים,חצב,language,הונגרית,1
2026-07-30T17:48:35,63,נשים,חצב,language,ספרדית,1
2026-07-30T17:48:35,63,נשים,חצב,language,עברית,20
2026-07-30T17:48:35,63,נשים,חצב,language,צרפתית,2
2026-07-30T17:48:35,63,נשים,חצב,language,רוסית,10
2026-07-30T17:48:47,63,נשים,חרשים,gender,גבר,37
2026-07-30T17:48:47,63,נשים,חרשים,gender,אישה,82
2026-07-30T17:48:47,63,נשים,חרשים,visit_type,ביקור במרפאה,120
2026-07-30T17:48:47,63,נשים,חרשים,visit_type,שיחת טלפון,2
2026-07-30T17:48:47,63,נשים,חרשים,language,אידיש,1
2026-07-30T17:48:47,63,נשים,חרשים,language,איטלקית,4
2026-07-30T17:48:47,63,נשים,חרשים,language,אנגלית,75
2026-07-30T17:48:47,63,נשים,חרשים,language,ספרדית,1
2026-07-30T17:48:47,63,נשים,חרשים,language,עברית,115
2026-07-30T17:48:47,63,נשים,חרשים,language,ערבית,74
2026-07-30T17:48:47,63,נשים,חרשים,language,צרפתית,2
2026-07-30T17:48:47,63,נשים,חרשים,language,רומנית,6
2026-07-30T17:48:47,63,נשים,חרשים,language,רוסית,24
2026-07-30T17:48:47,63,נשים,חרשים,language,שוודית,1
2026-07-30T17:49:08,63,נשים,טירה,gender,אישה,113
2026-07-30T17:49:08,63,נשים,טירה,gender,גבר,72
2026-07-30T17:49:08,63,נשים,טירה,visit_type,ביקור במרפאה,189
2026-07-30T17:49:08,63,נשים,טירה,visit_type,שיחת טלפון,2
2026-07-30T17:49:08,63,נשים,טירה,language,אידיש,1
2026-07-30T17:49:08,63,נשים,טירה,language,איטלקית,1
2026-07-30T17:49:08,63,נשים,טירה,language,אנגלית,37
2026-07-30T17:49:08,63,נשים,טירה,language,גרמנית,2
2026-07-30T17:49:08,63,נשים,טירה,language,ספרדית,1
2026-07-30T17:49:08,63,נשים,טירה,language,עברית,64
2026-07-30T17:49:08,63,נשים,טירה,language,ערבית,9
2026-07-30T17:49:08,63,נשים,טירה,language,צרפתית,3
2026-07-30T17:49:08,63,נשים,טירה,language,רומנית,3
2026-07-30T17:49:08,63,נשים,טירה,language,רוסית,16
2026-07-30T17:49:29,63,נשים,טמון,gender,גבר,47
2026-07-30T17:49:29,63,נשים,טמון,gender,אישה,92
2026-07-30T17:49:29,63,נשים,טמון,visit_type,ביקור במרפאה,142
2026-07-30T17:49:29,63,נשים,טמון,visit_type,שיחת טלפון,2
2026-07-30T17:49:29,63,נשים,טמון,language,אידיש,1
2026-07-30T17:49:29,63,נשים,טמון,language,אנגלית,18
2026-07-30T17:49:29,63,נשים,טמון,language,גרמנית,1
2026-07-30T17:49:29,63,נשים,טמון,language,עברית,32
2026-07-30T17:49:29,63,נשים,טמון,language,ערבית,8
2026-07-30T17:49:29,63,נשים,טמון,language,צרפתית,2
2026-07-30T17:49:29,63,נשים,טמון,language,רומנית,2
2026-07-30T17:49:29,63,נשים,טמון,language,רוסית,11
2026-07-30T17:49:50,63,נשים,יבול,gender,גבר,47
2026-07-30T17:49:50,63,נשים,יבול,gender,אישה,61
2026-07-30T17:49:50,63,נשים,יבול,visit_type,ביקור במרפאה,108
2026-07-30T17:49:50,63,נשים,יבול,visit_type,שיחת טלפון,1
2026-07-30T17:49:50,63,נשים,יבול,language,אידיש,4
2026-07-30T17:49:50,63,נשים,יבול,language,אנגלית,13
2026-07-30T17:49:50,63,נשים,יבול,language,גרמנית,1
2026-07-30T17:49:50,63,נשים,יבול,language,ליטאית,1
2026-07-30T17:49:50,63,נשים,יבול,language,סינית,1
2026-07-30T17:49:50,63,נשים,יבול,language,עברית,8
2026-07-30T17:49:50,63,נשים,יבול,language,ערבית,3
2026-07-30T17:49:50,63,נשים,יבול,language,רוסית,14
2026-07-30T17:50:06,63,נשים,יד מרדכי,gender,גבר,47
2026-07-30T17:50:06,63,נשים,יד מרדכי,gender,אישה,61
2026-07-30T17:50:06,63,נשים,יד מרדכי,visit_type,ביקור במרפאה,108
2026-07-30T17:50:06,63,נשים,יד מרדכי,visit_type,שיחת טלפון,1
2026-07-30T17:50:06,63,נשים,יד מרדכי,language,אידיש,4
2026-07-30T17:50:06,63,נשים,יד מרדכי,language,אנגלית,13
2026-07-30T17:50:06,63,נשים,יד מרדכי,language,גרמנית,1
2026-07-30T17:50:06,63,נשים,יד מרדכי,language,ליטאית,1
2026-07-30T17:50:06,63,נשים,יד מרדכי,language,סינית,1
2026-07-30T17:50:06,63,נשים,יד מרדכי,language,עברית,8
2026-07-30T17:50:06,63,נשים,יד מרדכי,language,ערבית,3
2026-07-30T17:50:06,63,נשים,יד מרדכי,language,רוסית,14
2026-07-30T17:50:25,63,נשים,יושיביה,gender,גבר,68
2026-07-30T17:50:25,63,נשים,יושיביה,gender,אישה,86
2026-07-30T17:50:25,63,נשים,יושיביה,visit_type,ביקור במרפאה,156
2026-07-30T17:50:25,63,נשים,יושיביה,visit_type,שיחת טלפון,1
2026-07-30T17:50:25,63,נשים,יושיביה,language,אידיש,4
2026-07-30T17:50:25,63,נשים,יושיביה,language,אנגלית,22
2026-07-30T17:50:25,63,נשים,יושיביה,language,גרמנית,1
2026-07-30T17:50:25,63,נשים,יושיביה,language,ליטאית,1
2026-07-30T17:50:25,63,נשים,יושיביה,language,סינית,1
2026-07-30T17:50:25,63,נשים,יושיביה,language,עברית,14
2026-07-30T17:50:25,63,נשים,יושיביה,language,ערבית,4
2026-07-30T17:50:25,63,נשים,יושיביה,language,רוסית,22
2026-07-30T17:50:46,63,נשים,יסודות,gender,גבר,28
2026-07-30T17:50:46,63,נשים,יסודות,gender,אישה,31
2026-07-30T17:50:46,63,נשים,יסודות,visit_type,ביקור במרפאה,63
2026-07-30T17:50:46,63,נשים,יסודות,language,אוקראינית,2
2026-07-30T17:50:46,63,נשים,יסודות,language,איטלקית,1
2026-07-30T17:50:46,63,נשים,יסודות,language,אנגלית,13
2026-07-30T17:50:46,63,נשים,יסודות,language,גרוזינית,1
2026-07-30T17:50:46,63,נשים,יסודות,language,הונגרית,1
2026-07-30T17:50:46,63,נשים,יסודות,language,ספרדית,1
2026-07-30T17:50:46,63,נשים,יסודות,language,עברית,20
2026-07-30T17:50:46,63,נשים,יסודות,language,צרפתית,2
2026-07-30T17:50:46,63,נשים,יסודות,language,רוסית,10
2026-07-30T17:50:57,63,נשים,יפתח,gender,גבר,29
2026-07-30T17:50:57,63,נשים,יפתח,gender,אישה,58
2026-07-30T17:50:57,63,נשים,יפתח,visit_type,ביקור במרפאה,87
2026-07-30T17:50:57,63,נשים,יפתח,language,אנגלית,9
2026-07-30T17:50:57,63,נשים,יפתח,language,עברית,13
2026-07-30T17:50:57,63,נשים,יפתח,language,ערבית,4
2026-07-30T17:50:57,63,נשים,יפתח,language,רוסית,3
2026-07-30T17:51:10,63,נשים,ירושלים,gender,גבר,47
2026-07-30T17:51:10,63,נשים,ירושלים,gender,אישה,79
2026-07-30T17:51:10,63,נשים,ירושלים,visit_type,ביקור במרפאה,131
2026-07-30T17:51:10,63,נשים,ירושלים,visit_type,שיחת טלפון,16
2026-07-30T17:51:10,63,נשים,ירושלים,visit_type,שיחת וידאו,1
2026-07-30T17:51:10,63,נשים,ירושלים,language,אידיש,2
2026-07-30T17:51:10,63,נשים,ירושלים,language,אנגלית,20
2026-07-30T17:51:10,63,נשים,ירושלים,language,עברית,24
2026-07-30T17:51:10,63,נשים,ירושלים,language,ערבית,3
2026-07-30T17:51:10,63,נשים,ירושלים,language,צרפתית,2
2026-07-30T17:51:10,63,נשים,ירושלים,language,רוסית,3
2026-07-30T17:51:29,63,נשים,יתמא,gender,גבר,47
2026-07-30T17:51:29,63,נשים,יתמא,gender,אישה,79
2026-07-30T17:51:29,63,נשים,יתמא,visit_type,ביקור במרפאה,131
2026-07-30T17:51:29,63,נשים,יתמא,visit_type,שיחת טלפון,16
2026-07-30T17:51:29,63,נשים,יתמא,visit_type,שיחת וידאו,1
2026-07-30T17:51:29,63,נשים,יתמא,language,אידיש,2
2026-07-30T17:51:29,63,נשים,יתמא,language,אנגלית,20
2026-07-30T17:51:29,63,נשים,יתמא,language,עברית,24
2026-07-30T17:51:29,63,נשים,יתמא,language,ערבית,3
2026-07-30T17:51:29,63,נשים,יתמא,language,צרפתית,2
2026-07-30T17:51:29,63,נשים,יתמא,language,רוסית,3
2026-07-30T17:51:49,63,נשים,כוכב מיכאל,gender,גבר,47
2026-07-30T17:51:49,63,נשים,כוכב מיכאל,gender,אישה,61
2026-07-30T17:51:49,63,נשים,כוכב מיכאל,visit_type,ביקור במרפאה,108
2026-07-30T17:51:49,63,נשים,כוכב מיכאל,visit_type,שיחת טלפון,1
2026-07-30T17:51:49,63,נשים,כוכב מיכאל,language,אידיש,4
2026-07-30T17:51:49,63,נשים,כוכב מיכאל,language,אנגלית,13
2026-07-30T17:51:49,63,נשים,כוכב מיכאל,language,גרמנית,1
2026-07-30T17:51:49,63,נשים,כוכב מיכאל,language,ליטאית,1
2026-07-30T17:51:49,63,נשים,כוכב מיכאל,language,סינית,1
2026-07-30T17:51:49,63,נשים,כוכב מיכאל,language,עברית,8
2026-07-30T17:51:49,63,נשים,כוכב מיכאל,language,ערבית,3
2026-07-30T17:51:49,63,נשים,כוכב מיכאל,language,רוסית,14
2026-07-30T17:52:05,63,נשים,כיפל חארת,gender,גבר,10
2026-07-30T17:52:05,63,נשים,כיפל חארת,gender,אישה,15
2026-07-30T17:52:05,63,נשים,כיפל חארת,visit_type,ביקור במרפאה,29
2026-07-30T17:52:05,63,נשים,כיפל חארת,language,איטלקית,4
2026-07-30T17:52:05,63,נשים,כיפל חארת,language,אנגלית,12
2026-07-30T17:52:05,63,נשים,כיפל חארת,language,ספרדית,1
2026-07-30T17:52:05,63,נשים,כיפל חארת,language,עברית,24
2026-07-30T17:52:05,63,נשים,כיפל חארת,language,ערבית,1
2026-07-30T17:52:05,63,נשים,כיפל חארת,language,צרפתית,2
2026-07-30T17:52:05,63,נשים,כיפל חארת,language,רומנית,4
2026-07-30T17:52:05,63,נשים,כיפל חארת,language,רוסית,2
2026-07-30T17:52:12,63,נשים,כסיפה,gender,גבר,43
2026-07-30T17:52:12,63,נשים,כסיפה,gender,אישה,67
2026-07-30T17:52:12,63,נשים,כסיפה,visit_type,ביקור במרפאה,112
2026-07-30T17:52:12,63,נשים,כסיפה,language,אידיש,3
2026-07-30T17:52:12,63,נשים,כסיפה,language,אנגלית,21
2026-07-30T17:52:12,63,נשים,כסיפה,language,ליטאית,1
2026-07-30T17:52:12,63,נשים,כסיפה,language,סינית,1
2026-07-30T17:52:12,63,נשים,כסיפה,language,עברית,9
2026-07-30T17:52:12,63,נשים,כסיפה,language,ערבית,4
2026-07-30T17:52:12,63,נשים,כסיפה,language,רוסית,19
2026-07-30T17:52:32,63,נשים,כפר ביל''ו,gender,גבר,63
2026-07-30T17:52:32,63,נשים,כפר ביל''ו,gender,אישה,70
2026-07-30T17:52:32,63,נשים,כפר ביל''ו,visit_type,ביקור במרפאה,138
2026-07-30T17:52:32,63,נשים,כפר ביל''ו,language,אוקראינית,3
2026-07-30T17:52:32,63,נשים,כפר ביל''ו,language,אידיש,1
2026-07-30T17:52:32,63,נשים,כפר ביל''ו,language,איטלקית,2
2026-07-30T17:52:32,63,נשים,כפר ביל''ו,language,אנגלית,29
2026-07-30T17:52:32,63,נשים,כפר ביל''ו,language,גרוזינית,1
2026-07-30T17:52:32,63,נשים,כפר ביל''ו,language,הונגרית,2
2026-07-30T17:52:32,63,נשים,כפר ביל''ו,language,ספרדית,2
2026-07-30T17:52:32,63,נשים,כפר ביל''ו,language,עברית,48
2026-07-30T17:52:32,63,נשים,כפר ביל''ו,language,צרפתית,2
2026-07-30T17:52:32,63,נשים,כפר ביל''ו,language,רוסית,20
2026-07-30T17:52:54,63,נשים,כרם שלום,gender,גבר,47
2026-07-30T17:52:54,63,נשים,כרם שלום,gender,אישה,61
2026-07-30T17:52:54,63,נשים,כרם שלום,visit_type,ביקור במרפאה,108
2026-07-30T17:52:54,63,נשים,כרם שלום,visit_type,שיחת טלפון,1
2026-07-30T17:52:54,63,נשים,כרם שלום,language,אידיש,4
2026-07-30T17:52:54,63,נשים,כרם שלום,language,אנגלית,13
2026-07-30T17:52:54,63,נשים,כרם שלום,language,גרמנית,1
2026-07-30T17:52:54,63,נשים,כרם שלום,language,ליטאית,1
2026-07-30T17:52:54,63,נשים,כרם שלום,language,סינית,1
2026-07-30T17:52:54,63,נשים,כרם שלום,language,עברית,8
2026-07-30T17:52:54,63,נשים,כרם שלום,language,ערבית,3
2026-07-30T17:52:54,63,נשים,כרם שלום,language,רוסית,14
2026-07-30T17:53:13,63,נשים,להבות חביבה,gender,גבר,62
2026-07-30T17:53:13,63,נשים,להבות חביבה,gender,אישה,138
2026-07-30T17:53:13,63,נשים,להבות חביבה,visit_type,ביקור במרפאה,203
2026-07-30T17:53:13,63,נשים,להבות חביבה,visit_type,שיחת טלפון,2
2026-07-30T17:53:13,63,נשים,להבות חביבה,language,אידיש,1
2026-07-30T17:53:13,63,נשים,להבות חביבה,language,איטלקית,1
2026-07-30T17:53:13,63,נשים,להבות חביבה,language,אנגלית,38
2026-07-30T17:53:13,63,נשים,להבות חביבה,language,גרמנית,1
2026-07-30T17:53:13,63,נשים,להבות חביבה,language,הונגרית,1
2026-07-30T17:53:13,63,נשים,להבות חביבה,language,עברית,63
2026-07-30T17:53:13,63,נשים,להבות חביבה,language,ערבית,28
2026-07-30T17:53:13,63,נשים,להבות חביבה,language,צרפתית,2
2026-07-30T17:53:13,63,נשים,להבות חביבה,language,רומנית,3
2026-07-30T17:53:13,63,נשים,להבות חביבה,language,רוסית,15
2026-07-30T17:53:34,63,נשים,לפיד,gender,גבר,40
2026-07-30T17:53:34,63,נשים,לפיד,gender,אישה,46
2026-07-30T17:53:34,63,נשים,לפיד,visit_type,ביקור במרפאה,88
2026-07-30T17:53:34,63,נשים,לפיד,language,אוקראינית,3
2026-07-30T17:53:34,63,נשים,לפיד,language,אידיש,1
2026-07-30T17:53:34,63,נשים,לפיד,language,איטלקית,2
2026-07-30T17:53:34,63,נשים,לפיד,language,אנגלית,21
2026-07-30T17:53:34,63,נשים,לפיד,language,הונגרית,1
2026-07-30T17:53:34,63,נשים,לפיד,language,ספרדית,1
2026-07-30T17:53:34,63,נשים,לפיד,language,עברית,29
2026-07-30T17:53:34,63,נשים,לפיד,language,צרפתית,1
2026-07-30T17:53:34,63,נשים,לפיד,language,רוסית,12
2026-07-30T17:53:48,63,נשים,מבואות ים,gender,גבר,47
2026-07-30T17:53:48,63,נשים,מבואות ים,gender,אישה,92
2026-07-30T17:53:48,63,נשים,מבואות ים,visit_type,ביקור במרפאה,142
2026-07-30T17:53:48,63,נשים,מבואות ים,visit_type,שיחת טלפון,2
2026-07-30T17:53:48,63,נשים,מבואות ים,language,אידיש,1
2026-07-30T17:53:48,63,נשים,מבואות ים,language,אנגלית,18
2026-07-30T17:53:48,63,נשים,מבואות ים,language,גרמנית,1
2026-07-30T17:53:48,63,נשים,מבואות ים,language,עברית,32
2026-07-30T17:53:48,63,נשים,מבואות ים,language,ערבית,8
2026-07-30T17:53:48,63,נשים,מבואות ים,language,צרפתית,2
2026-07-30T17:53:48,63,נשים,מבואות ים,language,רומנית,2
2026-07-30T17:53:48,63,נשים,מבואות ים,language,רוסית,11
2026-07-30T17:54:10,63,נשים,מגדים,gender,אישה,136
2026-07-30T17:54:10,63,נשים,מגדים,gender,גבר,48
2026-07-30T17:54:10,63,נשים,מגדים,visit_type,ביקור במרפאה,185
2026-07-30T17:54:10,63,נשים,מגדים,visit_type,שיחת טלפון,1
2026-07-30T17:54:10,63,נשים,מגדים,language,אידיש,1
2026-07-30T17:54:10,63,נשים,מגדים,language,איטלקית,3
2026-07-30T17:54:10,63,נשים,מגדים,language,אנגלית,68
2026-07-30T17:54:10,63,נשים,מגדים,language,הונגרית,3
2026-07-30T17:54:10,63,נשים,מגדים,language,עברית,100
2026-07-30T17:54:10,63,נשים,מגדים,language,ערבית,40
2026-07-30T17:54:10,63,נשים,מגדים,language,צרפתית,5
2026-07-30T17:54:10,63,נשים,מגדים,language,רומנית,5
2026-07-30T17:54:10,63,נשים,מגדים,language,רוסית,27
2026-07-30T17:54:10,63,נשים,מגדים,language,שוודית,1
2026-07-30T17:54:33,63,נשים,מוח'יים פארעה,gender,גבר,47
2026-07-30T17:54:33,63,נשים,מוח'יים פארעה,gender,אישה,92
2026-07-30T17:54:33,63,נשים,מוח'יים פארעה,visit_type,ביקור במרפאה,142
2026-07-30T17:54:33,63,נשים,מוח'יים פארעה,visit_type,שיחת טלפון,2
2026-07-30T17:54:33,63,נשים,מוח'יים פארעה,language,אידיש,1
2026-07-30T17:54:33,63,נשים,מוח'יים פארעה,language,אנגלית,18
2026-07-30T17:54:33,63,נשים,מוח'יים פארעה,language,גרמנית,1
2026-07-30T17:54:33,63,נשים,מוח'יים פארעה,language,עברית,32
2026-07-30T17:54:33,63,נשים,מוח'יים פארעה,language,ערבית,8
2026-07-30T17:54:33,63,נשים,מוח'יים פארעה,language,צרפתית,2
2026-07-30T17:54:33,63,נשים,מוח'יים פארעה,language,רומנית,2
2026-07-30T17:54:33,63,נשים,מוח'יים פארעה,language,רוסית,11
2026-07-30T17:54:54,63,נשים,מזכרת בתיה,gender,גבר,63
2026-07-30T17:54:54,63,נשים,מזכרת בתיה,gender,אישה,70
2026-07-30T17:54:54,63,נשים,מזכרת בתיה,visit_type,ביקור במרפאה,138
2026-07-30T17:54:54,63,נשים,מזכרת בתיה,language,אוקראינית,3
2026-07-30T17:54:54,63,נשים,מזכרת בתיה,language,אידיש,1
2026-07-30T17:54:54,63,נשים,מזכרת בתיה,language,איטלקית,2
2026-07-30T17:54:54,63,נשים,מזכרת בתיה,language,אנגלית,29
2026-07-30T17:54:54,63,נשים,מזכרת בתיה,language,גרוזינית,1
2026-07-30T17:54:54,63,נשים,מזכרת בתיה,language,הונגרית,2
2026-07-30T17:54:54,63,נשים,מזכרת בתיה,language,ספרדית,2
2026-07-30T17:54:54,63,נשים,מזכרת בתיה,language,עברית,48
2026-07-30T17:54:54,63,נשים,מזכרת בתיה,language,צרפתית,2
2026-07-30T17:54:54,63,נשים,מזכרת בתיה,language,רוסית,20
2026-07-30T17:55:18,63,נשים,מי עמי,gender,גבר,62
2026-07-30T17:55:18,63,נשים,מי עמי,gender,אישה,138
2026-07-30T17:55:18,63,נשים,מי עמי,visit_type,ביקור במרפאה,203
2026-07-30T17:55:18,63,נשים,מי עמי,visit_type,שיחת טלפון,2
2026-07-30T17:55:18,63,נשים,מי עמי,language,אידיש,1
2026-07-30T17:55:18,63,נשים,מי עמי,language,איטלקית,1
2026-07-30T17:55:18,63,נשים,מי עמי,language,אנגלית,38
2026-07-30T17:55:18,63,נשים,מי עמי,language,גרמנית,1
2026-07-30T17:55:18,63,נשים,מי עמי,language,הונגרית,1
2026-07-30T17:55:18,63,נשים,מי עמי,language,עברית,63
2026-07-30T17:55:18,63,נשים,מי עמי,language,ערבית,28
2026-07-30T17:55:18,63,נשים,מי עמי,language,צרפתית,2
2026-07-30T17:55:18,63,נשים,מי עמי,language,רומנית,3
2026-07-30T17:55:18,63,נשים,מי עמי,language,רוסית,15
2026-07-30T17:55:38,63,נשים,מכורה,gender,גבר,47
2026-07-30T17:55:38,63,נשים,מכורה,gender,אישה,79
2026-07-30T17:55:38,63,נשים,מכורה,visit_type,ביקור במרפאה,131
2026-07-30T17:55:38,63,נשים,מכורה,visit_type,שיחת טלפון,16
2026-07-30T17:55:38,63,נשים,מכורה,visit_type,שיחת וידאו,1
2026-07-30T17:55:38,63,נשים,מכורה,language,אידיש,2
2026-07-30T17:55:38,63,נשים,מכורה,language,אנגלית,20
2026-07-30T17:55:38,63,נשים,מכורה,language,עברית,24
2026-07-30T17:55:38,63,נשים,מכורה,language,ערבית,3
2026-07-30T17:55:38,63,נשים,מכורה,language,צרפתית,2
2026-07-30T17:55:38,63,נשים,מכורה,language,רוסית,3
2026-07-30T17:55:59,63,נשים,מנות,gender,גבר,37
2026-07-30T17:55:59,63,נשים,מנות,gender,אישה,82
2026-07-30T17:55:59,63,נשים,מנות,visit_type,ביקור במרפאה,120
2026-07-30T17:55:59,63,נשים,מנות,visit_type,שיחת טלפון,2
2026-07-30T17:55:59,63,נשים,מנות,language,אידיש,1
2026-07-30T17:55:59,63,נשים,מנות,language,איטלקית,4
2026-07-30T17:55:59,63,נשים,מנות,language,אנגלית,75
2026-07-30T17:55:59,63,נשים,מנות,language,ספרדית,1
2026-07-30T17:55:59,63,נשים,מנות,language,עברית,115
2026-07-30T17:55:59,63,נשים,מנות,language,ערבית,74
2026-07-30T17:55:59,63,נשים,מנות,language,צרפתית,2
2026-07-30T17:55:59,63,נשים,מנות,language,רומנית,6
2026-07-30T17:55:59,63,נשים,מנות,language,רוסית,24
2026-07-30T17:55:59,63,נשים,מנות,language,שוודית,1
2026-07-30T17:56:19,63,נשים,מסלול,gender,גבר,68
2026-07-30T17:56:19,63,נשים,מסלול,gender,אישה,86
2026-07-30T17:56:19,63,נשים,מסלול,visit_type,ביקור במרפאה,156
2026-07-30T17:56:19,63,נשים,מסלול,visit_type,שיחת טלפון,1
2026-07-30T17:56:19,63,נשים,מסלול,language,אידיש,4
2026-07-30T17:56:19,63,נשים,מסלול,language,אנגלית,22
2026-07-30T17:56:19,63,נשים,מסלול,language,גרמנית,1
2026-07-30T17:56:19,63,נשים,מסלול,language,ליטאית,1
2026-07-30T17:56:19,63,נשים,מסלול,language,סינית,1
2026-07-30T17:56:19,63,נשים,מסלול,language,עברית,14
2026-07-30T17:56:19,63,נשים,מסלול,language,ערבית,4
2026-07-30T17:56:19,63,נשים,מסלול,language,רוסית,22
2026-07-30T17:56:40,63,נשים,מעיין ברוך,gender,גבר,29
2026-07-30T17:56:40,63,נשים,מעיין ברוך,gender,אישה,58
2026-07-30T17:56:40,63,נשים,מעיין ברוך,visit_type,ביקור במרפאה,87
2026-07-30T17:56:40,63,נשים,מעיין ברוך,language,אנגלית,9
2026-07-30T17:56:40,63,נשים,מעיין ברוך,language,עברית,13
2026-07-30T17:56:40,63,נשים,מעיין ברוך,language,ערבית,4
2026-07-30T17:56:40,63,נשים,מעיין ברוך,language,רוסית,3
2026-07-30T17:56:55,63,נשים,מפעלי חבל יבנה,gender,גבר,52
2026-07-30T17:56:55,63,נשים,מפעלי חבל יבנה,gender,אישה,56
2026-07-30T17:56:55,63,נשים,מפעלי חבל יבנה,visit_type,ביקור במרפאה,113
2026-07-30T17:56:55,63,נשים,מפעלי חבל יבנה,language,אוקראינית,3
2026-07-30T17:56:55,63,נשים,מפעלי חבל יבנה,language,אידיש,1
2026-07-30T17:56:55,63,נשים,מפעלי חבל יבנה,language,איטלקית,2
2026-07-30T17:56:55,63,נשים,מפעלי חבל יבנה,language,אנגלית,26
2026-07-30T17:56:55,63,נשים,מפעלי חבל יבנה,language,גרוזינית,1
2026-07-30T17:56:55,63,נשים,מפעלי חבל יבנה,language,הונגרית,2
2026-07-30T17:56:55,63,נשים,מפעלי חבל יבנה,language,ספרדית,1
2026-07-30T17:56:55,63,נשים,מפעלי חבל יבנה,language,עברית,37
2026-07-30T17:56:55,63,נשים,מפעלי חבל יבנה,language,צרפתית,2
2026-07-30T17:56:55,63,נשים,מפעלי חבל יבנה,language,רוסית,17
2026-07-30T17:57:11,63,נשים,מצפה יריחו,gender,גבר,47
2026-07-30T17:57:11,63,נשים,מצפה יריחו,gender,אישה,79
2026-07-30T17:57:11,63,נשים,מצפה יריחו,visit_type,ביקור במרפאה,131
2026-07-30T17:57:11,63,נשים,מצפה יריחו,visit_type,שיחת טלפון,16
2026-07-30T17:57:11,63,נשים,מצפה יריחו,visit_type,שיחת וידאו,1
2026-07-30T17:57:11,63,נשים,מצפה יריחו,language,אידיש,2
2026-07-30T17:57:11,63,נשים,מצפה יריחו,language,אנגלית,20
2026-07-30T17:57:11,63,נשים,מצפה יריחו,language,עברית,24
2026-07-30T17:57:11,63,נשים,מצפה יריחו,language,ערבית,3
2026-07-30T17:57:11,63,נשים,מצפה יריחו,language,צרפתית,2
2026-07-30T17:57:11,63,נשים,מצפה יריחו,language,רוסית,3
2026-07-30T17:57:32,63,נשים,מרחביה קיבוץ,gender,גבר,48
2026-07-30T17:57:32,63,נשים,מרחביה קיבוץ,gender,אישה,127
2026-07-30T17:57:32,63,נשים,מרחביה קיבוץ,visit_type,ביקור במרפאה,176
2026-07-30T17:57:32,63,נשים,מרחביה קיבוץ,visit_type,שיחת טלפון,1
2026-07-30T17:57:32,63,נשים,מרחביה קיבוץ,language,איטלקית,1
2026-07-30T17:57:32,63,נשים,מרחביה קיבוץ,language,אנגלית,29
2026-07-30T17:57:32,63,נשים,מרחביה קיבוץ,language,הונגרית,1
2026-07-30T17:57:32,63,נשים,מרחביה קיבוץ,language,עברית,50
2026-07-30T17:57:32,63,נשים,מרחביה קיבוץ,language,ערבית,28
2026-07-30T17:57:32,63,נשים,מרחביה קיבוץ,language,רומנית,1
2026-07-30T17:57:32,63,נשים,מרחביה קיבוץ,language,רוסית,11
2026-07-30T17:57:52,63,נשים,משכיות,gender,גבר,47
2026-07-30T17:57:52,63,נשים,משכיות,gender,אישה,79
2026-07-30T17:57:52,63,נשים,משכיות,visit_type,ביקור במרפאה,131
2026-07-30T17:57:52,63,נשים,משכיות,visit_type,שיחת טלפון,16
2026-07-30T17:57:52,63,נשים,משכיות,visit_type,שיחת וידאו,1
2026-07-30T17:57:52,63,נשים,משכיות,language,אידיש,2
2026-07-30T17:57:52,63,נשים,משכיות,language,אנגלית,20
2026-07-30T17:57:52,63,נשים,משכיות,language,עברית,24
2026-07-30T17:57:52,63,נשים,משכיות,language,ערבית,3
2026-07-30T17:57:52,63,נשים,משכיות,language,צרפתית,2
2026-07-30T17:57:52,63,נשים,משכיות,language,רוסית,3
2026-07-30T17:58:11,63,נשים,נאות מרדכי,gender,גבר,29
2026-07-30T17:58:11,63,נשים,נאות מרדכי,gender,אישה,58
2026-07-30T17:58:11,63,נשים,נאות מרדכי,visit_type,ביקור במרפאה,87
2026-07-30T17:58:11,63,נשים,נאות מרדכי,language,אנגלית,9
2026-07-30T17:58:11,63,נשים,נאות מרדכי,language,עברית,13
2026-07-30T17:58:11,63,נשים,נאות מרדכי,language,ערבית,4
2026-07-30T17:58:11,63,נשים,נאות מרדכי,language,רוסית,3
2026-07-30T17:58:26,63,נשים,נהריה,gender,אישה,64
2026-07-30T17:58:26,63,נשים,נהריה,gender,גבר,23
2026-07-30T17:58:26,63,נשים,נהריה,visit_type,ביקור במרפאה,88
2026-07-30T17:58:26,63,נשים,נהריה,visit_type,שיחת טלפון,2
2026-07-30T17:58:26,63,נשים,נהריה,language,איטלקית,4
2026-07-30T17:58:26,63,נשים,נהריה,language,אנגלית,56
2026-07-30T17:58:26,63,נשים,נהריה,language,ספרדית,1
2026-07-30T17:58:26,63,נשים,נהריה,language,עברית,85
2026-07-30T17:58:26,63,נשים,נהריה,language,ערבית,64
2026-07-30T17:58:26,63,נשים,נהריה,language,רומנית,4
2026-07-30T17:58:26,63,נשים,נהריה,language,רוסית,15
2026-07-30T17:58:40,63,נשים,נווה זוהר,gender,גבר,43
2026-07-30T17:58:40,63,נשים,נווה זוהר,gender,אישה,67
2026-07-30T17:58:40,63,נשים,נווה זוהר,visit_type,ביקור במרפאה,112
2026-07-30T17:58:40,63,נשים,נווה זוהר,language,אידיש,3
2026-07-30T17:58:40,63,נשים,נווה זוהר,language,אנגלית,21
2026-07-30T17:58:40,63,נשים,נווה זוהר,language,ליטאית,1
2026-07-30T17:58:40,63,נשים,נווה זוהר,language,סינית,1
2026-07-30T17:58:40,63,נשים,נווה זוהר,language,עברית,9
2026-07-30T17:58:40,63,נשים,נווה זוהר,language,ערבית,4
2026-07-30T17:58:40,63,נשים,נווה זוהר,language,רוסית,19
2026-07-30T17:58:59,63,נשים,נחלים,gender,גבר,26
2026-07-30T17:58:59,63,נשים,נחלים,gender,אישה,39
2026-07-30T17:58:59,63,נשים,נחלים,visit_type,ביקור במרפאה,70
2026-07-30T17:58:59,63,נשים,נחלים,language,אידיש,1
2026-07-30T17:58:59,63,נשים,נחלים,language,איטלקית,4
2026-07-30T17:58:59,63,נשים,נחלים,language,אנגלית,19
2026-07-30T17:58:59,63,נשים,נחלים,language,ספרדית,1
2026-07-30T17:58:59,63,נשים,נחלים,language,עברית,35
2026-07-30T17:58:59,63,נשים,נחלים,language,ערבית,1
2026-07-30T17:58:59,63,נשים,נחלים,language,צרפתית,2
2026-07-30T17:58:59,63,נשים,נחלים,language,רומנית,6
2026-07-30T17:58:59,63,נשים,נחלים,language,רוסית,5
2026-07-30T17:59:11,63,נשים,ניל''י,gender,גבר,10
2026-07-30T17:59:11,63,נשים,ניל''י,gender,אישה,15
2026-07-30T17:59:11,63,נשים,ניל''י,visit_type,ביקור במרפאה,29
2026-07-30T17:59:11,63,נשים,ניל''י,language,איטלקית,4
2026-07-30T17:59:11,63,נשים,ניל''י,language,אנגלית,12
2026-07-30T17:59:11,63,נשים,ניל''י,language,ספרדית,1
2026-07-30T17:59:11,63,נשים,ניל''י,language,עברית,24
2026-07-30T17:59:11,63,נשים,ניל''י,language,ערבית,1
2026-07-30T17:59:11,63,נשים,ניל''י,language,צרפתית,2
2026-07-30T17:59:11,63,נשים,ניל''י,language,רומנית,4
2026-07-30T17:59:11,63,נשים,ניל''י,language,רוסית,2
2026-07-30T17:59:18,63,נשים,נמל תעופה בן גוריון,gender,גבר,52
2026-07-30T17:59:18,63,נשים,נמל תעופה בן גוריון,gender,אישה,56
2026-07-30T17:59:18,63,נשים,נמל תעופה בן גוריון,visit_type,ביקור במרפאה,113
2026-07-30T17:59:18,63,נשים,נמל תעופה בן גוריון,language,אוקראינית,3
2026-07-30T17:59:18,63,נשים,נמל תעופה בן גוריון,language,אידיש,1
2026-07-30T17:59:18,63,נשים,נמל תעופה בן גוריון,language,איטלקית,2
2026-07-30T17:59:18,63,נשים,נמל תעופה בן גוריון,language,אנגלית,26
2026-07-30T17:59:18,63,נשים,נמל תעופה בן גוריון,language,גרוזינית,1
2026-07-30T17:59:18,63,נשים,נמל תעופה בן גוריון,language,הונגרית,2
2026-07-30T17:59:18,63,נשים,נמל תעופה בן גוריון,language,ספרדית,1
2026-07-30T17:59:18,63,נשים,נמל תעופה בן גוריון,language,עברית,37
2026-07-30T17:59:18,63,נשים,נמל תעופה בן גוריון,language,צרפתית,2
2026-07-30T17:59:18,63,נשים,נמל תעופה בן גוריון,language,רוסית,17
2026-07-30T17:59:36,63,נשים,נצר חזני,gender,גבר,52
2026-07-30T17:59:36,63,נשים,נצר חזני,gender,אישה,56
2026-07-30T17:59:36,63,נשים,נצר חזני,visit_type,ביקור במרפאה,113
2026-07-30T17:59:36,63,נשים,נצר חזני,language,אוקראינית,3
2026-07-30T17:59:36,63,נשים,נצר חזני,language,אידיש,1
2026-07-30T17:59:36,63,נשים,נצר חזני,language,איטלקית,2
2026-07-30T17:59:36,63,נשים,נצר חזני,language,אנגלית,26
2026-07-30T17:59:36,63,נשים,נצר חזני,language,גרוזינית,1
2026-07-30T17:59:36,63,נשים,נצר חזני,language,הונגרית,2
2026-07-30T17:59:36,63,נשים,נצר חזני,language,ספרדית,1
2026-07-30T17:59:36,63,נשים,נצר חזני,language,עברית,37
2026-07-30T17:59:36,63,נשים,נצר חזני,language,צרפתית,2
2026-07-30T17:59:36,63,נשים,נצר חזני,language,רוסית,17
2026-07-30T17:59:54,63,נשים,סאג'ור,gender,גבר,37
2026-07-30T17:59:54,63,נשים,סאג'ור,gender,אישה,82
2026-07-30T17:59:54,63,נשים,סאג'ור,visit_type,ביקור במרפאה,120
2026-07-30T17:59:54,63,נשים,סאג'ור,visit_type,שיחת טלפון,2
2026-07-30T17:59:54,63,נשים,סאג'ור,language,אידיש,1
2026-07-30T17:59:54,63,נשים,סאג'ור,language,איטלקית,4
2026-07-30T17:59:54,63,נשים,סאג'ור,language,אנגלית,75
2026-07-30T17:59:54,63,נשים,סאג'ור,language,ספרדית,1
2026-07-30T17:59:54,63,נשים,סאג'ור,language,עברית,115
2026-07-30T17:59:54,63,נשים,סאג'ור,language,ערבית,74
2026-07-30T17:59:54,63,נשים,סאג'ור,language,צרפתית,2
2026-07-30T17:59:54,63,נשים,סאג'ור,language,רומנית,6
2026-07-30T17:59:54,63,נשים,סאג'ור,language,רוסית,24
2026-07-30T17:59:54,63,נשים,סאג'ור,language,שוודית,1
2026-07-30T18:00:14,63,נשים,סומיה,gender,גבר,68
2026-07-30T18:00:14,63,נשים,סומיה,gender,אישה,86
2026-07-30T18:00:14,63,נשים,סומיה,visit_type,ביקור במרפאה,156
2026-07-30T18:00:14,63,נשים,סומיה,visit_type,שיחת טלפון,1
2026-07-30T18:00:14,63,נשים,סומיה,language,אידיש,4
2026-07-30T18:00:14,63,נשים,סומיה,language,אנגלית,22
2026-07-30T18:00:14,63,נשים,סומיה,language,גרמנית,1
2026-07-30T18:00:14,63,נשים,סומיה,language,ליטאית,1
2026-07-30T18:00:14,63,נשים,סומיה,language,סינית,1
2026-07-30T18:00:14,63,נשים,סומיה,language,עברית,14
2026-07-30T18:00:14,63,נשים,סומיה,language,ערבית,4
2026-07-30T18:00:14,63,נשים,סומיה,language,רוסית,22
2026-07-30T18:00:35,63,נשים,סילת אל ח'רית'יה,gender,גבר,47
2026-07-30T18:00:35,63,נשים,סילת אל ח'רית'יה,gender,אישה,92
2026-07-30T18:00:35,63,נשים,סילת אל ח'רית'יה,visit_type,ביקור במרפאה,142
2026-07-30T18:00:35,63,נשים,סילת אל ח'רית'יה,visit_type,שיחת טלפון,2
2026-07-30T18:00:35,63,נשים,סילת אל ח'רית'יה,language,אידיש,1
2026-07-30T18:00:35,63,נשים,סילת אל ח'רית'יה,language,אנגלית,18
2026-07-30T18:00:35,63,נשים,סילת אל ח'רית'יה,language,גרמנית,1
2026-07-30T18:00:35,63,נשים,סילת אל ח'רית'יה,language,עברית,32
2026-07-30T18:00:35,63,נשים,סילת אל ח'רית'יה,language,ערבית,8
2026-07-30T18:00:35,63,נשים,סילת אל ח'רית'יה,language,צרפתית,2
2026-07-30T18:00:35,63,נשים,סילת אל ח'רית'יה,language,רומנית,2
2026-07-30T18:00:35,63,נשים,סילת אל ח'רית'יה,language,רוסית,11
2026-07-30T18:00:54,63,נשים,סניריא,gender,גבר,10
2026-07-30T18:00:54,63,נשים,סניריא,gender,אישה,15
2026-07-30T18:00:54,63,נשים,סניריא,visit_type,ביקור במרפאה,29
2026-07-30T18:00:54,63,נשים,סניריא,language,איטלקית,4
2026-07-30T18:00:54,63,נשים,סניריא,language,אנגלית,12
2026-07-30T18:00:54,63,נשים,סניריא,language,ספרדית,1
2026-07-30T18:00:54,63,נשים,סניריא,language,עברית,24
2026-07-30T18:00:54,63,נשים,סניריא,language,ערבית,1
2026-07-30T18:00:54,63,נשים,סניריא,language,צרפתית,2
2026-07-30T18:00:54,63,נשים,סניריא,language,רומנית,4
2026-07-30T18:00:54,63,נשים,סניריא,language,רוסית,2
2026-07-30T18:00:59,63,נשים,סרטא,gender,גבר,10
2026-07-30T18:00:59,63,נשים,סרטא,gender,אישה,15
2026-07-30T18:00:59,63,נשים,סרטא,visit_type,ביקור במרפאה,29
2026-07-30T18:00:59,63,נשים,סרטא,language,איטלקית,4
2026-07-30T18:00:59,63,נשים,סרטא,language,אנגלית,12
2026-07-30T18:00:59,63,נשים,סרטא,language,ספרדית,1
2026-07-30T18:00:59,63,נשים,סרטא,language,עברית,24
2026-07-30T18:00:59,63,נשים,סרטא,language,ערבית,1
2026-07-30T18:00:59,63,נשים,סרטא,language,צרפתית,2
2026-07-30T18:00:59,63,נשים,סרטא,language,רומנית,4
2026-07-30T18:00:59,63,נשים,סרטא,language,רוסית,2
2026-07-30T18:01:06,63,נשים,עג'ה,gender,גבר,47
2026-07-30T18:01:06,63,נשים,עג'ה,gender,אישה,92
2026-07-30T18:01:06,63,נשים,עג'ה,visit_type,ביקור במרפאה,142
2026-07-30T18:01:06,63,נשים,עג'ה,visit_type,שיחת טלפון,2
2026-07-30T18:01:06,63,נשים,עג'ה,language,אידיש,1
2026-07-30T18:01:06,63,נשים,עג'ה,language,אנגלית,18
2026-07-30T18:01:06,63,נשים,עג'ה,language,גרמנית,1
2026-07-30T18:01:06,63,נשים,עג'ה,language,עברית,32
2026-07-30T18:01:06,63,נשים,עג'ה,language,ערבית,8
2026-07-30T18:01:06,63,נשים,עג'ה,language,צרפתית,2
2026-07-30T18:01:06,63,נשים,עג'ה,language,רומנית,2
2026-07-30T18:01:06,63,נשים,עג'ה,language,רוסית,11
2026-07-30T18:01:27,63,נשים,עוזייר,gender,אישה,58
2026-07-30T18:01:27,63,נשים,עוזייר,gender,גבר,29
2026-07-30T18:01:27,63,נשים,עוזייר,visit_type,ביקור במרפאה,87
2026-07-30T18:01:27,63,נשים,עוזייר,language,אנגלית,9
2026-07-30T18:01:27,63,נשים,עוזייר,language,עברית,13
2026-07-30T18:01:27,63,נשים,עוזייר,language,ערבית,4
2026-07-30T18:01:27,63,נשים,עוזייר,language,רוסית,3
2026-07-30T18:01:41,63,נשים,עזמוט,gender,גבר,47
2026-07-30T18:01:41,63,נשים,עזמוט,gender,אישה,92
2026-07-30T18:01:41,63,נשים,עזמוט,visit_type,ביקור במרפאה,142
2026-07-30T18:01:41,63,נשים,עזמוט,visit_type,שיחת טלפון,2
2026-07-30T18:01:41,63,נשים,עזמוט,language,אידיש,1
2026-07-30T18:01:41,63,נשים,עזמוט,language,אנגלית,18
2026-07-30T18:01:41,63,נשים,עזמוט,language,גרמנית,1
2026-07-30T18:01:41,63,נשים,עזמוט,language,עברית,32
2026-07-30T18:01:41,63,נשים,עזמוט,language,ערבית,8
2026-07-30T18:01:41,63,נשים,עזמוט,language,צרפתית,2
2026-07-30T18:01:41,63,נשים,עזמוט,language,רומנית,2
2026-07-30T18:01:41,63,נשים,עזמוט,language,רוסית,11
2026-07-30T18:02:03,63,נשים,עיילבון,gender,גבר,29
2026-07-30T18:02:03,63,נשים,עיילבון,gender,אישה,58
2026-07-30T18:02:03,63,נשים,עיילבון,visit_type,ביקור במרפאה,87
2026-07-30T18:02:03,63,נשים,עיילבון,language,אנגלית,9
2026-07-30T18:02:03,63,נשים,עיילבון,language,עברית,13
2026-07-30T18:02:03,63,נשים,עיילבון,language,ערבית,4
2026-07-30T18:02:03,63,נשים,עיילבון,language,רוסית,3
2026-07-30T18:02:18,63,נשים,עלומים,gender,גבר,47
2026-07-30T18:02:18,63,נשים,עלומים,gender,אישה,61
2026-07-30T18:02:18,63,נשים,עלומים,visit_type,ביקור במרפאה,108
2026-07-30T18:02:18,63,נשים,עלומים,visit_type,שיחת טלפון,1
2026-07-30T18:02:18,63,נשים,עלומים,language,אידיש,4
2026-07-30T18:02:18,63,נשים,עלומים,language,אנגלית,13
2026-07-30T18:02:18,63,נשים,עלומים,language,גרמנית,1
2026-07-30T18:02:18,63,נשים,עלומים,language,ליטאית,1
2026-07-30T18:02:18,63,נשים,עלומים,language,סינית,1
2026-07-30T18:02:18,63,נשים,עלומים,language,עברית,8
2026-07-30T18:02:18,63,נשים,עלומים,language,ערבית,3
2026-07-30T18:02:18,63,נשים,עלומים,language,רוסית,14
2026-07-30T18:02:34,63,נשים,עמיעוז,gender,גבר,47
2026-07-30T18:02:34,63,נשים,עמיעוז,gender,אישה,61
2026-07-30T18:02:34,63,נשים,עמיעוז,visit_type,ביקור במרפאה,108
2026-07-30T18:02:34,63,נשים,עמיעוז,visit_type,שיחת טלפון,1
2026-07-30T18:02:34,63,נשים,עמיעוז,language,אידיש,4
2026-07-30T18:02:34,63,נשים,עמיעוז,language,אנגלית,13
2026-07-30T18:02:34,63,נשים,עמיעוז,language,גרמנית,1
2026-07-30T18:02:34,63,נשים,עמיעוז,language,ליטאית,1
2026-07-30T18:02:34,63,נשים,עמיעוז,language,סינית,1
2026-07-30T18:02:34,63,נשים,עמיעוז,language,עברית,8
2026-07-30T18:02:34,63,נשים,עמיעוז,language,ערבית,3
2026-07-30T18:02:34,63,נשים,עמיעוז,language,רוסית,14
2026-07-30T18:02:52,63,נשים,עסירה אל קיבליה,gender,גבר,47
2026-07-30T18:02:52,63,נשים,עסירה אל קיבליה,gender,אישה,92
2026-07-30T18:02:52,63,נשים,עסירה אל קיבליה,visit_type,ביקור במרפאה,142
2026-07-30T18:02:52,63,נשים,עסירה אל קיבליה,visit_type,שיחת טלפון,2
2026-07-30T18:02:52,63,נשים,עסירה אל קיבליה,language,אידיש,1
2026-07-30T18:02:52,63,נשים,עסירה אל קיבליה,language,אנגלית,18
2026-07-30T18:02:52,63,נשים,עסירה אל קיבליה,language,גרמנית,1
2026-07-30T18:02:52,63,נשים,עסירה אל קיבליה,language,עברית,32
2026-07-30T18:02:52,63,נשים,עסירה אל קיבליה,language,ערבית,8
2026-07-30T18:02:52,63,נשים,עסירה אל קיבליה,language,צרפתית,2
2026-07-30T18:02:52,63,נשים,עסירה אל קיבליה,language,רומנית,2
2026-07-30T18:02:52,63,נשים,עסירה אל קיבליה,language,רוסית,11
2026-07-30T18:03:15,63,נשים,עראבה ליד ג'נין,gender,גבר,47
2026-07-30T18:03:15,63,נשים,עראבה ליד ג'נין,gender,אישה,92
2026-07-30T18:03:15,63,נשים,עראבה ליד ג'נין,visit_type,ביקור במרפאה,142
2026-07-30T18:03:15,63,נשים,עראבה ליד ג'נין,visit_type,שיחת טלפון,2
2026-07-30T18:03:15,63,נשים,עראבה ליד ג'נין,language,אידיש,1
2026-07-30T18:03:15,63,נשים,עראבה ליד ג'נין,language,אנגלית,18
2026-07-30T18:03:15,63,נשים,עראבה ליד ג'נין,language,גרמנית,1
2026-07-30T18:03:15,63,נשים,עראבה ליד ג'נין,language,עברית,32
2026-07-30T18:03:15,63,נשים,עראבה ליד ג'נין,language,ערבית,8
2026-07-30T18:03:15,63,נשים,עראבה ליד ג'נין,language,צרפתית,2
2026-07-30T18:03:15,63,נשים,עראבה ליד ג'נין,language,רומנית,2
2026-07-30T18:03:15,63,נשים,עראבה ליד ג'נין,language,רוסית,11
2026-07-30T18:03:34,63,נשים,עשרת,gender,גבר,28
2026-07-30T18:03:34,63,נשים,עשרת,gender,אישה,31
2026-07-30T18:03:34,63,נשים,עשרת,visit_type,ביקור במרפאה,63
2026-07-30T18:03:34,63,נשים,עשרת,language,אוקראינית,2
2026-07-30T18:03:34,63,נשים,עשרת,language,איטלקית,1
2026-07-30T18:03:34,63,נשים,עשרת,language,אנגלית,13
2026-07-30T18:03:34,63,נשים,עשרת,language,גרוזינית,1
2026-07-30T18:03:34,63,נשים,עשרת,language,הונגרית,1
2026-07-30T18:03:34,63,נשים,עשרת,language,ספרדית,1
2026-07-30T18:03:34,63,נשים,עשרת,language,עברית,20
2026-07-30T18:03:34,63,נשים,עשרת,language,צרפתית,2
2026-07-30T18:03:34,63,נשים,עשרת,language,רוסית,10
2026-07-30T18:03:45,63,נשים,פארק תעשייה חבל מודיעים,gender,גבר,10
2026-07-30T18:03:45,63,נשים,פארק תעשייה חבל מודיעים,gender,אישה,15
2026-07-30T18:03:45,63,נשים,פארק תעשייה חבל מודיעים,visit_type,ביקור במרפאה,29
2026-07-30T18:03:45,63,נשים,פארק תעשייה חבל מודיעים,language,איטלקית,4
2026-07-30T18:03:45,63,נשים,פארק תעשייה חבל מודיעים,language,אנגלית,12
2026-07-30T18:03:45,63,נשים,פארק תעשייה חבל מודיעים,language,ספרדית,1
2026-07-30T18:03:45,63,נשים,פארק תעשייה חבל מודיעים,language,עברית,24
2026-07-30T18:03:45,63,נשים,פארק תעשייה חבל מודיעים,language,ערבית,1
2026-07-30T18:03:45,63,נשים,פארק תעשייה חבל מודיעים,language,צרפתית,2
2026-07-30T18:03:45,63,נשים,פארק תעשייה חבל מודיעים,language,רומנית,4
2026-07-30T18:03:45,63,נשים,פארק תעשייה חבל מודיעים,language,רוסית,2
2026-07-30T18:03:52,63,נשים,פטיש,gender,גבר,68
2026-07-30T18:03:52,63,נשים,פטיש,gender,אישה,86
2026-07-30T18:03:52,63,נשים,פטיש,visit_type,ביקור במרפאה,156
2026-07-30T18:03:52,63,נשים,פטיש,visit_type,שיחת טלפון,1
2026-07-30T18:03:52,63,נשים,פטיש,language,אידיש,4
2026-07-30T18:03:52,63,נשים,פטיש,language,אנגלית,22
2026-07-30T18:03:52,63,נשים,פטיש,language,גרמנית,1
2026-07-30T18:03:52,63,נשים,פטיש,language,ליטאית,1
2026-07-30T18:03:52,63,נשים,פטיש,language,סינית,1
2026-07-30T18:03:52,63,נשים,פטיש,language,עברית,14
2026-07-30T18:03:52,63,נשים,פטיש,language,ערבית,4
2026-07-30T18:03:52,63,נשים,פטיש,language,רוסית,22
2026-07-30T18:04:12,63,נשים,פצאל,gender,גבר,47
2026-07-30T18:04:12,63,נשים,פצאל,gender,אישה,79
2026-07-30T18:04:12,63,נשים,פצאל,visit_type,ביקור במרפאה,131
2026-07-30T18:04:12,63,נשים,פצאל,visit_type,שיחת טלפון,16
2026-07-30T18:04:12,63,נשים,פצאל,visit_type,שיחת וידאו,1
2026-07-30T18:04:12,63,נשים,פצאל,language,אידיש,2
2026-07-30T18:04:12,63,נשים,פצאל,language,אנגלית,20
2026-07-30T18:04:12,63,נשים,פצאל,language,עברית,24
2026-07-30T18:04:12,63,נשים,פצאל,language,ערבית,3
2026-07-30T18:04:12,63,נשים,פצאל,language,צרפתית,2
2026-07-30T18:04:12,63,נשים,פצאל,language,רוסית,3
2026-07-30T18:04:33,63,נשים,פרעון,gender,גבר,47
2026-07-30T18:04:33,63,נשים,פרעון,gender,אישה,92
2026-07-30T18:04:33,63,נשים,פרעון,visit_type,ביקור במרפאה,142
2026-07-30T18:04:33,63,נשים,פרעון,visit_type,שיחת טלפון,2
2026-07-30T18:04:33,63,נשים,פרעון,language,אידיש,1
2026-07-30T18:04:33,63,נשים,פרעון,language,אנגלית,18
2026-07-30T18:04:33,63,נשים,פרעון,language,גרמנית,1
2026-07-30T18:04:33,63,נשים,פרעון,language,עברית,32
2026-07-30T18:04:33,63,נשים,פרעון,language,ערבית,8
2026-07-30T18:04:33,63,נשים,פרעון,language,צרפתית,2
2026-07-30T18:04:33,63,נשים,פרעון,language,רומנית,2
2026-07-30T18:04:33,63,נשים,פרעון,language,רוסית,11
2026-07-30T18:04:56,63,נשים,צופים,gender,גבר,72
2026-07-30T18:04:56,63,נשים,צופים,gender,אישה,113
2026-07-30T18:04:56,63,נשים,צופים,visit_type,ביקור במרפאה,189
2026-07-30T18:04:56,63,נשים,צופים,visit_type,שיחת טלפון,2
2026-07-30T18:04:56,63,נשים,צופים,language,אידיש,1
2026-07-30T18:04:56,63,נשים,צופים,language,איטלקית,1
2026-07-30T18:04:56,63,נשים,צופים,language,אנגלית,37
2026-07-30T18:04:56,63,נשים,צופים,language,גרמנית,2
2026-07-30T18:04:56,63,נשים,צופים,language,ספרדית,1
2026-07-30T18:04:56,63,נשים,צופים,language,עברית,64
2026-07-30T18:04:56,63,נשים,צופים,language,ערבית,9
2026-07-30T18:04:56,63,נשים,צופים,language,צרפתית,3
2026-07-30T18:04:56,63,נשים,צופים,language,רומנית,3
2026-07-30T18:04:56,63,נשים,צופים,language,רוסית,16
2026-07-30T18:05:16,63,נשים,צפריה,gender,גבר,40
2026-07-30T18:05:16,63,נשים,צפריה,gender,אישה,46
2026-07-30T18:05:16,63,נשים,צפריה,visit_type,ביקור במרפאה,88
2026-07-30T18:05:16,63,נשים,צפריה,language,אוקראינית,3
2026-07-30T18:05:16,63,נשים,צפריה,language,אידיש,1
2026-07-30T18:05:16,63,נשים,צפריה,language,איטלקית,2
2026-07-30T18:05:16,63,נשים,צפריה,language,אנגלית,21
2026-07-30T18:05:16,63,נשים,צפריה,language,הונגרית,1
2026-07-30T18:05:16,63,נשים,צפריה,language,ספרדית,1
2026-07-30T18:05:16,63,נשים,צפריה,language,עברית,29
2026-07-30T18:05:16,63,נשים,צפריה,language,צרפתית,1
2026-07-30T18:05:16,63,נשים,צפריה,language,רוסית,12
2026-07-30T18:05:31,63,נשים,קדימה צורן,gender,גבר,47
2026-07-30T18:05:31,63,נשים,קדימה צורן,gender,אישה,92
2026-07-30T18:05:31,63,נשים,קדימה צורן,visit_type,ביקור במרפאה,142
2026-07-30T18:05:31,63,נשים,קדימה צורן,visit_type,שיחת טלפון,2
2026-07-30T18:05:31,63,נשים,קדימה צורן,language,אידיש,1
2026-07-30T18:05:31,63,נשים,קדימה צורן,language,אנגלית,18
2026-07-30T18:05:31,63,נשים,קדימה צורן,language,גרמנית,1
2026-07-30T18:05:31,63,נשים,קדימה צורן,language,עברית,32
2026-07-30T18:05:31,63,נשים,קדימה צורן,language,ערבית,8
2026-07-30T18:05:31,63,נשים,קדימה צורן,language,צרפתית,2
2026-07-30T18:05:31,63,נשים,קדימה צורן,language,רומנית,2
2026-07-30T18:05:31,63,נשים,קדימה צורן,language,רוסית,11
2026-07-30T18:05:51,63,נשים,קוממיות,gender,גבר,47
2026-07-30T18:05:51,63,נשים,קוממיות,gender,אישה,61
2026-07-30T18:05:51,63,נשים,קוממיות,visit_type,ביקור במרפאה,108
2026-07-30T18:05:51,63,נשים,קוממיות,visit_type,שיחת טלפון,1
2026-07-30T18:05:51,63,נשים,קוממיות,language,אידיש,4
2026-07-30T18:05:51,63,נשים,קוממיות,language,אנגלית,13
2026-07-30T18:05:51,63,נשים,קוממיות,language,גרמנית,1
2026-07-30T18:05:51,63,נשים,קוממיות,language,ליטאית,1
2026-07-30T18:05:51,63,נשים,קוממיות,language,סינית,1
2026-07-30T18:05:51,63,נשים,קוממיות,language,עברית,8
2026-07-30T18:05:51,63,נשים,קוממיות,language,ערבית,3
2026-07-30T18:05:51,63,נשים,קוממיות,language,רוסית,14
2026-07-30T18:06:07,63,נשים,קליה,gender,גבר,47
2026-07-30T18:06:07,63,נשים,קליה,gender,אישה,79
2026-07-30T18:06:07,63,נשים,קליה,visit_type,ביקור במרפאה,131
2026-07-30T18:06:07,63,נשים,קליה,visit_type,שיחת טלפון,16
2026-07-30T18:06:07,63,נשים,קליה,visit_type,שיחת וידאו,1
2026-07-30T18:06:07,63,נשים,קליה,language,אידיש,2
2026-07-30T18:06:07,63,נשים,קליה,language,אנגלית,20
2026-07-30T18:06:07,63,נשים,קליה,language,עברית,24
2026-07-30T18:06:07,63,נשים,קליה,language,ערבית,3
2026-07-30T18:06:07,63,נשים,קליה,language,צרפתית,2
2026-07-30T18:06:07,63,נשים,קליה,language,רוסית,3
2026-07-30T18:06:26,63,נשים,קראות בני חסן,gender,גבר,10
2026-07-30T18:06:26,63,נשים,קראות בני חסן,gender,אישה,15
2026-07-30T18:06:26,63,נשים,קראות בני חסן,visit_type,ביקור במרפאה,29
2026-07-30T18:06:26,63,נשים,קראות בני חסן,language,איטלקית,4
2026-07-30T18:06:26,63,נשים,קראות בני חסן,language,אנגלית,12
2026-07-30T18:06:26,63,נשים,קראות בני חסן,language,ספרדית,1
2026-07-30T18:06:26,63,נשים,קראות בני חסן,language,עברית,24
2026-07-30T18:06:26,63,נשים,קראות בני חסן,language,ערבית,1
2026-07-30T18:06:26,63,נשים,קראות בני חסן,language,צרפתית,2
2026-07-30T18:06:26,63,נשים,קראות בני חסן,language,רומנית,4
2026-07-30T18:06:26,63,נשים,קראות בני חסן,language,רוסית,2
2026-07-30T18:06:33,63,נשים,ראבא,gender,גבר,47
2026-07-30T18:06:33,63,נשים,ראבא,gender,אישה,92
2026-07-30T18:06:33,63,נשים,ראבא,visit_type,ביקור במרפאה,142
2026-07-30T18:06:33,63,נשים,ראבא,visit_type,שיחת טלפון,2
2026-07-30T18:06:33,63,נשים,ראבא,language,אידיש,1
2026-07-30T18:06:33,63,נשים,ראבא,language,אנגלית,18
2026-07-30T18:06:33,63,נשים,ראבא,language,גרמנית,1
2026-07-30T18:06:33,63,נשים,ראבא,language,עברית,32
2026-07-30T18:06:33,63,נשים,ראבא,language,ערבית,8
2026-07-30T18:06:33,63,נשים,ראבא,language,צרפתית,2
2026-07-30T18:06:33,63,נשים,ראבא,language,רומנית,2
2026-07-30T18:06:33,63,נשים,ראבא,language,רוסית,11
2026-07-30T18:06:54,63,נשים,רבבה,gender,גבר,26
2026-07-30T18:06:54,63,נשים,רבבה,gender,אישה,39
2026-07-30T18:06:54,63,נשים,רבבה,visit_type,ביקור במרפאה,70
2026-07-30T18:06:54,63,נשים,רבבה,language,אידיש,1
2026-07-30T18:06:54,63,נשים,רבבה,language,איטלקית,4
2026-07-30T18:06:54,63,נשים,רבבה,language,אנגלית,19
2026-07-30T18:06:54,63,נשים,רבבה,language,ספרדית,1
2026-07-30T18:06:54,63,נשים,רבבה,language,עברית,35
2026-07-30T18:06:54,63,נשים,רבבה,language,ערבית,1
2026-07-30T18:06:54,63,נשים,רבבה,language,צרפתית,2
2026-07-30T18:06:54,63,נשים,רבבה,language,רומנית,6
2026-07-30T18:06:54,63,נשים,רבבה,language,רוסית,5
2026-07-30T18:07:06,63,נשים,רוח מדבר,gender,גבר,68
2026-07-30T18:07:06,63,נשים,רוח מדבר,gender,אישה,86
2026-07-30T18:07:06,63,נשים,רוח מדבר,visit_type,ביקור במרפאה,156
2026-07-30T18:07:06,63,נשים,רוח מדבר,visit_type,שיחת טלפון,1
2026-07-30T18:07:06,63,נשים,רוח מדבר,language,אידיש,4
2026-07-30T18:07:06,63,נשים,רוח מדבר,language,אנגלית,22
2026-07-30T18:07:06,63,נשים,רוח מדבר,language,גרמנית,1
2026-07-30T18:07:06,63,נשים,רוח מדבר,language,ליטאית,1
2026-07-30T18:07:06,63,נשים,רוח מדבר,language,סינית,1
2026-07-30T18:07:06,63,נשים,רוח מדבר,language,עברית,14
2026-07-30T18:07:06,63,נשים,רוח מדבר,language,ערבית,4
2026-07-30T18:07:06,63,נשים,רוח מדבר,language,רוסית,22
2026-07-30T18:07:27,63,נשים,ריחאנייה,gender,גבר,29
2026-07-30T18:07:27,63,נשים,ריחאנייה,gender,אישה,58
2026-07-30T18:07:27,63,נשים,ריחאנייה,visit_type,ביקור במרפאה,87
2026-07-30T18:07:27,63,נשים,ריחאנייה,language,אנגלית,9
2026-07-30T18:07:27,63,נשים,ריחאנייה,language,עברית,13
2026-07-30T18:07:27,63,נשים,ריחאנייה,language,ערבית,4
2026-07-30T18:07:27,63,נשים,ריחאנייה,language,רוסית,3
2026-07-30T18:07:41,63,נשים,רמות השבים,gender,גבר,26
2026-07-30T18:07:41,63,נשים,רמות השבים,gender,אישה,39
2026-07-30T18:07:41,63,נשים,רמות השבים,visit_type,ביקור במרפאה,70
2026-07-30T18:07:41,63,נשים,רמות השבים,language,אידיש,1
2026-07-30T18:07:41,63,נשים,רמות השבים,language,איטלקית,4
2026-07-30T18:07:41,63,נשים,רמות השבים,language,אנגלית,19
2026-07-30T18:07:41,63,נשים,רמות השבים,language,ספרדית,1
2026-07-30T18:07:41,63,נשים,רמות השבים,language,עברית,35
2026-07-30T18:07:41,63,נשים,רמות השבים,language,ערבית,1
2026-07-30T18:07:41,63,נשים,רמות השבים,language,צרפתית,2
2026-07-30T18:07:41,63,נשים,רמות השבים,language,רומנית,6
2026-07-30T18:07:41,63,נשים,רמות השבים,language,רוסית,5
2026-07-30T18:07:52,63,נשים,רפידא,gender,גבר,47
2026-07-30T18:07:52,63,נשים,רפידא,gender,אישה,79
2026-07-30T18:07:52,63,נשים,רפידא,visit_type,ביקור במרפאה,131
2026-07-30T18:07:52,63,נשים,רפידא,visit_type,שיחת טלפון,16
2026-07-30T18:07:52,63,נשים,רפידא,visit_type,שיחת וידאו,1
2026-07-30T18:07:52,63,נשים,רפידא,language,אידיש,2
2026-07-30T18:07:52,63,נשים,רפידא,language,אנגלית,20
2026-07-30T18:07:52,63,נשים,רפידא,language,עברית,24
2026-07-30T18:07:52,63,נשים,רפידא,language,ערבית,3
2026-07-30T18:07:52,63,נשים,רפידא,language,צרפתית,2
2026-07-30T18:07:52,63,נשים,רפידא,language,רוסית,3
2026-07-30T18:08:13,63,נשים,שבלי,gender,אישה,127
2026-07-30T18:08:13,63,נשים,שבלי,gender,גבר,48
2026-07-30T18:08:13,63,נשים,שבלי,visit_type,ביקור במרפאה,176
2026-07-30T18:08:13,63,נשים,שבלי,visit_type,שיחת טלפון,1
2026-07-30T18:08:13,63,נשים,שבלי,language,איטלקית,1
2026-07-30T18:08:13,63,נשים,שבלי,language,אנגלית,29
2026-07-30T18:08:13,63,נשים,שבלי,language,הונגרית,1
2026-07-30T18:08:13,63,נשים,שבלי,language,עברית,50
2026-07-30T18:08:13,63,נשים,שבלי,language,ערבית,28
2026-07-30T18:08:13,63,נשים,שבלי,language,רומנית,1
2026-07-30T18:08:13,63,נשים,שבלי,language,רוסית,11
2026-07-30T18:08:34,63,נשים,שדה יעקב,gender,גבר,48
2026-07-30T18:08:34,63,נשים,שדה יעקב,gender,אישה,127
2026-07-30T18:08:34,63,נשים,שדה יעקב,visit_type,ביקור במרפאה,176
2026-07-30T18:08:34,63,נשים,שדה יעקב,visit_type,שיחת טלפון,1
2026-07-30T18:08:34,63,נשים,שדה יעקב,language,איטלקית,1
2026-07-30T18:08:34,63,נשים,שדה יעקב,language,אנגלית,29
2026-07-30T18:08:34,63,נשים,שדה יעקב,language,הונגרית,1
2026-07-30T18:08:34,63,נשים,שדה יעקב,language,עברית,50
2026-07-30T18:08:34,63,נשים,שדה יעקב,language,ערבית,28
2026-07-30T18:08:34,63,נשים,שדה יעקב,language,רומנית,1
2026-07-30T18:08:34,63,נשים,שדה יעקב,language,רוסית,11
2026-07-30T18:08:57,63,נשים,שופה,gender,גבר,47
2026-07-30T18:08:57,63,נשים,שופה,gender,אישה,92
2026-07-30T18:08:57,63,נשים,שופה,visit_type,ביקור במרפאה,142
2026-07-30T18:08:57,63,נשים,שופה,visit_type,שיחת טלפון,2
2026-07-30T18:08:57,63,נשים,שופה,language,אידיש,1
2026-07-30T18:08:57,63,נשים,שופה,language,אנגלית,18
2026-07-30T18:08:57,63,נשים,שופה,language,גרמנית,1
2026-07-30T18:08:57,63,נשים,שופה,language,עברית,32
2026-07-30T18:08:57,63,נשים,שופה,language,ערבית,8
2026-07-30T18:08:57,63,נשים,שופה,language,צרפתית,2
2026-07-30T18:08:57,63,נשים,שופה,language,רומנית,2
2026-07-30T18:08:57,63,נשים,שופה,language,רוסית,11
2026-07-30T18:09:17,63,נשים,שיטים,gender,גבר,43
2026-07-30T18:09:17,63,נשים,שיטים,gender,אישה,67
2026-07-30T18:09:17,63,נשים,שיטים,visit_type,ביקור במרפאה,112
2026-07-30T18:09:17,63,נשים,שיטים,language,אידיש,3
2026-07-30T18:09:17,63,נשים,שיטים,language,אנגלית,21
2026-07-30T18:09:17,63,נשים,שיטים,language,ליטאית,1
2026-07-30T18:09:17,63,נשים,שיטים,language,סינית,1
2026-07-30T18:09:17,63,נשים,שיטים,language,עברית,9
2026-07-30T18:09:17,63,נשים,שיטים,language,ערבית,4
2026-07-30T18:09:17,63,נשים,שיטים,language,רוסית,19
2026-07-30T18:09:35,63,נשים,שלומית,gender,גבר,47
2026-07-30T18:09:35,63,נשים,שלומית,gender,אישה,61
2026-07-30T18:09:35,63,נשים,שלומית,visit_type,ביקור במרפאה,108
2026-07-30T18:09:35,63,נשים,שלומית,visit_type,שיחת טלפון,1
2026-07-30T18:09:35,63,נשים,שלומית,language,אידיש,4
2026-07-30T18:09:35,63,נשים,שלומית,language,אנגלית,13
2026-07-30T18:09:35,63,נשים,שלומית,language,גרמנית,1
2026-07-30T18:09:35,63,נשים,שלומית,language,ליטאית,1
2026-07-30T18:09:35,63,נשים,שלומית,language,סינית,1
2026-07-30T18:09:35,63,נשים,שלומית,language,עברית,8
2026-07-30T18:09:35,63,נשים,שלומית,language,ערבית,3
2026-07-30T18:09:35,63,נשים,שלומית,language,רוסית,14
2026-07-30T18:09:51,63,נשים,שעלבים,gender,גבר,40
2026-07-30T18:09:51,63,נשים,שעלבים,gender,אישה,46
2026-07-30T18:09:51,63,נשים,שעלבים,visit_type,ביקור במרפאה,88
2026-07-30T18:09:51,63,נשים,שעלבים,language,אוקראינית,3
2026-07-30T18:09:51,63,נשים,שעלבים,language,אידיש,1
2026-07-30T18:09:51,63,נשים,שעלבים,language,איטלקית,2
2026-07-30T18:09:51,63,נשים,שעלבים,language,אנגלית,21
2026-07-30T18:09:51,63,נשים,שעלבים,language,הונגרית,1
2026-07-30T18:09:51,63,נשים,שעלבים,language,ספרדית,1
2026-07-30T18:09:51,63,נשים,שעלבים,language,עברית,29
2026-07-30T18:09:51,63,נשים,שעלבים,language,צרפתית,1
2026-07-30T18:09:51,63,נשים,שעלבים,language,רוסית,12
2026-07-30T18:10:06,63,נשים,שקד,gender,גבר,47
2026-07-30T18:10:06,63,נשים,שקד,gender,אישה,92
2026-07-30T18:10:06,63,נשים,שקד,visit_type,ביקור במרפאה,142
2026-07-30T18:10:06,63,נשים,שקד,visit_type,שיחת טלפון,2
2026-07-30T18:10:06,63,נשים,שקד,language,אידיש,1
2026-07-30T18:10:06,63,נשים,שקד,language,אנגלית,18
2026-07-30T18:10:06,63,נשים,שקד,language,גרמנית,1
2026-07-30T18:10:06,63,נשים,שקד,language,עברית,32
2026-07-30T18:10:06,63,נשים,שקד,language,ערבית,8
2026-07-30T18:10:06,63,נשים,שקד,language,צרפתית,2
2026-07-30T18:10:06,63,נשים,שקד,language,רומנית,2
2026-07-30T18:10:06,63,נשים,שקד,language,רוסית,11
2026-07-30T18:10:27,63,נשים,תובל,gender,גבר,37
2026-07-30T18:10:27,63,נשים,תובל,gender,אישה,82
2026-07-30T18:10:27,63,נשים,תובל,visit_type,ביקור במרפאה,120
2026-07-30T18:10:27,63,נשים,תובל,visit_type,שיחת טלפון,2
2026-07-30T18:10:27,63,נשים,תובל,language,אידיש,1
2026-07-30T18:10:27,63,נשים,תובל,language,איטלקית,4
2026-07-30T18:10:27,63,נשים,תובל,language,אנגלית,75
2026-07-30T18:10:27,63,נשים,תובל,language,ספרדית,1
2026-07-30T18:10:27,63,נשים,תובל,language,עברית,115
2026-07-30T18:10:27,63,נשים,תובל,language,ערבית,74
2026-07-30T18:10:27,63,נשים,תובל,language,צרפתית,2
2026-07-30T18:10:27,63,נשים,תובל,language,רומנית,6
2026-07-30T18:10:27,63,נשים,תובל,language,רוסית,24
2026-07-30T18:10:27,63,נשים,תובל,language,שוודית,1
2026-07-30T18:10:47,63,נשים,תל אביב יפו,gender,גבר,53
2026-07-30T18:10:47,63,נשים,תל אביב יפו,gender,אישה,60
2026-07-30T18:10:47,63,נשים,תל אביב יפו,visit_type,ביקור במרפאה,116
2026-07-30T18:10:47,63,נשים,תל אביב יפו,language,אידיש,1
2026-07-30T18:10:47,63,נשים,תל אביב יפו,language,איטלקית,5
2026-07-30T18:10:47,63,נשים,תל אביב יפו,language,אנגלית,33
2026-07-30T18:10:47,63,נשים,תל אביב יפו,language,גרמנית,1
2026-07-30T18:10:47,63,נשים,תל אביב יפו,language,ספרדית,2
2026-07-30T18:10:47,63,נשים,תל אביב יפו,language,עברית,56
2026-07-30T18:10:47,63,נשים,תל אביב יפו,language,ערבית,2
2026-07-30T18:10:47,63,נשים,תל אביב יפו,language,צרפתית,1
2026-07-30T18:10:47,63,נשים,תל אביב יפו,language,רומנית,5
2026-07-30T18:10:47,63,נשים,תל אביב יפו,language,רוסית,9
2026-07-30T18:11:06,63,נשים,תנובות,gender,גבר,47
2026-07-30T18:11:06,63,נשים,תנובות,gender,אישה,92
2026-07-30T18:11:06,63,נשים,תנובות,visit_type,ביקור במרפאה,142
2026-07-30T18:11:06,63,נשים,תנובות,visit_type,שיחת טלפון,2
2026-07-30T18:11:06,63,נשים,תנובות,language,אידיש,1
2026-07-30T18:11:06,63,נשים,תנובות,language,אנגלית,18
2026-07-30T18:11:06,63,נשים,תנובות,language,גרמנית,1
2026-07-30T18:11:06,63,נשים,תנובות,language,עברית,32
2026-07-30T18:11:06,63,נשים,תנובות,language,ערבית,8
2026-07-30T18:11:06,63,נשים,תנובות,language,צרפתית,2
2026-07-30T18:11:06,63,נשים,תנובות,language,רומנית,2
2026-07-30T18:11:06,63,נשים,תנובות,language,רוסית,11
2026-07-30T18:11:26,63,נשים,תפוח,gender,גבר,47
2026-07-30T18:11:26,63,נשים,תפוח,gender,אישה,79
2026-07-30T18:11:26,63,נשים,תפוח,visit_type,ביקור במרפאה,131
2026-07-30T18:11:26,63,נשים,תפוח,visit_type,שיחת טלפון,16
2026-07-30T18:11:26,63,נשים,תפוח,visit_type,שיחת וידאו,1
2026-07-30T18:11:26,63,נשים,תפוח,language,אידיש,2
2026-07-30T18:11:26,63,נשים,תפוח,language,אנגלית,20
2026-07-30T18:11:26,63,נשים,תפוח,language,עברית,24
2026-07-30T18:11:26,63,נשים,תפוח,language,ערבית,3
2026-07-30T18:11:26,63,נשים,תפוח,language,צרפתית,2
2026-07-30T18:11:26,63,נשים,תפוח,language,רוסית,3
2026-07-30T18:11:46,31,עור,א סייד שבט,gender,גבר,22
2026-07-30T18:11:46,31,עור,א סייד שבט,gender,אישה,10
2026-07-30T18:11:46,31,עור,א סייד שבט,visit_type,ביקור במרפאה,34
2026-07-30T18:11:46,31,עור,א סייד שבט,language,אנגלית,4
2026-07-30T18:11:46,31,עור,א סייד שבט,language,בולגרית,1
2026-07-30T18:11:46,31,עור,א סייד שבט,language,עברית,6
2026-07-30T18:11:46,31,עור,א סייד שבט,language,ערבית,1
2026-07-30T18:11:46,31,עור,א סייד שבט,language,רוסית,2
2026-07-30T18:11:56,31,עור,אבו סריחאן,gender,גבר,22
2026-07-30T18:11:56,31,עור,אבו סריחאן,gender,אישה,10
2026-07-30T18:11:56,31,עור,אבו סריחאן,visit_type,ביקור במרפאה,34
2026-07-30T18:11:56,31,עור,אבו סריחאן,language,אנגלית,4
2026-07-30T18:11:56,31,עור,אבו סריחאן,language,בולגרית,1
2026-07-30T18:11:56,31,עור,אבו סריחאן,language,עברית,6
2026-07-30T18:11:56,31,עור,אבו סריחאן,language,ערבית,1
2026-07-30T18:11:56,31,עור,אבו סריחאן,language,רוסית,2
2026-07-30T18:12:06,31,עור,אודים,gender,אישה,15
2026-07-30T18:12:06,31,עור,אודים,gender,גבר,33
2026-07-30T18:12:06,31,עור,אודים,visit_type,ביקור במרפאה,49
2026-07-30T18:12:06,31,עור,אודים,language,איטלקית,1
2026-07-30T18:12:06,31,עור,אודים,language,אנגלית,5
2026-07-30T18:12:06,31,עור,אודים,language,עברית,9
2026-07-30T18:12:06,31,עור,אודים,language,ערבית,1
2026-07-30T18:12:06,31,עור,אודים,language,צרפתית,2
2026-07-30T18:12:06,31,עור,אודים,language,רומנית,1
2026-07-30T18:12:06,31,עור,אודים,language,רוסית,6
2026-07-30T18:12:18,31,עור,אזור,gender,גבר,25
2026-07-30T18:12:18,31,עור,אזור,gender,אישה,17
2026-07-30T18:12:18,31,עור,אזור,visit_type,ביקור במרפאה,47
2026-07-30T18:12:18,31,עור,אזור,language,אידיש,1
2026-07-30T18:12:18,31,עור,אזור,language,אנגלית,12
2026-07-30T18:12:18,31,עור,אזור,language,אפריקנס,2
2026-07-30T18:12:18,31,עור,אזור,language,גרמנית,1
2026-07-30T18:12:18,31,עור,אזור,language,הולנדית,2
2026-07-30T18:12:18,31,עור,אזור,language,עברית,19
2026-07-30T18:12:18,31,עור,אזור,language,צרפתית,1
2026-07-30T18:12:18,31,עור,אזור,language,רומנית,1
2026-07-30T18:12:18,31,עור,אזור,language,רוסית,4
2026-07-30T18:12:30,31,עור,אחיסמך,gender,גבר,28
2026-07-30T18:12:30,31,עור,אחיסמך,gender,אישה,6
2026-07-30T18:12:30,31,עור,אחיסמך,visit_type,ביקור במרפאה,34
2026-07-30T18:12:30,31,עור,אחיסמך,visit_type,שיחת טלפון,2
2026-07-30T18:12:30,31,עור,אחיסמך,language,אנגלית,4
2026-07-30T18:12:30,31,עור,אחיסמך,language,אפריקנס,1
2026-07-30T18:12:30,31,עור,אחיסמך,language,הולנדית,1
2026-07-30T18:12:30,31,עור,אחיסמך,language,עברית,8
2026-07-30T18:12:30,31,עור,אחיסמך,language,רוסית,3
2026-07-30T18:12:35,31,עור,אילות,gender,גבר,1
2026-07-30T18:12:35,31,עור,אילות,gender,אישה,1
2026-07-30T18:12:35,31,עור,אילות,visit_type,ביקור במרפאה,6
2026-07-30T18:12:35,31,עור,אילות,visit_type,שיחת טלפון,1
2026-07-30T18:12:37,31,עור,אל עזי,gender,גבר,34
2026-07-30T18:12:37,31,עור,אל עזי,gender,אישה,9
2026-07-30T18:12:37,31,עור,אל עזי,visit_type,ביקור במרפאה,43
2026-07-30T18:12:37,31,עור,אל עזי,visit_type,שיחת טלפון,2
2026-07-30T18:12:37,31,עור,אל עזי,language,אנגלית,7
2026-07-30T18:12:37,31,עור,אל עזי,language,אפריקנס,1
2026-07-30T18:12:37,31,עור,אל עזי,language,הולנדית,1
2026-07-30T18:12:37,31,עור,אל עזי,language,עברית,12
2026-07-30T18:12:37,31,עור,אל עזי,language,רוסית,6
2026-07-30T18:12:44,31,עור,אעבלין,gender,גבר,45
2026-07-30T18:12:44,31,עור,אעבלין,gender,אישה,6
2026-07-30T18:12:44,31,עור,אעבלין,visit_type,ביקור במרפאה,52
2026-07-30T18:12:44,31,עור,אעבלין,language,אידיש,1
2026-07-30T18:12:44,31,עור,אעבלין,language,אנגלית,28
2026-07-30T18:12:44,31,עור,אעבלין,language,גרמנית,7
2026-07-30T18:12:44,31,עור,אעבלין,language,עברית,51
2026-07-30T18:12:44,31,עור,אעבלין,language,ערבית,45
2026-07-30T18:12:44,31,עור,אעבלין,language,רומנית,12
2026-07-30T18:12:44,31,עור,אעבלין,language,רוסית,3
2026-07-30T18:12:53,31,עור,ארטאס,gender,גבר,24
2026-07-30T18:12:53,31,עור,ארטאס,gender,אישה,19
2026-07-30T18:12:53,31,עור,ארטאס,visit_type,ביקור במרפאה,45
2026-07-30T18:12:53,31,עור,ארטאס,language,אנגלית,6
2026-07-30T18:12:53,31,עור,ארטאס,language,ספרדית,1
2026-07-30T18:12:53,31,עור,ארטאס,language,עברית,13
2026-07-30T18:12:53,31,עור,ארטאס,language,צרפתית,4
2026-07-30T18:12:53,31,עור,ארטאס,language,רוסית,7
2026-07-30T18:13:03,31,עור,אשל הנשיא בי''ס אזורי,gender,גבר,30
2026-07-30T18:13:03,31,עור,אשל הנשיא בי''ס אזורי,gender,אישה,13
2026-07-30T18:13:03,31,עור,אשל הנשיא בי''ס אזורי,visit_type,ביקור במרפאה,45
2026-07-30T18:13:03,31,עור,אשל הנשיא בי''ס אזורי,language,אנגלית,6
2026-07-30T18:13:03,31,עור,אשל הנשיא בי''ס אזורי,language,בולגרית,1
2026-07-30T18:13:03,31,עור,אשל הנשיא בי''ס אזורי,language,עברית,9
2026-07-30T18:13:03,31,עור,אשל הנשיא בי''ס אזורי,language,ערבית,1
2026-07-30T18:13:03,31,עור,אשל הנשיא בי''ס אזורי,language,רוסית,5
2026-07-30T18:13:16,31,עור,באר מילכה,gender,גבר,22
2026-07-30T18:13:16,31,עור,באר מילכה,gender,אישה,10
2026-07-30T18:13:16,31,עור,באר מילכה,visit_type,ביקור במרפאה,34
2026-07-30T18:13:16,31,עור,באר מילכה,language,אנגלית,4
2026-07-30T18:13:16,31,עור,באר מילכה,language,בולגרית,1
2026-07-30T18:13:16,31,עור,באר מילכה,language,עברית,6
2026-07-30T18:13:16,31,עור,באר מילכה,language,ערבית,1
2026-07-30T18:13:16,31,עור,באר מילכה,language,רוסית,2
2026-07-30T18:13:25,31,עור,בורוקין,gender,גבר,25
2026-07-30T18:13:25,31,עור,בורוקין,gender,אישה,13
2026-07-30T18:13:25,31,עור,בורוקין,visit_type,ביקור במרפאה,46
2026-07-30T18:13:25,31,עור,בורוקין,language,איטלקית,1
2026-07-30T18:13:25,31,עור,בורוקין,language,אנגלית,26
2026-07-30T18:13:25,31,עור,בורוקין,language,גרמנית,2
2026-07-30T18:13:25,31,עור,בורוקין,language,ספרדית,4
2026-07-30T18:13:25,31,עור,בורוקין,language,עברית,45
2026-07-30T18:13:25,31,עור,בורוקין,language,ערבית,7
2026-07-30T18:13:25,31,עור,בורוקין,language,צרפתית,3
2026-07-30T18:13:25,31,עור,בורוקין,language,רוסית,5
2026-07-30T18:13:37,31,עור,בילעין,gender,גבר,24
2026-07-30T18:13:37,31,עור,בילעין,gender,אישה,19
2026-07-30T18:13:37,31,עור,בילעין,visit_type,ביקור במרפאה,45
2026-07-30T18:13:37,31,עור,בילעין,language,אנגלית,6
2026-07-30T18:13:37,31,עור,בילעין,language,ספרדית,1
2026-07-30T18:13:37,31,עור,בילעין,language,עברית,13
2026-07-30T18:13:37,31,עור,בילעין,language,צרפתית,4
2026-07-30T18:13:37,31,עור,בילעין,language,רוסית,7
2026-07-30T18:13:47,31,עור,בני דקלים,gender,אישה,9
2026-07-30T18:13:47,31,עור,בני דקלים,gender,גבר,21
2026-07-30T18:13:47,31,עור,בני דקלים,visit_type,ביקור במרפאה,32
2026-07-30T18:13:47,31,עור,בני דקלים,language,אנגלית,4
2026-07-30T18:13:47,31,עור,בני דקלים,language,בולגרית,1
2026-07-30T18:13:47,31,עור,בני דקלים,language,עברית,7
2026-07-30T18:13:47,31,עור,בני דקלים,language,רוסית,5
2026-07-30T18:13:58,31,עור,בסמת טבעון,gender,גבר,60
2026-07-30T18:13:58,31,עור,בסמת טבעון,gender,אישה,17
2026-07-30T18:13:58,31,עור,בסמת טבעון,visit_type,ביקור במרפאה,79
2026-07-30T18:13:58,31,עור,בסמת טבעון,language,אידיש,2
2026-07-30T18:13:58,31,עור,בסמת טבעון,language,איטלקית,1
2026-07-30T18:13:58,31,עור,בסמת טבעון,language,אנגלית,40
2026-07-30T18:13:58,31,עור,בסמת טבעון,language,עברית,48
2026-07-30T18:13:58,31,עור,בסמת טבעון,language,ערבית,29
2026-07-30T18:13:58,31,עור,בסמת טבעון,language,צרפתית,1
2026-07-30T18:13:58,31,עור,בסמת טבעון,language,רומנית,6
2026-07-30T18:13:58,31,עור,בסמת טבעון,language,רוסית,13
2026-07-30T18:14:14,31,עור,ברור חיל,gender,אישה,9
2026-07-30T18:14:14,31,עור,ברור חיל,gender,גבר,21
2026-07-30T18:14:14,31,עור,ברור חיל,visit_type,ביקור במרפאה,32
2026-07-30T18:14:14,31,עור,ברור חיל,language,אנגלית,4
2026-07-30T18:14:14,31,עור,ברור חיל,language,בולגרית,1
2026-07-30T18:14:14,31,עור,ברור חיל,language,עברית,7
2026-07-30T18:14:14,31,עור,ברור חיל,language,רוסית,5
2026-07-30T18:14:25,31,עור,בת שלמה,gender,גבר,59
2026-07-30T18:14:25,31,עור,בת שלמה,gender,אישה,21
2026-07-30T18:14:25,31,עור,בת שלמה,visit_type,ביקור במרפאה,81
2026-07-30T18:14:25,31,עור,בת שלמה,language,איטלקית,1
2026-07-30T18:14:25,31,עור,בת שלמה,language,אנגלית,23
2026-07-30T18:14:25,31,עור,בת שלמה,language,עברית,27
2026-07-30T18:14:25,31,עור,בת שלמה,language,ערבית,14
2026-07-30T18:14:25,31,עור,בת שלמה,language,צרפתית,2
2026-07-30T18:14:25,31,עור,בת שלמה,language,רומנית,1
2026-07-30T18:14:25,31,עור,בת שלמה,language,רוסית,10
2026-07-30T18:14:42,31,עור,גבים,gender,אישה,9
2026-07-30T18:14:42,31,עור,גבים,gender,גבר,21
2026-07-30T18:14:42,31,עור,גבים,visit_type,ביקור במרפאה,32
2026-07-30T18:14:42,31,עור,גבים,language,אנגלית,4
2026-07-30T18:14:42,31,עור,גבים,language,בולגרית,1
2026-07-30T18:14:42,31,עור,גבים,language,עברית,7
2026-07-30T18:14:42,31,עור,גבים,language,רוסית,5
2026-07-30T18:14:53,31,עור,גדיש,gender,גבר,73
2026-07-30T18:14:53,31,עור,גדיש,gender,אישה,12
2026-07-30T18:14:53,31,עור,גדיש,visit_type,ביקור במרפאה,85
2026-07-30T18:14:53,31,עור,גדיש,language,איטלקית,1
2026-07-30T18:14:53,31,עור,גדיש,language,אנגלית,35
2026-07-30T18:14:53,31,עור,גדיש,language,עברית,39
2026-07-30T18:14:53,31,עור,גדיש,language,ערבית,28
2026-07-30T18:14:53,31,עור,גדיש,language,רומנית,5
2026-07-30T18:14:53,31,עור,גדיש,language,רוסית,10
2026-07-30T18:15:06,31,עור,גיזו,gender,גבר,24
2026-07-30T18:15:06,31,עור,גיזו,gender,אישה,19
2026-07-30T18:15:06,31,עור,גיזו,visit_type,ביקור במרפאה,45
2026-07-30T18:15:06,31,עור,גיזו,language,אנגלית,6
2026-07-30T18:15:06,31,עור,גיזו,language,ספרדית,1
2026-07-30T18:15:06,31,עור,גיזו,language,עברית,13
2026-07-30T18:15:06,31,עור,גיזו,language,צרפתית,4
2026-07-30T18:15:06,31,עור,גיזו,language,רוסית,7
2026-07-30T18:15:15,31,עור,גליל ים,gender,גבר,52
2026-07-30T18:15:15,31,עור,גליל ים,gender,אישה,30
2026-07-30T18:15:15,31,עור,גליל ים,visit_type,ביקור במרפאה,85
2026-07-30T18:15:15,31,עור,גליל ים,language,אידיש,1
2026-07-30T18:15:15,31,עור,גליל ים,language,איטלקית,1
2026-07-30T18:15:15,31,עור,גליל ים,language,אנגלית,18
2026-07-30T18:15:15,31,עור,גליל ים,language,אפריקנס,1
2026-07-30T18:15:15,31,עור,גליל ים,language,גרמנית,1
2026-07-30T18:15:15,31,עור,גליל ים,language,הולנדית,1
2026-07-30T18:15:15,31,עור,גליל ים,language,ספרדית,2
2026-07-30T18:15:15,31,עור,גליל ים,language,עברית,30
2026-07-30T18:15:15,31,עור,גליל ים,language,ערבית,5
2026-07-30T18:15:15,31,עור,גליל ים,language,צרפתית,2
2026-07-30T18:15:15,31,עור,גליל ים,language,רומנית,1
2026-07-30T18:15:15,31,עור,גליל ים,language,רוסית,8
2026-07-30T18:15:36,31,עור,גני תקווה,gender,אישה,13
2026-07-30T18:15:36,31,עור,גני תקווה,gender,גבר,25
2026-07-30T18:15:36,31,עור,גני תקווה,visit_type,ביקור במרפאה,46
2026-07-30T18:15:36,31,עור,גני תקווה,language,איטלקית,1
2026-07-30T18:15:36,31,עור,גני תקווה,language,אנגלית,26
2026-07-30T18:15:36,31,עור,גני תקווה,language,גרמנית,2
2026-07-30T18:15:36,31,עור,גני תקווה,language,ספרדית,4
2026-07-30T18:15:36,31,עור,גני תקווה,language,עברית,45
2026-07-30T18:15:36,31,עור,גני תקווה,language,ערבית,7
2026-07-30T18:15:36,31,עור,גני תקווה,language,צרפתית,3
2026-07-30T18:15:36,31,עור,גני תקווה,language,רוסית,5
2026-07-30T18:15:49,31,עור,דאלית אל כרמל,gender,גבר,60
2026-07-30T18:15:49,31,עור,דאלית אל כרמל,gender,אישה,17
2026-07-30T18:15:49,31,עור,דאלית אל כרמל,visit_type,ביקור במרפאה,79
2026-07-30T18:15:49,31,עור,דאלית אל כרמל,language,אידיש,2
2026-07-30T18:15:49,31,עור,דאלית אל כרמל,language,איטלקית,1
2026-07-30T18:15:49,31,עור,דאלית אל כרמל,language,אנגלית,40
2026-07-30T18:15:49,31,עור,דאלית אל כרמל,language,עברית,48
2026-07-30T18:15:49,31,עור,דאלית אל כרמל,language,ערבית,29
2026-07-30T18:15:49,31,עור,דאלית אל כרמל,language,צרפתית,1
2026-07-30T18:15:49,31,עור,דאלית אל כרמל,language,רומנית,6
2026-07-30T18:15:49,31,עור,דאלית אל כרמל,language,רוסית,13
2026-07-30T18:16:04,31,עור,דולב,gender,גבר,24
2026-07-30T18:16:04,31,עור,דולב,gender,אישה,19
2026-07-30T18:16:04,31,עור,דולב,visit_type,ביקור במרפאה,45
2026-07-30T18:16:04,31,עור,דולב,language,אנגלית,6
2026-07-30T18:16:04,31,עור,דולב,language,ספרדית,1
2026-07-30T18:16:04,31,עור,דולב,language,עברית,13
2026-07-30T18:16:04,31,עור,דולב,language,צרפתית,4
2026-07-30T18:16:04,31,עור,דולב,language,רוסית,7
2026-07-30T18:16:12,31,עור,דייר ראפאת,gender,גבר,24
2026-07-30T18:16:12,31,עור,דייר ראפאת,gender,אישה,19
2026-07-30T18:16:12,31,עור,דייר ראפאת,visit_type,ביקור במרפאה,45
2026-07-30T18:16:12,31,עור,דייר ראפאת,language,אנגלית,6
2026-07-30T18:16:12,31,עור,דייר ראפאת,language,ספרדית,1
2026-07-30T18:16:12,31,עור,דייר ראפאת,language,עברית,13
2026-07-30T18:16:12,31,עור,דייר ראפאת,language,צרפתית,4
2026-07-30T18:16:12,31,עור,דייר ראפאת,language,רוסית,7
2026-07-30T18:16:20,31,עור,דמיידה,gender,גבר,63
2026-07-30T18:16:20,31,עור,דמיידה,gender,אישה,10
2026-07-30T18:16:20,31,עור,דמיידה,visit_type,ביקור במרפאה,75
2026-07-30T18:16:20,31,עור,דמיידה,language,אידיש,2
2026-07-30T18:16:20,31,עור,דמיידה,language,אנגלית,49
2026-07-30T18:16:20,31,עור,דמיידה,language,גרמנית,7
2026-07-30T18:16:20,31,עור,דמיידה,language,עברית,72
2026-07-30T18:16:20,31,עור,דמיידה,language,ערבית,60
2026-07-30T18:16:20,31,עור,דמיידה,language,צרפתית,1
2026-07-30T18:16:20,31,עור,דמיידה,language,רומנית,15
2026-07-30T18:16:20,31,עור,דמיידה,language,רוסית,7
2026-07-30T18:16:35,31,עור,הוד השרון,gender,אישה,19
2026-07-30T18:16:35,31,עור,הוד השרון,gender,גבר,34
2026-07-30T18:16:35,31,עור,הוד השרון,visit_type,ביקור במרפאה,62
2026-07-30T18:16:35,31,עור,הוד השרון,language,איטלקית,1
2026-07-30T18:16:35,31,עור,הוד השרון,language,אנגלית,27
2026-07-30T18:16:35,31,עור,הוד השרון,language,גרמנית,2
2026-07-30T18:16:35,31,עור,הוד השרון,language,ספרדית,4
2026-07-30T18:16:35,31,עור,הוד השרון,language,עברית,46
2026-07-30T18:16:35,31,עור,הוד השרון,language,ערבית,7
2026-07-30T18:16:35,31,עור,הוד השרון,language,צרפתית,4
2026-07-30T18:16:35,31,עור,הוד השרון,language,רוסית,5
2026-07-30T18:16:51,31,עור,הילה,gender,גבר,45
2026-07-30T18:16:51,31,עור,הילה,gender,אישה,6
2026-07-30T18:16:51,31,עור,הילה,visit_type,ביקור במרפאה,52
2026-07-30T18:16:51,31,עור,הילה,language,אידיש,1
2026-07-30T18:16:51,31,עור,הילה,language,אנגלית,28
2026-07-30T18:16:51,31,עור,הילה,language,גרמנית,7
2026-07-30T18:16:51,31,עור,הילה,language,עברית,51
2026-07-30T18:16:51,31,עור,הילה,language,ערבית,45
2026-07-30T18:16:51,31,עור,הילה,language,רומנית,12
2026-07-30T18:16:51,31,עור,הילה,language,רוסית,3
2026-07-30T18:17:02,31,עור,הרצליה,gender,אישה,30
2026-07-30T18:17:02,31,עור,הרצליה,gender,גבר,52
2026-07-30T18:17:02,31,עור,הרצליה,visit_type,ביקור במרפאה,85
2026-07-30T18:17:02,31,עור,הרצליה,language,אידיש,1
2026-07-30T18:17:02,31,עור,הרצליה,language,איטלקית,1
2026-07-30T18:17:02,31,עור,הרצליה,language,אנגלית,18
2026-07-30T18:17:02,31,עור,הרצליה,language,אפריקנס,1
2026-07-30T18:17:02,31,עור,הרצליה,language,גרמנית,1
2026-07-30T18:17:02,31,עור,הרצליה,language,הולנדית,1
2026-07-30T18:17:02,31,עור,הרצליה,language,ספרדית,2
2026-07-30T18:17:02,31,עור,הרצליה,language,עברית,30
2026-07-30T18:17:02,31,עור,הרצליה,language,ערבית,5
2026-07-30T18:17:02,31,עור,הרצליה,language,צרפתית,2
2026-07-30T18:17:02,31,עור,הרצליה,language,רומנית,1
2026-07-30T18:17:02,31,עור,הרצליה,language,רוסית,8
2026-07-30T18:17:21,31,עור,זובובא,gender,גבר,47
2026-07-30T18:17:21,31,עור,זובובא,gender,אישה,6
2026-07-30T18:17:21,31,עור,זובובא,visit_type,ביקור במרפאה,53
2026-07-30T18:17:21,31,עור,זובובא,language,אנגלית,21
2026-07-30T18:17:21,31,עור,זובובא,language,עברית,21
2026-07-30T18:17:21,31,עור,זובובא,language,ערבית,17
2026-07-30T18:17:21,31,עור,זובובא,language,רומנית,4
2026-07-30T18:17:21,31,עור,זובובא,language,רוסית,2
2026-07-30T18:17:32,31,עור,זמר,gender,גבר,59
2026-07-30T18:17:32,31,עור,זמר,gender,אישה,21
2026-07-30T18:17:32,31,עור,זמר,visit_type,ביקור במרפאה,81
2026-07-30T18:17:32,31,עור,זמר,language,איטלקית,1
2026-07-30T18:17:32,31,עור,זמר,language,אנגלית,23
2026-07-30T18:17:32,31,עור,זמר,language,עברית,27
2026-07-30T18:17:32,31,עור,זמר,language,ערבית,14
2026-07-30T18:17:32,31,עור,זמר,language,צרפתית,2
2026-07-30T18:17:32,31,עור,זמר,language,רומנית,1
2026-07-30T18:17:32,31,עור,זמר,language,רוסית,10
2026-07-30T18:17:49,31,עור,חבלה,gender,אישה,15
2026-07-30T18:17:49,31,עור,חבלה,gender,גבר,33
2026-07-30T18:17:49,31,עור,חבלה,visit_type,ביקור במרפאה,49
2026-07-30T18:17:49,31,עור,חבלה,language,איטלקית,1
2026-07-30T18:17:49,31,עור,חבלה,language,אנגלית,5
2026-07-30T18:17:49,31,עור,חבלה,language,עברית,9
2026-07-30T18:17:49,31,עור,חבלה,language,ערבית,1
2026-07-30T18:17:49,31,עור,חבלה,language,צרפתית,2
2026-07-30T18:17:49,31,עור,חבלה,language,רומנית,1
2026-07-30T18:17:49,31,עור,חבלה,language,רוסית,6
2026-07-30T18:18:02,31,עור,חדרה,gender,גבר,59
2026-07-30T18:18:02,31,עור,חדרה,gender,אישה,21
2026-07-30T18:18:02,31,עור,חדרה,visit_type,ביקור במרפאה,81
2026-07-30T18:18:02,31,עור,חדרה,language,איטלקית,1
2026-07-30T18:18:02,31,עור,חדרה,language,אנגלית,23
2026-07-30T18:18:02,31,עור,חדרה,language,עברית,27
2026-07-30T18:18:02,31,עור,חדרה,language,ערבית,14
2026-07-30T18:18:02,31,עור,חדרה,language,צרפתית,2
2026-07-30T18:18:02,31,עור,חדרה,language,רומנית,1
2026-07-30T18:18:02,31,עור,חדרה,language,רוסית,10
2026-07-30T18:18:18,31,עור,חוקוק,gender,גבר,47
2026-07-30T18:18:18,31,עור,חוקוק,gender,אישה,6
2026-07-30T18:18:18,31,עור,חוקוק,visit_type,ביקור במרפאה,53
2026-07-30T18:18:18,31,עור,חוקוק,language,אנגלית,21
2026-07-30T18:18:18,31,עור,חוקוק,language,עברית,21
2026-07-30T18:18:18,31,עור,חוקוק,language,ערבית,17
2026-07-30T18:18:18,31,עור,חוקוק,language,רומנית,4
2026-07-30T18:18:18,31,עור,חוקוק,language,רוסית,2
2026-07-30T18:18:26,31,עור,חמד,gender,גבר,38
2026-07-30T18:18:26,31,עור,חמד,gender,אישה,13
2026-07-30T18:18:26,31,עור,חמד,visit_type,ביקור במרפאה,52
2026-07-30T18:18:26,31,עור,חמד,visit_type,שיחת טלפון,2
2026-07-30T18:18:26,31,עור,חמד,language,אנגלית,10
2026-07-30T18:18:26,31,עור,חמד,language,אפריקנס,1
2026-07-30T18:18:26,31,עור,חמד,language,גרמנית,1
2026-07-30T18:18:26,31,עור,חמד,language,הולנדית,1
2026-07-30T18:18:26,31,עור,חמד,language,עברית,16
2026-07-30T18:18:26,31,עור,חמד,language,צרפתית,1
2026-07-30T18:18:26,31,עור,חמד,language,רומנית,1
2026-07-30T18:18:26,31,עור,חמד,language,רוסית,7
2026-07-30T18:18:36,31,עור,חצב,gender,גבר,18
2026-07-30T18:18:36,31,עור,חצב,gender,אישה,6
2026-07-30T18:18:36,31,עור,חצב,visit_type,ביקור במרפאה,24
2026-07-30T18:18:36,31,עור,חצב,language,אנגלית,7
2026-07-30T18:18:36,31,עור,חצב,language,אפריקנס,1
2026-07-30T18:18:36,31,עור,חצב,language,הולנדית,1
2026-07-30T18:18:36,31,עור,חצב,language,עברית,10
2026-07-30T18:18:36,31,עור,חצב,language,רוסית,6
2026-07-30T18:18:41,31,עור,חרשים,gender,גבר,45
2026-07-30T18:18:41,31,עור,חרשים,gender,אישה,6
2026-07-30T18:18:41,31,עור,חרשים,visit_type,ביקור במרפאה,52
2026-07-30T18:18:41,31,עור,חרשים,language,אידיש,1
2026-07-30T18:18:41,31,עור,חרשים,language,אנגלית,28
2026-07-30T18:18:41,31,עור,חרשים,language,גרמנית,7
2026-07-30T18:18:41,31,עור,חרשים,language,עברית,51
2026-07-30T18:18:41,31,עור,חרשים,language,ערבית,45
2026-07-30T18:18:41,31,עור,חרשים,language,רומנית,12
2026-07-30T18:18:41,31,עור,חרשים,language,רוסית,3
2026-07-30T18:18:52,31,עור,טירה,gender,גבר,52
2026-07-30T18:18:52,31,עור,טירה,gender,אישה,30
2026-07-30T18:18:52,31,עור,טירה,visit_type,ביקור במרפאה,85
2026-07-30T18:18:52,31,עור,טירה,language,אידיש,1
2026-07-30T18:18:52,31,עור,טירה,language,איטלקית,1
2026-07-30T18:18:52,31,עור,טירה,language,אנגלית,18
2026-07-30T18:18:52,31,עור,טירה,language,אפריקנס,1
2026-07-30T18:18:52,31,עור,טירה,language,גרמנית,1
2026-07-30T18:18:52,31,עור,טירה,language,הולנדית,1
2026-07-30T18:18:52,31,עור,טירה,language,ספרדית,2
2026-07-30T18:18:52,31,עור,טירה,language,עברית,30
2026-07-30T18:18:52,31,עור,טירה,language,ערבית,5
2026-07-30T18:18:52,31,עור,טירה,language,צרפתית,2
2026-07-30T18:18:52,31,עור,טירה,language,רומנית,1
2026-07-30T18:18:52,31,עור,טירה,language,רוסית,8
2026-07-30T18:19:12,31,עור,טמון,gender,אישה,15
2026-07-30T18:19:12,31,עור,טמון,gender,גבר,33
2026-07-30T18:19:12,31,עור,טמון,visit_type,ביקור במרפאה,49
2026-07-30T18:19:12,31,עור,טמון,language,איטלקית,1
2026-07-30T18:19:12,31,עור,טמון,language,אנגלית,5
2026-07-30T18:19:12,31,עור,טמון,language,עברית,9
2026-07-30T18:19:12,31,עור,טמון,language,ערבית,1
2026-07-30T18:19:12,31,עור,טמון,language,צרפתית,2
2026-07-30T18:19:12,31,עור,טמון,language,רומנית,1
2026-07-30T18:19:12,31,עור,טמון,language,רוסית,6
2026-07-30T18:19:25,31,עור,יבול,gender,אישה,9
2026-07-30T18:19:25,31,עור,יבול,gender,גבר,21
2026-07-30T18:19:25,31,עור,יבול,visit_type,ביקור במרפאה,32
2026-07-30T18:19:25,31,עור,יבול,language,אנגלית,4
2026-07-30T18:19:25,31,עור,יבול,language,בולגרית,1
2026-07-30T18:19:25,31,עור,יבול,language,עברית,7
2026-07-30T18:19:25,31,עור,יבול,language,רוסית,5
2026-07-30T18:19:38,31,עור,יד מרדכי,gender,אישה,9
2026-07-30T18:19:38,31,עור,יד מרדכי,gender,גבר,21
2026-07-30T18:19:38,31,עור,יד מרדכי,visit_type,ביקור במרפאה,32
2026-07-30T18:19:38,31,עור,יד מרדכי,language,אנגלית,4
2026-07-30T18:19:38,31,עור,יד מרדכי,language,בולגרית,1
2026-07-30T18:19:38,31,עור,יד מרדכי,language,עברית,7
2026-07-30T18:19:38,31,עור,יד מרדכי,language,רוסית,5
2026-07-30T18:19:50,31,עור,יושיביה,gender,גבר,30
2026-07-30T18:19:50,31,עור,יושיביה,gender,אישה,13
2026-07-30T18:19:50,31,עור,יושיביה,visit_type,ביקור במרפאה,45
2026-07-30T18:19:50,31,עור,יושיביה,language,אנגלית,6
2026-07-30T18:19:50,31,עור,יושיביה,language,בולגרית,1
2026-07-30T18:19:50,31,עור,יושיביה,language,עברית,9
2026-07-30T18:19:50,31,עור,יושיביה,language,ערבית,1
2026-07-30T18:19:50,31,עור,יושיביה,language,רוסית,5
2026-07-30T18:20:03,31,עור,יסודות,gender,גבר,18
2026-07-30T18:20:03,31,עור,יסודות,gender,אישה,6
2026-07-30T18:20:03,31,עור,יסודות,visit_type,ביקור במרפאה,24
2026-07-30T18:20:03,31,עור,יסודות,language,אנגלית,7
2026-07-30T18:20:03,31,עור,יסודות,language,אפריקנס,1
2026-07-30T18:20:03,31,עור,יסודות,language,הולנדית,1
2026-07-30T18:20:03,31,עור,יסודות,language,עברית,10
2026-07-30T18:20:03,31,עור,יסודות,language,רוסית,6
2026-07-30T18:20:08,31,עור,יפתח,gender,גבר,47
2026-07-30T18:20:08,31,עור,יפתח,gender,אישה,6
2026-07-30T18:20:08,31,עור,יפתח,visit_type,ביקור במרפאה,53
2026-07-30T18:20:08,31,עור,יפתח,language,אנגלית,21
2026-07-30T18:20:08,31,עור,יפתח,language,עברית,21
2026-07-30T18:20:08,31,עור,יפתח,language,ערבית,17
2026-07-30T18:20:08,31,עור,יפתח,language,רומנית,4
2026-07-30T18:20:08,31,עור,יפתח,language,רוסית,2
2026-07-30T18:20:16,31,עור,ירושלים,gender,גבר,24
2026-07-30T18:20:16,31,עור,ירושלים,gender,אישה,19
2026-07-30T18:20:16,31,עור,ירושלים,visit_type,ביקור במרפאה,45
2026-07-30T18:20:16,31,עור,ירושלים,language,אנגלית,6
2026-07-30T18:20:16,31,עור,ירושלים,language,ספרדית,1
2026-07-30T18:20:16,31,עור,ירושלים,language,עברית,13
2026-07-30T18:20:16,31,עור,ירושלים,language,צרפתית,4
2026-07-30T18:20:16,31,עור,ירושלים,language,רוסית,7
2026-07-30T18:20:24,31,עור,יתמא,gender,גבר,24
2026-07-30T18:20:24,31,עור,יתמא,gender,אישה,19
2026-07-30T18:20:24,31,עור,יתמא,visit_type,ביקור במרפאה,45
2026-07-30T18:20:24,31,עור,יתמא,language,אנגלית,6
2026-07-30T18:20:24,31,עור,יתמא,language,ספרדית,1
2026-07-30T18:20:24,31,עור,יתמא,language,עברית,13
2026-07-30T18:20:24,31,עור,יתמא,language,צרפתית,4
2026-07-30T18:20:24,31,עור,יתמא,language,רוסית,7
2026-07-30T18:20:35,31,עור,כוכב מיכאל,gender,אישה,9
2026-07-30T18:20:35,31,עור,כוכב מיכאל,gender,גבר,21
2026-07-30T18:20:35,31,עור,כוכב מיכאל,visit_type,ביקור במרפאה,32
2026-07-30T18:20:35,31,עור,כוכב מיכאל,language,אנגלית,4
2026-07-30T18:20:35,31,עור,כוכב מיכאל,language,בולגרית,1
2026-07-30T18:20:35,31,עור,כוכב מיכאל,language,עברית,7
2026-07-30T18:20:35,31,עור,כוכב מיכאל,language,רוסית,5
2026-07-30T18:20:46,31,עור,כיפל חארת,gender,גבר,25
2026-07-30T18:20:46,31,עור,כיפל חארת,gender,אישה,13
2026-07-30T18:20:46,31,עור,כיפל חארת,visit_type,ביקור במרפאה,46
2026-07-30T18:20:46,31,עור,כיפל חארת,language,איטלקית,1
2026-07-30T18:20:46,31,עור,כיפל חארת,language,אנגלית,26
2026-07-30T18:20:46,31,עור,כיפל חארת,language,גרמנית,2
2026-07-30T18:20:46,31,עור,כיפל חארת,language,ספרדית,4
2026-07-30T18:20:46,31,עור,כיפל חארת,language,עברית,45
2026-07-30T18:20:46,31,עור,כיפל חארת,language,ערבית,7
2026-07-30T18:20:46,31,עור,כיפל חארת,language,צרפתית,3
2026-07-30T18:20:46,31,עור,כיפל חארת,language,רוסית,5
2026-07-30T18:21:00,31,עור,כסיפה,gender,גבר,22
2026-07-30T18:21:00,31,עור,כסיפה,gender,אישה,10
2026-07-30T18:21:00,31,עור,כסיפה,visit_type,ביקור במרפאה,34
2026-07-30T18:21:00,31,עור,כסיפה,language,אנגלית,4
2026-07-30T18:21:00,31,עור,כסיפה,language,בולגרית,1
2026-07-30T18:21:00,31,עור,כסיפה,language,עברית,6
2026-07-30T18:21:00,31,עור,כסיפה,language,ערבית,1
2026-07-30T18:21:00,31,עור,כסיפה,language,רוסית,2
2026-07-30T18:21:09,31,עור,כפר ביל''ו,gender,גבר,38
2026-07-30T18:21:09,31,עור,כפר ביל''ו,gender,אישה,13
2026-07-30T18:21:09,31,עור,כפר ביל''ו,visit_type,ביקור במרפאה,52
2026-07-30T18:21:09,31,עור,כפר ביל''ו,visit_type,שיחת טלפון,2
2026-07-30T18:21:09,31,עור,כפר ביל''ו,language,אנגלית,10
2026-07-30T18:21:09,31,עור,כפר ביל''ו,language,אפריקנס,1
2026-07-30T18:21:09,31,עור,כפר ביל''ו,language,גרמנית,1
2026-07-30T18:21:09,31,עור,כפר ביל''ו,language,הולנדית,1
2026-07-30T18:21:09,31,עור,כפר ביל''ו,language,עברית,16
2026-07-30T18:21:09,31,עור,כפר ביל''ו,language,צרפתית,1
2026-07-30T18:21:09,31,עור,כפר ביל''ו,language,רומנית,1
2026-07-30T18:21:09,31,עור,כפר ביל''ו,language,רוסית,7
2026-07-30T18:21:22,31,עור,כרם שלום,gender,אישה,9
2026-07-30T18:21:22,31,עור,כרם שלום,gender,גבר,21
2026-07-30T18:21:22,31,עור,כרם שלום,visit_type,ביקור במרפאה,32
2026-07-30T18:21:22,31,עור,כרם שלום,language,אנגלית,4
2026-07-30T18:21:22,31,עור,כרם שלום,language,בולגרית,1
2026-07-30T18:21:22,31,עור,כרם שלום,language,עברית,7
2026-07-30T18:21:22,31,עור,כרם שלום,language,רוסית,5
2026-07-30T18:21:33,31,עור,להבות חביבה,gender,גבר,59
2026-07-30T18:21:33,31,עור,להבות חביבה,gender,אישה,21
2026-07-30T18:21:33,31,עור,להבות חביבה,visit_type,ביקור במרפאה,81
2026-07-30T18:21:33,31,עור,להבות חביבה,language,איטלקית,1
2026-07-30T18:21:33,31,עור,להבות חביבה,language,אנגלית,23
2026-07-30T18:21:33,31,עור,להבות חביבה,language,עברית,27
2026-07-30T18:21:33,31,עור,להבות חביבה,language,ערבית,14
2026-07-30T18:21:33,31,עור,להבות חביבה,language,צרפתית,2
2026-07-30T18:21:33,31,עור,להבות חביבה,language,רומנית,1
2026-07-30T18:21:33,31,עור,להבות חביבה,language,רוסית,10
2026-07-30T18:21:49,31,עור,לפיד,gender,גבר,28
2026-07-30T18:21:49,31,עור,לפיד,gender,אישה,6
2026-07-30T18:21:49,31,עור,לפיד,visit_type,ביקור במרפאה,34
2026-07-30T18:21:49,31,עור,לפיד,visit_type,שיחת טלפון,2
2026-07-30T18:21:49,31,עור,לפיד,language,אנגלית,4
2026-07-30T18:21:49,31,עור,לפיד,language,אפריקנס,1
2026-07-30T18:21:49,31,עור,לפיד,language,הולנדית,1
2026-07-30T18:21:49,31,עור,לפיד,language,עברית,8
2026-07-30T18:21:49,31,עור,לפיד,language,רוסית,3
2026-07-30T18:21:56,31,עור,מבואות ים,gender,אישה,15
2026-07-30T18:21:56,31,עור,מבואות ים,gender,גבר,33
2026-07-30T18:21:56,31,עור,מבואות ים,visit_type,ביקור במרפאה,49
2026-07-30T18:21:56,31,עור,מבואות ים,language,איטלקית,1
2026-07-30T18:21:56,31,עור,מבואות ים,language,אנגלית,5
2026-07-30T18:21:56,31,עור,מבואות ים,language,עברית,9
2026-07-30T18:21:56,31,עור,מבואות ים,language,ערבית,1
2026-07-30T18:21:56,31,עור,מבואות ים,language,צרפתית,2
2026-07-30T18:21:56,31,עור,מבואות ים,language,רומנית,1
2026-07-30T18:21:56,31,עור,מבואות ים,language,רוסית,6
2026-07-30T18:22:09,31,עור,מגדים,gender,גבר,60
2026-07-30T18:22:09,31,עור,מגדים,gender,אישה,17
2026-07-30T18:22:09,31,עור,מגדים,visit_type,ביקור במרפאה,79
2026-07-30T18:22:09,31,עור,מגדים,language,אידיש,2
2026-07-30T18:22:09,31,עור,מגדים,language,איטלקית,1
2026-07-30T18:22:09,31,עור,מגדים,language,אנגלית,40
2026-07-30T18:22:09,31,עור,מגדים,language,עברית,48
2026-07-30T18:22:09,31,עור,מגדים,language,ערבית,29
2026-07-30T18:22:09,31,עור,מגדים,language,צרפתית,1
2026-07-30T18:22:09,31,עור,מגדים,language,רומנית,6
2026-07-30T18:22:09,31,עור,מגדים,language,רוסית,13
2026-07-30T18:22:24,31,עור,מוח'יים פארעה,gender,אישה,15
2026-07-30T18:22:24,31,עור,מוח'יים פארעה,gender,גבר,33
2026-07-30T18:22:24,31,עור,מוח'יים פארעה,visit_type,ביקור במרפאה,49
2026-07-30T18:22:24,31,עור,מוח'יים פארעה,language,איטלקית,1
2026-07-30T18:22:24,31,עור,מוח'יים פארעה,language,אנגלית,5
2026-07-30T18:22:24,31,עור,מוח'יים פארעה,language,עברית,9
2026-07-30T18:22:24,31,עור,מוח'יים פארעה,language,ערבית,1
2026-07-30T18:22:24,31,עור,מוח'יים פארעה,language,צרפתית,2
2026-07-30T18:22:24,31,עור,מוח'יים פארעה,language,רומנית,1
2026-07-30T18:22:24,31,עור,מוח'יים פארעה,language,רוסית,6
2026-07-30T18:22:35,31,עור,מזכרת בתיה,gender,גבר,38
2026-07-30T18:22:35,31,עור,מזכרת בתיה,gender,אישה,13
2026-07-30T18:22:35,31,עור,מזכרת בתיה,visit_type,ביקור במרפאה,52
2026-07-30T18:22:35,31,עור,מזכרת בתיה,visit_type,שיחת טלפון,2
2026-07-30T18:22:35,31,עור,מזכרת בתיה,language,אנגלית,10
2026-07-30T18:22:35,31,עור,מזכרת בתיה,language,אפריקנס,1
2026-07-30T18:22:35,31,עור,מזכרת בתיה,language,גרמנית,1
2026-07-30T18:22:35,31,עור,מזכרת בתיה,language,הולנדית,1
2026-07-30T18:22:35,31,עור,מזכרת בתיה,language,עברית,16
2026-07-30T18:22:35,31,עור,מזכרת בתיה,language,צרפתית,1
2026-07-30T18:22:35,31,עור,מזכרת בתיה,language,רומנית,1
2026-07-30T18:22:35,31,עור,מזכרת בתיה,language,רוסית,7
2026-07-30T18:22:46,31,עור,מי עמי,gender,גבר,59
2026-07-30T18:22:46,31,עור,מי עמי,gender,אישה,21
2026-07-30T18:22:46,31,עור,מי עמי,visit_type,ביקור במרפאה,81
2026-07-30T18:22:46,31,עור,מי עמי,language,איטלקית,1
2026-07-30T18:22:46,31,עור,מי עמי,language,אנגלית,23
2026-07-30T18:22:46,31,עור,מי עמי,language,עברית,27
2026-07-30T18:22:46,31,עור,מי עמי,language,ערבית,14
2026-07-30T18:22:46,31,עור,מי עמי,language,צרפתית,2
2026-07-30T18:22:46,31,עור,מי עמי,language,רומנית,1
2026-07-30T18:22:46,31,עור,מי עמי,language,רוסית,10
2026-07-30T18:23:02,31,עור,מכורה,gender,גבר,24
2026-07-30T18:23:02,31,עור,מכורה,gender,אישה,19
2026-07-30T18:23:02,31,עור,מכורה,visit_type,ביקור במרפאה,45
2026-07-30T18:23:02,31,עור,מכורה,language,אנגלית,6
2026-07-30T18:23:02,31,עור,מכורה,language,ספרדית,1
2026-07-30T18:23:02,31,עור,מכורה,language,עברית,13
2026-07-30T18:23:02,31,עור,מכורה,language,צרפתית,4
2026-07-30T18:23:02,31,עור,מכורה,language,רוסית,7
2026-07-30T18:23:11,31,עור,מנות,gender,גבר,45
2026-07-30T18:23:11,31,עור,מנות,gender,אישה,6
2026-07-30T18:23:11,31,עור,מנות,visit_type,ביקור במרפאה,52
2026-07-30T18:23:11,31,עור,מנות,language,אידיש,1
2026-07-30T18:23:11,31,עור,מנות,language,אנגלית,28
2026-07-30T18:23:11,31,עור,מנות,language,גרמנית,7
2026-07-30T18:23:11,31,עור,מנות,language,עברית,51
2026-07-30T18:23:11,31,עור,מנות,language,ערבית,45
2026-07-30T18:23:11,31,עור,מנות,language,רומנית,12
2026-07-30T18:23:11,31,עור,מנות,language,רוסית,3
2026-07-30T18:23:23,31,עור,מסלול,gender,גבר,30
2026-07-30T18:23:23,31,עור,מסלול,gender,אישה,13
2026-07-30T18:23:23,31,עור,מסלול,visit_type,ביקור במרפאה,45
2026-07-30T18:23:23,31,עור,מסלול,language,אנגלית,6
2026-07-30T18:23:23,31,עור,מסלול,language,בולגרית,1
2026-07-30T18:23:23,31,עור,מסלול,language,עברית,9
2026-07-30T18:23:23,31,עור,מסלול,language,ערבית,1
2026-07-30T18:23:23,31,עור,מסלול,language,רוסית,5
2026-07-30T18:23:35,31,עור,מעיין ברוך,gender,גבר,47
2026-07-30T18:23:35,31,עור,מעיין ברוך,gender,אישה,6
2026-07-30T18:23:35,31,עור,מעיין ברוך,visit_type,ביקור במרפאה,53
2026-07-30T18:23:35,31,עור,מעיין ברוך,language,אנגלית,21
2026-07-30T18:23:35,31,עור,מעיין ברוך,language,עברית,21
2026-07-30T18:23:35,31,עור,מעיין ברוך,language,ערבית,17
2026-07-30T18:23:35,31,עור,מעיין ברוך,language,רומנית,4
2026-07-30T18:23:35,31,עור,מעיין ברוך,language,רוסית,2
2026-07-30T18:23:44,31,עור,מפעלי חבל יבנה,gender,גבר,34
2026-07-30T18:23:44,31,עור,מפעלי חבל יבנה,gender,אישה,9
2026-07-30T18:23:44,31,עור,מפעלי חבל יבנה,visit_type,ביקור במרפאה,43
2026-07-30T18:23:44,31,עור,מפעלי חבל יבנה,visit_type,שיחת טלפון,2
2026-07-30T18:23:44,31,עור,מפעלי חבל יבנה,language,אנגלית,7
2026-07-30T18:23:44,31,עור,מפעלי חבל יבנה,language,אפריקנס,1
2026-07-30T18:23:44,31,עור,מפעלי חבל יבנה,language,הולנדית,1
2026-07-30T18:23:44,31,עור,מפעלי חבל יבנה,language,עברית,12
2026-07-30T18:23:44,31,עור,מפעלי חבל יבנה,language,רוסית,6
2026-07-30T18:23:50,31,עור,מצפה יריחו,gender,גבר,24
2026-07-30T18:23:50,31,עור,מצפה יריחו,gender,אישה,19
2026-07-30T18:23:50,31,עור,מצפה יריחו,visit_type,ביקור במרפאה,45
2026-07-30T18:23:50,31,עור,מצפה יריחו,language,אנגלית,6
2026-07-30T18:23:50,31,עור,מצפה יריחו,language,ספרדית,1
2026-07-30T18:23:50,31,עור,מצפה יריחו,language,עברית,13
2026-07-30T18:23:50,31,עור,מצפה יריחו,language,צרפתית,4
2026-07-30T18:23:50,31,עור,מצפה יריחו,language,רוסית,7
2026-07-30T18:23:59,31,עור,מרחביה קיבוץ,gender,גבר,73
2026-07-30T18:23:59,31,עור,מרחביה קיבוץ,gender,אישה,12
2026-07-30T18:23:59,31,עור,מרחביה קיבוץ,visit_type,ביקור במרפאה,85
2026-07-30T18:23:59,31,עור,מרחביה קיבוץ,language,איטלקית,1
2026-07-30T18:23:59,31,עור,מרחביה קיבוץ,language,אנגלית,35
2026-07-30T18:23:59,31,עור,מרחביה קיבוץ,language,עברית,39
2026-07-30T18:23:59,31,עור,מרחביה קיבוץ,language,ערבית,28
2026-07-30T18:23:59,31,עור,מרחביה קיבוץ,language,רומנית,5
2026-07-30T18:23:59,31,עור,מרחביה קיבוץ,language,רוסית,10
2026-07-30T18:24:13,31,עור,משכיות,gender,גבר,24
2026-07-30T18:24:13,31,עור,משכיות,gender,אישה,19
2026-07-30T18:24:13,31,עור,משכיות,visit_type,ביקור במרפאה,45
2026-07-30T18:24:13,31,עור,משכיות,language,אנגלית,6
2026-07-30T18:24:13,31,עור,משכיות,language,ספרדית,1
2026-07-30T18:24:13,31,עור,משכיות,language,עברית,13
2026-07-30T18:24:13,31,עור,משכיות,language,צרפתית,4
2026-07-30T18:24:13,31,עור,משכיות,language,רוסית,7
2026-07-30T18:24:21,31,עור,נאות מרדכי,gender,גבר,47
2026-07-30T18:24:21,31,עור,נאות מרדכי,gender,אישה,6
2026-07-30T18:24:21,31,עור,נאות מרדכי,visit_type,ביקור במרפאה,53
2026-07-30T18:24:21,31,עור,נאות מרדכי,language,אנגלית,21
2026-07-30T18:24:21,31,עור,נאות מרדכי,language,עברית,21
2026-07-30T18:24:21,31,עור,נאות מרדכי,language,ערבית,17
2026-07-30T18:24:21,31,עור,נאות מרדכי,language,רומנית,4
2026-07-30T18:24:21,31,עור,נאות מרדכי,language,רוסית,2
2026-07-30T18:24:30,31,עור,נהריה,gender,גבר,35
2026-07-30T18:24:30,31,עור,נהריה,gender,אישה,3
2026-07-30T18:24:30,31,עור,נהריה,visit_type,ביקור במרפאה,38
2026-07-30T18:24:30,31,עור,נהריה,language,אנגלית,19
2026-07-30T18:24:30,31,עור,נהריה,language,גרמנית,7
2026-07-30T18:24:30,31,עור,נהריה,language,עברית,38
2026-07-30T18:24:30,31,עור,נהריה,language,ערבית,35
2026-07-30T18:24:30,31,עור,נהריה,language,רומנית,10
2026-07-30T18:24:30,31,עור,נהריה,language,רוסית,2
2026-07-30T18:24:37,31,עור,נווה זוהר,gender,גבר,22
2026-07-30T18:24:37,31,עור,נווה זוהר,gender,אישה,10
2026-07-30T18:24:37,31,עור,נווה זוהר,visit_type,ביקור במרפאה,34
2026-07-30T18:24:37,31,עור,נווה זוהר,language,אנגלית,4
2026-07-30T18:24:37,31,עור,נווה זוהר,language,בולגרית,1
2026-07-30T18:24:37,31,עור,נווה זוהר,language,עברית,6
2026-07-30T18:24:37,31,עור,נווה זוהר,language,ערבית,1
2026-07-30T18:24:37,31,עור,נווה זוהר,language,רוסית,2
2026-07-30T18:24:46,31,עור,נחלים,gender,גבר,34
2026-07-30T18:24:46,31,עור,נחלים,gender,אישה,19
2026-07-30T18:24:46,31,עור,נחלים,visit_type,ביקור במרפאה,62
2026-07-30T18:24:46,31,עור,נחלים,language,איטלקית,1
2026-07-30T18:24:46,31,עור,נחלים,language,אנגלית,27
2026-07-30T18:24:46,31,עור,נחלים,language,גרמנית,2
2026-07-30T18:24:46,31,עור,נחלים,language,ספרדית,4
2026-07-30T18:24:46,31,עור,נחלים,language,עברית,46
2026-07-30T18:24:46,31,עור,נחלים,language,ערבית,7
2026-07-30T18:24:46,31,עור,נחלים,language,צרפתית,4
2026-07-30T18:24:46,31,עור,נחלים,language,רוסית,5
2026-07-30T18:25:02,31,עור,ניל''י,gender,גבר,25
2026-07-30T18:25:02,31,עור,ניל''י,gender,אישה,13
2026-07-30T18:25:02,31,עור,ניל''י,visit_type,ביקור במרפאה,46
2026-07-30T18:25:02,31,עור,ניל''י,language,איטלקית,1
2026-07-30T18:25:02,31,עור,ניל''י,language,אנגלית,26
2026-07-30T18:25:02,31,עור,ניל''י,language,גרמנית,2
2026-07-30T18:25:02,31,עור,ניל''י,language,ספרדית,4
2026-07-30T18:25:02,31,עור,ניל''י,language,עברית,45
2026-07-30T18:25:02,31,עור,ניל''י,language,ערבית,7
2026-07-30T18:25:02,31,עור,ניל''י,language,צרפתית,3
2026-07-30T18:25:02,31,עור,ניל''י,language,רוסית,5
2026-07-30T18:25:14,31,עור,נמל תעופה בן גוריון,gender,גבר,34
2026-07-30T18:25:14,31,עור,נמל תעופה בן גוריון,gender,אישה,9
2026-07-30T18:25:14,31,עור,נמל תעופה בן גוריון,visit_type,ביקור במרפאה,43
2026-07-30T18:25:14,31,עור,נמל תעופה בן גוריון,visit_type,שיחת טלפון,2
2026-07-30T18:25:14,31,עור,נמל תעופה בן גוריון,language,אנגלית,7
2026-07-30T18:25:14,31,עור,נמל תעופה בן גוריון,language,אפריקנס,1
2026-07-30T18:25:14,31,עור,נמל תעופה בן גוריון,language,הולנדית,1
2026-07-30T18:25:14,31,עור,נמל תעופה בן גוריון,language,עברית,12
2026-07-30T18:25:14,31,עור,נמל תעופה בן גוריון,language,רוסית,6
2026-07-30T18:25:22,31,עור,נצר חזני,gender,גבר,34
2026-07-30T18:25:22,31,עור,נצר חזני,gender,אישה,9
2026-07-30T18:25:22,31,עור,נצר חזני,visit_type,ביקור במרפאה,43
2026-07-30T18:25:22,31,עור,נצר חזני,visit_type,שיחת טלפון,2
2026-07-30T18:25:22,31,עור,נצר חזני,language,אנגלית,7
2026-07-30T18:25:22,31,עור,נצר חזני,language,אפריקנס,1
2026-07-30T18:25:22,31,עור,נצר חזני,language,הולנדית,1
2026-07-30T18:25:22,31,עור,נצר חזני,language,עברית,12
2026-07-30T18:25:22,31,עור,נצר חזני,language,רוסית,6
2026-07-30T18:25:29,31,עור,סאג'ור,gender,גבר,45
2026-07-30T18:25:29,31,עור,סאג'ור,gender,אישה,6
2026-07-30T18:25:29,31,עור,סאג'ור,visit_type,ביקור במרפאה,52
2026-07-30T18:25:29,31,עור,סאג'ור,language,אידיש,1
2026-07-30T18:25:29,31,עור,סאג'ור,language,אנגלית,28
2026-07-30T18:25:29,31,עור,סאג'ור,language,גרמנית,7
2026-07-30T18:25:29,31,עור,סאג'ור,language,עברית,51
2026-07-30T18:25:29,31,עור,סאג'ור,language,ערבית,45
2026-07-30T18:25:29,31,עור,סאג'ור,language,רומנית,12
2026-07-30T18:25:29,31,עור,סאג'ור,language,רוסית,3
2026-07-30T18:25:41,31,עור,סומיה,gender,גבר,30
2026-07-30T18:25:41,31,עור,סומיה,gender,אישה,13
2026-07-30T18:25:41,31,עור,סומיה,visit_type,ביקור במרפאה,45
2026-07-30T18:25:41,31,עור,סומיה,language,אנגלית,6
2026-07-30T18:25:41,31,עור,סומיה,language,בולגרית,1
2026-07-30T18:25:41,31,עור,סומיה,language,עברית,9
2026-07-30T18:25:41,31,עור,סומיה,language,ערבית,1
2026-07-30T18:25:41,31,עור,סומיה,language,רוסית,5
2026-07-30T18:25:54,31,עור,סילת אל ח'רית'יה,gender,גבר,33
2026-07-30T18:25:54,31,עור,סילת אל ח'רית'יה,gender,אישה,15
2026-07-30T18:25:54,31,עור,סילת אל ח'רית'יה,visit_type,ביקור במרפאה,49
2026-07-30T18:25:54,31,עור,סילת אל ח'רית'יה,language,איטלקית,1
2026-07-30T18:25:54,31,עור,סילת אל ח'רית'יה,language,אנגלית,5
2026-07-30T18:25:54,31,עור,סילת אל ח'רית'יה,language,עברית,9
2026-07-30T18:25:54,31,עור,סילת אל ח'רית'יה,language,ערבית,1
2026-07-30T18:25:54,31,עור,סילת אל ח'רית'יה,language,צרפתית,2
2026-07-30T18:25:54,31,עור,סילת אל ח'רית'יה,language,רומנית,1
2026-07-30T18:25:54,31,עור,סילת אל ח'רית'יה,language,רוסית,6
2026-07-30T18:26:05,31,עור,סניריא,gender,גבר,25
2026-07-30T18:26:05,31,עור,סניריא,gender,אישה,13
2026-07-30T18:26:05,31,עור,סניריא,visit_type,ביקור במרפאה,46
2026-07-30T18:26:05,31,עור,סניריא,language,איטלקית,1
2026-07-30T18:26:05,31,עור,סניריא,language,אנגלית,26
2026-07-30T18:26:05,31,עור,סניריא,language,גרמנית,2
2026-07-30T18:26:05,31,עור,סניריא,language,ספרדית,4
2026-07-30T18:26:05,31,עור,סניריא,language,עברית,45
2026-07-30T18:26:05,31,עור,סניריא,language,ערבית,7
2026-07-30T18:26:05,31,עור,סניריא,language,צרפתית,3
2026-07-30T18:26:05,31,עור,סניריא,language,רוסית,5
2026-07-30T18:26:17,31,עור,סרטא,gender,גבר,25
2026-07-30T18:26:17,31,עור,סרטא,gender,אישה,13
2026-07-30T18:26:17,31,עור,סרטא,visit_type,ביקור במרפאה,46
2026-07-30T18:26:17,31,עור,סרטא,language,איטלקית,1
2026-07-30T18:26:17,31,עור,סרטא,language,אנגלית,26
2026-07-30T18:26:17,31,עור,סרטא,language,גרמנית,2
2026-07-30T18:26:17,31,עור,סרטא,language,ספרדית,4
2026-07-30T18:26:17,31,עור,סרטא,language,עברית,45
2026-07-30T18:26:17,31,עור,סרטא,language,ערבית,7
2026-07-30T18:26:17,31,עור,סרטא,language,צרפתית,3
2026-07-30T18:26:17,31,עור,סרטא,language,רוסית,5
2026-07-30T18:26:30,31,עור,עג'ה,gender,גבר,33
2026-07-30T18:26:30,31,עור,עג'ה,gender,אישה,15
2026-07-30T18:26:30,31,עור,עג'ה,visit_type,ביקור במרפאה,49
2026-07-30T18:26:30,31,עור,עג'ה,language,איטלקית,1
2026-07-30T18:26:30,31,עור,עג'ה,language,אנגלית,5
2026-07-30T18:26:30,31,עור,עג'ה,language,עברית,9
2026-07-30T18:26:30,31,עור,עג'ה,language,ערבית,1
2026-07-30T18:26:30,31,עור,עג'ה,language,צרפתית,2
2026-07-30T18:26:30,31,עור,עג'ה,language,רומנית,1
2026-07-30T18:26:30,31,עור,עג'ה,language,רוסית,6
2026-07-30T18:26:42,31,עור,עוזייר,gender,גבר,47
2026-07-30T18:26:42,31,עור,עוזייר,gender,אישה,6
2026-07-30T18:26:42,31,עור,עוזייר,visit_type,ביקור במרפאה,53
2026-07-30T18:26:42,31,עור,עוזייר,language,אנגלית,21
2026-07-30T18:26:42,31,עור,עוזייר,language,עברית,21
2026-07-30T18:26:42,31,עור,עוזייר,language,ערבית,17
2026-07-30T18:26:42,31,עור,עוזייר,language,רומנית,4
2026-07-30T18:26:42,31,עור,עוזייר,language,רוסית,2
2026-07-30T18:26:51,31,עור,עזמוט,gender,גבר,33
2026-07-30T18:26:51,31,עור,עזמוט,gender,אישה,15
2026-07-30T18:26:51,31,עור,עזמוט,visit_type,ביקור במרפאה,49
2026-07-30T18:26:51,31,עור,עזמוט,language,איטלקית,1
2026-07-30T18:26:51,31,עור,עזמוט,language,אנגלית,5
2026-07-30T18:26:51,31,עור,עזמוט,language,עברית,9
2026-07-30T18:26:51,31,עור,עזמוט,language,ערבית,1
2026-07-30T18:26:51,31,עור,עזמוט,language,צרפתית,2
2026-07-30T18:26:51,31,עור,עזמוט,language,רומנית,1
2026-07-30T18:26:51,31,עור,עזמוט,language,רוסית,6
2026-07-30T18:27:03,31,עור,עיילבון,gender,גבר,47
2026-07-30T18:27:03,31,עור,עיילבון,gender,אישה,6
2026-07-30T18:27:03,31,עור,עיילבון,visit_type,ביקור במרפאה,53
2026-07-30T18:27:03,31,עור,עיילבון,language,אנגלית,21
2026-07-30T18:27:03,31,עור,עיילבון,language,עברית,21
2026-07-30T18:27:03,31,עור,עיילבון,language,ערבית,17
2026-07-30T18:27:03,31,עור,עיילבון,language,רומנית,4
2026-07-30T18:27:03,31,עור,עיילבון,language,רוסית,2
2026-07-30T18:27:14,31,עור,עלומים,gender,אישה,9
2026-07-30T18:27:14,31,עור,עלומים,gender,גבר,21
2026-07-30T18:27:14,31,עור,עלומים,visit_type,ביקור במרפאה,32
2026-07-30T18:27:14,31,עור,עלומים,language,אנגלית,4
2026-07-30T18:27:14,31,עור,עלומים,language,בולגרית,1
2026-07-30T18:27:14,31,עור,עלומים,language,עברית,7
2026-07-30T18:27:14,31,עור,עלומים,language,רוסית,5
2026-07-30T18:27:26,31,עור,עמיעוז,gender,אישה,9
2026-07-30T18:27:26,31,עור,עמיעוז,gender,גבר,21
2026-07-30T18:27:26,31,עור,עמיעוז,visit_type,ביקור במרפאה,32
2026-07-30T18:27:26,31,עור,עמיעוז,language,אנגלית,4
2026-07-30T18:27:26,31,עור,עמיעוז,language,בולגרית,1
2026-07-30T18:27:26,31,עור,עמיעוז,language,עברית,7
2026-07-30T18:27:26,31,עור,עמיעוז,language,רוסית,5
2026-07-30T18:27:37,31,עור,עסירה אל קיבליה,gender,גבר,33
2026-07-30T18:27:37,31,עור,עסירה אל קיבליה,gender,אישה,15
2026-07-30T18:27:37,31,עור,עסירה אל קיבליה,visit_type,ביקור במרפאה,49
2026-07-30T18:27:37,31,עור,עסירה אל קיבליה,language,איטלקית,1
2026-07-30T18:27:37,31,עור,עסירה אל קיבליה,language,אנגלית,5
2026-07-30T18:27:37,31,עור,עסירה אל קיבליה,language,עברית,9
2026-07-30T18:27:37,31,עור,עסירה אל קיבליה,language,ערבית,1
2026-07-30T18:27:37,31,עור,עסירה אל קיבליה,language,צרפתית,2
2026-07-30T18:27:37,31,עור,עסירה אל קיבליה,language,רומנית,1
2026-07-30T18:27:37,31,עור,עסירה אל קיבליה,language,רוסית,6
2026-07-30T18:27:49,31,עור,עראבה ליד ג'נין,gender,גבר,33
2026-07-30T18:27:49,31,עור,עראבה ליד ג'נין,gender,אישה,15
2026-07-30T18:27:49,31,עור,עראבה ליד ג'נין,visit_type,ביקור במרפאה,49
2026-07-30T18:27:49,31,עור,עראבה ליד ג'נין,language,איטלקית,1
2026-07-30T18:27:49,31,עור,עראבה ליד ג'נין,language,אנגלית,5
2026-07-30T18:27:49,31,עור,עראבה ליד ג'נין,language,עברית,9
2026-07-30T18:27:49,31,עור,עראבה ליד ג'נין,language,ערבית,1
2026-07-30T18:27:49,31,עור,עראבה ליד ג'נין,language,צרפתית,2
2026-07-30T18:27:49,31,עור,עראבה ליד ג'נין,language,רומנית,1
2026-07-30T18:27:49,31,עור,עראבה ליד ג'נין,language,רוסית,6
2026-07-30T18:28:02,31,עור,עשרת,gender,גבר,18
2026-07-30T18:28:02,31,עור,עשרת,gender,אישה,6
2026-07-30T18:28:02,31,עור,עשרת,visit_type,ביקור במרפאה,24
2026-07-30T18:28:02,31,עור,עשרת,language,אנגלית,7
2026-07-30T18:28:02,31,עור,עשרת,language,אפריקנס,1
2026-07-30T18:28:02,31,עור,עשרת,language,הולנדית,1
2026-07-30T18:28:02,31,עור,עשרת,language,עברית,10
2026-07-30T18:28:02,31,עור,עשרת,language,רוסית,6
2026-07-30T18:28:06,31,עור,פארק תעשייה חבל מודיעים,gender,גבר,25
2026-07-30T18:28:06,31,עור,פארק תעשייה חבל מודיעים,gender,אישה,13
2026-07-30T18:28:06,31,עור,פארק תעשייה חבל מודיעים,visit_type,ביקור במרפאה,46
2026-07-30T18:28:06,31,עור,פארק תעשייה חבל מודיעים,language,איטלקית,1
2026-07-30T18:28:06,31,עור,פארק תעשייה חבל מודיעים,language,אנגלית,26
2026-07-30T18:28:06,31,עור,פארק תעשייה חבל מודיעים,language,גרמנית,2
2026-07-30T18:28:06,31,עור,פארק תעשייה חבל מודיעים,language,ספרדית,4
2026-07-30T18:28:06,31,עור,פארק תעשייה חבל מודיעים,language,עברית,45
2026-07-30T18:28:06,31,עור,פארק תעשייה חבל מודיעים,language,ערבית,7
2026-07-30T18:28:06,31,עור,פארק תעשייה חבל מודיעים,language,צרפתית,3
2026-07-30T18:28:06,31,עור,פארק תעשייה חבל מודיעים,language,רוסית,5
2026-07-30T18:28:20,31,עור,פטיש,gender,גבר,30
2026-07-30T18:28:20,31,עור,פטיש,gender,אישה,13
2026-07-30T18:28:20,31,עור,פטיש,visit_type,ביקור במרפאה,45
2026-07-30T18:28:20,31,עור,פטיש,language,אנגלית,6
2026-07-30T18:28:20,31,עור,פטיש,language,בולגרית,1
2026-07-30T18:28:20,31,עור,פטיש,language,עברית,9
2026-07-30T18:28:20,31,עור,פטיש,language,ערבית,1
2026-07-30T18:28:20,31,עור,פטיש,language,רוסית,5
2026-07-30T18:28:34,31,עור,פצאל,gender,אישה,19
2026-07-30T18:28:34,31,עור,פצאל,gender,גבר,24
2026-07-30T18:28:34,31,עור,פצאל,visit_type,ביקור במרפאה,45
2026-07-30T18:28:34,31,עור,פצאל,language,אנגלית,6
2026-07-30T18:28:34,31,עור,פצאל,language,ספרדית,1
2026-07-30T18:28:34,31,עור,פצאל,language,עברית,13
2026-07-30T18:28:34,31,עור,פצאל,language,צרפתית,4
2026-07-30T18:28:34,31,עור,פצאל,language,רוסית,7
2026-07-30T18:28:43,31,עור,פרעון,gender,גבר,33
2026-07-30T18:28:43,31,עור,פרעון,gender,אישה,15
2026-07-30T18:28:43,31,עור,פרעון,visit_type,ביקור במרפאה,49
2026-07-30T18:28:43,31,עור,פרעון,language,איטלקית,1
2026-07-30T18:28:43,31,עור,פרעון,language,אנגלית,5
2026-07-30T18:28:43,31,עור,פרעון,language,עברית,9
2026-07-30T18:28:43,31,עור,פרעון,language,ערבית,1
2026-07-30T18:28:43,31,עור,פרעון,language,צרפתית,2
2026-07-30T18:28:43,31,עור,פרעון,language,רומנית,1
2026-07-30T18:28:43,31,עור,פרעון,language,רוסית,6
2026-07-30T18:28:56,31,עור,צופים,gender,גבר,52
2026-07-30T18:28:56,31,עור,צופים,gender,אישה,30
2026-07-30T18:28:56,31,עור,צופים,visit_type,ביקור במרפאה,85
2026-07-30T18:28:56,31,עור,צופים,language,אידיש,1
2026-07-30T18:28:56,31,עור,צופים,language,איטלקית,1
2026-07-30T18:28:56,31,עור,צופים,language,אנגלית,18
2026-07-30T18:28:56,31,עור,צופים,language,אפריקנס,1
2026-07-30T18:28:56,31,עור,צופים,language,גרמנית,1
2026-07-30T18:28:56,31,עור,צופים,language,הולנדית,1
2026-07-30T18:28:56,31,עור,צופים,language,ספרדית,2
2026-07-30T18:28:56,31,עור,צופים,language,עברית,30
2026-07-30T18:28:56,31,עור,צופים,language,ערבית,5
2026-07-30T18:28:56,31,עור,צופים,language,צרפתית,2
2026-07-30T18:28:56,31,עור,צופים,language,רומנית,1
2026-07-30T18:28:56,31,עור,צופים,language,רוסית,8
2026-07-30T18:29:17,31,עור,צפריה,gender,גבר,28
2026-07-30T18:29:17,31,עור,צפריה,gender,אישה,6
2026-07-30T18:29:17,31,עור,צפריה,visit_type,ביקור במרפאה,34
2026-07-30T18:29:17,31,עור,צפריה,visit_type,שיחת טלפון,2
2026-07-30T18:29:17,31,עור,צפריה,language,אנגלית,4
2026-07-30T18:29:17,31,עור,צפריה,language,אפריקנס,1
2026-07-30T18:29:17,31,עור,צפריה,language,הולנדית,1
2026-07-30T18:29:17,31,עור,צפריה,language,עברית,8
2026-07-30T18:29:17,31,עור,צפריה,language,רוסית,3
2026-07-30T18:29:22,31,עור,קדימה צורן,gender,גבר,33
2026-07-30T18:29:22,31,עור,קדימה צורן,gender,אישה,15
2026-07-30T18:29:22,31,עור,קדימה צורן,visit_type,ביקור במרפאה,49
2026-07-30T18:29:22,31,עור,קדימה צורן,language,איטלקית,1
2026-07-30T18:29:22,31,עור,קדימה צורן,language,אנגלית,5
2026-07-30T18:29:22,31,עור,קדימה צורן,language,עברית,9
2026-07-30T18:29:22,31,עור,קדימה צורן,language,ערבית,1
2026-07-30T18:29:22,31,עור,קדימה צורן,language,צרפתית,2
2026-07-30T18:29:22,31,עור,קדימה צורן,language,רומנית,1
2026-07-30T18:29:22,31,עור,קדימה צורן,language,רוסית,6
2026-07-30T18:29:35,31,עור,קוממיות,gender,אישה,9
2026-07-30T18:29:35,31,עור,קוממיות,gender,גבר,21
2026-07-30T18:29:35,31,עור,קוממיות,visit_type,ביקור במרפאה,32
2026-07-30T18:29:35,31,עור,קוממיות,language,אנגלית,4
2026-07-30T18:29:35,31,עור,קוממיות,language,בולגרית,1
2026-07-30T18:29:35,31,עור,קוממיות,language,עברית,7
2026-07-30T18:29:35,31,עור,קוממיות,language,רוסית,5
2026-07-30T18:29:45,31,עור,קליה,gender,אישה,19
2026-07-30T18:29:45,31,עור,קליה,gender,גבר,24
2026-07-30T18:29:45,31,עור,קליה,visit_type,ביקור במרפאה,45
2026-07-30T18:29:45,31,עור,קליה,language,אנגלית,6
2026-07-30T18:29:45,31,עור,קליה,language,ספרדית,1
2026-07-30T18:29:45,31,עור,קליה,language,עברית,13
2026-07-30T18:29:45,31,עור,קליה,language,צרפתית,4
2026-07-30T18:29:45,31,עור,קליה,language,רוסית,7
2026-07-30T18:29:53,31,עור,קראות בני חסן,gender,גבר,25
2026-07-30T18:29:53,31,עור,קראות בני חסן,gender,אישה,13
2026-07-30T18:29:53,31,עור,קראות בני חסן,visit_type,ביקור במרפאה,46
2026-07-30T18:29:53,31,עור,קראות בני חסן,language,איטלקית,1
2026-07-30T18:29:53,31,עור,קראות בני חסן,language,אנגלית,26
2026-07-30T18:29:53,31,עור,קראות בני חסן,language,גרמנית,2
2026-07-30T18:29:53,31,עור,קראות בני חסן,language,ספרדית,4
2026-07-30T18:29:53,31,עור,קראות בני חסן,language,עברית,45
2026-07-30T18:29:53,31,עור,קראות בני חסן,language,ערבית,7
2026-07-30T18:29:53,31,עור,קראות בני חסן,language,צרפתית,3
2026-07-30T18:29:53,31,עור,קראות בני חסן,language,רוסית,5
2026-07-30T18:30:06,31,עור,ראבא,gender,גבר,33
2026-07-30T18:30:06,31,עור,ראבא,gender,אישה,15
2026-07-30T18:30:06,31,עור,ראבא,visit_type,ביקור במרפאה,49
2026-07-30T18:30:06,31,עור,ראבא,language,איטלקית,1
2026-07-30T18:30:06,31,עור,ראבא,language,אנגלית,5
2026-07-30T18:30:06,31,עור,ראבא,language,עברית,9
2026-07-30T18:30:06,31,עור,ראבא,language,ערבית,1
2026-07-30T18:30:06,31,עור,ראבא,language,צרפתית,2
2026-07-30T18:30:06,31,עור,ראבא,language,רומנית,1
2026-07-30T18:30:06,31,עור,ראבא,language,רוסית,6
2026-07-30T18:30:20,31,עור,רבבה,gender,גבר,34
2026-07-30T18:30:20,31,עור,רבבה,gender,אישה,19
2026-07-30T18:30:20,31,עור,רבבה,visit_type,ביקור במרפאה,62
2026-07-30T18:30:20,31,עור,רבבה,language,איטלקית,1
2026-07-30T18:30:20,31,עור,רבבה,language,אנגלית,27
2026-07-30T18:30:20,31,עור,רבבה,language,גרמנית,2
2026-07-30T18:30:20,31,עור,רבבה,language,ספרדית,4
2026-07-30T18:30:20,31,עור,רבבה,language,עברית,46
2026-07-30T18:30:20,31,עור,רבבה,language,ערבית,7
2026-07-30T18:30:20,31,עור,רבבה,language,צרפתית,4
2026-07-30T18:30:20,31,עור,רבבה,language,רוסית,5
2026-07-30T18:30:39,31,עור,רוח מדבר,gender,גבר,30
2026-07-30T18:30:39,31,עור,רוח מדבר,gender,אישה,13
2026-07-30T18:30:39,31,עור,רוח מדבר,visit_type,ביקור במרפאה,45
2026-07-30T18:30:39,31,עור,רוח מדבר,language,אנגלית,6
2026-07-30T18:30:39,31,עור,רוח מדבר,language,בולגרית,1
2026-07-30T18:30:39,31,עור,רוח מדבר,language,עברית,9
2026-07-30T18:30:39,31,עור,רוח מדבר,language,ערבית,1
2026-07-30T18:30:39,31,עור,רוח מדבר,language,רוסית,5
2026-07-30T18:30:52,31,עור,ריחאנייה,gender,גבר,47
2026-07-30T18:30:52,31,עור,ריחאנייה,gender,אישה,6
2026-07-30T18:30:52,31,עור,ריחאנייה,visit_type,ביקור במרפאה,53
2026-07-30T18:30:52,31,עור,ריחאנייה,language,אנגלית,21
2026-07-30T18:30:52,31,עור,ריחאנייה,language,עברית,21
2026-07-30T18:30:52,31,עור,ריחאנייה,language,ערבית,17
2026-07-30T18:30:52,31,עור,ריחאנייה,language,רומנית,4
2026-07-30T18:30:52,31,עור,ריחאנייה,language,רוסית,2
2026-07-30T18:31:01,31,עור,רמות השבים,gender,גבר,34
2026-07-30T18:31:01,31,עור,רמות השבים,gender,אישה,19
2026-07-30T18:31:01,31,עור,רמות השבים,visit_type,ביקור במרפאה,62
2026-07-30T18:31:01,31,עור,רמות השבים,language,איטלקית,1
2026-07-30T18:31:01,31,עור,רמות השבים,language,אנגלית,27
2026-07-30T18:31:01,31,עור,רמות השבים,language,גרמנית,2
2026-07-30T18:31:01,31,עור,רמות השבים,language,ספרדית,4
2026-07-30T18:31:01,31,עור,רמות השבים,language,עברית,46
2026-07-30T18:31:01,31,עור,רמות השבים,language,ערבית,7
2026-07-30T18:31:01,31,עור,רמות השבים,language,צרפתית,4
2026-07-30T18:31:01,31,עור,רמות השבים,language,רוסית,5
2026-07-30T18:31:16,31,עור,רפידא,gender,אישה,19
2026-07-30T18:31:16,31,עור,רפידא,gender,גבר,24
2026-07-30T18:31:16,31,עור,רפידא,visit_type,ביקור במרפאה,45
2026-07-30T18:31:16,31,עור,רפידא,language,אנגלית,6
2026-07-30T18:31:16,31,עור,רפידא,language,ספרדית,1
2026-07-30T18:31:16,31,עור,רפידא,language,עברית,13
2026-07-30T18:31:16,31,עור,רפידא,language,צרפתית,4
2026-07-30T18:31:16,31,עור,רפידא,language,רוסית,7
2026-07-30T18:31:26,31,עור,שבלי,gender,גבר,73
2026-07-30T18:31:26,31,עור,שבלי,gender,אישה,12
2026-07-30T18:31:26,31,עור,שבלי,visit_type,ביקור במרפאה,85
2026-07-30T18:31:26,31,עור,שבלי,language,איטלקית,1
2026-07-30T18:31:26,31,עור,שבלי,language,אנגלית,35
2026-07-30T18:31:26,31,עור,שבלי,language,עברית,39
2026-07-30T18:31:26,31,עור,שבלי,language,ערבית,28
2026-07-30T18:31:26,31,עור,שבלי,language,רומנית,5
2026-07-30T18:31:26,31,עור,שבלי,language,רוסית,10
2026-07-30T18:31:41,31,עור,שדה יעקב,gender,גבר,73
2026-07-30T18:31:41,31,עור,שדה יעקב,gender,אישה,12
2026-07-30T18:31:41,31,עור,שדה יעקב,visit_type,ביקור במרפאה,85
2026-07-30T18:31:41,31,עור,שדה יעקב,language,איטלקית,1
2026-07-30T18:31:41,31,עור,שדה יעקב,language,אנגלית,35
2026-07-30T18:31:41,31,עור,שדה יעקב,language,עברית,39
2026-07-30T18:31:41,31,עור,שדה יעקב,language,ערבית,28
2026-07-30T18:31:41,31,עור,שדה יעקב,language,רומנית,5
2026-07-30T18:31:41,31,עור,שדה יעקב,language,רוסית,10
2026-07-30T18:31:55,31,עור,שופה,gender,גבר,33
2026-07-30T18:31:55,31,עור,שופה,gender,אישה,15
2026-07-30T18:31:55,31,עור,שופה,visit_type,ביקור במרפאה,49
2026-07-30T18:31:55,31,עור,שופה,language,איטלקית,1
2026-07-30T18:31:55,31,עור,שופה,language,אנגלית,5
2026-07-30T18:31:55,31,עור,שופה,language,עברית,9
2026-07-30T18:31:55,31,עור,שופה,language,ערבית,1
2026-07-30T18:31:55,31,עור,שופה,language,צרפתית,2
2026-07-30T18:31:55,31,עור,שופה,language,רומנית,1
2026-07-30T18:31:55,31,עור,שופה,language,רוסית,6
2026-07-30T18:32:07,31,עור,שיטים,gender,גבר,22
2026-07-30T18:32:07,31,עור,שיטים,gender,אישה,10
2026-07-30T18:32:07,31,עור,שיטים,visit_type,ביקור במרפאה,34
2026-07-30T18:32:07,31,עור,שיטים,language,אנגלית,4
2026-07-30T18:32:07,31,עור,שיטים,language,בולגרית,1
2026-07-30T18:32:07,31,עור,שיטים,language,עברית,6
2026-07-30T18:32:07,31,עור,שיטים,language,ערבית,1
2026-07-30T18:32:07,31,עור,שיטים,language,רוסית,2
2026-07-30T18:32:19,31,עור,שלומית,gender,אישה,9
2026-07-30T18:32:19,31,עור,שלומית,gender,גבר,21
2026-07-30T18:32:19,31,עור,שלומית,visit_type,ביקור במרפאה,32
2026-07-30T18:32:19,31,עור,שלומית,language,אנגלית,4
2026-07-30T18:32:19,31,עור,שלומית,language,בולגרית,1
2026-07-30T18:32:19,31,עור,שלומית,language,עברית,7
2026-07-30T18:32:19,31,עור,שלומית,language,רוסית,5
2026-07-30T18:32:31,31,עור,שעלבים,gender,גבר,28
2026-07-30T18:32:31,31,עור,שעלבים,gender,אישה,6
2026-07-30T18:32:31,31,עור,שעלבים,visit_type,ביקור במרפאה,34
2026-07-30T18:32:31,31,עור,שעלבים,visit_type,שיחת טלפון,2
2026-07-30T18:32:31,31,עור,שעלבים,language,אנגלית,4
2026-07-30T18:32:31,31,עור,שעלבים,language,אפריקנס,1
2026-07-30T18:32:31,31,עור,שעלבים,language,הולנדית,1
2026-07-30T18:32:31,31,עור,שעלבים,language,עברית,8
2026-07-30T18:32:31,31,עור,שעלבים,language,רוסית,3
2026-07-30T18:32:36,31,עור,שקד,gender,גבר,33
2026-07-30T18:32:36,31,עור,שקד,gender,אישה,15
2026-07-30T18:32:36,31,עור,שקד,visit_type,ביקור במרפאה,49
2026-07-30T18:32:36,31,עור,שקד,language,איטלקית,1
2026-07-30T18:32:36,31,עור,שקד,language,אנגלית,5
2026-07-30T18:32:36,31,עור,שקד,language,עברית,9
2026-07-30T18:32:36,31,עור,שקד,language,ערבית,1
2026-07-30T18:32:36,31,עור,שקד,language,צרפתית,2
2026-07-30T18:32:36,31,עור,שקד,language,רומנית,1
2026-07-30T18:32:36,31,עור,שקד,language,רוסית,6
2026-07-30T18:32:48,31,עור,תובל,gender,גבר,45
2026-07-30T18:32:48,31,עור,תובל,gender,אישה,6
2026-07-30T18:32:48,31,עור,תובל,visit_type,ביקור במרפאה,52
2026-07-30T18:32:48,31,עור,תובל,language,אידיש,1
2026-07-30T18:32:48,31,עור,תובל,language,אנגלית,28
2026-07-30T18:32:48,31,עור,תובל,language,גרמנית,7
2026-07-30T18:32:48,31,עור,תובל,language,עברית,51
2026-07-30T18:32:48,31,עור,תובל,language,ערבית,45
2026-07-30T18:32:48,31,עור,תובל,language,רומנית,12
2026-07-30T18:32:48,31,עור,תובל,language,רוסית,3
2026-07-30T18:32:59,31,עור,תל אביב יפו,gender,גבר,31
2026-07-30T18:32:59,31,עור,תל אביב יפו,gender,אישה,20
2026-07-30T18:32:59,31,עור,תל אביב יפו,visit_type,ביקור במרפאה,61
2026-07-30T18:32:59,31,עור,תל אביב יפו,language,אידיש,1
2026-07-30T18:32:59,31,עור,תל אביב יפו,language,אנגלית,15
2026-07-30T18:32:59,31,עור,תל אביב יפו,language,אפריקנס,1
2026-07-30T18:32:59,31,עור,תל אביב יפו,language,גרמנית,2
2026-07-30T18:32:59,31,עור,תל אביב יפו,language,הולנדית,1
2026-07-30T18:32:59,31,עור,תל אביב יפו,language,עברית,27
2026-07-30T18:32:59,31,עור,תל אביב יפו,language,ערבית,2
2026-07-30T18:32:59,31,עור,תל אביב יפו,language,צרפתית,2
2026-07-30T18:32:59,31,עור,תל אביב יפו,language,רומנית,1
2026-07-30T18:32:59,31,עור,תל אביב יפו,language,רוסית,1
2026-07-30T18:33:15,31,עור,תנובות,gender,גבר,33
2026-07-30T18:33:15,31,עור,תנובות,gender,אישה,15
2026-07-30T18:33:15,31,עור,תנובות,visit_type,ביקור במרפאה,49
2026-07-30T18:33:15,31,עור,תנובות,language,איטלקית,1
2026-07-30T18:33:15,31,עור,תנובות,language,אנגלית,5
2026-07-30T18:33:15,31,עור,תנובות,language,עברית,9
2026-07-30T18:33:15,31,עור,תנובות,language,ערבית,1
2026-07-30T18:33:15,31,עור,תנובות,language,צרפתית,2
2026-07-30T18:33:15,31,עור,תנובות,language,רומנית,1
2026-07-30T18:33:15,31,עור,תנובות,language,רוסית,6
2026-07-30T18:33:27,31,עור,תפוח,gender,גבר,24
2026-07-30T18:33:27,31,עור,תפוח,gender,אישה,19
2026-07-30T18:33:27,31,עור,תפוח,visit_type,ביקור במרפאה,45
2026-07-30T18:33:27,31,עור,תפוח,language,אנגלית,6
2026-07-30T18:33:27,31,עור,תפוח,language,ספרדית,1
2026-07-30T18:33:27,31,עור,תפוח,language,עברית,13
2026-07-30T18:33:27,31,עור,תפוח,language,צרפתית,4
2026-07-30T18:33:27,31,עור,תפוח,language,רוסית,7
2026-07-30T18:33:37,61,עיניים,א סייד שבט,gender,גבר,44
2026-07-30T18:33:37,61,עיניים,א סייד שבט,gender,אישה,6
2026-07-30T18:33:37,61,עיניים,א סייד שבט,visit_type,ביקור במרפאה,51
2026-07-30T18:33:37,61,עיניים,א סייד שבט,visit_type,שיחת טלפון,1
2026-07-30T18:33:37,61,עיניים,א סייד שבט,language,איטלקית,1
2026-07-30T18:33:37,61,עיניים,א סייד שבט,language,אנגלית,2
2026-07-30T18:33:37,61,עיניים,א סייד שבט,language,עברית,5
2026-07-30T18:33:37,61,עיניים,א סייד שבט,language,רוסית,5
2026-07-30T18:33:50,61,עיניים,אבו סריחאן,gender,גבר,44
2026-07-30T18:33:50,61,עיניים,אבו סריחאן,gender,אישה,6
2026-07-30T18:33:50,61,עיניים,אבו סריחאן,visit_type,ביקור במרפאה,51
2026-07-30T18:33:50,61,עיניים,אבו סריחאן,visit_type,שיחת טלפון,1
2026-07-30T18:33:50,61,עיניים,אבו סריחאן,language,איטלקית,1
2026-07-30T18:33:50,61,עיניים,אבו סריחאן,language,אנגלית,2
2026-07-30T18:33:50,61,עיניים,אבו סריחאן,language,עברית,5
2026-07-30T18:33:50,61,עיניים,אבו סריחאן,language,רוסית,5
2026-07-30T18:34:01,61,עיניים,אודים,gender,גבר,54
2026-07-30T18:34:01,61,עיניים,אודים,gender,אישה,14
2026-07-30T18:34:01,61,עיניים,אודים,visit_type,ביקור במרפאה,70
2026-07-30T18:34:01,61,עיניים,אודים,visit_type,שיחת טלפון,1
2026-07-30T18:34:01,61,עיניים,אודים,language,אידיש,2
2026-07-30T18:34:01,61,עיניים,אודים,language,איטלקית,1
2026-07-30T18:34:01,61,עיניים,אודים,language,אנגלית,10
2026-07-30T18:34:01,61,עיניים,אודים,language,ספרדית,3
2026-07-30T18:34:01,61,עיניים,אודים,language,עברית,13
2026-07-30T18:34:01,61,עיניים,אודים,language,ערבית,2
2026-07-30T18:34:01,61,עיניים,אודים,language,צרפתית,2
2026-07-30T18:34:01,61,עיניים,אודים,language,רוסית,1
2026-07-30T18:34:13,61,עיניים,אזור,gender,גבר,31
2026-07-30T18:34:13,61,עיניים,אזור,gender,אישה,19
2026-07-30T18:34:13,61,עיניים,אזור,visit_type,ביקור במרפאה,59
2026-07-30T18:34:13,61,עיניים,אזור,language,אידיש,1
2026-07-30T18:34:13,61,עיניים,אזור,language,אנגלית,18
2026-07-30T18:34:13,61,עיניים,אזור,language,גרמנית,2
2026-07-30T18:34:13,61,עיניים,אזור,language,הונגרית,1
2026-07-30T18:34:13,61,עיניים,אזור,language,עברית,33
2026-07-30T18:34:13,61,עיניים,אזור,language,ערבית,1
2026-07-30T18:34:13,61,עיניים,אזור,language,צרפתית,3
2026-07-30T18:34:13,61,עיניים,אזור,language,רומנית,1
2026-07-30T18:34:13,61,עיניים,אזור,language,רוסית,5
2026-07-30T18:34:23,61,עיניים,אחיסמך,gender,אישה,15
2026-07-30T18:34:23,61,עיניים,אחיסמך,gender,גבר,22
2026-07-30T18:34:23,61,עיניים,אחיסמך,visit_type,ביקור במרפאה,41
2026-07-30T18:34:23,61,עיניים,אחיסמך,language,אנגלית,6
2026-07-30T18:34:23,61,עיניים,אחיסמך,language,הונגרית,1
2026-07-30T18:34:23,61,עיניים,אחיסמך,language,עברית,6
2026-07-30T18:34:23,61,עיניים,אחיסמך,language,ערבית,1
2026-07-30T18:34:23,61,עיניים,אחיסמך,language,צרפתית,1
2026-07-30T18:34:23,61,עיניים,אחיסמך,language,רומנית,1
2026-07-30T18:34:23,61,עיניים,אחיסמך,language,רוסית,1
2026-07-30T18:34:29,61,עיניים,אילות,gender,גבר,3
2026-07-30T18:34:29,61,עיניים,אילות,visit_type,ביקור במרפאה,4
2026-07-30T18:34:29,61,עיניים,אילות,language,איטלקית,1
2026-07-30T18:34:29,61,עיניים,אילות,language,אנגלית,1
2026-07-30T18:34:29,61,עיניים,אילות,language,ספרדית,1
2026-07-30T18:34:29,61,עיניים,אילות,language,עברית,2
2026-07-30T18:34:29,61,עיניים,אילות,language,רוסית,2
2026-07-30T18:34:31,61,עיניים,אל עזי,gender,גבר,28
2026-07-30T18:34:31,61,עיניים,אל עזי,gender,אישה,19
2026-07-30T18:34:31,61,עיניים,אל עזי,visit_type,ביקור במרפאה,54
2026-07-30T18:34:31,61,עיניים,אל עזי,language,אנגלית,12
2026-07-30T18:34:31,61,עיניים,אל עזי,language,הונגרית,1
2026-07-30T18:34:31,61,עיניים,אל עזי,language,עברית,12
2026-07-30T18:34:31,61,עיניים,אל עזי,language,ערבית,2
2026-07-30T18:34:31,61,עיניים,אל עזי,language,צרפתית,1
2026-07-30T18:34:31,61,עיניים,אל עזי,language,רומנית,3
2026-07-30T18:34:31,61,עיניים,אל עזי,language,רוסית,5
2026-07-30T18:34:41,61,עיניים,אעבלין,gender,גבר,56
2026-07-30T18:34:41,61,עיניים,אעבלין,gender,אישה,17
2026-07-30T18:34:41,61,עיניים,אעבלין,visit_type,ביקור במרפאה,77
2026-07-30T18:34:41,61,עיניים,אעבלין,visit_type,שיחת טלפון,1
2026-07-30T18:34:41,61,עיניים,אעבלין,language,אוקראינית,1
2026-07-30T18:34:41,61,עיניים,אעבלין,language,אידיש,1
2026-07-30T18:34:41,61,עיניים,אעבלין,language,אנגלית,47
2026-07-30T18:34:41,61,עיניים,אעבלין,language,בולגרית,7
2026-07-30T18:34:41,61,עיניים,אעבלין,language,גרמנית,1
2026-07-30T18:34:41,61,עיניים,אעבלין,language,עברית,71
2026-07-30T18:34:41,61,עיניים,אעבלין,language,ערבית,48
2026-07-30T18:34:41,61,עיניים,אעבלין,language,צרפתית,1
2026-07-30T18:34:41,61,עיניים,אעבלין,language,רומנית,14
2026-07-30T18:34:41,61,עיניים,אעבלין,language,רוסית,18
2026-07-30T18:34:53,61,עיניים,ארטאס,gender,אישה,13
2026-07-30T18:34:53,61,עיניים,ארטאס,gender,גבר,17
2026-07-30T18:34:53,61,עיניים,ארטאס,visit_type,ביקור במרפאה,30
2026-07-30T18:34:53,61,עיניים,ארטאס,language,אנגלית,4
2026-07-30T18:34:53,61,עיניים,ארטאס,language,עברית,6
2026-07-30T18:34:53,61,עיניים,ארטאס,language,ערבית,6
2026-07-30T18:34:53,61,עיניים,ארטאס,language,צרפתית,1
2026-07-30T18:34:53,61,עיניים,ארטאס,language,רומנית,1
2026-07-30T18:35:03,61,עיניים,אשל הנשיא בי''ס אזורי,gender,גבר,56
2026-07-30T18:35:03,61,עיניים,אשל הנשיא בי''ס אזורי,gender,אישה,13
2026-07-30T18:35:03,61,עיניים,אשל הנשיא בי''ס אזורי,visit_type,ביקור במרפאה,71
2026-07-30T18:35:03,61,עיניים,אשל הנשיא בי''ס אזורי,visit_type,שיחת טלפון,1
2026-07-30T18:35:03,61,עיניים,אשל הנשיא בי''ס אזורי,language,איטלקית,2
2026-07-30T18:35:03,61,עיניים,אשל הנשיא בי''ס אזורי,language,אנגלית,3
2026-07-30T18:35:03,61,עיניים,אשל הנשיא בי''ס אזורי,language,ספרדית,1
2026-07-30T18:35:03,61,עיניים,אשל הנשיא בי''ס אזורי,language,עברית,6
2026-07-30T18:35:03,61,עיניים,אשל הנשיא בי''ס אזורי,language,צרפתית,1
2026-07-30T18:35:03,61,עיניים,אשל הנשיא בי''ס אזורי,language,רומנית,1
2026-07-30T18:35:03,61,עיניים,אשל הנשיא בי''ס אזורי,language,רוסית,5
2026-07-30T18:35:19,61,עיניים,באר מילכה,gender,גבר,44
2026-07-30T18:35:19,61,עיניים,באר מילכה,gender,אישה,6
2026-07-30T18:35:19,61,עיניים,באר מילכה,visit_type,ביקור במרפאה,51
2026-07-30T18:35:19,61,עיניים,באר מילכה,visit_type,שיחת טלפון,1
2026-07-30T18:35:19,61,עיניים,באר מילכה,language,איטלקית,1
2026-07-30T18:35:19,61,עיניים,באר מילכה,language,אנגלית,2
2026-07-30T18:35:19,61,עיניים,באר מילכה,language,עברית,5
2026-07-30T18:35:19,61,עיניים,באר מילכה,language,רוסית,5
2026-07-30T18:35:29,61,עיניים,בורוקין,gender,גבר,38
2026-07-30T18:35:29,61,עיניים,בורוקין,gender,אישה,15
2026-07-30T18:35:29,61,עיניים,בורוקין,visit_type,ביקור במרפאה,58
2026-07-30T18:35:29,61,עיניים,בורוקין,language,אידיש,1
2026-07-30T18:35:29,61,עיניים,בורוקין,language,איטלקית,1
2026-07-30T18:35:29,61,עיניים,בורוקין,language,אנגלית,26
2026-07-30T18:35:29,61,עיניים,בורוקין,language,גרוזינית,2
2026-07-30T18:35:29,61,עיניים,בורוקין,language,ספרדית,1
2026-07-30T18:35:29,61,עיניים,בורוקין,language,עברית,53
2026-07-30T18:35:29,61,עיניים,בורוקין,language,ערבית,5
2026-07-30T18:35:29,61,עיניים,בורוקין,language,פולנית,1
2026-07-30T18:35:29,61,עיניים,בורוקין,language,צרפתית,1
2026-07-30T18:35:29,61,עיניים,בורוקין,language,רומנית,2
2026-07-30T18:35:29,61,עיניים,בורוקין,language,רוסית,13
2026-07-30T18:35:39,61,עיניים,בילעין,gender,אישה,13
2026-07-30T18:35:39,61,עיניים,בילעין,gender,גבר,17
2026-07-30T18:35:39,61,עיניים,בילעין,visit_type,ביקור במרפאה,30
2026-07-30T18:35:39,61,עיניים,בילעין,language,אנגלית,4
2026-07-30T18:35:39,61,עיניים,בילעין,language,עברית,6
2026-07-30T18:35:39,61,עיניים,בילעין,language,ערבית,6
2026-07-30T18:35:39,61,עיניים,בילעין,language,צרפתית,1
2026-07-30T18:35:39,61,עיניים,בילעין,language,רומנית,1
2026-07-30T18:35:47,61,עיניים,בני דקלים,gender,גבר,36
2026-07-30T18:35:47,61,עיניים,בני דקלים,gender,אישה,13
2026-07-30T18:35:47,61,עיניים,בני דקלים,visit_type,ביקור במרפאה,51
2026-07-30T18:35:47,61,עיניים,בני דקלים,visit_type,שיחת טלפון,1
2026-07-30T18:35:47,61,עיניים,בני דקלים,language,איטלקית,2
2026-07-30T18:35:47,61,עיניים,בני דקלים,language,אנגלית,3
2026-07-30T18:35:47,61,עיניים,בני דקלים,language,ספרדית,1
2026-07-30T18:35:47,61,עיניים,בני דקלים,language,עברית,5
2026-07-30T18:35:47,61,עיניים,בני דקלים,language,צרפתית,1
2026-07-30T18:35:47,61,עיניים,בני דקלים,language,רומנית,1
2026-07-30T18:35:47,61,עיניים,בני דקלים,language,רוסית,4
2026-07-30T18:36:00,61,עיניים,בסמת טבעון,gender,גבר,78
2026-07-30T18:36:00,61,עיניים,בסמת טבעון,gender,אישה,38
2026-07-30T18:36:00,61,עיניים,בסמת טבעון,visit_type,ביקור במרפאה,122
2026-07-30T18:36:00,61,עיניים,בסמת טבעון,visit_type,שיחת טלפון,2
2026-07-30T18:36:00,61,עיניים,בסמת טבעון,language,אוקראינית,1
2026-07-30T18:36:00,61,עיניים,בסמת טבעון,language,אידיש,4
2026-07-30T18:36:00,61,עיניים,בסמת טבעון,language,איטלקית,2
2026-07-30T18:36:00,61,עיניים,בסמת טבעון,language,אנגלית,47
2026-07-30T18:36:00,61,עיניים,בסמת טבעון,language,בולגרית,1
2026-07-30T18:36:00,61,עיניים,בסמת טבעון,language,גרמנית,2
2026-07-30T18:36:00,61,עיניים,בסמת טבעון,language,הונגרית,1
2026-07-30T18:36:00,61,עיניים,בסמת טבעון,language,ספרדית,2
2026-07-30T18:36:00,61,עיניים,בסמת טבעון,language,עברית,69
2026-07-30T18:36:00,61,עיניים,בסמת טבעון,language,ערבית,24
2026-07-30T18:36:00,61,עיניים,בסמת טבעון,language,פולנית,1
2026-07-30T18:36:00,61,עיניים,בסמת טבעון,language,פרסית,1
2026-07-30T18:36:00,61,עיניים,בסמת טבעון,language,צרפתית,3
2026-07-30T18:36:00,61,עיניים,בסמת טבעון,language,רומנית,1
2026-07-30T18:36:00,61,עיניים,בסמת טבעון,language,רוסית,21
2026-07-30T18:36:22,61,עיניים,ברור חיל,gender,גבר,36
2026-07-30T18:36:22,61,עיניים,ברור חיל,gender,אישה,13
2026-07-30T18:36:22,61,עיניים,ברור חיל,visit_type,ביקור במרפאה,51
2026-07-30T18:36:22,61,עיניים,ברור חיל,visit_type,שיחת טלפון,1
2026-07-30T18:36:22,61,עיניים,ברור חיל,language,איטלקית,2
2026-07-30T18:36:22,61,עיניים,ברור חיל,language,אנגלית,3
2026-07-30T18:36:22,61,עיניים,ברור חיל,language,ספרדית,1
2026-07-30T18:36:22,61,עיניים,ברור חיל,language,עברית,5
2026-07-30T18:36:22,61,עיניים,ברור חיל,language,צרפתית,1
2026-07-30T18:36:22,61,עיניים,ברור חיל,language,רומנית,1
2026-07-30T18:36:22,61,עיניים,ברור חיל,language,רוסית,4
2026-07-30T18:36:34,61,עיניים,בת שלמה,gender,גבר,78
2026-07-30T18:36:34,61,עיניים,בת שלמה,gender,אישה,23
2026-07-30T18:36:34,61,עיניים,בת שלמה,visit_type,ביקור במרפאה,105
2026-07-30T18:36:34,61,עיניים,בת שלמה,visit_type,שיחת טלפון,1
2026-07-30T18:36:34,61,עיניים,בת שלמה,language,אידיש,2
2026-07-30T18:36:34,61,עיניים,בת שלמה,language,איטלקית,2
2026-07-30T18:36:34,61,עיניים,בת שלמה,language,אנגלית,21
2026-07-30T18:36:34,61,עיניים,בת שלמה,language,גרמנית,1
2026-07-30T18:36:34,61,עיניים,בת שלמה,language,ספרדית,3
2026-07-30T18:36:34,61,עיניים,בת שלמה,language,עברית,29
2026-07-30T18:36:34,61,עיניים,בת שלמה,language,ערבית,10
2026-07-30T18:36:34,61,עיניים,בת שלמה,language,פולנית,1
2026-07-30T18:36:34,61,עיניים,בת שלמה,language,פרסית,1
2026-07-30T18:36:34,61,עיניים,בת שלמה,language,צרפתית,2
2026-07-30T18:36:34,61,עיניים,בת שלמה,language,רומנית,1
2026-07-30T18:36:34,61,עיניים,בת שלמה,language,רוסית,4
2026-07-30T18:36:53,61,עיניים,גבים,gender,גבר,36
2026-07-30T18:36:53,61,עיניים,גבים,gender,אישה,13
2026-07-30T18:36:53,61,עיניים,גבים,visit_type,ביקור במרפאה,51
2026-07-30T18:36:53,61,עיניים,גבים,visit_type,שיחת טלפון,1
2026-07-30T18:36:53,61,עיניים,גבים,language,איטלקית,2
2026-07-30T18:36:53,61,עיניים,גבים,language,אנגלית,3
2026-07-30T18:36:53,61,עיניים,גבים,language,ספרדית,1
2026-07-30T18:36:53,61,עיניים,גבים,language,עברית,5
2026-07-30T18:36:53,61,עיניים,גבים,language,צרפתית,1
2026-07-30T18:36:53,61,עיניים,גבים,language,רומנית,1
2026-07-30T18:36:53,61,עיניים,גבים,language,רוסית,4
2026-07-30T18:37:06,61,עיניים,גדיש,gender,גבר,104
2026-07-30T18:37:06,61,עיניים,גדיש,gender,אישה,16
2026-07-30T18:37:06,61,עיניים,גדיש,visit_type,ביקור במרפאה,125
2026-07-30T18:37:06,61,עיניים,גדיש,visit_type,שיחת טלפון,1
2026-07-30T18:37:06,61,עיניים,גדיש,language,אידיש,1
2026-07-30T18:37:06,61,עיניים,גדיש,language,איטלקית,1
2026-07-30T18:37:06,61,עיניים,גדיש,language,אנגלית,31
2026-07-30T18:37:06,61,עיניים,גדיש,language,גרמנית,1
2026-07-30T18:37:06,61,עיניים,גדיש,language,ספרדית,1
2026-07-30T18:37:06,61,עיניים,גדיש,language,עברית,44
2026-07-30T18:37:06,61,עיניים,גדיש,language,ערבית,25
2026-07-30T18:37:06,61,עיניים,גדיש,language,פולנית,1
2026-07-30T18:37:06,61,עיניים,גדיש,language,פרסית,1
2026-07-30T18:37:06,61,עיניים,גדיש,language,צרפתית,1
2026-07-30T18:37:06,61,עיניים,גדיש,language,רומנית,1
2026-07-30T18:37:06,61,עיניים,גדיש,language,רוסית,5
2026-07-30T18:37:23,61,עיניים,גיזו,gender,אישה,13
2026-07-30T18:37:23,61,עיניים,גיזו,gender,גבר,17
2026-07-30T18:37:23,61,עיניים,גיזו,visit_type,ביקור במרפאה,30
2026-07-30T18:37:23,61,עיניים,גיזו,language,אנגלית,4
2026-07-30T18:37:23,61,עיניים,גיזו,language,עברית,6
2026-07-30T18:37:23,61,עיניים,גיזו,language,ערבית,6
2026-07-30T18:37:23,61,עיניים,גיזו,language,צרפתית,1
2026-07-30T18:37:23,61,עיניים,גיזו,language,רומנית,1
2026-07-30T18:37:30,61,עיניים,גליל ים,gender,גבר,80
2026-07-30T18:37:30,61,עיניים,גליל ים,gender,אישה,24
2026-07-30T18:37:30,61,עיניים,גליל ים,visit_type,ביקור במרפאה,110
2026-07-30T18:37:30,61,עיניים,גליל ים,visit_type,שיחת טלפון,1
2026-07-30T18:37:30,61,עיניים,גליל ים,language,אידיש,2
2026-07-30T18:37:30,61,עיניים,גליל ים,language,איטלקית,1
2026-07-30T18:37:30,61,עיניים,גליל ים,language,אנגלית,24
2026-07-30T18:37:30,61,עיניים,גליל ים,language,גרוזינית,1
2026-07-30T18:37:30,61,עיניים,גליל ים,language,גרמנית,1
2026-07-30T18:37:30,61,עיניים,גליל ים,language,ספרדית,3
2026-07-30T18:37:30,61,עיניים,גליל ים,language,עברית,46
2026-07-30T18:37:30,61,עיניים,גליל ים,language,ערבית,5
2026-07-30T18:37:30,61,עיניים,גליל ים,language,צרפתית,5
2026-07-30T18:37:30,61,עיניים,גליל ים,language,רומנית,2
2026-07-30T18:37:30,61,עיניים,גליל ים,language,רוסית,9
2026-07-30T18:37:49,61,עיניים,גני תקווה,gender,גבר,38
2026-07-30T18:37:49,61,עיניים,גני תקווה,gender,אישה,15
2026-07-30T18:37:49,61,עיניים,גני תקווה,visit_type,ביקור במרפאה,58
2026-07-30T18:37:49,61,עיניים,גני תקווה,language,אידיש,1
2026-07-30T18:37:49,61,עיניים,גני תקווה,language,איטלקית,1
2026-07-30T18:37:49,61,עיניים,גני תקווה,language,אנגלית,26
2026-07-30T18:37:49,61,עיניים,גני תקווה,language,גרוזינית,2
2026-07-30T18:37:49,61,עיניים,גני תקווה,language,ספרדית,1
2026-07-30T18:37:49,61,עיניים,גני תקווה,language,עברית,53
2026-07-30T18:37:49,61,עיניים,גני תקווה,language,ערבית,5
2026-07-30T18:37:49,61,עיניים,גני תקווה,language,פולנית,1
2026-07-30T18:37:49,61,עיניים,גני תקווה,language,צרפתית,1
2026-07-30T18:37:49,61,עיניים,גני תקווה,language,רומנית,2
2026-07-30T18:37:49,61,עיניים,גני תקווה,language,רוסית,13
2026-07-30T18:38:01,61,עיניים,דאלית אל כרמל,gender,גבר,78
2026-07-30T18:38:01,61,עיניים,דאלית אל כרמל,gender,אישה,38
2026-07-30T18:38:01,61,עיניים,דאלית אל כרמל,visit_type,ביקור במרפאה,122
2026-07-30T18:38:01,61,עיניים,דאלית אל כרמל,visit_type,שיחת טלפון,2
2026-07-30T18:38:01,61,עיניים,דאלית אל כרמל,language,אוקראינית,1
2026-07-30T18:38:01,61,עיניים,דאלית אל כרמל,language,אידיש,4
2026-07-30T18:38:01,61,עיניים,דאלית אל כרמל,language,איטלקית,2
2026-07-30T18:38:01,61,עיניים,דאלית אל כרמל,language,אנגלית,47
2026-07-30T18:38:01,61,עיניים,דאלית אל כרמל,language,בולגרית,1
2026-07-30T18:38:01,61,עיניים,דאלית אל כרמל,language,גרמנית,2
2026-07-30T18:38:01,61,עיניים,דאלית אל כרמל,language,הונגרית,1
2026-07-30T18:38:01,61,עיניים,דאלית אל כרמל,language,ספרדית,2
2026-07-30T18:38:01,61,עיניים,דאלית אל כרמל,language,עברית,69
2026-07-30T18:38:01,61,עיניים,דאלית אל כרמל,language,ערבית,24
2026-07-30T18:38:01,61,עיניים,דאלית אל כרמל,language,פולנית,1
2026-07-30T18:38:01,61,עיניים,דאלית אל כרמל,language,פרסית,1
2026-07-30T18:38:01,61,עיניים,דאלית אל כרמל,language,צרפתית,3
2026-07-30T18:38:01,61,עיניים,דאלית אל כרמל,language,רומנית,1
2026-07-30T18:38:01,61,עיניים,דאלית אל כרמל,language,רוסית,21
2026-07-30T18:38:19,61,עיניים,דולב,gender,אישה,13
2026-07-30T18:38:19,61,עיניים,דולב,gender,גבר,17
2026-07-30T18:38:19,61,עיניים,דולב,visit_type,ביקור במרפאה,30
2026-07-30T18:38:19,61,עיניים,דולב,language,אנגלית,4
2026-07-30T18:38:19,61,עיניים,דולב,language,עברית,6
2026-07-30T18:38:19,61,עיניים,דולב,language,ערבית,6
2026-07-30T18:38:19,61,עיניים,דולב,language,צרפתית,1
2026-07-30T18:38:19,61,עיניים,דולב,language,רומנית,1
2026-07-30T18:38:25,61,עיניים,דייר ראפאת,gender,אישה,13
2026-07-30T18:38:25,61,עיניים,דייר ראפאת,gender,גבר,17
2026-07-30T18:38:25,61,עיניים,דייר ראפאת,visit_type,ביקור במרפאה,30
2026-07-30T18:38:25,61,עיניים,דייר ראפאת,language,אנגלית,4
2026-07-30T18:38:25,61,עיניים,דייר ראפאת,language,עברית,6
2026-07-30T18:38:25,61,עיניים,דייר ראפאת,language,ערבית,6
2026-07-30T18:38:25,61,עיניים,דייר ראפאת,language,צרפתית,1
2026-07-30T18:38:25,61,עיניים,דייר ראפאת,language,רומנית,1
2026-07-30T18:38:32,61,עיניים,דמיידה,gender,גבר,79
2026-07-30T18:38:32,61,עיניים,דמיידה,gender,אישה,33
2026-07-30T18:38:32,61,עיניים,דמיידה,visit_type,ביקור במרפאה,117
2026-07-30T18:38:32,61,עיניים,דמיידה,visit_type,שיחת טלפון,2
2026-07-30T18:38:32,61,עיניים,דמיידה,language,אוקראינית,1
2026-07-30T18:38:32,61,עיניים,דמיידה,language,אידיש,3
2026-07-30T18:38:32,61,עיניים,דמיידה,language,איטלקית,2
2026-07-30T18:38:32,61,עיניים,דמיידה,language,אנגלית,77
2026-07-30T18:38:32,61,עיניים,דמיידה,language,בולגרית,8
2026-07-30T18:38:32,61,עיניים,דמיידה,language,גרמנית,3
2026-07-30T18:38:32,61,עיניים,דמיידה,language,הונגרית,1
2026-07-30T18:38:32,61,עיניים,דמיידה,language,ספרדית,1
2026-07-30T18:38:32,61,עיניים,דמיידה,language,עברית,110
2026-07-30T18:38:32,61,עיניים,דמיידה,language,ערבית,61
2026-07-30T18:38:32,61,עיניים,דמיידה,language,פולנית,1
2026-07-30T18:38:32,61,עיניים,דמיידה,language,פרסית,1
2026-07-30T18:38:32,61,עיניים,דמיידה,language,צרפתית,2
2026-07-30T18:38:32,61,עיניים,דמיידה,language,רומנית,15
2026-07-30T18:38:32,61,עיניים,דמיידה,language,רוסית,27
2026-07-30T18:38:51,61,עיניים,הוד השרון,gender,אישה,23
2026-07-30T18:38:51,61,עיניים,הוד השרון,gender,גבר,46
2026-07-30T18:38:51,61,עיניים,הוד השרון,visit_type,ביקור במרפאה,75
2026-07-30T18:38:51,61,עיניים,הוד השרון,language,אידיש,2
2026-07-30T18:38:51,61,עיניים,הוד השרון,language,איטלקית,2
2026-07-30T18:38:51,61,עיניים,הוד השרון,language,אנגלית,30
2026-07-30T18:38:51,61,עיניים,הוד השרון,language,גרוזינית,2
2026-07-30T18:38:51,61,עיניים,הוד השרון,language,ספרדית,3
2026-07-30T18:38:51,61,עיניים,הוד השרון,language,עברית,57
2026-07-30T18:38:51,61,עיניים,הוד השרון,language,ערבית,5
2026-07-30T18:38:51,61,עיניים,הוד השרון,language,פולנית,1
2026-07-30T18:38:51,61,עיניים,הוד השרון,language,צרפתית,2
2026-07-30T18:38:51,61,עיניים,הוד השרון,language,רומנית,2
2026-07-30T18:38:51,61,עיניים,הוד השרון,language,רוסית,13
2026-07-30T18:39:03,61,עיניים,הילה,gender,גבר,56
2026-07-30T18:39:03,61,עיניים,הילה,gender,אישה,17
2026-07-30T18:39:03,61,עיניים,הילה,visit_type,ביקור במרפאה,77
2026-07-30T18:39:03,61,עיניים,הילה,visit_type,שיחת טלפון,1
2026-07-30T18:39:03,61,עיניים,הילה,language,אוקראינית,1
2026-07-30T18:39:03,61,עיניים,הילה,language,אידיש,1
2026-07-30T18:39:03,61,עיניים,הילה,language,אנגלית,47
2026-07-30T18:39:03,61,עיניים,הילה,language,בולגרית,7
2026-07-30T18:39:03,61,עיניים,הילה,language,גרמנית,1
2026-07-30T18:39:03,61,עיניים,הילה,language,עברית,71
2026-07-30T18:39:03,61,עיניים,הילה,language,ערבית,48
2026-07-30T18:39:03,61,עיניים,הילה,language,צרפתית,1
2026-07-30T18:39:03,61,עיניים,הילה,language,רומנית,14
2026-07-30T18:39:03,61,עיניים,הילה,language,רוסית,18
2026-07-30T18:39:16,61,עיניים,הרצליה,gender,גבר,80
2026-07-30T18:39:16,61,עיניים,הרצליה,gender,אישה,24
2026-07-30T18:39:16,61,עיניים,הרצליה,visit_type,ביקור במרפאה,110
2026-07-30T18:39:16,61,עיניים,הרצליה,visit_type,שיחת טלפון,1
2026-07-30T18:39:16,61,עיניים,הרצליה,language,אידיש,2
2026-07-30T18:39:16,61,עיניים,הרצליה,language,איטלקית,1
2026-07-30T18:39:16,61,עיניים,הרצליה,language,אנגלית,24
2026-07-30T18:39:16,61,עיניים,הרצליה,language,גרוזינית,1
2026-07-30T18:39:16,61,עיניים,הרצליה,language,גרמנית,1
2026-07-30T18:39:16,61,עיניים,הרצליה,language,ספרדית,3
2026-07-30T18:39:16,61,עיניים,הרצליה,language,עברית,46
2026-07-30T18:39:16,61,עיניים,הרצליה,language,ערבית,5
2026-07-30T18:39:16,61,עיניים,הרצליה,language,צרפתית,5
2026-07-30T18:39:16,61,עיניים,הרצליה,language,רומנית,2
2026-07-30T18:39:16,61,עיניים,הרצליה,language,רוסית,9
2026-07-30T18:39:35,61,עיניים,זובובא,gender,גבר,62
2026-07-30T18:39:35,61,עיניים,זובובא,gender,אישה,12
2026-07-30T18:39:35,61,עיניים,זובובא,visit_type,ביקור במרפאה,79
2026-07-30T18:39:35,61,עיניים,זובובא,language,אנגלית,19
2026-07-30T18:39:35,61,עיניים,זובובא,language,עברית,27
2026-07-30T18:39:35,61,עיניים,זובובא,language,ערבית,17
2026-07-30T18:39:35,61,עיניים,זובובא,language,רוסית,4
2026-07-30T18:39:49,61,עיניים,זמר,gender,גבר,78
2026-07-30T18:39:49,61,עיניים,זמר,gender,אישה,23
2026-07-30T18:39:49,61,עיניים,זמר,visit_type,ביקור במרפאה,105
2026-07-30T18:39:49,61,עיניים,זמר,visit_type,שיחת טלפון,1
2026-07-30T18:39:49,61,עיניים,זמר,language,אידיש,2
2026-07-30T18:39:49,61,עיניים,זמר,language,איטלקית,2
2026-07-30T18:39:49,61,עיניים,זמר,language,אנגלית,21
2026-07-30T18:39:49,61,עיניים,זמר,language,גרמנית,1
2026-07-30T18:39:49,61,עיניים,זמר,language,ספרדית,3
2026-07-30T18:39:49,61,עיניים,זמר,language,עברית,29
2026-07-30T18:39:49,61,עיניים,זמר,language,ערבית,10
2026-07-30T18:39:49,61,עיניים,זמר,language,פולנית,1
2026-07-30T18:39:49,61,עיניים,זמר,language,פרסית,1
2026-07-30T18:39:49,61,עיניים,זמר,language,צרפתית,2
2026-07-30T18:39:49,61,עיניים,זמר,language,רומנית,1
2026-07-30T18:39:49,61,עיניים,זמר,language,רוסית,4
2026-07-30T18:40:07,61,עיניים,חבלה,gender,גבר,54
2026-07-30T18:40:07,61,עיניים,חבלה,gender,אישה,14
2026-07-30T18:40:07,61,עיניים,חבלה,visit_type,ביקור במרפאה,70
2026-07-30T18:40:07,61,עיניים,חבלה,visit_type,שיחת טלפון,1
2026-07-30T18:40:07,61,עיניים,חבלה,language,אידיש,2
2026-07-30T18:40:07,61,עיניים,חבלה,language,איטלקית,1
2026-07-30T18:40:07,61,עיניים,חבלה,language,אנגלית,10
2026-07-30T18:40:07,61,עיניים,חבלה,language,ספרדית,3
2026-07-30T18:40:07,61,עיניים,חבלה,language,עברית,13
2026-07-30T18:40:07,61,עיניים,חבלה,language,ערבית,2
2026-07-30T18:40:07,61,עיניים,חבלה,language,צרפתית,2
2026-07-30T18:40:07,61,עיניים,חבלה,language,רוסית,1
2026-07-30T18:40:20,61,עיניים,חדרה,gender,גבר,78
2026-07-30T18:40:20,61,עיניים,חדרה,gender,אישה,23
2026-07-30T18:40:20,61,עיניים,חדרה,visit_type,ביקור במרפאה,105
2026-07-30T18:40:20,61,עיניים,חדרה,visit_type,שיחת טלפון,1
2026-07-30T18:40:20,61,עיניים,חדרה,language,אידיש,2
2026-07-30T18:40:20,61,עיניים,חדרה,language,איטלקית,2
2026-07-30T18:40:20,61,עיניים,חדרה,language,אנגלית,21
2026-07-30T18:40:20,61,עיניים,חדרה,language,גרמנית,1
2026-07-30T18:40:20,61,עיניים,חדרה,language,ספרדית,3
2026-07-30T18:40:20,61,עיניים,חדרה,language,עברית,29
2026-07-30T18:40:20,61,עיניים,חדרה,language,ערבית,10
2026-07-30T18:40:20,61,עיניים,חדרה,language,פולנית,1
2026-07-30T18:40:20,61,עיניים,חדרה,language,פרסית,1
2026-07-30T18:40:20,61,עיניים,חדרה,language,צרפתית,2
2026-07-30T18:40:20,61,עיניים,חדרה,language,רומנית,1
2026-07-30T18:40:20,61,עיניים,חדרה,language,רוסית,4
2026-07-30T18:40:39,61,עיניים,חוקוק,gender,גבר,62
2026-07-30T18:40:39,61,עיניים,חוקוק,gender,אישה,12
2026-07-30T18:40:39,61,עיניים,חוקוק,visit_type,ביקור במרפאה,79
2026-07-30T18:40:39,61,עיניים,חוקוק,language,אנגלית,19
2026-07-30T18:40:39,61,עיניים,חוקוק,language,עברית,27
2026-07-30T18:40:39,61,עיניים,חוקוק,language,ערבית,17
2026-07-30T18:40:39,61,עיניים,חוקוק,language,רוסית,4
2026-07-30T18:40:52,61,עיניים,חמד,gender,גבר,40
2026-07-30T18:40:52,61,עיניים,חמד,gender,אישה,23
2026-07-30T18:40:52,61,עיניים,חמד,visit_type,ביקור במרפאה,73
2026-07-30T18:40:52,61,עיניים,חמד,language,אידיש,1
2026-07-30T18:40:52,61,עיניים,חמד,language,אנגלית,21
2026-07-30T18:40:52,61,עיניים,חמד,language,גרמנית,1
2026-07-30T18:40:52,61,עיניים,חמד,language,הונגרית,1
2026-07-30T18:40:52,61,עיניים,חמד,language,עברית,28
2026-07-30T18:40:52,61,עיניים,חמד,language,ערבית,2
2026-07-30T18:40:52,61,עיניים,חמד,language,צרפתית,1
2026-07-30T18:40:52,61,עיניים,חמד,language,רומנית,3
2026-07-30T18:40:52,61,עיניים,חמד,language,רוסית,7
2026-07-30T18:41:06,61,עיניים,חצב,gender,גבר,14
2026-07-30T18:41:06,61,עיניים,חצב,gender,אישה,16
2026-07-30T18:41:06,61,עיניים,חצב,visit_type,ביקור במרפאה,36
2026-07-30T18:41:06,61,עיניים,חצב,language,אנגלית,9
2026-07-30T18:41:06,61,עיניים,חצב,language,הונגרית,1
2026-07-30T18:41:06,61,עיניים,חצב,language,עברית,9
2026-07-30T18:41:06,61,עיניים,חצב,language,ערבית,2
2026-07-30T18:41:06,61,עיניים,חצב,language,רומנית,3
2026-07-30T18:41:06,61,עיניים,חצב,language,רוסית,5
2026-07-30T18:41:14,61,עיניים,חרשים,gender,גבר,56
2026-07-30T18:41:14,61,עיניים,חרשים,gender,אישה,17
2026-07-30T18:41:14,61,עיניים,חרשים,visit_type,ביקור במרפאה,77
2026-07-30T18:41:14,61,עיניים,חרשים,visit_type,שיחת טלפון,1
2026-07-30T18:41:14,61,עיניים,חרשים,language,אוקראינית,1
2026-07-30T18:41:14,61,עיניים,חרשים,language,אידיש,1
2026-07-30T18:41:14,61,עיניים,חרשים,language,אנגלית,47
2026-07-30T18:41:14,61,עיניים,חרשים,language,בולגרית,7
2026-07-30T18:41:14,61,עיניים,חרשים,language,גרמנית,1
2026-07-30T18:41:14,61,עיניים,חרשים,language,עברית,71
2026-07-30T18:41:14,61,עיניים,חרשים,language,ערבית,48
2026-07-30T18:41:14,61,עיניים,חרשים,language,צרפתית,1
2026-07-30T18:41:14,61,עיניים,חרשים,language,רומנית,14
2026-07-30T18:41:14,61,עיניים,חרשים,language,רוסית,18
2026-07-30T18:41:27,61,עיניים,טירה,gender,גבר,80
2026-07-30T18:41:27,61,עיניים,טירה,gender,אישה,24
2026-07-30T18:41:27,61,עיניים,טירה,visit_type,ביקור במרפאה,110
2026-07-30T18:41:27,61,עיניים,טירה,visit_type,שיחת טלפון,1
2026-07-30T18:41:27,61,עיניים,טירה,language,אידיש,2
2026-07-30T18:41:27,61,עיניים,טירה,language,איטלקית,1
2026-07-30T18:41:27,61,עיניים,טירה,language,אנגלית,24
2026-07-30T18:41:27,61,עיניים,טירה,language,גרוזינית,1
2026-07-30T18:41:27,61,עיניים,טירה,language,גרמנית,1
2026-07-30T18:41:27,61,עיניים,טירה,language,ספרדית,3
2026-07-30T18:41:27,61,עיניים,טירה,language,עברית,46
2026-07-30T18:41:27,61,עיניים,טירה,language,ערבית,5
2026-07-30T18:41:27,61,עיניים,טירה,language,צרפתית,5
2026-07-30T18:41:27,61,עיניים,טירה,language,רומנית,2
2026-07-30T18:41:27,61,עיניים,טירה,language,רוסית,9
2026-07-30T18:41:48,61,עיניים,טמון,gender,גבר,54
2026-07-30T18:41:48,61,עיניים,טמון,gender,אישה,14
2026-07-30T18:41:48,61,עיניים,טמון,visit_type,ביקור במרפאה,70
2026-07-30T18:41:48,61,עיניים,טמון,visit_type,שיחת טלפון,1
2026-07-30T18:41:48,61,עיניים,טמון,language,אידיש,2
2026-07-30T18:41:48,61,עיניים,טמון,language,איטלקית,1
2026-07-30T18:41:48,61,עיניים,טמון,language,אנגלית,10
2026-07-30T18:41:48,61,עיניים,טמון,language,ספרדית,3
2026-07-30T18:41:48,61,עיניים,טמון,language,עברית,13
2026-07-30T18:41:48,61,עיניים,טמון,language,ערבית,2
2026-07-30T18:41:48,61,עיניים,טמון,language,צרפתית,2
2026-07-30T18:41:48,61,עיניים,טמון,language,רוסית,1
2026-07-30T18:42:03,61,עיניים,יבול,gender,גבר,36
2026-07-30T18:42:03,61,עיניים,יבול,gender,אישה,13
2026-07-30T18:42:03,61,עיניים,יבול,visit_type,ביקור במרפאה,51
2026-07-30T18:42:03,61,עיניים,יבול,visit_type,שיחת טלפון,1
2026-07-30T18:42:03,61,עיניים,יבול,language,איטלקית,2
2026-07-30T18:42:03,61,עיניים,יבול,language,אנגלית,3
2026-07-30T18:42:03,61,עיניים,יבול,language,ספרדית,1
2026-07-30T18:42:03,61,עיניים,יבול,language,עברית,5
2026-07-30T18:42:03,61,עיניים,יבול,language,צרפתית,1
2026-07-30T18:42:03,61,עיניים,יבול,language,רומנית,1
2026-07-30T18:42:03,61,עיניים,יבול,language,רוסית,4
2026-07-30T18:42:17,61,עיניים,יד מרדכי,gender,גבר,36
2026-07-30T18:42:17,61,עיניים,יד מרדכי,gender,אישה,13
2026-07-30T18:42:17,61,עיניים,יד מרדכי,visit_type,ביקור במרפאה,51
2026-07-30T18:42:17,61,עיניים,יד מרדכי,visit_type,שיחת טלפון,1
2026-07-30T18:42:17,61,עיניים,יד מרדכי,language,איטלקית,2
2026-07-30T18:42:17,61,עיניים,יד מרדכי,language,אנגלית,3
2026-07-30T18:42:17,61,עיניים,יד מרדכי,language,ספרדית,1
2026-07-30T18:42:17,61,עיניים,יד מרדכי,language,עברית,5
2026-07-30T18:42:17,61,עיניים,יד מרדכי,language,צרפתית,1
2026-07-30T18:42:17,61,עיניים,יד מרדכי,language,רומנית,1
2026-07-30T18:42:17,61,עיניים,יד מרדכי,language,רוסית,4
2026-07-30T18:42:32,61,עיניים,יושיביה,gender,גבר,56
2026-07-30T18:42:32,61,עיניים,יושיביה,gender,אישה,13
2026-07-30T18:42:32,61,עיניים,יושיביה,visit_type,ביקור במרפאה,71
2026-07-30T18:42:32,61,עיניים,יושיביה,visit_type,שיחת טלפון,1
2026-07-30T18:42:32,61,עיניים,יושיביה,language,איטלקית,2
2026-07-30T18:42:32,61,עיניים,יושיביה,language,אנגלית,3
2026-07-30T18:42:32,61,עיניים,יושיביה,language,ספרדית,1
2026-07-30T18:42:32,61,עיניים,יושיביה,language,עברית,6
2026-07-30T18:42:32,61,עיניים,יושיביה,language,צרפתית,1
2026-07-30T18:42:32,61,עיניים,יושיביה,language,רומנית,1
2026-07-30T18:42:32,61,עיניים,יושיביה,language,רוסית,5
2026-07-30T18:42:46,61,עיניים,יסודות,gender,גבר,14
2026-07-30T18:42:46,61,עיניים,יסודות,gender,אישה,16
2026-07-30T18:42:46,61,עיניים,יסודות,visit_type,ביקור במרפאה,36
2026-07-30T18:42:46,61,עיניים,יסודות,language,אנגלית,9
2026-07-30T18:42:46,61,עיניים,יסודות,language,הונגרית,1
2026-07-30T18:42:46,61,עיניים,יסודות,language,עברית,9
2026-07-30T18:42:46,61,עיניים,יסודות,language,ערבית,2
2026-07-30T18:42:46,61,עיניים,יסודות,language,רומנית,3
2026-07-30T18:42:46,61,עיניים,יסודות,language,רוסית,5
2026-07-30T18:42:54,61,עיניים,יפתח,gender,גבר,62
2026-07-30T18:42:54,61,עיניים,יפתח,gender,אישה,12
2026-07-30T18:42:54,61,עיניים,יפתח,visit_type,ביקור במרפאה,79
2026-07-30T18:42:54,61,עיניים,יפתח,language,אנגלית,19
2026-07-30T18:42:54,61,עיניים,יפתח,language,עברית,27
2026-07-30T18:42:54,61,עיניים,יפתח,language,ערבית,17
2026-07-30T18:42:54,61,עיניים,יפתח,language,רוסית,4
2026-07-30T18:43:06,61,עיניים,ירושלים,gender,אישה,13
2026-07-30T18:43:06,61,עיניים,ירושלים,gender,גבר,17
2026-07-30T18:43:06,61,עיניים,ירושלים,visit_type,ביקור במרפאה,30
2026-07-30T18:43:06,61,עיניים,ירושלים,language,אנגלית,4
2026-07-30T18:43:06,61,עיניים,ירושלים,language,עברית,6
2026-07-30T18:43:06,61,עיניים,ירושלים,language,ערבית,6
2026-07-30T18:43:06,61,עיניים,ירושלים,language,צרפתית,1
2026-07-30T18:43:06,61,עיניים,ירושלים,language,רומנית,1
2026-07-30T18:43:12,61,עיניים,יתמא,gender,אישה,13
2026-07-30T18:43:12,61,עיניים,יתמא,gender,גבר,17
2026-07-30T18:43:12,61,עיניים,יתמא,visit_type,ביקור במרפאה,30
2026-07-30T18:43:12,61,עיניים,יתמא,language,אנגלית,4
2026-07-30T18:43:12,61,עיניים,יתמא,language,עברית,6
2026-07-30T18:43:12,61,עיניים,יתמא,language,ערבית,6
2026-07-30T18:43:12,61,עיניים,יתמא,language,צרפתית,1
2026-07-30T18:43:12,61,עיניים,יתמא,language,רומנית,1
2026-07-30T18:43:21,61,עיניים,כוכב מיכאל,gender,גבר,36
2026-07-30T18:43:21,61,עיניים,כוכב מיכאל,gender,אישה,13
2026-07-30T18:43:21,61,עיניים,כוכב מיכאל,visit_type,ביקור במרפאה,51
2026-07-30T18:43:21,61,עיניים,כוכב מיכאל,visit_type,שיחת טלפון,1
2026-07-30T18:43:21,61,עיניים,כוכב מיכאל,language,איטלקית,2
2026-07-30T18:43:21,61,עיניים,כוכב מיכאל,language,אנגלית,3
2026-07-30T18:43:21,61,עיניים,כוכב מיכאל,language,ספרדית,1
2026-07-30T18:43:21,61,עיניים,כוכב מיכאל,language,עברית,5
2026-07-30T18:43:21,61,עיניים,כוכב מיכאל,language,צרפתית,1
2026-07-30T18:43:21,61,עיניים,כוכב מיכאל,language,רומנית,1
2026-07-30T18:43:21,61,עיניים,כוכב מיכאל,language,רוסית,4
2026-07-30T18:43:32,61,עיניים,כיפל חארת,gender,גבר,38
2026-07-30T18:43:32,61,עיניים,כיפל חארת,gender,אישה,15
2026-07-30T18:43:32,61,עיניים,כיפל חארת,visit_type,ביקור במרפאה,58
2026-07-30T18:43:32,61,עיניים,כיפל חארת,language,אידיש,1
2026-07-30T18:43:32,61,עיניים,כיפל חארת,language,איטלקית,1
2026-07-30T18:43:32,61,עיניים,כיפל חארת,language,אנגלית,26
2026-07-30T18:43:32,61,עיניים,כיפל חארת,language,גרוזינית,2
2026-07-30T18:43:32,61,עיניים,כיפל חארת,language,ספרדית,1
2026-07-30T18:43:32,61,עיניים,כיפל חארת,language,עברית,53
2026-07-30T18:43:32,61,עיניים,כיפל חארת,language,ערבית,5
2026-07-30T18:43:32,61,עיניים,כיפל חארת,language,פולנית,1
2026-07-30T18:43:32,61,עיניים,כיפל חארת,language,צרפתית,1
2026-07-30T18:43:32,61,עיניים,כיפל חארת,language,רומנית,2
2026-07-30T18:43:32,61,עיניים,כיפל חארת,language,רוסית,13
2026-07-30T18:43:45,61,עיניים,כסיפה,gender,גבר,44
2026-07-30T18:43:45,61,עיניים,כסיפה,gender,אישה,6
2026-07-30T18:43:45,61,עיניים,כסיפה,visit_type,ביקור במרפאה,51
2026-07-30T18:43:45,61,עיניים,כסיפה,visit_type,שיחת טלפון,1
2026-07-30T18:43:45,61,עיניים,כסיפה,language,איטלקית,1
2026-07-30T18:43:45,61,עיניים,כסיפה,language,אנגלית,2
2026-07-30T18:43:45,61,עיניים,כסיפה,language,עברית,5
2026-07-30T18:43:45,61,עיניים,כסיפה,language,רוסית,5
2026-07-30T18:43:56,61,עיניים,כפר ביל''ו,gender,גבר,40
2026-07-30T18:43:56,61,עיניים,כפר ביל''ו,gender,אישה,23
2026-07-30T18:43:56,61,עיניים,כפר ביל''ו,visit_type,ביקור במרפאה,73
2026-07-30T18:43:56,61,עיניים,כפר ביל''ו,language,אידיש,1
2026-07-30T18:43:56,61,עיניים,כפר ביל''ו,language,אנגלית,21
2026-07-30T18:43:56,61,עיניים,כפר ביל''ו,language,גרמנית,1
2026-07-30T18:43:56,61,עיניים,כפר ביל''ו,language,הונגרית,1
2026-07-30T18:43:56,61,עיניים,כפר ביל''ו,language,עברית,28
2026-07-30T18:43:56,61,עיניים,כפר ביל''ו,language,ערבית,2
2026-07-30T18:43:56,61,עיניים,כפר ביל''ו,language,צרפתית,1
2026-07-30T18:43:56,61,עיניים,כפר ביל''ו,language,רומנית,3
2026-07-30T18:43:56,61,עיניים,כפר ביל''ו,language,רוסית,7
2026-07-30T18:44:11,61,עיניים,כרם שלום,gender,גבר,36
2026-07-30T18:44:11,61,עיניים,כרם שלום,gender,אישה,13
2026-07-30T18:44:11,61,עיניים,כרם שלום,visit_type,ביקור במרפאה,51
2026-07-30T18:44:11,61,עיניים,כרם שלום,visit_type,שיחת טלפון,1
2026-07-30T18:44:11,61,עיניים,כרם שלום,language,איטלקית,2
2026-07-30T18:44:11,61,עיניים,כרם שלום,language,אנגלית,3
2026-07-30T18:44:11,61,עיניים,כרם שלום,language,ספרדית,1
2026-07-30T18:44:11,61,עיניים,כרם שלום,language,עברית,5
2026-07-30T18:44:11,61,עיניים,כרם שלום,language,צרפתית,1
2026-07-30T18:44:11,61,עיניים,כרם שלום,language,רומנית,1
2026-07-30T18:44:11,61,עיניים,כרם שלום,language,רוסית,4
2026-07-30T18:44:25,61,עיניים,להבות חביבה,gender,גבר,78
2026-07-30T18:44:25,61,עיניים,להבות חביבה,gender,אישה,23
2026-07-30T18:44:25,61,עיניים,להבות חביבה,visit_type,ביקור במרפאה,105
2026-07-30T18:44:25,61,עיניים,להבות חביבה,visit_type,שיחת טלפון,1
2026-07-30T18:44:25,61,עיניים,להבות חביבה,language,אידיש,2
2026-07-30T18:44:25,61,עיניים,להבות חביבה,language,איטלקית,2
2026-07-30T18:44:25,61,עיניים,להבות חביבה,language,אנגלית,21
2026-07-30T18:44:25,61,עיניים,להבות חביבה,language,גרמנית,1
2026-07-30T18:44:25,61,עיניים,להבות חביבה,language,ספרדית,3
2026-07-30T18:44:25,61,עיניים,להבות חביבה,language,עברית,29
2026-07-30T18:44:25,61,עיניים,להבות חביבה,language,ערבית,10
2026-07-30T18:44:25,61,עיניים,להבות חביבה,language,פולנית,1
2026-07-30T18:44:25,61,עיניים,להבות חביבה,language,פרסית,1
2026-07-30T18:44:25,61,עיניים,להבות חביבה,language,צרפתית,2
2026-07-30T18:44:25,61,עיניים,להבות חביבה,language,רומנית,1
2026-07-30T18:44:25,61,עיניים,להבות חביבה,language,רוסית,4
2026-07-30T18:44:43,61,עיניים,לפיד,gender,אישה,15
2026-07-30T18:44:43,61,עיניים,לפיד,gender,גבר,22
2026-07-30T18:44:43,61,עיניים,לפיד,visit_type,ביקור במרפאה,41
2026-07-30T18:44:43,61,עיניים,לפיד,language,אנגלית,6
2026-07-30T18:44:43,61,עיניים,לפיד,language,הונגרית,1
2026-07-30T18:44:43,61,עיניים,לפיד,language,עברית,6
2026-07-30T18:44:43,61,עיניים,לפיד,language,ערבית,1
2026-07-30T18:44:43,61,עיניים,לפיד,language,צרפתית,1
2026-07-30T18:44:43,61,עיניים,לפיד,language,רומנית,1
2026-07-30T18:44:43,61,עיניים,לפיד,language,רוסית,1
2026-07-30T18:44:51,61,עיניים,מבואות ים,gender,גבר,54
2026-07-30T18:44:51,61,עיניים,מבואות ים,gender,אישה,14
2026-07-30T18:44:51,61,עיניים,מבואות ים,visit_type,ביקור במרפאה,70
2026-07-30T18:44:51,61,עיניים,מבואות ים,visit_type,שיחת טלפון,1
2026-07-30T18:44:51,61,עיניים,מבואות ים,language,אידיש,2
2026-07-30T18:44:51,61,עיניים,מבואות ים,language,איטלקית,1
2026-07-30T18:44:51,61,עיניים,מבואות ים,language,אנגלית,10
2026-07-30T18:44:51,61,עיניים,מבואות ים,language,ספרדית,3
2026-07-30T18:44:51,61,עיניים,מבואות ים,language,עברית,13
2026-07-30T18:44:51,61,עיניים,מבואות ים,language,ערבית,2
2026-07-30T18:44:51,61,עיניים,מבואות ים,language,צרפתית,2
2026-07-30T18:44:51,61,עיניים,מבואות ים,language,רוסית,1
2026-07-30T18:45:06,61,עיניים,מגדים,gender,גבר,78
2026-07-30T18:45:06,61,עיניים,מגדים,gender,אישה,38
2026-07-30T18:45:06,61,עיניים,מגדים,visit_type,ביקור במרפאה,122
2026-07-30T18:45:06,61,עיניים,מגדים,visit_type,שיחת טלפון,2
2026-07-30T18:45:06,61,עיניים,מגדים,language,אוקראינית,1
2026-07-30T18:45:06,61,עיניים,מגדים,language,אידיש,4
2026-07-30T18:45:06,61,עיניים,מגדים,language,איטלקית,2
2026-07-30T18:45:06,61,עיניים,מגדים,language,אנגלית,47
2026-07-30T18:45:06,61,עיניים,מגדים,language,בולגרית,1
2026-07-30T18:45:06,61,עיניים,מגדים,language,גרמנית,2
2026-07-30T18:45:06,61,עיניים,מגדים,language,הונגרית,1
2026-07-30T18:45:06,61,עיניים,מגדים,language,ספרדית,2
2026-07-30T18:45:06,61,עיניים,מגדים,language,עברית,69
2026-07-30T18:45:06,61,עיניים,מגדים,language,ערבית,24
2026-07-30T18:45:06,61,עיניים,מגדים,language,פולנית,1
2026-07-30T18:45:06,61,עיניים,מגדים,language,פרסית,1
2026-07-30T18:45:06,61,עיניים,מגדים,language,צרפתית,3
2026-07-30T18:45:06,61,עיניים,מגדים,language,רומנית,1
2026-07-30T18:45:06,61,עיניים,מגדים,language,רוסית,21
2026-07-30T18:45:27,61,עיניים,מוח'יים פארעה,gender,גבר,54
2026-07-30T18:45:27,61,עיניים,מוח'יים פארעה,gender,אישה,14
2026-07-30T18:45:27,61,עיניים,מוח'יים פארעה,visit_type,ביקור במרפאה,70
2026-07-30T18:45:27,61,עיניים,מוח'יים פארעה,visit_type,שיחת טלפון,1
2026-07-30T18:45:27,61,עיניים,מוח'יים פארעה,language,אידיש,2
2026-07-30T18:45:27,61,עיניים,מוח'יים פארעה,language,איטלקית,1
2026-07-30T18:45:27,61,עיניים,מוח'יים פארעה,language,אנגלית,10
2026-07-30T18:45:27,61,עיניים,מוח'יים פארעה,language,ספרדית,3
2026-07-30T18:45:27,61,עיניים,מוח'יים פארעה,language,עברית,13
2026-07-30T18:45:27,61,עיניים,מוח'יים פארעה,language,ערבית,2
2026-07-30T18:45:27,61,עיניים,מוח'יים פארעה,language,צרפתית,2
2026-07-30T18:45:27,61,עיניים,מוח'יים פארעה,language,רוסית,1
2026-07-30T18:45:39,61,עיניים,מזכרת בתיה,gender,גבר,40
2026-07-30T18:45:39,61,עיניים,מזכרת בתיה,gender,אישה,23
2026-07-30T18:45:39,61,עיניים,מזכרת בתיה,visit_type,ביקור במרפאה,73
2026-07-30T18:45:39,61,עיניים,מזכרת בתיה,language,אידיש,1
2026-07-30T18:45:39,61,עיניים,מזכרת בתיה,language,אנגלית,21
2026-07-30T18:45:39,61,עיניים,מזכרת בתיה,language,גרמנית,1
2026-07-30T18:45:39,61,עיניים,מזכרת בתיה,language,הונגרית,1
2026-07-30T18:45:39,61,עיניים,מזכרת בתיה,language,עברית,28
2026-07-30T18:45:39,61,עיניים,מזכרת בתיה,language,ערבית,2
2026-07-30T18:45:39,61,עיניים,מזכרת בתיה,language,צרפתית,1
2026-07-30T18:45:39,61,עיניים,מזכרת בתיה,language,רומנית,3
2026-07-30T18:45:39,61,עיניים,מזכרת בתיה,language,רוסית,7
2026-07-30T18:45:53,61,עיניים,מי עמי,gender,גבר,78
2026-07-30T18:45:53,61,עיניים,מי עמי,gender,אישה,23
2026-07-30T18:45:53,61,עיניים,מי עמי,visit_type,ביקור במרפאה,105
2026-07-30T18:45:53,61,עיניים,מי עמי,visit_type,שיחת טלפון,1
2026-07-30T18:45:53,61,עיניים,מי עמי,language,אידיש,2
2026-07-30T18:45:53,61,עיניים,מי עמי,language,איטלקית,2
2026-07-30T18:45:53,61,עיניים,מי עמי,language,אנגלית,21
2026-07-30T18:45:53,61,עיניים,מי עמי,language,גרמנית,1
2026-07-30T18:45:53,61,עיניים,מי עמי,language,ספרדית,3
2026-07-30T18:45:53,61,עיניים,מי עמי,language,עברית,29
2026-07-30T18:45:53,61,עיניים,מי עמי,language,ערבית,10
2026-07-30T18:45:53,61,עיניים,מי עמי,language,פולנית,1
2026-07-30T18:45:53,61,עיניים,מי עמי,language,פרסית,1
2026-07-30T18:45:53,61,עיניים,מי עמי,language,צרפתית,2
2026-07-30T18:45:53,61,עיניים,מי עמי,language,רומנית,1
2026-07-30T18:45:53,61,עיניים,מי עמי,language,רוסית,4
