scraped_at,spec_code,spec_name,search_city,facet_type,facet_value,count
2026-07-30T16:51:13,58,אורתופדיה,א ריחייה,gender,גבר,52
2026-07-30T16:51:13,58,אורתופדיה,א ריחייה,gender,אישה,3
2026-07-30T16:51:13,58,אורתופדיה,א ריחייה,visit_type,ביקור במרפאה,63
2026-07-30T16:51:13,58,אורתופדיה,א ריחייה,language,עברית,1
2026-07-30T16:51:13,58,אורתופדיה,א ריחייה,language,רוסית,1
2026-07-30T16:51:29,58,אורתופדיה,אבו עמרה,gender,גבר,36
2026-07-30T16:51:29,58,אורתופדיה,אבו עמרה,gender,אישה,2
2026-07-30T16:51:29,58,אורתופדיה,אבו עמרה,visit_type,ביקור במרפאה,43
2026-07-30T16:51:29,58,אורתופדיה,אבו עמרה,language,עברית,1
2026-07-30T16:51:29,58,אורתופדיה,אבו עמרה,language,רוסית,1
2026-07-30T16:51:42,58,אורתופדיה,אוהד,gender,גבר,41
2026-07-30T16:51:42,58,אורתופדיה,אוהד,gender,אישה,2
2026-07-30T16:51:42,58,אורתופדיה,אוהד,visit_type,ביקור במרפאה,47
2026-07-30T16:51:42,58,אורתופדיה,אוהד,language,עברית,1
2026-07-30T16:51:42,58,אורתופדיה,אוהד,language,רוסית,1
2026-07-30T16:51:54,58,אורתופדיה,אזור תעשייה אלון התבור,gender,גבר,97
2026-07-30T16:51:54,58,אורתופדיה,אזור תעשייה אלון התבור,visit_type,ביקור במרפאה,98
2026-07-30T16:51:54,58,אורתופדיה,אזור תעשייה אלון התבור,visit_type,שיחת טלפון,1
2026-07-30T16:51:54,58,אורתופדיה,אזור תעשייה אלון התבור,language,איטלקית,1
2026-07-30T16:51:54,58,אורתופדיה,אזור תעשייה אלון התבור,language,אנגלית,9
2026-07-30T16:51:54,58,אורתופדיה,אזור תעשייה אלון התבור,language,עברית,12
2026-07-30T16:51:54,58,אורתופדיה,אזור תעשייה אלון התבור,language,ערבית,5
2026-07-30T16:51:54,58,אורתופדיה,אזור תעשייה אלון התבור,language,רוסית,6
2026-07-30T16:52:11,58,אורתופדיה,איבים,gender,גבר,41
2026-07-30T16:52:11,58,אורתופדיה,איבים,gender,אישה,2
2026-07-30T16:52:11,58,אורתופדיה,איבים,visit_type,ביקור במרפאה,47
2026-07-30T16:52:11,58,אורתופדיה,איבים,language,עברית,1
2026-07-30T16:52:11,58,אורתופדיה,איבים,language,רוסית,1
2026-07-30T16:52:26,58,אורתופדיה,אכסאל,gender,גבר,145
2026-07-30T16:52:26,58,אורתופדיה,אכסאל,visit_type,ביקור במרפאה,146
2026-07-30T16:52:26,58,אורתופדיה,אכסאל,visit_type,שיחת טלפון,2
2026-07-30T16:52:26,58,אורתופדיה,אכסאל,language,איטלקית,1
2026-07-30T16:52:26,58,אורתופדיה,אכסאל,language,אנגלית,19
2026-07-30T16:52:26,58,אורתופדיה,אכסאל,language,גרמנית,1
2026-07-30T16:52:26,58,אורתופדיה,אכסאל,language,עברית,31
2026-07-30T16:52:26,58,אורתופדיה,אכסאל,language,ערבית,21
2026-07-30T16:52:26,58,אורתופדיה,אכסאל,language,רומנית,7
2026-07-30T16:52:26,58,אורתופדיה,אכסאל,language,רוסית,6
2026-07-30T16:52:46,58,אורתופדיה,אל עריאן,gender,גבר,86
2026-07-30T16:52:46,58,אורתופדיה,אל עריאן,visit_type,ביקור במרפאה,89
2026-07-30T16:52:46,58,אורתופדיה,אל עריאן,visit_type,שיחת טלפון,3
2026-07-30T16:52:46,58,אורתופדיה,אל עריאן,language,אידיש,1
2026-07-30T16:52:46,58,אורתופדיה,אל עריאן,language,איטלקית,1
2026-07-30T16:52:46,58,אורתופדיה,אל עריאן,language,אנגלית,8
2026-07-30T16:52:46,58,אורתופדיה,אל עריאן,language,עברית,15
2026-07-30T16:52:46,58,אורתופדיה,אל עריאן,language,ערבית,10
2026-07-30T16:52:46,58,אורתופדיה,אל עריאן,language,רומנית,3
2026-07-30T16:52:46,58,אורתופדיה,אל עריאן,language,רוסית,2
2026-07-30T16:53:00,58,אורתופדיה,אפיק,gender,גבר,97
2026-07-30T16:53:00,58,אורתופדיה,אפיק,visit_type,ביקור במרפאה,98
2026-07-30T16:53:00,58,אורתופדיה,אפיק,visit_type,שיחת טלפון,1
2026-07-30T16:53:00,58,אורתופדיה,אפיק,language,איטלקית,1
2026-07-30T16:53:00,58,אורתופדיה,אפיק,language,אנגלית,9
2026-07-30T16:53:00,58,אורתופדיה,אפיק,language,עברית,12
2026-07-30T16:53:00,58,אורתופדיה,אפיק,language,ערבית,5
2026-07-30T16:53:00,58,אורתופדיה,אפיק,language,רוסית,6
2026-07-30T16:53:17,58,אורתופדיה,אשבול,gender,גבר,52
2026-07-30T16:53:17,58,אורתופדיה,אשבול,gender,אישה,3
2026-07-30T16:53:17,58,אורתופדיה,אשבול,visit_type,ביקור במרפאה,63
2026-07-30T16:53:17,58,אורתופדיה,אשבול,language,עברית,1
2026-07-30T16:53:17,58,אורתופדיה,אשבול,language,רוסית,1
2026-07-30T16:53:33,58,אורתופדיה,באקה,gender,גבר,86
2026-07-30T16:53:33,58,אורתופדיה,באקה,visit_type,ביקור במרפאה,89
2026-07-30T16:53:33,58,אורתופדיה,באקה,visit_type,שיחת טלפון,3
2026-07-30T16:53:33,58,אורתופדיה,באקה,language,אידיש,1
2026-07-30T16:53:33,58,אורתופדיה,באקה,language,איטלקית,1
2026-07-30T16:53:33,58,אורתופדיה,באקה,language,אנגלית,8
2026-07-30T16:53:33,58,אורתופדיה,באקה,language,עברית,15
2026-07-30T16:53:33,58,אורתופדיה,באקה,language,ערבית,10
2026-07-30T16:53:33,58,אורתופדיה,באקה,language,רומנית,3
2026-07-30T16:53:33,58,אורתופדיה,באקה,language,רוסית,2
2026-07-30T16:53:47,58,אורתופדיה,בודרוס,gender,גבר,49
2026-07-30T16:53:47,58,אורתופדיה,בודרוס,gender,אישה,1
2026-07-30T16:53:47,58,אורתופדיה,בודרוס,visit_type,ביקור במרפאה,58
2026-07-30T16:53:47,58,אורתופדיה,בודרוס,visit_type,שיחת טלפון,1
2026-07-30T16:53:47,58,אורתופדיה,בודרוס,language,איטלקית,4
2026-07-30T16:53:47,58,אורתופדיה,בודרוס,language,אנגלית,33
2026-07-30T16:53:47,58,אורתופדיה,בודרוס,language,גרמנית,6
2026-07-30T16:53:47,58,אורתופדיה,בודרוס,language,ספרדית,2
2026-07-30T16:53:47,58,אורתופדיה,בודרוס,language,עברית,54
2026-07-30T16:53:47,58,אורתופדיה,בודרוס,language,ערבית,6
2026-07-30T16:53:47,58,אורתופדיה,בודרוס,language,רומנית,5
2026-07-30T16:53:47,58,אורתופדיה,בודרוס,language,רוסית,6
2026-07-30T16:53:57,58,אורתופדיה,בזאריה,gender,גבר,86
2026-07-30T16:53:57,58,אורתופדיה,בזאריה,visit_type,ביקור במרפאה,89
2026-07-30T16:53:57,58,אורתופדיה,בזאריה,visit_type,שיחת טלפון,3
2026-07-30T16:53:57,58,אורתופדיה,בזאריה,language,אידיש,1
2026-07-30T16:53:57,58,אורתופדיה,בזאריה,language,איטלקית,1
2026-07-30T16:53:57,58,אורתופדיה,בזאריה,language,אנגלית,8
2026-07-30T16:53:57,58,אורתופדיה,בזאריה,language,עברית,15
2026-07-30T16:53:57,58,אורתופדיה,בזאריה,language,ערבית,10
2026-07-30T16:53:57,58,אורתופדיה,בזאריה,language,רומנית,3
2026-07-30T16:53:57,58,אורתופדיה,בזאריה,language,רוסית,2
2026-07-30T16:54:12,58,אורתופדיה,ביר אל מכסור,gender,גבר,115
2026-07-30T16:54:12,58,אורתופדיה,ביר אל מכסור,visit_type,ביקור במרפאה,116
2026-07-30T16:54:12,58,אורתופדיה,ביר אל מכסור,visit_type,שיחת טלפון,2
2026-07-30T16:54:12,58,אורתופדיה,ביר אל מכסור,language,אידיש,1
2026-07-30T16:54:12,58,אורתופדיה,ביר אל מכסור,language,אנגלית,41
2026-07-30T16:54:12,58,אורתופדיה,ביר אל מכסור,language,גרמנית,5
2026-07-30T16:54:12,58,אורתופדיה,ביר אל מכסור,language,הונגרית,1
2026-07-30T16:54:12,58,אורתופדיה,ביר אל מכסור,language,ספרדית,2
2026-07-30T16:54:12,58,אורתופדיה,ביר אל מכסור,language,עברית,57
2026-07-30T16:54:12,58,אורתופדיה,ביר אל מכסור,language,ערבית,29
2026-07-30T16:54:12,58,אורתופדיה,ביר אל מכסור,language,צרפתית,1
2026-07-30T16:54:12,58,אורתופדיה,ביר אל מכסור,language,רומנית,14
2026-07-30T16:54:12,58,אורתופדיה,ביר אל מכסור,language,רוסית,12
2026-07-30T16:54:30,58,אורתופדיה,בני יהודה,gender,גבר,97
2026-07-30T16:54:30,58,אורתופדיה,בני יהודה,visit_type,ביקור במרפאה,98
2026-07-30T16:54:30,58,אורתופדיה,בני יהודה,visit_type,שיחת טלפון,1
2026-07-30T16:54:30,58,אורתופדיה,בני יהודה,language,איטלקית,1
2026-07-30T16:54:30,58,אורתופדיה,בני יהודה,language,אנגלית,9
2026-07-30T16:54:30,58,אורתופדיה,בני יהודה,language,עברית,12
2026-07-30T16:54:30,58,אורתופדיה,בני יהודה,language,ערבית,5
2026-07-30T16:54:30,58,אורתופדיה,בני יהודה,language,רוסית,6
2026-07-30T16:54:45,58,אורתופדיה,בקוע,gender,גבר,54
2026-07-30T16:54:45,58,אורתופדיה,בקוע,gender,אישה,1
2026-07-30T16:54:45,58,אורתופדיה,בקוע,visit_type,ביקור במרפאה,61
2026-07-30T16:54:45,58,אורתופדיה,בקוע,visit_type,שיחת טלפון,1
2026-07-30T16:54:45,58,אורתופדיה,בקוע,language,איטלקית,2
2026-07-30T16:54:45,58,אורתופדיה,בקוע,language,אנגלית,6
2026-07-30T16:54:45,58,אורתופדיה,בקוע,language,גרמנית,1
2026-07-30T16:54:45,58,אורתופדיה,בקוע,language,עברית,9
2026-07-30T16:54:45,58,אורתופדיה,בקוע,language,צרפתית,2
2026-07-30T16:54:45,58,אורתופדיה,בקוע,language,רוסית,4
2026-07-30T16:54:57,58,אורתופדיה,ברכיה,gender,גבר,41
2026-07-30T16:54:57,58,אורתופדיה,ברכיה,gender,אישה,2
2026-07-30T16:54:57,58,אורתופדיה,ברכיה,visit_type,ביקור במרפאה,47
2026-07-30T16:54:57,58,אורתופדיה,ברכיה,language,עברית,1
2026-07-30T16:54:57,58,אורתופדיה,ברכיה,language,רוסית,1
2026-07-30T16:55:08,58,אורתופדיה,ג'אניה,gender,גבר,47
2026-07-30T16:55:08,58,אורתופדיה,ג'אניה,visit_type,ביקור במרפאה,49
2026-07-30T16:55:08,58,אורתופדיה,ג'אניה,language,אנגלית,7
2026-07-30T16:55:08,58,אורתופדיה,ג'אניה,language,עברית,12
2026-07-30T16:55:08,58,אורתופדיה,ג'אניה,language,ערבית,6
2026-07-30T16:55:08,58,אורתופדיה,ג'אניה,language,צרפתית,1
2026-07-30T16:55:08,58,אורתופדיה,ג'אניה,language,רוסית,3
2026-07-30T16:55:18,58,אורתופדיה,גבע כרמל,gender,גבר,115
2026-07-30T16:55:18,58,אורתופדיה,גבע כרמל,visit_type,ביקור במרפאה,116
2026-07-30T16:55:18,58,אורתופדיה,גבע כרמל,visit_type,שיחת טלפון,2
2026-07-30T16:55:18,58,אורתופדיה,גבע כרמל,language,אידיש,1
2026-07-30T16:55:18,58,אורתופדיה,גבע כרמל,language,אנגלית,41
2026-07-30T16:55:18,58,אורתופדיה,גבע כרמל,language,גרמנית,5
2026-07-30T16:55:18,58,אורתופדיה,גבע כרמל,language,הונגרית,1
2026-07-30T16:55:18,58,אורתופדיה,גבע כרמל,language,ספרדית,2
2026-07-30T16:55:18,58,אורתופדיה,גבע כרמל,language,עברית,57
2026-07-30T16:55:18,58,אורתופדיה,גבע כרמל,language,ערבית,29
2026-07-30T16:55:18,58,אורתופדיה,גבע כרמל,language,צרפתית,1
2026-07-30T16:55:18,58,אורתופדיה,גבע כרמל,language,רומנית,14
2026-07-30T16:55:18,58,אורתופדיה,גבע כרמל,language,רוסית,12
2026-07-30T16:55:35,58,אורתופדיה,גונן,gender,גבר,97
2026-07-30T16:55:35,58,אורתופדיה,גונן,visit_type,ביקור במרפאה,98
2026-07-30T16:55:35,58,אורתופדיה,גונן,visit_type,שיחת טלפון,1
2026-07-30T16:55:35,58,אורתופדיה,גונן,language,איטלקית,1
2026-07-30T16:55:35,58,אורתופדיה,גונן,language,אנגלית,9
2026-07-30T16:55:35,58,אורתופדיה,גונן,language,עברית,12
2026-07-30T16:55:35,58,אורתופדיה,גונן,language,ערבית,5
2026-07-30T16:55:35,58,אורתופדיה,גונן,language,רוסית,6
2026-07-30T16:55:51,58,אורתופדיה,גינוסר,gender,גבר,97
2026-07-30T16:55:51,58,אורתופדיה,גינוסר,visit_type,ביקור במרפאה,98
2026-07-30T16:55:51,58,אורתופדיה,גינוסר,visit_type,שיחת טלפון,1
2026-07-30T16:55:51,58,אורתופדיה,גינוסר,language,איטלקית,1
2026-07-30T16:55:51,58,אורתופדיה,גינוסר,language,אנגלית,9
2026-07-30T16:55:51,58,אורתופדיה,גינוסר,language,עברית,12
2026-07-30T16:55:51,58,אורתופדיה,גינוסר,language,ערבית,5
2026-07-30T16:55:51,58,אורתופדיה,גינוסר,language,רוסית,6
2026-07-30T16:56:06,58,אורתופדיה,גנות,gender,גבר,54
2026-07-30T16:56:06,58,אורתופדיה,גנות,gender,אישה,1
2026-07-30T16:56:06,58,אורתופדיה,גנות,visit_type,ביקור במרפאה,61
2026-07-30T16:56:06,58,אורתופדיה,גנות,visit_type,שיחת טלפון,1
2026-07-30T16:56:06,58,אורתופדיה,גנות,language,איטלקית,2
2026-07-30T16:56:06,58,אורתופדיה,גנות,language,אנגלית,6
2026-07-30T16:56:06,58,אורתופדיה,גנות,language,גרמנית,1
2026-07-30T16:56:06,58,אורתופדיה,גנות,language,עברית,9
2026-07-30T16:56:06,58,אורתופדיה,גנות,language,צרפתית,2
2026-07-30T16:56:06,58,אורתופדיה,גנות,language,רוסית,4
2026-07-30T16:56:16,58,אורתופדיה,גפן,gender,גבר,32
2026-07-30T16:56:16,58,אורתופדיה,גפן,gender,אישה,1
2026-07-30T16:56:16,58,אורתופדיה,גפן,visit_type,ביקור במרפאה,37
2026-07-30T16:56:16,58,אורתופדיה,גפן,visit_type,שיחת טלפון,1
2026-07-30T16:56:16,58,אורתופדיה,גפן,visit_type,שיחת וידאו,1
2026-07-30T16:56:16,58,אורתופדיה,גפן,language,איטלקית,1
2026-07-30T16:56:16,58,אורתופדיה,גפן,language,אנגלית,3
2026-07-30T16:56:16,58,אורתופדיה,גפן,language,גרמנית,1
2026-07-30T16:56:16,58,אורתופדיה,גפן,language,עברית,7
2026-07-30T16:56:16,58,אורתופדיה,גפן,language,ערבית,1
2026-07-30T16:56:16,58,אורתופדיה,גפן,language,צרפתית,1
2026-07-30T16:56:16,58,אורתופדיה,גפן,language,רומנית,1
2026-07-30T16:56:16,58,אורתופדיה,גפן,language,רוסית,3
2026-07-30T16:56:28,58,אורתופדיה,דבירה,gender,גבר,52
2026-07-30T16:56:28,58,אורתופדיה,דבירה,gender,אישה,3
2026-07-30T16:56:28,58,אורתופדיה,דבירה,visit_type,ביקור במרפאה,63
2026-07-30T16:56:28,58,אורתופדיה,דבירה,language,עברית,1
2026-07-30T16:56:28,58,אורתופדיה,דבירה,language,רוסית,1
2026-07-30T16:56:44,58,אורתופדיה,דור,gender,גבר,115
2026-07-30T16:56:44,58,אורתופדיה,דור,visit_type,ביקור במרפאה,116
2026-07-30T16:56:44,58,אורתופדיה,דור,visit_type,שיחת טלפון,2
2026-07-30T16:56:44,58,אורתופדיה,דור,language,אידיש,1
2026-07-30T16:56:44,58,אורתופדיה,דור,language,אנגלית,41
2026-07-30T16:56:44,58,אורתופדיה,דור,language,גרמנית,5
2026-07-30T16:56:44,58,אורתופדיה,דור,language,הונגרית,1
2026-07-30T16:56:44,58,אורתופדיה,דור,language,ספרדית,2
2026-07-30T16:56:44,58,אורתופדיה,דור,language,עברית,57
2026-07-30T16:56:44,58,אורתופדיה,דור,language,ערבית,29
2026-07-30T16:56:44,58,אורתופדיה,דור,language,צרפתית,1
2026-07-30T16:56:44,58,אורתופדיה,דור,language,רומנית,14
2026-07-30T16:56:44,58,אורתופדיה,דור,language,רוסית,12
2026-07-30T16:57:03,58,אורתופדיה,דיר אבו דעיף,gender,גבר,86
2026-07-30T16:57:03,58,אורתופדיה,דיר אבו דעיף,visit_type,ביקור במרפאה,89
2026-07-30T16:57:03,58,אורתופדיה,דיר אבו דעיף,visit_type,שיחת טלפון,3
2026-07-30T16:57:03,58,אורתופדיה,דיר אבו דעיף,language,אידיש,1
2026-07-30T16:57:03,58,אורתופדיה,דיר אבו דעיף,language,איטלקית,1
2026-07-30T16:57:03,58,אורתופדיה,דיר אבו דעיף,language,אנגלית,8
2026-07-30T16:57:03,58,אורתופדיה,דיר אבו דעיף,language,עברית,15
2026-07-30T16:57:03,58,אורתופדיה,דיר אבו דעיף,language,ערבית,10
2026-07-30T16:57:03,58,אורתופדיה,דיר אבו דעיף,language,רומנית,3
2026-07-30T16:57:03,58,אורתופדיה,דיר אבו דעיף,language,רוסית,2
2026-07-30T16:57:19,58,אורתופדיה,דקל,gender,גבר,41
2026-07-30T16:57:19,58,אורתופדיה,דקל,gender,אישה,2
2026-07-30T16:57:19,58,אורתופדיה,דקל,visit_type,ביקור במרפאה,47
2026-07-30T16:57:19,58,אורתופדיה,דקל,language,עברית,1
2026-07-30T16:57:19,58,אורתופדיה,דקל,language,רוסית,1
2026-07-30T16:57:31,58,אורתופדיה,הוואשלה,gender,גבר,36
2026-07-30T16:57:31,58,אורתופדיה,הוואשלה,gender,אישה,2
2026-07-30T16:57:31,58,אורתופדיה,הוואשלה,visit_type,ביקור במרפאה,43
2026-07-30T16:57:31,58,אורתופדיה,הוואשלה,language,עברית,1
2026-07-30T16:57:31,58,אורתופדיה,הוואשלה,language,רוסית,1
2026-07-30T16:57:42,58,אורתופדיה,הסוללים,gender,גבר,97
2026-07-30T16:57:42,58,אורתופדיה,הסוללים,visit_type,ביקור במרפאה,98
2026-07-30T16:57:42,58,אורתופדיה,הסוללים,visit_type,שיחת טלפון,1
2026-07-30T16:57:42,58,אורתופדיה,הסוללים,language,איטלקית,1
2026-07-30T16:57:42,58,אורתופדיה,הסוללים,language,אנגלית,9
2026-07-30T16:57:42,58,אורתופדיה,הסוללים,language,עברית,12
2026-07-30T16:57:42,58,אורתופדיה,הסוללים,language,ערבית,5
2026-07-30T16:57:42,58,אורתופדיה,הסוללים,language,רוסית,6
2026-07-30T16:57:56,58,אורתופדיה,ורד יריחו,gender,גבר,47
2026-07-30T16:57:56,58,אורתופדיה,ורד יריחו,visit_type,ביקור במרפאה,49
2026-07-30T16:57:56,58,אורתופדיה,ורד יריחו,language,אנגלית,7
2026-07-30T16:57:56,58,אורתופדיה,ורד יריחו,language,עברית,12
2026-07-30T16:57:56,58,אורתופדיה,ורד יריחו,language,ערבית,6
2026-07-30T16:57:56,58,אורתופדיה,ורד יריחו,language,צרפתית,1
2026-07-30T16:57:56,58,אורתופדיה,ורד יריחו,language,רוסית,3
2026-07-30T16:58:05,58,אורתופדיה,זיבדה,gender,גבר,86
2026-07-30T16:58:05,58,אורתופדיה,זיבדה,visit_type,ביקור במרפאה,89
2026-07-30T16:58:05,58,אורתופדיה,זיבדה,visit_type,שיחת טלפון,3
2026-07-30T16:58:05,58,אורתופדיה,זיבדה,language,אידיש,1
2026-07-30T16:58:05,58,אורתופדיה,זיבדה,language,איטלקית,1
2026-07-30T16:58:05,58,אורתופדיה,זיבדה,language,אנגלית,8
2026-07-30T16:58:05,58,אורתופדיה,זיבדה,language,עברית,15
2026-07-30T16:58:05,58,אורתופדיה,זיבדה,language,ערבית,10
2026-07-30T16:58:05,58,אורתופדיה,זיבדה,language,רומנית,3
2026-07-30T16:58:05,58,אורתופדיה,זיבדה,language,רוסית,2
2026-07-30T16:58:18,58,אורתופדיה,זעתרה,gender,גבר,47
2026-07-30T16:58:18,58,אורתופדיה,זעתרה,visit_type,ביקור במרפאה,49
2026-07-30T16:58:18,58,אורתופדיה,זעתרה,language,אנגלית,7
2026-07-30T16:58:18,58,אורתופדיה,זעתרה,language,עברית,12
2026-07-30T16:58:18,58,אורתופדיה,זעתרה,language,ערבית,6
2026-07-30T16:58:18,58,אורתופדיה,זעתרה,language,צרפתית,1
2026-07-30T16:58:18,58,אורתופדיה,זעתרה,language,רוסית,3
2026-07-30T16:58:26,58,אורתופדיה,חברון,gender,גבר,47
2026-07-30T16:58:26,58,אורתופדיה,חברון,visit_type,ביקור במרפאה,49
2026-07-30T16:58:26,58,אורתופדיה,חברון,language,אנגלית,7
2026-07-30T16:58:26,58,אורתופדיה,חברון,language,עברית,12
2026-07-30T16:58:26,58,אורתופדיה,חברון,language,ערבית,6
2026-07-30T16:58:26,58,אורתופדיה,חברון,language,צרפתית,1
2026-07-30T16:58:26,58,אורתופדיה,חברון,language,רוסית,3
2026-07-30T16:58:34,58,אורתופדיה,חולון,gender,גבר,54
2026-07-30T16:58:34,58,אורתופדיה,חולון,gender,אישה,5
2026-07-30T16:58:34,58,אורתופדיה,חולון,visit_type,ביקור במרפאה,69
2026-07-30T16:58:34,58,אורתופדיה,חולון,language,איטלקית,4
2026-07-30T16:58:34,58,אורתופדיה,חולון,language,אנגלית,15
2026-07-30T16:58:34,58,אורתופדיה,חולון,language,גרמנית,1
2026-07-30T16:58:34,58,אורתופדיה,חולון,language,עברית,25
2026-07-30T16:58:34,58,אורתופדיה,חולון,language,ערבית,2
2026-07-30T16:58:34,58,אורתופדיה,חולון,language,רומנית,2
2026-07-30T16:58:34,58,אורתופדיה,חולון,language,רוסית,8
2026-07-30T16:58:46,58,אורתופדיה,חיזמא,gender,גבר,47
2026-07-30T16:58:46,58,אורתופדיה,חיזמא,visit_type,ביקור במרפאה,49
2026-07-30T16:58:46,58,אורתופדיה,חיזמא,language,אנגלית,7
2026-07-30T16:58:46,58,אורתופדיה,חיזמא,language,עברית,12
2026-07-30T16:58:46,58,אורתופדיה,חיזמא,language,ערבית,6
2026-07-30T16:58:46,58,אורתופדיה,חיזמא,language,צרפתית,1
2026-07-30T16:58:46,58,אורתופדיה,חיזמא,language,רוסית,3
2026-07-30T16:58:53,58,אורתופדיה,חמרה,gender,גבר,47
2026-07-30T16:58:53,58,אורתופדיה,חמרה,visit_type,ביקור במרפאה,49
2026-07-30T16:58:53,58,אורתופדיה,חמרה,language,אנגלית,7
2026-07-30T16:58:53,58,אורתופדיה,חמרה,language,עברית,12
2026-07-30T16:58:53,58,אורתופדיה,חמרה,language,ערבית,6
2026-07-30T16:58:53,58,אורתופדיה,חמרה,language,צרפתית,1
2026-07-30T16:58:53,58,אורתופדיה,חמרה,language,רוסית,3
2026-07-30T16:59:02,58,אורתופדיה,חצור הגלילית,gender,גבר,97
2026-07-30T16:59:02,58,אורתופדיה,חצור הגלילית,visit_type,ביקור במרפאה,98
2026-07-30T16:59:02,58,אורתופדיה,חצור הגלילית,visit_type,שיחת טלפון,1
2026-07-30T16:59:02,58,אורתופדיה,חצור הגלילית,language,איטלקית,1
2026-07-30T16:59:02,58,אורתופדיה,חצור הגלילית,language,אנגלית,9
2026-07-30T16:59:02,58,אורתופדיה,חצור הגלילית,language,עברית,12
2026-07-30T16:59:02,58,אורתופדיה,חצור הגלילית,language,ערבית,5
2026-07-30T16:59:02,58,אורתופדיה,חצור הגלילית,language,רוסית,6
2026-07-30T16:59:18,58,אורתופדיה,טובא זנגריה,gender,גבר,97
2026-07-30T16:59:18,58,אורתופדיה,טובא זנגריה,visit_type,ביקור במרפאה,98
2026-07-30T16:59:18,58,אורתופדיה,טובא זנגריה,visit_type,שיחת טלפון,1
2026-07-30T16:59:18,58,אורתופדיה,טובא זנגריה,language,איטלקית,1
2026-07-30T16:59:18,58,אורתופדיה,טובא זנגריה,language,אנגלית,9
2026-07-30T16:59:18,58,אורתופדיה,טובא זנגריה,language,עברית,12
2026-07-30T16:59:18,58,אורתופדיה,טובא זנגריה,language,ערבית,5
2026-07-30T16:59:18,58,אורתופדיה,טובא זנגריה,language,רוסית,6
2026-07-30T16:59:40,58,אורתופדיה,טנא,gender,גבר,52
2026-07-30T16:59:40,58,אורתופדיה,טנא,gender,אישה,3
2026-07-30T16:59:40,58,אורתופדיה,טנא,visit_type,ביקור במרפאה,63
2026-07-30T16:59:40,58,אורתופדיה,טנא,language,עברית,1
2026-07-30T16:59:40,58,אורתופדיה,טנא,language,רוסית,1
2026-07-30T16:59:55,58,אורתופדיה,יבנה,gender,גבר,32
2026-07-30T16:59:55,58,אורתופדיה,יבנה,gender,אישה,1
2026-07-30T16:59:55,58,אורתופדיה,יבנה,visit_type,ביקור במרפאה,37
2026-07-30T16:59:55,58,אורתופדיה,יבנה,visit_type,שיחת טלפון,1
2026-07-30T16:59:55,58,אורתופדיה,יבנה,visit_type,שיחת וידאו,1
2026-07-30T16:59:55,58,אורתופדיה,יבנה,language,איטלקית,1
2026-07-30T16:59:55,58,אורתופדיה,יבנה,language,אנגלית,3
2026-07-30T16:59:55,58,אורתופדיה,יבנה,language,גרמנית,1
2026-07-30T16:59:55,58,אורתופדיה,יבנה,language,עברית,7
2026-07-30T16:59:55,58,אורתופדיה,יבנה,language,ערבית,1
2026-07-30T16:59:55,58,אורתופדיה,יבנה,language,צרפתית,1
2026-07-30T16:59:55,58,אורתופדיה,יבנה,language,רומנית,1
2026-07-30T16:59:55,58,אורתופדיה,יבנה,language,רוסית,3
2026-07-30T17:00:04,58,אורתופדיה,ידידה,gender,גבר,47
2026-07-30T17:00:04,58,אורתופדיה,ידידה,visit_type,ביקור במרפאה,49
2026-07-30T17:00:04,58,אורתופדיה,ידידה,language,אנגלית,7
2026-07-30T17:00:04,58,אורתופדיה,ידידה,language,עברית,12
2026-07-30T17:00:04,58,אורתופדיה,ידידה,language,ערבית,6
2026-07-30T17:00:04,58,אורתופדיה,ידידה,language,צרפתית,1
2026-07-30T17:00:04,58,אורתופדיה,ידידה,language,רוסית,3
2026-07-30T17:00:15,58,אורתופדיה,יטא יוטה,gender,גבר,52
2026-07-30T17:00:15,58,אורתופדיה,יטא יוטה,gender,אישה,3
2026-07-30T17:00:15,58,אורתופדיה,יטא יוטה,visit_type,ביקור במרפאה,63
2026-07-30T17:00:15,58,אורתופדיה,יטא יוטה,language,עברית,1
2026-07-30T17:00:15,58,אורתופדיה,יטא יוטה,language,רוסית,1
2026-07-30T17:00:33,58,אורתופדיה,יעד,gender,גבר,89
2026-07-30T17:00:33,58,אורתופדיה,יעד,gender,אישה,2
2026-07-30T17:00:33,58,אורתופדיה,יעד,visit_type,ביקור במרפאה,91
2026-07-30T17:00:33,58,אורתופדיה,יעד,visit_type,שיחת טלפון,2
2026-07-30T17:00:33,58,אורתופדיה,יעד,language,איטלקית,1
2026-07-30T17:00:33,58,אורתופדיה,יעד,language,אנגלית,53
2026-07-30T17:00:33,58,אורתופדיה,יעד,language,בולגרית,1
2026-07-30T17:00:33,58,אורתופדיה,יעד,language,גרמנית,3
2026-07-30T17:00:33,58,אורתופדיה,יעד,language,ספרדית,2
2026-07-30T17:00:33,58,אורתופדיה,יעד,language,עברית,90
2026-07-30T17:00:33,58,אורתופדיה,יעד,language,ערבית,67
2026-07-30T17:00:33,58,אורתופדיה,יעד,language,צכית,1
2026-07-30T17:00:33,58,אורתופדיה,יעד,language,צרפתית,1
2026-07-30T17:00:33,58,אורתופדיה,יעד,language,רומנית,8
2026-07-30T17:00:33,58,אורתופדיה,יעד,language,רוסית,19
2026-07-30T17:00:49,58,אורתופדיה,יקום,gender,גבר,86
2026-07-30T17:00:49,58,אורתופדיה,יקום,visit_type,ביקור במרפאה,89
2026-07-30T17:00:49,58,אורתופדיה,יקום,visit_type,שיחת טלפון,3
2026-07-30T17:00:49,58,אורתופדיה,יקום,language,אידיש,1
2026-07-30T17:00:49,58,אורתופדיה,יקום,language,איטלקית,1
2026-07-30T17:00:49,58,אורתופדיה,יקום,language,אנגלית,8
2026-07-30T17:00:49,58,אורתופדיה,יקום,language,עברית,15
2026-07-30T17:00:49,58,אורתופדיה,יקום,language,ערבית,10
2026-07-30T17:00:49,58,אורתופדיה,יקום,language,רומנית,3
2026-07-30T17:00:49,58,אורתופדיה,יקום,language,רוסית,2
2026-07-30T17:01:03,58,אורתופדיה,ירכא,gender,גבר,69
2026-07-30T17:01:03,58,אורתופדיה,ירכא,gender,אישה,2
2026-07-30T17:01:03,58,אורתופדיה,ירכא,visit_type,ביקור במרפאה,71
2026-07-30T17:01:03,58,אורתופדיה,ירכא,visit_type,שיחת טלפון,2
2026-07-30T17:01:03,58,אורתופדיה,ירכא,language,איטלקית,1
2026-07-30T17:01:03,58,אורתופדיה,ירכא,language,אנגלית,35
2026-07-30T17:01:03,58,אורתופדיה,ירכא,language,בולגרית,1
2026-07-30T17:01:03,58,אורתופדיה,ירכא,language,גרמנית,1
2026-07-30T17:01:03,58,אורתופדיה,ירכא,language,ספרדית,2
2026-07-30T17:01:03,58,אורתופדיה,ירכא,language,עברית,70
2026-07-30T17:01:03,58,אורתופדיה,ירכא,language,ערבית,60
2026-07-30T17:01:03,58,אורתופדיה,ירכא,language,צכית,1
2026-07-30T17:01:03,58,אורתופדיה,ירכא,language,צרפתית,1
2026-07-30T17:01:03,58,אורתופדיה,ירכא,language,רומנית,4
2026-07-30T17:01:03,58,אורתופדיה,ירכא,language,רוסית,15
2026-07-30T17:01:15,58,אורתופדיה,כברי,gender,גבר,69
2026-07-30T17:01:15,58,אורתופדיה,כברי,gender,אישה,2
2026-07-30T17:01:15,58,אורתופדיה,כברי,visit_type,ביקור במרפאה,71
2026-07-30T17:01:15,58,אורתופדיה,כברי,visit_type,שיחת טלפון,2
2026-07-30T17:01:15,58,אורתופדיה,כברי,language,איטלקית,1
2026-07-30T17:01:15,58,אורתופדיה,כברי,language,אנגלית,35
2026-07-30T17:01:15,58,אורתופדיה,כברי,language,בולגרית,1
2026-07-30T17:01:15,58,אורתופדיה,כברי,language,גרמנית,1
2026-07-30T17:01:15,58,אורתופדיה,כברי,language,ספרדית,2
2026-07-30T17:01:15,58,אורתופדיה,כברי,language,עברית,70
2026-07-30T17:01:15,58,אורתופדיה,כברי,language,ערבית,60
2026-07-30T17:01:15,58,אורתופדיה,כברי,language,צכית,1
2026-07-30T17:01:15,58,אורתופדיה,כברי,language,צרפתית,1
2026-07-30T17:01:15,58,אורתופדיה,כברי,language,רומנית,4
2026-07-30T17:01:15,58,אורתופדיה,כברי,language,רוסית,15
2026-07-30T17:01:27,58,אורתופדיה,כור,gender,גבר,86
2026-07-30T17:01:27,58,אורתופדיה,כור,visit_type,ביקור במרפאה,89
2026-07-30T17:01:27,58,אורתופדיה,כור,visit_type,שיחת טלפון,3
2026-07-30T17:01:27,58,אורתופדיה,כור,language,אידיש,1
2026-07-30T17:01:27,58,אורתופדיה,כור,language,איטלקית,1
2026-07-30T17:01:27,58,אורתופדיה,כור,language,אנגלית,8
2026-07-30T17:01:27,58,אורתופדיה,כור,language,עברית,15
2026-07-30T17:01:27,58,אורתופדיה,כור,language,ערבית,10
2026-07-30T17:01:27,58,אורתופדיה,כור,language,רומנית,3
2026-07-30T17:01:27,58,אורתופדיה,כור,language,רוסית,2
2026-07-30T17:01:42,58,אורתופדיה,כלנית,gender,גבר,97
2026-07-30T17:01:42,58,אורתופדיה,כלנית,visit_type,ביקור במרפאה,98
2026-07-30T17:01:42,58,אורתופדיה,כלנית,visit_type,שיחת טלפון,1
2026-07-30T17:01:42,58,אורתופדיה,כלנית,language,איטלקית,1
2026-07-30T17:01:42,58,אורתופדיה,כלנית,language,אנגלית,9
2026-07-30T17:01:42,58,אורתופדיה,כלנית,language,עברית,12
2026-07-30T17:01:42,58,אורתופדיה,כלנית,language,ערבית,5
2026-07-30T17:01:42,58,אורתופדיה,כלנית,language,רוסית,6
2026-07-30T17:01:56,58,אורתופדיה,כפר א דיכ,gender,גבר,49
2026-07-30T17:01:56,58,אורתופדיה,כפר א דיכ,gender,אישה,1
2026-07-30T17:01:56,58,אורתופדיה,כפר א דיכ,visit_type,ביקור במרפאה,58
2026-07-30T17:01:56,58,אורתופדיה,כפר א דיכ,visit_type,שיחת טלפון,1
2026-07-30T17:01:56,58,אורתופדיה,כפר א דיכ,language,איטלקית,4
2026-07-30T17:01:56,58,אורתופדיה,כפר א דיכ,language,אנגלית,33
2026-07-30T17:01:56,58,אורתופדיה,כפר א דיכ,language,גרמנית,6
2026-07-30T17:01:56,58,אורתופדיה,כפר א דיכ,language,ספרדית,2
2026-07-30T17:01:56,58,אורתופדיה,כפר א דיכ,language,עברית,54
2026-07-30T17:01:56,58,אורתופדיה,כפר א דיכ,language,ערבית,6
2026-07-30T17:01:56,58,אורתופדיה,כפר א דיכ,language,רומנית,5
2026-07-30T17:01:56,58,אורתופדיה,כפר א דיכ,language,רוסית,6
2026-07-30T17:02:08,58,אורתופדיה,כרזה,gender,גבר,52
2026-07-30T17:02:08,58,אורתופדיה,כרזה,gender,אישה,3
2026-07-30T17:02:08,58,אורתופדיה,כרזה,visit_type,ביקור במרפאה,63
2026-07-30T17:02:08,58,אורתופדיה,כרזה,language,עברית,1
2026-07-30T17:02:08,58,אורתופדיה,כרזה,language,רוסית,1
2026-07-30T17:02:26,58,אורתופדיה,לא מוכר-דרום,gender,גבר,52
2026-07-30T17:02:26,58,אורתופדיה,לא מוכר-דרום,gender,אישה,3
2026-07-30T17:02:26,58,אורתופדיה,לא מוכר-דרום,visit_type,ביקור במרפאה,63
2026-07-30T17:02:26,58,אורתופדיה,לא מוכר-דרום,language,עברית,1
2026-07-30T17:02:26,58,אורתופדיה,לא מוכר-דרום,language,רוסית,1
2026-07-30T17:02:42,58,אורתופדיה,לוד,gender,גבר,54
2026-07-30T17:02:42,58,אורתופדיה,לוד,gender,אישה,1
2026-07-30T17:02:42,58,אורתופדיה,לוד,visit_type,ביקור במרפאה,61
2026-07-30T17:02:42,58,אורתופדיה,לוד,visit_type,שיחת טלפון,1
2026-07-30T17:02:42,58,אורתופדיה,לוד,language,איטלקית,2
2026-07-30T17:02:42,58,אורתופדיה,לוד,language,אנגלית,6
2026-07-30T17:02:42,58,אורתופדיה,לוד,language,גרמנית,1
2026-07-30T17:02:42,58,אורתופדיה,לוד,language,עברית,9
2026-07-30T17:02:42,58,אורתופדיה,לוד,language,צרפתית,2
2026-07-30T17:02:42,58,אורתופדיה,לוד,language,רוסית,4
2026-07-30T17:02:56,58,אורתופדיה,מאור,gender,גבר,125
2026-07-30T17:02:56,58,אורתופדיה,מאור,visit_type,ביקור במרפאה,128
2026-07-30T17:02:56,58,אורתופדיה,מאור,visit_type,שיחת טלפון,4
2026-07-30T17:02:56,58,אורתופדיה,מאור,language,אידיש,1
2026-07-30T17:02:56,58,אורתופדיה,מאור,language,איטלקית,1
2026-07-30T17:02:56,58,אורתופדיה,מאור,language,אנגלית,15
2026-07-30T17:02:56,58,אורתופדיה,מאור,language,גרמנית,1
2026-07-30T17:02:56,58,אורתופדיה,מאור,language,עברית,26
2026-07-30T17:02:56,58,אורתופדיה,מאור,language,ערבית,18
2026-07-30T17:02:56,58,אורתופדיה,מאור,language,רומנית,7
2026-07-30T17:02:56,58,אורתופדיה,מאור,language,רוסית,3
2026-07-30T17:03:18,58,אורתופדיה,מבטחים,gender,גבר,52
2026-07-30T17:03:18,58,אורתופדיה,מבטחים,gender,אישה,3
2026-07-30T17:03:18,58,אורתופדיה,מבטחים,visit_type,ביקור במרפאה,63
2026-07-30T17:03:18,58,אורתופדיה,מבטחים,language,עברית,1
2026-07-30T17:03:18,58,אורתופדיה,מבטחים,language,רוסית,1
2026-07-30T17:03:34,58,אורתופדיה,מגדל עוז,gender,גבר,47
2026-07-30T17:03:34,58,אורתופדיה,מגדל עוז,visit_type,ביקור במרפאה,49
2026-07-30T17:03:34,58,אורתופדיה,מגדל עוז,language,אנגלית,7
2026-07-30T17:03:34,58,אורתופדיה,מגדל עוז,language,עברית,12
2026-07-30T17:03:34,58,אורתופדיה,מגדל עוז,language,ערבית,6
2026-07-30T17:03:34,58,אורתופדיה,מגדל עוז,language,צרפתית,1
2026-07-30T17:03:34,58,אורתופדיה,מגדל עוז,language,רוסית,3
2026-07-30T17:03:43,58,אורתופדיה,מוע'אזי,gender,גבר,52
2026-07-30T17:03:43,58,אורתופדיה,מוע'אזי,gender,אישה,3
2026-07-30T17:03:43,58,אורתופדיה,מוע'אזי,visit_type,ביקור במרפאה,63
2026-07-30T17:03:43,58,אורתופדיה,מוע'אזי,language,עברית,1
2026-07-30T17:03:43,58,אורתופדיה,מוע'אזי,language,רוסית,1
2026-07-30T17:03:59,58,אורתופדיה,מזרעה א שרקיה,gender,גבר,47
2026-07-30T17:03:59,58,אורתופדיה,מזרעה א שרקיה,visit_type,ביקור במרפאה,49
2026-07-30T17:03:59,58,אורתופדיה,מזרעה א שרקיה,language,אנגלית,7
2026-07-30T17:03:59,58,אורתופדיה,מזרעה א שרקיה,language,עברית,12
2026-07-30T17:03:59,58,אורתופדיה,מזרעה א שרקיה,language,ערבית,6
2026-07-30T17:03:59,58,אורתופדיה,מזרעה א שרקיה,language,צרפתית,1
2026-07-30T17:03:59,58,אורתופדיה,מזרעה א שרקיה,language,רוסית,3
2026-07-30T17:04:09,58,אורתופדיה,מייסר,gender,גבר,125
2026-07-30T17:04:09,58,אורתופדיה,מייסר,visit_type,ביקור במרפאה,128
2026-07-30T17:04:09,58,אורתופדיה,מייסר,visit_type,שיחת טלפון,4
2026-07-30T17:04:09,58,אורתופדיה,מייסר,language,אידיש,1
2026-07-30T17:04:09,58,אורתופדיה,מייסר,language,איטלקית,1
2026-07-30T17:04:09,58,אורתופדיה,מייסר,language,אנגלית,15
2026-07-30T17:04:09,58,אורתופדיה,מייסר,language,גרמנית,1
2026-07-30T17:04:09,58,אורתופדיה,מייסר,language,עברית,26
2026-07-30T17:04:09,58,אורתופדיה,מייסר,language,ערבית,18
2026-07-30T17:04:09,58,אורתופדיה,מייסר,language,רומנית,7
2026-07-30T17:04:09,58,אורתופדיה,מייסר,language,רוסית,3
2026-07-30T17:04:29,58,אורתופדיה,מכמנים,gender,גבר,113
2026-07-30T17:04:29,58,אורתופדיה,מכמנים,gender,אישה,2
2026-07-30T17:04:29,58,אורתופדיה,מכמנים,visit_type,ביקור במרפאה,116
2026-07-30T17:04:29,58,אורתופדיה,מכמנים,visit_type,שיחת טלפון,2
2026-07-30T17:04:29,58,אורתופדיה,מכמנים,language,אידיש,1
2026-07-30T17:04:29,58,אורתופדיה,מכמנים,language,איטלקית,1
2026-07-30T17:04:29,58,אורתופדיה,מכמנים,language,אנגלית,71
2026-07-30T17:04:29,58,אורתופדיה,מכמנים,language,בולגרית,1
2026-07-30T17:04:29,58,אורתופדיה,מכמנים,language,גרמנית,6
2026-07-30T17:04:29,58,אורתופדיה,מכמנים,language,הונגרית,1
2026-07-30T17:04:29,58,אורתופדיה,מכמנים,language,ספרדית,4
2026-07-30T17:04:29,58,אורתופדיה,מכמנים,language,עברית,113
2026-07-30T17:04:29,58,אורתופדיה,מכמנים,language,ערבית,77
2026-07-30T17:04:29,58,אורתופדיה,מכמנים,language,צכית,1
2026-07-30T17:04:29,58,אורתופדיה,מכמנים,language,צרפתית,2
2026-07-30T17:04:29,58,אורתופדיה,מכמנים,language,רומנית,15
2026-07-30T17:04:29,58,אורתופדיה,מכמנים,language,רוסית,26
2026-07-30T17:04:47,58,אורתופדיה,מנשית זבדה,gender,גבר,145
2026-07-30T17:04:47,58,אורתופדיה,מנשית זבדה,visit_type,ביקור במרפאה,146
2026-07-30T17:04:47,58,אורתופדיה,מנשית זבדה,visit_type,שיחת טלפון,2
2026-07-30T17:04:47,58,אורתופדיה,מנשית זבדה,language,איטלקית,1
2026-07-30T17:04:47,58,אורתופדיה,מנשית זבדה,language,אנגלית,19
2026-07-30T17:04:47,58,אורתופדיה,מנשית זבדה,language,גרמנית,1
2026-07-30T17:04:47,58,אורתופדיה,מנשית זבדה,language,עברית,31
2026-07-30T17:04:47,58,אורתופדיה,מנשית זבדה,language,ערבית,21
2026-07-30T17:04:47,58,אורתופדיה,מנשית זבדה,language,רומנית,7
2026-07-30T17:04:47,58,אורתופדיה,מנשית זבדה,language,רוסית,6
2026-07-30T17:05:08,58,אורתופדיה,מעברות,gender,גבר,86
2026-07-30T17:05:08,58,אורתופדיה,מעברות,visit_type,ביקור במרפאה,89
2026-07-30T17:05:08,58,אורתופדיה,מעברות,visit_type,שיחת טלפון,3
2026-07-30T17:05:08,58,אורתופדיה,מעברות,language,אידיש,1
2026-07-30T17:05:08,58,אורתופדיה,מעברות,language,איטלקית,1
2026-07-30T17:05:08,58,אורתופדיה,מעברות,language,אנגלית,8
2026-07-30T17:05:08,58,אורתופדיה,מעברות,language,עברית,15
2026-07-30T17:05:08,58,אורתופדיה,מעברות,language,ערבית,10
2026-07-30T17:05:08,58,אורתופדיה,מעברות,language,רומנית,3
2026-07-30T17:05:08,58,אורתופדיה,מעברות,language,רוסית,2
2026-07-30T17:05:23,58,אורתופדיה,מפלסים,gender,גבר,41
2026-07-30T17:05:23,58,אורתופדיה,מפלסים,gender,אישה,2
2026-07-30T17:05:23,58,אורתופדיה,מפלסים,visit_type,ביקור במרפאה,47
2026-07-30T17:05:23,58,אורתופדיה,מפלסים,language,עברית,1
2026-07-30T17:05:23,58,אורתופדיה,מפלסים,language,רוסית,1
2026-07-30T17:05:37,58,אורתופדיה,מצדה,gender,גבר,52
2026-07-30T17:05:37,58,אורתופדיה,מצדה,gender,אישה,3
2026-07-30T17:05:37,58,אורתופדיה,מצדה,visit_type,ביקור במרפאה,63
2026-07-30T17:05:37,58,אורתופדיה,מצדה,language,עברית,1
2026-07-30T17:05:37,58,אורתופדיה,מצדה,language,רוסית,1
2026-07-30T17:05:51,58,אורתופדיה,מקווה ישראל,gender,גבר,32
2026-07-30T17:05:51,58,אורתופדיה,מקווה ישראל,gender,אישה,4
2026-07-30T17:05:51,58,אורתופדיה,מקווה ישראל,visit_type,ביקור במרפאה,44
2026-07-30T17:05:51,58,אורתופדיה,מקווה ישראל,language,איטלקית,4
2026-07-30T17:05:51,58,אורתופדיה,מקווה ישראל,language,אנגלית,13
2026-07-30T17:05:51,58,אורתופדיה,מקווה ישראל,language,עברית,22
2026-07-30T17:05:51,58,אורתופדיה,מקווה ישראל,language,ערבית,2
2026-07-30T17:05:51,58,אורתופדיה,מקווה ישראל,language,רומנית,2
2026-07-30T17:05:51,58,אורתופדיה,מקווה ישראל,language,רוסית,6
2026-07-30T17:06:00,58,אורתופדיה,מרכז אזורי משגב,gender,גבר,89
2026-07-30T17:06:00,58,אורתופדיה,מרכז אזורי משגב,gender,אישה,2
2026-07-30T17:06:00,58,אורתופדיה,מרכז אזורי משגב,visit_type,ביקור במרפאה,91
2026-07-30T17:06:00,58,אורתופדיה,מרכז אזורי משגב,visit_type,שיחת טלפון,2
2026-07-30T17:06:00,58,אורתופדיה,מרכז אזורי משגב,language,איטלקית,1
2026-07-30T17:06:00,58,אורתופדיה,מרכז אזורי משגב,language,אנגלית,53
2026-07-30T17:06:00,58,אורתופדיה,מרכז אזורי משגב,language,בולגרית,1
2026-07-30T17:06:00,58,אורתופדיה,מרכז אזורי משגב,language,גרמנית,3
2026-07-30T17:06:00,58,אורתופדיה,מרכז אזורי משגב,language,ספרדית,2
2026-07-30T17:06:00,58,אורתופדיה,מרכז אזורי משגב,language,עברית,90
2026-07-30T17:06:00,58,אורתופדיה,מרכז אזורי משגב,language,ערבית,67
2026-07-30T17:06:00,58,אורתופדיה,מרכז אזורי משגב,language,צכית,1
2026-07-30T17:06:00,58,אורתופדיה,מרכז אזורי משגב,language,צרפתית,1
2026-07-30T17:06:00,58,אורתופדיה,מרכז אזורי משגב,language,רומנית,8
2026-07-30T17:06:00,58,אורתופדיה,מרכז אזורי משגב,language,רוסית,19
2026-07-30T17:06:15,58,אורתופדיה,משמר הירדן,gender,גבר,97
2026-07-30T17:06:15,58,אורתופדיה,משמר הירדן,visit_type,ביקור במרפאה,98
2026-07-30T17:06:15,58,אורתופדיה,משמר הירדן,visit_type,שיחת טלפון,1
2026-07-30T17:06:15,58,אורתופדיה,משמר הירדן,language,איטלקית,1
2026-07-30T17:06:15,58,אורתופדיה,משמר הירדן,language,אנגלית,9
2026-07-30T17:06:15,58,אורתופדיה,משמר הירדן,language,עברית,12
2026-07-30T17:06:15,58,אורתופדיה,משמר הירדן,language,ערבית,5
2026-07-30T17:06:15,58,אורתופדיה,משמר הירדן,language,רוסית,6
2026-07-30T17:06:30,58,אורתופדיה,נאקורה,gender,גבר,86
2026-07-30T17:06:30,58,אורתופדיה,נאקורה,visit_type,ביקור במרפאה,89
2026-07-30T17:06:30,58,אורתופדיה,נאקורה,visit_type,שיחת טלפון,3
2026-07-30T17:06:30,58,אורתופדיה,נאקורה,language,אידיש,1
2026-07-30T17:06:30,58,אורתופדיה,נאקורה,language,איטלקית,1
2026-07-30T17:06:30,58,אורתופדיה,נאקורה,language,אנגלית,8
2026-07-30T17:06:30,58,אורתופדיה,נאקורה,language,עברית,15
2026-07-30T17:06:30,58,אורתופדיה,נאקורה,language,ערבית,10
2026-07-30T17:06:30,58,אורתופדיה,נאקורה,language,רומנית,3
2026-07-30T17:06:30,58,אורתופדיה,נאקורה,language,רוסית,2
2026-07-30T17:06:46,58,אורתופדיה,נוגה,gender,גבר,41
2026-07-30T17:06:46,58,אורתופדיה,נוגה,gender,אישה,2
2026-07-30T17:06:46,58,אורתופדיה,נוגה,visit_type,ביקור במרפאה,47
2026-07-30T17:06:46,58,אורתופדיה,נוגה,language,עברית,1
2026-07-30T17:06:46,58,אורתופדיה,נוגה,language,רוסית,1
2026-07-30T17:06:58,58,אורתופדיה,נזלה אל ע'רביה,gender,גבר,86
2026-07-30T17:06:58,58,אורתופדיה,נזלה אל ע'רביה,visit_type,ביקור במרפאה,89
2026-07-30T17:06:58,58,אורתופדיה,נזלה אל ע'רביה,visit_type,שיחת טלפון,3
2026-07-30T17:06:58,58,אורתופדיה,נזלה אל ע'רביה,language,אידיש,1
2026-07-30T17:06:58,58,אורתופדיה,נזלה אל ע'רביה,language,איטלקית,1
2026-07-30T17:06:58,58,אורתופדיה,נזלה אל ע'רביה,language,אנגלית,8
2026-07-30T17:06:58,58,אורתופדיה,נזלה אל ע'רביה,language,עברית,15
2026-07-30T17:06:58,58,אורתופדיה,נזלה אל ע'רביה,language,ערבית,10
2026-07-30T17:06:58,58,אורתופדיה,נזלה אל ע'רביה,language,רומנית,3
2026-07-30T17:06:58,58,אורתופדיה,נזלה אל ע'רביה,language,רוסית,2
2026-07-30T17:07:13,58,אורתופדיה,נחשולים,gender,גבר,115
2026-07-30T17:07:13,58,אורתופדיה,נחשולים,visit_type,ביקור במרפאה,116
2026-07-30T17:07:13,58,אורתופדיה,נחשולים,visit_type,שיחת טלפון,2
2026-07-30T17:07:13,58,אורתופדיה,נחשולים,language,אידיש,1
2026-07-30T17:07:13,58,אורתופדיה,נחשולים,language,אנגלית,41
2026-07-30T17:07:13,58,אורתופדיה,נחשולים,language,גרמנית,5
2026-07-30T17:07:13,58,אורתופדיה,נחשולים,language,הונגרית,1
2026-07-30T17:07:13,58,אורתופדיה,נחשולים,language,ספרדית,2
2026-07-30T17:07:13,58,אורתופדיה,נחשולים,language,עברית,57
2026-07-30T17:07:13,58,אורתופדיה,נחשולים,language,ערבית,29
2026-07-30T17:07:13,58,אורתופדיה,נחשולים,language,צרפתית,1
2026-07-30T17:07:13,58,אורתופדיה,נחשולים,language,רומנית,14
2026-07-30T17:07:13,58,אורתופדיה,נחשולים,language,רוסית,12
2026-07-30T17:07:30,58,אורתופדיה,ניעלין,gender,גבר,64
2026-07-30T17:07:30,58,אורתופדיה,ניעלין,gender,אישה,1
2026-07-30T17:07:30,58,אורתופדיה,ניעלין,visit_type,ביקור במרפאה,73
2026-07-30T17:07:30,58,אורתופדיה,ניעלין,visit_type,שיחת טלפון,2
2026-07-30T17:07:30,58,אורתופדיה,ניעלין,visit_type,שיחת וידאו,1
2026-07-30T17:07:30,58,אורתופדיה,ניעלין,language,איטלקית,3
2026-07-30T17:07:30,58,אורתופדיה,ניעלין,language,אנגלית,7
2026-07-30T17:07:30,58,אורתופדיה,ניעלין,language,גרמנית,1
2026-07-30T17:07:30,58,אורתופדיה,ניעלין,language,עברית,13
2026-07-30T17:07:30,58,אורתופדיה,ניעלין,language,ערבית,1
2026-07-30T17:07:30,58,אורתופדיה,ניעלין,language,צרפתית,3
2026-07-30T17:07:30,58,אורתופדיה,ניעלין,language,רומנית,1
2026-07-30T17:07:30,58,אורתופדיה,ניעלין,language,רוסית,5
2026-07-30T17:07:44,58,אורתופדיה,נס עמים,gender,גבר,69
2026-07-30T17:07:44,58,אורתופדיה,נס עמים,gender,אישה,2
2026-07-30T17:07:44,58,אורתופדיה,נס עמים,visit_type,ביקור במרפאה,71
2026-07-30T17:07:44,58,אורתופדיה,נס עמים,visit_type,שיחת טלפון,2
2026-07-30T17:07:44,58,אורתופדיה,נס עמים,language,איטלקית,1
2026-07-30T17:07:44,58,אורתופדיה,נס עמים,language,אנגלית,35
2026-07-30T17:07:44,58,אורתופדיה,נס עמים,language,בולגרית,1
2026-07-30T17:07:44,58,אורתופדיה,נס עמים,language,גרמנית,1
2026-07-30T17:07:44,58,אורתופדיה,נס עמים,language,ספרדית,2
2026-07-30T17:07:44,58,אורתופדיה,נס עמים,language,עברית,70
2026-07-30T17:07:44,58,אורתופדיה,נס עמים,language,ערבית,60
2026-07-30T17:07:44,58,אורתופדיה,נס עמים,language,צכית,1
2026-07-30T17:07:44,58,אורתופדיה,נס עמים,language,צרפתית,1
2026-07-30T17:07:44,58,אורתופדיה,נס עמים,language,רומנית,4
2026-07-30T17:07:44,58,אורתופדיה,נס עמים,language,רוסית,15
2026-07-30T17:07:56,58,אורתופדיה,נשר,gender,גבר,115
2026-07-30T17:07:56,58,אורתופדיה,נשר,visit_type,ביקור במרפאה,116
2026-07-30T17:07:56,58,אורתופדיה,נשר,visit_type,שיחת טלפון,2
2026-07-30T17:07:56,58,אורתופדיה,נשר,language,אידיש,1
2026-07-30T17:07:56,58,אורתופדיה,נשר,language,אנגלית,41
2026-07-30T17:07:56,58,אורתופדיה,נשר,language,גרמנית,5
2026-07-30T17:07:56,58,אורתופדיה,נשר,language,הונגרית,1
2026-07-30T17:07:56,58,אורתופדיה,נשר,language,ספרדית,2
2026-07-30T17:07:56,58,אורתופדיה,נשר,language,עברית,57
2026-07-30T17:07:56,58,אורתופדיה,נשר,language,ערבית,29
2026-07-30T17:07:56,58,אורתופדיה,נשר,language,צרפתית,1
2026-07-30T17:07:56,58,אורתופדיה,נשר,language,רומנית,14
2026-07-30T17:07:56,58,אורתופדיה,נשר,language,רוסית,12
2026-07-30T17:08:14,58,אורתופדיה,סאנור,gender,גבר,86
2026-07-30T17:08:14,58,אורתופדיה,סאנור,visit_type,ביקור במרפאה,89
2026-07-30T17:08:14,58,אורתופדיה,סאנור,visit_type,שיחת טלפון,3
2026-07-30T17:08:14,58,אורתופדיה,סאנור,language,אידיש,1
2026-07-30T17:08:14,58,אורתופדיה,סאנור,language,איטלקית,1
2026-07-30T17:08:14,58,אורתופדיה,סאנור,language,אנגלית,8
2026-07-30T17:08:14,58,אורתופדיה,סאנור,language,עברית,15
2026-07-30T17:08:14,58,אורתופדיה,סאנור,language,ערבית,10
2026-07-30T17:08:14,58,אורתופדיה,סאנור,language,רומנית,3
2026-07-30T17:08:14,58,אורתופדיה,סאנור,language,רוסית,2
2026-07-30T17:08:27,58,אורתופדיה,סורדה,gender,גבר,47
2026-07-30T17:08:27,58,אורתופדיה,סורדה,visit_type,ביקור במרפאה,49
2026-07-30T17:08:27,58,אורתופדיה,סורדה,language,אנגלית,7
2026-07-30T17:08:27,58,אורתופדיה,סורדה,language,עברית,12
2026-07-30T17:08:27,58,אורתופדיה,סורדה,language,ערבית,6
2026-07-30T17:08:27,58,אורתופדיה,סורדה,language,צרפתית,1
2026-07-30T17:08:27,58,אורתופדיה,סורדה,language,רוסית,3
2026-07-30T17:08:36,58,אורתופדיה,סיר,gender,גבר,86
2026-07-30T17:08:36,58,אורתופדיה,סיר,visit_type,ביקור במרפאה,89
2026-07-30T17:08:36,58,אורתופדיה,סיר,visit_type,שיחת טלפון,3
2026-07-30T17:08:36,58,אורתופדיה,סיר,language,אידיש,1
2026-07-30T17:08:36,58,אורתופדיה,סיר,language,איטלקית,1
2026-07-30T17:08:36,58,אורתופדיה,סיר,language,אנגלית,8
2026-07-30T17:08:36,58,אורתופדיה,סיר,language,עברית,15
2026-07-30T17:08:36,58,אורתופדיה,סיר,language,ערבית,10
2026-07-30T17:08:36,58,אורתופדיה,סיר,language,רומנית,3
2026-07-30T17:08:36,58,אורתופדיה,סיר,language,רוסית,2
2026-07-30T17:08:51,58,אורתופדיה,סעוה,gender,גבר,36
2026-07-30T17:08:51,58,אורתופדיה,סעוה,gender,אישה,2
2026-07-30T17:08:51,58,אורתופדיה,סעוה,visit_type,ביקור במרפאה,43
2026-07-30T17:08:51,58,אורתופדיה,סעוה,language,עברית,1
2026-07-30T17:08:51,58,אורתופדיה,סעוה,language,רוסית,1
2026-07-30T17:09:03,58,אורתופדיה,עאנין,gender,גבר,86
2026-07-30T17:09:03,58,אורתופדיה,עאנין,visit_type,ביקור במרפאה,89
2026-07-30T17:09:03,58,אורתופדיה,עאנין,visit_type,שיחת טלפון,3
2026-07-30T17:09:03,58,אורתופדיה,עאנין,language,אידיש,1
2026-07-30T17:09:03,58,אורתופדיה,עאנין,language,איטלקית,1
2026-07-30T17:09:03,58,אורתופדיה,עאנין,language,אנגלית,8
2026-07-30T17:09:03,58,אורתופדיה,עאנין,language,עברית,15
2026-07-30T17:09:03,58,אורתופדיה,עאנין,language,ערבית,10
2026-07-30T17:09:03,58,אורתופדיה,עאנין,language,רומנית,3
2026-07-30T17:09:03,58,אורתופדיה,עאנין,language,רוסית,2
2026-07-30T17:09:16,58,אורתופדיה,עד הלום,gender,גבר,64
2026-07-30T17:09:16,58,אורתופדיה,עד הלום,gender,אישה,1
2026-07-30T17:09:16,58,אורתופדיה,עד הלום,visit_type,ביקור במרפאה,73
2026-07-30T17:09:16,58,אורתופדיה,עד הלום,visit_type,שיחת טלפון,2
2026-07-30T17:09:16,58,אורתופדיה,עד הלום,visit_type,שיחת וידאו,1
2026-07-30T17:09:16,58,אורתופדיה,עד הלום,language,איטלקית,3
2026-07-30T17:09:16,58,אורתופדיה,עד הלום,language,אנגלית,7
2026-07-30T17:09:16,58,אורתופדיה,עד הלום,language,גרמנית,1
2026-07-30T17:09:16,58,אורתופדיה,עד הלום,language,עברית,13
2026-07-30T17:09:16,58,אורתופדיה,עד הלום,language,ערבית,1
2026-07-30T17:09:16,58,אורתופדיה,עד הלום,language,צרפתית,3
2026-07-30T17:09:16,58,אורתופדיה,עד הלום,language,רומנית,1
2026-07-30T17:09:16,58,אורתופדיה,עד הלום,language,רוסית,5
2026-07-30T17:09:31,58,אורתופדיה,עוסארין,gender,גבר,86
2026-07-30T17:09:31,58,אורתופדיה,עוסארין,visit_type,ביקור במרפאה,89
2026-07-30T17:09:31,58,אורתופדיה,עוסארין,visit_type,שיחת טלפון,3
2026-07-30T17:09:31,58,אורתופדיה,עוסארין,language,אידיש,1
2026-07-30T17:09:31,58,אורתופדיה,עוסארין,language,איטלקית,1
2026-07-30T17:09:31,58,אורתופדיה,עוסארין,language,אנגלית,8
2026-07-30T17:09:31,58,אורתופדיה,עוסארין,language,עברית,15
2026-07-30T17:09:31,58,אורתופדיה,עוסארין,language,ערבית,10
2026-07-30T17:09:31,58,אורתופדיה,עוסארין,language,רומנית,3
2026-07-30T17:09:31,58,אורתופדיה,עוסארין,language,רוסית,2
2026-07-30T17:09:45,58,אורתופדיה,עזריה,gender,גבר,64
2026-07-30T17:09:45,58,אורתופדיה,עזריה,gender,אישה,1
2026-07-30T17:09:45,58,אורתופדיה,עזריה,visit_type,ביקור במרפאה,73
2026-07-30T17:09:45,58,אורתופדיה,עזריה,visit_type,שיחת טלפון,2
2026-07-30T17:09:45,58,אורתופדיה,עזריה,visit_type,שיחת וידאו,1
2026-07-30T17:09:45,58,אורתופדיה,עזריה,language,איטלקית,3
2026-07-30T17:09:45,58,אורתופדיה,עזריה,language,אנגלית,7
2026-07-30T17:09:45,58,אורתופדיה,עזריה,language,גרמנית,1
2026-07-30T17:09:45,58,אורתופדיה,עזריה,language,עברית,13
2026-07-30T17:09:45,58,אורתופדיה,עזריה,language,ערבית,1
2026-07-30T17:09:45,58,אורתופדיה,עזריה,language,צרפתית,3
2026-07-30T17:09:45,58,אורתופדיה,עזריה,language,רומנית,1
2026-07-30T17:09:45,58,אורתופדיה,עזריה,language,רוסית,5
2026-07-30T17:10:00,58,אורתופדיה,עילוט,gender,גבר,97
2026-07-30T17:10:00,58,אורתופדיה,עילוט,visit_type,ביקור במרפאה,98
2026-07-30T17:10:00,58,אורתופדיה,עילוט,visit_type,שיחת טלפון,1
2026-07-30T17:10:00,58,אורתופדיה,עילוט,language,איטלקית,1
2026-07-30T17:10:00,58,אורתופדיה,עילוט,language,אנגלית,9
2026-07-30T17:10:00,58,אורתופדיה,עילוט,language,עברית,12
2026-07-30T17:10:00,58,אורתופדיה,עילוט,language,ערבית,5
2026-07-30T17:10:00,58,אורתופדיה,עילוט,language,רוסית,6
2026-07-30T17:10:16,58,אורתופדיה,עלמה,gender,גבר,97
2026-07-30T17:10:16,58,אורתופדיה,עלמה,visit_type,ביקור במרפאה,98
2026-07-30T17:10:16,58,אורתופדיה,עלמה,visit_type,שיחת טלפון,1
2026-07-30T17:10:16,58,אורתופדיה,עלמה,language,איטלקית,1
2026-07-30T17:10:16,58,אורתופדיה,עלמה,language,אנגלית,9
2026-07-30T17:10:16,58,אורתופדיה,עלמה,language,עברית,12
2026-07-30T17:10:16,58,אורתופדיה,עלמה,language,ערבית,5
2026-07-30T17:10:16,58,אורתופדיה,עלמה,language,רוסית,6
2026-07-30T17:10:32,58,אורתופדיה,עמנואל,gender,גבר,116
2026-07-30T17:10:32,58,אורתופדיה,עמנואל,gender,אישה,4
2026-07-30T17:10:32,58,אורתופדיה,עמנואל,visit_type,ביקור במרפאה,130
2026-07-30T17:10:32,58,אורתופדיה,עמנואל,visit_type,שיחת טלפון,3
2026-07-30T17:10:32,58,אורתופדיה,עמנואל,language,אידיש,1
2026-07-30T17:10:32,58,אורתופדיה,עמנואל,language,איטלקית,6
2026-07-30T17:10:32,58,אורתופדיה,עמנואל,language,אנגלית,28
2026-07-30T17:10:32,58,אורתופדיה,עמנואל,language,גרמנית,1
2026-07-30T17:10:32,58,אורתופדיה,עמנואל,language,עברית,46
2026-07-30T17:10:32,58,אורתופדיה,עמנואל,language,ערבית,15
2026-07-30T17:10:32,58,אורתופדיה,עמנואל,language,רומנית,8
2026-07-30T17:10:32,58,אורתופדיה,עמנואל,language,רוסית,6
2026-07-30T17:10:53,58,אורתופדיה,עפולה,gender,גבר,145
2026-07-30T17:10:53,58,אורתופדיה,עפולה,visit_type,ביקור במרפאה,146
2026-07-30T17:10:53,58,אורתופדיה,עפולה,visit_type,שיחת טלפון,2
2026-07-30T17:10:53,58,אורתופדיה,עפולה,language,איטלקית,1
2026-07-30T17:10:53,58,אורתופדיה,עפולה,language,אנגלית,19
2026-07-30T17:10:53,58,אורתופדיה,עפולה,language,גרמנית,1
2026-07-30T17:10:53,58,אורתופדיה,עפולה,language,עברית,31
2026-07-30T17:10:53,58,אורתופדיה,עפולה,language,ערבית,21
2026-07-30T17:10:53,58,אורתופדיה,עפולה,language,רומנית,7
2026-07-30T17:10:53,58,אורתופדיה,עפולה,language,רוסית,6
2026-07-30T17:11:14,58,אורתופדיה,ערב אל נעים,gender,גבר,113
2026-07-30T17:11:14,58,אורתופדיה,ערב אל נעים,gender,אישה,2
2026-07-30T17:11:14,58,אורתופדיה,ערב אל נעים,visit_type,ביקור במרפאה,116
2026-07-30T17:11:14,58,אורתופדיה,ערב אל נעים,visit_type,שיחת טלפון,2
2026-07-30T17:11:14,58,אורתופדיה,ערב אל נעים,language,אידיש,1
2026-07-30T17:11:14,58,אורתופדיה,ערב אל נעים,language,איטלקית,1
2026-07-30T17:11:14,58,אורתופדיה,ערב אל נעים,language,אנגלית,71
2026-07-30T17:11:14,58,אורתופדיה,ערב אל נעים,language,בולגרית,1
2026-07-30T17:11:14,58,אורתופדיה,ערב אל נעים,language,גרמנית,6
2026-07-30T17:11:14,58,אורתופדיה,ערב אל נעים,language,הונגרית,1
2026-07-30T17:11:14,58,אורתופדיה,ערב אל נעים,language,ספרדית,4
2026-07-30T17:11:14,58,אורתופדיה,ערב אל נעים,language,עברית,113
2026-07-30T17:11:14,58,אורתופדיה,ערב אל נעים,language,ערבית,77
2026-07-30T17:11:14,58,אורתופדיה,ערב אל נעים,language,צכית,1
2026-07-30T17:11:14,58,אורתופדיה,ערב אל נעים,language,צרפתית,2
2026-07-30T17:11:14,58,אורתופדיה,ערב אל נעים,language,רומנית,15
2026-07-30T17:11:14,58,אורתופדיה,ערב אל נעים,language,רוסית,26
2026-07-30T17:11:34,58,אורתופדיה,עתניאל,gender,גבר,52
2026-07-30T17:11:34,58,אורתופדיה,עתניאל,gender,אישה,3
2026-07-30T17:11:34,58,אורתופדיה,עתניאל,visit_type,ביקור במרפאה,63
2026-07-30T17:11:34,58,אורתופדיה,עתניאל,language,עברית,1
2026-07-30T17:11:34,58,אורתופדיה,עתניאל,language,רוסית,1
2026-07-30T17:11:49,58,אורתופדיה,פדיה,gender,גבר,54
2026-07-30T17:11:49,58,אורתופדיה,פדיה,gender,אישה,1
2026-07-30T17:11:49,58,אורתופדיה,פדיה,visit_type,ביקור במרפאה,61
2026-07-30T17:11:49,58,אורתופדיה,פדיה,visit_type,שיחת טלפון,1
2026-07-30T17:11:49,58,אורתופדיה,פדיה,language,איטלקית,2
2026-07-30T17:11:49,58,אורתופדיה,פדיה,language,אנגלית,6
2026-07-30T17:11:49,58,אורתופדיה,פדיה,language,גרמנית,1
2026-07-30T17:11:49,58,אורתופדיה,פדיה,language,עברית,9
2026-07-30T17:11:49,58,אורתופדיה,פדיה,language,צרפתית,2
2026-07-30T17:11:49,58,אורתופדיה,פדיה,language,רוסית,4
2026-07-30T17:12:01,58,אורתופדיה,פלמחים,gender,גבר,84
2026-07-30T17:12:01,58,אורתופדיה,פלמחים,gender,אישה,1
2026-07-30T17:12:01,58,אורתופדיה,פלמחים,visit_type,ביקור במרפאה,97
2026-07-30T17:12:01,58,אורתופדיה,פלמחים,visit_type,שיחת טלפון,2
2026-07-30T17:12:01,58,אורתופדיה,פלמחים,visit_type,שיחת וידאו,1
2026-07-30T17:12:01,58,אורתופדיה,פלמחים,language,איטלקית,4
2026-07-30T17:12:01,58,אורתופדיה,פלמחים,language,אנגלית,13
2026-07-30T17:12:01,58,אורתופדיה,פלמחים,language,גרמנית,1
2026-07-30T17:12:01,58,אורתופדיה,פלמחים,language,עברית,24
2026-07-30T17:12:01,58,אורתופדיה,פלמחים,language,ערבית,2
2026-07-30T17:12:01,58,אורתופדיה,פלמחים,language,צרפתית,3
2026-07-30T17:12:01,58,אורתופדיה,פלמחים,language,רומנית,2
2026-07-30T17:12:01,58,אורתופדיה,פלמחים,language,רוסית,9
2026-07-30T17:12:19,58,אורתופדיה,פקיעין חדשה,gender,גבר,69
2026-07-30T17:12:19,58,אורתופדיה,פקיעין חדשה,gender,אישה,2
2026-07-30T17:12:19,58,אורתופדיה,פקיעין חדשה,visit_type,ביקור במרפאה,71
2026-07-30T17:12:19,58,אורתופדיה,פקיעין חדשה,visit_type,שיחת טלפון,2
2026-07-30T17:12:19,58,אורתופדיה,פקיעין חדשה,language,איטלקית,1
2026-07-30T17:12:19,58,אורתופדיה,פקיעין חדשה,language,אנגלית,35
2026-07-30T17:12:19,58,אורתופדיה,פקיעין חדשה,language,בולגרית,1
2026-07-30T17:12:19,58,אורתופדיה,פקיעין חדשה,language,גרמנית,1
2026-07-30T17:12:19,58,אורתופדיה,פקיעין חדשה,language,ספרדית,2
2026-07-30T17:12:19,58,אורתופדיה,פקיעין חדשה,language,עברית,70
2026-07-30T17:12:19,58,אורתופדיה,פקיעין חדשה,language,ערבית,60
2026-07-30T17:12:19,58,אורתופדיה,פקיעין חדשה,language,צכית,1
2026-07-30T17:12:19,58,אורתופדיה,פקיעין חדשה,language,צרפתית,1
2026-07-30T17:12:19,58,אורתופדיה,פקיעין חדשה,language,רומנית,4
2026-07-30T17:12:19,58,אורתופדיה,פקיעין חדשה,language,רוסית,15
2026-07-30T17:12:31,58,אורתופדיה,פתחיה,gender,גבר,54
2026-07-30T17:12:31,58,אורתופדיה,פתחיה,gender,אישה,1
2026-07-30T17:12:31,58,אורתופדיה,פתחיה,visit_type,ביקור במרפאה,61
2026-07-30T17:12:31,58,אורתופדיה,פתחיה,visit_type,שיחת טלפון,1
2026-07-30T17:12:31,58,אורתופדיה,פתחיה,language,איטלקית,2
2026-07-30T17:12:31,58,אורתופדיה,פתחיה,language,אנגלית,6
2026-07-30T17:12:31,58,אורתופדיה,פתחיה,language,גרמנית,1
2026-07-30T17:12:31,58,אורתופדיה,פתחיה,language,עברית,9
2026-07-30T17:12:31,58,אורתופדיה,פתחיה,language,צרפתית,2
2026-07-30T17:12:31,58,אורתופדיה,פתחיה,language,רוסית,4
2026-07-30T17:12:43,58,אורתופדיה,צוקי ים,gender,גבר,86
2026-07-30T17:12:43,58,אורתופדיה,צוקי ים,visit_type,ביקור במרפאה,89
2026-07-30T17:12:43,58,אורתופדיה,צוקי ים,visit_type,שיחת טלפון,3
2026-07-30T17:12:43,58,אורתופדיה,צוקי ים,language,אידיש,1
2026-07-30T17:12:43,58,אורתופדיה,צוקי ים,language,איטלקית,1
2026-07-30T17:12:43,58,אורתופדיה,צוקי ים,language,אנגלית,8
2026-07-30T17:12:43,58,אורתופדיה,צוקי ים,language,עברית,15
2026-07-30T17:12:43,58,אורתופדיה,צוקי ים,language,ערבית,10
2026-07-30T17:12:43,58,אורתופדיה,צוקי ים,language,רומנית,3
2026-07-30T17:12:43,58,אורתופדיה,צוקי ים,language,רוסית,2
2026-07-30T17:12:59,58,אורתופדיה,צרופה,gender,גבר,115
2026-07-30T17:12:59,58,אורתופדיה,צרופה,visit_type,ביקור במרפאה,116
2026-07-30T17:12:59,58,אורתופדיה,צרופה,visit_type,שיחת טלפון,2
2026-07-30T17:12:59,58,אורתופדיה,צרופה,language,אידיש,1
2026-07-30T17:12:59,58,אורתופדיה,צרופה,language,אנגלית,41
2026-07-30T17:12:59,58,אורתופדיה,צרופה,language,גרמנית,5
2026-07-30T17:12:59,58,אורתופדיה,צרופה,language,הונגרית,1
2026-07-30T17:12:59,58,אורתופדיה,צרופה,language,ספרדית,2
2026-07-30T17:12:59,58,אורתופדיה,צרופה,language,עברית,57
2026-07-30T17:12:59,58,אורתופדיה,צרופה,language,ערבית,29
2026-07-30T17:12:59,58,אורתופדיה,צרופה,language,צרפתית,1
2026-07-30T17:12:59,58,אורתופדיה,צרופה,language,רומנית,14
2026-07-30T17:12:59,58,אורתופדיה,צרופה,language,רוסית,12
2026-07-30T17:13:17,58,אורתופדיה,קדמת צבי,gender,גבר,97
2026-07-30T17:13:17,58,אורתופדיה,קדמת צבי,visit_type,ביקור במרפאה,98
2026-07-30T17:13:17,58,אורתופדיה,קדמת צבי,visit_type,שיחת טלפון,1
2026-07-30T17:13:17,58,אורתופדיה,קדמת צבי,language,איטלקית,1
2026-07-30T17:13:17,58,אורתופדיה,קדמת צבי,language,אנגלית,9
2026-07-30T17:13:17,58,אורתופדיה,קדמת צבי,language,עברית,12
2026-07-30T17:13:17,58,אורתופדיה,קדמת צבי,language,ערבית,5
2026-07-30T17:13:17,58,אורתופדיה,קדמת צבי,language,רוסית,6
2026-07-30T17:13:33,58,אורתופדיה,קורנית,gender,גבר,89
2026-07-30T17:13:33,58,אורתופדיה,קורנית,gender,אישה,2
2026-07-30T17:13:33,58,אורתופדיה,קורנית,visit_type,ביקור במרפאה,91
2026-07-30T17:13:33,58,אורתופדיה,קורנית,visit_type,שיחת טלפון,2
2026-07-30T17:13:33,58,אורתופדיה,קורנית,language,איטלקית,1
2026-07-30T17:13:33,58,אורתופדיה,קורנית,language,אנגלית,53
2026-07-30T17:13:33,58,אורתופדיה,קורנית,language,בולגרית,1
2026-07-30T17:13:33,58,אורתופדיה,קורנית,language,גרמנית,3
2026-07-30T17:13:33,58,אורתופדיה,קורנית,language,ספרדית,2
2026-07-30T17:13:33,58,אורתופדיה,קורנית,language,עברית,90
2026-07-30T17:13:33,58,אורתופדיה,קורנית,language,ערבית,67
2026-07-30T17:13:33,58,אורתופדיה,קורנית,language,צכית,1
2026-07-30T17:13:33,58,אורתופדיה,קורנית,language,צרפתית,1
2026-07-30T17:13:33,58,אורתופדיה,קורנית,language,רומנית,8
2026-07-30T17:13:33,58,אורתופדיה,קורנית,language,רוסית,19
2026-07-30T17:13:47,58,אורתופדיה,קלע,gender,גבר,97
2026-07-30T17:13:47,58,אורתופדיה,קלע,visit_type,ביקור במרפאה,98
2026-07-30T17:13:47,58,אורתופדיה,קלע,visit_type,שיחת טלפון,1
2026-07-30T17:13:47,58,אורתופדיה,קלע,language,איטלקית,1
2026-07-30T17:13:47,58,אורתופדיה,קלע,language,אנגלית,9
2026-07-30T17:13:47,58,אורתופדיה,קלע,language,עברית,12
2026-07-30T17:13:47,58,אורתופדיה,קלע,language,ערבית,5
2026-07-30T17:13:47,58,אורתופדיה,קלע,language,רוסית,6
2026-07-30T17:14:02,58,אורתופדיה,קרית ארבע,gender,גבר,47
2026-07-30T17:14:02,58,אורתופדיה,קרית ארבע,visit_type,ביקור במרפאה,49
2026-07-30T17:14:02,58,אורתופדיה,קרית ארבע,language,אנגלית,7
2026-07-30T17:14:02,58,אורתופדיה,קרית ארבע,language,עברית,12
2026-07-30T17:14:02,58,אורתופדיה,קרית ארבע,language,ערבית,6
2026-07-30T17:14:02,58,אורתופדיה,קרית ארבע,language,צרפתית,1
2026-07-30T17:14:02,58,אורתופדיה,קרית ארבע,language,רוסית,3
2026-07-30T17:14:12,58,אורתופדיה,ראמין,gender,גבר,86
2026-07-30T17:14:12,58,אורתופדיה,ראמין,visit_type,ביקור במרפאה,89
2026-07-30T17:14:12,58,אורתופדיה,ראמין,visit_type,שיחת טלפון,3
2026-07-30T17:14:12,58,אורתופדיה,ראמין,language,אידיש,1
2026-07-30T17:14:12,58,אורתופדיה,ראמין,language,איטלקית,1
2026-07-30T17:14:12,58,אורתופדיה,ראמין,language,אנגלית,8
2026-07-30T17:14:12,58,אורתופדיה,ראמין,language,עברית,15
2026-07-30T17:14:12,58,אורתופדיה,ראמין,language,ערבית,10
2026-07-30T17:14:12,58,אורתופדיה,ראמין,language,רומנית,3
2026-07-30T17:14:12,58,אורתופדיה,ראמין,language,רוסית,2
2026-07-30T17:14:26,58,אורתופדיה,רביד,gender,גבר,97
2026-07-30T17:14:26,58,אורתופדיה,רביד,visit_type,ביקור במרפאה,98
2026-07-30T17:14:26,58,אורתופדיה,רביד,visit_type,שיחת טלפון,1
2026-07-30T17:14:26,58,אורתופדיה,רביד,language,איטלקית,1
2026-07-30T17:14:26,58,אורתופדיה,רביד,language,אנגלית,9
2026-07-30T17:14:26,58,אורתופדיה,רביד,language,עברית,12
2026-07-30T17:14:26,58,אורתופדיה,רביד,language,ערבית,5
2026-07-30T17:14:26,58,אורתופדיה,רביד,language,רוסית,6
2026-07-30T17:14:42,58,אורתופדיה,רומאנה ממזרח לאום אל פחם,gender,גבר,86
2026-07-30T17:14:42,58,אורתופדיה,רומאנה ממזרח לאום אל פחם,visit_type,ביקור במרפאה,89
2026-07-30T17:14:42,58,אורתופדיה,רומאנה ממזרח לאום אל פחם,visit_type,שיחת טלפון,3
2026-07-30T17:14:42,58,אורתופדיה,רומאנה ממזרח לאום אל פחם,language,אידיש,1
2026-07-30T17:14:42,58,אורתופדיה,רומאנה ממזרח לאום אל פחם,language,איטלקית,1
2026-07-30T17:14:42,58,אורתופדיה,רומאנה ממזרח לאום אל פחם,language,אנגלית,8
2026-07-30T17:14:42,58,אורתופדיה,רומאנה ממזרח לאום אל פחם,language,עברית,15
2026-07-30T17:14:42,58,אורתופדיה,רומאנה ממזרח לאום אל פחם,language,ערבית,10
2026-07-30T17:14:42,58,אורתופדיה,רומאנה ממזרח לאום אל פחם,language,רומנית,3
2026-07-30T17:14:42,58,אורתופדיה,רומאנה ממזרח לאום אל פחם,language,רוסית,2
2026-07-30T17:14:55,58,אורתופדיה,רימונים,gender,גבר,47
2026-07-30T17:14:55,58,אורתופדיה,רימונים,visit_type,ביקור במרפאה,49
2026-07-30T17:14:55,58,אורתופדיה,רימונים,language,אנגלית,7
2026-07-30T17:14:55,58,אורתופדיה,רימונים,language,עברית,12
2026-07-30T17:14:55,58,אורתופדיה,רימונים,language,ערבית,6
2026-07-30T17:14:55,58,אורתופדיה,רימונים,language,צרפתית,1
2026-07-30T17:14:55,58,אורתופדיה,רימונים,language,רוסית,3
2026-07-30T17:15:04,58,אורתופדיה,רמות נפתלי,gender,גבר,97
2026-07-30T17:15:04,58,אורתופדיה,רמות נפתלי,visit_type,ביקור במרפאה,98
2026-07-30T17:15:04,58,אורתופדיה,רמות נפתלי,visit_type,שיחת טלפון,1
2026-07-30T17:15:04,58,אורתופדיה,רמות נפתלי,language,איטלקית,1
2026-07-30T17:15:04,58,אורתופדיה,רמות נפתלי,language,אנגלית,9
2026-07-30T17:15:04,58,אורתופדיה,רמות נפתלי,language,עברית,12
2026-07-30T17:15:04,58,אורתופדיה,רמות נפתלי,language,ערבית,5
2026-07-30T17:15:04,58,אורתופדיה,רמות נפתלי,language,רוסית,6
2026-07-30T17:15:20,58,אורתופדיה,רקפת,gender,גבר,89
2026-07-30T17:15:20,58,אורתופדיה,רקפת,gender,אישה,2
2026-07-30T17:15:20,58,אורתופדיה,רקפת,visit_type,ביקור במרפאה,91
2026-07-30T17:15:20,58,אורתופדיה,רקפת,visit_type,שיחת טלפון,2
2026-07-30T17:15:20,58,אורתופדיה,רקפת,language,איטלקית,1
2026-07-30T17:15:20,58,אורתופדיה,רקפת,language,אנגלית,53
2026-07-30T17:15:20,58,אורתופדיה,רקפת,language,בולגרית,1
2026-07-30T17:15:20,58,אורתופדיה,רקפת,language,גרמנית,3
2026-07-30T17:15:20,58,אורתופדיה,רקפת,language,ספרדית,2
2026-07-30T17:15:20,58,אורתופדיה,רקפת,language,עברית,90
2026-07-30T17:15:20,58,אורתופדיה,רקפת,language,ערבית,67
2026-07-30T17:15:20,58,אורתופדיה,רקפת,language,צכית,1
2026-07-30T17:15:20,58,אורתופדיה,רקפת,language,צרפתית,1
2026-07-30T17:15:20,58,אורתופדיה,רקפת,language,רומנית,8
2026-07-30T17:15:20,58,אורתופדיה,רקפת,language,רוסית,19
2026-07-30T17:15:35,58,אורתופדיה,שדה אילן,gender,גבר,97
2026-07-30T17:15:35,58,אורתופדיה,שדה אילן,visit_type,ביקור במרפאה,98
2026-07-30T17:15:35,58,אורתופדיה,שדה אילן,visit_type,שיחת טלפון,1
2026-07-30T17:15:35,58,אורתופדיה,שדה אילן,language,איטלקית,1
2026-07-30T17:15:35,58,אורתופדיה,שדה אילן,language,אנגלית,9
2026-07-30T17:15:35,58,אורתופדיה,שדה אילן,language,עברית,12
2026-07-30T17:15:35,58,אורתופדיה,שדה אילן,language,ערבית,5
2026-07-30T17:15:35,58,אורתופדיה,שדה אילן,language,רוסית,6
2026-07-30T17:15:49,58,אורתופדיה,שואבה,gender,גבר,47
2026-07-30T17:15:49,58,אורתופדיה,שואבה,visit_type,ביקור במרפאה,49
2026-07-30T17:15:49,58,אורתופדיה,שואבה,language,אנגלית,7
2026-07-30T17:15:49,58,אורתופדיה,שואבה,language,עברית,12
2026-07-30T17:15:49,58,אורתופדיה,שואבה,language,ערבית,6
2026-07-30T17:15:49,58,אורתופדיה,שואבה,language,צרפתית,1
2026-07-30T17:15:49,58,אורתופדיה,שואבה,language,רוסית,3
2026-07-30T17:15:58,58,אורתופדיה,שזור,gender,גבר,89
2026-07-30T17:15:58,58,אורתופדיה,שזור,gender,אישה,2
2026-07-30T17:15:58,58,אורתופדיה,שזור,visit_type,ביקור במרפאה,91
2026-07-30T17:15:58,58,אורתופדיה,שזור,visit_type,שיחת טלפון,2
2026-07-30T17:15:58,58,אורתופדיה,שזור,language,איטלקית,1
2026-07-30T17:15:58,58,אורתופדיה,שזור,language,אנגלית,53
2026-07-30T17:15:58,58,אורתופדיה,שזור,language,בולגרית,1
2026-07-30T17:15:58,58,אורתופדיה,שזור,language,גרמנית,3
2026-07-30T17:15:58,58,אורתופדיה,שזור,language,ספרדית,2
2026-07-30T17:15:58,58,אורתופדיה,שזור,language,עברית,90
2026-07-30T17:15:58,58,אורתופדיה,שזור,language,ערבית,67
2026-07-30T17:15:58,58,אורתופדיה,שזור,language,צכית,1
2026-07-30T17:15:58,58,אורתופדיה,שזור,language,צרפתית,1
2026-07-30T17:15:58,58,אורתופדיה,שזור,language,רומנית,8
2026-07-30T17:15:58,58,אורתופדיה,שזור,language,רוסית,19
2026-07-30T17:16:13,58,אורתופדיה,שילת,gender,גבר,54
2026-07-30T17:16:13,58,אורתופדיה,שילת,gender,אישה,1
2026-07-30T17:16:13,58,אורתופדיה,שילת,visit_type,ביקור במרפאה,61
2026-07-30T17:16:13,58,אורתופדיה,שילת,visit_type,שיחת טלפון,1
2026-07-30T17:16:13,58,אורתופדיה,שילת,language,איטלקית,2
2026-07-30T17:16:13,58,אורתופדיה,שילת,language,אנגלית,6
2026-07-30T17:16:13,58,אורתופדיה,שילת,language,גרמנית,1
2026-07-30T17:16:13,58,אורתופדיה,שילת,language,עברית,9
2026-07-30T17:16:13,58,אורתופדיה,שילת,language,צרפתית,2
2026-07-30T17:16:13,58,אורתופדיה,שילת,language,רוסית,4
2026-07-30T17:16:26,58,אורתופדיה,שמעה,gender,גבר,52
2026-07-30T17:16:26,58,אורתופדיה,שמעה,gender,אישה,3
2026-07-30T17:16:26,58,אורתופדיה,שמעה,visit_type,ביקור במרפאה,63
2026-07-30T17:16:26,58,אורתופדיה,שמעה,language,עברית,1
2026-07-30T17:16:26,58,אורתופדיה,שמעה,language,רוסית,1
2026-07-30T17:16:44,58,אורתופדיה,שער העמקים,gender,גבר,115
2026-07-30T17:16:44,58,אורתופדיה,שער העמקים,visit_type,ביקור במרפאה,116
2026-07-30T17:16:44,58,אורתופדיה,שער העמקים,visit_type,שיחת טלפון,2
2026-07-30T17:16:44,58,אורתופדיה,שער העמקים,language,אידיש,1
2026-07-30T17:16:44,58,אורתופדיה,שער העמקים,language,אנגלית,41
2026-07-30T17:16:44,58,אורתופדיה,שער העמקים,language,גרמנית,5
2026-07-30T17:16:44,58,אורתופדיה,שער העמקים,language,הונגרית,1
2026-07-30T17:16:44,58,אורתופדיה,שער העמקים,language,ספרדית,2
2026-07-30T17:16:44,58,אורתופדיה,שער העמקים,language,עברית,57
2026-07-30T17:16:44,58,אורתופדיה,שער העמקים,language,ערבית,29
2026-07-30T17:16:44,58,אורתופדיה,שער העמקים,language,צרפתית,1
2026-07-30T17:16:44,58,אורתופדיה,שער העמקים,language,רומנית,14
2026-07-30T17:16:44,58,אורתופדיה,שער העמקים,language,רוסית,12
2026-07-30T17:17:01,58,אורתופדיה,שריגים,gender,גבר,47
2026-07-30T17:17:01,58,אורתופדיה,שריגים,visit_type,ביקור במרפאה,49
2026-07-30T17:17:01,58,אורתופדיה,שריגים,language,אנגלית,7
2026-07-30T17:17:01,58,אורתופדיה,שריגים,language,עברית,12
2026-07-30T17:17:01,58,אורתופדיה,שריגים,language,ערבית,6
2026-07-30T17:17:01,58,אורתופדיה,שריגים,language,צרפתית,1
2026-07-30T17:17:01,58,אורתופדיה,שריגים,language,רוסית,3
2026-07-30T17:17:09,58,אורתופדיה,תורמוס עייא,gender,גבר,47
2026-07-30T17:17:09,58,אורתופדיה,תורמוס עייא,visit_type,ביקור במרפאה,49
2026-07-30T17:17:09,58,אורתופדיה,תורמוס עייא,language,אנגלית,7
2026-07-30T17:17:09,58,אורתופדיה,תורמוס עייא,language,עברית,12
2026-07-30T17:17:09,58,אורתופדיה,תורמוס עייא,language,ערבית,6
2026-07-30T17:17:09,58,אורתופדיה,תורמוס עייא,language,צרפתית,1
2026-07-30T17:17:09,58,אורתופדיה,תורמוס עייא,language,רוסית,3
2026-07-30T17:17:19,58,אורתופדיה,תל יוסף,gender,גבר,145
2026-07-30T17:17:19,58,אורתופדיה,תל יוסף,visit_type,ביקור במרפאה,146
2026-07-30T17:17:19,58,אורתופדיה,תל יוסף,visit_type,שיחת טלפון,2
2026-07-30T17:17:19,58,אורתופדיה,תל יוסף,language,איטלקית,1
2026-07-30T17:17:19,58,אורתופדיה,תל יוסף,language,אנגלית,19
2026-07-30T17:17:19,58,אורתופדיה,תל יוסף,language,גרמנית,1
2026-07-30T17:17:19,58,אורתופדיה,תל יוסף,language,עברית,31
2026-07-30T17:17:19,58,אורתופדיה,תל יוסף,language,ערבית,21
2026-07-30T17:17:19,58,אורתופדיה,תל יוסף,language,רומנית,7
2026-07-30T17:17:19,58,אורתופדיה,תל יוסף,language,רוסית,6
2026-07-30T17:17:38,58,אורתופדיה,תעשיון השרון,gender,גבר,49
2026-07-30T17:17:38,58,אורתופדיה,תעשיון השרון,gender,אישה,1
2026-07-30T17:17:38,58,אורתופדיה,תעשיון השרון,visit_type,ביקור במרפאה,58
2026-07-30T17:17:38,58,אורתופדיה,תעשיון השרון,visit_type,שיחת טלפון,1
2026-07-30T17:17:38,58,אורתופדיה,תעשיון השרון,language,איטלקית,4
2026-07-30T17:17:38,58,אורתופדיה,תעשיון השרון,language,אנגלית,33
2026-07-30T17:17:38,58,אורתופדיה,תעשיון השרון,language,גרמנית,6
2026-07-30T17:17:38,58,אורתופדיה,תעשיון השרון,language,ספרדית,2
2026-07-30T17:17:38,58,אורתופדיה,תעשיון השרון,language,עברית,54
2026-07-30T17:17:38,58,אורתופדיה,תעשיון השרון,language,ערבית,6
2026-07-30T17:17:38,58,אורתופדיה,תעשיון השרון,language,רומנית,5
2026-07-30T17:17:38,58,אורתופדיה,תעשיון השרון,language,רוסית,6
2026-07-30T17:17:47,58,אורתופדיה,תקוע,gender,גבר,47
2026-07-30T17:17:47,58,אורתופדיה,תקוע,visit_type,ביקור במרפאה,49
2026-07-30T17:17:47,58,אורתופדיה,תקוע,language,אנגלית,7
2026-07-30T17:17:47,58,אורתופדיה,תקוע,language,עברית,12
2026-07-30T17:17:47,58,אורתופדיה,תקוע,language,ערבית,6
2026-07-30T17:17:47,58,אורתופדיה,תקוע,language,צרפתית,1
2026-07-30T17:17:47,58,אורתופדיה,תקוע,language,רוסית,3
2026-07-30T17:17:57,62,אף אוזן גרון,א ריחייה,gender,גבר,50
2026-07-30T17:17:57,62,אף אוזן גרון,א ריחייה,gender,אישה,7
2026-07-30T17:17:57,62,אף אוזן גרון,א ריחייה,visit_type,ביקור במרפאה,63
2026-07-30T17:17:57,62,אף אוזן גרון,א ריחייה,language,אוקראינית,1
2026-07-30T17:17:57,62,אף אוזן גרון,א ריחייה,language,אידיש,3
2026-07-30T17:17:57,62,אף אוזן גרון,א ריחייה,language,אנגלית,3
2026-07-30T17:17:57,62,אף אוזן גרון,א ריחייה,language,הונגרית,1
2026-07-30T17:17:57,62,אף אוזן גרון,א ריחייה,language,ספרדית,3
2026-07-30T17:17:57,62,אף אוזן גרון,א ריחייה,language,עברית,11
2026-07-30T17:17:57,62,אף אוזן גרון,א ריחייה,language,ערבית,5
2026-07-30T17:17:57,62,אף אוזן גרון,א ריחייה,language,צכית,1
2026-07-30T17:17:57,62,אף אוזן גרון,א ריחייה,language,רוסית,1
2026-07-30T17:18:11,62,אף אוזן גרון,אבו עמרה,gender,גבר,38
2026-07-30T17:18:11,62,אף אוזן גרון,אבו עמרה,gender,אישה,6
2026-07-30T17:18:11,62,אף אוזן גרון,אבו עמרה,visit_type,ביקור במרפאה,47
2026-07-30T17:18:11,62,אף אוזן גרון,אבו עמרה,language,אוקראינית,1
2026-07-30T17:18:11,62,אף אוזן גרון,אבו עמרה,language,אידיש,3
2026-07-30T17:18:11,62,אף אוזן גרון,אבו עמרה,language,אנגלית,3
2026-07-30T17:18:11,62,אף אוזן גרון,אבו עמרה,language,הונגרית,1
2026-07-30T17:18:11,62,אף אוזן גרון,אבו עמרה,language,ספרדית,3
2026-07-30T17:18:11,62,אף אוזן גרון,אבו עמרה,language,עברית,10
2026-07-30T17:18:11,62,אף אוזן גרון,אבו עמרה,language,ערבית,4
2026-07-30T17:18:11,62,אף אוזן גרון,אבו עמרה,language,צכית,1
2026-07-30T17:18:11,62,אף אוזן גרון,אבו עמרה,language,רוסית,1
2026-07-30T17:18:23,62,אף אוזן גרון,אוהד,gender,גבר,32
2026-07-30T17:18:23,62,אף אוזן גרון,אוהד,gender,אישה,3
2026-07-30T17:18:23,62,אף אוזן גרון,אוהד,visit_type,ביקור במרפאה,41
2026-07-30T17:18:23,62,אף אוזן גרון,אוהד,language,אוקראינית,1
2026-07-30T17:18:23,62,אף אוזן גרון,אוהד,language,אנגלית,3
2026-07-30T17:18:23,62,אף אוזן גרון,אוהד,language,הונגרית,1
2026-07-30T17:18:23,62,אף אוזן גרון,אוהד,language,עברית,4
2026-07-30T17:18:23,62,אף אוזן גרון,אוהד,language,ערבית,1
2026-07-30T17:18:23,62,אף אוזן גרון,אוהד,language,צכית,1
2026-07-30T17:18:23,62,אף אוזן גרון,אוהד,language,רוסית,1
2026-07-30T17:18:32,62,אף אוזן גרון,אזור תעשייה אלון התבור,gender,גבר,54
2026-07-30T17:18:32,62,אף אוזן גרון,אזור תעשייה אלון התבור,gender,אישה,5
2026-07-30T17:18:32,62,אף אוזן גרון,אזור תעשייה אלון התבור,visit_type,ביקור במרפאה,59
2026-07-30T17:18:32,62,אף אוזן גרון,אזור תעשייה אלון התבור,language,אנגלית,11
2026-07-30T17:18:32,62,אף אוזן גרון,אזור תעשייה אלון התבור,language,עברית,14
2026-07-30T17:18:32,62,אף אוזן גרון,אזור תעשייה אלון התבור,language,ערבית,14
2026-07-30T17:18:32,62,אף אוזן גרון,אזור תעשייה אלון התבור,language,רוסית,2
2026-07-30T17:18:43,62,אף אוזן גרון,איבים,gender,גבר,32
2026-07-30T17:18:43,62,אף אוזן גרון,איבים,gender,אישה,3
2026-07-30T17:18:43,62,אף אוזן גרון,איבים,visit_type,ביקור במרפאה,41
2026-07-30T17:18:43,62,אף אוזן גרון,איבים,language,אוקראינית,1
2026-07-30T17:18:43,62,אף אוזן גרון,איבים,language,אנגלית,3
2026-07-30T17:18:43,62,אף אוזן גרון,איבים,language,הונגרית,1
2026-07-30T17:18:43,62,אף אוזן גרון,איבים,language,עברית,4
2026-07-30T17:18:43,62,אף אוזן גרון,איבים,language,ערבית,1
2026-07-30T17:18:43,62,אף אוזן גרון,איבים,language,צכית,1
2026-07-30T17:18:43,62,אף אוזן גרון,איבים,language,רוסית,1
2026-07-30T17:18:53,62,אף אוזן גרון,אכסאל,gender,גבר,86
2026-07-30T17:18:53,62,אף אוזן גרון,אכסאל,gender,אישה,8
2026-07-30T17:18:53,62,אף אוזן גרון,אכסאל,visit_type,ביקור במרפאה,95
2026-07-30T17:18:53,62,אף אוזן גרון,אכסאל,language,אנגלית,17
2026-07-30T17:18:53,62,אף אוזן גרון,אכסאל,language,ספרדית,1
2026-07-30T17:18:53,62,אף אוזן גרון,אכסאל,language,עברית,23
2026-07-30T17:18:53,62,אף אוזן גרון,אכסאל,language,ערבית,19
2026-07-30T17:18:53,62,אף אוזן גרון,אכסאל,language,רוסית,5
2026-07-30T17:19:06,62,אף אוזן גרון,אל עריאן,gender,גבר,48
2026-07-30T17:19:06,62,אף אוזן גרון,אל עריאן,gender,אישה,14
2026-07-30T17:19:06,62,אף אוזן גרון,אל עריאן,visit_type,ביקור במרפאה,67
2026-07-30T17:19:06,62,אף אוזן גרון,אל עריאן,visit_type,שיחת טלפון,1
2026-07-30T17:19:06,62,אף אוזן גרון,אל עריאן,language,אוקראינית,1
2026-07-30T17:19:06,62,אף אוזן גרון,אל עריאן,language,אידיש,4
2026-07-30T17:19:06,62,אף אוזן גרון,אל עריאן,language,איטלקית,1
2026-07-30T17:19:06,62,אף אוזן גרון,אל עריאן,language,אנגלית,12
2026-07-30T17:19:06,62,אף אוזן גרון,אל עריאן,language,גרמנית,1
2026-07-30T17:19:06,62,אף אוזן גרון,אל עריאן,language,עברית,16
2026-07-30T17:19:06,62,אף אוזן גרון,אל עריאן,language,ערבית,3
2026-07-30T17:19:06,62,אף אוזן גרון,אל עריאן,language,רומנית,2
2026-07-30T17:19:06,62,אף אוזן גרון,אל עריאן,language,רוסית,6
2026-07-30T17:19:17,62,אף אוזן גרון,אפיק,gender,גבר,54
2026-07-30T17:19:17,62,אף אוזן גרון,אפיק,gender,אישה,5
2026-07-30T17:19:17,62,אף אוזן גרון,אפיק,visit_type,ביקור במרפאה,59
2026-07-30T17:19:17,62,אף אוזן גרון,אפיק,language,אנגלית,11
2026-07-30T17:19:17,62,אף אוזן גרון,אפיק,language,עברית,14
2026-07-30T17:19:17,62,אף אוזן גרון,אפיק,language,ערבית,14
2026-07-30T17:19:17,62,אף אוזן גרון,אפיק,language,רוסית,2
2026-07-30T17:19:29,62,אף אוזן גרון,אשבול,gender,גבר,50
2026-07-30T17:19:29,62,אף אוזן גרון,אשבול,gender,אישה,7
2026-07-30T17:19:29,62,אף אוזן גרון,אשבול,visit_type,ביקור במרפאה,63
2026-07-30T17:19:29,62,אף אוזן גרון,אשבול,language,אוקראינית,1
2026-07-30T17:19:29,62,אף אוזן גרון,אשבול,language,אידיש,3
2026-07-30T17:19:29,62,אף אוזן גרון,אשבול,language,אנגלית,3
2026-07-30T17:19:29,62,אף אוזן גרון,אשבול,language,הונגרית,1
2026-07-30T17:19:29,62,אף אוזן גרון,אשבול,language,ספרדית,3
2026-07-30T17:19:29,62,אף אוזן גרון,אשבול,language,עברית,11
2026-07-30T17:19:29,62,אף אוזן גרון,אשבול,language,ערבית,5
2026-07-30T17:19:29,62,אף אוזן גרון,אשבול,language,צכית,1
2026-07-30T17:19:29,62,אף אוזן גרון,אשבול,language,רוסית,1
2026-07-30T17:19:43,62,אף אוזן גרון,באקה,gender,גבר,48
2026-07-30T17:19:43,62,אף אוזן גרון,באקה,gender,אישה,14
2026-07-30T17:19:43,62,אף אוזן גרון,באקה,visit_type,ביקור במרפאה,67
2026-07-30T17:19:43,62,אף אוזן גרון,באקה,visit_type,שיחת טלפון,1
2026-07-30T17:19:43,62,אף אוזן גרון,באקה,language,אוקראינית,1
2026-07-30T17:19:43,62,אף אוזן גרון,באקה,language,אידיש,4
2026-07-30T17:19:43,62,אף אוזן גרון,באקה,language,איטלקית,1
2026-07-30T17:19:43,62,אף אוזן גרון,באקה,language,אנגלית,12
2026-07-30T17:19:43,62,אף אוזן גרון,באקה,language,גרמנית,1
2026-07-30T17:19:43,62,אף אוזן גרון,באקה,language,עברית,16
2026-07-30T17:19:43,62,אף אוזן גרון,באקה,language,ערבית,3
2026-07-30T17:19:43,62,אף אוזן גרון,באקה,language,רומנית,2
2026-07-30T17:19:43,62,אף אוזן גרון,באקה,language,רוסית,6
2026-07-30T17:19:53,62,אף אוזן גרון,בודרוס,gender,גבר,26
2026-07-30T17:19:53,62,אף אוזן גרון,בודרוס,gender,אישה,10
2026-07-30T17:19:53,62,אף אוזן גרון,בודרוס,visit_type,ביקור במרפאה,38
2026-07-30T17:19:53,62,אף אוזן גרון,בודרוס,visit_type,שיחת טלפון,1
2026-07-30T17:19:53,62,אף אוזן גרון,בודרוס,language,אנגלית,14
2026-07-30T17:19:53,62,אף אוזן גרון,בודרוס,language,ספרדית,2
2026-07-30T17:19:53,62,אף אוזן גרון,בודרוס,language,עברית,37
2026-07-30T17:19:53,62,אף אוזן גרון,בודרוס,language,ערבית,2
2026-07-30T17:19:53,62,אף אוזן גרון,בודרוס,language,רוסית,9
2026-07-30T17:20:00,62,אף אוזן גרון,בזאריה,gender,גבר,48
2026-07-30T17:20:00,62,אף אוזן גרון,בזאריה,gender,אישה,14
2026-07-30T17:20:00,62,אף אוזן גרון,בזאריה,visit_type,ביקור במרפאה,67
2026-07-30T17:20:00,62,אף אוזן גרון,בזאריה,visit_type,שיחת טלפון,1
2026-07-30T17:20:00,62,אף אוזן גרון,בזאריה,language,אוקראינית,1
2026-07-30T17:20:00,62,אף אוזן גרון,בזאריה,language,אידיש,4
2026-07-30T17:20:00,62,אף אוזן גרון,בזאריה,language,איטלקית,1
2026-07-30T17:20:00,62,אף אוזן גרון,בזאריה,language,אנגלית,12
2026-07-30T17:20:00,62,אף אוזן גרון,בזאריה,language,גרמנית,1
2026-07-30T17:20:00,62,אף אוזן גרון,בזאריה,language,עברית,16
2026-07-30T17:20:00,62,אף אוזן גרון,בזאריה,language,ערבית,3
2026-07-30T17:20:00,62,אף אוזן גרון,בזאריה,language,רומנית,2
2026-07-30T17:20:00,62,אף אוזן גרון,בזאריה,language,רוסית,6
2026-07-30T17:20:12,62,אף אוזן גרון,ביר אל מכסור,gender,גבר,66
2026-07-30T17:20:12,62,אף אוזן גרון,ביר אל מכסור,gender,אישה,13
2026-07-30T17:20:12,62,אף אוזן גרון,ביר אל מכסור,visit_type,ביקור במרפאה,82
2026-07-30T17:20:12,62,אף אוזן גרון,ביר אל מכסור,visit_type,שיחת טלפון,4
2026-07-30T17:20:12,62,אף אוזן גרון,ביר אל מכסור,language,איטלקית,1
2026-07-30T17:20:12,62,אף אוזן גרון,ביר אל מכסור,language,אנגלית,24
2026-07-30T17:20:12,62,אף אוזן גרון,ביר אל מכסור,language,גרמנית,4
2026-07-30T17:20:12,62,אף אוזן גרון,ביר אל מכסור,language,הונגרית,1
2026-07-30T17:20:12,62,אף אוזן גרון,ביר אל מכסור,language,ספרדית,1
2026-07-30T17:20:12,62,אף אוזן גרון,ביר אל מכסור,language,עברית,39
2026-07-30T17:20:12,62,אף אוזן גרון,ביר אל מכסור,language,ערבית,18
2026-07-30T17:20:12,62,אף אוזן גרון,ביר אל מכסור,language,רוסית,11
2026-07-30T17:20:26,62,אף אוזן גרון,בני יהודה,gender,גבר,54
2026-07-30T17:20:26,62,אף אוזן גרון,בני יהודה,gender,אישה,5
2026-07-30T17:20:26,62,אף אוזן גרון,בני יהודה,visit_type,ביקור במרפאה,59
2026-07-30T17:20:26,62,אף אוזן גרון,בני יהודה,language,אנגלית,11
2026-07-30T17:20:26,62,אף אוזן גרון,בני יהודה,language,עברית,14
2026-07-30T17:20:26,62,אף אוזן גרון,בני יהודה,language,ערבית,14
2026-07-30T17:20:26,62,אף אוזן גרון,בני יהודה,language,רוסית,2
2026-07-30T17:20:35,62,אף אוזן גרון,בקוע,gender,גבר,22
2026-07-30T17:20:35,62,אף אוזן גרון,בקוע,gender,אישה,1
2026-07-30T17:20:35,62,אף אוזן גרון,בקוע,visit_type,ביקור במרפאה,32
2026-07-30T17:20:35,62,אף אוזן גרון,בקוע,language,איטלקית,1
2026-07-30T17:20:35,62,אף אוזן גרון,בקוע,language,אנגלית,9
2026-07-30T17:20:35,62,אף אוזן גרון,בקוע,language,עברית,14
2026-07-30T17:20:35,62,אף אוזן גרון,בקוע,language,ערבית,2
2026-07-30T17:20:35,62,אף אוזן גרון,בקוע,language,צרפתית,1
2026-07-30T17:20:35,62,אף אוזן גרון,בקוע,language,רוסית,4
2026-07-30T17:20:44,62,אף אוזן גרון,ברכיה,gender,גבר,32
2026-07-30T17:20:44,62,אף אוזן גרון,ברכיה,gender,אישה,3
2026-07-30T17:20:44,62,אף אוזן גרון,ברכיה,visit_type,ביקור במרפאה,41
2026-07-30T17:20:44,62,אף אוזן גרון,ברכיה,language,אוקראינית,1
2026-07-30T17:20:44,62,אף אוזן גרון,ברכיה,language,אנגלית,3
2026-07-30T17:20:44,62,אף אוזן גרון,ברכיה,language,הונגרית,1
2026-07-30T17:20:44,62,אף אוזן גרון,ברכיה,language,עברית,4
2026-07-30T17:20:44,62,אף אוזן גרון,ברכיה,language,ערבית,1
2026-07-30T17:20:44,62,אף אוזן גרון,ברכיה,language,צכית,1
2026-07-30T17:20:44,62,אף אוזן גרון,ברכיה,language,רוסית,1
2026-07-30T17:20:52,62,אף אוזן גרון,ג'אניה,gender,גבר,36
2026-07-30T17:20:52,62,אף אוזן גרון,ג'אניה,gender,אישה,4
2026-07-30T17:20:52,62,אף אוזן גרון,ג'אניה,visit_type,ביקור במרפאה,41
2026-07-30T17:20:52,62,אף אוזן גרון,ג'אניה,language,אידיש,4
2026-07-30T17:20:52,62,אף אוזן גרון,ג'אניה,language,איטלקית,1
2026-07-30T17:20:52,62,אף אוזן גרון,ג'אניה,language,אנגלית,10
2026-07-30T17:20:52,62,אף אוזן גרון,ג'אניה,language,עברית,10
2026-07-30T17:20:52,62,אף אוזן גרון,ג'אניה,language,ערבית,4
2026-07-30T17:20:52,62,אף אוזן גרון,ג'אניה,language,רוסית,4
2026-07-30T17:21:00,62,אף אוזן גרון,גבע כרמל,gender,גבר,66
2026-07-30T17:21:00,62,אף אוזן גרון,גבע כרמל,gender,אישה,13
2026-07-30T17:21:00,62,אף אוזן גרון,גבע כרמל,visit_type,ביקור במרפאה,82
2026-07-30T17:21:00,62,אף אוזן גרון,גבע כרמל,visit_type,שיחת טלפון,4
2026-07-30T17:21:00,62,אף אוזן גרון,גבע כרמל,language,איטלקית,1
2026-07-30T17:21:00,62,אף אוזן גרון,גבע כרמל,language,אנגלית,24
2026-07-30T17:21:00,62,אף אוזן גרון,גבע כרמל,language,גרמנית,4
2026-07-30T17:21:00,62,אף אוזן גרון,גבע כרמל,language,הונגרית,1
2026-07-30T17:21:00,62,אף אוזן גרון,גבע כרמל,language,ספרדית,1
2026-07-30T17:21:00,62,אף אוזן גרון,גבע כרמל,language,עברית,39
2026-07-30T17:21:00,62,אף אוזן גרון,גבע כרמל,language,ערבית,18
2026-07-30T17:21:00,62,אף אוזן גרון,גבע כרמל,language,רוסית,11
2026-07-30T17:21:13,62,אף אוזן גרון,גונן,gender,גבר,54
2026-07-30T17:21:13,62,אף אוזן גרון,גונן,gender,אישה,5
2026-07-30T17:21:13,62,אף אוזן גרון,גונן,visit_type,ביקור במרפאה,59
2026-07-30T17:21:13,62,אף אוזן גרון,גונן,language,אנגלית,11
2026-07-30T17:21:13,62,אף אוזן גרון,גונן,language,עברית,14
2026-07-30T17:21:13,62,אף אוזן גרון,גונן,language,ערבית,14
2026-07-30T17:21:13,62,אף אוזן גרון,גונן,language,רוסית,2
2026-07-30T17:21:23,62,אף אוזן גרון,גינוסר,gender,גבר,54
2026-07-30T17:21:23,62,אף אוזן גרון,גינוסר,gender,אישה,5
2026-07-30T17:21:23,62,אף אוזן גרון,גינוסר,visit_type,ביקור במרפאה,59
2026-07-30T17:21:23,62,אף אוזן גרון,גינוסר,language,אנגלית,11
2026-07-30T17:21:23,62,אף אוזן גרון,גינוסר,language,עברית,14
2026-07-30T17:21:23,62,אף אוזן גרון,גינוסר,language,ערבית,14
2026-07-30T17:21:23,62,אף אוזן גרון,גינוסר,language,רוסית,2
2026-07-30T17:21:33,62,אף אוזן גרון,גנות,gender,גבר,22
2026-07-30T17:21:33,62,אף אוזן גרון,גנות,gender,אישה,1
2026-07-30T17:21:33,62,אף אוזן גרון,גנות,visit_type,ביקור במרפאה,32
2026-07-30T17:21:33,62,אף אוזן גרון,גנות,language,איטלקית,1
2026-07-30T17:21:33,62,אף אוזן גרון,גנות,language,אנגלית,9
2026-07-30T17:21:33,62,אף אוזן גרון,גנות,language,עברית,14
2026-07-30T17:21:33,62,אף אוזן גרון,גנות,language,ערבית,2
2026-07-30T17:21:33,62,אף אוזן גרון,גנות,language,צרפתית,1
2026-07-30T17:21:33,62,אף אוזן גרון,גנות,language,רוסית,4
2026-07-30T17:21:39,62,אף אוזן גרון,גפן,gender,גבר,21
2026-07-30T17:21:39,62,אף אוזן גרון,גפן,gender,אישה,2
2026-07-30T17:21:39,62,אף אוזן גרון,גפן,visit_type,ביקור במרפאה,27
2026-07-30T17:21:39,62,אף אוזן גרון,גפן,language,איטלקית,1
2026-07-30T17:21:39,62,אף אוזן גרון,גפן,language,אנגלית,8
2026-07-30T17:21:39,62,אף אוזן גרון,גפן,language,ספרדית,1
2026-07-30T17:21:39,62,אף אוזן גרון,גפן,language,עברית,10
2026-07-30T17:21:39,62,אף אוזן גרון,גפן,language,צרפתית,2
2026-07-30T17:21:39,62,אף אוזן גרון,גפן,language,רוסית,4
2026-07-30T17:21:46,62,אף אוזן גרון,דבירה,gender,גבר,50
2026-07-30T17:21:46,62,אף אוזן גרון,דבירה,gender,אישה,7
2026-07-30T17:21:46,62,אף אוזן גרון,דבירה,visit_type,ביקור במרפאה,63
2026-07-30T17:21:46,62,אף אוזן גרון,דבירה,language,אוקראינית,1
2026-07-30T17:21:46,62,אף אוזן גרון,דבירה,language,אידיש,3
2026-07-30T17:21:46,62,אף אוזן גרון,דבירה,language,אנגלית,3
2026-07-30T17:21:46,62,אף אוזן גרון,דבירה,language,הונגרית,1
2026-07-30T17:21:46,62,אף אוזן גרון,דבירה,language,ספרדית,3
2026-07-30T17:21:46,62,אף אוזן גרון,דבירה,language,עברית,11
2026-07-30T17:21:46,62,אף אוזן גרון,דבירה,language,ערבית,5
2026-07-30T17:21:46,62,אף אוזן גרון,דבירה,language,צכית,1
2026-07-30T17:21:46,62,אף אוזן גרון,דבירה,language,רוסית,1
2026-07-30T17:22:00,62,אף אוזן גרון,דור,gender,גבר,66
2026-07-30T17:22:00,62,אף אוזן גרון,דור,gender,אישה,13
2026-07-30T17:22:00,62,אף אוזן גרון,דור,visit_type,ביקור במרפאה,82
2026-07-30T17:22:00,62,אף אוזן גרון,דור,visit_type,שיחת טלפון,4
2026-07-30T17:22:00,62,אף אוזן גרון,דור,language,איטלקית,1
2026-07-30T17:22:00,62,אף אוזן גרון,דור,language,אנגלית,24
2026-07-30T17:22:00,62,אף אוזן גרון,דור,language,גרמנית,4
2026-07-30T17:22:00,62,אף אוזן גרון,דור,language,הונגרית,1
2026-07-30T17:22:00,62,אף אוזן גרון,דור,language,ספרדית,1
2026-07-30T17:22:00,62,אף אוזן גרון,דור,language,עברית,39
2026-07-30T17:22:00,62,אף אוזן גרון,דור,language,ערבית,18
2026-07-30T17:22:00,62,אף אוזן גרון,דור,language,רוסית,11
2026-07-30T17:22:13,62,אף אוזן גרון,דיר אבו דעיף,gender,גבר,48
2026-07-30T17:22:13,62,אף אוזן גרון,דיר אבו דעיף,gender,אישה,14
2026-07-30T17:22:13,62,אף אוזן גרון,דיר אבו דעיף,visit_type,ביקור במרפאה,67
2026-07-30T17:22:13,62,אף אוזן גרון,דיר אבו דעיף,visit_type,שיחת טלפון,1
2026-07-30T17:22:13,62,אף אוזן גרון,דיר אבו דעיף,language,אוקראינית,1
2026-07-30T17:22:13,62,אף אוזן גרון,דיר אבו דעיף,language,אידיש,4
2026-07-30T17:22:13,62,אף אוזן גרון,דיר אבו דעיף,language,איטלקית,1
2026-07-30T17:22:13,62,אף אוזן גרון,דיר אבו דעיף,language,אנגלית,12
2026-07-30T17:22:13,62,אף אוזן גרון,דיר אבו דעיף,language,גרמנית,1
2026-07-30T17:22:13,62,אף אוזן גרון,דיר אבו דעיף,language,עברית,16
2026-07-30T17:22:13,62,אף אוזן גרון,דיר אבו דעיף,language,ערבית,3
2026-07-30T17:22:13,62,אף אוזן גרון,דיר אבו דעיף,language,רומנית,2
2026-07-30T17:22:13,62,אף אוזן גרון,דיר אבו דעיף,language,רוסית,6
2026-07-30T17:22:26,62,אף אוזן גרון,דקל,gender,גבר,32
2026-07-30T17:22:26,62,אף אוזן גרון,דקל,gender,אישה,3
2026-07-30T17:22:26,62,אף אוזן גרון,דקל,visit_type,ביקור במרפאה,41
2026-07-30T17:22:26,62,אף אוזן גרון,דקל,language,אוקראינית,1
2026-07-30T17:22:26,62,אף אוזן גרון,דקל,language,אנגלית,3
2026-07-30T17:22:26,62,אף אוזן גרון,דקל,language,הונגרית,1
2026-07-30T17:22:26,62,אף אוזן גרון,דקל,language,עברית,4
2026-07-30T17:22:26,62,אף אוזן גרון,דקל,language,ערבית,1
2026-07-30T17:22:26,62,אף אוזן גרון,דקל,language,צכית,1
2026-07-30T17:22:26,62,אף אוזן גרון,דקל,language,רוסית,1
2026-07-30T17:22:37,62,אף אוזן גרון,הוואשלה,gender,גבר,38
2026-07-30T17:22:37,62,אף אוזן גרון,הוואשלה,gender,אישה,6
2026-07-30T17:22:37,62,אף אוזן גרון,הוואשלה,visit_type,ביקור במרפאה,47
2026-07-30T17:22:37,62,אף אוזן גרון,הוואשלה,language,אוקראינית,1
2026-07-30T17:22:37,62,אף אוזן גרון,הוואשלה,language,אידיש,3
2026-07-30T17:22:37,62,אף אוזן גרון,הוואשלה,language,אנגלית,3
2026-07-30T17:22:37,62,אף אוזן גרון,הוואשלה,language,הונגרית,1
2026-07-30T17:22:37,62,אף אוזן גרון,הוואשלה,language,ספרדית,3
2026-07-30T17:22:37,62,אף אוזן גרון,הוואשלה,language,עברית,10
2026-07-30T17:22:37,62,אף אוזן גרון,הוואשלה,language,ערבית,4
2026-07-30T17:22:37,62,אף אוזן גרון,הוואשלה,language,צכית,1
2026-07-30T17:22:37,62,אף אוזן גרון,הוואשלה,language,רוסית,1
2026-07-30T17:22:47,62,אף אוזן גרון,הסוללים,gender,גבר,54
2026-07-30T17:22:47,62,אף אוזן גרון,הסוללים,gender,אישה,5
2026-07-30T17:22:47,62,אף אוזן גרון,הסוללים,visit_type,ביקור במרפאה,59
2026-07-30T17:22:47,62,אף אוזן גרון,הסוללים,language,אנגלית,11
2026-07-30T17:22:47,62,אף אוזן גרון,הסוללים,language,עברית,14
2026-07-30T17:22:47,62,אף אוזן גרון,הסוללים,language,ערבית,14
2026-07-30T17:22:47,62,אף אוזן גרון,הסוללים,language,רוסית,2
2026-07-30T17:22:56,62,אף אוזן גרון,ורד יריחו,gender,גבר,36
2026-07-30T17:22:56,62,אף אוזן גרון,ורד יריחו,gender,אישה,4
2026-07-30T17:22:56,62,אף אוזן גרון,ורד יריחו,visit_type,ביקור במרפאה,41
2026-07-30T17:22:56,62,אף אוזן גרון,ורד יריחו,language,אידיש,4
2026-07-30T17:22:56,62,אף אוזן גרון,ורד יריחו,language,איטלקית,1
2026-07-30T17:22:56,62,אף אוזן גרון,ורד יריחו,language,אנגלית,10
2026-07-30T17:22:56,62,אף אוזן גרון,ורד יריחו,language,עברית,10
2026-07-30T17:22:56,62,אף אוזן גרון,ורד יריחו,language,ערבית,4
2026-07-30T17:22:56,62,אף אוזן גרון,ורד יריחו,language,רוסית,4
2026-07-30T17:23:04,62,אף אוזן גרון,זיבדה,gender,גבר,48
2026-07-30T17:23:04,62,אף אוזן גרון,זיבדה,gender,אישה,14
2026-07-30T17:23:04,62,אף אוזן גרון,זיבדה,visit_type,ביקור במרפאה,67
2026-07-30T17:23:04,62,אף אוזן גרון,זיבדה,visit_type,שיחת טלפון,1
2026-07-30T17:23:04,62,אף אוזן גרון,זיבדה,language,אוקראינית,1
2026-07-30T17:23:04,62,אף אוזן גרון,זיבדה,language,אידיש,4
2026-07-30T17:23:04,62,אף אוזן גרון,זיבדה,language,איטלקית,1
2026-07-30T17:23:04,62,אף אוזן גרון,זיבדה,language,אנגלית,12
2026-07-30T17:23:04,62,אף אוזן גרון,זיבדה,language,גרמנית,1
2026-07-30T17:23:04,62,אף אוזן גרון,זיבדה,language,עברית,16
2026-07-30T17:23:04,62,אף אוזן גרון,זיבדה,language,ערבית,3
2026-07-30T17:23:04,62,אף אוזן גרון,זיבדה,language,רומנית,2
2026-07-30T17:23:04,62,אף אוזן גרון,זיבדה,language,רוסית,6
2026-07-30T17:23:14,62,אף אוזן גרון,זעתרה,gender,גבר,36
2026-07-30T17:23:14,62,אף אוזן גרון,זעתרה,gender,אישה,4
2026-07-30T17:23:14,62,אף אוזן גרון,זעתרה,visit_type,ביקור במרפאה,41
2026-07-30T17:23:14,62,אף אוזן גרון,זעתרה,language,אידיש,4
2026-07-30T17:23:14,62,אף אוזן גרון,זעתרה,language,איטלקית,1
2026-07-30T17:23:14,62,אף אוזן גרון,זעתרה,language,אנגלית,10
2026-07-30T17:23:14,62,אף אוזן גרון,זעתרה,language,עברית,10
2026-07-30T17:23:14,62,אף אוזן גרון,זעתרה,language,ערבית,4
2026-07-30T17:23:14,62,אף אוזן גרון,זעתרה,language,רוסית,4
2026-07-30T17:23:21,62,אף אוזן גרון,חברון,gender,גבר,36
2026-07-30T17:23:21,62,אף אוזן גרון,חברון,gender,אישה,4
2026-07-30T17:23:21,62,אף אוזן גרון,חברון,visit_type,ביקור במרפאה,41
2026-07-30T17:23:21,62,אף אוזן גרון,חברון,language,אידיש,4
2026-07-30T17:23:21,62,אף אוזן גרון,חברון,language,איטלקית,1
2026-07-30T17:23:21,62,אף אוזן גרון,חברון,language,אנגלית,10
2026-07-30T17:23:21,62,אף אוזן גרון,חברון,language,עברית,10
2026-07-30T17:23:21,62,אף אוזן גרון,חברון,language,ערבית,4
2026-07-30T17:23:21,62,אף אוזן גרון,חברון,language,רוסית,4
2026-07-30T17:23:29,62,אף אוזן גרון,חולון,gender,גבר,40
2026-07-30T17:23:29,62,אף אוזן גרון,חולון,gender,אישה,6
2026-07-30T17:23:29,62,אף אוזן גרון,חולון,visit_type,ביקור במרפאה,49
2026-07-30T17:23:29,62,אף אוזן גרון,חולון,language,איטלקית,1
2026-07-30T17:23:29,62,אף אוזן גרון,חולון,language,אנגלית,20
2026-07-30T17:23:29,62,אף אוזן גרון,חולון,language,גרמנית,1
2026-07-30T17:23:29,62,אף אוזן גרון,חולון,language,ספרדית,1
2026-07-30T17:23:29,62,אף אוזן גרון,חולון,language,עברית,23
2026-07-30T17:23:29,62,אף אוזן גרון,חולון,language,ערבית,2
2026-07-30T17:23:29,62,אף אוזן גרון,חולון,language,צרפתית,2
2026-07-30T17:23:29,62,אף אוזן גרון,חולון,language,רוסית,2
2026-07-30T17:23:37,62,אף אוזן גרון,חיזמא,gender,גבר,36
2026-07-30T17:23:37,62,אף אוזן גרון,חיזמא,gender,אישה,4
2026-07-30T17:23:37,62,אף אוזן גרון,חיזמא,visit_type,ביקור במרפאה,41
2026-07-30T17:23:37,62,אף אוזן גרון,חיזמא,language,אידיש,4
2026-07-30T17:23:37,62,אף אוזן גרון,חיזמא,language,איטלקית,1
2026-07-30T17:23:37,62,אף אוזן גרון,חיזמא,language,אנגלית,10
2026-07-30T17:23:37,62,אף אוזן גרון,חיזמא,language,עברית,10
2026-07-30T17:23:37,62,אף אוזן גרון,חיזמא,language,ערבית,4
2026-07-30T17:23:37,62,אף אוזן גרון,חיזמא,language,רוסית,4
2026-07-30T17:23:44,62,אף אוזן גרון,חמרה,gender,גבר,36
2026-07-30T17:23:44,62,אף אוזן גרון,חמרה,gender,אישה,4
2026-07-30T17:23:44,62,אף אוזן גרון,חמרה,visit_type,ביקור במרפאה,41
2026-07-30T17:23:44,62,אף אוזן גרון,חמרה,language,אידיש,4
2026-07-30T17:23:44,62,אף אוזן גרון,חמרה,language,איטלקית,1
2026-07-30T17:23:44,62,אף אוזן גרון,חמרה,language,אנגלית,10
2026-07-30T17:23:44,62,אף אוזן גרון,חמרה,language,עברית,10
2026-07-30T17:23:44,62,אף אוזן גרון,חמרה,language,ערבית,4
2026-07-30T17:23:44,62,אף אוזן גרון,חמרה,language,רוסית,4
2026-07-30T17:23:52,62,אף אוזן גרון,חצור הגלילית,gender,גבר,54
2026-07-30T17:23:52,62,אף אוזן גרון,חצור הגלילית,gender,אישה,5
2026-07-30T17:23:52,62,אף אוזן גרון,חצור הגלילית,visit_type,ביקור במרפאה,59
2026-07-30T17:23:52,62,אף אוזן גרון,חצור הגלילית,language,אנגלית,11
2026-07-30T17:23:52,62,אף אוזן גרון,חצור הגלילית,language,עברית,14
2026-07-30T17:23:52,62,אף אוזן גרון,חצור הגלילית,language,ערבית,14
2026-07-30T17:23:52,62,אף אוזן גרון,חצור הגלילית,language,רוסית,2
2026-07-30T17:24:01,62,אף אוזן גרון,טובא זנגריה,gender,גבר,54
2026-07-30T17:24:01,62,אף אוזן גרון,טובא זנגריה,gender,אישה,5
2026-07-30T17:24:01,62,אף אוזן גרון,טובא זנגריה,visit_type,ביקור במרפאה,59
2026-07-30T17:24:01,62,אף אוזן גרון,טובא זנגריה,language,אנגלית,11
2026-07-30T17:24:01,62,אף אוזן גרון,טובא זנגריה,language,עברית,14
2026-07-30T17:24:01,62,אף אוזן גרון,טובא זנגריה,language,ערבית,14
2026-07-30T17:24:01,62,אף אוזן גרון,טובא זנגריה,language,רוסית,2
2026-07-30T17:24:12,62,אף אוזן גרון,טירת כרמל,gender,אישה,13
2026-07-30T17:24:12,62,אף אוזן גרון,טירת כרמל,gender,גבר,66
2026-07-30T17:24:12,62,אף אוזן גרון,טירת כרמל,visit_type,ביקור במרפאה,82
2026-07-30T17:24:12,62,אף אוזן גרון,טירת כרמל,visit_type,שיחת טלפון,4
2026-07-30T17:24:12,62,אף אוזן גרון,טירת כרמל,language,איטלקית,1
2026-07-30T17:24:12,62,אף אוזן גרון,טירת כרמל,language,אנגלית,24
2026-07-30T17:24:12,62,אף אוזן גרון,טירת כרמל,language,גרמנית,4
2026-07-30T17:24:12,62,אף אוזן גרון,טירת כרמל,language,הונגרית,1
2026-07-30T17:24:12,62,אף אוזן גרון,טירת כרמל,language,ספרדית,1
2026-07-30T17:24:12,62,אף אוזן גרון,טירת כרמל,language,עברית,39
2026-07-30T17:24:12,62,אף אוזן גרון,טירת כרמל,language,ערבית,18
2026-07-30T17:24:12,62,אף אוזן גרון,טירת כרמל,language,רוסית,11
2026-07-30T17:24:27,62,אף אוזן גרון,טנא,gender,גבר,50
2026-07-30T17:24:27,62,אף אוזן גרון,טנא,gender,אישה,7
2026-07-30T17:24:27,62,אף אוזן גרון,טנא,visit_type,ביקור במרפאה,63
2026-07-30T17:24:27,62,אף אוזן גרון,טנא,language,אוקראינית,1
2026-07-30T17:24:27,62,אף אוזן גרון,טנא,language,אידיש,3
2026-07-30T17:24:27,62,אף אוזן גרון,טנא,language,אנגלית,3
2026-07-30T17:24:27,62,אף אוזן גרון,טנא,language,הונגרית,1
2026-07-30T17:24:27,62,אף אוזן גרון,טנא,language,ספרדית,3
2026-07-30T17:24:27,62,אף אוזן גרון,טנא,language,עברית,11
2026-07-30T17:24:27,62,אף אוזן גרון,טנא,language,ערבית,5
2026-07-30T17:24:27,62,אף אוזן גרון,טנא,language,צכית,1
2026-07-30T17:24:27,62,אף אוזן גרון,טנא,language,רוסית,1
2026-07-30T17:24:40,62,אף אוזן גרון,יבנה,gender,גבר,21
2026-07-30T17:24:40,62,אף אוזן גרון,יבנה,gender,אישה,2
2026-07-30T17:24:40,62,אף אוזן גרון,יבנה,visit_type,ביקור במרפאה,27
2026-07-30T17:24:40,62,אף אוזן גרון,יבנה,language,איטלקית,1
2026-07-30T17:24:40,62,אף אוזן גרון,יבנה,language,אנגלית,8
2026-07-30T17:24:40,62,אף אוזן גרון,יבנה,language,ספרדית,1
2026-07-30T17:24:40,62,אף אוזן גרון,יבנה,language,עברית,10
2026-07-30T17:24:40,62,אף אוזן גרון,יבנה,language,צרפתית,2
2026-07-30T17:24:40,62,אף אוזן גרון,יבנה,language,רוסית,4
2026-07-30T17:24:45,62,אף אוזן גרון,ידידה,gender,גבר,36
2026-07-30T17:24:45,62,אף אוזן גרון,ידידה,gender,אישה,4
2026-07-30T17:24:45,62,אף אוזן גרון,ידידה,visit_type,ביקור במרפאה,41
2026-07-30T17:24:45,62,אף אוזן גרון,ידידה,language,אידיש,4
2026-07-30T17:24:45,62,אף אוזן גרון,ידידה,language,איטלקית,1
2026-07-30T17:24:45,62,אף אוזן גרון,ידידה,language,אנגלית,10
2026-07-30T17:24:45,62,אף אוזן גרון,ידידה,language,עברית,10
2026-07-30T17:24:45,62,אף אוזן גרון,ידידה,language,ערבית,4
2026-07-30T17:24:45,62,אף אוזן גרון,ידידה,language,רוסית,4
2026-07-30T17:24:54,62,אף אוזן גרון,יטא יוטה,gender,גבר,50
2026-07-30T17:24:54,62,אף אוזן גרון,יטא יוטה,gender,אישה,7
2026-07-30T17:24:54,62,אף אוזן גרון,יטא יוטה,visit_type,ביקור במרפאה,63
2026-07-30T17:24:54,62,אף אוזן גרון,יטא יוטה,language,אוקראינית,1
2026-07-30T17:24:54,62,אף אוזן גרון,יטא יוטה,language,אידיש,3
2026-07-30T17:24:54,62,אף אוזן גרון,יטא יוטה,language,אנגלית,3
2026-07-30T17:24:54,62,אף אוזן גרון,יטא יוטה,language,הונגרית,1
2026-07-30T17:24:54,62,אף אוזן גרון,יטא יוטה,language,ספרדית,3
2026-07-30T17:24:54,62,אף אוזן גרון,יטא יוטה,language,עברית,11
2026-07-30T17:24:54,62,אף אוזן גרון,יטא יוטה,language,ערבית,5
2026-07-30T17:24:54,62,אף אוזן גרון,יטא יוטה,language,צכית,1
2026-07-30T17:24:54,62,אף אוזן גרון,יטא יוטה,language,רוסית,1
2026-07-30T17:25:08,62,אף אוזן גרון,יעד,gender,גבר,47
2026-07-30T17:25:08,62,אף אוזן גרון,יעד,gender,אישה,8
2026-07-30T17:25:08,62,אף אוזן גרון,יעד,visit_type,ביקור במרפאה,55
2026-07-30T17:25:08,62,אף אוזן גרון,יעד,visit_type,שיחת טלפון,2
2026-07-30T17:25:08,62,אף אוזן גרון,יעד,language,איטלקית,5
2026-07-30T17:25:08,62,אף אוזן גרון,יעד,language,אנגלית,40
2026-07-30T17:25:08,62,אף אוזן גרון,יעד,language,גרמנית,4
2026-07-30T17:25:08,62,אף אוזן גרון,יעד,language,הולנדית,1
2026-07-30T17:25:08,62,אף אוזן גרון,יעד,language,הונגרית,1
2026-07-30T17:25:08,62,אף אוזן גרון,יעד,language,ספרדית,1
2026-07-30T17:25:08,62,אף אוזן גרון,יעד,language,עברית,55
2026-07-30T17:25:08,62,אף אוזן גרון,יעד,language,ערבית,40
2026-07-30T17:25:08,62,אף אוזן גרון,יעד,language,צרפתית,1
2026-07-30T17:25:08,62,אף אוזן גרון,יעד,language,רומנית,7
2026-07-30T17:25:08,62,אף אוזן גרון,יעד,language,רוסית,10
2026-07-30T17:25:18,62,אף אוזן גרון,יקום,gender,גבר,48
2026-07-30T17:25:18,62,אף אוזן גרון,יקום,gender,אישה,14
2026-07-30T17:25:18,62,אף אוזן גרון,יקום,visit_type,ביקור במרפאה,67
2026-07-30T17:25:18,62,אף אוזן גרון,יקום,visit_type,שיחת טלפון,1
2026-07-30T17:25:18,62,אף אוזן גרון,יקום,language,אוקראינית,1
2026-07-30T17:25:18,62,אף אוזן גרון,יקום,language,אידיש,4
2026-07-30T17:25:18,62,אף אוזן גרון,יקום,language,איטלקית,1
2026-07-30T17:25:18,62,אף אוזן גרון,יקום,language,אנגלית,12
2026-07-30T17:25:18,62,אף אוזן גרון,יקום,language,גרמנית,1
2026-07-30T17:25:18,62,אף אוזן גרון,יקום,language,עברית,16
2026-07-30T17:25:18,62,אף אוזן גרון,יקום,language,ערבית,3
2026-07-30T17:25:18,62,אף אוזן גרון,יקום,language,רומנית,2
2026-07-30T17:25:18,62,אף אוזן גרון,יקום,language,רוסית,6
2026-07-30T17:25:28,62,אף אוזן גרון,ירכא,gender,גבר,35
2026-07-30T17:25:28,62,אף אוזן גרון,ירכא,gender,אישה,3
2026-07-30T17:25:28,62,אף אוזן גרון,ירכא,visit_type,ביקור במרפאה,38
2026-07-30T17:25:28,62,אף אוזן גרון,ירכא,visit_type,שיחת טלפון,1
2026-07-30T17:25:28,62,אף אוזן גרון,ירכא,language,איטלקית,5
2026-07-30T17:25:28,62,אף אוזן גרון,ירכא,language,אנגלית,29
2026-07-30T17:25:28,62,אף אוזן גרון,ירכא,language,גרמנית,2
2026-07-30T17:25:28,62,אף אוזן גרון,ירכא,language,הולנדית,1
2026-07-30T17:25:28,62,אף אוזן גרון,ירכא,language,ספרדית,1
2026-07-30T17:25:28,62,אף אוזן גרון,ירכא,language,עברית,38
2026-07-30T17:25:28,62,אף אוזן גרון,ירכא,language,ערבית,34
2026-07-30T17:25:28,62,אף אוזן גרון,ירכא,language,צרפתית,1
2026-07-30T17:25:28,62,אף אוזן גרון,ירכא,language,רומנית,7
2026-07-30T17:25:28,62,אף אוזן גרון,ירכא,language,רוסית,5
2026-07-30T17:25:35,62,אף אוזן גרון,כברי,gender,גבר,35
2026-07-30T17:25:35,62,אף אוזן גרון,כברי,gender,אישה,3
2026-07-30T17:25:35,62,אף אוזן גרון,כברי,visit_type,ביקור במרפאה,38
2026-07-30T17:25:35,62,אף אוזן גרון,כברי,visit_type,שיחת טלפון,1
2026-07-30T17:25:35,62,אף אוזן גרון,כברי,language,איטלקית,5
2026-07-30T17:25:35,62,אף אוזן גרון,כברי,language,אנגלית,29
2026-07-30T17:25:35,62,אף אוזן גרון,כברי,language,גרמנית,2
2026-07-30T17:25:35,62,אף אוזן גרון,כברי,language,הולנדית,1
2026-07-30T17:25:35,62,אף אוזן גרון,כברי,language,ספרדית,1
2026-07-30T17:25:35,62,אף אוזן גרון,כברי,language,עברית,38
2026-07-30T17:25:35,62,אף אוזן גרון,כברי,language,ערבית,34
2026-07-30T17:25:35,62,אף אוזן גרון,כברי,language,צרפתית,1
2026-07-30T17:25:35,62,אף אוזן גרון,כברי,language,רומנית,7
2026-07-30T17:25:35,62,אף אוזן גרון,כברי,language,רוסית,5
2026-07-30T17:25:42,62,אף אוזן גרון,כור,gender,גבר,48
2026-07-30T17:25:42,62,אף אוזן גרון,כור,gender,אישה,14
2026-07-30T17:25:42,62,אף אוזן גרון,כור,visit_type,ביקור במרפאה,67
2026-07-30T17:25:42,62,אף אוזן גרון,כור,visit_type,שיחת טלפון,1
2026-07-30T17:25:42,62,אף אוזן גרון,כור,language,אוקראינית,1
2026-07-30T17:25:42,62,אף אוזן גרון,כור,language,אידיש,4
2026-07-30T17:25:42,62,אף אוזן גרון,כור,language,איטלקית,1
2026-07-30T17:25:42,62,אף אוזן גרון,כור,language,אנגלית,12
2026-07-30T17:25:42,62,אף אוזן גרון,כור,language,גרמנית,1
2026-07-30T17:25:42,62,אף אוזן גרון,כור,language,עברית,16
2026-07-30T17:25:42,62,אף אוזן גרון,כור,language,ערבית,3
2026-07-30T17:25:42,62,אף אוזן גרון,כור,language,רומנית,2
2026-07-30T17:25:42,62,אף אוזן גרון,כור,language,רוסית,6
2026-07-30T17:25:53,62,אף אוזן גרון,כלנית,gender,גבר,54
2026-07-30T17:25:53,62,אף אוזן גרון,כלנית,gender,אישה,5
2026-07-30T17:25:53,62,אף אוזן גרון,כלנית,visit_type,ביקור במרפאה,59
2026-07-30T17:25:53,62,אף אוזן גרון,כלנית,language,אנגלית,11
2026-07-30T17:25:53,62,אף אוזן גרון,כלנית,language,עברית,14
2026-07-30T17:25:53,62,אף אוזן גרון,כלנית,language,ערבית,14
2026-07-30T17:25:53,62,אף אוזן גרון,כלנית,language,רוסית,2
2026-07-30T17:26:03,62,אף אוזן גרון,כפר א דיכ,gender,גבר,26
2026-07-30T17:26:03,62,אף אוזן גרון,כפר א דיכ,gender,אישה,10
2026-07-30T17:26:03,62,אף אוזן גרון,כפר א דיכ,visit_type,ביקור במרפאה,38
2026-07-30T17:26:03,62,אף אוזן גרון,כפר א דיכ,visit_type,שיחת טלפון,1
2026-07-30T17:26:03,62,אף אוזן גרון,כפר א דיכ,language,אנגלית,14
2026-07-30T17:26:03,62,אף אוזן גרון,כפר א דיכ,language,ספרדית,2
2026-07-30T17:26:03,62,אף אוזן גרון,כפר א דיכ,language,עברית,37
2026-07-30T17:26:03,62,אף אוזן גרון,כפר א דיכ,language,ערבית,2
2026-07-30T17:26:03,62,אף אוזן גרון,כפר א דיכ,language,רוסית,9
2026-07-30T17:26:13,62,אף אוזן גרון,כרזה,gender,גבר,50
2026-07-30T17:26:13,62,אף אוזן גרון,כרזה,gender,אישה,7
2026-07-30T17:26:13,62,אף אוזן גרון,כרזה,visit_type,ביקור במרפאה,63
2026-07-30T17:26:13,62,אף אוזן גרון,כרזה,language,אוקראינית,1
2026-07-30T17:26:13,62,אף אוזן גרון,כרזה,language,אידיש,3
2026-07-30T17:26:13,62,אף אוזן גרון,כרזה,language,אנגלית,3
2026-07-30T17:26:13,62,אף אוזן גרון,כרזה,language,הונגרית,1
2026-07-30T17:26:13,62,אף אוזן גרון,כרזה,language,ספרדית,3
2026-07-30T17:26:13,62,אף אוזן גרון,כרזה,language,עברית,11
2026-07-30T17:26:13,62,אף אוזן גרון,כרזה,language,ערבית,5
2026-07-30T17:26:13,62,אף אוזן גרון,כרזה,language,צכית,1
2026-07-30T17:26:13,62,אף אוזן גרון,כרזה,language,רוסית,1
2026-07-30T17:26:28,62,אף אוזן גרון,לא מוכר-דרום,gender,גבר,50
2026-07-30T17:26:28,62,אף אוזן גרון,לא מוכר-דרום,gender,אישה,7
2026-07-30T17:26:28,62,אף אוזן גרון,לא מוכר-דרום,visit_type,ביקור במרפאה,63
2026-07-30T17:26:28,62,אף אוזן גרון,לא מוכר-דרום,language,אוקראינית,1
2026-07-30T17:26:28,62,אף אוזן גרון,לא מוכר-דרום,language,אידיש,3
2026-07-30T17:26:28,62,אף אוזן גרון,לא מוכר-דרום,language,אנגלית,3
2026-07-30T17:26:28,62,אף אוזן גרון,לא מוכר-דרום,language,הונגרית,1
2026-07-30T17:26:28,62,אף אוזן גרון,לא מוכר-דרום,language,ספרדית,3
2026-07-30T17:26:28,62,אף אוזן גרון,לא מוכר-דרום,language,עברית,11
2026-07-30T17:26:28,62,אף אוזן גרון,לא מוכר-דרום,language,ערבית,5
2026-07-30T17:26:28,62,אף אוזן גרון,לא מוכר-דרום,language,צכית,1
2026-07-30T17:26:28,62,אף אוזן גרון,לא מוכר-דרום,language,רוסית,1
2026-07-30T17:26:41,62,אף אוזן גרון,לוד,gender,גבר,22
2026-07-30T17:26:41,62,אף אוזן גרון,לוד,gender,אישה,1
2026-07-30T17:26:41,62,אף אוזן גרון,לוד,visit_type,ביקור במרפאה,32
2026-07-30T17:26:41,62,אף אוזן גרון,לוד,language,איטלקית,1
2026-07-30T17:26:41,62,אף אוזן גרון,לוד,language,אנגלית,9
2026-07-30T17:26:41,62,אף אוזן גרון,לוד,language,עברית,14
2026-07-30T17:26:41,62,אף אוזן גרון,לוד,language,ערבית,2
2026-07-30T17:26:41,62,אף אוזן גרון,לוד,language,צרפתית,1
2026-07-30T17:26:41,62,אף אוזן גרון,לוד,language,רוסית,4
2026-07-30T17:26:49,62,אף אוזן גרון,מאור,gender,גבר,67
2026-07-30T17:26:49,62,אף אוזן גרון,מאור,gender,אישה,20
2026-07-30T17:26:49,62,אף אוזן גרון,מאור,visit_type,ביקור במרפאה,92
2026-07-30T17:26:49,62,אף אוזן גרון,מאור,visit_type,שיחת טלפון,1
2026-07-30T17:26:49,62,אף אוזן גרון,מאור,language,אוקראינית,1
2026-07-30T17:26:49,62,אף אוזן גרון,מאור,language,אידיש,4
2026-07-30T17:26:49,62,אף אוזן גרון,מאור,language,איטלקית,1
2026-07-30T17:26:49,62,אף אוזן גרון,מאור,language,אנגלית,19
2026-07-30T17:26:49,62,אף אוזן גרון,מאור,language,גרמנית,1
2026-07-30T17:26:49,62,אף אוזן גרון,מאור,language,ספרדית,1
2026-07-30T17:26:49,62,אף אוזן גרון,מאור,language,עברית,26
2026-07-30T17:26:49,62,אף אוזן גרון,מאור,language,ערבית,9
2026-07-30T17:26:49,62,אף אוזן גרון,מאור,language,רומנית,2
2026-07-30T17:26:49,62,אף אוזן גרון,מאור,language,רוסית,9
2026-07-30T17:27:05,62,אף אוזן גרון,מבטחים,gender,גבר,50
2026-07-30T17:27:05,62,אף אוזן גרון,מבטחים,gender,אישה,7
2026-07-30T17:27:05,62,אף אוזן גרון,מבטחים,visit_type,ביקור במרפאה,63
2026-07-30T17:27:05,62,אף אוזן גרון,מבטחים,language,אוקראינית,1
2026-07-30T17:27:05,62,אף אוזן גרון,מבטחים,language,אידיש,3
2026-07-30T17:27:05,62,אף אוזן גרון,מבטחים,language,אנגלית,3
2026-07-30T17:27:05,62,אף אוזן גרון,מבטחים,language,הונגרית,1
2026-07-30T17:27:05,62,אף אוזן גרון,מבטחים,language,ספרדית,3
2026-07-30T17:27:05,62,אף אוזן גרון,מבטחים,language,עברית,11
2026-07-30T17:27:05,62,אף אוזן גרון,מבטחים,language,ערבית,5
2026-07-30T17:27:05,62,אף אוזן גרון,מבטחים,language,צכית,1
2026-07-30T17:27:05,62,אף אוזן גרון,מבטחים,language,רוסית,1
2026-07-30T17:27:18,62,אף אוזן גרון,מגדל עוז,gender,גבר,36
2026-07-30T17:27:18,62,אף אוזן גרון,מגדל עוז,gender,אישה,4
2026-07-30T17:27:18,62,אף אוזן גרון,מגדל עוז,visit_type,ביקור במרפאה,41
2026-07-30T17:27:18,62,אף אוזן גרון,מגדל עוז,language,אידיש,4
2026-07-30T17:27:18,62,אף אוזן גרון,מגדל עוז,language,איטלקית,1
2026-07-30T17:27:18,62,אף אוזן גרון,מגדל עוז,language,אנגלית,10
2026-07-30T17:27:18,62,אף אוזן גרון,מגדל עוז,language,עברית,10
2026-07-30T17:27:18,62,אף אוזן גרון,מגדל עוז,language,ערבית,4
2026-07-30T17:27:18,62,אף אוזן גרון,מגדל עוז,language,רוסית,4
2026-07-30T17:27:28,62,אף אוזן גרון,מוע'אזי,gender,גבר,50
2026-07-30T17:27:28,62,אף אוזן גרון,מוע'אזי,gender,אישה,7
2026-07-30T17:27:28,62,אף אוזן גרון,מוע'אזי,visit_type,ביקור במרפאה,63
2026-07-30T17:27:28,62,אף אוזן גרון,מוע'אזי,language,אוקראינית,1
2026-07-30T17:27:28,62,אף אוזן גרון,מוע'אזי,language,אידיש,3
2026-07-30T17:27:28,62,אף אוזן גרון,מוע'אזי,language,אנגלית,3
2026-07-30T17:27:28,62,אף אוזן גרון,מוע'אזי,language,הונגרית,1
2026-07-30T17:27:28,62,אף אוזן גרון,מוע'אזי,language,ספרדית,3
2026-07-30T17:27:28,62,אף אוזן גרון,מוע'אזי,language,עברית,11
2026-07-30T17:27:28,62,אף אוזן גרון,מוע'אזי,language,ערבית,5
2026-07-30T17:27:28,62,אף אוזן גרון,מוע'אזי,language,צכית,1
2026-07-30T17:27:28,62,אף אוזן גרון,מוע'אזי,language,רוסית,1
2026-07-30T17:27:41,62,אף אוזן גרון,מזרעה א שרקיה,gender,גבר,36
2026-07-30T17:27:41,62,אף אוזן גרון,מזרעה א שרקיה,gender,אישה,4
2026-07-30T17:27:41,62,אף אוזן גרון,מזרעה א שרקיה,visit_type,ביקור במרפאה,41
2026-07-30T17:27:41,62,אף אוזן גרון,מזרעה א שרקיה,language,אידיש,4
2026-07-30T17:27:41,62,אף אוזן גרון,מזרעה א שרקיה,language,איטלקית,1
2026-07-30T17:27:41,62,אף אוזן גרון,מזרעה א שרקיה,language,אנגלית,10
2026-07-30T17:27:41,62,אף אוזן גרון,מזרעה א שרקיה,language,עברית,10
2026-07-30T17:27:41,62,אף אוזן גרון,מזרעה א שרקיה,language,ערבית,4
2026-07-30T17:27:41,62,אף אוזן גרון,מזרעה א שרקיה,language,רוסית,4
2026-07-30T17:27:49,62,אף אוזן גרון,מייסר,gender,גבר,67
2026-07-30T17:27:49,62,אף אוזן גרון,מייסר,gender,אישה,20
2026-07-30T17:27:49,62,אף אוזן גרון,מייסר,visit_type,ביקור במרפאה,92
2026-07-30T17:27:49,62,אף אוזן גרון,מייסר,visit_type,שיחת טלפון,1
2026-07-30T17:27:49,62,אף אוזן גרון,מייסר,language,אוקראינית,1
2026-07-30T17:27:49,62,אף אוזן גרון,מייסר,language,אידיש,4
2026-07-30T17:27:49,62,אף אוזן גרון,מייסר,language,איטלקית,1
2026-07-30T17:27:49,62,אף אוזן גרון,מייסר,language,אנגלית,19
2026-07-30T17:27:49,62,אף אוזן גרון,מייסר,language,גרמנית,1
2026-07-30T17:27:49,62,אף אוזן גרון,מייסר,language,ספרדית,1
2026-07-30T17:27:49,62,אף אוזן גרון,מייסר,language,עברית,26
2026-07-30T17:27:49,62,אף אוזן גרון,מייסר,language,ערבית,9
2026-07-30T17:27:49,62,אף אוזן גרון,מייסר,language,רומנית,2
2026-07-30T17:27:49,62,אף אוזן גרון,מייסר,language,רוסית,9
2026-07-30T17:28:04,62,אף אוזן גרון,מכמנים,gender,גבר,62
2026-07-30T17:28:04,62,אף אוזן גרון,מכמנים,gender,אישה,13
2026-07-30T17:28:04,62,אף אוזן גרון,מכמנים,visit_type,ביקור במרפאה,77
2026-07-30T17:28:04,62,אף אוזן גרון,מכמנים,visit_type,שיחת טלפון,5
2026-07-30T17:28:04,62,אף אוזן גרון,מכמנים,language,איטלקית,6
2026-07-30T17:28:04,62,אף אוזן גרון,מכמנים,language,אנגלית,52
2026-07-30T17:28:04,62,אף אוזן גרון,מכמנים,language,גרמנית,6
2026-07-30T17:28:04,62,אף אוזן גרון,מכמנים,language,הולנדית,1
2026-07-30T17:28:04,62,אף אוזן גרון,מכמנים,language,הונגרית,1
2026-07-30T17:28:04,62,אף אוזן גרון,מכמנים,language,ספרדית,2
2026-07-30T17:28:04,62,אף אוזן גרון,מכמנים,language,עברית,76
2026-07-30T17:28:04,62,אף אוזן גרון,מכמנים,language,ערבית,51
2026-07-30T17:28:04,62,אף אוזן גרון,מכמנים,language,צרפתית,1
2026-07-30T17:28:04,62,אף אוזן גרון,מכמנים,language,רומנית,7
2026-07-30T17:28:04,62,אף אוזן גרון,מכמנים,language,רוסית,16
2026-07-30T17:28:18,62,אף אוזן גרון,מנשית זבדה,gender,גבר,86
2026-07-30T17:28:18,62,אף אוזן גרון,מנשית זבדה,gender,אישה,8
2026-07-30T17:28:18,62,אף אוזן גרון,מנשית זבדה,visit_type,ביקור במרפאה,95
2026-07-30T17:28:18,62,אף אוזן גרון,מנשית זבדה,language,אנגלית,17
2026-07-30T17:28:18,62,אף אוזן גרון,מנשית זבדה,language,ספרדית,1
2026-07-30T17:28:18,62,אף אוזן גרון,מנשית זבדה,language,עברית,23
2026-07-30T17:28:18,62,אף אוזן גרון,מנשית זבדה,language,ערבית,19
2026-07-30T17:28:18,62,אף אוזן גרון,מנשית זבדה,language,רוסית,5
2026-07-30T17:28:32,62,אף אוזן גרון,מעברות,gender,גבר,48
2026-07-30T17:28:32,62,אף אוזן גרון,מעברות,gender,אישה,14
2026-07-30T17:28:32,62,אף אוזן גרון,מעברות,visit_type,ביקור במרפאה,67
2026-07-30T17:28:32,62,אף אוזן גרון,מעברות,visit_type,שיחת טלפון,1
2026-07-30T17:28:32,62,אף אוזן גרון,מעברות,language,אוקראינית,1
2026-07-30T17:28:32,62,אף אוזן גרון,מעברות,language,אידיש,4
2026-07-30T17:28:32,62,אף אוזן גרון,מעברות,language,איטלקית,1
2026-07-30T17:28:32,62,אף אוזן גרון,מעברות,language,אנגלית,12
2026-07-30T17:28:32,62,אף אוזן גרון,מעברות,language,גרמנית,1
2026-07-30T17:28:32,62,אף אוזן גרון,מעברות,language,עברית,16
2026-07-30T17:28:32,62,אף אוזן גרון,מעברות,language,ערבית,3
2026-07-30T17:28:32,62,אף אוזן גרון,מעברות,language,רומנית,2
2026-07-30T17:28:32,62,אף אוזן גרון,מעברות,language,רוסית,6
2026-07-30T17:28:45,62,אף אוזן גרון,מפלסים,gender,גבר,32
2026-07-30T17:28:45,62,אף אוזן גרון,מפלסים,gender,אישה,3
2026-07-30T17:28:45,62,אף אוזן גרון,מפלסים,visit_type,ביקור במרפאה,41
2026-07-30T17:28:45,62,אף אוזן גרון,מפלסים,language,אוקראינית,1
2026-07-30T17:28:45,62,אף אוזן גרון,מפלסים,language,אנגלית,3
2026-07-30T17:28:45,62,אף אוזן גרון,מפלסים,language,הונגרית,1
2026-07-30T17:28:45,62,אף אוזן גרון,מפלסים,language,עברית,4
2026-07-30T17:28:45,62,אף אוזן גרון,מפלסים,language,ערבית,1
2026-07-30T17:28:45,62,אף אוזן גרון,מפלסים,language,צכית,1
2026-07-30T17:28:45,62,אף אוזן גרון,מפלסים,language,רוסית,1
2026-07-30T17:28:56,62,אף אוזן גרון,מצדה,gender,גבר,50
2026-07-30T17:28:56,62,אף אוזן גרון,מצדה,gender,אישה,7
2026-07-30T17:28:56,62,אף אוזן גרון,מצדה,visit_type,ביקור במרפאה,63
2026-07-30T17:28:56,62,אף אוזן גרון,מצדה,language,אוקראינית,1
2026-07-30T17:28:56,62,אף אוזן גרון,מצדה,language,אידיש,3
2026-07-30T17:28:56,62,אף אוזן גרון,מצדה,language,אנגלית,3
2026-07-30T17:28:56,62,אף אוזן גרון,מצדה,language,הונגרית,1
2026-07-30T17:28:56,62,אף אוזן גרון,מצדה,language,ספרדית,3
2026-07-30T17:28:56,62,אף אוזן גרון,מצדה,language,עברית,11
2026-07-30T17:28:56,62,אף אוזן גרון,מצדה,language,ערבית,5
2026-07-30T17:28:56,62,אף אוזן גרון,מצדה,language,צכית,1
2026-07-30T17:28:56,62,אף אוזן גרון,מצדה,language,רוסית,1
2026-07-30T17:29:09,62,אף אוזן גרון,מקווה ישראל,gender,גבר,27
2026-07-30T17:29:09,62,אף אוזן גרון,מקווה ישראל,gender,אישה,5
2026-07-30T17:29:09,62,אף אוזן גרון,מקווה ישראל,visit_type,ביקור במרפאה,34
2026-07-30T17:29:09,62,אף אוזן גרון,מקווה ישראל,language,אנגלית,15
2026-07-30T17:29:09,62,אף אוזן גרון,מקווה ישראל,language,גרמנית,1
2026-07-30T17:29:09,62,אף אוזן גרון,מקווה ישראל,language,ספרדית,1
2026-07-30T17:29:09,62,אף אוזן גרון,מקווה ישראל,language,עברית,17
2026-07-30T17:29:09,62,אף אוזן גרון,מקווה ישראל,language,ערבית,2
2026-07-30T17:29:09,62,אף אוזן גרון,מקווה ישראל,language,צרפתית,1
2026-07-30T17:29:09,62,אף אוזן גרון,מקווה ישראל,language,רוסית,1
2026-07-30T17:29:15,62,אף אוזן גרון,מרכז אזורי משגב,gender,גבר,47
2026-07-30T17:29:15,62,אף אוזן גרון,מרכז אזורי משגב,gender,אישה,8
2026-07-30T17:29:15,62,אף אוזן גרון,מרכז אזורי משגב,visit_type,ביקור במרפאה,55
2026-07-30T17:29:15,62,אף אוזן גרון,מרכז אזורי משגב,visit_type,שיחת טלפון,2
2026-07-30T17:29:15,62,אף אוזן גרון,מרכז אזורי משגב,language,איטלקית,5
2026-07-30T17:29:15,62,אף אוזן גרון,מרכז אזורי משגב,language,אנגלית,40
2026-07-30T17:29:15,62,אף אוזן גרון,מרכז אזורי משגב,language,גרמנית,4
2026-07-30T17:29:15,62,אף אוזן גרון,מרכז אזורי משגב,language,הולנדית,1
2026-07-30T17:29:15,62,אף אוזן גרון,מרכז אזורי משגב,language,הונגרית,1
2026-07-30T17:29:15,62,אף אוזן גרון,מרכז אזורי משגב,language,ספרדית,1
2026-07-30T17:29:15,62,אף אוזן גרון,מרכז אזורי משגב,language,עברית,55
2026-07-30T17:29:15,62,אף אוזן גרון,מרכז אזורי משגב,language,ערבית,40
2026-07-30T17:29:15,62,אף אוזן גרון,מרכז אזורי משגב,language,צרפתית,1
2026-07-30T17:29:15,62,אף אוזן גרון,מרכז אזורי משגב,language,רומנית,7
2026-07-30T17:29:15,62,אף אוזן גרון,מרכז אזורי משגב,language,רוסית,10
2026-07-30T17:29:24,62,אף אוזן גרון,משמר הירדן,gender,גבר,54
2026-07-30T17:29:24,62,אף אוזן גרון,משמר הירדן,gender,אישה,5
2026-07-30T17:29:24,62,אף אוזן גרון,משמר הירדן,visit_type,ביקור במרפאה,59
2026-07-30T17:29:24,62,אף אוזן גרון,משמר הירדן,language,אנגלית,11
2026-07-30T17:29:24,62,אף אוזן גרון,משמר הירדן,language,עברית,14
2026-07-30T17:29:24,62,אף אוזן גרון,משמר הירדן,language,ערבית,14
2026-07-30T17:29:24,62,אף אוזן גרון,משמר הירדן,language,רוסית,2
2026-07-30T17:29:35,62,אף אוזן גרון,נאקורה,gender,גבר,48
2026-07-30T17:29:35,62,אף אוזן גרון,נאקורה,gender,אישה,14
2026-07-30T17:29:35,62,אף אוזן גרון,נאקורה,visit_type,ביקור במרפאה,67
2026-07-30T17:29:35,62,אף אוזן גרון,נאקורה,visit_type,שיחת טלפון,1
2026-07-30T17:29:35,62,אף אוזן גרון,נאקורה,language,אוקראינית,1
2026-07-30T17:29:35,62,אף אוזן גרון,נאקורה,language,אידיש,4
2026-07-30T17:29:35,62,אף אוזן גרון,נאקורה,language,איטלקית,1
2026-07-30T17:29:35,62,אף אוזן גרון,נאקורה,language,אנגלית,12
2026-07-30T17:29:35,62,אף אוזן גרון,נאקורה,language,גרמנית,1
2026-07-30T17:29:35,62,אף אוזן גרון,נאקורה,language,עברית,16
2026-07-30T17:29:35,62,אף אוזן גרון,נאקורה,language,ערבית,3
2026-07-30T17:29:35,62,אף אוזן גרון,נאקורה,language,רומנית,2
2026-07-30T17:29:35,62,אף אוזן גרון,נאקורה,language,רוסית,6
2026-07-30T17:29:47,62,אף אוזן גרון,נוגה,gender,גבר,32
2026-07-30T17:29:47,62,אף אוזן גרון,נוגה,gender,אישה,3
2026-07-30T17:29:47,62,אף אוזן גרון,נוגה,visit_type,ביקור במרפאה,41
2026-07-30T17:29:47,62,אף אוזן גרון,נוגה,language,אוקראינית,1
2026-07-30T17:29:47,62,אף אוזן גרון,נוגה,language,אנגלית,3
2026-07-30T17:29:47,62,אף אוזן גרון,נוגה,language,הונגרית,1
2026-07-30T17:29:47,62,אף אוזן גרון,נוגה,language,עברית,4
2026-07-30T17:29:47,62,אף אוזן גרון,נוגה,language,ערבית,1
2026-07-30T17:29:47,62,אף אוזן גרון,נוגה,language,צכית,1
2026-07-30T17:29:47,62,אף אוזן גרון,נוגה,language,רוסית,1
2026-07-30T17:29:57,62,אף אוזן גרון,נזלה אל ע'רביה,gender,גבר,48
2026-07-30T17:29:57,62,אף אוזן גרון,נזלה אל ע'רביה,gender,אישה,14
2026-07-30T17:29:57,62,אף אוזן גרון,נזלה אל ע'רביה,visit_type,ביקור במרפאה,67
2026-07-30T17:29:57,62,אף אוזן גרון,נזלה אל ע'רביה,visit_type,שיחת טלפון,1
2026-07-30T17:29:57,62,אף אוזן גרון,נזלה אל ע'רביה,language,אוקראינית,1
2026-07-30T17:29:57,62,אף אוזן גרון,נזלה אל ע'רביה,language,אידיש,4
2026-07-30T17:29:57,62,אף אוזן גרון,נזלה אל ע'רביה,language,איטלקית,1
2026-07-30T17:29:57,62,אף אוזן גרון,נזלה אל ע'רביה,language,אנגלית,12
2026-07-30T17:29:57,62,אף אוזן גרון,נזלה אל ע'רביה,language,גרמנית,1
2026-07-30T17:29:57,62,אף אוזן גרון,נזלה אל ע'רביה,language,עברית,16
2026-07-30T17:29:57,62,אף אוזן גרון,נזלה אל ע'רביה,language,ערבית,3
2026-07-30T17:29:57,62,אף אוזן גרון,נזלה אל ע'רביה,language,רומנית,2
2026-07-30T17:29:57,62,אף אוזן גרון,נזלה אל ע'רביה,language,רוסית,6
2026-07-30T17:30:09,62,אף אוזן גרון,נחשולים,gender,גבר,66
2026-07-30T17:30:09,62,אף אוזן גרון,נחשולים,gender,אישה,13
2026-07-30T17:30:09,62,אף אוזן גרון,נחשולים,visit_type,ביקור במרפאה,82
2026-07-30T17:30:09,62,אף אוזן גרון,נחשולים,visit_type,שיחת טלפון,4
2026-07-30T17:30:09,62,אף אוזן גרון,נחשולים,language,איטלקית,1
2026-07-30T17:30:09,62,אף אוזן גרון,נחשולים,language,אנגלית,24
2026-07-30T17:30:09,62,אף אוזן גרון,נחשולים,language,גרמנית,4
2026-07-30T17:30:09,62,אף אוזן גרון,נחשולים,language,הונגרית,1
2026-07-30T17:30:09,62,אף אוזן גרון,נחשולים,language,ספרדית,1
2026-07-30T17:30:09,62,אף אוזן גרון,נחשולים,language,עברית,39
2026-07-30T17:30:09,62,אף אוזן גרון,נחשולים,language,ערבית,18
2026-07-30T17:30:09,62,אף אוזן גרון,נחשולים,language,רוסית,11
2026-07-30T17:30:22,62,אף אוזן גרון,ניעלין,gender,גבר,30
2026-07-30T17:30:22,62,אף אוזן גרון,ניעלין,gender,אישה,2
2026-07-30T17:30:22,62,אף אוזן גרון,ניעלין,visit_type,ביקור במרפאה,44
2026-07-30T17:30:22,62,אף אוזן גרון,ניעלין,language,איטלקית,1
2026-07-30T17:30:22,62,אף אוזן גרון,ניעלין,language,אנגלית,12
2026-07-30T17:30:22,62,אף אוזן גרון,ניעלין,language,ספרדית,1
2026-07-30T17:30:22,62,אף אוזן גרון,ניעלין,language,עברית,18
2026-07-30T17:30:22,62,אף אוזן גרון,ניעלין,language,ערבית,2
2026-07-30T17:30:22,62,אף אוזן גרון,ניעלין,language,צרפתית,2
2026-07-30T17:30:22,62,אף אוזן גרון,ניעלין,language,רוסית,7
2026-07-30T17:30:31,62,אף אוזן גרון,נס עמים,gender,גבר,35
2026-07-30T17:30:31,62,אף אוזן גרון,נס עמים,gender,אישה,3
2026-07-30T17:30:31,62,אף אוזן גרון,נס עמים,visit_type,ביקור במרפאה,38
2026-07-30T17:30:31,62,אף אוזן גרון,נס עמים,visit_type,שיחת טלפון,1
2026-07-30T17:30:31,62,אף אוזן גרון,נס עמים,language,איטלקית,5
2026-07-30T17:30:31,62,אף אוזן גרון,נס עמים,language,אנגלית,29
2026-07-30T17:30:31,62,אף אוזן גרון,נס עמים,language,גרמנית,2
2026-07-30T17:30:31,62,אף אוזן גרון,נס עמים,language,הולנדית,1
2026-07-30T17:30:31,62,אף אוזן גרון,נס עמים,language,ספרדית,1
2026-07-30T17:30:31,62,אף אוזן גרון,נס עמים,language,עברית,38
2026-07-30T17:30:31,62,אף אוזן גרון,נס עמים,language,ערבית,34
2026-07-30T17:30:31,62,אף אוזן גרון,נס עמים,language,צרפתית,1
2026-07-30T17:30:31,62,אף אוזן גרון,נס עמים,language,רומנית,7
2026-07-30T17:30:31,62,אף אוזן גרון,נס עמים,language,רוסית,5
2026-07-30T17:30:38,62,אף אוזן גרון,נשר,gender,אישה,13
2026-07-30T17:30:38,62,אף אוזן גרון,נשר,gender,גבר,66
2026-07-30T17:30:38,62,אף אוזן גרון,נשר,visit_type,ביקור במרפאה,82
2026-07-30T17:30:38,62,אף אוזן גרון,נשר,visit_type,שיחת טלפון,4
2026-07-30T17:30:38,62,אף אוזן גרון,נשר,language,איטלקית,1
2026-07-30T17:30:38,62,אף אוזן גרון,נשר,language,אנגלית,24
2026-07-30T17:30:38,62,אף אוזן גרון,נשר,language,גרמנית,4
2026-07-30T17:30:38,62,אף אוזן גרון,נשר,language,הונגרית,1
2026-07-30T17:30:38,62,אף אוזן גרון,נשר,language,ספרדית,1
2026-07-30T17:30:38,62,אף אוזן גרון,נשר,language,עברית,39
2026-07-30T17:30:38,62,אף אוזן גרון,נשר,language,ערבית,18
2026-07-30T17:30:38,62,אף אוזן גרון,נשר,language,רוסית,11
2026-07-30T17:30:52,62,אף אוזן גרון,סאנור,gender,גבר,48
2026-07-30T17:30:52,62,אף אוזן גרון,סאנור,gender,אישה,14
2026-07-30T17:30:52,62,אף אוזן גרון,סאנור,visit_type,ביקור במרפאה,67
2026-07-30T17:30:52,62,אף אוזן גרון,סאנור,visit_type,שיחת טלפון,1
2026-07-30T17:30:52,62,אף אוזן גרון,סאנור,language,אוקראינית,1
2026-07-30T17:30:52,62,אף אוזן גרון,סאנור,language,אידיש,4
2026-07-30T17:30:52,62,אף אוזן גרון,סאנור,language,איטלקית,1
2026-07-30T17:30:52,62,אף אוזן גרון,סאנור,language,אנגלית,12
2026-07-30T17:30:52,62,אף אוזן גרון,סאנור,language,גרמנית,1
2026-07-30T17:30:52,62,אף אוזן גרון,סאנור,language,עברית,16
2026-07-30T17:30:52,62,אף אוזן גרון,סאנור,language,ערבית,3
2026-07-30T17:30:52,62,אף אוזן גרון,סאנור,language,רומנית,2
2026-07-30T17:30:52,62,אף אוזן גרון,סאנור,language,רוסית,6
2026-07-30T17:31:02,62,אף אוזן גרון,סורדה,gender,גבר,36
2026-07-30T17:31:02,62,אף אוזן גרון,סורדה,gender,אישה,4
2026-07-30T17:31:02,62,אף אוזן גרון,סורדה,visit_type,ביקור במרפאה,41
2026-07-30T17:31:02,62,אף אוזן גרון,סורדה,language,אידיש,4
2026-07-30T17:31:02,62,אף אוזן גרון,סורדה,language,איטלקית,1
2026-07-30T17:31:02,62,אף אוזן גרון,סורדה,language,אנגלית,10
2026-07-30T17:31:02,62,אף אוזן גרון,סורדה,language,עברית,10
2026-07-30T17:31:02,62,אף אוזן גרון,סורדה,language,ערבית,4
2026-07-30T17:31:02,62,אף אוזן גרון,סורדה,language,רוסית,4
2026-07-30T17:31:10,62,אף אוזן גרון,סיר,gender,גבר,48
2026-07-30T17:31:10,62,אף אוזן גרון,סיר,gender,אישה,14
2026-07-30T17:31:10,62,אף אוזן גרון,סיר,visit_type,ביקור במרפאה,67
2026-07-30T17:31:10,62,אף אוזן גרון,סיר,visit_type,שיחת טלפון,1
2026-07-30T17:31:10,62,אף אוזן גרון,סיר,language,אוקראינית,1
2026-07-30T17:31:10,62,אף אוזן גרון,סיר,language,אידיש,4
2026-07-30T17:31:10,62,אף אוזן גרון,סיר,language,איטלקית,1
2026-07-30T17:31:10,62,אף אוזן גרון,סיר,language,אנגלית,12
2026-07-30T17:31:10,62,אף אוזן גרון,סיר,language,גרמנית,1
2026-07-30T17:31:10,62,אף אוזן גרון,סיר,language,עברית,16
2026-07-30T17:31:10,62,אף אוזן גרון,סיר,language,ערבית,3
2026-07-30T17:31:10,62,אף אוזן גרון,סיר,language,רומנית,2
2026-07-30T17:31:10,62,אף אוזן גרון,סיר,language,רוסית,6
2026-07-30T17:31:21,62,אף אוזן גרון,סעוה,gender,גבר,38
2026-07-30T17:31:21,62,אף אוזן גרון,סעוה,gender,אישה,6
2026-07-30T17:31:21,62,אף אוזן גרון,סעוה,visit_type,ביקור במרפאה,47
2026-07-30T17:31:21,62,אף אוזן גרון,סעוה,language,אוקראינית,1
2026-07-30T17:31:21,62,אף אוזן גרון,סעוה,language,אידיש,3
2026-07-30T17:31:21,62,אף אוזן גרון,סעוה,language,אנגלית,3
2026-07-30T17:31:21,62,אף אוזן גרון,סעוה,language,הונגרית,1
2026-07-30T17:31:21,62,אף אוזן גרון,סעוה,language,ספרדית,3
2026-07-30T17:31:21,62,אף אוזן גרון,סעוה,language,עברית,10
2026-07-30T17:31:21,62,אף אוזן גרון,סעוה,language,ערבית,4
2026-07-30T17:31:21,62,אף אוזן גרון,סעוה,language,צכית,1
2026-07-30T17:31:21,62,אף אוזן גרון,סעוה,language,רוסית,1
2026-07-30T17:31:32,62,אף אוזן גרון,עאנין,gender,גבר,48
2026-07-30T17:31:32,62,אף אוזן גרון,עאנין,gender,אישה,14
2026-07-30T17:31:32,62,אף אוזן גרון,עאנין,visit_type,ביקור במרפאה,67
2026-07-30T17:31:32,62,אף אוזן גרון,עאנין,visit_type,שיחת טלפון,1
2026-07-30T17:31:32,62,אף אוזן גרון,עאנין,language,אוקראינית,1
2026-07-30T17:31:32,62,אף אוזן גרון,עאנין,language,אידיש,4
2026-07-30T17:31:32,62,אף אוזן גרון,עאנין,language,איטלקית,1
2026-07-30T17:31:32,62,אף אוזן גרון,עאנין,language,אנגלית,12
2026-07-30T17:31:32,62,אף אוזן גרון,עאנין,language,גרמנית,1
2026-07-30T17:31:32,62,אף אוזן גרון,עאנין,language,עברית,16
2026-07-30T17:31:32,62,אף אוזן גרון,עאנין,language,ערבית,3
2026-07-30T17:31:32,62,אף אוזן גרון,עאנין,language,רומנית,2
2026-07-30T17:31:32,62,אף אוזן גרון,עאנין,language,רוסית,6
2026-07-30T17:31:42,62,אף אוזן גרון,עד הלום,gender,גבר,30
2026-07-30T17:31:42,62,אף אוזן גרון,עד הלום,gender,אישה,2
2026-07-30T17:31:42,62,אף אוזן גרון,עד הלום,visit_type,ביקור במרפאה,44
2026-07-30T17:31:42,62,אף אוזן גרון,עד הלום,language,איטלקית,1
2026-07-30T17:31:42,62,אף אוזן גרון,עד הלום,language,אנגלית,12
2026-07-30T17:31:42,62,אף אוזן גרון,עד הלום,language,ספרדית,1
2026-07-30T17:31:42,62,אף אוזן גרון,עד הלום,language,עברית,18
2026-07-30T17:31:42,62,אף אוזן גרון,עד הלום,language,ערבית,2
2026-07-30T17:31:42,62,אף אוזן גרון,עד הלום,language,צרפתית,2
2026-07-30T17:31:42,62,אף אוזן גרון,עד הלום,language,רוסית,7
2026-07-30T17:31:52,62,אף אוזן גרון,עוסארין,gender,גבר,48
2026-07-30T17:31:52,62,אף אוזן גרון,עוסארין,gender,אישה,14
2026-07-30T17:31:52,62,אף אוזן גרון,עוסארין,visit_type,ביקור במרפאה,67
2026-07-30T17:31:52,62,אף אוזן גרון,עוסארין,visit_type,שיחת טלפון,1
2026-07-30T17:31:52,62,אף אוזן גרון,עוסארין,language,אוקראינית,1
2026-07-30T17:31:52,62,אף אוזן גרון,עוסארין,language,אידיש,4
2026-07-30T17:31:52,62,אף אוזן גרון,עוסארין,language,איטלקית,1
2026-07-30T17:31:52,62,אף אוזן גרון,עוסארין,language,אנגלית,12
2026-07-30T17:31:52,62,אף אוזן גרון,עוסארין,language,גרמנית,1
2026-07-30T17:31:52,62,אף אוזן גרון,עוסארין,language,עברית,16
2026-07-30T17:31:52,62,אף אוזן גרון,עוסארין,language,ערבית,3
2026-07-30T17:31:52,62,אף אוזן גרון,עוסארין,language,רומנית,2
2026-07-30T17:31:52,62,אף אוזן גרון,עוסארין,language,רוסית,6
2026-07-30T17:32:02,62,אף אוזן גרון,עזריה,gender,גבר,30
2026-07-30T17:32:02,62,אף אוזן גרון,עזריה,gender,אישה,2
2026-07-30T17:32:02,62,אף אוזן גרון,עזריה,visit_type,ביקור במרפאה,44
2026-07-30T17:32:02,62,אף אוזן גרון,עזריה,language,איטלקית,1
2026-07-30T17:32:02,62,אף אוזן גרון,עזריה,language,אנגלית,12
2026-07-30T17:32:02,62,אף אוזן גרון,עזריה,language,ספרדית,1
2026-07-30T17:32:02,62,אף אוזן גרון,עזריה,language,עברית,18
2026-07-30T17:32:02,62,אף אוזן גרון,עזריה,language,ערבית,2
2026-07-30T17:32:02,62,אף אוזן גרון,עזריה,language,צרפתית,2
2026-07-30T17:32:02,62,אף אוזן גרון,עזריה,language,רוסית,7
2026-07-30T17:32:11,62,אף אוזן גרון,עילוט,gender,גבר,54
2026-07-30T17:32:11,62,אף אוזן גרון,עילוט,gender,אישה,5
2026-07-30T17:32:11,62,אף אוזן גרון,עילוט,visit_type,ביקור במרפאה,59
2026-07-30T17:32:11,62,אף אוזן גרון,עילוט,language,אנגלית,11
2026-07-30T17:32:11,62,אף אוזן גרון,עילוט,language,עברית,14
2026-07-30T17:32:11,62,אף אוזן גרון,עילוט,language,ערבית,14
2026-07-30T17:32:11,62,אף אוזן גרון,עילוט,language,רוסית,2
2026-07-30T17:32:21,62,אף אוזן גרון,עלמה,gender,גבר,54
2026-07-30T17:32:21,62,אף אוזן גרון,עלמה,gender,אישה,5
2026-07-30T17:32:21,62,אף אוזן גרון,עלמה,visit_type,ביקור במרפאה,59
2026-07-30T17:32:21,62,אף אוזן גרון,עלמה,language,אנגלית,11
2026-07-30T17:32:21,62,אף אוזן גרון,עלמה,language,עברית,14
2026-07-30T17:32:21,62,אף אוזן גרון,עלמה,language,ערבית,14
2026-07-30T17:32:21,62,אף אוזן גרון,עלמה,language,רוסית,2
2026-07-30T17:32:32,62,אף אוזן גרון,עמנואל,gender,גבר,67
2026-07-30T17:32:32,62,אף אוזן גרון,עמנואל,gender,אישה,18
2026-07-30T17:32:32,62,אף אוזן גרון,עמנואל,visit_type,ביקור במרפאה,91
2026-07-30T17:32:32,62,אף אוזן גרון,עמנואל,visit_type,שיחת טלפון,1
2026-07-30T17:32:32,62,אף אוזן גרון,עמנואל,language,אוקראינית,1
2026-07-30T17:32:32,62,אף אוזן גרון,עמנואל,language,אידיש,4
2026-07-30T17:32:32,62,אף אוזן גרון,עמנואל,language,איטלקית,1
2026-07-30T17:32:32,62,אף אוזן גרון,עמנואל,language,אנגלית,24
2026-07-30T17:32:32,62,אף אוזן גרון,עמנואל,language,גרמנית,2
2026-07-30T17:32:32,62,אף אוזן גרון,עמנואל,language,ספרדית,1
2026-07-30T17:32:32,62,אף אוזן גרון,עמנואל,language,עברית,35
2026-07-30T17:32:32,62,אף אוזן גרון,עמנואל,language,ערבית,6
2026-07-30T17:32:32,62,אף אוזן גרון,עמנואל,language,צרפתית,1
2026-07-30T17:32:32,62,אף אוזן גרון,עמנואל,language,רומנית,2
2026-07-30T17:32:32,62,אף אוזן גרון,עמנואל,language,רוסית,10
2026-07-30T17:32:47,62,אף אוזן גרון,עפולה,gender,גבר,86
2026-07-30T17:32:47,62,אף אוזן גרון,עפולה,gender,אישה,8
2026-07-30T17:32:47,62,אף אוזן גרון,עפולה,visit_type,ביקור במרפאה,95
2026-07-30T17:32:47,62,אף אוזן גרון,עפולה,language,אנגלית,17
2026-07-30T17:32:47,62,אף אוזן גרון,עפולה,language,ספרדית,1
2026-07-30T17:32:47,62,אף אוזן גרון,עפולה,language,עברית,23
2026-07-30T17:32:47,62,אף אוזן גרון,עפולה,language,ערבית,19
2026-07-30T17:32:47,62,אף אוזן גרון,עפולה,language,רוסית,5
2026-07-30T17:33:02,62,אף אוזן גרון,ערב אל נעים,gender,גבר,62
2026-07-30T17:33:02,62,אף אוזן גרון,ערב אל נעים,gender,אישה,13
2026-07-30T17:33:02,62,אף אוזן גרון,ערב אל נעים,visit_type,ביקור במרפאה,77
2026-07-30T17:33:02,62,אף אוזן גרון,ערב אל נעים,visit_type,שיחת טלפון,5
2026-07-30T17:33:02,62,אף אוזן גרון,ערב אל נעים,language,איטלקית,6
2026-07-30T17:33:02,62,אף אוזן גרון,ערב אל נעים,language,אנגלית,52
2026-07-30T17:33:02,62,אף אוזן גרון,ערב אל נעים,language,גרמנית,6
2026-07-30T17:33:02,62,אף אוזן גרון,ערב אל נעים,language,הולנדית,1
2026-07-30T17:33:02,62,אף אוזן גרון,ערב אל נעים,language,הונגרית,1
2026-07-30T17:33:02,62,אף אוזן גרון,ערב אל נעים,language,ספרדית,2
2026-07-30T17:33:02,62,אף אוזן גרון,ערב אל נעים,language,עברית,76
2026-07-30T17:33:02,62,אף אוזן גרון,ערב אל נעים,language,ערבית,51
2026-07-30T17:33:02,62,אף אוזן גרון,ערב אל נעים,language,צרפתית,1
2026-07-30T17:33:02,62,אף אוזן גרון,ערב אל נעים,language,רומנית,7
2026-07-30T17:33:02,62,אף אוזן גרון,ערב אל נעים,language,רוסית,16
2026-07-30T17:33:16,62,אף אוזן גרון,עתניאל,gender,גבר,50
2026-07-30T17:33:16,62,אף אוזן גרון,עתניאל,gender,אישה,7
2026-07-30T17:33:16,62,אף אוזן גרון,עתניאל,visit_type,ביקור במרפאה,63
2026-07-30T17:33:16,62,אף אוזן גרון,עתניאל,language,אוקראינית,1
2026-07-30T17:33:16,62,אף אוזן גרון,עתניאל,language,אידיש,3
2026-07-30T17:33:16,62,אף אוזן גרון,עתניאל,language,אנגלית,3
2026-07-30T17:33:16,62,אף אוזן גרון,עתניאל,language,הונגרית,1
2026-07-30T17:33:16,62,אף אוזן גרון,עתניאל,language,ספרדית,3
2026-07-30T17:33:16,62,אף אוזן גרון,עתניאל,language,עברית,11
2026-07-30T17:33:16,62,אף אוזן גרון,עתניאל,language,ערבית,5
2026-07-30T17:33:16,62,אף אוזן גרון,עתניאל,language,צכית,1
2026-07-30T17:33:16,62,אף אוזן גרון,עתניאל,language,רוסית,1
2026-07-30T17:33:29,62,אף אוזן גרון,פדיה,gender,גבר,22
2026-07-30T17:33:29,62,אף אוזן גרון,פדיה,gender,אישה,1
2026-07-30T17:33:29,62,אף אוזן גרון,פדיה,visit_type,ביקור במרפאה,32
2026-07-30T17:33:29,62,אף אוזן גרון,פדיה,language,איטלקית,1
2026-07-30T17:33:29,62,אף אוזן גרון,פדיה,language,אנגלית,9
2026-07-30T17:33:29,62,אף אוזן גרון,פדיה,language,עברית,14
2026-07-30T17:33:29,62,אף אוזן גרון,פדיה,language,ערבית,2
2026-07-30T17:33:29,62,אף אוזן גרון,פדיה,language,צרפתית,1
2026-07-30T17:33:29,62,אף אוזן גרון,פדיה,language,רוסית,4
2026-07-30T17:33:35,62,אף אוזן גרון,פלמחים,gender,גבר,46
2026-07-30T17:33:35,62,אף אוזן גרון,פלמחים,gender,אישה,4
2026-07-30T17:33:35,62,אף אוזן גרון,פלמחים,visit_type,ביקור במרפאה,62
2026-07-30T17:33:35,62,אף אוזן גרון,פלמחים,language,איטלקית,1
2026-07-30T17:33:35,62,אף אוזן גרון,פלמחים,language,אנגלית,19
2026-07-30T17:33:35,62,אף אוזן גרון,פלמחים,language,ספרדית,1
2026-07-30T17:33:35,62,אף אוזן גרון,פלמחים,language,עברית,25
2026-07-30T17:33:35,62,אף אוזן גרון,פלמחים,language,ערבית,3
2026-07-30T17:33:35,62,אף אוזן גרון,פלמחים,language,צרפתית,2
2026-07-30T17:33:35,62,אף אוזן גרון,פלמחים,language,רוסית,7
2026-07-30T17:33:47,62,אף אוזן גרון,פקיעין חדשה,gender,גבר,35
2026-07-30T17:33:47,62,אף אוזן גרון,פקיעין חדשה,gender,אישה,3
2026-07-30T17:33:47,62,אף אוזן גרון,פקיעין חדשה,visit_type,ביקור במרפאה,38
2026-07-30T17:33:47,62,אף אוזן גרון,פקיעין חדשה,visit_type,שיחת טלפון,1
2026-07-30T17:33:47,62,אף אוזן גרון,פקיעין חדשה,language,איטלקית,5
2026-07-30T17:33:47,62,אף אוזן גרון,פקיעין חדשה,language,אנגלית,29
2026-07-30T17:33:47,62,אף אוזן גרון,פקיעין חדשה,language,גרמנית,2
2026-07-30T17:33:47,62,אף אוזן גרון,פקיעין חדשה,language,הולנדית,1
2026-07-30T17:33:47,62,אף אוזן גרון,פקיעין חדשה,language,ספרדית,1
2026-07-30T17:33:47,62,אף אוזן גרון,פקיעין חדשה,language,עברית,38
2026-07-30T17:33:47,62,אף אוזן גרון,פקיעין חדשה,language,ערבית,34
2026-07-30T17:33:47,62,אף אוזן גרון,פקיעין חדשה,language,צרפתית,1
2026-07-30T17:33:47,62,אף אוזן גרון,פקיעין חדשה,language,רומנית,7
2026-07-30T17:33:47,62,אף אוזן גרון,פקיעין חדשה,language,רוסית,5
2026-07-30T17:33:53,62,אף אוזן גרון,פתחיה,gender,גבר,22
2026-07-30T17:33:53,62,אף אוזן גרון,פתחיה,gender,אישה,1
2026-07-30T17:33:53,62,אף אוזן גרון,פתחיה,visit_type,ביקור במרפאה,32
2026-07-30T17:33:53,62,אף אוזן גרון,פתחיה,language,איטלקית,1
2026-07-30T17:33:53,62,אף אוזן גרון,פתחיה,language,אנגלית,9
2026-07-30T17:33:53,62,אף אוזן גרון,פתחיה,language,עברית,14
2026-07-30T17:33:53,62,אף אוזן גרון,פתחיה,language,ערבית,2
2026-07-30T17:33:53,62,אף אוזן גרון,פתחיה,language,צרפתית,1
2026-07-30T17:33:53,62,אף אוזן גרון,פתחיה,language,רוסית,4
2026-07-30T17:34:00,62,אף אוזן גרון,צוקי ים,gender,גבר,48
2026-07-30T17:34:00,62,אף אוזן גרון,צוקי ים,gender,אישה,14
2026-07-30T17:34:00,62,אף אוזן גרון,צוקי ים,visit_type,ביקור במרפאה,67
2026-07-30T17:34:00,62,אף אוזן גרון,צוקי ים,visit_type,שיחת טלפון,1
2026-07-30T17:34:00,62,אף אוזן גרון,צוקי ים,language,אוקראינית,1
2026-07-30T17:34:00,62,אף אוזן גרון,צוקי ים,language,אידיש,4
2026-07-30T17:34:00,62,אף אוזן גרון,צוקי ים,language,איטלקית,1
2026-07-30T17:34:00,62,אף אוזן גרון,צוקי ים,language,אנגלית,12
2026-07-30T17:34:00,62,אף אוזן גרון,צוקי ים,language,גרמנית,1
2026-07-30T17:34:00,62,אף אוזן גרון,צוקי ים,language,עברית,16
2026-07-30T17:34:00,62,אף אוזן גרון,צוקי ים,language,ערבית,3
2026-07-30T17:34:00,62,אף אוזן גרון,צוקי ים,language,רומנית,2
2026-07-30T17:34:00,62,אף אוזן גרון,צוקי ים,language,רוסית,6
2026-07-30T17:34:13,62,אף אוזן גרון,צרופה,gender,גבר,66
2026-07-30T17:34:13,62,אף אוזן גרון,צרופה,gender,אישה,13
2026-07-30T17:34:13,62,אף אוזן גרון,צרופה,visit_type,ביקור במרפאה,82
2026-07-30T17:34:13,62,אף אוזן גרון,צרופה,visit_type,שיחת טלפון,4
2026-07-30T17:34:13,62,אף אוזן גרון,צרופה,language,איטלקית,1
2026-07-30T17:34:13,62,אף אוזן גרון,צרופה,language,אנגלית,24
2026-07-30T17:34:13,62,אף אוזן גרון,צרופה,language,גרמנית,4
2026-07-30T17:34:13,62,אף אוזן גרון,צרופה,language,הונגרית,1
2026-07-30T17:34:13,62,אף אוזן גרון,צרופה,language,ספרדית,1
2026-07-30T17:34:13,62,אף אוזן גרון,צרופה,language,עברית,39
2026-07-30T17:34:13,62,אף אוזן גרון,צרופה,language,ערבית,18
2026-07-30T17:34:13,62,אף אוזן גרון,צרופה,language,רוסית,11
2026-07-30T17:34:27,62,אף אוזן גרון,קדמת צבי,gender,גבר,54
2026-07-30T17:34:27,62,אף אוזן גרון,קדמת צבי,gender,אישה,5
2026-07-30T17:34:27,62,אף אוזן גרון,קדמת צבי,visit_type,ביקור במרפאה,59
2026-07-30T17:34:27,62,אף אוזן גרון,קדמת צבי,language,אנגלית,11
2026-07-30T17:34:27,62,אף אוזן גרון,קדמת צבי,language,עברית,14
2026-07-30T17:34:27,62,אף אוזן גרון,קדמת צבי,language,ערבית,14
2026-07-30T17:34:27,62,אף אוזן גרון,קדמת צבי,language,רוסית,2
2026-07-30T17:34:36,62,אף אוזן גרון,קורנית,gender,גבר,47
2026-07-30T17:34:36,62,אף אוזן גרון,קורנית,gender,אישה,8
2026-07-30T17:34:36,62,אף אוזן גרון,קורנית,visit_type,ביקור במרפאה,55
2026-07-30T17:34:36,62,אף אוזן גרון,קורנית,visit_type,שיחת טלפון,2
2026-07-30T17:34:36,62,אף אוזן גרון,קורנית,language,איטלקית,5
2026-07-30T17:34:36,62,אף אוזן גרון,קורנית,language,אנגלית,40
2026-07-30T17:34:36,62,אף אוזן גרון,קורנית,language,גרמנית,4
2026-07-30T17:34:36,62,אף אוזן גרון,קורנית,language,הולנדית,1
2026-07-30T17:34:36,62,אף אוזן גרון,קורנית,language,הונגרית,1
2026-07-30T17:34:36,62,אף אוזן גרון,קורנית,language,ספרדית,1
2026-07-30T17:34:36,62,אף אוזן גרון,קורנית,language,עברית,55
2026-07-30T17:34:36,62,אף אוזן גרון,קורנית,language,ערבית,40
2026-07-30T17:34:36,62,אף אוזן גרון,קורנית,language,צרפתית,1
2026-07-30T17:34:36,62,אף אוזן גרון,קורנית,language,רומנית,7
2026-07-30T17:34:36,62,אף אוזן גרון,קורנית,language,רוסית,10
2026-07-30T17:34:45,62,אף אוזן גרון,קלע,gender,גבר,54
2026-07-30T17:34:45,62,אף אוזן גרון,קלע,gender,אישה,5
2026-07-30T17:34:45,62,אף אוזן גרון,קלע,visit_type,ביקור במרפאה,59
2026-07-30T17:34:45,62,אף אוזן גרון,קלע,language,אנגלית,11
2026-07-30T17:34:45,62,אף אוזן גרון,קלע,language,עברית,14
2026-07-30T17:34:45,62,אף אוזן גרון,קלע,language,ערבית,14
2026-07-30T17:34:45,62,אף אוזן גרון,קלע,language,רוסית,2
2026-07-30T17:34:54,62,אף אוזן גרון,קרית ארבע,gender,גבר,36
2026-07-30T17:34:54,62,אף אוזן גרון,קרית ארבע,gender,אישה,4
2026-07-30T17:34:54,62,אף אוזן גרון,קרית ארבע,visit_type,ביקור במרפאה,41
2026-07-30T17:34:54,62,אף אוזן גרון,קרית ארבע,language,אידיש,4
2026-07-30T17:34:54,62,אף אוזן גרון,קרית ארבע,language,איטלקית,1
2026-07-30T17:34:54,62,אף אוזן גרון,קרית ארבע,language,אנגלית,10
2026-07-30T17:34:54,62,אף אוזן גרון,קרית ארבע,language,עברית,10
2026-07-30T17:34:54,62,אף אוזן גרון,קרית ארבע,language,ערבית,4
2026-07-30T17:34:54,62,אף אוזן גרון,קרית ארבע,language,רוסית,4
2026-07-30T17:35:01,62,אף אוזן גרון,ראמין,gender,גבר,48
2026-07-30T17:35:01,62,אף אוזן גרון,ראמין,gender,אישה,14
2026-07-30T17:35:01,62,אף אוזן גרון,ראמין,visit_type,ביקור במרפאה,67
2026-07-30T17:35:01,62,אף אוזן גרון,ראמין,visit_type,שיחת טלפון,1
2026-07-30T17:35:01,62,אף אוזן גרון,ראמין,language,אוקראינית,1
2026-07-30T17:35:01,62,אף אוזן גרון,ראמין,language,אידיש,4
2026-07-30T17:35:01,62,אף אוזן גרון,ראמין,language,איטלקית,1
2026-07-30T17:35:01,62,אף אוזן גרון,ראמין,language,אנגלית,12
2026-07-30T17:35:01,62,אף אוזן גרון,ראמין,language,גרמנית,1
2026-07-30T17:35:01,62,אף אוזן גרון,ראמין,language,עברית,16
2026-07-30T17:35:01,62,אף אוזן גרון,ראמין,language,ערבית,3
2026-07-30T17:35:01,62,אף אוזן גרון,ראמין,language,רומנית,2
2026-07-30T17:35:01,62,אף אוזן גרון,ראמין,language,רוסית,6
2026-07-30T17:35:13,62,אף אוזן גרון,רביד,gender,גבר,54
2026-07-30T17:35:13,62,אף אוזן גרון,רביד,gender,אישה,5
2026-07-30T17:35:13,62,אף אוזן גרון,רביד,visit_type,ביקור במרפאה,59
2026-07-30T17:35:13,62,אף אוזן גרון,רביד,language,אנגלית,11
2026-07-30T17:35:13,62,אף אוזן גרון,רביד,language,עברית,14
2026-07-30T17:35:13,62,אף אוזן גרון,רביד,language,ערבית,14
2026-07-30T17:35:13,62,אף אוזן גרון,רביד,language,רוסית,2
2026-07-30T17:35:22,62,אף אוזן גרון,רומאנה ממזרח לאום אל פחם,gender,גבר,48
2026-07-30T17:35:22,62,אף אוזן גרון,רומאנה ממזרח לאום אל פחם,gender,אישה,14
2026-07-30T17:35:22,62,אף אוזן גרון,רומאנה ממזרח לאום אל פחם,visit_type,ביקור במרפאה,67
2026-07-30T17:35:22,62,אף אוזן גרון,רומאנה ממזרח לאום אל פחם,visit_type,שיחת טלפון,1
2026-07-30T17:35:22,62,אף אוזן גרון,רומאנה ממזרח לאום אל פחם,language,אוקראינית,1
2026-07-30T17:35:22,62,אף אוזן גרון,רומאנה ממזרח לאום אל פחם,language,אידיש,4
2026-07-30T17:35:22,62,אף אוזן גרון,רומאנה ממזרח לאום אל פחם,language,איטלקית,1
2026-07-30T17:35:22,62,אף אוזן גרון,רומאנה ממזרח לאום אל פחם,language,אנגלית,12
2026-07-30T17:35:22,62,אף אוזן גרון,רומאנה ממזרח לאום אל פחם,language,גרמנית,1
2026-07-30T17:35:22,62,אף אוזן גרון,רומאנה ממזרח לאום אל פחם,language,עברית,16
2026-07-30T17:35:22,62,אף אוזן גרון,רומאנה ממזרח לאום אל פחם,language,ערבית,3
2026-07-30T17:35:22,62,אף אוזן גרון,רומאנה ממזרח לאום אל פחם,language,רומנית,2
2026-07-30T17:35:22,62,אף אוזן גרון,רומאנה ממזרח לאום אל פחם,language,רוסית,6
2026-07-30T17:35:33,62,אף אוזן גרון,רימונים,gender,גבר,36
2026-07-30T17:35:33,62,אף אוזן גרון,רימונים,gender,אישה,4
2026-07-30T17:35:33,62,אף אוזן גרון,רימונים,visit_type,ביקור במרפאה,41
2026-07-30T17:35:33,62,אף אוזן גרון,רימונים,language,אידיש,4
2026-07-30T17:35:33,62,אף אוזן גרון,רימונים,language,איטלקית,1
2026-07-30T17:35:33,62,אף אוזן גרון,רימונים,language,אנגלית,10
2026-07-30T17:35:33,62,אף אוזן גרון,רימונים,language,עברית,10
2026-07-30T17:35:33,62,אף אוזן גרון,רימונים,language,ערבית,4
2026-07-30T17:35:33,62,אף אוזן גרון,רימונים,language,רוסית,4
2026-07-30T17:35:40,62,אף אוזן גרון,רמות נפתלי,gender,גבר,54
2026-07-30T17:35:40,62,אף אוזן גרון,רמות נפתלי,gender,אישה,5
2026-07-30T17:35:40,62,אף אוזן גרון,רמות נפתלי,visit_type,ביקור במרפאה,59
2026-07-30T17:35:40,62,אף אוזן גרון,רמות נפתלי,language,אנגלית,11
2026-07-30T17:35:40,62,אף אוזן גרון,רמות נפתלי,language,עברית,14
2026-07-30T17:35:40,62,אף אוזן גרון,רמות נפתלי,language,ערבית,14
2026-07-30T17:35:40,62,אף אוזן גרון,רמות נפתלי,language,רוסית,2
2026-07-30T17:35:49,62,אף אוזן גרון,רקפת,gender,גבר,47
2026-07-30T17:35:49,62,אף אוזן גרון,רקפת,gender,אישה,8
2026-07-30T17:35:49,62,אף אוזן גרון,רקפת,visit_type,ביקור במרפאה,55
2026-07-30T17:35:49,62,אף אוזן גרון,רקפת,visit_type,שיחת טלפון,2
2026-07-30T17:35:49,62,אף אוזן גרון,רקפת,language,איטלקית,5
2026-07-30T17:35:49,62,אף אוזן גרון,רקפת,language,אנגלית,40
2026-07-30T17:35:49,62,אף אוזן גרון,רקפת,language,גרמנית,4
2026-07-30T17:35:49,62,אף אוזן גרון,רקפת,language,הולנדית,1
2026-07-30T17:35:49,62,אף אוזן גרון,רקפת,language,הונגרית,1
2026-07-30T17:35:49,62,אף אוזן גרון,רקפת,language,ספרדית,1
2026-07-30T17:35:49,62,אף אוזן גרון,רקפת,language,עברית,55
2026-07-30T17:35:49,62,אף אוזן גרון,רקפת,language,ערבית,40
2026-07-30T17:35:49,62,אף אוזן גרון,רקפת,language,צרפתית,1
2026-07-30T17:35:49,62,אף אוזן גרון,רקפת,language,רומנית,7
2026-07-30T17:35:49,62,אף אוזן גרון,רקפת,language,רוסית,10
2026-07-30T17:35:59,62,אף אוזן גרון,שדה אילן,gender,גבר,54
2026-07-30T17:35:59,62,אף אוזן גרון,שדה אילן,gender,אישה,5
2026-07-30T17:35:59,62,אף אוזן גרון,שדה אילן,visit_type,ביקור במרפאה,59
2026-07-30T17:35:59,62,אף אוזן גרון,שדה אילן,language,אנגלית,11
2026-07-30T17:35:59,62,אף אוזן גרון,שדה אילן,language,עברית,14
2026-07-30T17:35:59,62,אף אוזן גרון,שדה אילן,language,ערבית,14
2026-07-30T17:35:59,62,אף אוזן גרון,שדה אילן,language,רוסית,2
2026-07-30T17:36:08,62,אף אוזן גרון,שואבה,gender,גבר,36
2026-07-30T17:36:08,62,אף אוזן גרון,שואבה,gender,אישה,4
2026-07-30T17:36:08,62,אף אוזן גרון,שואבה,visit_type,ביקור במרפאה,41
2026-07-30T17:36:08,62,אף אוזן גרון,שואבה,language,אידיש,4
2026-07-30T17:36:08,62,אף אוזן גרון,שואבה,language,איטלקית,1
2026-07-30T17:36:08,62,אף אוזן גרון,שואבה,language,אנגלית,10
2026-07-30T17:36:08,62,אף אוזן גרון,שואבה,language,עברית,10
2026-07-30T17:36:08,62,אף אוזן גרון,שואבה,language,ערבית,4
2026-07-30T17:36:08,62,אף אוזן גרון,שואבה,language,רוסית,4
2026-07-30T17:36:16,62,אף אוזן גרון,שזור,gender,גבר,47
2026-07-30T17:36:16,62,אף אוזן גרון,שזור,gender,אישה,8
2026-07-30T17:36:16,62,אף אוזן גרון,שזור,visit_type,ביקור במרפאה,55
2026-07-30T17:36:16,62,אף אוזן גרון,שזור,visit_type,שיחת טלפון,2
2026-07-30T17:36:16,62,אף אוזן גרון,שזור,language,איטלקית,5
2026-07-30T17:36:16,62,אף אוזן גרון,שזור,language,אנגלית,40
2026-07-30T17:36:16,62,אף אוזן גרון,שזור,language,גרמנית,4
2026-07-30T17:36:16,62,אף אוזן גרון,שזור,language,הולנדית,1
2026-07-30T17:36:16,62,אף אוזן גרון,שזור,language,הונגרית,1
2026-07-30T17:36:16,62,אף אוזן גרון,שזור,language,ספרדית,1
2026-07-30T17:36:16,62,אף אוזן גרון,שזור,language,עברית,55
2026-07-30T17:36:16,62,אף אוזן גרון,שזור,language,ערבית,40
2026-07-30T17:36:16,62,אף אוזן גרון,שזור,language,צרפתית,1
2026-07-30T17:36:16,62,אף אוזן גרון,שזור,language,רומנית,7
2026-07-30T17:36:16,62,אף אוזן גרון,שזור,language,רוסית,10
2026-07-30T17:36:24,62,אף אוזן גרון,שילת,gender,גבר,22
2026-07-30T17:36:24,62,אף אוזן גרון,שילת,gender,אישה,1
2026-07-30T17:36:24,62,אף אוזן גרון,שילת,visit_type,ביקור במרפאה,32
2026-07-30T17:36:24,62,אף אוזן גרון,שילת,language,איטלקית,1
2026-07-30T17:36:24,62,אף אוזן גרון,שילת,language,אנגלית,9
2026-07-30T17:36:24,62,אף אוזן גרון,שילת,language,עברית,14
2026-07-30T17:36:24,62,אף אוזן גרון,שילת,language,ערבית,2
2026-07-30T17:36:24,62,אף אוזן גרון,שילת,language,צרפתית,1
2026-07-30T17:36:24,62,אף אוזן גרון,שילת,language,רוסית,4
2026-07-30T17:36:33,62,אף אוזן גרון,שמעה,gender,גבר,50
2026-07-30T17:36:33,62,אף אוזן גרון,שמעה,gender,אישה,7
2026-07-30T17:36:33,62,אף אוזן גרון,שמעה,visit_type,ביקור במרפאה,63
2026-07-30T17:36:33,62,אף אוזן גרון,שמעה,language,אוקראינית,1
2026-07-30T17:36:33,62,אף אוזן גרון,שמעה,language,אידיש,3
2026-07-30T17:36:33,62,אף אוזן גרון,שמעה,language,אנגלית,3
2026-07-30T17:36:33,62,אף אוזן גרון,שמעה,language,הונגרית,1
2026-07-30T17:36:33,62,אף אוזן גרון,שמעה,language,ספרדית,3
2026-07-30T17:36:33,62,אף אוזן גרון,שמעה,language,עברית,11
2026-07-30T17:36:33,62,אף אוזן גרון,שמעה,language,ערבית,5
2026-07-30T17:36:33,62,אף אוזן גרון,שמעה,language,צכית,1
2026-07-30T17:36:33,62,אף אוזן גרון,שמעה,language,רוסית,1
2026-07-30T17:36:47,62,אף אוזן גרון,שער העמקים,gender,גבר,66
2026-07-30T17:36:47,62,אף אוזן גרון,שער העמקים,gender,אישה,13
2026-07-30T17:36:47,62,אף אוזן גרון,שער העמקים,visit_type,ביקור במרפאה,82
2026-07-30T17:36:47,62,אף אוזן גרון,שער העמקים,visit_type,שיחת טלפון,4
2026-07-30T17:36:47,62,אף אוזן גרון,שער העמקים,language,איטלקית,1
2026-07-30T17:36:47,62,אף אוזן גרון,שער העמקים,language,אנגלית,24
2026-07-30T17:36:47,62,אף אוזן גרון,שער העמקים,language,גרמנית,4
2026-07-30T17:36:47,62,אף אוזן גרון,שער העמקים,language,הונגרית,1
2026-07-30T17:36:47,62,אף אוזן גרון,שער העמקים,language,ספרדית,1
2026-07-30T17:36:47,62,אף אוזן גרון,שער העמקים,language,עברית,39
2026-07-30T17:36:47,62,אף אוזן גרון,שער העמקים,language,ערבית,18
2026-07-30T17:36:47,62,אף אוזן גרון,שער העמקים,language,רוסית,11
2026-07-30T17:36:59,62,אף אוזן גרון,שריגים,gender,גבר,36
2026-07-30T17:36:59,62,אף אוזן גרון,שריגים,gender,אישה,4
2026-07-30T17:36:59,62,אף אוזן גרון,שריגים,visit_type,ביקור במרפאה,41
2026-07-30T17:36:59,62,אף אוזן גרון,שריגים,language,אידיש,4
2026-07-30T17:36:59,62,אף אוזן גרון,שריגים,language,איטלקית,1
2026-07-30T17:36:59,62,אף אוזן גרון,שריגים,language,אנגלית,10
2026-07-30T17:36:59,62,אף אוזן גרון,שריגים,language,עברית,10
2026-07-30T17:36:59,62,אף אוזן גרון,שריגים,language,ערבית,4
2026-07-30T17:36:59,62,אף אוזן גרון,שריגים,language,רוסית,4
2026-07-30T17:37:05,62,אף אוזן גרון,תורמוס עייא,gender,גבר,36
2026-07-30T17:37:05,62,אף אוזן גרון,תורמוס עייא,gender,אישה,4
2026-07-30T17:37:05,62,אף אוזן גרון,תורמוס עייא,visit_type,ביקור במרפאה,41
2026-07-30T17:37:05,62,אף אוזן גרון,תורמוס עייא,language,אידיש,4
2026-07-30T17:37:05,62,אף אוזן גרון,תורמוס עייא,language,איטלקית,1
2026-07-30T17:37:05,62,אף אוזן גרון,תורמוס עייא,language,אנגלית,10
2026-07-30T17:37:05,62,אף אוזן גרון,תורמוס עייא,language,עברית,10
2026-07-30T17:37:05,62,אף אוזן גרון,תורמוס עייא,language,ערבית,4
2026-07-30T17:37:05,62,אף אוזן גרון,תורמוס עייא,language,רוסית,4
2026-07-30T17:37:13,62,אף אוזן גרון,תל יוסף,gender,גבר,86
2026-07-30T17:37:13,62,אף אוזן גרון,תל יוסף,gender,אישה,8
2026-07-30T17:37:13,62,אף אוזן גרון,תל יוסף,visit_type,ביקור במרפאה,95
2026-07-30T17:37:13,62,אף אוזן גרון,תל יוסף,language,אנגלית,17
2026-07-30T17:37:13,62,אף אוזן גרון,תל יוסף,language,ספרדית,1
2026-07-30T17:37:13,62,אף אוזן גרון,תל יוסף,language,עברית,23
2026-07-30T17:37:13,62,אף אוזן גרון,תל יוסף,language,ערבית,19
2026-07-30T17:37:13,62,אף אוזן גרון,תל יוסף,language,רוסית,5
2026-07-30T17:37:27,62,אף אוזן גרון,תעשיון השרון,gender,גבר,26
2026-07-30T17:37:27,62,אף אוזן גרון,תעשיון השרון,gender,אישה,10
2026-07-30T17:37:27,62,אף אוזן גרון,תעשיון השרון,visit_type,ביקור במרפאה,38
2026-07-30T17:37:27,62,אף אוזן גרון,תעשיון השרון,visit_type,שיחת טלפון,1
2026-07-30T17:37:27,62,אף אוזן גרון,תעשיון השרון,language,אנגלית,14
2026-07-30T17:37:27,62,אף אוזן גרון,תעשיון השרון,language,ספרדית,2
2026-07-30T17:37:27,62,אף אוזן גרון,תעשיון השרון,language,עברית,37
2026-07-30T17:37:27,62,אף אוזן גרון,תעשיון השרון,language,ערבית,2
2026-07-30T17:37:27,62,אף אוזן גרון,תעשיון השרון,language,רוסית,9
2026-07-30T17:37:33,62,אף אוזן גרון,תקוע,gender,גבר,36
2026-07-30T17:37:33,62,אף אוזן גרון,תקוע,gender,אישה,4
2026-07-30T17:37:33,62,אף אוזן גרון,תקוע,visit_type,ביקור במרפאה,41
2026-07-30T17:37:33,62,אף אוזן גרון,תקוע,language,אידיש,4
2026-07-30T17:37:33,62,אף אוזן גרון,תקוע,language,איטלקית,1
2026-07-30T17:37:33,62,אף אוזן גרון,תקוע,language,אנגלית,10
2026-07-30T17:37:33,62,אף אוזן גרון,תקוע,language,עברית,10
2026-07-30T17:37:33,62,אף אוזן גרון,תקוע,language,ערבית,4
2026-07-30T17:37:33,62,אף אוזן גרון,תקוע,language,רוסית,4
2026-07-30T17:37:42,63,נשים,א ריחייה,gender,גבר,68
2026-07-30T17:37:42,63,נשים,א ריחייה,gender,אישה,86
2026-07-30T17:37:42,63,נשים,א ריחייה,visit_type,ביקור במרפאה,156
2026-07-30T17:37:42,63,נשים,א ריחייה,visit_type,שיחת טלפון,1
2026-07-30T17:37:42,63,נשים,א ריחייה,language,אידיש,4
2026-07-30T17:37:42,63,נשים,א ריחייה,language,אנגלית,22
2026-07-30T17:37:42,63,נשים,א ריחייה,language,גרמנית,1
2026-07-30T17:37:42,63,נשים,א ריחייה,language,ליטאית,1
2026-07-30T17:37:42,63,נשים,א ריחייה,language,סינית,1
2026-07-30T17:37:42,63,נשים,א ריחייה,language,עברית,14
2026-07-30T17:37:42,63,נשים,א ריחייה,language,ערבית,4
2026-07-30T17:37:42,63,נשים,א ריחייה,language,רוסית,22
2026-07-30T17:38:02,63,נשים,אבו עמרה,gender,גבר,43
2026-07-30T17:38:02,63,נשים,אבו עמרה,gender,אישה,67
2026-07-30T17:38:02,63,נשים,אבו עמרה,visit_type,ביקור במרפאה,112
2026-07-30T17:38:02,63,נשים,אבו עמרה,language,אידיש,3
2026-07-30T17:38:02,63,נשים,אבו עמרה,language,אנגלית,21
2026-07-30T17:38:02,63,נשים,אבו עמרה,language,ליטאית,1
2026-07-30T17:38:02,63,נשים,אבו עמרה,language,סינית,1
2026-07-30T17:38:02,63,נשים,אבו עמרה,language,עברית,9
2026-07-30T17:38:02,63,נשים,אבו עמרה,language,ערבית,4
2026-07-30T17:38:02,63,נשים,אבו עמרה,language,רוסית,19
2026-07-30T17:38:20,63,נשים,אוהד,gender,גבר,47
2026-07-30T17:38:20,63,נשים,אוהד,gender,אישה,61
2026-07-30T17:38:20,63,נשים,אוהד,visit_type,ביקור במרפאה,108
2026-07-30T17:38:20,63,נשים,אוהד,visit_type,שיחת טלפון,1
2026-07-30T17:38:20,63,נשים,אוהד,language,אידיש,4
2026-07-30T17:38:20,63,נשים,אוהד,language,אנגלית,13
2026-07-30T17:38:20,63,נשים,אוהד,language,גרמנית,1
2026-07-30T17:38:20,63,נשים,אוהד,language,ליטאית,1
2026-07-30T17:38:20,63,נשים,אוהד,language,סינית,1
2026-07-30T17:38:20,63,נשים,אוהד,language,עברית,8
2026-07-30T17:38:20,63,נשים,אוהד,language,ערבית,3
2026-07-30T17:38:20,63,נשים,אוהד,language,רוסית,14
2026-07-30T17:38:36,63,נשים,אזור תעשייה אלון התבור,gender,גבר,29
2026-07-30T17:38:36,63,נשים,אזור תעשייה אלון התבור,gender,אישה,58
2026-07-30T17:38:36,63,נשים,אזור תעשייה אלון התבור,visit_type,ביקור במרפאה,87
2026-07-30T17:38:36,63,נשים,אזור תעשייה אלון התבור,language,אנגלית,9
2026-07-30T17:38:36,63,נשים,אזור תעשייה אלון התבור,language,עברית,13
2026-07-30T17:38:36,63,נשים,אזור תעשייה אלון התבור,language,ערבית,4
2026-07-30T17:38:36,63,נשים,אזור תעשייה אלון התבור,language,רוסית,3
2026-07-30T17:38:51,63,נשים,איבים,gender,גבר,47
2026-07-30T17:38:51,63,נשים,איבים,gender,אישה,61
2026-07-30T17:38:51,63,נשים,איבים,visit_type,ביקור במרפאה,108
2026-07-30T17:38:51,63,נשים,איבים,visit_type,שיחת טלפון,1
2026-07-30T17:38:51,63,נשים,איבים,language,אידיש,4
2026-07-30T17:38:51,63,נשים,איבים,language,אנגלית,13
2026-07-30T17:38:51,63,נשים,איבים,language,גרמנית,1
2026-07-30T17:38:51,63,נשים,איבים,language,ליטאית,1
2026-07-30T17:38:51,63,נשים,איבים,language,סינית,1
2026-07-30T17:38:51,63,נשים,איבים,language,עברית,8
2026-07-30T17:38:51,63,נשים,איבים,language,ערבית,3
2026-07-30T17:38:51,63,נשים,איבים,language,רוסית,14
2026-07-30T17:39:10,63,נשים,אכסאל,gender,גבר,48
2026-07-30T17:39:10,63,נשים,אכסאל,gender,אישה,127
2026-07-30T17:39:10,63,נשים,אכסאל,visit_type,ביקור במרפאה,176
2026-07-30T17:39:10,63,נשים,אכסאל,visit_type,שיחת טלפון,1
2026-07-30T17:39:10,63,נשים,אכסאל,language,איטלקית,1
2026-07-30T17:39:10,63,נשים,אכסאל,language,אנגלית,29
2026-07-30T17:39:10,63,נשים,אכסאל,language,הונגרית,1
2026-07-30T17:39:10,63,נשים,אכסאל,language,עברית,50
2026-07-30T17:39:10,63,נשים,אכסאל,language,ערבית,28
2026-07-30T17:39:10,63,נשים,אכסאל,language,רומנית,1
2026-07-30T17:39:10,63,נשים,אכסאל,language,רוסית,11
2026-07-30T17:39:31,63,נשים,אל עריאן,gender,גבר,47
2026-07-30T17:39:31,63,נשים,אל עריאן,gender,אישה,92
2026-07-30T17:39:31,63,נשים,אל עריאן,visit_type,ביקור במרפאה,142
2026-07-30T17:39:31,63,נשים,אל עריאן,visit_type,שיחת טלפון,2
2026-07-30T17:39:31,63,נשים,אל עריאן,language,אידיש,1
2026-07-30T17:39:31,63,נשים,אל עריאן,language,אנגלית,18
2026-07-30T17:39:31,63,נשים,אל עריאן,language,גרמנית,1
2026-07-30T17:39:31,63,נשים,אל עריאן,language,עברית,32
2026-07-30T17:39:31,63,נשים,אל עריאן,language,ערבית,8
2026-07-30T17:39:31,63,נשים,אל עריאן,language,צרפתית,2
2026-07-30T17:39:31,63,נשים,אל עריאן,language,רומנית,2
2026-07-30T17:39:31,63,נשים,אל עריאן,language,רוסית,11
2026-07-30T17:39:52,63,נשים,אפיק,gender,גבר,29
2026-07-30T17:39:52,63,נשים,אפיק,gender,אישה,58
2026-07-30T17:39:52,63,נשים,אפיק,visit_type,ביקור במרפאה,87
2026-07-30T17:39:52,63,נשים,אפיק,language,אנגלית,9
2026-07-30T17:39:52,63,נשים,אפיק,language,עברית,13
2026-07-30T17:39:52,63,נשים,אפיק,language,ערבית,4
2026-07-30T17:39:52,63,נשים,אפיק,language,רוסית,3
2026-07-30T17:40:06,63,נשים,אשבול,gender,גבר,68
2026-07-30T17:40:06,63,נשים,אשבול,gender,אישה,86
2026-07-30T17:40:06,63,נשים,אשבול,visit_type,ביקור במרפאה,156
2026-07-30T17:40:06,63,נשים,אשבול,visit_type,שיחת טלפון,1
2026-07-30T17:40:06,63,נשים,אשבול,language,אידיש,4
2026-07-30T17:40:06,63,נשים,אשבול,language,אנגלית,22
2026-07-30T17:40:06,63,נשים,אשבול,language,גרמנית,1
2026-07-30T17:40:06,63,נשים,אשבול,language,ליטאית,1
2026-07-30T17:40:06,63,נשים,אשבול,language,סינית,1
2026-07-30T17:40:06,63,נשים,אשבול,language,עברית,14
2026-07-30T17:40:06,63,נשים,אשבול,language,ערבית,4
2026-07-30T17:40:06,63,נשים,אשבול,language,רוסית,22
2026-07-30T17:40:27,63,נשים,באקה,gender,גבר,47
2026-07-30T17:40:27,63,נשים,באקה,gender,אישה,92
2026-07-30T17:40:27,63,נשים,באקה,visit_type,ביקור במרפאה,142
2026-07-30T17:40:27,63,נשים,באקה,visit_type,שיחת טלפון,2
2026-07-30T17:40:27,63,נשים,באקה,language,אידיש,1
2026-07-30T17:40:27,63,נשים,באקה,language,אנגלית,18
2026-07-30T17:40:27,63,נשים,באקה,language,גרמנית,1
2026-07-30T17:40:27,63,נשים,באקה,language,עברית,32
2026-07-30T17:40:27,63,נשים,באקה,language,ערבית,8
2026-07-30T17:40:27,63,נשים,באקה,language,צרפתית,2
2026-07-30T17:40:27,63,נשים,באקה,language,רומנית,2
2026-07-30T17:40:27,63,נשים,באקה,language,רוסית,11
2026-07-30T17:40:47,63,נשים,בודרוס,gender,גבר,10
2026-07-30T17:40:47,63,נשים,בודרוס,gender,אישה,15
2026-07-30T17:40:47,63,נשים,בודרוס,visit_type,ביקור במרפאה,29
2026-07-30T17:40:47,63,נשים,בודרוס,language,איטלקית,4
2026-07-30T17:40:47,63,נשים,בודרוס,language,אנגלית,12
2026-07-30T17:40:47,63,נשים,בודרוס,language,ספרדית,1
2026-07-30T17:40:47,63,נשים,בודרוס,language,עברית,24
2026-07-30T17:40:47,63,נשים,בודרוס,language,ערבית,1
2026-07-30T17:40:47,63,נשים,בודרוס,language,צרפתית,2
2026-07-30T17:40:47,63,נשים,בודרוס,language,רומנית,4
2026-07-30T17:40:47,63,נשים,בודרוס,language,רוסית,2
2026-07-30T17:40:54,63,נשים,בזאריה,gender,גבר,47
2026-07-30T17:40:54,63,נשים,בזאריה,gender,אישה,92
2026-07-30T17:40:54,63,נשים,בזאריה,visit_type,ביקור במרפאה,142
2026-07-30T17:40:54,63,נשים,בזאריה,visit_type,שיחת טלפון,2
2026-07-30T17:40:54,63,נשים,בזאריה,language,אידיש,1
2026-07-30T17:40:54,63,נשים,בזאריה,language,אנגלית,18
2026-07-30T17:40:54,63,נשים,בזאריה,language,גרמנית,1
2026-07-30T17:40:54,63,נשים,בזאריה,language,עברית,32
2026-07-30T17:40:54,63,נשים,בזאריה,language,ערבית,8
2026-07-30T17:40:54,63,נשים,בזאריה,language,צרפתית,2
2026-07-30T17:40:54,63,נשים,בזאריה,language,רומנית,2
2026-07-30T17:40:54,63,נשים,בזאריה,language,רוסית,11
2026-07-30T17:41:16,63,נשים,ביר אל מכסור,gender,אישה,136
2026-07-30T17:41:16,63,נשים,ביר אל מכסור,gender,גבר,48
2026-07-30T17:41:16,63,נשים,ביר אל מכסור,visit_type,ביקור במרפאה,185
2026-07-30T17:41:16,63,נשים,ביר אל מכסור,visit_type,שיחת טלפון,1
2026-07-30T17:41:16,63,נשים,ביר אל מכסור,language,אידיש,1
2026-07-30T17:41:16,63,נשים,ביר אל מכסור,language,איטלקית,3
2026-07-30T17:41:16,63,נשים,ביר אל מכסור,language,אנגלית,68
2026-07-30T17:41:16,63,נשים,ביר אל מכסור,language,הונגרית,3
2026-07-30T17:41:16,63,נשים,ביר אל מכסור,language,עברית,100
2026-07-30T17:41:16,63,נשים,ביר אל מכסור,language,ערבית,40
2026-07-30T17:41:16,63,נשים,ביר אל מכסור,language,צרפתית,5
2026-07-30T17:41:16,63,נשים,ביר אל מכסור,language,רומנית,5
2026-07-30T17:41:16,63,נשים,ביר אל מכסור,language,רוסית,27
2026-07-30T17:41:16,63,נשים,ביר אל מכסור,language,שוודית,1
2026-07-30T17:41:36,63,נשים,בני יהודה,gender,גבר,29
2026-07-30T17:41:36,63,נשים,בני יהודה,gender,אישה,58
2026-07-30T17:41:36,63,נשים,בני יהודה,visit_type,ביקור במרפאה,87
2026-07-30T17:41:36,63,נשים,בני יהודה,language,אנגלית,9
2026-07-30T17:41:36,63,נשים,בני יהודה,language,עברית,13
2026-07-30T17:41:36,63,נשים,בני יהודה,language,ערבית,4
2026-07-30T17:41:36,63,נשים,בני יהודה,language,רוסית,3
2026-07-30T17:41:49,63,נשים,בקוע,gender,גבר,40
2026-07-30T17:41:49,63,נשים,בקוע,gender,אישה,46
2026-07-30T17:41:49,63,נשים,בקוע,visit_type,ביקור במרפאה,88
2026-07-30T17:41:49,63,נשים,בקוע,language,אוקראינית,3
2026-07-30T17:41:49,63,נשים,בקוע,language,אידיש,1
2026-07-30T17:41:49,63,נשים,בקוע,language,איטלקית,2
2026-07-30T17:41:49,63,נשים,בקוע,language,אנגלית,21
2026-07-30T17:41:49,63,נשים,בקוע,language,הונגרית,1
2026-07-30T17:41:49,63,נשים,בקוע,language,ספרדית,1
2026-07-30T17:41:49,63,נשים,בקוע,language,עברית,29
2026-07-30T17:41:49,63,נשים,בקוע,language,צרפתית,1
2026-07-30T17:41:49,63,נשים,בקוע,language,רוסית,12
2026-07-30T17:42:02,63,נשים,ברכיה,gender,גבר,47
2026-07-30T17:42:02,63,נשים,ברכיה,gender,אישה,61
2026-07-30T17:42:02,63,נשים,ברכיה,visit_type,ביקור במרפאה,108
2026-07-30T17:42:02,63,נשים,ברכיה,visit_type,שיחת טלפון,1
2026-07-30T17:42:02,63,נשים,ברכיה,language,אידיש,4
2026-07-30T17:42:02,63,נשים,ברכיה,language,אנגלית,13
2026-07-30T17:42:02,63,נשים,ברכיה,language,גרמנית,1
2026-07-30T17:42:02,63,נשים,ברכיה,language,ליטאית,1
2026-07-30T17:42:02,63,נשים,ברכיה,language,סינית,1
2026-07-30T17:42:02,63,נשים,ברכיה,language,עברית,8
2026-07-30T17:42:02,63,נשים,ברכיה,language,ערבית,3
2026-07-30T17:42:02,63,נשים,ברכיה,language,רוסית,14
2026-07-30T17:42:18,63,נשים,ג'אניה,gender,גבר,47
2026-07-30T17:42:18,63,נשים,ג'אניה,gender,אישה,79
2026-07-30T17:42:18,63,נשים,ג'אניה,visit_type,ביקור במרפאה,131
2026-07-30T17:42:18,63,נשים,ג'אניה,visit_type,שיחת טלפון,16
2026-07-30T17:42:18,63,נשים,ג'אניה,visit_type,שיחת וידאו,1
2026-07-30T17:42:18,63,נשים,ג'אניה,language,אידיש,2
2026-07-30T17:42:18,63,נשים,ג'אניה,language,אנגלית,20
2026-07-30T17:42:18,63,נשים,ג'אניה,language,עברית,24
2026-07-30T17:42:18,63,נשים,ג'אניה,language,ערבית,3
2026-07-30T17:42:18,63,נשים,ג'אניה,language,צרפתית,2
2026-07-30T17:42:18,63,נשים,ג'אניה,language,רוסית,3
2026-07-30T17:42:40,63,נשים,גבע כרמל,gender,אישה,136
2026-07-30T17:42:40,63,נשים,גבע כרמל,gender,גבר,48
2026-07-30T17:42:40,63,נשים,גבע כרמל,visit_type,ביקור במרפאה,185
2026-07-30T17:42:40,63,נשים,גבע כרמל,visit_type,שיחת טלפון,1
2026-07-30T17:42:40,63,נשים,גבע כרמל,language,אידיש,1
2026-07-30T17:42:40,63,נשים,גבע כרמל,language,איטלקית,3
2026-07-30T17:42:40,63,נשים,גבע כרמל,language,אנגלית,68
2026-07-30T17:42:40,63,נשים,גבע כרמל,language,הונגרית,3
2026-07-30T17:42:40,63,נשים,גבע כרמל,language,עברית,100
2026-07-30T17:42:40,63,נשים,גבע כרמל,language,ערבית,40
2026-07-30T17:42:40,63,נשים,גבע כרמל,language,צרפתית,5
2026-07-30T17:42:40,63,נשים,גבע כרמל,language,רומנית,5
2026-07-30T17:42:40,63,נשים,גבע כרמל,language,רוסית,27
2026-07-30T17:42:40,63,נשים,גבע כרמל,language,שוודית,1
2026-07-30T17:42:59,63,נשים,גונן,gender,גבר,29
2026-07-30T17:42:59,63,נשים,גונן,gender,אישה,58
2026-07-30T17:42:59,63,נשים,גונן,visit_type,ביקור במרפאה,87
2026-07-30T17:42:59,63,נשים,גונן,language,אנגלית,9
2026-07-30T17:42:59,63,נשים,גונן,language,עברית,13
2026-07-30T17:42:59,63,נשים,גונן,language,ערבית,4
2026-07-30T17:42:59,63,נשים,גונן,language,רוסית,3
2026-07-30T17:43:12,63,נשים,גינוסר,gender,גבר,29
2026-07-30T17:43:12,63,נשים,גינוסר,gender,אישה,58
2026-07-30T17:43:12,63,נשים,גינוסר,visit_type,ביקור במרפאה,87
2026-07-30T17:43:12,63,נשים,גינוסר,language,אנגלית,9
2026-07-30T17:43:12,63,נשים,גינוסר,language,עברית,13
2026-07-30T17:43:12,63,נשים,גינוסר,language,ערבית,4
2026-07-30T17:43:12,63,נשים,גינוסר,language,רוסית,3
2026-07-30T17:43:26,63,נשים,גנות,gender,גבר,40
2026-07-30T17:43:26,63,נשים,גנות,gender,אישה,46
2026-07-30T17:43:26,63,נשים,גנות,visit_type,ביקור במרפאה,88
2026-07-30T17:43:26,63,נשים,גנות,language,אוקראינית,3
2026-07-30T17:43:26,63,נשים,גנות,language,אידיש,1
2026-07-30T17:43:26,63,נשים,גנות,language,איטלקית,2
2026-07-30T17:43:26,63,נשים,גנות,language,אנגלית,21
2026-07-30T17:43:26,63,נשים,גנות,language,הונגרית,1
2026-07-30T17:43:26,63,נשים,גנות,language,ספרדית,1
2026-07-30T17:43:26,63,נשים,גנות,language,עברית,29
2026-07-30T17:43:26,63,נשים,גנות,language,צרפתית,1
2026-07-30T17:43:26,63,נשים,גנות,language,רוסית,12
2026-07-30T17:43:40,63,נשים,גפן,gender,גבר,28
2026-07-30T17:43:40,63,נשים,גפן,gender,אישה,31
2026-07-30T17:43:40,63,נשים,גפן,visit_type,ביקור במרפאה,63
2026-07-30T17:43:40,63,נשים,גפן,language,אוקראינית,2
2026-07-30T17:43:40,63,נשים,גפן,language,איטלקית,1
2026-07-30T17:43:40,63,נשים,גפן,language,אנגלית,13
2026-07-30T17:43:40,63,נשים,גפן,language,גרוזינית,1
2026-07-30T17:43:40,63,נשים,גפן,language,הונגרית,1
2026-07-30T17:43:40,63,נשים,גפן,language,ספרדית,1
2026-07-30T17:43:40,63,נשים,גפן,language,עברית,20
2026-07-30T17:43:40,63,נשים,גפן,language,צרפתית,2
2026-07-30T17:43:40,63,נשים,גפן,language,רוסית,10
2026-07-30T17:43:51,63,נשים,דבירה,gender,גבר,68
2026-07-30T17:43:51,63,נשים,דבירה,gender,אישה,86
2026-07-30T17:43:51,63,נשים,דבירה,visit_type,ביקור במרפאה,156
2026-07-30T17:43:51,63,נשים,דבירה,visit_type,שיחת טלפון,1
2026-07-30T17:43:51,63,נשים,דבירה,language,אידיש,4
2026-07-30T17:43:51,63,נשים,דבירה,language,אנגלית,22
2026-07-30T17:43:51,63,נשים,דבירה,language,גרמנית,1
2026-07-30T17:43:51,63,נשים,דבירה,language,ליטאית,1
2026-07-30T17:43:51,63,נשים,דבירה,language,סינית,1
2026-07-30T17:43:51,63,נשים,דבירה,language,עברית,14
2026-07-30T17:43:51,63,נשים,דבירה,language,ערבית,4
2026-07-30T17:43:51,63,נשים,דבירה,language,רוסית,22
2026-07-30T17:44:13,63,נשים,דור,gender,אישה,136
2026-07-30T17:44:13,63,נשים,דור,gender,גבר,48
2026-07-30T17:44:13,63,נשים,דור,visit_type,ביקור במרפאה,185
2026-07-30T17:44:13,63,נשים,דור,visit_type,שיחת טלפון,1
2026-07-30T17:44:13,63,נשים,דור,language,אידיש,1
2026-07-30T17:44:13,63,נשים,דור,language,איטלקית,3
2026-07-30T17:44:13,63,נשים,דור,language,אנגלית,68
2026-07-30T17:44:13,63,נשים,דור,language,הונגרית,3
2026-07-30T17:44:13,63,נשים,דור,language,עברית,100
2026-07-30T17:44:13,63,נשים,דור,language,ערבית,40
2026-07-30T17:44:13,63,נשים,דור,language,צרפתית,5
2026-07-30T17:44:13,63,נשים,דור,language,רומנית,5
2026-07-30T17:44:13,63,נשים,דור,language,רוסית,27
2026-07-30T17:44:13,63,נשים,דור,language,שוודית,1
2026-07-30T17:44:34,63,נשים,דיר אבו דעיף,gender,גבר,47
2026-07-30T17:44:34,63,נשים,דיר אבו דעיף,gender,אישה,92
2026-07-30T17:44:34,63,נשים,דיר אבו דעיף,visit_type,ביקור במרפאה,142
2026-07-30T17:44:34,63,נשים,דיר אבו דעיף,visit_type,שיחת טלפון,2
2026-07-30T17:44:34,63,נשים,דיר אבו דעיף,language,אידיש,1
2026-07-30T17:44:34,63,נשים,דיר אבו דעיף,language,אנגלית,18
2026-07-30T17:44:34,63,נשים,דיר אבו דעיף,language,גרמנית,1
2026-07-30T17:44:34,63,נשים,דיר אבו דעיף,language,עברית,32
2026-07-30T17:44:34,63,נשים,דיר אבו דעיף,language,ערבית,8
2026-07-30T17:44:34,63,נשים,דיר אבו דעיף,language,צרפתית,2
2026-07-30T17:44:34,63,נשים,דיר אבו דעיף,language,רומנית,2
2026-07-30T17:44:34,63,נשים,דיר אבו דעיף,language,רוסית,11
2026-07-30T17:44:54,63,נשים,דקל,gender,גבר,47
2026-07-30T17:44:54,63,נשים,דקל,gender,אישה,61
2026-07-30T17:44:54,63,נשים,דקל,visit_type,ביקור במרפאה,108
2026-07-30T17:44:54,63,נשים,דקל,visit_type,שיחת טלפון,1
2026-07-30T17:44:54,63,נשים,דקל,language,אידיש,4
2026-07-30T17:44:54,63,נשים,דקל,language,אנגלית,13
2026-07-30T17:44:54,63,נשים,דקל,language,גרמנית,1
2026-07-30T17:44:54,63,נשים,דקל,language,ליטאית,1
2026-07-30T17:44:54,63,נשים,דקל,language,סינית,1
2026-07-30T17:44:54,63,נשים,דקל,language,עברית,8
2026-07-30T17:44:54,63,נשים,דקל,language,ערבית,3
2026-07-30T17:44:54,63,נשים,דקל,language,רוסית,14
2026-07-30T17:45:11,63,נשים,הוואשלה,gender,גבר,43
2026-07-30T17:45:11,63,נשים,הוואשלה,gender,אישה,67
2026-07-30T17:45:11,63,נשים,הוואשלה,visit_type,ביקור במרפאה,112
2026-07-30T17:45:11,63,נשים,הוואשלה,language,אידיש,3
2026-07-30T17:45:11,63,נשים,הוואשלה,language,אנגלית,21
2026-07-30T17:45:11,63,נשים,הוואשלה,language,ליטאית,1
2026-07-30T17:45:11,63,נשים,הוואשלה,language,סינית,1
2026-07-30T17:45:11,63,נשים,הוואשלה,language,עברית,9
2026-07-30T17:45:11,63,נשים,הוואשלה,language,ערבית,4
2026-07-30T17:45:11,63,נשים,הוואשלה,language,רוסית,19
2026-07-30T17:45:29,63,נשים,הסוללים,gender,גבר,29
2026-07-30T17:45:29,63,נשים,הסוללים,gender,אישה,58
2026-07-30T17:45:29,63,נשים,הסוללים,visit_type,ביקור במרפאה,87
2026-07-30T17:45:29,63,נשים,הסוללים,language,אנגלית,9
2026-07-30T17:45:29,63,נשים,הסוללים,language,עברית,13
2026-07-30T17:45:29,63,נשים,הסוללים,language,ערבית,4
2026-07-30T17:45:29,63,נשים,הסוללים,language,רוסית,3
2026-07-30T17:45:41,63,נשים,ורד יריחו,gender,גבר,47
2026-07-30T17:45:41,63,נשים,ורד יריחו,gender,אישה,79
2026-07-30T17:45:41,63,נשים,ורד יריחו,visit_type,ביקור במרפאה,131
2026-07-30T17:45:41,63,נשים,ורד יריחו,visit_type,שיחת טלפון,16
2026-07-30T17:45:41,63,נשים,ורד יריחו,visit_type,שיחת וידאו,1
2026-07-30T17:45:41,63,נשים,ורד יריחו,language,אידיש,2
2026-07-30T17:45:41,63,נשים,ורד יריחו,language,אנגלית,20
2026-07-30T17:45:41,63,נשים,ורד יריחו,language,עברית,24
2026-07-30T17:45:41,63,נשים,ורד יריחו,language,ערבית,3
2026-07-30T17:45:41,63,נשים,ורד יריחו,language,צרפתית,2
2026-07-30T17:45:41,63,נשים,ורד יריחו,language,רוסית,3
2026-07-30T17:46:01,63,נשים,זיבדה,gender,גבר,47
2026-07-30T17:46:01,63,נשים,זיבדה,gender,אישה,92
2026-07-30T17:46:01,63,נשים,זיבדה,visit_type,ביקור במרפאה,142
2026-07-30T17:46:01,63,נשים,זיבדה,visit_type,שיחת טלפון,2
2026-07-30T17:46:01,63,נשים,זיבדה,language,אידיש,1
2026-07-30T17:46:01,63,נשים,זיבדה,language,אנגלית,18
2026-07-30T17:46:01,63,נשים,זיבדה,language,גרמנית,1
2026-07-30T17:46:01,63,נשים,זיבדה,language,עברית,32
2026-07-30T17:46:01,63,נשים,זיבדה,language,ערבית,8
2026-07-30T17:46:01,63,נשים,זיבדה,language,צרפתית,2
2026-07-30T17:46:01,63,נשים,זיבדה,language,רומנית,2
2026-07-30T17:46:01,63,נשים,זיבדה,language,רוסית,11
2026-07-30T17:46:21,63,נשים,זעתרה,gender,גבר,47
2026-07-30T17:46:21,63,נשים,זעתרה,gender,אישה,79
2026-07-30T17:46:21,63,נשים,זעתרה,visit_type,ביקור במרפאה,131
2026-07-30T17:46:21,63,נשים,זעתרה,visit_type,שיחת טלפון,16
2026-07-30T17:46:21,63,נשים,זעתרה,visit_type,שיחת וידאו,1
2026-07-30T17:46:21,63,נשים,זעתרה,language,אידיש,2
2026-07-30T17:46:21,63,נשים,זעתרה,language,אנגלית,20
2026-07-30T17:46:21,63,נשים,זעתרה,language,עברית,24
2026-07-30T17:46:21,63,נשים,זעתרה,language,ערבית,3
2026-07-30T17:46:21,63,נשים,זעתרה,language,צרפתית,2
2026-07-30T17:46:21,63,נשים,זעתרה,language,רוסית,3
2026-07-30T17:46:40,63,נשים,חברון,gender,גבר,47
2026-07-30T17:46:40,63,נשים,חברון,gender,אישה,79
2026-07-30T17:46:40,63,נשים,חברון,visit_type,ביקור במרפאה,131
2026-07-30T17:46:40,63,נשים,חברון,visit_type,שיחת טלפון,16
2026-07-30T17:46:40,63,נשים,חברון,visit_type,שיחת וידאו,1
2026-07-30T17:46:40,63,נשים,חברון,language,אידיש,2
2026-07-30T17:46:40,63,נשים,חברון,language,אנגלית,20
2026-07-30T17:46:40,63,נשים,חברון,language,עברית,24
2026-07-30T17:46:40,63,נשים,חברון,language,ערבית,3
2026-07-30T17:46:40,63,נשים,חברון,language,צרפתית,2
2026-07-30T17:46:40,63,נשים,חברון,language,רוסית,3
2026-07-30T17:46:59,63,נשים,חולון,gender,גבר,48
2026-07-30T17:46:59,63,נשים,חולון,gender,אישה,50
2026-07-30T17:46:59,63,נשים,חולון,visit_type,ביקור במרפאה,99
2026-07-30T17:46:59,63,נשים,חולון,language,אוקראינית,2
2026-07-30T17:46:59,63,נשים,חולון,language,איטלקית,2
2026-07-30T17:46:59,63,נשים,חולון,language,אנגלית,28
2026-07-30T17:46:59,63,נשים,חולון,language,גרמנית,1
2026-07-30T17:46:59,63,נשים,חולון,language,ספרדית,3
2026-07-30T17:46:59,63,נשים,חולון,language,עברית,46
2026-07-30T17:46:59,63,נשים,חולון,language,ערבית,1
2026-07-30T17:46:59,63,נשים,חולון,language,צרפתית,1
2026-07-30T17:46:59,63,נשים,חולון,language,רוסית,11
2026-07-30T17:47:13,63,נשים,חיזמא,gender,גבר,47
2026-07-30T17:47:13,63,נשים,חיזמא,gender,אישה,79
2026-07-30T17:47:13,63,נשים,חיזמא,visit_type,ביקור במרפאה,131
2026-07-30T17:47:13,63,נשים,חיזמא,visit_type,שיחת טלפון,16
2026-07-30T17:47:13,63,נשים,חיזמא,visit_type,שיחת וידאו,1
2026-07-30T17:47:13,63,נשים,חיזמא,language,אידיש,2
2026-07-30T17:47:13,63,נשים,חיזמא,language,אנגלית,20
2026-07-30T17:47:13,63,נשים,חיזמא,language,עברית,24
2026-07-30T17:47:13,63,נשים,חיזמא,language,ערבית,3
2026-07-30T17:47:13,63,נשים,חיזמא,language,צרפתית,2
2026-07-30T17:47:13,63,נשים,חיזמא,language,רוסית,3
2026-07-30T17:47:31,63,נשים,חמרה,gender,גבר,47
2026-07-30T17:47:31,63,נשים,חמרה,gender,אישה,79
2026-07-30T17:47:31,63,נשים,חמרה,visit_type,ביקור במרפאה,131
2026-07-30T17:47:31,63,נשים,חמרה,visit_type,שיחת טלפון,16
2026-07-30T17:47:31,63,נשים,חמרה,visit_type,שיחת וידאו,1
2026-07-30T17:47:31,63,נשים,חמרה,language,אידיש,2
2026-07-30T17:47:31,63,נשים,חמרה,language,אנגלית,20
2026-07-30T17:47:31,63,נשים,חמרה,language,עברית,24
2026-07-30T17:47:31,63,נשים,חמרה,language,ערבית,3
2026-07-30T17:47:31,63,נשים,חמרה,language,צרפתית,2
2026-07-30T17:47:31,63,נשים,חמרה,language,רוסית,3
2026-07-30T17:47:51,63,נשים,חצור הגלילית,gender,גבר,29
2026-07-30T17:47:51,63,נשים,חצור הגלילית,gender,אישה,58
2026-07-30T17:47:51,63,נשים,חצור הגלילית,visit_type,ביקור במרפאה,87
2026-07-30T17:47:51,63,נשים,חצור הגלילית,language,אנגלית,9
2026-07-30T17:47:51,63,נשים,חצור הגלילית,language,עברית,13
2026-07-30T17:47:51,63,נשים,חצור הגלילית,language,ערבית,4
2026-07-30T17:47:51,63,נשים,חצור הגלילית,language,רוסית,3
2026-07-30T17:48:05,63,נשים,טובא זנגריה,gender,אישה,58
2026-07-30T17:48:05,63,נשים,טובא זנגריה,gender,גבר,29
2026-07-30T17:48:05,63,נשים,טובא זנגריה,visit_type,ביקור במרפאה,87
2026-07-30T17:48:05,63,נשים,טובא זנגריה,language,אנגלית,9
2026-07-30T17:48:05,63,נשים,טובא זנגריה,language,עברית,13
2026-07-30T17:48:05,63,נשים,טובא זנגריה,language,ערבית,4
2026-07-30T17:48:05,63,נשים,טובא זנגריה,language,רוסית,3
2026-07-30T17:48:20,63,נשים,טירת כרמל,gender,אישה,136
2026-07-30T17:48:20,63,נשים,טירת כרמל,gender,גבר,48
2026-07-30T17:48:20,63,נשים,טירת כרמל,visit_type,ביקור במרפאה,185
2026-07-30T17:48:20,63,נשים,טירת כרמל,visit_type,שיחת טלפון,1
2026-07-30T17:48:20,63,נשים,טירת כרמל,language,אידיש,1
2026-07-30T17:48:20,63,נשים,טירת כרמל,language,איטלקית,3
2026-07-30T17:48:20,63,נשים,טירת כרמל,language,אנגלית,68
2026-07-30T17:48:20,63,נשים,טירת כרמל,language,הונגרית,3
2026-07-30T17:48:20,63,נשים,טירת כרמל,language,עברית,100
2026-07-30T17:48:20,63,נשים,טירת כרמל,language,ערבית,40
2026-07-30T17:48:20,63,נשים,טירת כרמל,language,צרפתית,5
2026-07-30T17:48:20,63,נשים,טירת כרמל,language,רומנית,5
2026-07-30T17:48:20,63,נשים,טירת כרמל,language,רוסית,27
2026-07-30T17:48:20,63,נשים,טירת כרמל,language,שוודית,1
2026-07-30T17:48:41,63,נשים,טנא,gender,גבר,68
2026-07-30T17:48:41,63,נשים,טנא,gender,אישה,86
2026-07-30T17:48:41,63,נשים,טנא,visit_type,ביקור במרפאה,156
2026-07-30T17:48:41,63,נשים,טנא,visit_type,שיחת טלפון,1
2026-07-30T17:48:41,63,נשים,טנא,language,אידיש,4
2026-07-30T17:48:41,63,נשים,טנא,language,אנגלית,22
2026-07-30T17:48:41,63,נשים,טנא,language,גרמנית,1
2026-07-30T17:48:41,63,נשים,טנא,language,ליטאית,1
2026-07-30T17:48:41,63,נשים,טנא,language,סינית,1
2026-07-30T17:48:41,63,נשים,טנא,language,עברית,14
2026-07-30T17:48:41,63,נשים,טנא,language,ערבית,4
2026-07-30T17:48:41,63,נשים,טנא,language,רוסית,22
2026-07-30T17:49:02,63,נשים,יבנה,gender,גבר,28
2026-07-30T17:49:02,63,נשים,יבנה,gender,אישה,31
2026-07-30T17:49:02,63,נשים,יבנה,visit_type,ביקור במרפאה,63
2026-07-30T17:49:02,63,נשים,יבנה,language,אוקראינית,2
2026-07-30T17:49:02,63,נשים,יבנה,language,איטלקית,1
2026-07-30T17:49:02,63,נשים,יבנה,language,אנגלית,13
2026-07-30T17:49:02,63,נשים,יבנה,language,גרוזינית,1
2026-07-30T17:49:02,63,נשים,יבנה,language,הונגרית,1
2026-07-30T17:49:02,63,נשים,יבנה,language,ספרדית,1
2026-07-30T17:49:02,63,נשים,יבנה,language,עברית,20
2026-07-30T17:49:02,63,נשים,יבנה,language,צרפתית,2
2026-07-30T17:49:02,63,נשים,יבנה,language,רוסית,10
2026-07-30T17:49:12,63,נשים,ידידה,gender,גבר,47
2026-07-30T17:49:12,63,נשים,ידידה,gender,אישה,79
2026-07-30T17:49:12,63,נשים,ידידה,visit_type,ביקור במרפאה,131
2026-07-30T17:49:12,63,נשים,ידידה,visit_type,שיחת טלפון,16
2026-07-30T17:49:12,63,נשים,ידידה,visit_type,שיחת וידאו,1
2026-07-30T17:49:12,63,נשים,ידידה,language,אידיש,2
2026-07-30T17:49:12,63,נשים,ידידה,language,אנגלית,20
2026-07-30T17:49:12,63,נשים,ידידה,language,עברית,24
2026-07-30T17:49:12,63,נשים,ידידה,language,ערבית,3
2026-07-30T17:49:12,63,נשים,ידידה,language,צרפתית,2
2026-07-30T17:49:12,63,נשים,ידידה,language,רוסית,3
2026-07-30T17:49:32,63,נשים,יטא יוטה,gender,גבר,68
2026-07-30T17:49:32,63,נשים,יטא יוטה,gender,אישה,86
2026-07-30T17:49:32,63,נשים,יטא יוטה,visit_type,ביקור במרפאה,156
2026-07-30T17:49:32,63,נשים,יטא יוטה,visit_type,שיחת טלפון,1
2026-07-30T17:49:32,63,נשים,יטא יוטה,language,אידיש,4
2026-07-30T17:49:32,63,נשים,יטא יוטה,language,אנגלית,22
2026-07-30T17:49:32,63,נשים,יטא יוטה,language,גרמנית,1
2026-07-30T17:49:32,63,נשים,יטא יוטה,language,ליטאית,1
2026-07-30T17:49:32,63,נשים,יטא יוטה,language,סינית,1
2026-07-30T17:49:32,63,נשים,יטא יוטה,language,עברית,14
2026-07-30T17:49:32,63,נשים,יטא יוטה,language,ערבית,4
2026-07-30T17:49:32,63,נשים,יטא יוטה,language,רוסית,22
2026-07-30T17:49:53,63,נשים,יעד,gender,גבר,37
2026-07-30T17:49:53,63,נשים,יעד,gender,אישה,82
2026-07-30T17:49:53,63,נשים,יעד,visit_type,ביקור במרפאה,120
2026-07-30T17:49:53,63,נשים,יעד,visit_type,שיחת טלפון,2
2026-07-30T17:49:53,63,נשים,יעד,language,אידיש,1
2026-07-30T17:49:53,63,נשים,יעד,language,איטלקית,4
2026-07-30T17:49:53,63,נשים,יעד,language,אנגלית,75
2026-07-30T17:49:53,63,נשים,יעד,language,ספרדית,1
2026-07-30T17:49:53,63,נשים,יעד,language,עברית,115
2026-07-30T17:49:53,63,נשים,יעד,language,ערבית,74
2026-07-30T17:49:53,63,נשים,יעד,language,צרפתית,2
2026-07-30T17:49:53,63,נשים,יעד,language,רומנית,6
2026-07-30T17:49:53,63,נשים,יעד,language,רוסית,24
2026-07-30T17:49:53,63,נשים,יעד,language,שוודית,1
2026-07-30T17:50:12,63,נשים,יקום,gender,גבר,47
2026-07-30T17:50:12,63,נשים,יקום,gender,אישה,92
2026-07-30T17:50:12,63,נשים,יקום,visit_type,ביקור במרפאה,142
2026-07-30T17:50:12,63,נשים,יקום,visit_type,שיחת טלפון,2
2026-07-30T17:50:12,63,נשים,יקום,language,אידיש,1
2026-07-30T17:50:12,63,נשים,יקום,language,אנגלית,18
2026-07-30T17:50:12,63,נשים,יקום,language,גרמנית,1
2026-07-30T17:50:12,63,נשים,יקום,language,עברית,32
2026-07-30T17:50:12,63,נשים,יקום,language,ערבית,8
2026-07-30T17:50:12,63,נשים,יקום,language,צרפתית,2
2026-07-30T17:50:12,63,נשים,יקום,language,רומנית,2
2026-07-30T17:50:12,63,נשים,יקום,language,רוסית,11
2026-07-30T17:50:33,63,נשים,ירכא,gender,גבר,23
2026-07-30T17:50:33,63,נשים,ירכא,gender,אישה,64
2026-07-30T17:50:33,63,נשים,ירכא,visit_type,ביקור במרפאה,88
2026-07-30T17:50:33,63,נשים,ירכא,visit_type,שיחת טלפון,2
2026-07-30T17:50:33,63,נשים,ירכא,language,איטלקית,4
2026-07-30T17:50:33,63,נשים,ירכא,language,אנגלית,56
2026-07-30T17:50:33,63,נשים,ירכא,language,ספרדית,1
2026-07-30T17:50:33,63,נשים,ירכא,language,עברית,85
2026-07-30T17:50:33,63,נשים,ירכא,language,ערבית,64
2026-07-30T17:50:33,63,נשים,ירכא,language,רומנית,4
2026-07-30T17:50:33,63,נשים,ירכא,language,רוסית,15
2026-07-30T17:50:48,63,נשים,כברי,gender,גבר,23
2026-07-30T17:50:48,63,נשים,כברי,gender,אישה,64
2026-07-30T17:50:48,63,נשים,כברי,visit_type,ביקור במרפאה,88
2026-07-30T17:50:48,63,נשים,כברי,visit_type,שיחת טלפון,2
2026-07-30T17:50:48,63,נשים,כברי,language,איטלקית,4
2026-07-30T17:50:48,63,נשים,כברי,language,אנגלית,56
2026-07-30T17:50:48,63,נשים,כברי,language,ספרדית,1
2026-07-30T17:50:48,63,נשים,כברי,language,עברית,85
2026-07-30T17:50:48,63,נשים,כברי,language,ערבית,64
2026-07-30T17:50:48,63,נשים,כברי,language,רומנית,4
2026-07-30T17:50:48,63,נשים,כברי,language,רוסית,15
2026-07-30T17:51:02,63,נשים,כור,gender,גבר,47
2026-07-30T17:51:02,63,נשים,כור,gender,אישה,92
2026-07-30T17:51:02,63,נשים,כור,visit_type,ביקור במרפאה,142
2026-07-30T17:51:02,63,נשים,כור,visit_type,שיחת טלפון,2
2026-07-30T17:51:02,63,נשים,כור,language,אידיש,1
2026-07-30T17:51:02,63,נשים,כור,language,אנגלית,18
2026-07-30T17:51:02,63,נשים,כור,language,גרמנית,1
2026-07-30T17:51:02,63,נשים,כור,language,עברית,32
2026-07-30T17:51:02,63,נשים,כור,language,ערבית,8
2026-07-30T17:51:02,63,נשים,כור,language,צרפתית,2
2026-07-30T17:51:02,63,נשים,כור,language,רומנית,2
2026-07-30T17:51:02,63,נשים,כור,language,רוסית,11
2026-07-30T17:51:22,63,נשים,כלנית,gender,גבר,29
2026-07-30T17:51:22,63,נשים,כלנית,gender,אישה,58
2026-07-30T17:51:22,63,נשים,כלנית,visit_type,ביקור במרפאה,87
2026-07-30T17:51:22,63,נשים,כלנית,language,אנגלית,9
2026-07-30T17:51:22,63,נשים,כלנית,language,עברית,13
2026-07-30T17:51:22,63,נשים,כלנית,language,ערבית,4
2026-07-30T17:51:22,63,נשים,כלנית,language,רוסית,3
2026-07-30T17:51:35,63,נשים,כפר א דיכ,gender,גבר,10
2026-07-30T17:51:35,63,נשים,כפר א דיכ,gender,אישה,15
2026-07-30T17:51:35,63,נשים,כפר א דיכ,visit_type,ביקור במרפאה,29
2026-07-30T17:51:35,63,נשים,כפר א דיכ,language,איטלקית,4
2026-07-30T17:51:35,63,נשים,כפר א דיכ,language,אנגלית,12
2026-07-30T17:51:35,63,נשים,כפר א דיכ,language,ספרדית,1
2026-07-30T17:51:35,63,נשים,כפר א דיכ,language,עברית,24
2026-07-30T17:51:35,63,נשים,כפר א דיכ,language,ערבית,1
2026-07-30T17:51:35,63,נשים,כפר א דיכ,language,צרפתית,2
2026-07-30T17:51:35,63,נשים,כפר א דיכ,language,רומנית,4
2026-07-30T17:51:35,63,נשים,כפר א דיכ,language,רוסית,2
2026-07-30T17:51:41,63,נשים,כרזה,gender,גבר,68
2026-07-30T17:51:41,63,נשים,כרזה,gender,אישה,86
2026-07-30T17:51:41,63,נשים,כרזה,visit_type,ביקור במרפאה,156
2026-07-30T17:51:41,63,נשים,כרזה,visit_type,שיחת טלפון,1
2026-07-30T17:51:41,63,נשים,כרזה,language,אידיש,4
2026-07-30T17:51:41,63,נשים,כרזה,language,אנגלית,22
2026-07-30T17:51:41,63,נשים,כרזה,language,גרמנית,1
2026-07-30T17:51:41,63,נשים,כרזה,language,ליטאית,1
2026-07-30T17:51:41,63,נשים,כרזה,language,סינית,1
2026-07-30T17:51:41,63,נשים,כרזה,language,עברית,14
2026-07-30T17:51:41,63,נשים,כרזה,language,ערבית,4
2026-07-30T17:51:41,63,נשים,כרזה,language,רוסית,22
2026-07-30T17:52:02,63,נשים,לא מוכר-דרום,gender,גבר,68
2026-07-30T17:52:02,63,נשים,לא מוכר-דרום,gender,אישה,86
2026-07-30T17:52:02,63,נשים,לא מוכר-דרום,visit_type,ביקור במרפאה,156
2026-07-30T17:52:02,63,נשים,לא מוכר-דרום,visit_type,שיחת טלפון,1
2026-07-30T17:52:02,63,נשים,לא מוכר-דרום,language,אידיש,4
2026-07-30T17:52:02,63,נשים,לא מוכר-דרום,language,אנגלית,22
2026-07-30T17:52:02,63,נשים,לא מוכר-דרום,language,גרמנית,1
2026-07-30T17:52:02,63,נשים,לא מוכר-דרום,language,ליטאית,1
2026-07-30T17:52:02,63,נשים,לא מוכר-דרום,language,סינית,1
2026-07-30T17:52:02,63,נשים,לא מוכר-דרום,language,עברית,14
2026-07-30T17:52:02,63,נשים,לא מוכר-דרום,language,ערבית,4
2026-07-30T17:52:02,63,נשים,לא מוכר-דרום,language,רוסית,22
2026-07-30T17:52:23,63,נשים,לוד,gender,גבר,40
2026-07-30T17:52:23,63,נשים,לוד,gender,אישה,46
2026-07-30T17:52:23,63,נשים,לוד,visit_type,ביקור במרפאה,88
2026-07-30T17:52:23,63,נשים,לוד,language,אוקראינית,3
2026-07-30T17:52:23,63,נשים,לוד,language,אידיש,1
2026-07-30T17:52:23,63,נשים,לוד,language,איטלקית,2
2026-07-30T17:52:23,63,נשים,לוד,language,אנגלית,21
2026-07-30T17:52:23,63,נשים,לוד,language,הונגרית,1
2026-07-30T17:52:23,63,נשים,לוד,language,ספרדית,1
2026-07-30T17:52:23,63,נשים,לוד,language,עברית,29
2026-07-30T17:52:23,63,נשים,לוד,language,צרפתית,1
2026-07-30T17:52:23,63,נשים,לוד,language,רוסית,12
2026-07-30T17:52:39,63,נשים,מאור,gender,אישה,138
2026-07-30T17:52:39,63,נשים,מאור,gender,גבר,62
2026-07-30T17:52:39,63,נשים,מאור,visit_type,ביקור במרפאה,203
2026-07-30T17:52:39,63,נשים,מאור,visit_type,שיחת טלפון,2
2026-07-30T17:52:39,63,נשים,מאור,language,אידיש,1
2026-07-30T17:52:39,63,נשים,מאור,language,איטלקית,1
2026-07-30T17:52:39,63,נשים,מאור,language,אנגלית,38
2026-07-30T17:52:39,63,נשים,מאור,language,גרמנית,1
2026-07-30T17:52:39,63,נשים,מאור,language,הונגרית,1
2026-07-30T17:52:39,63,נשים,מאור,language,עברית,63
2026-07-30T17:52:39,63,נשים,מאור,language,ערבית,28
2026-07-30T17:52:39,63,נשים,מאור,language,צרפתית,2
2026-07-30T17:52:39,63,נשים,מאור,language,רומנית,3
2026-07-30T17:52:39,63,נשים,מאור,language,רוסית,15
2026-07-30T17:53:00,63,נשים,מבטחים,gender,גבר,68
2026-07-30T17:53:00,63,נשים,מבטחים,gender,אישה,86
2026-07-30T17:53:00,63,נשים,מבטחים,visit_type,ביקור במרפאה,156
2026-07-30T17:53:00,63,נשים,מבטחים,visit_type,שיחת טלפון,1
2026-07-30T17:53:00,63,נשים,מבטחים,language,אידיש,4
2026-07-30T17:53:00,63,נשים,מבטחים,language,אנגלית,22
2026-07-30T17:53:00,63,נשים,מבטחים,language,גרמנית,1
2026-07-30T17:53:00,63,נשים,מבטחים,language,ליטאית,1
2026-07-30T17:53:00,63,נשים,מבטחים,language,סינית,1
2026-07-30T17:53:00,63,נשים,מבטחים,language,עברית,14
2026-07-30T17:53:00,63,נשים,מבטחים,language,ערבית,4
2026-07-30T17:53:00,63,נשים,מבטחים,language,רוסית,22
2026-07-30T17:53:20,63,נשים,מגדל עוז,gender,גבר,47
2026-07-30T17:53:20,63,נשים,מגדל עוז,gender,אישה,79
2026-07-30T17:53:20,63,נשים,מגדל עוז,visit_type,ביקור במרפאה,131
2026-07-30T17:53:20,63,נשים,מגדל עוז,visit_type,שיחת טלפון,16
2026-07-30T17:53:20,63,נשים,מגדל עוז,visit_type,שיחת וידאו,1
2026-07-30T17:53:20,63,נשים,מגדל עוז,language,אידיש,2
2026-07-30T17:53:20,63,נשים,מגדל עוז,language,אנגלית,20
2026-07-30T17:53:20,63,נשים,מגדל עוז,language,עברית,24
2026-07-30T17:53:20,63,נשים,מגדל עוז,language,ערבית,3
2026-07-30T17:53:20,63,נשים,מגדל עוז,language,צרפתית,2
2026-07-30T17:53:20,63,נשים,מגדל עוז,language,רוסית,3
2026-07-30T17:53:40,63,נשים,מוע'אזי,gender,גבר,68
2026-07-30T17:53:40,63,נשים,מוע'אזי,gender,אישה,86
2026-07-30T17:53:40,63,נשים,מוע'אזי,visit_type,ביקור במרפאה,156
2026-07-30T17:53:40,63,נשים,מוע'אזי,visit_type,שיחת טלפון,1
2026-07-30T17:53:40,63,נשים,מוע'אזי,language,אידיש,4
2026-07-30T17:53:40,63,נשים,מוע'אזי,language,אנגלית,22
2026-07-30T17:53:40,63,נשים,מוע'אזי,language,גרמנית,1
2026-07-30T17:53:40,63,נשים,מוע'אזי,language,ליטאית,1
2026-07-30T17:53:40,63,נשים,מוע'אזי,language,סינית,1
2026-07-30T17:53:40,63,נשים,מוע'אזי,language,עברית,14
2026-07-30T17:53:40,63,נשים,מוע'אזי,language,ערבית,4
2026-07-30T17:53:40,63,נשים,מוע'אזי,language,רוסית,22
2026-07-30T17:54:00,63,נשים,מזרעה א שרקיה,gender,גבר,47
2026-07-30T17:54:00,63,נשים,מזרעה א שרקיה,gender,אישה,79
2026-07-30T17:54:00,63,נשים,מזרעה א שרקיה,visit_type,ביקור במרפאה,131
2026-07-30T17:54:00,63,נשים,מזרעה א שרקיה,visit_type,שיחת טלפון,16
2026-07-30T17:54:00,63,נשים,מזרעה א שרקיה,visit_type,שיחת וידאו,1
2026-07-30T17:54:00,63,נשים,מזרעה א שרקיה,language,אידיש,2
2026-07-30T17:54:00,63,נשים,מזרעה א שרקיה,language,אנגלית,20
2026-07-30T17:54:00,63,נשים,מזרעה א שרקיה,language,עברית,24
2026-07-30T17:54:00,63,נשים,מזרעה א שרקיה,language,ערבית,3
2026-07-30T17:54:00,63,נשים,מזרעה א שרקיה,language,צרפתית,2
2026-07-30T17:54:00,63,נשים,מזרעה א שרקיה,language,רוסית,3
2026-07-30T17:54:21,63,נשים,מייסר,gender,גבר,62
2026-07-30T17:54:21,63,נשים,מייסר,gender,אישה,138
2026-07-30T17:54:21,63,נשים,מייסר,visit_type,ביקור במרפאה,203
2026-07-30T17:54:21,63,נשים,מייסר,visit_type,שיחת טלפון,2
2026-07-30T17:54:21,63,נשים,מייסר,language,אידיש,1
2026-07-30T17:54:21,63,נשים,מייסר,language,איטלקית,1
2026-07-30T17:54:21,63,נשים,מייסר,language,אנגלית,38
2026-07-30T17:54:21,63,נשים,מייסר,language,גרמנית,1
2026-07-30T17:54:21,63,נשים,מייסר,language,הונגרית,1
2026-07-30T17:54:21,63,נשים,מייסר,language,עברית,63
2026-07-30T17:54:21,63,נשים,מייסר,language,ערבית,28
2026-07-30T17:54:21,63,נשים,מייסר,language,צרפתית,2
2026-07-30T17:54:21,63,נשים,מייסר,language,רומנית,3
2026-07-30T17:54:21,63,נשים,מייסר,language,רוסית,15
2026-07-30T17:54:42,63,נשים,מכמנים,gender,גבר,47
2026-07-30T17:54:42,63,נשים,מכמנים,gender,אישה,127
2026-07-30T17:54:42,63,נשים,מכמנים,visit_type,ביקור במרפאה,175
2026-07-30T17:54:42,63,נשים,מכמנים,visit_type,שיחת טלפון,2
2026-07-30T17:54:42,63,נשים,מכמנים,language,אידיש,1
2026-07-30T17:54:42,63,נשים,מכמנים,language,איטלקית,7
2026-07-30T17:54:42,63,נשים,מכמנים,language,אנגלית,116
2026-07-30T17:54:42,63,נשים,מכמנים,language,הונגרית,3
2026-07-30T17:54:42,63,נשים,מכמנים,language,ספרדית,1
2026-07-30T17:54:42,63,נשים,מכמנים,language,עברית,169
2026-07-30T17:54:42,63,נשים,מכמנים,language,ערבית,98
2026-07-30T17:54:42,63,נשים,מכמנים,language,צרפתית,5
2026-07-30T17:54:42,63,נשים,מכמנים,language,רומנית,9
2026-07-30T17:54:42,63,נשים,מכמנים,language,רוסית,34
2026-07-30T17:54:42,63,נשים,מכמנים,language,שוודית,1
2026-07-30T17:55:05,63,נשים,מנשית זבדה,gender,גבר,48
2026-07-30T17:55:05,63,נשים,מנשית זבדה,gender,אישה,127
2026-07-30T17:55:05,63,נשים,מנשית זבדה,visit_type,ביקור במרפאה,176
2026-07-30T17:55:05,63,נשים,מנשית זבדה,visit_type,שיחת טלפון,1
2026-07-30T17:55:05,63,נשים,מנשית זבדה,language,איטלקית,1
2026-07-30T17:55:05,63,נשים,מנשית זבדה,language,אנגלית,29
2026-07-30T17:55:05,63,נשים,מנשית זבדה,language,הונגרית,1
2026-07-30T17:55:05,63,נשים,מנשית זבדה,language,עברית,50
2026-07-30T17:55:05,63,נשים,מנשית זבדה,language,ערבית,28
2026-07-30T17:55:05,63,נשים,מנשית זבדה,language,רומנית,1
2026-07-30T17:55:05,63,נשים,מנשית זבדה,language,רוסית,11
2026-07-30T17:55:27,63,נשים,מעברות,gender,גבר,47
2026-07-30T17:55:27,63,נשים,מעברות,gender,אישה,92
2026-07-30T17:55:27,63,נשים,מעברות,visit_type,ביקור במרפאה,142
2026-07-30T17:55:27,63,נשים,מעברות,visit_type,שיחת טלפון,2
2026-07-30T17:55:27,63,נשים,מעברות,language,אידיש,1
2026-07-30T17:55:27,63,נשים,מעברות,language,אנגלית,18
2026-07-30T17:55:27,63,נשים,מעברות,language,גרמנית,1
2026-07-30T17:55:27,63,נשים,מעברות,language,עברית,32
2026-07-30T17:55:27,63,נשים,מעברות,language,ערבית,8
2026-07-30T17:55:27,63,נשים,מעברות,language,צרפתית,2
2026-07-30T17:55:27,63,נשים,מעברות,language,רומנית,2
2026-07-30T17:55:27,63,נשים,מעברות,language,רוסית,11
2026-07-30T17:55:47,63,נשים,מפלסים,gender,גבר,47
2026-07-30T17:55:47,63,נשים,מפלסים,gender,אישה,61
2026-07-30T17:55:47,63,נשים,מפלסים,visit_type,ביקור במרפאה,108
2026-07-30T17:55:47,63,נשים,מפלסים,visit_type,שיחת טלפון,1
2026-07-30T17:55:47,63,נשים,מפלסים,language,אידיש,4
2026-07-30T17:55:47,63,נשים,מפלסים,language,אנגלית,13
2026-07-30T17:55:47,63,נשים,מפלסים,language,גרמנית,1
2026-07-30T17:55:47,63,נשים,מפלסים,language,ליטאית,1
2026-07-30T17:55:47,63,נשים,מפלסים,language,סינית,1
2026-07-30T17:55:47,63,נשים,מפלסים,language,עברית,8
2026-07-30T17:55:47,63,נשים,מפלסים,language,ערבית,3
2026-07-30T17:55:47,63,נשים,מפלסים,language,רוסית,14
2026-07-30T17:56:05,63,נשים,מצדה,gender,גבר,68
2026-07-30T17:56:05,63,נשים,מצדה,gender,אישה,86
2026-07-30T17:56:05,63,נשים,מצדה,visit_type,ביקור במרפאה,156
2026-07-30T17:56:05,63,נשים,מצדה,visit_type,שיחת טלפון,1
2026-07-30T17:56:05,63,נשים,מצדה,language,אידיש,4
2026-07-30T17:56:05,63,נשים,מצדה,language,אנגלית,22
2026-07-30T17:56:05,63,נשים,מצדה,language,גרמנית,1
2026-07-30T17:56:05,63,נשים,מצדה,language,ליטאית,1
2026-07-30T17:56:05,63,נשים,מצדה,language,סינית,1
2026-07-30T17:56:05,63,נשים,מצדה,language,עברית,14
2026-07-30T17:56:05,63,נשים,מצדה,language,ערבית,4
2026-07-30T17:56:05,63,נשים,מצדה,language,רוסית,22
2026-07-30T17:56:24,63,נשים,מקווה ישראל,gender,גבר,32
2026-07-30T17:56:24,63,נשים,מקווה ישראל,gender,אישה,29
2026-07-30T17:56:24,63,נשים,מקווה ישראל,visit_type,ביקור במרפאה,61
2026-07-30T17:56:24,63,נשים,מקווה ישראל,language,איטלקית,1
2026-07-30T17:56:24,63,נשים,מקווה ישראל,language,אנגלית,20
2026-07-30T17:56:24,63,נשים,מקווה ישראל,language,גרמנית,1
2026-07-30T17:56:24,63,נשים,מקווה ישראל,language,ספרדית,2
2026-07-30T17:56:24,63,נשים,מקווה ישראל,language,עברית,34
2026-07-30T17:56:24,63,נשים,מקווה ישראל,language,ערבית,1
2026-07-30T17:56:24,63,נשים,מקווה ישראל,language,רוסית,6
2026-07-30T17:56:36,63,נשים,מרכז אזורי משגב,gender,גבר,37
2026-07-30T17:56:36,63,נשים,מרכז אזורי משגב,gender,אישה,82
2026-07-30T17:56:36,63,נשים,מרכז אזורי משגב,visit_type,ביקור במרפאה,120
2026-07-30T17:56:36,63,נשים,מרכז אזורי משגב,visit_type,שיחת טלפון,2
2026-07-30T17:56:36,63,נשים,מרכז אזורי משגב,language,אידיש,1
2026-07-30T17:56:36,63,נשים,מרכז אזורי משגב,language,איטלקית,4
2026-07-30T17:56:36,63,נשים,מרכז אזורי משגב,language,אנגלית,75
2026-07-30T17:56:36,63,נשים,מרכז אזורי משגב,language,ספרדית,1
2026-07-30T17:56:36,63,נשים,מרכז אזורי משגב,language,עברית,115
2026-07-30T17:56:36,63,נשים,מרכז אזורי משגב,language,ערבית,74
2026-07-30T17:56:36,63,נשים,מרכז אזורי משגב,language,צרפתית,2
2026-07-30T17:56:36,63,נשים,מרכז אזורי משגב,language,רומנית,6
2026-07-30T17:56:36,63,נשים,מרכז אזורי משגב,language,רוסית,24
2026-07-30T17:56:36,63,נשים,מרכז אזורי משגב,language,שוודית,1
2026-07-30T17:56:55,63,נשים,משמר הירדן,gender,גבר,29
2026-07-30T17:56:55,63,נשים,משמר הירדן,gender,אישה,58
2026-07-30T17:56:55,63,נשים,משמר הירדן,visit_type,ביקור במרפאה,87
2026-07-30T17:56:55,63,נשים,משמר הירדן,language,אנגלית,9
2026-07-30T17:56:55,63,נשים,משמר הירדן,language,עברית,13
2026-07-30T17:56:55,63,נשים,משמר הירדן,language,ערבית,4
2026-07-30T17:56:55,63,נשים,משמר הירדן,language,רוסית,3
2026-07-30T17:57:09,63,נשים,נאקורה,gender,גבר,47
2026-07-30T17:57:09,63,נשים,נאקורה,gender,אישה,92
2026-07-30T17:57:09,63,נשים,נאקורה,visit_type,ביקור במרפאה,142
2026-07-30T17:57:09,63,נשים,נאקורה,visit_type,שיחת טלפון,2
2026-07-30T17:57:09,63,נשים,נאקורה,language,אידיש,1
2026-07-30T17:57:09,63,נשים,נאקורה,language,אנגלית,18
2026-07-30T17:57:09,63,נשים,נאקורה,language,גרמנית,1
2026-07-30T17:57:09,63,נשים,נאקורה,language,עברית,32
2026-07-30T17:57:09,63,נשים,נאקורה,language,ערבית,8
2026-07-30T17:57:09,63,נשים,נאקורה,language,צרפתית,2
2026-07-30T17:57:09,63,נשים,נאקורה,language,רומנית,2
2026-07-30T17:57:09,63,נשים,נאקורה,language,רוסית,11
2026-07-30T17:57:30,63,נשים,נוגה,gender,גבר,47
2026-07-30T17:57:30,63,נשים,נוגה,gender,אישה,61
2026-07-30T17:57:30,63,נשים,נוגה,visit_type,ביקור במרפאה,108
2026-07-30T17:57:30,63,נשים,נוגה,visit_type,שיחת טלפון,1
2026-07-30T17:57:30,63,נשים,נוגה,language,אידיש,4
2026-07-30T17:57:30,63,נשים,נוגה,language,אנגלית,13
2026-07-30T17:57:30,63,נשים,נוגה,language,גרמנית,1
2026-07-30T17:57:30,63,נשים,נוגה,language,ליטאית,1
2026-07-30T17:57:30,63,נשים,נוגה,language,סינית,1
2026-07-30T17:57:30,63,נשים,נוגה,language,עברית,8
2026-07-30T17:57:30,63,נשים,נוגה,language,ערבית,3
2026-07-30T17:57:30,63,נשים,נוגה,language,רוסית,14
2026-07-30T17:57:46,63,נשים,נזלה אל ע'רביה,gender,גבר,47
2026-07-30T17:57:46,63,נשים,נזלה אל ע'רביה,gender,אישה,92
2026-07-30T17:57:46,63,נשים,נזלה אל ע'רביה,visit_type,ביקור במרפאה,142
2026-07-30T17:57:46,63,נשים,נזלה אל ע'רביה,visit_type,שיחת טלפון,2
2026-07-30T17:57:46,63,נשים,נזלה אל ע'רביה,language,אידיש,1
2026-07-30T17:57:46,63,נשים,נזלה אל ע'רביה,language,אנגלית,18
2026-07-30T17:57:46,63,נשים,נזלה אל ע'רביה,language,גרמנית,1
2026-07-30T17:57:46,63,נשים,נזלה אל ע'רביה,language,עברית,32
2026-07-30T17:57:46,63,נשים,נזלה אל ע'רביה,language,ערבית,8
2026-07-30T17:57:46,63,נשים,נזלה אל ע'רביה,language,צרפתית,2
2026-07-30T17:57:46,63,נשים,נזלה אל ע'רביה,language,רומנית,2
2026-07-30T17:57:46,63,נשים,נזלה אל ע'רביה,language,רוסית,11
2026-07-30T17:58:07,63,נשים,נחשולים,gender,גבר,48
2026-07-30T17:58:07,63,נשים,נחשולים,gender,אישה,136
2026-07-30T17:58:07,63,נשים,נחשולים,visit_type,ביקור במרפאה,185
2026-07-30T17:58:07,63,נשים,נחשולים,visit_type,שיחת טלפון,1
2026-07-30T17:58:07,63,נשים,נחשולים,language,אידיש,1
2026-07-30T17:58:07,63,נשים,נחשולים,language,איטלקית,3
2026-07-30T17:58:07,63,נשים,נחשולים,language,אנגלית,68
2026-07-30T17:58:07,63,נשים,נחשולים,language,הונגרית,3
2026-07-30T17:58:07,63,נשים,נחשולים,language,עברית,100
2026-07-30T17:58:07,63,נשים,נחשולים,language,ערבית,40
2026-07-30T17:58:07,63,נשים,נחשולים,language,צרפתית,5
2026-07-30T17:58:07,63,נשים,נחשולים,language,רומנית,5
2026-07-30T17:58:07,63,נשים,נחשולים,language,רוסית,27
2026-07-30T17:58:07,63,נשים,נחשולים,language,שוודית,1
2026-07-30T17:58:27,63,נשים,ניעלין,gender,גבר,52
2026-07-30T17:58:27,63,נשים,ניעלין,gender,אישה,56
2026-07-30T17:58:27,63,נשים,ניעלין,visit_type,ביקור במרפאה,113
2026-07-30T17:58:27,63,נשים,ניעלין,language,אוקראינית,3
2026-07-30T17:58:27,63,נשים,ניעלין,language,אידיש,1
2026-07-30T17:58:27,63,נשים,ניעלין,language,איטלקית,2
2026-07-30T17:58:27,63,נשים,ניעלין,language,אנגלית,26
2026-07-30T17:58:27,63,נשים,ניעלין,language,גרוזינית,1
2026-07-30T17:58:27,63,נשים,ניעלין,language,הונגרית,2
2026-07-30T17:58:27,63,נשים,ניעלין,language,ספרדית,1
2026-07-30T17:58:27,63,נשים,ניעלין,language,עברית,37
2026-07-30T17:58:27,63,נשים,ניעלין,language,צרפתית,2
2026-07-30T17:58:27,63,נשים,ניעלין,language,רוסית,17
2026-07-30T17:58:45,63,נשים,נס עמים,gender,גבר,23
2026-07-30T17:58:45,63,נשים,נס עמים,gender,אישה,64
2026-07-30T17:58:45,63,נשים,נס עמים,visit_type,ביקור במרפאה,88
2026-07-30T17:58:45,63,נשים,נס עמים,visit_type,שיחת טלפון,2
2026-07-30T17:58:45,63,נשים,נס עמים,language,איטלקית,4
2026-07-30T17:58:45,63,נשים,נס עמים,language,אנגלית,56
2026-07-30T17:58:45,63,נשים,נס עמים,language,ספרדית,1
2026-07-30T17:58:45,63,נשים,נס עמים,language,עברית,85
2026-07-30T17:58:45,63,נשים,נס עמים,language,ערבית,64
2026-07-30T17:58:45,63,נשים,נס עמים,language,רומנית,4
2026-07-30T17:58:45,63,נשים,נס עמים,language,רוסית,15
2026-07-30T17:59:01,63,נשים,נשר,gender,אישה,136
2026-07-30T17:59:01,63,נשים,נשר,gender,גבר,48
2026-07-30T17:59:01,63,נשים,נשר,visit_type,ביקור במרפאה,185
2026-07-30T17:59:01,63,נשים,נשר,visit_type,שיחת טלפון,1
2026-07-30T17:59:01,63,נשים,נשר,language,אידיש,1
2026-07-30T17:59:01,63,נשים,נשר,language,איטלקית,3
2026-07-30T17:59:01,63,נשים,נשר,language,אנגלית,68
2026-07-30T17:59:01,63,נשים,נשר,language,הונגרית,3
2026-07-30T17:59:01,63,נשים,נשר,language,עברית,100
2026-07-30T17:59:01,63,נשים,נשר,language,ערבית,40
2026-07-30T17:59:01,63,נשים,נשר,language,צרפתית,5
2026-07-30T17:59:01,63,נשים,נשר,language,רומנית,5
2026-07-30T17:59:01,63,נשים,נשר,language,רוסית,27
2026-07-30T17:59:01,63,נשים,נשר,language,שוודית,1
2026-07-30T17:59:23,63,נשים,סאנור,gender,גבר,47
2026-07-30T17:59:23,63,נשים,סאנור,gender,אישה,92
2026-07-30T17:59:23,63,נשים,סאנור,visit_type,ביקור במרפאה,142
2026-07-30T17:59:23,63,נשים,סאנור,visit_type,שיחת טלפון,2
2026-07-30T17:59:23,63,נשים,סאנור,language,אידיש,1
2026-07-30T17:59:23,63,נשים,סאנור,language,אנגלית,18
2026-07-30T17:59:23,63,נשים,סאנור,language,גרמנית,1
2026-07-30T17:59:23,63,נשים,סאנור,language,עברית,32
2026-07-30T17:59:23,63,נשים,סאנור,language,ערבית,8
2026-07-30T17:59:23,63,נשים,סאנור,language,צרפתית,2
2026-07-30T17:59:23,63,נשים,סאנור,language,רומנית,2
2026-07-30T17:59:23,63,נשים,סאנור,language,רוסית,11
2026-07-30T17:59:42,63,נשים,סורדה,gender,גבר,47
2026-07-30T17:59:42,63,נשים,סורדה,gender,אישה,79
2026-07-30T17:59:42,63,נשים,סורדה,visit_type,ביקור במרפאה,131
2026-07-30T17:59:42,63,נשים,סורדה,visit_type,שיחת טלפון,16
2026-07-30T17:59:42,63,נשים,סורדה,visit_type,שיחת וידאו,1
2026-07-30T17:59:42,63,נשים,סורדה,language,אידיש,2
2026-07-30T17:59:42,63,נשים,סורדה,language,אנגלית,20
2026-07-30T17:59:42,63,נשים,סורדה,language,עברית,24
2026-07-30T17:59:42,63,נשים,סורדה,language,ערבית,3
2026-07-30T17:59:42,63,נשים,סורדה,language,צרפתית,2
2026-07-30T17:59:42,63,נשים,סורדה,language,רוסית,3
2026-07-30T18:00:03,63,נשים,סיר,gender,גבר,47
2026-07-30T18:00:03,63,נשים,סיר,gender,אישה,92
2026-07-30T18:00:03,63,נשים,סיר,visit_type,ביקור במרפאה,142
2026-07-30T18:00:03,63,נשים,סיר,visit_type,שיחת טלפון,2
2026-07-30T18:00:03,63,נשים,סיר,language,אידיש,1
2026-07-30T18:00:03,63,נשים,סיר,language,אנגלית,18
2026-07-30T18:00:03,63,נשים,סיר,language,גרמנית,1
2026-07-30T18:00:03,63,נשים,סיר,language,עברית,32
2026-07-30T18:00:03,63,נשים,סיר,language,ערבית,8
2026-07-30T18:00:03,63,נשים,סיר,language,צרפתית,2
2026-07-30T18:00:03,63,נשים,סיר,language,רומנית,2
2026-07-30T18:00:03,63,נשים,סיר,language,רוסית,11
2026-07-30T18:00:23,63,נשים,סעוה,gender,גבר,43
2026-07-30T18:00:23,63,נשים,סעוה,gender,אישה,67
2026-07-30T18:00:23,63,נשים,סעוה,visit_type,ביקור במרפאה,112
2026-07-30T18:00:23,63,נשים,סעוה,language,אידיש,3
2026-07-30T18:00:23,63,נשים,סעוה,language,אנגלית,21
2026-07-30T18:00:23,63,נשים,סעוה,language,ליטאית,1
2026-07-30T18:00:23,63,נשים,סעוה,language,סינית,1
2026-07-30T18:00:23,63,נשים,סעוה,language,עברית,9
2026-07-30T18:00:23,63,נשים,סעוה,language,ערבית,4
2026-07-30T18:00:23,63,נשים,סעוה,language,רוסית,19
2026-07-30T18:00:41,63,נשים,עאנין,gender,גבר,47
2026-07-30T18:00:41,63,נשים,עאנין,gender,אישה,92
2026-07-30T18:00:41,63,נשים,עאנין,visit_type,ביקור במרפאה,142
2026-07-30T18:00:41,63,נשים,עאנין,visit_type,שיחת טלפון,2
2026-07-30T18:00:41,63,נשים,עאנין,language,אידיש,1
2026-07-30T18:00:41,63,נשים,עאנין,language,אנגלית,18
2026-07-30T18:00:41,63,נשים,עאנין,language,גרמנית,1
2026-07-30T18:00:41,63,נשים,עאנין,language,עברית,32
2026-07-30T18:00:41,63,נשים,עאנין,language,ערבית,8
2026-07-30T18:00:41,63,נשים,עאנין,language,צרפתית,2
2026-07-30T18:00:41,63,נשים,עאנין,language,רומנית,2
2026-07-30T18:00:41,63,נשים,עאנין,language,רוסית,11
2026-07-30T18:01:02,63,נשים,עד הלום,gender,גבר,52
2026-07-30T18:01:02,63,נשים,עד הלום,gender,אישה,56
2026-07-30T18:01:02,63,נשים,עד הלום,visit_type,ביקור במרפאה,113
2026-07-30T18:01:02,63,נשים,עד הלום,language,אוקראינית,3
2026-07-30T18:01:02,63,נשים,עד הלום,language,אידיש,1
2026-07-30T18:01:02,63,נשים,עד הלום,language,איטלקית,2
2026-07-30T18:01:02,63,נשים,עד הלום,language,אנגלית,26
2026-07-30T18:01:02,63,נשים,עד הלום,language,גרוזינית,1
2026-07-30T18:01:02,63,נשים,עד הלום,language,הונגרית,2
2026-07-30T18:01:02,63,נשים,עד הלום,language,ספרדית,1
2026-07-30T18:01:02,63,נשים,עד הלום,language,עברית,37
2026-07-30T18:01:02,63,נשים,עד הלום,language,צרפתית,2
2026-07-30T18:01:02,63,נשים,עד הלום,language,רוסית,17
2026-07-30T18:01:20,63,נשים,עוסארין,gender,גבר,47
2026-07-30T18:01:20,63,נשים,עוסארין,gender,אישה,92
2026-07-30T18:01:20,63,נשים,עוסארין,visit_type,ביקור במרפאה,142
2026-07-30T18:01:20,63,נשים,עוסארין,visit_type,שיחת טלפון,2
2026-07-30T18:01:20,63,נשים,עוסארין,language,אידיש,1
2026-07-30T18:01:20,63,נשים,עוסארין,language,אנגלית,18
2026-07-30T18:01:20,63,נשים,עוסארין,language,גרמנית,1
2026-07-30T18:01:20,63,נשים,עוסארין,language,עברית,32
2026-07-30T18:01:20,63,נשים,עוסארין,language,ערבית,8
2026-07-30T18:01:20,63,נשים,עוסארין,language,צרפתית,2
2026-07-30T18:01:20,63,נשים,עוסארין,language,רומנית,2
2026-07-30T18:01:20,63,נשים,עוסארין,language,רוסית,11
2026-07-30T18:01:41,63,נשים,עזריה,gender,גבר,52
2026-07-30T18:01:41,63,נשים,עזריה,gender,אישה,56
2026-07-30T18:01:41,63,נשים,עזריה,visit_type,ביקור במרפאה,113
2026-07-30T18:01:41,63,נשים,עזריה,language,אוקראינית,3
2026-07-30T18:01:41,63,נשים,עזריה,language,אידיש,1
2026-07-30T18:01:41,63,נשים,עזריה,language,איטלקית,2
2026-07-30T18:01:41,63,נשים,עזריה,language,אנגלית,26
2026-07-30T18:01:41,63,נשים,עזריה,language,גרוזינית,1
2026-07-30T18:01:41,63,נשים,עזריה,language,הונגרית,2
2026-07-30T18:01:41,63,נשים,עזריה,language,ספרדית,1
2026-07-30T18:01:41,63,נשים,עזריה,language,עברית,37
2026-07-30T18:01:41,63,נשים,עזריה,language,צרפתית,2
2026-07-30T18:01:41,63,נשים,עזריה,language,רוסית,17
2026-07-30T18:01:58,63,נשים,עילוט,gender,אישה,59
2026-07-30T18:01:58,63,נשים,עילוט,gender,גבר,29
2026-07-30T18:01:58,63,נשים,עילוט,visit_type,ביקור במרפאה,88
2026-07-30T18:01:58,63,נשים,עילוט,language,אנגלית,9
2026-07-30T18:01:58,63,נשים,עילוט,language,עברית,13
2026-07-30T18:01:58,63,נשים,עילוט,language,ערבית,4
2026-07-30T18:01:58,63,נשים,עילוט,language,רוסית,3
2026-07-30T18:02:12,63,נשים,עלמה,gender,גבר,29
2026-07-30T18:02:12,63,נשים,עלמה,gender,אישה,58
2026-07-30T18:02:12,63,נשים,עלמה,visit_type,ביקור במרפאה,87
2026-07-30T18:02:12,63,נשים,עלמה,language,אנגלית,9
2026-07-30T18:02:12,63,נשים,עלמה,language,עברית,13
2026-07-30T18:02:12,63,נשים,עלמה,language,ערבית,4
2026-07-30T18:02:12,63,נשים,עלמה,language,רוסית,3
2026-07-30T18:02:27,63,נשים,עמנואל,gender,אישה,113
2026-07-30T18:02:27,63,נשים,עמנואל,gender,גבר,72
2026-07-30T18:02:27,63,נשים,עמנואל,visit_type,ביקור במרפאה,189
2026-07-30T18:02:27,63,נשים,עמנואל,visit_type,שיחת טלפון,2
2026-07-30T18:02:27,63,נשים,עמנואל,language,אידיש,1
2026-07-30T18:02:27,63,נשים,עמנואל,language,איטלקית,1
2026-07-30T18:02:27,63,נשים,עמנואל,language,אנגלית,37
2026-07-30T18:02:27,63,נשים,עמנואל,language,גרמנית,2
2026-07-30T18:02:27,63,נשים,עמנואל,language,ספרדית,1
2026-07-30T18:02:27,63,נשים,עמנואל,language,עברית,64
2026-07-30T18:02:27,63,נשים,עמנואל,language,ערבית,9
2026-07-30T18:02:27,63,נשים,עמנואל,language,צרפתית,3
2026-07-30T18:02:27,63,נשים,עמנואל,language,רומנית,3
2026-07-30T18:02:27,63,נשים,עמנואל,language,רוסית,16
2026-07-30T18:02:48,63,נשים,עפולה,gender,גבר,48
2026-07-30T18:02:48,63,נשים,עפולה,gender,אישה,127
2026-07-30T18:02:48,63,נשים,עפולה,visit_type,ביקור במרפאה,176
2026-07-30T18:02:48,63,נשים,עפולה,visit_type,שיחת טלפון,1
2026-07-30T18:02:48,63,נשים,עפולה,language,איטלקית,1
2026-07-30T18:02:48,63,נשים,עפולה,language,אנגלית,29
2026-07-30T18:02:48,63,נשים,עפולה,language,הונגרית,1
2026-07-30T18:02:48,63,נשים,עפולה,language,עברית,50
2026-07-30T18:02:48,63,נשים,עפולה,language,ערבית,28
2026-07-30T18:02:48,63,נשים,עפולה,language,רומנית,1
2026-07-30T18:02:48,63,נשים,עפולה,language,רוסית,11
2026-07-30T18:03:09,63,נשים,ערב אל נעים,gender,גבר,47
2026-07-30T18:03:09,63,נשים,ערב אל נעים,gender,אישה,127
2026-07-30T18:03:09,63,נשים,ערב אל נעים,visit_type,ביקור במרפאה,175
2026-07-30T18:03:09,63,נשים,ערב אל נעים,visit_type,שיחת טלפון,2
2026-07-30T18:03:09,63,נשים,ערב אל נעים,language,אידיש,1
2026-07-30T18:03:09,63,נשים,ערב אל נעים,language,איטלקית,7
2026-07-30T18:03:09,63,נשים,ערב אל נעים,language,אנגלית,116
2026-07-30T18:03:09,63,נשים,ערב אל נעים,language,הונגרית,3
2026-07-30T18:03:09,63,נשים,ערב אל נעים,language,ספרדית,1
2026-07-30T18:03:09,63,נשים,ערב אל נעים,language,עברית,169
2026-07-30T18:03:09,63,נשים,ערב אל נעים,language,ערבית,98
2026-07-30T18:03:09,63,נשים,ערב אל נעים,language,צרפתית,5
2026-07-30T18:03:09,63,נשים,ערב אל נעים,language,רומנית,9
2026-07-30T18:03:09,63,נשים,ערב אל נעים,language,רוסית,34
2026-07-30T18:03:09,63,נשים,ערב אל נעים,language,שוודית,1
2026-07-30T18:03:30,63,נשים,עתניאל,gender,גבר,68
2026-07-30T18:03:30,63,נשים,עתניאל,gender,אישה,86
2026-07-30T18:03:30,63,נשים,עתניאל,visit_type,ביקור במרפאה,156
2026-07-30T18:03:30,63,נשים,עתניאל,visit_type,שיחת טלפון,1
2026-07-30T18:03:30,63,נשים,עתניאל,language,אידיש,4
2026-07-30T18:03:30,63,נשים,עתניאל,language,אנגלית,22
2026-07-30T18:03:30,63,נשים,עתניאל,language,גרמנית,1
2026-07-30T18:03:30,63,נשים,עתניאל,language,ליטאית,1
2026-07-30T18:03:30,63,נשים,עתניאל,language,סינית,1
2026-07-30T18:03:30,63,נשים,עתניאל,language,עברית,14
2026-07-30T18:03:30,63,נשים,עתניאל,language,ערבית,4
2026-07-30T18:03:30,63,נשים,עתניאל,language,רוסית,22
2026-07-30T18:03:50,63,נשים,פדיה,gender,גבר,40
2026-07-30T18:03:50,63,נשים,פדיה,gender,אישה,46
2026-07-30T18:03:50,63,נשים,פדיה,visit_type,ביקור במרפאה,88
2026-07-30T18:03:50,63,נשים,פדיה,language,אוקראינית,3
2026-07-30T18:03:50,63,נשים,פדיה,language,אידיש,1
2026-07-30T18:03:50,63,נשים,פדיה,language,איטלקית,2
2026-07-30T18:03:50,63,נשים,פדיה,language,אנגלית,21
2026-07-30T18:03:50,63,נשים,פדיה,language,הונגרית,1
2026-07-30T18:03:50,63,נשים,פדיה,language,ספרדית,1
2026-07-30T18:03:50,63,נשים,פדיה,language,עברית,29
2026-07-30T18:03:50,63,נשים,פדיה,language,צרפתית,1
2026-07-30T18:03:50,63,נשים,פדיה,language,רוסית,12
2026-07-30T18:04:04,63,נשים,פלמחים,gender,גבר,63
2026-07-30T18:04:04,63,נשים,פלמחים,gender,אישה,70
2026-07-30T18:04:04,63,נשים,פלמחים,visit_type,ביקור במרפאה,138
2026-07-30T18:04:04,63,נשים,פלמחים,language,אוקראינית,3
2026-07-30T18:04:04,63,נשים,פלמחים,language,אידיש,1
2026-07-30T18:04:04,63,נשים,פלמחים,language,איטלקית,2
2026-07-30T18:04:04,63,נשים,פלמחים,language,אנגלית,29
2026-07-30T18:04:04,63,נשים,פלמחים,language,גרוזינית,1
2026-07-30T18:04:04,63,נשים,פלמחים,language,הונגרית,2
2026-07-30T18:04:04,63,נשים,פלמחים,language,ספרדית,2
2026-07-30T18:04:04,63,נשים,פלמחים,language,עברית,48
2026-07-30T18:04:04,63,נשים,פלמחים,language,צרפתית,2
2026-07-30T18:04:04,63,נשים,פלמחים,language,רוסית,20
2026-07-30T18:04:25,63,נשים,פקיעין חדשה,gender,גבר,23
2026-07-30T18:04:25,63,נשים,פקיעין חדשה,gender,אישה,64
2026-07-30T18:04:25,63,נשים,פקיעין חדשה,visit_type,ביקור במרפאה,88
2026-07-30T18:04:25,63,נשים,פקיעין חדשה,visit_type,שיחת טלפון,2
2026-07-30T18:04:25,63,נשים,פקיעין חדשה,language,איטלקית,4
2026-07-30T18:04:25,63,נשים,פקיעין חדשה,language,אנגלית,56
2026-07-30T18:04:25,63,נשים,פקיעין חדשה,language,ספרדית,1
2026-07-30T18:04:25,63,נשים,פקיעין חדשה,language,עברית,85
2026-07-30T18:04:25,63,נשים,פקיעין חדשה,language,ערבית,64
2026-07-30T18:04:25,63,נשים,פקיעין חדשה,language,רומנית,4
2026-07-30T18:04:25,63,נשים,פקיעין חדשה,language,רוסית,15
2026-07-30T18:04:38,63,נשים,פתחיה,gender,גבר,40
2026-07-30T18:04:38,63,נשים,פתחיה,gender,אישה,46
2026-07-30T18:04:38,63,נשים,פתחיה,visit_type,ביקור במרפאה,88
2026-07-30T18:04:38,63,נשים,פתחיה,language,אוקראינית,3
2026-07-30T18:04:38,63,נשים,פתחיה,language,אידיש,1
2026-07-30T18:04:38,63,נשים,פתחיה,language,איטלקית,2
2026-07-30T18:04:38,63,נשים,פתחיה,language,אנגלית,21
2026-07-30T18:04:38,63,נשים,פתחיה,language,הונגרית,1
2026-07-30T18:04:38,63,נשים,פתחיה,language,ספרדית,1
2026-07-30T18:04:38,63,נשים,פתחיה,language,עברית,29
2026-07-30T18:04:38,63,נשים,פתחיה,language,צרפתית,1
2026-07-30T18:04:38,63,נשים,פתחיה,language,רוסית,12
2026-07-30T18:04:53,63,נשים,צוקי ים,gender,גבר,47
2026-07-30T18:04:53,63,נשים,צוקי ים,gender,אישה,92
2026-07-30T18:04:53,63,נשים,צוקי ים,visit_type,ביקור במרפאה,142
2026-07-30T18:04:53,63,נשים,צוקי ים,visit_type,שיחת טלפון,2
2026-07-30T18:04:53,63,נשים,צוקי ים,language,אידיש,1
2026-07-30T18:04:53,63,נשים,צוקי ים,language,אנגלית,18
2026-07-30T18:04:53,63,נשים,צוקי ים,language,גרמנית,1
2026-07-30T18:04:53,63,נשים,צוקי ים,language,עברית,32
2026-07-30T18:04:53,63,נשים,צוקי ים,language,ערבית,8
2026-07-30T18:04:53,63,נשים,צוקי ים,language,צרפתית,2
2026-07-30T18:04:53,63,נשים,צוקי ים,language,רומנית,2
2026-07-30T18:04:53,63,נשים,צוקי ים,language,רוסית,11
2026-07-30T18:05:15,63,נשים,צרופה,gender,אישה,136
2026-07-30T18:05:15,63,נשים,צרופה,gender,גבר,48
2026-07-30T18:05:15,63,נשים,צרופה,visit_type,ביקור במרפאה,185
2026-07-30T18:05:15,63,נשים,צרופה,visit_type,שיחת טלפון,1
2026-07-30T18:05:15,63,נשים,צרופה,language,אידיש,1
2026-07-30T18:05:15,63,נשים,צרופה,language,איטלקית,3
2026-07-30T18:05:15,63,נשים,צרופה,language,אנגלית,68
2026-07-30T18:05:15,63,נשים,צרופה,language,הונגרית,3
2026-07-30T18:05:15,63,נשים,צרופה,language,עברית,100
2026-07-30T18:05:15,63,נשים,צרופה,language,ערבית,40
2026-07-30T18:05:15,63,נשים,צרופה,language,צרפתית,5
2026-07-30T18:05:15,63,נשים,צרופה,language,רומנית,5
2026-07-30T18:05:15,63,נשים,צרופה,language,רוסית,27
2026-07-30T18:05:15,63,נשים,צרופה,language,שוודית,1
2026-07-30T18:05:34,63,נשים,קדמת צבי,gender,גבר,29
2026-07-30T18:05:34,63,נשים,קדמת צבי,gender,אישה,58
2026-07-30T18:05:34,63,נשים,קדמת צבי,visit_type,ביקור במרפאה,87
2026-07-30T18:05:34,63,נשים,קדמת צבי,language,אנגלית,9
2026-07-30T18:05:34,63,נשים,קדמת צבי,language,עברית,13
2026-07-30T18:05:34,63,נשים,קדמת צבי,language,ערבית,4
2026-07-30T18:05:34,63,נשים,קדמת צבי,language,רוסית,3
2026-07-30T18:05:49,63,נשים,קורנית,gender,גבר,37
2026-07-30T18:05:49,63,נשים,קורנית,gender,אישה,82
2026-07-30T18:05:49,63,נשים,קורנית,visit_type,ביקור במרפאה,120
2026-07-30T18:05:49,63,נשים,קורנית,visit_type,שיחת טלפון,2
2026-07-30T18:05:49,63,נשים,קורנית,language,אידיש,1
2026-07-30T18:05:49,63,נשים,קורנית,language,איטלקית,4
2026-07-30T18:05:49,63,נשים,קורנית,language,אנגלית,75
2026-07-30T18:05:49,63,נשים,קורנית,language,ספרדית,1
2026-07-30T18:05:49,63,נשים,קורנית,language,עברית,115
2026-07-30T18:05:49,63,נשים,קורנית,language,ערבית,74
2026-07-30T18:05:49,63,נשים,קורנית,language,צרפתית,2
2026-07-30T18:05:49,63,נשים,קורנית,language,רומנית,6
2026-07-30T18:05:49,63,נשים,קורנית,language,רוסית,24
2026-07-30T18:05:49,63,נשים,קורנית,language,שוודית,1
2026-07-30T18:06:07,63,נשים,קלע,gender,גבר,29
2026-07-30T18:06:07,63,נשים,קלע,gender,אישה,58
2026-07-30T18:06:07,63,נשים,קלע,visit_type,ביקור במרפאה,87
2026-07-30T18:06:07,63,נשים,קלע,language,אנגלית,9
2026-07-30T18:06:07,63,נשים,קלע,language,עברית,13
2026-07-30T18:06:07,63,נשים,קלע,language,ערבית,4
2026-07-30T18:06:07,63,נשים,קלע,language,רוסית,3
2026-07-30T18:06:20,63,נשים,קרית ארבע,gender,גבר,47
2026-07-30T18:06:20,63,נשים,קרית ארבע,gender,אישה,79
2026-07-30T18:06:20,63,נשים,קרית ארבע,visit_type,ביקור במרפאה,131
2026-07-30T18:06:20,63,נשים,קרית ארבע,visit_type,שיחת טלפון,16
2026-07-30T18:06:20,63,נשים,קרית ארבע,visit_type,שיחת וידאו,1
2026-07-30T18:06:20,63,נשים,קרית ארבע,language,אידיש,2
2026-07-30T18:06:20,63,נשים,קרית ארבע,language,אנגלית,20
2026-07-30T18:06:20,63,נשים,קרית ארבע,language,עברית,24
2026-07-30T18:06:20,63,נשים,קרית ארבע,language,ערבית,3
2026-07-30T18:06:20,63,נשים,קרית ארבע,language,צרפתית,2
2026-07-30T18:06:20,63,נשים,קרית ארבע,language,רוסית,3
2026-07-30T18:06:41,63,נשים,ראמין,gender,גבר,47
2026-07-30T18:06:41,63,נשים,ראמין,gender,אישה,92
2026-07-30T18:06:41,63,נשים,ראמין,visit_type,ביקור במרפאה,142
2026-07-30T18:06:41,63,נשים,ראמין,visit_type,שיחת טלפון,2
2026-07-30T18:06:41,63,נשים,ראמין,language,אידיש,1
2026-07-30T18:06:41,63,נשים,ראמין,language,אנגלית,18
2026-07-30T18:06:41,63,נשים,ראמין,language,גרמנית,1
2026-07-30T18:06:41,63,נשים,ראמין,language,עברית,32
2026-07-30T18:06:41,63,נשים,ראמין,language,ערבית,8
2026-07-30T18:06:41,63,נשים,ראמין,language,צרפתית,2
2026-07-30T18:06:41,63,נשים,ראמין,language,רומנית,2
2026-07-30T18:06:41,63,נשים,ראמין,language,רוסית,11
2026-07-30T18:07:01,63,נשים,רביד,gender,גבר,29
2026-07-30T18:07:01,63,נשים,רביד,gender,אישה,58
2026-07-30T18:07:01,63,נשים,רביד,visit_type,ביקור במרפאה,87
2026-07-30T18:07:01,63,נשים,רביד,language,אנגלית,9
2026-07-30T18:07:01,63,נשים,רביד,language,עברית,13
2026-07-30T18:07:01,63,נשים,רביד,language,ערבית,4
2026-07-30T18:07:01,63,נשים,רביד,language,רוסית,3
2026-07-30T18:07:16,63,נשים,רומאנה ממזרח לאום אל פחם,gender,גבר,47
2026-07-30T18:07:16,63,נשים,רומאנה ממזרח לאום אל פחם,gender,אישה,92
2026-07-30T18:07:16,63,נשים,רומאנה ממזרח לאום אל פחם,visit_type,ביקור במרפאה,142
2026-07-30T18:07:16,63,נשים,רומאנה ממזרח לאום אל פחם,visit_type,שיחת טלפון,2
2026-07-30T18:07:16,63,נשים,רומאנה ממזרח לאום אל פחם,language,אידיש,1
2026-07-30T18:07:16,63,נשים,רומאנה ממזרח לאום אל פחם,language,אנגלית,18
2026-07-30T18:07:16,63,נשים,רומאנה ממזרח לאום אל פחם,language,גרמנית,1
2026-07-30T18:07:16,63,נשים,רומאנה ממזרח לאום אל פחם,language,עברית,32
2026-07-30T18:07:16,63,נשים,רומאנה ממזרח לאום אל פחם,language,ערבית,8
2026-07-30T18:07:16,63,נשים,רומאנה ממזרח לאום אל פחם,language,צרפתית,2
2026-07-30T18:07:16,63,נשים,רומאנה ממזרח לאום אל פחם,language,רומנית,2
2026-07-30T18:07:16,63,נשים,רומאנה ממזרח לאום אל פחם,language,רוסית,11
2026-07-30T18:07:36,63,נשים,רימונים,gender,גבר,47
2026-07-30T18:07:36,63,נשים,רימונים,gender,אישה,79
2026-07-30T18:07:36,63,נשים,רימונים,visit_type,ביקור במרפאה,131
2026-07-30T18:07:36,63,נשים,רימונים,visit_type,שיחת טלפון,16
2026-07-30T18:07:36,63,נשים,רימונים,visit_type,שיחת וידאו,1
2026-07-30T18:07:36,63,נשים,רימונים,language,אידיש,2
2026-07-30T18:07:36,63,נשים,רימונים,language,אנגלית,20
2026-07-30T18:07:36,63,נשים,רימונים,language,עברית,24
2026-07-30T18:07:36,63,נשים,רימונים,language,ערבית,3
2026-07-30T18:07:36,63,נשים,רימונים,language,צרפתית,2
2026-07-30T18:07:36,63,נשים,רימונים,language,רוסית,3
2026-07-30T18:07:56,63,נשים,רמות נפתלי,gender,גבר,29
2026-07-30T18:07:56,63,נשים,רמות נפתלי,gender,אישה,58
2026-07-30T18:07:56,63,נשים,רמות נפתלי,visit_type,ביקור במרפאה,87
2026-07-30T18:07:56,63,נשים,רמות נפתלי,language,אנגלית,9
2026-07-30T18:07:56,63,נשים,רמות נפתלי,language,עברית,13
2026-07-30T18:07:56,63,נשים,רמות נפתלי,language,ערבית,4
2026-07-30T18:07:56,63,נשים,רמות נפתלי,language,רוסית,3
2026-07-30T18:08:10,63,נשים,רקפת,gender,גבר,37
2026-07-30T18:08:10,63,נשים,רקפת,gender,אישה,82
2026-07-30T18:08:10,63,נשים,רקפת,visit_type,ביקור במרפאה,120
2026-07-30T18:08:10,63,נשים,רקפת,visit_type,שיחת טלפון,2
2026-07-30T18:08:10,63,נשים,רקפת,language,אידיש,1
2026-07-30T18:08:10,63,נשים,רקפת,language,איטלקית,4
2026-07-30T18:08:10,63,נשים,רקפת,language,אנגלית,75
2026-07-30T18:08:10,63,נשים,רקפת,language,ספרדית,1
2026-07-30T18:08:10,63,נשים,רקפת,language,עברית,115
2026-07-30T18:08:10,63,נשים,רקפת,language,ערבית,74
2026-07-30T18:08:10,63,נשים,רקפת,language,צרפתית,2
2026-07-30T18:08:10,63,נשים,רקפת,language,רומנית,6
2026-07-30T18:08:10,63,נשים,רקפת,language,רוסית,24
2026-07-30T18:08:10,63,נשים,רקפת,language,שוודית,1
2026-07-30T18:08:28,63,נשים,שדה אילן,gender,גבר,29
2026-07-30T18:08:28,63,נשים,שדה אילן,gender,אישה,58
2026-07-30T18:08:28,63,נשים,שדה אילן,visit_type,ביקור במרפאה,87
2026-07-30T18:08:28,63,נשים,שדה אילן,language,אנגלית,9
2026-07-30T18:08:28,63,נשים,שדה אילן,language,עברית,13
2026-07-30T18:08:28,63,נשים,שדה אילן,language,ערבית,4
2026-07-30T18:08:28,63,נשים,שדה אילן,language,רוסית,3
2026-07-30T18:08:41,63,נשים,שואבה,gender,גבר,47
2026-07-30T18:08:41,63,נשים,שואבה,gender,אישה,79
2026-07-30T18:08:41,63,נשים,שואבה,visit_type,ביקור במרפאה,131
2026-07-30T18:08:41,63,נשים,שואבה,visit_type,שיחת טלפון,16
2026-07-30T18:08:41,63,נשים,שואבה,visit_type,שיחת וידאו,1
2026-07-30T18:08:41,63,נשים,שואבה,language,אידיש,2
2026-07-30T18:08:41,63,נשים,שואבה,language,אנגלית,20
2026-07-30T18:08:41,63,נשים,שואבה,language,עברית,24
2026-07-30T18:08:41,63,נשים,שואבה,language,ערבית,3
2026-07-30T18:08:41,63,נשים,שואבה,language,צרפתית,2
2026-07-30T18:08:41,63,נשים,שואבה,language,רוסית,3
2026-07-30T18:09:00,63,נשים,שזור,gender,גבר,37
2026-07-30T18:09:00,63,נשים,שזור,gender,אישה,82
2026-07-30T18:09:00,63,נשים,שזור,visit_type,ביקור במרפאה,120
2026-07-30T18:09:00,63,נשים,שזור,visit_type,שיחת טלפון,2
2026-07-30T18:09:00,63,נשים,שזור,language,אידיש,1
2026-07-30T18:09:00,63,נשים,שזור,language,איטלקית,4
2026-07-30T18:09:00,63,נשים,שזור,language,אנגלית,75
2026-07-30T18:09:00,63,נשים,שזור,language,ספרדית,1
2026-07-30T18:09:00,63,נשים,שזור,language,עברית,115
2026-07-30T18:09:00,63,נשים,שזור,language,ערבית,74
2026-07-30T18:09:00,63,נשים,שזור,language,צרפתית,2
2026-07-30T18:09:00,63,נשים,שזור,language,רומנית,6
2026-07-30T18:09:00,63,נשים,שזור,language,רוסית,24
2026-07-30T18:09:00,63,נשים,שזור,language,שוודית,1
2026-07-30T18:09:18,63,נשים,שילת,gender,גבר,40
2026-07-30T18:09:18,63,נשים,שילת,gender,אישה,46
2026-07-30T18:09:18,63,נשים,שילת,visit_type,ביקור במרפאה,88
2026-07-30T18:09:18,63,נשים,שילת,language,אוקראינית,3
2026-07-30T18:09:18,63,נשים,שילת,language,אידיש,1
2026-07-30T18:09:18,63,נשים,שילת,language,איטלקית,2
2026-07-30T18:09:18,63,נשים,שילת,language,אנגלית,21
2026-07-30T18:09:18,63,נשים,שילת,language,הונגרית,1
2026-07-30T18:09:18,63,נשים,שילת,language,ספרדית,1
2026-07-30T18:09:18,63,נשים,שילת,language,עברית,29
2026-07-30T18:09:18,63,נשים,שילת,language,צרפתית,1
2026-07-30T18:09:18,63,נשים,שילת,language,רוסית,12
2026-07-30T18:09:33,63,נשים,שמעה,gender,גבר,68
2026-07-30T18:09:33,63,נשים,שמעה,gender,אישה,86
2026-07-30T18:09:33,63,נשים,שמעה,visit_type,ביקור במרפאה,156
2026-07-30T18:09:33,63,נשים,שמעה,visit_type,שיחת טלפון,1
2026-07-30T18:09:33,63,נשים,שמעה,language,אידיש,4
2026-07-30T18:09:33,63,נשים,שמעה,language,אנגלית,22
2026-07-30T18:09:33,63,נשים,שמעה,language,גרמנית,1
2026-07-30T18:09:33,63,נשים,שמעה,language,ליטאית,1
2026-07-30T18:09:33,63,נשים,שמעה,language,סינית,1
2026-07-30T18:09:33,63,נשים,שמעה,language,עברית,14
2026-07-30T18:09:33,63,נשים,שמעה,language,ערבית,4
2026-07-30T18:09:33,63,נשים,שמעה,language,רוסית,22
2026-07-30T18:09:55,63,נשים,שער העמקים,gender,אישה,136
2026-07-30T18:09:55,63,נשים,שער העמקים,gender,גבר,48
2026-07-30T18:09:55,63,נשים,שער העמקים,visit_type,ביקור במרפאה,185
2026-07-30T18:09:55,63,נשים,שער העמקים,visit_type,שיחת טלפון,1
2026-07-30T18:09:55,63,נשים,שער העמקים,language,אידיש,1
2026-07-30T18:09:55,63,נשים,שער העמקים,language,איטלקית,3
2026-07-30T18:09:55,63,נשים,שער העמקים,language,אנגלית,68
2026-07-30T18:09:55,63,נשים,שער העמקים,language,הונגרית,3
2026-07-30T18:09:55,63,נשים,שער העמקים,language,עברית,100
2026-07-30T18:09:55,63,נשים,שער העמקים,language,ערבית,40
2026-07-30T18:09:55,63,נשים,שער העמקים,language,צרפתית,5
2026-07-30T18:09:55,63,נשים,שער העמקים,language,רומנית,5
2026-07-30T18:09:55,63,נשים,שער העמקים,language,רוסית,27
2026-07-30T18:09:55,63,נשים,שער העמקים,language,שוודית,1
2026-07-30T18:10:14,63,נשים,שריגים,gender,גבר,47
2026-07-30T18:10:14,63,נשים,שריגים,gender,אישה,79
2026-07-30T18:10:14,63,נשים,שריגים,visit_type,ביקור במרפאה,131
2026-07-30T18:10:14,63,נשים,שריגים,visit_type,שיחת טלפון,16
2026-07-30T18:10:14,63,נשים,שריגים,visit_type,שיחת וידאו,1
2026-07-30T18:10:14,63,נשים,שריגים,language,אידיש,2
2026-07-30T18:10:14,63,נשים,שריגים,language,אנגלית,20
2026-07-30T18:10:14,63,נשים,שריגים,language,עברית,24
2026-07-30T18:10:14,63,נשים,שריגים,language,ערבית,3
2026-07-30T18:10:14,63,נשים,שריגים,language,צרפתית,2
2026-07-30T18:10:14,63,נשים,שריגים,language,רוסית,3
2026-07-30T18:10:33,63,נשים,תורמוס עייא,gender,גבר,47
2026-07-30T18:10:33,63,נשים,תורמוס עייא,gender,אישה,79
2026-07-30T18:10:33,63,נשים,תורמוס עייא,visit_type,ביקור במרפאה,131
2026-07-30T18:10:33,63,נשים,תורמוס עייא,visit_type,שיחת טלפון,16
2026-07-30T18:10:33,63,נשים,תורמוס עייא,visit_type,שיחת וידאו,1
2026-07-30T18:10:33,63,נשים,תורמוס עייא,language,אידיש,2
2026-07-30T18:10:33,63,נשים,תורמוס עייא,language,אנגלית,20
2026-07-30T18:10:33,63,נשים,תורמוס עייא,language,עברית,24
2026-07-30T18:10:33,63,נשים,תורמוס עייא,language,ערבית,3
2026-07-30T18:10:33,63,נשים,תורמוס עייא,language,צרפתית,2
2026-07-30T18:10:33,63,נשים,תורמוס עייא,language,רוסית,3
2026-07-30T18:10:54,63,נשים,תל יוסף,gender,גבר,48
2026-07-30T18:10:54,63,נשים,תל יוסף,gender,אישה,127
2026-07-30T18:10:54,63,נשים,תל יוסף,visit_type,ביקור במרפאה,176
2026-07-30T18:10:54,63,נשים,תל יוסף,visit_type,שיחת טלפון,1
2026-07-30T18:10:54,63,נשים,תל יוסף,language,איטלקית,1
2026-07-30T18:10:54,63,נשים,תל יוסף,language,אנגלית,29
2026-07-30T18:10:54,63,נשים,תל יוסף,language,הונגרית,1
2026-07-30T18:10:54,63,נשים,תל יוסף,language,עברית,50
2026-07-30T18:10:54,63,נשים,תל יוסף,language,ערבית,28
2026-07-30T18:10:54,63,נשים,תל יוסף,language,רומנית,1
2026-07-30T18:10:54,63,נשים,תל יוסף,language,רוסית,11
2026-07-30T18:11:13,63,נשים,תעשיון השרון,gender,גבר,10
2026-07-30T18:11:13,63,נשים,תעשיון השרון,gender,אישה,15
2026-07-30T18:11:13,63,נשים,תעשיון השרון,visit_type,ביקור במרפאה,29
2026-07-30T18:11:13,63,נשים,תעשיון השרון,language,איטלקית,4
2026-07-30T18:11:13,63,נשים,תעשיון השרון,language,אנגלית,12
2026-07-30T18:11:13,63,נשים,תעשיון השרון,language,ספרדית,1
2026-07-30T18:11:13,63,נשים,תעשיון השרון,language,עברית,24
2026-07-30T18:11:13,63,נשים,תעשיון השרון,language,ערבית,1
2026-07-30T18:11:13,63,נשים,תעשיון השרון,language,צרפתית,2
2026-07-30T18:11:13,63,נשים,תעשיון השרון,language,רומנית,4
2026-07-30T18:11:13,63,נשים,תעשיון השרון,language,רוסית,2
2026-07-30T18:11:18,63,נשים,תקוע,gender,גבר,47
2026-07-30T18:11:18,63,נשים,תקוע,gender,אישה,79
2026-07-30T18:11:18,63,נשים,תקוע,visit_type,ביקור במרפאה,131
2026-07-30T18:11:18,63,נשים,תקוע,visit_type,שיחת טלפון,16
2026-07-30T18:11:18,63,נשים,תקוע,visit_type,שיחת וידאו,1
2026-07-30T18:11:18,63,נשים,תקוע,language,אידיש,2
2026-07-30T18:11:18,63,נשים,תקוע,language,אנגלית,20
2026-07-30T18:11:18,63,נשים,תקוע,language,עברית,24
2026-07-30T18:11:18,63,נשים,תקוע,language,ערבית,3
2026-07-30T18:11:18,63,נשים,תקוע,language,צרפתית,2
2026-07-30T18:11:18,63,נשים,תקוע,language,רוסית,3
2026-07-30T18:11:39,31,עור,א ריחייה,gender,גבר,30
2026-07-30T18:11:39,31,עור,א ריחייה,gender,אישה,13
2026-07-30T18:11:39,31,עור,א ריחייה,visit_type,ביקור במרפאה,45
2026-07-30T18:11:39,31,עור,א ריחייה,language,אנגלית,6
2026-07-30T18:11:39,31,עור,א ריחייה,language,בולגרית,1
2026-07-30T18:11:39,31,עור,א ריחייה,language,עברית,9
2026-07-30T18:11:39,31,עור,א ריחייה,language,ערבית,1
2026-07-30T18:11:39,31,עור,א ריחייה,language,רוסית,5
2026-07-30T18:11:53,31,עור,אבו עמרה,gender,גבר,22
2026-07-30T18:11:53,31,עור,אבו עמרה,gender,אישה,10
2026-07-30T18:11:53,31,עור,אבו עמרה,visit_type,ביקור במרפאה,34
2026-07-30T18:11:53,31,עור,אבו עמרה,language,אנגלית,4
2026-07-30T18:11:53,31,עור,אבו עמרה,language,בולגרית,1
2026-07-30T18:11:53,31,עור,אבו עמרה,language,עברית,6
2026-07-30T18:11:53,31,עור,אבו עמרה,language,ערבית,1
2026-07-30T18:11:53,31,עור,אבו עמרה,language,רוסית,2
2026-07-30T18:12:03,31,עור,אוהד,gender,אישה,9
2026-07-30T18:12:03,31,עור,אוהד,gender,גבר,21
2026-07-30T18:12:03,31,עור,אוהד,visit_type,ביקור במרפאה,32
2026-07-30T18:12:03,31,עור,אוהד,language,אנגלית,4
2026-07-30T18:12:03,31,עור,אוהד,language,בולגרית,1
2026-07-30T18:12:03,31,עור,אוהד,language,עברית,7
2026-07-30T18:12:03,31,עור,אוהד,language,רוסית,5
2026-07-30T18:12:13,31,עור,אזור תעשייה אלון התבור,gender,גבר,47
2026-07-30T18:12:13,31,עור,אזור תעשייה אלון התבור,gender,אישה,6
2026-07-30T18:12:13,31,עור,אזור תעשייה אלון התבור,visit_type,ביקור במרפאה,53
2026-07-30T18:12:13,31,עור,אזור תעשייה אלון התבור,language,אנגלית,21
2026-07-30T18:12:13,31,עור,אזור תעשייה אלון התבור,language,עברית,21
2026-07-30T18:12:13,31,עור,אזור תעשייה אלון התבור,language,ערבית,17
2026-07-30T18:12:13,31,עור,אזור תעשייה אלון התבור,language,רומנית,4
2026-07-30T18:12:13,31,עור,אזור תעשייה אלון התבור,language,רוסית,2
2026-07-30T18:12:23,31,עור,איבים,gender,אישה,9
2026-07-30T18:12:23,31,עור,איבים,gender,גבר,21
2026-07-30T18:12:23,31,עור,איבים,visit_type,ביקור במרפאה,32
2026-07-30T18:12:23,31,עור,איבים,language,אנגלית,4
2026-07-30T18:12:23,31,עור,איבים,language,בולגרית,1
2026-07-30T18:12:23,31,עור,איבים,language,עברית,7
2026-07-30T18:12:23,31,עור,איבים,language,רוסית,5
2026-07-30T18:12:35,31,עור,אכסאל,gender,גבר,73
2026-07-30T18:12:35,31,עור,אכסאל,gender,אישה,12
2026-07-30T18:12:35,31,עור,אכסאל,visit_type,ביקור במרפאה,85
2026-07-30T18:12:35,31,עור,אכסאל,language,איטלקית,1
2026-07-30T18:12:35,31,עור,אכסאל,language,אנגלית,35
2026-07-30T18:12:35,31,עור,אכסאל,language,עברית,39
2026-07-30T18:12:35,31,עור,אכסאל,language,ערבית,28
2026-07-30T18:12:35,31,עור,אכסאל,language,רומנית,5
2026-07-30T18:12:35,31,עור,אכסאל,language,רוסית,10
2026-07-30T18:12:49,31,עור,אל עריאן,gender,אישה,15
2026-07-30T18:12:49,31,עור,אל עריאן,gender,גבר,33
2026-07-30T18:12:49,31,עור,אל עריאן,visit_type,ביקור במרפאה,49
2026-07-30T18:12:49,31,עור,אל עריאן,language,איטלקית,1
2026-07-30T18:12:49,31,עור,אל עריאן,language,אנגלית,5
2026-07-30T18:12:49,31,עור,אל עריאן,language,עברית,9
2026-07-30T18:12:49,31,עור,אל עריאן,language,ערבית,1
2026-07-30T18:12:49,31,עור,אל עריאן,language,צרפתית,2
2026-07-30T18:12:49,31,עור,אל עריאן,language,רומנית,1
2026-07-30T18:12:49,31,עור,אל עריאן,language,רוסית,6
2026-07-30T18:13:01,31,עור,אפיק,gender,גבר,47
2026-07-30T18:13:01,31,עור,אפיק,gender,אישה,6
2026-07-30T18:13:01,31,עור,אפיק,visit_type,ביקור במרפאה,53
2026-07-30T18:13:01,31,עור,אפיק,language,אנגלית,21
2026-07-30T18:13:01,31,עור,אפיק,language,עברית,21
2026-07-30T18:13:01,31,עור,אפיק,language,ערבית,17
2026-07-30T18:13:01,31,עור,אפיק,language,רומנית,4
2026-07-30T18:13:01,31,עור,אפיק,language,רוסית,2
2026-07-30T18:13:11,31,עור,אשבול,gender,גבר,30
2026-07-30T18:13:11,31,עור,אשבול,gender,אישה,13
2026-07-30T18:13:11,31,עור,אשבול,visit_type,ביקור במרפאה,45
2026-07-30T18:13:11,31,עור,אשבול,language,אנגלית,6
2026-07-30T18:13:11,31,עור,אשבול,language,בולגרית,1
2026-07-30T18:13:11,31,עור,אשבול,language,עברית,9
2026-07-30T18:13:11,31,עור,אשבול,language,ערבית,1
2026-07-30T18:13:11,31,עור,אשבול,language,רוסית,5
2026-07-30T18:13:24,31,עור,באקה,gender,אישה,15
2026-07-30T18:13:24,31,עור,באקה,gender,גבר,33
2026-07-30T18:13:24,31,עור,באקה,visit_type,ביקור במרפאה,49
2026-07-30T18:13:24,31,עור,באקה,language,איטלקית,1
2026-07-30T18:13:24,31,עור,באקה,language,אנגלית,5
2026-07-30T18:13:24,31,עור,באקה,language,עברית,9
2026-07-30T18:13:24,31,עור,באקה,language,ערבית,1
2026-07-30T18:13:24,31,עור,באקה,language,צרפתית,2
2026-07-30T18:13:24,31,עור,באקה,language,רומנית,1
2026-07-30T18:13:24,31,עור,באקה,language,רוסית,6
2026-07-30T18:13:35,31,עור,בודרוס,gender,גבר,25
2026-07-30T18:13:35,31,עור,בודרוס,gender,אישה,13
2026-07-30T18:13:35,31,עור,בודרוס,visit_type,ביקור במרפאה,46
2026-07-30T18:13:35,31,עור,בודרוס,language,איטלקית,1
2026-07-30T18:13:35,31,עור,בודרוס,language,אנגלית,26
2026-07-30T18:13:35,31,עור,בודרוס,language,גרמנית,2
2026-07-30T18:13:35,31,עור,בודרוס,language,ספרדית,4
2026-07-30T18:13:35,31,עור,בודרוס,language,עברית,45
2026-07-30T18:13:35,31,עור,בודרוס,language,ערבית,7
2026-07-30T18:13:35,31,עור,בודרוס,language,צרפתית,3
2026-07-30T18:13:35,31,עור,בודרוס,language,רוסית,5
2026-07-30T18:13:47,31,עור,בזאריה,gender,אישה,15
2026-07-30T18:13:47,31,עור,בזאריה,gender,גבר,33
2026-07-30T18:13:47,31,עור,בזאריה,visit_type,ביקור במרפאה,49
2026-07-30T18:13:47,31,עור,בזאריה,language,איטלקית,1
2026-07-30T18:13:47,31,עור,בזאריה,language,אנגלית,5
2026-07-30T18:13:47,31,עור,בזאריה,language,עברית,9
2026-07-30T18:13:47,31,עור,בזאריה,language,ערבית,1
2026-07-30T18:13:47,31,עור,בזאריה,language,צרפתית,2
2026-07-30T18:13:47,31,עור,בזאריה,language,רומנית,1
2026-07-30T18:13:47,31,עור,בזאריה,language,רוסית,6
2026-07-30T18:13:59,31,עור,ביר אל מכסור,gender,גבר,60
2026-07-30T18:13:59,31,עור,ביר אל מכסור,gender,אישה,17
2026-07-30T18:13:59,31,עור,ביר אל מכסור,visit_type,ביקור במרפאה,79
2026-07-30T18:13:59,31,עור,ביר אל מכסור,language,אידיש,2
2026-07-30T18:13:59,31,עור,ביר אל מכסור,language,איטלקית,1
2026-07-30T18:13:59,31,עור,ביר אל מכסור,language,אנגלית,40
2026-07-30T18:13:59,31,עור,ביר אל מכסור,language,עברית,48
2026-07-30T18:13:59,31,עור,ביר אל מכסור,language,ערבית,29
2026-07-30T18:13:59,31,עור,ביר אל מכסור,language,צרפתית,1
2026-07-30T18:13:59,31,עור,ביר אל מכסור,language,רומנית,6
2026-07-30T18:13:59,31,עור,ביר אל מכסור,language,רוסית,13
2026-07-30T18:14:13,31,עור,בני יהודה,gender,גבר,47
2026-07-30T18:14:13,31,עור,בני יהודה,gender,אישה,6
2026-07-30T18:14:13,31,עור,בני יהודה,visit_type,ביקור במרפאה,53
2026-07-30T18:14:13,31,עור,בני יהודה,language,אנגלית,21
2026-07-30T18:14:13,31,עור,בני יהודה,language,עברית,21
2026-07-30T18:14:13,31,עור,בני יהודה,language,ערבית,17
2026-07-30T18:14:13,31,עור,בני יהודה,language,רומנית,4
2026-07-30T18:14:13,31,עור,בני יהודה,language,רוסית,2
2026-07-30T18:14:22,31,עור,בקוע,gender,גבר,28
2026-07-30T18:14:22,31,עור,בקוע,gender,אישה,6
2026-07-30T18:14:22,31,עור,בקוע,visit_type,ביקור במרפאה,34
2026-07-30T18:14:22,31,עור,בקוע,visit_type,שיחת טלפון,2
2026-07-30T18:14:22,31,עור,בקוע,language,אנגלית,4
2026-07-30T18:14:22,31,עור,בקוע,language,אפריקנס,1
2026-07-30T18:14:22,31,עור,בקוע,language,הולנדית,1
2026-07-30T18:14:22,31,עור,בקוע,language,עברית,8
2026-07-30T18:14:22,31,עור,בקוע,language,רוסית,3
2026-07-30T18:14:28,31,עור,ברכיה,gender,אישה,9
2026-07-30T18:14:28,31,עור,ברכיה,gender,גבר,21
2026-07-30T18:14:28,31,עור,ברכיה,visit_type,ביקור במרפאה,32
2026-07-30T18:14:28,31,עור,ברכיה,language,אנגלית,4
2026-07-30T18:14:28,31,עור,ברכיה,language,בולגרית,1
2026-07-30T18:14:28,31,עור,ברכיה,language,עברית,7
2026-07-30T18:14:28,31,עור,ברכיה,language,רוסית,5
2026-07-30T18:14:38,31,עור,ג'אניה,gender,גבר,24
2026-07-30T18:14:38,31,עור,ג'אניה,gender,אישה,19
2026-07-30T18:14:38,31,עור,ג'אניה,visit_type,ביקור במרפאה,45
2026-07-30T18:14:38,31,עור,ג'אניה,language,אנגלית,6
2026-07-30T18:14:38,31,עור,ג'אניה,language,ספרדית,1
2026-07-30T18:14:38,31,עור,ג'אניה,language,עברית,13
2026-07-30T18:14:38,31,עור,ג'אניה,language,צרפתית,4
2026-07-30T18:14:38,31,עור,ג'אניה,language,רוסית,7
2026-07-30T18:14:47,31,עור,גבע כרמל,gender,גבר,60
2026-07-30T18:14:47,31,עור,גבע כרמל,gender,אישה,17
2026-07-30T18:14:47,31,עור,גבע כרמל,visit_type,ביקור במרפאה,79
2026-07-30T18:14:47,31,עור,גבע כרמל,language,אידיש,2
2026-07-30T18:14:47,31,עור,גבע כרמל,language,איטלקית,1
2026-07-30T18:14:47,31,עור,גבע כרמל,language,אנגלית,40
2026-07-30T18:14:47,31,עור,גבע כרמל,language,עברית,48
2026-07-30T18:14:47,31,עור,גבע כרמל,language,ערבית,29
2026-07-30T18:14:47,31,עור,גבע כרמל,language,צרפתית,1
2026-07-30T18:14:47,31,עור,גבע כרמל,language,רומנית,6
2026-07-30T18:14:47,31,עור,גבע כרמל,language,רוסית,13
2026-07-30T18:15:03,31,עור,גונן,gender,גבר,47
2026-07-30T18:15:03,31,עור,גונן,gender,אישה,6
2026-07-30T18:15:03,31,עור,גונן,visit_type,ביקור במרפאה,53
2026-07-30T18:15:03,31,עור,גונן,language,אנגלית,21
2026-07-30T18:15:03,31,עור,גונן,language,עברית,21
2026-07-30T18:15:03,31,עור,גונן,language,ערבית,17
2026-07-30T18:15:03,31,עור,גונן,language,רומנית,4
2026-07-30T18:15:03,31,עור,גונן,language,רוסית,2
2026-07-30T18:15:13,31,עור,גינוסר,gender,גבר,47
2026-07-30T18:15:13,31,עור,גינוסר,gender,אישה,6
2026-07-30T18:15:13,31,עור,גינוסר,visit_type,ביקור במרפאה,53
2026-07-30T18:15:13,31,עור,גינוסר,language,אנגלית,21
2026-07-30T18:15:13,31,עור,גינוסר,language,עברית,21
2026-07-30T18:15:13,31,עור,גינוסר,language,ערבית,17
2026-07-30T18:15:13,31,עור,גינוסר,language,רומנית,4
2026-07-30T18:15:13,31,עור,גינוסר,language,רוסית,2
2026-07-30T18:15:21,31,עור,גנות,gender,גבר,28
2026-07-30T18:15:21,31,עור,גנות,gender,אישה,6
2026-07-30T18:15:21,31,עור,גנות,visit_type,ביקור במרפאה,34
2026-07-30T18:15:21,31,עור,גנות,visit_type,שיחת טלפון,2
2026-07-30T18:15:21,31,עור,גנות,language,אנגלית,4
2026-07-30T18:15:21,31,עור,גנות,language,אפריקנס,1
2026-07-30T18:15:21,31,עור,גנות,language,הולנדית,1
2026-07-30T18:15:21,31,עור,גנות,language,עברית,8
2026-07-30T18:15:21,31,עור,גנות,language,רוסית,3
2026-07-30T18:15:26,31,עור,גפן,gender,גבר,18
2026-07-30T18:15:26,31,עור,גפן,gender,אישה,6
2026-07-30T18:15:26,31,עור,גפן,visit_type,ביקור במרפאה,24
2026-07-30T18:15:26,31,עור,גפן,language,אנגלית,7
2026-07-30T18:15:26,31,עור,גפן,language,אפריקנס,1
2026-07-30T18:15:26,31,עור,גפן,language,הולנדית,1
2026-07-30T18:15:26,31,עור,גפן,language,עברית,10
2026-07-30T18:15:26,31,עור,גפן,language,רוסית,6
2026-07-30T18:15:33,31,עור,דבירה,gender,גבר,30
2026-07-30T18:15:33,31,עור,דבירה,gender,אישה,13
2026-07-30T18:15:33,31,עור,דבירה,visit_type,ביקור במרפאה,45
2026-07-30T18:15:33,31,עור,דבירה,language,אנגלית,6
2026-07-30T18:15:33,31,עור,דבירה,language,בולגרית,1
2026-07-30T18:15:33,31,עור,דבירה,language,עברית,9
2026-07-30T18:15:33,31,עור,דבירה,language,ערבית,1
2026-07-30T18:15:33,31,עור,דבירה,language,רוסית,5
2026-07-30T18:15:46,31,עור,דור,gender,גבר,60
2026-07-30T18:15:46,31,עור,דור,gender,אישה,17
2026-07-30T18:15:46,31,עור,דור,visit_type,ביקור במרפאה,79
2026-07-30T18:15:46,31,עור,דור,language,אידיש,2
2026-07-30T18:15:46,31,עור,דור,language,איטלקית,1
2026-07-30T18:15:46,31,עור,דור,language,אנגלית,40
2026-07-30T18:15:46,31,עור,דור,language,עברית,48
2026-07-30T18:15:46,31,עור,דור,language,ערבית,29
2026-07-30T18:15:46,31,עור,דור,language,צרפתית,1
2026-07-30T18:15:46,31,עור,דור,language,רומנית,6
2026-07-30T18:15:46,31,עור,דור,language,רוסית,13
2026-07-30T18:16:01,31,עור,דיר אבו דעיף,gender,אישה,15
2026-07-30T18:16:01,31,עור,דיר אבו דעיף,gender,גבר,33
2026-07-30T18:16:01,31,עור,דיר אבו דעיף,visit_type,ביקור במרפאה,49
2026-07-30T18:16:01,31,עור,דיר אבו דעיף,language,איטלקית,1
2026-07-30T18:16:01,31,עור,דיר אבו דעיף,language,אנגלית,5
2026-07-30T18:16:01,31,עור,דיר אבו דעיף,language,עברית,9
2026-07-30T18:16:01,31,עור,דיר אבו דעיף,language,ערבית,1
2026-07-30T18:16:01,31,עור,דיר אבו דעיף,language,צרפתית,2
2026-07-30T18:16:01,31,עור,דיר אבו דעיף,language,רומנית,1
2026-07-30T18:16:01,31,עור,דיר אבו דעיף,language,רוסית,6
2026-07-30T18:16:14,31,עור,דקל,gender,אישה,9
2026-07-30T18:16:14,31,עור,דקל,gender,גבר,21
2026-07-30T18:16:14,31,עור,דקל,visit_type,ביקור במרפאה,32
2026-07-30T18:16:14,31,עור,דקל,language,אנגלית,4
2026-07-30T18:16:14,31,עור,דקל,language,בולגרית,1
2026-07-30T18:16:14,31,עור,דקל,language,עברית,7
2026-07-30T18:16:14,31,עור,דקל,language,רוסית,5
2026-07-30T18:16:26,31,עור,הוואשלה,gender,גבר,22
2026-07-30T18:16:26,31,עור,הוואשלה,gender,אישה,10
2026-07-30T18:16:26,31,עור,הוואשלה,visit_type,ביקור במרפאה,34
2026-07-30T18:16:26,31,עור,הוואשלה,language,אנגלית,4
2026-07-30T18:16:26,31,עור,הוואשלה,language,בולגרית,1
2026-07-30T18:16:26,31,עור,הוואשלה,language,עברית,6
2026-07-30T18:16:26,31,עור,הוואשלה,language,ערבית,1
2026-07-30T18:16:26,31,עור,הוואשלה,language,רוסית,2
2026-07-30T18:16:35,31,עור,הסוללים,gender,גבר,47
2026-07-30T18:16:35,31,עור,הסוללים,gender,אישה,6
2026-07-30T18:16:35,31,עור,הסוללים,visit_type,ביקור במרפאה,53
2026-07-30T18:16:35,31,עור,הסוללים,language,אנגלית,21
2026-07-30T18:16:35,31,עור,הסוללים,language,עברית,21
2026-07-30T18:16:35,31,עור,הסוללים,language,ערבית,17
2026-07-30T18:16:35,31,עור,הסוללים,language,רומנית,4
2026-07-30T18:16:35,31,עור,הסוללים,language,רוסית,2
2026-07-30T18:16:43,31,עור,ורד יריחו,gender,גבר,24
2026-07-30T18:16:43,31,עור,ורד יריחו,gender,אישה,19
2026-07-30T18:16:43,31,עור,ורד יריחו,visit_type,ביקור במרפאה,45
2026-07-30T18:16:43,31,עור,ורד יריחו,language,אנגלית,6
2026-07-30T18:16:43,31,עור,ורד יריחו,language,ספרדית,1
2026-07-30T18:16:43,31,עור,ורד יריחו,language,עברית,13
2026-07-30T18:16:43,31,עור,ורד יריחו,language,צרפתית,4
2026-07-30T18:16:43,31,עור,ורד יריחו,language,רוסית,7
2026-07-30T18:16:51,31,עור,זיבדה,gender,אישה,15
2026-07-30T18:16:51,31,עור,זיבדה,gender,גבר,33
2026-07-30T18:16:51,31,עור,זיבדה,visit_type,ביקור במרפאה,49
2026-07-30T18:16:51,31,עור,זיבדה,language,איטלקית,1
2026-07-30T18:16:51,31,עור,זיבדה,language,אנגלית,5
2026-07-30T18:16:51,31,עור,זיבדה,language,עברית,9
2026-07-30T18:16:51,31,עור,זיבדה,language,ערבית,1
2026-07-30T18:16:51,31,עור,זיבדה,language,צרפתית,2
2026-07-30T18:16:51,31,עור,זיבדה,language,רומנית,1
2026-07-30T18:16:51,31,עור,זיבדה,language,רוסית,6
2026-07-30T18:17:03,31,עור,זעתרה,gender,גבר,24
2026-07-30T18:17:03,31,עור,זעתרה,gender,אישה,19
2026-07-30T18:17:03,31,עור,זעתרה,visit_type,ביקור במרפאה,45
2026-07-30T18:17:03,31,עור,זעתרה,language,אנגלית,6
2026-07-30T18:17:03,31,עור,זעתרה,language,ספרדית,1
2026-07-30T18:17:03,31,עור,זעתרה,language,עברית,13
2026-07-30T18:17:03,31,עור,זעתרה,language,צרפתית,4
2026-07-30T18:17:03,31,עור,זעתרה,language,רוסית,7
2026-07-30T18:17:10,31,עור,חברון,gender,גבר,24
2026-07-30T18:17:10,31,עור,חברון,gender,אישה,19
2026-07-30T18:17:10,31,עור,חברון,visit_type,ביקור במרפאה,45
2026-07-30T18:17:10,31,עור,חברון,language,אנגלית,6
2026-07-30T18:17:10,31,עור,חברון,language,ספרדית,1
2026-07-30T18:17:10,31,עור,חברון,language,עברית,13
2026-07-30T18:17:10,31,עור,חברון,language,צרפתית,4
2026-07-30T18:17:10,31,עור,חברון,language,רוסית,7
2026-07-30T18:17:20,31,עור,חולון,gender,גבר,25
2026-07-30T18:17:20,31,עור,חולון,gender,אישה,17
2026-07-30T18:17:20,31,עור,חולון,visit_type,ביקור במרפאה,47
2026-07-30T18:17:20,31,עור,חולון,language,אידיש,1
2026-07-30T18:17:20,31,עור,חולון,language,אנגלית,12
2026-07-30T18:17:20,31,עור,חולון,language,אפריקנס,2
2026-07-30T18:17:20,31,עור,חולון,language,גרמנית,1
2026-07-30T18:17:20,31,עור,חולון,language,הולנדית,2
2026-07-30T18:17:20,31,עור,חולון,language,עברית,19
2026-07-30T18:17:20,31,עור,חולון,language,צרפתית,1
2026-07-30T18:17:20,31,עור,חולון,language,רומנית,1
2026-07-30T18:17:20,31,עור,חולון,language,רוסית,4
2026-07-30T18:17:30,31,עור,חיזמא,gender,גבר,24
2026-07-30T18:17:30,31,עור,חיזמא,gender,אישה,19
2026-07-30T18:17:30,31,עור,חיזמא,visit_type,ביקור במרפאה,45
2026-07-30T18:17:30,31,עור,חיזמא,language,אנגלית,6
2026-07-30T18:17:30,31,עור,חיזמא,language,ספרדית,1
2026-07-30T18:17:30,31,עור,חיזמא,language,עברית,13
2026-07-30T18:17:30,31,עור,חיזמא,language,צרפתית,4
2026-07-30T18:17:30,31,עור,חיזמא,language,רוסית,7
2026-07-30T18:17:37,31,עור,חמרה,gender,גבר,24
2026-07-30T18:17:37,31,עור,חמרה,gender,אישה,19
2026-07-30T18:17:37,31,עור,חמרה,visit_type,ביקור במרפאה,45
2026-07-30T18:17:37,31,עור,חמרה,language,אנגלית,6
2026-07-30T18:17:37,31,עור,חמרה,language,ספרדית,1
2026-07-30T18:17:37,31,עור,חמרה,language,עברית,13
2026-07-30T18:17:37,31,עור,חמרה,language,צרפתית,4
2026-07-30T18:17:37,31,עור,חמרה,language,רוסית,7
2026-07-30T18:17:46,31,עור,חצור הגלילית,gender,גבר,47
2026-07-30T18:17:46,31,עור,חצור הגלילית,gender,אישה,6
2026-07-30T18:17:46,31,עור,חצור הגלילית,visit_type,ביקור במרפאה,53
2026-07-30T18:17:46,31,עור,חצור הגלילית,language,אנגלית,21
2026-07-30T18:17:46,31,עור,חצור הגלילית,language,עברית,21
2026-07-30T18:17:46,31,עור,חצור הגלילית,language,ערבית,17
2026-07-30T18:17:46,31,עור,חצור הגלילית,language,רומנית,4
2026-07-30T18:17:46,31,עור,חצור הגלילית,language,רוסית,2
2026-07-30T18:17:54,31,עור,טובא זנגריה,gender,גבר,47
2026-07-30T18:17:54,31,עור,טובא זנגריה,gender,אישה,6
2026-07-30T18:17:54,31,עור,טובא זנגריה,visit_type,ביקור במרפאה,53
2026-07-30T18:17:54,31,עור,טובא זנגריה,language,אנגלית,21
2026-07-30T18:17:54,31,עור,טובא זנגריה,language,עברית,21
2026-07-30T18:17:54,31,עור,טובא זנגריה,language,ערבית,17
2026-07-30T18:17:54,31,עור,טובא זנגריה,language,רומנית,4
2026-07-30T18:17:54,31,עור,טובא זנגריה,language,רוסית,2
2026-07-30T18:18:04,31,עור,טירת כרמל,gender,גבר,60
2026-07-30T18:18:04,31,עור,טירת כרמל,gender,אישה,17
2026-07-30T18:18:04,31,עור,טירת כרמל,visit_type,ביקור במרפאה,79
2026-07-30T18:18:04,31,עור,טירת כרמל,language,אידיש,2
2026-07-30T18:18:04,31,עור,טירת כרמל,language,איטלקית,1
2026-07-30T18:18:04,31,עור,טירת כרמל,language,אנגלית,40
2026-07-30T18:18:04,31,עור,טירת כרמל,language,עברית,48
2026-07-30T18:18:04,31,עור,טירת כרמל,language,ערבית,29
2026-07-30T18:18:04,31,עור,טירת כרמל,language,צרפתית,1
2026-07-30T18:18:04,31,עור,טירת כרמל,language,רומנית,6
2026-07-30T18:18:04,31,עור,טירת כרמל,language,רוסית,13
2026-07-30T18:18:20,31,עור,טנא,gender,גבר,30
2026-07-30T18:18:20,31,עור,טנא,gender,אישה,13
2026-07-30T18:18:20,31,עור,טנא,visit_type,ביקור במרפאה,45
2026-07-30T18:18:20,31,עור,טנא,language,אנגלית,6
2026-07-30T18:18:20,31,עור,טנא,language,בולגרית,1
2026-07-30T18:18:20,31,עור,טנא,language,עברית,9
2026-07-30T18:18:20,31,עור,טנא,language,ערבית,1
2026-07-30T18:18:20,31,עור,טנא,language,רוסית,5
2026-07-30T18:18:32,31,עור,יבנה,gender,גבר,18
2026-07-30T18:18:32,31,עור,יבנה,gender,אישה,6
2026-07-30T18:18:32,31,עור,יבנה,visit_type,ביקור במרפאה,24
2026-07-30T18:18:32,31,עור,יבנה,language,אנגלית,7
2026-07-30T18:18:32,31,עור,יבנה,language,אפריקנס,1
2026-07-30T18:18:32,31,עור,יבנה,language,הולנדית,1
2026-07-30T18:18:32,31,עור,יבנה,language,עברית,10
2026-07-30T18:18:32,31,עור,יבנה,language,רוסית,6
2026-07-30T18:18:37,31,עור,ידידה,gender,גבר,24
2026-07-30T18:18:37,31,עור,ידידה,gender,אישה,19
2026-07-30T18:18:37,31,עור,ידידה,visit_type,ביקור במרפאה,45
2026-07-30T18:18:37,31,עור,ידידה,language,אנגלית,6
2026-07-30T18:18:37,31,עור,ידידה,language,ספרדית,1
2026-07-30T18:18:37,31,עור,ידידה,language,עברית,13
2026-07-30T18:18:37,31,עור,ידידה,language,צרפתית,4
2026-07-30T18:18:37,31,עור,ידידה,language,רוסית,7
2026-07-30T18:18:47,31,עור,יטא יוטה,gender,גבר,30
2026-07-30T18:18:47,31,עור,יטא יוטה,gender,אישה,13
2026-07-30T18:18:47,31,עור,יטא יוטה,visit_type,ביקור במרפאה,45
2026-07-30T18:18:47,31,עור,יטא יוטה,language,אנגלית,6
2026-07-30T18:18:47,31,עור,יטא יוטה,language,בולגרית,1
2026-07-30T18:18:47,31,עור,יטא יוטה,language,עברית,9
2026-07-30T18:18:47,31,עור,יטא יוטה,language,ערבית,1
2026-07-30T18:18:47,31,עור,יטא יוטה,language,רוסית,5
2026-07-30T18:19:00,31,עור,יעד,gender,גבר,45
2026-07-30T18:19:00,31,עור,יעד,gender,אישה,6
2026-07-30T18:19:00,31,עור,יעד,visit_type,ביקור במרפאה,52
2026-07-30T18:19:00,31,עור,יעד,language,אידיש,1
2026-07-30T18:19:00,31,עור,יעד,language,אנגלית,28
2026-07-30T18:19:00,31,עור,יעד,language,גרמנית,7
2026-07-30T18:19:00,31,עור,יעד,language,עברית,51
2026-07-30T18:19:00,31,עור,יעד,language,ערבית,45
2026-07-30T18:19:00,31,עור,יעד,language,רומנית,12
2026-07-30T18:19:00,31,עור,יעד,language,רוסית,3
2026-07-30T18:19:10,31,עור,יקום,gender,אישה,15
2026-07-30T18:19:10,31,עור,יקום,gender,גבר,33
2026-07-30T18:19:10,31,עור,יקום,visit_type,ביקור במרפאה,49
2026-07-30T18:19:10,31,עור,יקום,language,איטלקית,1
2026-07-30T18:19:10,31,עור,יקום,language,אנגלית,5
2026-07-30T18:19:10,31,עור,יקום,language,עברית,9
2026-07-30T18:19:10,31,עור,יקום,language,ערבית,1
2026-07-30T18:19:10,31,עור,יקום,language,צרפתית,2
2026-07-30T18:19:10,31,עור,יקום,language,רומנית,1
2026-07-30T18:19:10,31,עור,יקום,language,רוסית,6
2026-07-30T18:19:21,31,עור,ירכא,gender,גבר,35
2026-07-30T18:19:21,31,עור,ירכא,gender,אישה,3
2026-07-30T18:19:21,31,עור,ירכא,visit_type,ביקור במרפאה,38
2026-07-30T18:19:21,31,עור,ירכא,language,אנגלית,19
2026-07-30T18:19:21,31,עור,ירכא,language,גרמנית,7
2026-07-30T18:19:21,31,עור,ירכא,language,עברית,38
2026-07-30T18:19:21,31,עור,ירכא,language,ערבית,35
2026-07-30T18:19:21,31,עור,ירכא,language,רומנית,10
2026-07-30T18:19:21,31,עור,ירכא,language,רוסית,2
2026-07-30T18:19:28,31,עור,כברי,gender,גבר,35
2026-07-30T18:19:28,31,עור,כברי,gender,אישה,3
2026-07-30T18:19:28,31,עור,כברי,visit_type,ביקור במרפאה,38
2026-07-30T18:19:28,31,עור,כברי,language,אנגלית,19
2026-07-30T18:19:28,31,עור,כברי,language,גרמנית,7
2026-07-30T18:19:28,31,עור,כברי,language,עברית,38
2026-07-30T18:19:28,31,עור,כברי,language,ערבית,35
2026-07-30T18:19:28,31,עור,כברי,language,רומנית,10
2026-07-30T18:19:28,31,עור,כברי,language,רוסית,2
2026-07-30T18:19:34,31,עור,כור,gender,אישה,15
2026-07-30T18:19:34,31,עור,כור,gender,גבר,33
2026-07-30T18:19:34,31,עור,כור,visit_type,ביקור במרפאה,49
2026-07-30T18:19:34,31,עור,כור,language,איטלקית,1
2026-07-30T18:19:34,31,עור,כור,language,אנגלית,5
2026-07-30T18:19:34,31,עור,כור,language,עברית,9
2026-07-30T18:19:34,31,עור,כור,language,ערבית,1
2026-07-30T18:19:34,31,עור,כור,language,צרפתית,2
2026-07-30T18:19:34,31,עור,כור,language,רומנית,1
2026-07-30T18:19:34,31,עור,כור,language,רוסית,6
2026-07-30T18:19:46,31,עור,כלנית,gender,גבר,47
2026-07-30T18:19:46,31,עור,כלנית,gender,אישה,6
2026-07-30T18:19:46,31,עור,כלנית,visit_type,ביקור במרפאה,53
2026-07-30T18:19:46,31,עור,כלנית,language,אנגלית,21
2026-07-30T18:19:46,31,עור,כלנית,language,עברית,21
2026-07-30T18:19:46,31,עור,כלנית,language,ערבית,17
2026-07-30T18:19:46,31,עור,כלנית,language,רומנית,4
2026-07-30T18:19:46,31,עור,כלנית,language,רוסית,2
2026-07-30T18:19:56,31,עור,כפר א דיכ,gender,גבר,25
2026-07-30T18:19:56,31,עור,כפר א דיכ,gender,אישה,13
2026-07-30T18:19:56,31,עור,כפר א דיכ,visit_type,ביקור במרפאה,46
2026-07-30T18:19:56,31,עור,כפר א דיכ,language,איטלקית,1
2026-07-30T18:19:56,31,עור,כפר א דיכ,language,אנגלית,26
2026-07-30T18:19:56,31,עור,כפר א דיכ,language,גרמנית,2
2026-07-30T18:19:56,31,עור,כפר א דיכ,language,ספרדית,4
2026-07-30T18:19:56,31,עור,כפר א דיכ,language,עברית,45
2026-07-30T18:19:56,31,עור,כפר א דיכ,language,ערבית,7
2026-07-30T18:19:56,31,עור,כפר א דיכ,language,צרפתית,3
2026-07-30T18:19:56,31,עור,כפר א דיכ,language,רוסית,5
2026-07-30T18:20:09,31,עור,כרזה,gender,גבר,30
2026-07-30T18:20:09,31,עור,כרזה,gender,אישה,13
2026-07-30T18:20:09,31,עור,כרזה,visit_type,ביקור במרפאה,45
2026-07-30T18:20:09,31,עור,כרזה,language,אנגלית,6
2026-07-30T18:20:09,31,עור,כרזה,language,בולגרית,1
2026-07-30T18:20:09,31,עור,כרזה,language,עברית,9
2026-07-30T18:20:09,31,עור,כרזה,language,ערבית,1
2026-07-30T18:20:09,31,עור,כרזה,language,רוסית,5
2026-07-30T18:20:24,31,עור,לא מוכר-דרום,gender,גבר,30
2026-07-30T18:20:24,31,עור,לא מוכר-דרום,gender,אישה,13
2026-07-30T18:20:24,31,עור,לא מוכר-דרום,visit_type,ביקור במרפאה,45
2026-07-30T18:20:24,31,עור,לא מוכר-דרום,language,אנגלית,6
2026-07-30T18:20:24,31,עור,לא מוכר-דרום,language,בולגרית,1
2026-07-30T18:20:24,31,עור,לא מוכר-דרום,language,עברית,9
2026-07-30T18:20:24,31,עור,לא מוכר-דרום,language,ערבית,1
2026-07-30T18:20:24,31,עור,לא מוכר-דרום,language,רוסית,5
2026-07-30T18:20:38,31,עור,לוד,gender,גבר,28
2026-07-30T18:20:38,31,עור,לוד,gender,אישה,6
2026-07-30T18:20:38,31,עור,לוד,visit_type,ביקור במרפאה,34
2026-07-30T18:20:38,31,עור,לוד,visit_type,שיחת טלפון,2
2026-07-30T18:20:38,31,עור,לוד,language,אנגלית,4
2026-07-30T18:20:38,31,עור,לוד,language,אפריקנס,1
2026-07-30T18:20:38,31,עור,לוד,language,הולנדית,1
2026-07-30T18:20:38,31,עור,לוד,language,עברית,8
2026-07-30T18:20:38,31,עור,לוד,language,רוסית,3
2026-07-30T18:20:44,31,עור,מאור,gender,גבר,59
2026-07-30T18:20:44,31,עור,מאור,gender,אישה,21
2026-07-30T18:20:44,31,עור,מאור,visit_type,ביקור במרפאה,81
2026-07-30T18:20:44,31,עור,מאור,language,איטלקית,1
2026-07-30T18:20:44,31,עור,מאור,language,אנגלית,23
2026-07-30T18:20:44,31,עור,מאור,language,עברית,27
2026-07-30T18:20:44,31,עור,מאור,language,ערבית,14
2026-07-30T18:20:44,31,עור,מאור,language,צרפתית,2
2026-07-30T18:20:44,31,עור,מאור,language,רומנית,1
2026-07-30T18:20:44,31,עור,מאור,language,רוסית,10
2026-07-30T18:21:02,31,עור,מבטחים,gender,גבר,30
2026-07-30T18:21:02,31,עור,מבטחים,gender,אישה,13
2026-07-30T18:21:02,31,עור,מבטחים,visit_type,ביקור במרפאה,45
2026-07-30T18:21:02,31,עור,מבטחים,language,אנגלית,6
2026-07-30T18:21:02,31,עור,מבטחים,language,בולגרית,1
2026-07-30T18:21:02,31,עור,מבטחים,language,עברית,9
2026-07-30T18:21:02,31,עור,מבטחים,language,ערבית,1
2026-07-30T18:21:02,31,עור,מבטחים,language,רוסית,5
2026-07-30T18:21:14,31,עור,מגדל עוז,gender,גבר,24
2026-07-30T18:21:14,31,עור,מגדל עוז,gender,אישה,19
2026-07-30T18:21:14,31,עור,מגדל עוז,visit_type,ביקור במרפאה,45
2026-07-30T18:21:14,31,עור,מגדל עוז,language,אנגלית,6
2026-07-30T18:21:14,31,עור,מגדל עוז,language,ספרדית,1
2026-07-30T18:21:14,31,עור,מגדל עוז,language,עברית,13
2026-07-30T18:21:14,31,עור,מגדל עוז,language,צרפתית,4
2026-07-30T18:21:14,31,עור,מגדל עוז,language,רוסית,7
2026-07-30T18:21:25,31,עור,מוע'אזי,gender,גבר,30
2026-07-30T18:21:25,31,עור,מוע'אזי,gender,אישה,13
2026-07-30T18:21:25,31,עור,מוע'אזי,visit_type,ביקור במרפאה,45
2026-07-30T18:21:25,31,עור,מוע'אזי,language,אנגלית,6
2026-07-30T18:21:25,31,עור,מוע'אזי,language,בולגרית,1
2026-07-30T18:21:25,31,עור,מוע'אזי,language,עברית,9
2026-07-30T18:21:25,31,עור,מוע'אזי,language,ערבית,1
2026-07-30T18:21:25,31,עור,מוע'אזי,language,רוסית,5
2026-07-30T18:21:37,31,עור,מזרעה א שרקיה,gender,גבר,24
2026-07-30T18:21:37,31,עור,מזרעה א שרקיה,gender,אישה,19
2026-07-30T18:21:37,31,עור,מזרעה א שרקיה,visit_type,ביקור במרפאה,45
2026-07-30T18:21:37,31,עור,מזרעה א שרקיה,language,אנגלית,6
2026-07-30T18:21:37,31,עור,מזרעה א שרקיה,language,ספרדית,1
2026-07-30T18:21:37,31,עור,מזרעה א שרקיה,language,עברית,13
2026-07-30T18:21:37,31,עור,מזרעה א שרקיה,language,צרפתית,4
2026-07-30T18:21:37,31,עור,מזרעה א שרקיה,language,רוסית,7
2026-07-30T18:21:46,31,עור,מייסר,gender,גבר,59
2026-07-30T18:21:46,31,עור,מייסר,gender,אישה,21
2026-07-30T18:21:46,31,עור,מייסר,visit_type,ביקור במרפאה,81
2026-07-30T18:21:46,31,עור,מייסר,language,איטלקית,1
2026-07-30T18:21:46,31,עור,מייסר,language,אנגלית,23
2026-07-30T18:21:46,31,עור,מייסר,language,עברית,27
2026-07-30T18:21:46,31,עור,מייסר,language,ערבית,14
2026-07-30T18:21:46,31,עור,מייסר,language,צרפתית,2
2026-07-30T18:21:46,31,עור,מייסר,language,רומנית,1
2026-07-30T18:21:46,31,עור,מייסר,language,רוסית,10
2026-07-30T18:22:02,31,עור,מכמנים,gender,גבר,63
2026-07-30T18:22:02,31,עור,מכמנים,gender,אישה,10
2026-07-30T18:22:02,31,עור,מכמנים,visit_type,ביקור במרפאה,75
2026-07-30T18:22:02,31,עור,מכמנים,language,אידיש,2
2026-07-30T18:22:02,31,עור,מכמנים,language,אנגלית,49
2026-07-30T18:22:02,31,עור,מכמנים,language,גרמנית,7
2026-07-30T18:22:02,31,עור,מכמנים,language,עברית,72
2026-07-30T18:22:02,31,עור,מכמנים,language,ערבית,60
2026-07-30T18:22:02,31,עור,מכמנים,language,צרפתית,1
2026-07-30T18:22:02,31,עור,מכמנים,language,רומנית,15
2026-07-30T18:22:02,31,עור,מכמנים,language,רוסית,7
2026-07-30T18:22:17,31,עור,מנשית זבדה,gender,גבר,73
2026-07-30T18:22:17,31,עור,מנשית זבדה,gender,אישה,12
2026-07-30T18:22:17,31,עור,מנשית זבדה,visit_type,ביקור במרפאה,85
2026-07-30T18:22:17,31,עור,מנשית זבדה,language,איטלקית,1
2026-07-30T18:22:17,31,עור,מנשית זבדה,language,אנגלית,35
2026-07-30T18:22:17,31,עור,מנשית זבדה,language,עברית,39
2026-07-30T18:22:17,31,עור,מנשית זבדה,language,ערבית,28
2026-07-30T18:22:17,31,עור,מנשית זבדה,language,רומנית,5
2026-07-30T18:22:17,31,עור,מנשית זבדה,language,רוסית,10
2026-07-30T18:22:32,31,עור,מעברות,gender,גבר,33
2026-07-30T18:22:32,31,עור,מעברות,gender,אישה,15
2026-07-30T18:22:32,31,עור,מעברות,visit_type,ביקור במרפאה,49
2026-07-30T18:22:32,31,עור,מעברות,language,איטלקית,1
2026-07-30T18:22:32,31,עור,מעברות,language,אנגלית,5
2026-07-30T18:22:32,31,עור,מעברות,language,עברית,9
2026-07-30T18:22:32,31,עור,מעברות,language,ערבית,1
2026-07-30T18:22:32,31,עור,מעברות,language,צרפתית,2
2026-07-30T18:22:32,31,עור,מעברות,language,רומנית,1
2026-07-30T18:22:32,31,עור,מעברות,language,רוסית,6
2026-07-30T18:22:44,31,עור,מפלסים,gender,גבר,21
2026-07-30T18:22:44,31,עור,מפלסים,gender,אישה,9
2026-07-30T18:22:44,31,עור,מפלסים,visit_type,ביקור במרפאה,32
2026-07-30T18:22:44,31,עור,מפלסים,language,אנגלית,4
2026-07-30T18:22:44,31,עור,מפלסים,language,בולגרית,1
2026-07-30T18:22:44,31,עור,מפלסים,language,עברית,7
2026-07-30T18:22:44,31,עור,מפלסים,language,רוסית,5
2026-07-30T18:22:56,31,עור,מצדה,gender,גבר,30
2026-07-30T18:22:56,31,עור,מצדה,gender,אישה,13
2026-07-30T18:22:56,31,עור,מצדה,visit_type,ביקור במרפאה,45
2026-07-30T18:22:56,31,עור,מצדה,language,אנגלית,6
2026-07-30T18:22:56,31,עור,מצדה,language,בולגרית,1
2026-07-30T18:22:56,31,עור,מצדה,language,עברית,9
2026-07-30T18:22:56,31,עור,מצדה,language,ערבית,1
2026-07-30T18:22:56,31,עור,מצדה,language,רוסית,5
2026-07-30T18:23:08,31,עור,מקווה ישראל,gender,גבר,13
2026-07-30T18:23:08,31,עור,מקווה ישראל,gender,אישה,14
2026-07-30T18:23:08,31,עור,מקווה ישראל,visit_type,ביקור במרפאה,32
2026-07-30T18:23:08,31,עור,מקווה ישראל,language,אידיש,1
2026-07-30T18:23:08,31,עור,מקווה ישראל,language,אנגלית,8
2026-07-30T18:23:08,31,עור,מקווה ישראל,language,אפריקנס,1
2026-07-30T18:23:08,31,עור,מקווה ישראל,language,גרמנית,1
2026-07-30T18:23:08,31,עור,מקווה ישראל,language,הולנדית,1
2026-07-30T18:23:08,31,עור,מקווה ישראל,language,עברית,13
2026-07-30T18:23:08,31,עור,מקווה ישראל,language,צרפתית,1
2026-07-30T18:23:08,31,עור,מקווה ישראל,language,רומנית,1
2026-07-30T18:23:08,31,עור,מקווה ישראל,language,רוסית,1
2026-07-30T18:23:18,31,עור,מרכז אזורי משגב,gender,גבר,45
2026-07-30T18:23:18,31,עור,מרכז אזורי משגב,gender,אישה,6
2026-07-30T18:23:18,31,עור,מרכז אזורי משגב,visit_type,ביקור במרפאה,52
2026-07-30T18:23:18,31,עור,מרכז אזורי משגב,language,אידיש,1
2026-07-30T18:23:18,31,עור,מרכז אזורי משגב,language,אנגלית,28
2026-07-30T18:23:18,31,עור,מרכז אזורי משגב,language,גרמנית,7
2026-07-30T18:23:18,31,עור,מרכז אזורי משגב,language,עברית,51
2026-07-30T18:23:18,31,עור,מרכז אזורי משגב,language,ערבית,45
2026-07-30T18:23:18,31,עור,מרכז אזורי משגב,language,רומנית,12
2026-07-30T18:23:18,31,עור,מרכז אזורי משגב,language,רוסית,3
2026-07-30T18:23:28,31,עור,משמר הירדן,gender,גבר,47
2026-07-30T18:23:28,31,עור,משמר הירדן,gender,אישה,6
2026-07-30T18:23:28,31,עור,משמר הירדן,visit_type,ביקור במרפאה,53
2026-07-30T18:23:28,31,עור,משמר הירדן,language,אנגלית,21
2026-07-30T18:23:28,31,עור,משמר הירדן,language,עברית,21
2026-07-30T18:23:28,31,עור,משמר הירדן,language,ערבית,17
2026-07-30T18:23:28,31,עור,משמר הירדן,language,רומנית,4
2026-07-30T18:23:28,31,עור,משמר הירדן,language,רוסית,2
2026-07-30T18:23:36,31,עור,נאקורה,gender,גבר,33
2026-07-30T18:23:36,31,עור,נאקורה,gender,אישה,15
2026-07-30T18:23:36,31,עור,נאקורה,visit_type,ביקור במרפאה,49
2026-07-30T18:23:36,31,עור,נאקורה,language,איטלקית,1
2026-07-30T18:23:36,31,עור,נאקורה,language,אנגלית,5
2026-07-30T18:23:36,31,עור,נאקורה,language,עברית,9
2026-07-30T18:23:36,31,עור,נאקורה,language,ערבית,1
2026-07-30T18:23:36,31,עור,נאקורה,language,צרפתית,2
2026-07-30T18:23:36,31,עור,נאקורה,language,רומנית,1
2026-07-30T18:23:36,31,עור,נאקורה,language,רוסית,6
2026-07-30T18:23:49,31,עור,נוגה,gender,גבר,21
2026-07-30T18:23:49,31,עור,נוגה,gender,אישה,9
2026-07-30T18:23:49,31,עור,נוגה,visit_type,ביקור במרפאה,32
2026-07-30T18:23:49,31,עור,נוגה,language,אנגלית,4
2026-07-30T18:23:49,31,עור,נוגה,language,בולגרית,1
2026-07-30T18:23:49,31,עור,נוגה,language,עברית,7
2026-07-30T18:23:49,31,עור,נוגה,language,רוסית,5
2026-07-30T18:23:58,31,עור,נזלה אל ע'רביה,gender,גבר,33
2026-07-30T18:23:58,31,עור,נזלה אל ע'רביה,gender,אישה,15
2026-07-30T18:23:58,31,עור,נזלה אל ע'רביה,visit_type,ביקור במרפאה,49
2026-07-30T18:23:58,31,עור,נזלה אל ע'רביה,language,איטלקית,1
2026-07-30T18:23:58,31,עור,נזלה אל ע'רביה,language,אנגלית,5
2026-07-30T18:23:58,31,עור,נזלה אל ע'רביה,language,עברית,9
2026-07-30T18:23:58,31,עור,נזלה אל ע'רביה,language,ערבית,1
2026-07-30T18:23:58,31,עור,נזלה אל ע'רביה,language,צרפתית,2
2026-07-30T18:23:58,31,עור,נזלה אל ע'רביה,language,רומנית,1
2026-07-30T18:23:58,31,עור,נזלה אל ע'רביה,language,רוסית,6
2026-07-30T18:24:11,31,עור,נחשולים,gender,גבר,60
2026-07-30T18:24:11,31,עור,נחשולים,gender,אישה,17
2026-07-30T18:24:11,31,עור,נחשולים,visit_type,ביקור במרפאה,79
2026-07-30T18:24:11,31,עור,נחשולים,language,אידיש,2
2026-07-30T18:24:11,31,עור,נחשולים,language,איטלקית,1
2026-07-30T18:24:11,31,עור,נחשולים,language,אנגלית,40
2026-07-30T18:24:11,31,עור,נחשולים,language,עברית,48
2026-07-30T18:24:11,31,עור,נחשולים,language,ערבית,29
2026-07-30T18:24:11,31,עור,נחשולים,language,צרפתית,1
2026-07-30T18:24:11,31,עור,נחשולים,language,רומנית,6
2026-07-30T18:24:11,31,עור,נחשולים,language,רוסית,13
2026-07-30T18:24:25,31,עור,ניעלין,gender,גבר,34
2026-07-30T18:24:25,31,עור,ניעלין,gender,אישה,9
2026-07-30T18:24:25,31,עור,ניעלין,visit_type,ביקור במרפאה,43
2026-07-30T18:24:25,31,עור,ניעלין,visit_type,שיחת טלפון,2
2026-07-30T18:24:25,31,עור,ניעלין,language,אנגלית,7
2026-07-30T18:24:25,31,עור,ניעלין,language,אפריקנס,1
2026-07-30T18:24:25,31,עור,ניעלין,language,הולנדית,1
2026-07-30T18:24:25,31,עור,ניעלין,language,עברית,12
2026-07-30T18:24:25,31,עור,ניעלין,language,רוסית,6
2026-07-30T18:24:32,31,עור,נס עמים,gender,גבר,35
2026-07-30T18:24:32,31,עור,נס עמים,gender,אישה,3
2026-07-30T18:24:32,31,עור,נס עמים,visit_type,ביקור במרפאה,38
2026-07-30T18:24:32,31,עור,נס עמים,language,אנגלית,19
2026-07-30T18:24:32,31,עור,נס עמים,language,גרמנית,7
2026-07-30T18:24:32,31,עור,נס עמים,language,עברית,38
2026-07-30T18:24:32,31,עור,נס עמים,language,ערבית,35
2026-07-30T18:24:32,31,עור,נס עמים,language,רומנית,10
2026-07-30T18:24:32,31,עור,נס עמים,language,רוסית,2
2026-07-30T18:24:40,31,עור,נשר,gender,גבר,60
2026-07-30T18:24:40,31,עור,נשר,gender,אישה,17
2026-07-30T18:24:40,31,עור,נשר,visit_type,ביקור במרפאה,79
2026-07-30T18:24:40,31,עור,נשר,language,אידיש,2
2026-07-30T18:24:40,31,עור,נשר,language,איטלקית,1
2026-07-30T18:24:40,31,עור,נשר,language,אנגלית,40
2026-07-30T18:24:40,31,עור,נשר,language,עברית,48
2026-07-30T18:24:40,31,עור,נשר,language,ערבית,29
2026-07-30T18:24:40,31,עור,נשר,language,צרפתית,1
2026-07-30T18:24:40,31,עור,נשר,language,רומנית,6
2026-07-30T18:24:40,31,עור,נשר,language,רוסית,13
2026-07-30T18:24:54,31,עור,סאנור,gender,גבר,33
2026-07-30T18:24:54,31,עור,סאנור,gender,אישה,15
2026-07-30T18:24:54,31,עור,סאנור,visit_type,ביקור במרפאה,49
2026-07-30T18:24:54,31,עור,סאנור,language,איטלקית,1
2026-07-30T18:24:54,31,עור,סאנור,language,אנגלית,5
2026-07-30T18:24:54,31,עור,סאנור,language,עברית,9
2026-07-30T18:24:54,31,עור,סאנור,language,ערבית,1
2026-07-30T18:24:54,31,עור,סאנור,language,צרפתית,2
2026-07-30T18:24:54,31,עור,סאנור,language,רומנית,1
2026-07-30T18:24:54,31,עור,סאנור,language,רוסית,6
2026-07-30T18:25:06,31,עור,סורדה,gender,אישה,19
2026-07-30T18:25:06,31,עור,סורדה,gender,גבר,24
2026-07-30T18:25:06,31,עור,סורדה,visit_type,ביקור במרפאה,45
2026-07-30T18:25:06,31,עור,סורדה,language,אנגלית,6
2026-07-30T18:25:06,31,עור,סורדה,language,ספרדית,1
2026-07-30T18:25:06,31,עור,סורדה,language,עברית,13
2026-07-30T18:25:06,31,עור,סורדה,language,צרפתית,4
2026-07-30T18:25:06,31,עור,סורדה,language,רוסית,7
2026-07-30T18:25:14,31,עור,סיר,gender,גבר,33
2026-07-30T18:25:14,31,עור,סיר,gender,אישה,15
2026-07-30T18:25:14,31,עור,סיר,visit_type,ביקור במרפאה,49
2026-07-30T18:25:14,31,עור,סיר,language,איטלקית,1
2026-07-30T18:25:14,31,עור,סיר,language,אנגלית,5
2026-07-30T18:25:14,31,עור,סיר,language,עברית,9
2026-07-30T18:25:14,31,עור,סיר,language,ערבית,1
2026-07-30T18:25:14,31,עור,סיר,language,צרפתית,2
2026-07-30T18:25:14,31,עור,סיר,language,רומנית,1
2026-07-30T18:25:14,31,עור,סיר,language,רוסית,6
2026-07-30T18:25:27,31,עור,סעוה,gender,גבר,22
2026-07-30T18:25:27,31,עור,סעוה,gender,אישה,10
2026-07-30T18:25:27,31,עור,סעוה,visit_type,ביקור במרפאה,34
2026-07-30T18:25:27,31,עור,סעוה,language,אנגלית,4
2026-07-30T18:25:27,31,עור,סעוה,language,בולגרית,1
2026-07-30T18:25:27,31,עור,סעוה,language,עברית,6
2026-07-30T18:25:27,31,עור,סעוה,language,ערבית,1
2026-07-30T18:25:27,31,עור,סעוה,language,רוסית,2
2026-07-30T18:25:36,31,עור,עאנין,gender,גבר,33
2026-07-30T18:25:36,31,עור,עאנין,gender,אישה,15
2026-07-30T18:25:36,31,עור,עאנין,visit_type,ביקור במרפאה,49
2026-07-30T18:25:36,31,עור,עאנין,language,איטלקית,1
2026-07-30T18:25:36,31,עור,עאנין,language,אנגלית,5
2026-07-30T18:25:36,31,עור,עאנין,language,עברית,9
2026-07-30T18:25:36,31,עור,עאנין,language,ערבית,1
2026-07-30T18:25:36,31,עור,עאנין,language,צרפתית,2
2026-07-30T18:25:36,31,עור,עאנין,language,רומנית,1
2026-07-30T18:25:36,31,עור,עאנין,language,רוסית,6
2026-07-30T18:25:47,31,עור,עד הלום,gender,גבר,34
2026-07-30T18:25:47,31,עור,עד הלום,gender,אישה,9
2026-07-30T18:25:47,31,עור,עד הלום,visit_type,ביקור במרפאה,43
2026-07-30T18:25:47,31,עור,עד הלום,visit_type,שיחת טלפון,2
2026-07-30T18:25:47,31,עור,עד הלום,language,אנגלית,7
2026-07-30T18:25:47,31,עור,עד הלום,language,אפריקנס,1
2026-07-30T18:25:47,31,עור,עד הלום,language,הולנדית,1
2026-07-30T18:25:47,31,עור,עד הלום,language,עברית,12
2026-07-30T18:25:47,31,עור,עד הלום,language,רוסית,6
2026-07-30T18:25:55,31,עור,עוסארין,gender,גבר,33
2026-07-30T18:25:55,31,עור,עוסארין,gender,אישה,15
2026-07-30T18:25:55,31,עור,עוסארין,visit_type,ביקור במרפאה,49
2026-07-30T18:25:55,31,עור,עוסארין,language,איטלקית,1
2026-07-30T18:25:55,31,עור,עוסארין,language,אנגלית,5
2026-07-30T18:25:55,31,עור,עוסארין,language,עברית,9
2026-07-30T18:25:55,31,עור,עוסארין,language,ערבית,1
2026-07-30T18:25:55,31,עור,עוסארין,language,צרפתית,2
2026-07-30T18:25:55,31,עור,עוסארין,language,רומנית,1
2026-07-30T18:25:55,31,עור,עוסארין,language,רוסית,6
2026-07-30T18:26:07,31,עור,עזריה,gender,גבר,34
2026-07-30T18:26:07,31,עור,עזריה,gender,אישה,9
2026-07-30T18:26:07,31,עור,עזריה,visit_type,ביקור במרפאה,43
2026-07-30T18:26:07,31,עור,עזריה,visit_type,שיחת טלפון,2
2026-07-30T18:26:07,31,עור,עזריה,language,אנגלית,7
2026-07-30T18:26:07,31,עור,עזריה,language,אפריקנס,1
2026-07-30T18:26:07,31,עור,עזריה,language,הולנדית,1
2026-07-30T18:26:07,31,עור,עזריה,language,עברית,12
2026-07-30T18:26:07,31,עור,עזריה,language,רוסית,6
2026-07-30T18:26:14,31,עור,עילוט,gender,גבר,47
2026-07-30T18:26:14,31,עור,עילוט,gender,אישה,6
2026-07-30T18:26:14,31,עור,עילוט,visit_type,ביקור במרפאה,53
2026-07-30T18:26:14,31,עור,עילוט,language,אנגלית,21
2026-07-30T18:26:14,31,עור,עילוט,language,עברית,21
2026-07-30T18:26:14,31,עור,עילוט,language,ערבית,17
2026-07-30T18:26:14,31,עור,עילוט,language,רומנית,4
2026-07-30T18:26:14,31,עור,עילוט,language,רוסית,2
2026-07-30T18:26:23,31,עור,עלמה,gender,גבר,47
2026-07-30T18:26:23,31,עור,עלמה,gender,אישה,6
2026-07-30T18:26:23,31,עור,עלמה,visit_type,ביקור במרפאה,53
2026-07-30T18:26:23,31,עור,עלמה,language,אנגלית,21
2026-07-30T18:26:23,31,עור,עלמה,language,עברית,21
2026-07-30T18:26:23,31,עור,עלמה,language,ערבית,17
2026-07-30T18:26:23,31,עור,עלמה,language,רומנית,4
2026-07-30T18:26:23,31,עור,עלמה,language,רוסית,2
2026-07-30T18:26:33,31,עור,עמנואל,gender,גבר,52
2026-07-30T18:26:33,31,עור,עמנואל,gender,אישה,30
2026-07-30T18:26:33,31,עור,עמנואל,visit_type,ביקור במרפאה,85
2026-07-30T18:26:33,31,עור,עמנואל,language,אידיש,1
2026-07-30T18:26:33,31,עור,עמנואל,language,איטלקית,1
2026-07-30T18:26:33,31,עור,עמנואל,language,אנגלית,18
2026-07-30T18:26:33,31,עור,עמנואל,language,אפריקנס,1
2026-07-30T18:26:33,31,עור,עמנואל,language,גרמנית,1
2026-07-30T18:26:33,31,עור,עמנואל,language,הולנדית,1
2026-07-30T18:26:33,31,עור,עמנואל,language,ספרדית,2
2026-07-30T18:26:33,31,עור,עמנואל,language,עברית,30
2026-07-30T18:26:33,31,עור,עמנואל,language,ערבית,5
2026-07-30T18:26:33,31,עור,עמנואל,language,צרפתית,2
2026-07-30T18:26:33,31,עור,עמנואל,language,רומנית,1
2026-07-30T18:26:33,31,עור,עמנואל,language,רוסית,8
2026-07-30T18:26:54,31,עור,עפולה,gender,גבר,73
2026-07-30T18:26:54,31,עור,עפולה,gender,אישה,12
2026-07-30T18:26:54,31,עור,עפולה,visit_type,ביקור במרפאה,85
2026-07-30T18:26:54,31,עור,עפולה,language,איטלקית,1
2026-07-30T18:26:54,31,עור,עפולה,language,אנגלית,35
2026-07-30T18:26:54,31,עור,עפולה,language,עברית,39
2026-07-30T18:26:54,31,עור,עפולה,language,ערבית,28
2026-07-30T18:26:54,31,עור,עפולה,language,רומנית,5
2026-07-30T18:26:54,31,עור,עפולה,language,רוסית,10
2026-07-30T18:27:08,31,עור,ערב אל נעים,gender,גבר,63
2026-07-30T18:27:08,31,עור,ערב אל נעים,gender,אישה,10
2026-07-30T18:27:08,31,עור,ערב אל נעים,visit_type,ביקור במרפאה,75
2026-07-30T18:27:08,31,עור,ערב אל נעים,language,אידיש,2
2026-07-30T18:27:08,31,עור,ערב אל נעים,language,אנגלית,49
2026-07-30T18:27:08,31,עור,ערב אל נעים,language,גרמנית,7
2026-07-30T18:27:08,31,עור,ערב אל נעים,language,עברית,72
2026-07-30T18:27:08,31,עור,ערב אל נעים,language,ערבית,60
2026-07-30T18:27:08,31,עור,ערב אל נעים,language,צרפתית,1
2026-07-30T18:27:08,31,עור,ערב אל נעים,language,רומנית,15
2026-07-30T18:27:08,31,עור,ערב אל נעים,language,רוסית,7
2026-07-30T18:27:23,31,עור,עתניאל,gender,גבר,30
2026-07-30T18:27:23,31,עור,עתניאל,gender,אישה,13
2026-07-30T18:27:23,31,עור,עתניאל,visit_type,ביקור במרפאה,45
2026-07-30T18:27:23,31,עור,עתניאל,language,אנגלית,6
2026-07-30T18:27:23,31,עור,עתניאל,language,בולגרית,1
2026-07-30T18:27:23,31,עור,עתניאל,language,עברית,9
2026-07-30T18:27:23,31,עור,עתניאל,language,ערבית,1
2026-07-30T18:27:23,31,עור,עתניאל,language,רוסית,5
2026-07-30T18:27:37,31,עור,פדיה,gender,גבר,28
2026-07-30T18:27:37,31,עור,פדיה,gender,אישה,6
2026-07-30T18:27:37,31,עור,פדיה,visit_type,ביקור במרפאה,34
2026-07-30T18:27:37,31,עור,פדיה,visit_type,שיחת טלפון,2
2026-07-30T18:27:37,31,עור,פדיה,language,אנגלית,4
2026-07-30T18:27:37,31,עור,פדיה,language,אפריקנס,1
2026-07-30T18:27:37,31,עור,פדיה,language,הולנדית,1
2026-07-30T18:27:37,31,עור,פדיה,language,עברית,8
2026-07-30T18:27:37,31,עור,פדיה,language,רוסית,3
2026-07-30T18:27:43,31,עור,פלמחים,gender,גבר,38
2026-07-30T18:27:43,31,עור,פלמחים,gender,אישה,13
2026-07-30T18:27:43,31,עור,פלמחים,visit_type,ביקור במרפאה,52
2026-07-30T18:27:43,31,עור,פלמחים,visit_type,שיחת טלפון,2
2026-07-30T18:27:43,31,עור,פלמחים,language,אנגלית,10
2026-07-30T18:27:43,31,עור,פלמחים,language,אפריקנס,1
2026-07-30T18:27:43,31,עור,פלמחים,language,גרמנית,1
2026-07-30T18:27:43,31,עור,פלמחים,language,הולנדית,1
2026-07-30T18:27:43,31,עור,פלמחים,language,עברית,16
2026-07-30T18:27:43,31,עור,פלמחים,language,צרפתית,1
2026-07-30T18:27:43,31,עור,פלמחים,language,רומנית,1
2026-07-30T18:27:43,31,עור,פלמחים,language,רוסית,7
2026-07-30T18:27:53,31,עור,פקיעין חדשה,gender,גבר,35
2026-07-30T18:27:53,31,עור,פקיעין חדשה,gender,אישה,3
2026-07-30T18:27:53,31,עור,פקיעין חדשה,visit_type,ביקור במרפאה,38
2026-07-30T18:27:53,31,עור,פקיעין חדשה,language,אנגלית,19
2026-07-30T18:27:53,31,עור,פקיעין חדשה,language,גרמנית,7
2026-07-30T18:27:53,31,עור,פקיעין חדשה,language,עברית,38
2026-07-30T18:27:53,31,עור,פקיעין חדשה,language,ערבית,35
2026-07-30T18:27:53,31,עור,פקיעין חדשה,language,רומנית,10
2026-07-30T18:27:53,31,עור,פקיעין חדשה,language,רוסית,2
2026-07-30T18:27:59,31,עור,פתחיה,gender,גבר,28
2026-07-30T18:27:59,31,עור,פתחיה,gender,אישה,6
2026-07-30T18:27:59,31,עור,פתחיה,visit_type,ביקור במרפאה,34
2026-07-30T18:27:59,31,עור,פתחיה,visit_type,שיחת טלפון,2
2026-07-30T18:27:59,31,עור,פתחיה,language,אנגלית,4
2026-07-30T18:27:59,31,עור,פתחיה,language,אפריקנס,1
2026-07-30T18:27:59,31,עור,פתחיה,language,הולנדית,1
2026-07-30T18:27:59,31,עור,פתחיה,language,עברית,8
2026-07-30T18:27:59,31,עור,פתחיה,language,רוסית,3
2026-07-30T18:28:06,31,עור,צוקי ים,gender,גבר,33
2026-07-30T18:28:06,31,עור,צוקי ים,gender,אישה,15
2026-07-30T18:28:06,31,עור,צוקי ים,visit_type,ביקור במרפאה,49
2026-07-30T18:28:06,31,עור,צוקי ים,language,איטלקית,1
2026-07-30T18:28:06,31,עור,צוקי ים,language,אנגלית,5
2026-07-30T18:28:06,31,עור,צוקי ים,language,עברית,9
2026-07-30T18:28:06,31,עור,צוקי ים,language,ערבית,1
2026-07-30T18:28:06,31,עור,צוקי ים,language,צרפתית,2
2026-07-30T18:28:06,31,עור,צוקי ים,language,רומנית,1
2026-07-30T18:28:06,31,עור,צוקי ים,language,רוסית,6
2026-07-30T18:28:19,31,עור,צרופה,gender,גבר,60
2026-07-30T18:28:19,31,עור,צרופה,gender,אישה,17
2026-07-30T18:28:19,31,עור,צרופה,visit_type,ביקור במרפאה,79
2026-07-30T18:28:19,31,עור,צרופה,language,אידיש,2
2026-07-30T18:28:19,31,עור,צרופה,language,איטלקית,1
2026-07-30T18:28:19,31,עור,צרופה,language,אנגלית,40
2026-07-30T18:28:19,31,עור,צרופה,language,עברית,48
2026-07-30T18:28:19,31,עור,צרופה,language,ערבית,29
2026-07-30T18:28:19,31,עור,צרופה,language,צרפתית,1
2026-07-30T18:28:19,31,עור,צרופה,language,רומנית,6
2026-07-30T18:28:19,31,עור,צרופה,language,רוסית,13
2026-07-30T18:28:34,31,עור,קדמת צבי,gender,גבר,47
2026-07-30T18:28:34,31,עור,קדמת צבי,gender,אישה,6
2026-07-30T18:28:34,31,עור,קדמת צבי,visit_type,ביקור במרפאה,53
2026-07-30T18:28:34,31,עור,קדמת צבי,language,אנגלית,21
2026-07-30T18:28:34,31,עור,קדמת צבי,language,עברית,21
2026-07-30T18:28:34,31,עור,קדמת צבי,language,ערבית,17
2026-07-30T18:28:34,31,עור,קדמת צבי,language,רומנית,4
2026-07-30T18:28:34,31,עור,קדמת צבי,language,רוסית,2
2026-07-30T18:28:42,31,עור,קורנית,gender,גבר,45
2026-07-30T18:28:42,31,עור,קורנית,gender,אישה,6
2026-07-30T18:28:42,31,עור,קורנית,visit_type,ביקור במרפאה,52
2026-07-30T18:28:42,31,עור,קורנית,language,אידיש,1
2026-07-30T18:28:42,31,עור,קורנית,language,אנגלית,28
2026-07-30T18:28:42,31,עור,קורנית,language,גרמנית,7
2026-07-30T18:28:42,31,עור,קורנית,language,עברית,51
2026-07-30T18:28:42,31,עור,קורנית,language,ערבית,45
2026-07-30T18:28:42,31,עור,קורנית,language,רומנית,12
2026-07-30T18:28:42,31,עור,קורנית,language,רוסית,3
2026-07-30T18:28:53,31,עור,קלע,gender,גבר,47
2026-07-30T18:28:53,31,עור,קלע,gender,אישה,6
2026-07-30T18:28:53,31,עור,קלע,visit_type,ביקור במרפאה,53
2026-07-30T18:28:53,31,עור,קלע,language,אנגלית,21
2026-07-30T18:28:53,31,עור,קלע,language,עברית,21
2026-07-30T18:28:53,31,עור,קלע,language,ערבית,17
2026-07-30T18:28:53,31,עור,קלע,language,רומנית,4
2026-07-30T18:28:53,31,עור,קלע,language,רוסית,2
2026-07-30T18:29:00,31,עור,קרית ארבע,gender,אישה,19
2026-07-30T18:29:00,31,עור,קרית ארבע,gender,גבר,24
2026-07-30T18:29:00,31,עור,קרית ארבע,visit_type,ביקור במרפאה,45
2026-07-30T18:29:00,31,עור,קרית ארבע,language,אנגלית,6
2026-07-30T18:29:00,31,עור,קרית ארבע,language,ספרדית,1
2026-07-30T18:29:00,31,עור,קרית ארבע,language,עברית,13
2026-07-30T18:29:00,31,עור,קרית ארבע,language,צרפתית,4
2026-07-30T18:29:00,31,עור,קרית ארבע,language,רוסית,7
2026-07-30T18:29:09,31,עור,ראמין,gender,גבר,33
2026-07-30T18:29:09,31,עור,ראמין,gender,אישה,15
2026-07-30T18:29:09,31,עור,ראמין,visit_type,ביקור במרפאה,49
2026-07-30T18:29:09,31,עור,ראמין,language,איטלקית,1
2026-07-30T18:29:09,31,עור,ראמין,language,אנגלית,5
2026-07-30T18:29:09,31,עור,ראמין,language,עברית,9
2026-07-30T18:29:09,31,עור,ראמין,language,ערבית,1
2026-07-30T18:29:09,31,עור,ראמין,language,צרפתית,2
2026-07-30T18:29:09,31,עור,ראמין,language,רומנית,1
2026-07-30T18:29:09,31,עור,ראמין,language,רוסית,6
2026-07-30T18:29:20,31,עור,רביד,gender,גבר,47
2026-07-30T18:29:20,31,עור,רביד,gender,אישה,6
2026-07-30T18:29:20,31,עור,רביד,visit_type,ביקור במרפאה,53
2026-07-30T18:29:20,31,עור,רביד,language,אנגלית,21
2026-07-30T18:29:20,31,עור,רביד,language,עברית,21
2026-07-30T18:29:20,31,עור,רביד,language,ערבית,17
2026-07-30T18:29:20,31,עור,רביד,language,רומנית,4
2026-07-30T18:29:20,31,עור,רביד,language,רוסית,2
2026-07-30T18:29:29,31,עור,רומאנה ממזרח לאום אל פחם,gender,גבר,33
2026-07-30T18:29:29,31,עור,רומאנה ממזרח לאום אל פחם,gender,אישה,15
2026-07-30T18:29:29,31,עור,רומאנה ממזרח לאום אל פחם,visit_type,ביקור במרפאה,49
2026-07-30T18:29:29,31,עור,רומאנה ממזרח לאום אל פחם,language,איטלקית,1
2026-07-30T18:29:29,31,עור,רומאנה ממזרח לאום אל פחם,language,אנגלית,5
2026-07-30T18:29:29,31,עור,רומאנה ממזרח לאום אל פחם,language,עברית,9
2026-07-30T18:29:29,31,עור,רומאנה ממזרח לאום אל פחם,language,ערבית,1
2026-07-30T18:29:29,31,עור,רומאנה ממזרח לאום אל פחם,language,צרפתית,2
2026-07-30T18:29:29,31,עור,רומאנה ממזרח לאום אל פחם,language,רומנית,1
2026-07-30T18:29:29,31,עור,רומאנה ממזרח לאום אל פחם,language,רוסית,6
2026-07-30T18:29:40,31,עור,רימונים,gender,אישה,19
2026-07-30T18:29:40,31,עור,רימונים,gender,גבר,24
2026-07-30T18:29:40,31,עור,רימונים,visit_type,ביקור במרפאה,45
2026-07-30T18:29:40,31,עור,רימונים,language,אנגלית,6
2026-07-30T18:29:40,31,עור,רימונים,language,ספרדית,1
2026-07-30T18:29:40,31,עור,רימונים,language,עברית,13
2026-07-30T18:29:40,31,עור,רימונים,language,צרפתית,4
2026-07-30T18:29:40,31,עור,רימונים,language,רוסית,7
2026-07-30T18:29:49,31,עור,רמות נפתלי,gender,גבר,47
2026-07-30T18:29:49,31,עור,רמות נפתלי,gender,אישה,6
2026-07-30T18:29:49,31,עור,רמות נפתלי,visit_type,ביקור במרפאה,53
2026-07-30T18:29:49,31,עור,רמות נפתלי,language,אנגלית,21
2026-07-30T18:29:49,31,עור,רמות נפתלי,language,עברית,21
2026-07-30T18:29:49,31,עור,רמות נפתלי,language,ערבית,17
2026-07-30T18:29:49,31,עור,רמות נפתלי,language,רומנית,4
2026-07-30T18:29:49,31,עור,רמות נפתלי,language,רוסית,2
2026-07-30T18:29:58,31,עור,רקפת,gender,גבר,45
2026-07-30T18:29:58,31,עור,רקפת,gender,אישה,6
2026-07-30T18:29:58,31,עור,רקפת,visit_type,ביקור במרפאה,52
2026-07-30T18:29:58,31,עור,רקפת,language,אידיש,1
2026-07-30T18:29:58,31,עור,רקפת,language,אנגלית,28
2026-07-30T18:29:58,31,עור,רקפת,language,גרמנית,7
2026-07-30T18:29:58,31,עור,רקפת,language,עברית,51
2026-07-30T18:29:58,31,עור,רקפת,language,ערבית,45
2026-07-30T18:29:58,31,עור,רקפת,language,רומנית,12
2026-07-30T18:29:58,31,עור,רקפת,language,רוסית,3
2026-07-30T18:30:09,31,עור,שדה אילן,gender,גבר,47
2026-07-30T18:30:09,31,עור,שדה אילן,gender,אישה,6
2026-07-30T18:30:09,31,עור,שדה אילן,visit_type,ביקור במרפאה,53
2026-07-30T18:30:09,31,עור,שדה אילן,language,אנגלית,21
2026-07-30T18:30:09,31,עור,שדה אילן,language,עברית,21
2026-07-30T18:30:09,31,עור,שדה אילן,language,ערבית,17
2026-07-30T18:30:09,31,עור,שדה אילן,language,רומנית,4
2026-07-30T18:30:09,31,עור,שדה אילן,language,רוסית,2
2026-07-30T18:30:17,31,עור,שואבה,gender,אישה,19
2026-07-30T18:30:17,31,עור,שואבה,gender,גבר,24
2026-07-30T18:30:17,31,עור,שואבה,visit_type,ביקור במרפאה,45
2026-07-30T18:30:17,31,עור,שואבה,language,אנגלית,6
2026-07-30T18:30:17,31,עור,שואבה,language,ספרדית,1
2026-07-30T18:30:17,31,עור,שואבה,language,עברית,13
2026-07-30T18:30:17,31,עור,שואבה,language,צרפתית,4
2026-07-30T18:30:17,31,עור,שואבה,language,רוסית,7
2026-07-30T18:30:26,31,עור,שזור,gender,גבר,45
2026-07-30T18:30:26,31,עור,שזור,gender,אישה,6
2026-07-30T18:30:26,31,עור,שזור,visit_type,ביקור במרפאה,52
2026-07-30T18:30:26,31,עור,שזור,language,אידיש,1
2026-07-30T18:30:26,31,עור,שזור,language,אנגלית,28
2026-07-30T18:30:26,31,עור,שזור,language,גרמנית,7
2026-07-30T18:30:26,31,עור,שזור,language,עברית,51
2026-07-30T18:30:26,31,עור,שזור,language,ערבית,45
2026-07-30T18:30:26,31,עור,שזור,language,רומנית,12
2026-07-30T18:30:26,31,עור,שזור,language,רוסית,3
2026-07-30T18:30:36,31,עור,שילת,gender,גבר,28
2026-07-30T18:30:36,31,עור,שילת,gender,אישה,6
2026-07-30T18:30:36,31,עור,שילת,visit_type,ביקור במרפאה,34
2026-07-30T18:30:36,31,עור,שילת,visit_type,שיחת טלפון,2
2026-07-30T18:30:36,31,עור,שילת,language,אנגלית,4
2026-07-30T18:30:36,31,עור,שילת,language,אפריקנס,1
2026-07-30T18:30:36,31,עור,שילת,language,הולנדית,1
2026-07-30T18:30:36,31,עור,שילת,language,עברית,8
2026-07-30T18:30:36,31,עור,שילת,language,רוסית,3
2026-07-30T18:30:42,31,עור,שמעה,gender,גבר,30
2026-07-30T18:30:42,31,עור,שמעה,gender,אישה,13
2026-07-30T18:30:42,31,עור,שמעה,visit_type,ביקור במרפאה,45
2026-07-30T18:30:42,31,עור,שמעה,language,אנגלית,6
2026-07-30T18:30:42,31,עור,שמעה,language,בולגרית,1
2026-07-30T18:30:42,31,עור,שמעה,language,עברית,9
2026-07-30T18:30:42,31,עור,שמעה,language,ערבית,1
2026-07-30T18:30:42,31,עור,שמעה,language,רוסית,5
2026-07-30T18:30:56,31,עור,שער העמקים,gender,גבר,60
2026-07-30T18:30:56,31,עור,שער העמקים,gender,אישה,17
2026-07-30T18:30:56,31,עור,שער העמקים,visit_type,ביקור במרפאה,79
2026-07-30T18:30:56,31,עור,שער העמקים,language,אידיש,2
2026-07-30T18:30:56,31,עור,שער העמקים,language,איטלקית,1
2026-07-30T18:30:56,31,עור,שער העמקים,language,אנגלית,40
2026-07-30T18:30:56,31,עור,שער העמקים,language,עברית,48
2026-07-30T18:30:56,31,עור,שער העמקים,language,ערבית,29
2026-07-30T18:30:56,31,עור,שער העמקים,language,צרפתית,1
2026-07-30T18:30:56,31,עור,שער העמקים,language,רומנית,6
2026-07-30T18:30:56,31,עור,שער העמקים,language,רוסית,13
2026-07-30T18:31:10,31,עור,שריגים,gender,אישה,19
2026-07-30T18:31:10,31,עור,שריגים,gender,גבר,24
2026-07-30T18:31:10,31,עור,שריגים,visit_type,ביקור במרפאה,45
2026-07-30T18:31:10,31,עור,שריגים,language,אנגלית,6
2026-07-30T18:31:10,31,עור,שריגים,language,ספרדית,1
2026-07-30T18:31:10,31,עור,שריגים,language,עברית,13
2026-07-30T18:31:10,31,עור,שריגים,language,צרפתית,4
2026-07-30T18:31:10,31,עור,שריגים,language,רוסית,7
2026-07-30T18:31:18,31,עור,תורמוס עייא,gender,אישה,19
2026-07-30T18:31:18,31,עור,תורמוס עייא,gender,גבר,24
2026-07-30T18:31:18,31,עור,תורמוס עייא,visit_type,ביקור במרפאה,45
2026-07-30T18:31:18,31,עור,תורמוס עייא,language,אנגלית,6
2026-07-30T18:31:18,31,עור,תורמוס עייא,language,ספרדית,1
2026-07-30T18:31:18,31,עור,תורמוס עייא,language,עברית,13
2026-07-30T18:31:18,31,עור,תורמוס עייא,language,צרפתית,4
2026-07-30T18:31:18,31,עור,תורמוס עייא,language,רוסית,7
2026-07-30T18:31:27,31,עור,תל יוסף,gender,גבר,73
2026-07-30T18:31:27,31,עור,תל יוסף,gender,אישה,12
2026-07-30T18:31:27,31,עור,תל יוסף,visit_type,ביקור במרפאה,85
2026-07-30T18:31:27,31,עור,תל יוסף,language,איטלקית,1
2026-07-30T18:31:27,31,עור,תל יוסף,language,אנגלית,35
2026-07-30T18:31:27,31,עור,תל יוסף,language,עברית,39
2026-07-30T18:31:27,31,עור,תל יוסף,language,ערבית,28
2026-07-30T18:31:27,31,עור,תל יוסף,language,רומנית,5
2026-07-30T18:31:27,31,עור,תל יוסף,language,רוסית,10
2026-07-30T18:31:40,31,עור,תעשיון השרון,gender,גבר,25
2026-07-30T18:31:40,31,עור,תעשיון השרון,gender,אישה,13
2026-07-30T18:31:40,31,עור,תעשיון השרון,visit_type,ביקור במרפאה,46
2026-07-30T18:31:40,31,עור,תעשיון השרון,language,איטלקית,1
2026-07-30T18:31:40,31,עור,תעשיון השרון,language,אנגלית,26
2026-07-30T18:31:40,31,עור,תעשיון השרון,language,גרמנית,2
2026-07-30T18:31:40,31,עור,תעשיון השרון,language,ספרדית,4
2026-07-30T18:31:40,31,עור,תעשיון השרון,language,עברית,45
2026-07-30T18:31:40,31,עור,תעשיון השרון,language,ערבית,7
2026-07-30T18:31:40,31,עור,תעשיון השרון,language,צרפתית,3
2026-07-30T18:31:40,31,עור,תעשיון השרון,language,רוסית,5
2026-07-30T18:31:52,31,עור,תקוע,gender,גבר,24
2026-07-30T18:31:52,31,עור,תקוע,gender,אישה,19
2026-07-30T18:31:52,31,עור,תקוע,visit_type,ביקור במרפאה,45
2026-07-30T18:31:52,31,עור,תקוע,language,אנגלית,6
2026-07-30T18:31:52,31,עור,תקוע,language,ספרדית,1
2026-07-30T18:31:52,31,עור,תקוע,language,עברית,13
2026-07-30T18:31:52,31,עור,תקוע,language,צרפתית,4
2026-07-30T18:31:52,31,עור,תקוע,language,רוסית,7
2026-07-30T18:32:03,61,עיניים,א ריחייה,gender,גבר,56
2026-07-30T18:32:03,61,עיניים,א ריחייה,gender,אישה,13
2026-07-30T18:32:03,61,עיניים,א ריחייה,visit_type,ביקור במרפאה,71
2026-07-30T18:32:03,61,עיניים,א ריחייה,visit_type,שיחת טלפון,1
2026-07-30T18:32:03,61,עיניים,א ריחייה,language,איטלקית,2
2026-07-30T18:32:03,61,עיניים,א ריחייה,language,אנגלית,3
2026-07-30T18:32:03,61,עיניים,א ריחייה,language,ספרדית,1
2026-07-30T18:32:03,61,עיניים,א ריחייה,language,עברית,6
2026-07-30T18:32:03,61,עיניים,א ריחייה,language,צרפתית,1
2026-07-30T18:32:03,61,עיניים,א ריחייה,language,רומנית,1
2026-07-30T18:32:03,61,עיניים,א ריחייה,language,רוסית,5
2026-07-30T18:32:19,61,עיניים,אבו עמרה,gender,גבר,44
2026-07-30T18:32:19,61,עיניים,אבו עמרה,gender,אישה,6
2026-07-30T18:32:19,61,עיניים,אבו עמרה,visit_type,ביקור במרפאה,51
2026-07-30T18:32:19,61,עיניים,אבו עמרה,visit_type,שיחת טלפון,1
2026-07-30T18:32:19,61,עיניים,אבו עמרה,language,איטלקית,1
2026-07-30T18:32:19,61,עיניים,אבו עמרה,language,אנגלית,2
2026-07-30T18:32:19,61,עיניים,אבו עמרה,language,עברית,5
2026-07-30T18:32:19,61,עיניים,אבו עמרה,language,רוסית,5
2026-07-30T18:32:33,61,עיניים,אוהד,gender,אישה,13
2026-07-30T18:32:33,61,עיניים,אוהד,gender,גבר,36
2026-07-30T18:32:33,61,עיניים,אוהד,visit_type,ביקור במרפאה,51
2026-07-30T18:32:33,61,עיניים,אוהד,visit_type,שיחת טלפון,1
2026-07-30T18:32:33,61,עיניים,אוהד,language,איטלקית,2
2026-07-30T18:32:33,61,עיניים,אוהד,language,אנגלית,3
2026-07-30T18:32:33,61,עיניים,אוהד,language,ספרדית,1
2026-07-30T18:32:33,61,עיניים,אוהד,language,עברית,5
2026-07-30T18:32:33,61,עיניים,אוהד,language,צרפתית,1
2026-07-30T18:32:33,61,עיניים,אוהד,language,רומנית,1
2026-07-30T18:32:33,61,עיניים,אוהד,language,רוסית,4
2026-07-30T18:32:45,61,עיניים,אזור תעשייה אלון התבור,gender,גבר,62
2026-07-30T18:32:45,61,עיניים,אזור תעשייה אלון התבור,gender,אישה,12
2026-07-30T18:32:45,61,עיניים,אזור תעשייה אלון התבור,visit_type,ביקור במרפאה,79
2026-07-30T18:32:45,61,עיניים,אזור תעשייה אלון התבור,language,אנגלית,19
2026-07-30T18:32:45,61,עיניים,אזור תעשייה אלון התבור,language,עברית,27
2026-07-30T18:32:45,61,עיניים,אזור תעשייה אלון התבור,language,ערבית,17
2026-07-30T18:32:45,61,עיניים,אזור תעשייה אלון התבור,language,רוסית,4
2026-07-30T18:32:59,61,עיניים,איבים,gender,אישה,13
2026-07-30T18:32:59,61,עיניים,איבים,gender,גבר,36
2026-07-30T18:32:59,61,עיניים,איבים,visit_type,ביקור במרפאה,51
2026-07-30T18:32:59,61,עיניים,איבים,visit_type,שיחת טלפון,1
2026-07-30T18:32:59,61,עיניים,איבים,language,איטלקית,2
2026-07-30T18:32:59,61,עיניים,איבים,language,אנגלית,3
2026-07-30T18:32:59,61,עיניים,איבים,language,ספרדית,1
2026-07-30T18:32:59,61,עיניים,איבים,language,עברית,5
2026-07-30T18:32:59,61,עיניים,איבים,language,צרפתית,1
2026-07-30T18:32:59,61,עיניים,איבים,language,רומנית,1
2026-07-30T18:32:59,61,עיניים,איבים,language,רוסית,4
2026-07-30T18:33:12,61,עיניים,אכסאל,gender,אישה,16
2026-07-30T18:33:12,61,עיניים,אכסאל,gender,גבר,104
2026-07-30T18:33:12,61,עיניים,אכסאל,visit_type,ביקור במרפאה,125
2026-07-30T18:33:12,61,עיניים,אכסאל,visit_type,שיחת טלפון,1
2026-07-30T18:33:12,61,עיניים,אכסאל,language,אידיש,1
2026-07-30T18:33:12,61,עיניים,אכסאל,language,איטלקית,1
2026-07-30T18:33:12,61,עיניים,אכסאל,language,אנגלית,31
2026-07-30T18:33:12,61,עיניים,אכסאל,language,גרמנית,1
2026-07-30T18:33:12,61,עיניים,אכסאל,language,ספרדית,1
2026-07-30T18:33:12,61,עיניים,אכסאל,language,עברית,44
2026-07-30T18:33:12,61,עיניים,אכסאל,language,ערבית,25
2026-07-30T18:33:12,61,עיניים,אכסאל,language,פולנית,1
2026-07-30T18:33:12,61,עיניים,אכסאל,language,פרסית,1
2026-07-30T18:33:12,61,עיניים,אכסאל,language,צרפתית,1
2026-07-30T18:33:12,61,עיניים,אכסאל,language,רומנית,1
2026-07-30T18:33:12,61,עיניים,אכסאל,language,רוסית,5
2026-07-30T18:33:30,61,עיניים,אל עריאן,gender,גבר,54
2026-07-30T18:33:30,61,עיניים,אל עריאן,gender,אישה,14
2026-07-30T18:33:30,61,עיניים,אל עריאן,visit_type,ביקור במרפאה,70
2026-07-30T18:33:30,61,עיניים,אל עריאן,visit_type,שיחת טלפון,1
2026-07-30T18:33:30,61,עיניים,אל עריאן,language,אידיש,2
2026-07-30T18:33:30,61,עיניים,אל עריאן,language,איטלקית,1
2026-07-30T18:33:30,61,עיניים,אל עריאן,language,אנגלית,10
2026-07-30T18:33:30,61,עיניים,אל עריאן,language,ספרדית,3
2026-07-30T18:33:30,61,עיניים,אל עריאן,language,עברית,13
2026-07-30T18:33:30,61,עיניים,אל עריאן,language,ערבית,2
2026-07-30T18:33:30,61,עיניים,אל עריאן,language,צרפתית,2
2026-07-30T18:33:30,61,עיניים,אל עריאן,language,רוסית,1
2026-07-30T18:33:42,61,עיניים,אפיק,gender,גבר,62
2026-07-30T18:33:42,61,עיניים,אפיק,gender,אישה,12
2026-07-30T18:33:42,61,עיניים,אפיק,visit_type,ביקור במרפאה,79
2026-07-30T18:33:42,61,עיניים,אפיק,language,אנגלית,19
2026-07-30T18:33:42,61,עיניים,אפיק,language,עברית,27
2026-07-30T18:33:42,61,עיניים,אפיק,language,ערבית,17
2026-07-30T18:33:42,61,עיניים,אפיק,language,רוסית,4
2026-07-30T18:33:57,61,עיניים,אשבול,gender,גבר,56
2026-07-30T18:33:57,61,עיניים,אשבול,gender,אישה,13
2026-07-30T18:33:57,61,עיניים,אשבול,visit_type,ביקור במרפאה,71
2026-07-30T18:33:57,61,עיניים,אשבול,visit_type,שיחת טלפון,1
2026-07-30T18:33:57,61,עיניים,אשבול,language,איטלקית,2
2026-07-30T18:33:57,61,עיניים,אשבול,language,אנגלית,3
2026-07-30T18:33:57,61,עיניים,אשבול,language,ספרדית,1
2026-07-30T18:33:57,61,עיניים,אשבול,language,עברית,6
2026-07-30T18:33:57,61,עיניים,אשבול,language,צרפתית,1
2026-07-30T18:33:57,61,עיניים,אשבול,language,רומנית,1
2026-07-30T18:33:57,61,עיניים,אשבול,language,רוסית,5
2026-07-30T18:34:11,61,עיניים,באקה,gender,גבר,54
2026-07-30T18:34:11,61,עיניים,באקה,gender,אישה,14
2026-07-30T18:34:11,61,עיניים,באקה,visit_type,ביקור במרפאה,70
2026-07-30T18:34:11,61,עיניים,באקה,visit_type,שיחת טלפון,1
2026-07-30T18:34:11,61,עיניים,באקה,language,אידיש,2
2026-07-30T18:34:11,61,עיניים,באקה,language,איטלקית,1
2026-07-30T18:34:11,61,עיניים,באקה,language,אנגלית,10
2026-07-30T18:34:11,61,עיניים,באקה,language,ספרדית,3
2026-07-30T18:34:11,61,עיניים,באקה,language,עברית,13
2026-07-30T18:34:11,61,עיניים,באקה,language,ערבית,2
2026-07-30T18:34:11,61,עיניים,באקה,language,צרפתית,2
2026-07-30T18:34:11,61,עיניים,באקה,language,רוסית,1
2026-07-30T18:34:22,61,עיניים,בודרוס,gender,גבר,38
2026-07-30T18:34:22,61,עיניים,בודרוס,gender,אישה,15
2026-07-30T18:34:22,61,עיניים,בודרוס,visit_type,ביקור במרפאה,58
2026-07-30T18:34:22,61,עיניים,בודרוס,language,אידיש,1
2026-07-30T18:34:22,61,עיניים,בודרוס,language,איטלקית,1
2026-07-30T18:34:22,61,עיניים,בודרוס,language,אנגלית,26
2026-07-30T18:34:22,61,עיניים,בודרוס,language,גרוזינית,2
2026-07-30T18:34:22,61,עיניים,בודרוס,language,ספרדית,1
2026-07-30T18:34:22,61,עיניים,בודרוס,language,עברית,53
2026-07-30T18:34:22,61,עיניים,בודרוס,language,ערבית,5
2026-07-30T18:34:22,61,עיניים,בודרוס,language,פולנית,1
2026-07-30T18:34:22,61,עיניים,בודרוס,language,צרפתית,1
2026-07-30T18:34:22,61,עיניים,בודרוס,language,רומנית,2
2026-07-30T18:34:22,61,עיניים,בודרוס,language,רוסית,13
2026-07-30T18:34:33,61,עיניים,בזאריה,gender,גבר,54
2026-07-30T18:34:33,61,עיניים,בזאריה,gender,אישה,14
2026-07-30T18:34:33,61,עיניים,בזאריה,visit_type,ביקור במרפאה,70
2026-07-30T18:34:33,61,עיניים,בזאריה,visit_type,שיחת טלפון,1
2026-07-30T18:34:33,61,עיניים,בזאריה,language,אידיש,2
2026-07-30T18:34:33,61,עיניים,בזאריה,language,איטלקית,1
2026-07-30T18:34:33,61,עיניים,בזאריה,language,אנגלית,10
2026-07-30T18:34:33,61,עיניים,בזאריה,language,ספרדית,3
2026-07-30T18:34:33,61,עיניים,בזאריה,language,עברית,13
2026-07-30T18:34:33,61,עיניים,בזאריה,language,ערבית,2
2026-07-30T18:34:33,61,עיניים,בזאריה,language,צרפתית,2
2026-07-30T18:34:33,61,עיניים,בזאריה,language,רוסית,1
2026-07-30T18:34:46,61,עיניים,ביר אל מכסור,gender,גבר,78
2026-07-30T18:34:46,61,עיניים,ביר אל מכסור,gender,אישה,38
2026-07-30T18:34:46,61,עיניים,ביר אל מכסור,visit_type,ביקור במרפאה,122
2026-07-30T18:34:46,61,עיניים,ביר אל מכסור,visit_type,שיחת טלפון,2
2026-07-30T18:34:46,61,עיניים,ביר אל מכסור,language,אוקראינית,1
2026-07-30T18:34:46,61,עיניים,ביר אל מכסור,language,אידיש,4
2026-07-30T18:34:46,61,עיניים,ביר אל מכסור,language,איטלקית,2
2026-07-30T18:34:46,61,עיניים,ביר אל מכסור,language,אנגלית,47
2026-07-30T18:34:46,61,עיניים,ביר אל מכסור,language,בולגרית,1
2026-07-30T18:34:46,61,עיניים,ביר אל מכסור,language,גרמנית,2
2026-07-30T18:34:46,61,עיניים,ביר אל מכסור,language,הונגרית,1
2026-07-30T18:34:46,61,עיניים,ביר אל מכסור,language,ספרדית,2
2026-07-30T18:34:46,61,עיניים,ביר אל מכסור,language,עברית,69
2026-07-30T18:34:46,61,עיניים,ביר אל מכסור,language,ערבית,24
2026-07-30T18:34:46,61,עיניים,ביר אל מכסור,language,פולנית,1
2026-07-30T18:34:46,61,עיניים,ביר אל מכסור,language,פרסית,1
2026-07-30T18:34:46,61,עיניים,ביר אל מכסור,language,צרפתית,3
2026-07-30T18:34:46,61,עיניים,ביר אל מכסור,language,רומנית,1
2026-07-30T18:34:46,61,עיניים,ביר אל מכסור,language,רוסית,21
2026-07-30T18:35:05,61,עיניים,בני יהודה,gender,גבר,62
2026-07-30T18:35:05,61,עיניים,בני יהודה,gender,אישה,12
2026-07-30T18:35:05,61,עיניים,בני יהודה,visit_type,ביקור במרפאה,79
2026-07-30T18:35:05,61,עיניים,בני יהודה,language,אנגלית,19
2026-07-30T18:35:05,61,עיניים,בני יהודה,language,עברית,27
2026-07-30T18:35:05,61,עיניים,בני יהודה,language,ערבית,17
2026-07-30T18:35:05,61,עיניים,בני יהודה,language,רוסית,4
2026-07-30T18:35:17,61,עיניים,בקוע,gender,אישה,15
2026-07-30T18:35:17,61,עיניים,בקוע,gender,גבר,22
2026-07-30T18:35:17,61,עיניים,בקוע,visit_type,ביקור במרפאה,41
2026-07-30T18:35:17,61,עיניים,בקוע,language,אנגלית,6
2026-07-30T18:35:17,61,עיניים,בקוע,language,הונגרית,1
2026-07-30T18:35:17,61,עיניים,בקוע,language,עברית,6
2026-07-30T18:35:17,61,עיניים,בקוע,language,ערבית,1
2026-07-30T18:35:17,61,עיניים,בקוע,language,צרפתית,1
2026-07-30T18:35:17,61,עיניים,בקוע,language,רומנית,1
2026-07-30T18:35:17,61,עיניים,בקוע,language,רוסית,1
2026-07-30T18:35:26,61,עיניים,ברכיה,gender,גבר,36
2026-07-30T18:35:26,61,עיניים,ברכיה,gender,אישה,13
2026-07-30T18:35:26,61,עיניים,ברכיה,visit_type,ביקור במרפאה,51
2026-07-30T18:35:26,61,עיניים,ברכיה,visit_type,שיחת טלפון,1
2026-07-30T18:35:26,61,עיניים,ברכיה,language,איטלקית,2
2026-07-30T18:35:26,61,עיניים,ברכיה,language,אנגלית,3
2026-07-30T18:35:26,61,עיניים,ברכיה,language,ספרדית,1
2026-07-30T18:35:26,61,עיניים,ברכיה,language,עברית,5
2026-07-30T18:35:26,61,עיניים,ברכיה,language,צרפתית,1
2026-07-30T18:35:26,61,עיניים,ברכיה,language,רומנית,1
2026-07-30T18:35:26,61,עיניים,ברכיה,language,רוסית,4
2026-07-30T18:35:36,61,עיניים,ג'אניה,gender,אישה,13
2026-07-30T18:35:36,61,עיניים,ג'אניה,gender,גבר,17
2026-07-30T18:35:36,61,עיניים,ג'אניה,visit_type,ביקור במרפאה,30
2026-07-30T18:35:36,61,עיניים,ג'אניה,language,אנגלית,4
2026-07-30T18:35:36,61,עיניים,ג'אניה,language,עברית,6
2026-07-30T18:35:36,61,עיניים,ג'אניה,language,ערבית,6
2026-07-30T18:35:36,61,עיניים,ג'אניה,language,צרפתית,1
2026-07-30T18:35:36,61,עיניים,ג'אניה,language,רומנית,1
2026-07-30T18:35:43,61,עיניים,גבע כרמל,gender,גבר,78
2026-07-30T18:35:43,61,עיניים,גבע כרמל,gender,אישה,38
2026-07-30T18:35:43,61,עיניים,גבע כרמל,visit_type,ביקור במרפאה,122
2026-07-30T18:35:43,61,עיניים,גבע כרמל,visit_type,שיחת טלפון,2
2026-07-30T18:35:43,61,עיניים,גבע כרמל,language,אוקראינית,1
2026-07-30T18:35:43,61,עיניים,גבע כרמל,language,אידיש,4
2026-07-30T18:35:43,61,עיניים,גבע כרמל,language,איטלקית,2
2026-07-30T18:35:43,61,עיניים,גבע כרמל,language,אנגלית,47
2026-07-30T18:35:43,61,עיניים,גבע כרמל,language,בולגרית,1
2026-07-30T18:35:43,61,עיניים,גבע כרמל,language,גרמנית,2
2026-07-30T18:35:43,61,עיניים,גבע כרמל,language,הונגרית,1
2026-07-30T18:35:43,61,עיניים,גבע כרמל,language,ספרדית,2
2026-07-30T18:35:43,61,עיניים,גבע כרמל,language,עברית,69
2026-07-30T18:35:43,61,עיניים,גבע כרמל,language,ערבית,24
2026-07-30T18:35:43,61,עיניים,גבע כרמל,language,פולנית,1
2026-07-30T18:35:43,61,עיניים,גבע כרמל,language,פרסית,1
2026-07-30T18:35:43,61,עיניים,גבע כרמל,language,צרפתית,3
2026-07-30T18:35:43,61,עיניים,גבע כרמל,language,רומנית,1
2026-07-30T18:35:43,61,עיניים,גבע כרמל,language,רוסית,21
2026-07-30T18:36:03,61,עיניים,גונן,gender,גבר,62
2026-07-30T18:36:03,61,עיניים,גונן,gender,אישה,12
2026-07-30T18:36:03,61,עיניים,גונן,visit_type,ביקור במרפאה,79
2026-07-30T18:36:03,61,עיניים,גונן,language,אנגלית,19
2026-07-30T18:36:03,61,עיניים,גונן,language,עברית,27
2026-07-30T18:36:03,61,עיניים,גונן,language,ערבית,17
2026-07-30T18:36:03,61,עיניים,גונן,language,רוסית,4
2026-07-30T18:36:16,61,עיניים,גינוסר,gender,גבר,62
2026-07-30T18:36:16,61,עיניים,גינוסר,gender,אישה,12
2026-07-30T18:36:16,61,עיניים,גינוסר,visit_type,ביקור במרפאה,79
2026-07-30T18:36:16,61,עיניים,גינוסר,language,אנגלית,19
2026-07-30T18:36:16,61,עיניים,גינוסר,language,עברית,27
2026-07-30T18:36:16,61,עיניים,גינוסר,language,ערבית,17
2026-07-30T18:36:16,61,עיניים,גינוסר,language,רוסית,4
2026-07-30T18:36:28,61,עיניים,גנות,gender,אישה,15
2026-07-30T18:36:28,61,עיניים,גנות,gender,גבר,22
2026-07-30T18:36:28,61,עיניים,גנות,visit_type,ביקור במרפאה,41
2026-07-30T18:36:28,61,עיניים,גנות,language,אנגלית,6
2026-07-30T18:36:28,61,עיניים,גנות,language,הונגרית,1
2026-07-30T18:36:28,61,עיניים,גנות,language,עברית,6
2026-07-30T18:36:28,61,עיניים,גנות,language,ערבית,1
2026-07-30T18:36:28,61,עיניים,גנות,language,צרפתית,1
2026-07-30T18:36:28,61,עיניים,גנות,language,רומנית,1
2026-07-30T18:36:28,61,עיניים,גנות,language,רוסית,1
2026-07-30T18:36:35,61,עיניים,גפן,gender,גבר,14
2026-07-30T18:36:35,61,עיניים,גפן,gender,אישה,16
2026-07-30T18:36:35,61,עיניים,גפן,visit_type,ביקור במרפאה,36
2026-07-30T18:36:35,61,עיניים,גפן,language,אנגלית,9
2026-07-30T18:36:35,61,עיניים,גפן,language,הונגרית,1
2026-07-30T18:36:35,61,עיניים,גפן,language,עברית,9
2026-07-30T18:36:35,61,עיניים,גפן,language,ערבית,2
2026-07-30T18:36:35,61,עיניים,גפן,language,רומנית,3
2026-07-30T18:36:35,61,עיניים,גפן,language,רוסית,5
2026-07-30T18:36:44,61,עיניים,דבירה,gender,גבר,56
2026-07-30T18:36:44,61,עיניים,דבירה,gender,אישה,13
2026-07-30T18:36:44,61,עיניים,דבירה,visit_type,ביקור במרפאה,71
2026-07-30T18:36:44,61,עיניים,דבירה,visit_type,שיחת טלפון,1
2026-07-30T18:36:44,61,עיניים,דבירה,language,איטלקית,2
2026-07-30T18:36:44,61,עיניים,דבירה,language,אנגלית,3
2026-07-30T18:36:44,61,עיניים,דבירה,language,ספרדית,1
2026-07-30T18:36:44,61,עיניים,דבירה,language,עברית,6
2026-07-30T18:36:44,61,עיניים,דבירה,language,צרפתית,1
2026-07-30T18:36:44,61,עיניים,דבירה,language,רומנית,1
2026-07-30T18:36:44,61,עיניים,דבירה,language,רוסית,5
2026-07-30T18:37:00,61,עיניים,דור,gender,גבר,78
2026-07-30T18:37:00,61,עיניים,דור,gender,אישה,38
2026-07-30T18:37:00,61,עיניים,דור,visit_type,ביקור במרפאה,122
2026-07-30T18:37:00,61,עיניים,דור,visit_type,שיחת טלפון,2
2026-07-30T18:37:00,61,עיניים,דור,language,אוקראינית,1
2026-07-30T18:37:00,61,עיניים,דור,language,אידיש,4
2026-07-30T18:37:00,61,עיניים,דור,language,איטלקית,2
2026-07-30T18:37:00,61,עיניים,דור,language,אנגלית,47
2026-07-30T18:37:00,61,עיניים,דור,language,בולגרית,1
2026-07-30T18:37:00,61,עיניים,דור,language,גרמנית,2
2026-07-30T18:37:00,61,עיניים,דור,language,הונגרית,1
2026-07-30T18:37:00,61,עיניים,דור,language,ספרדית,2
2026-07-30T18:37:00,61,עיניים,דור,language,עברית,69
2026-07-30T18:37:00,61,עיניים,דור,language,ערבית,24
2026-07-30T18:37:00,61,עיניים,דור,language,פולנית,1
2026-07-30T18:37:00,61,עיניים,דור,language,פרסית,1
2026-07-30T18:37:00,61,עיניים,דור,language,צרפתית,3
2026-07-30T18:37:00,61,עיניים,דור,language,רומנית,1
2026-07-30T18:37:00,61,עיניים,דור,language,רוסית,21
2026-07-30T18:37:20,61,עיניים,דיר אבו דעיף,gender,גבר,54
2026-07-30T18:37:20,61,עיניים,דיר אבו דעיף,gender,אישה,14
2026-07-30T18:37:20,61,עיניים,דיר אבו דעיף,visit_type,ביקור במרפאה,70
2026-07-30T18:37:20,61,עיניים,דיר אבו דעיף,visit_type,שיחת טלפון,1
2026-07-30T18:37:20,61,עיניים,דיר אבו דעיף,language,אידיש,2
2026-07-30T18:37:20,61,עיניים,דיר אבו דעיף,language,איטלקית,1
2026-07-30T18:37:20,61,עיניים,דיר אבו דעיף,language,אנגלית,10
2026-07-30T18:37:20,61,עיניים,דיר אבו דעיף,language,ספרדית,3
2026-07-30T18:37:20,61,עיניים,דיר אבו דעיף,language,עברית,13
2026-07-30T18:37:20,61,עיניים,דיר אבו דעיף,language,ערבית,2
2026-07-30T18:37:20,61,עיניים,דיר אבו דעיף,language,צרפתית,2
2026-07-30T18:37:20,61,עיניים,דיר אבו דעיף,language,רוסית,1
2026-07-30T18:37:34,61,עיניים,דקל,gender,גבר,36
2026-07-30T18:37:34,61,עיניים,דקל,gender,אישה,13
2026-07-30T18:37:34,61,עיניים,דקל,visit_type,ביקור במרפאה,51
2026-07-30T18:37:34,61,עיניים,דקל,visit_type,שיחת טלפון,1
2026-07-30T18:37:34,61,עיניים,דקל,language,איטלקית,2
2026-07-30T18:37:34,61,עיניים,דקל,language,אנגלית,3
2026-07-30T18:37:34,61,עיניים,דקל,language,ספרדית,1
2026-07-30T18:37:34,61,עיניים,דקל,language,עברית,5
2026-07-30T18:37:34,61,עיניים,דקל,language,צרפתית,1
2026-07-30T18:37:34,61,עיניים,דקל,language,רומנית,1
2026-07-30T18:37:34,61,עיניים,דקל,language,רוסית,4
2026-07-30T18:37:47,61,עיניים,הוואשלה,gender,גבר,44
2026-07-30T18:37:47,61,עיניים,הוואשלה,gender,אישה,6
2026-07-30T18:37:47,61,עיניים,הוואשלה,visit_type,ביקור במרפאה,51
2026-07-30T18:37:47,61,עיניים,הוואשלה,visit_type,שיחת טלפון,1
2026-07-30T18:37:47,61,עיניים,הוואשלה,language,איטלקית,1
2026-07-30T18:37:47,61,עיניים,הוואשלה,language,אנגלית,2
2026-07-30T18:37:47,61,עיניים,הוואשלה,language,עברית,5
2026-07-30T18:37:47,61,עיניים,הוואשלה,language,רוסית,5
2026-07-30T18:37:59,61,עיניים,הסוללים,gender,גבר,62
2026-07-30T18:37:59,61,עיניים,הסוללים,gender,אישה,12
2026-07-30T18:37:59,61,עיניים,הסוללים,visit_type,ביקור במרפאה,79
2026-07-30T18:37:59,61,עיניים,הסוללים,language,אנגלית,19
2026-07-30T18:37:59,61,עיניים,הסוללים,language,עברית,27
2026-07-30T18:37:59,61,עיניים,הסוללים,language,ערבית,17
2026-07-30T18:37:59,61,עיניים,הסוללים,language,רוסית,4
2026-07-30T18:38:10,61,עיניים,ורד יריחו,gender,אישה,13
2026-07-30T18:38:10,61,עיניים,ורד יריחו,gender,גבר,17
2026-07-30T18:38:10,61,עיניים,ורד יריחו,visit_type,ביקור במרפאה,30
2026-07-30T18:38:10,61,עיניים,ורד יריחו,language,אנגלית,4
2026-07-30T18:38:10,61,עיניים,ורד יריחו,language,עברית,6
2026-07-30T18:38:10,61,עיניים,ורד יריחו,language,ערבית,6
2026-07-30T18:38:10,61,עיניים,ורד יריחו,language,צרפתית,1
2026-07-30T18:38:10,61,עיניים,ורד יריחו,language,רומנית,1
2026-07-30T18:38:17,61,עיניים,זיבדה,gender,גבר,54
2026-07-30T18:38:17,61,עיניים,זיבדה,gender,אישה,14
2026-07-30T18:38:17,61,עיניים,זיבדה,visit_type,ביקור במרפאה,70
2026-07-30T18:38:17,61,עיניים,זיבדה,visit_type,שיחת טלפון,1
2026-07-30T18:38:17,61,עיניים,זיבדה,language,אידיש,2
2026-07-30T18:38:17,61,עיניים,זיבדה,language,איטלקית,1
2026-07-30T18:38:17,61,עיניים,זיבדה,language,אנגלית,10
2026-07-30T18:38:17,61,עיניים,זיבדה,language,ספרדית,3
2026-07-30T18:38:17,61,עיניים,זיבדה,language,עברית,13
2026-07-30T18:38:17,61,עיניים,זיבדה,language,ערבית,2
2026-07-30T18:38:17,61,עיניים,זיבדה,language,צרפתית,2
2026-07-30T18:38:17,61,עיניים,זיבדה,language,רוסית,1
2026-07-30T18:38:29,61,עיניים,זעתרה,gender,אישה,13
2026-07-30T18:38:29,61,עיניים,זעתרה,gender,גבר,17
2026-07-30T18:38:29,61,עיניים,זעתרה,visit_type,ביקור במרפאה,30
2026-07-30T18:38:29,61,עיניים,זעתרה,language,אנגלית,4
2026-07-30T18:38:29,61,עיניים,זעתרה,language,עברית,6
2026-07-30T18:38:29,61,עיניים,זעתרה,language,ערבית,6
2026-07-30T18:38:29,61,עיניים,זעתרה,language,צרפתית,1
2026-07-30T18:38:29,61,עיניים,זעתרה,language,רומנית,1
2026-07-30T18:38:34,61,עיניים,חברון,gender,אישה,13
2026-07-30T18:38:34,61,עיניים,חברון,gender,גבר,17
2026-07-30T18:38:34,61,עיניים,חברון,visit_type,ביקור במרפאה,30
2026-07-30T18:38:34,61,עיניים,חברון,language,אנגלית,4
2026-07-30T18:38:34,61,עיניים,חברון,language,עברית,6
2026-07-30T18:38:34,61,עיניים,חברון,language,ערבית,6
2026-07-30T18:38:34,61,עיניים,חברון,language,צרפתית,1
2026-07-30T18:38:34,61,עיניים,חברון,language,רומנית,1
2026-07-30T18:38:41,61,עיניים,חולון,gender,גבר,31
2026-07-30T18:38:41,61,עיניים,חולון,gender,אישה,19
2026-07-30T18:38:41,61,עיניים,חולון,visit_type,ביקור במרפאה,59
2026-07-30T18:38:41,61,עיניים,חולון,language,אידיש,1
2026-07-30T18:38:41,61,עיניים,חולון,language,אנגלית,18
2026-07-30T18:38:41,61,עיניים,חולון,language,גרמנית,2
2026-07-30T18:38:41,61,עיניים,חולון,language,הונגרית,1
2026-07-30T18:38:41,61,עיניים,חולון,language,עברית,33
2026-07-30T18:38:41,61,עיניים,חולון,language,ערבית,1
2026-07-30T18:38:41,61,עיניים,חולון,language,צרפתית,3
2026-07-30T18:38:41,61,עיניים,חולון,language,רומנית,1
2026-07-30T18:38:41,61,עיניים,חולון,language,רוסית,5
2026-07-30T18:38:50,61,עיניים,חיזמא,gender,אישה,13
2026-07-30T18:38:50,61,עיניים,חיזמא,gender,גבר,17
2026-07-30T18:38:50,61,עיניים,חיזמא,visit_type,ביקור במרפאה,30
2026-07-30T18:38:50,61,עיניים,חיזמא,language,אנגלית,4
2026-07-30T18:38:50,61,עיניים,חיזמא,language,עברית,6
2026-07-30T18:38:50,61,עיניים,חיזמא,language,ערבית,6
2026-07-30T18:38:50,61,עיניים,חיזמא,language,צרפתית,1
2026-07-30T18:38:50,61,עיניים,חיזמא,language,רומנית,1
2026-07-30T18:38:56,61,עיניים,חמרה,gender,אישה,13
2026-07-30T18:38:56,61,עיניים,חמרה,gender,גבר,17
2026-07-30T18:38:56,61,עיניים,חמרה,visit_type,ביקור במרפאה,30
2026-07-30T18:38:56,61,עיניים,חמרה,language,אנגלית,4
2026-07-30T18:38:56,61,עיניים,חמרה,language,עברית,6
2026-07-30T18:38:56,61,עיניים,חמרה,language,ערבית,6
2026-07-30T18:38:56,61,עיניים,חמרה,language,צרפתית,1
2026-07-30T18:38:56,61,עיניים,חמרה,language,רומנית,1
2026-07-30T18:39:03,61,עיניים,חצור הגלילית,gender,גבר,62
2026-07-30T18:39:03,61,עיניים,חצור הגלילית,gender,אישה,12
2026-07-30T18:39:03,61,עיניים,חצור הגלילית,visit_type,ביקור במרפאה,79
2026-07-30T18:39:03,61,עיניים,חצור הגלילית,language,אנגלית,19
2026-07-30T18:39:03,61,עיניים,חצור הגלילית,language,עברית,27
2026-07-30T18:39:03,61,עיניים,חצור הגלילית,language,ערבית,17
2026-07-30T18:39:03,61,עיניים,חצור הגלילית,language,רוסית,4
2026-07-30T18:39:16,61,עיניים,טובא זנגריה,gender,אישה,12
2026-07-30T18:39:16,61,עיניים,טובא זנגריה,gender,גבר,62
2026-07-30T18:39:16,61,עיניים,טובא זנגריה,visit_type,ביקור במרפאה,79
2026-07-30T18:39:16,61,עיניים,טובא זנגריה,language,אנגלית,19
2026-07-30T18:39:16,61,עיניים,טובא זנגריה,language,עברית,27
2026-07-30T18:39:16,61,עיניים,טובא זנגריה,language,ערבית,17
2026-07-30T18:39:16,61,עיניים,טובא זנגריה,language,רוסית,4
2026-07-30T18:39:31,61,עיניים,טירת כרמל,gender,אישה,38
2026-07-30T18:39:31,61,עיניים,טירת כרמל,gender,גבר,78
2026-07-30T18:39:31,61,עיניים,טירת כרמל,visit_type,ביקור במרפאה,122
2026-07-30T18:39:31,61,עיניים,טירת כרמל,visit_type,שיחת טלפון,2
2026-07-30T18:39:31,61,עיניים,טירת כרמל,language,אוקראינית,1
2026-07-30T18:39:31,61,עיניים,טירת כרמל,language,אידיש,4
2026-07-30T18:39:31,61,עיניים,טירת כרמל,language,איטלקית,2
2026-07-30T18:39:31,61,עיניים,טירת כרמל,language,אנגלית,47
2026-07-30T18:39:31,61,עיניים,טירת כרמל,language,בולגרית,1
2026-07-30T18:39:31,61,עיניים,טירת כרמל,language,גרמנית,2
2026-07-30T18:39:31,61,עיניים,טירת כרמל,language,הונגרית,1
2026-07-30T18:39:31,61,עיניים,טירת כרמל,language,ספרדית,2
2026-07-30T18:39:31,61,עיניים,טירת כרמל,language,עברית,69
2026-07-30T18:39:31,61,עיניים,טירת כרמל,language,ערבית,24
2026-07-30T18:39:31,61,עיניים,טירת כרמל,language,פולנית,1
2026-07-30T18:39:31,61,עיניים,טירת כרמל,language,פרסית,1
2026-07-30T18:39:31,61,עיניים,טירת כרמל,language,צרפתית,3
2026-07-30T18:39:31,61,עיניים,טירת כרמל,language,רומנית,1
2026-07-30T18:39:31,61,עיניים,טירת כרמל,language,רוסית,21
2026-07-30T18:39:52,61,עיניים,טנא,gender,גבר,56
2026-07-30T18:39:52,61,עיניים,טנא,gender,אישה,13
2026-07-30T18:39:52,61,עיניים,טנא,visit_type,ביקור במרפאה,71
2026-07-30T18:39:52,61,עיניים,טנא,visit_type,שיחת טלפון,1
2026-07-30T18:39:52,61,עיניים,טנא,language,איטלקית,2
2026-07-30T18:39:52,61,עיניים,טנא,language,אנגלית,3
2026-07-30T18:39:52,61,עיניים,טנא,language,ספרדית,1
2026-07-30T18:39:52,61,עיניים,טנא,language,עברית,6
2026-07-30T18:39:52,61,עיניים,טנא,language,צרפתית,1
2026-07-30T18:39:52,61,עיניים,טנא,language,רומנית,1
2026-07-30T18:39:52,61,עיניים,טנא,language,רוסית,5
2026-07-30T18:40:07,61,עיניים,יבנה,gender,גבר,14
2026-07-30T18:40:07,61,עיניים,יבנה,gender,אישה,16
2026-07-30T18:40:07,61,עיניים,יבנה,visit_type,ביקור במרפאה,37
2026-07-30T18:40:07,61,עיניים,יבנה,language,אנגלית,9
2026-07-30T18:40:07,61,עיניים,יבנה,language,הונגרית,1
2026-07-30T18:40:07,61,עיניים,יבנה,language,עברית,9
2026-07-30T18:40:07,61,עיניים,יבנה,language,ערבית,2
2026-07-30T18:40:07,61,עיניים,יבנה,language,רומנית,3
2026-07-30T18:40:07,61,עיניים,יבנה,language,רוסית,5
2026-07-30T18:40:12,61,עיניים,ידידה,gender,אישה,13
2026-07-30T18:40:12,61,עיניים,ידידה,gender,גבר,17
2026-07-30T18:40:12,61,עיניים,ידידה,visit_type,ביקור במרפאה,30
2026-07-30T18:40:12,61,עיניים,ידידה,language,אנגלית,4
2026-07-30T18:40:12,61,עיניים,ידידה,language,עברית,6
2026-07-30T18:40:12,61,עיניים,ידידה,language,ערבית,6
2026-07-30T18:40:12,61,עיניים,ידידה,language,צרפתית,1
2026-07-30T18:40:12,61,עיניים,ידידה,language,רומנית,1
2026-07-30T18:40:21,61,עיניים,יטא יוטה,gender,גבר,56
2026-07-30T18:40:21,61,עיניים,יטא יוטה,gender,אישה,13
2026-07-30T18:40:21,61,עיניים,יטא יוטה,visit_type,ביקור במרפאה,71
2026-07-30T18:40:21,61,עיניים,יטא יוטה,visit_type,שיחת טלפון,1
2026-07-30T18:40:21,61,עיניים,יטא יוטה,language,איטלקית,2
2026-07-30T18:40:21,61,עיניים,יטא יוטה,language,אנגלית,3
2026-07-30T18:40:21,61,עיניים,יטא יוטה,language,ספרדית,1
2026-07-30T18:40:21,61,עיניים,יטא יוטה,language,עברית,6
2026-07-30T18:40:21,61,עיניים,יטא יוטה,language,צרפתית,1
2026-07-30T18:40:21,61,עיניים,יטא יוטה,language,רומנית,1
2026-07-30T18:40:21,61,עיניים,יטא יוטה,language,רוסית,5
2026-07-30T18:40:36,61,עיניים,יעד,gender,גבר,56
2026-07-30T18:40:36,61,עיניים,יעד,gender,אישה,17
2026-07-30T18:40:36,61,עיניים,יעד,visit_type,ביקור במרפאה,77
2026-07-30T18:40:36,61,עיניים,יעד,visit_type,שיחת טלפון,1
2026-07-30T18:40:36,61,עיניים,יעד,language,אוקראינית,1
2026-07-30T18:40:36,61,עיניים,יעד,language,אידיש,1
2026-07-30T18:40:36,61,עיניים,יעד,language,אנגלית,47
2026-07-30T18:40:36,61,עיניים,יעד,language,בולגרית,7
2026-07-30T18:40:36,61,עיניים,יעד,language,גרמנית,1
2026-07-30T18:40:36,61,עיניים,יעד,language,עברית,71
2026-07-30T18:40:36,61,עיניים,יעד,language,ערבית,48
2026-07-30T18:40:36,61,עיניים,יעד,language,צרפתית,1
2026-07-30T18:40:36,61,עיניים,יעד,language,רומנית,14
2026-07-30T18:40:36,61,עיניים,יעד,language,רוסית,18
2026-07-30T18:40:49,61,עיניים,יקום,gender,גבר,54
2026-07-30T18:40:49,61,עיניים,יקום,gender,אישה,14
2026-07-30T18:40:49,61,עיניים,יקום,visit_type,ביקור במרפאה,70
2026-07-30T18:40:49,61,עיניים,יקום,visit_type,שיחת טלפון,1
2026-07-30T18:40:49,61,עיניים,יקום,language,אידיש,2
2026-07-30T18:40:49,61,עיניים,יקום,language,איטלקית,1
2026-07-30T18:40:49,61,עיניים,יקום,language,אנגלית,10
2026-07-30T18:40:49,61,עיניים,יקום,language,ספרדית,3
2026-07-30T18:40:49,61,עיניים,יקום,language,עברית,13
2026-07-30T18:40:49,61,עיניים,יקום,language,ערבית,2
2026-07-30T18:40:49,61,עיניים,יקום,language,צרפתית,2
2026-07-30T18:40:49,61,עיניים,יקום,language,רוסית,1
2026-07-30T18:41:02,61,עיניים,ירכא,gender,גבר,47
2026-07-30T18:41:02,61,עיניים,ירכא,gender,אישה,6
2026-07-30T18:41:02,61,עיניים,ירכא,visit_type,ביקור במרפאה,54
2026-07-30T18:41:02,61,עיניים,ירכא,visit_type,שיחת טלפון,1
2026-07-30T18:41:02,61,עיניים,ירכא,language,אנגלית,37
2026-07-30T18:41:02,61,עיניים,ירכא,language,בולגרית,7
2026-07-30T18:41:02,61,עיניים,ירכא,language,גרמנית,1
2026-07-30T18:41:02,61,עיניים,ירכא,language,עברית,52
2026-07-30T18:41:02,61,עיניים,ירכא,language,ערבית,41
2026-07-30T18:41:02,61,עיניים,ירכא,language,רומנית,14
2026-07-30T18:41:02,61,עיניים,ירכא,language,רוסית,8
2026-07-30T18:41:10,61,עיניים,כברי,gender,גבר,47
2026-07-30T18:41:10,61,עיניים,כברי,gender,אישה,6
2026-07-30T18:41:10,61,עיניים,כברי,visit_type,ביקור במרפאה,54
2026-07-30T18:41:10,61,עיניים,כברי,visit_type,שיחת טלפון,1
2026-07-30T18:41:10,61,עיניים,כברי,language,אנגלית,37
2026-07-30T18:41:10,61,עיניים,כברי,language,בולגרית,7
2026-07-30T18:41:10,61,עיניים,כברי,language,גרמנית,1
2026-07-30T18:41:10,61,עיניים,כברי,language,עברית,52
2026-07-30T18:41:10,61,עיניים,כברי,language,ערבית,41
2026-07-30T18:41:10,61,עיניים,כברי,language,רומנית,14
2026-07-30T18:41:10,61,עיניים,כברי,language,רוסית,8
2026-07-30T18:41:19,61,עיניים,כור,gender,גבר,54
2026-07-30T18:41:19,61,עיניים,כור,gender,אישה,14
2026-07-30T18:41:19,61,עיניים,כור,visit_type,ביקור במרפאה,70
2026-07-30T18:41:19,61,עיניים,כור,visit_type,שיחת טלפון,1
2026-07-30T18:41:19,61,עיניים,כור,language,אידיש,2
2026-07-30T18:41:19,61,עיניים,כור,language,איטלקית,1
2026-07-30T18:41:19,61,עיניים,כור,language,אנגלית,10
2026-07-30T18:41:19,61,עיניים,כור,language,ספרדית,3
2026-07-30T18:41:19,61,עיניים,כור,language,עברית,13
2026-07-30T18:41:19,61,עיניים,כור,language,ערבית,2
2026-07-30T18:41:19,61,עיניים,כור,language,צרפתית,2
2026-07-30T18:41:19,61,עיניים,כור,language,רוסית,1
2026-07-30T18:41:32,61,עיניים,כלנית,gender,גבר,62
2026-07-30T18:41:32,61,עיניים,כלנית,gender,אישה,12
2026-07-30T18:41:32,61,עיניים,כלנית,visit_type,ביקור במרפאה,79
2026-07-30T18:41:32,61,עיניים,כלנית,language,אנגלית,19
2026-07-30T18:41:32,61,עיניים,כלנית,language,עברית,27
2026-07-30T18:41:32,61,עיניים,כלנית,language,ערבית,17
2026-07-30T18:41:32,61,עיניים,כלנית,language,רוסית,4
2026-07-30T18:41:45,61,עיניים,כפר א דיכ,gender,גבר,38
2026-07-30T18:41:45,61,עיניים,כפר א דיכ,gender,אישה,15
2026-07-30T18:41:45,61,עיניים,כפר א דיכ,visit_type,ביקור במרפאה,58
2026-07-30T18:41:45,61,עיניים,כפר א דיכ,language,אידיש,1
2026-07-30T18:41:45,61,עיניים,כפר א דיכ,language,איטלקית,1
2026-07-30T18:41:45,61,עיניים,כפר א דיכ,language,אנגלית,26
2026-07-30T18:41:45,61,עיניים,כפר א דיכ,language,גרוזינית,2
2026-07-30T18:41:45,61,עיניים,כפר א דיכ,language,ספרדית,1
2026-07-30T18:41:45,61,עיניים,כפר א דיכ,language,עברית,53
2026-07-30T18:41:45,61,עיניים,כפר א דיכ,language,ערבית,5
2026-07-30T18:41:45,61,עיניים,כפר א דיכ,language,פולנית,1
2026-07-30T18:41:45,61,עיניים,כפר א דיכ,language,צרפתית,1
2026-07-30T18:41:45,61,עיניים,כפר א דיכ,language,רומנית,2
2026-07-30T18:41:45,61,עיניים,כפר א דיכ,language,רוסית,13
2026-07-30T18:41:58,61,עיניים,כרזה,gender,גבר,56
2026-07-30T18:41:58,61,עיניים,כרזה,gender,אישה,13
2026-07-30T18:41:58,61,עיניים,כרזה,visit_type,ביקור במרפאה,71
2026-07-30T18:41:58,61,עיניים,כרזה,visit_type,שיחת טלפון,1
2026-07-30T18:41:58,61,עיניים,כרזה,language,איטלקית,2
2026-07-30T18:41:58,61,עיניים,כרזה,language,אנגלית,3
2026-07-30T18:41:58,61,עיניים,כרזה,language,ספרדית,1
2026-07-30T18:41:58,61,עיניים,כרזה,language,עברית,6
2026-07-30T18:41:58,61,עיניים,כרזה,language,צרפתית,1
2026-07-30T18:41:58,61,עיניים,כרזה,language,רומנית,1
2026-07-30T18:41:58,61,עיניים,כרזה,language,רוסית,5
2026-07-30T18:42:15,61,עיניים,לא מוכר-דרום,gender,גבר,56
2026-07-30T18:42:15,61,עיניים,לא מוכר-דרום,gender,אישה,13
2026-07-30T18:42:15,61,עיניים,לא מוכר-דרום,visit_type,ביקור במרפאה,71
2026-07-30T18:42:15,61,עיניים,לא מוכר-דרום,visit_type,שיחת טלפון,1
2026-07-30T18:42:15,61,עיניים,לא מוכר-דרום,language,איטלקית,2
2026-07-30T18:42:15,61,עיניים,לא מוכר-דרום,language,אנגלית,3
2026-07-30T18:42:15,61,עיניים,לא מוכר-דרום,language,ספרדית,1
2026-07-30T18:42:15,61,עיניים,לא מוכר-דרום,language,עברית,6
2026-07-30T18:42:15,61,עיניים,לא מוכר-דרום,language,צרפתית,1
2026-07-30T18:42:15,61,עיניים,לא מוכר-דרום,language,רומנית,1
2026-07-30T18:42:15,61,עיניים,לא מוכר-דרום,language,רוסית,5
2026-07-30T18:42:29,61,עיניים,לוד,gender,אישה,15
2026-07-30T18:42:29,61,עיניים,לוד,gender,גבר,22
2026-07-30T18:42:29,61,עיניים,לוד,visit_type,ביקור במרפאה,41
2026-07-30T18:42:29,61,עיניים,לוד,language,אנגלית,6
2026-07-30T18:42:29,61,עיניים,לוד,language,הונגרית,1
2026-07-30T18:42:29,61,עיניים,לוד,language,עברית,6
2026-07-30T18:42:29,61,עיניים,לוד,language,ערבית,1
2026-07-30T18:42:29,61,עיניים,לוד,language,צרפתית,1
2026-07-30T18:42:29,61,עיניים,לוד,language,רומנית,1
2026-07-30T18:42:29,61,עיניים,לוד,language,רוסית,1
2026-07-30T18:42:37,61,עיניים,מאור,gender,גבר,78
2026-07-30T18:42:37,61,עיניים,מאור,gender,אישה,23
2026-07-30T18:42:37,61,עיניים,מאור,visit_type,ביקור במרפאה,105
2026-07-30T18:42:37,61,עיניים,מאור,visit_type,שיחת טלפון,1
2026-07-30T18:42:37,61,עיניים,מאור,language,אידיש,2
2026-07-30T18:42:37,61,עיניים,מאור,language,איטלקית,2
2026-07-30T18:42:37,61,עיניים,מאור,language,אנגלית,21
2026-07-30T18:42:37,61,עיניים,מאור,language,גרמנית,1
2026-07-30T18:42:37,61,עיניים,מאור,language,ספרדית,3
2026-07-30T18:42:37,61,עיניים,מאור,language,עברית,29
2026-07-30T18:42:37,61,עיניים,מאור,language,ערבית,10
2026-07-30T18:42:37,61,עיניים,מאור,language,פולנית,1
2026-07-30T18:42:37,61,עיניים,מאור,language,פרסית,1
2026-07-30T18:42:37,61,עיניים,מאור,language,צרפתית,2
2026-07-30T18:42:37,61,עיניים,מאור,language,רומנית,1
2026-07-30T18:42:37,61,עיניים,מאור,language,רוסית,4
2026-07-30T18:42:58,61,עיניים,מבטחים,gender,גבר,56
2026-07-30T18:42:58,61,עיניים,מבטחים,gender,אישה,13
2026-07-30T18:42:58,61,עיניים,מבטחים,visit_type,ביקור במרפאה,71
2026-07-30T18:42:58,61,עיניים,מבטחים,visit_type,שיחת טלפון,1
2026-07-30T18:42:58,61,עיניים,מבטחים,language,איטלקית,2
2026-07-30T18:42:58,61,עיניים,מבטחים,language,אנגלית,3
2026-07-30T18:42:58,61,עיניים,מבטחים,language,ספרדית,1
2026-07-30T18:42:58,61,עיניים,מבטחים,language,עברית,6
2026-07-30T18:42:58,61,עיניים,מבטחים,language,צרפתית,1
2026-07-30T18:42:58,61,עיניים,מבטחים,language,רומנית,1
2026-07-30T18:42:58,61,עיניים,מבטחים,language,רוסית,5
2026-07-30T18:43:12,61,עיניים,מגדל עוז,gender,אישה,13
2026-07-30T18:43:12,61,עיניים,מגדל עוז,gender,גבר,17
2026-07-30T18:43:12,61,עיניים,מגדל עוז,visit_type,ביקור במרפאה,30
2026-07-30T18:43:12,61,עיניים,מגדל עוז,language,אנגלית,4
2026-07-30T18:43:12,61,עיניים,מגדל עוז,language,עברית,6
2026-07-30T18:43:12,61,עיניים,מגדל עוז,language,ערבית,6
2026-07-30T18:43:12,61,עיניים,מגדל עוז,language,צרפתית,1
2026-07-30T18:43:12,61,עיניים,מגדל עוז,language,רומנית,1
2026-07-30T18:43:21,61,עיניים,מוע'אזי,gender,גבר,56
2026-07-30T18:43:21,61,עיניים,מוע'אזי,gender,אישה,13
2026-07-30T18:43:21,61,עיניים,מוע'אזי,visit_type,ביקור במרפאה,71
2026-07-30T18:43:21,61,עיניים,מוע'אזי,visit_type,שיחת טלפון,1
2026-07-30T18:43:21,61,עיניים,מוע'אזי,language,איטלקית,2
2026-07-30T18:43:21,61,עיניים,מוע'אזי,language,אנגלית,3
2026-07-30T18:43:21,61,עיניים,מוע'אזי,language,ספרדית,1
2026-07-30T18:43:21,61,עיניים,מוע'אזי,language,עברית,6
2026-07-30T18:43:21,61,עיניים,מוע'אזי,language,צרפתית,1
2026-07-30T18:43:21,61,עיניים,מוע'אזי,language,רומנית,1
2026-07-30T18:43:21,61,עיניים,מוע'אזי,language,רוסית,5
2026-07-30T18:43:35,61,עיניים,מזרעה א שרקיה,gender,אישה,13
2026-07-30T18:43:35,61,עיניים,מזרעה א שרקיה,gender,גבר,17
2026-07-30T18:43:35,61,עיניים,מזרעה א שרקיה,visit_type,ביקור במרפאה,30
2026-07-30T18:43:35,61,עיניים,מזרעה א שרקיה,language,אנגלית,4
2026-07-30T18:43:35,61,עיניים,מזרעה א שרקיה,language,עברית,6
2026-07-30T18:43:35,61,עיניים,מזרעה א שרקיה,language,ערבית,6
2026-07-30T18:43:35,61,עיניים,מזרעה א שרקיה,language,צרפתית,1
2026-07-30T18:43:35,61,עיניים,מזרעה א שרקיה,language,רומנית,1
2026-07-30T18:43:42,61,עיניים,מייסר,gender,גבר,78
2026-07-30T18:43:42,61,עיניים,מייסר,gender,אישה,23
2026-07-30T18:43:42,61,עיניים,מייסר,visit_type,ביקור במרפאה,105
2026-07-30T18:43:42,61,עיניים,מייסר,visit_type,שיחת טלפון,1
2026-07-30T18:43:42,61,עיניים,מייסר,language,אידיש,2
2026-07-30T18:43:42,61,עיניים,מייסר,language,איטלקית,2
2026-07-30T18:43:42,61,עיניים,מייסר,language,אנגלית,21
2026-07-30T18:43:42,61,עיניים,מייסר,language,גרמנית,1
2026-07-30T18:43:42,61,עיניים,מייסר,language,ספרדית,3
2026-07-30T18:43:42,61,עיניים,מייסר,language,עברית,29
2026-07-30T18:43:42,61,עיניים,מייסר,language,ערבית,10
2026-07-30T18:43:42,61,עיניים,מייסר,language,פולנית,1
2026-07-30T18:43:42,61,עיניים,מייסר,language,פרסית,1
2026-07-30T18:43:42,61,עיניים,מייסר,language,צרפתית,2
2026-07-30T18:43:42,61,עיניים,מייסר,language,רומנית,1
2026-07-30T18:43:42,61,עיניים,מייסר,language,רוסית,4
2026-07-30T18:44:00,61,עיניים,מכמנים,gender,גבר,79
2026-07-30T18:44:00,61,עיניים,מכמנים,gender,אישה,33
2026-07-30T18:44:00,61,עיניים,מכמנים,visit_type,ביקור במרפאה,117
2026-07-30T18:44:00,61,עיניים,מכמנים,visit_type,שיחת טלפון,2
2026-07-30T18:44:00,61,עיניים,מכמנים,language,אוקראינית,1
2026-07-30T18:44:00,61,עיניים,מכמנים,language,אידיש,3
2026-07-30T18:44:00,61,עיניים,מכמנים,language,איטלקית,2
2026-07-30T18:44:00,61,עיניים,מכמנים,language,אנגלית,77
2026-07-30T18:44:00,61,עיניים,מכמנים,language,בולגרית,8
2026-07-30T18:44:00,61,עיניים,מכמנים,language,גרמנית,3
2026-07-30T18:44:00,61,עיניים,מכמנים,language,הונגרית,1
2026-07-30T18:44:00,61,עיניים,מכמנים,language,ספרדית,1
2026-07-30T18:44:00,61,עיניים,מכמנים,language,עברית,110
2026-07-30T18:44:00,61,עיניים,מכמנים,language,ערבית,61
2026-07-30T18:44:00,61,עיניים,מכמנים,language,פולנית,1
2026-07-30T18:44:00,61,עיניים,מכמנים,language,פרסית,1
2026-07-30T18:44:00,61,עיניים,מכמנים,language,צרפתית,2
2026-07-30T18:44:00,61,עיניים,מכמנים,language,רומנית,15
2026-07-30T18:44:00,61,עיניים,מכמנים,language,רוסית,27
2026-07-30T18:44:21,61,עיניים,מנשית זבדה,gender,גבר,104
2026-07-30T18:44:21,61,עיניים,מנשית זבדה,gender,אישה,16
2026-07-30T18:44:21,61,עיניים,מנשית זבדה,visit_type,ביקור במרפאה,125
2026-07-30T18:44:21,61,עיניים,מנשית זבדה,visit_type,שיחת טלפון,1
2026-07-30T18:44:21,61,עיניים,מנשית זבדה,language,אידיש,1
2026-07-30T18:44:21,61,עיניים,מנשית זבדה,language,איטלקית,1
2026-07-30T18:44:21,61,עיניים,מנשית זבדה,language,אנגלית,31
2026-07-30T18:44:21,61,עיניים,מנשית זבדה,language,גרמנית,1
2026-07-30T18:44:21,61,עיניים,מנשית זבדה,language,ספרדית,1
2026-07-30T18:44:21,61,עיניים,מנשית זבדה,language,עברית,44
2026-07-30T18:44:21,61,עיניים,מנשית זבדה,language,ערבית,25
2026-07-30T18:44:21,61,עיניים,מנשית זבדה,language,פולנית,1
2026-07-30T18:44:21,61,עיניים,מנשית זבדה,language,פרסית,1
2026-07-30T18:44:21,61,עיניים,מנשית זבדה,language,צרפתית,1
2026-07-30T18:44:21,61,עיניים,מנשית זבדה,language,רומנית,1
2026-07-30T18:44:21,61,עיניים,מנשית זבדה,language,רוסית,5
2026-07-30T18:44:39,61,עיניים,מעברות,gender,גבר,54
2026-07-30T18:44:39,61,עיניים,מעברות,gender,אישה,14
2026-07-30T18:44:39,61,עיניים,מעברות,visit_type,ביקור במרפאה,70
2026-07-30T18:44:39,61,עיניים,מעברות,visit_type,שיחת טלפון,1
2026-07-30T18:44:39,61,עיניים,מעברות,language,אידיש,2
2026-07-30T18:44:39,61,עיניים,מעברות,language,איטלקית,1
2026-07-30T18:44:39,61,עיניים,מעברות,language,אנגלית,10
2026-07-30T18:44:39,61,עיניים,מעברות,language,ספרדית,3
2026-07-30T18:44:39,61,עיניים,מעברות,language,עברית,13
2026-07-30T18:44:39,61,עיניים,מעברות,language,ערבית,2
2026-07-30T18:44:39,61,עיניים,מעברות,language,צרפתית,2
2026-07-30T18:44:39,61,עיניים,מעברות,language,רוסית,1
2026-07-30T18:44:53,61,עיניים,מפלסים,gender,גבר,36
2026-07-30T18:44:53,61,עיניים,מפלסים,gender,אישה,13
2026-07-30T18:44:53,61,עיניים,מפלסים,visit_type,ביקור במרפאה,51
2026-07-30T18:44:53,61,עיניים,מפלסים,visit_type,שיחת טלפון,1
2026-07-30T18:44:53,61,עיניים,מפלסים,language,איטלקית,2
2026-07-30T18:44:53,61,עיניים,מפלסים,language,אנגלית,3
2026-07-30T18:44:53,61,עיניים,מפלסים,language,ספרדית,1
2026-07-30T18:44:53,61,עיניים,מפלסים,language,עברית,5
2026-07-30T18:44:53,61,עיניים,מפלסים,language,צרפתית,1
2026-07-30T18:44:53,61,עיניים,מפלסים,language,רומנית,1
2026-07-30T18:44:53,61,עיניים,מפלסים,language,רוסית,4
2026-07-30T18:45:07,61,עיניים,מצדה,gender,גבר,56
2026-07-30T18:45:07,61,עיניים,מצדה,gender,אישה,13
2026-07-30T18:45:07,61,עיניים,מצדה,visit_type,ביקור במרפאה,71
2026-07-30T18:45:07,61,עיניים,מצדה,visit_type,שיחת טלפון,1
2026-07-30T18:45:07,61,עיניים,מצדה,language,איטלקית,2
2026-07-30T18:45:07,61,עיניים,מצדה,language,אנגלית,3
2026-07-30T18:45:07,61,עיניים,מצדה,language,ספרדית,1
2026-07-30T18:45:07,61,עיניים,מצדה,language,עברית,6
2026-07-30T18:45:07,61,עיניים,מצדה,language,צרפתית,1
2026-07-30T18:45:07,61,עיניים,מצדה,language,רומנית,1
2026-07-30T18:45:07,61,עיניים,מצדה,language,רוסית,5
2026-07-30T18:45:21,61,עיניים,מקווה ישראל,gender,גבר,23
2026-07-30T18:45:21,61,עיניים,מקווה ישראל,gender,אישה,7
2026-07-30T18:45:21,61,עיניים,מקווה ישראל,visit_type,ביקור במרפאה,36
2026-07-30T18:45:21,61,עיניים,מקווה ישראל,language,אידיש,1
2026-07-30T18:45:21,61,עיניים,מקווה ישראל,language,אנגלית,15
2026-07-30T18:45:21,61,עיניים,מקווה ישראל,language,גרמנית,2
2026-07-30T18:45:21,61,עיניים,מקווה ישראל,language,עברית,30
2026-07-30T18:45:21,61,עיניים,מקווה ישראל,language,צרפתית,3
2026-07-30T18:45:21,61,עיניים,מקווה ישראל,language,רוסית,4
2026-07-30T18:45:29,61,עיניים,מרכז אזורי משגב,gender,גבר,56
2026-07-30T18:45:29,61,עיניים,מרכז אזורי משגב,gender,אישה,17
2026-07-30T18:45:29,61,עיניים,מרכז אזורי משגב,visit_type,ביקור במרפאה,77
2026-07-30T18:45:29,61,עיניים,מרכז אזורי משגב,visit_type,שיחת טלפון,1
2026-07-30T18:45:29,61,עיניים,מרכז אזורי משגב,language,אוקראינית,1
2026-07-30T18:45:29,61,עיניים,מרכז אזורי משגב,language,אידיש,1
2026-07-30T18:45:29,61,עיניים,מרכז אזורי משגב,language,אנגלית,47
2026-07-30T18:45:29,61,עיניים,מרכז אזורי משגב,language,בולגרית,7
2026-07-30T18:45:29,61,עיניים,מרכז אזורי משגב,language,גרמנית,1
2026-07-30T18:45:29,61,עיניים,מרכז אזורי משגב,language,עברית,71
2026-07-30T18:45:29,61,עיניים,מרכז אזורי משגב,language,ערבית,48
2026-07-30T18:45:29,61,עיניים,מרכז אזורי משגב,language,צרפתית,1
2026-07-30T18:45:29,61,עיניים,מרכז אזורי משגב,language,רומנית,14
2026-07-30T18:45:29,61,עיניים,מרכז אזורי משגב,language,רוסית,18
2026-07-30T18:45:43,61,עיניים,משמר הירדן,gender,גבר,62
2026-07-30T18:45:43,61,עיניים,משמר הירדן,gender,אישה,12
2026-07-30T18:45:43,61,עיניים,משמר הירדן,visit_type,ביקור במרפאה,79
2026-07-30T18:45:43,61,עיניים,משמר הירדן,language,אנגלית,19
2026-07-30T18:45:43,61,עיניים,משמר הירדן,language,עברית,27
2026-07-30T18:45:43,61,עיניים,משמר הירדן,language,ערבית,17
2026-07-30T18:45:43,61,עיניים,משמר הירדן,language,רוסית,4
2026-07-30T18:45:55,61,עיניים,נאקורה,gender,גבר,54
2026-07-30T18:45:55,61,עיניים,נאקורה,gender,אישה,14
2026-07-30T18:45:55,61,עיניים,נאקורה,visit_type,ביקור במרפאה,70
2026-07-30T18:45:55,61,עיניים,נאקורה,visit_type,שיחת טלפון,1
2026-07-30T18:45:55,61,עיניים,נאקורה,language,אידיש,2
2026-07-30T18:45:55,61,עיניים,נאקורה,language,איטלקית,1
2026-07-30T18:45:55,61,עיניים,נאקורה,language,אנגלית,10
2026-07-30T18:45:55,61,עיניים,נאקורה,language,ספרדית,3
2026-07-30T18:45:55,61,עיניים,נאקורה,language,עברית,13
2026-07-30T18:45:55,61,עיניים,נאקורה,language,ערבית,2
2026-07-30T18:45:55,61,עיניים,נאקורה,language,צרפתית,2
2026-07-30T18:45:55,61,עיניים,נאקורה,language,רוסית,1
