scraped_at,spec_code,spec_name,search_city,facet_type,facet_value,count
2026-07-30T16:51:12,58,אורתופדיה,א טייבה,gender,גבר,145
2026-07-30T16:51:12,58,אורתופדיה,א טייבה,visit_type,ביקור במרפאה,146
2026-07-30T16:51:12,58,אורתופדיה,א טייבה,visit_type,שיחת טלפון,2
2026-07-30T16:51:12,58,אורתופדיה,א טייבה,language,איטלקית,1
2026-07-30T16:51:12,58,אורתופדיה,א טייבה,language,אנגלית,19
2026-07-30T16:51:12,58,אורתופדיה,א טייבה,language,גרמנית,1
2026-07-30T16:51:12,58,אורתופדיה,א טייבה,language,עברית,31
2026-07-30T16:51:12,58,אורתופדיה,א טייבה,language,ערבית,21
2026-07-30T16:51:12,58,אורתופדיה,א טייבה,language,רומנית,7
2026-07-30T16:51:12,58,אורתופדיה,א טייבה,language,רוסית,6
2026-07-30T16:51:31,58,אורתופדיה,אבו דיס,gender,גבר,47
2026-07-30T16:51:31,58,אורתופדיה,אבו דיס,visit_type,ביקור במרפאה,49
2026-07-30T16:51:31,58,אורתופדיה,אבו דיס,language,אנגלית,7
2026-07-30T16:51:31,58,אורתופדיה,אבו דיס,language,עברית,12
2026-07-30T16:51:31,58,אורתופדיה,אבו דיס,language,ערבית,6
2026-07-30T16:51:31,58,אורתופדיה,אבו דיס,language,צרפתית,1
2026-07-30T16:51:31,58,אורתופדיה,אבו דיס,language,רוסית,3
2026-07-30T16:51:40,58,אורתופדיה,אדירים,gender,גבר,97
2026-07-30T16:51:40,58,אורתופדיה,אדירים,visit_type,ביקור במרפאה,98
2026-07-30T16:51:40,58,אורתופדיה,אדירים,visit_type,שיחת טלפון,1
2026-07-30T16:51:40,58,אורתופדיה,אדירים,language,איטלקית,1
2026-07-30T16:51:40,58,אורתופדיה,אדירים,language,אנגלית,9
2026-07-30T16:51:40,58,אורתופדיה,אדירים,language,עברית,12
2026-07-30T16:51:40,58,אורתופדיה,אדירים,language,ערבית,5
2026-07-30T16:51:40,58,אורתופדיה,אדירים,language,רוסית,6
2026-07-30T16:51:58,58,אורתופדיה,אום אל פחם,gender,גבר,125
2026-07-30T16:51:58,58,אורתופדיה,אום אל פחם,visit_type,ביקור במרפאה,128
2026-07-30T16:51:58,58,אורתופדיה,אום אל פחם,visit_type,שיחת טלפון,4
2026-07-30T16:51:58,58,אורתופדיה,אום אל פחם,language,אידיש,1
2026-07-30T16:51:58,58,אורתופדיה,אום אל פחם,language,איטלקית,1
2026-07-30T16:51:58,58,אורתופדיה,אום אל פחם,language,אנגלית,15
2026-07-30T16:51:58,58,אורתופדיה,אום אל פחם,language,גרמנית,1
2026-07-30T16:51:58,58,אורתופדיה,אום אל פחם,language,עברית,26
2026-07-30T16:51:58,58,אורתופדיה,אום אל פחם,language,ערבית,18
2026-07-30T16:51:58,58,אורתופדיה,אום אל פחם,language,רומנית,7
2026-07-30T16:51:58,58,אורתופדיה,אום אל פחם,language,רוסית,3
2026-07-30T16:52:19,58,אורתופדיה,אחוזת ברק,gender,גבר,145
2026-07-30T16:52:19,58,אורתופדיה,אחוזת ברק,visit_type,ביקור במרפאה,146
2026-07-30T16:52:19,58,אורתופדיה,אחוזת ברק,visit_type,שיחת טלפון,2
2026-07-30T16:52:19,58,אורתופדיה,אחוזת ברק,language,איטלקית,1
2026-07-30T16:52:19,58,אורתופדיה,אחוזת ברק,language,אנגלית,19
2026-07-30T16:52:19,58,אורתופדיה,אחוזת ברק,language,גרמנית,1
2026-07-30T16:52:19,58,אורתופדיה,אחוזת ברק,language,עברית,31
2026-07-30T16:52:19,58,אורתופדיה,אחוזת ברק,language,ערבית,21
2026-07-30T16:52:19,58,אורתופדיה,אחוזת ברק,language,רומנית,7
2026-07-30T16:52:19,58,אורתופדיה,אחוזת ברק,language,רוסית,6
2026-07-30T16:52:40,58,אורתופדיה,איילת השחר,gender,גבר,97
2026-07-30T16:52:40,58,אורתופדיה,איילת השחר,visit_type,ביקור במרפאה,98
2026-07-30T16:52:40,58,אורתופדיה,איילת השחר,visit_type,שיחת טלפון,1
2026-07-30T16:52:40,58,אורתופדיה,איילת השחר,language,איטלקית,1
2026-07-30T16:52:40,58,אורתופדיה,איילת השחר,language,אנגלית,9
2026-07-30T16:52:40,58,אורתופדיה,איילת השחר,language,עברית,12
2026-07-30T16:52:40,58,אורתופדיה,איילת השחר,language,ערבית,5
2026-07-30T16:52:40,58,אורתופדיה,איילת השחר,language,רוסית,6
2026-07-30T16:52:54,58,אורתופדיה,אל ח'דר,gender,גבר,47
2026-07-30T16:52:54,58,אורתופדיה,אל ח'דר,visit_type,ביקור במרפאה,49
2026-07-30T16:52:54,58,אורתופדיה,אל ח'דר,language,אנגלית,7
2026-07-30T16:52:54,58,אורתופדיה,אל ח'דר,language,עברית,12
2026-07-30T16:52:54,58,אורתופדיה,אל ח'דר,language,ערבית,6
2026-07-30T16:52:54,58,אורתופדיה,אל ח'דר,language,צרפתית,1
2026-07-30T16:52:54,58,אורתופדיה,אל ח'דר,language,רוסית,3
2026-07-30T16:53:04,58,אורתופדיה,אמציה,gender,גבר,41
2026-07-30T16:53:04,58,אורתופדיה,אמציה,gender,אישה,2
2026-07-30T16:53:04,58,אורתופדיה,אמציה,visit_type,ביקור במרפאה,47
2026-07-30T16:53:04,58,אורתופדיה,אמציה,language,עברית,1
2026-07-30T16:53:04,58,אורתופדיה,אמציה,language,רוסית,1
2026-07-30T16:53:16,58,אורתופדיה,ארבל,gender,גבר,97
2026-07-30T16:53:16,58,אורתופדיה,ארבל,visit_type,ביקור במרפאה,98
2026-07-30T16:53:16,58,אורתופדיה,ארבל,visit_type,שיחת טלפון,1
2026-07-30T16:53:16,58,אורתופדיה,ארבל,language,איטלקית,1
2026-07-30T16:53:16,58,אורתופדיה,ארבל,language,אנגלית,9
2026-07-30T16:53:16,58,אורתופדיה,ארבל,language,עברית,12
2026-07-30T16:53:16,58,אורתופדיה,ארבל,language,ערבית,5
2026-07-30T16:53:16,58,אורתופדיה,ארבל,language,רוסית,6
2026-07-30T16:53:32,58,אורתופדיה,אשדות יעקב מאוחד,gender,גבר,97
2026-07-30T16:53:32,58,אורתופדיה,אשדות יעקב מאוחד,visit_type,ביקור במרפאה,98
2026-07-30T16:53:32,58,אורתופדיה,אשדות יעקב מאוחד,visit_type,שיחת טלפון,1
2026-07-30T16:53:32,58,אורתופדיה,אשדות יעקב מאוחד,language,איטלקית,1
2026-07-30T16:53:32,58,אורתופדיה,אשדות יעקב מאוחד,language,אנגלית,9
2026-07-30T16:53:32,58,אורתופדיה,אשדות יעקב מאוחד,language,עברית,12
2026-07-30T16:53:32,58,אורתופדיה,אשדות יעקב מאוחד,language,ערבית,5
2026-07-30T16:53:32,58,אורתופדיה,אשדות יעקב מאוחד,language,רוסית,6
2026-07-30T16:53:48,58,אורתופדיה,באר גנים,gender,גבר,41
2026-07-30T16:53:48,58,אורתופדיה,באר גנים,gender,אישה,2
2026-07-30T16:53:48,58,אורתופדיה,באר גנים,visit_type,ביקור במרפאה,47
2026-07-30T16:53:48,58,אורתופדיה,באר גנים,language,עברית,1
2026-07-30T16:53:48,58,אורתופדיה,באר גנים,language,רוסית,1
2026-07-30T16:54:03,58,אורתופדיה,בורג',gender,גבר,52
2026-07-30T16:54:03,58,אורתופדיה,בורג',gender,אישה,3
2026-07-30T16:54:03,58,אורתופדיה,בורג',visit_type,ביקור במרפאה,63
2026-07-30T16:54:03,58,אורתופדיה,בורג',language,עברית,1
2026-07-30T16:54:03,58,אורתופדיה,בורג',language,רוסית,1
2026-07-30T16:54:17,58,אורתופדיה,בידו,gender,גבר,47
2026-07-30T16:54:17,58,אורתופדיה,בידו,visit_type,ביקור במרפאה,49
2026-07-30T16:54:17,58,אורתופדיה,בידו,language,אנגלית,7
2026-07-30T16:54:17,58,אורתופדיה,בידו,language,עברית,12
2026-07-30T16:54:17,58,אורתופדיה,בידו,language,ערבית,6
2026-07-30T16:54:17,58,אורתופדיה,בידו,language,צרפתית,1
2026-07-30T16:54:17,58,אורתופדיה,בידו,language,רוסית,3
2026-07-30T16:54:26,58,אורתופדיה,בלעא,gender,גבר,86
2026-07-30T16:54:26,58,אורתופדיה,בלעא,visit_type,ביקור במרפאה,89
2026-07-30T16:54:26,58,אורתופדיה,בלעא,visit_type,שיחת טלפון,3
2026-07-30T16:54:26,58,אורתופדיה,בלעא,language,אידיש,1
2026-07-30T16:54:26,58,אורתופדיה,בלעא,language,איטלקית,1
2026-07-30T16:54:26,58,אורתופדיה,בלעא,language,אנגלית,8
2026-07-30T16:54:26,58,אורתופדיה,בלעא,language,עברית,15
2026-07-30T16:54:26,58,אורתופדיה,בלעא,language,ערבית,10
2026-07-30T16:54:26,58,אורתופדיה,בלעא,language,רומנית,3
2026-07-30T16:54:26,58,אורתופדיה,בלעא,language,רוסית,2
2026-07-30T16:54:40,58,אורתופדיה,בני עטרות,gender,גבר,67
2026-07-30T16:54:40,58,אורתופדיה,בני עטרות,gender,אישה,1
2026-07-30T16:54:40,58,אורתופדיה,בני עטרות,visit_type,ביקור במרפאה,77
2026-07-30T16:54:40,58,אורתופדיה,בני עטרות,visit_type,שיחת טלפון,2
2026-07-30T16:54:40,58,אורתופדיה,בני עטרות,language,אידיש,1
2026-07-30T16:54:40,58,אורתופדיה,בני עטרות,language,איטלקית,5
2026-07-30T16:54:40,58,אורתופדיה,בני עטרות,language,אנגלית,35
2026-07-30T16:54:40,58,אורתופדיה,בני עטרות,language,גרמנית,6
2026-07-30T16:54:40,58,אורתופדיה,בני עטרות,language,ספרדית,2
2026-07-30T16:54:40,58,אורתופדיה,בני עטרות,language,עברית,56
2026-07-30T16:54:40,58,אורתופדיה,בני עטרות,language,ערבית,6
2026-07-30T16:54:40,58,אורתופדיה,בני עטרות,language,רומנית,5
2026-07-30T16:54:40,58,אורתופדיה,בני עטרות,language,רוסית,6
2026-07-30T16:54:53,58,אורתופדיה,בר כוכבא,gender,גבר,47
2026-07-30T16:54:53,58,אורתופדיה,בר כוכבא,visit_type,ביקור במרפאה,49
2026-07-30T16:54:53,58,אורתופדיה,בר כוכבא,language,אנגלית,7
2026-07-30T16:54:53,58,אורתופדיה,בר כוכבא,language,עברית,12
2026-07-30T16:54:53,58,אורתופדיה,בר כוכבא,language,ערבית,6
2026-07-30T16:54:53,58,אורתופדיה,בר כוכבא,language,צרפתית,1
2026-07-30T16:54:53,58,אורתופדיה,בר כוכבא,language,רוסית,3
2026-07-30T16:55:03,58,אורתופדיה,בת חפר,gender,גבר,86
2026-07-30T16:55:03,58,אורתופדיה,בת חפר,visit_type,ביקור במרפאה,89
2026-07-30T16:55:03,58,אורתופדיה,בת חפר,visit_type,שיחת טלפון,3
2026-07-30T16:55:03,58,אורתופדיה,בת חפר,language,אידיש,1
2026-07-30T16:55:03,58,אורתופדיה,בת חפר,language,איטלקית,1
2026-07-30T16:55:03,58,אורתופדיה,בת חפר,language,אנגלית,8
2026-07-30T16:55:03,58,אורתופדיה,בת חפר,language,עברית,15
2026-07-30T16:55:03,58,אורתופדיה,בת חפר,language,ערבית,10
2026-07-30T16:55:03,58,אורתופדיה,בת חפר,language,רומנית,3
2026-07-30T16:55:03,58,אורתופדיה,בת חפר,language,רוסית,2
2026-07-30T16:55:17,58,אורתופדיה,גאולים,gender,גבר,86
2026-07-30T16:55:17,58,אורתופדיה,גאולים,visit_type,ביקור במרפאה,89
2026-07-30T16:55:17,58,אורתופדיה,גאולים,visit_type,שיחת טלפון,3
2026-07-30T16:55:17,58,אורתופדיה,גאולים,language,אידיש,1
2026-07-30T16:55:17,58,אורתופדיה,גאולים,language,איטלקית,1
2026-07-30T16:55:17,58,אורתופדיה,גאולים,language,אנגלית,8
2026-07-30T16:55:17,58,אורתופדיה,גאולים,language,עברית,15
2026-07-30T16:55:17,58,אורתופדיה,גאולים,language,ערבית,10
2026-07-30T16:55:17,58,אורתופדיה,גאולים,language,רומנית,3
2026-07-30T16:55:17,58,אורתופדיה,גאולים,language,רוסית,2
2026-07-30T16:55:30,58,אורתופדיה,גבעות הרואה,gender,גבר,47
2026-07-30T16:55:30,58,אורתופדיה,גבעות הרואה,visit_type,ביקור במרפאה,49
2026-07-30T16:55:30,58,אורתופדיה,גבעות הרואה,language,אנגלית,7
2026-07-30T16:55:30,58,אורתופדיה,גבעות הרואה,language,עברית,12
2026-07-30T16:55:30,58,אורתופדיה,גבעות הרואה,language,ערבית,6
2026-07-30T16:55:30,58,אורתופדיה,גבעות הרואה,language,צרפתית,1
2026-07-30T16:55:30,58,אורתופדיה,גבעות הרואה,language,רוסית,3
2026-07-30T16:55:39,58,אורתופדיה,גזר,gender,גבר,54
2026-07-30T16:55:39,58,אורתופדיה,גזר,gender,אישה,1
2026-07-30T16:55:39,58,אורתופדיה,גזר,visit_type,ביקור במרפאה,61
2026-07-30T16:55:39,58,אורתופדיה,גזר,visit_type,שיחת טלפון,1
2026-07-30T16:55:39,58,אורתופדיה,גזר,language,איטלקית,2
2026-07-30T16:55:39,58,אורתופדיה,גזר,language,אנגלית,6
2026-07-30T16:55:39,58,אורתופדיה,גזר,language,גרמנית,1
2026-07-30T16:55:39,58,אורתופדיה,גזר,language,עברית,9
2026-07-30T16:55:39,58,אורתופדיה,גזר,language,צרפתית,2
2026-07-30T16:55:39,58,אורתופדיה,גזר,language,רוסית,4
2026-07-30T16:55:49,58,אורתופדיה,גיתית,gender,גבר,47
2026-07-30T16:55:49,58,אורתופדיה,גיתית,visit_type,ביקור במרפאה,49
2026-07-30T16:55:49,58,אורתופדיה,גיתית,language,אנגלית,7
2026-07-30T16:55:49,58,אורתופדיה,גיתית,language,עברית,12
2026-07-30T16:55:49,58,אורתופדיה,גיתית,language,ערבית,6
2026-07-30T16:55:49,58,אורתופדיה,גיתית,language,צרפתית,1
2026-07-30T16:55:49,58,אורתופדיה,גיתית,language,רוסית,3
2026-07-30T16:55:57,58,אורתופדיה,גני יוחנן,gender,גבר,64
2026-07-30T16:55:57,58,אורתופדיה,גני יוחנן,gender,אישה,1
2026-07-30T16:55:57,58,אורתופדיה,גני יוחנן,visit_type,ביקור במרפאה,73
2026-07-30T16:55:57,58,אורתופדיה,גני יוחנן,visit_type,שיחת טלפון,2
2026-07-30T16:55:57,58,אורתופדיה,גני יוחנן,visit_type,שיחת וידאו,1
2026-07-30T16:55:57,58,אורתופדיה,גני יוחנן,language,איטלקית,3
2026-07-30T16:55:57,58,אורתופדיה,גני יוחנן,language,אנגלית,7
2026-07-30T16:55:57,58,אורתופדיה,גני יוחנן,language,גרמנית,1
2026-07-30T16:55:57,58,אורתופדיה,גני יוחנן,language,עברית,13
2026-07-30T16:55:57,58,אורתופדיה,גני יוחנן,language,ערבית,1
2026-07-30T16:55:57,58,אורתופדיה,גני יוחנן,language,צרפתית,3
2026-07-30T16:55:57,58,אורתופדיה,גני יוחנן,language,רומנית,1
2026-07-30T16:55:57,58,אורתופדיה,גני יוחנן,language,רוסית,5
2026-07-30T16:56:11,58,אורתופדיה,גשר הזיו,gender,גבר,69
2026-07-30T16:56:11,58,אורתופדיה,גשר הזיו,gender,אישה,2
2026-07-30T16:56:11,58,אורתופדיה,גשר הזיו,visit_type,ביקור במרפאה,71
2026-07-30T16:56:11,58,אורתופדיה,גשר הזיו,visit_type,שיחת טלפון,2
2026-07-30T16:56:11,58,אורתופדיה,גשר הזיו,language,איטלקית,1
2026-07-30T16:56:11,58,אורתופדיה,גשר הזיו,language,אנגלית,35
2026-07-30T16:56:11,58,אורתופדיה,גשר הזיו,language,בולגרית,1
2026-07-30T16:56:11,58,אורתופדיה,גשר הזיו,language,גרמנית,1
2026-07-30T16:56:11,58,אורתופדיה,גשר הזיו,language,ספרדית,2
2026-07-30T16:56:11,58,אורתופדיה,גשר הזיו,language,עברית,70
2026-07-30T16:56:11,58,אורתופדיה,גשר הזיו,language,ערבית,60
2026-07-30T16:56:11,58,אורתופדיה,גשר הזיו,language,צכית,1
2026-07-30T16:56:11,58,אורתופדיה,גשר הזיו,language,צרפתית,1
2026-07-30T16:56:11,58,אורתופדיה,גשר הזיו,language,רומנית,4
2026-07-30T16:56:11,58,אורתופדיה,גשר הזיו,language,רוסית,15
2026-07-30T16:56:22,58,אורתופדיה,דהיישה מחנה פליטים,gender,גבר,47
2026-07-30T16:56:22,58,אורתופדיה,דהיישה מחנה פליטים,visit_type,ביקור במרפאה,49
2026-07-30T16:56:22,58,אורתופדיה,דהיישה מחנה פליטים,language,אנגלית,7
2026-07-30T16:56:22,58,אורתופדיה,דהיישה מחנה פליטים,language,עברית,12
2026-07-30T16:56:22,58,אורתופדיה,דהיישה מחנה פליטים,language,ערבית,6
2026-07-30T16:56:22,58,אורתופדיה,דהיישה מחנה פליטים,language,צרפתית,1
2026-07-30T16:56:22,58,אורתופדיה,דהיישה מחנה פליטים,language,רוסית,3
2026-07-30T16:56:32,58,אורתופדיה,דחי,gender,גבר,145
2026-07-30T16:56:32,58,אורתופדיה,דחי,visit_type,ביקור במרפאה,146
2026-07-30T16:56:32,58,אורתופדיה,דחי,visit_type,שיחת טלפון,2
2026-07-30T16:56:32,58,אורתופדיה,דחי,language,איטלקית,1
2026-07-30T16:56:32,58,אורתופדיה,דחי,language,אנגלית,19
2026-07-30T16:56:32,58,אורתופדיה,דחי,language,גרמנית,1
2026-07-30T16:56:32,58,אורתופדיה,דחי,language,עברית,31
2026-07-30T16:56:32,58,אורתופדיה,דחי,language,ערבית,21
2026-07-30T16:56:32,58,אורתופדיה,דחי,language,רומנית,7
2026-07-30T16:56:32,58,אורתופדיה,דחי,language,רוסית,6
2026-07-30T16:56:53,58,אורתופדיה,דיר אל בלח,gender,גבר,52
2026-07-30T16:56:53,58,אורתופדיה,דיר אל בלח,gender,אישה,3
2026-07-30T16:56:53,58,אורתופדיה,דיר אל בלח,visit_type,ביקור במרפאה,63
2026-07-30T16:56:53,58,אורתופדיה,דיר אל בלח,language,עברית,1
2026-07-30T16:56:53,58,אורתופדיה,דיר אל בלח,language,רוסית,1
2026-07-30T16:57:09,58,אורתופדיה,הבונים,gender,גבר,115
2026-07-30T16:57:09,58,אורתופדיה,הבונים,visit_type,ביקור במרפאה,116
2026-07-30T16:57:09,58,אורתופדיה,הבונים,visit_type,שיחת טלפון,2
2026-07-30T16:57:09,58,אורתופדיה,הבונים,language,אידיש,1
2026-07-30T16:57:09,58,אורתופדיה,הבונים,language,אנגלית,41
2026-07-30T16:57:09,58,אורתופדיה,הבונים,language,גרמנית,5
2026-07-30T16:57:09,58,אורתופדיה,הבונים,language,הונגרית,1
2026-07-30T16:57:09,58,אורתופדיה,הבונים,language,ספרדית,2
2026-07-30T16:57:09,58,אורתופדיה,הבונים,language,עברית,57
2026-07-30T16:57:09,58,אורתופדיה,הבונים,language,ערבית,29
2026-07-30T16:57:09,58,אורתופדיה,הבונים,language,צרפתית,1
2026-07-30T16:57:09,58,אורתופדיה,הבונים,language,רומנית,14
2026-07-30T16:57:09,58,אורתופדיה,הבונים,language,רוסית,12
2026-07-30T16:57:26,58,אורתופדיה,הזורעים,gender,גבר,97
2026-07-30T16:57:26,58,אורתופדיה,הזורעים,visit_type,ביקור במרפאה,98
2026-07-30T16:57:26,58,אורתופדיה,הזורעים,visit_type,שיחת טלפון,1
2026-07-30T16:57:26,58,אורתופדיה,הזורעים,language,איטלקית,1
2026-07-30T16:57:26,58,אורתופדיה,הזורעים,language,אנגלית,9
2026-07-30T16:57:26,58,אורתופדיה,הזורעים,language,עברית,12
2026-07-30T16:57:26,58,אורתופדיה,הזורעים,language,ערבית,5
2026-07-30T16:57:26,58,אורתופדיה,הזורעים,language,רוסית,6
2026-07-30T16:57:43,58,אורתופדיה,הר עמשא,gender,גבר,36
2026-07-30T16:57:43,58,אורתופדיה,הר עמשא,gender,אישה,2
2026-07-30T16:57:43,58,אורתופדיה,הר עמשא,visit_type,ביקור במרפאה,43
2026-07-30T16:57:43,58,אורתופדיה,הר עמשא,language,עברית,1
2026-07-30T16:57:43,58,אורתופדיה,הר עמשא,language,רוסית,1
2026-07-30T16:57:55,58,אורתופדיה,זבאבידה,gender,גבר,86
2026-07-30T16:57:55,58,אורתופדיה,זבאבידה,visit_type,ביקור במרפאה,89
2026-07-30T16:57:55,58,אורתופדיה,זבאבידה,visit_type,שיחת טלפון,3
2026-07-30T16:57:55,58,אורתופדיה,זבאבידה,language,אידיש,1
2026-07-30T16:57:55,58,אורתופדיה,זבאבידה,language,איטלקית,1
2026-07-30T16:57:55,58,אורתופדיה,זבאבידה,language,אנגלית,8
2026-07-30T16:57:55,58,אורתופדיה,זבאבידה,language,עברית,15
2026-07-30T16:57:55,58,אורתופדיה,זבאבידה,language,ערבית,10
2026-07-30T16:57:55,58,אורתופדיה,זבאבידה,language,רומנית,3
2026-07-30T16:57:55,58,אורתופדיה,זבאבידה,language,רוסית,2
2026-07-30T16:58:09,58,אורתופדיה,זיתן,gender,גבר,54
2026-07-30T16:58:09,58,אורתופדיה,זיתן,gender,אישה,1
2026-07-30T16:58:09,58,אורתופדיה,זיתן,visit_type,ביקור במרפאה,61
2026-07-30T16:58:09,58,אורתופדיה,זיתן,visit_type,שיחת טלפון,1
2026-07-30T16:58:09,58,אורתופדיה,זיתן,language,איטלקית,2
2026-07-30T16:58:09,58,אורתופדיה,זיתן,language,אנגלית,6
2026-07-30T16:58:09,58,אורתופדיה,זיתן,language,גרמנית,1
2026-07-30T16:58:09,58,אורתופדיה,זיתן,language,עברית,9
2026-07-30T16:58:09,58,אורתופדיה,זיתן,language,צרפתית,2
2026-07-30T16:58:09,58,אורתופדיה,זיתן,language,רוסית,4
2026-07-30T16:58:20,58,אורתופדיה,זרעית,gender,גבר,69
2026-07-30T16:58:20,58,אורתופדיה,זרעית,gender,אישה,2
2026-07-30T16:58:20,58,אורתופדיה,זרעית,visit_type,ביקור במרפאה,71
2026-07-30T16:58:20,58,אורתופדיה,זרעית,visit_type,שיחת טלפון,2
2026-07-30T16:58:20,58,אורתופדיה,זרעית,language,איטלקית,1
2026-07-30T16:58:20,58,אורתופדיה,זרעית,language,אנגלית,35
2026-07-30T16:58:20,58,אורתופדיה,זרעית,language,בולגרית,1
2026-07-30T16:58:20,58,אורתופדיה,זרעית,language,גרמנית,1
2026-07-30T16:58:20,58,אורתופדיה,זרעית,language,ספרדית,2
2026-07-30T16:58:20,58,אורתופדיה,זרעית,language,עברית,70
2026-07-30T16:58:20,58,אורתופדיה,זרעית,language,ערבית,60
2026-07-30T16:58:20,58,אורתופדיה,זרעית,language,צכית,1
2026-07-30T16:58:20,58,אורתופדיה,זרעית,language,צרפתית,1
2026-07-30T16:58:20,58,אורתופדיה,זרעית,language,רומנית,4
2026-07-30T16:58:20,58,אורתופדיה,זרעית,language,רוסית,15
2026-07-30T16:58:33,58,אורתופדיה,חגלה,gender,גבר,125
2026-07-30T16:58:33,58,אורתופדיה,חגלה,visit_type,ביקור במרפאה,128
2026-07-30T16:58:33,58,אורתופדיה,חגלה,visit_type,שיחת טלפון,4
2026-07-30T16:58:33,58,אורתופדיה,חגלה,language,אידיש,1
2026-07-30T16:58:33,58,אורתופדיה,חגלה,language,איטלקית,1
2026-07-30T16:58:33,58,אורתופדיה,חגלה,language,אנגלית,15
2026-07-30T16:58:33,58,אורתופדיה,חגלה,language,גרמנית,1
2026-07-30T16:58:33,58,אורתופדיה,חגלה,language,עברית,26
2026-07-30T16:58:33,58,אורתופדיה,חגלה,language,ערבית,18
2026-07-30T16:58:33,58,אורתופדיה,חגלה,language,רומנית,7
2026-07-30T16:58:33,58,אורתופדיה,חגלה,language,רוסית,3
2026-07-30T16:58:55,58,אורתופדיה,חוסן,gender,גבר,113
2026-07-30T16:58:55,58,אורתופדיה,חוסן,gender,אישה,2
2026-07-30T16:58:55,58,אורתופדיה,חוסן,visit_type,ביקור במרפאה,116
2026-07-30T16:58:55,58,אורתופדיה,חוסן,visit_type,שיחת טלפון,2
2026-07-30T16:58:55,58,אורתופדיה,חוסן,language,אידיש,1
2026-07-30T16:58:55,58,אורתופדיה,חוסן,language,איטלקית,1
2026-07-30T16:58:55,58,אורתופדיה,חוסן,language,אנגלית,71
2026-07-30T16:58:55,58,אורתופדיה,חוסן,language,בולגרית,1
2026-07-30T16:58:55,58,אורתופדיה,חוסן,language,גרמנית,6
2026-07-30T16:58:55,58,אורתופדיה,חוסן,language,הונגרית,1
2026-07-30T16:58:55,58,אורתופדיה,חוסן,language,ספרדית,4
2026-07-30T16:58:55,58,אורתופדיה,חוסן,language,עברית,113
2026-07-30T16:58:55,58,אורתופדיה,חוסן,language,ערבית,77
2026-07-30T16:58:55,58,אורתופדיה,חוסן,language,צכית,1
2026-07-30T16:58:55,58,אורתופדיה,חוסן,language,צרפתית,2
2026-07-30T16:58:55,58,אורתופדיה,חוסן,language,רומנית,15
2026-07-30T16:58:55,58,אורתופדיה,חוסן,language,רוסית,26
2026-07-30T16:59:12,58,אורתופדיה,חלחול,gender,גבר,47
2026-07-30T16:59:12,58,אורתופדיה,חלחול,visit_type,ביקור במרפאה,49
2026-07-30T16:59:12,58,אורתופדיה,חלחול,language,אנגלית,7
2026-07-30T16:59:12,58,אורתופדיה,חלחול,language,עברית,12
2026-07-30T16:59:12,58,אורתופדיה,חלחול,language,ערבית,6
2026-07-30T16:59:12,58,אורתופדיה,חלחול,language,צרפתית,1
2026-07-30T16:59:12,58,אורתופדיה,חלחול,language,רוסית,3
2026-07-30T16:59:21,58,אורתופדיה,חספין,gender,גבר,97
2026-07-30T16:59:21,58,אורתופדיה,חספין,visit_type,ביקור במרפאה,98
2026-07-30T16:59:21,58,אורתופדיה,חספין,visit_type,שיחת טלפון,1
2026-07-30T16:59:21,58,אורתופדיה,חספין,language,איטלקית,1
2026-07-30T16:59:21,58,אורתופדיה,חספין,language,אנגלית,9
2026-07-30T16:59:21,58,אורתופדיה,חספין,language,עברית,12
2026-07-30T16:59:21,58,אורתופדיה,חספין,language,ערבית,5
2026-07-30T16:59:21,58,אורתופדיה,חספין,language,רוסית,6
2026-07-30T16:59:37,58,אורתופדיה,חרות,gender,גבר,86
2026-07-30T16:59:37,58,אורתופדיה,חרות,visit_type,ביקור במרפאה,89
2026-07-30T16:59:37,58,אורתופדיה,חרות,visit_type,שיחת טלפון,3
2026-07-30T16:59:37,58,אורתופדיה,חרות,language,אידיש,1
2026-07-30T16:59:37,58,אורתופדיה,חרות,language,איטלקית,1
2026-07-30T16:59:37,58,אורתופדיה,חרות,language,אנגלית,8
2026-07-30T16:59:37,58,אורתופדיה,חרות,language,עברית,15
2026-07-30T16:59:37,58,אורתופדיה,חרות,language,ערבית,10
2026-07-30T16:59:37,58,אורתופדיה,חרות,language,רומנית,3
2026-07-30T16:59:37,58,אורתופדיה,חרות,language,רוסית,2
2026-07-30T16:59:53,58,אורתופדיה,טורעאן,gender,גבר,97
2026-07-30T16:59:53,58,אורתופדיה,טורעאן,visit_type,ביקור במרפאה,98
2026-07-30T16:59:53,58,אורתופדיה,טורעאן,visit_type,שיחת טלפון,1
2026-07-30T16:59:53,58,אורתופדיה,טורעאן,language,איטלקית,1
2026-07-30T16:59:53,58,אורתופדיה,טורעאן,language,אנגלית,9
2026-07-30T16:59:53,58,אורתופדיה,טורעאן,language,עברית,12
2026-07-30T16:59:53,58,אורתופדיה,טורעאן,language,ערבית,5
2026-07-30T16:59:53,58,אורתופדיה,טורעאן,language,רוסית,6
2026-07-30T17:00:09,58,אורתופדיה,טלוזה,gender,גבר,86
2026-07-30T17:00:09,58,אורתופדיה,טלוזה,visit_type,ביקור במרפאה,89
2026-07-30T17:00:09,58,אורתופדיה,טלוזה,visit_type,שיחת טלפון,3
2026-07-30T17:00:09,58,אורתופדיה,טלוזה,language,אידיש,1
2026-07-30T17:00:09,58,אורתופדיה,טלוזה,language,איטלקית,1
2026-07-30T17:00:09,58,אורתופדיה,טלוזה,language,אנגלית,8
2026-07-30T17:00:09,58,אורתופדיה,טלוזה,language,עברית,15
2026-07-30T17:00:09,58,אורתופדיה,טלוזה,language,ערבית,10
2026-07-30T17:00:09,58,אורתופדיה,טלוזה,language,רומנית,3
2026-07-30T17:00:09,58,אורתופדיה,טלוזה,language,רוסית,2
2026-07-30T17:00:22,58,אורתופדיה,יאנון,gender,גבר,47
2026-07-30T17:00:22,58,אורתופדיה,יאנון,visit_type,ביקור במרפאה,49
2026-07-30T17:00:22,58,אורתופדיה,יאנון,language,אנגלית,7
2026-07-30T17:00:22,58,אורתופדיה,יאנון,language,עברית,12
2026-07-30T17:00:22,58,אורתופדיה,יאנון,language,ערבית,6
2026-07-30T17:00:22,58,אורתופדיה,יאנון,language,צרפתית,1
2026-07-30T17:00:22,58,אורתופדיה,יאנון,language,רוסית,3
2026-07-30T17:00:31,58,אורתופדיה,יד בנימין,gender,גבר,32
2026-07-30T17:00:31,58,אורתופדיה,יד בנימין,gender,אישה,1
2026-07-30T17:00:31,58,אורתופדיה,יד בנימין,visit_type,ביקור במרפאה,37
2026-07-30T17:00:31,58,אורתופדיה,יד בנימין,visit_type,שיחת טלפון,1
2026-07-30T17:00:31,58,אורתופדיה,יד בנימין,visit_type,שיחת וידאו,1
2026-07-30T17:00:31,58,אורתופדיה,יד בנימין,language,איטלקית,1
2026-07-30T17:00:31,58,אורתופדיה,יד בנימין,language,אנגלית,3
2026-07-30T17:00:31,58,אורתופדיה,יד בנימין,language,גרמנית,1
2026-07-30T17:00:31,58,אורתופדיה,יד בנימין,language,עברית,7
2026-07-30T17:00:31,58,אורתופדיה,יד בנימין,language,ערבית,1
2026-07-30T17:00:31,58,אורתופדיה,יד בנימין,language,צרפתית,1
2026-07-30T17:00:31,58,אורתופדיה,יד בנימין,language,רומנית,1
2026-07-30T17:00:31,58,אורתופדיה,יד בנימין,language,רוסית,3
2026-07-30T17:00:41,58,אורתופדיה,יובלים,gender,גבר,89
2026-07-30T17:00:41,58,אורתופדיה,יובלים,gender,אישה,2
2026-07-30T17:00:41,58,אורתופדיה,יובלים,visit_type,ביקור במרפאה,91
2026-07-30T17:00:41,58,אורתופדיה,יובלים,visit_type,שיחת טלפון,2
2026-07-30T17:00:41,58,אורתופדיה,יובלים,language,איטלקית,1
2026-07-30T17:00:41,58,אורתופדיה,יובלים,language,אנגלית,53
2026-07-30T17:00:41,58,אורתופדיה,יובלים,language,בולגרית,1
2026-07-30T17:00:41,58,אורתופדיה,יובלים,language,גרמנית,3
2026-07-30T17:00:41,58,אורתופדיה,יובלים,language,ספרדית,2
2026-07-30T17:00:41,58,אורתופדיה,יובלים,language,עברית,90
2026-07-30T17:00:41,58,אורתופדיה,יובלים,language,ערבית,67
2026-07-30T17:00:41,58,אורתופדיה,יובלים,language,צכית,1
2026-07-30T17:00:41,58,אורתופדיה,יובלים,language,צרפתית,1
2026-07-30T17:00:41,58,אורתופדיה,יובלים,language,רומנית,8
2026-07-30T17:00:41,58,אורתופדיה,יובלים,language,רוסית,19
2026-07-30T17:00:56,58,אורתופדיה,ינוב,gender,גבר,86
2026-07-30T17:00:56,58,אורתופדיה,ינוב,visit_type,ביקור במרפאה,89
2026-07-30T17:00:56,58,אורתופדיה,ינוב,visit_type,שיחת טלפון,3
2026-07-30T17:00:56,58,אורתופדיה,ינוב,language,אידיש,1
2026-07-30T17:00:56,58,אורתופדיה,ינוב,language,איטלקית,1
2026-07-30T17:00:56,58,אורתופדיה,ינוב,language,אנגלית,8
2026-07-30T17:00:56,58,אורתופדיה,ינוב,language,עברית,15
2026-07-30T17:00:56,58,אורתופדיה,ינוב,language,ערבית,10
2026-07-30T17:00:56,58,אורתופדיה,ינוב,language,רומנית,3
2026-07-30T17:00:56,58,אורתופדיה,ינוב,language,רוסית,2
2026-07-30T17:01:12,58,אורתופדיה,יפיע,gender,גבר,97
2026-07-30T17:01:12,58,אורתופדיה,יפיע,visit_type,ביקור במרפאה,98
2026-07-30T17:01:12,58,אורתופדיה,יפיע,visit_type,שיחת טלפון,1
2026-07-30T17:01:12,58,אורתופדיה,יפיע,language,איטלקית,1
2026-07-30T17:01:12,58,אורתופדיה,יפיע,language,אנגלית,9
2026-07-30T17:01:12,58,אורתופדיה,יפיע,language,עברית,12
2026-07-30T17:01:12,58,אורתופדיה,יפיע,language,ערבית,5
2026-07-30T17:01:12,58,אורתופדיה,יפיע,language,רוסית,6
2026-07-30T17:01:27,58,אורתופדיה,יראון,gender,גבר,97
2026-07-30T17:01:27,58,אורתופדיה,יראון,visit_type,ביקור במרפאה,98
2026-07-30T17:01:27,58,אורתופדיה,יראון,visit_type,שיחת טלפון,1
2026-07-30T17:01:27,58,אורתופדיה,יראון,language,איטלקית,1
2026-07-30T17:01:27,58,אורתופדיה,יראון,language,אנגלית,9
2026-07-30T17:01:27,58,אורתופדיה,יראון,language,עברית,12
2026-07-30T17:01:27,58,אורתופדיה,יראון,language,ערבית,5
2026-07-30T17:01:27,58,אורתופדיה,יראון,language,רוסית,6
2026-07-30T17:01:42,58,אורתופדיה,ישרש,gender,גבר,54
2026-07-30T17:01:42,58,אורתופדיה,ישרש,gender,אישה,1
2026-07-30T17:01:42,58,אורתופדיה,ישרש,visit_type,ביקור במרפאה,61
2026-07-30T17:01:42,58,אורתופדיה,ישרש,visit_type,שיחת טלפון,1
2026-07-30T17:01:42,58,אורתופדיה,ישרש,language,איטלקית,2
2026-07-30T17:01:42,58,אורתופדיה,ישרש,language,אנגלית,6
2026-07-30T17:01:42,58,אורתופדיה,ישרש,language,גרמנית,1
2026-07-30T17:01:42,58,אורתופדיה,ישרש,language,עברית,9
2026-07-30T17:01:42,58,אורתופדיה,ישרש,language,צרפתית,2
2026-07-30T17:01:42,58,אורתופדיה,ישרש,language,רוסית,4
2026-07-30T17:01:53,58,אורתופדיה,כוכב השחר,gender,גבר,47
2026-07-30T17:01:53,58,אורתופדיה,כוכב השחר,visit_type,ביקור במרפאה,49
2026-07-30T17:01:53,58,אורתופדיה,כוכב השחר,language,אנגלית,7
2026-07-30T17:01:53,58,אורתופדיה,כוכב השחר,language,עברית,12
2026-07-30T17:01:53,58,אורתופדיה,כוכב השחר,language,ערבית,6
2026-07-30T17:01:53,58,אורתופדיה,כוכב השחר,language,צרפתית,1
2026-07-30T17:01:53,58,אורתופדיה,כוכב השחר,language,רוסית,3
2026-07-30T17:02:02,58,אורתופדיה,כינרת קבוצה,gender,גבר,97
2026-07-30T17:02:02,58,אורתופדיה,כינרת קבוצה,visit_type,ביקור במרפאה,98
2026-07-30T17:02:02,58,אורתופדיה,כינרת קבוצה,visit_type,שיחת טלפון,1
2026-07-30T17:02:02,58,אורתופדיה,כינרת קבוצה,language,איטלקית,1
2026-07-30T17:02:02,58,אורתופדיה,כינרת קבוצה,language,אנגלית,9
2026-07-30T17:02:02,58,אורתופדיה,כינרת קבוצה,language,עברית,12
2026-07-30T17:02:02,58,אורתופדיה,כינרת קבוצה,language,ערבית,5
2026-07-30T17:02:02,58,אורתופדיה,כינרת קבוצה,language,רוסית,6
2026-07-30T17:02:18,58,אורתופדיה,כמון,gender,גבר,89
2026-07-30T17:02:18,58,אורתופדיה,כמון,gender,אישה,2
2026-07-30T17:02:18,58,אורתופדיה,כמון,visit_type,ביקור במרפאה,91
2026-07-30T17:02:18,58,אורתופדיה,כמון,visit_type,שיחת טלפון,2
2026-07-30T17:02:18,58,אורתופדיה,כמון,language,איטלקית,1
2026-07-30T17:02:18,58,אורתופדיה,כמון,language,אנגלית,53
2026-07-30T17:02:18,58,אורתופדיה,כמון,language,בולגרית,1
2026-07-30T17:02:18,58,אורתופדיה,כמון,language,גרמנית,3
2026-07-30T17:02:18,58,אורתופדיה,כמון,language,ספרדית,2
2026-07-30T17:02:18,58,אורתופדיה,כמון,language,עברית,90
2026-07-30T17:02:18,58,אורתופדיה,כמון,language,ערבית,67
2026-07-30T17:02:18,58,אורתופדיה,כמון,language,צכית,1
2026-07-30T17:02:18,58,אורתופדיה,כמון,language,צרפתית,1
2026-07-30T17:02:18,58,אורתופדיה,כמון,language,רומנית,8
2026-07-30T17:02:18,58,אורתופדיה,כמון,language,רוסית,19
2026-07-30T17:02:32,58,אורתופדיה,כפר אוריה,gender,גבר,47
2026-07-30T17:02:32,58,אורתופדיה,כפר אוריה,visit_type,ביקור במרפאה,49
2026-07-30T17:02:32,58,אורתופדיה,כפר אוריה,language,אנגלית,7
2026-07-30T17:02:32,58,אורתופדיה,כפר אוריה,language,עברית,12
2026-07-30T17:02:32,58,אורתופדיה,כפר אוריה,language,ערבית,6
2026-07-30T17:02:32,58,אורתופדיה,כפר אוריה,language,צרפתית,1
2026-07-30T17:02:32,58,אורתופדיה,כפר אוריה,language,רוסית,3
2026-07-30T17:02:40,58,אורתופדיה,כרם בן שמן,gender,גבר,54
2026-07-30T17:02:40,58,אורתופדיה,כרם בן שמן,gender,אישה,1
2026-07-30T17:02:40,58,אורתופדיה,כרם בן שמן,visit_type,ביקור במרפאה,61
2026-07-30T17:02:40,58,אורתופדיה,כרם בן שמן,visit_type,שיחת טלפון,1
2026-07-30T17:02:40,58,אורתופדיה,כרם בן שמן,language,איטלקית,2
2026-07-30T17:02:40,58,אורתופדיה,כרם בן שמן,language,אנגלית,6
2026-07-30T17:02:40,58,אורתופדיה,כרם בן שמן,language,גרמנית,1
2026-07-30T17:02:40,58,אורתופדיה,כרם בן שמן,language,עברית,9
2026-07-30T17:02:40,58,אורתופדיה,כרם בן שמן,language,צרפתית,2
2026-07-30T17:02:40,58,אורתופדיה,כרם בן שמן,language,רוסית,4
2026-07-30T17:02:52,58,אורתופדיה,לבנים,gender,גבר,97
2026-07-30T17:02:52,58,אורתופדיה,לבנים,visit_type,ביקור במרפאה,98
2026-07-30T17:02:52,58,אורתופדיה,לבנים,visit_type,שיחת טלפון,1
2026-07-30T17:02:52,58,אורתופדיה,לבנים,language,איטלקית,1
2026-07-30T17:02:52,58,אורתופדיה,לבנים,language,אנגלית,9
2026-07-30T17:02:52,58,אורתופדיה,לבנים,language,עברית,12
2026-07-30T17:02:52,58,אורתופדיה,לבנים,language,ערבית,5
2026-07-30T17:02:52,58,אורתופדיה,לבנים,language,רוסית,6
2026-07-30T17:03:06,58,אורתופדיה,לוטן,gender,גבר,4
2026-07-30T17:03:06,58,אורתופדיה,לוטן,visit_type,ביקור במרפאה,6
2026-07-30T17:03:06,58,אורתופדיה,לוטן,visit_type,שיחת טלפון,2
2026-07-30T17:03:06,58,אורתופדיה,לוטן,language,איטלקית,1
2026-07-30T17:03:06,58,אורתופדיה,לוטן,language,אנגלית,1
2026-07-30T17:03:06,58,אורתופדיה,לוטן,language,עברית,1
2026-07-30T17:03:08,58,אורתופדיה,מבוא חורון,gender,גבר,54
2026-07-30T17:03:08,58,אורתופדיה,מבוא חורון,gender,אישה,1
2026-07-30T17:03:08,58,אורתופדיה,מבוא חורון,visit_type,ביקור במרפאה,61
2026-07-30T17:03:08,58,אורתופדיה,מבוא חורון,visit_type,שיחת טלפון,1
2026-07-30T17:03:08,58,אורתופדיה,מבוא חורון,language,איטלקית,2
2026-07-30T17:03:08,58,אורתופדיה,מבוא חורון,language,אנגלית,6
2026-07-30T17:03:08,58,אורתופדיה,מבוא חורון,language,גרמנית,1
2026-07-30T17:03:08,58,אורתופדיה,מבוא חורון,language,עברית,9
2026-07-30T17:03:08,58,אורתופדיה,מבוא חורון,language,צרפתית,2
2026-07-30T17:03:08,58,אורתופדיה,מבוא חורון,language,רוסית,4
2026-07-30T17:03:19,58,אורתופדיה,מג'דל,gender,גבר,47
2026-07-30T17:03:19,58,אורתופדיה,מג'דל,visit_type,ביקור במרפאה,49
2026-07-30T17:03:19,58,אורתופדיה,מג'דל,language,אנגלית,7
2026-07-30T17:03:19,58,אורתופדיה,מג'דל,language,עברית,12
2026-07-30T17:03:19,58,אורתופדיה,מג'דל,language,ערבית,6
2026-07-30T17:03:19,58,אורתופדיה,מג'דל,language,צרפתית,1
2026-07-30T17:03:19,58,אורתופדיה,מג'דל,language,רוסית,3
2026-07-30T17:03:29,58,אורתופדיה,מדרשת בן גוריון,gender,גבר,36
2026-07-30T17:03:29,58,אורתופדיה,מדרשת בן גוריון,gender,אישה,2
2026-07-30T17:03:29,58,אורתופדיה,מדרשת בן גוריון,visit_type,ביקור במרפאה,43
2026-07-30T17:03:29,58,אורתופדיה,מדרשת בן גוריון,language,עברית,1
2026-07-30T17:03:29,58,אורתופדיה,מדרשת בן גוריון,language,רוסית,1
2026-07-30T17:03:41,58,אורתופדיה,מורן,gender,גבר,89
2026-07-30T17:03:41,58,אורתופדיה,מורן,gender,אישה,2
2026-07-30T17:03:41,58,אורתופדיה,מורן,visit_type,ביקור במרפאה,91
2026-07-30T17:03:41,58,אורתופדיה,מורן,visit_type,שיחת טלפון,2
2026-07-30T17:03:41,58,אורתופדיה,מורן,language,איטלקית,1
2026-07-30T17:03:41,58,אורתופדיה,מורן,language,אנגלית,53
2026-07-30T17:03:41,58,אורתופדיה,מורן,language,בולגרית,1
2026-07-30T17:03:41,58,אורתופדיה,מורן,language,גרמנית,3
2026-07-30T17:03:41,58,אורתופדיה,מורן,language,ספרדית,2
2026-07-30T17:03:41,58,אורתופדיה,מורן,language,עברית,90
2026-07-30T17:03:41,58,אורתופדיה,מורן,language,ערבית,67
2026-07-30T17:03:41,58,אורתופדיה,מורן,language,צכית,1
2026-07-30T17:03:41,58,אורתופדיה,מורן,language,צרפתית,1
2026-07-30T17:03:41,58,אורתופדיה,מורן,language,רומנית,8
2026-07-30T17:03:41,58,אורתופדיה,מורן,language,רוסית,19
2026-07-30T17:03:54,58,אורתופדיה,מחסיה,gender,גבר,47
2026-07-30T17:03:54,58,אורתופדיה,מחסיה,visit_type,ביקור במרפאה,49
2026-07-30T17:03:54,58,אורתופדיה,מחסיה,language,אנגלית,7
2026-07-30T17:03:54,58,אורתופדיה,מחסיה,language,עברית,12
2026-07-30T17:03:54,58,אורתופדיה,מחסיה,language,ערבית,6
2026-07-30T17:03:54,58,אורתופדיה,מחסיה,language,צרפתית,1
2026-07-30T17:03:54,58,אורתופדיה,מחסיה,language,רוסית,3
2026-07-30T17:04:03,58,אורתופדיה,מירכה,gender,גבר,86
2026-07-30T17:04:03,58,אורתופדיה,מירכה,visit_type,ביקור במרפאה,89
2026-07-30T17:04:03,58,אורתופדיה,מירכה,visit_type,שיחת טלפון,3
2026-07-30T17:04:03,58,אורתופדיה,מירכה,language,אידיש,1
2026-07-30T17:04:03,58,אורתופדיה,מירכה,language,איטלקית,1
2026-07-30T17:04:03,58,אורתופדיה,מירכה,language,אנגלית,8
2026-07-30T17:04:03,58,אורתופדיה,מירכה,language,עברית,15
2026-07-30T17:04:03,58,אורתופדיה,מירכה,language,ערבית,10
2026-07-30T17:04:03,58,אורתופדיה,מירכה,language,רומנית,3
2026-07-30T17:04:03,58,אורתופדיה,מירכה,language,רוסית,2
2026-07-30T17:04:18,58,אורתופדיה,מלכישוע,gender,גבר,145
2026-07-30T17:04:18,58,אורתופדיה,מלכישוע,visit_type,ביקור במרפאה,146
2026-07-30T17:04:18,58,אורתופדיה,מלכישוע,visit_type,שיחת טלפון,2
2026-07-30T17:04:18,58,אורתופדיה,מלכישוע,language,איטלקית,1
2026-07-30T17:04:18,58,אורתופדיה,מלכישוע,language,אנגלית,19
2026-07-30T17:04:18,58,אורתופדיה,מלכישוע,language,גרמנית,1
2026-07-30T17:04:18,58,אורתופדיה,מלכישוע,language,עברית,31
2026-07-30T17:04:18,58,אורתופדיה,מלכישוע,language,ערבית,21
2026-07-30T17:04:18,58,אורתופדיה,מלכישוע,language,רומנית,7
2026-07-30T17:04:18,58,אורתופדיה,מלכישוע,language,רוסית,6
2026-07-30T17:04:40,58,אורתופדיה,מסילות,gender,גבר,145
2026-07-30T17:04:40,58,אורתופדיה,מסילות,visit_type,ביקור במרפאה,146
2026-07-30T17:04:40,58,אורתופדיה,מסילות,visit_type,שיחת טלפון,2
2026-07-30T17:04:40,58,אורתופדיה,מסילות,language,איטלקית,1
2026-07-30T17:04:40,58,אורתופדיה,מסילות,language,אנגלית,19
2026-07-30T17:04:40,58,אורתופדיה,מסילות,language,גרמנית,1
2026-07-30T17:04:40,58,אורתופדיה,מסילות,language,עברית,31
2026-07-30T17:04:40,58,אורתופדיה,מסילות,language,ערבית,21
2026-07-30T17:04:40,58,אורתופדיה,מסילות,language,רומנית,7
2026-07-30T17:04:40,58,אורתופדיה,מסילות,language,רוסית,6
2026-07-30T17:05:01,58,אורתופדיה,מעוז חיים,gender,גבר,145
2026-07-30T17:05:01,58,אורתופדיה,מעוז חיים,visit_type,ביקור במרפאה,146
2026-07-30T17:05:01,58,אורתופדיה,מעוז חיים,visit_type,שיחת טלפון,2
2026-07-30T17:05:01,58,אורתופדיה,מעוז חיים,language,איטלקית,1
2026-07-30T17:05:01,58,אורתופדיה,מעוז חיים,language,אנגלית,19
2026-07-30T17:05:01,58,אורתופדיה,מעוז חיים,language,גרמנית,1
2026-07-30T17:05:01,58,אורתופדיה,מעוז חיים,language,עברית,31
2026-07-30T17:05:01,58,אורתופדיה,מעוז חיים,language,ערבית,21
2026-07-30T17:05:01,58,אורתופדיה,מעוז חיים,language,רומנית,7
2026-07-30T17:05:01,58,אורתופדיה,מעוז חיים,language,רוסית,6
2026-07-30T17:05:22,58,אורתופדיה,מפעלי גלבוע,gender,גבר,97
2026-07-30T17:05:22,58,אורתופדיה,מפעלי גלבוע,visit_type,ביקור במרפאה,98
2026-07-30T17:05:22,58,אורתופדיה,מפעלי גלבוע,visit_type,שיחת טלפון,1
2026-07-30T17:05:22,58,אורתופדיה,מפעלי גלבוע,language,איטלקית,1
2026-07-30T17:05:22,58,אורתופדיה,מפעלי גלבוע,language,אנגלית,9
2026-07-30T17:05:22,58,אורתופדיה,מפעלי גלבוע,language,עברית,12
2026-07-30T17:05:22,58,אורתופדיה,מפעלי גלבוע,language,ערבית,5
2026-07-30T17:05:22,58,אורתופדיה,מפעלי גלבוע,language,רוסית,6
2026-07-30T17:05:37,58,אורתופדיה,מצפה,gender,גבר,97
2026-07-30T17:05:37,58,אורתופדיה,מצפה,visit_type,ביקור במרפאה,98
2026-07-30T17:05:37,58,אורתופדיה,מצפה,visit_type,שיחת טלפון,1
2026-07-30T17:05:37,58,אורתופדיה,מצפה,language,איטלקית,1
2026-07-30T17:05:37,58,אורתופדיה,מצפה,language,אנגלית,9
2026-07-30T17:05:37,58,אורתופדיה,מצפה,language,עברית,12
2026-07-30T17:05:37,58,אורתופדיה,מצפה,language,ערבית,5
2026-07-30T17:05:37,58,אורתופדיה,מצפה,language,רוסית,6
2026-07-30T17:05:53,58,אורתופדיה,מרום גולן,gender,גבר,97
2026-07-30T17:05:53,58,אורתופדיה,מרום גולן,visit_type,ביקור במרפאה,98
2026-07-30T17:05:53,58,אורתופדיה,מרום גולן,visit_type,שיחת טלפון,1
2026-07-30T17:05:53,58,אורתופדיה,מרום גולן,language,איטלקית,1
2026-07-30T17:05:53,58,אורתופדיה,מרום גולן,language,אנגלית,9
2026-07-30T17:05:53,58,אורתופדיה,מרום גולן,language,עברית,12
2026-07-30T17:05:53,58,אורתופדיה,מרום גולן,language,ערבית,5
2026-07-30T17:05:53,58,אורתופדיה,מרום גולן,language,רוסית,6
2026-07-30T17:06:09,58,אורתופדיה,משהד,gender,גבר,97
2026-07-30T17:06:09,58,אורתופדיה,משהד,visit_type,ביקור במרפאה,98
2026-07-30T17:06:09,58,אורתופדיה,משהד,visit_type,שיחת טלפון,1
2026-07-30T17:06:09,58,אורתופדיה,משהד,language,איטלקית,1
2026-07-30T17:06:09,58,אורתופדיה,משהד,language,אנגלית,9
2026-07-30T17:06:09,58,אורתופדיה,משהד,language,עברית,12
2026-07-30T17:06:09,58,אורתופדיה,משהד,language,ערבית,5
2026-07-30T17:06:09,58,אורתופדיה,משהד,language,רוסית,6
2026-07-30T17:06:24,58,אורתופדיה,נאות גולן,gender,גבר,97
2026-07-30T17:06:24,58,אורתופדיה,נאות גולן,visit_type,ביקור במרפאה,98
2026-07-30T17:06:24,58,אורתופדיה,נאות גולן,visit_type,שיחת טלפון,1
2026-07-30T17:06:24,58,אורתופדיה,נאות גולן,language,איטלקית,1
2026-07-30T17:06:24,58,אורתופדיה,נאות גולן,language,אנגלית,9
2026-07-30T17:06:24,58,אורתופדיה,נאות גולן,language,עברית,12
2026-07-30T17:06:24,58,אורתופדיה,נאות גולן,language,ערבית,5
2026-07-30T17:06:24,58,אורתופדיה,נאות גולן,language,רוסית,6
2026-07-30T17:06:41,58,אורתופדיה,נגוהות,gender,גבר,52
2026-07-30T17:06:41,58,אורתופדיה,נגוהות,gender,אישה,3
2026-07-30T17:06:41,58,אורתופדיה,נגוהות,visit_type,ביקור במרפאה,63
2026-07-30T17:06:41,58,אורתופדיה,נגוהות,language,עברית,1
2026-07-30T17:06:41,58,אורתופדיה,נגוהות,language,רוסית,1
2026-07-30T17:06:57,58,אורתופדיה,נווה אילן,gender,גבר,47
2026-07-30T17:06:57,58,אורתופדיה,נווה אילן,visit_type,ביקור במרפאה,49
2026-07-30T17:06:57,58,אורתופדיה,נווה אילן,language,אנגלית,7
2026-07-30T17:06:57,58,אורתופדיה,נווה אילן,language,עברית,12
2026-07-30T17:06:57,58,אורתופדיה,נווה אילן,language,ערבית,6
2026-07-30T17:06:57,58,אורתופדיה,נווה אילן,language,צרפתית,1
2026-07-30T17:06:57,58,אורתופדיה,נווה אילן,language,רוסית,3
2026-07-30T17:07:07,58,אורתופדיה,נחל עוז,gender,גבר,41
2026-07-30T17:07:07,58,אורתופדיה,נחל עוז,gender,אישה,2
2026-07-30T17:07:07,58,אורתופדיה,נחל עוז,visit_type,ביקור במרפאה,47
2026-07-30T17:07:07,58,אורתופדיה,נחל עוז,language,עברית,1
2026-07-30T17:07:07,58,אורתופדיה,נחל עוז,language,רוסית,1
2026-07-30T17:07:21,58,אורתופדיה,נטע,gender,גבר,41
2026-07-30T17:07:21,58,אורתופדיה,נטע,gender,אישה,2
2026-07-30T17:07:21,58,אורתופדיה,נטע,visit_type,ביקור במרפאה,47
2026-07-30T17:07:21,58,אורתופדיה,נטע,language,עברית,1
2026-07-30T17:07:21,58,אורתופדיה,נטע,language,רוסית,1
2026-07-30T17:07:34,58,אורתופדיה,ניצני סיני,gender,גבר,36
2026-07-30T17:07:34,58,אורתופדיה,ניצני סיני,gender,אישה,2
2026-07-30T17:07:34,58,אורתופדיה,ניצני סיני,visit_type,ביקור במרפאה,43
2026-07-30T17:07:34,58,אורתופדיה,ניצני סיני,language,עברית,1
2026-07-30T17:07:34,58,אורתופדיה,ניצני סיני,language,רוסית,1
2026-07-30T17:07:45,58,אורתופדיה,נעמי,gender,גבר,47
2026-07-30T17:07:45,58,אורתופדיה,נעמי,visit_type,ביקור במרפאה,49
2026-07-30T17:07:45,58,אורתופדיה,נעמי,language,אנגלית,7
2026-07-30T17:07:45,58,אורתופדיה,נעמי,language,עברית,12
2026-07-30T17:07:45,58,אורתופדיה,נעמי,language,ערבית,6
2026-07-30T17:07:45,58,אורתופדיה,נעמי,language,צרפתית,1
2026-07-30T17:07:45,58,אורתופדיה,נעמי,language,רוסית,3
2026-07-30T17:07:55,58,אורתופדיה,נתיב השיירה,gender,גבר,69
2026-07-30T17:07:55,58,אורתופדיה,נתיב השיירה,gender,אישה,2
2026-07-30T17:07:55,58,אורתופדיה,נתיב השיירה,visit_type,ביקור במרפאה,71
2026-07-30T17:07:55,58,אורתופדיה,נתיב השיירה,visit_type,שיחת טלפון,2
2026-07-30T17:07:55,58,אורתופדיה,נתיב השיירה,language,איטלקית,1
2026-07-30T17:07:55,58,אורתופדיה,נתיב השיירה,language,אנגלית,35
2026-07-30T17:07:55,58,אורתופדיה,נתיב השיירה,language,בולגרית,1
2026-07-30T17:07:55,58,אורתופדיה,נתיב השיירה,language,גרמנית,1
2026-07-30T17:07:55,58,אורתופדיה,נתיב השיירה,language,ספרדית,2
2026-07-30T17:07:55,58,אורתופדיה,נתיב השיירה,language,עברית,70
2026-07-30T17:07:55,58,אורתופדיה,נתיב השיירה,language,ערבית,60
2026-07-30T17:07:55,58,אורתופדיה,נתיב השיירה,language,צכית,1
2026-07-30T17:07:55,58,אורתופדיה,נתיב השיירה,language,צרפתית,1
2026-07-30T17:07:55,58,אורתופדיה,נתיב השיירה,language,רומנית,4
2026-07-30T17:07:55,58,אורתופדיה,נתיב השיירה,language,רוסית,15
2026-07-30T17:08:11,58,אורתופדיה,סגולה,gender,גבר,41
2026-07-30T17:08:11,58,אורתופדיה,סגולה,gender,אישה,2
2026-07-30T17:08:11,58,אורתופדיה,סגולה,visit_type,ביקור במרפאה,47
2026-07-30T17:08:11,58,אורתופדיה,סגולה,language,עברית,1
2026-07-30T17:08:11,58,אורתופדיה,סגולה,language,רוסית,1
2026-07-30T17:08:27,58,אורתופדיה,סיכה,gender,גבר,52
2026-07-30T17:08:27,58,אורתופדיה,סיכה,gender,אישה,3
2026-07-30T17:08:27,58,אורתופדיה,סיכה,visit_type,ביקור במרפאה,63
2026-07-30T17:08:27,58,אורתופדיה,סיכה,language,עברית,1
2026-07-30T17:08:27,58,אורתופדיה,סיכה,language,רוסית,1
2026-07-30T17:08:44,58,אורתופדיה,סלפית,gender,גבר,49
2026-07-30T17:08:44,58,אורתופדיה,סלפית,gender,אישה,1
2026-07-30T17:08:44,58,אורתופדיה,סלפית,visit_type,ביקור במרפאה,58
2026-07-30T17:08:44,58,אורתופדיה,סלפית,visit_type,שיחת טלפון,1
2026-07-30T17:08:44,58,אורתופדיה,סלפית,language,איטלקית,4
2026-07-30T17:08:44,58,אורתופדיה,סלפית,language,אנגלית,33
2026-07-30T17:08:44,58,אורתופדיה,סלפית,language,גרמנית,6
2026-07-30T17:08:44,58,אורתופדיה,סלפית,language,ספרדית,2
2026-07-30T17:08:44,58,אורתופדיה,סלפית,language,עברית,54
2026-07-30T17:08:44,58,אורתופדיה,סלפית,language,ערבית,6
2026-07-30T17:08:44,58,אורתופדיה,סלפית,language,רומנית,5
2026-07-30T17:08:44,58,אורתופדיה,סלפית,language,רוסית,6
2026-07-30T17:08:57,58,אורתופדיה,ספיר,gender,גבר,36
2026-07-30T17:08:57,58,אורתופדיה,ספיר,gender,אישה,2
2026-07-30T17:08:57,58,אורתופדיה,ספיר,visit_type,ביקור במרפאה,43
2026-07-30T17:08:57,58,אורתופדיה,ספיר,language,עברית,1
2026-07-30T17:08:57,58,אורתופדיה,ספיר,language,רוסית,1
2026-07-30T17:09:12,58,אורתופדיה,עבסאן א סעיר,gender,גבר,52
2026-07-30T17:09:12,58,אורתופדיה,עבסאן א סעיר,gender,אישה,3
2026-07-30T17:09:12,58,אורתופדיה,עבסאן א סעיר,visit_type,ביקור במרפאה,63
2026-07-30T17:09:12,58,אורתופדיה,עבסאן א סעיר,language,עברית,1
2026-07-30T17:09:12,58,אורתופדיה,עבסאן א סעיר,language,רוסית,1
2026-07-30T17:09:29,58,אורתופדיה,עוג'א אתחתא,gender,גבר,47
2026-07-30T17:09:29,58,אורתופדיה,עוג'א אתחתא,visit_type,ביקור במרפאה,49
2026-07-30T17:09:29,58,אורתופדיה,עוג'א אתחתא,language,אנגלית,7
2026-07-30T17:09:29,58,אורתופדיה,עוג'א אתחתא,language,עברית,12
2026-07-30T17:09:29,58,אורתופדיה,עוג'א אתחתא,language,ערבית,6
2026-07-30T17:09:29,58,אורתופדיה,עוג'א אתחתא,language,צרפתית,1
2026-07-30T17:09:29,58,אורתופדיה,עוג'א אתחתא,language,רוסית,3
2026-07-30T17:09:40,58,אורתופדיה,עזוז,gender,גבר,36
2026-07-30T17:09:40,58,אורתופדיה,עזוז,gender,אישה,2
2026-07-30T17:09:40,58,אורתופדיה,עזוז,visit_type,ביקור במרפאה,43
2026-07-30T17:09:40,58,אורתופדיה,עזוז,language,עברית,1
2026-07-30T17:09:40,58,אורתופדיה,עזוז,language,רוסית,1
2026-07-30T17:09:51,58,אורתופדיה,עטארה ליד ביר זית,gender,גבר,47
2026-07-30T17:09:51,58,אורתופדיה,עטארה ליד ביר זית,visit_type,ביקור במרפאה,49
2026-07-30T17:09:51,58,אורתופדיה,עטארה ליד ביר זית,language,אנגלית,7
2026-07-30T17:09:51,58,אורתופדיה,עטארה ליד ביר זית,language,עברית,12
2026-07-30T17:09:51,58,אורתופדיה,עטארה ליד ביר זית,language,ערבית,6
2026-07-30T17:09:51,58,אורתופדיה,עטארה ליד ביר זית,language,צרפתית,1
2026-07-30T17:09:51,58,אורתופדיה,עטארה ליד ביר זית,language,רוסית,3
2026-07-30T17:10:02,58,אורתופדיה,עין גב,gender,גבר,97
2026-07-30T17:10:02,58,אורתופדיה,עין גב,visit_type,ביקור במרפאה,98
2026-07-30T17:10:02,58,אורתופדיה,עין גב,visit_type,שיחת טלפון,1
2026-07-30T17:10:02,58,אורתופדיה,עין גב,language,איטלקית,1
2026-07-30T17:10:02,58,אורתופדיה,עין גב,language,אנגלית,9
2026-07-30T17:10:02,58,אורתופדיה,עין גב,language,עברית,12
2026-07-30T17:10:02,58,אורתופדיה,עין גב,language,ערבית,5
2026-07-30T17:10:02,58,אורתופדיה,עין גב,language,רוסית,6
2026-07-30T17:10:19,58,אורתופדיה,עמיחי,gender,גבר,47
2026-07-30T17:10:19,58,אורתופדיה,עמיחי,visit_type,ביקור במרפאה,49
2026-07-30T17:10:19,58,אורתופדיה,עמיחי,language,אנגלית,7
2026-07-30T17:10:19,58,אורתופדיה,עמיחי,language,עברית,12
2026-07-30T17:10:19,58,אורתופדיה,עמיחי,language,ערבית,6
2026-07-30T17:10:19,58,אורתופדיה,עמיחי,language,צרפתית,1
2026-07-30T17:10:19,58,אורתופדיה,עמיחי,language,רוסית,3
2026-07-30T17:10:29,58,אורתופדיה,ענבתא,gender,גבר,86
2026-07-30T17:10:29,58,אורתופדיה,ענבתא,visit_type,ביקור במרפאה,89
2026-07-30T17:10:29,58,אורתופדיה,ענבתא,visit_type,שיחת טלפון,3
2026-07-30T17:10:29,58,אורתופדיה,ענבתא,language,אידיש,1
2026-07-30T17:10:29,58,אורתופדיה,ענבתא,language,איטלקית,1
2026-07-30T17:10:29,58,אורתופדיה,ענבתא,language,אנגלית,8
2026-07-30T17:10:29,58,אורתופדיה,ענבתא,language,עברית,15
2026-07-30T17:10:29,58,אורתופדיה,ענבתא,language,ערבית,10
2026-07-30T17:10:29,58,אורתופדיה,ענבתא,language,רומנית,3
2026-07-30T17:10:29,58,אורתופדיה,ענבתא,language,רוסית,2
2026-07-30T17:10:46,58,אורתופדיה,עקבה בשומרון,gender,גבר,86
2026-07-30T17:10:46,58,אורתופדיה,עקבה בשומרון,visit_type,ביקור במרפאה,89
2026-07-30T17:10:46,58,אורתופדיה,עקבה בשומרון,visit_type,שיחת טלפון,3
2026-07-30T17:10:46,58,אורתופדיה,עקבה בשומרון,language,אידיש,1
2026-07-30T17:10:46,58,אורתופדיה,עקבה בשומרון,language,איטלקית,1
2026-07-30T17:10:46,58,אורתופדיה,עקבה בשומרון,language,אנגלית,8
2026-07-30T17:10:46,58,אורתופדיה,עקבה בשומרון,language,עברית,15
2026-07-30T17:10:46,58,אורתופדיה,עקבה בשומרון,language,ערבית,10
2026-07-30T17:10:46,58,אורתופדיה,עקבה בשומרון,language,רומנית,3
2026-07-30T17:10:46,58,אורתופדיה,עקבה בשומרון,language,רוסית,2
2026-07-30T17:11:04,58,אורתופדיה,ערערה,gender,גבר,125
2026-07-30T17:11:04,58,אורתופדיה,ערערה,visit_type,ביקור במרפאה,128
2026-07-30T17:11:04,58,אורתופדיה,ערערה,visit_type,שיחת טלפון,4
2026-07-30T17:11:04,58,אורתופדיה,ערערה,language,אידיש,1
2026-07-30T17:11:04,58,אורתופדיה,ערערה,language,איטלקית,1
2026-07-30T17:11:04,58,אורתופדיה,ערערה,language,אנגלית,15
2026-07-30T17:11:04,58,אורתופדיה,ערערה,language,גרמנית,1
2026-07-30T17:11:04,58,אורתופדיה,ערערה,language,עברית,26
2026-07-30T17:11:04,58,אורתופדיה,ערערה,language,ערבית,18
2026-07-30T17:11:04,58,אורתופדיה,ערערה,language,רומנית,7
2026-07-30T17:11:04,58,אורתופדיה,ערערה,language,רוסית,3
2026-07-30T17:11:29,58,אורתופדיה,פארק תעשיות קדמת גליל,gender,גבר,97
2026-07-30T17:11:29,58,אורתופדיה,פארק תעשיות קדמת גליל,visit_type,ביקור במרפאה,98
2026-07-30T17:11:29,58,אורתופדיה,פארק תעשיות קדמת גליל,visit_type,שיחת טלפון,1
2026-07-30T17:11:29,58,אורתופדיה,פארק תעשיות קדמת גליל,language,איטלקית,1
2026-07-30T17:11:29,58,אורתופדיה,פארק תעשיות קדמת גליל,language,אנגלית,9
2026-07-30T17:11:29,58,אורתופדיה,פארק תעשיות קדמת גליל,language,עברית,12
2026-07-30T17:11:29,58,אורתופדיה,פארק תעשיות קדמת גליל,language,ערבית,5
2026-07-30T17:11:29,58,אורתופדיה,פארק תעשיות קדמת גליל,language,רוסית,6
2026-07-30T17:11:48,58,אורתופדיה,פוריידיס,gender,גבר,125
2026-07-30T17:11:48,58,אורתופדיה,פוריידיס,visit_type,ביקור במרפאה,128
2026-07-30T17:11:48,58,אורתופדיה,פוריידיס,visit_type,שיחת טלפון,4
2026-07-30T17:11:48,58,אורתופדיה,פוריידיס,language,אידיש,1
2026-07-30T17:11:48,58,אורתופדיה,פוריידיס,language,איטלקית,1
2026-07-30T17:11:48,58,אורתופדיה,פוריידיס,language,אנגלית,15
2026-07-30T17:11:48,58,אורתופדיה,פוריידיס,language,גרמנית,1
2026-07-30T17:11:48,58,אורתופדיה,פוריידיס,language,עברית,26
2026-07-30T17:11:48,58,אורתופדיה,פוריידיס,language,ערבית,18
2026-07-30T17:11:48,58,אורתופדיה,פוריידיס,language,רומנית,7
2026-07-30T17:11:48,58,אורתופדיה,פוריידיס,language,רוסית,3
2026-07-30T17:12:11,58,אורתופדיה,פסגות,gender,גבר,47
2026-07-30T17:12:11,58,אורתופדיה,פסגות,visit_type,ביקור במרפאה,49
2026-07-30T17:12:11,58,אורתופדיה,פסגות,language,אנגלית,7
2026-07-30T17:12:11,58,אורתופדיה,פסגות,language,עברית,12
2026-07-30T17:12:11,58,אורתופדיה,פסגות,language,ערבית,6
2026-07-30T17:12:11,58,אורתופדיה,פסגות,language,צרפתית,1
2026-07-30T17:12:11,58,אורתופדיה,פסגות,language,רוסית,3
2026-07-30T17:12:22,58,אורתופדיה,פרזון,gender,גבר,145
2026-07-30T17:12:22,58,אורתופדיה,פרזון,visit_type,ביקור במרפאה,146
2026-07-30T17:12:22,58,אורתופדיה,פרזון,visit_type,שיחת טלפון,2
2026-07-30T17:12:22,58,אורתופדיה,פרזון,language,איטלקית,1
2026-07-30T17:12:22,58,אורתופדיה,פרזון,language,אנגלית,19
2026-07-30T17:12:22,58,אורתופדיה,פרזון,language,גרמנית,1
2026-07-30T17:12:22,58,אורתופדיה,פרזון,language,עברית,31
2026-07-30T17:12:22,58,אורתופדיה,פרזון,language,ערבית,21
2026-07-30T17:12:22,58,אורתופדיה,פרזון,language,רומנית,7
2026-07-30T17:12:22,58,אורתופדיה,פרזון,language,רוסית,6
2026-07-30T17:12:45,58,אורתופדיה,צובה,gender,גבר,47
2026-07-30T17:12:45,58,אורתופדיה,צובה,visit_type,ביקור במרפאה,49
2026-07-30T17:12:45,58,אורתופדיה,צובה,language,אנגלית,7
2026-07-30T17:12:45,58,אורתופדיה,צובה,language,עברית,12
2026-07-30T17:12:45,58,אורתופדיה,צובה,language,ערבית,6
2026-07-30T17:12:45,58,אורתופדיה,צובה,language,צרפתית,1
2026-07-30T17:12:45,58,אורתופדיה,צובה,language,רוסית,3
2026-07-30T17:12:56,58,אורתופדיה,ציפורי,gender,גבר,97
2026-07-30T17:12:56,58,אורתופדיה,ציפורי,visit_type,ביקור במרפאה,98
2026-07-30T17:12:56,58,אורתופדיה,ציפורי,visit_type,שיחת טלפון,1
2026-07-30T17:12:56,58,אורתופדיה,ציפורי,language,איטלקית,1
2026-07-30T17:12:56,58,אורתופדיה,ציפורי,language,אנגלית,9
2026-07-30T17:12:56,58,אורתופדיה,ציפורי,language,עברית,12
2026-07-30T17:12:56,58,אורתופדיה,ציפורי,language,ערבית,5
2026-07-30T17:12:56,58,אורתופדיה,ציפורי,language,רוסית,6
2026-07-30T17:13:13,58,אורתופדיה,קבוצת יבנה,gender,גבר,32
2026-07-30T17:13:13,58,אורתופדיה,קבוצת יבנה,gender,אישה,1
2026-07-30T17:13:13,58,אורתופדיה,קבוצת יבנה,visit_type,ביקור במרפאה,37
2026-07-30T17:13:13,58,אורתופדיה,קבוצת יבנה,visit_type,שיחת טלפון,1
2026-07-30T17:13:13,58,אורתופדיה,קבוצת יבנה,visit_type,שיחת וידאו,1
2026-07-30T17:13:13,58,אורתופדיה,קבוצת יבנה,language,איטלקית,1
2026-07-30T17:13:13,58,אורתופדיה,קבוצת יבנה,language,אנגלית,3
2026-07-30T17:13:13,58,אורתופדיה,קבוצת יבנה,language,גרמנית,1
2026-07-30T17:13:13,58,אורתופדיה,קבוצת יבנה,language,עברית,7
2026-07-30T17:13:13,58,אורתופדיה,קבוצת יבנה,language,ערבית,1
2026-07-30T17:13:13,58,אורתופדיה,קבוצת יבנה,language,צרפתית,1
2026-07-30T17:13:13,58,אורתופדיה,קבוצת יבנה,language,רומנית,1
2026-07-30T17:13:13,58,אורתופדיה,קבוצת יבנה,language,רוסית,3
2026-07-30T17:13:22,58,אורתופדיה,קובייבה,gender,גבר,47
2026-07-30T17:13:22,58,אורתופדיה,קובייבה,visit_type,ביקור במרפאה,49
2026-07-30T17:13:22,58,אורתופדיה,קובייבה,language,אנגלית,7
2026-07-30T17:13:22,58,אורתופדיה,קובייבה,language,עברית,12
2026-07-30T17:13:22,58,אורתופדיה,קובייבה,language,ערבית,6
2026-07-30T17:13:22,58,אורתופדיה,קובייבה,language,צרפתית,1
2026-07-30T17:13:22,58,אורתופדיה,קובייבה,language,רוסית,3
2026-07-30T17:13:32,58,אורתופדיה,קיסריה,gender,גבר,86
2026-07-30T17:13:32,58,אורתופדיה,קיסריה,visit_type,ביקור במרפאה,89
2026-07-30T17:13:32,58,אורתופדיה,קיסריה,visit_type,שיחת טלפון,3
2026-07-30T17:13:32,58,אורתופדיה,קיסריה,language,אידיש,1
2026-07-30T17:13:32,58,אורתופדיה,קיסריה,language,איטלקית,1
2026-07-30T17:13:32,58,אורתופדיה,קיסריה,language,אנגלית,8
2026-07-30T17:13:32,58,אורתופדיה,קיסריה,language,עברית,15
2026-07-30T17:13:32,58,אורתופדיה,קיסריה,language,ערבית,10
2026-07-30T17:13:32,58,אורתופדיה,קיסריה,language,רומנית,3
2026-07-30T17:13:32,58,אורתופדיה,קיסריה,language,רוסית,2
2026-07-30T17:13:49,58,אורתופדיה,קציר,gender,גבר,86
2026-07-30T17:13:49,58,אורתופדיה,קציר,visit_type,ביקור במרפאה,89
2026-07-30T17:13:49,58,אורתופדיה,קציר,visit_type,שיחת טלפון,3
2026-07-30T17:13:49,58,אורתופדיה,קציר,language,אידיש,1
2026-07-30T17:13:49,58,אורתופדיה,קציר,language,איטלקית,1
2026-07-30T17:13:49,58,אורתופדיה,קציר,language,אנגלית,8
2026-07-30T17:13:49,58,אורתופדיה,קציר,language,עברית,15
2026-07-30T17:13:49,58,אורתופדיה,קציר,language,ערבית,10
2026-07-30T17:13:49,58,אורתופדיה,קציר,language,רומנית,3
2026-07-30T17:13:49,58,אורתופדיה,קציר,language,רוסית,2
2026-07-30T17:14:07,58,אורתופדיה,קרית חינוך מרחבים,gender,גבר,52
2026-07-30T17:14:07,58,אורתופדיה,קרית חינוך מרחבים,gender,אישה,3
2026-07-30T17:14:07,58,אורתופדיה,קרית חינוך מרחבים,visit_type,ביקור במרפאה,63
2026-07-30T17:14:07,58,אורתופדיה,קרית חינוך מרחבים,language,עברית,1
2026-07-30T17:14:07,58,אורתופדיה,קרית חינוך מרחבים,language,רוסית,1
2026-07-30T17:14:23,58,אורתופדיה,ראפאת ליד גבעת זאב,gender,גבר,47
2026-07-30T17:14:23,58,אורתופדיה,ראפאת ליד גבעת זאב,visit_type,ביקור במרפאה,49
2026-07-30T17:14:23,58,אורתופדיה,ראפאת ליד גבעת זאב,language,אנגלית,7
2026-07-30T17:14:23,58,אורתופדיה,ראפאת ליד גבעת זאב,language,עברית,12
2026-07-30T17:14:23,58,אורתופדיה,ראפאת ליד גבעת זאב,language,ערבית,6
2026-07-30T17:14:23,58,אורתופדיה,ראפאת ליד גבעת זאב,language,צרפתית,1
2026-07-30T17:14:23,58,אורתופדיה,ראפאת ליד גבעת זאב,language,רוסית,3
2026-07-30T17:14:33,58,אורתופדיה,רוג'ייב,gender,גבר,86
2026-07-30T17:14:33,58,אורתופדיה,רוג'ייב,visit_type,ביקור במרפאה,89
2026-07-30T17:14:33,58,אורתופדיה,רוג'ייב,visit_type,שיחת טלפון,3
2026-07-30T17:14:33,58,אורתופדיה,רוג'ייב,language,אידיש,1
2026-07-30T17:14:33,58,אורתופדיה,רוג'ייב,language,איטלקית,1
2026-07-30T17:14:33,58,אורתופדיה,רוג'ייב,language,אנגלית,8
2026-07-30T17:14:33,58,אורתופדיה,רוג'ייב,language,עברית,15
2026-07-30T17:14:33,58,אורתופדיה,רוג'ייב,language,ערבית,10
2026-07-30T17:14:33,58,אורתופדיה,רוג'ייב,language,רומנית,3
2026-07-30T17:14:33,58,אורתופדיה,רוג'ייב,language,רוסית,2
2026-07-30T17:14:52,58,אורתופדיה,רחוב,gender,גבר,145
2026-07-30T17:14:52,58,אורתופדיה,רחוב,visit_type,ביקור במרפאה,146
2026-07-30T17:14:52,58,אורתופדיה,רחוב,visit_type,שיחת טלפון,2
2026-07-30T17:14:52,58,אורתופדיה,רחוב,language,איטלקית,1
2026-07-30T17:14:52,58,אורתופדיה,רחוב,language,אנגלית,19
2026-07-30T17:14:52,58,אורתופדיה,רחוב,language,גרמנית,1
2026-07-30T17:14:52,58,אורתופדיה,רחוב,language,עברית,31
2026-07-30T17:14:52,58,אורתופדיה,רחוב,language,ערבית,21
2026-07-30T17:14:52,58,אורתופדיה,רחוב,language,רומנית,7
2026-07-30T17:14:52,58,אורתופדיה,רחוב,language,רוסית,6
2026-07-30T17:15:18,58,אורתופדיה,רמה,gender,גבר,86
2026-07-30T17:15:18,58,אורתופדיה,רמה,visit_type,ביקור במרפאה,89
2026-07-30T17:15:18,58,אורתופדיה,רמה,visit_type,שיחת טלפון,3
2026-07-30T17:15:18,58,אורתופדיה,רמה,language,אידיש,1
2026-07-30T17:15:18,58,אורתופדיה,רמה,language,איטלקית,1
2026-07-30T17:15:18,58,אורתופדיה,רמה,language,אנגלית,8
2026-07-30T17:15:18,58,אורתופדיה,רמה,language,עברית,15
2026-07-30T17:15:18,58,אורתופדיה,רמה,language,ערבית,10
2026-07-30T17:15:18,58,אורתופדיה,רמה,language,רומנית,3
2026-07-30T17:15:18,58,אורתופדיה,רמה,language,רוסית,2
2026-07-30T17:15:34,58,אורתופדיה,רנתיס,gender,גבר,49
2026-07-30T17:15:34,58,אורתופדיה,רנתיס,gender,אישה,1
2026-07-30T17:15:34,58,אורתופדיה,רנתיס,visit_type,ביקור במרפאה,58
2026-07-30T17:15:34,58,אורתופדיה,רנתיס,visit_type,שיחת טלפון,1
2026-07-30T17:15:34,58,אורתופדיה,רנתיס,language,איטלקית,4
2026-07-30T17:15:34,58,אורתופדיה,רנתיס,language,אנגלית,33
2026-07-30T17:15:34,58,אורתופדיה,רנתיס,language,גרמנית,6
2026-07-30T17:15:34,58,אורתופדיה,רנתיס,language,ספרדית,2
2026-07-30T17:15:34,58,אורתופדיה,רנתיס,language,עברית,54
2026-07-30T17:15:34,58,אורתופדיה,רנתיס,language,ערבית,6
2026-07-30T17:15:34,58,אורתופדיה,רנתיס,language,רומנית,5
2026-07-30T17:15:34,58,אורתופדיה,רנתיס,language,רוסית,6
2026-07-30T17:15:49,58,אורתופדיה,שבי דרום,gender,גבר,52
2026-07-30T17:15:49,58,אורתופדיה,שבי דרום,gender,אישה,3
2026-07-30T17:15:49,58,אורתופדיה,שבי דרום,visit_type,ביקור במרפאה,63
2026-07-30T17:15:49,58,אורתופדיה,שבי דרום,language,עברית,1
2026-07-30T17:15:49,58,אורתופדיה,שבי דרום,language,רוסית,1
2026-07-30T17:16:09,58,אורתופדיה,שדה דוד,gender,גבר,41
2026-07-30T17:16:09,58,אורתופדיה,שדה דוד,gender,אישה,2
2026-07-30T17:16:09,58,אורתופדיה,שדה דוד,visit_type,ביקור במרפאה,47
2026-07-30T17:16:09,58,אורתופדיה,שדה דוד,language,עברית,1
2026-07-30T17:16:09,58,אורתופדיה,שדה דוד,language,רוסית,1
2026-07-30T17:16:23,58,אורתופדיה,שוויכה,gender,גבר,86
2026-07-30T17:16:23,58,אורתופדיה,שוויכה,visit_type,ביקור במרפאה,89
2026-07-30T17:16:23,58,אורתופדיה,שוויכה,visit_type,שיחת טלפון,3
2026-07-30T17:16:23,58,אורתופדיה,שוויכה,language,אידיש,1
2026-07-30T17:16:23,58,אורתופדיה,שוויכה,language,איטלקית,1
2026-07-30T17:16:23,58,אורתופדיה,שוויכה,language,אנגלית,8
2026-07-30T17:16:23,58,אורתופדיה,שוויכה,language,עברית,15
2026-07-30T17:16:23,58,אורתופדיה,שוויכה,language,ערבית,10
2026-07-30T17:16:23,58,אורתופדיה,שוויכה,language,רומנית,3
2026-07-30T17:16:23,58,אורתופדיה,שוויכה,language,רוסית,2
2026-07-30T17:16:41,58,אורתופדיה,שיבולים,gender,גבר,52
2026-07-30T17:16:41,58,אורתופדיה,שיבולים,gender,אישה,3
2026-07-30T17:16:41,58,אורתופדיה,שיבולים,visit_type,ביקור במרפאה,63
2026-07-30T17:16:41,58,אורתופדיה,שיבולים,language,עברית,1
2026-07-30T17:16:41,58,אורתופדיה,שיבולים,language,רוסית,1
2026-07-30T17:16:59,58,אורתופדיה,שלווה במדבר,gender,גבר,36
2026-07-30T17:16:59,58,אורתופדיה,שלווה במדבר,gender,אישה,2
2026-07-30T17:16:59,58,אורתופדיה,שלווה במדבר,visit_type,ביקור במרפאה,43
2026-07-30T17:16:59,58,אורתופדיה,שלווה במדבר,language,עברית,1
2026-07-30T17:16:59,58,אורתופדיה,שלווה במדבר,language,רוסית,1
2026-07-30T17:17:12,58,אורתופדיה,שניר,gender,גבר,97
2026-07-30T17:17:12,58,אורתופדיה,שניר,visit_type,ביקור במרפאה,98
2026-07-30T17:17:12,58,אורתופדיה,שניר,visit_type,שיחת טלפון,1
2026-07-30T17:17:12,58,אורתופדיה,שניר,language,איטלקית,1
2026-07-30T17:17:12,58,אורתופדיה,שניר,language,אנגלית,9
2026-07-30T17:17:12,58,אורתופדיה,שניר,language,עברית,12
2026-07-30T17:17:12,58,אורתופדיה,שניר,language,ערבית,5
2026-07-30T17:17:12,58,אורתופדיה,שניר,language,רוסית,6
2026-07-30T17:17:30,58,אורתופדיה,שפיר,gender,גבר,32
2026-07-30T17:17:30,58,אורתופדיה,שפיר,gender,אישה,1
2026-07-30T17:17:30,58,אורתופדיה,שפיר,visit_type,ביקור במרפאה,37
2026-07-30T17:17:30,58,אורתופדיה,שפיר,visit_type,שיחת טלפון,1
2026-07-30T17:17:30,58,אורתופדיה,שפיר,visit_type,שיחת וידאו,1
2026-07-30T17:17:30,58,אורתופדיה,שפיר,language,איטלקית,1
2026-07-30T17:17:30,58,אורתופדיה,שפיר,language,אנגלית,3
2026-07-30T17:17:30,58,אורתופדיה,שפיר,language,גרמנית,1
2026-07-30T17:17:30,58,אורתופדיה,שפיר,language,עברית,7
2026-07-30T17:17:30,58,אורתופדיה,שפיר,language,ערבית,1
2026-07-30T17:17:30,58,אורתופדיה,שפיר,language,צרפתית,1
2026-07-30T17:17:30,58,אורתופדיה,שפיר,language,רומנית,1
2026-07-30T17:17:30,58,אורתופדיה,שפיר,language,רוסית,3
2026-07-30T17:17:39,58,אורתופדיה,שתולים,gender,גבר,32
2026-07-30T17:17:39,58,אורתופדיה,שתולים,gender,אישה,1
2026-07-30T17:17:39,58,אורתופדיה,שתולים,visit_type,ביקור במרפאה,37
2026-07-30T17:17:39,58,אורתופדיה,שתולים,visit_type,שיחת טלפון,1
2026-07-30T17:17:39,58,אורתופדיה,שתולים,visit_type,שיחת וידאו,1
2026-07-30T17:17:39,58,אורתופדיה,שתולים,language,איטלקית,1
2026-07-30T17:17:39,58,אורתופדיה,שתולים,language,אנגלית,3
2026-07-30T17:17:39,58,אורתופדיה,שתולים,language,גרמנית,1
2026-07-30T17:17:39,58,אורתופדיה,שתולים,language,עברית,7
2026-07-30T17:17:39,58,אורתופדיה,שתולים,language,ערבית,1
2026-07-30T17:17:39,58,אורתופדיה,שתולים,language,צרפתית,1
2026-07-30T17:17:39,58,אורתופדיה,שתולים,language,רומנית,1
2026-07-30T17:17:39,58,אורתופדיה,שתולים,language,רוסית,3
2026-07-30T17:17:49,58,אורתופדיה,תיעניכ,gender,גבר,86
2026-07-30T17:17:49,58,אורתופדיה,תיעניכ,visit_type,ביקור במרפאה,89
2026-07-30T17:17:49,58,אורתופדיה,תיעניכ,visit_type,שיחת טלפון,3
2026-07-30T17:17:49,58,אורתופדיה,תיעניכ,language,אידיש,1
2026-07-30T17:17:49,58,אורתופדיה,תיעניכ,language,איטלקית,1
2026-07-30T17:17:49,58,אורתופדיה,תיעניכ,language,אנגלית,8
2026-07-30T17:17:49,58,אורתופדיה,תיעניכ,language,עברית,15
2026-07-30T17:17:49,58,אורתופדיה,תיעניכ,language,ערבית,10
2026-07-30T17:17:49,58,אורתופדיה,תיעניכ,language,רומנית,3
2026-07-30T17:17:49,58,אורתופדיה,תיעניכ,language,רוסית,2
2026-07-30T17:18:05,58,אורתופדיה,תל ציון,gender,גבר,47
2026-07-30T17:18:05,58,אורתופדיה,תל ציון,visit_type,ביקור במרפאה,49
2026-07-30T17:18:05,58,אורתופדיה,תל ציון,language,אנגלית,7
2026-07-30T17:18:05,58,אורתופדיה,תל ציון,language,עברית,12
2026-07-30T17:18:05,58,אורתופדיה,תל ציון,language,ערבית,6
2026-07-30T17:18:05,58,אורתופדיה,תל ציון,language,צרפתית,1
2026-07-30T17:18:05,58,אורתופדיה,תל ציון,language,רוסית,3
2026-07-30T17:18:15,58,אורתופדיה,תעשיון שח''ק,gender,גבר,86
2026-07-30T17:18:15,58,אורתופדיה,תעשיון שח''ק,visit_type,ביקור במרפאה,89
2026-07-30T17:18:15,58,אורתופדיה,תעשיון שח''ק,visit_type,שיחת טלפון,3
2026-07-30T17:18:15,58,אורתופדיה,תעשיון שח''ק,language,אידיש,1
2026-07-30T17:18:15,58,אורתופדיה,תעשיון שח''ק,language,איטלקית,1
2026-07-30T17:18:15,58,אורתופדיה,תעשיון שח''ק,language,אנגלית,8
2026-07-30T17:18:15,58,אורתופדיה,תעשיון שח''ק,language,עברית,15
2026-07-30T17:18:15,58,אורתופדיה,תעשיון שח''ק,language,ערבית,10
2026-07-30T17:18:15,58,אורתופדיה,תעשיון שח''ק,language,רומנית,3
2026-07-30T17:18:15,58,אורתופדיה,תעשיון שח''ק,language,רוסית,2
2026-07-30T17:18:30,58,אורתופדיה,תרום,gender,גבר,47
2026-07-30T17:18:30,58,אורתופדיה,תרום,visit_type,ביקור במרפאה,49
2026-07-30T17:18:30,58,אורתופדיה,תרום,language,אנגלית,7
2026-07-30T17:18:30,58,אורתופדיה,תרום,language,עברית,12
2026-07-30T17:18:30,58,אורתופדיה,תרום,language,ערבית,6
2026-07-30T17:18:30,58,אורתופדיה,תרום,language,צרפתית,1
2026-07-30T17:18:30,58,אורתופדיה,תרום,language,רוסית,3
2026-07-30T17:18:41,62,אף אוזן גרון,א טייבה,gender,גבר,86
2026-07-30T17:18:41,62,אף אוזן גרון,א טייבה,gender,אישה,8
2026-07-30T17:18:41,62,אף אוזן גרון,א טייבה,visit_type,ביקור במרפאה,95
2026-07-30T17:18:41,62,אף אוזן גרון,א טייבה,language,אנגלית,17
2026-07-30T17:18:41,62,אף אוזן גרון,א טייבה,language,ספרדית,1
2026-07-30T17:18:41,62,אף אוזן גרון,א טייבה,language,עברית,23
2026-07-30T17:18:41,62,אף אוזן גרון,א טייבה,language,ערבית,19
2026-07-30T17:18:41,62,אף אוזן גרון,א טייבה,language,רוסית,5
2026-07-30T17:18:57,62,אף אוזן גרון,אבו דיס,gender,גבר,36
2026-07-30T17:18:57,62,אף אוזן גרון,אבו דיס,gender,אישה,4
2026-07-30T17:18:57,62,אף אוזן גרון,אבו דיס,visit_type,ביקור במרפאה,41
2026-07-30T17:18:57,62,אף אוזן גרון,אבו דיס,language,אידיש,4
2026-07-30T17:18:57,62,אף אוזן גרון,אבו דיס,language,איטלקית,1
2026-07-30T17:18:57,62,אף אוזן גרון,אבו דיס,language,אנגלית,10
2026-07-30T17:18:57,62,אף אוזן גרון,אבו דיס,language,עברית,10
2026-07-30T17:18:57,62,אף אוזן גרון,אבו דיס,language,ערבית,4
2026-07-30T17:18:57,62,אף אוזן גרון,אבו דיס,language,רוסית,4
2026-07-30T17:19:06,62,אף אוזן גרון,אדירים,gender,גבר,54
2026-07-30T17:19:06,62,אף אוזן גרון,אדירים,gender,אישה,5
2026-07-30T17:19:06,62,אף אוזן גרון,אדירים,visit_type,ביקור במרפאה,59
2026-07-30T17:19:06,62,אף אוזן גרון,אדירים,language,אנגלית,11
2026-07-30T17:19:06,62,אף אוזן גרון,אדירים,language,עברית,14
2026-07-30T17:19:06,62,אף אוזן גרון,אדירים,language,ערבית,14
2026-07-30T17:19:06,62,אף אוזן גרון,אדירים,language,רוסית,2
2026-07-30T17:19:18,62,אף אוזן גרון,אום אל פחם,gender,גבר,67
2026-07-30T17:19:18,62,אף אוזן גרון,אום אל פחם,gender,אישה,20
2026-07-30T17:19:18,62,אף אוזן גרון,אום אל פחם,visit_type,ביקור במרפאה,92
2026-07-30T17:19:18,62,אף אוזן גרון,אום אל פחם,visit_type,שיחת טלפון,1
2026-07-30T17:19:18,62,אף אוזן גרון,אום אל פחם,language,אוקראינית,1
2026-07-30T17:19:18,62,אף אוזן גרון,אום אל פחם,language,אידיש,4
2026-07-30T17:19:18,62,אף אוזן גרון,אום אל פחם,language,איטלקית,1
2026-07-30T17:19:18,62,אף אוזן גרון,אום אל פחם,language,אנגלית,19
2026-07-30T17:19:18,62,אף אוזן גרון,אום אל פחם,language,גרמנית,1
2026-07-30T17:19:18,62,אף אוזן גרון,אום אל פחם,language,ספרדית,1
2026-07-30T17:19:18,62,אף אוזן גרון,אום אל פחם,language,עברית,26
2026-07-30T17:19:18,62,אף אוזן גרון,אום אל פחם,language,ערבית,9
2026-07-30T17:19:18,62,אף אוזן גרון,אום אל פחם,language,רומנית,2
2026-07-30T17:19:18,62,אף אוזן גרון,אום אל פחם,language,רוסית,9
2026-07-30T17:19:35,62,אף אוזן גרון,אחוזת ברק,gender,גבר,86
2026-07-30T17:19:35,62,אף אוזן גרון,אחוזת ברק,gender,אישה,8
2026-07-30T17:19:35,62,אף אוזן גרון,אחוזת ברק,visit_type,ביקור במרפאה,95
2026-07-30T17:19:35,62,אף אוזן גרון,אחוזת ברק,language,אנגלית,17
2026-07-30T17:19:35,62,אף אוזן גרון,אחוזת ברק,language,ספרדית,1
2026-07-30T17:19:35,62,אף אוזן גרון,אחוזת ברק,language,עברית,23
2026-07-30T17:19:35,62,אף אוזן גרון,אחוזת ברק,language,ערבית,19
2026-07-30T17:19:35,62,אף אוזן גרון,אחוזת ברק,language,רוסית,5
2026-07-30T17:19:53,62,אף אוזן גרון,איילת השחר,gender,גבר,54
2026-07-30T17:19:53,62,אף אוזן גרון,איילת השחר,gender,אישה,5
2026-07-30T17:19:53,62,אף אוזן גרון,איילת השחר,visit_type,ביקור במרפאה,59
2026-07-30T17:19:53,62,אף אוזן גרון,איילת השחר,language,אנגלית,11
2026-07-30T17:19:53,62,אף אוזן גרון,איילת השחר,language,עברית,14
2026-07-30T17:19:53,62,אף אוזן גרון,איילת השחר,language,ערבית,14
2026-07-30T17:19:53,62,אף אוזן גרון,איילת השחר,language,רוסית,2
2026-07-30T17:20:03,62,אף אוזן גרון,אל ח'דר,gender,גבר,36
2026-07-30T17:20:03,62,אף אוזן גרון,אל ח'דר,gender,אישה,4
2026-07-30T17:20:03,62,אף אוזן גרון,אל ח'דר,visit_type,ביקור במרפאה,41
2026-07-30T17:20:03,62,אף אוזן גרון,אל ח'דר,language,אידיש,4
2026-07-30T17:20:03,62,אף אוזן גרון,אל ח'דר,language,איטלקית,1
2026-07-30T17:20:03,62,אף אוזן גרון,אל ח'דר,language,אנגלית,10
2026-07-30T17:20:03,62,אף אוזן גרון,אל ח'דר,language,עברית,10
2026-07-30T17:20:03,62,אף אוזן גרון,אל ח'דר,language,ערבית,4
2026-07-30T17:20:03,62,אף אוזן גרון,אל ח'דר,language,רוסית,4
2026-07-30T17:20:13,62,אף אוזן גרון,אמציה,gender,גבר,32
2026-07-30T17:20:13,62,אף אוזן גרון,אמציה,gender,אישה,3
2026-07-30T17:20:13,62,אף אוזן גרון,אמציה,visit_type,ביקור במרפאה,41
2026-07-30T17:20:13,62,אף אוזן גרון,אמציה,language,אוקראינית,1
2026-07-30T17:20:13,62,אף אוזן גרון,אמציה,language,אנגלית,3
2026-07-30T17:20:13,62,אף אוזן גרון,אמציה,language,הונגרית,1
2026-07-30T17:20:13,62,אף אוזן גרון,אמציה,language,עברית,4
2026-07-30T17:20:13,62,אף אוזן גרון,אמציה,language,ערבית,1
2026-07-30T17:20:13,62,אף אוזן גרון,אמציה,language,צכית,1
2026-07-30T17:20:13,62,אף אוזן גרון,אמציה,language,רוסית,1
2026-07-30T17:20:24,62,אף אוזן גרון,ארבל,gender,גבר,54
2026-07-30T17:20:24,62,אף אוזן גרון,ארבל,gender,אישה,5
2026-07-30T17:20:24,62,אף אוזן גרון,ארבל,visit_type,ביקור במרפאה,59
2026-07-30T17:20:24,62,אף אוזן גרון,ארבל,language,אנגלית,11
2026-07-30T17:20:24,62,אף אוזן גרון,ארבל,language,עברית,14
2026-07-30T17:20:24,62,אף אוזן גרון,ארבל,language,ערבית,14
2026-07-30T17:20:24,62,אף אוזן גרון,ארבל,language,רוסית,2
2026-07-30T17:20:35,62,אף אוזן גרון,אשדות יעקב מאוחד,gender,גבר,54
2026-07-30T17:20:35,62,אף אוזן גרון,אשדות יעקב מאוחד,gender,אישה,5
2026-07-30T17:20:35,62,אף אוזן גרון,אשדות יעקב מאוחד,visit_type,ביקור במרפאה,59
2026-07-30T17:20:35,62,אף אוזן גרון,אשדות יעקב מאוחד,language,אנגלית,11
2026-07-30T17:20:35,62,אף אוזן גרון,אשדות יעקב מאוחד,language,עברית,14
2026-07-30T17:20:35,62,אף אוזן גרון,אשדות יעקב מאוחד,language,ערבית,14
2026-07-30T17:20:35,62,אף אוזן גרון,אשדות יעקב מאוחד,language,רוסית,2
2026-07-30T17:20:48,62,אף אוזן גרון,באר גנים,gender,גבר,32
2026-07-30T17:20:48,62,אף אוזן גרון,באר גנים,gender,אישה,3
2026-07-30T17:20:48,62,אף אוזן גרון,באר גנים,visit_type,ביקור במרפאה,41
2026-07-30T17:20:48,62,אף אוזן גרון,באר גנים,language,אוקראינית,1
2026-07-30T17:20:48,62,אף אוזן גרון,באר גנים,language,אנגלית,3
2026-07-30T17:20:48,62,אף אוזן גרון,באר גנים,language,הונגרית,1
2026-07-30T17:20:48,62,אף אוזן גרון,באר גנים,language,עברית,4
2026-07-30T17:20:48,62,אף אוזן גרון,באר גנים,language,ערבית,1
2026-07-30T17:20:48,62,אף אוזן גרון,באר גנים,language,צכית,1
2026-07-30T17:20:48,62,אף אוזן גרון,באר גנים,language,רוסית,1
2026-07-30T17:20:59,62,אף אוזן גרון,בורג',gender,גבר,50
2026-07-30T17:20:59,62,אף אוזן גרון,בורג',gender,אישה,7
2026-07-30T17:20:59,62,אף אוזן גרון,בורג',visit_type,ביקור במרפאה,63
2026-07-30T17:20:59,62,אף אוזן גרון,בורג',language,אוקראינית,1
2026-07-30T17:20:59,62,אף אוזן גרון,בורג',language,אידיש,3
2026-07-30T17:20:59,62,אף אוזן גרון,בורג',language,אנגלית,3
2026-07-30T17:20:59,62,אף אוזן גרון,בורג',language,הונגרית,1
2026-07-30T17:20:59,62,אף אוזן גרון,בורג',language,ספרדית,3
2026-07-30T17:20:59,62,אף אוזן גרון,בורג',language,עברית,11
2026-07-30T17:20:59,62,אף אוזן גרון,בורג',language,ערבית,5
2026-07-30T17:20:59,62,אף אוזן גרון,בורג',language,צכית,1
2026-07-30T17:20:59,62,אף אוזן גרון,בורג',language,רוסית,1
2026-07-30T17:21:14,62,אף אוזן גרון,בידו,gender,גבר,36
2026-07-30T17:21:14,62,אף אוזן גרון,בידו,gender,אישה,4
2026-07-30T17:21:14,62,אף אוזן גרון,בידו,visit_type,ביקור במרפאה,41
2026-07-30T17:21:14,62,אף אוזן גרון,בידו,language,אידיש,4
2026-07-30T17:21:14,62,אף אוזן גרון,בידו,language,איטלקית,1
2026-07-30T17:21:14,62,אף אוזן גרון,בידו,language,אנגלית,10
2026-07-30T17:21:14,62,אף אוזן גרון,בידו,language,עברית,10
2026-07-30T17:21:14,62,אף אוזן גרון,בידו,language,ערבית,4
2026-07-30T17:21:14,62,אף אוזן גרון,בידו,language,רוסית,4
2026-07-30T17:21:23,62,אף אוזן גרון,בלעא,gender,גבר,48
2026-07-30T17:21:23,62,אף אוזן גרון,בלעא,gender,אישה,14
2026-07-30T17:21:23,62,אף אוזן גרון,בלעא,visit_type,ביקור במרפאה,67
2026-07-30T17:21:23,62,אף אוזן גרון,בלעא,visit_type,שיחת טלפון,1
2026-07-30T17:21:23,62,אף אוזן גרון,בלעא,language,אוקראינית,1
2026-07-30T17:21:23,62,אף אוזן גרון,בלעא,language,אידיש,4
2026-07-30T17:21:23,62,אף אוזן גרון,בלעא,language,איטלקית,1
2026-07-30T17:21:23,62,אף אוזן גרון,בלעא,language,אנגלית,12
2026-07-30T17:21:23,62,אף אוזן גרון,בלעא,language,גרמנית,1
2026-07-30T17:21:23,62,אף אוזן גרון,בלעא,language,עברית,16
2026-07-30T17:21:23,62,אף אוזן גרון,בלעא,language,ערבית,3
2026-07-30T17:21:23,62,אף אוזן גרון,בלעא,language,רומנית,2
2026-07-30T17:21:23,62,אף אוזן גרון,בלעא,language,רוסית,6
2026-07-30T17:21:36,62,אף אוזן גרון,בני עטרות,gender,גבר,34
2026-07-30T17:21:36,62,אף אוזן גרון,בני עטרות,gender,אישה,20
2026-07-30T17:21:36,62,אף אוזן גרון,בני עטרות,visit_type,ביקור במרפאה,59
2026-07-30T17:21:36,62,אף אוזן גרון,בני עטרות,visit_type,שיחת טלפון,1
2026-07-30T17:21:36,62,אף אוזן גרון,בני עטרות,language,אוקראינית,1
2026-07-30T17:21:36,62,אף אוזן גרון,בני עטרות,language,אידיש,1
2026-07-30T17:21:36,62,אף אוזן גרון,בני עטרות,language,איטלקית,1
2026-07-30T17:21:36,62,אף אוזן גרון,בני עטרות,language,אנגלית,18
2026-07-30T17:21:36,62,אף אוזן גרון,בני עטרות,language,גרמנית,1
2026-07-30T17:21:36,62,אף אוזן גרון,בני עטרות,language,ספרדית,2
2026-07-30T17:21:36,62,אף אוזן גרון,בני עטרות,language,עברית,44
2026-07-30T17:21:36,62,אף אוזן גרון,בני עטרות,language,ערבית,3
2026-07-30T17:21:36,62,אף אוזן גרון,בני עטרות,language,רומנית,1
2026-07-30T17:21:36,62,אף אוזן גרון,בני עטרות,language,רוסית,11
2026-07-30T17:21:47,62,אף אוזן גרון,בר כוכבא,gender,גבר,36
2026-07-30T17:21:47,62,אף אוזן גרון,בר כוכבא,gender,אישה,4
2026-07-30T17:21:47,62,אף אוזן גרון,בר כוכבא,visit_type,ביקור במרפאה,41
2026-07-30T17:21:47,62,אף אוזן גרון,בר כוכבא,language,אידיש,4
2026-07-30T17:21:47,62,אף אוזן גרון,בר כוכבא,language,איטלקית,1
2026-07-30T17:21:47,62,אף אוזן גרון,בר כוכבא,language,אנגלית,10
2026-07-30T17:21:47,62,אף אוזן גרון,בר כוכבא,language,עברית,10
2026-07-30T17:21:47,62,אף אוזן גרון,בר כוכבא,language,ערבית,4
2026-07-30T17:21:47,62,אף אוזן גרון,בר כוכבא,language,רוסית,4
2026-07-30T17:21:56,62,אף אוזן גרון,בת חפר,gender,גבר,48
2026-07-30T17:21:56,62,אף אוזן גרון,בת חפר,gender,אישה,14
2026-07-30T17:21:56,62,אף אוזן גרון,בת חפר,visit_type,ביקור במרפאה,67
2026-07-30T17:21:56,62,אף אוזן גרון,בת חפר,visit_type,שיחת טלפון,1
2026-07-30T17:21:56,62,אף אוזן גרון,בת חפר,language,אוקראינית,1
2026-07-30T17:21:56,62,אף אוזן גרון,בת חפר,language,אידיש,4
2026-07-30T17:21:56,62,אף אוזן גרון,בת חפר,language,איטלקית,1
2026-07-30T17:21:56,62,אף אוזן גרון,בת חפר,language,אנגלית,12
2026-07-30T17:21:56,62,אף אוזן גרון,בת חפר,language,גרמנית,1
2026-07-30T17:21:56,62,אף אוזן גרון,בת חפר,language,עברית,16
2026-07-30T17:21:56,62,אף אוזן גרון,בת חפר,language,ערבית,3
2026-07-30T17:21:56,62,אף אוזן גרון,בת חפר,language,רומנית,2
2026-07-30T17:21:56,62,אף אוזן גרון,בת חפר,language,רוסית,6
2026-07-30T17:22:09,62,אף אוזן גרון,גאולים,gender,גבר,48
2026-07-30T17:22:09,62,אף אוזן גרון,גאולים,gender,אישה,14
2026-07-30T17:22:09,62,אף אוזן גרון,גאולים,visit_type,ביקור במרפאה,67
2026-07-30T17:22:09,62,אף אוזן גרון,גאולים,visit_type,שיחת טלפון,1
2026-07-30T17:22:09,62,אף אוזן גרון,גאולים,language,אוקראינית,1
2026-07-30T17:22:09,62,אף אוזן גרון,גאולים,language,אידיש,4
2026-07-30T17:22:09,62,אף אוזן גרון,גאולים,language,איטלקית,1
2026-07-30T17:22:09,62,אף אוזן גרון,גאולים,language,אנגלית,12
2026-07-30T17:22:09,62,אף אוזן גרון,גאולים,language,גרמנית,1
2026-07-30T17:22:09,62,אף אוזן גרון,גאולים,language,עברית,16
2026-07-30T17:22:09,62,אף אוזן גרון,גאולים,language,ערבית,3
2026-07-30T17:22:09,62,אף אוזן גרון,גאולים,language,רומנית,2
2026-07-30T17:22:09,62,אף אוזן גרון,גאולים,language,רוסית,6
2026-07-30T17:22:22,62,אף אוזן גרון,גבעות הרואה,gender,גבר,36
2026-07-30T17:22:22,62,אף אוזן גרון,גבעות הרואה,gender,אישה,4
2026-07-30T17:22:22,62,אף אוזן גרון,גבעות הרואה,visit_type,ביקור במרפאה,41
2026-07-30T17:22:22,62,אף אוזן גרון,גבעות הרואה,language,אידיש,4
2026-07-30T17:22:22,62,אף אוזן גרון,גבעות הרואה,language,איטלקית,1
2026-07-30T17:22:22,62,אף אוזן גרון,גבעות הרואה,language,אנגלית,10
2026-07-30T17:22:22,62,אף אוזן גרון,גבעות הרואה,language,עברית,10
2026-07-30T17:22:22,62,אף אוזן גרון,גבעות הרואה,language,ערבית,4
2026-07-30T17:22:22,62,אף אוזן גרון,גבעות הרואה,language,רוסית,4
2026-07-30T17:22:30,62,אף אוזן גרון,גזר,gender,גבר,22
2026-07-30T17:22:30,62,אף אוזן גרון,גזר,gender,אישה,1
2026-07-30T17:22:30,62,אף אוזן גרון,גזר,visit_type,ביקור במרפאה,32
2026-07-30T17:22:30,62,אף אוזן גרון,גזר,language,איטלקית,1
2026-07-30T17:22:30,62,אף אוזן גרון,גזר,language,אנגלית,9
2026-07-30T17:22:30,62,אף אוזן גרון,גזר,language,עברית,14
2026-07-30T17:22:30,62,אף אוזן גרון,גזר,language,ערבית,2
2026-07-30T17:22:30,62,אף אוזן גרון,גזר,language,צרפתית,1
2026-07-30T17:22:30,62,אף אוזן גרון,גזר,language,רוסית,4
2026-07-30T17:22:37,62,אף אוזן גרון,גיתית,gender,גבר,36
2026-07-30T17:22:37,62,אף אוזן גרון,גיתית,gender,אישה,4
2026-07-30T17:22:37,62,אף אוזן גרון,גיתית,visit_type,ביקור במרפאה,41
2026-07-30T17:22:37,62,אף אוזן גרון,גיתית,language,אידיש,4
2026-07-30T17:22:37,62,אף אוזן גרון,גיתית,language,איטלקית,1
2026-07-30T17:22:37,62,אף אוזן גרון,גיתית,language,אנגלית,10
2026-07-30T17:22:37,62,אף אוזן גרון,גיתית,language,עברית,10
2026-07-30T17:22:37,62,אף אוזן גרון,גיתית,language,ערבית,4
2026-07-30T17:22:37,62,אף אוזן גרון,גיתית,language,רוסית,4
2026-07-30T17:22:45,62,אף אוזן גרון,גני יוחנן,gender,גבר,30
2026-07-30T17:22:45,62,אף אוזן גרון,גני יוחנן,gender,אישה,2
2026-07-30T17:22:45,62,אף אוזן גרון,גני יוחנן,visit_type,ביקור במרפאה,44
2026-07-30T17:22:45,62,אף אוזן גרון,גני יוחנן,language,איטלקית,1
2026-07-30T17:22:45,62,אף אוזן גרון,גני יוחנן,language,אנגלית,12
2026-07-30T17:22:45,62,אף אוזן גרון,גני יוחנן,language,ספרדית,1
2026-07-30T17:22:45,62,אף אוזן גרון,גני יוחנן,language,עברית,18
2026-07-30T17:22:45,62,אף אוזן גרון,גני יוחנן,language,ערבית,2
2026-07-30T17:22:45,62,אף אוזן גרון,גני יוחנן,language,צרפתית,2
2026-07-30T17:22:45,62,אף אוזן גרון,גני יוחנן,language,רוסית,7
2026-07-30T17:22:56,62,אף אוזן גרון,גשר הזיו,gender,גבר,35
2026-07-30T17:22:56,62,אף אוזן גרון,גשר הזיו,gender,אישה,3
2026-07-30T17:22:56,62,אף אוזן גרון,גשר הזיו,visit_type,ביקור במרפאה,38
2026-07-30T17:22:56,62,אף אוזן גרון,גשר הזיו,visit_type,שיחת טלפון,1
2026-07-30T17:22:56,62,אף אוזן גרון,גשר הזיו,language,איטלקית,5
2026-07-30T17:22:56,62,אף אוזן גרון,גשר הזיו,language,אנגלית,29
2026-07-30T17:22:56,62,אף אוזן גרון,גשר הזיו,language,גרמנית,2
2026-07-30T17:22:56,62,אף אוזן גרון,גשר הזיו,language,הולנדית,1
2026-07-30T17:22:56,62,אף אוזן גרון,גשר הזיו,language,ספרדית,1
2026-07-30T17:22:56,62,אף אוזן גרון,גשר הזיו,language,עברית,38
2026-07-30T17:22:56,62,אף אוזן גרון,גשר הזיו,language,ערבית,34
2026-07-30T17:22:56,62,אף אוזן גרון,גשר הזיו,language,צרפתית,1
2026-07-30T17:22:56,62,אף אוזן גרון,גשר הזיו,language,רומנית,7
2026-07-30T17:22:56,62,אף אוזן גרון,גשר הזיו,language,רוסית,5
2026-07-30T17:23:02,62,אף אוזן גרון,דהיישה מחנה פליטים,gender,גבר,36
2026-07-30T17:23:02,62,אף אוזן גרון,דהיישה מחנה פליטים,gender,אישה,4
2026-07-30T17:23:02,62,אף אוזן גרון,דהיישה מחנה פליטים,visit_type,ביקור במרפאה,41
2026-07-30T17:23:02,62,אף אוזן גרון,דהיישה מחנה פליטים,language,אידיש,4
2026-07-30T17:23:02,62,אף אוזן גרון,דהיישה מחנה פליטים,language,איטלקית,1
2026-07-30T17:23:02,62,אף אוזן גרון,דהיישה מחנה פליטים,language,אנגלית,10
2026-07-30T17:23:02,62,אף אוזן גרון,דהיישה מחנה פליטים,language,עברית,10
2026-07-30T17:23:02,62,אף אוזן גרון,דהיישה מחנה פליטים,language,ערבית,4
2026-07-30T17:23:02,62,אף אוזן גרון,דהיישה מחנה פליטים,language,רוסית,4
2026-07-30T17:23:13,62,אף אוזן גרון,דחי,gender,גבר,86
2026-07-30T17:23:13,62,אף אוזן גרון,דחי,gender,אישה,8
2026-07-30T17:23:13,62,אף אוזן גרון,דחי,visit_type,ביקור במרפאה,95
2026-07-30T17:23:13,62,אף אוזן גרון,דחי,language,אנגלית,17
2026-07-30T17:23:13,62,אף אוזן גרון,דחי,language,ספרדית,1
2026-07-30T17:23:13,62,אף אוזן גרון,דחי,language,עברית,23
2026-07-30T17:23:13,62,אף אוזן גרון,דחי,language,ערבית,19
2026-07-30T17:23:13,62,אף אוזן גרון,דחי,language,רוסית,5
2026-07-30T17:23:33,62,אף אוזן גרון,דיר אל בלח,gender,גבר,50
2026-07-30T17:23:33,62,אף אוזן גרון,דיר אל בלח,gender,אישה,7
2026-07-30T17:23:33,62,אף אוזן גרון,דיר אל בלח,visit_type,ביקור במרפאה,63
2026-07-30T17:23:33,62,אף אוזן גרון,דיר אל בלח,language,אוקראינית,1
2026-07-30T17:23:33,62,אף אוזן גרון,דיר אל בלח,language,אידיש,3
2026-07-30T17:23:33,62,אף אוזן גרון,דיר אל בלח,language,אנגלית,3
2026-07-30T17:23:33,62,אף אוזן גרון,דיר אל בלח,language,הונגרית,1
2026-07-30T17:23:33,62,אף אוזן גרון,דיר אל בלח,language,ספרדית,3
2026-07-30T17:23:33,62,אף אוזן גרון,דיר אל בלח,language,עברית,11
2026-07-30T17:23:33,62,אף אוזן גרון,דיר אל בלח,language,ערבית,5
2026-07-30T17:23:33,62,אף אוזן גרון,דיר אל בלח,language,צכית,1
2026-07-30T17:23:33,62,אף אוזן גרון,דיר אל בלח,language,רוסית,1
2026-07-30T17:23:48,62,אף אוזן גרון,הבונים,gender,גבר,66
2026-07-30T17:23:48,62,אף אוזן גרון,הבונים,gender,אישה,13
2026-07-30T17:23:48,62,אף אוזן גרון,הבונים,visit_type,ביקור במרפאה,82
2026-07-30T17:23:48,62,אף אוזן גרון,הבונים,visit_type,שיחת טלפון,4
2026-07-30T17:23:48,62,אף אוזן גרון,הבונים,language,איטלקית,1
2026-07-30T17:23:48,62,אף אוזן גרון,הבונים,language,אנגלית,24
2026-07-30T17:23:48,62,אף אוזן גרון,הבונים,language,גרמנית,4
2026-07-30T17:23:48,62,אף אוזן גרון,הבונים,language,הונגרית,1
2026-07-30T17:23:48,62,אף אוזן גרון,הבונים,language,ספרדית,1
2026-07-30T17:23:48,62,אף אוזן גרון,הבונים,language,עברית,39
2026-07-30T17:23:48,62,אף אוזן גרון,הבונים,language,ערבית,18
2026-07-30T17:23:48,62,אף אוזן גרון,הבונים,language,רוסית,11
2026-07-30T17:24:04,62,אף אוזן גרון,הזורעים,gender,גבר,54
2026-07-30T17:24:04,62,אף אוזן גרון,הזורעים,gender,אישה,5
2026-07-30T17:24:04,62,אף אוזן גרון,הזורעים,visit_type,ביקור במרפאה,59
2026-07-30T17:24:04,62,אף אוזן גרון,הזורעים,language,אנגלית,11
2026-07-30T17:24:04,62,אף אוזן גרון,הזורעים,language,עברית,14
2026-07-30T17:24:04,62,אף אוזן גרון,הזורעים,language,ערבית,14
2026-07-30T17:24:04,62,אף אוזן גרון,הזורעים,language,רוסית,2
2026-07-30T17:24:16,62,אף אוזן גרון,הר עמשא,gender,גבר,38
2026-07-30T17:24:16,62,אף אוזן גרון,הר עמשא,gender,אישה,6
2026-07-30T17:24:16,62,אף אוזן גרון,הר עמשא,visit_type,ביקור במרפאה,47
2026-07-30T17:24:16,62,אף אוזן גרון,הר עמשא,language,אוקראינית,1
2026-07-30T17:24:16,62,אף אוזן גרון,הר עמשא,language,אידיש,3
2026-07-30T17:24:16,62,אף אוזן גרון,הר עמשא,language,אנגלית,3
2026-07-30T17:24:16,62,אף אוזן גרון,הר עמשא,language,הונגרית,1
2026-07-30T17:24:16,62,אף אוזן גרון,הר עמשא,language,ספרדית,3
2026-07-30T17:24:16,62,אף אוזן גרון,הר עמשא,language,עברית,10
2026-07-30T17:24:16,62,אף אוזן גרון,הר עמשא,language,ערבית,4
2026-07-30T17:24:16,62,אף אוזן גרון,הר עמשא,language,צכית,1
2026-07-30T17:24:16,62,אף אוזן גרון,הר עמשא,language,רוסית,1
2026-07-30T17:24:29,62,אף אוזן גרון,זבאבידה,gender,גבר,48
2026-07-30T17:24:29,62,אף אוזן גרון,זבאבידה,gender,אישה,14
2026-07-30T17:24:29,62,אף אוזן גרון,זבאבידה,visit_type,ביקור במרפאה,67
2026-07-30T17:24:29,62,אף אוזן גרון,זבאבידה,visit_type,שיחת טלפון,1
2026-07-30T17:24:29,62,אף אוזן גרון,זבאבידה,language,אוקראינית,1
2026-07-30T17:24:29,62,אף אוזן גרון,זבאבידה,language,אידיש,4
2026-07-30T17:24:29,62,אף אוזן גרון,זבאבידה,language,איטלקית,1
2026-07-30T17:24:29,62,אף אוזן גרון,זבאבידה,language,אנגלית,12
2026-07-30T17:24:29,62,אף אוזן גרון,זבאבידה,language,גרמנית,1
2026-07-30T17:24:29,62,אף אוזן גרון,זבאבידה,language,עברית,16
2026-07-30T17:24:29,62,אף אוזן גרון,זבאבידה,language,ערבית,3
2026-07-30T17:24:29,62,אף אוזן גרון,זבאבידה,language,רומנית,2
2026-07-30T17:24:29,62,אף אוזן גרון,זבאבידה,language,רוסית,6
2026-07-30T17:24:41,62,אף אוזן גרון,זיתן,gender,גבר,22
2026-07-30T17:24:41,62,אף אוזן גרון,זיתן,gender,אישה,1
2026-07-30T17:24:41,62,אף אוזן גרון,זיתן,visit_type,ביקור במרפאה,32
2026-07-30T17:24:41,62,אף אוזן גרון,זיתן,language,איטלקית,1
2026-07-30T17:24:41,62,אף אוזן גרון,זיתן,language,אנגלית,9
2026-07-30T17:24:41,62,אף אוזן גרון,זיתן,language,עברית,14
2026-07-30T17:24:41,62,אף אוזן גרון,זיתן,language,ערבית,2
2026-07-30T17:24:41,62,אף אוזן גרון,זיתן,language,צרפתית,1
2026-07-30T17:24:41,62,אף אוזן גרון,זיתן,language,רוסית,4
2026-07-30T17:24:48,62,אף אוזן גרון,זרעית,gender,גבר,35
2026-07-30T17:24:48,62,אף אוזן גרון,זרעית,gender,אישה,3
2026-07-30T17:24:48,62,אף אוזן גרון,זרעית,visit_type,ביקור במרפאה,38
2026-07-30T17:24:48,62,אף אוזן גרון,זרעית,visit_type,שיחת טלפון,1
2026-07-30T17:24:48,62,אף אוזן גרון,זרעית,language,איטלקית,5
2026-07-30T17:24:48,62,אף אוזן גרון,זרעית,language,אנגלית,29
2026-07-30T17:24:48,62,אף אוזן גרון,זרעית,language,גרמנית,2
2026-07-30T17:24:48,62,אף אוזן גרון,זרעית,language,הולנדית,1
2026-07-30T17:24:48,62,אף אוזן גרון,זרעית,language,ספרדית,1
2026-07-30T17:24:48,62,אף אוזן גרון,זרעית,language,עברית,38
2026-07-30T17:24:48,62,אף אוזן גרון,זרעית,language,ערבית,34
2026-07-30T17:24:48,62,אף אוזן גרון,זרעית,language,צרפתית,1
2026-07-30T17:24:48,62,אף אוזן גרון,זרעית,language,רומנית,7
2026-07-30T17:24:48,62,אף אוזן גרון,זרעית,language,רוסית,5
2026-07-30T17:24:56,62,אף אוזן גרון,חגלה,gender,גבר,67
2026-07-30T17:24:56,62,אף אוזן גרון,חגלה,gender,אישה,20
2026-07-30T17:24:56,62,אף אוזן גרון,חגלה,visit_type,ביקור במרפאה,92
2026-07-30T17:24:56,62,אף אוזן גרון,חגלה,visit_type,שיחת טלפון,1
2026-07-30T17:24:56,62,אף אוזן גרון,חגלה,language,אוקראינית,1
2026-07-30T17:24:56,62,אף אוזן גרון,חגלה,language,אידיש,4
2026-07-30T17:24:56,62,אף אוזן גרון,חגלה,language,איטלקית,1
2026-07-30T17:24:56,62,אף אוזן גרון,חגלה,language,אנגלית,19
2026-07-30T17:24:56,62,אף אוזן גרון,חגלה,language,גרמנית,1
2026-07-30T17:24:56,62,אף אוזן גרון,חגלה,language,ספרדית,1
2026-07-30T17:24:56,62,אף אוזן גרון,חגלה,language,עברית,26
2026-07-30T17:24:56,62,אף אוזן גרון,חגלה,language,ערבית,9
2026-07-30T17:24:56,62,אף אוזן גרון,חגלה,language,רומנית,2
2026-07-30T17:24:56,62,אף אוזן גרון,חגלה,language,רוסית,9
2026-07-30T17:25:14,62,אף אוזן גרון,חוסן,gender,גבר,62
2026-07-30T17:25:14,62,אף אוזן גרון,חוסן,gender,אישה,13
2026-07-30T17:25:14,62,אף אוזן גרון,חוסן,visit_type,ביקור במרפאה,77
2026-07-30T17:25:14,62,אף אוזן גרון,חוסן,visit_type,שיחת טלפון,5
2026-07-30T17:25:14,62,אף אוזן גרון,חוסן,language,איטלקית,6
2026-07-30T17:25:14,62,אף אוזן גרון,חוסן,language,אנגלית,52
2026-07-30T17:25:14,62,אף אוזן גרון,חוסן,language,גרמנית,6
2026-07-30T17:25:14,62,אף אוזן גרון,חוסן,language,הולנדית,1
2026-07-30T17:25:14,62,אף אוזן גרון,חוסן,language,הונגרית,1
2026-07-30T17:25:14,62,אף אוזן גרון,חוסן,language,ספרדית,2
2026-07-30T17:25:14,62,אף אוזן גרון,חוסן,language,עברית,76
2026-07-30T17:25:14,62,אף אוזן גרון,חוסן,language,ערבית,51
2026-07-30T17:25:14,62,אף אוזן גרון,חוסן,language,צרפתית,1
2026-07-30T17:25:14,62,אף אוזן גרון,חוסן,language,רומנית,7
2026-07-30T17:25:14,62,אף אוזן גרון,חוסן,language,רוסית,16
2026-07-30T17:25:28,62,אף אוזן גרון,חלחול,gender,גבר,36
2026-07-30T17:25:28,62,אף אוזן גרון,חלחול,gender,אישה,4
2026-07-30T17:25:28,62,אף אוזן גרון,חלחול,visit_type,ביקור במרפאה,41
2026-07-30T17:25:28,62,אף אוזן גרון,חלחול,language,אידיש,4
2026-07-30T17:25:28,62,אף אוזן גרון,חלחול,language,איטלקית,1
2026-07-30T17:25:28,62,אף אוזן גרון,חלחול,language,אנגלית,10
2026-07-30T17:25:28,62,אף אוזן גרון,חלחול,language,עברית,10
2026-07-30T17:25:28,62,אף אוזן גרון,חלחול,language,ערבית,4
2026-07-30T17:25:28,62,אף אוזן גרון,חלחול,language,רוסית,4
2026-07-30T17:25:37,62,אף אוזן גרון,חספין,gender,גבר,54
2026-07-30T17:25:37,62,אף אוזן גרון,חספין,gender,אישה,5
2026-07-30T17:25:37,62,אף אוזן גרון,חספין,visit_type,ביקור במרפאה,59
2026-07-30T17:25:37,62,אף אוזן גרון,חספין,language,אנגלית,11
2026-07-30T17:25:37,62,אף אוזן גרון,חספין,language,עברית,14
2026-07-30T17:25:37,62,אף אוזן גרון,חספין,language,ערבית,14
2026-07-30T17:25:37,62,אף אוזן גרון,חספין,language,רוסית,2
2026-07-30T17:25:49,62,אף אוזן גרון,חרות,gender,גבר,48
2026-07-30T17:25:49,62,אף אוזן גרון,חרות,gender,אישה,14
2026-07-30T17:25:49,62,אף אוזן גרון,חרות,visit_type,ביקור במרפאה,67
2026-07-30T17:25:49,62,אף אוזן גרון,חרות,visit_type,שיחת טלפון,1
2026-07-30T17:25:49,62,אף אוזן גרון,חרות,language,אוקראינית,1
2026-07-30T17:25:49,62,אף אוזן גרון,חרות,language,אידיש,4
2026-07-30T17:25:49,62,אף אוזן גרון,חרות,language,איטלקית,1
2026-07-30T17:25:49,62,אף אוזן גרון,חרות,language,אנגלית,12
2026-07-30T17:25:49,62,אף אוזן גרון,חרות,language,גרמנית,1
2026-07-30T17:25:49,62,אף אוזן גרון,חרות,language,עברית,16
2026-07-30T17:25:49,62,אף אוזן גרון,חרות,language,ערבית,3
2026-07-30T17:25:49,62,אף אוזן גרון,חרות,language,רומנית,2
2026-07-30T17:25:49,62,אף אוזן גרון,חרות,language,רוסית,6
2026-07-30T17:26:02,62,אף אוזן גרון,טורעאן,gender,גבר,54
2026-07-30T17:26:02,62,אף אוזן גרון,טורעאן,gender,אישה,5
2026-07-30T17:26:02,62,אף אוזן גרון,טורעאן,visit_type,ביקור במרפאה,59
2026-07-30T17:26:02,62,אף אוזן גרון,טורעאן,language,אנגלית,11
2026-07-30T17:26:02,62,אף אוזן גרון,טורעאן,language,עברית,14
2026-07-30T17:26:02,62,אף אוזן גרון,טורעאן,language,ערבית,14
2026-07-30T17:26:02,62,אף אוזן גרון,טורעאן,language,רוסית,2
2026-07-30T17:26:13,62,אף אוזן גרון,טלוזה,gender,גבר,48
2026-07-30T17:26:13,62,אף אוזן גרון,טלוזה,gender,אישה,14
2026-07-30T17:26:13,62,אף אוזן גרון,טלוזה,visit_type,ביקור במרפאה,67
2026-07-30T17:26:13,62,אף אוזן גרון,טלוזה,visit_type,שיחת טלפון,1
2026-07-30T17:26:13,62,אף אוזן גרון,טלוזה,language,אוקראינית,1
2026-07-30T17:26:13,62,אף אוזן גרון,טלוזה,language,אידיש,4
2026-07-30T17:26:13,62,אף אוזן גרון,טלוזה,language,איטלקית,1
2026-07-30T17:26:13,62,אף אוזן גרון,טלוזה,language,אנגלית,12
2026-07-30T17:26:13,62,אף אוזן גרון,טלוזה,language,גרמנית,1
2026-07-30T17:26:13,62,אף אוזן גרון,טלוזה,language,עברית,16
2026-07-30T17:26:13,62,אף אוזן גרון,טלוזה,language,ערבית,3
2026-07-30T17:26:13,62,אף אוזן גרון,טלוזה,language,רומנית,2
2026-07-30T17:26:13,62,אף אוזן גרון,טלוזה,language,רוסית,6
2026-07-30T17:26:26,62,אף אוזן גרון,יאנון,gender,גבר,36
2026-07-30T17:26:26,62,אף אוזן גרון,יאנון,gender,אישה,4
2026-07-30T17:26:26,62,אף אוזן גרון,יאנון,visit_type,ביקור במרפאה,41
2026-07-30T17:26:26,62,אף אוזן גרון,יאנון,language,אידיש,4
2026-07-30T17:26:26,62,אף אוזן גרון,יאנון,language,איטלקית,1
2026-07-30T17:26:26,62,אף אוזן גרון,יאנון,language,אנגלית,10
2026-07-30T17:26:26,62,אף אוזן גרון,יאנון,language,עברית,10
2026-07-30T17:26:26,62,אף אוזן גרון,יאנון,language,ערבית,4
2026-07-30T17:26:26,62,אף אוזן גרון,יאנון,language,רוסית,4
2026-07-30T17:26:34,62,אף אוזן גרון,יד בנימין,gender,גבר,21
2026-07-30T17:26:34,62,אף אוזן גרון,יד בנימין,gender,אישה,2
2026-07-30T17:26:34,62,אף אוזן גרון,יד בנימין,visit_type,ביקור במרפאה,27
2026-07-30T17:26:34,62,אף אוזן גרון,יד בנימין,language,איטלקית,1
2026-07-30T17:26:34,62,אף אוזן גרון,יד בנימין,language,אנגלית,8
2026-07-30T17:26:34,62,אף אוזן גרון,יד בנימין,language,ספרדית,1
2026-07-30T17:26:34,62,אף אוזן גרון,יד בנימין,language,עברית,10
2026-07-30T17:26:34,62,אף אוזן גרון,יד בנימין,language,צרפתית,2
2026-07-30T17:26:34,62,אף אוזן גרון,יד בנימין,language,רוסית,4
2026-07-30T17:26:41,62,אף אוזן גרון,יובלים,gender,גבר,47
2026-07-30T17:26:41,62,אף אוזן גרון,יובלים,gender,אישה,8
2026-07-30T17:26:41,62,אף אוזן גרון,יובלים,visit_type,ביקור במרפאה,55
2026-07-30T17:26:41,62,אף אוזן גרון,יובלים,visit_type,שיחת טלפון,2
2026-07-30T17:26:41,62,אף אוזן גרון,יובלים,language,איטלקית,5
2026-07-30T17:26:41,62,אף אוזן גרון,יובלים,language,אנגלית,40
2026-07-30T17:26:41,62,אף אוזן גרון,יובלים,language,גרמנית,4
2026-07-30T17:26:41,62,אף אוזן גרון,יובלים,language,הולנדית,1
2026-07-30T17:26:41,62,אף אוזן גרון,יובלים,language,הונגרית,1
2026-07-30T17:26:41,62,אף אוזן גרון,יובלים,language,ספרדית,1
2026-07-30T17:26:41,62,אף אוזן גרון,יובלים,language,עברית,55
2026-07-30T17:26:41,62,אף אוזן גרון,יובלים,language,ערבית,40
2026-07-30T17:26:41,62,אף אוזן גרון,יובלים,language,צרפתית,1
2026-07-30T17:26:41,62,אף אוזן גרון,יובלים,language,רומנית,7
2026-07-30T17:26:41,62,אף אוזן גרון,יובלים,language,רוסית,10
2026-07-30T17:26:51,62,אף אוזן גרון,ינוב,gender,גבר,48
2026-07-30T17:26:51,62,אף אוזן גרון,ינוב,gender,אישה,14
2026-07-30T17:26:51,62,אף אוזן גרון,ינוב,visit_type,ביקור במרפאה,67
2026-07-30T17:26:51,62,אף אוזן גרון,ינוב,visit_type,שיחת טלפון,1
2026-07-30T17:26:51,62,אף אוזן גרון,ינוב,language,אוקראינית,1
2026-07-30T17:26:51,62,אף אוזן גרון,ינוב,language,אידיש,4
2026-07-30T17:26:51,62,אף אוזן גרון,ינוב,language,איטלקית,1
2026-07-30T17:26:51,62,אף אוזן גרון,ינוב,language,אנגלית,12
2026-07-30T17:26:51,62,אף אוזן גרון,ינוב,language,גרמנית,1
2026-07-30T17:26:51,62,אף אוזן גרון,ינוב,language,עברית,16
2026-07-30T17:26:51,62,אף אוזן גרון,ינוב,language,ערבית,3
2026-07-30T17:26:51,62,אף אוזן גרון,ינוב,language,רומנית,2
2026-07-30T17:26:51,62,אף אוזן גרון,ינוב,language,רוסית,6
2026-07-30T17:27:04,62,אף אוזן גרון,יפיע,gender,גבר,54
2026-07-30T17:27:04,62,אף אוזן גרון,יפיע,gender,אישה,5
2026-07-30T17:27:04,62,אף אוזן גרון,יפיע,visit_type,ביקור במרפאה,59
2026-07-30T17:27:04,62,אף אוזן גרון,יפיע,language,אנגלית,11
2026-07-30T17:27:04,62,אף אוזן גרון,יפיע,language,עברית,14
2026-07-30T17:27:04,62,אף אוזן גרון,יפיע,language,ערבית,14
2026-07-30T17:27:04,62,אף אוזן גרון,יפיע,language,רוסית,2
2026-07-30T17:27:16,62,אף אוזן גרון,יראון,gender,גבר,54
2026-07-30T17:27:16,62,אף אוזן גרון,יראון,gender,אישה,5
2026-07-30T17:27:16,62,אף אוזן גרון,יראון,visit_type,ביקור במרפאה,59
2026-07-30T17:27:16,62,אף אוזן גרון,יראון,language,אנגלית,11
2026-07-30T17:27:16,62,אף אוזן גרון,יראון,language,עברית,14
2026-07-30T17:27:16,62,אף אוזן גרון,יראון,language,ערבית,14
2026-07-30T17:27:16,62,אף אוזן גרון,יראון,language,רוסית,2
2026-07-30T17:27:26,62,אף אוזן גרון,ישרש,gender,גבר,22
2026-07-30T17:27:26,62,אף אוזן גרון,ישרש,gender,אישה,1
2026-07-30T17:27:26,62,אף אוזן גרון,ישרש,visit_type,ביקור במרפאה,32
2026-07-30T17:27:26,62,אף אוזן גרון,ישרש,language,איטלקית,1
2026-07-30T17:27:26,62,אף אוזן גרון,ישרש,language,אנגלית,9
2026-07-30T17:27:26,62,אף אוזן גרון,ישרש,language,עברית,14
2026-07-30T17:27:26,62,אף אוזן גרון,ישרש,language,ערבית,2
2026-07-30T17:27:26,62,אף אוזן גרון,ישרש,language,צרפתית,1
2026-07-30T17:27:26,62,אף אוזן גרון,ישרש,language,רוסית,4
2026-07-30T17:27:33,62,אף אוזן גרון,כוכב השחר,gender,גבר,36
2026-07-30T17:27:33,62,אף אוזן גרון,כוכב השחר,gender,אישה,4
2026-07-30T17:27:33,62,אף אוזן גרון,כוכב השחר,visit_type,ביקור במרפאה,41
2026-07-30T17:27:33,62,אף אוזן גרון,כוכב השחר,language,אידיש,4
2026-07-30T17:27:33,62,אף אוזן גרון,כוכב השחר,language,איטלקית,1
2026-07-30T17:27:33,62,אף אוזן גרון,כוכב השחר,language,אנגלית,10
2026-07-30T17:27:33,62,אף אוזן גרון,כוכב השחר,language,עברית,10
2026-07-30T17:27:33,62,אף אוזן גרון,כוכב השחר,language,ערבית,4
2026-07-30T17:27:33,62,אף אוזן גרון,כוכב השחר,language,רוסית,4
2026-07-30T17:27:42,62,אף אוזן גרון,כינרת קבוצה,gender,גבר,54
2026-07-30T17:27:42,62,אף אוזן גרון,כינרת קבוצה,gender,אישה,5
2026-07-30T17:27:42,62,אף אוזן גרון,כינרת קבוצה,visit_type,ביקור במרפאה,59
2026-07-30T17:27:42,62,אף אוזן גרון,כינרת קבוצה,language,אנגלית,11
2026-07-30T17:27:42,62,אף אוזן גרון,כינרת קבוצה,language,עברית,14
2026-07-30T17:27:42,62,אף אוזן גרון,כינרת קבוצה,language,ערבית,14
2026-07-30T17:27:42,62,אף אוזן גרון,כינרת קבוצה,language,רוסית,2
2026-07-30T17:27:54,62,אף אוזן גרון,כמון,gender,גבר,47
2026-07-30T17:27:54,62,אף אוזן גרון,כמון,gender,אישה,8
2026-07-30T17:27:54,62,אף אוזן גרון,כמון,visit_type,ביקור במרפאה,55
2026-07-30T17:27:54,62,אף אוזן גרון,כמון,visit_type,שיחת טלפון,2
2026-07-30T17:27:54,62,אף אוזן גרון,כמון,language,איטלקית,5
2026-07-30T17:27:54,62,אף אוזן גרון,כמון,language,אנגלית,40
2026-07-30T17:27:54,62,אף אוזן גרון,כמון,language,גרמנית,4
2026-07-30T17:27:54,62,אף אוזן גרון,כמון,language,הולנדית,1
2026-07-30T17:27:54,62,אף אוזן גרון,כמון,language,הונגרית,1
2026-07-30T17:27:54,62,אף אוזן גרון,כמון,language,ספרדית,1
2026-07-30T17:27:54,62,אף אוזן גרון,כמון,language,עברית,55
2026-07-30T17:27:54,62,אף אוזן גרון,כמון,language,ערבית,40
2026-07-30T17:27:54,62,אף אוזן גרון,כמון,language,צרפתית,1
2026-07-30T17:27:54,62,אף אוזן גרון,כמון,language,רומנית,7
2026-07-30T17:27:54,62,אף אוזן גרון,כמון,language,רוסית,10
2026-07-30T17:28:04,62,אף אוזן גרון,כפר אוריה,gender,גבר,36
2026-07-30T17:28:04,62,אף אוזן גרון,כפר אוריה,gender,אישה,4
2026-07-30T17:28:04,62,אף אוזן גרון,כפר אוריה,visit_type,ביקור במרפאה,41
2026-07-30T17:28:04,62,אף אוזן גרון,כפר אוריה,language,אידיש,4
2026-07-30T17:28:04,62,אף אוזן גרון,כפר אוריה,language,איטלקית,1
2026-07-30T17:28:04,62,אף אוזן גרון,כפר אוריה,language,אנגלית,10
2026-07-30T17:28:04,62,אף אוזן גרון,כפר אוריה,language,עברית,10
2026-07-30T17:28:04,62,אף אוזן גרון,כפר אוריה,language,ערבית,4
2026-07-30T17:28:04,62,אף אוזן גרון,כפר אוריה,language,רוסית,4
2026-07-30T17:28:12,62,אף אוזן גרון,כרם בן שמן,gender,גבר,22
2026-07-30T17:28:12,62,אף אוזן גרון,כרם בן שמן,gender,אישה,1
2026-07-30T17:28:12,62,אף אוזן גרון,כרם בן שמן,visit_type,ביקור במרפאה,32
2026-07-30T17:28:12,62,אף אוזן גרון,כרם בן שמן,language,איטלקית,1
2026-07-30T17:28:12,62,אף אוזן גרון,כרם בן שמן,language,אנגלית,9
2026-07-30T17:28:12,62,אף אוזן גרון,כרם בן שמן,language,עברית,14
2026-07-30T17:28:12,62,אף אוזן גרון,כרם בן שמן,language,ערבית,2
2026-07-30T17:28:12,62,אף אוזן גרון,כרם בן שמן,language,צרפתית,1
2026-07-30T17:28:12,62,אף אוזן גרון,כרם בן שמן,language,רוסית,4
2026-07-30T17:28:20,62,אף אוזן גרון,לבנים,gender,גבר,54
2026-07-30T17:28:20,62,אף אוזן גרון,לבנים,gender,אישה,5
2026-07-30T17:28:20,62,אף אוזן גרון,לבנים,visit_type,ביקור במרפאה,59
2026-07-30T17:28:20,62,אף אוזן גרון,לבנים,language,אנגלית,11
2026-07-30T17:28:20,62,אף אוזן גרון,לבנים,language,עברית,14
2026-07-30T17:28:20,62,אף אוזן גרון,לבנים,language,ערבית,14
2026-07-30T17:28:20,62,אף אוזן גרון,לבנים,language,רוסית,2
2026-07-30T17:28:30,62,אף אוזן גרון,לוטן,gender,גבר,1
2026-07-30T17:28:30,62,אף אוזן גרון,לוטן,visit_type,ביקור במרפאה,4
2026-07-30T17:28:30,62,אף אוזן גרון,לוטן,language,אנגלית,1
2026-07-30T17:28:30,62,אף אוזן גרון,לוטן,language,עברית,1
2026-07-30T17:28:30,62,אף אוזן גרון,לוטן,language,פרסית,1
2026-07-30T17:28:30,62,אף אוזן גרון,לוטן,language,צרפתית,1
2026-07-30T17:28:32,62,אף אוזן גרון,מבוא חורון,gender,גבר,22
2026-07-30T17:28:32,62,אף אוזן גרון,מבוא חורון,gender,אישה,1
2026-07-30T17:28:32,62,אף אוזן גרון,מבוא חורון,visit_type,ביקור במרפאה,32
2026-07-30T17:28:32,62,אף אוזן גרון,מבוא חורון,language,איטלקית,1
2026-07-30T17:28:32,62,אף אוזן גרון,מבוא חורון,language,אנגלית,9
2026-07-30T17:28:32,62,אף אוזן גרון,מבוא חורון,language,עברית,14
2026-07-30T17:28:32,62,אף אוזן גרון,מבוא חורון,language,ערבית,2
2026-07-30T17:28:32,62,אף אוזן גרון,מבוא חורון,language,צרפתית,1
2026-07-30T17:28:32,62,אף אוזן גרון,מבוא חורון,language,רוסית,4
2026-07-30T17:28:39,62,אף אוזן גרון,מג'דל,gender,גבר,36
2026-07-30T17:28:39,62,אף אוזן גרון,מג'דל,gender,אישה,4
2026-07-30T17:28:39,62,אף אוזן גרון,מג'דל,visit_type,ביקור במרפאה,41
2026-07-30T17:28:39,62,אף אוזן גרון,מג'דל,language,אידיש,4
2026-07-30T17:28:39,62,אף אוזן גרון,מג'דל,language,איטלקית,1
2026-07-30T17:28:39,62,אף אוזן גרון,מג'דל,language,אנגלית,10
2026-07-30T17:28:39,62,אף אוזן גרון,מג'דל,language,עברית,10
2026-07-30T17:28:39,62,אף אוזן גרון,מג'דל,language,ערבית,4
2026-07-30T17:28:39,62,אף אוזן גרון,מג'דל,language,רוסית,4
2026-07-30T17:28:49,62,אף אוזן גרון,מדרשת בן גוריון,gender,גבר,38
2026-07-30T17:28:49,62,אף אוזן גרון,מדרשת בן גוריון,gender,אישה,6
2026-07-30T17:28:49,62,אף אוזן גרון,מדרשת בן גוריון,visit_type,ביקור במרפאה,47
2026-07-30T17:28:49,62,אף אוזן גרון,מדרשת בן גוריון,language,אוקראינית,1
2026-07-30T17:28:49,62,אף אוזן גרון,מדרשת בן גוריון,language,אידיש,3
2026-07-30T17:28:49,62,אף אוזן גרון,מדרשת בן גוריון,language,אנגלית,3
2026-07-30T17:28:49,62,אף אוזן גרון,מדרשת בן גוריון,language,הונגרית,1
2026-07-30T17:28:49,62,אף אוזן גרון,מדרשת בן גוריון,language,ספרדית,3
2026-07-30T17:28:49,62,אף אוזן גרון,מדרשת בן גוריון,language,עברית,10
2026-07-30T17:28:49,62,אף אוזן גרון,מדרשת בן גוריון,language,ערבית,4
2026-07-30T17:28:49,62,אף אוזן גרון,מדרשת בן גוריון,language,צכית,1
2026-07-30T17:28:49,62,אף אוזן גרון,מדרשת בן גוריון,language,רוסית,1
2026-07-30T17:29:01,62,אף אוזן גרון,מורן,gender,גבר,47
2026-07-30T17:29:01,62,אף אוזן גרון,מורן,gender,אישה,8
2026-07-30T17:29:01,62,אף אוזן גרון,מורן,visit_type,ביקור במרפאה,55
2026-07-30T17:29:01,62,אף אוזן גרון,מורן,visit_type,שיחת טלפון,2
2026-07-30T17:29:01,62,אף אוזן גרון,מורן,language,איטלקית,5
2026-07-30T17:29:01,62,אף אוזן גרון,מורן,language,אנגלית,40
2026-07-30T17:29:01,62,אף אוזן גרון,מורן,language,גרמנית,4
2026-07-30T17:29:01,62,אף אוזן גרון,מורן,language,הולנדית,1
2026-07-30T17:29:01,62,אף אוזן גרון,מורן,language,הונגרית,1
2026-07-30T17:29:01,62,אף אוזן גרון,מורן,language,ספרדית,1
2026-07-30T17:29:01,62,אף אוזן גרון,מורן,language,עברית,55
2026-07-30T17:29:01,62,אף אוזן גרון,מורן,language,ערבית,40
2026-07-30T17:29:01,62,אף אוזן גרון,מורן,language,צרפתית,1
2026-07-30T17:29:01,62,אף אוזן גרון,מורן,language,רומנית,7
2026-07-30T17:29:01,62,אף אוזן גרון,מורן,language,רוסית,10
2026-07-30T17:29:11,62,אף אוזן גרון,מחסיה,gender,גבר,36
2026-07-30T17:29:11,62,אף אוזן גרון,מחסיה,gender,אישה,4
2026-07-30T17:29:11,62,אף אוזן גרון,מחסיה,visit_type,ביקור במרפאה,41
2026-07-30T17:29:11,62,אף אוזן גרון,מחסיה,language,אידיש,4
2026-07-30T17:29:11,62,אף אוזן גרון,מחסיה,language,איטלקית,1
2026-07-30T17:29:11,62,אף אוזן גרון,מחסיה,language,אנגלית,10
2026-07-30T17:29:11,62,אף אוזן גרון,מחסיה,language,עברית,10
2026-07-30T17:29:11,62,אף אוזן גרון,מחסיה,language,ערבית,4
2026-07-30T17:29:11,62,אף אוזן גרון,מחסיה,language,רוסית,4
2026-07-30T17:29:20,62,אף אוזן גרון,מירכה,gender,גבר,48
2026-07-30T17:29:20,62,אף אוזן גרון,מירכה,gender,אישה,14
2026-07-30T17:29:20,62,אף אוזן גרון,מירכה,visit_type,ביקור במרפאה,67
2026-07-30T17:29:20,62,אף אוזן גרון,מירכה,visit_type,שיחת טלפון,1
2026-07-30T17:29:20,62,אף אוזן גרון,מירכה,language,אוקראינית,1
2026-07-30T17:29:20,62,אף אוזן גרון,מירכה,language,אידיש,4
2026-07-30T17:29:20,62,אף אוזן גרון,מירכה,language,איטלקית,1
2026-07-30T17:29:20,62,אף אוזן גרון,מירכה,language,אנגלית,12
2026-07-30T17:29:20,62,אף אוזן גרון,מירכה,language,גרמנית,1
2026-07-30T17:29:20,62,אף אוזן גרון,מירכה,language,עברית,16
2026-07-30T17:29:20,62,אף אוזן גרון,מירכה,language,ערבית,3
2026-07-30T17:29:20,62,אף אוזן גרון,מירכה,language,רומנית,2
2026-07-30T17:29:20,62,אף אוזן גרון,מירכה,language,רוסית,6
2026-07-30T17:29:36,62,אף אוזן גרון,מלכישוע,gender,גבר,86
2026-07-30T17:29:36,62,אף אוזן גרון,מלכישוע,gender,אישה,8
2026-07-30T17:29:36,62,אף אוזן גרון,מלכישוע,visit_type,ביקור במרפאה,95
2026-07-30T17:29:36,62,אף אוזן גרון,מלכישוע,language,אנגלית,17
2026-07-30T17:29:36,62,אף אוזן גרון,מלכישוע,language,ספרדית,1
2026-07-30T17:29:36,62,אף אוזן גרון,מלכישוע,language,עברית,23
2026-07-30T17:29:36,62,אף אוזן גרון,מלכישוע,language,ערבית,19
2026-07-30T17:29:36,62,אף אוזן גרון,מלכישוע,language,רוסית,5
2026-07-30T17:29:55,62,אף אוזן גרון,מסילות,gender,גבר,86
2026-07-30T17:29:55,62,אף אוזן גרון,מסילות,gender,אישה,8
2026-07-30T17:29:55,62,אף אוזן גרון,מסילות,visit_type,ביקור במרפאה,95
2026-07-30T17:29:55,62,אף אוזן גרון,מסילות,language,אנגלית,17
2026-07-30T17:29:55,62,אף אוזן גרון,מסילות,language,ספרדית,1
2026-07-30T17:29:55,62,אף אוזן גרון,מסילות,language,עברית,23
2026-07-30T17:29:55,62,אף אוזן גרון,מסילות,language,ערבית,19
2026-07-30T17:29:55,62,אף אוזן גרון,מסילות,language,רוסית,5
2026-07-30T17:30:13,62,אף אוזן גרון,מעוז חיים,gender,גבר,86
2026-07-30T17:30:13,62,אף אוזן גרון,מעוז חיים,gender,אישה,8
2026-07-30T17:30:13,62,אף אוזן גרון,מעוז חיים,visit_type,ביקור במרפאה,95
2026-07-30T17:30:13,62,אף אוזן גרון,מעוז חיים,language,אנגלית,17
2026-07-30T17:30:13,62,אף אוזן גרון,מעוז חיים,language,ספרדית,1
2026-07-30T17:30:13,62,אף אוזן גרון,מעוז חיים,language,עברית,23
2026-07-30T17:30:13,62,אף אוזן גרון,מעוז חיים,language,ערבית,19
2026-07-30T17:30:13,62,אף אוזן גרון,מעוז חיים,language,רוסית,5
2026-07-30T17:30:31,62,אף אוזן גרון,מפעלי גלבוע,gender,גבר,54
2026-07-30T17:30:31,62,אף אוזן גרון,מפעלי גלבוע,gender,אישה,5
2026-07-30T17:30:31,62,אף אוזן גרון,מפעלי גלבוע,visit_type,ביקור במרפאה,59
2026-07-30T17:30:31,62,אף אוזן גרון,מפעלי גלבוע,language,אנגלית,11
2026-07-30T17:30:31,62,אף אוזן גרון,מפעלי גלבוע,language,עברית,14
2026-07-30T17:30:31,62,אף אוזן גרון,מפעלי גלבוע,language,ערבית,14
2026-07-30T17:30:31,62,אף אוזן גרון,מפעלי גלבוע,language,רוסית,2
2026-07-30T17:30:42,62,אף אוזן גרון,מצפה,gender,גבר,54
2026-07-30T17:30:42,62,אף אוזן גרון,מצפה,gender,אישה,5
2026-07-30T17:30:42,62,אף אוזן גרון,מצפה,visit_type,ביקור במרפאה,59
2026-07-30T17:30:42,62,אף אוזן גרון,מצפה,language,אנגלית,11
2026-07-30T17:30:42,62,אף אוזן גרון,מצפה,language,עברית,14
2026-07-30T17:30:42,62,אף אוזן גרון,מצפה,language,ערבית,14
2026-07-30T17:30:42,62,אף אוזן גרון,מצפה,language,רוסית,2
2026-07-30T17:30:52,62,אף אוזן גרון,מרום גולן,gender,גבר,54
2026-07-30T17:30:52,62,אף אוזן גרון,מרום גולן,gender,אישה,5
2026-07-30T17:30:52,62,אף אוזן גרון,מרום גולן,visit_type,ביקור במרפאה,59
2026-07-30T17:30:52,62,אף אוזן גרון,מרום גולן,language,אנגלית,11
2026-07-30T17:30:52,62,אף אוזן גרון,מרום גולן,language,עברית,14
2026-07-30T17:30:52,62,אף אוזן גרון,מרום גולן,language,ערבית,14
2026-07-30T17:30:52,62,אף אוזן גרון,מרום גולן,language,רוסית,2
2026-07-30T17:31:04,62,אף אוזן גרון,משהד,gender,גבר,54
2026-07-30T17:31:04,62,אף אוזן גרון,משהד,gender,אישה,5
2026-07-30T17:31:04,62,אף אוזן גרון,משהד,visit_type,ביקור במרפאה,59
2026-07-30T17:31:04,62,אף אוזן גרון,משהד,language,אנגלית,11
2026-07-30T17:31:04,62,אף אוזן גרון,משהד,language,עברית,14
2026-07-30T17:31:04,62,אף אוזן גרון,משהד,language,ערבית,14
2026-07-30T17:31:04,62,אף אוזן גרון,משהד,language,רוסית,2
2026-07-30T17:31:15,62,אף אוזן גרון,נאות גולן,gender,גבר,54
2026-07-30T17:31:15,62,אף אוזן גרון,נאות גולן,gender,אישה,5
2026-07-30T17:31:15,62,אף אוזן גרון,נאות גולן,visit_type,ביקור במרפאה,59
2026-07-30T17:31:15,62,אף אוזן גרון,נאות גולן,language,אנגלית,11
2026-07-30T17:31:15,62,אף אוזן גרון,נאות גולן,language,עברית,14
2026-07-30T17:31:15,62,אף אוזן גרון,נאות גולן,language,ערבית,14
2026-07-30T17:31:15,62,אף אוזן גרון,נאות גולן,language,רוסית,2
2026-07-30T17:31:28,62,אף אוזן גרון,נגוהות,gender,גבר,50
2026-07-30T17:31:28,62,אף אוזן גרון,נגוהות,gender,אישה,7
2026-07-30T17:31:28,62,אף אוזן גרון,נגוהות,visit_type,ביקור במרפאה,63
2026-07-30T17:31:28,62,אף אוזן גרון,נגוהות,language,אוקראינית,1
2026-07-30T17:31:28,62,אף אוזן גרון,נגוהות,language,אידיש,3
2026-07-30T17:31:28,62,אף אוזן גרון,נגוהות,language,אנגלית,3
2026-07-30T17:31:28,62,אף אוזן גרון,נגוהות,language,הונגרית,1
2026-07-30T17:31:28,62,אף אוזן גרון,נגוהות,language,ספרדית,3
2026-07-30T17:31:28,62,אף אוזן גרון,נגוהות,language,עברית,11
2026-07-30T17:31:28,62,אף אוזן גרון,נגוהות,language,ערבית,5
2026-07-30T17:31:28,62,אף אוזן גרון,נגוהות,language,צכית,1
2026-07-30T17:31:28,62,אף אוזן גרון,נגוהות,language,רוסית,1
2026-07-30T17:31:42,62,אף אוזן גרון,נווה אילן,gender,גבר,36
2026-07-30T17:31:42,62,אף אוזן גרון,נווה אילן,gender,אישה,4
2026-07-30T17:31:42,62,אף אוזן גרון,נווה אילן,visit_type,ביקור במרפאה,41
2026-07-30T17:31:42,62,אף אוזן גרון,נווה אילן,language,אידיש,4
2026-07-30T17:31:42,62,אף אוזן גרון,נווה אילן,language,איטלקית,1
2026-07-30T17:31:42,62,אף אוזן גרון,נווה אילן,language,אנגלית,10
2026-07-30T17:31:42,62,אף אוזן גרון,נווה אילן,language,עברית,10
2026-07-30T17:31:42,62,אף אוזן גרון,נווה אילן,language,ערבית,4
2026-07-30T17:31:42,62,אף אוזן גרון,נווה אילן,language,רוסית,4
2026-07-30T17:31:52,62,אף אוזן גרון,נחל עוז,gender,גבר,32
2026-07-30T17:31:52,62,אף אוזן גרון,נחל עוז,gender,אישה,3
2026-07-30T17:31:52,62,אף אוזן גרון,נחל עוז,visit_type,ביקור במרפאה,41
2026-07-30T17:31:52,62,אף אוזן גרון,נחל עוז,language,אוקראינית,1
2026-07-30T17:31:52,62,אף אוזן גרון,נחל עוז,language,אנגלית,3
2026-07-30T17:31:52,62,אף אוזן גרון,נחל עוז,language,הונגרית,1
2026-07-30T17:31:52,62,אף אוזן גרון,נחל עוז,language,עברית,4
2026-07-30T17:31:52,62,אף אוזן גרון,נחל עוז,language,ערבית,1
2026-07-30T17:31:52,62,אף אוזן גרון,נחל עוז,language,צכית,1
2026-07-30T17:31:52,62,אף אוזן גרון,נחל עוז,language,רוסית,1
2026-07-30T17:32:04,62,אף אוזן גרון,נטע,gender,גבר,32
2026-07-30T17:32:04,62,אף אוזן גרון,נטע,gender,אישה,3
2026-07-30T17:32:04,62,אף אוזן גרון,נטע,visit_type,ביקור במרפאה,41
2026-07-30T17:32:04,62,אף אוזן גרון,נטע,language,אוקראינית,1
2026-07-30T17:32:04,62,אף אוזן גרון,נטע,language,אנגלית,3
2026-07-30T17:32:04,62,אף אוזן גרון,נטע,language,הונגרית,1
2026-07-30T17:32:04,62,אף אוזן גרון,נטע,language,עברית,4
2026-07-30T17:32:04,62,אף אוזן גרון,נטע,language,ערבית,1
2026-07-30T17:32:04,62,אף אוזן גרון,נטע,language,צכית,1
2026-07-30T17:32:04,62,אף אוזן גרון,נטע,language,רוסית,1
2026-07-30T17:32:15,62,אף אוזן גרון,ניצני סיני,gender,גבר,38
2026-07-30T17:32:15,62,אף אוזן גרון,ניצני סיני,gender,אישה,6
2026-07-30T17:32:15,62,אף אוזן גרון,ניצני סיני,visit_type,ביקור במרפאה,47
2026-07-30T17:32:15,62,אף אוזן גרון,ניצני סיני,language,אוקראינית,1
2026-07-30T17:32:15,62,אף אוזן גרון,ניצני סיני,language,אידיש,3
2026-07-30T17:32:15,62,אף אוזן גרון,ניצני סיני,language,אנגלית,3
2026-07-30T17:32:15,62,אף אוזן גרון,ניצני סיני,language,הונגרית,1
2026-07-30T17:32:15,62,אף אוזן גרון,ניצני סיני,language,ספרדית,3
2026-07-30T17:32:15,62,אף אוזן גרון,ניצני סיני,language,עברית,10
2026-07-30T17:32:15,62,אף אוזן גרון,ניצני סיני,language,ערבית,4
2026-07-30T17:32:15,62,אף אוזן גרון,ניצני סיני,language,צכית,1
2026-07-30T17:32:15,62,אף אוזן גרון,ניצני סיני,language,רוסית,1
2026-07-30T17:32:27,62,אף אוזן גרון,נעמי,gender,גבר,36
2026-07-30T17:32:27,62,אף אוזן גרון,נעמי,gender,אישה,4
2026-07-30T17:32:27,62,אף אוזן גרון,נעמי,visit_type,ביקור במרפאה,41
2026-07-30T17:32:27,62,אף אוזן גרון,נעמי,language,אידיש,4
2026-07-30T17:32:27,62,אף אוזן גרון,נעמי,language,איטלקית,1
2026-07-30T17:32:27,62,אף אוזן גרון,נעמי,language,אנגלית,10
2026-07-30T17:32:27,62,אף אוזן גרון,נעמי,language,עברית,10
2026-07-30T17:32:27,62,אף אוזן גרון,נעמי,language,ערבית,4
2026-07-30T17:32:27,62,אף אוזן גרון,נעמי,language,רוסית,4
2026-07-30T17:32:36,62,אף אוזן גרון,נתיב השיירה,gender,גבר,35
2026-07-30T17:32:36,62,אף אוזן גרון,נתיב השיירה,gender,אישה,3
2026-07-30T17:32:36,62,אף אוזן גרון,נתיב השיירה,visit_type,ביקור במרפאה,38
2026-07-30T17:32:36,62,אף אוזן גרון,נתיב השיירה,visit_type,שיחת טלפון,1
2026-07-30T17:32:36,62,אף אוזן גרון,נתיב השיירה,language,איטלקית,5
2026-07-30T17:32:36,62,אף אוזן גרון,נתיב השיירה,language,אנגלית,29
2026-07-30T17:32:36,62,אף אוזן גרון,נתיב השיירה,language,גרמנית,2
2026-07-30T17:32:36,62,אף אוזן גרון,נתיב השיירה,language,הולנדית,1
2026-07-30T17:32:36,62,אף אוזן גרון,נתיב השיירה,language,ספרדית,1
2026-07-30T17:32:36,62,אף אוזן גרון,נתיב השיירה,language,עברית,38
2026-07-30T17:32:36,62,אף אוזן גרון,נתיב השיירה,language,ערבית,34
2026-07-30T17:32:36,62,אף אוזן גרון,נתיב השיירה,language,צרפתית,1
2026-07-30T17:32:36,62,אף אוזן גרון,נתיב השיירה,language,רומנית,7
2026-07-30T17:32:36,62,אף אוזן גרון,נתיב השיירה,language,רוסית,5
2026-07-30T17:32:45,62,אף אוזן גרון,סגולה,gender,גבר,32
2026-07-30T17:32:45,62,אף אוזן גרון,סגולה,gender,אישה,3
2026-07-30T17:32:45,62,אף אוזן גרון,סגולה,visit_type,ביקור במרפאה,41
2026-07-30T17:32:45,62,אף אוזן גרון,סגולה,language,אוקראינית,1
2026-07-30T17:32:45,62,אף אוזן גרון,סגולה,language,אנגלית,3
2026-07-30T17:32:45,62,אף אוזן גרון,סגולה,language,הונגרית,1
2026-07-30T17:32:45,62,אף אוזן גרון,סגולה,language,עברית,4
2026-07-30T17:32:45,62,אף אוזן גרון,סגולה,language,ערבית,1
2026-07-30T17:32:45,62,אף אוזן גרון,סגולה,language,צכית,1
2026-07-30T17:32:45,62,אף אוזן גרון,סגולה,language,רוסית,1
2026-07-30T17:32:56,62,אף אוזן גרון,סיכה,gender,גבר,50
2026-07-30T17:32:56,62,אף אוזן גרון,סיכה,gender,אישה,7
2026-07-30T17:32:56,62,אף אוזן גרון,סיכה,visit_type,ביקור במרפאה,63
2026-07-30T17:32:56,62,אף אוזן גרון,סיכה,language,אוקראינית,1
2026-07-30T17:32:56,62,אף אוזן גרון,סיכה,language,אידיש,3
2026-07-30T17:32:56,62,אף אוזן גרון,סיכה,language,אנגלית,3
2026-07-30T17:32:56,62,אף אוזן גרון,סיכה,language,הונגרית,1
2026-07-30T17:32:56,62,אף אוזן גרון,סיכה,language,ספרדית,3
2026-07-30T17:32:56,62,אף אוזן גרון,סיכה,language,עברית,11
2026-07-30T17:32:56,62,אף אוזן גרון,סיכה,language,ערבית,5
2026-07-30T17:32:56,62,אף אוזן גרון,סיכה,language,צכית,1
2026-07-30T17:32:56,62,אף אוזן גרון,סיכה,language,רוסית,1
2026-07-30T17:33:11,62,אף אוזן גרון,סלפית,gender,גבר,26
2026-07-30T17:33:11,62,אף אוזן גרון,סלפית,gender,אישה,10
2026-07-30T17:33:11,62,אף אוזן גרון,סלפית,visit_type,ביקור במרפאה,38
2026-07-30T17:33:11,62,אף אוזן גרון,סלפית,visit_type,שיחת טלפון,1
2026-07-30T17:33:11,62,אף אוזן גרון,סלפית,language,אנגלית,14
2026-07-30T17:33:11,62,אף אוזן גרון,סלפית,language,ספרדית,2
2026-07-30T17:33:11,62,אף אוזן גרון,סלפית,language,עברית,37
2026-07-30T17:33:11,62,אף אוזן גרון,סלפית,language,ערבית,2
2026-07-30T17:33:11,62,אף אוזן גרון,סלפית,language,רוסית,9
2026-07-30T17:33:21,62,אף אוזן גרון,ספיר,gender,גבר,38
2026-07-30T17:33:21,62,אף אוזן גרון,ספיר,gender,אישה,6
2026-07-30T17:33:21,62,אף אוזן גרון,ספיר,visit_type,ביקור במרפאה,47
2026-07-30T17:33:21,62,אף אוזן גרון,ספיר,language,אוקראינית,1
2026-07-30T17:33:21,62,אף אוזן גרון,ספיר,language,אידיש,3
2026-07-30T17:33:21,62,אף אוזן גרון,ספיר,language,אנגלית,3
2026-07-30T17:33:21,62,אף אוזן גרון,ספיר,language,הונגרית,1
2026-07-30T17:33:21,62,אף אוזן גרון,ספיר,language,ספרדית,3
2026-07-30T17:33:21,62,אף אוזן גרון,ספיר,language,עברית,10
2026-07-30T17:33:21,62,אף אוזן גרון,ספיר,language,ערבית,4
2026-07-30T17:33:21,62,אף אוזן גרון,ספיר,language,צכית,1
2026-07-30T17:33:21,62,אף אוזן גרון,ספיר,language,רוסית,1
2026-07-30T17:33:33,62,אף אוזן גרון,עבסאן א סעיר,gender,גבר,50
2026-07-30T17:33:33,62,אף אוזן גרון,עבסאן א סעיר,gender,אישה,7
2026-07-30T17:33:33,62,אף אוזן גרון,עבסאן א סעיר,visit_type,ביקור במרפאה,63
2026-07-30T17:33:33,62,אף אוזן גרון,עבסאן א סעיר,language,אוקראינית,1
2026-07-30T17:33:33,62,אף אוזן גרון,עבסאן א סעיר,language,אידיש,3
2026-07-30T17:33:33,62,אף אוזן גרון,עבסאן א סעיר,language,אנגלית,3
2026-07-30T17:33:33,62,אף אוזן גרון,עבסאן א סעיר,language,הונגרית,1
2026-07-30T17:33:33,62,אף אוזן גרון,עבסאן א סעיר,language,ספרדית,3
2026-07-30T17:33:33,62,אף אוזן גרון,עבסאן א סעיר,language,עברית,11
2026-07-30T17:33:33,62,אף אוזן גרון,עבסאן א סעיר,language,ערבית,5
2026-07-30T17:33:33,62,אף אוזן גרון,עבסאן א סעיר,language,צכית,1
2026-07-30T17:33:33,62,אף אוזן גרון,עבסאן א סעיר,language,רוסית,1
2026-07-30T17:33:47,62,אף אוזן גרון,עוג'א אתחתא,gender,גבר,36
2026-07-30T17:33:47,62,אף אוזן גרון,עוג'א אתחתא,gender,אישה,4
2026-07-30T17:33:47,62,אף אוזן גרון,עוג'א אתחתא,visit_type,ביקור במרפאה,41
2026-07-30T17:33:47,62,אף אוזן גרון,עוג'א אתחתא,language,אידיש,4
2026-07-30T17:33:47,62,אף אוזן גרון,עוג'א אתחתא,language,איטלקית,1
2026-07-30T17:33:47,62,אף אוזן גרון,עוג'א אתחתא,language,אנגלית,10
2026-07-30T17:33:47,62,אף אוזן גרון,עוג'א אתחתא,language,עברית,10
2026-07-30T17:33:47,62,אף אוזן גרון,עוג'א אתחתא,language,ערבית,4
2026-07-30T17:33:47,62,אף אוזן גרון,עוג'א אתחתא,language,רוסית,4
2026-07-30T17:33:57,62,אף אוזן גרון,עזוז,gender,גבר,38
2026-07-30T17:33:57,62,אף אוזן גרון,עזוז,gender,אישה,6
2026-07-30T17:33:57,62,אף אוזן גרון,עזוז,visit_type,ביקור במרפאה,47
2026-07-30T17:33:57,62,אף אוזן גרון,עזוז,language,אוקראינית,1
2026-07-30T17:33:57,62,אף אוזן גרון,עזוז,language,אידיש,3
2026-07-30T17:33:57,62,אף אוזן גרון,עזוז,language,אנגלית,3
2026-07-30T17:33:57,62,אף אוזן גרון,עזוז,language,הונגרית,1
2026-07-30T17:33:57,62,אף אוזן גרון,עזוז,language,ספרדית,3
2026-07-30T17:33:57,62,אף אוזן גרון,עזוז,language,עברית,10
2026-07-30T17:33:57,62,אף אוזן גרון,עזוז,language,ערבית,4
2026-07-30T17:33:57,62,אף אוזן גרון,עזוז,language,צכית,1
2026-07-30T17:33:57,62,אף אוזן גרון,עזוז,language,רוסית,1
2026-07-30T17:34:08,62,אף אוזן גרון,עטארה ליד ביר זית,gender,גבר,36
2026-07-30T17:34:08,62,אף אוזן גרון,עטארה ליד ביר זית,gender,אישה,4
2026-07-30T17:34:08,62,אף אוזן גרון,עטארה ליד ביר זית,visit_type,ביקור במרפאה,41
2026-07-30T17:34:08,62,אף אוזן גרון,עטארה ליד ביר זית,language,אידיש,4
2026-07-30T17:34:08,62,אף אוזן גרון,עטארה ליד ביר זית,language,איטלקית,1
2026-07-30T17:34:08,62,אף אוזן גרון,עטארה ליד ביר זית,language,אנגלית,10
2026-07-30T17:34:08,62,אף אוזן גרון,עטארה ליד ביר זית,language,עברית,10
2026-07-30T17:34:08,62,אף אוזן גרון,עטארה ליד ביר זית,language,ערבית,4
2026-07-30T17:34:08,62,אף אוזן גרון,עטארה ליד ביר זית,language,רוסית,4
2026-07-30T17:34:17,62,אף אוזן גרון,עין גב,gender,גבר,54
2026-07-30T17:34:17,62,אף אוזן גרון,עין גב,gender,אישה,5
2026-07-30T17:34:17,62,אף אוזן גרון,עין גב,visit_type,ביקור במרפאה,59
2026-07-30T17:34:17,62,אף אוזן גרון,עין גב,language,אנגלית,11
2026-07-30T17:34:17,62,אף אוזן גרון,עין גב,language,עברית,14
2026-07-30T17:34:17,62,אף אוזן גרון,עין גב,language,ערבית,14
2026-07-30T17:34:17,62,אף אוזן גרון,עין גב,language,רוסית,2
2026-07-30T17:34:27,62,אף אוזן גרון,עמיחי,gender,גבר,36
2026-07-30T17:34:27,62,אף אוזן גרון,עמיחי,gender,אישה,4
2026-07-30T17:34:27,62,אף אוזן גרון,עמיחי,visit_type,ביקור במרפאה,41
2026-07-30T17:34:27,62,אף אוזן גרון,עמיחי,language,אידיש,4
2026-07-30T17:34:27,62,אף אוזן גרון,עמיחי,language,איטלקית,1
2026-07-30T17:34:27,62,אף אוזן גרון,עמיחי,language,אנגלית,10
2026-07-30T17:34:27,62,אף אוזן גרון,עמיחי,language,עברית,10
2026-07-30T17:34:27,62,אף אוזן גרון,עמיחי,language,ערבית,4
2026-07-30T17:34:27,62,אף אוזן גרון,עמיחי,language,רוסית,4
2026-07-30T17:34:36,62,אף אוזן גרון,ענבתא,gender,גבר,48
2026-07-30T17:34:36,62,אף אוזן גרון,ענבתא,gender,אישה,14
2026-07-30T17:34:36,62,אף אוזן גרון,ענבתא,visit_type,ביקור במרפאה,67
2026-07-30T17:34:36,62,אף אוזן גרון,ענבתא,visit_type,שיחת טלפון,1
2026-07-30T17:34:36,62,אף אוזן גרון,ענבתא,language,אוקראינית,1
2026-07-30T17:34:36,62,אף אוזן גרון,ענבתא,language,אידיש,4
2026-07-30T17:34:36,62,אף אוזן גרון,ענבתא,language,איטלקית,1
2026-07-30T17:34:36,62,אף אוזן גרון,ענבתא,language,אנגלית,12
2026-07-30T17:34:36,62,אף אוזן גרון,ענבתא,language,גרמנית,1
2026-07-30T17:34:36,62,אף אוזן גרון,ענבתא,language,עברית,16
2026-07-30T17:34:36,62,אף אוזן גרון,ענבתא,language,ערבית,3
2026-07-30T17:34:36,62,אף אוזן גרון,ענבתא,language,רומנית,2
2026-07-30T17:34:36,62,אף אוזן גרון,ענבתא,language,רוסית,6
2026-07-30T17:34:49,62,אף אוזן גרון,עקבה בשומרון,gender,גבר,48
2026-07-30T17:34:49,62,אף אוזן גרון,עקבה בשומרון,gender,אישה,14
2026-07-30T17:34:49,62,אף אוזן גרון,עקבה בשומרון,visit_type,ביקור במרפאה,67
2026-07-30T17:34:49,62,אף אוזן גרון,עקבה בשומרון,visit_type,שיחת טלפון,1
2026-07-30T17:34:49,62,אף אוזן גרון,עקבה בשומרון,language,אוקראינית,1
2026-07-30T17:34:49,62,אף אוזן גרון,עקבה בשומרון,language,אידיש,4
2026-07-30T17:34:49,62,אף אוזן גרון,עקבה בשומרון,language,איטלקית,1
2026-07-30T17:34:49,62,אף אוזן גרון,עקבה בשומרון,language,אנגלית,12
2026-07-30T17:34:49,62,אף אוזן גרון,עקבה בשומרון,language,גרמנית,1
2026-07-30T17:34:49,62,אף אוזן גרון,עקבה בשומרון,language,עברית,16
2026-07-30T17:34:49,62,אף אוזן גרון,עקבה בשומרון,language,ערבית,3
2026-07-30T17:34:49,62,אף אוזן גרון,עקבה בשומרון,language,רומנית,2
2026-07-30T17:34:49,62,אף אוזן גרון,עקבה בשומרון,language,רוסית,6
2026-07-30T17:35:03,62,אף אוזן גרון,ערערה,gender,גבר,67
2026-07-30T17:35:03,62,אף אוזן גרון,ערערה,gender,אישה,20
2026-07-30T17:35:03,62,אף אוזן גרון,ערערה,visit_type,ביקור במרפאה,92
2026-07-30T17:35:03,62,אף אוזן גרון,ערערה,visit_type,שיחת טלפון,1
2026-07-30T17:35:03,62,אף אוזן גרון,ערערה,language,אוקראינית,1
2026-07-30T17:35:03,62,אף אוזן גרון,ערערה,language,אידיש,4
2026-07-30T17:35:03,62,אף אוזן גרון,ערערה,language,איטלקית,1
2026-07-30T17:35:03,62,אף אוזן גרון,ערערה,language,אנגלית,19
2026-07-30T17:35:03,62,אף אוזן גרון,ערערה,language,גרמנית,1
2026-07-30T17:35:03,62,אף אוזן גרון,ערערה,language,ספרדית,1
2026-07-30T17:35:03,62,אף אוזן גרון,ערערה,language,עברית,26
2026-07-30T17:35:03,62,אף אוזן גרון,ערערה,language,ערבית,9
2026-07-30T17:35:03,62,אף אוזן גרון,ערערה,language,רומנית,2
2026-07-30T17:35:03,62,אף אוזן גרון,ערערה,language,רוסית,9
2026-07-30T17:35:20,62,אף אוזן גרון,פארק תעשיות קדמת גליל,gender,גבר,54
2026-07-30T17:35:20,62,אף אוזן גרון,פארק תעשיות קדמת גליל,gender,אישה,5
2026-07-30T17:35:20,62,אף אוזן גרון,פארק תעשיות קדמת גליל,visit_type,ביקור במרפאה,59
2026-07-30T17:35:20,62,אף אוזן גרון,פארק תעשיות קדמת גליל,language,אנגלית,11
2026-07-30T17:35:20,62,אף אוזן גרון,פארק תעשיות קדמת גליל,language,עברית,14
2026-07-30T17:35:20,62,אף אוזן גרון,פארק תעשיות קדמת גליל,language,ערבית,14
2026-07-30T17:35:20,62,אף אוזן גרון,פארק תעשיות קדמת גליל,language,רוסית,2
2026-07-30T17:35:32,62,אף אוזן גרון,פוריידיס,gender,גבר,67
2026-07-30T17:35:32,62,אף אוזן גרון,פוריידיס,gender,אישה,20
2026-07-30T17:35:32,62,אף אוזן גרון,פוריידיס,visit_type,ביקור במרפאה,92
2026-07-30T17:35:32,62,אף אוזן גרון,פוריידיס,visit_type,שיחת טלפון,1
2026-07-30T17:35:32,62,אף אוזן גרון,פוריידיס,language,אוקראינית,1
2026-07-30T17:35:32,62,אף אוזן גרון,פוריידיס,language,אידיש,4
2026-07-30T17:35:32,62,אף אוזן גרון,פוריידיס,language,איטלקית,1
2026-07-30T17:35:32,62,אף אוזן גרון,פוריידיס,language,אנגלית,19
2026-07-30T17:35:32,62,אף אוזן גרון,פוריידיס,language,גרמנית,1
2026-07-30T17:35:32,62,אף אוזן גרון,פוריידיס,language,ספרדית,1
2026-07-30T17:35:32,62,אף אוזן גרון,פוריידיס,language,עברית,26
2026-07-30T17:35:32,62,אף אוזן גרון,פוריידיס,language,ערבית,9
2026-07-30T17:35:32,62,אף אוזן גרון,פוריידיס,language,רומנית,2
2026-07-30T17:35:32,62,אף אוזן גרון,פוריידיס,language,רוסית,9
2026-07-30T17:35:48,62,אף אוזן גרון,פסגות,gender,גבר,36
2026-07-30T17:35:48,62,אף אוזן גרון,פסגות,gender,אישה,4
2026-07-30T17:35:48,62,אף אוזן גרון,פסגות,visit_type,ביקור במרפאה,41
2026-07-30T17:35:48,62,אף אוזן גרון,פסגות,language,אידיש,4
2026-07-30T17:35:48,62,אף אוזן גרון,פסגות,language,איטלקית,1
2026-07-30T17:35:48,62,אף אוזן גרון,פסגות,language,אנגלית,10
2026-07-30T17:35:48,62,אף אוזן גרון,פסגות,language,עברית,10
2026-07-30T17:35:48,62,אף אוזן גרון,פסגות,language,ערבית,4
2026-07-30T17:35:48,62,אף אוזן גרון,פסגות,language,רוסית,4
2026-07-30T17:35:59,62,אף אוזן גרון,פרזון,gender,גבר,86
2026-07-30T17:35:59,62,אף אוזן גרון,פרזון,gender,אישה,8
2026-07-30T17:35:59,62,אף אוזן גרון,פרזון,visit_type,ביקור במרפאה,95
2026-07-30T17:35:59,62,אף אוזן גרון,פרזון,language,אנגלית,17
2026-07-30T17:35:59,62,אף אוזן גרון,פרזון,language,ספרדית,1
2026-07-30T17:35:59,62,אף אוזן גרון,פרזון,language,עברית,23
2026-07-30T17:35:59,62,אף אוזן גרון,פרזון,language,ערבית,19
2026-07-30T17:35:59,62,אף אוזן גרון,פרזון,language,רוסית,5
2026-07-30T17:36:16,62,אף אוזן גרון,צובה,gender,גבר,36
2026-07-30T17:36:16,62,אף אוזן גרון,צובה,gender,אישה,4
2026-07-30T17:36:16,62,אף אוזן גרון,צובה,visit_type,ביקור במרפאה,41
2026-07-30T17:36:16,62,אף אוזן גרון,צובה,language,אידיש,4
2026-07-30T17:36:16,62,אף אוזן גרון,צובה,language,איטלקית,1
2026-07-30T17:36:16,62,אף אוזן גרון,צובה,language,אנגלית,10
2026-07-30T17:36:16,62,אף אוזן גרון,צובה,language,עברית,10
2026-07-30T17:36:16,62,אף אוזן גרון,צובה,language,ערבית,4
2026-07-30T17:36:16,62,אף אוזן גרון,צובה,language,רוסית,4
2026-07-30T17:36:24,62,אף אוזן גרון,ציפורי,gender,גבר,54
2026-07-30T17:36:24,62,אף אוזן גרון,ציפורי,gender,אישה,5
2026-07-30T17:36:24,62,אף אוזן גרון,ציפורי,visit_type,ביקור במרפאה,59
2026-07-30T17:36:24,62,אף אוזן גרון,ציפורי,language,אנגלית,11
2026-07-30T17:36:24,62,אף אוזן גרון,ציפורי,language,עברית,14
2026-07-30T17:36:24,62,אף אוזן גרון,ציפורי,language,ערבית,14
2026-07-30T17:36:24,62,אף אוזן גרון,ציפורי,language,רוסית,2
2026-07-30T17:36:35,62,אף אוזן גרון,קבוצת יבנה,gender,גבר,21
2026-07-30T17:36:35,62,אף אוזן גרון,קבוצת יבנה,gender,אישה,2
2026-07-30T17:36:35,62,אף אוזן גרון,קבוצת יבנה,visit_type,ביקור במרפאה,27
2026-07-30T17:36:35,62,אף אוזן גרון,קבוצת יבנה,language,איטלקית,1
2026-07-30T17:36:35,62,אף אוזן גרון,קבוצת יבנה,language,אנגלית,8
2026-07-30T17:36:35,62,אף אוזן גרון,קבוצת יבנה,language,ספרדית,1
2026-07-30T17:36:35,62,אף אוזן גרון,קבוצת יבנה,language,עברית,10
2026-07-30T17:36:35,62,אף אוזן גרון,קבוצת יבנה,language,צרפתית,2
2026-07-30T17:36:35,62,אף אוזן גרון,קבוצת יבנה,language,רוסית,4
2026-07-30T17:36:40,62,אף אוזן גרון,קובייבה,gender,גבר,36
2026-07-30T17:36:40,62,אף אוזן גרון,קובייבה,gender,אישה,4
2026-07-30T17:36:40,62,אף אוזן גרון,קובייבה,visit_type,ביקור במרפאה,41
2026-07-30T17:36:40,62,אף אוזן גרון,קובייבה,language,אידיש,4
2026-07-30T17:36:40,62,אף אוזן גרון,קובייבה,language,איטלקית,1
2026-07-30T17:36:40,62,אף אוזן גרון,קובייבה,language,אנגלית,10
2026-07-30T17:36:40,62,אף אוזן גרון,קובייבה,language,עברית,10
2026-07-30T17:36:40,62,אף אוזן גרון,קובייבה,language,ערבית,4
2026-07-30T17:36:40,62,אף אוזן גרון,קובייבה,language,רוסית,4
2026-07-30T17:36:50,62,אף אוזן גרון,קיסריה,gender,גבר,48
2026-07-30T17:36:50,62,אף אוזן גרון,קיסריה,gender,אישה,14
2026-07-30T17:36:50,62,אף אוזן גרון,קיסריה,visit_type,ביקור במרפאה,67
2026-07-30T17:36:50,62,אף אוזן גרון,קיסריה,visit_type,שיחת טלפון,1
2026-07-30T17:36:50,62,אף אוזן גרון,קיסריה,language,אוקראינית,1
2026-07-30T17:36:50,62,אף אוזן גרון,קיסריה,language,אידיש,4
2026-07-30T17:36:50,62,אף אוזן גרון,קיסריה,language,איטלקית,1
2026-07-30T17:36:50,62,אף אוזן גרון,קיסריה,language,אנגלית,12
2026-07-30T17:36:50,62,אף אוזן גרון,קיסריה,language,גרמנית,1
2026-07-30T17:36:50,62,אף אוזן גרון,קיסריה,language,עברית,16
2026-07-30T17:36:50,62,אף אוזן גרון,קיסריה,language,ערבית,3
2026-07-30T17:36:50,62,אף אוזן גרון,קיסריה,language,רומנית,2
2026-07-30T17:36:50,62,אף אוזן גרון,קיסריה,language,רוסית,6
2026-07-30T17:37:03,62,אף אוזן גרון,קציר,gender,גבר,48
2026-07-30T17:37:03,62,אף אוזן גרון,קציר,gender,אישה,14
2026-07-30T17:37:03,62,אף אוזן גרון,קציר,visit_type,ביקור במרפאה,67
2026-07-30T17:37:03,62,אף אוזן גרון,קציר,visit_type,שיחת טלפון,1
2026-07-30T17:37:03,62,אף אוזן גרון,קציר,language,אוקראינית,1
2026-07-30T17:37:03,62,אף אוזן גרון,קציר,language,אידיש,4
2026-07-30T17:37:03,62,אף אוזן גרון,קציר,language,איטלקית,1
2026-07-30T17:37:03,62,אף אוזן גרון,קציר,language,אנגלית,12
2026-07-30T17:37:03,62,אף אוזן גרון,קציר,language,גרמנית,1
2026-07-30T17:37:03,62,אף אוזן גרון,קציר,language,עברית,16
2026-07-30T17:37:03,62,אף אוזן גרון,קציר,language,ערבית,3
2026-07-30T17:37:03,62,אף אוזן גרון,קציר,language,רומנית,2
2026-07-30T17:37:03,62,אף אוזן גרון,קציר,language,רוסית,6
2026-07-30T17:37:17,62,אף אוזן גרון,קרית חינוך מרחבים,gender,גבר,50
2026-07-30T17:37:17,62,אף אוזן גרון,קרית חינוך מרחבים,gender,אישה,7
2026-07-30T17:37:17,62,אף אוזן גרון,קרית חינוך מרחבים,visit_type,ביקור במרפאה,63
2026-07-30T17:37:17,62,אף אוזן גרון,קרית חינוך מרחבים,language,אוקראינית,1
2026-07-30T17:37:17,62,אף אוזן גרון,קרית חינוך מרחבים,language,אידיש,3
2026-07-30T17:37:17,62,אף אוזן גרון,קרית חינוך מרחבים,language,אנגלית,3
2026-07-30T17:37:17,62,אף אוזן גרון,קרית חינוך מרחבים,language,הונגרית,1
2026-07-30T17:37:17,62,אף אוזן גרון,קרית חינוך מרחבים,language,ספרדית,3
2026-07-30T17:37:17,62,אף אוזן גרון,קרית חינוך מרחבים,language,עברית,11
2026-07-30T17:37:17,62,אף אוזן גרון,קרית חינוך מרחבים,language,ערבית,5
2026-07-30T17:37:17,62,אף אוזן גרון,קרית חינוך מרחבים,language,צכית,1
2026-07-30T17:37:17,62,אף אוזן גרון,קרית חינוך מרחבים,language,רוסית,1
2026-07-30T17:37:31,62,אף אוזן גרון,ראפאת ליד גבעת זאב,gender,גבר,36
2026-07-30T17:37:31,62,אף אוזן גרון,ראפאת ליד גבעת זאב,gender,אישה,4
2026-07-30T17:37:31,62,אף אוזן גרון,ראפאת ליד גבעת זאב,visit_type,ביקור במרפאה,41
2026-07-30T17:37:31,62,אף אוזן גרון,ראפאת ליד גבעת זאב,language,אידיש,4
2026-07-30T17:37:31,62,אף אוזן גרון,ראפאת ליד גבעת זאב,language,איטלקית,1
2026-07-30T17:37:31,62,אף אוזן גרון,ראפאת ליד גבעת זאב,language,אנגלית,10
2026-07-30T17:37:31,62,אף אוזן גרון,ראפאת ליד גבעת זאב,language,עברית,10
2026-07-30T17:37:31,62,אף אוזן גרון,ראפאת ליד גבעת זאב,language,ערבית,4
2026-07-30T17:37:31,62,אף אוזן גרון,ראפאת ליד גבעת זאב,language,רוסית,4
2026-07-30T17:37:40,62,אף אוזן גרון,רוג'ייב,gender,גבר,48
2026-07-30T17:37:40,62,אף אוזן גרון,רוג'ייב,gender,אישה,14
2026-07-30T17:37:40,62,אף אוזן גרון,רוג'ייב,visit_type,ביקור במרפאה,67
2026-07-30T17:37:40,62,אף אוזן גרון,רוג'ייב,visit_type,שיחת טלפון,1
2026-07-30T17:37:40,62,אף אוזן גרון,רוג'ייב,language,אוקראינית,1
2026-07-30T17:37:40,62,אף אוזן גרון,רוג'ייב,language,אידיש,4
2026-07-30T17:37:40,62,אף אוזן גרון,רוג'ייב,language,איטלקית,1
2026-07-30T17:37:40,62,אף אוזן גרון,רוג'ייב,language,אנגלית,12
2026-07-30T17:37:40,62,אף אוזן גרון,רוג'ייב,language,גרמנית,1
2026-07-30T17:37:40,62,אף אוזן גרון,רוג'ייב,language,עברית,16
2026-07-30T17:37:40,62,אף אוזן גרון,רוג'ייב,language,ערבית,3
2026-07-30T17:37:40,62,אף אוזן גרון,רוג'ייב,language,רומנית,2
2026-07-30T17:37:40,62,אף אוזן גרון,רוג'ייב,language,רוסית,6
2026-07-30T17:37:53,62,אף אוזן גרון,רחוב,gender,גבר,86
2026-07-30T17:37:53,62,אף אוזן גרון,רחוב,gender,אישה,8
2026-07-30T17:37:53,62,אף אוזן גרון,רחוב,visit_type,ביקור במרפאה,95
2026-07-30T17:37:53,62,אף אוזן גרון,רחוב,language,אנגלית,17
2026-07-30T17:37:53,62,אף אוזן גרון,רחוב,language,ספרדית,1
2026-07-30T17:37:53,62,אף אוזן גרון,רחוב,language,עברית,23
2026-07-30T17:37:53,62,אף אוזן גרון,רחוב,language,ערבית,19
2026-07-30T17:37:53,62,אף אוזן גרון,רחוב,language,רוסית,5
2026-07-30T17:38:10,62,אף אוזן גרון,רמה,gender,גבר,48
2026-07-30T17:38:10,62,אף אוזן גרון,רמה,gender,אישה,14
2026-07-30T17:38:10,62,אף אוזן גרון,רמה,visit_type,ביקור במרפאה,67
2026-07-30T17:38:10,62,אף אוזן גרון,רמה,visit_type,שיחת טלפון,1
2026-07-30T17:38:10,62,אף אוזן גרון,רמה,language,אוקראינית,1
2026-07-30T17:38:10,62,אף אוזן גרון,רמה,language,אידיש,4
2026-07-30T17:38:10,62,אף אוזן גרון,רמה,language,איטלקית,1
2026-07-30T17:38:10,62,אף אוזן גרון,רמה,language,אנגלית,12
2026-07-30T17:38:10,62,אף אוזן גרון,רמה,language,גרמנית,1
2026-07-30T17:38:10,62,אף אוזן גרון,רמה,language,עברית,16
2026-07-30T17:38:10,62,אף אוזן גרון,רמה,language,ערבית,3
2026-07-30T17:38:10,62,אף אוזן גרון,רמה,language,רומנית,2
2026-07-30T17:38:10,62,אף אוזן גרון,רמה,language,רוסית,6
2026-07-30T17:38:22,62,אף אוזן גרון,רנתיס,gender,גבר,26
2026-07-30T17:38:22,62,אף אוזן גרון,רנתיס,gender,אישה,10
2026-07-30T17:38:22,62,אף אוזן גרון,רנתיס,visit_type,ביקור במרפאה,38
2026-07-30T17:38:22,62,אף אוזן גרון,רנתיס,visit_type,שיחת טלפון,1
2026-07-30T17:38:22,62,אף אוזן גרון,רנתיס,language,אנגלית,14
2026-07-30T17:38:22,62,אף אוזן גרון,רנתיס,language,ספרדית,2
2026-07-30T17:38:22,62,אף אוזן גרון,רנתיס,language,עברית,37
2026-07-30T17:38:22,62,אף אוזן גרון,רנתיס,language,ערבית,2
2026-07-30T17:38:22,62,אף אוזן גרון,רנתיס,language,רוסית,9
2026-07-30T17:38:32,62,אף אוזן גרון,שבי דרום,gender,גבר,50
2026-07-30T17:38:32,62,אף אוזן גרון,שבי דרום,gender,אישה,7
2026-07-30T17:38:32,62,אף אוזן גרון,שבי דרום,visit_type,ביקור במרפאה,63
2026-07-30T17:38:32,62,אף אוזן גרון,שבי דרום,language,אוקראינית,1
2026-07-30T17:38:32,62,אף אוזן גרון,שבי דרום,language,אידיש,3
2026-07-30T17:38:32,62,אף אוזן גרון,שבי דרום,language,אנגלית,3
2026-07-30T17:38:32,62,אף אוזן גרון,שבי דרום,language,הונגרית,1
2026-07-30T17:38:32,62,אף אוזן גרון,שבי דרום,language,ספרדית,3
2026-07-30T17:38:32,62,אף אוזן גרון,שבי דרום,language,עברית,11
2026-07-30T17:38:32,62,אף אוזן גרון,שבי דרום,language,ערבית,5
2026-07-30T17:38:32,62,אף אוזן גרון,שבי דרום,language,צכית,1
2026-07-30T17:38:32,62,אף אוזן גרון,שבי דרום,language,רוסית,1
2026-07-30T17:38:48,62,אף אוזן גרון,שדה דוד,gender,גבר,32
2026-07-30T17:38:48,62,אף אוזן גרון,שדה דוד,gender,אישה,3
2026-07-30T17:38:48,62,אף אוזן גרון,שדה דוד,visit_type,ביקור במרפאה,41
2026-07-30T17:38:48,62,אף אוזן גרון,שדה דוד,language,אוקראינית,1
2026-07-30T17:38:48,62,אף אוזן גרון,שדה דוד,language,אנגלית,3
2026-07-30T17:38:48,62,אף אוזן גרון,שדה דוד,language,הונגרית,1
2026-07-30T17:38:48,62,אף אוזן גרון,שדה דוד,language,עברית,4
2026-07-30T17:38:48,62,אף אוזן גרון,שדה דוד,language,ערבית,1
2026-07-30T17:38:48,62,אף אוזן גרון,שדה דוד,language,צכית,1
2026-07-30T17:38:48,62,אף אוזן גרון,שדה דוד,language,רוסית,1
2026-07-30T17:38:59,62,אף אוזן גרון,שוויכה,gender,גבר,48
2026-07-30T17:38:59,62,אף אוזן גרון,שוויכה,gender,אישה,14
2026-07-30T17:38:59,62,אף אוזן גרון,שוויכה,visit_type,ביקור במרפאה,67
2026-07-30T17:38:59,62,אף אוזן גרון,שוויכה,visit_type,שיחת טלפון,1
2026-07-30T17:38:59,62,אף אוזן גרון,שוויכה,language,אוקראינית,1
2026-07-30T17:38:59,62,אף אוזן גרון,שוויכה,language,אידיש,4
2026-07-30T17:38:59,62,אף אוזן גרון,שוויכה,language,איטלקית,1
2026-07-30T17:38:59,62,אף אוזן גרון,שוויכה,language,אנגלית,12
2026-07-30T17:38:59,62,אף אוזן גרון,שוויכה,language,גרמנית,1
2026-07-30T17:38:59,62,אף אוזן גרון,שוויכה,language,עברית,16
2026-07-30T17:38:59,62,אף אוזן גרון,שוויכה,language,ערבית,3
2026-07-30T17:38:59,62,אף אוזן גרון,שוויכה,language,רומנית,2
2026-07-30T17:38:59,62,אף אוזן גרון,שוויכה,language,רוסית,6
2026-07-30T17:39:13,62,אף אוזן גרון,שיבולים,gender,גבר,50
2026-07-30T17:39:13,62,אף אוזן גרון,שיבולים,gender,אישה,7
2026-07-30T17:39:13,62,אף אוזן גרון,שיבולים,visit_type,ביקור במרפאה,63
2026-07-30T17:39:13,62,אף אוזן גרון,שיבולים,language,אוקראינית,1
2026-07-30T17:39:13,62,אף אוזן גרון,שיבולים,language,אידיש,3
2026-07-30T17:39:13,62,אף אוזן גרון,שיבולים,language,אנגלית,3
2026-07-30T17:39:13,62,אף אוזן גרון,שיבולים,language,הונגרית,1
2026-07-30T17:39:13,62,אף אוזן גרון,שיבולים,language,ספרדית,3
2026-07-30T17:39:13,62,אף אוזן גרון,שיבולים,language,עברית,11
2026-07-30T17:39:13,62,אף אוזן גרון,שיבולים,language,ערבית,5
2026-07-30T17:39:13,62,אף אוזן גרון,שיבולים,language,צכית,1
2026-07-30T17:39:13,62,אף אוזן גרון,שיבולים,language,רוסית,1
2026-07-30T17:39:28,62,אף אוזן גרון,שלווה במדבר,gender,גבר,38
2026-07-30T17:39:28,62,אף אוזן גרון,שלווה במדבר,gender,אישה,6
2026-07-30T17:39:28,62,אף אוזן גרון,שלווה במדבר,visit_type,ביקור במרפאה,47
2026-07-30T17:39:28,62,אף אוזן גרון,שלווה במדבר,language,אוקראינית,1
2026-07-30T17:39:28,62,אף אוזן גרון,שלווה במדבר,language,אידיש,3
2026-07-30T17:39:28,62,אף אוזן גרון,שלווה במדבר,language,אנגלית,3
2026-07-30T17:39:28,62,אף אוזן גרון,שלווה במדבר,language,הונגרית,1
2026-07-30T17:39:28,62,אף אוזן גרון,שלווה במדבר,language,ספרדית,3
2026-07-30T17:39:28,62,אף אוזן גרון,שלווה במדבר,language,עברית,10
2026-07-30T17:39:28,62,אף אוזן גרון,שלווה במדבר,language,ערבית,4
2026-07-30T17:39:28,62,אף אוזן גרון,שלווה במדבר,language,צכית,1
2026-07-30T17:39:28,62,אף אוזן גרון,שלווה במדבר,language,רוסית,1
2026-07-30T17:39:40,62,אף אוזן גרון,שניר,gender,גבר,54
2026-07-30T17:39:40,62,אף אוזן גרון,שניר,gender,אישה,5
2026-07-30T17:39:40,62,אף אוזן גרון,שניר,visit_type,ביקור במרפאה,59
2026-07-30T17:39:40,62,אף אוזן גרון,שניר,language,אנגלית,11
2026-07-30T17:39:40,62,אף אוזן גרון,שניר,language,עברית,14
2026-07-30T17:39:40,62,אף אוזן גרון,שניר,language,ערבית,14
2026-07-30T17:39:40,62,אף אוזן גרון,שניר,language,רוסית,2
2026-07-30T17:39:50,62,אף אוזן גרון,שפיר,gender,גבר,21
2026-07-30T17:39:50,62,אף אוזן גרון,שפיר,gender,אישה,2
2026-07-30T17:39:50,62,אף אוזן גרון,שפיר,visit_type,ביקור במרפאה,27
2026-07-30T17:39:50,62,אף אוזן גרון,שפיר,language,איטלקית,1
2026-07-30T17:39:50,62,אף אוזן גרון,שפיר,language,אנגלית,8
2026-07-30T17:39:50,62,אף אוזן גרון,שפיר,language,ספרדית,1
2026-07-30T17:39:50,62,אף אוזן גרון,שפיר,language,עברית,10
2026-07-30T17:39:50,62,אף אוזן גרון,שפיר,language,צרפתית,2
2026-07-30T17:39:50,62,אף אוזן גרון,שפיר,language,רוסית,4
2026-07-30T17:39:56,62,אף אוזן גרון,שתולים,gender,גבר,21
2026-07-30T17:39:56,62,אף אוזן גרון,שתולים,gender,אישה,2
2026-07-30T17:39:56,62,אף אוזן גרון,שתולים,visit_type,ביקור במרפאה,27
2026-07-30T17:39:56,62,אף אוזן גרון,שתולים,language,איטלקית,1
2026-07-30T17:39:56,62,אף אוזן גרון,שתולים,language,אנגלית,8
2026-07-30T17:39:56,62,אף אוזן גרון,שתולים,language,ספרדית,1
2026-07-30T17:39:56,62,אף אוזן גרון,שתולים,language,עברית,10
2026-07-30T17:39:56,62,אף אוזן גרון,שתולים,language,צרפתית,2
2026-07-30T17:39:56,62,אף אוזן גרון,שתולים,language,רוסית,4
2026-07-30T17:40:03,62,אף אוזן גרון,תיעניכ,gender,גבר,48
2026-07-30T17:40:03,62,אף אוזן גרון,תיעניכ,gender,אישה,14
2026-07-30T17:40:03,62,אף אוזן גרון,תיעניכ,visit_type,ביקור במרפאה,67
2026-07-30T17:40:03,62,אף אוזן גרון,תיעניכ,visit_type,שיחת טלפון,1
2026-07-30T17:40:03,62,אף אוזן גרון,תיעניכ,language,אוקראינית,1
2026-07-30T17:40:03,62,אף אוזן גרון,תיעניכ,language,אידיש,4
2026-07-30T17:40:03,62,אף אוזן גרון,תיעניכ,language,איטלקית,1
2026-07-30T17:40:03,62,אף אוזן גרון,תיעניכ,language,אנגלית,12
2026-07-30T17:40:03,62,אף אוזן גרון,תיעניכ,language,גרמנית,1
2026-07-30T17:40:03,62,אף אוזן גרון,תיעניכ,language,עברית,16
2026-07-30T17:40:03,62,אף אוזן גרון,תיעניכ,language,ערבית,3
2026-07-30T17:40:03,62,אף אוזן גרון,תיעניכ,language,רומנית,2
2026-07-30T17:40:03,62,אף אוזן גרון,תיעניכ,language,רוסית,6
2026-07-30T17:40:15,62,אף אוזן גרון,תל ציון,gender,גבר,36
2026-07-30T17:40:15,62,אף אוזן גרון,תל ציון,gender,אישה,4
2026-07-30T17:40:15,62,אף אוזן גרון,תל ציון,visit_type,ביקור במרפאה,41
2026-07-30T17:40:15,62,אף אוזן גרון,תל ציון,language,אידיש,4
2026-07-30T17:40:15,62,אף אוזן גרון,תל ציון,language,איטלקית,1
2026-07-30T17:40:15,62,אף אוזן גרון,תל ציון,language,אנגלית,10
2026-07-30T17:40:15,62,אף אוזן גרון,תל ציון,language,עברית,10
2026-07-30T17:40:15,62,אף אוזן גרון,תל ציון,language,ערבית,4
2026-07-30T17:40:15,62,אף אוזן גרון,תל ציון,language,רוסית,4
2026-07-30T17:40:24,62,אף אוזן גרון,תעשיון שח''ק,gender,גבר,48
2026-07-30T17:40:24,62,אף אוזן גרון,תעשיון שח''ק,gender,אישה,14
2026-07-30T17:40:24,62,אף אוזן גרון,תעשיון שח''ק,visit_type,ביקור במרפאה,67
2026-07-30T17:40:24,62,אף אוזן גרון,תעשיון שח''ק,visit_type,שיחת טלפון,1
2026-07-30T17:40:24,62,אף אוזן גרון,תעשיון שח''ק,language,אוקראינית,1
2026-07-30T17:40:24,62,אף אוזן גרון,תעשיון שח''ק,language,אידיש,4
2026-07-30T17:40:24,62,אף אוזן גרון,תעשיון שח''ק,language,איטלקית,1
2026-07-30T17:40:24,62,אף אוזן גרון,תעשיון שח''ק,language,אנגלית,12
2026-07-30T17:40:24,62,אף אוזן גרון,תעשיון שח''ק,language,גרמנית,1
2026-07-30T17:40:24,62,אף אוזן גרון,תעשיון שח''ק,language,עברית,16
2026-07-30T17:40:24,62,אף אוזן גרון,תעשיון שח''ק,language,ערבית,3
2026-07-30T17:40:24,62,אף אוזן גרון,תעשיון שח''ק,language,רומנית,2
2026-07-30T17:40:24,62,אף אוזן גרון,תעשיון שח''ק,language,רוסית,6
2026-07-30T17:40:36,62,אף אוזן גרון,תרום,gender,גבר,36
2026-07-30T17:40:36,62,אף אוזן גרון,תרום,gender,אישה,4
2026-07-30T17:40:36,62,אף אוזן גרון,תרום,visit_type,ביקור במרפאה,41
2026-07-30T17:40:36,62,אף אוזן גרון,תרום,language,אידיש,4
2026-07-30T17:40:36,62,אף אוזן גרון,תרום,language,איטלקית,1
2026-07-30T17:40:36,62,אף אוזן גרון,תרום,language,אנגלית,10
2026-07-30T17:40:36,62,אף אוזן גרון,תרום,language,עברית,10
2026-07-30T17:40:36,62,אף אוזן גרון,תרום,language,ערבית,4
2026-07-30T17:40:36,62,אף אוזן גרון,תרום,language,רוסית,4
2026-07-30T17:40:47,63,נשים,א טייבה,gender,גבר,48
2026-07-30T17:40:47,63,נשים,א טייבה,gender,אישה,127
2026-07-30T17:40:47,63,נשים,א טייבה,visit_type,ביקור במרפאה,176
2026-07-30T17:40:47,63,נשים,א טייבה,visit_type,שיחת טלפון,1
2026-07-30T17:40:47,63,נשים,א טייבה,language,איטלקית,1
2026-07-30T17:40:47,63,נשים,א טייבה,language,אנגלית,29
2026-07-30T17:40:47,63,נשים,א טייבה,language,הונגרית,1
2026-07-30T17:40:47,63,נשים,א טייבה,language,עברית,50
2026-07-30T17:40:47,63,נשים,א טייבה,language,ערבית,28
2026-07-30T17:40:47,63,נשים,א טייבה,language,רומנית,1
2026-07-30T17:40:47,63,נשים,א טייבה,language,רוסית,11
2026-07-30T17:41:12,63,נשים,אבו דיס,gender,גבר,47
2026-07-30T17:41:12,63,נשים,אבו דיס,gender,אישה,79
2026-07-30T17:41:12,63,נשים,אבו דיס,visit_type,ביקור במרפאה,131
2026-07-30T17:41:12,63,נשים,אבו דיס,visit_type,שיחת טלפון,16
2026-07-30T17:41:12,63,נשים,אבו דיס,visit_type,שיחת וידאו,1
2026-07-30T17:41:12,63,נשים,אבו דיס,language,אידיש,2
2026-07-30T17:41:12,63,נשים,אבו דיס,language,אנגלית,20
2026-07-30T17:41:12,63,נשים,אבו דיס,language,עברית,24
2026-07-30T17:41:12,63,נשים,אבו דיס,language,ערבית,3
2026-07-30T17:41:12,63,נשים,אבו דיס,language,צרפתית,2
2026-07-30T17:41:12,63,נשים,אבו דיס,language,רוסית,3
2026-07-30T17:41:34,63,נשים,אדירים,gender,גבר,29
2026-07-30T17:41:34,63,נשים,אדירים,gender,אישה,58
2026-07-30T17:41:34,63,נשים,אדירים,visit_type,ביקור במרפאה,87
2026-07-30T17:41:34,63,נשים,אדירים,language,אנגלית,9
2026-07-30T17:41:34,63,נשים,אדירים,language,עברית,13
2026-07-30T17:41:34,63,נשים,אדירים,language,ערבית,4
2026-07-30T17:41:34,63,נשים,אדירים,language,רוסית,3
2026-07-30T17:41:54,63,נשים,אום אל פחם,gender,אישה,138
2026-07-30T17:41:54,63,נשים,אום אל פחם,gender,גבר,62
2026-07-30T17:41:54,63,נשים,אום אל פחם,visit_type,ביקור במרפאה,203
2026-07-30T17:41:54,63,נשים,אום אל פחם,visit_type,שיחת טלפון,2
2026-07-30T17:41:54,63,נשים,אום אל פחם,language,אידיש,1
2026-07-30T17:41:54,63,נשים,אום אל פחם,language,איטלקית,1
2026-07-30T17:41:54,63,נשים,אום אל פחם,language,אנגלית,38
2026-07-30T17:41:54,63,נשים,אום אל פחם,language,גרמנית,1
2026-07-30T17:41:54,63,נשים,אום אל פחם,language,הונגרית,1
2026-07-30T17:41:54,63,נשים,אום אל פחם,language,עברית,63
2026-07-30T17:41:54,63,נשים,אום אל פחם,language,ערבית,28
2026-07-30T17:41:54,63,נשים,אום אל פחם,language,צרפתית,2
2026-07-30T17:41:54,63,נשים,אום אל פחם,language,רומנית,3
2026-07-30T17:41:54,63,נשים,אום אל פחם,language,רוסית,15
2026-07-30T17:42:20,63,נשים,אחוזת ברק,gender,גבר,48
2026-07-30T17:42:20,63,נשים,אחוזת ברק,gender,אישה,127
2026-07-30T17:42:20,63,נשים,אחוזת ברק,visit_type,ביקור במרפאה,176
2026-07-30T17:42:20,63,נשים,אחוזת ברק,visit_type,שיחת טלפון,1
2026-07-30T17:42:20,63,נשים,אחוזת ברק,language,איטלקית,1
2026-07-30T17:42:20,63,נשים,אחוזת ברק,language,אנגלית,29
2026-07-30T17:42:20,63,נשים,אחוזת ברק,language,הונגרית,1
2026-07-30T17:42:20,63,נשים,אחוזת ברק,language,עברית,50
2026-07-30T17:42:20,63,נשים,אחוזת ברק,language,ערבית,28
2026-07-30T17:42:20,63,נשים,אחוזת ברק,language,רומנית,1
2026-07-30T17:42:20,63,נשים,אחוזת ברק,language,רוסית,11
2026-07-30T17:42:46,63,נשים,איילת השחר,gender,גבר,29
2026-07-30T17:42:46,63,נשים,איילת השחר,gender,אישה,58
2026-07-30T17:42:46,63,נשים,איילת השחר,visit_type,ביקור במרפאה,87
2026-07-30T17:42:46,63,נשים,איילת השחר,language,אנגלית,9
2026-07-30T17:42:46,63,נשים,איילת השחר,language,עברית,13
2026-07-30T17:42:46,63,נשים,איילת השחר,language,ערבית,4
2026-07-30T17:42:46,63,נשים,איילת השחר,language,רוסית,3
2026-07-30T17:43:00,63,נשים,אל ח'דר,gender,גבר,47
2026-07-30T17:43:00,63,נשים,אל ח'דר,gender,אישה,79
2026-07-30T17:43:00,63,נשים,אל ח'דר,visit_type,ביקור במרפאה,131
2026-07-30T17:43:00,63,נשים,אל ח'דר,visit_type,שיחת טלפון,16
2026-07-30T17:43:00,63,נשים,אל ח'דר,visit_type,שיחת וידאו,1
2026-07-30T17:43:00,63,נשים,אל ח'דר,language,אידיש,2
2026-07-30T17:43:00,63,נשים,אל ח'דר,language,אנגלית,20
2026-07-30T17:43:00,63,נשים,אל ח'דר,language,עברית,24
2026-07-30T17:43:00,63,נשים,אל ח'דר,language,ערבית,3
2026-07-30T17:43:00,63,נשים,אל ח'דר,language,צרפתית,2
2026-07-30T17:43:00,63,נשים,אל ח'דר,language,רוסית,3
2026-07-30T17:43:25,63,נשים,אמציה,gender,גבר,47
2026-07-30T17:43:25,63,נשים,אמציה,gender,אישה,61
2026-07-30T17:43:25,63,נשים,אמציה,visit_type,ביקור במרפאה,108
2026-07-30T17:43:25,63,נשים,אמציה,visit_type,שיחת טלפון,1
2026-07-30T17:43:25,63,נשים,אמציה,language,אידיש,4
2026-07-30T17:43:25,63,נשים,אמציה,language,אנגלית,13
2026-07-30T17:43:25,63,נשים,אמציה,language,גרמנית,1
2026-07-30T17:43:25,63,נשים,אמציה,language,ליטאית,1
2026-07-30T17:43:25,63,נשים,אמציה,language,סינית,1
2026-07-30T17:43:25,63,נשים,אמציה,language,עברית,8
2026-07-30T17:43:25,63,נשים,אמציה,language,ערבית,3
2026-07-30T17:43:25,63,נשים,אמציה,language,רוסית,14
2026-07-30T17:43:44,63,נשים,ארבל,gender,גבר,29
2026-07-30T17:43:44,63,נשים,ארבל,gender,אישה,58
2026-07-30T17:43:44,63,נשים,ארבל,visit_type,ביקור במרפאה,87
2026-07-30T17:43:44,63,נשים,ארבל,language,אנגלית,9
2026-07-30T17:43:44,63,נשים,ארבל,language,עברית,13
2026-07-30T17:43:44,63,נשים,ארבל,language,ערבית,4
2026-07-30T17:43:44,63,נשים,ארבל,language,רוסית,3
2026-07-30T17:44:00,63,נשים,אשדות יעקב מאוחד,gender,גבר,29
2026-07-30T17:44:00,63,נשים,אשדות יעקב מאוחד,gender,אישה,58
2026-07-30T17:44:00,63,נשים,אשדות יעקב מאוחד,visit_type,ביקור במרפאה,87
2026-07-30T17:44:00,63,נשים,אשדות יעקב מאוחד,language,אנגלית,9
2026-07-30T17:44:00,63,נשים,אשדות יעקב מאוחד,language,עברית,13
2026-07-30T17:44:00,63,נשים,אשדות יעקב מאוחד,language,ערבית,4
2026-07-30T17:44:00,63,נשים,אשדות יעקב מאוחד,language,רוסית,3
2026-07-30T17:44:16,63,נשים,באר גנים,gender,גבר,47
2026-07-30T17:44:16,63,נשים,באר גנים,gender,אישה,61
2026-07-30T17:44:16,63,נשים,באר גנים,visit_type,ביקור במרפאה,108
2026-07-30T17:44:16,63,נשים,באר גנים,visit_type,שיחת טלפון,1
2026-07-30T17:44:16,63,נשים,באר גנים,language,אידיש,4
2026-07-30T17:44:16,63,נשים,באר גנים,language,אנגלית,13
2026-07-30T17:44:16,63,נשים,באר גנים,language,גרמנית,1
2026-07-30T17:44:16,63,נשים,באר גנים,language,ליטאית,1
2026-07-30T17:44:16,63,נשים,באר גנים,language,סינית,1
2026-07-30T17:44:16,63,נשים,באר גנים,language,עברית,8
2026-07-30T17:44:16,63,נשים,באר גנים,language,ערבית,3
2026-07-30T17:44:16,63,נשים,באר גנים,language,רוסית,14
2026-07-30T17:44:36,63,נשים,בורג',gender,גבר,68
2026-07-30T17:44:36,63,נשים,בורג',gender,אישה,86
2026-07-30T17:44:36,63,נשים,בורג',visit_type,ביקור במרפאה,156
2026-07-30T17:44:36,63,נשים,בורג',visit_type,שיחת טלפון,1
2026-07-30T17:44:36,63,נשים,בורג',language,אידיש,4
2026-07-30T17:44:36,63,נשים,בורג',language,אנגלית,22
2026-07-30T17:44:36,63,נשים,בורג',language,גרמנית,1
2026-07-30T17:44:36,63,נשים,בורג',language,ליטאית,1
2026-07-30T17:44:36,63,נשים,בורג',language,סינית,1
2026-07-30T17:44:36,63,נשים,בורג',language,עברית,14
2026-07-30T17:44:36,63,נשים,בורג',language,ערבית,4
2026-07-30T17:44:36,63,נשים,בורג',language,רוסית,22
2026-07-30T17:45:00,63,נשים,בידו,gender,גבר,47
2026-07-30T17:45:00,63,נשים,בידו,gender,אישה,79
2026-07-30T17:45:00,63,נשים,בידו,visit_type,ביקור במרפאה,131
2026-07-30T17:45:00,63,נשים,בידו,visit_type,שיחת טלפון,16
2026-07-30T17:45:00,63,נשים,בידו,visit_type,שיחת וידאו,1
2026-07-30T17:45:00,63,נשים,בידו,language,אידיש,2
2026-07-30T17:45:00,63,נשים,בידו,language,אנגלית,20
2026-07-30T17:45:00,63,נשים,בידו,language,עברית,24
2026-07-30T17:45:00,63,נשים,בידו,language,ערבית,3
2026-07-30T17:45:00,63,נשים,בידו,language,צרפתית,2
2026-07-30T17:45:00,63,נשים,בידו,language,רוסית,3
2026-07-30T17:45:24,63,נשים,בלעא,gender,גבר,47
2026-07-30T17:45:24,63,נשים,בלעא,gender,אישה,92
2026-07-30T17:45:24,63,נשים,בלעא,visit_type,ביקור במרפאה,142
2026-07-30T17:45:24,63,נשים,בלעא,visit_type,שיחת טלפון,2
2026-07-30T17:45:24,63,נשים,בלעא,language,אידיש,1
2026-07-30T17:45:24,63,נשים,בלעא,language,אנגלית,18
2026-07-30T17:45:24,63,נשים,בלעא,language,גרמנית,1
2026-07-30T17:45:24,63,נשים,בלעא,language,עברית,32
2026-07-30T17:45:24,63,נשים,בלעא,language,ערבית,8
2026-07-30T17:45:24,63,נשים,בלעא,language,צרפתית,2
2026-07-30T17:45:24,63,נשים,בלעא,language,רומנית,2
2026-07-30T17:45:24,63,נשים,בלעא,language,רוסית,11
2026-07-30T17:45:48,63,נשים,בני עטרות,gender,גבר,26
2026-07-30T17:45:48,63,נשים,בני עטרות,gender,אישה,39
2026-07-30T17:45:48,63,נשים,בני עטרות,visit_type,ביקור במרפאה,70
2026-07-30T17:45:48,63,נשים,בני עטרות,language,אידיש,1
2026-07-30T17:45:48,63,נשים,בני עטרות,language,איטלקית,4
2026-07-30T17:45:48,63,נשים,בני עטרות,language,אנגלית,19
2026-07-30T17:45:48,63,נשים,בני עטרות,language,ספרדית,1
2026-07-30T17:45:48,63,נשים,בני עטרות,language,עברית,35
2026-07-30T17:45:48,63,נשים,בני עטרות,language,ערבית,1
2026-07-30T17:45:48,63,נשים,בני עטרות,language,צרפתית,2
2026-07-30T17:45:48,63,נשים,בני עטרות,language,רומנית,6
2026-07-30T17:45:48,63,נשים,בני עטרות,language,רוסית,5
2026-07-30T17:46:01,63,נשים,בר כוכבא,gender,גבר,47
2026-07-30T17:46:01,63,נשים,בר כוכבא,gender,אישה,79
2026-07-30T17:46:01,63,נשים,בר כוכבא,visit_type,ביקור במרפאה,131
2026-07-30T17:46:01,63,נשים,בר כוכבא,visit_type,שיחת טלפון,16
2026-07-30T17:46:01,63,נשים,בר כוכבא,visit_type,שיחת וידאו,1
2026-07-30T17:46:01,63,נשים,בר כוכבא,language,אידיש,2
2026-07-30T17:46:01,63,נשים,בר כוכבא,language,אנגלית,20
2026-07-30T17:46:01,63,נשים,בר כוכבא,language,עברית,24
2026-07-30T17:46:01,63,נשים,בר כוכבא,language,ערבית,3
2026-07-30T17:46:01,63,נשים,בר כוכבא,language,צרפתית,2
2026-07-30T17:46:01,63,נשים,בר כוכבא,language,רוסית,3
2026-07-30T17:46:25,63,נשים,בת חפר,gender,גבר,47
2026-07-30T17:46:25,63,נשים,בת חפר,gender,אישה,92
2026-07-30T17:46:25,63,נשים,בת חפר,visit_type,ביקור במרפאה,142
2026-07-30T17:46:25,63,נשים,בת חפר,visit_type,שיחת טלפון,2
2026-07-30T17:46:25,63,נשים,בת חפר,language,אידיש,1
2026-07-30T17:46:25,63,נשים,בת חפר,language,אנגלית,18
2026-07-30T17:46:25,63,נשים,בת חפר,language,גרמנית,1
2026-07-30T17:46:25,63,נשים,בת חפר,language,עברית,32
2026-07-30T17:46:25,63,נשים,בת חפר,language,ערבית,8
2026-07-30T17:46:25,63,נשים,בת חפר,language,צרפתית,2
2026-07-30T17:46:25,63,נשים,בת חפר,language,רומנית,2
2026-07-30T17:46:25,63,נשים,בת חפר,language,רוסית,11
2026-07-30T17:46:51,63,נשים,גאולים,gender,גבר,47
2026-07-30T17:46:51,63,נשים,גאולים,gender,אישה,92
2026-07-30T17:46:51,63,נשים,גאולים,visit_type,ביקור במרפאה,142
2026-07-30T17:46:51,63,נשים,גאולים,visit_type,שיחת טלפון,2
2026-07-30T17:46:51,63,נשים,גאולים,language,אידיש,1
2026-07-30T17:46:51,63,נשים,גאולים,language,אנגלית,18
2026-07-30T17:46:51,63,נשים,גאולים,language,גרמנית,1
2026-07-30T17:46:51,63,נשים,גאולים,language,עברית,32
2026-07-30T17:46:51,63,נשים,גאולים,language,ערבית,8
2026-07-30T17:46:51,63,נשים,גאולים,language,צרפתית,2
2026-07-30T17:46:51,63,נשים,גאולים,language,רומנית,2
2026-07-30T17:46:51,63,נשים,גאולים,language,רוסית,11
2026-07-30T17:47:15,63,נשים,גבעות הרואה,gender,גבר,47
2026-07-30T17:47:15,63,נשים,גבעות הרואה,gender,אישה,79
2026-07-30T17:47:15,63,נשים,גבעות הרואה,visit_type,ביקור במרפאה,131
2026-07-30T17:47:15,63,נשים,גבעות הרואה,visit_type,שיחת טלפון,16
2026-07-30T17:47:15,63,נשים,גבעות הרואה,visit_type,שיחת וידאו,1
2026-07-30T17:47:15,63,נשים,גבעות הרואה,language,אידיש,2
2026-07-30T17:47:15,63,נשים,גבעות הרואה,language,אנגלית,20
2026-07-30T17:47:15,63,נשים,גבעות הרואה,language,עברית,24
2026-07-30T17:47:15,63,נשים,גבעות הרואה,language,ערבית,3
2026-07-30T17:47:15,63,נשים,גבעות הרואה,language,צרפתית,2
2026-07-30T17:47:15,63,נשים,גבעות הרואה,language,רוסית,3
2026-07-30T17:47:37,63,נשים,גזר,gender,גבר,40
2026-07-30T17:47:37,63,נשים,גזר,gender,אישה,46
2026-07-30T17:47:37,63,נשים,גזר,visit_type,ביקור במרפאה,88
2026-07-30T17:47:37,63,נשים,גזר,language,אוקראינית,3
2026-07-30T17:47:37,63,נשים,גזר,language,אידיש,1
2026-07-30T17:47:37,63,נשים,גזר,language,איטלקית,2
2026-07-30T17:47:37,63,נשים,גזר,language,אנגלית,21
2026-07-30T17:47:37,63,נשים,גזר,language,הונגרית,1
2026-07-30T17:47:37,63,נשים,גזר,language,ספרדית,1
2026-07-30T17:47:37,63,נשים,גזר,language,עברית,29
2026-07-30T17:47:37,63,נשים,גזר,language,צרפתית,1
2026-07-30T17:47:37,63,נשים,גזר,language,רוסית,12
2026-07-30T17:47:53,63,נשים,גיתית,gender,גבר,47
2026-07-30T17:47:53,63,נשים,גיתית,gender,אישה,79
2026-07-30T17:47:53,63,נשים,גיתית,visit_type,ביקור במרפאה,131
2026-07-30T17:47:53,63,נשים,גיתית,visit_type,שיחת טלפון,16
2026-07-30T17:47:53,63,נשים,גיתית,visit_type,שיחת וידאו,1
2026-07-30T17:47:53,63,נשים,גיתית,language,אידיש,2
2026-07-30T17:47:53,63,נשים,גיתית,language,אנגלית,20
2026-07-30T17:47:53,63,נשים,גיתית,language,עברית,24
2026-07-30T17:47:53,63,נשים,גיתית,language,ערבית,3
2026-07-30T17:47:53,63,נשים,גיתית,language,צרפתית,2
2026-07-30T17:47:53,63,נשים,גיתית,language,רוסית,3
2026-07-30T17:48:16,63,נשים,גני יוחנן,gender,גבר,52
2026-07-30T17:48:16,63,נשים,גני יוחנן,gender,אישה,56
2026-07-30T17:48:16,63,נשים,גני יוחנן,visit_type,ביקור במרפאה,113
2026-07-30T17:48:16,63,נשים,גני יוחנן,language,אוקראינית,3
2026-07-30T17:48:16,63,נשים,גני יוחנן,language,אידיש,1
2026-07-30T17:48:16,63,נשים,גני יוחנן,language,איטלקית,2
2026-07-30T17:48:16,63,נשים,גני יוחנן,language,אנגלית,26
2026-07-30T17:48:16,63,נשים,גני יוחנן,language,גרוזינית,1
2026-07-30T17:48:16,63,נשים,גני יוחנן,language,הונגרית,2
2026-07-30T17:48:16,63,נשים,גני יוחנן,language,ספרדית,1
2026-07-30T17:48:16,63,נשים,גני יוחנן,language,עברית,37
2026-07-30T17:48:16,63,נשים,גני יוחנן,language,צרפתית,2
2026-07-30T17:48:16,63,נשים,גני יוחנן,language,רוסית,17
2026-07-30T17:48:37,63,נשים,גשר הזיו,gender,גבר,23
2026-07-30T17:48:37,63,נשים,גשר הזיו,gender,אישה,64
2026-07-30T17:48:37,63,נשים,גשר הזיו,visit_type,ביקור במרפאה,88
2026-07-30T17:48:37,63,נשים,גשר הזיו,visit_type,שיחת טלפון,2
2026-07-30T17:48:37,63,נשים,גשר הזיו,language,איטלקית,4
2026-07-30T17:48:37,63,נשים,גשר הזיו,language,אנגלית,56
2026-07-30T17:48:37,63,נשים,גשר הזיו,language,ספרדית,1
2026-07-30T17:48:37,63,נשים,גשר הזיו,language,עברית,85
2026-07-30T17:48:37,63,נשים,גשר הזיו,language,ערבית,64
2026-07-30T17:48:37,63,נשים,גשר הזיו,language,רומנית,4
2026-07-30T17:48:37,63,נשים,גשר הזיו,language,רוסית,15
2026-07-30T17:48:52,63,נשים,דהיישה מחנה פליטים,gender,גבר,47
2026-07-30T17:48:52,63,נשים,דהיישה מחנה פליטים,gender,אישה,79
2026-07-30T17:48:52,63,נשים,דהיישה מחנה פליטים,visit_type,ביקור במרפאה,131
2026-07-30T17:48:52,63,נשים,דהיישה מחנה פליטים,visit_type,שיחת טלפון,16
2026-07-30T17:48:52,63,נשים,דהיישה מחנה פליטים,visit_type,שיחת וידאו,1
2026-07-30T17:48:52,63,נשים,דהיישה מחנה פליטים,language,אידיש,2
2026-07-30T17:48:52,63,נשים,דהיישה מחנה פליטים,language,אנגלית,20
2026-07-30T17:48:52,63,נשים,דהיישה מחנה פליטים,language,עברית,24
2026-07-30T17:48:52,63,נשים,דהיישה מחנה פליטים,language,ערבית,3
2026-07-30T17:48:52,63,נשים,דהיישה מחנה פליטים,language,צרפתית,2
2026-07-30T17:48:52,63,נשים,דהיישה מחנה פליטים,language,רוסית,3
2026-07-30T17:49:17,63,נשים,דחי,gender,גבר,48
2026-07-30T17:49:17,63,נשים,דחי,gender,אישה,127
2026-07-30T17:49:17,63,נשים,דחי,visit_type,ביקור במרפאה,176
2026-07-30T17:49:17,63,נשים,דחי,visit_type,שיחת טלפון,1
2026-07-30T17:49:17,63,נשים,דחי,language,איטלקית,1
2026-07-30T17:49:17,63,נשים,דחי,language,אנגלית,29
2026-07-30T17:49:17,63,נשים,דחי,language,הונגרית,1
2026-07-30T17:49:17,63,נשים,דחי,language,עברית,50
2026-07-30T17:49:17,63,נשים,דחי,language,ערבית,28
2026-07-30T17:49:17,63,נשים,דחי,language,רומנית,1
2026-07-30T17:49:17,63,נשים,דחי,language,רוסית,11
2026-07-30T17:49:43,63,נשים,דיר אל בלח,gender,גבר,68
2026-07-30T17:49:43,63,נשים,דיר אל בלח,gender,אישה,86
2026-07-30T17:49:43,63,נשים,דיר אל בלח,visit_type,ביקור במרפאה,156
2026-07-30T17:49:43,63,נשים,דיר אל בלח,visit_type,שיחת טלפון,1
2026-07-30T17:49:43,63,נשים,דיר אל בלח,language,אידיש,4
2026-07-30T17:49:43,63,נשים,דיר אל בלח,language,אנגלית,22
2026-07-30T17:49:43,63,נשים,דיר אל בלח,language,גרמנית,1
2026-07-30T17:49:43,63,נשים,דיר אל בלח,language,ליטאית,1
2026-07-30T17:49:43,63,נשים,דיר אל בלח,language,סינית,1
2026-07-30T17:49:43,63,נשים,דיר אל בלח,language,עברית,14
2026-07-30T17:49:43,63,נשים,דיר אל בלח,language,ערבית,4
2026-07-30T17:49:43,63,נשים,דיר אל בלח,language,רוסית,22
2026-07-30T17:50:09,63,נשים,הבונים,gender,אישה,136
2026-07-30T17:50:09,63,נשים,הבונים,gender,גבר,48
2026-07-30T17:50:09,63,נשים,הבונים,visit_type,ביקור במרפאה,185
2026-07-30T17:50:09,63,נשים,הבונים,visit_type,שיחת טלפון,1
2026-07-30T17:50:09,63,נשים,הבונים,language,אידיש,1
2026-07-30T17:50:09,63,נשים,הבונים,language,איטלקית,3
2026-07-30T17:50:09,63,נשים,הבונים,language,אנגלית,68
2026-07-30T17:50:09,63,נשים,הבונים,language,הונגרית,3
2026-07-30T17:50:09,63,נשים,הבונים,language,עברית,100
2026-07-30T17:50:09,63,נשים,הבונים,language,ערבית,40
2026-07-30T17:50:09,63,נשים,הבונים,language,צרפתית,5
2026-07-30T17:50:09,63,נשים,הבונים,language,רומנית,5
2026-07-30T17:50:09,63,נשים,הבונים,language,רוסית,27
2026-07-30T17:50:09,63,נשים,הבונים,language,שוודית,1
2026-07-30T17:50:34,63,נשים,הזורעים,gender,גבר,29
2026-07-30T17:50:34,63,נשים,הזורעים,gender,אישה,58
2026-07-30T17:50:34,63,נשים,הזורעים,visit_type,ביקור במרפאה,87
2026-07-30T17:50:34,63,נשים,הזורעים,language,אנגלית,9
2026-07-30T17:50:34,63,נשים,הזורעים,language,עברית,13
2026-07-30T17:50:34,63,נשים,הזורעים,language,ערבית,4
2026-07-30T17:50:34,63,נשים,הזורעים,language,רוסית,3
2026-07-30T17:50:50,63,נשים,הר עמשא,gender,גבר,43
2026-07-30T17:50:50,63,נשים,הר עמשא,gender,אישה,67
2026-07-30T17:50:50,63,נשים,הר עמשא,visit_type,ביקור במרפאה,112
2026-07-30T17:50:50,63,נשים,הר עמשא,language,אידיש,3
2026-07-30T17:50:50,63,נשים,הר עמשא,language,אנגלית,21
2026-07-30T17:50:50,63,נשים,הר עמשא,language,ליטאית,1
2026-07-30T17:50:50,63,נשים,הר עמשא,language,סינית,1
2026-07-30T17:50:50,63,נשים,הר עמשא,language,עברית,9
2026-07-30T17:50:50,63,נשים,הר עמשא,language,ערבית,4
2026-07-30T17:50:50,63,נשים,הר עמשא,language,רוסית,19
2026-07-30T17:51:12,63,נשים,זבאבידה,gender,גבר,47
2026-07-30T17:51:12,63,נשים,זבאבידה,gender,אישה,92
2026-07-30T17:51:12,63,נשים,זבאבידה,visit_type,ביקור במרפאה,142
2026-07-30T17:51:12,63,נשים,זבאבידה,visit_type,שיחת טלפון,2
2026-07-30T17:51:12,63,נשים,זבאבידה,language,אידיש,1
2026-07-30T17:51:12,63,נשים,זבאבידה,language,אנגלית,18
2026-07-30T17:51:12,63,נשים,זבאבידה,language,גרמנית,1
2026-07-30T17:51:12,63,נשים,זבאבידה,language,עברית,32
2026-07-30T17:51:12,63,נשים,זבאבידה,language,ערבית,8
2026-07-30T17:51:12,63,נשים,זבאבידה,language,צרפתית,2
2026-07-30T17:51:12,63,נשים,זבאבידה,language,רומנית,2
2026-07-30T17:51:12,63,נשים,זבאבידה,language,רוסית,11
2026-07-30T17:51:37,63,נשים,זיתן,gender,גבר,40
2026-07-30T17:51:37,63,נשים,זיתן,gender,אישה,46
2026-07-30T17:51:37,63,נשים,זיתן,visit_type,ביקור במרפאה,88
2026-07-30T17:51:37,63,נשים,זיתן,language,אוקראינית,3
2026-07-30T17:51:37,63,נשים,זיתן,language,אידיש,1
2026-07-30T17:51:37,63,נשים,זיתן,language,איטלקית,2
2026-07-30T17:51:37,63,נשים,זיתן,language,אנגלית,21
2026-07-30T17:51:37,63,נשים,זיתן,language,הונגרית,1
2026-07-30T17:51:37,63,נשים,זיתן,language,ספרדית,1
2026-07-30T17:51:37,63,נשים,זיתן,language,עברית,29
2026-07-30T17:51:37,63,נשים,זיתן,language,צרפתית,1
2026-07-30T17:51:37,63,נשים,זיתן,language,רוסית,12
2026-07-30T17:51:54,63,נשים,זרעית,gender,גבר,23
2026-07-30T17:51:54,63,נשים,זרעית,gender,אישה,64
2026-07-30T17:51:54,63,נשים,זרעית,visit_type,ביקור במרפאה,88
2026-07-30T17:51:54,63,נשים,זרעית,visit_type,שיחת טלפון,2
2026-07-30T17:51:54,63,נשים,זרעית,language,איטלקית,4
2026-07-30T17:51:54,63,נשים,זרעית,language,אנגלית,56
2026-07-30T17:51:54,63,נשים,זרעית,language,ספרדית,1
2026-07-30T17:51:54,63,נשים,זרעית,language,עברית,85
2026-07-30T17:51:54,63,נשים,זרעית,language,ערבית,64
2026-07-30T17:51:54,63,נשים,זרעית,language,רומנית,4
2026-07-30T17:51:54,63,נשים,זרעית,language,רוסית,15
2026-07-30T17:52:12,63,נשים,חגלה,gender,גבר,62
2026-07-30T17:52:12,63,נשים,חגלה,gender,אישה,138
2026-07-30T17:52:12,63,נשים,חגלה,visit_type,ביקור במרפאה,203
2026-07-30T17:52:12,63,נשים,חגלה,visit_type,שיחת טלפון,2
2026-07-30T17:52:12,63,נשים,חגלה,language,אידיש,1
2026-07-30T17:52:12,63,נשים,חגלה,language,איטלקית,1
2026-07-30T17:52:12,63,נשים,חגלה,language,אנגלית,38
2026-07-30T17:52:12,63,נשים,חגלה,language,גרמנית,1
2026-07-30T17:52:12,63,נשים,חגלה,language,הונגרית,1
2026-07-30T17:52:12,63,נשים,חגלה,language,עברית,63
2026-07-30T17:52:12,63,נשים,חגלה,language,ערבית,28
2026-07-30T17:52:12,63,נשים,חגלה,language,צרפתית,2
2026-07-30T17:52:12,63,נשים,חגלה,language,רומנית,3
2026-07-30T17:52:12,63,נשים,חגלה,language,רוסית,15
2026-07-30T17:52:40,63,נשים,חוסן,gender,גבר,47
2026-07-30T17:52:40,63,נשים,חוסן,gender,אישה,127
2026-07-30T17:52:40,63,נשים,חוסן,visit_type,ביקור במרפאה,175
2026-07-30T17:52:40,63,נשים,חוסן,visit_type,שיחת טלפון,2
2026-07-30T17:52:40,63,נשים,חוסן,language,אידיש,1
2026-07-30T17:52:40,63,נשים,חוסן,language,איטלקית,7
2026-07-30T17:52:40,63,נשים,חוסן,language,אנגלית,116
2026-07-30T17:52:40,63,נשים,חוסן,language,הונגרית,3
2026-07-30T17:52:40,63,נשים,חוסן,language,ספרדית,1
2026-07-30T17:52:40,63,נשים,חוסן,language,עברית,169
2026-07-30T17:52:40,63,נשים,חוסן,language,ערבית,98
2026-07-30T17:52:40,63,נשים,חוסן,language,צרפתית,5
2026-07-30T17:52:40,63,נשים,חוסן,language,רומנית,9
2026-07-30T17:52:40,63,נשים,חוסן,language,רוסית,34
2026-07-30T17:52:40,63,נשים,חוסן,language,שוודית,1
2026-07-30T17:53:04,63,נשים,חלחול,gender,גבר,47
2026-07-30T17:53:04,63,נשים,חלחול,gender,אישה,79
2026-07-30T17:53:04,63,נשים,חלחול,visit_type,ביקור במרפאה,131
2026-07-30T17:53:04,63,נשים,חלחול,visit_type,שיחת טלפון,16
2026-07-30T17:53:04,63,נשים,חלחול,visit_type,שיחת וידאו,1
2026-07-30T17:53:04,63,נשים,חלחול,language,אידיש,2
2026-07-30T17:53:04,63,נשים,חלחול,language,אנגלית,20
2026-07-30T17:53:04,63,נשים,חלחול,language,עברית,24
2026-07-30T17:53:04,63,נשים,חלחול,language,ערבית,3
2026-07-30T17:53:04,63,נשים,חלחול,language,צרפתית,2
2026-07-30T17:53:04,63,נשים,חלחול,language,רוסית,3
2026-07-30T17:53:28,63,נשים,חספין,gender,גבר,29
2026-07-30T17:53:28,63,נשים,חספין,gender,אישה,58
2026-07-30T17:53:28,63,נשים,חספין,visit_type,ביקור במרפאה,87
2026-07-30T17:53:28,63,נשים,חספין,language,אנגלית,9
2026-07-30T17:53:28,63,נשים,חספין,language,עברית,13
2026-07-30T17:53:28,63,נשים,חספין,language,ערבית,4
2026-07-30T17:53:28,63,נשים,חספין,language,רוסית,3
2026-07-30T17:53:45,63,נשים,חרות,gender,גבר,47
2026-07-30T17:53:45,63,נשים,חרות,gender,אישה,92
2026-07-30T17:53:45,63,נשים,חרות,visit_type,ביקור במרפאה,142
2026-07-30T17:53:45,63,נשים,חרות,visit_type,שיחת טלפון,2
2026-07-30T17:53:45,63,נשים,חרות,language,אידיש,1
2026-07-30T17:53:45,63,נשים,חרות,language,אנגלית,18
2026-07-30T17:53:45,63,נשים,חרות,language,גרמנית,1
2026-07-30T17:53:45,63,נשים,חרות,language,עברית,32
2026-07-30T17:53:45,63,נשים,חרות,language,ערבית,8
2026-07-30T17:53:45,63,נשים,חרות,language,צרפתית,2
2026-07-30T17:53:45,63,נשים,חרות,language,רומנית,2
2026-07-30T17:53:45,63,נשים,חרות,language,רוסית,11
2026-07-30T17:54:09,63,נשים,טורעאן,gender,גבר,29
2026-07-30T17:54:09,63,נשים,טורעאן,gender,אישה,58
2026-07-30T17:54:09,63,נשים,טורעאן,visit_type,ביקור במרפאה,87
2026-07-30T17:54:09,63,נשים,טורעאן,language,אנגלית,9
2026-07-30T17:54:09,63,נשים,טורעאן,language,עברית,13
2026-07-30T17:54:09,63,נשים,טורעאן,language,ערבית,4
2026-07-30T17:54:09,63,נשים,טורעאן,language,רוסית,3
2026-07-30T17:54:25,63,נשים,טלוזה,gender,גבר,47
2026-07-30T17:54:25,63,נשים,טלוזה,gender,אישה,92
2026-07-30T17:54:25,63,נשים,טלוזה,visit_type,ביקור במרפאה,142
2026-07-30T17:54:25,63,נשים,טלוזה,visit_type,שיחת טלפון,2
2026-07-30T17:54:25,63,נשים,טלוזה,language,אידיש,1
2026-07-30T17:54:25,63,נשים,טלוזה,language,אנגלית,18
2026-07-30T17:54:25,63,נשים,טלוזה,language,גרמנית,1
2026-07-30T17:54:25,63,נשים,טלוזה,language,עברית,32
2026-07-30T17:54:25,63,נשים,טלוזה,language,ערבית,8
2026-07-30T17:54:25,63,נשים,טלוזה,language,צרפתית,2
2026-07-30T17:54:25,63,נשים,טלוזה,language,רומנית,2
2026-07-30T17:54:25,63,נשים,טלוזה,language,רוסית,11
2026-07-30T17:54:48,63,נשים,יאנון,gender,גבר,47
2026-07-30T17:54:48,63,נשים,יאנון,gender,אישה,79
2026-07-30T17:54:48,63,נשים,יאנון,visit_type,ביקור במרפאה,131
2026-07-30T17:54:48,63,נשים,יאנון,visit_type,שיחת טלפון,16
2026-07-30T17:54:48,63,נשים,יאנון,visit_type,שיחת וידאו,1
2026-07-30T17:54:48,63,נשים,יאנון,language,אידיש,2
2026-07-30T17:54:48,63,נשים,יאנון,language,אנגלית,20
2026-07-30T17:54:48,63,נשים,יאנון,language,עברית,24
2026-07-30T17:54:48,63,נשים,יאנון,language,ערבית,3
2026-07-30T17:54:48,63,נשים,יאנון,language,צרפתית,2
2026-07-30T17:54:48,63,נשים,יאנון,language,רוסית,3
2026-07-30T17:55:12,63,נשים,יד בנימין,gender,אישה,31
2026-07-30T17:55:12,63,נשים,יד בנימין,gender,גבר,28
2026-07-30T17:55:12,63,נשים,יד בנימין,visit_type,ביקור במרפאה,63
2026-07-30T17:55:12,63,נשים,יד בנימין,language,אוקראינית,2
2026-07-30T17:55:12,63,נשים,יד בנימין,language,איטלקית,1
2026-07-30T17:55:12,63,נשים,יד בנימין,language,אנגלית,13
2026-07-30T17:55:12,63,נשים,יד בנימין,language,גרוזינית,1
2026-07-30T17:55:12,63,נשים,יד בנימין,language,הונגרית,1
2026-07-30T17:55:12,63,נשים,יד בנימין,language,ספרדית,1
2026-07-30T17:55:12,63,נשים,יד בנימין,language,עברית,20
2026-07-30T17:55:12,63,נשים,יד בנימין,language,צרפתית,2
2026-07-30T17:55:12,63,נשים,יד בנימין,language,רוסית,10
2026-07-30T17:55:26,63,נשים,יובלים,gender,גבר,37
2026-07-30T17:55:26,63,נשים,יובלים,gender,אישה,82
2026-07-30T17:55:26,63,נשים,יובלים,visit_type,ביקור במרפאה,120
2026-07-30T17:55:26,63,נשים,יובלים,visit_type,שיחת טלפון,2
2026-07-30T17:55:26,63,נשים,יובלים,language,אידיש,1
2026-07-30T17:55:26,63,נשים,יובלים,language,איטלקית,4
2026-07-30T17:55:26,63,נשים,יובלים,language,אנגלית,75
2026-07-30T17:55:26,63,נשים,יובלים,language,ספרדית,1
2026-07-30T17:55:26,63,נשים,יובלים,language,עברית,115
2026-07-30T17:55:26,63,נשים,יובלים,language,ערבית,74
2026-07-30T17:55:26,63,נשים,יובלים,language,צרפתית,2
2026-07-30T17:55:26,63,נשים,יובלים,language,רומנית,6
2026-07-30T17:55:26,63,נשים,יובלים,language,רוסית,24
2026-07-30T17:55:26,63,נשים,יובלים,language,שוודית,1
2026-07-30T17:55:48,63,נשים,ינוב,gender,גבר,47
2026-07-30T17:55:48,63,נשים,ינוב,gender,אישה,92
2026-07-30T17:55:48,63,נשים,ינוב,visit_type,ביקור במרפאה,142
2026-07-30T17:55:48,63,נשים,ינוב,visit_type,שיחת טלפון,2
2026-07-30T17:55:48,63,נשים,ינוב,language,אידיש,1
2026-07-30T17:55:48,63,נשים,ינוב,language,אנגלית,18
2026-07-30T17:55:48,63,נשים,ינוב,language,גרמנית,1
2026-07-30T17:55:48,63,נשים,ינוב,language,עברית,32
2026-07-30T17:55:48,63,נשים,ינוב,language,ערבית,8
2026-07-30T17:55:48,63,נשים,ינוב,language,צרפתית,2
2026-07-30T17:55:48,63,נשים,ינוב,language,רומנית,2
2026-07-30T17:55:48,63,נשים,ינוב,language,רוסית,11
2026-07-30T17:56:13,63,נשים,יפיע,gender,גבר,29
2026-07-30T17:56:13,63,נשים,יפיע,gender,אישה,58
2026-07-30T17:56:13,63,נשים,יפיע,visit_type,ביקור במרפאה,87
2026-07-30T17:56:13,63,נשים,יפיע,language,אנגלית,9
2026-07-30T17:56:13,63,נשים,יפיע,language,עברית,13
2026-07-30T17:56:13,63,נשים,יפיע,language,ערבית,4
2026-07-30T17:56:13,63,נשים,יפיע,language,רוסית,3
2026-07-30T17:56:30,63,נשים,יראון,gender,גבר,29
2026-07-30T17:56:30,63,נשים,יראון,gender,אישה,58
2026-07-30T17:56:30,63,נשים,יראון,visit_type,ביקור במרפאה,87
2026-07-30T17:56:30,63,נשים,יראון,language,אנגלית,9
2026-07-30T17:56:30,63,נשים,יראון,language,עברית,13
2026-07-30T17:56:30,63,נשים,יראון,language,ערבית,4
2026-07-30T17:56:30,63,נשים,יראון,language,רוסית,3
2026-07-30T17:56:46,63,נשים,ישרש,gender,גבר,40
2026-07-30T17:56:46,63,נשים,ישרש,gender,אישה,46
2026-07-30T17:56:46,63,נשים,ישרש,visit_type,ביקור במרפאה,88
2026-07-30T17:56:46,63,נשים,ישרש,language,אוקראינית,3
2026-07-30T17:56:46,63,נשים,ישרש,language,אידיש,1
2026-07-30T17:56:46,63,נשים,ישרש,language,איטלקית,2
2026-07-30T17:56:46,63,נשים,ישרש,language,אנגלית,21
2026-07-30T17:56:46,63,נשים,ישרש,language,הונגרית,1
2026-07-30T17:56:46,63,נשים,ישרש,language,ספרדית,1
2026-07-30T17:56:46,63,נשים,ישרש,language,עברית,29
2026-07-30T17:56:46,63,נשים,ישרש,language,צרפתית,1
2026-07-30T17:56:46,63,נשים,ישרש,language,רוסית,12
2026-07-30T17:57:02,63,נשים,כוכב השחר,gender,גבר,47
2026-07-30T17:57:02,63,נשים,כוכב השחר,gender,אישה,79
2026-07-30T17:57:02,63,נשים,כוכב השחר,visit_type,ביקור במרפאה,131
2026-07-30T17:57:02,63,נשים,כוכב השחר,visit_type,שיחת טלפון,16
2026-07-30T17:57:02,63,נשים,כוכב השחר,visit_type,שיחת וידאו,1
2026-07-30T17:57:02,63,נשים,כוכב השחר,language,אידיש,2
2026-07-30T17:57:02,63,נשים,כוכב השחר,language,אנגלית,20
2026-07-30T17:57:02,63,נשים,כוכב השחר,language,עברית,24
2026-07-30T17:57:02,63,נשים,כוכב השחר,language,ערבית,3
2026-07-30T17:57:02,63,נשים,כוכב השחר,language,צרפתית,2
2026-07-30T17:57:02,63,נשים,כוכב השחר,language,רוסית,3
2026-07-30T17:57:25,63,נשים,כינרת קבוצה,gender,גבר,29
2026-07-30T17:57:25,63,נשים,כינרת קבוצה,gender,אישה,58
2026-07-30T17:57:25,63,נשים,כינרת קבוצה,visit_type,ביקור במרפאה,87
2026-07-30T17:57:25,63,נשים,כינרת קבוצה,language,אנגלית,9
2026-07-30T17:57:25,63,נשים,כינרת קבוצה,language,עברית,13
2026-07-30T17:57:25,63,נשים,כינרת קבוצה,language,ערבית,4
2026-07-30T17:57:25,63,נשים,כינרת קבוצה,language,רוסית,3
2026-07-30T17:57:41,63,נשים,כמון,gender,גבר,37
2026-07-30T17:57:41,63,נשים,כמון,gender,אישה,82
2026-07-30T17:57:41,63,נשים,כמון,visit_type,ביקור במרפאה,120
2026-07-30T17:57:41,63,נשים,כמון,visit_type,שיחת טלפון,2
2026-07-30T17:57:41,63,נשים,כמון,language,אידיש,1
2026-07-30T17:57:41,63,נשים,כמון,language,איטלקית,4
2026-07-30T17:57:41,63,נשים,כמון,language,אנגלית,75
2026-07-30T17:57:41,63,נשים,כמון,language,ספרדית,1
2026-07-30T17:57:41,63,נשים,כמון,language,עברית,115
2026-07-30T17:57:41,63,נשים,כמון,language,ערבית,74
2026-07-30T17:57:41,63,נשים,כמון,language,צרפתית,2
2026-07-30T17:57:41,63,נשים,כמון,language,רומנית,6
2026-07-30T17:57:41,63,נשים,כמון,language,רוסית,24
2026-07-30T17:57:41,63,נשים,כמון,language,שוודית,1
2026-07-30T17:58:02,63,נשים,כפר אוריה,gender,גבר,47
2026-07-30T17:58:02,63,נשים,כפר אוריה,gender,אישה,79
2026-07-30T17:58:02,63,נשים,כפר אוריה,visit_type,ביקור במרפאה,131
2026-07-30T17:58:02,63,נשים,כפר אוריה,visit_type,שיחת טלפון,16
2026-07-30T17:58:02,63,נשים,כפר אוריה,visit_type,שיחת וידאו,1
2026-07-30T17:58:02,63,נשים,כפר אוריה,language,אידיש,2
2026-07-30T17:58:02,63,נשים,כפר אוריה,language,אנגלית,20
2026-07-30T17:58:02,63,נשים,כפר אוריה,language,עברית,24
2026-07-30T17:58:02,63,נשים,כפר אוריה,language,ערבית,3
2026-07-30T17:58:02,63,נשים,כפר אוריה,language,צרפתית,2
2026-07-30T17:58:02,63,נשים,כפר אוריה,language,רוסית,3
2026-07-30T17:58:25,63,נשים,כרם בן שמן,gender,גבר,40
2026-07-30T17:58:25,63,נשים,כרם בן שמן,gender,אישה,46
2026-07-30T17:58:25,63,נשים,כרם בן שמן,visit_type,ביקור במרפאה,88
2026-07-30T17:58:25,63,נשים,כרם בן שמן,language,אוקראינית,3
2026-07-30T17:58:25,63,נשים,כרם בן שמן,language,אידיש,1
2026-07-30T17:58:25,63,נשים,כרם בן שמן,language,איטלקית,2
2026-07-30T17:58:25,63,נשים,כרם בן שמן,language,אנגלית,21
2026-07-30T17:58:25,63,נשים,כרם בן שמן,language,הונגרית,1
2026-07-30T17:58:25,63,נשים,כרם בן שמן,language,ספרדית,1
2026-07-30T17:58:25,63,נשים,כרם בן שמן,language,עברית,29
2026-07-30T17:58:25,63,נשים,כרם בן שמן,language,צרפתית,1
2026-07-30T17:58:25,63,נשים,כרם בן שמן,language,רוסית,12
2026-07-30T17:58:42,63,נשים,לבנים,gender,גבר,29
2026-07-30T17:58:42,63,נשים,לבנים,gender,אישה,58
2026-07-30T17:58:42,63,נשים,לבנים,visit_type,ביקור במרפאה,87
2026-07-30T17:58:42,63,נשים,לבנים,language,אנגלית,9
2026-07-30T17:58:42,63,נשים,לבנים,language,עברית,13
2026-07-30T17:58:42,63,נשים,לבנים,language,ערבית,4
2026-07-30T17:58:42,63,נשים,לבנים,language,רוסית,3
2026-07-30T17:58:56,63,נשים,לוטן,gender,גבר,5
2026-07-30T17:58:56,63,נשים,לוטן,gender,אישה,2
2026-07-30T17:58:56,63,נשים,לוטן,visit_type,ביקור במרפאה,10
2026-07-30T17:58:56,63,נשים,לוטן,visit_type,שיחת טלפון,8
2026-07-30T17:58:56,63,נשים,לוטן,language,אנגלית,2
2026-07-30T17:58:56,63,נשים,לוטן,language,עברית,2
2026-07-30T17:58:56,63,נשים,לוטן,language,רוסית,1
2026-07-30T17:59:00,63,נשים,מבוא חורון,gender,גבר,40
2026-07-30T17:59:00,63,נשים,מבוא חורון,gender,אישה,46
2026-07-30T17:59:00,63,נשים,מבוא חורון,visit_type,ביקור במרפאה,88
2026-07-30T17:59:00,63,נשים,מבוא חורון,language,אוקראינית,3
2026-07-30T17:59:00,63,נשים,מבוא חורון,language,אידיש,1
2026-07-30T17:59:00,63,נשים,מבוא חורון,language,איטלקית,2
2026-07-30T17:59:00,63,נשים,מבוא חורון,language,אנגלית,21
2026-07-30T17:59:00,63,נשים,מבוא חורון,language,הונגרית,1
2026-07-30T17:59:00,63,נשים,מבוא חורון,language,ספרדית,1
2026-07-30T17:59:00,63,נשים,מבוא חורון,language,עברית,29
2026-07-30T17:59:00,63,נשים,מבוא חורון,language,צרפתית,1
2026-07-30T17:59:00,63,נשים,מבוא חורון,language,רוסית,12
2026-07-30T17:59:15,63,נשים,מג'דל,gender,גבר,47
2026-07-30T17:59:15,63,נשים,מג'דל,gender,אישה,79
2026-07-30T17:59:15,63,נשים,מג'דל,visit_type,ביקור במרפאה,131
2026-07-30T17:59:15,63,נשים,מג'דל,visit_type,שיחת טלפון,16
2026-07-30T17:59:15,63,נשים,מג'דל,visit_type,שיחת וידאו,1
2026-07-30T17:59:15,63,נשים,מג'דל,language,אידיש,2
2026-07-30T17:59:15,63,נשים,מג'דל,language,אנגלית,20
2026-07-30T17:59:15,63,נשים,מג'דל,language,עברית,24
2026-07-30T17:59:15,63,נשים,מג'דל,language,ערבית,3
2026-07-30T17:59:15,63,נשים,מג'דל,language,צרפתית,2
2026-07-30T17:59:15,63,נשים,מג'דל,language,רוסית,3
2026-07-30T17:59:39,63,נשים,מדרשת בן גוריון,gender,גבר,43
2026-07-30T17:59:39,63,נשים,מדרשת בן גוריון,gender,אישה,67
2026-07-30T17:59:39,63,נשים,מדרשת בן גוריון,visit_type,ביקור במרפאה,112
2026-07-30T17:59:39,63,נשים,מדרשת בן גוריון,language,אידיש,3
2026-07-30T17:59:39,63,נשים,מדרשת בן גוריון,language,אנגלית,21
2026-07-30T17:59:39,63,נשים,מדרשת בן גוריון,language,ליטאית,1
2026-07-30T17:59:39,63,נשים,מדרשת בן גוריון,language,סינית,1
2026-07-30T17:59:39,63,נשים,מדרשת בן גוריון,language,עברית,9
2026-07-30T17:59:39,63,נשים,מדרשת בן גוריון,language,ערבית,4
2026-07-30T17:59:39,63,נשים,מדרשת בן גוריון,language,רוסית,19
2026-07-30T18:00:00,63,נשים,מורן,gender,גבר,37
2026-07-30T18:00:00,63,נשים,מורן,gender,אישה,82
2026-07-30T18:00:00,63,נשים,מורן,visit_type,ביקור במרפאה,120
2026-07-30T18:00:00,63,נשים,מורן,visit_type,שיחת טלפון,2
2026-07-30T18:00:00,63,נשים,מורן,language,אידיש,1
2026-07-30T18:00:00,63,נשים,מורן,language,איטלקית,4
2026-07-30T18:00:00,63,נשים,מורן,language,אנגלית,75
2026-07-30T18:00:00,63,נשים,מורן,language,ספרדית,1
2026-07-30T18:00:00,63,נשים,מורן,language,עברית,115
2026-07-30T18:00:00,63,נשים,מורן,language,ערבית,74
2026-07-30T18:00:00,63,נשים,מורן,language,צרפתית,2
2026-07-30T18:00:00,63,נשים,מורן,language,רומנית,6
2026-07-30T18:00:00,63,נשים,מורן,language,רוסית,24
2026-07-30T18:00:00,63,נשים,מורן,language,שוודית,1
2026-07-30T18:00:21,63,נשים,מחסיה,gender,גבר,47
2026-07-30T18:00:21,63,נשים,מחסיה,gender,אישה,79
2026-07-30T18:00:21,63,נשים,מחסיה,visit_type,ביקור במרפאה,131
2026-07-30T18:00:21,63,נשים,מחסיה,visit_type,שיחת טלפון,16
2026-07-30T18:00:21,63,נשים,מחסיה,visit_type,שיחת וידאו,1
2026-07-30T18:00:21,63,נשים,מחסיה,language,אידיש,2
2026-07-30T18:00:21,63,נשים,מחסיה,language,אנגלית,20
2026-07-30T18:00:21,63,נשים,מחסיה,language,עברית,24
2026-07-30T18:00:21,63,נשים,מחסיה,language,ערבית,3
2026-07-30T18:00:21,63,נשים,מחסיה,language,צרפתית,2
2026-07-30T18:00:21,63,נשים,מחסיה,language,רוסית,3
2026-07-30T18:00:45,63,נשים,מירכה,gender,גבר,47
2026-07-30T18:00:45,63,נשים,מירכה,gender,אישה,92
2026-07-30T18:00:45,63,נשים,מירכה,visit_type,ביקור במרפאה,142
2026-07-30T18:00:45,63,נשים,מירכה,visit_type,שיחת טלפון,2
2026-07-30T18:00:45,63,נשים,מירכה,language,אידיש,1
2026-07-30T18:00:45,63,נשים,מירכה,language,אנגלית,18
2026-07-30T18:00:45,63,נשים,מירכה,language,גרמנית,1
2026-07-30T18:00:45,63,נשים,מירכה,language,עברית,32
2026-07-30T18:00:45,63,נשים,מירכה,language,ערבית,8
2026-07-30T18:00:45,63,נשים,מירכה,language,צרפתית,2
2026-07-30T18:00:45,63,נשים,מירכה,language,רומנית,2
2026-07-30T18:00:45,63,נשים,מירכה,language,רוסית,11
2026-07-30T18:01:11,63,נשים,מלכישוע,gender,גבר,48
2026-07-30T18:01:11,63,נשים,מלכישוע,gender,אישה,127
2026-07-30T18:01:11,63,נשים,מלכישוע,visit_type,ביקור במרפאה,176
2026-07-30T18:01:11,63,נשים,מלכישוע,visit_type,שיחת טלפון,1
2026-07-30T18:01:11,63,נשים,מלכישוע,language,איטלקית,1
2026-07-30T18:01:11,63,נשים,מלכישוע,language,אנגלית,29
2026-07-30T18:01:11,63,נשים,מלכישוע,language,הונגרית,1
2026-07-30T18:01:11,63,נשים,מלכישוע,language,עברית,50
2026-07-30T18:01:11,63,נשים,מלכישוע,language,ערבית,28
2026-07-30T18:01:11,63,נשים,מלכישוע,language,רומנית,1
2026-07-30T18:01:11,63,נשים,מלכישוע,language,רוסית,11
2026-07-30T18:01:39,63,נשים,מסילות,gender,גבר,48
2026-07-30T18:01:39,63,נשים,מסילות,gender,אישה,127
2026-07-30T18:01:39,63,נשים,מסילות,visit_type,ביקור במרפאה,176
2026-07-30T18:01:39,63,נשים,מסילות,visit_type,שיחת טלפון,1
2026-07-30T18:01:39,63,נשים,מסילות,language,איטלקית,1
2026-07-30T18:01:39,63,נשים,מסילות,language,אנגלית,29
2026-07-30T18:01:39,63,נשים,מסילות,language,הונגרית,1
2026-07-30T18:01:39,63,נשים,מסילות,language,עברית,50
2026-07-30T18:01:39,63,נשים,מסילות,language,ערבית,28
2026-07-30T18:01:39,63,נשים,מסילות,language,רומנית,1
2026-07-30T18:01:39,63,נשים,מסילות,language,רוסית,11
2026-07-30T18:02:06,63,נשים,מעוז חיים,gender,גבר,48
2026-07-30T18:02:06,63,נשים,מעוז חיים,gender,אישה,127
2026-07-30T18:02:06,63,נשים,מעוז חיים,visit_type,ביקור במרפאה,176
2026-07-30T18:02:06,63,נשים,מעוז חיים,visit_type,שיחת טלפון,1
2026-07-30T18:02:06,63,נשים,מעוז חיים,language,איטלקית,1
2026-07-30T18:02:06,63,נשים,מעוז חיים,language,אנגלית,29
2026-07-30T18:02:06,63,נשים,מעוז חיים,language,הונגרית,1
2026-07-30T18:02:06,63,נשים,מעוז חיים,language,עברית,50
2026-07-30T18:02:06,63,נשים,מעוז חיים,language,ערבית,28
2026-07-30T18:02:06,63,נשים,מעוז חיים,language,רומנית,1
2026-07-30T18:02:06,63,נשים,מעוז חיים,language,רוסית,11
2026-07-30T18:02:32,63,נשים,מפעלי גלבוע,gender,גבר,29
2026-07-30T18:02:32,63,נשים,מפעלי גלבוע,gender,אישה,58
2026-07-30T18:02:32,63,נשים,מפעלי גלבוע,visit_type,ביקור במרפאה,87
2026-07-30T18:02:32,63,נשים,מפעלי גלבוע,language,אנגלית,9
2026-07-30T18:02:32,63,נשים,מפעלי גלבוע,language,עברית,13
2026-07-30T18:02:32,63,נשים,מפעלי גלבוע,language,ערבית,4
2026-07-30T18:02:32,63,נשים,מפעלי גלבוע,language,רוסית,3
2026-07-30T18:02:48,63,נשים,מצפה,gender,גבר,29
2026-07-30T18:02:48,63,נשים,מצפה,gender,אישה,58
2026-07-30T18:02:48,63,נשים,מצפה,visit_type,ביקור במרפאה,87
2026-07-30T18:02:48,63,נשים,מצפה,language,אנגלית,9
2026-07-30T18:02:48,63,נשים,מצפה,language,עברית,13
2026-07-30T18:02:48,63,נשים,מצפה,language,ערבית,4
2026-07-30T18:02:48,63,נשים,מצפה,language,רוסית,3
2026-07-30T18:03:04,63,נשים,מרום גולן,gender,גבר,29
2026-07-30T18:03:04,63,נשים,מרום גולן,gender,אישה,58
2026-07-30T18:03:04,63,נשים,מרום גולן,visit_type,ביקור במרפאה,87
2026-07-30T18:03:04,63,נשים,מרום גולן,language,אנגלית,9
2026-07-30T18:03:04,63,נשים,מרום גולן,language,עברית,13
2026-07-30T18:03:04,63,נשים,מרום גולן,language,ערבית,4
2026-07-30T18:03:04,63,נשים,מרום גולן,language,רוסית,3
2026-07-30T18:03:20,63,נשים,משהד,gender,אישה,58
2026-07-30T18:03:20,63,נשים,משהד,gender,גבר,29
2026-07-30T18:03:20,63,נשים,משהד,visit_type,ביקור במרפאה,87
2026-07-30T18:03:20,63,נשים,משהד,language,אנגלית,9
2026-07-30T18:03:20,63,נשים,משהד,language,עברית,13
2026-07-30T18:03:20,63,נשים,משהד,language,ערבית,4
2026-07-30T18:03:20,63,נשים,משהד,language,רוסית,3
2026-07-30T18:03:37,63,נשים,נאות גולן,gender,גבר,29
2026-07-30T18:03:37,63,נשים,נאות גולן,gender,אישה,58
2026-07-30T18:03:37,63,נשים,נאות גולן,visit_type,ביקור במרפאה,87
2026-07-30T18:03:37,63,נשים,נאות גולן,language,אנגלית,9
2026-07-30T18:03:37,63,נשים,נאות גולן,language,עברית,13
2026-07-30T18:03:37,63,נשים,נאות גולן,language,ערבית,4
2026-07-30T18:03:37,63,נשים,נאות גולן,language,רוסית,3
2026-07-30T18:03:53,63,נשים,נגוהות,gender,גבר,68
2026-07-30T18:03:53,63,נשים,נגוהות,gender,אישה,86
2026-07-30T18:03:53,63,נשים,נגוהות,visit_type,ביקור במרפאה,156
2026-07-30T18:03:53,63,נשים,נגוהות,visit_type,שיחת טלפון,1
2026-07-30T18:03:53,63,נשים,נגוהות,language,אידיש,4
2026-07-30T18:03:53,63,נשים,נגוהות,language,אנגלית,22
2026-07-30T18:03:53,63,נשים,נגוהות,language,גרמנית,1
2026-07-30T18:03:53,63,נשים,נגוהות,language,ליטאית,1
2026-07-30T18:03:53,63,נשים,נגוהות,language,סינית,1
2026-07-30T18:03:53,63,נשים,נגוהות,language,עברית,14
2026-07-30T18:03:53,63,נשים,נגוהות,language,ערבית,4
2026-07-30T18:03:53,63,נשים,נגוהות,language,רוסית,22
2026-07-30T18:04:16,63,נשים,נווה אילן,gender,גבר,47
2026-07-30T18:04:16,63,נשים,נווה אילן,gender,אישה,79
2026-07-30T18:04:16,63,נשים,נווה אילן,visit_type,ביקור במרפאה,131
2026-07-30T18:04:16,63,נשים,נווה אילן,visit_type,שיחת טלפון,16
2026-07-30T18:04:16,63,נשים,נווה אילן,visit_type,שיחת וידאו,1
2026-07-30T18:04:16,63,נשים,נווה אילן,language,אידיש,2
2026-07-30T18:04:16,63,נשים,נווה אילן,language,אנגלית,20
2026-07-30T18:04:16,63,נשים,נווה אילן,language,עברית,24
2026-07-30T18:04:16,63,נשים,נווה אילן,language,ערבית,3
2026-07-30T18:04:16,63,נשים,נווה אילן,language,צרפתית,2
2026-07-30T18:04:16,63,נשים,נווה אילן,language,רוסית,3
2026-07-30T18:04:40,63,נשים,נחל עוז,gender,גבר,47
2026-07-30T18:04:40,63,נשים,נחל עוז,gender,אישה,61
2026-07-30T18:04:40,63,נשים,נחל עוז,visit_type,ביקור במרפאה,108
2026-07-30T18:04:40,63,נשים,נחל עוז,visit_type,שיחת טלפון,1
2026-07-30T18:04:40,63,נשים,נחל עוז,language,אידיש,4
2026-07-30T18:04:40,63,נשים,נחל עוז,language,אנגלית,13
2026-07-30T18:04:40,63,נשים,נחל עוז,language,גרמנית,1
2026-07-30T18:04:40,63,נשים,נחל עוז,language,ליטאית,1
2026-07-30T18:04:40,63,נשים,נחל עוז,language,סינית,1
2026-07-30T18:04:40,63,נשים,נחל עוז,language,עברית,8
2026-07-30T18:04:40,63,נשים,נחל עוז,language,ערבית,3
2026-07-30T18:04:40,63,נשים,נחל עוז,language,רוסית,14
2026-07-30T18:05:00,63,נשים,נטע,gender,גבר,47
2026-07-30T18:05:00,63,נשים,נטע,gender,אישה,61
2026-07-30T18:05:00,63,נשים,נטע,visit_type,ביקור במרפאה,108
2026-07-30T18:05:00,63,נשים,נטע,visit_type,שיחת טלפון,1
2026-07-30T18:05:00,63,נשים,נטע,language,אידיש,4
2026-07-30T18:05:00,63,נשים,נטע,language,אנגלית,13
2026-07-30T18:05:00,63,נשים,נטע,language,גרמנית,1
2026-07-30T18:05:00,63,נשים,נטע,language,ליטאית,1
2026-07-30T18:05:00,63,נשים,נטע,language,סינית,1
2026-07-30T18:05:00,63,נשים,נטע,language,עברית,8
2026-07-30T18:05:00,63,נשים,נטע,language,ערבית,3
2026-07-30T18:05:00,63,נשים,נטע,language,רוסית,14
2026-07-30T18:05:20,63,נשים,ניצני סיני,gender,גבר,43
2026-07-30T18:05:20,63,נשים,ניצני סיני,gender,אישה,67
2026-07-30T18:05:20,63,נשים,ניצני סיני,visit_type,ביקור במרפאה,112
2026-07-30T18:05:20,63,נשים,ניצני סיני,language,אידיש,3
2026-07-30T18:05:20,63,נשים,ניצני סיני,language,אנגלית,21
2026-07-30T18:05:20,63,נשים,ניצני סיני,language,ליטאית,1
2026-07-30T18:05:20,63,נשים,ניצני סיני,language,סינית,1
2026-07-30T18:05:20,63,נשים,ניצני סיני,language,עברית,9
2026-07-30T18:05:20,63,נשים,ניצני סיני,language,ערבית,4
2026-07-30T18:05:20,63,נשים,ניצני סיני,language,רוסית,19
2026-07-30T18:05:40,63,נשים,נעמי,gender,גבר,47
2026-07-30T18:05:40,63,נשים,נעמי,gender,אישה,79
2026-07-30T18:05:40,63,נשים,נעמי,visit_type,ביקור במרפאה,131
2026-07-30T18:05:40,63,נשים,נעמי,visit_type,שיחת טלפון,16
2026-07-30T18:05:40,63,נשים,נעמי,visit_type,שיחת וידאו,1
2026-07-30T18:05:40,63,נשים,נעמי,language,אידיש,2
2026-07-30T18:05:40,63,נשים,נעמי,language,אנגלית,20
2026-07-30T18:05:40,63,נשים,נעמי,language,עברית,24
2026-07-30T18:05:40,63,נשים,נעמי,language,ערבית,3
2026-07-30T18:05:40,63,נשים,נעמי,language,צרפתית,2
2026-07-30T18:05:40,63,נשים,נעמי,language,רוסית,3
2026-07-30T18:06:03,63,נשים,נתיב השיירה,gender,גבר,23
2026-07-30T18:06:03,63,נשים,נתיב השיירה,gender,אישה,64
2026-07-30T18:06:03,63,נשים,נתיב השיירה,visit_type,ביקור במרפאה,88
2026-07-30T18:06:03,63,נשים,נתיב השיירה,visit_type,שיחת טלפון,2
2026-07-30T18:06:03,63,נשים,נתיב השיירה,language,איטלקית,4
2026-07-30T18:06:03,63,נשים,נתיב השיירה,language,אנגלית,56
2026-07-30T18:06:03,63,נשים,נתיב השיירה,language,ספרדית,1
2026-07-30T18:06:03,63,נשים,נתיב השיירה,language,עברית,85
2026-07-30T18:06:03,63,נשים,נתיב השיירה,language,ערבית,64
2026-07-30T18:06:03,63,נשים,נתיב השיירה,language,רומנית,4
2026-07-30T18:06:03,63,נשים,נתיב השיירה,language,רוסית,15
2026-07-30T18:06:19,63,נשים,סגולה,gender,גבר,47
2026-07-30T18:06:19,63,נשים,סגולה,gender,אישה,61
2026-07-30T18:06:19,63,נשים,סגולה,visit_type,ביקור במרפאה,108
2026-07-30T18:06:19,63,נשים,סגולה,visit_type,שיחת טלפון,1
2026-07-30T18:06:19,63,נשים,סגולה,language,אידיש,4
2026-07-30T18:06:19,63,נשים,סגולה,language,אנגלית,13
2026-07-30T18:06:19,63,נשים,סגולה,language,גרמנית,1
2026-07-30T18:06:19,63,נשים,סגולה,language,ליטאית,1
2026-07-30T18:06:19,63,נשים,סגולה,language,סינית,1
2026-07-30T18:06:19,63,נשים,סגולה,language,עברית,8
2026-07-30T18:06:19,63,נשים,סגולה,language,ערבית,3
2026-07-30T18:06:19,63,נשים,סגולה,language,רוסית,14
2026-07-30T18:06:40,63,נשים,סיכה,gender,גבר,68
2026-07-30T18:06:40,63,נשים,סיכה,gender,אישה,86
2026-07-30T18:06:40,63,נשים,סיכה,visit_type,ביקור במרפאה,156
2026-07-30T18:06:40,63,נשים,סיכה,visit_type,שיחת טלפון,1
2026-07-30T18:06:40,63,נשים,סיכה,language,אידיש,4
2026-07-30T18:06:40,63,נשים,סיכה,language,אנגלית,22
2026-07-30T18:06:40,63,נשים,סיכה,language,גרמנית,1
2026-07-30T18:06:40,63,נשים,סיכה,language,ליטאית,1
2026-07-30T18:06:40,63,נשים,סיכה,language,סינית,1
2026-07-30T18:06:40,63,נשים,סיכה,language,עברית,14
2026-07-30T18:06:40,63,נשים,סיכה,language,ערבית,4
2026-07-30T18:06:40,63,נשים,סיכה,language,רוסית,22
2026-07-30T18:07:03,63,נשים,סלפית,gender,גבר,10
2026-07-30T18:07:03,63,נשים,סלפית,gender,אישה,15
2026-07-30T18:07:03,63,נשים,סלפית,visit_type,ביקור במרפאה,29
2026-07-30T18:07:03,63,נשים,סלפית,language,איטלקית,4
2026-07-30T18:07:03,63,נשים,סלפית,language,אנגלית,12
2026-07-30T18:07:03,63,נשים,סלפית,language,ספרדית,1
2026-07-30T18:07:03,63,נשים,סלפית,language,עברית,24
2026-07-30T18:07:03,63,נשים,סלפית,language,ערבית,1
2026-07-30T18:07:03,63,נשים,סלפית,language,צרפתית,2
2026-07-30T18:07:03,63,נשים,סלפית,language,רומנית,4
2026-07-30T18:07:03,63,נשים,סלפית,language,רוסית,2
2026-07-30T18:07:10,63,נשים,ספיר,gender,גבר,43
2026-07-30T18:07:10,63,נשים,ספיר,gender,אישה,67
2026-07-30T18:07:10,63,נשים,ספיר,visit_type,ביקור במרפאה,112
2026-07-30T18:07:10,63,נשים,ספיר,language,אידיש,3
2026-07-30T18:07:10,63,נשים,ספיר,language,אנגלית,21
2026-07-30T18:07:10,63,נשים,ספיר,language,ליטאית,1
2026-07-30T18:07:10,63,נשים,ספיר,language,סינית,1
2026-07-30T18:07:10,63,נשים,ספיר,language,עברית,9
2026-07-30T18:07:10,63,נשים,ספיר,language,ערבית,4
2026-07-30T18:07:10,63,נשים,ספיר,language,רוסית,19
2026-07-30T18:07:32,63,נשים,עבסאן א סעיר,gender,גבר,68
2026-07-30T18:07:32,63,נשים,עבסאן א סעיר,gender,אישה,86
2026-07-30T18:07:32,63,נשים,עבסאן א סעיר,visit_type,ביקור במרפאה,156
2026-07-30T18:07:32,63,נשים,עבסאן א סעיר,visit_type,שיחת טלפון,1
2026-07-30T18:07:32,63,נשים,עבסאן א סעיר,language,אידיש,4
2026-07-30T18:07:32,63,נשים,עבסאן א סעיר,language,אנגלית,22
2026-07-30T18:07:32,63,נשים,עבסאן א סעיר,language,גרמנית,1
2026-07-30T18:07:32,63,נשים,עבסאן א סעיר,language,ליטאית,1
2026-07-30T18:07:32,63,נשים,עבסאן א סעיר,language,סינית,1
2026-07-30T18:07:32,63,נשים,עבסאן א סעיר,language,עברית,14
2026-07-30T18:07:32,63,נשים,עבסאן א סעיר,language,ערבית,4
2026-07-30T18:07:32,63,נשים,עבסאן א סעיר,language,רוסית,22
2026-07-30T18:07:56,63,נשים,עוג'א אתחתא,gender,גבר,47
2026-07-30T18:07:56,63,נשים,עוג'א אתחתא,gender,אישה,79
2026-07-30T18:07:56,63,נשים,עוג'א אתחתא,visit_type,ביקור במרפאה,131
2026-07-30T18:07:56,63,נשים,עוג'א אתחתא,visit_type,שיחת טלפון,16
2026-07-30T18:07:56,63,נשים,עוג'א אתחתא,visit_type,שיחת וידאו,1
2026-07-30T18:07:56,63,נשים,עוג'א אתחתא,language,אידיש,2
2026-07-30T18:07:56,63,נשים,עוג'א אתחתא,language,אנגלית,20
2026-07-30T18:07:56,63,נשים,עוג'א אתחתא,language,עברית,24
2026-07-30T18:07:56,63,נשים,עוג'א אתחתא,language,ערבית,3
2026-07-30T18:07:56,63,נשים,עוג'א אתחתא,language,צרפתית,2
2026-07-30T18:07:56,63,נשים,עוג'א אתחתא,language,רוסית,3
2026-07-30T18:08:18,63,נשים,עזוז,gender,גבר,43
2026-07-30T18:08:18,63,נשים,עזוז,gender,אישה,67
2026-07-30T18:08:18,63,נשים,עזוז,visit_type,ביקור במרפאה,112
2026-07-30T18:08:18,63,נשים,עזוז,language,אידיש,3
2026-07-30T18:08:18,63,נשים,עזוז,language,אנגלית,21
2026-07-30T18:08:18,63,נשים,עזוז,language,ליטאית,1
2026-07-30T18:08:18,63,נשים,עזוז,language,סינית,1
2026-07-30T18:08:18,63,נשים,עזוז,language,עברית,9
2026-07-30T18:08:18,63,נשים,עזוז,language,ערבית,4
2026-07-30T18:08:18,63,נשים,עזוז,language,רוסית,19
2026-07-30T18:08:38,63,נשים,עטארה ליד ביר זית,gender,גבר,47
2026-07-30T18:08:38,63,נשים,עטארה ליד ביר זית,gender,אישה,79
2026-07-30T18:08:38,63,נשים,עטארה ליד ביר זית,visit_type,ביקור במרפאה,131
2026-07-30T18:08:38,63,נשים,עטארה ליד ביר זית,visit_type,שיחת טלפון,16
2026-07-30T18:08:38,63,נשים,עטארה ליד ביר זית,visit_type,שיחת וידאו,1
2026-07-30T18:08:38,63,נשים,עטארה ליד ביר זית,language,אידיש,2
2026-07-30T18:08:38,63,נשים,עטארה ליד ביר זית,language,אנגלית,20
2026-07-30T18:08:38,63,נשים,עטארה ליד ביר זית,language,עברית,24
2026-07-30T18:08:38,63,נשים,עטארה ליד ביר זית,language,ערבית,3
2026-07-30T18:08:38,63,נשים,עטארה ליד ביר זית,language,צרפתית,2
2026-07-30T18:08:38,63,נשים,עטארה ליד ביר זית,language,רוסית,3
2026-07-30T18:09:00,63,נשים,עין גב,gender,גבר,29
2026-07-30T18:09:00,63,נשים,עין גב,gender,אישה,58
2026-07-30T18:09:00,63,נשים,עין גב,visit_type,ביקור במרפאה,87
2026-07-30T18:09:00,63,נשים,עין גב,language,אנגלית,9
2026-07-30T18:09:00,63,נשים,עין גב,language,עברית,13
2026-07-30T18:09:00,63,נשים,עין גב,language,ערבית,4
2026-07-30T18:09:00,63,נשים,עין גב,language,רוסית,3
2026-07-30T18:09:16,63,נשים,עמיחי,gender,גבר,47
2026-07-30T18:09:16,63,נשים,עמיחי,gender,אישה,79
2026-07-30T18:09:16,63,נשים,עמיחי,visit_type,ביקור במרפאה,131
2026-07-30T18:09:16,63,נשים,עמיחי,visit_type,שיחת טלפון,16
2026-07-30T18:09:16,63,נשים,עמיחי,visit_type,שיחת וידאו,1
2026-07-30T18:09:16,63,נשים,עמיחי,language,אידיש,2
2026-07-30T18:09:16,63,נשים,עמיחי,language,אנגלית,20
2026-07-30T18:09:16,63,נשים,עמיחי,language,עברית,24
2026-07-30T18:09:16,63,נשים,עמיחי,language,ערבית,3
2026-07-30T18:09:16,63,נשים,עמיחי,language,צרפתית,2
2026-07-30T18:09:16,63,נשים,עמיחי,language,רוסית,3
2026-07-30T18:09:40,63,נשים,ענבתא,gender,גבר,47
2026-07-30T18:09:40,63,נשים,ענבתא,gender,אישה,92
2026-07-30T18:09:40,63,נשים,ענבתא,visit_type,ביקור במרפאה,142
2026-07-30T18:09:40,63,נשים,ענבתא,visit_type,שיחת טלפון,2
2026-07-30T18:09:40,63,נשים,ענבתא,language,אידיש,1
2026-07-30T18:09:40,63,נשים,ענבתא,language,אנגלית,18
2026-07-30T18:09:40,63,נשים,ענבתא,language,גרמנית,1
2026-07-30T18:09:40,63,נשים,ענבתא,language,עברית,32
2026-07-30T18:09:40,63,נשים,ענבתא,language,ערבית,8
2026-07-30T18:09:40,63,נשים,ענבתא,language,צרפתית,2
2026-07-30T18:09:40,63,נשים,ענבתא,language,רומנית,2
2026-07-30T18:09:40,63,נשים,ענבתא,language,רוסית,11
2026-07-30T18:10:05,63,נשים,עקבה בשומרון,gender,גבר,47
2026-07-30T18:10:05,63,נשים,עקבה בשומרון,gender,אישה,92
2026-07-30T18:10:05,63,נשים,עקבה בשומרון,visit_type,ביקור במרפאה,142
2026-07-30T18:10:05,63,נשים,עקבה בשומרון,visit_type,שיחת טלפון,2
2026-07-30T18:10:05,63,נשים,עקבה בשומרון,language,אידיש,1
2026-07-30T18:10:05,63,נשים,עקבה בשומרון,language,אנגלית,18
2026-07-30T18:10:05,63,נשים,עקבה בשומרון,language,גרמנית,1
2026-07-30T18:10:05,63,נשים,עקבה בשומרון,language,עברית,32
2026-07-30T18:10:05,63,נשים,עקבה בשומרון,language,ערבית,8
2026-07-30T18:10:05,63,נשים,עקבה בשומרון,language,צרפתית,2
2026-07-30T18:10:05,63,נשים,עקבה בשומרון,language,רומנית,2
2026-07-30T18:10:05,63,נשים,עקבה בשומרון,language,רוסית,11
2026-07-30T18:10:32,63,נשים,ערערה,gender,אישה,138
2026-07-30T18:10:32,63,נשים,ערערה,gender,גבר,62
2026-07-30T18:10:32,63,נשים,ערערה,visit_type,ביקור במרפאה,203
2026-07-30T18:10:32,63,נשים,ערערה,visit_type,שיחת טלפון,2
2026-07-30T18:10:32,63,נשים,ערערה,language,אידיש,1
2026-07-30T18:10:32,63,נשים,ערערה,language,איטלקית,1
2026-07-30T18:10:32,63,נשים,ערערה,language,אנגלית,38
2026-07-30T18:10:32,63,נשים,ערערה,language,גרמנית,1
2026-07-30T18:10:32,63,נשים,ערערה,language,הונגרית,1
2026-07-30T18:10:32,63,נשים,ערערה,language,עברית,63
2026-07-30T18:10:32,63,נשים,ערערה,language,ערבית,28
2026-07-30T18:10:32,63,נשים,ערערה,language,צרפתית,2
2026-07-30T18:10:32,63,נשים,ערערה,language,רומנית,3
2026-07-30T18:10:32,63,נשים,ערערה,language,רוסית,15
2026-07-30T18:10:57,63,נשים,פארק תעשיות קדמת גליל,gender,גבר,29
2026-07-30T18:10:57,63,נשים,פארק תעשיות קדמת גליל,gender,אישה,58
2026-07-30T18:10:57,63,נשים,פארק תעשיות קדמת גליל,visit_type,ביקור במרפאה,87
2026-07-30T18:10:57,63,נשים,פארק תעשיות קדמת גליל,language,אנגלית,9
2026-07-30T18:10:57,63,נשים,פארק תעשיות קדמת גליל,language,עברית,13
2026-07-30T18:10:57,63,נשים,פארק תעשיות קדמת גליל,language,ערבית,4
2026-07-30T18:10:57,63,נשים,פארק תעשיות קדמת גליל,language,רוסית,3
2026-07-30T18:11:14,63,נשים,פוריידיס,gender,אישה,138
2026-07-30T18:11:14,63,נשים,פוריידיס,gender,גבר,62
2026-07-30T18:11:14,63,נשים,פוריידיס,visit_type,ביקור במרפאה,203
2026-07-30T18:11:14,63,נשים,פוריידיס,visit_type,שיחת טלפון,2
2026-07-30T18:11:14,63,נשים,פוריידיס,language,אידיש,1
2026-07-30T18:11:14,63,נשים,פוריידיס,language,איטלקית,1
2026-07-30T18:11:14,63,נשים,פוריידיס,language,אנגלית,38
2026-07-30T18:11:14,63,נשים,פוריידיס,language,גרמנית,1
2026-07-30T18:11:14,63,נשים,פוריידיס,language,הונגרית,1
2026-07-30T18:11:14,63,נשים,פוריידיס,language,עברית,63
2026-07-30T18:11:14,63,נשים,פוריידיס,language,ערבית,28
2026-07-30T18:11:14,63,נשים,פוריידיס,language,צרפתית,2
2026-07-30T18:11:14,63,נשים,פוריידיס,language,רומנית,3
2026-07-30T18:11:14,63,נשים,פוריידיס,language,רוסית,15
2026-07-30T18:11:40,63,נשים,פסגות,gender,גבר,47
2026-07-30T18:11:40,63,נשים,פסגות,gender,אישה,79
2026-07-30T18:11:40,63,נשים,פסגות,visit_type,ביקור במרפאה,131
2026-07-30T18:11:40,63,נשים,פסגות,visit_type,שיחת טלפון,16
2026-07-30T18:11:40,63,נשים,פסגות,visit_type,שיחת וידאו,1
2026-07-30T18:11:40,63,נשים,פסגות,language,אידיש,2
2026-07-30T18:11:40,63,נשים,פסגות,language,אנגלית,20
2026-07-30T18:11:40,63,נשים,פסגות,language,עברית,24
2026-07-30T18:11:40,63,נשים,פסגות,language,ערבית,3
2026-07-30T18:11:40,63,נשים,פסגות,language,צרפתית,2
2026-07-30T18:11:40,63,נשים,פסגות,language,רוסית,3
2026-07-30T18:12:05,63,נשים,פרזון,gender,גבר,48
2026-07-30T18:12:05,63,נשים,פרזון,gender,אישה,127
2026-07-30T18:12:05,63,נשים,פרזון,visit_type,ביקור במרפאה,176
2026-07-30T18:12:05,63,נשים,פרזון,visit_type,שיחת טלפון,1
2026-07-30T18:12:05,63,נשים,פרזון,language,איטלקית,1
2026-07-30T18:12:05,63,נשים,פרזון,language,אנגלית,29
2026-07-30T18:12:05,63,נשים,פרזון,language,הונגרית,1
2026-07-30T18:12:05,63,נשים,פרזון,language,עברית,50
2026-07-30T18:12:05,63,נשים,פרזון,language,ערבית,28
2026-07-30T18:12:05,63,נשים,פרזון,language,רומנית,1
2026-07-30T18:12:05,63,נשים,פרזון,language,רוסית,11
2026-07-30T18:12:29,63,נשים,צובה,gender,גבר,47
2026-07-30T18:12:29,63,נשים,צובה,gender,אישה,79
2026-07-30T18:12:29,63,נשים,צובה,visit_type,ביקור במרפאה,131
2026-07-30T18:12:29,63,נשים,צובה,visit_type,שיחת טלפון,16
2026-07-30T18:12:29,63,נשים,צובה,visit_type,שיחת וידאו,1
2026-07-30T18:12:29,63,נשים,צובה,language,אידיש,2
2026-07-30T18:12:29,63,נשים,צובה,language,אנגלית,20
2026-07-30T18:12:29,63,נשים,צובה,language,עברית,24
2026-07-30T18:12:29,63,נשים,צובה,language,ערבית,3
2026-07-30T18:12:29,63,נשים,צובה,language,צרפתית,2
2026-07-30T18:12:29,63,נשים,צובה,language,רוסית,3
2026-07-30T18:12:52,63,נשים,ציפורי,gender,גבר,29
2026-07-30T18:12:52,63,נשים,ציפורי,gender,אישה,58
2026-07-30T18:12:52,63,נשים,ציפורי,visit_type,ביקור במרפאה,87
2026-07-30T18:12:52,63,נשים,ציפורי,language,אנגלית,9
2026-07-30T18:12:52,63,נשים,ציפורי,language,עברית,13
2026-07-30T18:12:52,63,נשים,ציפורי,language,ערבית,4
2026-07-30T18:12:52,63,נשים,ציפורי,language,רוסית,3
2026-07-30T18:13:07,63,נשים,קבוצת יבנה,gender,גבר,28
2026-07-30T18:13:07,63,נשים,קבוצת יבנה,gender,אישה,31
2026-07-30T18:13:07,63,נשים,קבוצת יבנה,visit_type,ביקור במרפאה,63
2026-07-30T18:13:07,63,נשים,קבוצת יבנה,language,אוקראינית,2
2026-07-30T18:13:07,63,נשים,קבוצת יבנה,language,איטלקית,1
2026-07-30T18:13:07,63,נשים,קבוצת יבנה,language,אנגלית,13
2026-07-30T18:13:07,63,נשים,קבוצת יבנה,language,גרוזינית,1
2026-07-30T18:13:07,63,נשים,קבוצת יבנה,language,הונגרית,1
2026-07-30T18:13:07,63,נשים,קבוצת יבנה,language,ספרדית,1
2026-07-30T18:13:07,63,נשים,קבוצת יבנה,language,עברית,20
2026-07-30T18:13:07,63,נשים,קבוצת יבנה,language,צרפתית,2
2026-07-30T18:13:07,63,נשים,קבוצת יבנה,language,רוסית,10
2026-07-30T18:13:18,63,נשים,קובייבה,gender,גבר,47
2026-07-30T18:13:18,63,נשים,קובייבה,gender,אישה,79
2026-07-30T18:13:18,63,נשים,קובייבה,visit_type,ביקור במרפאה,131
2026-07-30T18:13:18,63,נשים,קובייבה,visit_type,שיחת טלפון,16
2026-07-30T18:13:18,63,נשים,קובייבה,visit_type,שיחת וידאו,1
2026-07-30T18:13:18,63,נשים,קובייבה,language,אידיש,2
2026-07-30T18:13:18,63,נשים,קובייבה,language,אנגלית,20
2026-07-30T18:13:18,63,נשים,קובייבה,language,עברית,24
2026-07-30T18:13:18,63,נשים,קובייבה,language,ערבית,3
2026-07-30T18:13:18,63,נשים,קובייבה,language,צרפתית,2
2026-07-30T18:13:18,63,נשים,קובייבה,language,רוסית,3
2026-07-30T18:13:43,63,נשים,קיסריה,gender,גבר,47
2026-07-30T18:13:43,63,נשים,קיסריה,gender,אישה,92
2026-07-30T18:13:43,63,נשים,קיסריה,visit_type,ביקור במרפאה,142
2026-07-30T18:13:43,63,נשים,קיסריה,visit_type,שיחת טלפון,2
2026-07-30T18:13:43,63,נשים,קיסריה,language,אידיש,1
2026-07-30T18:13:43,63,נשים,קיסריה,language,אנגלית,18
2026-07-30T18:13:43,63,נשים,קיסריה,language,גרמנית,1
2026-07-30T18:13:43,63,נשים,קיסריה,language,עברית,32
2026-07-30T18:13:43,63,נשים,קיסריה,language,ערבית,8
2026-07-30T18:13:43,63,נשים,קיסריה,language,צרפתית,2
2026-07-30T18:13:43,63,נשים,קיסריה,language,רומנית,2
2026-07-30T18:13:43,63,נשים,קיסריה,language,רוסית,11
2026-07-30T18:14:08,63,נשים,קציר,gender,גבר,47
2026-07-30T18:14:08,63,נשים,קציר,gender,אישה,92
2026-07-30T18:14:08,63,נשים,קציר,visit_type,ביקור במרפאה,142
2026-07-30T18:14:08,63,נשים,קציר,visit_type,שיחת טלפון,2
2026-07-30T18:14:08,63,נשים,קציר,language,אידיש,1
2026-07-30T18:14:08,63,נשים,קציר,language,אנגלית,18
2026-07-30T18:14:08,63,נשים,קציר,language,גרמנית,1
2026-07-30T18:14:08,63,נשים,קציר,language,עברית,32
2026-07-30T18:14:08,63,נשים,קציר,language,ערבית,8
2026-07-30T18:14:08,63,נשים,קציר,language,צרפתית,2
2026-07-30T18:14:08,63,נשים,קציר,language,רומנית,2
2026-07-30T18:14:08,63,נשים,קציר,language,רוסית,11
2026-07-30T18:14:34,63,נשים,קרית חינוך מרחבים,gender,גבר,68
2026-07-30T18:14:34,63,נשים,קרית חינוך מרחבים,gender,אישה,86
2026-07-30T18:14:34,63,נשים,קרית חינוך מרחבים,visit_type,ביקור במרפאה,156
2026-07-30T18:14:34,63,נשים,קרית חינוך מרחבים,visit_type,שיחת טלפון,1
2026-07-30T18:14:34,63,נשים,קרית חינוך מרחבים,language,אידיש,4
2026-07-30T18:14:34,63,נשים,קרית חינוך מרחבים,language,אנגלית,22
2026-07-30T18:14:34,63,נשים,קרית חינוך מרחבים,language,גרמנית,1
2026-07-30T18:14:34,63,נשים,קרית חינוך מרחבים,language,ליטאית,1
2026-07-30T18:14:34,63,נשים,קרית חינוך מרחבים,language,סינית,1
2026-07-30T18:14:34,63,נשים,קרית חינוך מרחבים,language,עברית,14
2026-07-30T18:14:34,63,נשים,קרית חינוך מרחבים,language,ערבית,4
2026-07-30T18:14:34,63,נשים,קרית חינוך מרחבים,language,רוסית,22
2026-07-30T18:14:57,63,נשים,ראפאת ליד גבעת זאב,gender,גבר,47
2026-07-30T18:14:57,63,נשים,ראפאת ליד גבעת זאב,gender,אישה,79
2026-07-30T18:14:57,63,נשים,ראפאת ליד גבעת זאב,visit_type,ביקור במרפאה,131
2026-07-30T18:14:57,63,נשים,ראפאת ליד גבעת זאב,visit_type,שיחת טלפון,16
2026-07-30T18:14:57,63,נשים,ראפאת ליד גבעת זאב,visit_type,שיחת וידאו,1
2026-07-30T18:14:57,63,נשים,ראפאת ליד גבעת זאב,language,אידיש,2
2026-07-30T18:14:57,63,נשים,ראפאת ליד גבעת זאב,language,אנגלית,20
2026-07-30T18:14:57,63,נשים,ראפאת ליד גבעת זאב,language,עברית,24
2026-07-30T18:14:57,63,נשים,ראפאת ליד גבעת זאב,language,ערבית,3
2026-07-30T18:14:57,63,נשים,ראפאת ליד גבעת זאב,language,צרפתית,2
2026-07-30T18:14:57,63,נשים,ראפאת ליד גבעת זאב,language,רוסית,3
2026-07-30T18:15:22,63,נשים,רוג'ייב,gender,גבר,47
2026-07-30T18:15:22,63,נשים,רוג'ייב,gender,אישה,92
2026-07-30T18:15:22,63,נשים,רוג'ייב,visit_type,ביקור במרפאה,142
2026-07-30T18:15:22,63,נשים,רוג'ייב,visit_type,שיחת טלפון,2
2026-07-30T18:15:22,63,נשים,רוג'ייב,language,אידיש,1
2026-07-30T18:15:22,63,נשים,רוג'ייב,language,אנגלית,18
2026-07-30T18:15:22,63,נשים,רוג'ייב,language,גרמנית,1
2026-07-30T18:15:22,63,נשים,רוג'ייב,language,עברית,32
2026-07-30T18:15:22,63,נשים,רוג'ייב,language,ערבית,8
2026-07-30T18:15:22,63,נשים,רוג'ייב,language,צרפתית,2
2026-07-30T18:15:22,63,נשים,רוג'ייב,language,רומנית,2
2026-07-30T18:15:22,63,נשים,רוג'ייב,language,רוסית,11
2026-07-30T18:15:48,63,נשים,רחוב,gender,גבר,48
2026-07-30T18:15:48,63,נשים,רחוב,gender,אישה,127
2026-07-30T18:15:48,63,נשים,רחוב,visit_type,ביקור במרפאה,176
2026-07-30T18:15:48,63,נשים,רחוב,visit_type,שיחת טלפון,1
2026-07-30T18:15:48,63,נשים,רחוב,language,איטלקית,1
2026-07-30T18:15:48,63,נשים,רחוב,language,אנגלית,29
2026-07-30T18:15:48,63,נשים,רחוב,language,הונגרית,1
2026-07-30T18:15:48,63,נשים,רחוב,language,עברית,50
2026-07-30T18:15:48,63,נשים,רחוב,language,ערבית,28
2026-07-30T18:15:48,63,נשים,רחוב,language,רומנית,1
2026-07-30T18:15:48,63,נשים,רחוב,language,רוסית,11
2026-07-30T18:16:14,63,נשים,רמה,gender,גבר,47
2026-07-30T18:16:14,63,נשים,רמה,gender,אישה,92
2026-07-30T18:16:14,63,נשים,רמה,visit_type,ביקור במרפאה,142
2026-07-30T18:16:14,63,נשים,רמה,visit_type,שיחת טלפון,2
2026-07-30T18:16:14,63,נשים,רמה,language,אידיש,1
2026-07-30T18:16:14,63,נשים,רמה,language,אנגלית,18
2026-07-30T18:16:14,63,נשים,רמה,language,גרמנית,1
2026-07-30T18:16:14,63,נשים,רמה,language,עברית,32
2026-07-30T18:16:14,63,נשים,רמה,language,ערבית,8
2026-07-30T18:16:14,63,נשים,רמה,language,צרפתית,2
2026-07-30T18:16:14,63,נשים,רמה,language,רומנית,2
2026-07-30T18:16:14,63,נשים,רמה,language,רוסית,11
2026-07-30T18:16:38,63,נשים,רנתיס,gender,גבר,10
2026-07-30T18:16:38,63,נשים,רנתיס,gender,אישה,15
2026-07-30T18:16:38,63,נשים,רנתיס,visit_type,ביקור במרפאה,29
2026-07-30T18:16:38,63,נשים,רנתיס,language,איטלקית,4
2026-07-30T18:16:38,63,נשים,רנתיס,language,אנגלית,12
2026-07-30T18:16:38,63,נשים,רנתיס,language,ספרדית,1
2026-07-30T18:16:38,63,נשים,רנתיס,language,עברית,24
2026-07-30T18:16:38,63,נשים,רנתיס,language,ערבית,1
2026-07-30T18:16:38,63,נשים,רנתיס,language,צרפתית,2
2026-07-30T18:16:38,63,נשים,רנתיס,language,רומנית,4
2026-07-30T18:16:38,63,נשים,רנתיס,language,רוסית,2
2026-07-30T18:16:46,63,נשים,שבי דרום,gender,גבר,68
2026-07-30T18:16:46,63,נשים,שבי דרום,gender,אישה,86
2026-07-30T18:16:46,63,נשים,שבי דרום,visit_type,ביקור במרפאה,156
2026-07-30T18:16:46,63,נשים,שבי דרום,visit_type,שיחת טלפון,1
2026-07-30T18:16:46,63,נשים,שבי דרום,language,אידיש,4
2026-07-30T18:16:46,63,נשים,שבי דרום,language,אנגלית,22
2026-07-30T18:16:46,63,נשים,שבי דרום,language,גרמנית,1
2026-07-30T18:16:46,63,נשים,שבי דרום,language,ליטאית,1
2026-07-30T18:16:46,63,נשים,שבי דרום,language,סינית,1
2026-07-30T18:16:46,63,נשים,שבי דרום,language,עברית,14
2026-07-30T18:16:46,63,נשים,שבי דרום,language,ערבית,4
2026-07-30T18:16:46,63,נשים,שבי דרום,language,רוסית,22
2026-07-30T18:17:11,63,נשים,שדה דוד,gender,גבר,47
2026-07-30T18:17:11,63,נשים,שדה דוד,gender,אישה,61
2026-07-30T18:17:11,63,נשים,שדה דוד,visit_type,ביקור במרפאה,108
2026-07-30T18:17:11,63,נשים,שדה דוד,visit_type,שיחת טלפון,1
2026-07-30T18:17:11,63,נשים,שדה דוד,language,אידיש,4
2026-07-30T18:17:11,63,נשים,שדה דוד,language,אנגלית,13
2026-07-30T18:17:11,63,נשים,שדה דוד,language,גרמנית,1
2026-07-30T18:17:11,63,נשים,שדה דוד,language,ליטאית,1
2026-07-30T18:17:11,63,נשים,שדה דוד,language,סינית,1
2026-07-30T18:17:11,63,נשים,שדה דוד,language,עברית,8
2026-07-30T18:17:11,63,נשים,שדה דוד,language,ערבית,3
2026-07-30T18:17:11,63,נשים,שדה דוד,language,רוסית,14
2026-07-30T18:17:33,63,נשים,שוויכה,gender,גבר,47
2026-07-30T18:17:33,63,נשים,שוויכה,gender,אישה,92
2026-07-30T18:17:33,63,נשים,שוויכה,visit_type,ביקור במרפאה,142
2026-07-30T18:17:33,63,נשים,שוויכה,visit_type,שיחת טלפון,2
2026-07-30T18:17:33,63,נשים,שוויכה,language,אידיש,1
2026-07-30T18:17:33,63,נשים,שוויכה,language,אנגלית,18
2026-07-30T18:17:33,63,נשים,שוויכה,language,גרמנית,1
2026-07-30T18:17:33,63,נשים,שוויכה,language,עברית,32
2026-07-30T18:17:33,63,נשים,שוויכה,language,ערבית,8
2026-07-30T18:17:33,63,נשים,שוויכה,language,צרפתית,2
2026-07-30T18:17:33,63,נשים,שוויכה,language,רומנית,2
2026-07-30T18:17:33,63,נשים,שוויכה,language,רוסית,11
2026-07-30T18:17:58,63,נשים,שיבולים,gender,גבר,68
2026-07-30T18:17:58,63,נשים,שיבולים,gender,אישה,86
2026-07-30T18:17:58,63,נשים,שיבולים,visit_type,ביקור במרפאה,156
2026-07-30T18:17:58,63,נשים,שיבולים,visit_type,שיחת טלפון,1
2026-07-30T18:17:58,63,נשים,שיבולים,language,אידיש,4
2026-07-30T18:17:58,63,נשים,שיבולים,language,אנגלית,22
2026-07-30T18:17:58,63,נשים,שיבולים,language,גרמנית,1
2026-07-30T18:17:58,63,נשים,שיבולים,language,ליטאית,1
2026-07-30T18:17:58,63,נשים,שיבולים,language,סינית,1
2026-07-30T18:17:58,63,נשים,שיבולים,language,עברית,14
2026-07-30T18:17:58,63,נשים,שיבולים,language,ערבית,4
2026-07-30T18:17:58,63,נשים,שיבולים,language,רוסית,22
2026-07-30T18:18:23,63,נשים,שלווה במדבר,gender,גבר,43
2026-07-30T18:18:23,63,נשים,שלווה במדבר,gender,אישה,67
2026-07-30T18:18:23,63,נשים,שלווה במדבר,visit_type,ביקור במרפאה,112
2026-07-30T18:18:23,63,נשים,שלווה במדבר,language,אידיש,3
2026-07-30T18:18:23,63,נשים,שלווה במדבר,language,אנגלית,21
2026-07-30T18:18:23,63,נשים,שלווה במדבר,language,ליטאית,1
2026-07-30T18:18:23,63,נשים,שלווה במדבר,language,סינית,1
2026-07-30T18:18:23,63,נשים,שלווה במדבר,language,עברית,9
2026-07-30T18:18:23,63,נשים,שלווה במדבר,language,ערבית,4
2026-07-30T18:18:23,63,נשים,שלווה במדבר,language,רוסית,19
2026-07-30T18:18:43,63,נשים,שניר,gender,גבר,29
2026-07-30T18:18:43,63,נשים,שניר,gender,אישה,58
2026-07-30T18:18:43,63,נשים,שניר,visit_type,ביקור במרפאה,87
2026-07-30T18:18:43,63,נשים,שניר,language,אנגלית,9
2026-07-30T18:18:43,63,נשים,שניר,language,עברית,13
2026-07-30T18:18:43,63,נשים,שניר,language,ערבית,4
2026-07-30T18:18:43,63,נשים,שניר,language,רוסית,3
2026-07-30T18:18:59,63,נשים,שפיר,gender,גבר,28
2026-07-30T18:18:59,63,נשים,שפיר,gender,אישה,31
2026-07-30T18:18:59,63,נשים,שפיר,visit_type,ביקור במרפאה,63
2026-07-30T18:18:59,63,נשים,שפיר,language,אוקראינית,2
2026-07-30T18:18:59,63,נשים,שפיר,language,איטלקית,1
2026-07-30T18:18:59,63,נשים,שפיר,language,אנגלית,13
2026-07-30T18:18:59,63,נשים,שפיר,language,גרוזינית,1
2026-07-30T18:18:59,63,נשים,שפיר,language,הונגרית,1
2026-07-30T18:18:59,63,נשים,שפיר,language,ספרדית,1
2026-07-30T18:18:59,63,נשים,שפיר,language,עברית,20
2026-07-30T18:18:59,63,נשים,שפיר,language,צרפתית,2
2026-07-30T18:18:59,63,נשים,שפיר,language,רוסית,10
2026-07-30T18:19:11,63,נשים,שתולים,gender,גבר,28
2026-07-30T18:19:11,63,נשים,שתולים,gender,אישה,31
2026-07-30T18:19:11,63,נשים,שתולים,visit_type,ביקור במרפאה,63
2026-07-30T18:19:11,63,נשים,שתולים,language,אוקראינית,2
2026-07-30T18:19:11,63,נשים,שתולים,language,איטלקית,1
2026-07-30T18:19:11,63,נשים,שתולים,language,אנגלית,13
2026-07-30T18:19:11,63,נשים,שתולים,language,גרוזינית,1
2026-07-30T18:19:11,63,נשים,שתולים,language,הונגרית,1
2026-07-30T18:19:11,63,נשים,שתולים,language,ספרדית,1
2026-07-30T18:19:11,63,נשים,שתולים,language,עברית,20
2026-07-30T18:19:11,63,נשים,שתולים,language,צרפתית,2
2026-07-30T18:19:11,63,נשים,שתולים,language,רוסית,10
2026-07-30T18:19:24,63,נשים,תיעניכ,gender,גבר,47
2026-07-30T18:19:24,63,נשים,תיעניכ,gender,אישה,92
2026-07-30T18:19:24,63,נשים,תיעניכ,visit_type,ביקור במרפאה,142
2026-07-30T18:19:24,63,נשים,תיעניכ,visit_type,שיחת טלפון,2
2026-07-30T18:19:24,63,נשים,תיעניכ,language,אידיש,1
2026-07-30T18:19:24,63,נשים,תיעניכ,language,אנגלית,18
2026-07-30T18:19:24,63,נשים,תיעניכ,language,גרמנית,1
2026-07-30T18:19:24,63,נשים,תיעניכ,language,עברית,32
2026-07-30T18:19:24,63,נשים,תיעניכ,language,ערבית,8
2026-07-30T18:19:24,63,נשים,תיעניכ,language,צרפתית,2
2026-07-30T18:19:24,63,נשים,תיעניכ,language,רומנית,2
2026-07-30T18:19:24,63,נשים,תיעניכ,language,רוסית,11
2026-07-30T18:19:47,63,נשים,תל ציון,gender,גבר,47
2026-07-30T18:19:47,63,נשים,תל ציון,gender,אישה,79
2026-07-30T18:19:47,63,נשים,תל ציון,visit_type,ביקור במרפאה,131
2026-07-30T18:19:47,63,נשים,תל ציון,visit_type,שיחת טלפון,16
2026-07-30T18:19:47,63,נשים,תל ציון,visit_type,שיחת וידאו,1
2026-07-30T18:19:47,63,נשים,תל ציון,language,אידיש,2
2026-07-30T18:19:47,63,נשים,תל ציון,language,אנגלית,20
2026-07-30T18:19:47,63,נשים,תל ציון,language,עברית,24
2026-07-30T18:19:47,63,נשים,תל ציון,language,ערבית,3
2026-07-30T18:19:47,63,נשים,תל ציון,language,צרפתית,2
2026-07-30T18:19:47,63,נשים,תל ציון,language,רוסית,3
2026-07-30T18:20:11,63,נשים,תעשיון שח''ק,gender,גבר,47
2026-07-30T18:20:11,63,נשים,תעשיון שח''ק,gender,אישה,92
2026-07-30T18:20:11,63,נשים,תעשיון שח''ק,visit_type,ביקור במרפאה,142
2026-07-30T18:20:11,63,נשים,תעשיון שח''ק,visit_type,שיחת טלפון,2
2026-07-30T18:20:11,63,נשים,תעשיון שח''ק,language,אידיש,1
2026-07-30T18:20:11,63,נשים,תעשיון שח''ק,language,אנגלית,18
2026-07-30T18:20:11,63,נשים,תעשיון שח''ק,language,גרמנית,1
2026-07-30T18:20:11,63,נשים,תעשיון שח''ק,language,עברית,32
2026-07-30T18:20:11,63,נשים,תעשיון שח''ק,language,ערבית,8
2026-07-30T18:20:11,63,נשים,תעשיון שח''ק,language,צרפתית,2
2026-07-30T18:20:11,63,נשים,תעשיון שח''ק,language,רומנית,2
2026-07-30T18:20:11,63,נשים,תעשיון שח''ק,language,רוסית,11
2026-07-30T18:20:34,63,נשים,תרום,gender,גבר,47
2026-07-30T18:20:34,63,נשים,תרום,gender,אישה,79
2026-07-30T18:20:34,63,נשים,תרום,visit_type,ביקור במרפאה,131
2026-07-30T18:20:34,63,נשים,תרום,visit_type,שיחת טלפון,16
2026-07-30T18:20:34,63,נשים,תרום,visit_type,שיחת וידאו,1
2026-07-30T18:20:34,63,נשים,תרום,language,אידיש,2
2026-07-30T18:20:34,63,נשים,תרום,language,אנגלית,20
2026-07-30T18:20:34,63,נשים,תרום,language,עברית,24
2026-07-30T18:20:34,63,נשים,תרום,language,ערבית,3
2026-07-30T18:20:34,63,נשים,תרום,language,צרפתית,2
2026-07-30T18:20:34,63,נשים,תרום,language,רוסית,3
2026-07-30T18:20:57,31,עור,א טייבה,gender,גבר,73
2026-07-30T18:20:57,31,עור,א טייבה,gender,אישה,12
2026-07-30T18:20:57,31,עור,א טייבה,visit_type,ביקור במרפאה,85
2026-07-30T18:20:57,31,עור,א טייבה,language,איטלקית,1
2026-07-30T18:20:57,31,עור,א טייבה,language,אנגלית,35
2026-07-30T18:20:57,31,עור,א טייבה,language,עברית,39
2026-07-30T18:20:57,31,עור,א טייבה,language,ערבית,28
2026-07-30T18:20:57,31,עור,א טייבה,language,רומנית,5
2026-07-30T18:20:57,31,עור,א טייבה,language,רוסית,10
2026-07-30T18:21:12,31,עור,אבו דיס,gender,גבר,24
2026-07-30T18:21:12,31,עור,אבו דיס,gender,אישה,19
2026-07-30T18:21:12,31,עור,אבו דיס,visit_type,ביקור במרפאה,45
2026-07-30T18:21:12,31,עור,אבו דיס,language,אנגלית,6
2026-07-30T18:21:12,31,עור,אבו דיס,language,ספרדית,1
2026-07-30T18:21:12,31,עור,אבו דיס,language,עברית,13
2026-07-30T18:21:12,31,עור,אבו דיס,language,צרפתית,4
2026-07-30T18:21:12,31,עור,אבו דיס,language,רוסית,7
2026-07-30T18:21:22,31,עור,אדירים,gender,גבר,47
2026-07-30T18:21:22,31,עור,אדירים,gender,אישה,6
2026-07-30T18:21:22,31,עור,אדירים,visit_type,ביקור במרפאה,53
2026-07-30T18:21:22,31,עור,אדירים,language,אנגלית,21
2026-07-30T18:21:22,31,עור,אדירים,language,עברית,21
2026-07-30T18:21:22,31,עור,אדירים,language,ערבית,17
2026-07-30T18:21:22,31,עור,אדירים,language,רומנית,4
2026-07-30T18:21:22,31,עור,אדירים,language,רוסית,2
2026-07-30T18:21:33,31,עור,אום אל פחם,gender,גבר,59
2026-07-30T18:21:33,31,עור,אום אל פחם,gender,אישה,21
2026-07-30T18:21:33,31,עור,אום אל פחם,visit_type,ביקור במרפאה,81
2026-07-30T18:21:33,31,עור,אום אל פחם,language,איטלקית,1
2026-07-30T18:21:33,31,עור,אום אל פחם,language,אנגלית,23
2026-07-30T18:21:33,31,עור,אום אל פחם,language,עברית,27
2026-07-30T18:21:33,31,עור,אום אל פחם,language,ערבית,14
2026-07-30T18:21:33,31,עור,אום אל פחם,language,צרפתית,2
2026-07-30T18:21:33,31,עור,אום אל פחם,language,רומנית,1
2026-07-30T18:21:33,31,עור,אום אל פחם,language,רוסית,10
2026-07-30T18:21:51,31,עור,אחוזת ברק,gender,גבר,73
2026-07-30T18:21:51,31,עור,אחוזת ברק,gender,אישה,12
2026-07-30T18:21:51,31,עור,אחוזת ברק,visit_type,ביקור במרפאה,85
2026-07-30T18:21:51,31,עור,אחוזת ברק,language,איטלקית,1
2026-07-30T18:21:51,31,עור,אחוזת ברק,language,אנגלית,35
2026-07-30T18:21:51,31,עור,אחוזת ברק,language,עברית,39
2026-07-30T18:21:51,31,עור,אחוזת ברק,language,ערבית,28
2026-07-30T18:21:51,31,עור,אחוזת ברק,language,רומנית,5
2026-07-30T18:21:51,31,עור,אחוזת ברק,language,רוסית,10
2026-07-30T18:22:08,31,עור,איילת השחר,gender,גבר,47
2026-07-30T18:22:08,31,עור,איילת השחר,gender,אישה,6
2026-07-30T18:22:08,31,עור,איילת השחר,visit_type,ביקור במרפאה,53
2026-07-30T18:22:08,31,עור,איילת השחר,language,אנגלית,21
2026-07-30T18:22:08,31,עור,איילת השחר,language,עברית,21
2026-07-30T18:22:08,31,עור,איילת השחר,language,ערבית,17
2026-07-30T18:22:08,31,עור,איילת השחר,language,רומנית,4
2026-07-30T18:22:08,31,עור,איילת השחר,language,רוסית,2
2026-07-30T18:22:17,31,עור,אל ח'דר,gender,גבר,24
2026-07-30T18:22:17,31,עור,אל ח'דר,gender,אישה,19
2026-07-30T18:22:17,31,עור,אל ח'דר,visit_type,ביקור במרפאה,45
2026-07-30T18:22:17,31,עור,אל ח'דר,language,אנגלית,6
2026-07-30T18:22:17,31,עור,אל ח'דר,language,ספרדית,1
2026-07-30T18:22:17,31,עור,אל ח'דר,language,עברית,13
2026-07-30T18:22:17,31,עור,אל ח'דר,language,צרפתית,4
2026-07-30T18:22:17,31,עור,אל ח'דר,language,רוסית,7
2026-07-30T18:22:28,31,עור,אמציה,gender,גבר,21
2026-07-30T18:22:28,31,עור,אמציה,gender,אישה,9
2026-07-30T18:22:28,31,עור,אמציה,visit_type,ביקור במרפאה,32
2026-07-30T18:22:28,31,עור,אמציה,language,אנגלית,4
2026-07-30T18:22:28,31,עור,אמציה,language,בולגרית,1
2026-07-30T18:22:28,31,עור,אמציה,language,עברית,7
2026-07-30T18:22:28,31,עור,אמציה,language,רוסית,5
2026-07-30T18:22:39,31,עור,ארבל,gender,גבר,47
2026-07-30T18:22:39,31,עור,ארבל,gender,אישה,6
2026-07-30T18:22:39,31,עור,ארבל,visit_type,ביקור במרפאה,53
2026-07-30T18:22:39,31,עור,ארבל,language,אנגלית,21
2026-07-30T18:22:39,31,עור,ארבל,language,עברית,21
2026-07-30T18:22:39,31,עור,ארבל,language,ערבית,17
2026-07-30T18:22:39,31,עור,ארבל,language,רומנית,4
2026-07-30T18:22:39,31,עור,ארבל,language,רוסית,2
2026-07-30T18:22:50,31,עור,אשדות יעקב מאוחד,gender,גבר,47
2026-07-30T18:22:50,31,עור,אשדות יעקב מאוחד,gender,אישה,6
2026-07-30T18:22:50,31,עור,אשדות יעקב מאוחד,visit_type,ביקור במרפאה,53
2026-07-30T18:22:50,31,עור,אשדות יעקב מאוחד,language,אנגלית,21
2026-07-30T18:22:50,31,עור,אשדות יעקב מאוחד,language,עברית,21
2026-07-30T18:22:50,31,עור,אשדות יעקב מאוחד,language,ערבית,17
2026-07-30T18:22:50,31,עור,אשדות יעקב מאוחד,language,רומנית,4
2026-07-30T18:22:50,31,עור,אשדות יעקב מאוחד,language,רוסית,2
2026-07-30T18:23:01,31,עור,באר גנים,gender,גבר,21
2026-07-30T18:23:01,31,עור,באר גנים,gender,אישה,9
2026-07-30T18:23:01,31,עור,באר גנים,visit_type,ביקור במרפאה,32
2026-07-30T18:23:01,31,עור,באר גנים,language,אנגלית,4
2026-07-30T18:23:01,31,עור,באר גנים,language,בולגרית,1
2026-07-30T18:23:01,31,עור,באר גנים,language,עברית,7
2026-07-30T18:23:01,31,עור,באר גנים,language,רוסית,5
2026-07-30T18:23:14,31,עור,בורג',gender,גבר,30
2026-07-30T18:23:14,31,עור,בורג',gender,אישה,13
2026-07-30T18:23:14,31,עור,בורג',visit_type,ביקור במרפאה,45
2026-07-30T18:23:14,31,עור,בורג',language,אנגלית,6
2026-07-30T18:23:14,31,עור,בורג',language,בולגרית,1
2026-07-30T18:23:14,31,עור,בורג',language,עברית,9
2026-07-30T18:23:14,31,עור,בורג',language,ערבית,1
2026-07-30T18:23:14,31,עור,בורג',language,רוסית,5
2026-07-30T18:23:27,31,עור,בידו,gender,גבר,24
2026-07-30T18:23:27,31,עור,בידו,gender,אישה,19
2026-07-30T18:23:27,31,עור,בידו,visit_type,ביקור במרפאה,45
2026-07-30T18:23:27,31,עור,בידו,language,אנגלית,6
2026-07-30T18:23:27,31,עור,בידו,language,ספרדית,1
2026-07-30T18:23:27,31,עור,בידו,language,עברית,13
2026-07-30T18:23:27,31,עור,בידו,language,צרפתית,4
2026-07-30T18:23:27,31,עור,בידו,language,רוסית,7
2026-07-30T18:23:36,31,עור,בלעא,gender,גבר,33
2026-07-30T18:23:36,31,עור,בלעא,gender,אישה,15
2026-07-30T18:23:36,31,עור,בלעא,visit_type,ביקור במרפאה,49
2026-07-30T18:23:36,31,עור,בלעא,language,איטלקית,1
2026-07-30T18:23:36,31,עור,בלעא,language,אנגלית,5
2026-07-30T18:23:36,31,עור,בלעא,language,עברית,9
2026-07-30T18:23:36,31,עור,בלעא,language,ערבית,1
2026-07-30T18:23:36,31,עור,בלעא,language,צרפתית,2
2026-07-30T18:23:36,31,עור,בלעא,language,רומנית,1
2026-07-30T18:23:36,31,עור,בלעא,language,רוסית,6
2026-07-30T18:23:50,31,עור,בני עטרות,gender,גבר,34
2026-07-30T18:23:50,31,עור,בני עטרות,gender,אישה,19
2026-07-30T18:23:50,31,עור,בני עטרות,visit_type,ביקור במרפאה,62
2026-07-30T18:23:50,31,עור,בני עטרות,language,איטלקית,1
2026-07-30T18:23:50,31,עור,בני עטרות,language,אנגלית,27
2026-07-30T18:23:50,31,עור,בני עטרות,language,גרמנית,2
2026-07-30T18:23:50,31,עור,בני עטרות,language,ספרדית,4
2026-07-30T18:23:50,31,עור,בני עטרות,language,עברית,46
2026-07-30T18:23:50,31,עור,בני עטרות,language,ערבית,7
2026-07-30T18:23:50,31,עור,בני עטרות,language,צרפתית,4
2026-07-30T18:23:50,31,עור,בני עטרות,language,רוסית,5
2026-07-30T18:24:07,31,עור,בר כוכבא,gender,גבר,24
2026-07-30T18:24:07,31,עור,בר כוכבא,gender,אישה,19
2026-07-30T18:24:07,31,עור,בר כוכבא,visit_type,ביקור במרפאה,45
2026-07-30T18:24:07,31,עור,בר כוכבא,language,אנגלית,6
2026-07-30T18:24:07,31,עור,בר כוכבא,language,ספרדית,1
2026-07-30T18:24:07,31,עור,בר כוכבא,language,עברית,13
2026-07-30T18:24:07,31,עור,בר כוכבא,language,צרפתית,4
2026-07-30T18:24:07,31,עור,בר כוכבא,language,רוסית,7
2026-07-30T18:24:17,31,עור,בת חפר,gender,גבר,33
2026-07-30T18:24:17,31,עור,בת חפר,gender,אישה,15
2026-07-30T18:24:17,31,עור,בת חפר,visit_type,ביקור במרפאה,49
2026-07-30T18:24:17,31,עור,בת חפר,language,איטלקית,1
2026-07-30T18:24:17,31,עור,בת חפר,language,אנגלית,5
2026-07-30T18:24:17,31,עור,בת חפר,language,עברית,9
2026-07-30T18:24:17,31,עור,בת חפר,language,ערבית,1
2026-07-30T18:24:17,31,עור,בת חפר,language,צרפתית,2
2026-07-30T18:24:17,31,עור,בת חפר,language,רומנית,1
2026-07-30T18:24:17,31,עור,בת חפר,language,רוסית,6
2026-07-30T18:24:30,31,עור,גאולים,gender,גבר,33
2026-07-30T18:24:30,31,עור,גאולים,gender,אישה,15
2026-07-30T18:24:30,31,עור,גאולים,visit_type,ביקור במרפאה,49
2026-07-30T18:24:30,31,עור,גאולים,language,איטלקית,1
2026-07-30T18:24:30,31,עור,גאולים,language,אנגלית,5
2026-07-30T18:24:30,31,עור,גאולים,language,עברית,9
2026-07-30T18:24:30,31,עור,גאולים,language,ערבית,1
2026-07-30T18:24:30,31,עור,גאולים,language,צרפתית,2
2026-07-30T18:24:30,31,עור,גאולים,language,רומנית,1
2026-07-30T18:24:30,31,עור,גאולים,language,רוסית,6
2026-07-30T18:24:42,31,עור,גבעות הרואה,gender,אישה,19
2026-07-30T18:24:42,31,עור,גבעות הרואה,gender,גבר,24
2026-07-30T18:24:42,31,עור,גבעות הרואה,visit_type,ביקור במרפאה,45
2026-07-30T18:24:42,31,עור,גבעות הרואה,language,אנגלית,6
2026-07-30T18:24:42,31,עור,גבעות הרואה,language,ספרדית,1
2026-07-30T18:24:42,31,עור,גבעות הרואה,language,עברית,13
2026-07-30T18:24:42,31,עור,גבעות הרואה,language,צרפתית,4
2026-07-30T18:24:42,31,עור,גבעות הרואה,language,רוסית,7
2026-07-30T18:24:51,31,עור,גזר,gender,גבר,28
2026-07-30T18:24:51,31,עור,גזר,gender,אישה,6
2026-07-30T18:24:51,31,עור,גזר,visit_type,ביקור במרפאה,34
2026-07-30T18:24:51,31,עור,גזר,visit_type,שיחת טלפון,2
2026-07-30T18:24:51,31,עור,גזר,language,אנגלית,4
2026-07-30T18:24:51,31,עור,גזר,language,אפריקנס,1
2026-07-30T18:24:51,31,עור,גזר,language,הולנדית,1
2026-07-30T18:24:51,31,עור,גזר,language,עברית,8
2026-07-30T18:24:51,31,עור,גזר,language,רוסית,3
2026-07-30T18:24:57,31,עור,גיתית,gender,אישה,19
2026-07-30T18:24:57,31,עור,גיתית,gender,גבר,24
2026-07-30T18:24:57,31,עור,גיתית,visit_type,ביקור במרפאה,45
2026-07-30T18:24:57,31,עור,גיתית,language,אנגלית,6
2026-07-30T18:24:57,31,עור,גיתית,language,ספרדית,1
2026-07-30T18:24:57,31,עור,גיתית,language,עברית,13
2026-07-30T18:24:57,31,עור,גיתית,language,צרפתית,4
2026-07-30T18:24:57,31,עור,גיתית,language,רוסית,7
2026-07-30T18:25:06,31,עור,גני יוחנן,gender,גבר,34
2026-07-30T18:25:06,31,עור,גני יוחנן,gender,אישה,9
2026-07-30T18:25:06,31,עור,גני יוחנן,visit_type,ביקור במרפאה,43
2026-07-30T18:25:06,31,עור,גני יוחנן,visit_type,שיחת טלפון,2
2026-07-30T18:25:06,31,עור,גני יוחנן,language,אנגלית,7
2026-07-30T18:25:06,31,עור,גני יוחנן,language,אפריקנס,1
2026-07-30T18:25:06,31,עור,גני יוחנן,language,הולנדית,1
2026-07-30T18:25:06,31,עור,גני יוחנן,language,עברית,12
2026-07-30T18:25:06,31,עור,גני יוחנן,language,רוסית,6
2026-07-30T18:25:14,31,עור,גשר הזיו,gender,גבר,35
2026-07-30T18:25:14,31,עור,גשר הזיו,gender,אישה,3
2026-07-30T18:25:14,31,עור,גשר הזיו,visit_type,ביקור במרפאה,38
2026-07-30T18:25:14,31,עור,גשר הזיו,language,אנגלית,19
2026-07-30T18:25:14,31,עור,גשר הזיו,language,גרמנית,7
2026-07-30T18:25:14,31,עור,גשר הזיו,language,עברית,38
2026-07-30T18:25:14,31,עור,גשר הזיו,language,ערבית,35
2026-07-30T18:25:14,31,עור,גשר הזיו,language,רומנית,10
2026-07-30T18:25:14,31,עור,גשר הזיו,language,רוסית,2
2026-07-30T18:25:21,31,עור,דהיישה מחנה פליטים,gender,אישה,19
2026-07-30T18:25:21,31,עור,דהיישה מחנה פליטים,gender,גבר,24
2026-07-30T18:25:21,31,עור,דהיישה מחנה פליטים,visit_type,ביקור במרפאה,45
2026-07-30T18:25:21,31,עור,דהיישה מחנה פליטים,language,אנגלית,6
2026-07-30T18:25:21,31,עור,דהיישה מחנה פליטים,language,ספרדית,1
2026-07-30T18:25:21,31,עור,דהיישה מחנה פליטים,language,עברית,13
2026-07-30T18:25:21,31,עור,דהיישה מחנה פליטים,language,צרפתית,4
2026-07-30T18:25:21,31,עור,דהיישה מחנה פליטים,language,רוסית,7
2026-07-30T18:25:31,31,עור,דחי,gender,גבר,73
2026-07-30T18:25:31,31,עור,דחי,gender,אישה,12
2026-07-30T18:25:31,31,עור,דחי,visit_type,ביקור במרפאה,85
2026-07-30T18:25:31,31,עור,דחי,language,איטלקית,1
2026-07-30T18:25:31,31,עור,דחי,language,אנגלית,35
2026-07-30T18:25:31,31,עור,דחי,language,עברית,39
2026-07-30T18:25:31,31,עור,דחי,language,ערבית,28
2026-07-30T18:25:31,31,עור,דחי,language,רומנית,5
2026-07-30T18:25:31,31,עור,דחי,language,רוסית,10
2026-07-30T18:25:49,31,עור,דיר אל בלח,gender,גבר,30
2026-07-30T18:25:49,31,עור,דיר אל בלח,gender,אישה,13
2026-07-30T18:25:49,31,עור,דיר אל בלח,visit_type,ביקור במרפאה,45
2026-07-30T18:25:49,31,עור,דיר אל בלח,language,אנגלית,6
2026-07-30T18:25:49,31,עור,דיר אל בלח,language,בולגרית,1
2026-07-30T18:25:49,31,עור,דיר אל בלח,language,עברית,9
2026-07-30T18:25:49,31,עור,דיר אל בלח,language,ערבית,1
2026-07-30T18:25:49,31,עור,דיר אל בלח,language,רוסית,5
2026-07-30T18:26:04,31,עור,הבונים,gender,גבר,60
2026-07-30T18:26:04,31,עור,הבונים,gender,אישה,17
2026-07-30T18:26:04,31,עור,הבונים,visit_type,ביקור במרפאה,79
2026-07-30T18:26:04,31,עור,הבונים,language,אידיש,2
2026-07-30T18:26:04,31,עור,הבונים,language,איטלקית,1
2026-07-30T18:26:04,31,עור,הבונים,language,אנגלית,40
2026-07-30T18:26:04,31,עור,הבונים,language,עברית,48
2026-07-30T18:26:04,31,עור,הבונים,language,ערבית,29
2026-07-30T18:26:04,31,עור,הבונים,language,צרפתית,1
2026-07-30T18:26:04,31,עור,הבונים,language,רומנית,6
2026-07-30T18:26:04,31,עור,הבונים,language,רוסית,13
2026-07-30T18:26:22,31,עור,הזורעים,gender,גבר,47
2026-07-30T18:26:22,31,עור,הזורעים,gender,אישה,6
2026-07-30T18:26:22,31,עור,הזורעים,visit_type,ביקור במרפאה,53
2026-07-30T18:26:22,31,עור,הזורעים,language,אנגלית,21
2026-07-30T18:26:22,31,עור,הזורעים,language,עברית,21
2026-07-30T18:26:22,31,עור,הזורעים,language,ערבית,17
2026-07-30T18:26:22,31,עור,הזורעים,language,רומנית,4
2026-07-30T18:26:22,31,עור,הזורעים,language,רוסית,2
2026-07-30T18:26:33,31,עור,הר עמשא,gender,גבר,22
2026-07-30T18:26:33,31,עור,הר עמשא,gender,אישה,10
2026-07-30T18:26:33,31,עור,הר עמשא,visit_type,ביקור במרפאה,34
2026-07-30T18:26:33,31,עור,הר עמשא,language,אנגלית,4
2026-07-30T18:26:33,31,עור,הר עמשא,language,בולגרית,1
2026-07-30T18:26:33,31,עור,הר עמשא,language,עברית,6
2026-07-30T18:26:33,31,עור,הר עמשא,language,ערבית,1
2026-07-30T18:26:33,31,עור,הר עמשא,language,רוסית,2
2026-07-30T18:26:43,31,עור,זבאבידה,gender,גבר,33
2026-07-30T18:26:43,31,עור,זבאבידה,gender,אישה,15
2026-07-30T18:26:43,31,עור,זבאבידה,visit_type,ביקור במרפאה,49
2026-07-30T18:26:43,31,עור,זבאבידה,language,איטלקית,1
2026-07-30T18:26:43,31,עור,זבאבידה,language,אנגלית,5
2026-07-30T18:26:43,31,עור,זבאבידה,language,עברית,9
2026-07-30T18:26:43,31,עור,זבאבידה,language,ערבית,1
2026-07-30T18:26:43,31,עור,זבאבידה,language,צרפתית,2
2026-07-30T18:26:43,31,עור,זבאבידה,language,רומנית,1
2026-07-30T18:26:43,31,עור,זבאבידה,language,רוסית,6
2026-07-30T18:26:55,31,עור,זיתן,gender,גבר,28
2026-07-30T18:26:55,31,עור,זיתן,gender,אישה,6
2026-07-30T18:26:55,31,עור,זיתן,visit_type,ביקור במרפאה,34
2026-07-30T18:26:55,31,עור,זיתן,visit_type,שיחת טלפון,2
2026-07-30T18:26:55,31,עור,זיתן,language,אנגלית,4
2026-07-30T18:26:55,31,עור,זיתן,language,אפריקנס,1
2026-07-30T18:26:55,31,עור,זיתן,language,הולנדית,1
2026-07-30T18:26:55,31,עור,זיתן,language,עברית,8
2026-07-30T18:26:55,31,עור,זיתן,language,רוסית,3
2026-07-30T18:27:02,31,עור,זרעית,gender,גבר,35
2026-07-30T18:27:02,31,עור,זרעית,gender,אישה,3
2026-07-30T18:27:02,31,עור,זרעית,visit_type,ביקור במרפאה,38
2026-07-30T18:27:02,31,עור,זרעית,language,אנגלית,19
2026-07-30T18:27:02,31,עור,זרעית,language,גרמנית,7
2026-07-30T18:27:02,31,עור,זרעית,language,עברית,38
2026-07-30T18:27:02,31,עור,זרעית,language,ערבית,35
2026-07-30T18:27:02,31,עור,זרעית,language,רומנית,10
2026-07-30T18:27:02,31,עור,זרעית,language,רוסית,2
2026-07-30T18:27:11,31,עור,חגלה,gender,גבר,59
2026-07-30T18:27:11,31,עור,חגלה,gender,אישה,21
2026-07-30T18:27:11,31,עור,חגלה,visit_type,ביקור במרפאה,81
2026-07-30T18:27:11,31,עור,חגלה,language,איטלקית,1
2026-07-30T18:27:11,31,עור,חגלה,language,אנגלית,23
2026-07-30T18:27:11,31,עור,חגלה,language,עברית,27
2026-07-30T18:27:11,31,עור,חגלה,language,ערבית,14
2026-07-30T18:27:11,31,עור,חגלה,language,צרפתית,2
2026-07-30T18:27:11,31,עור,חגלה,language,רומנית,1
2026-07-30T18:27:11,31,עור,חגלה,language,רוסית,10
2026-07-30T18:27:30,31,עור,חוסן,gender,גבר,63
2026-07-30T18:27:30,31,עור,חוסן,gender,אישה,10
2026-07-30T18:27:30,31,עור,חוסן,visit_type,ביקור במרפאה,75
2026-07-30T18:27:30,31,עור,חוסן,language,אידיש,2
2026-07-30T18:27:30,31,עור,חוסן,language,אנגלית,49
2026-07-30T18:27:30,31,עור,חוסן,language,גרמנית,7
2026-07-30T18:27:30,31,עור,חוסן,language,עברית,72
2026-07-30T18:27:30,31,עור,חוסן,language,ערבית,60
2026-07-30T18:27:30,31,עור,חוסן,language,צרפתית,1
2026-07-30T18:27:30,31,עור,חוסן,language,רומנית,15
2026-07-30T18:27:30,31,עור,חוסן,language,רוסית,7
2026-07-30T18:27:46,31,עור,חלחול,gender,אישה,19
2026-07-30T18:27:46,31,עור,חלחול,gender,גבר,24
2026-07-30T18:27:46,31,עור,חלחול,visit_type,ביקור במרפאה,45
2026-07-30T18:27:46,31,עור,חלחול,language,אנגלית,6
2026-07-30T18:27:46,31,עור,חלחול,language,ספרדית,1
2026-07-30T18:27:46,31,עור,חלחול,language,עברית,13
2026-07-30T18:27:46,31,עור,חלחול,language,צרפתית,4
2026-07-30T18:27:46,31,עור,חלחול,language,רוסית,7
2026-07-30T18:27:55,31,עור,חספין,gender,גבר,47
2026-07-30T18:27:55,31,עור,חספין,gender,אישה,6
2026-07-30T18:27:55,31,עור,חספין,visit_type,ביקור במרפאה,53
2026-07-30T18:27:55,31,עור,חספין,language,אנגלית,21
2026-07-30T18:27:55,31,עור,חספין,language,עברית,21
2026-07-30T18:27:55,31,עור,חספין,language,ערבית,17
2026-07-30T18:27:55,31,עור,חספין,language,רומנית,4
2026-07-30T18:27:55,31,עור,חספין,language,רוסית,2
2026-07-30T18:28:06,31,עור,חרות,gender,גבר,33
2026-07-30T18:28:06,31,עור,חרות,gender,אישה,15
2026-07-30T18:28:06,31,עור,חרות,visit_type,ביקור במרפאה,49
2026-07-30T18:28:06,31,עור,חרות,language,איטלקית,1
2026-07-30T18:28:06,31,עור,חרות,language,אנגלית,5
2026-07-30T18:28:06,31,עור,חרות,language,עברית,9
2026-07-30T18:28:06,31,עור,חרות,language,ערבית,1
2026-07-30T18:28:06,31,עור,חרות,language,צרפתית,2
2026-07-30T18:28:06,31,עור,חרות,language,רומנית,1
2026-07-30T18:28:06,31,עור,חרות,language,רוסית,6
2026-07-30T18:28:19,31,עור,טורעאן,gender,גבר,47
2026-07-30T18:28:19,31,עור,טורעאן,gender,אישה,6
2026-07-30T18:28:19,31,עור,טורעאן,visit_type,ביקור במרפאה,53
2026-07-30T18:28:19,31,עור,טורעאן,language,אנגלית,21
2026-07-30T18:28:19,31,עור,טורעאן,language,עברית,21
2026-07-30T18:28:19,31,עור,טורעאן,language,ערבית,17
2026-07-30T18:28:19,31,עור,טורעאן,language,רומנית,4
2026-07-30T18:28:19,31,עור,טורעאן,language,רוסית,2
2026-07-30T18:28:30,31,עור,טלוזה,gender,גבר,33
2026-07-30T18:28:30,31,עור,טלוזה,gender,אישה,15
2026-07-30T18:28:30,31,עור,טלוזה,visit_type,ביקור במרפאה,49
2026-07-30T18:28:30,31,עור,טלוזה,language,איטלקית,1
2026-07-30T18:28:30,31,עור,טלוזה,language,אנגלית,5
2026-07-30T18:28:30,31,עור,טלוזה,language,עברית,9
2026-07-30T18:28:30,31,עור,טלוזה,language,ערבית,1
2026-07-30T18:28:30,31,עור,טלוזה,language,צרפתית,2
2026-07-30T18:28:30,31,עור,טלוזה,language,רומנית,1
2026-07-30T18:28:30,31,עור,טלוזה,language,רוסית,6
2026-07-30T18:28:43,31,עור,יאנון,gender,אישה,19
2026-07-30T18:28:43,31,עור,יאנון,gender,גבר,24
2026-07-30T18:28:43,31,עור,יאנון,visit_type,ביקור במרפאה,45
2026-07-30T18:28:43,31,עור,יאנון,language,אנגלית,6
2026-07-30T18:28:43,31,עור,יאנון,language,ספרדית,1
2026-07-30T18:28:43,31,עור,יאנון,language,עברית,13
2026-07-30T18:28:43,31,עור,יאנון,language,צרפתית,4
2026-07-30T18:28:43,31,עור,יאנון,language,רוסית,7
2026-07-30T18:28:51,31,עור,יד בנימין,gender,גבר,18
2026-07-30T18:28:51,31,עור,יד בנימין,gender,אישה,6
2026-07-30T18:28:51,31,עור,יד בנימין,visit_type,ביקור במרפאה,24
2026-07-30T18:28:51,31,עור,יד בנימין,language,אנגלית,7
2026-07-30T18:28:51,31,עור,יד בנימין,language,אפריקנס,1
2026-07-30T18:28:51,31,עור,יד בנימין,language,הולנדית,1
2026-07-30T18:28:51,31,עור,יד בנימין,language,עברית,10
2026-07-30T18:28:51,31,עור,יד בנימין,language,רוסית,6
2026-07-30T18:28:57,31,עור,יובלים,gender,גבר,45
2026-07-30T18:28:57,31,עור,יובלים,gender,אישה,6
2026-07-30T18:28:57,31,עור,יובלים,visit_type,ביקור במרפאה,52
2026-07-30T18:28:57,31,עור,יובלים,language,אידיש,1
2026-07-30T18:28:57,31,עור,יובלים,language,אנגלית,28
2026-07-30T18:28:57,31,עור,יובלים,language,גרמנית,7
2026-07-30T18:28:57,31,עור,יובלים,language,עברית,51
2026-07-30T18:28:57,31,עור,יובלים,language,ערבית,45
2026-07-30T18:28:57,31,עור,יובלים,language,רומנית,12
2026-07-30T18:28:57,31,עור,יובלים,language,רוסית,3
2026-07-30T18:29:09,31,עור,ינוב,gender,גבר,33
2026-07-30T18:29:09,31,עור,ינוב,gender,אישה,15
2026-07-30T18:29:09,31,עור,ינוב,visit_type,ביקור במרפאה,49
2026-07-30T18:29:09,31,עור,ינוב,language,איטלקית,1
2026-07-30T18:29:09,31,עור,ינוב,language,אנגלית,5
2026-07-30T18:29:09,31,עור,ינוב,language,עברית,9
2026-07-30T18:29:09,31,עור,ינוב,language,ערבית,1
2026-07-30T18:29:09,31,עור,ינוב,language,צרפתית,2
2026-07-30T18:29:09,31,עור,ינוב,language,רומנית,1
2026-07-30T18:29:09,31,עור,ינוב,language,רוסית,6
2026-07-30T18:29:22,31,עור,יפיע,gender,גבר,47
2026-07-30T18:29:22,31,עור,יפיע,gender,אישה,6
2026-07-30T18:29:22,31,עור,יפיע,visit_type,ביקור במרפאה,53
2026-07-30T18:29:22,31,עור,יפיע,language,אנגלית,21
2026-07-30T18:29:22,31,עור,יפיע,language,עברית,21
2026-07-30T18:29:22,31,עור,יפיע,language,ערבית,17
2026-07-30T18:29:22,31,עור,יפיע,language,רומנית,4
2026-07-30T18:29:22,31,עור,יפיע,language,רוסית,2
2026-07-30T18:29:33,31,עור,יראון,gender,גבר,47
2026-07-30T18:29:33,31,עור,יראון,gender,אישה,6
2026-07-30T18:29:33,31,עור,יראון,visit_type,ביקור במרפאה,53
2026-07-30T18:29:33,31,עור,יראון,language,אנגלית,21
2026-07-30T18:29:33,31,עור,יראון,language,עברית,21
2026-07-30T18:29:33,31,עור,יראון,language,ערבית,17
2026-07-30T18:29:33,31,עור,יראון,language,רומנית,4
2026-07-30T18:29:33,31,עור,יראון,language,רוסית,2
2026-07-30T18:29:43,31,עור,ישרש,gender,גבר,28
2026-07-30T18:29:43,31,עור,ישרש,gender,אישה,6
2026-07-30T18:29:43,31,עור,ישרש,visit_type,ביקור במרפאה,34
2026-07-30T18:29:43,31,עור,ישרש,visit_type,שיחת טלפון,2
2026-07-30T18:29:43,31,עור,ישרש,language,אנגלית,4
2026-07-30T18:29:43,31,עור,ישרש,language,אפריקנס,1
2026-07-30T18:29:43,31,עור,ישרש,language,הולנדית,1
2026-07-30T18:29:43,31,עור,ישרש,language,עברית,8
2026-07-30T18:29:43,31,עור,ישרש,language,רוסית,3
2026-07-30T18:29:49,31,עור,כוכב השחר,gender,אישה,19
2026-07-30T18:29:49,31,עור,כוכב השחר,gender,גבר,24
2026-07-30T18:29:49,31,עור,כוכב השחר,visit_type,ביקור במרפאה,45
2026-07-30T18:29:49,31,עור,כוכב השחר,language,אנגלית,6
2026-07-30T18:29:49,31,עור,כוכב השחר,language,ספרדית,1
2026-07-30T18:29:49,31,עור,כוכב השחר,language,עברית,13
2026-07-30T18:29:49,31,עור,כוכב השחר,language,צרפתית,4
2026-07-30T18:29:49,31,עור,כוכב השחר,language,רוסית,7
2026-07-30T18:29:59,31,עור,כינרת קבוצה,gender,גבר,47
2026-07-30T18:29:59,31,עור,כינרת קבוצה,gender,אישה,6
2026-07-30T18:29:59,31,עור,כינרת קבוצה,visit_type,ביקור במרפאה,53
2026-07-30T18:29:59,31,עור,כינרת קבוצה,language,אנגלית,21
2026-07-30T18:29:59,31,עור,כינרת קבוצה,language,עברית,21
2026-07-30T18:29:59,31,עור,כינרת קבוצה,language,ערבית,17
2026-07-30T18:29:59,31,עור,כינרת קבוצה,language,רומנית,4
2026-07-30T18:29:59,31,עור,כינרת קבוצה,language,רוסית,2
2026-07-30T18:30:09,31,עור,כמון,gender,גבר,45
2026-07-30T18:30:09,31,עור,כמון,gender,אישה,6
2026-07-30T18:30:09,31,עור,כמון,visit_type,ביקור במרפאה,52
2026-07-30T18:30:09,31,עור,כמון,language,אידיש,1
2026-07-30T18:30:09,31,עור,כמון,language,אנגלית,28
2026-07-30T18:30:09,31,עור,כמון,language,גרמנית,7
2026-07-30T18:30:09,31,עור,כמון,language,עברית,51
2026-07-30T18:30:09,31,עור,כמון,language,ערבית,45
2026-07-30T18:30:09,31,עור,כמון,language,רומנית,12
2026-07-30T18:30:09,31,עור,כמון,language,רוסית,3
2026-07-30T18:30:21,31,עור,כפר אוריה,gender,אישה,19
2026-07-30T18:30:21,31,עור,כפר אוריה,gender,גבר,24
2026-07-30T18:30:21,31,עור,כפר אוריה,visit_type,ביקור במרפאה,45
2026-07-30T18:30:21,31,עור,כפר אוריה,language,אנגלית,6
2026-07-30T18:30:21,31,עור,כפר אוריה,language,ספרדית,1
2026-07-30T18:30:21,31,עור,כפר אוריה,language,עברית,13
2026-07-30T18:30:21,31,עור,כפר אוריה,language,צרפתית,4
2026-07-30T18:30:21,31,עור,כפר אוריה,language,רוסית,7
2026-07-30T18:30:31,31,עור,כרם בן שמן,gender,גבר,28
2026-07-30T18:30:31,31,עור,כרם בן שמן,gender,אישה,6
2026-07-30T18:30:31,31,עור,כרם בן שמן,visit_type,ביקור במרפאה,34
2026-07-30T18:30:31,31,עור,כרם בן שמן,visit_type,שיחת טלפון,2
2026-07-30T18:30:31,31,עור,כרם בן שמן,language,אנגלית,4
2026-07-30T18:30:31,31,עור,כרם בן שמן,language,אפריקנס,1
2026-07-30T18:30:31,31,עור,כרם בן שמן,language,הולנדית,1
2026-07-30T18:30:31,31,עור,כרם בן שמן,language,עברית,8
2026-07-30T18:30:31,31,עור,כרם בן שמן,language,רוסית,3
2026-07-30T18:30:37,31,עור,לבנים,gender,גבר,47
2026-07-30T18:30:37,31,עור,לבנים,gender,אישה,6
2026-07-30T18:30:37,31,עור,לבנים,visit_type,ביקור במרפאה,53
2026-07-30T18:30:37,31,עור,לבנים,language,אנגלית,21
2026-07-30T18:30:37,31,עור,לבנים,language,עברית,21
2026-07-30T18:30:37,31,עור,לבנים,language,ערבית,17
2026-07-30T18:30:37,31,עור,לבנים,language,רומנית,4
2026-07-30T18:30:37,31,עור,לבנים,language,רוסית,2
2026-07-30T18:30:47,31,עור,לוטן,gender,גבר,1
2026-07-30T18:30:47,31,עור,לוטן,gender,אישה,1
2026-07-30T18:30:47,31,עור,לוטן,visit_type,ביקור במרפאה,6
2026-07-30T18:30:47,31,עור,לוטן,visit_type,שיחת טלפון,1
2026-07-30T18:30:49,31,עור,מבוא חורון,gender,גבר,28
2026-07-30T18:30:49,31,עור,מבוא חורון,gender,אישה,6
2026-07-30T18:30:49,31,עור,מבוא חורון,visit_type,ביקור במרפאה,34
2026-07-30T18:30:49,31,עור,מבוא חורון,visit_type,שיחת טלפון,2
2026-07-30T18:30:49,31,עור,מבוא חורון,language,אנגלית,4
2026-07-30T18:30:49,31,עור,מבוא חורון,language,אפריקנס,1
2026-07-30T18:30:49,31,עור,מבוא חורון,language,הולנדית,1
2026-07-30T18:30:49,31,עור,מבוא חורון,language,עברית,8
2026-07-30T18:30:49,31,עור,מבוא חורון,language,רוסית,3
2026-07-30T18:30:55,31,עור,מג'דל,gender,אישה,19
2026-07-30T18:30:55,31,עור,מג'דל,gender,גבר,24
2026-07-30T18:30:55,31,עור,מג'דל,visit_type,ביקור במרפאה,45
2026-07-30T18:30:55,31,עור,מג'דל,language,אנגלית,6
2026-07-30T18:30:55,31,עור,מג'דל,language,ספרדית,1
2026-07-30T18:30:55,31,עור,מג'דל,language,עברית,13
2026-07-30T18:30:55,31,עור,מג'דל,language,צרפתית,4
2026-07-30T18:30:55,31,עור,מג'דל,language,רוסית,7
2026-07-30T18:31:04,31,עור,מדרשת בן גוריון,gender,גבר,22
2026-07-30T18:31:04,31,עור,מדרשת בן גוריון,gender,אישה,10
2026-07-30T18:31:04,31,עור,מדרשת בן גוריון,visit_type,ביקור במרפאה,34
2026-07-30T18:31:04,31,עור,מדרשת בן גוריון,language,אנגלית,4
2026-07-30T18:31:04,31,עור,מדרשת בן גוריון,language,בולגרית,1
2026-07-30T18:31:04,31,עור,מדרשת בן גוריון,language,עברית,6
2026-07-30T18:31:04,31,עור,מדרשת בן גוריון,language,ערבית,1
2026-07-30T18:31:04,31,עור,מדרשת בן גוריון,language,רוסית,2
2026-07-30T18:31:14,31,עור,מורן,gender,גבר,45
2026-07-30T18:31:14,31,עור,מורן,gender,אישה,6
2026-07-30T18:31:14,31,עור,מורן,visit_type,ביקור במרפאה,52
2026-07-30T18:31:14,31,עור,מורן,language,אידיש,1
2026-07-30T18:31:14,31,עור,מורן,language,אנגלית,28
2026-07-30T18:31:14,31,עור,מורן,language,גרמנית,7
2026-07-30T18:31:14,31,עור,מורן,language,עברית,51
2026-07-30T18:31:14,31,עור,מורן,language,ערבית,45
2026-07-30T18:31:14,31,עור,מורן,language,רומנית,12
2026-07-30T18:31:14,31,עור,מורן,language,רוסית,3
2026-07-30T18:31:25,31,עור,מחסיה,gender,אישה,19
2026-07-30T18:31:25,31,עור,מחסיה,gender,גבר,24
2026-07-30T18:31:25,31,עור,מחסיה,visit_type,ביקור במרפאה,45
2026-07-30T18:31:25,31,עור,מחסיה,language,אנגלית,6
2026-07-30T18:31:25,31,עור,מחסיה,language,ספרדית,1
2026-07-30T18:31:25,31,עור,מחסיה,language,עברית,13
2026-07-30T18:31:25,31,עור,מחסיה,language,צרפתית,4
2026-07-30T18:31:25,31,עור,מחסיה,language,רוסית,7
2026-07-30T18:31:35,31,עור,מירכה,gender,גבר,33
2026-07-30T18:31:35,31,עור,מירכה,gender,אישה,15
2026-07-30T18:31:35,31,עור,מירכה,visit_type,ביקור במרפאה,49
2026-07-30T18:31:35,31,עור,מירכה,language,איטלקית,1
2026-07-30T18:31:35,31,עור,מירכה,language,אנגלית,5
2026-07-30T18:31:35,31,עור,מירכה,language,עברית,9
2026-07-30T18:31:35,31,עור,מירכה,language,ערבית,1
2026-07-30T18:31:35,31,עור,מירכה,language,צרפתית,2
2026-07-30T18:31:35,31,עור,מירכה,language,רומנית,1
2026-07-30T18:31:35,31,עור,מירכה,language,רוסית,6
2026-07-30T18:31:49,31,עור,מלכישוע,gender,גבר,73
2026-07-30T18:31:49,31,עור,מלכישוע,gender,אישה,12
2026-07-30T18:31:49,31,עור,מלכישוע,visit_type,ביקור במרפאה,85
2026-07-30T18:31:49,31,עור,מלכישוע,language,איטלקית,1
2026-07-30T18:31:49,31,עור,מלכישוע,language,אנגלית,35
2026-07-30T18:31:49,31,עור,מלכישוע,language,עברית,39
2026-07-30T18:31:49,31,עור,מלכישוע,language,ערבית,28
2026-07-30T18:31:49,31,עור,מלכישוע,language,רומנית,5
2026-07-30T18:31:49,31,עור,מלכישוע,language,רוסית,10
2026-07-30T18:32:06,31,עור,מסילות,gender,גבר,73
2026-07-30T18:32:06,31,עור,מסילות,gender,אישה,12
2026-07-30T18:32:06,31,עור,מסילות,visit_type,ביקור במרפאה,85
2026-07-30T18:32:06,31,עור,מסילות,language,איטלקית,1
2026-07-30T18:32:06,31,עור,מסילות,language,אנגלית,35
2026-07-30T18:32:06,31,עור,מסילות,language,עברית,39
2026-07-30T18:32:06,31,עור,מסילות,language,ערבית,28
2026-07-30T18:32:06,31,עור,מסילות,language,רומנית,5
2026-07-30T18:32:06,31,עור,מסילות,language,רוסית,10
2026-07-30T18:32:23,31,עור,מעוז חיים,gender,גבר,73
2026-07-30T18:32:23,31,עור,מעוז חיים,gender,אישה,12
2026-07-30T18:32:23,31,עור,מעוז חיים,visit_type,ביקור במרפאה,85
2026-07-30T18:32:23,31,עור,מעוז חיים,language,איטלקית,1
2026-07-30T18:32:23,31,עור,מעוז חיים,language,אנגלית,35
2026-07-30T18:32:23,31,עור,מעוז חיים,language,עברית,39
2026-07-30T18:32:23,31,עור,מעוז חיים,language,ערבית,28
2026-07-30T18:32:23,31,עור,מעוז חיים,language,רומנית,5
2026-07-30T18:32:23,31,עור,מעוז חיים,language,רוסית,10
2026-07-30T18:32:40,31,עור,מפעלי גלבוע,gender,גבר,47
2026-07-30T18:32:40,31,עור,מפעלי גלבוע,gender,אישה,6
2026-07-30T18:32:40,31,עור,מפעלי גלבוע,visit_type,ביקור במרפאה,53
2026-07-30T18:32:40,31,עור,מפעלי גלבוע,language,אנגלית,21
2026-07-30T18:32:40,31,עור,מפעלי גלבוע,language,עברית,21
2026-07-30T18:32:40,31,עור,מפעלי גלבוע,language,ערבית,17
2026-07-30T18:32:40,31,עור,מפעלי גלבוע,language,רומנית,4
2026-07-30T18:32:40,31,עור,מפעלי גלבוע,language,רוסית,2
2026-07-30T18:32:50,31,עור,מצפה,gender,גבר,47
2026-07-30T18:32:50,31,עור,מצפה,gender,אישה,6
2026-07-30T18:32:50,31,עור,מצפה,visit_type,ביקור במרפאה,53
2026-07-30T18:32:50,31,עור,מצפה,language,אנגלית,21
2026-07-30T18:32:50,31,עור,מצפה,language,עברית,21
2026-07-30T18:32:50,31,עור,מצפה,language,ערבית,17
2026-07-30T18:32:50,31,עור,מצפה,language,רומנית,4
2026-07-30T18:32:50,31,עור,מצפה,language,רוסית,2
2026-07-30T18:32:59,31,עור,מרום גולן,gender,גבר,47
2026-07-30T18:32:59,31,עור,מרום גולן,gender,אישה,6
2026-07-30T18:32:59,31,עור,מרום גולן,visit_type,ביקור במרפאה,53
2026-07-30T18:32:59,31,עור,מרום גולן,language,אנגלית,21
2026-07-30T18:32:59,31,עור,מרום גולן,language,עברית,21
2026-07-30T18:32:59,31,עור,מרום גולן,language,ערבית,17
2026-07-30T18:32:59,31,עור,מרום גולן,language,רומנית,4
2026-07-30T18:32:59,31,עור,מרום גולן,language,רוסית,2
2026-07-30T18:33:10,31,עור,משהד,gender,גבר,47
2026-07-30T18:33:10,31,עור,משהד,gender,אישה,6
2026-07-30T18:33:10,31,עור,משהד,visit_type,ביקור במרפאה,53
2026-07-30T18:33:10,31,עור,משהד,language,אנגלית,21
2026-07-30T18:33:10,31,עור,משהד,language,עברית,21
2026-07-30T18:33:10,31,עור,משהד,language,ערבית,17
2026-07-30T18:33:10,31,עור,משהד,language,רומנית,4
2026-07-30T18:33:10,31,עור,משהד,language,רוסית,2
2026-07-30T18:33:20,31,עור,נאות גולן,gender,גבר,47
2026-07-30T18:33:20,31,עור,נאות גולן,gender,אישה,6
2026-07-30T18:33:20,31,עור,נאות גולן,visit_type,ביקור במרפאה,53
2026-07-30T18:33:20,31,עור,נאות גולן,language,אנגלית,21
2026-07-30T18:33:20,31,עור,נאות גולן,language,עברית,21
2026-07-30T18:33:20,31,עור,נאות גולן,language,ערבית,17
2026-07-30T18:33:20,31,עור,נאות גולן,language,רומנית,4
2026-07-30T18:33:20,31,עור,נאות גולן,language,רוסית,2
2026-07-30T18:33:31,31,עור,נגוהות,gender,גבר,30
2026-07-30T18:33:31,31,עור,נגוהות,gender,אישה,13
2026-07-30T18:33:31,31,עור,נגוהות,visit_type,ביקור במרפאה,45
2026-07-30T18:33:31,31,עור,נגוהות,language,אנגלית,6
2026-07-30T18:33:31,31,עור,נגוהות,language,בולגרית,1
2026-07-30T18:33:31,31,עור,נגוהות,language,עברית,9
2026-07-30T18:33:31,31,עור,נגוהות,language,ערבית,1
2026-07-30T18:33:31,31,עור,נגוהות,language,רוסית,5
2026-07-30T18:33:44,31,עור,נווה אילן,gender,גבר,24
2026-07-30T18:33:44,31,עור,נווה אילן,gender,אישה,19
2026-07-30T18:33:44,31,עור,נווה אילן,visit_type,ביקור במרפאה,45
2026-07-30T18:33:44,31,עור,נווה אילן,language,אנגלית,6
2026-07-30T18:33:44,31,עור,נווה אילן,language,ספרדית,1
2026-07-30T18:33:44,31,עור,נווה אילן,language,עברית,13
2026-07-30T18:33:44,31,עור,נווה אילן,language,צרפתית,4
2026-07-30T18:33:44,31,עור,נווה אילן,language,רוסית,7
2026-07-30T18:33:55,31,עור,נחל עוז,gender,אישה,9
2026-07-30T18:33:55,31,עור,נחל עוז,gender,גבר,21
2026-07-30T18:33:55,31,עור,נחל עוז,visit_type,ביקור במרפאה,32
2026-07-30T18:33:55,31,עור,נחל עוז,language,אנגלית,4
2026-07-30T18:33:55,31,עור,נחל עוז,language,בולגרית,1
2026-07-30T18:33:55,31,עור,נחל עוז,language,עברית,7
2026-07-30T18:33:55,31,עור,נחל עוז,language,רוסית,5
2026-07-30T18:34:08,31,עור,נטע,gender,אישה,9
2026-07-30T18:34:08,31,עור,נטע,gender,גבר,21
2026-07-30T18:34:08,31,עור,נטע,visit_type,ביקור במרפאה,32
2026-07-30T18:34:08,31,עור,נטע,language,אנגלית,4
2026-07-30T18:34:08,31,עור,נטע,language,בולגרית,1
2026-07-30T18:34:08,31,עור,נטע,language,עברית,7
2026-07-30T18:34:08,31,עור,נטע,language,רוסית,5
2026-07-30T18:34:19,31,עור,ניצני סיני,gender,גבר,22
2026-07-30T18:34:19,31,עור,ניצני סיני,gender,אישה,10
2026-07-30T18:34:19,31,עור,ניצני סיני,visit_type,ביקור במרפאה,34
2026-07-30T18:34:19,31,עור,ניצני סיני,language,אנגלית,4
2026-07-30T18:34:19,31,עור,ניצני סיני,language,בולגרית,1
2026-07-30T18:34:19,31,עור,ניצני סיני,language,עברית,6
2026-07-30T18:34:19,31,עור,ניצני סיני,language,ערבית,1
2026-07-30T18:34:19,31,עור,ניצני סיני,language,רוסית,2
2026-07-30T18:34:29,31,עור,נעמי,gender,גבר,24
2026-07-30T18:34:29,31,עור,נעמי,gender,אישה,19
2026-07-30T18:34:29,31,עור,נעמי,visit_type,ביקור במרפאה,45
2026-07-30T18:34:29,31,עור,נעמי,language,אנגלית,6
2026-07-30T18:34:29,31,עור,נעמי,language,ספרדית,1
2026-07-30T18:34:29,31,עור,נעמי,language,עברית,13
2026-07-30T18:34:29,31,עור,נעמי,language,צרפתית,4
2026-07-30T18:34:29,31,עור,נעמי,language,רוסית,7
2026-07-30T18:34:37,31,עור,נתיב השיירה,gender,גבר,35
2026-07-30T18:34:37,31,עור,נתיב השיירה,gender,אישה,3
2026-07-30T18:34:37,31,עור,נתיב השיירה,visit_type,ביקור במרפאה,38
2026-07-30T18:34:37,31,עור,נתיב השיירה,language,אנגלית,19
2026-07-30T18:34:37,31,עור,נתיב השיירה,language,גרמנית,7
2026-07-30T18:34:37,31,עור,נתיב השיירה,language,עברית,38
2026-07-30T18:34:37,31,עור,נתיב השיירה,language,ערבית,35
2026-07-30T18:34:37,31,עור,נתיב השיירה,language,רומנית,10
2026-07-30T18:34:37,31,עור,נתיב השיירה,language,רוסית,2
2026-07-30T18:34:47,31,עור,סגולה,gender,אישה,9
2026-07-30T18:34:47,31,עור,סגולה,gender,גבר,21
2026-07-30T18:34:47,31,עור,סגולה,visit_type,ביקור במרפאה,32
2026-07-30T18:34:47,31,עור,סגולה,language,אנגלית,4
2026-07-30T18:34:47,31,עור,סגולה,language,בולגרית,1
2026-07-30T18:34:47,31,עור,סגולה,language,עברית,7
2026-07-30T18:34:47,31,עור,סגולה,language,רוסית,5
2026-07-30T18:34:59,31,עור,סיכה,gender,גבר,30
2026-07-30T18:34:59,31,עור,סיכה,gender,אישה,13
2026-07-30T18:34:59,31,עור,סיכה,visit_type,ביקור במרפאה,45
2026-07-30T18:34:59,31,עור,סיכה,language,אנגלית,6
2026-07-30T18:34:59,31,עור,סיכה,language,בולגרית,1
2026-07-30T18:34:59,31,עור,סיכה,language,עברית,9
2026-07-30T18:34:59,31,עור,סיכה,language,ערבית,1
2026-07-30T18:34:59,31,עור,סיכה,language,רוסית,5
2026-07-30T18:35:13,31,עור,סלפית,gender,גבר,25
2026-07-30T18:35:13,31,עור,סלפית,gender,אישה,13
2026-07-30T18:35:13,31,עור,סלפית,visit_type,ביקור במרפאה,46
2026-07-30T18:35:13,31,עור,סלפית,language,איטלקית,1
2026-07-30T18:35:13,31,עור,סלפית,language,אנגלית,26
2026-07-30T18:35:13,31,עור,סלפית,language,גרמנית,2
2026-07-30T18:35:13,31,עור,סלפית,language,ספרדית,4
2026-07-30T18:35:13,31,עור,סלפית,language,עברית,45
2026-07-30T18:35:13,31,עור,סלפית,language,ערבית,7
2026-07-30T18:35:13,31,עור,סלפית,language,צרפתית,3
2026-07-30T18:35:13,31,עור,סלפית,language,רוסית,5
2026-07-30T18:35:27,31,עור,ספיר,gender,גבר,22
2026-07-30T18:35:27,31,עור,ספיר,gender,אישה,10
2026-07-30T18:35:27,31,עור,ספיר,visit_type,ביקור במרפאה,34
2026-07-30T18:35:27,31,עור,ספיר,language,אנגלית,4
2026-07-30T18:35:27,31,עור,ספיר,language,בולגרית,1
2026-07-30T18:35:27,31,עור,ספיר,language,עברית,6
2026-07-30T18:35:27,31,עור,ספיר,language,ערבית,1
2026-07-30T18:35:27,31,עור,ספיר,language,רוסית,2
2026-07-30T18:35:38,31,עור,עבסאן א סעיר,gender,גבר,30
2026-07-30T18:35:38,31,עור,עבסאן א סעיר,gender,אישה,13
2026-07-30T18:35:38,31,עור,עבסאן א סעיר,visit_type,ביקור במרפאה,45
2026-07-30T18:35:38,31,עור,עבסאן א סעיר,language,אנגלית,6
2026-07-30T18:35:38,31,עור,עבסאן א סעיר,language,בולגרית,1
2026-07-30T18:35:38,31,עור,עבסאן א סעיר,language,עברית,9
2026-07-30T18:35:38,31,עור,עבסאן א סעיר,language,ערבית,1
2026-07-30T18:35:38,31,עור,עבסאן א סעיר,language,רוסית,5
2026-07-30T18:35:51,31,עור,עוג'א אתחתא,gender,גבר,24
2026-07-30T18:35:51,31,עור,עוג'א אתחתא,gender,אישה,19
2026-07-30T18:35:51,31,עור,עוג'א אתחתא,visit_type,ביקור במרפאה,45
2026-07-30T18:35:51,31,עור,עוג'א אתחתא,language,אנגלית,6
2026-07-30T18:35:51,31,עור,עוג'א אתחתא,language,ספרדית,1
2026-07-30T18:35:51,31,עור,עוג'א אתחתא,language,עברית,13
2026-07-30T18:35:51,31,עור,עוג'א אתחתא,language,צרפתית,4
2026-07-30T18:35:51,31,עור,עוג'א אתחתא,language,רוסית,7
2026-07-30T18:36:01,31,עור,עזוז,gender,גבר,22
2026-07-30T18:36:01,31,עור,עזוז,gender,אישה,10
2026-07-30T18:36:01,31,עור,עזוז,visit_type,ביקור במרפאה,34
2026-07-30T18:36:01,31,עור,עזוז,language,אנגלית,4
2026-07-30T18:36:01,31,עור,עזוז,language,בולגרית,1
2026-07-30T18:36:01,31,עור,עזוז,language,עברית,6
2026-07-30T18:36:01,31,עור,עזוז,language,ערבית,1
2026-07-30T18:36:01,31,עור,עזוז,language,רוסית,2
2026-07-30T18:36:10,31,עור,עטארה ליד ביר זית,gender,גבר,24
2026-07-30T18:36:10,31,עור,עטארה ליד ביר זית,gender,אישה,19
2026-07-30T18:36:10,31,עור,עטארה ליד ביר זית,visit_type,ביקור במרפאה,45
2026-07-30T18:36:10,31,עור,עטארה ליד ביר זית,language,אנגלית,6
2026-07-30T18:36:10,31,עור,עטארה ליד ביר זית,language,ספרדית,1
2026-07-30T18:36:10,31,עור,עטארה ליד ביר זית,language,עברית,13
2026-07-30T18:36:10,31,עור,עטארה ליד ביר זית,language,צרפתית,4
2026-07-30T18:36:10,31,עור,עטארה ליד ביר זית,language,רוסית,7
2026-07-30T18:36:19,31,עור,עין גב,gender,גבר,47
2026-07-30T18:36:19,31,עור,עין גב,gender,אישה,6
2026-07-30T18:36:19,31,עור,עין גב,visit_type,ביקור במרפאה,53
2026-07-30T18:36:19,31,עור,עין גב,language,אנגלית,21
2026-07-30T18:36:19,31,עור,עין גב,language,עברית,21
2026-07-30T18:36:19,31,עור,עין גב,language,ערבית,17
2026-07-30T18:36:19,31,עור,עין גב,language,רומנית,4
2026-07-30T18:36:19,31,עור,עין גב,language,רוסית,2
2026-07-30T18:36:29,31,עור,עמיחי,gender,גבר,24
2026-07-30T18:36:29,31,עור,עמיחי,gender,אישה,19
2026-07-30T18:36:29,31,עור,עמיחי,visit_type,ביקור במרפאה,45
2026-07-30T18:36:29,31,עור,עמיחי,language,אנגלית,6
2026-07-30T18:36:29,31,עור,עמיחי,language,ספרדית,1
2026-07-30T18:36:29,31,עור,עמיחי,language,עברית,13
2026-07-30T18:36:29,31,עור,עמיחי,language,צרפתית,4
2026-07-30T18:36:29,31,עור,עמיחי,language,רוסית,7
2026-07-30T18:36:38,31,עור,ענבתא,gender,גבר,33
2026-07-30T18:36:38,31,עור,ענבתא,gender,אישה,15
2026-07-30T18:36:38,31,עור,ענבתא,visit_type,ביקור במרפאה,49
2026-07-30T18:36:38,31,עור,ענבתא,language,איטלקית,1
2026-07-30T18:36:38,31,עור,ענבתא,language,אנגלית,5
2026-07-30T18:36:38,31,עור,ענבתא,language,עברית,9
2026-07-30T18:36:38,31,עור,ענבתא,language,ערבית,1
2026-07-30T18:36:38,31,עור,ענבתא,language,צרפתית,2
2026-07-30T18:36:38,31,עור,ענבתא,language,רומנית,1
2026-07-30T18:36:38,31,עור,ענבתא,language,רוסית,6
2026-07-30T18:36:51,31,עור,עקבה בשומרון,gender,גבר,33
2026-07-30T18:36:51,31,עור,עקבה בשומרון,gender,אישה,15
2026-07-30T18:36:51,31,עור,עקבה בשומרון,visit_type,ביקור במרפאה,49
2026-07-30T18:36:51,31,עור,עקבה בשומרון,language,איטלקית,1
2026-07-30T18:36:51,31,עור,עקבה בשומרון,language,אנגלית,5
2026-07-30T18:36:51,31,עור,עקבה בשומרון,language,עברית,9
2026-07-30T18:36:51,31,עור,עקבה בשומרון,language,ערבית,1
2026-07-30T18:36:51,31,עור,עקבה בשומרון,language,צרפתית,2
2026-07-30T18:36:51,31,עור,עקבה בשומרון,language,רומנית,1
2026-07-30T18:36:51,31,עור,עקבה בשומרון,language,רוסית,6
2026-07-30T18:37:05,31,עור,ערערה,gender,גבר,59
2026-07-30T18:37:05,31,עור,ערערה,gender,אישה,21
2026-07-30T18:37:05,31,עור,ערערה,visit_type,ביקור במרפאה,81
2026-07-30T18:37:05,31,עור,ערערה,language,איטלקית,1
2026-07-30T18:37:05,31,עור,ערערה,language,אנגלית,23
2026-07-30T18:37:05,31,עור,ערערה,language,עברית,27
2026-07-30T18:37:05,31,עור,ערערה,language,ערבית,14
2026-07-30T18:37:05,31,עור,ערערה,language,צרפתית,2
2026-07-30T18:37:05,31,עור,ערערה,language,רומנית,1
2026-07-30T18:37:05,31,עור,ערערה,language,רוסית,10
2026-07-30T18:37:23,31,עור,פארק תעשיות קדמת גליל,gender,גבר,47
2026-07-30T18:37:23,31,עור,פארק תעשיות קדמת גליל,gender,אישה,6
2026-07-30T18:37:23,31,עור,פארק תעשיות קדמת גליל,visit_type,ביקור במרפאה,53
2026-07-30T18:37:23,31,עור,פארק תעשיות קדמת גליל,language,אנגלית,21
2026-07-30T18:37:23,31,עור,פארק תעשיות קדמת גליל,language,עברית,21
2026-07-30T18:37:23,31,עור,פארק תעשיות קדמת גליל,language,ערבית,17
2026-07-30T18:37:23,31,עור,פארק תעשיות קדמת גליל,language,רומנית,4
2026-07-30T18:37:23,31,עור,פארק תעשיות קדמת גליל,language,רוסית,2
2026-07-30T18:37:34,31,עור,פוריידיס,gender,גבר,59
2026-07-30T18:37:34,31,עור,פוריידיס,gender,אישה,21
2026-07-30T18:37:34,31,עור,פוריידיס,visit_type,ביקור במרפאה,81
2026-07-30T18:37:34,31,עור,פוריידיס,language,איטלקית,1
2026-07-30T18:37:34,31,עור,פוריידיס,language,אנגלית,23
2026-07-30T18:37:34,31,עור,פוריידיס,language,עברית,27
2026-07-30T18:37:34,31,עור,פוריידיס,language,ערבית,14
2026-07-30T18:37:34,31,עור,פוריידיס,language,צרפתית,2
2026-07-30T18:37:34,31,עור,פוריידיס,language,רומנית,1
2026-07-30T18:37:34,31,עור,פוריידיס,language,רוסית,10
2026-07-30T18:37:51,31,עור,פסגות,gender,גבר,25
2026-07-30T18:37:51,31,עור,פסגות,gender,אישה,19
2026-07-30T18:37:51,31,עור,פסגות,visit_type,ביקור במרפאה,46
2026-07-30T18:37:51,31,עור,פסגות,language,אנגלית,6
2026-07-30T18:37:51,31,עור,פסגות,language,ספרדית,1
2026-07-30T18:37:51,31,עור,פסגות,language,עברית,14
2026-07-30T18:37:51,31,עור,פסגות,language,צרפתית,5
2026-07-30T18:37:51,31,עור,פסגות,language,רוסית,7
2026-07-30T18:38:01,31,עור,פרזון,gender,גבר,73
2026-07-30T18:38:01,31,עור,פרזון,gender,אישה,12
2026-07-30T18:38:01,31,עור,פרזון,visit_type,ביקור במרפאה,85
2026-07-30T18:38:01,31,עור,פרזון,language,איטלקית,1
2026-07-30T18:38:01,31,עור,פרזון,language,אנגלית,35
2026-07-30T18:38:01,31,עור,פרזון,language,עברית,39
2026-07-30T18:38:01,31,עור,פרזון,language,ערבית,28
2026-07-30T18:38:01,31,עור,פרזון,language,רומנית,5
2026-07-30T18:38:01,31,עור,פרזון,language,רוסית,10
2026-07-30T18:38:17,31,עור,צובה,gender,גבר,24
2026-07-30T18:38:17,31,עור,צובה,gender,אישה,19
2026-07-30T18:38:17,31,עור,צובה,visit_type,ביקור במרפאה,45
2026-07-30T18:38:17,31,עור,צובה,language,אנגלית,6
2026-07-30T18:38:17,31,עור,צובה,language,ספרדית,1
2026-07-30T18:38:17,31,עור,צובה,language,עברית,13
2026-07-30T18:38:17,31,עור,צובה,language,צרפתית,4
2026-07-30T18:38:17,31,עור,צובה,language,רוסית,7
2026-07-30T18:38:26,31,עור,ציפורי,gender,גבר,47
2026-07-30T18:38:26,31,עור,ציפורי,gender,אישה,6
2026-07-30T18:38:26,31,עור,ציפורי,visit_type,ביקור במרפאה,53
2026-07-30T18:38:26,31,עור,ציפורי,language,אנגלית,21
2026-07-30T18:38:26,31,עור,ציפורי,language,עברית,21
2026-07-30T18:38:26,31,עור,ציפורי,language,ערבית,17
2026-07-30T18:38:26,31,עור,ציפורי,language,רומנית,4
2026-07-30T18:38:26,31,עור,ציפורי,language,רוסית,2
2026-07-30T18:38:36,31,עור,קבוצת יבנה,gender,גבר,18
2026-07-30T18:38:36,31,עור,קבוצת יבנה,gender,אישה,6
2026-07-30T18:38:36,31,עור,קבוצת יבנה,visit_type,ביקור במרפאה,24
2026-07-30T18:38:36,31,עור,קבוצת יבנה,language,אנגלית,7
2026-07-30T18:38:36,31,עור,קבוצת יבנה,language,אפריקנס,1
2026-07-30T18:38:36,31,עור,קבוצת יבנה,language,הולנדית,1
2026-07-30T18:38:36,31,עור,קבוצת יבנה,language,עברית,10
2026-07-30T18:38:36,31,עור,קבוצת יבנה,language,רוסית,6
2026-07-30T18:38:41,31,עור,קובייבה,gender,גבר,24
2026-07-30T18:38:41,31,עור,קובייבה,gender,אישה,19
2026-07-30T18:38:41,31,עור,קובייבה,visit_type,ביקור במרפאה,45
2026-07-30T18:38:41,31,עור,קובייבה,language,אנגלית,6
2026-07-30T18:38:41,31,עור,קובייבה,language,ספרדית,1
2026-07-30T18:38:41,31,עור,קובייבה,language,עברית,13
2026-07-30T18:38:41,31,עור,קובייבה,language,צרפתית,4
2026-07-30T18:38:41,31,עור,קובייבה,language,רוסית,7
2026-07-30T18:38:50,31,עור,קיסריה,gender,גבר,33
2026-07-30T18:38:50,31,עור,קיסריה,gender,אישה,15
2026-07-30T18:38:50,31,עור,קיסריה,visit_type,ביקור במרפאה,49
2026-07-30T18:38:50,31,עור,קיסריה,language,איטלקית,1
2026-07-30T18:38:50,31,עור,קיסריה,language,אנגלית,5
2026-07-30T18:38:50,31,עור,קיסריה,language,עברית,9
2026-07-30T18:38:50,31,עור,קיסריה,language,ערבית,1
2026-07-30T18:38:50,31,עור,קיסריה,language,צרפתית,2
2026-07-30T18:38:50,31,עור,קיסריה,language,רומנית,1
2026-07-30T18:38:50,31,עור,קיסריה,language,רוסית,6
2026-07-30T18:39:02,31,עור,קציר,gender,גבר,33
2026-07-30T18:39:02,31,עור,קציר,gender,אישה,15
2026-07-30T18:39:02,31,עור,קציר,visit_type,ביקור במרפאה,49
2026-07-30T18:39:02,31,עור,קציר,language,איטלקית,1
2026-07-30T18:39:02,31,עור,קציר,language,אנגלית,5
2026-07-30T18:39:02,31,עור,קציר,language,עברית,9
2026-07-30T18:39:02,31,עור,קציר,language,ערבית,1
2026-07-30T18:39:02,31,עור,קציר,language,צרפתית,2
2026-07-30T18:39:02,31,עור,קציר,language,רומנית,1
2026-07-30T18:39:02,31,עור,קציר,language,רוסית,6
2026-07-30T18:39:16,31,עור,קרית חינוך מרחבים,gender,גבר,30
2026-07-30T18:39:16,31,עור,קרית חינוך מרחבים,gender,אישה,13
2026-07-30T18:39:16,31,עור,קרית חינוך מרחבים,visit_type,ביקור במרפאה,45
2026-07-30T18:39:16,31,עור,קרית חינוך מרחבים,language,אנגלית,6
2026-07-30T18:39:16,31,עור,קרית חינוך מרחבים,language,בולגרית,1
2026-07-30T18:39:16,31,עור,קרית חינוך מרחבים,language,עברית,9
2026-07-30T18:39:16,31,עור,קרית חינוך מרחבים,language,ערבית,1
2026-07-30T18:39:16,31,עור,קרית חינוך מרחבים,language,רוסית,5
2026-07-30T18:39:30,31,עור,ראפאת ליד גבעת זאב,gender,גבר,24
2026-07-30T18:39:30,31,עור,ראפאת ליד גבעת זאב,gender,אישה,19
2026-07-30T18:39:30,31,עור,ראפאת ליד גבעת זאב,visit_type,ביקור במרפאה,45
2026-07-30T18:39:30,31,עור,ראפאת ליד גבעת זאב,language,אנגלית,6
2026-07-30T18:39:30,31,עור,ראפאת ליד גבעת זאב,language,ספרדית,1
2026-07-30T18:39:30,31,עור,ראפאת ליד גבעת זאב,language,עברית,13
2026-07-30T18:39:30,31,עור,ראפאת ליד גבעת זאב,language,צרפתית,4
2026-07-30T18:39:30,31,עור,ראפאת ליד גבעת זאב,language,רוסית,7
2026-07-30T18:39:39,31,עור,רוג'ייב,gender,גבר,33
2026-07-30T18:39:39,31,עור,רוג'ייב,gender,אישה,15
2026-07-30T18:39:39,31,עור,רוג'ייב,visit_type,ביקור במרפאה,49
2026-07-30T18:39:39,31,עור,רוג'ייב,language,איטלקית,1
2026-07-30T18:39:39,31,עור,רוג'ייב,language,אנגלית,5
2026-07-30T18:39:39,31,עור,רוג'ייב,language,עברית,9
2026-07-30T18:39:39,31,עור,רוג'ייב,language,ערבית,1
2026-07-30T18:39:39,31,עור,רוג'ייב,language,צרפתית,2
2026-07-30T18:39:39,31,עור,רוג'ייב,language,רומנית,1
2026-07-30T18:39:39,31,עור,רוג'ייב,language,רוסית,6
2026-07-30T18:39:53,31,עור,רחוב,gender,גבר,73
2026-07-30T18:39:53,31,עור,רחוב,gender,אישה,12
2026-07-30T18:39:53,31,עור,רחוב,visit_type,ביקור במרפאה,85
2026-07-30T18:39:53,31,עור,רחוב,language,איטלקית,1
2026-07-30T18:39:53,31,עור,רחוב,language,אנגלית,35
2026-07-30T18:39:53,31,עור,רחוב,language,עברית,39
2026-07-30T18:39:53,31,עור,רחוב,language,ערבית,28
2026-07-30T18:39:53,31,עור,רחוב,language,רומנית,5
2026-07-30T18:39:53,31,עור,רחוב,language,רוסית,10
2026-07-30T18:40:10,31,עור,רמה,gender,גבר,33
2026-07-30T18:40:10,31,עור,רמה,gender,אישה,15
2026-07-30T18:40:10,31,עור,רמה,visit_type,ביקור במרפאה,49
2026-07-30T18:40:10,31,עור,רמה,language,איטלקית,1
2026-07-30T18:40:10,31,עור,רמה,language,אנגלית,5
2026-07-30T18:40:10,31,עור,רמה,language,עברית,9
2026-07-30T18:40:10,31,עור,רמה,language,ערבית,1
2026-07-30T18:40:10,31,עור,רמה,language,צרפתית,2
2026-07-30T18:40:10,31,עור,רמה,language,רומנית,1
2026-07-30T18:40:10,31,עור,רמה,language,רוסית,6
2026-07-30T18:40:23,31,עור,רנתיס,gender,גבר,25
2026-07-30T18:40:23,31,עור,רנתיס,gender,אישה,13
2026-07-30T18:40:23,31,עור,רנתיס,visit_type,ביקור במרפאה,46
2026-07-30T18:40:23,31,עור,רנתיס,language,איטלקית,1
2026-07-30T18:40:23,31,עור,רנתיס,language,אנגלית,26
2026-07-30T18:40:23,31,עור,רנתיס,language,גרמנית,2
2026-07-30T18:40:23,31,עור,רנתיס,language,ספרדית,4
2026-07-30T18:40:23,31,עור,רנתיס,language,עברית,45
2026-07-30T18:40:23,31,עור,רנתיס,language,ערבית,7
2026-07-30T18:40:23,31,עור,רנתיס,language,צרפתית,3
2026-07-30T18:40:23,31,עור,רנתיס,language,רוסית,5
2026-07-30T18:40:39,31,עור,שבי דרום,gender,גבר,30
2026-07-30T18:40:39,31,עור,שבי דרום,gender,אישה,13
2026-07-30T18:40:39,31,עור,שבי דרום,visit_type,ביקור במרפאה,45
2026-07-30T18:40:39,31,עור,שבי דרום,language,אנגלית,6
2026-07-30T18:40:39,31,עור,שבי דרום,language,בולגרית,1
2026-07-30T18:40:39,31,עור,שבי דרום,language,עברית,9
2026-07-30T18:40:39,31,עור,שבי דרום,language,ערבית,1
2026-07-30T18:40:39,31,עור,שבי דרום,language,רוסית,5
2026-07-30T18:40:54,31,עור,שדה דוד,gender,אישה,9
2026-07-30T18:40:54,31,עור,שדה דוד,gender,גבר,21
2026-07-30T18:40:54,31,עור,שדה דוד,visit_type,ביקור במרפאה,32
2026-07-30T18:40:54,31,עור,שדה דוד,language,אנגלית,4
2026-07-30T18:40:54,31,עור,שדה דוד,language,בולגרית,1
2026-07-30T18:40:54,31,עור,שדה דוד,language,עברית,7
2026-07-30T18:40:54,31,עור,שדה דוד,language,רוסית,5
2026-07-30T18:41:04,31,עור,שוויכה,gender,גבר,33
2026-07-30T18:41:04,31,עור,שוויכה,gender,אישה,15
2026-07-30T18:41:04,31,עור,שוויכה,visit_type,ביקור במרפאה,49
2026-07-30T18:41:04,31,עור,שוויכה,language,איטלקית,1
2026-07-30T18:41:04,31,עור,שוויכה,language,אנגלית,5
2026-07-30T18:41:04,31,עור,שוויכה,language,עברית,9
2026-07-30T18:41:04,31,עור,שוויכה,language,ערבית,1
2026-07-30T18:41:04,31,עור,שוויכה,language,צרפתית,2
2026-07-30T18:41:04,31,עור,שוויכה,language,רומנית,1
2026-07-30T18:41:04,31,עור,שוויכה,language,רוסית,6
2026-07-30T18:41:19,31,עור,שיבולים,gender,גבר,30
2026-07-30T18:41:19,31,עור,שיבולים,gender,אישה,13
2026-07-30T18:41:19,31,עור,שיבולים,visit_type,ביקור במרפאה,45
2026-07-30T18:41:19,31,עור,שיבולים,language,אנגלית,6
2026-07-30T18:41:19,31,עור,שיבולים,language,בולגרית,1
2026-07-30T18:41:19,31,עור,שיבולים,language,עברית,9
2026-07-30T18:41:19,31,עור,שיבולים,language,ערבית,1
2026-07-30T18:41:19,31,עור,שיבולים,language,רוסית,5
2026-07-30T18:41:35,31,עור,שלווה במדבר,gender,גבר,22
2026-07-30T18:41:35,31,עור,שלווה במדבר,gender,אישה,10
2026-07-30T18:41:35,31,עור,שלווה במדבר,visit_type,ביקור במרפאה,34
2026-07-30T18:41:35,31,עור,שלווה במדבר,language,אנגלית,4
2026-07-30T18:41:35,31,עור,שלווה במדבר,language,בולגרית,1
2026-07-30T18:41:35,31,עור,שלווה במדבר,language,עברית,6
2026-07-30T18:41:35,31,עור,שלווה במדבר,language,ערבית,1
2026-07-30T18:41:35,31,עור,שלווה במדבר,language,רוסית,2
2026-07-30T18:41:45,31,עור,שניר,gender,גבר,47
2026-07-30T18:41:45,31,עור,שניר,gender,אישה,6
2026-07-30T18:41:45,31,עור,שניר,visit_type,ביקור במרפאה,53
2026-07-30T18:41:45,31,עור,שניר,language,אנגלית,21
2026-07-30T18:41:45,31,עור,שניר,language,עברית,21
2026-07-30T18:41:45,31,עור,שניר,language,ערבית,17
2026-07-30T18:41:45,31,עור,שניר,language,רומנית,4
2026-07-30T18:41:45,31,עור,שניר,language,רוסית,2
2026-07-30T18:41:55,31,עור,שפיר,gender,גבר,18
2026-07-30T18:41:55,31,עור,שפיר,gender,אישה,6
2026-07-30T18:41:55,31,עור,שפיר,visit_type,ביקור במרפאה,24
2026-07-30T18:41:55,31,עור,שפיר,language,אנגלית,7
2026-07-30T18:41:55,31,עור,שפיר,language,אפריקנס,1
2026-07-30T18:41:55,31,עור,שפיר,language,הולנדית,1
2026-07-30T18:41:55,31,עור,שפיר,language,עברית,10
2026-07-30T18:41:55,31,עור,שפיר,language,רוסית,6
2026-07-30T18:42:00,31,עור,שתולים,gender,גבר,18
2026-07-30T18:42:00,31,עור,שתולים,gender,אישה,6
2026-07-30T18:42:00,31,עור,שתולים,visit_type,ביקור במרפאה,24
2026-07-30T18:42:00,31,עור,שתולים,language,אנגלית,7
2026-07-30T18:42:00,31,עור,שתולים,language,אפריקנס,1
2026-07-30T18:42:00,31,עור,שתולים,language,הולנדית,1
2026-07-30T18:42:00,31,עור,שתולים,language,עברית,10
2026-07-30T18:42:00,31,עור,שתולים,language,רוסית,6
2026-07-30T18:42:05,31,עור,תיעניכ,gender,גבר,33
2026-07-30T18:42:05,31,עור,תיעניכ,gender,אישה,15
2026-07-30T18:42:05,31,עור,תיעניכ,visit_type,ביקור במרפאה,49
2026-07-30T18:42:05,31,עור,תיעניכ,language,איטלקית,1
2026-07-30T18:42:05,31,עור,תיעניכ,language,אנגלית,5
2026-07-30T18:42:05,31,עור,תיעניכ,language,עברית,9
2026-07-30T18:42:05,31,עור,תיעניכ,language,ערבית,1
2026-07-30T18:42:05,31,עור,תיעניכ,language,צרפתית,2
2026-07-30T18:42:05,31,עור,תיעניכ,language,רומנית,1
2026-07-30T18:42:05,31,עור,תיעניכ,language,רוסית,6
2026-07-30T18:42:18,31,עור,תל ציון,gender,גבר,24
2026-07-30T18:42:18,31,עור,תל ציון,gender,אישה,19
2026-07-30T18:42:18,31,עור,תל ציון,visit_type,ביקור במרפאה,45
2026-07-30T18:42:18,31,עור,תל ציון,language,אנגלית,6
2026-07-30T18:42:18,31,עור,תל ציון,language,ספרדית,1
2026-07-30T18:42:18,31,עור,תל ציון,language,עברית,13
2026-07-30T18:42:18,31,עור,תל ציון,language,צרפתית,4
2026-07-30T18:42:18,31,עור,תל ציון,language,רוסית,7
2026-07-30T18:42:28,31,עור,תעשיון שח''ק,gender,גבר,33
2026-07-30T18:42:28,31,עור,תעשיון שח''ק,gender,אישה,15
2026-07-30T18:42:28,31,עור,תעשיון שח''ק,visit_type,ביקור במרפאה,49
2026-07-30T18:42:28,31,עור,תעשיון שח''ק,language,איטלקית,1
2026-07-30T18:42:28,31,עור,תעשיון שח''ק,language,אנגלית,5
2026-07-30T18:42:28,31,עור,תעשיון שח''ק,language,עברית,9
2026-07-30T18:42:28,31,עור,תעשיון שח''ק,language,ערבית,1
2026-07-30T18:42:28,31,עור,תעשיון שח''ק,language,צרפתית,2
2026-07-30T18:42:28,31,עור,תעשיון שח''ק,language,רומנית,1
2026-07-30T18:42:28,31,עור,תעשיון שח''ק,language,רוסית,6
2026-07-30T18:42:40,31,עור,תרום,gender,גבר,24
2026-07-30T18:42:40,31,עור,תרום,gender,אישה,19
2026-07-30T18:42:40,31,עור,תרום,visit_type,ביקור במרפאה,45
2026-07-30T18:42:40,31,עור,תרום,language,אנגלית,6
2026-07-30T18:42:40,31,עור,תרום,language,ספרדית,1
2026-07-30T18:42:40,31,עור,תרום,language,עברית,13
2026-07-30T18:42:40,31,עור,תרום,language,צרפתית,4
2026-07-30T18:42:40,31,עור,תרום,language,רוסית,7
2026-07-30T18:42:51,61,עיניים,א טייבה,gender,גבר,104
2026-07-30T18:42:51,61,עיניים,א טייבה,gender,אישה,16
2026-07-30T18:42:51,61,עיניים,א טייבה,visit_type,ביקור במרפאה,125
2026-07-30T18:42:51,61,עיניים,א טייבה,visit_type,שיחת טלפון,1
2026-07-30T18:42:51,61,עיניים,א טייבה,language,אידיש,1
2026-07-30T18:42:51,61,עיניים,א טייבה,language,איטלקית,1
2026-07-30T18:42:51,61,עיניים,א טייבה,language,אנגלית,31
2026-07-30T18:42:51,61,עיניים,א טייבה,language,גרמנית,1
2026-07-30T18:42:51,61,עיניים,א טייבה,language,ספרדית,1
2026-07-30T18:42:51,61,עיניים,א טייבה,language,עברית,44
2026-07-30T18:42:51,61,עיניים,א טייבה,language,ערבית,25
2026-07-30T18:42:51,61,עיניים,א טייבה,language,פולנית,1
2026-07-30T18:42:51,61,עיניים,א טייבה,language,פרסית,1
2026-07-30T18:42:51,61,עיניים,א טייבה,language,צרפתית,1
2026-07-30T18:42:51,61,עיניים,א טייבה,language,רומנית,1
2026-07-30T18:42:51,61,עיניים,א טייבה,language,רוסית,5
2026-07-30T18:43:12,61,עיניים,אבו דיס,gender,אישה,13
2026-07-30T18:43:12,61,עיניים,אבו דיס,gender,גבר,17
2026-07-30T18:43:12,61,עיניים,אבו דיס,visit_type,ביקור במרפאה,30
2026-07-30T18:43:12,61,עיניים,אבו דיס,language,אנגלית,4
2026-07-30T18:43:12,61,עיניים,אבו דיס,language,עברית,6
2026-07-30T18:43:12,61,עיניים,אבו דיס,language,ערבית,6
2026-07-30T18:43:12,61,עיניים,אבו דיס,language,צרפתית,1
2026-07-30T18:43:12,61,עיניים,אבו דיס,language,רומנית,1
2026-07-30T18:43:20,61,עיניים,אדירים,gender,גבר,62
2026-07-30T18:43:20,61,עיניים,אדירים,gender,אישה,12
2026-07-30T18:43:20,61,עיניים,אדירים,visit_type,ביקור במרפאה,79
2026-07-30T18:43:20,61,עיניים,אדירים,language,אנגלית,19
2026-07-30T18:43:20,61,עיניים,אדירים,language,עברית,27
2026-07-30T18:43:20,61,עיניים,אדירים,language,ערבית,17
2026-07-30T18:43:20,61,עיניים,אדירים,language,רוסית,4
2026-07-30T18:43:36,61,עיניים,אום אל פחם,gender,גבר,78
2026-07-30T18:43:36,61,עיניים,אום אל פחם,gender,אישה,23
2026-07-30T18:43:36,61,עיניים,אום אל פחם,visit_type,ביקור במרפאה,105
2026-07-30T18:43:36,61,עיניים,אום אל פחם,visit_type,שיחת טלפון,1
2026-07-30T18:43:36,61,עיניים,אום אל פחם,language,אידיש,2
2026-07-30T18:43:36,61,עיניים,אום אל פחם,language,איטלקית,2
2026-07-30T18:43:36,61,עיניים,אום אל פחם,language,אנגלית,21
2026-07-30T18:43:36,61,עיניים,אום אל פחם,language,גרמנית,1
2026-07-30T18:43:36,61,עיניים,אום אל פחם,language,ספרדית,3
2026-07-30T18:43:36,61,עיניים,אום אל פחם,language,עברית,29
2026-07-30T18:43:36,61,עיניים,אום אל פחם,language,ערבית,10
2026-07-30T18:43:36,61,עיניים,אום אל פחם,language,פולנית,1
2026-07-30T18:43:36,61,עיניים,אום אל פחם,language,פרסית,1
2026-07-30T18:43:36,61,עיניים,אום אל פחם,language,צרפתית,2
2026-07-30T18:43:36,61,עיניים,אום אל פחם,language,רומנית,1
2026-07-30T18:43:36,61,עיניים,אום אל פחם,language,רוסית,4
2026-07-30T18:43:57,61,עיניים,אחוזת ברק,gender,גבר,104
2026-07-30T18:43:57,61,עיניים,אחוזת ברק,gender,אישה,16
2026-07-30T18:43:57,61,עיניים,אחוזת ברק,visit_type,ביקור במרפאה,125
2026-07-30T18:43:57,61,עיניים,אחוזת ברק,visit_type,שיחת טלפון,1
2026-07-30T18:43:57,61,עיניים,אחוזת ברק,language,אידיש,1
2026-07-30T18:43:57,61,עיניים,אחוזת ברק,language,איטלקית,1
2026-07-30T18:43:57,61,עיניים,אחוזת ברק,language,אנגלית,31
2026-07-30T18:43:57,61,עיניים,אחוזת ברק,language,גרמנית,1
2026-07-30T18:43:57,61,עיניים,אחוזת ברק,language,ספרדית,1
2026-07-30T18:43:57,61,עיניים,אחוזת ברק,language,עברית,44
2026-07-30T18:43:57,61,עיניים,אחוזת ברק,language,ערבית,25
2026-07-30T18:43:57,61,עיניים,אחוזת ברק,language,פולנית,1
2026-07-30T18:43:57,61,עיניים,אחוזת ברק,language,פרסית,1
2026-07-30T18:43:57,61,עיניים,אחוזת ברק,language,צרפתית,1
2026-07-30T18:43:57,61,עיניים,אחוזת ברק,language,רומנית,1
2026-07-30T18:43:57,61,עיניים,אחוזת ברק,language,רוסית,5
2026-07-30T18:44:20,61,עיניים,איילת השחר,gender,גבר,62
2026-07-30T18:44:20,61,עיניים,איילת השחר,gender,אישה,12
2026-07-30T18:44:20,61,עיניים,איילת השחר,visit_type,ביקור במרפאה,79
2026-07-30T18:44:20,61,עיניים,איילת השחר,language,אנגלית,19
2026-07-30T18:44:20,61,עיניים,איילת השחר,language,עברית,27
2026-07-30T18:44:20,61,עיניים,איילת השחר,language,ערבית,17
2026-07-30T18:44:20,61,עיניים,איילת השחר,language,רוסית,4
2026-07-30T18:44:34,61,עיניים,אל ח'דר,gender,אישה,13
2026-07-30T18:44:34,61,עיניים,אל ח'דר,gender,גבר,17
2026-07-30T18:44:34,61,עיניים,אל ח'דר,visit_type,ביקור במרפאה,30
2026-07-30T18:44:34,61,עיניים,אל ח'דר,language,אנגלית,4
2026-07-30T18:44:34,61,עיניים,אל ח'דר,language,עברית,6
2026-07-30T18:44:34,61,עיניים,אל ח'דר,language,ערבית,6
2026-07-30T18:44:34,61,עיניים,אל ח'דר,language,צרפתית,1
2026-07-30T18:44:34,61,עיניים,אל ח'דר,language,רומנית,1
2026-07-30T18:44:44,61,עיניים,אמציה,gender,גבר,36
2026-07-30T18:44:44,61,עיניים,אמציה,gender,אישה,13
2026-07-30T18:44:44,61,עיניים,אמציה,visit_type,ביקור במרפאה,51
2026-07-30T18:44:44,61,עיניים,אמציה,visit_type,שיחת טלפון,1
2026-07-30T18:44:44,61,עיניים,אמציה,language,איטלקית,2
2026-07-30T18:44:44,61,עיניים,אמציה,language,אנגלית,3
2026-07-30T18:44:44,61,עיניים,אמציה,language,ספרדית,1
2026-07-30T18:44:44,61,עיניים,אמציה,language,עברית,5
2026-07-30T18:44:44,61,עיניים,אמציה,language,צרפתית,1
2026-07-30T18:44:44,61,עיניים,אמציה,language,רומנית,1
2026-07-30T18:44:44,61,עיניים,אמציה,language,רוסית,4
2026-07-30T18:44:56,61,עיניים,ארבל,gender,גבר,62
2026-07-30T18:44:56,61,עיניים,ארבל,gender,אישה,12
2026-07-30T18:44:56,61,עיניים,ארבל,visit_type,ביקור במרפאה,79
2026-07-30T18:44:56,61,עיניים,ארבל,language,אנגלית,19
2026-07-30T18:44:56,61,עיניים,ארבל,language,עברית,27
2026-07-30T18:44:56,61,עיניים,ארבל,language,ערבית,17
2026-07-30T18:44:56,61,עיניים,ארבל,language,רוסית,4
2026-07-30T18:45:11,61,עיניים,אשדות יעקב מאוחד,gender,גבר,62
2026-07-30T18:45:11,61,עיניים,אשדות יעקב מאוחד,gender,אישה,12
2026-07-30T18:45:11,61,עיניים,אשדות יעקב מאוחד,visit_type,ביקור במרפאה,79
2026-07-30T18:45:11,61,עיניים,אשדות יעקב מאוחד,language,אנגלית,19
2026-07-30T18:45:11,61,עיניים,אשדות יעקב מאוחד,language,עברית,27
2026-07-30T18:45:11,61,עיניים,אשדות יעקב מאוחד,language,ערבית,17
2026-07-30T18:45:11,61,עיניים,אשדות יעקב מאוחד,language,רוסית,4
2026-07-30T18:45:30,61,עיניים,באר גנים,gender,גבר,36
2026-07-30T18:45:30,61,עיניים,באר גנים,gender,אישה,13
2026-07-30T18:45:30,61,עיניים,באר גנים,visit_type,ביקור במרפאה,51
2026-07-30T18:45:30,61,עיניים,באר גנים,visit_type,שיחת טלפון,1
2026-07-30T18:45:30,61,עיניים,באר גנים,language,איטלקית,2
2026-07-30T18:45:30,61,עיניים,באר גנים,language,אנגלית,3
2026-07-30T18:45:30,61,עיניים,באר גנים,language,ספרדית,1
2026-07-30T18:45:30,61,עיניים,באר גנים,language,עברית,5
2026-07-30T18:45:30,61,עיניים,באר גנים,language,צרפתית,1
2026-07-30T18:45:30,61,עיניים,באר גנים,language,רומנית,1
2026-07-30T18:45:30,61,עיניים,באר גנים,language,רוסית,4
2026-07-30T18:45:45,61,עיניים,בורג',gender,גבר,56
2026-07-30T18:45:45,61,עיניים,בורג',gender,אישה,13
2026-07-30T18:45:45,61,עיניים,בורג',visit_type,ביקור במרפאה,71
2026-07-30T18:45:45,61,עיניים,בורג',visit_type,שיחת טלפון,1
2026-07-30T18:45:45,61,עיניים,בורג',language,איטלקית,2
2026-07-30T18:45:45,61,עיניים,בורג',language,אנגלית,3
2026-07-30T18:45:45,61,עיניים,בורג',language,ספרדית,1
2026-07-30T18:45:45,61,עיניים,בורג',language,עברית,6
2026-07-30T18:45:45,61,עיניים,בורג',language,צרפתית,1
2026-07-30T18:45:45,61,עיניים,בורג',language,רומנית,1
2026-07-30T18:45:45,61,עיניים,בורג',language,רוסית,5
2026-07-30T18:46:00,61,עיניים,בידו,gender,אישה,13
2026-07-30T18:46:00,61,עיניים,בידו,gender,גבר,17
2026-07-30T18:46:00,61,עיניים,בידו,visit_type,ביקור במרפאה,30
2026-07-30T18:46:00,61,עיניים,בידו,language,אנגלית,4
2026-07-30T18:46:00,61,עיניים,בידו,language,עברית,6
2026-07-30T18:46:00,61,עיניים,בידו,language,ערבית,6
2026-07-30T18:46:00,61,עיניים,בידו,language,צרפתית,1
2026-07-30T18:46:00,61,עיניים,בידו,language,רומנית,1
