timestamp,available_date,kupah,profession,doctor_name,address,days_diff,city
2026-07-30 13:01:20,2026-08-11,clalit,אורתופדיה,"ד""ר הלר אייל","דרך משה דיין 147, תל אביב יפו",12.0,תל אביב יפו
2026-07-30 13:01:20,2026-08-14,clalit,אורתופדיה,"ד""ר צרפתי ירון","אליהו ברלין 13, תל אביב יפו",15.0,תל אביב יפו
2026-07-30 13:01:20,2026-08-16,clalit,אורתופדיה,"ד""ר אשכול זאב","אבן גבירול 124, תל אביב יפו",17.0,תל אביב יפו
2026-07-30 13:01:20,2026-08-16,clalit,אורתופדיה,"ד""ר סודיה דן","שדרות ישראל גורי 39, תל אביב יפו",17.0,תל אביב יפו
2026-07-30 13:01:20,2026-08-17,clalit,אורתופדיה,"ד""ר לשינר ויאצ'סלב","שדרות יד לבנים 35, תל אביב יפו",18.0,תל אביב יפו
2026-07-30 13:01:20,2026-08-18,clalit,אורתופדיה,"ד""ר פקטור שי","וייצמן 14, תל אביב יפו",19.0,תל אביב יפו
2026-07-30 13:01:21,2026-08-19,clalit,אורתופדיה,"ד""ר אלמליח שירן","אבן גבירול 124, תל אביב יפו",20.0,תל אביב יפו
2026-07-30 13:01:21,2026-08-19,clalit,אורתופדיה,"רופא בי""ח 2","אבן גבירול 124, תל אביב יפו",20.0,תל אביב יפו
2026-07-30 13:01:21,2026-08-19,clalit,אורתופדיה,"רופא בי""ח 1","אבן גבירול 124, תל אביב יפו",20.0,תל אביב יפו
2026-07-30 13:01:21,2026-08-20,clalit,אורתופדיה,"ד""ר אמזלג ניסן","אבן גבירול 124, תל אביב יפו",21.0,תל אביב יפו
2026-07-30 13:01:21,2026-08-23,clalit,אורתופדיה,"ד""ר גרייף נדב","מנורת המאור 3, תל אביב יפו",24.0,תל אביב יפו
2026-07-30 13:01:21,2026-08-24,clalit,אורתופדיה,"ד""ר אשכול זאב","אהרון בקר 8, תל אביב יפו",25.0,תל אביב יפו
2026-07-30 13:01:21,2026-08-24,clalit,אורתופדיה,"ד""ר גרייף נדב","שקד 11, תל אביב יפו",25.0,תל אביב יפו
2026-07-30 13:01:22,2026-08-25,clalit,אורתופדיה,"ד""ר פורטנוי ליטל","אבן גבירול 124, תל אביב יפו",26.0,תל אביב יפו
2026-07-30 13:01:22,2026-08-30,clalit,אורתופדיה,"ד""ר ניימן מאור","אבן גבירול 124, תל אביב יפו",31.0,תל אביב יפו
2026-07-30 13:01:22,2026-08-30,clalit,אורתופדיה,"ד""ר בדיר עבדול עז","אהרון בקר 8, תל אביב יפו",31.0,תל אביב יפו
2026-07-30 13:01:22,2026-09-01,clalit,אורתופדיה,"ד""ר הוים קירסטין","אבן גבירול 124, תל אביב יפו",33.0,תל אביב יפו
2026-07-30 13:01:22,2026-09-02,clalit,אורתופדיה,"ד""ר אפרימה בן","הרטוב 5, תל אביב יפו",34.0,תל אביב יפו
2026-07-30 13:01:22,2026-09-03,clalit,אורתופדיה,"ד""ר קוטוב קונסטנטי","התקומה 23, תל אביב יפו",35.0,תל אביב יפו
2026-07-30 13:01:22,2026-09-07,clalit,אורתופדיה,"רופא בי""ח 3","אבן גבירול 124, תל אביב יפו",39.0,תל אביב יפו
2026-07-30 13:01:23,,clalit,אורתופדיה,פרופ' ורשבסקי יניב,"וייצמן 14, תל אביב יפו",,תל אביב יפו
2026-07-30 13:01:23,,clalit,יעוץ אורתופדי,"ד""ר נחום ערד גלית","אבן גבירול 124, תל אביב יפו",,תל אביב יפו
2026-07-30 13:01:23,2026-08-02,clalit,אורתופדיה,"ד""ר איזק ג'ורג' ג","רפאל איתן 4, חולון",3.0,חולון
2026-07-30 13:01:23,2026-08-05,clalit,אורתופדיה,"ד""ר זמירו עיסאם","אל קודס 50, טירה",6.0,טירה
2026-07-30 13:01:23,2026-08-05,clalit,אורתופדיה,"ד""ר המיד שרים","טארק עבד אל חי, טירה",6.0,טירה
2026-07-30 13:01:23,2026-08-12,clalit,אורתופדיה,"ד""ר שפי מיכאל","הרב ניסנבאום 33, בת ים",13.0,בת ים
2026-07-30 13:01:23,2026-08-13,clalit,אורתופדיה,"ד""ר איזק ג'ורג' ג","הרב ניסנבאום 33, בת ים",14.0,בת ים
2026-07-30 13:01:24,2026-08-13,clalit,אורתופדיה,"רופא בי""ח 1","הרב ניסנבאום 33, בת ים",14.0,בת ים
2026-07-30 13:01:24,2026-08-13,clalit,אורתופדיה,"רופא בי""ח 2","הרב ניסנבאום 33, בת ים",14.0,בת ים
2026-07-30 13:01:24,2026-08-16,clalit,אורתופדיה,"ד""ר נאסר מוחמד","הרב ניסנבאום 33, בת ים",17.0,בת ים
2026-07-30 13:01:24,2026-08-16,clalit,אורתופדיה,"ד""ר קולדנוב אלברט","הרב ניסנבאום 33, בת ים",17.0,בת ים
2026-07-30 13:01:24,2026-08-18,clalit,אורתופדיה,"ד""ר אלבז איתי","רפאל איתן 4, חולון",19.0,חולון
2026-07-30 13:01:24,2026-08-18,clalit,אורתופדיה,"ד""ר ליפשיץ יצחק מאי","הרב ניסנבאום 33, בת ים",19.0,בת ים
2026-07-30 13:01:24,2026-08-18,clalit,אורתופדיה,"ד""ר סודיה דן","אריק איינשטיין 1, בת ים",19.0,בת ים
2026-07-30 13:01:25,2026-08-18,clalit,אורתופדיה,"ד""ר פוקס יובל","הרצל 34, רמת גן",19.0,רמת גן
2026-07-30 13:01:25,2026-08-18,clalit,אורתופדיה,"ד""ר ליפשיץ יצחק מאי","הרצל 39, רמת גן",19.0,רמת גן
2026-07-30 13:01:25,2026-08-19,clalit,אורתופדיה,רופא ב.בלינסון,"הרצל 34, רמת גן",20.0,רמת גן
2026-07-30 13:01:25,2026-08-20,clalit,אורתופדיה,"ד""ר אקיאן רועי","הרב ניסנבאום 33, בת ים",21.0,בת ים
2026-07-30 13:01:25,2026-08-22,clalit,אורתופדיה,"ד""ר קאסם חאלד","אל משרוע 46, טירה",23.0,טירה
2026-07-30 13:01:25,2026-08-23,clalit,אורתופדיה,"ד""ר לשינר ויאצ'סלב","בורוכוב 54, גבעתיים",24.0,גבעתיים
2026-07-30 13:01:25,2026-08-24,clalit,אורתופדיה,"ד""ר סודיה דן","רפאל איתן 4, חולון",25.0,חולון
2026-07-30 13:01:26,2026-08-24,clalit,אורתופדיה,"ד""ר אברהם אורי","הרצל 34, רמת גן",25.0,רמת גן
2026-07-30 13:01:26,2026-08-24,clalit,אורתופדיה,"ד""ר גולדשטיין רן","הרצל 34, רמת גן",25.0,רמת גן
2026-07-30 13:01:26,2026-08-24,clalit,אורתופדיה,רופא ב.בלינסון ב,"הרצל 34, רמת גן",25.0,רמת גן
2026-07-30 13:01:26,2026-08-24,clalit,אורתופדיה,"ד""ר גורמן גאורגי","רמב''ם 1, הרצליה",25.0,הרצליה
2026-07-30 13:01:26,2026-08-24,clalit,אורתופדיה,"יועץ בי""ח","רמב''ם 1, הרצליה",25.0,הרצליה
2026-07-30 13:01:26,2026-08-25,clalit,אורתופדיה,"ד""ר אליאס יוסף","רפאל איתן 4, חולון",26.0,חולון
2026-07-30 13:01:26,2026-08-25,clalit,אורתופדיה,"ד""ר ליכטנשטיין עדי","הרצל 34, רמת גן",26.0,רמת גן
2026-07-30 13:01:27,2026-08-25,clalit,אורתופדיה,"ד""ר מסרי אברהם אל","רמב''ם 1, הרצליה",26.0,הרצליה
2026-07-30 13:01:27,2026-08-25,clalit,אורתופדיה,"ד""ר אבו סאפי עיד","גלבוע 118, אלפי מנשה",26.0,אלפי מנשה
2026-07-30 13:01:27,2026-08-26,clalit,אורתופדיה,"ד""ר אליאס יוסף","חיים וייצמן 25, אזור",27.0,אזור
2026-07-30 13:01:27,2026-08-26,clalit,אורתופדיה,"ד""ר בן אליהו רון","הרצל 34, רמת גן",27.0,רמת גן
2026-07-30 13:01:27,2026-08-27,clalit,אורתופדיה,"ד""ר ספון אלכסנדר","נעמי שמר 15, חולון",28.0,חולון
2026-07-30 13:01:27,2026-08-30,clalit,אורתופדיה,"ד""ר אפרימה בן","רפאל איתן 4, חולון",31.0,חולון
2026-07-30 13:01:27,2026-08-30,clalit,אורתופדיה,"ד""ר מכלין רולן","נעמי שמר 15, חולון",31.0,חולון
2026-07-30 13:01:28,2026-08-30,clalit,אורתופדיה,"ד""ר קסטנר מוטי מרד","נעמי שמר 15, חולון",31.0,חולון
2026-07-30 13:01:28,2026-08-30,clalit,אורתופדיה,"ד""ר גולדשטיין רן","דרך יצחק רבין 53, גבעתיים",31.0,גבעתיים
2026-07-30 13:01:28,2026-08-30,clalit,אורתופדיה,"ד""ר בן צבי יעקב","אחוזה 98, רעננה",31.0,רעננה
2026-07-30 13:01:28,2026-08-31,clalit,אורתופדיה,"ד""ר ניימן מאור","הרב ניסנבאום 33, בת ים",32.0,בת ים
2026-07-30 13:01:28,2026-09-02,clalit,אורתופדיה,"ד""ר שפירא סידני","רמב''ם 1, הרצליה",34.0,הרצליה
2026-07-30 13:01:28,2026-09-02,clalit,אורתופדיה,"ד""ר שפירא שי","בן גוריון 43, כפר סבא",34.0,כפר סבא
2026-07-30 13:01:28,2026-09-02,clalit,אורתופדיה,"ד""ר קוטוב קונסטנטי","רפפורט 3, כפר סבא",34.0,כפר סבא
2026-07-30 13:01:28,2026-09-03,clalit,אורתופדיה,"ד""ר קוארטלר יעקב","הכישור 49, חולון",35.0,חולון
2026-07-30 13:01:28,2026-09-03,clalit,אורתופדיה,"ד""ר אברהם אורי","דרך זאב ז'בוטינסקי 12, בני ברק",35.0,בני ברק
2026-07-30 13:01:28,2026-09-04,clalit,אורתופדיה,"ד""ר קוטוב קונסטנטי","הפועל 22, הרצליה",36.0,הרצליה
2026-07-30 13:01:28,2026-09-07,clalit,אורתופדיה,"ד""ר לשינר ויאצ'סלב","עזרא 11, בני ברק",39.0,בני ברק
2026-07-30 13:01:28,2026-09-09,clalit,אורתופדיה,"ד""ר ברגר עמרי גיא","הפועל 22, הרצליה",41.0,הרצליה
2026-07-30 13:01:28,2026-09-10,clalit,אורתופדיה,"ד""ר זפרן אבישי","רוטשילד 29, בת ים",42.0,בת ים
2026-07-30 13:01:28,2026-09-16,clalit,אורתופדיה,"ד""ר זפרן אבישי","רמב''ם 1, הרצליה",48.0,הרצליה
2026-07-30 13:01:30,2026-09-16,clalit,אורתופדיה,"ד""ר פואז נאסר","בן גוריון 43, כפר סבא",48.0,כפר סבא
2026-07-30 13:01:30,2026-09-17,clalit,אורתופדיה,"ד""ר פואז נאסר","התקווה 18, רעננה",49.0,רעננה
2026-07-30 13:01:30,2026-09-23,clalit,אורתופדיה,"ד""ר גרינברג אריה","דרך יצחק רבין 53, גבעתיים",55.0,גבעתיים
2026-07-30 13:01:30,2026-10-04,clalit,אורתופדיה,"ד""ר נוביצקי אלכסנדר","בן גוריון 43, כפר סבא",66.0,כפר סבא
2026-07-30 13:01:30,,clalit,אורתופדיה,"ד""ר אליאס יוסף","ששת הימים 6, חולון",,חולון
2026-07-30 13:01:30,,clalit,אורתופדיה,"ד""ר גולדשטיין רן","דרך זאב ז'בוטינסקי 105, רמת גן",,רמת גן
2026-07-30 13:01:30,,clalit,אורתופדיה,"ד""ר ארוולדזה סמסון","רמב''ם 1, הרצליה",,הרצליה
2026-07-30 13:01:31,,clalit,אורתופדיה,"ד""ר אבו סאפי עיד","שדרות רחבעם 1, קרני שומרון",,קרני שומרון
2026-07-30 13:01:34,2026-07-30,clalit,א.א.ג.,"ד""ר פייגנבאום משה","אבן גבירול 124, תל אביב יפו",0.0,תל אביב יפו
2026-07-30 13:01:34,2026-07-30,clalit,א.א.ג.,"ד""ר אונגר ירון","אבן גבירול 124, תל אביב יפו",0.0,תל אביב יפו
2026-07-30 13:01:34,2026-08-05,clalit,א.א.ג.,"ד""ר מלמוד אריאל קי","התקומה 23, תל אביב יפו",6.0,תל אביב יפו
2026-07-30 13:01:34,2026-08-05,clalit,א.א.ג.,"ד""ר שפירא אודי","אבן גבירול 124, תל אביב יפו",6.0,תל אביב יפו
2026-07-30 13:01:34,2026-08-05,clalit,א.א.ג.,"ד""ר שטיין גדעון","אבן גבירול 124, תל אביב יפו",6.0,תל אביב יפו
2026-07-30 13:01:34,2026-08-05,clalit,א.א.ג.,"ד""ר סעאדה מאהר","אבן גבירול 124, תל אביב יפו",6.0,תל אביב יפו
2026-07-30 13:01:35,2026-08-06,clalit,א.א.ג.,"ד""ר שטרן דניאל","התקומה 23, תל אביב יפו",7.0,תל אביב יפו
2026-07-30 13:01:35,2026-08-06,clalit,א.א.ג.,"ד""ר נסיכי אופיר","אבן גבירול 124, תל אביב יפו",7.0,תל אביב יפו
2026-07-30 13:01:35,2026-08-06,clalit,א.א.ג.,"ד""ר לסקר אילנה","אבן גבירול 124, תל אביב יפו",7.0,תל אביב יפו
2026-07-30 13:01:35,2026-08-09,clalit,א.א.ג.,"ד""ר חורב יואב נחמ","התקומה 23, תל אביב יפו",10.0,תל אביב יפו
2026-07-30 13:01:35,2026-08-09,clalit,א.א.ג.,"ד""ר לאוב דוד","אבן גבירול 124, תל אביב יפו",10.0,תל אביב יפו
2026-07-30 13:01:35,2026-08-09,clalit,א.א.ג.,"ד""ר בן נר דניאל","אבן גבירול 124, תל אביב יפו",10.0,תל אביב יפו
2026-07-30 13:01:35,2026-08-10,clalit,א.א.ג.,"ד""ר מלמוד אריאל קי","יהודה בורלא 27, תל אביב יפו",11.0,תל אביב יפו
2026-07-30 13:01:36,2026-08-11,clalit,א.א.ג.,"רופא בי""ח","וייצמן 10, תל אביב יפו",12.0,תל אביב יפו
2026-07-30 13:01:36,2026-08-12,clalit,א.א.ג.,"ד""ר אבישר אלון","יהודה בורלא 27, תל אביב יפו",13.0,תל אביב יפו
2026-07-30 13:01:36,2026-08-20,clalit,א.א.ג.,פרופ' הורוביץ גלעד,"יהודה בורלא 27, תל אביב יפו",21.0,תל אביב יפו
2026-07-30 13:01:36,2026-09-01,clalit,יועץ א.א.ג.,"ד""ר חיימוף משה","אבן גבירול 124, תל אביב יפו",33.0,תל אביב יפו
2026-07-30 13:01:36,2026-09-15,clalit,א.א.ג.,"ד""ר שושן שגית","ריינס 18, תל אביב יפו",47.0,תל אביב יפו
2026-07-30 13:01:36,,clalit,א.א.ג.,אידלסון-שוולזו גלינה,"יהודה בורלא 27, תל אביב יפו",,תל אביב יפו
2026-07-30 13:01:36,2026-08-03,clalit,א.א.ג.,"ד""ר שבתאי דניאל","נעמי שמר 15, חולון",4.0,חולון
2026-07-30 13:01:36,2026-08-05,clalit,א.א.ג.,"ד""ר סיאג' אחמד","נעמי שמר 15, חולון",6.0,חולון
2026-07-30 13:01:36,2026-08-06,clalit,א.א.ג.,"ד""ר מצארווה מחמד","בזלת 7, כוכב יאיר",7.0,כוכב יאיר
2026-07-30 13:01:36,2026-08-07,clalit,א.א.ג.,"ד""ר שדאפנה מוסא","נעמי שמר 15, חולון",8.0,חולון
2026-07-30 13:01:36,2026-08-09,clalit,א.א.ג.,"ד""ר נסיכי אופיר","נעמי שמר 15, חולון",10.0,חולון
2026-07-30 13:01:36,2026-08-09,clalit,א.א.ג.,"ד""ר ויינר איגור","נעמי שמר 15, חולון",10.0,חולון
2026-07-30 13:01:36,2026-08-09,clalit,א.א.ג.,לוין מלי,"דרך בן גוריון 13, בני ברק",10.0,בני ברק
2026-07-30 13:01:36,2026-08-09,clalit,א.א.ג.,"ד""ר מזרקלי יובל משה","בורוכוב 54, גבעתיים",10.0,גבעתיים
2026-07-30 13:01:37,2026-08-09,clalit,א.א.ג.,"ד""ר עבד אל קאדר דרויש","ראס עאמר 46, טירה",10.0,טירה
2026-07-30 13:01:37,2026-08-10,clalit,א.א.ג.,"ד""ר שטיין גדעון","נעמי שמר 15, חולון",11.0,חולון
2026-07-30 13:01:37,2026-08-10,clalit,א.א.ג.,"ד""ר אבישר אלון","נעמי שמר 15, חולון",11.0,חולון
2026-07-30 13:01:37,2026-08-10,clalit,א.א.ג.,"ד""ר דולינה אירנה","הפועל 22, הרצליה",11.0,הרצליה
2026-07-30 13:01:37,2026-08-11,clalit,א.א.ג.,ברק בילאוס רן,"נעמי שמר 15, חולון",12.0,חולון
2026-07-30 13:01:37,2026-08-11,clalit,א.א.ג.,"ד""ר שטרן דניאל","נעמי שמר 15, חולון",12.0,חולון
2026-07-30 13:01:37,2026-08-12,clalit,א.א.ג.,"רופאים ב'""ח שיבא","דרך בן גוריון 13, בני ברק",13.0,בני ברק
2026-07-30 13:01:38,2026-08-13,clalit,א.א.ג.,"ד""ר מצארווה מחמד","התקווה 18, רעננה",14.0,רעננה
2026-07-30 13:01:38,2026-08-16,clalit,א.א.ג.,"ד""ר ברבלט אירינה","נעמי שמר 15, חולון",17.0,חולון
2026-07-30 13:01:38,2026-08-16,clalit,א.א.ג.,"ד""ר אלגרט קטיה","דרך בן גוריון 13, בני ברק",17.0,בני ברק
2026-07-30 13:01:38,2026-08-16,clalit,א.א.ג.,"ד""ר שטרנבך דן","עזרא 11, בני ברק",17.0,בני ברק
2026-07-30 13:01:38,2026-08-16,clalit,א.א.ג.,"ד""ר סלאמה ראמז","רמב''ם 1, הרצליה",17.0,הרצליה
2026-07-30 13:01:38,2026-08-17,clalit,א.א.ג.,"ד""ר גוטקובסקי דפנה סיל","רמב''ם 1, הרצליה",18.0,הרצליה
2026-07-30 13:01:38,2026-08-18,clalit,א.א.ג.,"ד""ר מימון שירי לי","נעמי שמר 15, חולון",19.0,חולון
2026-07-30 13:01:39,2026-08-18,clalit,א.א.ג.,"רופא בי""ח","רמב''ם 1, הרצליה",19.0,הרצליה
2026-07-30 13:01:39,2026-08-19,clalit,א.א.ג.,"ד""ר שיבצקי שקד","דרך זאב ז'בוטינסקי 105, רמת גן",20.0,רמת גן
2026-07-30 13:01:39,2026-08-19,clalit,א.א.ג.,"ד""ר דולינה אירנה","רמב''ם 1, הרצליה",20.0,הרצליה
2026-07-30 13:01:39,2026-08-19,clalit,א.א.ג.,אאג איכילוב,"רמב''ם 1, הרצליה",20.0,הרצליה
2026-07-30 13:01:39,2026-08-23,clalit,א.א.ג.,"ד""ר אונגר ירון","דרך זאב ז'בוטינסקי 105, רמת גן",24.0,רמת גן
2026-07-30 13:01:39,2026-08-23,clalit,א.א.ג.,"ד""ר קגן טטיאנה","התקווה 18, רעננה",24.0,רעננה
2026-07-30 13:01:39,2026-08-26,clalit,א.א.ג.,"ד""ר אלמגרבי אימן","הרב ניסנבאום 33, בת ים",27.0,בת ים
2026-07-30 13:01:40,2026-08-31,clalit,א.א.ג.,"ד""ר פרגר אירינה","רמב''ם 1, הרצליה",32.0,הרצליה
2026-07-30 13:01:40,2026-09-02,clalit,א.א.ג.,"ד""ר וואש רון אריה","נעמי שמר 15, חולון",34.0,חולון
2026-07-30 13:01:40,2026-09-02,clalit,א.א.ג.,"ד""ר כהן עודד","הפועל 22, הרצליה",34.0,הרצליה
2026-07-30 13:01:40,2026-09-06,clalit,א.א.ג.,"ד""ר מלמוד אריאל קי","נעמי שמר 15, חולון",38.0,חולון
2026-07-30 13:01:40,2026-09-06,clalit,א.א.ג.,"ד""ר גדרון מורן","דרך בן גוריון 13, בני ברק",38.0,בני ברק
2026-07-30 13:01:40,2026-09-09,clalit,א.א.ג.,"ד""ר חורב יואב נחמ","נעמי שמר 15, חולון",41.0,חולון
2026-07-30 13:01:40,2026-09-09,clalit,א.א.ג.,"ד""ר מנסור אנואר","רמב''ם 1, הרצליה",41.0,הרצליה
2026-07-30 13:01:41,2026-09-09,clalit,א.א.ג.,"ד""ר סאבו רני","וייצמן 83, כפר סבא",41.0,כפר סבא
2026-07-30 13:01:41,2026-09-11,clalit,א.א.ג.,"ד""ר מזרקלי יובל משה","דרך יצחק רבין 53, גבעתיים",43.0,גבעתיים
2026-07-30 13:01:41,2026-09-14,clalit,א.א.ג.,אאג איכילוב,"בן גוריון 43, כפר סבא",46.0,כפר סבא
2026-07-30 13:01:41,2026-09-15,clalit,א.א.ג.,"ד""ר נוימן אורי פנח","דרך בן גוריון 13, בני ברק",47.0,בני ברק
2026-07-30 13:01:41,2026-09-16,clalit,א.א.ג.,"ד""ר צ'אושו קרול","וייצמן 43, כפר סבא",48.0,כפר סבא
2026-07-30 13:01:41,2026-09-17,clalit,א.א.ג.,"ד""ר יואכימס זהר","רמב''ם 1, הרצליה",49.0,הרצליה
2026-07-30 13:01:41,2026-09-18,clalit,א.א.ג.,"ד""ר גרשנבל מילק דפנה ברכ","בן גוריון 43, כפר סבא",50.0,כפר סבא
2026-07-30 13:01:42,2026-09-22,clalit,א.א.ג.,"ד""ר גוטקובסקי דפנה סיל","בן גוריון 43, כפר סבא",54.0,כפר סבא
2026-07-30 13:01:42,2026-10-07,clalit,א.א.ג.,"ד""ר זילבר ברקוביץ דרורית","בן גוריון 43, כפר סבא",69.0,כפר סבא
2026-07-30 13:01:42,,clalit,א.א.ג.,"ד""ר ריטר עמית","דרך בן גוריון 13, בני ברק",,בני ברק
2026-07-30 13:01:42,,clalit,א.א.ג.,"ד""ר פיצ'חדזה ילנה","דרך בן גוריון 13, בני ברק",,בני ברק
2026-07-30 13:01:42,,clalit,א.א.ג.,"ד""ר יואכימס זהר","דרך יצחק רבין 53, גבעתיים",,גבעתיים
2026-07-30 13:01:42,,clalit,א.א.ג.,"ד""ר וייס ורד","התקווה 18, רעננה",,רעננה
2026-07-30 13:01:46,2026-08-02,clalit,נשים,פרופ' לוי מיכל,"התקומה 23, תל אביב יפו",3.0,תל אביב יפו
2026-07-30 13:01:46,2026-08-02,clalit,נשים,"ד""ר גרוס יעקב","אליהו ברלין 13, תל אביב יפו",3.0,תל אביב יפו
2026-07-30 13:01:46,2026-08-03,clalit,נשים,"ד""ר גבע אלי","אבא אחימאיר 18, תל אביב יפו",4.0,תל אביב יפו
2026-07-30 13:01:46,2026-08-03,clalit,נשים,"ד""ר דקל איל","אבא אחימאיר 18, תל אביב יפו",4.0,תל אביב יפו
2026-07-30 13:01:46,2026-08-03,clalit,נשים,"ד""ר וורחוב מירטה אי","אהרון בקר 8, תל אביב יפו",4.0,תל אביב יפו
2026-07-30 13:01:46,2026-08-03,clalit,נשים,"ד""ר שילון מיכאל מי","אליהו ברלין 13, תל אביב יפו",4.0,תל אביב יפו
2026-07-30 13:01:47,2026-08-03,clalit,נשים,"ד""ר שילון מיכאל מי","שדרות יהודית 18, תל אביב יפו",4.0,תל אביב יפו
2026-07-30 13:01:47,2026-08-04,clalit,נשים,"ד""ר שילון מיכאל מי","אחד העם 9, תל אביב יפו",5.0,תל אביב יפו
2026-07-30 13:01:47,2026-08-06,clalit,נשים,"ד""ר גולד רונן שמו","אבא אחימאיר 18, תל אביב יפו",7.0,תל אביב יפו
2026-07-30 13:01:47,2026-08-10,clalit,נשים,"ד""ר נול שמואל","אמסטרדם 9, תל אביב יפו",11.0,תל אביב יפו
2026-07-30 13:01:47,2026-08-12,clalit,נשים,פרופ' לוריא שמואל,"אבא אחימאיר 18, תל אביב יפו",13.0,תל אביב יפו
2026-07-30 13:01:47,2026-08-13,clalit,נשים,"ד""ר סיגל יעקב","אריסטובולוס 2, תל אביב יפו",14.0,תל אביב יפו
2026-07-30 13:01:47,2026-08-19,clalit,נשים,"ד""ר בוצן אמנון","אבא אחימאיר 18, תל אביב יפו",20.0,תל אביב יפו
2026-07-30 13:01:48,2026-08-20,clalit,נשים,"ד""ר גרוס לוטם","מקור חיים 35, תל אביב יפו",21.0,תל אביב יפו
2026-07-30 13:01:48,2026-08-20,clalit,נשים,"ד""ר אלדר עידו","אבא אחימאיר 18, תל אביב יפו",21.0,תל אביב יפו
2026-07-30 13:01:48,2026-08-20,clalit,נשים,"ד""ר ירושלמי גיל מרדכ","אהרון בקר 8, תל אביב יפו",21.0,תל אביב יפו
2026-07-30 13:01:48,2026-08-25,clalit,נשים,"ד""ר טמאיב ליליה","מקור חיים 35, תל אביב יפו",26.0,תל אביב יפו
2026-07-30 13:01:48,2026-08-25,clalit,נשים,"ד""ר ארליך אורי","אבא אחימאיר 18, תל אביב יפו",26.0,תל אביב יפו
2026-07-30 13:01:48,2026-08-25,clalit,נשים,"ד""ר טיירי דניאל","דרך שלמה 43, תל אביב יפו",26.0,תל אביב יפו
2026-07-30 13:01:48,2026-08-25,clalit,נשים,"ד""ר גרינברג נירית","הצנחנים 20, תל אביב יפו",26.0,תל אביב יפו
2026-07-30 13:01:49,2026-08-26,clalit,נשים,"ד""ר כהנא חגית","נירים 3, תל אביב יפו",27.0,תל אביב יפו
2026-07-30 13:01:49,2026-08-26,clalit,נשים,"ד""ר טמאיב ליליה","שקד 11, תל אביב יפו",27.0,תל אביב יפו
2026-07-30 13:01:49,2026-08-31,clalit,נשים,"ד""ר אלופי נעים ענת","נירים 3, תל אביב יפו",32.0,תל אביב יפו
2026-07-30 13:01:49,2026-09-01,clalit,נשים,"ד""ר קרסיק שפלטר מריולה מ","התקומה 23, תל אביב יפו",33.0,תל אביב יפו
2026-07-30 13:01:49,2026-09-01,clalit,נשים,"ד""ר מור עומר","אבא אחימאיר 18, תל אביב יפו",33.0,תל אביב יפו
2026-07-30 13:01:49,2026-09-04,clalit,נשים,"ד""ר אהרוני פינחס","נירים 3, תל אביב יפו",36.0,תל אביב יפו
2026-07-30 13:01:49,2026-09-06,clalit,נשים,"ד""ר זילברברג ערן","אבא אחימאיר 18, תל אביב יפו",38.0,תל אביב יפו
2026-07-30 13:01:49,2026-09-07,clalit,נשים,"ד""ר לייבוביץ דיאמנ הילה","אבא אחימאיר 18, תל אביב יפו",39.0,תל אביב יפו
2026-07-30 13:01:49,2026-09-09,clalit,נשים,"ד""ר ברקת יונתן חי","נירים 3, תל אביב יפו",41.0,תל אביב יפו
2026-07-30 13:01:49,2026-10-06,clalit,נשים,"ד""ר גרינברג נירית","אבא אחימאיר 18, תל אביב יפו",68.0,תל אביב יפו
2026-07-30 13:01:49,2026-10-06,clalit,נשים,"ד""ר גונן נעה","נירים 3, תל אביב יפו",68.0,תל אביב יפו
2026-07-30 13:01:49,2026-10-06,clalit,נשים,"ד""ר רוסליק ילנה","נירים 3, תל אביב יפו",68.0,תל אביב יפו
2026-07-30 13:01:49,2026-10-06,clalit,נשים,"ד""ר רז יעל","ירושלמי 11, תל אביב יפו",68.0,תל אביב יפו
2026-07-30 13:01:49,2026-10-15,clalit,נשים,"ד""ר פראג רוזנברג רוני","אבא אחימאיר 18, תל אביב יפו",77.0,תל אביב יפו
2026-07-30 13:01:50,2026-10-18,clalit,נשים,"ד""ר זהבי צבי","אבא אחימאיר 18, תל אביב יפו",80.0,תל אביב יפו
2026-07-30 13:01:50,2026-10-20,clalit,נשים,"ד""ר אקדם אמיר","אבא אחימאיר 18, תל אביב יפו",82.0,תל אביב יפו
2026-07-30 13:01:50,2026-10-28,clalit,נשים,"ד""ר טורם מאיה","נירים 3, תל אביב יפו",90.0,תל אביב יפו
2026-07-30 13:01:50,,clalit,נשים,"ד""ר כץ עדי","אבא אחימאיר 18, תל אביב יפו",,תל אביב יפו
2026-07-30 13:01:50,,clalit,נשים,"ד""ר סולימה אלדר ויקי","אבא אחימאיר 18, תל אביב יפו",,תל אביב יפו
2026-07-30 13:01:50,2026-07-30,clalit,נשים,"ד""ר פרוסמושקין רימה","וייצמן 83, כפר סבא",0.0,כפר סבא
2026-07-30 13:01:50,2026-07-30,clalit,נשים,"ד""ר שריג מנחם יצח","וייצמן 83, כפר סבא",0.0,כפר סבא
2026-07-30 13:01:51,2026-08-02,clalit,נשים,"ד""ר גינגולד אריה","חזון אי''ש 62, בני ברק",3.0,בני ברק
2026-07-30 13:01:51,2026-08-02,clalit,נשים,"ד""ר ביטמן גנדי","בן גוריון 22, הרצליה",3.0,הרצליה
2026-07-30 13:01:51,2026-08-03,clalit,נשים,"רופ.בי""ח מעייני היש","חזון אי''ש 62, בני ברק",4.0,בני ברק
2026-07-30 13:01:51,2026-08-03,clalit,נשים,"ד""ר גינגולד אריה","דרך זאב ז'בוטינסקי 105, רמת גן",4.0,רמת גן
2026-07-30 13:01:51,2026-08-04,clalit,נשים,"ד""ר חיימוב מיכאל","חיים וייצמן 25, אזור",5.0,אזור
2026-07-30 13:01:51,2026-08-04,clalit,נשים,"ד""ר ברומיקר פריימן תלמה גרס","וייצמן 83, כפר סבא",5.0,כפר סבא
2026-07-30 13:01:51,2026-08-04,clalit,נשים,"ד""ר חייקין אלכסנדר","גלבוע 118, אלפי מנשה",5.0,אלפי מנשה
2026-07-30 13:01:52,2026-08-05,clalit,נשים,"ד""ר ברומיקר פריימן תלמה גרס","סשה ארגוב 23, רעננה",6.0,רעננה
2026-07-30 13:01:52,2026-08-06,clalit,נשים,נשים איכילוב-שפרילנ,"המכבים 75, בני ברק",7.0,בני ברק
2026-07-30 13:01:52,2026-08-09,clalit,נשים,"רופא בי""ח","בן גוריון 22, הרצליה",10.0,הרצליה
2026-07-30 13:01:52,2026-08-09,clalit,נשים,"ד""ר טל אורי","בזלת 7, כוכב יאיר",10.0,כוכב יאיר
2026-07-30 13:01:52,2026-08-09,clalit,נשים,"ד""ר פורוטקוב נטליה","שדרות רחבעם 1, קרני שומרון",10.0,קרני שומרון
2026-07-30 13:01:52,2026-08-11,clalit,נשים,"ד""ר וייצנר עומר","בן גוריון 22, הרצליה",12.0,הרצליה
2026-07-30 13:01:52,2026-08-11,clalit,נשים,"ד""ר טל אורי","בן גוריון 22, הרצליה",12.0,הרצליה
2026-07-30 13:01:53,2026-08-11,clalit,נשים,"ד""ר מישל אמיר","הנשר 1, רעננה",12.0,רעננה
2026-07-30 13:01:53,2026-08-12,clalit,נשים,"ד""ר קוך מיכל זאב",טירה,13.0,טירה
2026-07-30 13:01:53,2026-08-12,clalit,נשים,"ד""ר גדעוני יריב שלמ","רפפורט 3, כפר סבא",13.0,כפר סבא
2026-07-30 13:01:53,2026-08-12,clalit,נשים,"ד""ר חנוך יוסף","סשה ארגוב 23, רעננה",13.0,רעננה
2026-07-30 13:01:53,2026-08-12,clalit,נשים,"ד""ר פורוטקוב נטליה","כיכר רמב''ם, עמנואל",13.0,עמנואל
2026-07-30 13:01:53,2026-08-13,clalit,נשים,"ד""ר מסארוה אלנה לקר",טירה,14.0,טירה
2026-07-30 13:01:53,2026-08-13,clalit,נשים,"ד""ר וייצנר עומר","וייצמן 83, כפר סבא",14.0,כפר סבא
2026-07-30 13:01:54,2026-08-14,clalit,נשים,"ד""ר גרטנר ונטמן ברנרד","וייצמן 83, כפר סבא",15.0,כפר סבא
2026-07-30 13:01:54,2026-08-16,clalit,נשים,"ד""ר אוהבה ג'ונתן ס","שדרות מנחם בגין 38, גבעת שמואל",17.0,גבעת שמואל
2026-07-30 13:01:54,2026-08-16,clalit,נשים,"ד""ר חייקין אלכסנדר","וייצמן 83, כפר סבא",17.0,כפר סבא
2026-07-30 13:01:54,2026-08-17,clalit,נשים,"ד""ר גולד עירן","אריק איינשטיין 1, בת ים",18.0,בת ים
2026-07-30 13:01:54,2026-08-18,clalit,נשים,"ד""ר נול שמואל","אריק איינשטיין 1, בת ים",19.0,בת ים
2026-07-30 13:01:54,2026-08-18,clalit,נשים,"ד""ר גינגולד אריה","דרך יצחק רבין 53, גבעתיים",19.0,גבעתיים
2026-07-30 13:01:54,2026-08-19,clalit,נשים,"ד""ר רביב אשרת","שדרות רחבעם 1, קרני שומרון",20.0,קרני שומרון
2026-07-30 13:01:55,2026-08-19,clalit,נשים,"ד""ר פורוטקוב נטליה","יהלום 17, קדומים",20.0,קדומים
2026-07-30 13:01:55,2026-08-20,clalit,נשים,"ד""ר טיירי דניאל","אריק איינשטיין 1, בת ים",21.0,בת ים
2026-07-30 13:01:55,2026-08-20,clalit,נשים,"ד""ר ויינשטיין סופיה","בן גוריון 22, הרצליה",21.0,הרצליה
2026-07-30 13:01:55,2026-08-23,clalit,נשים,"ד""ר קולודיזנר טטיאנה","בן גוריון 22, הרצליה",24.0,הרצליה
2026-07-30 13:01:55,2026-08-24,clalit,נשים,"ד""ר אליגר נלי","רפאל איתן 4, חולון",25.0,חולון
2026-07-30 13:01:55,2026-08-25,clalit,נשים,"ד""ר שרייבר חנוך","וייצמן 83, כפר סבא",26.0,כפר סבא
2026-07-30 13:01:55,2026-08-25,clalit,נשים,"ד""ר שרפוב טטיאנה","בזלת 7, כוכב יאיר",26.0,כוכב יאיר
2026-07-30 13:01:56,2026-08-27,clalit,נשים,"ד""ר קידר לירון","בן גוריון 22, הרצליה",28.0,הרצליה
2026-07-30 13:01:56,2026-08-31,clalit,נשים,"ד""ר וולפרט אלדר","רפאל איתן 4, חולון",32.0,חולון
2026-07-30 13:01:56,2026-08-31,clalit,נשים,פרופ' מזרחי יוסף,"רפאל איתן 4, חולון",32.0,חולון
2026-07-30 13:01:56,2026-08-31,clalit,נשים,"ד""ר רונה שירן","רפאל איתן 4, חולון",32.0,חולון
2026-07-30 13:01:56,2026-09-01,clalit,נשים,"ד""ר רוק מיכל","רפאל איתן 4, חולון",33.0,חולון
2026-07-30 13:01:56,2026-09-01,clalit,נשים,"ד""ר זלוטניקובה יוליה","דרך בן גוריון 13, בני ברק",33.0,בני ברק
2026-07-30 13:01:56,2026-09-02,clalit,נשים,"ד""ר זיידין אנה","ישעיהו 44, חולון",34.0,חולון
2026-07-30 13:01:57,2026-09-02,clalit,נשים,"ד""ר אבנט חגי","בן גוריון 22, הרצליה",34.0,הרצליה
2026-07-30 13:01:57,2026-09-03,clalit,נשים,"ד""ר ברוכין אוהד","רפאל איתן 4, חולון",35.0,חולון
2026-07-30 13:01:57,2026-09-03,clalit,נשים,"ד""ר סגל הילה","רפאל איתן 4, חולון",35.0,חולון
2026-07-30 13:01:57,2026-09-03,clalit,נשים,"ד""ר שרפוב טטיאנה","וייצמן 83, כפר סבא",35.0,כפר סבא
2026-07-30 13:01:57,2026-09-06,clalit,נשים,"ד""ר פריד סימה","סשה ארגוב 23, רעננה",38.0,רעננה
2026-07-30 13:01:57,2026-09-07,clalit,נשים,"ד""ר ברקרסקי יקירה","אריק איינשטיין 1, בת ים",39.0,בת ים
2026-07-30 13:01:57,2026-09-07,clalit,נשים,"ד""ר קידר רן","רפאל איתן 4, חולון",39.0,חולון
2026-07-30 13:01:57,2026-09-07,clalit,נשים,יגור יעל,"סשה ארגוב 23, רעננה",39.0,רעננה
2026-07-30 13:01:57,2026-09-08,clalit,נשים,"ד""ר חיימוב מיכאל","אריק איינשטיין 1, בת ים",40.0,בת ים
2026-07-30 13:01:57,2026-09-08,clalit,נשים,"ד""ר וינשטיין עדי","המכבים 75, בני ברק",40.0,בני ברק
2026-07-30 13:01:57,2026-09-08,clalit,נשים,"ד""ר טריגרמן שי","דרך זאב ז'בוטינסקי 105, רמת גן",40.0,רמת גן
2026-07-30 13:01:57,2026-09-08,clalit,נשים,"ד""ר הויזלר ישי","נחל קנה 9, צור יצחק",40.0,צור יצחק
2026-07-30 13:01:57,2026-09-08,clalit,נשים,"ד""ר כץ טטיאנה","סשה ארגוב 23, רעננה",40.0,רעננה
2026-07-30 13:01:57,2026-09-15,clalit,נשים,"ד""ר פייט קורן חגית","בן גוריון 22, הרצליה",47.0,הרצליה
2026-07-30 13:01:58,2026-09-16,clalit,נשים,"ד""ר קליינר איליה","רפאל איתן 4, חולון",48.0,חולון
2026-07-30 13:01:58,2026-09-16,clalit,נשים,"ד""ר ענבר שמואל","סשה ארגוב 23, רעננה",48.0,רעננה
2026-07-30 13:01:58,2026-09-22,clalit,נשים,"ד""ר בן ציון מאיה","בן גוריון 22, הרצליה",54.0,הרצליה
2026-07-30 13:01:58,2026-10-04,clalit,נשים,"ד""ר זיידין אנה","אריק איינשטיין 1, בת ים",66.0,בת ים
2026-07-30 13:01:58,2026-10-04,clalit,נשים,"ד""ר שלו אמיר","רפאל איתן 4, חולון",66.0,חולון
2026-07-30 13:01:58,2026-10-04,clalit,נשים,"ד""ר גלעדי יעקובי איתן","חיים לנדאו 7, רמת גן",66.0,רמת גן
2026-07-30 13:01:58,2026-10-04,clalit,נשים,"ד""ר קוך מיכל זאב","וייצמן 83, כפר סבא",66.0,כפר סבא
2026-07-30 13:02:00,2026-10-05,clalit,נשים,"ד""ר סגל הילה","חיים וייצמן 25, אזור",67.0,אזור
2026-07-30 13:02:00,2026-10-12,clalit,נשים,פרופ' נחום רוית,"חזון אי''ש 62, בני ברק",74.0,בני ברק
2026-07-30 13:02:00,2026-10-14,clalit,נשים,"ד""ר בוגין גרינפילד רונה","סשה ארגוב 23, רעננה",76.0,רעננה
2026-07-30 13:02:00,2026-10-16,clalit,נשים,"ד""ר ונד סוזאנה","בן גוריון 22, הרצליה",78.0,הרצליה
2026-07-30 13:02:00,2026-10-18,clalit,נשים,"ד""ר ורניקובסקי גבריאלה","רפאל איתן 4, חולון",80.0,חולון
2026-07-30 13:02:00,2026-10-20,clalit,נשים,"ד""ר דבש שירה","צבי הרלינג 6, בני ברק",82.0,בני ברק
2026-07-30 13:02:00,2026-10-28,clalit,נשים,"ד""ר ויזל אילנה","שדרות מנחם בגין 38, גבעת שמואל",90.0,גבעת שמואל
2026-07-30 13:02:00,,clalit,נשים,"ד""ר קרסיק שפלטר מריולה מ","אריק איינשטיין 1, בת ים",,בת ים
2026-07-30 13:02:00,,clalit,נשים,"ד""ר מונייר סמירה","אריק איינשטיין 1, בת ים",,בת ים
2026-07-30 13:02:00,,clalit,נשים,"ד""ר מימוני גלית","חזון אי''ש 62, בני ברק",,בני ברק
2026-07-30 13:02:00,,clalit,נשים,"ד""ר משיח פרידלר ירדנה בת","בן גוריון 22, הרצליה",,הרצליה
2026-07-30 13:02:00,,clalit,נשים,"ד""ר עובדיה מיכל חנה","וייצמן 83, כפר סבא",,כפר סבא
2026-07-30 13:02:03,2026-08-03,clalit,עור,"ד""ר גלילי ערן","שדרות החי''ל 12, תל אביב יפו",4.0,תל אביב יפו
2026-07-30 13:02:03,2026-08-03,clalit,עור,"ד""ר זמיר הדס","אהרון בקר 8, תל אביב יפו",4.0,תל אביב יפו
2026-07-30 13:02:03,2026-10-29,clalit,עור,"ד""ר הגלר יוסף","יהודה בורלא 27, תל אביב יפו",91.0,תל אביב יפו
2026-07-30 13:02:03,,clalit,עור,"רופא בי""ח","וייצמן 10, תל אביב יפו",,תל אביב יפו
2026-07-30 13:02:03,,clalit,עור,"ד""ר אנדלמן סתיו","התקומה 23, תל אביב יפו",,תל אביב יפו
2026-07-30 13:02:03,,clalit,עור,לוי בת שבע,"בן יהודה 29, תל אביב יפו",,תל אביב יפו
2026-07-30 13:02:05,,clalit,עור,"ד""ר דניאלי דניאל","אבן גבירול 124, תל אביב יפו",,תל אביב יפו
2026-07-30 13:02:05,,clalit,עור,"ד""ר בנשטרית שיר","אבן גבירול 124, תל אביב יפו",,תל אביב יפו
2026-07-30 13:02:05,,clalit,עור,"ד""ר אריאלי מני","אבן גבירול 124, תל אביב יפו",,תל אביב יפו
2026-07-30 13:02:05,,clalit,עור,"ד""ר גליק מירית","אבן גבירול 124, תל אביב יפו",,תל אביב יפו
2026-07-30 13:02:05,,clalit,עור,"ד""ר זידאן עומרי","אבן גבירול 124, תל אביב יפו",,תל אביב יפו
2026-07-30 13:02:05,,clalit,עור,"ד""ר מונסליזה אסף","אבן גבירול 124, תל אביב יפו",,תל אביב יפו
2026-07-30 13:02:05,,clalit,עור,"ד""ר ברמץ שירה","אבן גבירול 124, תל אביב יפו",,תל אביב יפו
2026-07-30 13:02:07,,clalit,עור,"רופא בי""ח 1","אבן גבירול 124, תל אביב יפו",,תל אביב יפו
2026-07-30 13:02:07,,clalit,עור,"ד""ר קינד גלוקסמן טל","ירושלמי 11, תל אביב יפו",,תל אביב יפו
2026-07-30 13:02:07,,clalit,עור,"ד""ר אהרונוביץ אנה","הצנחנים 20, תל אביב יפו",,תל אביב יפו
2026-07-30 13:02:07,,clalit,עור,"ד""ר וודוביץ דן","אהרון בקר 8, תל אביב יפו",,תל אביב יפו
2026-07-30 13:02:07,,clalit,עור,"ד""ר רום הדס","אליהו ברלין 13, תל אביב יפו",,תל אביב יפו
2026-07-30 13:02:07,,clalit,עור,"ד""ר אורן שבתאי מיטל","אליהו ברלין 13, תל אביב יפו",,תל אביב יפו
2026-07-30 13:02:07,,clalit,עור,"ד""ר אדלשטיין דניס מיכ","זליג ברודצקי 43, תל אביב יפו",,תל אביב יפו
2026-07-30 13:02:08,,clalit,עור,"ד""ר טלב אייל","המכבי 2, תל אביב יפו",,תל אביב יפו
2026-07-30 13:02:08,,clalit,יועץ עור,"ד""ר רייס הוס שירן","אהרון בקר 8, תל אביב יפו",,תל אביב יפו
2026-07-30 13:02:08,,clalit,עור,ייעוץ בוידאו צ'אט,תל אביב יפו,,תל אביב יפו
2026-07-30 13:02:08,2026-08-09,clalit,עור,"ד""ר לאופר בריטבה רימה","נעמי שמר 15, כפר סבא",10.0,כפר סבא
2026-07-30 13:02:08,2026-09-16,clalit,עור,"ד""ר אבו בכר עלי","א תופאח, טירה",48.0,טירה
2026-07-30 13:02:08,2026-09-21,clalit,עור,"ד""ר אבו בכר עלי","טארק עבד אל חי, טירה",53.0,טירה
2026-07-30 13:02:08,2026-09-27,clalit,עור,"ד""ר נג'אר סמיח","הנשר 1, רעננה",59.0,רעננה
2026-07-30 13:02:10,2026-10-18,clalit,עור,"רופא בי""ח","הלוחמים 62, חולון",80.0,חולון
2026-07-30 13:02:10,2026-10-18,clalit,עור,"ד""ר לוי גרי ריימ","אחוזה 124, רעננה",80.0,רעננה
2026-07-30 13:02:10,2026-10-23,clalit,עור,"ד""ר חאג' יחיא כראם","בזלת 7, כוכב יאיר",85.0,כוכב יאיר
2026-07-30 13:02:10,,clalit,עור,"ד""ר זידאן עומרי","רפאל איתן 4, חולון",,חולון
2026-07-30 13:02:10,,clalit,עור,"ד""ר שיפטר רות","חיים ארלוזורוב 52, חולון",,חולון
2026-07-30 13:02:10,,clalit,עור,"ד""ר פלדמן אסף","נעמי שמר 15, חולון",,חולון
2026-07-30 13:02:10,,clalit,עור,"ד""ר שבתאי הגר","נעמי שמר 15, חולון",,חולון
2026-07-30 13:02:12,,clalit,עור,"ד""ר סורוקסקי דניאל","נעמי שמר 15, חולון",,חולון
2026-07-30 13:02:12,,clalit,עור,"רופא בי""ח","נעמי שמר 15, חולון",,חולון
2026-07-30 13:02:12,,clalit,עור,"ד""ר קריחלי דוד","הרב ניסנבאום 33, בת ים",,בת ים
2026-07-30 13:02:12,,clalit,עור,"ד""ר פדורנקו לריסה","רוטשילד 29, בת ים",,בת ים
2026-07-30 13:02:12,,clalit,עור,עור ב.איכילוב,"הרצל 34, רמת גן",,רמת גן
2026-07-30 13:02:12,,clalit,עור,עור ב.איכילוב,"רבי עקיבא 83, בני ברק",,בני ברק
2026-07-30 13:02:12,,clalit,עור,"ד""ר נג'אר סמיח","דרך בן גוריון 13, בני ברק",,בני ברק
2026-07-30 13:02:13,,clalit,עור,רופא ב.בלינסון,"דרך בן גוריון 13, בני ברק",,בני ברק
2026-07-30 13:02:13,,clalit,עור,עור ב.איכילוב,"דרך בן גוריון 13, בני ברק",,בני ברק
2026-07-30 13:02:13,,clalit,עור,"ד""ר נג'אר מוחמד","המכבים 75, בני ברק",,בני ברק
2026-07-30 13:02:13,,clalit,עור,"ד""ר אוביידוב ולדיסלב","עזרא 11, בני ברק",,בני ברק
2026-07-30 13:02:13,,clalit,עור,"ד""ר גור שלומי אי","דרך יצחק רבין 53, גבעתיים",,גבעתיים
2026-07-30 13:02:13,,clalit,עור,"ד""ר פרידל נדב","דרך יצחק רבין 53, גבעתיים",,גבעתיים
2026-07-30 13:02:13,,clalit,עור,"ד""ר לסט עומר","דרך יצחק רבין 53, גבעתיים",,גבעתיים
2026-07-30 13:02:15,,clalit,עור,"ד""ר אוביידוב ולדיסלב","דרך זאב ז'בוטינסקי 105, רמת גן",,רמת גן
2026-07-30 13:02:15,,clalit,עור,"ד""ר לסט עומר","דרך זאב ז'בוטינסקי 105, רמת גן",,רמת גן
2026-07-30 13:02:15,,clalit,עור,"ד""ר מונסליזה אסף","דרך יצחק רבין 53, גבעתיים",,גבעתיים
2026-07-30 13:02:15,,clalit,עור,"ד""ר שלמון מלמוד דנה","רמב''ם 1, הרצליה",,הרצליה
2026-07-30 13:02:15,,clalit,עור,"ד""ר בשארה אתאר","רמב''ם 1, הרצליה",,הרצליה
2026-07-30 13:02:15,,clalit,עור,"ד""ר סורקינה אירינה","רמב''ם 1, הרצליה",,הרצליה
2026-07-30 13:02:15,,clalit,עור,"ד""ר רובנוביץ' איגור","רמב''ם 1, הרצליה",,הרצליה
2026-07-30 13:02:17,,clalit,עור,"ד""ר אבו בכר עלי","בן גוריון 43, כפר סבא",,כפר סבא
2026-07-30 13:02:17,,clalit,עור,"ד""ר אלזמי מרק","בן גוריון 43, כפר סבא",,כפר סבא
2026-07-30 13:02:17,,clalit,עור,"ד""ר שגיא אסתר","בן גוריון 43, כפר סבא",,כפר סבא
2026-07-30 13:02:17,,clalit,עור,"ד""ר פינחסוב פינחס","בן גוריון 2, הרצליה",,הרצליה
2026-07-30 13:02:17,,clalit,עור,"ד""ר גור שלומי אי","הפועל 22, הרצליה",,הרצליה
2026-07-30 13:02:17,,clalit,עור,"ד""ר אפלשטיין אורנלה","צמרות, הרצליה",,הרצליה
2026-07-30 13:02:20,2026-08-11,clalit,עיניים,"ד""ר חנני רון","אבן גבירול 124, תל אביב יפו",12.0,תל אביב יפו
2026-07-30 13:02:20,2026-08-11,clalit,עיניים,"ד""ר דגבלי ליאור","אבן גבירול 124, תל אביב יפו",12.0,תל אביב יפו
2026-07-30 13:02:20,2026-08-11,clalit,עיניים,"ד""ר רוז'יצקי ולדימיר","אבן גבירול 124, תל אביב יפו",12.0,תל אביב יפו
2026-07-30 13:02:20,2026-08-12,clalit,עיניים,"ד""ר ספקטור אלכסנדר","התקומה 23, תל אביב יפו",13.0,תל אביב יפו
2026-07-30 13:02:20,2026-08-12,clalit,עיניים,"רופא בי""ח","מקור חיים 35, תל אביב יפו",13.0,תל אביב יפו
2026-07-30 13:02:20,2026-08-12,clalit,עיניים,"רופא בי""ח","אבן גבירול 124, תל אביב יפו",13.0,תל אביב יפו
2026-07-30 13:02:20,2026-08-12,clalit,עיניים,"ד""ר פיינברג גלעד","דרך משה דיין 147, תל אביב יפו",13.0,תל אביב יפו
2026-07-30 13:02:20,2026-08-12,clalit,עיניים,"ד""ר סרבריאני בוריס","שדרות יד לבנים 35, תל אביב יפו",13.0,תל אביב יפו
2026-07-30 13:02:20,2026-08-13,clalit,עיניים,"ד""ר מנדלבלום חורחה","וייצמן 14, תל אביב יפו",14.0,תל אביב יפו
2026-07-30 13:02:20,2026-08-17,clalit,עיניים,"רופא בי""ח 1","אהרון בקר 8, תל אביב יפו",18.0,תל אביב יפו
2026-07-30 13:02:20,2026-08-17,clalit,עיניים,"ד""ר שפנדורף יעקב","שדרות יד לבנים 35, תל אביב יפו",18.0,תל אביב יפו
2026-07-30 13:02:20,2026-08-19,clalit,עיניים,"ד""ר רפפורט יצחק","אליהו ברלין 13, תל אביב יפו",20.0,תל אביב יפו
2026-07-30 13:02:20,2026-08-24,clalit,עיניים,"ד""ר אמויאל פרנק מור","לילינבלום 6, תל אביב יפו",25.0,תל אביב יפו
2026-07-30 13:02:22,2026-08-25,clalit,עיניים,"ד""ר דן ברזיס עידית","אהרון בקר 8, תל אביב יפו",26.0,תל אביב יפו
2026-07-30 13:02:22,2026-08-26,clalit,עיניים,"ד""ר צסלר מריה","אבן גבירול 124, תל אביב יפו",27.0,תל אביב יפו
2026-07-30 13:02:22,2026-10-16,clalit,עיניים,"ד""ר שחר יונתן פנ","יהודה בורלא 27, תל אביב יפו",78.0,תל אביב יפו
2026-07-30 13:02:22,,clalit,עיניים,"ד""ר ארליק נורית","הארבעה 28, תל אביב יפו",,תל אביב יפו
2026-07-30 13:02:22,,clalit,עיניים,"ד""ר מרקושין ארקדי","אבן גבירול 124, תל אביב יפו",,תל אביב יפו
2026-07-30 13:02:22,2026-07-31,clalit,עיניים,"ד""ר מנסור אחמד",טירה,1.0,טירה
2026-07-30 13:02:22,2026-08-02,clalit,עיניים,"ד""ר דולב צבי","רפאל איתן 4, חולון",3.0,חולון
2026-07-30 13:02:23,2026-08-03,clalit,עיניים,"ד""ר ג'רה מוחמד","דרך בן גוריון 13, בני ברק",4.0,בני ברק
2026-07-30 13:02:23,2026-08-04,clalit,עיניים,"ד""ר רסקין מילחמן טטיאנה","דרך בן גוריון 13, בני ברק",5.0,בני ברק
2026-07-30 13:02:23,2026-08-05,clalit,עיניים,"ד""ר ארנון רועי","דרך בן גוריון 13, בני ברק",6.0,בני ברק
2026-07-30 13:02:23,2026-08-05,clalit,עיניים,"ד""ר יהלומי טל","עזרא 11, בני ברק",6.0,בני ברק
2026-07-30 13:02:23,2026-08-06,clalit,עיניים,"ד""ר סימנטוב איליה","דרך בן גוריון 13, בני ברק",7.0,בני ברק
2026-07-30 13:02:23,2026-08-06,clalit,עיניים,"ד""ר רצון אוריאל","עזרא 11, בני ברק",7.0,בני ברק
2026-07-30 13:02:23,2026-08-10,clalit,עיניים,"ד""ר דג'נוב רומיק","דרך בן גוריון 13, בני ברק",11.0,בני ברק
2026-07-30 13:02:24,2026-08-11,clalit,עיניים,"ד""ר לוקובצקי סימיון","דרך בן גוריון 13, בני ברק",12.0,בני ברק
2026-07-30 13:02:24,2026-08-13,clalit,עיניים,"ד""ר בור ורדית","דרך בן גוריון 13, בני ברק",14.0,בני ברק
2026-07-30 13:02:24,2026-08-16,clalit,עיניים,"ד""ר סמוליאר אירנה","רוטשילד 29, בת ים",17.0,בת ים
2026-07-30 13:02:24,2026-08-16,clalit,עיניים,"ד""ר פרידמן חיים יוס","רוטשילד 29, בת ים",17.0,בת ים
2026-07-30 13:02:24,2026-08-17,clalit,עיניים,"ד""ר ספקטור אלכסנדר","הרב ניסנבאום 33, בת ים",18.0,בת ים
2026-07-30 13:02:24,2026-08-17,clalit,עיניים,"ד""ר סרבריאני בוריס","הרב ניסנבאום 33, בת ים",18.0,בת ים
2026-07-30 13:02:24,2026-08-19,clalit,עיניים,"ד""ר באראייב נאדזדה","יעקב פיכמן 11, חולון",20.0,חולון
2026-07-30 13:02:25,2026-08-19,clalit,עיניים,"ד""ר מגל מלחז","הרב ניסנבאום 33, בת ים",20.0,בת ים
2026-07-30 13:02:25,2026-08-19,clalit,עיניים,"רופא בי""ח","נעמי שמר 15, חולון",20.0,חולון
2026-07-30 13:02:25,2026-08-20,clalit,עיניים,"ד""ר ארליך מוני מרד","רש''י 30, בני ברק",21.0,בני ברק
2026-07-30 13:02:25,2026-08-23,clalit,עיניים,"ד""ר ויינשטוק אלכסנדר","הרב ניסנבאום 33, בת ים",24.0,בת ים
2026-07-30 13:02:25,2026-08-27,clalit,עיניים,"ד""ר חנני רון","דרך זאב ז'בוטינסקי 105, רמת גן",28.0,רמת גן
2026-07-30 13:02:25,2026-09-01,clalit,עיניים,"ד""ר סרבריאני בוריס","נעמי שמר 15, חולון",33.0,חולון
2026-07-30 13:02:25,2026-09-01,clalit,עיניים,רופ. עיניים איכילוב,"דרך זאב ז'בוטינסקי 105, רמת גן",33.0,רמת גן
2026-07-30 13:02:26,2026-09-02,clalit,עיניים,"ד""ר ויינשטוק אלכסנדר","חיים וייצמן 25, אזור",34.0,אזור
2026-07-30 13:02:26,2026-09-02,clalit,עיניים,"ד""ר כהן חושן הלן","ז'בוטינסקי 3, רעננה",34.0,רעננה
2026-07-30 13:02:26,2026-09-02,clalit,עיניים,"ד""ר רסקין איל","רמב''ם 1, הרצליה",34.0,הרצליה
2026-07-30 13:02:26,2026-09-02,clalit,עיניים,"ד""ר בן ניסן דוד","ז'בוטינסקי 5, רעננה",34.0,רעננה
2026-07-30 13:02:26,2026-09-03,clalit,עיניים,"ד""ר קוזלובסקי תום","נעמי שמר 15, חולון",35.0,חולון
2026-07-30 13:02:26,2026-09-03,clalit,עיניים,"ד""ר אייזנשטט פבל","רמב''ם 1, הרצליה",35.0,הרצליה
2026-07-30 13:02:26,2026-09-04,clalit,עיניים,"רופא בי""ח 1","נעמי שמר 15, חולון",36.0,חולון
2026-07-30 13:02:26,2026-09-06,clalit,עיניים,"ד""ר פיינברג גלעד","נעמי שמר 15, חולון",38.0,חולון
2026-07-30 13:02:26,2026-09-07,clalit,עיניים,"ד""ר חנני רון","דרך יצחק רבין 53, גבעתיים",39.0,גבעתיים
2026-07-30 13:02:26,2026-09-07,clalit,עיניים,"ד""ר זיידנוובר פינש דוריאן א","הפועל 22, הרצליה",39.0,הרצליה
2026-07-30 13:02:26,2026-09-08,clalit,עיניים,"ד""ר בור ורדית","המלאכה 23, רמת השרון",40.0,רמת השרון
2026-07-30 13:02:26,2026-09-09,clalit,עיניים,"ד""ר נחום עדי יהוד","דוד אלעזר 12, חולון",41.0,חולון
2026-07-30 13:02:26,2026-09-09,clalit,עיניים,"ד""ר דג'נוב רומיק","חיים עוזר 4, פתח תקווה",41.0,פתח תקווה
2026-07-30 13:02:26,2026-09-10,clalit,עיניים,"ד""ר זיידנוובר פינש דוריאן א","דרך יצחק רבין 53, גבעתיים",42.0,גבעתיים
2026-07-30 13:02:27,2026-09-14,clalit,עיניים,"ד""ר ברסטיז'בסקי סבטלנה","רפאל איתן 4, חולון",46.0,חולון
2026-07-30 13:02:27,2026-09-15,clalit,עיניים,"ד""ר בן שלוש שרגה סימונט","רמב''ם 1, הרצליה",47.0,הרצליה
2026-07-30 13:02:27,2026-09-16,clalit,עיניים,"ד""ר רסקין מילחמן טטיאנה","דרך יצחק רבין 53, גבעתיים",48.0,גבעתיים
2026-07-30 13:02:27,2026-09-22,clalit,עיניים,"ד""ר לוי יחזקאל","דרך בן גוריון 13, בני ברק",54.0,בני ברק
2026-07-30 13:02:27,2026-09-23,clalit,עיניים,"ד""ר פרמן-עטר גילת מאי","דרך בן גוריון 13, בני ברק",55.0,בני ברק
2026-07-30 13:02:27,2026-09-30,clalit,עיניים,"ד""ר שני לודמילה","אלכסנדר 2, רמת גן",62.0,רמת גן
2026-07-30 13:02:27,2026-10-07,clalit,עיניים,"עיניים בי""ח","בן גוריון 43, כפר סבא",69.0,כפר סבא
2026-07-30 13:02:28,2026-10-08,clalit,עיניים,"ד""ר ארבל איתמר","בן גוריון 43, כפר סבא",70.0,כפר סבא
2026-07-30 13:02:28,2026-10-08,clalit,עיניים,"ד""ר צונץ ערן יצחק","התקווה 18, רעננה",70.0,רעננה
2026-07-30 13:02:28,2026-10-11,clalit,עיניים,"ד""ר ספיר מרגריטה","בן גוריון 43, כפר סבא",73.0,כפר סבא
2026-07-30 13:02:28,2026-10-11,clalit,עיניים,"ד""ר צרפתי דרורה","התקווה 18, רעננה",73.0,רעננה
2026-07-30 13:02:28,2026-10-23,clalit,עיניים,"ד""ר ותד מוחמד","בן גוריון 43, כפר סבא",85.0,כפר סבא
2026-07-30 13:02:28,2026-10-25,clalit,עיניים,"ד""ר יוגב מורין","בן גוריון 43, כפר סבא",87.0,כפר סבא
2026-07-30 13:02:28,,clalit,עיניים,"ד""ר צסלר מריה","נעמי שמר 15, חולון",,חולון
2026-07-30 13:02:30,,clalit,עיניים,"ד""ר שבדרון אלפרד אפ","נעמי שמר 15, חולון",,חולון
2026-07-30 13:02:30,,clalit,עיניים,"ד""ר בן שלוש שרגה סימונט","בן גוריון 43, כפר סבא",,כפר סבא
2026-07-30 13:02:30,,clalit,עיניים,"ד""ר הדר נתלי","הפועל 22, הרצליה",,הרצליה
2026-07-30 13:02:31,2026-08-06,clalit,א.א.ג-לרינגוסקופיה_פ,"ד""ר לסקר אילנה","אבן גבירול 124, תל אביב יפו",7.0,תל אביב יפו
2026-07-30 13:02:31,2026-09-01,clalit,יועץ א.א.ג.,"ד""ר חיימוף משה","אבן גבירול 124, תל אביב יפו",33.0,תל אביב יפו
2026-07-30 13:02:31,2026-08-03,clalit,א.א.ג-לרינגוסקופיה_פ,"ד""ר שבתאי דניאל","נעמי שמר 15, חולון",4.0,חולון
2026-07-30 13:02:31,2026-08-12,clalit,א.א.ג-לרינגוסקופיה_פ,"רופאים ב'""ח שיבא","דרך בן גוריון 13, בני ברק",13.0,בני ברק
2026-07-30 13:02:31,2026-08-16,clalit,א.א.ג-לרינגוסקופיה_פ,"ד""ר אלגרט קטיה","דרך בן גוריון 13, בני ברק",17.0,בני ברק
2026-07-30 13:02:31,2026-08-18,clalit,א.א.ג-לרינגוסקופיה_פ,"רופא בי""ח","רמב''ם 1, הרצליה",19.0,הרצליה
2026-07-30 13:02:31,2026-08-19,clalit,א.א.ג-לרינגוסקופיה_פ,"ד""ר שיבצקי שקד","דרך זאב ז'בוטינסקי 105, רמת גן",20.0,רמת גן
2026-07-30 13:02:32,2026-08-23,clalit,א.א.ג-לרינגוסקופיה_פ,"ד""ר קגן טטיאנה","התקווה 18, רעננה",24.0,רעננה
2026-07-30 13:02:32,2026-08-31,clalit,א.א.ג-לרינגוסקופיה_פ,"ד""ר פרגר אירינה","רמב''ם 1, הרצליה",32.0,הרצליה
2026-07-30 13:02:32,2026-09-06,clalit,א.א.ג-לרינגוסקופיה_פ,"ד""ר גדרון מורן","דרך בן גוריון 13, בני ברק",38.0,בני ברק
2026-07-30 13:02:32,2026-09-09,clalit,א.א.ג-לרינגוסקופיה_פ,"ד""ר מנסור אנואר","רמב''ם 1, הרצליה",41.0,הרצליה
2026-07-30 13:02:32,2026-09-15,clalit,א.א.ג-לרינגוסקופיה_פ,"ד""ר נוימן אורי פנח","דרך בן גוריון 13, בני ברק",47.0,בני ברק
2026-07-30 13:02:32,2026-09-17,clalit,א.א.ג-לרינגוסקופיה_פ,"ד""ר יואכימס זהר","רמב''ם 1, הרצליה",49.0,הרצליה
2026-07-30 13:02:32,2026-10-07,clalit,א.א.ג-לרינגוסקופיה_פ,"ד""ר זילבר ברקוביץ דרורית","בן גוריון 43, כפר סבא",69.0,כפר סבא
2026-07-30 13:02:33,,clalit,א.א.ג-לרינגוסקופיה_פ,"ד""ר פיצ'חדזה ילנה","דרך בן גוריון 13, בני ברק",,בני ברק
2026-07-30 13:02:35,2026-07-30,clalit,ליווי הריון-אחות,ארדוט תהילה,"נירים 3, תל אביב יפו",0.0,תל אביב יפו
2026-07-30 13:02:35,2026-08-02,clalit,ליווי הריון-אחות,גונן רונית,"דרך שלמה 43, תל אביב יפו",3.0,תל אביב יפו
2026-07-30 13:02:35,2026-08-04,clalit,ליווי הריון-אחות,כהנא פראדי,"אבא אחימאיר 18, תל אביב יפו",5.0,תל אביב יפו
2026-07-30 13:02:35,2026-08-05,clalit,ליווי הריון-אחות,מינקוב שולמית,"נירים 3, תל אביב יפו",6.0,תל אביב יפו
2026-07-30 13:02:35,2026-08-09,clalit,ליווי הריון-אחות,לייציק אנה,"אבא אחימאיר 18, תל אביב יפו",10.0,תל אביב יפו
2026-07-30 13:02:35,2026-08-10,clalit,ליווי הריון-אחות,אחאי אתי,"אבא אחימאיר 18, תל אביב יפו",11.0,תל אביב יפו
2026-07-30 13:02:35,2026-08-10,clalit,ליווי הריון-אחות,חזקיה אריאל,"אבא אחימאיר 18, תל אביב יפו",11.0,תל אביב יפו
2026-07-30 13:02:36,2026-08-10,clalit,ליווי הריון-אחות,גולן הדרי דיתה,"אבא אחימאיר 18, תל אביב יפו",11.0,תל אביב יפו
2026-07-30 13:02:36,2026-08-11,clalit,ליווי הריון-אחות,מלכה מור,"אבא אחימאיר 18, תל אביב יפו",12.0,תל אביב יפו
2026-07-30 13:02:36,2026-08-11,clalit,ליווי הריון-אחות,זורע עדי,"אבא אחימאיר 18, תל אביב יפו",12.0,תל אביב יפו
2026-07-30 13:02:36,2026-08-12,clalit,ליווי הריון-אחות,צורן סתיו,"אבא אחימאיר 18, תל אביב יפו",13.0,תל אביב יפו
2026-07-30 13:02:36,2026-08-13,clalit,ליווי הריון-אחות,פסח אלנה,"נירים 3, תל אביב יפו",14.0,תל אביב יפו
2026-07-30 13:02:36,2026-08-16,clalit,ליווי הריון-אחות,ליוכטר  ילנה,"אבא אחימאיר 18, תל אביב יפו",17.0,תל אביב יפו
2026-07-30 13:02:36,2026-08-16,clalit,ליווי הריון-אחות,לסטר אלכסנדרה,"אבא אחימאיר 18, תל אביב יפו",17.0,תל אביב יפו
2026-07-30 13:02:36,2026-08-18,clalit,ליווי הריון-אחות,ריאר לנה,"נירים 3, תל אביב יפו",19.0,תל אביב יפו
2026-07-30 13:02:36,2026-08-26,clalit,ליווי הריון-אחות,קורלנדר הילה,"אבא אחימאיר 18, תל אביב יפו",27.0,תל אביב יפו
2026-07-30 13:02:36,2026-08-30,clalit,ליווי הריון-אחות,בורוכוב(יסחקוב)מלכה,"נירים 3, תל אביב יפו",31.0,תל אביב יפו
2026-07-30 13:02:36,2026-09-03,clalit,ליווי הריון-אחות,אפל גילי,"אבא אחימאיר 18, תל אביב יפו",35.0,תל אביב יפו
2026-07-30 13:02:36,2026-08-02,clalit,ליווי הריון-אחות,ויצמן רוני,"דרך בן גוריון 13, בני ברק",3.0,בני ברק
2026-07-30 13:02:36,2026-08-03,clalit,ליווי הריון-אחות,ישקביץ טלי,"אריק איינשטיין 1, בת ים",4.0,בת ים
2026-07-30 13:02:36,2026-08-03,clalit,ליווי הריון-אחות,ז'בלקוב טל רינת,"דרך בן גוריון 13, בני ברק",4.0,בני ברק
2026-07-30 13:02:37,2026-08-03,clalit,ליווי הריון-אחות,גרשונוביץ איריס אתי,"דרך בן גוריון 13, בני ברק",4.0,בני ברק
2026-07-30 13:02:37,2026-08-03,clalit,ליווי הריון-אחות,רונית ברטמן,"בן גוריון 22, הרצליה",4.0,הרצליה
2026-07-30 13:02:37,2026-08-04,clalit,ליווי הריון-אחות,סגמן מיטל,"דרך בן גוריון 13, בני ברק",5.0,בני ברק
2026-07-30 13:02:37,2026-08-04,clalit,ליווי הריון-אחות,אפרת צור,"כיכר רמב''ם, עמנואל",5.0,עמנואל
2026-07-30 13:02:37,2026-08-05,clalit,ליווי הריון-אחות,רויטל אויריו,"בן גוריון 22, הרצליה",6.0,הרצליה
2026-07-30 13:02:37,2026-08-05,clalit,ליווי הריון-אחות,פקמן אירינה,"בן גוריון 22, הרצליה",6.0,הרצליה
2026-07-30 13:02:37,2026-08-05,clalit,ליווי הריון-אחות,שרית ניב,"בן גוריון 22, הרצליה",6.0,הרצליה
2026-07-30 13:02:38,2026-08-09,clalit,ליווי הריון-אחות,קליין גילה,"אריק איינשטיין 1, בת ים",10.0,בת ים
2026-07-30 13:02:38,2026-08-24,clalit,ליווי הריון-אחות,אוסנת גולדמן,"גלבוע 118, אלפי מנשה",25.0,אלפי מנשה
2026-07-30 13:02:38,2026-08-31,clalit,ליווי הריון-אחות,דדי תמי,"רפאל איתן 4, חולון",32.0,חולון
2026-07-30 13:02:38,2026-09-06,clalit,ליווי הריון-אחות,גורגוב דינה,"רפאל איתן 4, חולון",38.0,חולון
2026-07-30 13:02:38,2026-09-10,clalit,ליווי הריון-אחות,לירן גרינפלד,"וייצמן 83, כפר סבא",42.0,כפר סבא
2026-07-30 13:02:38,2026-09-20,clalit,ליווי הריון-אחות,לי שקד וולמוט,"וייצמן 83, כפר סבא",52.0,כפר סבא
2026-07-30 13:02:38,,clalit,ליווי הריון-אחות,תמר דטלקרמר,"וייצמן 83, כפר סבא",,כפר סבא
2026-07-30 13:02:40,2026-11-04,clalit,בדיקה גנטית - סרטן ש,בר-תור תורגמן רוזאל,"דרך בן גוריון 13, בני ברק",97.0,בני ברק
2026-07-30 13:02:43,2026-08-12,clalit,חיסון קורונה )XBB1.5,חיסון קורונה,"אבן גבירול 124, תל אביב יפו",13.0,תל אביב יפו
2026-07-30 13:02:43,,clalit,חיסון קורונה )XBB1.5,חיסון קורונה,"בן גוריון 43, כפר סבא",,כפר סבא
2026-07-30 13:02:43,,clalit,ייעוץ רפואת טרנס בוו,"ד""ר וגנר קולסקו גל",תל אביב יפו,,תל אביב יפו
2026-07-30 13:02:44,2026-08-11,clalit,"ייעוץ רפואת להט""ב בו","ד""ר לב אנה",תל אביב יפו,12.0,תל אביב יפו
2026-07-30 13:02:44,2026-08-18,clalit,"ייעוץ רפואת להט""ב בו","ד""ר בן-קורט אולגה",תל אביב יפו,19.0,תל אביב יפו
2026-07-30 13:02:46,2026-07-30,clalit,ייעוץ PREP,"ד""ר בן-קורט אולגה",תל אביב יפו,0.0,תל אביב יפו
2026-07-30 13:02:46,2026-09-13,clalit,ייעוץ PREP,"ד""ר חסיד בועז",תל אביב יפו,45.0,תל אביב יפו
2026-07-30 13:02:47,2026-08-03,clalit,אחות יועצת הנקה,חג יחיא הדיל,"א תופאח, טירה",4.0,טירה
2026-07-30 13:02:47,2026-08-03,clalit,אחות יועצת הנקה,אסתי רעי,"רפפורט 3, כפר סבא",4.0,כפר סבא
2026-07-30 13:02:47,2026-08-05,clalit,אחות יועצת הנקה,ליז ארבל,"סשה ארגוב 23, רעננה",6.0,רעננה
2026-07-30 13:02:47,2026-08-05,clalit,אחות יועצת הנקה,אפרת צור,"כיכר רמב''ם, עמנואל",6.0,עמנואל
2026-07-30 13:02:47,2026-08-06,clalit,אחות יועצת הנקה,יערית רביב,"סשה ארגוב 23, רעננה",7.0,רעננה
2026-07-30 13:02:47,2026-08-09,clalit,אחות יועצת הנקה,פירמנוב אנה,"הגליל 5, כפר סבא",10.0,כפר סבא
2026-07-30 13:02:47,2026-08-11,clalit,אחות יועצת הנקה,עמרם שירה,"מוריה 31, רמת השרון",12.0,רמת השרון
2026-07-30 13:02:48,2026-08-12,clalit,אחות יועצת הנקה,מייבר טיירי אביגד,"רפפורט 3, כפר סבא",13.0,כפר סבא
2026-07-30 13:02:48,2026-08-17,clalit,אחות יועצת הנקה,חנה רייסקי גרנות,"סשה ארגוב 23, רעננה",18.0,רעננה
2026-07-30 13:02:48,2026-09-11,clalit,אחות יועצת הנקה,רוית לביא,"סשה ארגוב 23, רעננה",43.0,רעננה
2026-07-30 13:02:49,2026-08-13,clalit,יעוץ וחיסונים למטיילים,,"אבא אחימאיר 18, תל אביב יפו",14.0,תל אביב יפו
2026-07-30 13:02:49,2026-07-30,clalit,יעוץ וחיסונים למטיילים,,"שדרות נים 2, ראשון לציון",0.0,ראשון לציון
2026-07-30 13:02:49,2026-08-02,clalit,תכנית מטיילים/חיסוני,"מרפאת מטייל מאיר כ""","טשרניחובסקי, כפר סבא",3.0,כפר סבא
2026-07-30 13:02:49,2026-08-09,clalit,יעוץ וחיסונים למטיילים,,"דרך זאב ז'בוטינסקי 7, בני ברק",10.0,בני ברק
2026-07-30 13:02:49,2026-08-11,clalit,יעוץ וחיסונים למטיילים,,"הנדיב 71, הרצליה",12.0,הרצליה
2026-07-30 13:02:51,2026-08-05,clalit,כירורגיה שד,"ד""ר בלומברג יונתן","אבן גבירול 124, תל אביב יפו",6.0,תל אביב יפו
2026-07-30 13:02:51,2026-08-25,clalit,כירורגיה שד,"ד""ר עוויסאת הייתם","התקומה 23, תל אביב יפו",26.0,תל אביב יפו
2026-07-30 13:02:51,2026-09-14,clalit,כירורגיה שד,"ד""ר גולדנפרב פבל","אבן גבירול 124, תל אביב יפו",46.0,תל אביב יפו
2026-07-30 13:02:51,2026-09-14,clalit,כירורגיה שד,"ד""ר ברד ויאצ'סלב","אבן גבירול 124, תל אביב יפו",46.0,תל אביב יפו
2026-07-30 13:02:51,2026-09-16,clalit,כירורגיה שד,"ד""ר וינר נעם","אבן גבירול 124, תל אביב יפו",48.0,תל אביב יפו
2026-07-30 13:02:51,2026-10-04,clalit,כירורגיה שד,"רופא בי""ח כירור' שד","אבן גבירול 124, תל אביב יפו",66.0,תל אביב יפו
2026-07-30 13:02:52,2026-10-13,clalit,כירורגיה שד,"ד""ר ברנבוים אלכס","אבן גבירול 124, תל אביב יפו",75.0,תל אביב יפו
2026-07-30 13:02:52,,clalit,כירורגיה שד,"ד""ר בן דוד נדב","אבן גבירול 124, תל אביב יפו",,תל אביב יפו
2026-07-30 13:02:52,2026-08-04,clalit,כירורגיה שד,כירורג ב.השרון-2,"הרצל 34, רמת גן",5.0,רמת גן
2026-07-30 13:02:52,2026-09-01,clalit,כירורגיה שד,"ד""ר ספרוב ולרי","הרב ניסנבאום 33, בת ים",33.0,בת ים
2026-07-30 13:02:52,2026-09-06,clalit,כירורגיה שד,"ד""ר סטריגין סרגיי","הרב ניסנבאום 33, בת ים",38.0,בת ים
2026-07-30 13:02:52,2026-09-06,clalit,כירורגיה שד,"ד""ר חוטריאנסקי מיכאיל","הרב ניסנבאום 33, בת ים",38.0,בת ים
2026-07-30 13:02:52,2026-09-11,clalit,כירורגיה שד,"ד""ר בן דוד נדב","חיים וייצמן 25, אזור",43.0,אזור
2026-07-30 13:02:54,2026-09-15,clalit,כירורגיה שד,"ד""ר סטריגין סרגיי","נעמי שמר 15, חולון",47.0,חולון
2026-07-30 13:02:54,2026-09-17,clalit,כירורגיה שד,"ד""ר לייבמן מיכאל","נעמי שמר 15, חולון",49.0,חולון
2026-07-30 13:02:54,2026-09-20,clalit,כירורגיה שד,"ד""ר פרוטוס כריסטיאן","נעמי שמר 15, חולון",52.0,חולון
2026-07-30 13:02:54,2026-10-01,clalit,כירורגיה שד,"ד""ר קמינסקי אולג","הרצל 34, רמת גן",63.0,רמת גן
2026-07-30 13:02:54,2026-10-07,clalit,כירורגיה שד,"ד""ר שרמן יבגני","נעמי שמר 15, חולון",69.0,חולון
2026-07-30 13:02:54,2026-10-15,clalit,כירורגיה שד,"ד""ר ריבקובסקי יבגני","הרצל 34, רמת גן",77.0,רמת גן
2026-07-30 13:02:54,2026-10-18,clalit,כירורגיה שד,"ד""ר בן דוד נדב","נעמי שמר 15, חולון",80.0,חולון
2026-07-30 13:02:55,2026-10-28,clalit,כירורגיה שד,"ד""ר כץ יאיר","רמב''ם 1, הרצליה",90.0,הרצליה
2026-07-30 13:02:55,,clalit,כירורגיה שד,"ד""ר איטקין דינה","הרצל 34, רמת גן",,רמת גן
2026-07-30 13:02:55,,clalit,כירורגיה שד,"ד""ר לוי נועה","עזרא 11, בני ברק",,בני ברק
2026-07-30 13:02:55,,clalit,כירורגיה שד,"ד""ר יספקינה אולגה","חזון אי''ש 62, בני ברק",,בני ברק
2026-07-30 13:02:55,,clalit,כירורגיה שד,"ד""ר בירנבוים יהודית","חזון אי''ש 62, בני ברק",,בני ברק
2026-07-30 13:02:55,,clalit,כירורגיה שד,"ד""ר גייר אילת","דרך זאב ז'בוטינסקי 61, פתח תקווה",,פתח תקווה
2026-07-30 13:02:55,,clalit,כירורגיה שד,"ד""ר בן ארי שפירא ענת","רמב''ם 1, הרצליה",,הרצליה
2026-07-30 13:02:56,,clalit,כירורגיה שד,"ד""ר שיכמן סטניסלב","סשה ארגוב 23, רעננה",,רעננה
2026-07-30 13:02:56,,clalit,כירורגיה שד,"ד""ר בר לב איל","רמב''ם 1, הרצליה",,הרצליה
2026-07-30 13:02:59,2026-08-04,clalit,מיילדת מחודש ראשון,לורן ענבר,"שדרות רחבעם 1, קרני שומרון",5.0,קרני שומרון
2026-07-30 13:02:59,2026-08-06,clalit,מיילדת מחודש ראשון,אילנית כהן,"חרושת 18, רמת השרון",7.0,רמת השרון
2026-07-30 13:02:59,2026-09-08,clalit,מיילדת מחודש ראשון,מיכל פרס,"סשה ארגוב 23, רעננה",40.0,רעננה
2026-07-30 13:02:59,2026-09-14,clalit,מיילדת מחודש ראשון,קרן גולדנברג נגר,"סשה ארגוב 23, רעננה",46.0,רעננה
2026-07-30 13:03:00,2026-07-30,clalit,מעקב הריון-אחות,ארדוט תהילה,"נירים 3, תל אביב יפו",0.0,תל אביב יפו
2026-07-30 13:03:00,2026-08-02,clalit,מעקב הריון-אחות,גונן רונית,"דרך שלמה 43, תל אביב יפו",3.0,תל אביב יפו
2026-07-30 13:03:00,2026-08-04,clalit,מעקב הריון-אחות,כהנא פראדי,"אבא אחימאיר 18, תל אביב יפו",5.0,תל אביב יפו
2026-07-30 13:03:00,2026-08-05,clalit,מעקב הריון-אחות,מינקוב שולמית,"נירים 3, תל אביב יפו",6.0,תל אביב יפו
2026-07-30 13:03:00,2026-08-09,clalit,מעקב הריון-אחות,לייציק אנה,"אבא אחימאיר 18, תל אביב יפו",10.0,תל אביב יפו
2026-07-30 13:03:00,2026-08-10,clalit,מעקב הריון-אחות,אחאי אתי,"אבא אחימאיר 18, תל אביב יפו",11.0,תל אביב יפו
2026-07-30 13:03:00,2026-08-10,clalit,מעקב הריון-אחות,חזקיה אריאל,"אבא אחימאיר 18, תל אביב יפו",11.0,תל אביב יפו
2026-07-30 13:03:01,2026-08-10,clalit,מעקב הריון-אחות,גולן הדרי דיתה,"אבא אחימאיר 18, תל אביב יפו",11.0,תל אביב יפו
2026-07-30 13:03:01,2026-08-11,clalit,מעקב הריון-אחות,מלכה מור,"אבא אחימאיר 18, תל אביב יפו",12.0,תל אביב יפו
2026-07-30 13:03:01,2026-08-11,clalit,מעקב הריון-אחות,זורע עדי,"אבא אחימאיר 18, תל אביב יפו",12.0,תל אביב יפו
2026-07-30 13:03:01,2026-08-12,clalit,מעקב הריון-אחות,צורן סתיו,"אבא אחימאיר 18, תל אביב יפו",13.0,תל אביב יפו
2026-07-30 13:03:01,2026-08-13,clalit,מעקב הריון-אחות,פסח אלנה,"נירים 3, תל אביב יפו",14.0,תל אביב יפו
2026-07-30 13:03:01,2026-08-16,clalit,מעקב הריון-אחות,ליוכטר  ילנה,"אבא אחימאיר 18, תל אביב יפו",17.0,תל אביב יפו
2026-07-30 13:03:01,2026-08-16,clalit,מעקב הריון-אחות,לסטר אלכסנדרה,"אבא אחימאיר 18, תל אביב יפו",17.0,תל אביב יפו
2026-07-30 13:03:02,2026-08-18,clalit,מעקב הריון-אחות,ריאר לנה,"נירים 3, תל אביב יפו",19.0,תל אביב יפו
2026-07-30 13:03:02,2026-08-26,clalit,מעקב הריון-אחות,קורלנדר הילה,"אבא אחימאיר 18, תל אביב יפו",27.0,תל אביב יפו
2026-07-30 13:03:02,2026-08-30,clalit,מעקב הריון-אחות,בורוכוב(יסחקוב)מלכה,"נירים 3, תל אביב יפו",31.0,תל אביב יפו
2026-07-30 13:03:02,2026-09-03,clalit,מעקב הריון-אחות,אפל גילי,"אבא אחימאיר 18, תל אביב יפו",35.0,תל אביב יפו
2026-07-30 13:03:02,2026-08-02,clalit,מעקב הריון-אחות,דבי אפשטיין,"כיכר רמב''ם, עמנואל",3.0,עמנואל
2026-07-30 13:03:02,2026-08-09,clalit,מעקב הריון-אחות,קליין גילה,"אריק איינשטיין 1, בת ים",10.0,בת ים
2026-07-30 13:03:02,2026-08-26,clalit,מעקב הריון-אחות,יהודית גולדשטיין,"כיכר רמב''ם, עמנואל",27.0,עמנואל
2026-07-30 13:03:03,2026-08-31,clalit,מעקב הריון-אחות,דדי תמי,"רפאל איתן 4, חולון",32.0,חולון
2026-07-30 13:03:03,2026-09-06,clalit,מעקב הריון-אחות,גורגוב דינה,"רפאל איתן 4, חולון",38.0,חולון
2026-07-30 13:03:06,2026-08-02,clalit,מעקב הריון-רופא,פרופ' לוי מיכל,"התקומה 23, תל אביב יפו",3.0,תל אביב יפו
2026-07-30 13:03:06,2026-08-03,clalit,מעקב הריון-רופא,"ד""ר דקל איל","אבא אחימאיר 18, תל אביב יפו",4.0,תל אביב יפו
2026-07-30 13:03:06,2026-08-03,clalit,מעקב הריון-רופא,"ד""ר וורחוב מירטה אי","אהרון בקר 8, תל אביב יפו",4.0,תל אביב יפו
2026-07-30 13:03:06,2026-08-03,clalit,מעקב הריון-רופא,"ד""ר שילון מיכאל מי","אליהו ברלין 13, תל אביב יפו",4.0,תל אביב יפו
2026-07-30 13:03:06,2026-08-03,clalit,מעקב הריון-רופא,"ד""ר שילון מיכאל מי","שדרות יהודית 18, תל אביב יפו",4.0,תל אביב יפו
2026-07-30 13:03:06,2026-08-04,clalit,מעקב הריון-רופא,"ד""ר שילון מיכאל מי","אחד העם 9, תל אביב יפו",5.0,תל אביב יפו
2026-07-30 13:03:06,2026-08-06,clalit,מעקב הריון-רופא,"ד""ר גולד רונן שמו","אבא אחימאיר 18, תל אביב יפו",7.0,תל אביב יפו
2026-07-30 13:03:07,2026-08-10,clalit,מעקב הריון-רופא,"ד""ר נול שמואל","אמסטרדם 9, תל אביב יפו",11.0,תל אביב יפו
2026-07-30 13:03:07,2026-08-12,clalit,מעקב הריון-רופא,פרופ' לוריא שמואל,"אבא אחימאיר 18, תל אביב יפו",13.0,תל אביב יפו
2026-07-30 13:03:07,2026-08-13,clalit,מעקב הריון-רופא,"ד""ר סיגל יעקב","אריסטובולוס 2, תל אביב יפו",14.0,תל אביב יפו
2026-07-30 13:03:07,2026-08-19,clalit,מעקב הריון-רופא,"ד""ר בוצן אמנון","אבא אחימאיר 18, תל אביב יפו",20.0,תל אביב יפו
2026-07-30 13:03:07,2026-08-20,clalit,מעקב הריון-רופא,"ד""ר גרוס לוטם","מקור חיים 35, תל אביב יפו",21.0,תל אביב יפו
2026-07-30 13:03:07,2026-08-20,clalit,מעקב הריון-רופא,"ד""ר אלדר עידו","אבא אחימאיר 18, תל אביב יפו",21.0,תל אביב יפו
2026-07-30 13:03:07,2026-08-20,clalit,מעקב הריון-רופא,"ד""ר ירושלמי גיל מרדכ","אהרון בקר 8, תל אביב יפו",21.0,תל אביב יפו
2026-07-30 13:03:08,2026-08-25,clalit,מעקב הריון-רופא,"ד""ר טמאיב ליליה","מקור חיים 35, תל אביב יפו",26.0,תל אביב יפו
2026-07-30 13:03:08,2026-08-25,clalit,מעקב הריון-רופא,"ד""ר ארליך אורי","אבא אחימאיר 18, תל אביב יפו",26.0,תל אביב יפו
2026-07-30 13:03:08,2026-08-25,clalit,מעקב הריון-רופא,"ד""ר טיירי דניאל","דרך שלמה 43, תל אביב יפו",26.0,תל אביב יפו
2026-07-30 13:03:08,2026-08-25,clalit,מעקב הריון-רופא,"ד""ר גרינברג נירית","הצנחנים 20, תל אביב יפו",26.0,תל אביב יפו
2026-07-30 13:03:08,2026-08-26,clalit,מעקב הריון-רופא,"ד""ר כהנא חגית","נירים 3, תל אביב יפו",27.0,תל אביב יפו
2026-07-30 13:03:08,2026-08-26,clalit,מעקב הריון-רופא,"ד""ר טמאיב ליליה","שקד 11, תל אביב יפו",27.0,תל אביב יפו
2026-07-30 13:03:08,2026-08-31,clalit,מעקב הריון-רופא,"ד""ר אלופי נעים ענת","נירים 3, תל אביב יפו",32.0,תל אביב יפו
2026-07-30 13:03:09,2026-09-01,clalit,מעקב הריון-רופא,"ד""ר קרסיק שפלטר מריולה מ","התקומה 23, תל אביב יפו",33.0,תל אביב יפו
2026-07-30 13:03:09,2026-09-01,clalit,מעקב הריון-רופא,"ד""ר מור עומר","אבא אחימאיר 18, תל אביב יפו",33.0,תל אביב יפו
2026-07-30 13:03:09,2026-09-04,clalit,מעקב הריון-רופא,"ד""ר אהרוני פינחס","נירים 3, תל אביב יפו",36.0,תל אביב יפו
2026-07-30 13:03:09,2026-09-06,clalit,מעקב הריון-רופא,"ד""ר זילברברג ערן","אבא אחימאיר 18, תל אביב יפו",38.0,תל אביב יפו
2026-07-30 13:03:09,2026-09-07,clalit,מעקב הריון-רופא,"ד""ר לייבוביץ דיאמנ הילה","אבא אחימאיר 18, תל אביב יפו",39.0,תל אביב יפו
2026-07-30 13:03:09,2026-09-09,clalit,מעקב הריון-רופא,"ד""ר ברקת יונתן חי","נירים 3, תל אביב יפו",41.0,תל אביב יפו
2026-07-30 13:03:09,2026-10-06,clalit,מעקב הריון-רופא,"ד""ר גרינברג נירית","אבא אחימאיר 18, תל אביב יפו",68.0,תל אביב יפו
2026-07-30 13:03:10,2026-10-06,clalit,מעקב הריון-רופא,"ד""ר גונן נעה","נירים 3, תל אביב יפו",68.0,תל אביב יפו
2026-07-30 13:03:10,2026-10-06,clalit,מעקב הריון-רופא,"ד""ר רוסליק ילנה","נירים 3, תל אביב יפו",68.0,תל אביב יפו
2026-07-30 13:03:10,2026-10-06,clalit,מעקב הריון-רופא,"ד""ר רז יעל","ירושלמי 11, תל אביב יפו",68.0,תל אביב יפו
2026-07-30 13:03:10,2026-10-15,clalit,מעקב הריון-רופא,"ד""ר פראג רוזנברג רוני","אבא אחימאיר 18, תל אביב יפו",77.0,תל אביב יפו
2026-07-30 13:03:10,2026-10-18,clalit,מעקב הריון-רופא,"ד""ר זהבי צבי","אבא אחימאיר 18, תל אביב יפו",80.0,תל אביב יפו
2026-07-30 13:03:10,2026-10-20,clalit,מעקב הריון-רופא,"ד""ר אקדם אמיר","אבא אחימאיר 18, תל אביב יפו",82.0,תל אביב יפו
2026-07-30 13:03:10,2026-10-28,clalit,מעקב הריון-רופא,"ד""ר טורם מאיה","נירים 3, תל אביב יפו",90.0,תל אביב יפו
2026-07-30 13:03:11,,clalit,מעקב הריון-רופא,"ד""ר כץ עדי","אבא אחימאיר 18, תל אביב יפו",,תל אביב יפו
2026-07-30 13:03:11,,clalit,מעקב הריון-רופא,"ד""ר אמסטר ראובן","אבא אחימאיר 18, תל אביב יפו",,תל אביב יפו
2026-07-30 13:03:11,,clalit,מעקב הריון-רופא,"ד""ר סולימה אלדר ויקי","אבא אחימאיר 18, תל אביב יפו",,תל אביב יפו
2026-07-30 13:03:11,2026-07-30,clalit,מעקב הריון-רופא,"ד""ר פרוסמושקין רימה","וייצמן 83, כפר סבא",0.0,כפר סבא
2026-07-30 13:03:11,2026-07-30,clalit,מעקב הריון-רופא,"ד""ר שריג מנחם יצח","וייצמן 83, כפר סבא",0.0,כפר סבא
2026-07-30 13:03:11,2026-08-02,clalit,מעקב הריון-רופא,"ד""ר גינגולד אריה","חזון אי''ש 62, בני ברק",3.0,בני ברק
2026-07-30 13:03:11,2026-08-03,clalit,מעקב הריון-רופא,"רופ.בי""ח מעייני היש","חזון אי''ש 62, בני ברק",4.0,בני ברק
2026-07-30 13:03:12,2026-08-03,clalit,מעקב הריון-רופא,"ד""ר גינגולד אריה","דרך זאב ז'בוטינסקי 105, רמת גן",4.0,רמת גן
2026-07-30 13:03:12,2026-08-04,clalit,מעקב הריון-רופא,"ד""ר חיימוב מיכאל","חיים וייצמן 25, אזור",5.0,אזור
2026-07-30 13:03:12,2026-08-04,clalit,מעקב הריון-רופא,"ד""ר חייטוב מיכאל","רבי עקיבא 83, בני ברק",5.0,בני ברק
2026-07-30 13:03:12,2026-08-04,clalit,מעקב הריון-רופא,"ד""ר ברומיקר פריימן תלמה גרס","וייצמן 83, כפר סבא",5.0,כפר סבא
2026-07-30 13:03:12,2026-08-04,clalit,מעקב הריון-רופא,"ד""ר חייקין אלכסנדר","גלבוע 118, אלפי מנשה",5.0,אלפי מנשה
2026-07-30 13:03:12,2026-08-05,clalit,מעקב הריון-רופא,"ד""ר ברומיקר פריימן תלמה גרס","סשה ארגוב 23, רעננה",6.0,רעננה
2026-07-30 13:03:12,2026-08-06,clalit,מעקב הריון-רופא,נשים איכילוב-שפרילנ,"המכבים 75, בני ברק",7.0,בני ברק
2026-07-30 13:03:13,2026-08-09,clalit,מעקב הריון-רופא,"ד""ר פורוטקוב נטליה","שדרות רחבעם 1, קרני שומרון",10.0,קרני שומרון
2026-07-30 13:03:13,2026-08-11,clalit,מעקב הריון-רופא,"ד""ר וייצנר עומר","בן גוריון 22, הרצליה",12.0,הרצליה
2026-07-30 13:03:13,2026-08-11,clalit,מעקב הריון-רופא,"ד""ר מישל אמיר","הנשר 1, רעננה",12.0,רעננה
2026-07-30 13:03:13,2026-08-12,clalit,מעקב הריון-רופא,"ד""ר קוך מיכל זאב",טירה,13.0,טירה
2026-07-30 13:03:13,2026-08-12,clalit,מעקב הריון-רופא,"ד""ר גדעוני יריב שלמ","רפפורט 3, כפר סבא",13.0,כפר סבא
2026-07-30 13:03:13,2026-08-12,clalit,מעקב הריון-רופא,"ד""ר חנוך יוסף","סשה ארגוב 23, רעננה",13.0,רעננה
2026-07-30 13:03:13,2026-08-12,clalit,מעקב הריון-רופא,"ד""ר פורוטקוב נטליה","כיכר רמב''ם, עמנואל",13.0,עמנואל
2026-07-30 13:03:14,2026-08-13,clalit,מעקב הריון-רופא,"ד""ר מסארוה אלנה לקר",טירה,14.0,טירה
2026-07-30 13:03:14,2026-08-13,clalit,מעקב הריון-רופא,"ד""ר וייצנר עומר","וייצמן 83, כפר סבא",14.0,כפר סבא
2026-07-30 13:03:14,2026-08-14,clalit,מעקב הריון-רופא,"ד""ר גרטנר ונטמן ברנרד","וייצמן 83, כפר סבא",15.0,כפר סבא
2026-07-30 13:03:14,2026-08-16,clalit,מעקב הריון-רופא,"ד""ר אוהבה ג'ונתן ס","שדרות מנחם בגין 38, גבעת שמואל",17.0,גבעת שמואל
2026-07-30 13:03:14,2026-08-16,clalit,מעקב הריון-רופא,"ד""ר חייקין אלכסנדר","וייצמן 83, כפר סבא",17.0,כפר סבא
2026-07-30 13:03:14,2026-08-17,clalit,מעקב הריון-רופא,"ד""ר גולד עירן","אריק איינשטיין 1, בת ים",18.0,בת ים
2026-07-30 13:03:14,2026-08-18,clalit,מעקב הריון-רופא,"ד""ר נול שמואל","אריק איינשטיין 1, בת ים",19.0,בת ים
2026-07-30 13:03:14,2026-08-18,clalit,מעקב הריון-רופא,"ד""ר גינגולד אריה","דרך יצחק רבין 53, גבעתיים",19.0,גבעתיים
2026-07-30 13:03:14,2026-08-19,clalit,מעקב הריון-רופא,"ד""ר רביב אשרת","שדרות רחבעם 1, קרני שומרון",20.0,קרני שומרון
2026-07-30 13:03:14,2026-08-19,clalit,מעקב הריון-רופא,"ד""ר פורוטקוב נטליה","יהלום 17, קדומים",20.0,קדומים
2026-07-30 13:03:14,2026-08-20,clalit,מעקב הריון-רופא,"ד""ר טיירי דניאל","אריק איינשטיין 1, בת ים",21.0,בת ים
2026-07-30 13:03:14,2026-08-20,clalit,מעקב הריון-רופא,"ד""ר ויינשטיין סופיה","בן גוריון 22, הרצליה",21.0,הרצליה
2026-07-30 13:03:14,2026-08-23,clalit,מעקב הריון-רופא,"ד""ר קולודיזנר טטיאנה","בן גוריון 22, הרצליה",24.0,הרצליה
2026-07-30 13:03:14,2026-08-24,clalit,מעקב הריון-רופא,"ד""ר אליגר נלי","רפאל איתן 4, חולון",25.0,חולון
2026-07-30 13:03:15,2026-08-25,clalit,מעקב הריון-רופא,"ד""ר שרפוב טטיאנה","בזלת 7, כוכב יאיר",26.0,כוכב יאיר
2026-07-30 13:03:15,2026-08-31,clalit,מעקב הריון-רופא,"ד""ר וולפרט אלדר","רפאל איתן 4, חולון",32.0,חולון
2026-07-30 13:03:15,2026-08-31,clalit,מעקב הריון-רופא,פרופ' מזרחי יוסף,"רפאל איתן 4, חולון",32.0,חולון
2026-07-30 13:03:15,2026-08-31,clalit,מעקב הריון-רופא,"ד""ר רונה שירן","רפאל איתן 4, חולון",32.0,חולון
2026-07-30 13:03:15,2026-09-01,clalit,מעקב הריון-רופא,"ד""ר רוק מיכל","רפאל איתן 4, חולון",33.0,חולון
2026-07-30 13:03:15,2026-09-01,clalit,מעקב הריון-רופא,"ד""ר זלוטניקובה יוליה","דרך בן גוריון 13, בני ברק",33.0,בני ברק
2026-07-30 13:03:15,2026-09-02,clalit,מעקב הריון-רופא,"ד""ר אבנט חגי","בן גוריון 22, הרצליה",34.0,הרצליה
2026-07-30 13:03:16,2026-09-03,clalit,מעקב הריון-רופא,"ד""ר ברוכין אוהד","רפאל איתן 4, חולון",35.0,חולון
2026-07-30 13:03:16,2026-09-03,clalit,מעקב הריון-רופא,"ד""ר סגל הילה","רפאל איתן 4, חולון",35.0,חולון
2026-07-30 13:03:16,2026-09-03,clalit,מעקב הריון-רופא,"ד""ר שרפוב טטיאנה","וייצמן 83, כפר סבא",35.0,כפר סבא
2026-07-30 13:03:16,2026-09-06,clalit,מעקב הריון-רופא,"ד""ר פריד סימה","סשה ארגוב 23, רעננה",38.0,רעננה
2026-07-30 13:03:16,2026-09-07,clalit,מעקב הריון-רופא,"ד""ר ברקרסקי יקירה","אריק איינשטיין 1, בת ים",39.0,בת ים
2026-07-30 13:03:16,2026-09-07,clalit,מעקב הריון-רופא,"ד""ר קידר רן","רפאל איתן 4, חולון",39.0,חולון
2026-07-30 13:03:16,2026-09-08,clalit,מעקב הריון-רופא,"ד""ר חיימוב מיכאל","אריק איינשטיין 1, בת ים",40.0,בת ים
2026-07-30 13:03:17,2026-09-08,clalit,מעקב הריון-רופא,"ד""ר וינשטיין עדי","המכבים 75, בני ברק",40.0,בני ברק
2026-07-30 13:03:17,2026-09-08,clalit,מעקב הריון-רופא,"ד""ר טריגרמן שי","דרך זאב ז'בוטינסקי 105, רמת גן",40.0,רמת גן
2026-07-30 13:03:17,2026-09-08,clalit,מעקב הריון-רופא,"ד""ר כץ טטיאנה","סשה ארגוב 23, רעננה",40.0,רעננה
2026-07-30 13:03:17,2026-09-15,clalit,מעקב הריון-רופא,"ד""ר פייט קורן חגית","בן גוריון 22, הרצליה",47.0,הרצליה
2026-07-30 13:03:17,2026-09-16,clalit,מעקב הריון-רופא,"ד""ר קליינר איליה","רפאל איתן 4, חולון",48.0,חולון
2026-07-30 13:03:17,2026-09-22,clalit,מעקב הריון-רופא,"ד""ר בן ציון מאיה","בן גוריון 22, הרצליה",54.0,הרצליה
2026-07-30 13:03:17,2026-10-04,clalit,מעקב הריון-רופא,"ד""ר זיידין אנה","אריק איינשטיין 1, בת ים",66.0,בת ים
2026-07-30 13:03:18,2026-10-04,clalit,מעקב הריון-רופא,"ד""ר שלו אמיר","רפאל איתן 4, חולון",66.0,חולון
2026-07-30 13:03:18,2026-10-04,clalit,מעקב הריון-רופא,"ד""ר קוך מיכל זאב","וייצמן 83, כפר סבא",66.0,כפר סבא
2026-07-30 13:03:18,2026-10-05,clalit,מעקב הריון-רופא,"ד""ר סגל הילה","חיים וייצמן 25, אזור",67.0,אזור
2026-07-30 13:03:18,2026-10-12,clalit,מעקב הריון-רופא,פרופ' נחום רוית,"חזון אי''ש 62, בני ברק",74.0,בני ברק
2026-07-30 13:03:18,2026-10-16,clalit,מעקב הריון-רופא,"ד""ר ונד סוזאנה","בן גוריון 22, הרצליה",78.0,הרצליה
2026-07-30 13:03:18,2026-10-18,clalit,מעקב הריון-רופא,"ד""ר ורניקובסקי גבריאלה","רפאל איתן 4, חולון",80.0,חולון
2026-07-30 13:03:18,2026-10-20,clalit,מעקב הריון-רופא,"ד""ר דבש שירה","צבי הרלינג 6, בני ברק",82.0,בני ברק
2026-07-30 13:03:19,2026-10-28,clalit,מעקב הריון-רופא,"ד""ר ויזל אילנה","שדרות מנחם בגין 38, גבעת שמואל",90.0,גבעת שמואל
2026-07-30 13:03:19,,clalit,מעקב הריון-רופא,"ד""ר קרסיק שפלטר מריולה מ","אריק איינשטיין 1, בת ים",,בת ים
2026-07-30 13:03:19,,clalit,מעקב הריון-רופא,"ד""ר מונייר סמירה","אריק איינשטיין 1, בת ים",,בת ים
2026-07-30 13:03:19,,clalit,מעקב הריון-רופא,"ד""ר מימוני גלית","חזון אי''ש 62, בני ברק",,בני ברק
2026-07-30 13:03:19,,clalit,מעקב הריון-רופא,"ד""ר משיח פרידלר ירדנה בת","בן גוריון 22, הרצליה",,הרצליה
2026-07-30 13:03:21,2026-08-02,clalit,נשים-תכנון משפחה/התק,פרופ' לוי מיכל,"התקומה 23, תל אביב יפו",3.0,תל אביב יפו
2026-07-30 13:03:21,2026-08-02,clalit,נשים-תכנון משפחה/התק,"ד""ר גרוס יעקב","אליהו ברלין 13, תל אביב יפו",3.0,תל אביב יפו
2026-07-30 13:03:21,2026-08-03,clalit,נשים-תכנון משפחה/התק,"ד""ר דקל איל","אבא אחימאיר 18, תל אביב יפו",4.0,תל אביב יפו
2026-07-30 13:03:21,2026-08-06,clalit,נשים-תכנון משפחה/התק,"ד""ר גולד רונן שמו","אבא אחימאיר 18, תל אביב יפו",7.0,תל אביב יפו
2026-07-30 13:03:21,2026-08-10,clalit,נשים-תכנון משפחה/התק,"ד""ר נול שמואל","אמסטרדם 9, תל אביב יפו",11.0,תל אביב יפו
2026-07-30 13:03:21,2026-08-12,clalit,נשים-תכנון משפחה/התק,פרופ' לוריא שמואל,"אבא אחימאיר 18, תל אביב יפו",13.0,תל אביב יפו
2026-07-30 13:03:21,2026-08-13,clalit,נשים-תכנון משפחה/התק,"ד""ר סיגל יעקב","אריסטובולוס 2, תל אביב יפו",14.0,תל אביב יפו
2026-07-30 13:03:22,2026-08-19,clalit,נשים-תכנון משפחה/התק,"ד""ר בוצן אמנון","אבא אחימאיר 18, תל אביב יפו",20.0,תל אביב יפו
2026-07-30 13:03:22,2026-08-20,clalit,נשים-תכנון משפחה/התק,"ד""ר גרוס לוטם","מקור חיים 35, תל אביב יפו",21.0,תל אביב יפו
2026-07-30 13:03:22,2026-08-20,clalit,נשים-תכנון משפחה/התק,"ד""ר אלדר עידו","אבא אחימאיר 18, תל אביב יפו",21.0,תל אביב יפו
2026-07-30 13:03:22,2026-08-20,clalit,נשים-תכנון משפחה/התק,"ד""ר ירושלמי גיל מרדכ","אהרון בקר 8, תל אביב יפו",21.0,תל אביב יפו
2026-07-30 13:03:22,2026-08-25,clalit,נשים-תכנון משפחה/התק,"ד""ר טמאיב ליליה","מקור חיים 35, תל אביב יפו",26.0,תל אביב יפו
2026-07-30 13:03:22,2026-08-25,clalit,נשים-תכנון משפחה/התק,"ד""ר ארליך אורי","אבא אחימאיר 18, תל אביב יפו",26.0,תל אביב יפו
2026-07-30 13:03:22,2026-08-25,clalit,נשים-תכנון משפחה/התק,"ד""ר טיירי דניאל","דרך שלמה 43, תל אביב יפו",26.0,תל אביב יפו
2026-07-30 13:03:23,2026-08-25,clalit,נשים-תכנון משפחה/התק,"ד""ר גרינברג נירית","הצנחנים 20, תל אביב יפו",26.0,תל אביב יפו
2026-07-30 13:03:23,2026-08-26,clalit,נשים-תכנון משפחה/התק,"ד""ר כהנא חגית","נירים 3, תל אביב יפו",27.0,תל אביב יפו
2026-07-30 13:03:23,2026-08-26,clalit,נשים-תכנון משפחה/התק,"ד""ר טמאיב ליליה","שקד 11, תל אביב יפו",27.0,תל אביב יפו
2026-07-30 13:03:23,2026-08-31,clalit,נשים-תכנון משפחה/התק,"ד""ר אלופי נעים ענת","נירים 3, תל אביב יפו",32.0,תל אביב יפו
2026-07-30 13:03:23,2026-09-01,clalit,נשים-תכנון משפחה/התק,"ד""ר קרסיק שפלטר מריולה מ","התקומה 23, תל אביב יפו",33.0,תל אביב יפו
2026-07-30 13:03:23,2026-09-01,clalit,נשים-תכנון משפחה/התק,"ד""ר מור עומר","אבא אחימאיר 18, תל אביב יפו",33.0,תל אביב יפו
2026-07-30 13:03:23,2026-09-04,clalit,נשים-תכנון משפחה/התק,"ד""ר אהרוני פינחס","נירים 3, תל אביב יפו",36.0,תל אביב יפו
2026-07-30 13:03:24,2026-09-06,clalit,נשים-תכנון משפחה/התק,"ד""ר זילברברג ערן","אבא אחימאיר 18, תל אביב יפו",38.0,תל אביב יפו
2026-07-30 13:03:24,2026-09-09,clalit,נשים-תכנון משפחה/התק,"ד""ר ברקת יונתן חי","נירים 3, תל אביב יפו",41.0,תל אביב יפו
2026-07-30 13:03:24,2026-10-06,clalit,נשים-תכנון משפחה/התק,"ד""ר גרינברג נירית","אבא אחימאיר 18, תל אביב יפו",68.0,תל אביב יפו
2026-07-30 13:03:24,2026-10-06,clalit,נשים-תכנון משפחה/התק,"ד""ר גונן נעה","נירים 3, תל אביב יפו",68.0,תל אביב יפו
2026-07-30 13:03:24,2026-10-06,clalit,נשים-תכנון משפחה/התק,"ד""ר רוסליק ילנה","נירים 3, תל אביב יפו",68.0,תל אביב יפו
2026-07-30 13:03:24,2026-10-15,clalit,נשים-תכנון משפחה/התק,"ד""ר פראג רוזנברג רוני","אבא אחימאיר 18, תל אביב יפו",77.0,תל אביב יפו
2026-07-30 13:03:24,2026-10-18,clalit,נשים-תכנון משפחה/התק,"ד""ר זהבי צבי","אבא אחימאיר 18, תל אביב יפו",80.0,תל אביב יפו
2026-07-30 13:03:25,2026-10-20,clalit,נשים-תכנון משפחה/התק,"ד""ר אקדם אמיר","אבא אחימאיר 18, תל אביב יפו",82.0,תל אביב יפו
2026-07-30 13:03:25,2026-10-28,clalit,נשים-תכנון משפחה/התק,"ד""ר טורם מאיה","נירים 3, תל אביב יפו",90.0,תל אביב יפו
2026-07-30 13:03:25,,clalit,נשים-תכנון משפחה/התק,"ד""ר כץ עדי","אבא אחימאיר 18, תל אביב יפו",,תל אביב יפו
2026-07-30 13:03:25,,clalit,נשים-תכנון משפחה/התק,"ד""ר סולימה אלדר ויקי","אבא אחימאיר 18, תל אביב יפו",,תל אביב יפו
2026-07-30 13:03:25,2026-07-30,clalit,נשים-תכנון משפחה/התק,"ד""ר פרוסמושקין רימה","וייצמן 83, כפר סבא",0.0,כפר סבא
2026-07-30 13:03:25,2026-07-30,clalit,נשים-תכנון משפחה/התק,"ד""ר שריג מנחם יצח","וייצמן 83, כפר סבא",0.0,כפר סבא
2026-07-30 13:03:25,2026-08-02,clalit,נשים-תכנון משפחה/התק,"ד""ר ביטמן גנדי","בן גוריון 22, הרצליה",3.0,הרצליה
2026-07-30 13:03:26,2026-08-04,clalit,נשים-תכנון משפחה/התק,"ד""ר חיימוב מיכאל","חיים וייצמן 25, אזור",5.0,אזור
2026-07-30 13:03:26,2026-08-04,clalit,נשים-תכנון משפחה/התק,"ד""ר ברומיקר פריימן תלמה גרס","וייצמן 83, כפר סבא",5.0,כפר סבא
2026-07-30 13:03:26,2026-08-04,clalit,נשים-תכנון משפחה/התק,"ד""ר חייקין אלכסנדר","גלבוע 118, אלפי מנשה",5.0,אלפי מנשה
2026-07-30 13:03:26,2026-08-05,clalit,נשים-תכנון משפחה/התק,"ד""ר ברומיקר פריימן תלמה גרס","סשה ארגוב 23, רעננה",6.0,רעננה
2026-07-30 13:03:26,2026-08-09,clalit,נשים-תכנון משפחה/התק,"רופא בי""ח","בן גוריון 22, הרצליה",10.0,הרצליה
2026-07-30 13:03:26,2026-08-09,clalit,נשים-תכנון משפחה/התק,"ד""ר טל אורי","בזלת 7, כוכב יאיר",10.0,כוכב יאיר
2026-07-30 13:03:26,2026-08-09,clalit,נשים-תכנון משפחה/התק,"ד""ר פורוטקוב נטליה","שדרות רחבעם 1, קרני שומרון",10.0,קרני שומרון
2026-07-30 13:03:27,2026-08-11,clalit,נשים-תכנון משפחה/התק,"ד""ר וייצנר עומר","בן גוריון 22, הרצליה",12.0,הרצליה
2026-07-30 13:03:27,2026-08-11,clalit,נשים-תכנון משפחה/התק,"ד""ר טל אורי","בן גוריון 22, הרצליה",12.0,הרצליה
2026-07-30 13:03:27,2026-08-11,clalit,נשים-תכנון משפחה/התק,"ד""ר מישל אמיר","הנשר 1, רעננה",12.0,רעננה
2026-07-30 13:03:27,2026-08-12,clalit,נשים-תכנון משפחה/התק,"ד""ר גדעוני יריב שלמ","רפפורט 3, כפר סבא",13.0,כפר סבא
2026-07-30 13:03:27,2026-08-12,clalit,נשים-תכנון משפחה/התק,"ד""ר חנוך יוסף","סשה ארגוב 23, רעננה",13.0,רעננה
2026-07-30 13:03:27,2026-08-12,clalit,נשים-תכנון משפחה/התק,"ד""ר פורוטקוב נטליה","כיכר רמב''ם, עמנואל",13.0,עמנואל
2026-07-30 13:03:27,2026-08-13,clalit,נשים-תכנון משפחה/התק,"ד""ר וייצנר עומר","וייצמן 83, כפר סבא",14.0,כפר סבא
2026-07-30 13:03:28,2026-08-14,clalit,נשים-תכנון משפחה/התק,"ד""ר גרטנר ונטמן ברנרד","וייצמן 83, כפר סבא",15.0,כפר סבא
2026-07-30 13:03:28,2026-08-16,clalit,נשים-תכנון משפחה/התק,"ד""ר חייקין אלכסנדר","וייצמן 83, כפר סבא",17.0,כפר סבא
2026-07-30 13:03:28,2026-08-17,clalit,נשים-תכנון משפחה/התק,"ד""ר גולד עירן","אריק איינשטיין 1, בת ים",18.0,בת ים
2026-07-30 13:03:28,2026-08-18,clalit,נשים-תכנון משפחה/התק,"ד""ר נול שמואל","אריק איינשטיין 1, בת ים",19.0,בת ים
2026-07-30 13:03:28,2026-08-19,clalit,נשים-תכנון משפחה/התק,"ד""ר רביב אשרת","שדרות רחבעם 1, קרני שומרון",20.0,קרני שומרון
2026-07-30 13:03:28,2026-08-19,clalit,נשים-תכנון משפחה/התק,"ד""ר פורוטקוב נטליה","יהלום 17, קדומים",20.0,קדומים
2026-07-30 13:03:28,2026-08-20,clalit,נשים-תכנון משפחה/התק,"ד""ר טיירי דניאל","אריק איינשטיין 1, בת ים",21.0,בת ים
2026-07-30 13:03:29,2026-08-20,clalit,נשים-תכנון משפחה/התק,"ד""ר ויינשטיין סופיה","בן גוריון 22, הרצליה",21.0,הרצליה
2026-07-30 13:03:29,2026-08-24,clalit,נשים-תכנון משפחה/התק,"ד""ר אליגר נלי","רפאל איתן 4, חולון",25.0,חולון
2026-07-30 13:03:29,2026-08-25,clalit,נשים-תכנון משפחה/התק,"ד""ר שרייבר חנוך","וייצמן 83, כפר סבא",26.0,כפר סבא
2026-07-30 13:03:29,2026-08-25,clalit,נשים-תכנון משפחה/התק,"ד""ר שרפוב טטיאנה","בזלת 7, כוכב יאיר",26.0,כוכב יאיר
2026-07-30 13:03:29,2026-08-27,clalit,נשים-תכנון משפחה/התק,"ד""ר קידר לירון","בן גוריון 22, הרצליה",28.0,הרצליה
2026-07-30 13:03:29,2026-08-31,clalit,נשים-תכנון משפחה/התק,"ד""ר וולפרט אלדר","רפאל איתן 4, חולון",32.0,חולון
2026-07-30 13:03:29,2026-08-31,clalit,נשים-תכנון משפחה/התק,פרופ' מזרחי יוסף,"רפאל איתן 4, חולון",32.0,חולון
2026-07-30 13:03:30,2026-08-31,clalit,נשים-תכנון משפחה/התק,"ד""ר רונה שירן","רפאל איתן 4, חולון",32.0,חולון
2026-07-30 13:03:30,2026-09-01,clalit,נשים-תכנון משפחה/התק,"ד""ר רוק מיכל","רפאל איתן 4, חולון",33.0,חולון
2026-07-30 13:03:30,2026-09-03,clalit,נשים-תכנון משפחה/התק,"ד""ר ברוכין אוהד","רפאל איתן 4, חולון",35.0,חולון
2026-07-30 13:03:30,2026-09-03,clalit,נשים-תכנון משפחה/התק,"ד""ר סגל הילה","רפאל איתן 4, חולון",35.0,חולון
2026-07-30 13:03:30,2026-09-03,clalit,נשים-תכנון משפחה/התק,"ד""ר שרפוב טטיאנה","וייצמן 83, כפר סבא",35.0,כפר סבא
2026-07-30 13:03:30,2026-09-06,clalit,נשים-תכנון משפחה/התק,"ד""ר פריד סימה","סשה ארגוב 23, רעננה",38.0,רעננה
2026-07-30 13:03:30,2026-09-07,clalit,נשים-תכנון משפחה/התק,"ד""ר ברקרסקי יקירה","אריק איינשטיין 1, בת ים",39.0,בת ים
2026-07-30 13:03:31,2026-09-07,clalit,נשים-תכנון משפחה/התק,"ד""ר קידר רן","רפאל איתן 4, חולון",39.0,חולון
2026-07-30 13:03:31,2026-09-07,clalit,נשים-תכנון משפחה/התק,יגור יעל,"סשה ארגוב 23, רעננה",39.0,רעננה
2026-07-30 13:03:31,2026-09-08,clalit,נשים-תכנון משפחה/התק,"ד""ר חיימוב מיכאל","אריק איינשטיין 1, בת ים",40.0,בת ים
2026-07-30 13:03:31,2026-09-08,clalit,נשים-תכנון משפחה/התק,"ד""ר הויזלר ישי","נחל קנה 9, צור יצחק",40.0,צור יצחק
2026-07-30 13:03:31,2026-09-08,clalit,נשים-תכנון משפחה/התק,"ד""ר כץ טטיאנה","סשה ארגוב 23, רעננה",40.0,רעננה
2026-07-30 13:03:31,2026-09-16,clalit,נשים-תכנון משפחה/התק,"ד""ר קליינר איליה","רפאל איתן 4, חולון",48.0,חולון
2026-07-30 13:03:31,2026-09-16,clalit,נשים-תכנון משפחה/התק,"ד""ר ענבר שמואל","סשה ארגוב 23, רעננה",48.0,רעננה
2026-07-30 13:03:32,2026-09-22,clalit,נשים-תכנון משפחה/התק,"ד""ר בן ציון מאיה","בן גוריון 22, הרצליה",54.0,הרצליה
2026-07-30 13:03:32,2026-10-04,clalit,נשים-תכנון משפחה/התק,"ד""ר זיידין אנה","אריק איינשטיין 1, בת ים",66.0,בת ים
2026-07-30 13:03:32,2026-10-04,clalit,נשים-תכנון משפחה/התק,"ד""ר שלו אמיר","רפאל איתן 4, חולון",66.0,חולון
2026-07-30 13:03:32,2026-10-04,clalit,נשים-תכנון משפחה/התק,"ד""ר קוך מיכל זאב","וייצמן 83, כפר סבא",66.0,כפר סבא
2026-07-30 13:03:32,2026-10-05,clalit,נשים-תכנון משפחה/התק,"ד""ר סגל הילה","חיים וייצמן 25, אזור",67.0,אזור
2026-07-30 13:03:32,2026-10-14,clalit,נשים-תכנון משפחה/התק,"ד""ר בוגין גרינפילד רונה","סשה ארגוב 23, רעננה",76.0,רעננה
2026-07-30 13:03:32,2026-10-18,clalit,נשים-תכנון משפחה/התק,"ד""ר ורניקובסקי גבריאלה","רפאל איתן 4, חולון",80.0,חולון
2026-07-30 13:03:33,,clalit,נשים-תכנון משפחה/התק,"ד""ר קרסיק שפלטר מריולה מ","אריק איינשטיין 1, בת ים",,בת ים
2026-07-30 13:03:33,,clalit,נשים-תכנון משפחה/התק,"ד""ר מונייר סמירה","אריק איינשטיין 1, בת ים",,בת ים
2026-07-30 13:03:33,,clalit,נשים-תכנון משפחה/התק,"ד""ר פייט קורן חגית","בן גוריון 22, הרצליה",,הרצליה
2026-07-30 13:03:33,,clalit,נשים-תכנון משפחה/התק,"ד""ר אבנט חגי","בן גוריון 22, הרצליה",,הרצליה
2026-07-30 13:03:33,,clalit,נשים-תכנון משפחה/התק,"ד""ר משיח פרידלר ירדנה בת","בן גוריון 22, הרצליה",,הרצליה
2026-07-30 13:03:33,,clalit,נשים-תכנון משפחה/התק,"ד""ר קולודיזנר טטיאנה","בן גוריון 22, הרצליה",,הרצליה
2026-07-30 13:03:33,,clalit,נשים-תכנון משפחה/התק,"ד""ר עובדיה מיכל חנה","וייצמן 83, כפר סבא",,כפר סבא
2026-07-30 13:03:38,2026-08-11,clalit,"רפואת להט""ב","ד""ר יודוביץ דרור","דרך זאב ז'בוטינסקי 105, רמת גן",12.0,רמת גן
2026-07-30 13:03:38,2026-09-08,clalit,"רפואת להט""ב","ד""ר לנקרי נטע","הנדיב 71, הרצליה",40.0,הרצליה
2026-07-30 13:03:41,2026-10-26,clalit,דיאטה,ספיר יפית,"דרך שלמה 43, תל אביב יפו",88.0,תל אביב יפו
2026-07-30 13:03:41,,clalit,דיאטה,בן עמי מירה,"יד המעביר 22, תל אביב יפו",,תל אביב יפו
2026-07-30 13:03:41,,clalit,דיאטה,גולדמן בילי,"התקומה 23, תל אביב יפו",,תל אביב יפו
2026-07-30 13:03:41,,clalit,דיאטה,לנטנר טל,"בן יהודה 29, תל אביב יפו",,תל אביב יפו
2026-07-30 13:03:41,,clalit,דיאטה,טל דנה,"אבן גבירול 124, תל אביב יפו",,תל אביב יפו
2026-07-30 13:03:41,,clalit,דיאטה,סימנוביץ מיתר,"אבן גבירול 124, תל אביב יפו",,תל אביב יפו
2026-07-30 13:03:41,,clalit,דיאטה,פסח עינבל,"אבן גבירול 124, תל אביב יפו",,תל אביב יפו
2026-07-30 13:03:42,,clalit,דיאטה,בן שושן לי,"אבן גבירול 124, תל אביב יפו",,תל אביב יפו
2026-07-30 13:03:42,,clalit,דיאטה,פסח עינבל,"דב הוז 1, תל אביב יפו",,תל אביב יפו
2026-07-30 13:03:42,,clalit,דיאטה,מאור  שרון,"אברהם גייגר 7, תל אביב יפו",,תל אביב יפו
2026-07-30 13:03:42,,clalit,דיאטה,חייג(חבושה) אוסנת,"הצבי 9, תל אביב יפו",,תל אביב יפו
2026-07-30 13:03:42,,clalit,דיאטה,חייג(חבושה) אוסנת,"שדרות יד לבנים 35, תל אביב יפו",,תל אביב יפו
2026-07-30 13:03:42,,clalit,דיאטה,אורלנד סתו,"שדרות ישראל גורי 39, תל אביב יפו",,תל אביב יפו
2026-07-30 13:03:42,,clalit,דיאטה,ספיר יפית,"שדרות יהודית 18, תל אביב יפו",,תל אביב יפו
2026-07-30 13:03:43,,clalit,דיאטה,וולף אופיר אפרת,"שקד 11, תל אביב יפו",,תל אביב יפו
2026-07-30 13:03:43,,clalit,דיאטה,בן שושן לי,"שקד 11, תל אביב יפו",,תל אביב יפו
2026-07-30 13:03:43,2026-08-16,clalit,דיאטה,כחלון נויה,"עלי הכהן 13, בני ברק",17.0,בני ברק
2026-07-30 13:03:43,2026-09-08,clalit,דיאטה,ענת הרו,"כיכר רמב''ם, עמנואל",40.0,עמנואל
2026-07-30 13:03:43,2026-09-09,clalit,דיאטה,יארה גזאוי,"א תופאח, טירה",41.0,טירה
2026-07-30 13:03:43,2026-09-10,clalit,דיאטה,יארה גזאוי,"טארק עבד אל חי, טירה",42.0,טירה
2026-07-30 13:03:43,2026-09-14,clalit,דיאטה,וינברג שגיא,"רחל 14, גבעתיים",46.0,גבעתיים
2026-07-30 13:03:44,2026-09-14,clalit,דיאטה,ענת הרו,"שדרות רחבעם 1, קרני שומרון",46.0,קרני שומרון
2026-07-30 13:03:44,2026-09-15,clalit,דיאטה,ענת הרו,"יהלום 17, קדומים",47.0,קדומים
2026-07-30 13:03:44,2026-09-16,clalit,דיאטה,בן נאים לי,"רחל 14, גבעתיים",48.0,גבעתיים
2026-07-30 13:03:44,2026-09-17,clalit,דיאטה,סרוסי מרב שושנה,"רבי עקיבא 83, בני ברק",49.0,בני ברק
2026-07-30 13:03:44,2026-09-18,clalit,דיאטה,קמר טיבי,"טארק עבד אל חי, טירה",50.0,טירה
2026-07-30 13:03:44,2026-09-23,clalit,דיאטה,כהן זוהר,"הרצל 34, רמת גן",55.0,רמת גן
2026-07-30 13:03:44,2026-09-23,clalit,דיאטה,פלם רוני,"רבי עקיבא 83, בני ברק",55.0,בני ברק
2026-07-30 13:03:45,2026-09-27,clalit,דיאטה,פרישמן טליה,"הרצל 34, רמת גן",59.0,רמת גן
2026-07-30 13:03:45,2026-09-29,clalit,דיאטה,מגל הילי,"הרצל 34, רמת גן",61.0,רמת גן
2026-07-30 13:03:45,2026-09-30,clalit,דיאטה,מגל הילי,"הרב כהנמן 136, בני ברק",62.0,בני ברק
2026-07-30 13:03:45,2026-09-30,clalit,דיאטה,מזוז נועה,"קפלן 9, רמת גן",62.0,רמת גן
2026-07-30 13:03:45,2026-10-01,clalit,דיאטה,בן נאים לי,"דרך יצחק רבין 53, גבעתיים",63.0,גבעתיים
2026-07-30 13:03:45,2026-10-05,clalit,דיאטה,כחלון נויה,"הרצל 34, רמת גן",67.0,רמת גן
2026-07-30 13:03:45,2026-10-07,clalit,דיאטה,כהן טאוב אורטל,"הרצל 34, רמת גן",69.0,רמת גן
2026-07-30 13:03:46,2026-10-08,clalit,דיאטה,אשכנזי ירדן,"דרך זאב ז'בוטינסקי 105, רמת גן",70.0,רמת גן
2026-07-30 13:03:46,2026-10-13,clalit,דיאטה,פרי מיכאל,"רבי עקיבא 83, בני ברק",75.0,בני ברק
2026-07-30 13:03:46,2026-10-19,clalit,דיאטה,זליג שירי,"דרך זאב ז'בוטינסקי 105, רמת גן",81.0,רמת גן
2026-07-30 13:03:46,2026-10-26,clalit,דיאטה,פרישמן טליה,"דרך יצחק רבין 53, גבעתיים",88.0,גבעתיים
2026-07-30 13:03:46,2026-10-26,clalit,דיאטה,טל גליקמן טל,"הנוטרים 7, רעננה",88.0,רעננה
2026-07-30 13:03:46,2026-11-01,clalit,דיאטה,לזר גולדנבלום עדי,"שדרות מנחם בגין 38, גבעת שמואל",94.0,גבעת שמואל
2026-07-30 13:03:46,2026-11-01,clalit,דיאטה,ברקמן אליה,"אליעזר יפה 8, רעננה",94.0,רעננה
2026-07-30 13:03:47,,clalit,דיאטה,אורלנד סתו,"האשל 2, חולון",,חולון
2026-07-30 13:03:47,,clalit,דיאטה,פילר ילנה,"הרב ניסנבאום 33, בת ים",,בת ים
2026-07-30 13:03:47,,clalit,דיאטה,אורון בת-אל,"הרב ניסנבאום 33, בת ים",,בת ים
2026-07-30 13:03:47,,clalit,דיאטה,בטיש טל,"הרב ניסנבאום 33, בת ים",,בת ים
2026-07-30 13:03:47,,clalit,דיאטה,אליהו נטע,"הרב ניסנבאום 33, בת ים",,בת ים
2026-07-30 13:03:47,,clalit,דיאטה,אסולין ונדה,"נעמי שמר 15, חולון",,חולון
2026-07-30 13:03:47,,clalit,דיאטה,גולדמן בילי,"נעמי שמר 15, חולון",,חולון
2026-07-30 13:03:48,,clalit,דיאטה,אורון בת-אל,"שאלתיאל דוד 16, חולון",,חולון
2026-07-30 13:03:48,,clalit,דיאטה,וולף אופיר אפרת,"הסנהדרין 25, חולון",,חולון
2026-07-30 13:03:48,,clalit,דיאטה,בטיש טל,"סטרומה 3, בת ים",,בת ים
2026-07-30 13:03:48,,clalit,דיאטה,לנגברג מיכל,"ששת הימים 6, חולון",,חולון
2026-07-30 13:03:48,,clalit,דיאטה,גולן יונית,"הרצל 34, רמת גן",,רמת גן
2026-07-30 13:03:48,,clalit,דיאטה,פרישמן טליה,"רחל 14, גבעתיים",,גבעתיים
2026-07-30 13:03:48,,clalit,דיאטה,נועה לואיסה ברמן,"חרושת 18, רמת השרון",,רמת השרון
2026-07-30 13:03:49,,clalit,דיאטה,קרן סלוצקי מינדלין,"טשרניחובסקי 4, הרצליה",,הרצליה
2026-07-30 13:03:49,,clalit,דיאטה,ליהי קאופמן,"המעפילים 5, כפר סבא",,כפר סבא
2026-07-30 13:03:49,,clalit,דיאטה,ויסברג רונית,"בן גוריון 43, כפר סבא",,כפר סבא
2026-07-30 13:03:49,,clalit,דיאטה,שלם רינת,"בן גוריון 43, כפר סבא",,כפר סבא
2026-07-30 13:03:49,,clalit,דיאטה,ענת הרו,"בזלת 7, כוכב יאיר",,כוכב יאיר
2026-07-30 13:03:49,,clalit,דיאטה,מירב רבר,"הגליל 5, כפר סבא",,כפר סבא
2026-07-30 13:03:49,,clalit,דיאטה,טיברג שרון,"בית הלל 6, רמת השרון",,רמת השרון
2026-07-30 13:03:50,,clalit,דיאטה,מרטין סוסוביץ,"רפפורט 3, כפר סבא",,כפר סבא
2026-07-30 13:03:50,,clalit,דיאטה,שרון ברקה,"סשה ארגוב 23, רעננה",,רעננה
2026-07-30 13:03:50,,clalit,דיאטה,ענת הרו,"גלבוע 118, אלפי מנשה",,אלפי מנשה
2026-07-30 13:03:50,,clalit,דיאטה,לוטם הופמן,"הפועל 22, הרצליה",,הרצליה
2026-07-30 13:03:50,,clalit,דיאטה,מרטין סוסוביץ,"רמב''ם 1, הרצליה",,הרצליה
2026-07-30 13:03:50,,clalit,תזונה דיאטה - און לי,וסרמן ליהי,תל אביב יפו,,תל אביב יפו
2026-07-30 13:03:50,,clalit,תזונה דיאטה - און לי,גולדמן בילי,תל אביב יפו,,תל אביב יפו
2026-07-30 13:03:52,2026-10-15,clalit,דיאטה נפרולוגיה (כלי,בן עמי מירה,"אבן גבירול 124, תל אביב יפו",77.0,תל אביב יפו
2026-07-30 13:03:52,2026-10-15,clalit,דיאטה נפרולוגיה (כלי,לנטנר טל,"אבן גבירול 124, תל אביב יפו",77.0,תל אביב יפו
2026-07-30 13:03:52,2026-10-21,clalit,דיאטה נפרולוגיה (כלי,מילר הגר,"אבן גבירול 124, תל אביב יפו",83.0,תל אביב יפו
2026-07-30 13:03:52,,clalit,דיאטה נפרולוגיה (כלי,בן עמי מירה,"יד המעביר 22, תל אביב יפו",,תל אביב יפו
2026-07-30 13:03:52,,clalit,דיאטה נפרולוגיה (כלי,לנטנר טל,"בן יהודה 29, תל אביב יפו",,תל אביב יפו
2026-07-30 13:03:52,2026-09-17,clalit,דיאטה נפרולוגיה (כלי,סרוסי מרב שושנה,"רבי עקיבא 83, בני ברק",49.0,בני ברק
2026-07-30 13:03:52,2026-10-11,clalit,דיאטה נפרולוגיה (כלי,לנטנר טל,"הרב ניסנבאום 33, בת ים",73.0,בת ים
2026-07-30 13:03:53,2026-10-13,clalit,דיאטה נפרולוגיה (כלי,פרי מיכאל,"רבי עקיבא 83, בני ברק",75.0,בני ברק
2026-07-30 13:03:53,2026-10-18,clalit,דיאטה נפרולוגיה (כלי,מילר הגר,"הרב ניסנבאום 33, בת ים",80.0,בת ים
2026-07-30 13:03:53,2026-10-26,clalit,דיאטה נפרולוגיה (כלי,בן עמי מירה,"הרב ניסנבאום 33, בת ים",88.0,בת ים
2026-07-30 13:03:53,,clalit,דיאטה נפרולוגיה (כלי,גולן יונית,"הרצל 34, רמת גן",,רמת גן
2026-07-30 13:03:53,,clalit,דיאטה נפרולוגיה (כלי,מרטין סוסוביץ,"רמב''ם 1, הרצליה",,הרצליה
2026-07-30 13:03:54,2026-08-02,clalit,דיאטה סכרת - אינסולי,גבע-גורלניק נורית,"אבן גבירול 124, תל אביב יפו",3.0,תל אביב יפו
2026-07-30 13:03:54,2026-10-15,clalit,דיאטה סכרת - אינסולי,לנטנר טל,"אבן גבירול 124, תל אביב יפו",77.0,תל אביב יפו
2026-07-30 13:03:54,,clalit,דיאטה סכרת - אינסולי,פסח עינבל,"אבן גבירול 124, תל אביב יפו",,תל אביב יפו
2026-07-30 13:03:54,,clalit,דיאטה סכרת - אינסולי,פסח עינבל,"דב הוז 1, תל אביב יפו",,תל אביב יפו
2026-07-30 13:03:54,2026-10-11,clalit,דיאטה סכרת - אינסולי,לנטנר טל,"הרב ניסנבאום 33, בת ים",73.0,בת ים
2026-07-30 13:03:54,2026-10-26,clalit,דיאטה סכרת - אינסולי,טל גליקמן טל,"הנוטרים 7, רעננה",88.0,רעננה
2026-07-30 13:03:54,2026-11-01,clalit,דיאטה סכרת - אינסולי,ברקמן אליה,"אליעזר יפה 8, רעננה",94.0,רעננה
2026-07-30 13:03:55,,clalit,דיאטה סכרת - אינסולי,קרן סלוצקי מינדלין,"טשרניחובסקי 4, הרצליה",,הרצליה
2026-07-30 13:03:55,,clalit,דיאטה סכרת - אינסולי,שלם רינת,"בן גוריון 43, כפר סבא",,כפר סבא
2026-07-30 13:03:57,2026-10-15,clalit,דיאטה לאחר קיצור קיב,בן עמי מירה,"אבן גבירול 124, תל אביב יפו",77.0,תל אביב יפו
2026-07-30 13:03:57,,clalit,דיאטה לאחר קיצור קיב,בן עמי מירה,"יד המעביר 22, תל אביב יפו",,תל אביב יפו
2026-07-30 13:03:57,,clalit,דיאטה לאחר קיצור קיב,מאור  שרון,"אברהם גייגר 7, תל אביב יפו",,תל אביב יפו
2026-07-30 13:03:57,,clalit,דיאטה לאחר קיצור קיב,חייג(חבושה) אוסנת,"הצבי 9, תל אביב יפו",,תל אביב יפו
2026-07-30 13:03:57,,clalit,דיאטה לאחר קיצור קיב,חייג(חבושה) אוסנת,"שדרות יד לבנים 35, תל אביב יפו",,תל אביב יפו
2026-07-30 13:03:57,,clalit,דיאטה לאחר קיצור קיב,וולף אופיר אפרת,"שקד 11, תל אביב יפו",,תל אביב יפו
2026-07-30 13:03:57,2026-09-17,clalit,דיאטה לאחר קיצור קיב,סרוסי מרב שושנה,"רבי עקיבא 83, בני ברק",49.0,בני ברק
2026-07-30 13:03:58,2026-09-23,clalit,דיאטה לאחר קיצור קיב,פלם רוני,"רבי עקיבא 83, בני ברק",55.0,בני ברק
2026-07-30 13:03:58,2026-10-05,clalit,דיאטה לאחר קיצור קיב,אורנשטיין דנה,"דרך בן גוריון 13, בני ברק",67.0,בני ברק
2026-07-30 13:03:58,2026-10-06,clalit,דיאטה לאחר קיצור קיב,אשכנזי ירדן,"דרך בן גוריון 13, בני ברק",68.0,בני ברק
2026-07-30 13:03:58,2026-10-13,clalit,דיאטה לאחר קיצור קיב,פרי מיכאל,"רבי עקיבא 83, בני ברק",75.0,בני ברק
2026-07-30 13:03:58,2026-10-19,clalit,דיאטה לאחר קיצור קיב,זליג שירי,"דרך זאב ז'בוטינסקי 105, רמת גן",81.0,רמת גן
2026-07-30 13:03:58,2026-10-26,clalit,דיאטה לאחר קיצור קיב,בן עמי מירה,"הרב ניסנבאום 33, בת ים",88.0,בת ים
2026-07-30 13:03:58,2026-10-29,clalit,דיאטה לאחר קיצור קיב,וולף אופיר אפרת,"הרב ניסנבאום 33, בת ים",91.0,בת ים
2026-07-30 13:03:59,,clalit,דיאטה לאחר קיצור קיב,אורון בת-אל,"הרב ניסנבאום 33, בת ים",,בת ים
2026-07-30 13:03:59,,clalit,דיאטה לאחר קיצור קיב,אורון בת-אל,"שאלתיאל דוד 16, חולון",,חולון
2026-07-30 13:03:59,,clalit,דיאטה לאחר קיצור קיב,וולף אופיר אפרת,"הסנהדרין 25, חולון",,חולון
2026-07-30 13:03:59,,clalit,דיאטה לאחר קיצור קיב,גולן יונית,"הרצל 34, רמת גן",,רמת גן
2026-07-30 13:03:59,,clalit,דיאטה לאחר קיצור קיב,עזורי קוראל,"עלי הכהן 13, בני ברק",,בני ברק
2026-07-30 13:03:59,,clalit,דיאטה לאחר קיצור קיב,קרן סלוצקי מינדלין,"טשרניחובסקי 4, הרצליה",,הרצליה
2026-07-30 13:03:59,,clalit,דיאטה לאחר קיצור קיב,מירב רבר,"הגליל 5, כפר סבא",,כפר סבא
2026-07-30 13:04:00,2026-09-15,clalit,דיאטה - גסטרו,פילצביץ קליין שיר,"אבן גבירול 124, תל אביב יפו",47.0,תל אביב יפו
2026-07-30 13:04:00,,clalit,דיאטה - גסטרו,סימנוביץ מיתר,"אבן גבירול 124, תל אביב יפו",,תל אביב יפו
2026-07-30 13:04:00,,clalit,דיאטה - גסטרו,מאור  שרון,"אברהם גייגר 7, תל אביב יפו",,תל אביב יפו
2026-07-30 13:04:00,,clalit,דיאטה - גסטרו,וולף אופיר אפרת,"שקד 11, תל אביב יפו",,תל אביב יפו
2026-07-30 13:04:00,2026-08-02,clalit,דיאטה - גסטרו,פילצביץ קליין שיר,"הרב ניסנבאום 33, בת ים",3.0,בת ים
2026-07-30 13:04:00,2026-09-17,clalit,דיאטה - גסטרו,סרוסי מרב שושנה,"רבי עקיבא 83, בני ברק",49.0,בני ברק
2026-07-30 13:04:00,2026-10-06,clalit,דיאטה - גסטרו,אשכנזי ירדן,"דרך בן גוריון 13, בני ברק",68.0,בני ברק
2026-07-30 13:04:02,2026-10-12,clalit,דיאטה - גסטרו,ארבל ענת-צפורה,"דרך בן גוריון 13, בני ברק",74.0,בני ברק
2026-07-30 13:04:02,2026-10-13,clalit,דיאטה - גסטרו,פרי מיכאל,"רבי עקיבא 83, בני ברק",75.0,בני ברק
2026-07-30 13:04:02,2026-10-29,clalit,דיאטה - גסטרו,וולף אופיר אפרת,"הרב ניסנבאום 33, בת ים",91.0,בת ים
2026-07-30 13:04:02,,clalit,דיאטה - גסטרו,וולף אופיר אפרת,"הסנהדרין 25, חולון",,חולון
2026-07-30 13:04:02,,clalit,דיאטה - גסטרו,ליהי קאופמן,"המעפילים 5, כפר סבא",,כפר סבא
2026-07-30 13:04:02,,clalit,דיאטה - גסטרו,לוטם הופמן,"הפועל 22, הרצליה",,הרצליה
2026-07-30 13:04:03,2026-10-15,clalit,דיאטה-סכרת הריונית,בן עמי מירה,"אבן גבירול 124, תל אביב יפו",77.0,תל אביב יפו
2026-07-30 13:04:03,,clalit,דיאטה-סכרת הריונית,בן עמי מירה,"יד המעביר 22, תל אביב יפו",,תל אביב יפו
2026-07-30 13:04:03,,clalit,דיאטה-סכרת הריונית,סימנוביץ מיתר,"אבן גבירול 124, תל אביב יפו",,תל אביב יפו
2026-07-30 13:04:03,,clalit,דיאטה-סכרת הריונית,פסח עינבל,"אבן גבירול 124, תל אביב יפו",,תל אביב יפו
2026-07-30 13:04:03,,clalit,דיאטה-סכרת הריונית,פסח עינבל,"דב הוז 1, תל אביב יפו",,תל אביב יפו
2026-07-30 13:04:03,2026-09-17,clalit,דיאטה-סכרת הריונית,סרוסי מרב שושנה,"רבי עקיבא 83, בני ברק",49.0,בני ברק
2026-07-30 13:04:03,2026-09-18,clalit,דיאטה-סכרת הריונית,קמר טיבי,"טארק עבד אל חי, טירה",50.0,טירה
2026-07-30 13:04:04,2026-10-26,clalit,דיאטה-סכרת הריונית,בן עמי מירה,"הרב ניסנבאום 33, בת ים",88.0,בת ים
2026-07-30 13:04:04,,clalit,דיאטה-סכרת הריונית,אורון בת-אל,"הרב ניסנבאום 33, בת ים",,בת ים
2026-07-30 13:04:04,,clalit,דיאטה-סכרת הריונית,בלו אסתר,"אריק איינשטיין 1, בת ים",,בת ים
2026-07-30 13:04:04,,clalit,דיאטה-סכרת הריונית,אורון בת-אל,"שאלתיאל דוד 16, חולון",,חולון
2026-07-30 13:04:04,,clalit,דיאטה-סכרת הריונית,גולן יונית,"הרצל 34, רמת גן",,רמת גן
2026-07-30 13:04:04,,clalit,דיאטה-סכרת הריונית,שחימוב מיטל,"עלי הכהן 13, בני ברק",,בני ברק
2026-07-30 13:04:04,,clalit,דיאטה-סכרת הריונית,קרן סלוצקי מינדלין,"טשרניחובסקי 4, הרצליה",,הרצליה
2026-07-30 13:04:05,,clalit,דיאטה-סכרת הריונית,שרון ברקה,"סשה ארגוב 23, רעננה",,רעננה
2026-07-30 13:04:07,2026-08-02,clalit,דיאטה סכרתית,גבע-גורלניק נורית,"אבן גבירול 124, תל אביב יפו",3.0,תל אביב יפו
2026-07-30 13:04:07,2026-09-15,clalit,דיאטה סכרתית,פילצביץ קליין שיר,"אבן גבירול 124, תל אביב יפו",47.0,תל אביב יפו
2026-07-30 13:04:07,2026-10-15,clalit,דיאטה סכרתית,בן עמי מירה,"אבן גבירול 124, תל אביב יפו",77.0,תל אביב יפו
2026-07-30 13:04:07,,clalit,דיאטה סכרתית,בן עמי מירה,"יד המעביר 22, תל אביב יפו",,תל אביב יפו
2026-07-30 13:04:07,,clalit,דיאטה סכרתית,גולדמן בילי,"התקומה 23, תל אביב יפו",,תל אביב יפו
2026-07-30 13:04:07,,clalit,דיאטה סכרתית,לנטנר טל,"בן יהודה 29, תל אביב יפו",,תל אביב יפו
2026-07-30 13:04:07,,clalit,דיאטה סכרתית,פסח עינבל,"אבן גבירול 124, תל אביב יפו",,תל אביב יפו
2026-07-30 13:04:08,,clalit,דיאטה סכרתית,פסח עינבל,"דב הוז 1, תל אביב יפו",,תל אביב יפו
2026-07-30 13:04:08,,clalit,דיאטה סכרתית,מאור  שרון,"אברהם גייגר 7, תל אביב יפו",,תל אביב יפו
2026-07-30 13:04:08,,clalit,דיאטה סכרתית,חייג(חבושה) אוסנת,"הצבי 9, תל אביב יפו",,תל אביב יפו
2026-07-30 13:04:08,,clalit,דיאטה סכרתית,חייג(חבושה) אוסנת,"שדרות יד לבנים 35, תל אביב יפו",,תל אביב יפו
2026-07-30 13:04:08,,clalit,דיאטה סכרתית,וולף אופיר אפרת,"שקד 11, תל אביב יפו",,תל אביב יפו
2026-07-30 13:04:08,2026-09-17,clalit,דיאטה סכרתית,סרוסי מרב שושנה,"רבי עקיבא 83, בני ברק",49.0,בני ברק
2026-07-30 13:04:08,2026-10-13,clalit,דיאטה סכרתית,פרי מיכאל,"רבי עקיבא 83, בני ברק",75.0,בני ברק
2026-07-30 13:04:09,2026-10-26,clalit,דיאטה סכרתית,בן עמי מירה,"הרב ניסנבאום 33, בת ים",88.0,בת ים
2026-07-30 13:04:09,2026-10-29,clalit,דיאטה סכרתית,וולף אופיר אפרת,"הרב ניסנבאום 33, בת ים",91.0,בת ים
2026-07-30 13:04:09,,clalit,דיאטה סכרתית,אסולין ונדה,"נעמי שמר 15, חולון",,חולון
2026-07-30 13:04:09,,clalit,דיאטה סכרתית,גולדמן בילי,"נעמי שמר 15, חולון",,חולון
2026-07-30 13:04:09,,clalit,דיאטה סכרתית,לנגברג מיכל,"ששת הימים 6, חולון",,חולון
2026-07-30 13:04:09,,clalit,דיאטה סכרתית,גולן יונית,"הרצל 34, רמת גן",,רמת גן
2026-07-30 13:04:09,,clalit,דיאטה סכרתית,שחימוב מיטל,"עלי הכהן 13, בני ברק",,בני ברק
2026-07-30 13:04:09,,clalit,דיאטה סכרתית,עזורי קוראל,"עלי הכהן 13, בני ברק",,בני ברק
2026-07-30 13:04:09,,clalit,דיאטה סכרתית,קרן סלוצקי מינדלין,"טשרניחובסקי 4, הרצליה",,הרצליה
2026-07-30 13:04:09,,clalit,דיאטה סכרתית,מירב רבר,"הגליל 5, כפר סבא",,כפר סבא
2026-07-30 13:04:09,,clalit,דיאטה סכרתית,שרון ברקה,"סשה ארגוב 23, רעננה",,רעננה
2026-07-30 13:04:11,,clalit,EMG יד,,"דרך זאב ז'בוטינסקי 7, בני ברק",,בני ברק
2026-07-30 13:04:11,,clalit,EMG יד,,"שדרות נים 2, ראשון לציון",,ראשון לציון
2026-07-30 13:04:12,,clalit,EMG רגל,,"שדרות נים 2, ראשון לציון",,ראשון לציון
2026-07-30 13:04:12,,clalit,EMG רגל,,"דרך זאב ז'בוטינסקי 7, בני ברק",,בני ברק
2026-07-30 13:04:14,,clalit,אולטרסאונד - בטן עלי,טארק עבד אל חי,תל אביב יפו,,תל אביב יפו
2026-07-30 13:04:14,,clalit,אולטרסאונד - בטן עלי,"ד""ר אלכסנדר",תל אביב יפו,,תל אביב יפו
2026-07-30 13:04:14,,clalit,אולטרסאונד - בטן עלי,כללי 5,תל אביב יפו,,תל אביב יפו
2026-07-30 13:04:14,,clalit,אולטרסאונד - בטן עלי,אבו נאג'י עדי,תל אביב יפו,,תל אביב יפו
2026-07-30 13:04:14,,clalit,אולטרסאונד - בטן עלי,עוסמאן מחמוד -טכנאי,"עזרא 11, בני ברק",,בני ברק
2026-07-30 13:04:14,,clalit,אולטרסאונד - בטן עלי,בן גמיל נאבא-טכנאית,"עזרא 11, בני ברק",,בני ברק
2026-07-30 13:04:14,,clalit,אולטרסאונד - בטן עלי,עיסא רוקייה- טכנאית,"עזרא 11, בני ברק",,בני ברק
2026-07-30 13:04:15,,clalit,אולטרסאונד - בטן עלי,מיכאל תורן טכנאי,"הפועל 22, הרצליה",,הרצליה
2026-07-30 13:04:16,2026-08-03,clalit,אולטרסאונד - גניקולו,אולט' נשים,"אבא אחימאיר 18, תל אביב יפו",4.0,תל אביב יפו
2026-07-30 13:04:16,2026-08-05,clalit,אולטרסאונד - גניקולו,אולט' נשים מעיין/לי,"אבא אחימאיר 18, תל אביב יפו",6.0,תל אביב יפו
2026-07-30 13:04:16,2026-08-19,clalit,אולטרסאונד - גניקולו,"ד""ר דקל איל","אבא אחימאיר 18, תל אביב יפו",20.0,תל אביב יפו
2026-07-30 13:04:16,2026-08-23,clalit,אולטרסאונד - גניקולו,"ד""ר דרוקר ליאור","אבא אחימאיר 18, תל אביב יפו",24.0,תל אביב יפו
2026-07-30 13:04:16,2026-09-07,clalit,אולטרסאונד - גניקולו,"ד""ר ארליך אורי","אבא אחימאיר 18, תל אביב יפו",39.0,תל אביב יפו
2026-07-30 13:04:16,2026-07-31,clalit,אולטרסאונד - גניקולו,אולט' נשים,"אריק איינשטיין 1, בת ים",1.0,בת ים
2026-07-30 13:04:16,2026-08-02,clalit,אולטרסאונד - גניקולו,"ד""ר מימוני גלית","חזון אי''ש 62, בני ברק",3.0,בני ברק
2026-07-30 13:04:17,2026-08-02,clalit,אולטרסאונד - גניקולו,הירש גתית -טכנאית,"חזון אי''ש 62, בני ברק",3.0,בני ברק
2026-07-30 13:04:17,2026-08-02,clalit,אולטרסאונד - גניקולו,מילנה פרקנסקי טכנאי,"בן גוריון 22, הרצליה",3.0,הרצליה
2026-07-30 13:04:17,2026-08-04,clalit,אולטרסאונד - גניקולו,"ד""ר גלפרין אולגה","חזון אי''ש 62, בני ברק",5.0,בני ברק
2026-07-30 13:04:17,2026-08-04,clalit,אולטרסאונד - גניקולו,זימן רונית - טכנאית,"דרך בן גוריון 13, בני ברק",5.0,בני ברק
2026-07-30 13:04:17,2026-08-04,clalit,אולטרסאונד - גניקולו,חגית נהרי,"בן גוריון 22, הרצליה",5.0,הרצליה
2026-07-30 13:04:17,2026-08-05,clalit,אולטרסאונד - גניקולו,זימן רונית - טכנאית,"חזון אי''ש 62, בני ברק",6.0,בני ברק
2026-07-30 13:04:17,2026-08-06,clalit,אולטרסאונד - גניקולו,פרופ' פלד יואב,"דרך בן גוריון 13, בני ברק",7.0,בני ברק
2026-07-30 13:04:18,2026-08-09,clalit,אולטרסאונד - גניקולו,"ד""ר קופילוב רון גרשו","דרך בן גוריון 13, בני ברק",10.0,בני ברק
2026-07-30 13:04:18,2026-08-09,clalit,אולטרסאונד - גניקולו,סבטלנה שכמייסטר,"סשה ארגוב 23, רעננה",10.0,רעננה
2026-07-30 13:04:18,2026-08-10,clalit,אולטרסאונד - גניקולו,חגית נהרי,"סשה ארגוב 23, רעננה",11.0,רעננה
2026-07-30 13:04:18,2026-08-12,clalit,אולטרסאונד - גניקולו,"ד""ר ריקובר יגאל-ארי","דרך בן גוריון 13, בני ברק",13.0,בני ברק
2026-07-30 13:04:18,2026-08-12,clalit,אולטרסאונד - גניקולו,נטלי בניזדה(טכנאית),"בן גוריון 22, הרצליה",13.0,הרצליה
2026-07-30 13:04:18,2026-08-16,clalit,אולטרסאונד - גניקולו,"ד""ר מימוני גלית","דרך בן גוריון 13, בני ברק",17.0,בני ברק
2026-07-30 13:04:18,2026-08-16,clalit,אולטרסאונד - גניקולו,"ד""ר שריג מנחם יצח","וייצמן 83, כפר סבא",17.0,כפר סבא
2026-07-30 13:04:19,2026-08-23,clalit,אולטרסאונד - גניקולו,"ד""ר דקל איל","אריק איינשטיין 1, בת ים",24.0,בת ים
2026-07-30 13:04:19,2026-08-25,clalit,אולטרסאונד - גניקולו,"ד""ר סבח גד","דרך בן גוריון 13, בני ברק",26.0,בני ברק
2026-07-30 13:04:19,2026-08-30,clalit,אולטרסאונד - גניקולו,פרופ' פרדו יוסף,"דרך בן גוריון 13, בני ברק",31.0,בני ברק
2026-07-30 13:04:19,2026-09-03,clalit,אולטרסאונד - גניקולו,שטיינברג קארין-טכנא,"חזון אי''ש 62, בני ברק",35.0,בני ברק
2026-07-30 13:04:19,,clalit,אולטרסאונד - גניקולו,"ד""ר חייקין אלכסנדר","וייצמן 83, כפר סבא",,כפר סבא
2026-07-30 13:04:20,2026-08-03,clalit,אולטרסאונד - הריוני/,אולט' נשים,"אבא אחימאיר 18, תל אביב יפו",4.0,תל אביב יפו
2026-07-30 13:04:20,2026-08-05,clalit,אולטרסאונד - הריוני/,אולט' נשים מעיין/לי,"אבא אחימאיר 18, תל אביב יפו",6.0,תל אביב יפו
2026-07-30 13:04:20,2026-08-19,clalit,אולטרסאונד - הריוני/,"ד""ר דקל איל","אבא אחימאיר 18, תל אביב יפו",20.0,תל אביב יפו
2026-07-30 13:04:20,2026-08-23,clalit,אולטרסאונד - הריוני/,"ד""ר דרוקר ליאור","אבא אחימאיר 18, תל אביב יפו",24.0,תל אביב יפו
2026-07-30 13:04:20,2026-09-07,clalit,אולטרסאונד - הריוני/,"ד""ר ארליך אורי","אבא אחימאיר 18, תל אביב יפו",39.0,תל אביב יפו
2026-07-30 13:04:20,2026-07-31,clalit,אולטרסאונד - הריוני/,אולט' נשים,"אריק איינשטיין 1, בת ים",1.0,בת ים
2026-07-30 13:04:20,2026-08-02,clalit,אולטרסאונד - הריוני/,"ד""ר מימוני גלית","חזון אי''ש 62, בני ברק",3.0,בני ברק
2026-07-30 13:04:21,2026-08-02,clalit,אולטרסאונד - הריוני/,הירש גתית -טכנאית,"חזון אי''ש 62, בני ברק",3.0,בני ברק
2026-07-30 13:04:21,2026-08-02,clalit,אולטרסאונד - הריוני/,מילנה פרקנסקי טכנאי,"בן גוריון 22, הרצליה",3.0,הרצליה
2026-07-30 13:04:21,2026-08-04,clalit,אולטרסאונד - הריוני/,"ד""ר גלפרין אולגה","חזון אי''ש 62, בני ברק",5.0,בני ברק
2026-07-30 13:04:21,2026-08-04,clalit,אולטרסאונד - הריוני/,חגית נהרי,"בן גוריון 22, הרצליה",5.0,הרצליה
2026-07-30 13:04:21,2026-08-06,clalit,אולטרסאונד - הריוני/,פרופ' פלד יואב,"דרך בן גוריון 13, בני ברק",7.0,בני ברק
2026-07-30 13:04:21,2026-08-09,clalit,אולטרסאונד - הריוני/,"ד""ר קופילוב רון גרשו","דרך בן גוריון 13, בני ברק",10.0,בני ברק
2026-07-30 13:04:21,2026-08-09,clalit,אולטרסאונד - הריוני/,סבטלנה שכמייסטר,"סשה ארגוב 23, רעננה",10.0,רעננה
2026-07-30 13:04:22,2026-08-10,clalit,אולטרסאונד - הריוני/,חגית נהרי,"סשה ארגוב 23, רעננה",11.0,רעננה
2026-07-30 13:04:22,2026-08-12,clalit,אולטרסאונד - הריוני/,"ד""ר ריקובר יגאל-ארי","דרך בן גוריון 13, בני ברק",13.0,בני ברק
2026-07-30 13:04:22,2026-08-12,clalit,אולטרסאונד - הריוני/,נטלי בניזדה(טכנאית),"בן גוריון 22, הרצליה",13.0,הרצליה
2026-07-30 13:04:22,2026-08-16,clalit,אולטרסאונד - הריוני/,"ד""ר מימוני גלית","דרך בן גוריון 13, בני ברק",17.0,בני ברק
2026-07-30 13:04:22,2026-08-16,clalit,אולטרסאונד - הריוני/,"ד""ר שריג מנחם יצח","וייצמן 83, כפר סבא",17.0,כפר סבא
2026-07-30 13:04:22,2026-08-23,clalit,אולטרסאונד - הריוני/,"ד""ר דקל איל","אריק איינשטיין 1, בת ים",24.0,בת ים
2026-07-30 13:04:22,2026-08-25,clalit,אולטרסאונד - הריוני/,"ד""ר סבח גד","דרך בן גוריון 13, בני ברק",26.0,בני ברק
2026-07-30 13:04:23,,clalit,אולטרסאונד - הריוני/,"ד""ר חייקין אלכסנדר","וייצמן 83, כפר סבא",,כפר סבא
2026-07-30 13:04:24,,clalit,אולטרסאונד - פרקי ירכיים תינוק,,"שדרות נים 2, ראשון לציון",,ראשון לציון
2026-07-30 13:04:25,,clalit,אולטרסאונד בטן עליונ,טארק עבד אל חי,תל אביב יפו,,תל אביב יפו
2026-07-30 13:04:25,,clalit,אולטרסאונד בטן עליונ,"ד""ר אלכסנדר",תל אביב יפו,,תל אביב יפו
2026-07-30 13:04:25,,clalit,אולטרסאונד בטן עליונ,כללי 5,תל אביב יפו,,תל אביב יפו
2026-07-30 13:04:25,,clalit,אולטרסאונד בטן עליונ,אבו נאג'י עדי,תל אביב יפו,,תל אביב יפו
2026-07-30 13:04:25,,clalit,אולטרסאונד בטן עליונ,עוסמאן מחמוד -טכנאי,"עזרא 11, בני ברק",,בני ברק
2026-07-30 13:04:25,,clalit,אולטרסאונד בטן עליונ,בן גמיל נאבא-טכנאית,"עזרא 11, בני ברק",,בני ברק
2026-07-30 13:04:25,,clalit,אולטרסאונד בטן עליונ,עיסא רוקייה- טכנאית,"עזרא 11, בני ברק",,בני ברק
2026-07-30 13:04:26,,clalit,אולטרסאונד בטן עליונ,מיכאל תורן טכנאי,"הפועל 22, הרצליה",,הרצליה
2026-07-30 13:04:27,2026-10-04,clalit,אורוגניקולוגיה,"ד""ר ביטמן גנדי","בן גוריון 22, הרצליה",66.0,הרצליה
2026-07-30 13:04:27,,clalit,אורוגניקולוגיה,"ד""ר פייט קורן חגית","בן גוריון 22, הרצליה",,הרצליה
2026-07-30 13:04:28,2026-08-03,clalit,"אורולוגיה,דרכי שתן,כ","ד""ר שטריקר אברהם","אבן גבירול 124, תל אביב יפו",4.0,תל אביב יפו
2026-07-30 13:04:28,2026-08-17,clalit,"אורולוגיה,דרכי שתן,כ","ד""ר ונטורה יוסי","אבן גבירול 124, תל אביב יפו",18.0,תל אביב יפו
2026-07-30 13:04:28,2026-08-17,clalit,"אורולוגיה,דרכי שתן,כ","ד""ר שפלר אלכסנדר","אבן גבירול 124, תל אביב יפו",18.0,תל אביב יפו
2026-07-30 13:04:28,2026-10-04,clalit,"אורולוגיה,דרכי שתן,כ","ד""ר יחיאלי כהן רוית רחל","אבן גבירול 124, תל אביב יפו",66.0,תל אביב יפו
2026-07-30 13:04:28,2026-10-13,clalit,"אורולוגיה,דרכי שתן,כ","ד""ר חתומי שירה","אבן גבירול 124, תל אביב יפו",75.0,תל אביב יפו
2026-07-30 13:04:28,,clalit,"אורולוגיה,דרכי שתן,כ","ד""ר ברז יאיר","אבן גבירול 124, תל אביב יפו",,תל אביב יפו
2026-07-30 13:04:29,2026-07-30,clalit,"אורולוגיה,דרכי שתן,כ","ד""ר קלר טאמז","הכישור 47, חולון",0.0,חולון
2026-07-30 13:04:29,2026-07-30,clalit,"אורולוגיה,דרכי שתן,כ","ד""ר בנימיני יוסף","הרצל 34, רמת גן",0.0,רמת גן
2026-07-30 13:04:29,2026-08-02,clalit,"אורולוגיה,דרכי שתן,כ","ד""ר מוגילבקין יעקב","נעמי שמר 15, חולון",3.0,חולון
2026-07-30 13:04:29,2026-08-12,clalit,"אורולוגיה,דרכי שתן,כ","ד""ר קלר טאמז","נעמי שמר 15, חולון",13.0,חולון
2026-07-30 13:04:29,2026-08-16,clalit,"אורולוגיה,דרכי שתן,כ","ד""ר טרנופולסקי אלברט","נעמי שמר 15, חולון",17.0,חולון
2026-07-30 13:04:29,2026-08-18,clalit,"אורולוגיה,דרכי שתן,כ","ד""ר חייפץ אלכסנדר","הרב ניסנבאום 33, בת ים",19.0,בת ים
2026-07-30 13:04:29,2026-08-27,clalit,"אורולוגיה,דרכי שתן,כ","ד""ר מנצור איימן","שדרות רחבעם 1, קרני שומרון",28.0,קרני שומרון
2026-07-30 13:04:30,2026-08-30,clalit,"אורולוגיה,דרכי שתן,כ","ד""ר גיאלצ'ינסקי אילן","הרצל 34, רמת גן",31.0,רמת גן
2026-07-30 13:04:30,2026-08-31,clalit,"אורולוגיה,דרכי שתן,כ","ד""ר מושיבייב יעקב","הרצל 34, רמת גן",32.0,רמת גן
2026-07-30 13:04:30,2026-09-03,clalit,"אורולוגיה,דרכי שתן,כ","ד""ר ביכלר אמיר","הרצל 34, רמת גן",35.0,רמת גן
2026-07-30 13:04:30,2026-09-03,clalit,"אורולוגיה,דרכי שתן,כ","ד""ר נוימן גד רפאל","הרצל 34, רמת גן",35.0,רמת גן
2026-07-30 13:04:30,2026-09-03,clalit,"אורולוגיה,דרכי שתן,כ","ד""ר מילר אור","רמב''ם 1, הרצליה",35.0,הרצליה
2026-07-30 13:04:30,2026-09-06,clalit,"אורולוגיה,דרכי שתן,כ","ד""ר מנצור איימן","טארק עבד אל חי, טירה",38.0,טירה
2026-07-30 13:04:30,2026-09-07,clalit,"אורולוגיה,דרכי שתן,כ","ד""ר מנצור איימן","התקווה 18, רעננה",39.0,רעננה
2026-07-30 13:04:31,2026-09-08,clalit,"אורולוגיה,דרכי שתן,כ","ד""ר שברצטוך גילדור עמרי מרד","התקווה 18, רעננה",40.0,רעננה
2026-07-30 13:04:31,2026-09-09,clalit,"אורולוגיה,דרכי שתן,כ","ד""ר מנצור איימן","רמב''ם 1, הרצליה",41.0,הרצליה
2026-07-30 13:04:31,2026-10-04,clalit,"אורולוגיה,דרכי שתן,כ","ד""ר וזינה אריה אמנ","רמב''ם 1, הרצליה",66.0,הרצליה
2026-07-30 13:04:31,2026-10-07,clalit,"אורולוגיה,דרכי שתן,כ","ד""ר שושני אוהד","רמב''ם 1, הרצליה",69.0,הרצליה
2026-07-30 13:04:33,,clalit,אורתופדיה - פרקי ירך,"רופא בי""ח 3","אבן גבירול 124, תל אביב יפו",,תל אביב יפו
2026-07-30 13:04:34,,clalit,אורתופדיה ברך,"רופא בי""ח 3","אבן גבירול 124, תל אביב יפו",,תל אביב יפו
2026-07-30 13:04:36,,clalit,אורתופדיה כף יד,המבורגר אהוד מאי,"נעמי שמר 15, חולון",,חולון
2026-07-30 13:04:37,2026-08-05,clalit,אורתופדיה כף רגל,"ד""ר זמירו עיסאם","אל קודס 50, טירה",6.0,טירה
2026-07-30 13:04:38,2026-08-30,clalit,אורתופדיה כתף,"ד""ר בן צבי יעקב","אחוזה 98, רעננה",31.0,רעננה
2026-07-30 13:04:38,2026-10-26,clalit,אורתופדיה כתף,רבנזפט שי ציון,"נעמי שמר 15, חולון",88.0,חולון
2026-07-30 13:04:38,,clalit,אורתופדיה כתף,"ד""ר סגל פנחס","הרצל 34, רמת גן",,רמת גן
2026-07-30 13:04:39,,clalit,אלרגיה,"ד""ר רויטמן דניאל אל","סטרומה 3, בת ים",,בת ים
2026-07-30 13:04:39,,clalit,אלרגיה,"ד""ר ניזניק סטנלי","עזרא 11, בני ברק",,בני ברק
2026-07-30 13:04:42,2026-12-23,clalit,אנדוקרינולוגיה,"ד""ר ספיר מזיה","אבן גבירול 124, תל אביב יפו",146.0,תל אביב יפו
2026-07-30 13:04:42,2026-12-27,clalit,אנדוקרינולוגיה,"ד""ר הרצברג דנה לילי","אבן גבירול 124, תל אביב יפו",150.0,תל אביב יפו
2026-07-30 13:04:42,,clalit,אנדוקרינולוגיה,"ד""ר ששון ליאת","אבן גבירול 124, תל אביב יפו",,תל אביב יפו
2026-07-30 13:04:42,,clalit,אנדוקרינולוגיה,"ד""ר פרידריך דובינצ כרמל","אבן גבירול 124, תל אביב יפו",,תל אביב יפו
2026-07-30 13:04:42,,clalit,אנדוקרינולוגיה,"ד""ר אברמוף נס רוזני","אבן גבירול 124, תל אביב יפו",,תל אביב יפו
2026-07-30 13:04:42,,clalit,אנדוקרינולוגיה,"ד""ר איזנברג יואב","אבן גבירול 124, תל אביב יפו",,תל אביב יפו
2026-07-30 13:04:44,,clalit,אנדוקרינולוגיה,"ד""ר יצחקוב אלנה","הרב ניסנבאום 33, בת ים",,בת ים
2026-07-30 13:04:44,,clalit,אנדוקרינולוגיה,"ד""ר יעיש איריס","הרב ניסנבאום 33, בת ים",,בת ים
2026-07-30 13:04:44,,clalit,אנדוקרינולוגיה,"ד""ר נצר בייצר טל","הרב ניסנבאום 33, בת ים",,בת ים
2026-07-30 13:04:44,,clalit,אנדוקרינולוגיה,"ד""ר מצרי שר","הרב ניסנבאום 33, בת ים",,בת ים
2026-07-30 13:04:44,,clalit,אנדוקרינולוגיה,"ד""ר חמאדה רביע","הרב ניסנבאום 33, בת ים",,בת ים
2026-07-30 13:04:44,,clalit,אנדוקרינולוגיה,"ד""ר סלוצקי אילנה","הרב ניסנבאום 33, בת ים",,בת ים
2026-07-30 13:04:44,,clalit,אנדוקרינולוגיה,"ד""ר מושקוביץ' יבגני","עלי הכהן 13, בני ברק",,בני ברק
2026-07-30 13:04:45,,clalit,אנדוקרינולוגיה,"ד""ר אבו צעלוק מחמוד","עלי הכהן 13, בני ברק",,בני ברק
2026-07-30 13:04:45,,clalit,אנדוקרינולוגיה,"ד""ר רוזנבלום רחל חוה","רמב''ם 1, הרצליה",,הרצליה
2026-07-30 13:04:45,,clalit,אנדוקרינולוגיה,"ד""ר רוזנבלום חמדה","בן גוריון 43, כפר סבא",,כפר סבא
2026-07-30 13:04:45,,clalit,אנדוקרינולוגיה,"ד""ר מסרי עיראקי היבא","בן גוריון 43, כפר סבא",,כפר סבא
2026-07-30 13:04:45,,clalit,אנדוקרינולוגיה,"ד""ר אמיתי אורן  בנ","רפפורט 3, כפר סבא",,כפר סבא
2026-07-30 13:04:46,,clalit,אנדוקרינית אונוקלוגי,"ד""ר מושקוביץ' יבגני","עלי הכהן 13, בני ברק",,בני ברק
2026-07-30 13:04:46,,clalit,אנדוקרינית אונוקלוגי,"ד""ר אבו צעלוק מחמוד","עלי הכהן 13, בני ברק",,בני ברק
2026-07-30 13:04:48,2026-08-03,clalit,בדיקת צפיפות העצם במ,צפיפות העצם,"זליג ברודצקי 43, תל אביב יפו",4.0,תל אביב יפו
2026-07-30 13:04:48,2026-08-06,clalit,בדיקת צפיפות העצם במכון,,"אבא אחימאיר 18, תל אביב יפו",7.0,תל אביב יפו
2026-07-30 13:04:48,2026-07-30,clalit,בדיקת צפיפות העצם במכון,,"רבי מנחם פרוש 1, בית שמש",0.0,בית שמש
2026-07-30 13:04:48,2026-08-12,clalit,בדיקת צפיפות העצם במכון,,"שדרות נים 2, ראשון לציון",13.0,ראשון לציון
2026-07-30 13:04:48,2026-08-18,clalit,בדיקת צפיפות העצם במכון,,"הנדיב 71, הרצליה",19.0,הרצליה
2026-07-30 13:04:48,2026-08-31,clalit,בדיקת צפיפות העצם במכון,,"דרך זאב ז'בוטינסקי 7, בני ברק",32.0,בני ברק
2026-07-30 13:04:49,,clalit,גסטרואנטרולוגיה,"ד""ר מור מיכל זהב","אבן גבירול 124, תל אביב יפו",,תל אביב יפו
2026-07-30 13:04:49,,clalit,גסטרואנטרולוגיה,"ד""ר בוקריס טולדנו אלקסיה ר","אבן גבירול 124, תל אביב יפו",,תל אביב יפו
2026-07-30 13:04:49,,clalit,גסטרואנטרולוגיה,"ד""ר ז'יגלין אנדרי","אבן גבירול 124, תל אביב יפו",,תל אביב יפו
2026-07-30 13:04:49,,clalit,גסטרואנטרולוגיה,"ד""ר שניר יפעת יהו","אבן גבירול 124, תל אביב יפו",,תל אביב יפו
2026-07-30 13:04:49,,clalit,גסטרואנטרולוגיה,"ד""ר הרשקוביץ' מריצ'לה","אבן גבירול 124, תל אביב יפו",,תל אביב יפו
2026-07-30 13:04:49,,clalit,גסטרואנטרולוגיה,"ד""ר מעוז ערן","אבן גבירול 124, תל אביב יפו",,תל אביב יפו
2026-07-30 13:04:49,2026-09-09,clalit,גסטרואנטרולוגיה,"ד""ר ליכטנשטיין לב","דרך בן גוריון 13, בני ברק",41.0,בני ברק
2026-07-30 13:04:50,2026-09-30,clalit,גסטרואנטרולוגיה,"ד""ר בניאשוילי זזה","דרך בן גוריון 13, בני ברק",62.0,בני ברק
2026-07-30 13:04:50,2026-10-01,clalit,גסטרואנטרולוגיה,"ד""ר סחייק ורד","דרך בן גוריון 13, בני ברק",63.0,בני ברק
2026-07-30 13:04:50,2026-10-04,clalit,גסטרואנטרולוגיה,"ד""ר אהרוני גולן מאיה","דרך בן גוריון 13, בני ברק",66.0,בני ברק
2026-07-30 13:04:50,2026-10-04,clalit,גסטרואנטרולוגיה,"ד""ר בורוכוב אמה","דרך בן גוריון 13, בני ברק",66.0,בני ברק
2026-07-30 13:04:50,2026-10-04,clalit,גסטרואנטרולוגיה,"ד""ר ראוכוורגר אריאלה ח","דרך בן גוריון 13, בני ברק",66.0,בני ברק
2026-07-30 13:04:50,2026-10-05,clalit,גסטרואנטרולוגיה,"ד""ר בינדר יובל","דרך בן גוריון 13, בני ברק",67.0,בני ברק
2026-07-30 13:04:50,2026-10-07,clalit,גסטרואנטרולוגיה,"ד""ר שנער נדב","דרך בן גוריון 13, בני ברק",69.0,בני ברק
2026-07-30 13:04:51,2026-10-20,clalit,גסטרואנטרולוגיה,"ד""ר אקאי יפתח","הרב ניסנבאום 33, בת ים",82.0,בת ים
2026-07-30 13:04:51,2026-10-20,clalit,גסטרואנטרולוגיה,"ד""ר רסקין מריה","הרב ניסנבאום 33, בת ים",82.0,בת ים
2026-07-30 13:04:51,2026-10-22,clalit,גסטרואנטרולוגיה,"ד""ר זילפר טטיאנה","הרב ניסנבאום 33, בת ים",84.0,בת ים
2026-07-30 13:04:51,2026-10-22,clalit,גסטרואנטרולוגיה,"ד""ר מנדל ליאור","הרב ניסנבאום 33, בת ים",84.0,בת ים
2026-07-30 13:04:51,2026-10-22,clalit,גסטרואנטרולוגיה,"ד""ר סימנטוב רומן","הרב ניסנבאום 33, בת ים",84.0,בת ים
2026-07-30 13:04:51,2026-10-22,clalit,גסטרואנטרולוגיה,"ד""ר קמחי אלן נמרו","הרב ניסנבאום 33, בת ים",84.0,בת ים
2026-07-30 13:04:51,2026-10-25,clalit,גסטרואנטרולוגיה,"ד""ר שחר איל","הרב ניסנבאום 33, בת ים",87.0,בת ים
2026-07-30 13:04:52,,clalit,גסטרואנטרולוגיה,"ד""ר דרייזין ורה","הרב ניסנבאום 33, בת ים",,בת ים
2026-07-30 13:04:52,,clalit,גסטרואנטרולוגיה,"ד""ר נס אסף","הרב ניסנבאום 33, בת ים",,בת ים
2026-07-30 13:04:52,,clalit,גסטרואנטרולוגיה,"ד""ר שוויישטיין חגי","רמב''ם 1, הרצליה",,הרצליה
2026-07-30 13:04:52,,clalit,גסטרואנטרולוגיה,"ד""ר סגל דרור","רמב''ם 1, הרצליה",,הרצליה
2026-07-30 13:04:52,,clalit,גסטרואנטרולוגיה,"ד""ר ברונשטיין טוינ מירי מרי","רמב''ם 1, הרצליה",,הרצליה
2026-07-30 13:04:52,,clalit,גסטרואנטרולוגיה,"ד""ר קלנר ילנה","רמב''ם 1, הרצליה",,הרצליה
2026-07-30 13:04:52,,clalit,גסטרואנטרולוגיה,"ד""ר הרשקוביץ אליס","רמב''ם 1, הרצליה",,הרצליה
2026-07-30 13:04:54,2026-10-11,clalit,המטולוגיה,"רופא בי""ח","אבן גבירול 124, תל אביב יפו",73.0,תל אביב יפו
2026-07-30 13:04:54,2026-09-23,clalit,המטולוגיה,"ד""ר ברדיצ'בסקי סבטלנה","הרב ניסנבאום 33, בת ים",55.0,בת ים
2026-07-30 13:04:55,2026-10-01,clalit,טראומה כירורגית,"ד""ר קמינסקי אולג","הרצל 34, רמת גן",63.0,רמת גן
2026-07-30 13:04:55,2026-10-15,clalit,טראומה כירורגית,"ד""ר ריבקובסקי יבגני","הרצל 34, רמת גן",77.0,רמת גן
2026-07-30 13:04:55,2026-10-28,clalit,טראומה כירורגית,"ד""ר כץ יאיר","רמב''ם 1, הרצליה",90.0,הרצליה
2026-07-30 13:04:55,,clalit,טראומה כירורגית,"ד""ר בן ארי שפירא ענת","רמב''ם 1, הרצליה",,הרצליה
2026-07-30 13:04:57,2026-08-13,clalit,כירורגיה,"ד""ר ברנבוים אלכס","אבן גבירול 124, תל אביב יפו",14.0,תל אביב יפו
2026-07-30 13:04:57,2026-08-16,clalit,כירורגיה,"ד""ר גולדנפרב פבל","אבן גבירול 124, תל אביב יפו",17.0,תל אביב יפו
2026-07-30 13:04:57,2026-08-17,clalit,כירורגיה,"ד""ר בן דוד נדב","אבן גבירול 124, תל אביב יפו",18.0,תל אביב יפו
2026-07-30 13:04:57,2026-08-21,clalit,כירורגיה,"ד""ר חזן דני","אבן גבירול 124, תל אביב יפו",22.0,תל אביב יפו
2026-07-30 13:04:57,2026-08-25,clalit,כירורגיה,"ד""ר עוויסאת הייתם","התקומה 23, תל אביב יפו",26.0,תל אביב יפו
2026-07-30 13:04:57,,clalit,כירורגיה,"ד""ר ברד ויאצ'סלב","אבן גבירול 124, תל אביב יפו",,תל אביב יפו
2026-07-30 13:04:58,2026-07-30,clalit,כירורגיה,"ד""ר פרוטוס כריסטיאן","הרב ניסנבאום 33, בת ים",0.0,בת ים
2026-07-30 13:04:58,2026-07-30,clalit,כירורגיה,"ד""ר סטריגין סרגיי","הרב ניסנבאום 33, בת ים",0.0,בת ים
2026-07-30 13:04:58,2026-08-02,clalit,כירורגיה,"ד""ר לייבמן מיכאל","הרב ניסנבאום 33, בת ים",3.0,בת ים
2026-07-30 13:04:58,2026-08-02,clalit,כירורגיה,"ד""ר חוטריאנסקי מיכאיל","הרב ניסנבאום 33, בת ים",3.0,בת ים
2026-07-30 13:04:58,2026-08-02,clalit,כירורגיה,"ד""ר סטריגין סרגיי","נעמי שמר 15, חולון",3.0,חולון
2026-07-30 13:04:58,2026-08-02,clalit,כירורגיה,"ד""ר גולדנפרב פבל","נעמי שמר 15, חולון",3.0,חולון
2026-07-30 13:04:58,2026-08-04,clalit,כירורגיה,"ד""ר לייבמן מיכאל","נעמי שמר 15, חולון",5.0,חולון
2026-07-30 13:04:59,2026-08-04,clalit,כירורגיה,כירורג ב.השרון-2,"הרצל 34, רמת גן",5.0,רמת גן
2026-07-30 13:04:59,2026-08-11,clalit,כירורגיה,"ד""ר בן דוד נדב","נעמי שמר 15, חולון",12.0,חולון
2026-07-30 13:04:59,2026-08-16,clalit,כירורגיה,"ד""ר ספרוב ולרי","הרב ניסנבאום 33, בת ים",17.0,בת ים
2026-07-30 13:04:59,2026-09-11,clalit,כירורגיה,"ד""ר בן דוד נדב","חיים וייצמן 25, אזור",43.0,אזור
2026-07-30 13:04:59,2026-10-01,clalit,כירורגיה,"ד""ר קמינסקי אולג","הרצל 34, רמת גן",63.0,רמת גן
2026-07-30 13:04:59,2026-10-15,clalit,כירורגיה,"ד""ר ריבקובסקי יבגני","הרצל 34, רמת גן",77.0,רמת גן
2026-07-30 13:04:59,2026-10-16,clalit,כירורגיה,"ד""ר שרמן יבגני","נעמי שמר 15, חולון",78.0,חולון
2026-07-30 13:05:00,2026-10-28,clalit,כירורגיה,"ד""ר כץ יאיר","רמב''ם 1, הרצליה",90.0,הרצליה
2026-07-30 13:05:00,,clalit,כירורגיה,"ד""ר פרוטוס כריסטיאן","נעמי שמר 15, חולון",,חולון
2026-07-30 13:05:00,,clalit,כירורגיה,"ד""ר איטקין דינה","הרצל 34, רמת גן",,רמת גן
2026-07-30 13:05:00,,clalit,כירורגיה,"ד""ר גייר אילת","דרך זאב ז'בוטינסקי 61, פתח תקווה",,פתח תקווה
2026-07-30 13:05:00,,clalit,כירורגיה,"ד""ר בן ארי שפירא ענת","רמב''ם 1, הרצליה",,הרצליה
2026-07-30 13:05:00,,clalit,כירורגיה,"ד""ר בר לב איל","רמב''ם 1, הרצליה",,הרצליה
2026-07-30 13:05:06,2026-08-02,clalit,ממוגרפיה,,"אבא אחימאיר 18, תל אביב יפו",3.0,תל אביב יפו
2026-07-30 13:05:06,2026-08-09,clalit,ממוגרפיה,ממוגרפיה1,"אבן גבירול 124, תל אביב יפו",10.0,תל אביב יפו
2026-07-30 13:05:06,2026-07-30,clalit,ממוגרפיה,ממוגרפיה1,"הרב ניסנבאום 33, בת ים",0.0,בת ים
2026-07-30 13:05:06,2026-07-30,clalit,ממוגרפיה,,"דרך זאב ז'בוטינסקי 7, בני ברק",0.0,בני ברק
2026-07-30 13:05:06,2026-07-30,clalit,ממוגרפיה,,"הנדיב 71, הרצליה",0.0,הרצליה
2026-07-30 13:05:06,2026-09-02,clalit,ממוגרפיה,,"רבי מנחם פרוש 1, בית שמש",34.0,בית שמש
2026-07-30 13:05:06,2026-11-02,clalit,ממוגרפיה,,"שדרות נים 2, ראשון לציון",95.0,ראשון לציון
2026-07-30 13:05:07,,clalit,מרפאת כאב,"ד""ר פוקס דניאל","הרצל 34, רמת גן",,רמת גן
2026-07-30 13:05:07,,clalit,מרפאת כאב,"ד""ר בודובסקי ארקדי","הרצל 34, רמת גן",,רמת גן
2026-07-30 13:05:07,,clalit,מרפאת כאב,"ד""ר סטוליק-דולברג אורית-חי","דרך יצחק רבין 53, גבעתיים",,גבעתיים
2026-07-30 13:05:08,,clalit,מרפאת כבד,"ד""ר בוקריס טולדנו אלקסיה ר","אבן גבירול 124, תל אביב יפו",,תל אביב יפו
2026-07-30 13:05:08,,clalit,מרפאת כבד,"ד""ר ז'יגלין אנדרי","אבן גבירול 124, תל אביב יפו",,תל אביב יפו
2026-07-30 13:05:08,,clalit,מרפאת כבד,"ד""ר הרשקוביץ' מריצ'לה","אבן גבירול 124, תל אביב יפו",,תל אביב יפו
2026-07-30 13:05:08,,clalit,מרפאת כבד,"ד""ר מעוז ערן","אבן גבירול 124, תל אביב יפו",,תל אביב יפו
2026-07-30 13:05:09,2026-10-05,clalit,נוירוכירורגיה,רופ.נוירו.מוח.בלינס,"דרך זאב ז'בוטינסקי 105, רמת גן",67.0,רמת גן
2026-07-30 13:05:10,2026-08-24,clalit,נוירוכירורגיה - ע.שד,"רופ.נוירו.עמ""ש.בלינ","דרך זאב ז'בוטינסקי 105, רמת גן",25.0,רמת גן
2026-07-30 13:05:12,,clalit,נוירולוגיה,"ד""ר טולקובסקי אסף שמוא","אבן גבירול 124, תל אביב יפו",,תל אביב יפו
2026-07-30 13:05:12,,clalit,נוירולוגיה,"ד""ר גסקין יורי","אבן גבירול 124, תל אביב יפו",,תל אביב יפו
2026-07-30 13:05:12,,clalit,נוירולוגיה,"ד""ר חייגרכט מיכאל","אבן גבירול 124, תל אביב יפו",,תל אביב יפו
2026-07-30 13:05:12,,clalit,נוירולוגיה,"ד""ר יריומין ולדיסלב","אבן גבירול 124, תל אביב יפו",,תל אביב יפו
2026-07-30 13:05:12,,clalit,נוירולוגיה,"ד""ר מרמלשטיין ילנה","אבן גבירול 124, תל אביב יפו",,תל אביב יפו
2026-07-30 13:05:12,2026-09-23,clalit,נוירולוגיה,אורמן איליה,"רמב''ם 1, הרצליה",55.0,הרצליה
2026-07-30 13:05:15,,clalit,נוירולוגיה,"ד""ר וייצמן נינה","הרב ניסנבאום 33, בת ים",,בת ים
2026-07-30 13:05:15,,clalit,נוירולוגיה,"ד""ר ג'יריס דניאל","הרב ניסנבאום 33, בת ים",,בת ים
2026-07-30 13:05:15,,clalit,נוירולוגיה,"ד""ר בן נון קולר מעין","הרב ניסנבאום 33, בת ים",,בת ים
2026-07-30 13:05:15,,clalit,נוירולוגיה,"ד""ר שבצוב אוולינה","הרב ניסנבאום 33, בת ים",,בת ים
2026-07-30 13:05:15,,clalit,נוירולוגיה,"ד""ר פרוחורוב טטיאנה","הרב ניסנבאום 33, בת ים",,בת ים
2026-07-30 13:05:15,,clalit,נוירולוגיה,"ד""ר מכלין ילנה","הרב ניסנבאום 33, בת ים",,בת ים
2026-07-30 13:05:15,,clalit,נוירולוגיה,"ד""ר יאביץ אלכסנדר","דרך בן גוריון 13, בני ברק",,בני ברק
2026-07-30 13:05:16,,clalit,נוירולוגיה,"ד""ר נאשף הלאל","רמב''ם 1, הרצליה",,הרצליה
2026-07-30 13:05:16,,clalit,נוירולוגיה,"ד""ר ורבר פודגיצקי עידית עד","רמב''ם 1, הרצליה",,הרצליה
2026-07-30 13:05:16,,clalit,נוירולוגיה,"ד""ר גרשנוביץ' בנקו איזבלה","רמב''ם 1, הרצליה",,הרצליה
2026-07-30 13:05:16,,clalit,נוירולוגיה,"ד""ר כרמון יובל","רמב''ם 1, הרצליה",,הרצליה
2026-07-30 13:05:16,,clalit,נוירולוגיה,"ד""ר עתאמנה אחמד","בן גוריון 43, כפר סבא",,כפר סבא
2026-07-30 13:05:16,,clalit,נוירולוגיה,"ד""ר צאושו סולי","וייצמן 24, כפר סבא",,כפר סבא
2026-07-30 13:05:19,,clalit,נפרולוגיה,"ד""ר ויינטל ברנהיים איריס","אבן גבירול 124, תל אביב יפו",,תל אביב יפו
2026-07-30 13:05:19,,clalit,נפרולוגיה,"ד""ר שטרן שרון","אבן גבירול 124, תל אביב יפו",,תל אביב יפו
2026-07-30 13:05:19,,clalit,נפרולוגיה,"ד""ר מיזל מור אשכר חיה","אבן גבירול 124, תל אביב יפו",,תל אביב יפו
2026-07-30 13:05:19,,clalit,נפרולוגיה,"רופא מבי""ח","אבן גבירול 124, תל אביב יפו",,תל אביב יפו
2026-07-30 13:05:19,,clalit,נפרולוגיה,"רופא בי""ח 1","אבן גבירול 124, תל אביב יפו",,תל אביב יפו
2026-07-30 13:05:19,2026-09-23,clalit,נפרולוגיה,"רופא מבי""ח","הרב ניסנבאום 33, בת ים",55.0,בת ים
2026-07-30 13:05:19,,clalit,נפרולוגיה,"ד""ר ויינטל ברנהיים איריס","הרב ניסנבאום 33, בת ים",,בת ים
2026-07-30 13:05:20,,clalit,נפרולוגיה,"ד""ר בהרל ברגנר טל","רמב''ם 1, הרצליה",,הרצליה
2026-07-30 13:05:20,,clalit,נפרולוגיה,"ד""ר קניס אירינה","בן גוריון 43, כפר סבא",,כפר סבא
2026-07-30 13:05:22,2026-10-20,clalit,סכרת,"ד""ר ספיר מזיה","אבן גבירול 124, תל אביב יפו",82.0,תל אביב יפו
2026-07-30 13:05:22,,clalit,סכרת,"ד""ר הרצברג דנה לילי","אבן גבירול 124, תל אביב יפו",,תל אביב יפו
2026-07-30 13:05:22,,clalit,סכרת,"ד""ר ששון ליאת","אבן גבירול 124, תל אביב יפו",,תל אביב יפו
2026-07-30 13:05:22,,clalit,סכרת,"ד""ר פרידריך דובינצ כרמל","אבן גבירול 124, תל אביב יפו",,תל אביב יפו
2026-07-30 13:05:22,,clalit,סכרת,"ד""ר אברמוף נס רוזני","אבן גבירול 124, תל אביב יפו",,תל אביב יפו
2026-07-30 13:05:22,,clalit,סכרת,"ד""ר איזנברג יואב","אבן גבירול 124, תל אביב יפו",,תל אביב יפו
2026-07-30 13:05:23,2026-09-23,clalit,סכרת,"ד""ר ויינברג טטיאנה","הרב ניסנבאום 33, בת ים",55.0,בת ים
2026-07-30 13:05:23,2026-10-06,clalit,סכרת,"ד""ר זבולונוב ילנה","הרב ניסנבאום 33, בת ים",68.0,בת ים
2026-07-30 13:05:23,,clalit,סכרת,"ד""ר סלוצקי אילנה","הרב ניסנבאום 33, בת ים",,בת ים
2026-07-30 13:05:23,,clalit,סכרת,"ד""ר קלימינסקי אברב אלה","עלי הכהן 13, בני ברק",,בני ברק
2026-07-30 13:05:23,,clalit,סכרת,"ד""ר בודנשטיין-סחר הילה","עלי הכהן 13, בני ברק",,בני ברק
2026-07-30 13:05:23,,clalit,סכרת,"ד""ר שפירא סופיה","הערבה 23, הרצליה",,הרצליה
2026-07-30 13:05:23,,clalit,סכרת,"ד""ר רויטמן איתן","הערבה 23, הרצליה",,הרצליה
2026-07-30 13:05:23,,clalit,סוכרת,"ד""ר רוזנבלום חמדה","בן גוריון 43, כפר סבא",,כפר סבא
2026-07-30 13:05:25,2026-08-02,clalit,ספירומטריה,תפקודי ריאות,"אבן גבירול 124, תל אביב יפו",3.0,תל אביב יפו
2026-07-30 13:05:25,2026-08-04,clalit,ספירומטריה,תפקודי ריאות,"הרב ניסנבאום 33, בת ים",5.0,בת ים
2026-07-30 13:05:26,2026-08-03,clalit,עיניים - בדיקת OCT,,"אבא אחימאיר 18, תל אביב יפו",4.0,תל אביב יפו
2026-07-30 13:05:26,,clalit,עיניים - בדיקת OCT,,"אבן גבירול 124, תל אביב יפו",,תל אביב יפו
2026-07-30 13:05:26,2026-07-30,clalit,עיניים - בדיקת TCO,מכון עין מדוייקת,"וייצמן 83, כפר סבא",0.0,כפר סבא
2026-07-30 13:05:26,2026-07-30,clalit,עיניים - בדיקת OCT,,"דרך זאב ז'בוטינסקי 7, בני ברק",0.0,בני ברק
2026-07-30 13:05:26,2026-07-31,clalit,עיניים - בדיקת OCT,,"שדרות נים 2, ראשון לציון",1.0,ראשון לציון
2026-07-30 13:05:26,2026-09-10,clalit,עיניים - בדיקת OCT,,"נעמי שמר 15, חולון",42.0,חולון
2026-07-30 13:05:27,2026-07-30,clalit,עיניים אורטופטיקה/פז,נעמי ביסמוט,"בן גוריון 43, כפר סבא",0.0,כפר סבא
2026-07-30 13:05:29,,clalit,עיניים גלאוקומה,פרופ' ויסבורד מיכאל,"אבן גבירול 124, תל אביב יפו",,תל אביב יפו
2026-07-30 13:05:31,2026-07-30,clalit,עיניים פזילה,נעמי ביסמוט,"בן גוריון 43, כפר סבא",0.0,כפר סבא
2026-07-30 13:05:35,2026-08-09,clalit,פוריות,"ד""ר טיירי דניאל","דרך שלמה 43, תל אביב יפו",10.0,תל אביב יפו
2026-07-30 13:05:35,2026-08-02,clalit,פוריות,"ד""ר פוטלוג-נהרי קלריס","חזון אי''ש 62, בני ברק",3.0,בני ברק
2026-07-30 13:05:35,2026-08-02,clalit,פוריות,"ד""ר שולץ אדליה","דרך בן גוריון 13, בני ברק",3.0,בני ברק
2026-07-30 13:05:35,2026-08-03,clalit,פוריות,"ד""ר ריקובר יגאל-ארי","דרך בן גוריון 13, בני ברק",4.0,בני ברק
2026-07-30 13:05:35,2026-08-10,clalit,פוריות,פרופ' גת איתי,"חזון אי''ש 62, בני ברק",11.0,בני ברק
2026-07-30 13:05:35,2026-08-11,clalit,פוריות,"ד""ר גלעדי יעקובי איתן","דרך בן גוריון 13, בני ברק",12.0,בני ברק
2026-07-30 13:05:35,2026-08-13,clalit,פוריות,פרופ' נחום רוית,"דרך בן גוריון 13, בני ברק",14.0,בני ברק
2026-07-30 13:05:36,2026-09-02,clalit,פוריות,"ד""ר ורטהיימר אביטל","דרך בן גוריון 13, בני ברק",34.0,בני ברק
2026-07-30 13:05:38,,clalit,פלסטיקה,"ד""ר רוזנשפיר לוי יצחק","אבן גבירול 124, תל אביב יפו",,תל אביב יפו
2026-07-30 13:05:38,,clalit,פלסטיקה,"ד""ר גולדשטיין אורן","אבן גבירול 124, תל אביב יפו",,תל אביב יפו
2026-07-30 13:05:38,,clalit,פלסטיקה,"רופא בי""ח","אבן גבירול 124, תל אביב יפו",,תל אביב יפו
2026-07-30 13:05:38,,clalit,פלסטיקה,"ד""ר שוחט שירלי","נעמי שמר 15, חולון",,חולון
2026-07-30 13:05:38,,clalit,פלסטיקה,"ד""ר בן-נפתלי יעלה","הרצל 34, רמת גן",,רמת גן
2026-07-30 13:05:38,,clalit,פלסטיקה,"ד""ר כהן שרית","הרצל 34, רמת גן",,רמת גן
2026-07-30 13:05:40,2026-08-02,clalit,פרוקטולוגיה,"ד""ר גולדנפרב פבל","אבן גבירול 124, תל אביב יפו",3.0,תל אביב יפו
2026-07-30 13:05:40,2026-08-02,clalit,פרוקטולוגיה,"רופא בי""ח","אבן גבירול 124, תל אביב יפו",3.0,תל אביב יפו
2026-07-30 13:05:40,2026-08-09,clalit,פרוקטולוגיה,"ד""ר ברד ויאצ'סלב","אבן גבירול 124, תל אביב יפו",10.0,תל אביב יפו
2026-07-30 13:05:40,2026-08-17,clalit,פרוקטולוגיה,"ד""ר בן דוד נדב","אבן גבירול 124, תל אביב יפו",18.0,תל אביב יפו
2026-07-30 13:05:40,2026-08-21,clalit,פרוקטולוגיה,"ד""ר ברנבוים אלכס","אבן גבירול 124, תל אביב יפו",22.0,תל אביב יפו
2026-07-30 13:05:40,2026-08-25,clalit,פרוקטולוגיה,"ד""ר עוויסאת הייתם","התקומה 23, תל אביב יפו",26.0,תל אביב יפו
2026-07-30 13:05:41,,clalit,פרוקטולוגיה,"ד""ר בוקריס טולדנו אלקסיה ר","אבן גבירול 124, תל אביב יפו",,תל אביב יפו
2026-07-30 13:05:41,2026-07-30,clalit,פרוקטולוגיה,"ד""ר פרוטוס כריסטיאן","הרב ניסנבאום 33, בת ים",0.0,בת ים
2026-07-30 13:05:41,2026-07-30,clalit,פרוקטולוגיה,"ד""ר סטריגין סרגיי","הרב ניסנבאום 33, בת ים",0.0,בת ים
2026-07-30 13:05:41,2026-08-02,clalit,פרוקטולוגיה,"ד""ר לייבמן מיכאל","הרב ניסנבאום 33, בת ים",3.0,בת ים
2026-07-30 13:05:41,2026-08-02,clalit,פרוקטולוגיה,"ד""ר סטריגין סרגיי","נעמי שמר 15, חולון",3.0,חולון
2026-07-30 13:05:41,2026-08-02,clalit,פרוקטולוגיה,"ד""ר גולדנפרב פבל","נעמי שמר 15, חולון",3.0,חולון
2026-07-30 13:05:41,2026-08-02,clalit,פרוקטולוגיה,"ד""ר איטקין דינה","הרצל 34, רמת גן",3.0,רמת גן
2026-07-30 13:05:42,2026-08-04,clalit,פרוקטולוגיה,"ד""ר לייבמן מיכאל","נעמי שמר 15, חולון",5.0,חולון
2026-07-30 13:05:42,2026-08-06,clalit,פרוקטולוגיה,כירורג ב.השרון-2,"הרצל 34, רמת גן",7.0,רמת גן
2026-07-30 13:05:42,2026-08-09,clalit,פרוקטולוגיה,"ד""ר אלפר שלמה דן","הרצל 34, רמת גן",10.0,רמת גן
2026-07-30 13:05:42,2026-08-11,clalit,פרוקטולוגיה,"ד""ר בן דוד נדב","נעמי שמר 15, חולון",12.0,חולון
2026-07-30 13:05:42,2026-08-13,clalit,פרוקטולוגיה,"ד""ר ריבקובסקי יבגני","הרצל 34, רמת גן",14.0,רמת גן
2026-07-30 13:05:42,2026-09-11,clalit,פרוקטולוגיה,"ד""ר בן דוד נדב","חיים וייצמן 25, אזור",43.0,אזור
2026-07-30 13:05:42,2026-10-16,clalit,פרוקטולוגיה,"ד""ר שרמן יבגני","נעמי שמר 15, חולון",78.0,חולון
2026-07-30 13:05:43,2026-10-28,clalit,פרוקטולוגיה,"ד""ר כץ יאיר","רמב''ם 1, הרצליה",90.0,הרצליה
2026-07-30 13:05:43,,clalit,פרוקטולוגיה,"ד""ר פרוטוס כריסטיאן","נעמי שמר 15, חולון",,חולון
2026-07-30 13:05:43,,clalit,פרוקטולוגיה,"ד""ר בן ארי שפירא ענת","רמב''ם 1, הרצליה",,הרצליה
2026-07-30 13:05:43,,clalit,פרוקטולוגיה,"ד""ר בר לב איל","רמב''ם 1, הרצליה",,הרצליה
2026-07-30 13:05:45,2026-08-03,clalit,רנטגן/רדיולוגיה - כל,צילומים,"אבן גבירול 124, תל אביב יפו",4.0,תל אביב יפו
2026-07-30 13:05:45,2026-08-06,clalit,רנטגן/רדיולוגיה - כל,צילומים א',"אבן גבירול 124, תל אביב יפו",7.0,תל אביב יפו
2026-07-30 13:05:45,2026-08-02,clalit,רנטגן/רדיולוגיה - כל,צילומים כלליים,"עזרא 11, בני ברק",3.0,בני ברק
2026-07-30 13:05:45,2026-08-03,clalit,רנטגן/רדיולוגיה - כל,צילומים,"הרב ניסנבאום 33, בת ים",4.0,בת ים
2026-07-30 13:05:45,2026-08-03,clalit,רנטגן/רדיולוגיה - כל,צילומים ב',"הרב ניסנבאום 33, בת ים",4.0,בת ים
2026-07-30 13:05:45,2026-08-03,clalit,רנטגן/רדיולוגיה - כל,צילומים כלליים וריא,"הרצל 34, רמת גן",4.0,רמת גן
2026-07-30 13:05:45,2026-08-03,clalit,רנטגן/רדיולוגיה - כל,צילומים כלליים,"הרצל 34, רמת גן",4.0,רמת גן
2026-07-30 13:05:46,2026-08-04,clalit,רנטגן/רדיולוגיה - כל,צילומים,"נעמי שמר 15, חולון",5.0,חולון
2026-07-30 13:05:46,2026-08-26,clalit,רנטגן/רדיולוגיה - כל,"רנטגן כ""ס בן גוריון","בן גוריון 43, כפר סבא",27.0,כפר סבא
2026-07-30 13:05:46,2026-09-01,clalit,רנטגן/רדיולוגיה - כל,רנטגן-צילום,"רמב''ם 1, הרצליה",33.0,הרצליה
2026-07-30 13:05:46,,clalit,רנטגן/רדיולוגיה - כל,צילומים ג',"הרב ניסנבאום 33, בת ים",,בת ים
2026-07-30 13:05:47,2026-10-01,clalit,ציפורן חודרנית,"ד""ר קמינסקי אולג","הרצל 34, רמת גן",63.0,רמת גן
2026-07-30 13:05:47,2026-10-15,clalit,ציפורן חודרנית,"ד""ר ריבקובסקי יבגני","הרצל 34, רמת גן",77.0,רמת גן
2026-07-30 13:05:49,2026-08-03,clalit,קרדיולוגיה,"ד""ר מורנינקס דניאל","אבן גבירול 124, תל אביב יפו",4.0,תל אביב יפו
2026-07-30 13:05:49,2026-08-11,clalit,קרדיולוגיה,"ד""ר דקה סמיר","אבן גבירול 124, תל אביב יפו",12.0,תל אביב יפו
2026-07-30 13:05:49,2026-09-17,clalit,קרדיולוגיה,"ד""ר חלפין ולבל זאב","אבן גבירול 124, תל אביב יפו",49.0,תל אביב יפו
2026-07-30 13:05:49,2026-09-17,clalit,קרדיולוגיה,"ד""ר עגור קונסטנטי","אבן גבירול 124, תל אביב יפו",49.0,תל אביב יפו
2026-07-30 13:05:49,2026-09-17,clalit,קרדיולוגיה,"ד""ר צצקין לודמילה","אבן גבירול 124, תל אביב יפו",49.0,תל אביב יפו
2026-07-30 13:05:49,2026-10-05,clalit,קרדיולוגיה,פרופ' פוקס תרצה,"אבן גבירול 124, תל אביב יפו",67.0,תל אביב יפו
2026-07-30 13:05:50,2026-11-01,clalit,קרדיולוגיה,"ד""ר אבו קטש מחמוד","אבן גבירול 124, תל אביב יפו",94.0,תל אביב יפו
2026-07-30 13:05:50,2026-09-06,clalit,קרדיולוגיה,"ד""ר מיכאלי איליה","הרב ניסנבאום 33, בת ים",38.0,בת ים
2026-07-30 13:05:50,2026-09-06,clalit,קרדיולוגיה,"ד""ר רולר מילטון ב","הרב ניסנבאום 33, בת ים",38.0,בת ים
2026-07-30 13:05:50,2026-09-07,clalit,קרדיולוגיה,"ד""ר בינר סימון","הרב ניסנבאום 33, בת ים",39.0,בת ים
2026-07-30 13:05:50,2026-09-07,clalit,קרדיולוגיה,"ד""ר עגור קונסטנטי","הרב ניסנבאום 33, בת ים",39.0,בת ים
2026-07-30 13:05:50,2026-09-07,clalit,קרדיולוגיה,"ד""ר צ'אוסובסקי גנדי","דרך בן גוריון 13, בני ברק",39.0,בני ברק
2026-07-30 13:05:50,2026-09-08,clalit,קרדיולוגיה,"ד""ר קולקר שמעון","דרך בן גוריון 13, בני ברק",40.0,בני ברק
2026-07-30 13:05:51,2026-09-08,clalit,קרדיולוגיה,"ד""ר מנדלביץ' לב","דרך בן גוריון 13, בני ברק",40.0,בני ברק
2026-07-30 13:05:51,2026-09-09,clalit,קרדיולוגיה,"רופא מבי""ח","הרב ניסנבאום 33, בת ים",41.0,בת ים
2026-07-30 13:05:51,2026-09-09,clalit,קרדיולוגיה,"ד""ר קרוצ'ין אירן","דרך בן גוריון 13, בני ברק",41.0,בני ברק
2026-07-30 13:05:51,2026-09-10,clalit,קרדיולוגיה,"ד""ר יעקובוב רומן","הרב ניסנבאום 33, בת ים",42.0,בת ים
2026-07-30 13:05:51,2026-09-10,clalit,קרדיולוגיה,"ד""ר אביב ירון חי","דרך בן גוריון 13, בני ברק",42.0,בני ברק
2026-07-30 13:05:51,2026-09-15,clalit,קרדיולוגיה,"ד""ר טורובסקי ארקדי","הרב ניסנבאום 33, בת ים",47.0,בת ים
2026-07-30 13:05:51,2026-09-17,clalit,קרדיולוגיה,"ד""ר גולדרין יבגני","נעמי שמר 15, חולון",49.0,חולון
2026-07-30 13:05:52,2026-09-20,clalit,קרדיולוגיה,"ד""ר מרקושמר אילן עמו","נעמי שמר 15, חולון",52.0,חולון
2026-07-30 13:05:52,2026-09-28,clalit,קרדיולוגיה,"ד""ר קדמון אהוד","דרך בן גוריון 13, בני ברק",60.0,בני ברק
2026-07-30 13:05:52,2026-09-30,clalit,קרדיולוגיה,"ד""ר קאסם מחמוד","א תופאח, טירה",62.0,טירה
2026-07-30 13:05:52,2026-10-04,clalit,קרדיולוגיה,"ד""ר המר יואב","דרך בן גוריון 13, בני ברק",66.0,בני ברק
2026-07-30 13:05:52,2026-10-07,clalit,קרדיולוגיה,"ד""ר טורובסקי ארקדי","נעמי שמר 15, חולון",69.0,חולון
2026-07-30 13:05:52,2026-10-08,clalit,קרדיולוגיה,"ד""ר בינר סימון","נעמי שמר 15, חולון",70.0,חולון
2026-07-30 13:05:52,2026-10-18,clalit,קרדיולוגיה,"ד""ר ארנסון יואב","רמב''ם 1, הרצליה",80.0,הרצליה
2026-07-30 13:05:53,2026-10-18,clalit,קרדיולוגיה,"ד""ר דקה סמיר","רמב''ם 1, הרצליה",80.0,הרצליה
2026-07-30 13:05:53,2026-10-18,clalit,קרדיולוגיה,"ד""ר חאסקיה עבד אל ר","רמב''ם 1, הרצליה",80.0,הרצליה
2026-07-30 13:05:53,2026-10-19,clalit,קרדיולוגיה,"ד""ר חלפין ולבל זאב","נעמי שמר 15, חולון",81.0,חולון
2026-07-30 13:05:53,2026-10-19,clalit,קרדיולוגיה,"ד""ר מונקיאר דניאל אל","רמב''ם 1, הרצליה",81.0,הרצליה
2026-07-30 13:05:53,2026-10-20,clalit,קרדיולוגיה,"ד""ר ברלין טטיאנה","רמב''ם 1, הרצליה",82.0,הרצליה
2026-07-30 13:05:53,2026-11-10,clalit,קרדיולוגיה,פרופ' יעקובישוילי זאזא,"נעמי שמר 15, חולון",103.0,חולון
2026-07-30 13:05:53,,clalit,קרדיולוגיה,"רופא מבי""ח","נעמי שמר 15, חולון",,חולון
2026-07-30 13:05:54,2026-09-02,clalit,ראומטולוגיה,"ד""ר שי אהרוני חגית","אבן גבירול 124, תל אביב יפו",34.0,תל אביב יפו
2026-07-30 13:05:54,2026-09-03,clalit,ראומטולוגיה,"ד""ר קמחי עודד","אבן גבירול 124, תל אביב יפו",35.0,תל אביב יפו
2026-07-30 13:05:54,2026-09-14,clalit,ראומטולוגיה,"רופא בי""ח","וייצמן 10, תל אביב יפו",46.0,תל אביב יפו
2026-07-30 13:05:54,2026-10-04,clalit,ראומטולוגיה,"רופא בי""ח 1","וייצמן 10, תל אביב יפו",66.0,תל אביב יפו
2026-07-30 13:05:54,,clalit,ראומטולוגיה,"ד""ר שיפטר תאודור","דרך בן גוריון 13, בני ברק",,בני ברק
2026-07-30 13:05:55,2026-09-09,clalit,שקיפות עורפית- עובר,"ד""ר דקל איל","אבא אחימאיר 18, תל אביב יפו",41.0,תל אביב יפו
2026-07-30 13:05:55,2026-09-14,clalit,שקיפות עורפית- עובר,"ד""ר ארליך אורי","אבא אחימאיר 18, תל אביב יפו",46.0,תל אביב יפו
2026-07-30 13:05:55,2026-09-14,clalit,שקיפות עורפית- עובר,"ד""ר דקל איל","נירים 3, תל אביב יפו",46.0,תל אביב יפו
2026-07-30 13:05:55,2026-09-17,clalit,שקיפות עורפית- עובר,"ד""ר דרוקר ליאור","אבא אחימאיר 18, תל אביב יפו",49.0,תל אביב יפו
2026-07-30 13:05:55,,clalit,שקיפות עורפית- עובר,שמעוני יוחנן חו,"נירים 3, תל אביב יפו",,תל אביב יפו
2026-07-30 13:05:55,2026-08-06,clalit,שקיפות עורפית- עובר,"ד""ר חייקין אלכסנדר","וייצמן 83, כפר סבא",7.0,כפר סבא
2026-07-30 13:05:55,2026-08-23,clalit,שקיפות עורפית- עובר,"ד""ר אלפרט יואב","וייצמן 83, כפר סבא",24.0,כפר סבא
2026-07-30 13:05:56,2026-08-30,clalit,שקיפות עורפית- עובר,"ד""ר דקל איל","אריק איינשטיין 1, בת ים",31.0,בת ים
2026-07-30 13:05:56,2026-08-30,clalit,שקיפות עורפית- עובר,"ד""ר פישמן גייל שירה","סשה ארגוב 23, רעננה",31.0,רעננה
2026-07-30 13:05:56,2026-09-01,clalit,שקיפות עורפית- עובר,"ד""ר אבירם רמי","בן גוריון 22, הרצליה",33.0,הרצליה
2026-07-30 13:05:56,2026-09-04,clalit,שקיפות עורפית- עובר,"ד""ר וולפרט אלדר","רפאל איתן 4, חולון",36.0,חולון
2026-07-30 13:05:56,2026-09-07,clalit,שקיפות עורפית- עובר,"ד""ר אליגר נלי","רפאל איתן 4, חולון",39.0,חולון
2026-07-30 13:05:56,2026-09-08,clalit,שקיפות עורפית- עובר,"ד""ר שרייבר חנוך","וייצמן 83, כפר סבא",40.0,כפר סבא
2026-07-30 13:05:56,2026-09-08,clalit,שקיפות עורפית- עובר,"ד""ר שריג מנחם יצח","וייצמן 83, כפר סבא",40.0,כפר סבא
2026-07-30 13:05:57,2026-09-09,clalit,שקיפות עורפית- עובר,"ד""ר אבנט חגי","בן גוריון 22, הרצליה",41.0,הרצליה
2026-07-30 13:05:57,2026-09-20,clalit,שקיפות עורפית- עובר,"ד""ר חייקין אלכסנדר","בן גוריון 22, הרצליה",52.0,הרצליה
2026-07-30 13:24:27,2026-07-30,clalit,אורתופדיה,"רופא בי""ח 2","אבן גבירול 124, תל אביב יפו",0.0,תל אביב יפו
2026-07-30 13:24:27,2026-08-04,clalit,אורתופדיה,"ד""ר לשינר ויאצ'סלב","שדרות יד לבנים 35, תל אביב יפו",5.0,תל אביב יפו
2026-07-30 13:24:27,2026-08-09,clalit,אורתופדיה,"ד""ר צרפתי ירון","אליהו ברלין 13, תל אביב יפו",10.0,תל אביב יפו
2026-07-30 13:24:27,2026-08-13,clalit,אורתופדיה,"ד""ר קוטוב קונסטנטי","התקומה 23, תל אביב יפו",14.0,תל אביב יפו
2026-07-30 13:24:27,2026-08-14,clalit,אורתופדיה,"ד""ר הלר אייל","דרך משה דיין 147, תל אביב יפו",15.0,תל אביב יפו
2026-07-30 13:24:27,2026-08-16,clalit,אורתופדיה,"ד""ר אשכול זאב","אבן גבירול 124, תל אביב יפו",17.0,תל אביב יפו
2026-07-30 13:24:28,2026-08-16,clalit,אורתופדיה,"ד""ר סודיה דן","שדרות ישראל גורי 39, תל אביב יפו",17.0,תל אביב יפו
2026-07-30 13:24:28,2026-08-18,clalit,אורתופדיה,"ד""ר פקטור שי","וייצמן 14, תל אביב יפו",19.0,תל אביב יפו
2026-07-30 13:24:28,2026-08-19,clalit,אורתופדיה,"ד""ר אלמליח שירן","אבן גבירול 124, תל אביב יפו",20.0,תל אביב יפו
2026-07-30 13:24:28,2026-08-19,clalit,אורתופדיה,"רופא בי""ח 1","אבן גבירול 124, תל אביב יפו",20.0,תל אביב יפו
2026-07-30 13:24:28,2026-08-20,clalit,אורתופדיה,"ד""ר אמזלג ניסן","אבן גבירול 124, תל אביב יפו",21.0,תל אביב יפו
2026-07-30 13:24:28,2026-08-23,clalit,אורתופדיה,"ד""ר גרייף נדב","מנורת המאור 3, תל אביב יפו",24.0,תל אביב יפו
2026-07-30 13:24:28,2026-08-24,clalit,אורתופדיה,"ד""ר אשכול זאב","אהרון בקר 8, תל אביב יפו",25.0,תל אביב יפו
2026-07-30 13:24:28,2026-08-24,clalit,אורתופדיה,"ד""ר גרייף נדב","שקד 11, תל אביב יפו",25.0,תל אביב יפו
2026-07-30 13:24:28,2026-08-25,clalit,אורתופדיה,"ד""ר פורטנוי ליטל","אבן גבירול 124, תל אביב יפו",26.0,תל אביב יפו
2026-07-30 13:24:28,2026-08-30,clalit,אורתופדיה,"ד""ר ניימן מאור","אבן גבירול 124, תל אביב יפו",31.0,תל אביב יפו
2026-07-30 13:24:28,2026-08-30,clalit,אורתופדיה,"ד""ר בדיר עבדול עז","אהרון בקר 8, תל אביב יפו",31.0,תל אביב יפו
2026-07-30 13:24:28,2026-09-01,clalit,אורתופדיה,"ד""ר הוים קירסטין","אבן גבירול 124, תל אביב יפו",33.0,תל אביב יפו
2026-07-30 13:24:28,2026-09-02,clalit,אורתופדיה,"ד""ר אפרימה בן","הרטוב 5, תל אביב יפו",34.0,תל אביב יפו
2026-07-30 13:24:28,2026-09-07,clalit,אורתופדיה,"רופא בי""ח 3","אבן גבירול 124, תל אביב יפו",39.0,תל אביב יפו
2026-07-30 13:24:30,,clalit,אורתופדיה,פרופ' ורשבסקי יניב,"וייצמן 14, תל אביב יפו",,תל אביב יפו
2026-07-30 13:24:30,,clalit,יעוץ אורתופדי,"ד""ר נחום ערד גלית","אבן גבירול 124, תל אביב יפו",,תל אביב יפו
2026-07-30 13:24:30,2026-07-31,clalit,אורתופדיה,"ד""ר קאסם חאלד","אל משרוע 46, טירה",1.0,טירה
2026-07-30 13:24:30,2026-08-05,clalit,אורתופדיה,"ד""ר זמירו עיסאם","אל קודס 50, טירה",6.0,טירה
2026-07-30 13:24:30,2026-08-05,clalit,אורתופדיה,"ד""ר המיד שרים","טארק עבד אל חי, טירה",6.0,טירה
2026-07-30 13:24:30,2026-08-13,clalit,אורתופדיה,"ד""ר איזק ג'ורג' ג","הרב ניסנבאום 33, בת ים",14.0,בת ים
2026-07-30 13:24:30,2026-08-13,clalit,אורתופדיה,"רופא בי""ח 1","הרב ניסנבאום 33, בת ים",14.0,בת ים
2026-07-30 13:24:30,2026-08-13,clalit,אורתופדיה,"רופא בי""ח 2","הרב ניסנבאום 33, בת ים",14.0,בת ים
2026-07-30 13:24:30,2026-08-16,clalit,אורתופדיה,"ד""ר נאסר מוחמד","הרב ניסנבאום 33, בת ים",17.0,בת ים
2026-07-30 13:24:30,2026-08-16,clalit,אורתופדיה,"ד""ר קולדנוב אלברט","הרב ניסנבאום 33, בת ים",17.0,בת ים
2026-07-30 13:24:30,2026-08-17,clalit,אורתופדיה,"ד""ר שפי מיכאל","הרב ניסנבאום 33, בת ים",18.0,בת ים
2026-07-30 13:24:30,2026-08-18,clalit,אורתופדיה,"ד""ר אלבז איתי","רפאל איתן 4, חולון",19.0,חולון
2026-07-30 13:24:30,2026-08-18,clalit,אורתופדיה,"ד""ר ליפשיץ יצחק מאי","הרב ניסנבאום 33, בת ים",19.0,בת ים
2026-07-30 13:24:30,2026-08-18,clalit,אורתופדיה,"ד""ר סודיה דן","אריק איינשטיין 1, בת ים",19.0,בת ים
2026-07-30 13:24:31,2026-08-18,clalit,אורתופדיה,"ד""ר פוקס יובל","הרצל 34, רמת גן",19.0,רמת גן
2026-07-30 13:24:31,2026-08-18,clalit,אורתופדיה,"ד""ר ליפשיץ יצחק מאי","הרצל 39, רמת גן",19.0,רמת גן
2026-07-30 13:24:31,2026-08-19,clalit,אורתופדיה,רופא ב.בלינסון,"הרצל 34, רמת גן",20.0,רמת גן
2026-07-30 13:24:31,2026-08-20,clalit,אורתופדיה,"ד""ר אקיאן רועי","הרב ניסנבאום 33, בת ים",21.0,בת ים
2026-07-30 13:24:31,2026-08-23,clalit,אורתופדיה,"ד""ר איזק ג'ורג' ג","רפאל איתן 4, חולון",24.0,חולון
2026-07-30 13:24:31,2026-08-23,clalit,אורתופדיה,"ד""ר לשינר ויאצ'סלב","בורוכוב 54, גבעתיים",24.0,גבעתיים
2026-07-30 13:24:31,2026-08-24,clalit,אורתופדיה,"ד""ר סודיה דן","רפאל איתן 4, חולון",25.0,חולון
2026-07-30 13:24:32,2026-08-24,clalit,אורתופדיה,"ד""ר אברהם אורי","הרצל 34, רמת גן",25.0,רמת גן
2026-07-30 13:24:32,2026-08-24,clalit,אורתופדיה,"ד""ר גולדשטיין רן","הרצל 34, רמת גן",25.0,רמת גן
2026-07-30 13:24:32,2026-08-24,clalit,אורתופדיה,רופא ב.בלינסון ב,"הרצל 34, רמת גן",25.0,רמת גן
2026-07-30 13:24:32,2026-08-24,clalit,אורתופדיה,"ד""ר גורמן גאורגי","רמב''ם 1, הרצליה",25.0,הרצליה
2026-07-30 13:24:32,2026-08-24,clalit,אורתופדיה,"יועץ בי""ח","רמב''ם 1, הרצליה",25.0,הרצליה
2026-07-30 13:24:32,2026-08-25,clalit,אורתופדיה,"ד""ר אליאס יוסף","רפאל איתן 4, חולון",26.0,חולון
2026-07-30 13:24:32,2026-08-25,clalit,אורתופדיה,"ד""ר ליכטנשטיין עדי","הרצל 34, רמת גן",26.0,רמת גן
2026-07-30 13:24:33,2026-08-25,clalit,אורתופדיה,"ד""ר מסרי אברהם אל","רמב''ם 1, הרצליה",26.0,הרצליה
2026-07-30 13:24:33,2026-08-25,clalit,אורתופדיה,"ד""ר אבו סאפי עיד","גלבוע 118, אלפי מנשה",26.0,אלפי מנשה
2026-07-30 13:24:33,2026-08-26,clalit,אורתופדיה,"ד""ר אליאס יוסף","חיים וייצמן 25, אזור",27.0,אזור
2026-07-30 13:24:33,2026-08-26,clalit,אורתופדיה,"ד""ר בן אליהו רון","הרצל 34, רמת גן",27.0,רמת גן
2026-07-30 13:24:33,2026-08-27,clalit,אורתופדיה,"ד""ר ספון אלכסנדר","נעמי שמר 15, חולון",28.0,חולון
2026-07-30 13:24:33,2026-08-30,clalit,אורתופדיה,"ד""ר אפרימה בן","רפאל איתן 4, חולון",31.0,חולון
2026-07-30 13:24:33,2026-08-30,clalit,אורתופדיה,"ד""ר מכלין רולן","נעמי שמר 15, חולון",31.0,חולון
2026-07-30 13:24:34,2026-08-30,clalit,אורתופדיה,"ד""ר קסטנר מוטי מרד","נעמי שמר 15, חולון",31.0,חולון
2026-07-30 13:24:34,2026-08-30,clalit,אורתופדיה,"ד""ר גולדשטיין רן","דרך יצחק רבין 53, גבעתיים",31.0,גבעתיים
2026-07-30 13:24:34,2026-08-30,clalit,אורתופדיה,"ד""ר בן צבי יעקב","אחוזה 98, רעננה",31.0,רעננה
2026-07-30 13:24:34,2026-08-31,clalit,אורתופדיה,"ד""ר ניימן מאור","הרב ניסנבאום 33, בת ים",32.0,בת ים
2026-07-30 13:24:34,2026-09-02,clalit,אורתופדיה,"ד""ר שפירא סידני","רמב''ם 1, הרצליה",34.0,הרצליה
2026-07-30 13:24:34,2026-09-02,clalit,אורתופדיה,"ד""ר שפירא שי","בן גוריון 43, כפר סבא",34.0,כפר סבא
2026-07-30 13:24:34,2026-09-02,clalit,אורתופדיה,"ד""ר קוטוב קונסטנטי","רפפורט 3, כפר סבא",34.0,כפר סבא
2026-07-30 13:24:35,2026-09-03,clalit,אורתופדיה,"ד""ר קוארטלר יעקב","הכישור 49, חולון",35.0,חולון
2026-07-30 13:24:35,2026-09-03,clalit,אורתופדיה,"ד""ר אברהם אורי","דרך זאב ז'בוטינסקי 12, בני ברק",35.0,בני ברק
2026-07-30 13:24:35,2026-09-04,clalit,אורתופדיה,"ד""ר קוטוב קונסטנטי","הפועל 22, הרצליה",36.0,הרצליה
2026-07-30 13:24:35,2026-09-07,clalit,אורתופדיה,"ד""ר לשינר ויאצ'סלב","עזרא 11, בני ברק",39.0,בני ברק
2026-07-30 13:24:35,2026-09-09,clalit,אורתופדיה,"ד""ר ברגר עמרי גיא","הפועל 22, הרצליה",41.0,הרצליה
2026-07-30 13:24:35,2026-09-10,clalit,אורתופדיה,"ד""ר זפרן אבישי","רוטשילד 29, בת ים",42.0,בת ים
2026-07-30 13:24:35,2026-09-16,clalit,אורתופדיה,"ד""ר זפרן אבישי","רמב''ם 1, הרצליה",48.0,הרצליה
2026-07-30 13:24:36,2026-09-16,clalit,אורתופדיה,"ד""ר פואז נאסר","בן גוריון 43, כפר סבא",48.0,כפר סבא
2026-07-30 13:24:36,2026-09-17,clalit,אורתופדיה,"ד""ר פואז נאסר","התקווה 18, רעננה",49.0,רעננה
2026-07-30 13:24:36,2026-09-23,clalit,אורתופדיה,"ד""ר גרינברג אריה","דרך יצחק רבין 53, גבעתיים",55.0,גבעתיים
2026-07-30 13:24:36,2026-10-04,clalit,אורתופדיה,"ד""ר נוביצקי אלכסנדר","בן גוריון 43, כפר סבא",66.0,כפר סבא
2026-07-30 13:24:36,,clalit,אורתופדיה,"ד""ר אליאס יוסף","ששת הימים 6, חולון",,חולון
2026-07-30 13:24:36,,clalit,אורתופדיה,"ד""ר גולדשטיין רן","דרך זאב ז'בוטינסקי 105, רמת גן",,רמת גן
2026-07-30 13:24:36,,clalit,אורתופדיה,"ד""ר ארוולדזה סמסון","רמב''ם 1, הרצליה",,הרצליה
2026-07-30 13:24:37,,clalit,אורתופדיה,"ד""ר אבו סאפי עיד","שדרות רחבעם 1, קרני שומרון",,קרני שומרון
2026-07-30 14:00:45,2026-08-14,clalit,אורתופדיה,"ד""ר הלר אייל","דרך משה דיין 147, תל אביב יפו",15.0,תל אביב יפו
2026-07-30 14:00:45,2026-08-14,clalit,אורתופדיה,"ד""ר צרפתי ירון","אליהו ברלין 13, תל אביב יפו",15.0,תל אביב יפו
2026-07-30 14:00:45,2026-08-16,clalit,אורתופדיה,"ד""ר אשכול זאב","אבן גבירול 124, תל אביב יפו",17.0,תל אביב יפו
2026-07-30 14:00:45,2026-08-16,clalit,אורתופדיה,"ד""ר סודיה דן","שדרות ישראל גורי 39, תל אביב יפו",17.0,תל אביב יפו
2026-07-30 14:00:45,2026-08-17,clalit,אורתופדיה,"ד""ר לשינר ויאצ'סלב","שדרות יד לבנים 35, תל אביב יפו",18.0,תל אביב יפו
2026-07-30 14:00:45,2026-08-18,clalit,אורתופדיה,"ד""ר פקטור שי","וייצמן 14, תל אביב יפו",19.0,תל אביב יפו
2026-07-30 14:00:46,2026-08-19,clalit,אורתופדיה,"ד""ר אלמליח שירן","אבן גבירול 124, תל אביב יפו",20.0,תל אביב יפו
2026-07-30 14:00:46,2026-08-19,clalit,אורתופדיה,"רופא בי""ח 2","אבן גבירול 124, תל אביב יפו",20.0,תל אביב יפו
2026-07-30 14:00:46,2026-08-19,clalit,אורתופדיה,"רופא בי""ח 1","אבן גבירול 124, תל אביב יפו",20.0,תל אביב יפו
2026-07-30 14:00:46,2026-08-20,clalit,אורתופדיה,"ד""ר אמזלג ניסן","אבן גבירול 124, תל אביב יפו",21.0,תל אביב יפו
2026-07-30 14:00:46,2026-08-23,clalit,אורתופדיה,"ד""ר גרייף נדב","מנורת המאור 3, תל אביב יפו",24.0,תל אביב יפו
2026-07-30 14:00:46,2026-08-24,clalit,אורתופדיה,"ד""ר אשכול זאב","אהרון בקר 8, תל אביב יפו",25.0,תל אביב יפו
2026-07-30 14:00:46,2026-08-24,clalit,אורתופדיה,"ד""ר גרייף נדב","שקד 11, תל אביב יפו",25.0,תל אביב יפו
2026-07-30 14:00:47,2026-08-25,clalit,אורתופדיה,"ד""ר פורטנוי ליטל","אבן גבירול 124, תל אביב יפו",26.0,תל אביב יפו
2026-07-30 14:00:47,2026-08-30,clalit,אורתופדיה,"ד""ר בדיר עבדול עז","אהרון בקר 8, תל אביב יפו",31.0,תל אביב יפו
2026-07-30 14:00:47,2026-09-01,clalit,אורתופדיה,"ד""ר הוים קירסטין","אבן גבירול 124, תל אביב יפו",33.0,תל אביב יפו
2026-07-30 14:00:47,2026-09-02,clalit,אורתופדיה,"ד""ר אפרימה בן","הרטוב 5, תל אביב יפו",34.0,תל אביב יפו
2026-07-30 14:00:47,2026-09-03,clalit,אורתופדיה,"ד""ר קוטוב קונסטנטי","התקומה 23, תל אביב יפו",35.0,תל אביב יפו
2026-07-30 14:00:47,2026-09-03,clalit,אורתופדיה,"ד""ר ניימן מאור","אבן גבירול 124, תל אביב יפו",35.0,תל אביב יפו
2026-07-30 14:00:47,2026-09-07,clalit,אורתופדיה,"רופא בי""ח 3","אבן גבירול 124, תל אביב יפו",39.0,תל אביב יפו
2026-07-30 14:00:48,,clalit,אורתופדיה,פרופ' ורשבסקי יניב,"וייצמן 14, תל אביב יפו",,תל אביב יפו
2026-07-30 14:00:48,,clalit,יעוץ אורתופדי,"ד""ר נחום ערד גלית","אבן גבירול 124, תל אביב יפו",,תל אביב יפו
2026-07-30 14:00:48,2026-07-31,clalit,אורתופדיה,"ד""ר אברהם אורי","הרצל 34, רמת גן",1.0,רמת גן
2026-07-30 14:00:48,2026-08-03,clalit,אורתופדיה,רופא ב.בלינסון ב,"הרצל 34, רמת גן",4.0,רמת גן
2026-07-30 14:00:48,2026-08-05,clalit,אורתופדיה,"ד""ר זמירו עיסאם","אל קודס 50, טירה",6.0,טירה
2026-07-30 14:00:48,2026-08-12,clalit,אורתופדיה,"ד""ר המיד שרים","טארק עבד אל חי, טירה",13.0,טירה
2026-07-30 14:00:48,2026-08-13,clalit,אורתופדיה,"ד""ר איזק ג'ורג' ג","הרב ניסנבאום 33, בת ים",14.0,בת ים
2026-07-30 14:00:49,2026-08-13,clalit,אורתופדיה,"רופא בי""ח 2","הרב ניסנבאום 33, בת ים",14.0,בת ים
2026-07-30 14:00:49,2026-08-16,clalit,אורתופדיה,"ד""ר נאסר מוחמד","הרב ניסנבאום 33, בת ים",17.0,בת ים
2026-07-30 14:00:49,2026-08-16,clalit,אורתופדיה,"ד""ר קולדנוב אלברט","הרב ניסנבאום 33, בת ים",17.0,בת ים
2026-07-30 14:00:49,2026-08-16,clalit,אורתופדיה,"רופא בי""ח 1","הרב ניסנבאום 33, בת ים",17.0,בת ים
2026-07-30 14:00:49,2026-08-17,clalit,אורתופדיה,"ד""ר שפי מיכאל","הרב ניסנבאום 33, בת ים",18.0,בת ים
2026-07-30 14:00:49,2026-08-18,clalit,אורתופדיה,"ד""ר אלבז איתי","רפאל איתן 4, חולון",19.0,חולון
2026-07-30 14:00:49,2026-08-18,clalit,אורתופדיה,"ד""ר ליפשיץ יצחק מאי","הרב ניסנבאום 33, בת ים",19.0,בת ים
2026-07-30 14:00:50,2026-08-18,clalit,אורתופדיה,"ד""ר סודיה דן","אריק איינשטיין 1, בת ים",19.0,בת ים
2026-07-30 14:00:50,2026-08-18,clalit,אורתופדיה,"ד""ר פוקס יובל","הרצל 34, רמת גן",19.0,רמת גן
2026-07-30 14:00:50,2026-08-19,clalit,אורתופדיה,רופא ב.בלינסון,"הרצל 34, רמת גן",20.0,רמת גן
2026-07-30 14:00:50,2026-08-20,clalit,אורתופדיה,"ד""ר אקיאן רועי","הרב ניסנבאום 33, בת ים",21.0,בת ים
2026-07-30 14:00:50,2026-08-20,clalit,אורתופדיה,"ד""ר ליפשיץ יצחק מאי","הרצל 39, רמת גן",21.0,רמת גן
2026-07-30 14:00:50,2026-08-20,clalit,אורתופדיה,"ד""ר אברהם אורי","דרך זאב ז'בוטינסקי 12, בני ברק",21.0,בני ברק
2026-07-30 14:00:50,2026-08-22,clalit,אורתופדיה,"ד""ר קאסם חאלד","אל משרוע 46, טירה",23.0,טירה
2026-07-30 14:00:51,2026-08-23,clalit,אורתופדיה,"ד""ר איזק ג'ורג' ג","רפאל איתן 4, חולון",24.0,חולון
2026-07-30 14:00:51,2026-08-23,clalit,אורתופדיה,"ד""ר לשינר ויאצ'סלב","בורוכוב 54, גבעתיים",24.0,גבעתיים
2026-07-30 14:00:51,2026-08-24,clalit,אורתופדיה,"ד""ר סודיה דן","רפאל איתן 4, חולון",25.0,חולון
2026-07-30 14:00:51,2026-08-24,clalit,אורתופדיה,"ד""ר גולדשטיין רן","הרצל 34, רמת גן",25.0,רמת גן
2026-07-30 14:00:51,2026-08-24,clalit,אורתופדיה,"ד""ר גורמן גאורגי","רמב''ם 1, הרצליה",25.0,הרצליה
2026-07-30 14:00:51,2026-08-24,clalit,אורתופדיה,"יועץ בי""ח","רמב''ם 1, הרצליה",25.0,הרצליה
2026-07-30 14:00:51,2026-08-25,clalit,אורתופדיה,"ד""ר אליאס יוסף","רפאל איתן 4, חולון",26.0,חולון
2026-07-30 14:00:52,2026-08-25,clalit,אורתופדיה,"ד""ר ליכטנשטיין עדי","הרצל 34, רמת גן",26.0,רמת גן
2026-07-30 14:00:52,2026-08-25,clalit,אורתופדיה,"ד""ר מסרי אברהם אל","רמב''ם 1, הרצליה",26.0,הרצליה
2026-07-30 14:00:52,2026-08-25,clalit,אורתופדיה,"ד""ר אבו סאפי עיד","גלבוע 118, אלפי מנשה",26.0,אלפי מנשה
2026-07-30 14:00:52,2026-08-26,clalit,אורתופדיה,"ד""ר אליאס יוסף","חיים וייצמן 25, אזור",27.0,אזור
2026-07-30 14:00:52,2026-08-26,clalit,אורתופדיה,"ד""ר בן אליהו רון","הרצל 34, רמת גן",27.0,רמת גן
2026-07-30 14:00:52,2026-08-27,clalit,אורתופדיה,"ד""ר ספון אלכסנדר","נעמי שמר 15, חולון",28.0,חולון
2026-07-30 14:00:52,2026-08-27,clalit,אורתופדיה,"ד""ר מכלין רולן","נעמי שמר 15, חולון",28.0,חולון
2026-07-30 14:00:53,2026-08-30,clalit,אורתופדיה,"ד""ר אפרימה בן","רפאל איתן 4, חולון",31.0,חולון
2026-07-30 14:00:53,2026-08-30,clalit,אורתופדיה,"ד""ר קסטנר מוטי מרד","נעמי שמר 15, חולון",31.0,חולון
2026-07-30 14:00:53,2026-08-30,clalit,אורתופדיה,"ד""ר גולדשטיין רן","דרך יצחק רבין 53, גבעתיים",31.0,גבעתיים
2026-07-30 14:00:53,2026-08-30,clalit,אורתופדיה,"ד""ר בן צבי יעקב","אחוזה 98, רעננה",31.0,רעננה
2026-07-30 14:00:53,2026-08-31,clalit,אורתופדיה,"ד""ר ניימן מאור","הרב ניסנבאום 33, בת ים",32.0,בת ים
2026-07-30 14:00:53,2026-09-02,clalit,אורתופדיה,"ד""ר שפירא סידני","רמב''ם 1, הרצליה",34.0,הרצליה
2026-07-30 14:00:53,2026-09-02,clalit,אורתופדיה,"ד""ר שפירא שי","בן גוריון 43, כפר סבא",34.0,כפר סבא
2026-07-30 14:00:54,2026-09-02,clalit,אורתופדיה,"ד""ר קוטוב קונסטנטי","רפפורט 3, כפר סבא",34.0,כפר סבא
2026-07-30 14:00:54,2026-09-03,clalit,אורתופדיה,"ד""ר קוארטלר יעקב","הכישור 49, חולון",35.0,חולון
2026-07-30 14:00:54,2026-09-04,clalit,אורתופדיה,"ד""ר קוטוב קונסטנטי","הפועל 22, הרצליה",36.0,הרצליה
2026-07-30 14:00:54,2026-09-07,clalit,אורתופדיה,"ד""ר לשינר ויאצ'סלב","עזרא 11, בני ברק",39.0,בני ברק
2026-07-30 14:00:54,2026-09-09,clalit,אורתופדיה,"ד""ר ברגר עמרי גיא","הפועל 22, הרצליה",41.0,הרצליה
2026-07-30 14:00:54,2026-09-10,clalit,אורתופדיה,"ד""ר זפרן אבישי","רוטשילד 29, בת ים",42.0,בת ים
2026-07-30 14:00:54,2026-09-16,clalit,אורתופדיה,"ד""ר זפרן אבישי","רמב''ם 1, הרצליה",48.0,הרצליה
2026-07-30 14:00:55,2026-09-16,clalit,אורתופדיה,"ד""ר פואז נאסר","בן גוריון 43, כפר סבא",48.0,כפר סבא
2026-07-30 14:00:55,2026-09-17,clalit,אורתופדיה,"ד""ר פואז נאסר","התקווה 18, רעננה",49.0,רעננה
2026-07-30 14:00:55,2026-09-23,clalit,אורתופדיה,"ד""ר גרינברג אריה","דרך יצחק רבין 53, גבעתיים",55.0,גבעתיים
2026-07-30 14:00:55,2026-10-04,clalit,אורתופדיה,"ד""ר נוביצקי אלכסנדר","בן גוריון 43, כפר סבא",66.0,כפר סבא
2026-07-30 14:00:55,,clalit,אורתופדיה,"ד""ר אליאס יוסף","ששת הימים 6, חולון",,חולון
2026-07-30 14:00:55,,clalit,אורתופדיה,"ד""ר גולדשטיין רן","דרך זאב ז'בוטינסקי 105, רמת גן",,רמת גן
2026-07-30 14:00:55,,clalit,אורתופדיה,"ד""ר ארוולדזה סמסון","רמב''ם 1, הרצליה",,הרצליה
2026-07-30 14:00:56,,clalit,אורתופדיה,"ד""ר אבו סאפי עיד","שדרות רחבעם 1, קרני שומרון",,קרני שומרון
2026-07-30 15:08:03,2026-08-14,clalit,אורתופדיה,"ד""ר הלר אייל","דרך משה דיין 147, תל אביב יפו",15.0,תל אביב יפו
2026-07-30 15:08:03,2026-08-14,clalit,אורתופדיה,"ד""ר צרפתי ירון","אליהו ברלין 13, תל אביב יפו",15.0,תל אביב יפו
2026-07-30 15:08:03,2026-08-16,clalit,אורתופדיה,"ד""ר סודיה דן","שדרות ישראל גורי 39, תל אביב יפו",17.0,תל אביב יפו
2026-07-30 15:08:03,2026-08-17,clalit,אורתופדיה,פרופ' ורשבסקי יניב,"וייצמן 14, תל אביב יפו",18.0,תל אביב יפו
2026-07-30 15:08:03,2026-08-17,clalit,אורתופדיה,"ד""ר לשינר ויאצ'סלב","שדרות יד לבנים 35, תל אביב יפו",18.0,תל אביב יפו
2026-07-30 15:08:03,2026-08-18,clalit,אורתופדיה,"ד""ר אשכול זאב","אבן גבירול 124, תל אביב יפו",19.0,תל אביב יפו
2026-07-30 15:08:03,2026-08-18,clalit,אורתופדיה,"ד""ר פקטור שי","וייצמן 14, תל אביב יפו",19.0,תל אביב יפו
2026-07-30 15:08:03,2026-08-19,clalit,אורתופדיה,"ד""ר אלמליח שירן","אבן גבירול 124, תל אביב יפו",20.0,תל אביב יפו
2026-07-30 15:08:03,2026-08-19,clalit,אורתופדיה,"רופא בי""ח 2","אבן גבירול 124, תל אביב יפו",20.0,תל אביב יפו
2026-07-30 15:08:03,2026-08-19,clalit,אורתופדיה,"רופא בי""ח 1","אבן גבירול 124, תל אביב יפו",20.0,תל אביב יפו
2026-07-30 15:08:03,2026-08-20,clalit,אורתופדיה,"ד""ר אמזלג ניסן","אבן גבירול 124, תל אביב יפו",21.0,תל אביב יפו
2026-07-30 15:08:03,2026-08-23,clalit,אורתופדיה,"ד""ר גרייף נדב","מנורת המאור 3, תל אביב יפו",24.0,תל אביב יפו
2026-07-30 15:08:03,2026-08-24,clalit,אורתופדיה,"ד""ר הוים קירסטין","אבן גבירול 124, תל אביב יפו",25.0,תל אביב יפו
2026-07-30 15:08:04,2026-08-24,clalit,אורתופדיה,"ד""ר אשכול זאב","אהרון בקר 8, תל אביב יפו",25.0,תל אביב יפו
2026-07-30 15:08:04,2026-08-24,clalit,אורתופדיה,"ד""ר גרייף נדב","שקד 11, תל אביב יפו",25.0,תל אביב יפו
2026-07-30 15:08:04,2026-08-25,clalit,אורתופדיה,"ד""ר פורטנוי ליטל","אבן גבירול 124, תל אביב יפו",26.0,תל אביב יפו
2026-07-30 15:08:04,2026-08-30,clalit,אורתופדיה,"ד""ר בדיר עבדול עז","אהרון בקר 8, תל אביב יפו",31.0,תל אביב יפו
2026-07-30 15:08:04,2026-09-02,clalit,אורתופדיה,"ד""ר אפרימה בן","הרטוב 5, תל אביב יפו",34.0,תל אביב יפו
2026-07-30 15:08:04,2026-09-03,clalit,אורתופדיה,"ד""ר קוטוב קונסטנטי","התקומה 23, תל אביב יפו",35.0,תל אביב יפו
2026-07-30 15:08:04,2026-09-03,clalit,אורתופדיה,"ד""ר ניימן מאור","אבן גבירול 124, תל אביב יפו",35.0,תל אביב יפו
2026-07-30 15:08:04,2026-09-07,clalit,אורתופדיה,"רופא בי""ח 3","אבן גבירול 124, תל אביב יפו",39.0,תל אביב יפו
2026-07-30 15:08:04,,clalit,יעוץ אורתופדי,"ד""ר נחום ערד גלית","אבן גבירול 124, תל אביב יפו",,תל אביב יפו
2026-07-30 15:08:04,2026-08-02,clalit,אורתופדיה,"ד""ר שפירא סידני","רמב''ם 1, הרצליה",3.0,הרצליה
2026-07-30 15:08:04,2026-08-05,clalit,אורתופדיה,"ד""ר זמירו עיסאם","אל קודס 50, טירה",6.0,טירה
2026-07-30 15:08:04,2026-08-12,clalit,אורתופדיה,"ד""ר המיד שרים","טארק עבד אל חי, טירה",13.0,טירה
2026-07-30 15:08:04,2026-08-13,clalit,אורתופדיה,"ד""ר איזק ג'ורג' ג","הרב ניסנבאום 33, בת ים",14.0,בת ים
2026-07-30 15:08:04,2026-08-13,clalit,אורתופדיה,"ד""ר קולדנוב אלברט","הרב ניסנבאום 33, בת ים",14.0,בת ים
2026-07-30 15:08:04,2026-08-13,clalit,אורתופדיה,"רופא בי""ח 2","הרב ניסנבאום 33, בת ים",14.0,בת ים
2026-07-30 15:08:04,2026-08-16,clalit,אורתופדיה,"ד""ר נאסר מוחמד","הרב ניסנבאום 33, בת ים",17.0,בת ים
2026-07-30 15:08:04,2026-08-16,clalit,אורתופדיה,"רופא בי""ח 1","הרב ניסנבאום 33, בת ים",17.0,בת ים
2026-07-30 15:08:04,2026-08-17,clalit,אורתופדיה,"ד""ר שפי מיכאל","הרב ניסנבאום 33, בת ים",18.0,בת ים
2026-07-30 15:08:04,2026-08-17,clalit,אורתופדיה,"ד""ר גורמן גאורגי","רמב''ם 1, הרצליה",18.0,הרצליה
2026-07-30 15:08:04,2026-08-18,clalit,אורתופדיה,"ד""ר ליפשיץ יצחק מאי","הרב ניסנבאום 33, בת ים",19.0,בת ים
2026-07-30 15:08:04,2026-08-18,clalit,אורתופדיה,"ד""ר סודיה דן","אריק איינשטיין 1, בת ים",19.0,בת ים
2026-07-30 15:08:05,2026-08-18,clalit,אורתופדיה,"ד""ר פוקס יובל","הרצל 34, רמת גן",19.0,רמת גן
2026-07-30 15:08:05,2026-08-19,clalit,אורתופדיה,רופא ב.בלינסון,"הרצל 34, רמת גן",20.0,רמת גן
2026-07-30 15:08:05,2026-08-20,clalit,אורתופדיה,"ד""ר אקיאן רועי","הרב ניסנבאום 33, בת ים",21.0,בת ים
2026-07-30 15:08:05,2026-08-20,clalit,אורתופדיה,"ד""ר ליפשיץ יצחק מאי","הרצל 39, רמת גן",21.0,רמת גן
2026-07-30 15:08:05,2026-08-20,clalit,אורתופדיה,"ד""ר אברהם אורי","דרך זאב ז'בוטינסקי 12, בני ברק",21.0,בני ברק
2026-07-30 15:08:05,2026-08-22,clalit,אורתופדיה,"ד""ר קאסם חאלד","אל משרוע 46, טירה",23.0,טירה
2026-07-30 15:08:05,2026-08-23,clalit,אורתופדיה,"ד""ר איזק ג'ורג' ג","רפאל איתן 4, חולון",24.0,חולון
2026-07-30 15:08:05,2026-08-23,clalit,אורתופדיה,"ד""ר לשינר ויאצ'סלב","בורוכוב 54, גבעתיים",24.0,גבעתיים
2026-07-30 15:08:05,2026-08-24,clalit,אורתופדיה,"ד""ר סודיה דן","רפאל איתן 4, חולון",25.0,חולון
2026-07-30 15:08:05,2026-08-24,clalit,אורתופדיה,"ד""ר גולדשטיין רן","הרצל 34, רמת גן",25.0,רמת גן
2026-07-30 15:08:05,2026-08-24,clalit,אורתופדיה,רופא ב.בלינסון ב,"הרצל 34, רמת גן",25.0,רמת גן
2026-07-30 15:08:05,2026-08-24,clalit,אורתופדיה,"יועץ בי""ח","רמב''ם 1, הרצליה",25.0,הרצליה
2026-07-30 15:08:05,2026-08-25,clalit,אורתופדיה,"ד""ר אליאס יוסף","רפאל איתן 4, חולון",26.0,חולון
2026-07-30 15:08:05,2026-08-25,clalit,אורתופדיה,"ד""ר אלבז איתי","רפאל איתן 4, חולון",26.0,חולון
2026-07-30 15:08:06,2026-08-25,clalit,אורתופדיה,"ד""ר ליכטנשטיין עדי","הרצל 34, רמת גן",26.0,רמת גן
2026-07-30 15:08:06,2026-08-25,clalit,אורתופדיה,"ד""ר אברהם אורי","הרצל 34, רמת גן",26.0,רמת גן
2026-07-30 15:08:06,2026-08-25,clalit,אורתופדיה,"ד""ר מסרי אברהם אל","רמב''ם 1, הרצליה",26.0,הרצליה
2026-07-30 15:08:06,2026-08-25,clalit,אורתופדיה,"ד""ר אבו סאפי עיד","גלבוע 118, אלפי מנשה",26.0,אלפי מנשה
2026-07-30 15:08:06,2026-08-26,clalit,אורתופדיה,"ד""ר אליאס יוסף","חיים וייצמן 25, אזור",27.0,אזור
2026-07-30 15:08:06,2026-08-26,clalit,אורתופדיה,"ד""ר בן אליהו רון","הרצל 34, רמת גן",27.0,רמת גן
2026-07-30 15:08:06,2026-08-27,clalit,אורתופדיה,"ד""ר ספון אלכסנדר","נעמי שמר 15, חולון",28.0,חולון
2026-07-30 15:08:06,2026-08-27,clalit,אורתופדיה,"ד""ר מכלין רולן","נעמי שמר 15, חולון",28.0,חולון
2026-07-30 15:08:06,2026-08-30,clalit,אורתופדיה,"ד""ר אפרימה בן","רפאל איתן 4, חולון",31.0,חולון
2026-07-30 15:08:06,2026-08-30,clalit,אורתופדיה,"ד""ר קסטנר מוטי מרד","נעמי שמר 15, חולון",31.0,חולון
2026-07-30 15:08:06,2026-08-30,clalit,אורתופדיה,"ד""ר גולדשטיין רן","דרך יצחק רבין 53, גבעתיים",31.0,גבעתיים
2026-07-30 15:08:06,2026-08-30,clalit,אורתופדיה,"ד""ר בן צבי יעקב","אחוזה 98, רעננה",31.0,רעננה
2026-07-30 15:08:06,2026-08-31,clalit,אורתופדיה,"ד""ר ניימן מאור","הרב ניסנבאום 33, בת ים",32.0,בת ים
2026-07-30 15:08:06,2026-09-02,clalit,אורתופדיה,"ד""ר שפירא שי","בן גוריון 43, כפר סבא",34.0,כפר סבא
2026-07-30 15:08:06,2026-09-02,clalit,אורתופדיה,"ד""ר קוטוב קונסטנטי","רפפורט 3, כפר סבא",34.0,כפר סבא
2026-07-30 15:08:06,2026-09-03,clalit,אורתופדיה,"ד""ר קוארטלר יעקב","הכישור 49, חולון",35.0,חולון
2026-07-30 15:08:06,2026-09-04,clalit,אורתופדיה,"ד""ר קוטוב קונסטנטי","הפועל 22, הרצליה",36.0,הרצליה
2026-07-30 15:08:06,2026-09-07,clalit,אורתופדיה,"ד""ר לשינר ויאצ'סלב","עזרא 11, בני ברק",39.0,בני ברק
2026-07-30 15:08:06,2026-09-09,clalit,אורתופדיה,"ד""ר ברגר עמרי גיא","הפועל 22, הרצליה",41.0,הרצליה
2026-07-30 15:08:06,2026-09-10,clalit,אורתופדיה,"ד""ר זפרן אבישי","רוטשילד 29, בת ים",42.0,בת ים
2026-07-30 15:08:06,2026-09-16,clalit,אורתופדיה,"ד""ר זפרן אבישי","רמב''ם 1, הרצליה",48.0,הרצליה
2026-07-30 15:08:07,2026-09-16,clalit,אורתופדיה,"ד""ר פואז נאסר","בן גוריון 43, כפר סבא",48.0,כפר סבא
2026-07-30 15:08:07,2026-09-17,clalit,אורתופדיה,"ד""ר פואז נאסר","התקווה 18, רעננה",49.0,רעננה
2026-07-30 15:08:07,2026-09-23,clalit,אורתופדיה,"ד""ר גרינברג אריה","דרך יצחק רבין 53, גבעתיים",55.0,גבעתיים
2026-07-30 15:08:07,2026-10-04,clalit,אורתופדיה,"ד""ר נוביצקי אלכסנדר","בן גוריון 43, כפר סבא",66.0,כפר סבא
2026-07-30 15:08:07,,clalit,אורתופדיה,"ד""ר אליאס יוסף","ששת הימים 6, חולון",,חולון
2026-07-30 15:08:07,,clalit,אורתופדיה,"ד""ר גולדשטיין רן","דרך זאב ז'בוטינסקי 105, רמת גן",,רמת גן
2026-07-30 15:08:07,,clalit,אורתופדיה,"ד""ר ארוולדזה סמסון","רמב''ם 1, הרצליה",,הרצליה
2026-07-30 15:08:08,,clalit,אורתופדיה,"ד""ר אבו סאפי עיד","שדרות רחבעם 1, קרני שומרון",,קרני שומרון
2026-07-30 15:08:10,2026-08-03,clalit,א.א.ג.,"ד""ר בן נר דניאל","אבן גבירול 124, תל אביב יפו",4.0,תל אביב יפו
2026-07-30 15:08:10,2026-08-04,clalit,א.א.ג.,"ד""ר סעאדה מאהר","אבן גבירול 124, תל אביב יפו",5.0,תל אביב יפו
2026-07-30 15:08:10,2026-08-05,clalit,א.א.ג.,"ד""ר מלמוד אריאל קי","התקומה 23, תל אביב יפו",6.0,תל אביב יפו
2026-07-30 15:08:10,2026-08-05,clalit,א.א.ג.,"ד""ר פייגנבאום משה","אבן גבירול 124, תל אביב יפו",6.0,תל אביב יפו
2026-07-30 15:08:10,2026-08-05,clalit,א.א.ג.,"ד""ר שפירא אודי","אבן גבירול 124, תל אביב יפו",6.0,תל אביב יפו
2026-07-30 15:08:10,2026-08-05,clalit,א.א.ג.,"ד""ר שטיין גדעון","אבן גבירול 124, תל אביב יפו",6.0,תל אביב יפו
2026-07-30 15:08:10,2026-08-06,clalit,א.א.ג.,"ד""ר שטרן דניאל","התקומה 23, תל אביב יפו",7.0,תל אביב יפו
2026-07-30 15:08:10,2026-08-06,clalit,א.א.ג.,"ד""ר נסיכי אופיר","אבן גבירול 124, תל אביב יפו",7.0,תל אביב יפו
2026-07-30 15:08:10,2026-08-06,clalit,א.א.ג.,"ד""ר לסקר אילנה","אבן גבירול 124, תל אביב יפו",7.0,תל אביב יפו
2026-07-30 15:08:10,2026-08-06,clalit,א.א.ג.,"ד""ר אונגר ירון","אבן גבירול 124, תל אביב יפו",7.0,תל אביב יפו
2026-07-30 15:08:10,2026-08-09,clalit,א.א.ג.,"ד""ר חורב יואב נחמ","התקומה 23, תל אביב יפו",10.0,תל אביב יפו
2026-07-30 15:08:10,2026-08-09,clalit,א.א.ג.,"ד""ר לאוב דוד","אבן גבירול 124, תל אביב יפו",10.0,תל אביב יפו
2026-07-30 15:08:10,2026-08-10,clalit,א.א.ג.,"ד""ר מלמוד אריאל קי","יהודה בורלא 27, תל אביב יפו",11.0,תל אביב יפו
2026-07-30 15:08:10,2026-08-11,clalit,א.א.ג.,"רופא בי""ח","וייצמן 10, תל אביב יפו",12.0,תל אביב יפו
2026-07-30 15:08:10,2026-08-12,clalit,א.א.ג.,"ד""ר אבישר אלון","יהודה בורלא 27, תל אביב יפו",13.0,תל אביב יפו
2026-07-30 15:08:10,2026-08-20,clalit,א.א.ג.,פרופ' הורוביץ גלעד,"יהודה בורלא 27, תל אביב יפו",21.0,תל אביב יפו
2026-07-30 15:08:10,2026-09-01,clalit,יועץ א.א.ג.,"ד""ר חיימוף משה","אבן גבירול 124, תל אביב יפו",33.0,תל אביב יפו
2026-07-30 15:08:10,2026-09-15,clalit,א.א.ג.,"ד""ר שושן שגית","ריינס 18, תל אביב יפו",47.0,תל אביב יפו
2026-07-30 15:08:10,,clalit,א.א.ג.,אידלסון-שוולזו גלינה,"יהודה בורלא 27, תל אביב יפו",,תל אביב יפו
2026-07-30 15:08:10,2026-08-04,clalit,א.א.ג.,"ד""ר נוימן אורי פנח","דרך בן גוריון 13, בני ברק",5.0,בני ברק
2026-07-30 15:08:11,2026-08-05,clalit,א.א.ג.,"ד""ר סיאג' אחמד","נעמי שמר 15, חולון",6.0,חולון
2026-07-30 15:08:11,2026-08-05,clalit,א.א.ג.,"ד""ר שטרן דניאל","נעמי שמר 15, חולון",6.0,חולון
2026-07-30 15:08:11,2026-08-05,clalit,א.א.ג.,"ד""ר מזרקלי יובל משה","בורוכוב 54, גבעתיים",6.0,גבעתיים
2026-07-30 15:08:11,2026-08-06,clalit,א.א.ג.,"ד""ר מצארווה מחמד","בזלת 7, כוכב יאיר",7.0,כוכב יאיר
2026-07-30 15:08:11,2026-08-07,clalit,א.א.ג.,"ד""ר שדאפנה מוסא","נעמי שמר 15, חולון",8.0,חולון
2026-07-30 15:08:11,2026-08-09,clalit,א.א.ג.,"ד""ר נסיכי אופיר","נעמי שמר 15, חולון",10.0,חולון
2026-07-30 15:08:11,2026-08-09,clalit,א.א.ג.,"ד""ר ויינר איגור","נעמי שמר 15, חולון",10.0,חולון
2026-07-30 15:08:11,2026-08-09,clalit,א.א.ג.,"ד""ר שבתאי דניאל","נעמי שמר 15, חולון",10.0,חולון
2026-07-30 15:08:11,2026-08-09,clalit,א.א.ג.,"ד""ר עבד אל קאדר דרויש","ראס עאמר 46, טירה",10.0,טירה
2026-07-30 15:08:11,2026-08-10,clalit,א.א.ג.,"ד""ר שטיין גדעון","נעמי שמר 15, חולון",11.0,חולון
2026-07-30 15:08:11,2026-08-10,clalit,א.א.ג.,"ד""ר אבישר אלון","נעמי שמר 15, חולון",11.0,חולון
2026-07-30 15:08:11,2026-08-10,clalit,א.א.ג.,לוין מלי,"דרך בן גוריון 13, בני ברק",11.0,בני ברק
2026-07-30 15:08:11,2026-08-11,clalit,א.א.ג.,ברק בילאוס רן,"נעמי שמר 15, חולון",12.0,חולון
2026-07-30 15:08:11,2026-08-12,clalit,א.א.ג.,"רופאים ב'""ח שיבא","דרך בן גוריון 13, בני ברק",13.0,בני ברק
2026-07-30 15:08:11,2026-08-13,clalit,א.א.ג.,"ד""ר דולינה אירנה","הפועל 22, הרצליה",14.0,הרצליה
2026-07-30 15:08:11,2026-08-13,clalit,א.א.ג.,"ד""ר מצארווה מחמד","התקווה 18, רעננה",14.0,רעננה
2026-07-30 15:08:11,2026-08-16,clalit,א.א.ג.,"ד""ר אלגרט קטיה","דרך בן גוריון 13, בני ברק",17.0,בני ברק
2026-07-30 15:08:11,2026-08-16,clalit,א.א.ג.,"ד""ר שטרנבך דן","עזרא 11, בני ברק",17.0,בני ברק
2026-07-30 15:08:11,2026-08-16,clalit,א.א.ג.,"ד""ר סלאמה ראמז","רמב''ם 1, הרצליה",17.0,הרצליה
2026-07-30 15:08:11,2026-08-17,clalit,א.א.ג.,"ד""ר ברבלט אירינה","נעמי שמר 15, חולון",18.0,חולון
2026-07-30 15:08:11,2026-08-17,clalit,א.א.ג.,"ד""ר גוטקובסקי דפנה סיל","רמב''ם 1, הרצליה",18.0,הרצליה
2026-07-30 15:08:12,2026-08-18,clalit,א.א.ג.,"ד""ר מימון שירי לי","נעמי שמר 15, חולון",19.0,חולון
2026-07-30 15:08:12,2026-08-18,clalit,א.א.ג.,"רופא בי""ח","רמב''ם 1, הרצליה",19.0,הרצליה
2026-07-30 15:08:12,2026-08-19,clalit,א.א.ג.,"ד""ר שיבצקי שקד","דרך זאב ז'בוטינסקי 105, רמת גן",20.0,רמת גן
2026-07-30 15:08:12,2026-08-19,clalit,א.א.ג.,"ד""ר דולינה אירנה","רמב''ם 1, הרצליה",20.0,הרצליה
2026-07-30 15:08:12,2026-08-19,clalit,א.א.ג.,אאג איכילוב,"רמב''ם 1, הרצליה",20.0,הרצליה
2026-07-30 15:08:12,2026-08-23,clalit,א.א.ג.,"ד""ר אונגר ירון","דרך זאב ז'בוטינסקי 105, רמת גן",24.0,רמת גן
2026-07-30 15:08:12,2026-08-23,clalit,א.א.ג.,"ד""ר קגן טטיאנה","התקווה 18, רעננה",24.0,רעננה
2026-07-30 15:08:12,2026-08-26,clalit,א.א.ג.,"ד""ר אלמגרבי אימן","הרב ניסנבאום 33, בת ים",27.0,בת ים
2026-07-30 15:08:12,2026-08-31,clalit,א.א.ג.,"ד""ר פרגר אירינה","רמב''ם 1, הרצליה",32.0,הרצליה
2026-07-30 15:08:12,2026-09-02,clalit,א.א.ג.,"ד""ר וואש רון אריה","נעמי שמר 15, חולון",34.0,חולון
2026-07-30 15:08:12,2026-09-02,clalit,א.א.ג.,"ד""ר כהן עודד","הפועל 22, הרצליה",34.0,הרצליה
2026-07-30 15:08:12,2026-09-06,clalit,א.א.ג.,"ד""ר מלמוד אריאל קי","נעמי שמר 15, חולון",38.0,חולון
2026-07-30 15:08:12,2026-09-06,clalit,א.א.ג.,"ד""ר גדרון מורן","דרך בן גוריון 13, בני ברק",38.0,בני ברק
2026-07-30 15:08:12,2026-09-09,clalit,א.א.ג.,"ד""ר חורב יואב נחמ","נעמי שמר 15, חולון",41.0,חולון
2026-07-30 15:08:13,2026-09-09,clalit,א.א.ג.,"ד""ר גוטקובסקי דפנה סיל","בן גוריון 43, כפר סבא",41.0,כפר סבא
2026-07-30 15:08:13,2026-09-09,clalit,א.א.ג.,"ד""ר סאבו רני","וייצמן 83, כפר סבא",41.0,כפר סבא
2026-07-30 15:08:13,2026-09-11,clalit,א.א.ג.,"ד""ר מזרקלי יובל משה","דרך יצחק רבין 53, גבעתיים",43.0,גבעתיים
2026-07-30 15:08:13,2026-09-14,clalit,א.א.ג.,אאג איכילוב,"בן גוריון 43, כפר סבא",46.0,כפר סבא
2026-07-30 15:08:13,2026-09-16,clalit,א.א.ג.,"ד""ר צ'אושו קרול","וייצמן 43, כפר סבא",48.0,כפר סבא
2026-07-30 15:08:13,2026-09-17,clalit,א.א.ג.,"ד""ר יואכימס זהר","רמב''ם 1, הרצליה",49.0,הרצליה
2026-07-30 15:08:13,2026-09-18,clalit,א.א.ג.,"ד""ר גרשנבל מילק דפנה ברכ","בן גוריון 43, כפר סבא",50.0,כפר סבא
2026-07-30 15:08:14,2026-09-23,clalit,א.א.ג.,"ד""ר מנסור אנואר","רמב''ם 1, הרצליה",55.0,הרצליה
2026-07-30 15:08:14,2026-10-07,clalit,א.א.ג.,"ד""ר זילבר ברקוביץ דרורית","בן גוריון 43, כפר סבא",69.0,כפר סבא
2026-07-30 15:08:14,,clalit,א.א.ג.,"ד""ר ריטר עמית","דרך בן גוריון 13, בני ברק",,בני ברק
2026-07-30 15:08:14,,clalit,א.א.ג.,"ד""ר פיצ'חדזה ילנה","דרך בן גוריון 13, בני ברק",,בני ברק
2026-07-30 15:08:14,,clalit,א.א.ג.,"ד""ר יואכימס זהר","דרך יצחק רבין 53, גבעתיים",,גבעתיים
2026-07-30 15:08:14,,clalit,א.א.ג.,"ד""ר וייס ורד","התקווה 18, רעננה",,רעננה
2026-07-30 15:08:16,2026-08-02,clalit,נשים,"ד""ר גרוס יעקב","אליהו ברלין 13, תל אביב יפו",3.0,תל אביב יפו
2026-07-30 15:08:16,2026-08-03,clalit,נשים,"ד""ר גבע אלי","אבא אחימאיר 18, תל אביב יפו",4.0,תל אביב יפו
2026-07-30 15:08:16,2026-08-03,clalit,נשים,"ד""ר נול שמואל","אמסטרדם 9, תל אביב יפו",4.0,תל אביב יפו
2026-07-30 15:08:16,2026-08-03,clalit,נשים,"ד""ר שילון מיכאל מי","אליהו ברלין 13, תל אביב יפו",4.0,תל אביב יפו
2026-07-30 15:08:16,2026-08-03,clalit,נשים,"ד""ר שילון מיכאל מי","שדרות יהודית 18, תל אביב יפו",4.0,תל אביב יפו
2026-07-30 15:08:16,2026-08-04,clalit,נשים,"ד""ר דקל איל","אבא אחימאיר 18, תל אביב יפו",5.0,תל אביב יפו
2026-07-30 15:08:16,2026-08-04,clalit,נשים,"ד""ר שילון מיכאל מי","אחד העם 9, תל אביב יפו",5.0,תל אביב יפו
2026-07-30 15:08:16,2026-08-06,clalit,נשים,"ד""ר גולד רונן שמו","אבא אחימאיר 18, תל אביב יפו",7.0,תל אביב יפו
2026-07-30 15:08:16,2026-08-13,clalit,נשים,"ד""ר סיגל יעקב","אריסטובולוס 2, תל אביב יפו",14.0,תל אביב יפו
2026-07-30 15:08:16,2026-08-16,clalit,נשים,פרופ' לוריא שמואל,"אבא אחימאיר 18, תל אביב יפו",17.0,תל אביב יפו
2026-07-30 15:08:16,2026-08-19,clalit,נשים,"ד""ר בוצן אמנון","אבא אחימאיר 18, תל אביב יפו",20.0,תל אביב יפו
2026-07-30 15:08:16,2026-08-20,clalit,נשים,"ד""ר גרוס לוטם","מקור חיים 35, תל אביב יפו",21.0,תל אביב יפו
2026-07-30 15:08:16,2026-08-20,clalit,נשים,"ד""ר ירושלמי גיל מרדכ","אהרון בקר 8, תל אביב יפו",21.0,תל אביב יפו
2026-07-30 15:08:17,2026-08-23,clalit,נשים,"ד""ר אלדר עידו","אבא אחימאיר 18, תל אביב יפו",24.0,תל אביב יפו
2026-07-30 15:08:17,2026-08-25,clalit,נשים,"ד""ר טמאיב ליליה","מקור חיים 35, תל אביב יפו",26.0,תל אביב יפו
2026-07-30 15:08:17,2026-08-25,clalit,נשים,"ד""ר ארליך אורי","אבא אחימאיר 18, תל אביב יפו",26.0,תל אביב יפו
2026-07-30 15:08:17,2026-08-25,clalit,נשים,"ד""ר טיירי דניאל","דרך שלמה 43, תל אביב יפו",26.0,תל אביב יפו
2026-07-30 15:08:17,2026-08-25,clalit,נשים,"ד""ר גרינברג נירית","הצנחנים 20, תל אביב יפו",26.0,תל אביב יפו
2026-07-30 15:08:17,2026-08-26,clalit,נשים,"ד""ר כהנא חגית","נירים 3, תל אביב יפו",27.0,תל אביב יפו
2026-07-30 15:08:17,2026-08-26,clalit,נשים,"ד""ר טמאיב ליליה","שקד 11, תל אביב יפו",27.0,תל אביב יפו
2026-07-30 15:08:17,2026-08-31,clalit,נשים,"ד""ר אלופי נעים ענת","נירים 3, תל אביב יפו",32.0,תל אביב יפו
2026-07-30 15:08:17,2026-09-01,clalit,נשים,"ד""ר קרסיק שפלטר מריולה מ","התקומה 23, תל אביב יפו",33.0,תל אביב יפו
2026-07-30 15:08:17,2026-09-01,clalit,נשים,"ד""ר מור עומר","אבא אחימאיר 18, תל אביב יפו",33.0,תל אביב יפו
2026-07-30 15:08:17,2026-09-04,clalit,נשים,"ד""ר אהרוני פינחס","נירים 3, תל אביב יפו",36.0,תל אביב יפו
2026-07-30 15:08:17,2026-09-06,clalit,נשים,"ד""ר זילברברג ערן","אבא אחימאיר 18, תל אביב יפו",38.0,תל אביב יפו
2026-07-30 15:08:17,2026-09-07,clalit,נשים,"ד""ר לייבוביץ דיאמנ הילה","אבא אחימאיר 18, תל אביב יפו",39.0,תל אביב יפו
2026-07-30 15:08:17,2026-09-09,clalit,נשים,"ד""ר ברקת יונתן חי","נירים 3, תל אביב יפו",41.0,תל אביב יפו
2026-07-30 15:08:17,2026-09-15,clalit,נשים,פרופ' לוי מיכל,"התקומה 23, תל אביב יפו",47.0,תל אביב יפו
2026-07-30 15:08:17,2026-10-06,clalit,נשים,"ד""ר גרינברג נירית","אבא אחימאיר 18, תל אביב יפו",68.0,תל אביב יפו
2026-07-30 15:08:17,2026-10-06,clalit,נשים,"ד""ר גונן נעה","נירים 3, תל אביב יפו",68.0,תל אביב יפו
2026-07-30 15:08:17,2026-10-06,clalit,נשים,"ד""ר רוסליק ילנה","נירים 3, תל אביב יפו",68.0,תל אביב יפו
2026-07-30 15:08:17,2026-10-06,clalit,נשים,"ד""ר רז יעל","ירושלמי 11, תל אביב יפו",68.0,תל אביב יפו
2026-07-30 15:08:17,2026-10-15,clalit,נשים,"ד""ר פראג רוזנברג רוני","אבא אחימאיר 18, תל אביב יפו",77.0,תל אביב יפו
2026-07-30 15:08:17,2026-10-18,clalit,נשים,"ד""ר זהבי צבי","אבא אחימאיר 18, תל אביב יפו",80.0,תל אביב יפו
2026-07-30 15:08:18,2026-10-20,clalit,נשים,"ד""ר אקדם אמיר","אבא אחימאיר 18, תל אביב יפו",82.0,תל אביב יפו
2026-07-30 15:08:18,2026-10-28,clalit,נשים,"ד""ר טורם מאיה","נירים 3, תל אביב יפו",90.0,תל אביב יפו
2026-07-30 15:08:18,,clalit,נשים,"ד""ר כץ עדי","אבא אחימאיר 18, תל אביב יפו",,תל אביב יפו
2026-07-30 15:08:18,,clalit,נשים,"ד""ר סולימה אלדר ויקי","אבא אחימאיר 18, תל אביב יפו",,תל אביב יפו
2026-07-30 15:08:18,,clalit,נשים,"ד""ר וורחוב מירטה אי","אהרון בקר 8, תל אביב יפו",,תל אביב יפו
2026-07-30 15:08:18,2026-07-31,clalit,נשים,"ד""ר קליינר איליה","רפאל איתן 4, חולון",1.0,חולון
2026-07-30 15:08:18,2026-07-31,clalit,נשים,"ד""ר פייט קורן חגית","בן גוריון 22, הרצליה",1.0,הרצליה
2026-07-30 15:08:18,2026-08-02,clalit,נשים,"ד""ר קרסיק שפלטר מריולה מ","אריק איינשטיין 1, בת ים",3.0,בת ים
2026-07-30 15:08:18,2026-08-02,clalit,נשים,"ד""ר גינגולד אריה","חזון אי''ש 62, בני ברק",3.0,בני ברק
2026-07-30 15:08:18,2026-08-03,clalit,נשים,"ד""ר קידר רן","רפאל איתן 4, חולון",4.0,חולון
2026-07-30 15:08:18,2026-08-03,clalit,נשים,"רופ.בי""ח מעייני היש","חזון אי''ש 62, בני ברק",4.0,בני ברק
2026-07-30 15:08:18,2026-08-03,clalit,נשים,"ד""ר גינגולד אריה","דרך זאב ז'בוטינסקי 105, רמת גן",4.0,רמת גן
2026-07-30 15:08:18,2026-08-03,clalit,נשים,"ד""ר מישל אמיר","הנשר 1, רעננה",4.0,רעננה
2026-07-30 15:08:18,2026-08-04,clalit,נשים,"ד""ר חיימוב מיכאל","חיים וייצמן 25, אזור",5.0,אזור
2026-07-30 15:08:19,2026-08-04,clalit,נשים,"ד""ר שרפוב טטיאנה","בזלת 7, כוכב יאיר",5.0,כוכב יאיר
2026-07-30 15:08:19,2026-08-04,clalit,נשים,"ד""ר חייקין אלכסנדר","גלבוע 118, אלפי מנשה",5.0,אלפי מנשה
2026-07-30 15:08:19,2026-08-05,clalit,נשים,"ד""ר שרפוב טטיאנה","וייצמן 83, כפר סבא",6.0,כפר סבא
2026-07-30 15:08:19,2026-08-05,clalit,נשים,"ד""ר ברומיקר פריימן תלמה גרס","סשה ארגוב 23, רעננה",6.0,רעננה
2026-07-30 15:08:19,2026-08-06,clalit,נשים,נשים איכילוב-שפרילנ,"המכבים 75, בני ברק",7.0,בני ברק
2026-07-30 15:08:19,2026-08-07,clalit,נשים,"ד""ר ביטמן גנדי","בן גוריון 22, הרצליה",8.0,הרצליה
2026-07-30 15:08:19,2026-08-09,clalit,נשים,"רופא בי""ח","בן גוריון 22, הרצליה",10.0,הרצליה
2026-07-30 15:08:19,2026-08-09,clalit,נשים,"ד""ר טל אורי","בזלת 7, כוכב יאיר",10.0,כוכב יאיר
2026-07-30 15:08:19,2026-08-09,clalit,נשים,"ד""ר פורוטקוב נטליה","שדרות רחבעם 1, קרני שומרון",10.0,קרני שומרון
2026-07-30 15:08:19,2026-08-11,clalit,נשים,"ד""ר וייצנר עומר","בן גוריון 22, הרצליה",12.0,הרצליה
2026-07-30 15:08:19,2026-08-11,clalit,נשים,"ד""ר טל אורי","בן גוריון 22, הרצליה",12.0,הרצליה
2026-07-30 15:08:19,2026-08-12,clalit,נשים,"ד""ר קוך מיכל זאב",טירה,13.0,טירה
2026-07-30 15:08:19,2026-08-12,clalit,נשים,"ד""ר גדעוני יריב שלמ","רפפורט 3, כפר סבא",13.0,כפר סבא
2026-07-30 15:08:19,2026-08-12,clalit,נשים,"ד""ר חנוך יוסף","סשה ארגוב 23, רעננה",13.0,רעננה
2026-07-30 15:08:19,2026-08-12,clalit,נשים,"ד""ר פורוטקוב נטליה","כיכר רמב''ם, עמנואל",13.0,עמנואל
2026-07-30 15:08:19,2026-08-13,clalit,נשים,"ד""ר טיירי דניאל","אריק איינשטיין 1, בת ים",14.0,בת ים
2026-07-30 15:08:19,2026-08-13,clalit,נשים,"ד""ר מסארוה אלנה לקר",טירה,14.0,טירה
2026-07-30 15:08:19,2026-08-13,clalit,נשים,"ד""ר וייצנר עומר","וייצמן 83, כפר סבא",14.0,כפר סבא
2026-07-30 15:08:19,2026-08-14,clalit,נשים,"ד""ר גרטנר ונטמן ברנרד","וייצמן 83, כפר סבא",15.0,כפר סבא
2026-07-30 15:08:19,2026-08-16,clalit,נשים,"ד""ר אוהבה ג'ונתן ס","שדרות מנחם בגין 38, גבעת שמואל",17.0,גבעת שמואל
2026-07-30 15:08:19,2026-08-16,clalit,נשים,"ד""ר חייקין אלכסנדר","וייצמן 83, כפר סבא",17.0,כפר סבא
2026-07-30 15:08:20,2026-08-17,clalit,נשים,"ד""ר גולד עירן","אריק איינשטיין 1, בת ים",18.0,בת ים
2026-07-30 15:08:20,2026-08-18,clalit,נשים,"ד""ר נול שמואל","אריק איינשטיין 1, בת ים",19.0,בת ים
2026-07-30 15:08:20,2026-08-18,clalit,נשים,"ד""ר גינגולד אריה","דרך יצחק רבין 53, גבעתיים",19.0,גבעתיים
2026-07-30 15:08:20,2026-08-19,clalit,נשים,"ד""ר רביב אשרת","שדרות רחבעם 1, קרני שומרון",20.0,קרני שומרון
2026-07-30 15:08:20,2026-08-19,clalit,נשים,"ד""ר פורוטקוב נטליה","יהלום 17, קדומים",20.0,קדומים
2026-07-30 15:08:20,2026-08-20,clalit,נשים,"ד""ר ויינשטיין סופיה","בן גוריון 22, הרצליה",21.0,הרצליה
2026-07-30 15:08:20,2026-08-23,clalit,נשים,"ד""ר קולודיזנר טטיאנה","בן גוריון 22, הרצליה",24.0,הרצליה
2026-07-30 15:08:20,2026-08-25,clalit,נשים,"ד""ר שרייבר חנוך","וייצמן 83, כפר סבא",26.0,כפר סבא
2026-07-30 15:08:20,2026-08-27,clalit,נשים,"ד""ר אליגר נלי","רפאל איתן 4, חולון",28.0,חולון
2026-07-30 15:08:20,2026-08-27,clalit,נשים,"ד""ר קידר לירון","בן גוריון 22, הרצליה",28.0,הרצליה
2026-07-30 15:08:20,2026-08-31,clalit,נשים,"ד""ר וולפרט אלדר","רפאל איתן 4, חולון",32.0,חולון
2026-07-30 15:08:20,2026-08-31,clalit,נשים,פרופ' מזרחי יוסף,"רפאל איתן 4, חולון",32.0,חולון
2026-07-30 15:08:20,2026-08-31,clalit,נשים,"ד""ר רונה שירן","רפאל איתן 4, חולון",32.0,חולון
2026-07-30 15:08:20,2026-08-31,clalit,נשים,"ד""ר שריג מנחם יצח","וייצמן 83, כפר סבא",32.0,כפר סבא
2026-07-30 15:08:20,2026-09-01,clalit,נשים,"ד""ר רוק מיכל","רפאל איתן 4, חולון",33.0,חולון
2026-07-30 15:08:20,2026-09-01,clalit,נשים,"ד""ר זלוטניקובה יוליה","דרך בן גוריון 13, בני ברק",33.0,בני ברק
2026-07-30 15:08:20,2026-09-01,clalit,נשים,"ד""ר טריגרמן שי","דרך זאב ז'בוטינסקי 105, רמת גן",33.0,רמת גן
2026-07-30 15:08:20,2026-09-02,clalit,נשים,"ד""ר זיידין אנה","ישעיהו 44, חולון",34.0,חולון
2026-07-30 15:08:20,2026-09-02,clalit,נשים,"ד""ר אבנט חגי","בן גוריון 22, הרצליה",34.0,הרצליה
2026-07-30 15:08:20,2026-09-03,clalit,נשים,"ד""ר ברוכין אוהד","רפאל איתן 4, חולון",35.0,חולון
2026-07-30 15:08:20,2026-09-06,clalit,נשים,"ד""ר פריד סימה","סשה ארגוב 23, רעננה",38.0,רעננה
2026-07-30 15:08:21,2026-09-07,clalit,נשים,"ד""ר ברקרסקי יקירה","אריק איינשטיין 1, בת ים",39.0,בת ים
2026-07-30 15:08:21,2026-09-07,clalit,נשים,יגור יעל,"סשה ארגוב 23, רעננה",39.0,רעננה
2026-07-30 15:08:21,2026-09-08,clalit,נשים,"ד""ר חיימוב מיכאל","אריק איינשטיין 1, בת ים",40.0,בת ים
2026-07-30 15:08:21,2026-09-08,clalit,נשים,"ד""ר וינשטיין עדי","המכבים 75, בני ברק",40.0,בני ברק
2026-07-30 15:08:21,2026-09-08,clalit,נשים,"ד""ר הויזלר ישי","נחל קנה 9, צור יצחק",40.0,צור יצחק
2026-07-30 15:08:21,2026-09-08,clalit,נשים,"ד""ר כץ טטיאנה","סשה ארגוב 23, רעננה",40.0,רעננה
2026-07-30 15:08:21,2026-09-09,clalit,נשים,"ד""ר פרוסמושקין רימה","וייצמן 83, כפר סבא",41.0,כפר סבא
2026-07-30 15:08:21,2026-09-10,clalit,נשים,"ד""ר סגל הילה","רפאל איתן 4, חולון",42.0,חולון
2026-07-30 15:08:21,2026-09-16,clalit,נשים,"ד""ר ענבר שמואל","סשה ארגוב 23, רעננה",48.0,רעננה
2026-07-30 15:08:21,2026-09-22,clalit,נשים,"ד""ר בן ציון מאיה","בן גוריון 22, הרצליה",54.0,הרצליה
2026-07-30 15:08:21,2026-10-04,clalit,נשים,"ד""ר זיידין אנה","אריק איינשטיין 1, בת ים",66.0,בת ים
2026-07-30 15:08:21,2026-10-04,clalit,נשים,"ד""ר שלו אמיר","רפאל איתן 4, חולון",66.0,חולון
2026-07-30 15:08:21,2026-10-04,clalit,נשים,"ד""ר גלעדי יעקובי איתן","חיים לנדאו 7, רמת גן",66.0,רמת גן
2026-07-30 15:08:21,2026-10-04,clalit,נשים,"ד""ר קוך מיכל זאב","וייצמן 83, כפר סבא",66.0,כפר סבא
2026-07-30 15:08:21,2026-10-05,clalit,נשים,"ד""ר סגל הילה","חיים וייצמן 25, אזור",67.0,אזור
2026-07-30 15:08:21,2026-10-12,clalit,נשים,פרופ' נחום רוית,"חזון אי''ש 62, בני ברק",74.0,בני ברק
2026-07-30 15:08:21,2026-10-14,clalit,נשים,"ד""ר בוגין גרינפילד רונה","סשה ארגוב 23, רעננה",76.0,רעננה
2026-07-30 15:08:21,2026-10-16,clalit,נשים,"ד""ר ונד סוזאנה","בן גוריון 22, הרצליה",78.0,הרצליה
2026-07-30 15:08:21,2026-10-18,clalit,נשים,"ד""ר ורניקובסקי גבריאלה","רפאל איתן 4, חולון",80.0,חולון
2026-07-30 15:08:21,2026-10-20,clalit,נשים,"ד""ר דבש שירה","צבי הרלינג 6, בני ברק",82.0,בני ברק
2026-07-30 15:08:21,2026-10-28,clalit,נשים,"ד""ר ויזל אילנה","שדרות מנחם בגין 38, גבעת שמואל",90.0,גבעת שמואל
2026-07-30 15:08:22,,clalit,נשים,"ד""ר מונייר סמירה","אריק איינשטיין 1, בת ים",,בת ים
2026-07-30 15:08:22,,clalit,נשים,"ד""ר מימוני גלית","חזון אי''ש 62, בני ברק",,בני ברק
2026-07-30 15:08:22,,clalit,נשים,"ד""ר משיח פרידלר ירדנה בת","בן גוריון 22, הרצליה",,הרצליה
2026-07-30 15:08:22,,clalit,נשים,"ד""ר עובדיה מיכל חנה","וייצמן 83, כפר סבא",,כפר סבא
2026-07-30 15:08:22,,clalit,נשים,"ד""ר ברומיקר פריימן תלמה גרס","וייצמן 83, כפר סבא",,כפר סבא
2026-07-30 15:08:24,,clalit,עור,"רופא בי""ח","וייצמן 10, תל אביב יפו",,תל אביב יפו
2026-07-30 15:08:24,,clalit,עור,"ד""ר אנדלמן סתיו","התקומה 23, תל אביב יפו",,תל אביב יפו
2026-07-30 15:08:24,,clalit,עור,"ד""ר גלילי ערן","שדרות החי''ל 12, תל אביב יפו",,תל אביב יפו
2026-07-30 15:08:24,,clalit,עור,לוי בת שבע,"בן יהודה 29, תל אביב יפו",,תל אביב יפו
2026-07-30 15:08:24,,clalit,עור,"ד""ר דניאלי דניאל","אבן גבירול 124, תל אביב יפו",,תל אביב יפו
2026-07-30 15:08:24,,clalit,עור,"ד""ר בנשטרית שיר","אבן גבירול 124, תל אביב יפו",,תל אביב יפו
2026-07-30 15:08:26,,clalit,עור,"ד""ר אריאלי מני","אבן גבירול 124, תל אביב יפו",,תל אביב יפו
2026-07-30 15:08:26,,clalit,עור,"ד""ר גליק מירית","אבן גבירול 124, תל אביב יפו",,תל אביב יפו
2026-07-30 15:08:26,,clalit,עור,"ד""ר זידאן עומרי","אבן גבירול 124, תל אביב יפו",,תל אביב יפו
2026-07-30 15:08:26,,clalit,עור,"ד""ר מונסליזה אסף","אבן גבירול 124, תל אביב יפו",,תל אביב יפו
2026-07-30 15:08:26,,clalit,עור,"ד""ר ברמץ שירה","אבן גבירול 124, תל אביב יפו",,תל אביב יפו
2026-07-30 15:08:26,,clalit,עור,"רופא בי""ח 1","אבן גבירול 124, תל אביב יפו",,תל אביב יפו
2026-07-30 15:08:26,,clalit,עור,"ד""ר קינד גלוקסמן טל","ירושלמי 11, תל אביב יפו",,תל אביב יפו
2026-07-30 15:08:28,,clalit,עור,"ד""ר אהרונוביץ אנה","הצנחנים 20, תל אביב יפו",,תל אביב יפו
2026-07-30 15:08:28,,clalit,עור,"ד""ר הגלר יוסף","יהודה בורלא 27, תל אביב יפו",,תל אביב יפו
2026-07-30 15:08:28,,clalit,עור,"ד""ר וודוביץ דן","אהרון בקר 8, תל אביב יפו",,תל אביב יפו
2026-07-30 15:08:28,,clalit,עור,"ד""ר זמיר הדס","אהרון בקר 8, תל אביב יפו",,תל אביב יפו
2026-07-30 15:08:28,,clalit,עור,"ד""ר רום הדס","אליהו ברלין 13, תל אביב יפו",,תל אביב יפו
2026-07-30 15:08:28,,clalit,עור,"ד""ר אורן שבתאי מיטל","אליהו ברלין 13, תל אביב יפו",,תל אביב יפו
2026-07-30 15:08:28,,clalit,עור,"ד""ר אדלשטיין דניס מיכ","זליג ברודצקי 43, תל אביב יפו",,תל אביב יפו
2026-07-30 15:08:29,,clalit,עור,"ד""ר טלב אייל","המכבי 2, תל אביב יפו",,תל אביב יפו
2026-07-30 15:08:29,,clalit,יועץ עור,"ד""ר רייס הוס שירן","אהרון בקר 8, תל אביב יפו",,תל אביב יפו
2026-07-30 15:08:29,,clalit,עור,ייעוץ בוידאו צ'אט,תל אביב יפו,,תל אביב יפו
2026-07-30 15:08:29,2026-08-23,clalit,עור,"ד""ר לאופר בריטבה רימה","נעמי שמר 15, כפר סבא",24.0,כפר סבא
2026-07-30 15:08:29,2026-09-15,clalit,עור,"ד""ר אבו בכר עלי","בן גוריון 43, כפר סבא",47.0,כפר סבא
2026-07-30 15:08:29,2026-09-16,clalit,עור,"ד""ר אבו בכר עלי","א תופאח, טירה",48.0,טירה
2026-07-30 15:08:29,2026-09-21,clalit,עור,"ד""ר אבו בכר עלי","טארק עבד אל חי, טירה",53.0,טירה
2026-07-30 15:08:30,2026-10-11,clalit,עור,"ד""ר נג'אר סמיח","הנשר 1, רעננה",73.0,רעננה
2026-07-30 15:08:30,2026-10-23,clalit,עור,"ד""ר חאג' יחיא כראם","בזלת 7, כוכב יאיר",85.0,כוכב יאיר
2026-07-30 15:08:30,,clalit,עור,"רופא בי""ח","הלוחמים 62, חולון",,חולון
2026-07-30 15:08:30,,clalit,עור,"ד""ר זידאן עומרי","רפאל איתן 4, חולון",,חולון
2026-07-30 15:08:30,,clalit,עור,"ד""ר שיפטר רות","חיים ארלוזורוב 52, חולון",,חולון
2026-07-30 15:08:30,,clalit,עור,"ד""ר פלדמן אסף","נעמי שמר 15, חולון",,חולון
2026-07-30 15:08:30,,clalit,עור,"ד""ר שבתאי הגר","נעמי שמר 15, חולון",,חולון
2026-07-30 15:08:32,,clalit,עור,"ד""ר סורוקסקי דניאל","נעמי שמר 15, חולון",,חולון
2026-07-30 15:08:32,,clalit,עור,"רופא בי""ח","נעמי שמר 15, חולון",,חולון
2026-07-30 15:08:32,,clalit,עור,"ד""ר קריחלי דוד","הרב ניסנבאום 33, בת ים",,בת ים
2026-07-30 15:08:32,,clalit,עור,"ד""ר פדורנקו לריסה","רוטשילד 29, בת ים",,בת ים
2026-07-30 15:08:32,,clalit,עור,עור ב.איכילוב,"הרצל 34, רמת גן",,רמת גן
2026-07-30 15:08:32,,clalit,עור,עור ב.איכילוב,"רבי עקיבא 83, בני ברק",,בני ברק
2026-07-30 15:08:32,,clalit,עור,"ד""ר נג'אר סמיח","דרך בן גוריון 13, בני ברק",,בני ברק
2026-07-30 15:08:34,,clalit,עור,רופא ב.בלינסון,"דרך בן גוריון 13, בני ברק",,בני ברק
2026-07-30 15:08:34,,clalit,עור,עור ב.איכילוב,"דרך בן גוריון 13, בני ברק",,בני ברק
2026-07-30 15:08:34,,clalit,עור,"ד""ר נג'אר מוחמד","המכבים 75, בני ברק",,בני ברק
2026-07-30 15:08:34,,clalit,עור,"ד""ר אוביידוב ולדיסלב","עזרא 11, בני ברק",,בני ברק
2026-07-30 15:08:34,,clalit,עור,"ד""ר גור שלומי אי","דרך יצחק רבין 53, גבעתיים",,גבעתיים
2026-07-30 15:08:34,,clalit,עור,"ד""ר פרידל נדב","דרך יצחק רבין 53, גבעתיים",,גבעתיים
2026-07-30 15:08:34,,clalit,עור,"ד""ר לסט עומר","דרך יצחק רבין 53, גבעתיים",,גבעתיים
2026-07-30 15:08:35,,clalit,עור,"ד""ר אוביידוב ולדיסלב","דרך זאב ז'בוטינסקי 105, רמת גן",,רמת גן
2026-07-30 15:08:35,,clalit,עור,"ד""ר לסט עומר","דרך זאב ז'בוטינסקי 105, רמת גן",,רמת גן
2026-07-30 15:08:35,,clalit,עור,"ד""ר מונסליזה אסף","דרך יצחק רבין 53, גבעתיים",,גבעתיים
2026-07-30 15:08:35,,clalit,עור,"ד""ר לוי גרי ריימ","אחוזה 124, רעננה",,רעננה
2026-07-30 15:08:35,,clalit,עור,"ד""ר שלמון מלמוד דנה","רמב''ם 1, הרצליה",,הרצליה
2026-07-30 15:08:35,,clalit,עור,"ד""ר בשארה אתאר","רמב''ם 1, הרצליה",,הרצליה
2026-07-30 15:08:35,,clalit,עור,"ד""ר סורקינה אירינה","רמב''ם 1, הרצליה",,הרצליה
2026-07-30 15:08:37,,clalit,עור,"ד""ר רובנוביץ' איגור","רמב''ם 1, הרצליה",,הרצליה
2026-07-30 15:08:37,,clalit,עור,"ד""ר אלזמי מרק","בן גוריון 43, כפר סבא",,כפר סבא
2026-07-30 15:08:37,,clalit,עור,"ד""ר שגיא אסתר","בן גוריון 43, כפר סבא",,כפר סבא
2026-07-30 15:08:37,,clalit,עור,"ד""ר פינחסוב פינחס","בן גוריון 2, הרצליה",,הרצליה
2026-07-30 15:08:37,,clalit,עור,"ד""ר גור שלומי אי","הפועל 22, הרצליה",,הרצליה
2026-07-30 15:08:37,,clalit,עור,"ד""ר אפלשטיין אורנלה","צמרות, הרצליה",,הרצליה
2026-07-30 15:08:39,2026-07-30,clalit,עיניים,"ד""ר דגבלי ליאור","אבן גבירול 124, תל אביב יפו",0.0,תל אביב יפו
2026-07-30 15:08:39,2026-08-02,clalit,עיניים,"ד""ר צסלר מריה","אבן גבירול 124, תל אביב יפו",3.0,תל אביב יפו
2026-07-30 15:08:39,2026-08-09,clalit,עיניים,"ד""ר רוז'יצקי ולדימיר","אבן גבירול 124, תל אביב יפו",10.0,תל אביב יפו
2026-07-30 15:08:39,2026-08-10,clalit,עיניים,"ד""ר רפפורט יצחק","אליהו ברלין 13, תל אביב יפו",11.0,תל אביב יפו
2026-07-30 15:08:39,2026-08-11,clalit,עיניים,"ד""ר חנני רון","אבן גבירול 124, תל אביב יפו",12.0,תל אביב יפו
2026-07-30 15:08:39,2026-08-12,clalit,עיניים,"ד""ר ספקטור אלכסנדר","התקומה 23, תל אביב יפו",13.0,תל אביב יפו
2026-07-30 15:08:39,2026-08-12,clalit,עיניים,"רופא בי""ח","מקור חיים 35, תל אביב יפו",13.0,תל אביב יפו
2026-07-30 15:08:39,2026-08-12,clalit,עיניים,"רופא בי""ח","אבן גבירול 124, תל אביב יפו",13.0,תל אביב יפו
2026-07-30 15:08:39,2026-08-12,clalit,עיניים,"ד""ר פיינברג גלעד","דרך משה דיין 147, תל אביב יפו",13.0,תל אביב יפו
2026-07-30 15:08:39,2026-08-12,clalit,עיניים,"ד""ר סרבריאני בוריס","שדרות יד לבנים 35, תל אביב יפו",13.0,תל אביב יפו
2026-07-30 15:08:39,2026-08-13,clalit,עיניים,"ד""ר מנדלבלום חורחה","וייצמן 14, תל אביב יפו",14.0,תל אביב יפו
2026-07-30 15:08:39,2026-08-17,clalit,עיניים,"רופא בי""ח 1","אהרון בקר 8, תל אביב יפו",18.0,תל אביב יפו
2026-07-30 15:08:39,2026-08-17,clalit,עיניים,"ד""ר שפנדורף יעקב","שדרות יד לבנים 35, תל אביב יפו",18.0,תל אביב יפו
2026-07-30 15:08:40,2026-08-24,clalit,עיניים,"ד""ר אמויאל פרנק מור","לילינבלום 6, תל אביב יפו",25.0,תל אביב יפו
2026-07-30 15:08:40,2026-08-25,clalit,עיניים,"ד""ר דן ברזיס עידית","אהרון בקר 8, תל אביב יפו",26.0,תל אביב יפו
2026-07-30 15:08:40,2026-10-16,clalit,עיניים,"ד""ר שחר יונתן פנ","יהודה בורלא 27, תל אביב יפו",78.0,תל אביב יפו
2026-07-30 15:08:40,,clalit,עיניים,"ד""ר ארליק נורית","הארבעה 28, תל אביב יפו",,תל אביב יפו
2026-07-30 15:08:40,,clalit,עיניים,"ד""ר מרקושין ארקדי","אבן גבירול 124, תל אביב יפו",,תל אביב יפו
2026-07-30 15:08:40,2026-08-03,clalit,עיניים,"ד""ר שבדרון אלפרד אפ","נעמי שמר 15, חולון",4.0,חולון
2026-07-30 15:08:40,2026-08-03,clalit,עיניים,"ד""ר ג'רה מוחמד","דרך בן גוריון 13, בני ברק",4.0,בני ברק
2026-07-30 15:08:40,2026-08-03,clalit,עיניים,"ד""ר אייזנשטט פבל","רמב''ם 1, הרצליה",4.0,הרצליה
2026-07-30 15:08:40,2026-08-04,clalit,עיניים,"ד""ר רסקין מילחמן טטיאנה","דרך בן גוריון 13, בני ברק",5.0,בני ברק
2026-07-30 15:08:40,2026-08-05,clalit,עיניים,"ד""ר ארנון רועי","דרך בן גוריון 13, בני ברק",6.0,בני ברק
2026-07-30 15:08:40,2026-08-05,clalit,עיניים,"ד""ר יהלומי טל","עזרא 11, בני ברק",6.0,בני ברק
2026-07-30 15:08:40,2026-08-06,clalit,עיניים,"ד""ר סימנטוב איליה","דרך בן גוריון 13, בני ברק",7.0,בני ברק
2026-07-30 15:08:40,2026-08-06,clalit,עיניים,"ד""ר רצון אוריאל","עזרא 11, בני ברק",7.0,בני ברק
2026-07-30 15:08:40,2026-08-10,clalit,עיניים,"ד""ר מגל מלחז","הרב ניסנבאום 33, בת ים",11.0,בת ים
2026-07-30 15:08:41,2026-08-10,clalit,עיניים,"ד""ר דג'נוב רומיק","דרך בן גוריון 13, בני ברק",11.0,בני ברק
2026-07-30 15:08:41,2026-08-11,clalit,עיניים,"ד""ר לוקובצקי סימיון","דרך בן גוריון 13, בני ברק",12.0,בני ברק
2026-07-30 15:08:41,2026-08-13,clalit,עיניים,"ד""ר בור ורדית","דרך בן גוריון 13, בני ברק",14.0,בני ברק
2026-07-30 15:08:41,2026-08-16,clalit,עיניים,"ד""ר סמוליאר אירנה","רוטשילד 29, בת ים",17.0,בת ים
2026-07-30 15:08:41,2026-08-17,clalit,עיניים,"ד""ר דולב צבי","רפאל איתן 4, חולון",18.0,חולון
2026-07-30 15:08:41,2026-08-17,clalit,עיניים,"ד""ר ספקטור אלכסנדר","הרב ניסנבאום 33, בת ים",18.0,בת ים
2026-07-30 15:08:41,2026-08-18,clalit,עיניים,"ד""ר סרבריאני בוריס","הרב ניסנבאום 33, בת ים",19.0,בת ים
2026-07-30 15:08:41,2026-08-18,clalit,עיניים,"ד""ר פרידמן חיים יוס","רוטשילד 29, בת ים",19.0,בת ים
2026-07-30 15:08:41,2026-08-19,clalit,עיניים,"ד""ר באראייב נאדזדה","יעקב פיכמן 11, חולון",20.0,חולון
2026-07-30 15:08:41,2026-08-20,clalit,עיניים,"ד""ר ארליך מוני מרד","רש''י 30, בני ברק",21.0,בני ברק
2026-07-30 15:08:41,2026-08-23,clalit,עיניים,"ד""ר ויינשטוק אלכסנדר","הרב ניסנבאום 33, בת ים",24.0,בת ים
2026-07-30 15:08:41,2026-08-27,clalit,עיניים,"ד""ר חנני רון","דרך זאב ז'בוטינסקי 105, רמת גן",28.0,רמת גן
2026-07-30 15:08:41,2026-09-01,clalit,עיניים,"ד""ר סרבריאני בוריס","נעמי שמר 15, חולון",33.0,חולון
2026-07-30 15:08:41,2026-09-01,clalit,עיניים,רופ. עיניים איכילוב,"דרך זאב ז'בוטינסקי 105, רמת גן",33.0,רמת גן
2026-07-30 15:08:42,2026-09-01,clalit,עיניים,"ד""ר כהן חושן הלן","ז'בוטינסקי 3, רעננה",33.0,רעננה
2026-07-30 15:08:42,2026-09-02,clalit,עיניים,"רופא בי""ח","נעמי שמר 15, חולון",34.0,חולון
2026-07-30 15:08:42,2026-09-02,clalit,עיניים,"ד""ר ויינשטוק אלכסנדר","חיים וייצמן 25, אזור",34.0,אזור
2026-07-30 15:08:42,2026-09-02,clalit,עיניים,"ד""ר רסקין איל","רמב''ם 1, הרצליה",34.0,הרצליה
2026-07-30 15:08:42,2026-09-02,clalit,עיניים,"ד""ר בן ניסן דוד","ז'בוטינסקי 5, רעננה",34.0,רעננה
2026-07-30 15:08:42,2026-09-03,clalit,עיניים,"ד""ר קוזלובסקי תום","נעמי שמר 15, חולון",35.0,חולון
2026-07-30 15:08:42,2026-09-04,clalit,עיניים,"רופא בי""ח 1","נעמי שמר 15, חולון",36.0,חולון
2026-07-30 15:08:43,2026-09-06,clalit,עיניים,"ד""ר פיינברג גלעד","נעמי שמר 15, חולון",38.0,חולון
2026-07-30 15:08:43,2026-09-07,clalit,עיניים,"ד""ר חנני רון","דרך יצחק רבין 53, גבעתיים",39.0,גבעתיים
2026-07-30 15:08:43,2026-09-07,clalit,עיניים,"ד""ר זיידנוובר פינש דוריאן א","הפועל 22, הרצליה",39.0,הרצליה
2026-07-30 15:08:43,2026-09-08,clalit,עיניים,"ד""ר בור ורדית","המלאכה 23, רמת השרון",40.0,רמת השרון
2026-07-30 15:08:43,2026-09-09,clalit,עיניים,"ד""ר נחום עדי יהוד","דוד אלעזר 12, חולון",41.0,חולון
2026-07-30 15:08:43,2026-09-09,clalit,עיניים,"ד""ר דג'נוב רומיק","חיים עוזר 4, פתח תקווה",41.0,פתח תקווה
2026-07-30 15:08:43,2026-09-10,clalit,עיניים,"ד""ר זיידנוובר פינש דוריאן א","דרך יצחק רבין 53, גבעתיים",42.0,גבעתיים
2026-07-30 15:08:43,2026-09-11,clalit,עיניים,"ד""ר מנסור אחמד",טירה,43.0,טירה
2026-07-30 15:08:43,2026-09-14,clalit,עיניים,"ד""ר ברסטיז'בסקי סבטלנה","רפאל איתן 4, חולון",46.0,חולון
2026-07-30 15:08:43,2026-09-15,clalit,עיניים,"ד""ר בן שלוש שרגה סימונט","רמב''ם 1, הרצליה",47.0,הרצליה
2026-07-30 15:08:43,2026-09-16,clalit,עיניים,"ד""ר רסקין מילחמן טטיאנה","דרך יצחק רבין 53, גבעתיים",48.0,גבעתיים
2026-07-30 15:08:43,2026-09-23,clalit,עיניים,"ד""ר פרמן-עטר גילת מאי","דרך בן גוריון 13, בני ברק",55.0,בני ברק
2026-07-30 15:08:43,2026-09-30,clalit,עיניים,"ד""ר שני לודמילה","אלכסנדר 2, רמת גן",62.0,רמת גן
2026-07-30 15:08:43,2026-10-07,clalit,עיניים,"עיניים בי""ח","בן גוריון 43, כפר סבא",69.0,כפר סבא
2026-07-30 15:08:43,2026-10-08,clalit,עיניים,"ד""ר לוי יחזקאל","דרך בן גוריון 13, בני ברק",70.0,בני ברק
2026-07-30 15:08:43,2026-10-08,clalit,עיניים,"ד""ר ארבל איתמר","בן גוריון 43, כפר סבא",70.0,כפר סבא
2026-07-30 15:08:43,2026-10-11,clalit,עיניים,"ד""ר ספיר מרגריטה","בן גוריון 43, כפר סבא",73.0,כפר סבא
2026-07-30 15:08:43,2026-10-11,clalit,עיניים,"ד""ר צרפתי דרורה","התקווה 18, רעננה",73.0,רעננה
2026-07-30 15:08:43,2026-10-23,clalit,עיניים,"ד""ר ותד מוחמד","בן גוריון 43, כפר סבא",85.0,כפר סבא
2026-07-30 15:08:43,2026-10-25,clalit,עיניים,"ד""ר יוגב מורין","בן גוריון 43, כפר סבא",87.0,כפר סבא
2026-07-30 15:08:43,,clalit,עיניים,"ד""ר צסלר מריה","נעמי שמר 15, חולון",,חולון
2026-07-30 15:08:44,,clalit,עיניים,"ד""ר בן שלוש שרגה סימונט","בן גוריון 43, כפר סבא",,כפר סבא
2026-07-30 15:08:44,,clalit,עיניים,"ד""ר הדר נתלי","הפועל 22, הרצליה",,הרצליה
2026-07-30 15:08:44,,clalit,עיניים,"ד""ר צונץ ערן יצחק","התקווה 18, רעננה",,רעננה
2026-07-30 15:08:45,2026-08-06,clalit,א.א.ג-לרינגוסקופיה_פ,"ד""ר לסקר אילנה","אבן גבירול 124, תל אביב יפו",7.0,תל אביב יפו
2026-07-30 15:08:45,2026-09-01,clalit,יועץ א.א.ג.,"ד""ר חיימוף משה","אבן גבירול 124, תל אביב יפו",33.0,תל אביב יפו
2026-07-30 15:08:45,2026-08-04,clalit,א.א.ג-לרינגוסקופיה_פ,"ד""ר נוימן אורי פנח","דרך בן גוריון 13, בני ברק",5.0,בני ברק
2026-07-30 15:08:45,2026-08-09,clalit,א.א.ג-לרינגוסקופיה_פ,"ד""ר שבתאי דניאל","נעמי שמר 15, חולון",10.0,חולון
2026-07-30 15:08:45,2026-08-12,clalit,א.א.ג-לרינגוסקופיה_פ,"רופאים ב'""ח שיבא","דרך בן גוריון 13, בני ברק",13.0,בני ברק
2026-07-30 15:08:45,2026-08-16,clalit,א.א.ג-לרינגוסקופיה_פ,"ד""ר אלגרט קטיה","דרך בן גוריון 13, בני ברק",17.0,בני ברק
2026-07-30 15:08:45,2026-08-18,clalit,א.א.ג-לרינגוסקופיה_פ,"רופא בי""ח","רמב''ם 1, הרצליה",19.0,הרצליה
2026-07-30 15:08:45,2026-08-19,clalit,א.א.ג-לרינגוסקופיה_פ,"ד""ר שיבצקי שקד","דרך זאב ז'בוטינסקי 105, רמת גן",20.0,רמת גן
2026-07-30 15:08:45,2026-08-23,clalit,א.א.ג-לרינגוסקופיה_פ,"ד""ר קגן טטיאנה","התקווה 18, רעננה",24.0,רעננה
2026-07-30 15:08:45,2026-08-31,clalit,א.א.ג-לרינגוסקופיה_פ,"ד""ר פרגר אירינה","רמב''ם 1, הרצליה",32.0,הרצליה
2026-07-30 15:08:45,2026-09-06,clalit,א.א.ג-לרינגוסקופיה_פ,"ד""ר גדרון מורן","דרך בן גוריון 13, בני ברק",38.0,בני ברק
2026-07-30 15:08:45,2026-09-17,clalit,א.א.ג-לרינגוסקופיה_פ,"ד""ר יואכימס זהר","רמב''ם 1, הרצליה",49.0,הרצליה
2026-07-30 15:08:45,2026-09-23,clalit,א.א.ג-לרינגוסקופיה_פ,"ד""ר מנסור אנואר","רמב''ם 1, הרצליה",55.0,הרצליה
2026-07-30 15:08:45,2026-10-07,clalit,א.א.ג-לרינגוסקופיה_פ,"ד""ר זילבר ברקוביץ דרורית","בן גוריון 43, כפר סבא",69.0,כפר סבא
2026-07-30 15:08:46,,clalit,א.א.ג-לרינגוסקופיה_פ,"ד""ר פיצ'חדזה ילנה","דרך בן גוריון 13, בני ברק",,בני ברק
2026-07-30 15:08:47,2026-08-02,clalit,ליווי הריון-אחות,גונן רונית,"דרך שלמה 43, תל אביב יפו",3.0,תל אביב יפו
2026-07-30 15:08:47,2026-08-04,clalit,ליווי הריון-אחות,כהנא פראדי,"אבא אחימאיר 18, תל אביב יפו",5.0,תל אביב יפו
2026-07-30 15:08:47,2026-08-09,clalit,ליווי הריון-אחות,לייציק אנה,"אבא אחימאיר 18, תל אביב יפו",10.0,תל אביב יפו
2026-07-30 15:08:47,2026-08-10,clalit,ליווי הריון-אחות,אחאי אתי,"אבא אחימאיר 18, תל אביב יפו",11.0,תל אביב יפו
2026-07-30 15:08:47,2026-08-10,clalit,ליווי הריון-אחות,חזקיה אריאל,"אבא אחימאיר 18, תל אביב יפו",11.0,תל אביב יפו
2026-07-30 15:08:47,2026-08-10,clalit,ליווי הריון-אחות,גולן הדרי דיתה,"אבא אחימאיר 18, תל אביב יפו",11.0,תל אביב יפו
2026-07-30 15:08:47,2026-08-11,clalit,ליווי הריון-אחות,מלכה מור,"אבא אחימאיר 18, תל אביב יפו",12.0,תל אביב יפו
2026-07-30 15:08:48,2026-08-11,clalit,ליווי הריון-אחות,זורע עדי,"אבא אחימאיר 18, תל אביב יפו",12.0,תל אביב יפו
2026-07-30 15:08:48,2026-08-12,clalit,ליווי הריון-אחות,צורן סתיו,"אבא אחימאיר 18, תל אביב יפו",13.0,תל אביב יפו
2026-07-30 15:08:48,2026-08-13,clalit,ליווי הריון-אחות,פסח אלנה,"נירים 3, תל אביב יפו",14.0,תל אביב יפו
2026-07-30 15:08:48,2026-08-13,clalit,ליווי הריון-אחות,ארדוט תהילה,"נירים 3, תל אביב יפו",14.0,תל אביב יפו
2026-07-30 15:08:48,2026-08-16,clalit,ליווי הריון-אחות,ליוכטר  ילנה,"אבא אחימאיר 18, תל אביב יפו",17.0,תל אביב יפו
2026-07-30 15:08:48,2026-08-16,clalit,ליווי הריון-אחות,לסטר אלכסנדרה,"אבא אחימאיר 18, תל אביב יפו",17.0,תל אביב יפו
2026-07-30 15:08:48,2026-08-18,clalit,ליווי הריון-אחות,ריאר לנה,"נירים 3, תל אביב יפו",19.0,תל אביב יפו
2026-07-30 15:08:48,2026-08-26,clalit,ליווי הריון-אחות,קורלנדר הילה,"אבא אחימאיר 18, תל אביב יפו",27.0,תל אביב יפו
2026-07-30 15:08:48,2026-08-30,clalit,ליווי הריון-אחות,בורוכוב(יסחקוב)מלכה,"נירים 3, תל אביב יפו",31.0,תל אביב יפו
2026-07-30 15:08:48,2026-09-02,clalit,ליווי הריון-אחות,מינקוב שולמית,"נירים 3, תל אביב יפו",34.0,תל אביב יפו
2026-07-30 15:08:48,2026-09-03,clalit,ליווי הריון-אחות,אפל גילי,"אבא אחימאיר 18, תל אביב יפו",35.0,תל אביב יפו
2026-07-30 15:08:48,2026-08-02,clalit,ליווי הריון-אחות,ויצמן רוני,"דרך בן גוריון 13, בני ברק",3.0,בני ברק
2026-07-30 15:08:48,2026-08-03,clalit,ליווי הריון-אחות,ישקביץ טלי,"אריק איינשטיין 1, בת ים",4.0,בת ים
2026-07-30 15:08:48,2026-08-03,clalit,ליווי הריון-אחות,ז'בלקוב טל רינת,"דרך בן גוריון 13, בני ברק",4.0,בני ברק
2026-07-30 15:08:48,2026-08-03,clalit,ליווי הריון-אחות,גרשונוביץ איריס אתי,"דרך בן גוריון 13, בני ברק",4.0,בני ברק
2026-07-30 15:08:48,2026-08-03,clalit,ליווי הריון-אחות,רונית ברטמן,"בן גוריון 22, הרצליה",4.0,הרצליה
2026-07-30 15:08:48,2026-08-04,clalit,ליווי הריון-אחות,סגמן מיטל,"דרך בן גוריון 13, בני ברק",5.0,בני ברק
2026-07-30 15:08:48,2026-08-04,clalit,ליווי הריון-אחות,אפרת צור,"כיכר רמב''ם, עמנואל",5.0,עמנואל
2026-07-30 15:08:48,2026-08-05,clalit,ליווי הריון-אחות,רויטל אויריו,"בן גוריון 22, הרצליה",6.0,הרצליה
2026-07-30 15:08:48,2026-08-05,clalit,ליווי הריון-אחות,פקמן אירינה,"בן גוריון 22, הרצליה",6.0,הרצליה
2026-07-30 15:08:48,2026-08-05,clalit,ליווי הריון-אחות,שרית ניב,"בן גוריון 22, הרצליה",6.0,הרצליה
2026-07-30 15:08:49,2026-08-09,clalit,ליווי הריון-אחות,קליין גילה,"אריק איינשטיין 1, בת ים",10.0,בת ים
2026-07-30 15:08:49,2026-08-24,clalit,ליווי הריון-אחות,אוסנת גולדמן,"גלבוע 118, אלפי מנשה",25.0,אלפי מנשה
2026-07-30 15:08:49,2026-08-31,clalit,ליווי הריון-אחות,דדי תמי,"רפאל איתן 4, חולון",32.0,חולון
2026-07-30 15:08:49,2026-09-06,clalit,ליווי הריון-אחות,גורגוב דינה,"רפאל איתן 4, חולון",38.0,חולון
2026-07-30 15:08:49,2026-09-10,clalit,ליווי הריון-אחות,לירן גרינפלד,"וייצמן 83, כפר סבא",42.0,כפר סבא
2026-07-30 15:08:49,2026-09-20,clalit,ליווי הריון-אחות,לי שקד וולמוט,"וייצמן 83, כפר סבא",52.0,כפר סבא
2026-07-30 15:08:49,,clalit,ליווי הריון-אחות,תמר דטלקרמר,"וייצמן 83, כפר סבא",,כפר סבא
2026-07-30 15:08:49,,clalit,,,,,
2026-07-30 15:08:50,2026-11-04,clalit,בדיקה גנטית - סרטן ש,בר-תור תורגמן רוזאל,"דרך בן גוריון 13, בני ברק",97.0,בני ברק
2026-07-30 15:08:50,,clalit,,,,,
2026-07-30 15:08:51,,clalit,,,,,
2026-07-30 15:08:51,2026-08-12,clalit,חיסון קורונה )XBB1.5,חיסון קורונה,"אבן גבירול 124, תל אביב יפו",13.0,תל אביב יפו
2026-07-30 15:08:51,,clalit,חיסון קורונה )XBB1.5,חיסון קורונה,"בן גוריון 43, כפר סבא",,כפר סבא
2026-07-30 15:08:52,,clalit,ייעוץ רפואת טרנס בוו,"ד""ר וגנר קולסקו גל",תל אביב יפו,,תל אביב יפו
2026-07-30 15:08:53,2026-08-11,clalit,"ייעוץ רפואת להט""ב בו","ד""ר לב אנה",תל אביב יפו,12.0,תל אביב יפו
2026-07-30 15:08:53,2026-08-18,clalit,"ייעוץ רפואת להט""ב בו","ד""ר בן-קורט אולגה",תל אביב יפו,19.0,תל אביב יפו
2026-07-30 15:08:53,2026-08-31,clalit,ייעוץ PREP,"ד""ר בן-קורט אולגה",תל אביב יפו,32.0,תל אביב יפו
2026-07-30 15:08:53,2026-09-13,clalit,ייעוץ PREP,"ד""ר חסיד בועז",תל אביב יפו,45.0,תל אביב יפו
2026-07-30 15:08:54,2026-08-03,clalit,אחות יועצת הנקה,חג יחיא הדיל,"א תופאח, טירה",4.0,טירה
2026-07-30 15:08:54,2026-08-03,clalit,אחות יועצת הנקה,אסתי רעי,"רפפורט 3, כפר סבא",4.0,כפר סבא
2026-07-30 15:08:54,2026-08-05,clalit,אחות יועצת הנקה,ליז ארבל,"סשה ארגוב 23, רעננה",6.0,רעננה
2026-07-30 15:08:54,2026-08-05,clalit,אחות יועצת הנקה,אפרת צור,"כיכר רמב''ם, עמנואל",6.0,עמנואל
2026-07-30 15:08:54,2026-08-06,clalit,אחות יועצת הנקה,יערית רביב,"סשה ארגוב 23, רעננה",7.0,רעננה
2026-07-30 15:08:54,2026-08-09,clalit,אחות יועצת הנקה,פירמנוב אנה,"הגליל 5, כפר סבא",10.0,כפר סבא
2026-07-30 15:08:54,2026-08-11,clalit,אחות יועצת הנקה,עמרם שירה,"מוריה 31, רמת השרון",12.0,רמת השרון
2026-07-30 15:08:55,2026-08-12,clalit,אחות יועצת הנקה,מייבר טיירי אביגד,"רפפורט 3, כפר סבא",13.0,כפר סבא
2026-07-30 15:08:55,2026-08-17,clalit,אחות יועצת הנקה,חנה רייסקי גרנות,"סשה ארגוב 23, רעננה",18.0,רעננה
2026-07-30 15:08:55,2026-09-11,clalit,אחות יועצת הנקה,רוית לביא,"סשה ארגוב 23, רעננה",43.0,רעננה
2026-07-30 15:08:55,2026-08-13,clalit,יעוץ וחיסונים למטיילים,,"אבא אחימאיר 18, תל אביב יפו",14.0,תל אביב יפו
2026-07-30 15:08:55,2026-07-30,clalit,יעוץ וחיסונים למטיילים,,"שדרות נים 2, ראשון לציון",0.0,ראשון לציון
2026-07-30 15:08:55,2026-08-02,clalit,תכנית מטיילים/חיסוני,"מרפאת מטייל מאיר כ""","טשרניחובסקי, כפר סבא",3.0,כפר סבא
2026-07-30 15:08:55,2026-08-05,clalit,יעוץ וחיסונים למטיילים,,"דרך זאב ז'בוטינסקי 7, בני ברק",6.0,בני ברק
2026-07-30 15:08:55,2026-08-11,clalit,יעוץ וחיסונים למטיילים,,"הנדיב 71, הרצליה",12.0,הרצליה
2026-07-30 15:08:57,2026-09-14,clalit,כירורגיה שד,"ד""ר גולדנפרב פבל","אבן גבירול 124, תל אביב יפו",46.0,תל אביב יפו
2026-07-30 15:08:57,2026-09-14,clalit,כירורגיה שד,"ד""ר ברד ויאצ'סלב","אבן גבירול 124, תל אביב יפו",46.0,תל אביב יפו
2026-07-30 15:08:57,2026-09-16,clalit,כירורגיה שד,"ד""ר בלומברג יונתן","אבן גבירול 124, תל אביב יפו",48.0,תל אביב יפו
2026-07-30 15:08:57,2026-09-16,clalit,כירורגיה שד,"ד""ר וינר נעם","אבן גבירול 124, תל אביב יפו",48.0,תל אביב יפו
2026-07-30 15:08:57,2026-10-04,clalit,כירורגיה שד,"רופא בי""ח כירור' שד","אבן גבירול 124, תל אביב יפו",66.0,תל אביב יפו
2026-07-30 15:08:57,2026-10-13,clalit,כירורגיה שד,"ד""ר ברנבוים אלכס","אבן גבירול 124, תל אביב יפו",75.0,תל אביב יפו
2026-07-30 15:08:57,,clalit,כירורגיה שד,"ד""ר עוויסאת הייתם","התקומה 23, תל אביב יפו",,תל אביב יפו
2026-07-30 15:08:57,,clalit,כירורגיה שד,"ד""ר בן דוד נדב","אבן גבירול 124, תל אביב יפו",,תל אביב יפו
2026-07-30 15:08:57,2026-08-12,clalit,כירורגיה שד,"ד""ר שרמן יבגני","נעמי שמר 15, חולון",13.0,חולון
2026-07-30 15:08:57,2026-08-12,clalit,כירורגיה שד,"ד""ר שיכמן סטניסלב","סשה ארגוב 23, רעננה",13.0,רעננה
2026-07-30 15:08:57,2026-08-16,clalit,כירורגיה שד,"ד""ר סטריגין סרגיי","הרב ניסנבאום 33, בת ים",17.0,בת ים
2026-07-30 15:08:57,2026-09-02,clalit,כירורגיה שד,"ד""ר ספרוב ולרי","הרב ניסנבאום 33, בת ים",34.0,בת ים
2026-07-30 15:08:57,2026-09-06,clalit,כירורגיה שד,"ד""ר חוטריאנסקי מיכאיל","הרב ניסנבאום 33, בת ים",38.0,בת ים
2026-07-30 15:08:58,2026-09-08,clalit,כירורגיה שד,"ד""ר סטריגין סרגיי","נעמי שמר 15, חולון",40.0,חולון
2026-07-30 15:08:58,2026-09-11,clalit,כירורגיה שד,"ד""ר בן דוד נדב","חיים וייצמן 25, אזור",43.0,אזור
2026-07-30 15:08:58,2026-09-17,clalit,כירורגיה שד,"ד""ר לייבמן מיכאל","נעמי שמר 15, חולון",49.0,חולון
2026-07-30 15:08:58,2026-09-20,clalit,כירורגיה שד,"ד""ר פרוטוס כריסטיאן","נעמי שמר 15, חולון",52.0,חולון
2026-07-30 15:08:58,2026-09-24,clalit,כירורגיה שד,"ד""ר קמינסקי אולג","הרצל 34, רמת גן",56.0,רמת גן
2026-07-30 15:08:58,2026-09-29,clalit,כירורגיה שד,כירורג ב.השרון-2,"הרצל 34, רמת גן",61.0,רמת גן
2026-07-30 15:08:58,2026-10-15,clalit,כירורגיה שד,"ד""ר ריבקובסקי יבגני","הרצל 34, רמת גן",77.0,רמת גן
2026-07-30 15:08:58,2026-10-18,clalit,כירורגיה שד,"ד""ר בן דוד נדב","נעמי שמר 15, חולון",80.0,חולון
2026-07-30 15:08:58,2026-10-23,clalit,כירורגיה שד,"ד""ר כץ יאיר","רמב''ם 1, הרצליה",85.0,הרצליה
2026-07-30 15:08:58,,clalit,כירורגיה שד,"ד""ר איטקין דינה","הרצל 34, רמת גן",,רמת גן
2026-07-30 15:08:58,,clalit,כירורגיה שד,"ד""ר לוי נועה","עזרא 11, בני ברק",,בני ברק
2026-07-30 15:08:58,,clalit,כירורגיה שד,"ד""ר יספקינה אולגה","חזון אי''ש 62, בני ברק",,בני ברק
2026-07-30 15:08:58,,clalit,כירורגיה שד,"ד""ר בירנבוים יהודית","חזון אי''ש 62, בני ברק",,בני ברק
2026-07-30 15:08:58,,clalit,כירורגיה שד,"ד""ר גייר אילת","דרך זאב ז'בוטינסקי 61, פתח תקווה",,פתח תקווה
2026-07-30 15:08:58,,clalit,כירורגיה שד,"ד""ר בן ארי שפירא ענת","רמב''ם 1, הרצליה",,הרצליה
2026-07-30 15:08:58,,clalit,כירורגיה שד,"ד""ר בר לב איל","רמב''ם 1, הרצליה",,הרצליה
2026-07-30 15:08:59,,clalit,,,,,
2026-07-30 15:08:59,,clalit,,,,,
2026-07-30 15:09:00,2026-08-04,clalit,מיילדת מחודש ראשון,לורן ענבר,"שדרות רחבעם 1, קרני שומרון",5.0,קרני שומרון
2026-07-30 15:09:00,2026-08-06,clalit,מיילדת מחודש ראשון,אילנית כהן,"חרושת 18, רמת השרון",7.0,רמת השרון
2026-07-30 15:09:00,2026-09-08,clalit,מיילדת מחודש ראשון,מיכל פרס,"סשה ארגוב 23, רעננה",40.0,רעננה
2026-07-30 15:09:00,2026-09-14,clalit,מיילדת מחודש ראשון,קרן גולדנברג נגר,"סשה ארגוב 23, רעננה",46.0,רעננה
2026-07-30 15:09:01,2026-08-02,clalit,מעקב הריון-אחות,גונן רונית,"דרך שלמה 43, תל אביב יפו",3.0,תל אביב יפו
2026-07-30 15:09:01,2026-08-04,clalit,מעקב הריון-אחות,כהנא פראדי,"אבא אחימאיר 18, תל אביב יפו",5.0,תל אביב יפו
2026-07-30 15:09:01,2026-08-09,clalit,מעקב הריון-אחות,לייציק אנה,"אבא אחימאיר 18, תל אביב יפו",10.0,תל אביב יפו
2026-07-30 15:09:01,2026-08-10,clalit,מעקב הריון-אחות,אחאי אתי,"אבא אחימאיר 18, תל אביב יפו",11.0,תל אביב יפו
2026-07-30 15:09:01,2026-08-10,clalit,מעקב הריון-אחות,חזקיה אריאל,"אבא אחימאיר 18, תל אביב יפו",11.0,תל אביב יפו
2026-07-30 15:09:01,2026-08-10,clalit,מעקב הריון-אחות,גולן הדרי דיתה,"אבא אחימאיר 18, תל אביב יפו",11.0,תל אביב יפו
2026-07-30 15:09:01,2026-08-11,clalit,מעקב הריון-אחות,מלכה מור,"אבא אחימאיר 18, תל אביב יפו",12.0,תל אביב יפו
2026-07-30 15:09:01,2026-08-11,clalit,מעקב הריון-אחות,זורע עדי,"אבא אחימאיר 18, תל אביב יפו",12.0,תל אביב יפו
2026-07-30 15:09:01,2026-08-12,clalit,מעקב הריון-אחות,צורן סתיו,"אבא אחימאיר 18, תל אביב יפו",13.0,תל אביב יפו
2026-07-30 15:09:01,2026-08-13,clalit,מעקב הריון-אחות,פסח אלנה,"נירים 3, תל אביב יפו",14.0,תל אביב יפו
2026-07-30 15:09:01,2026-08-13,clalit,מעקב הריון-אחות,ארדוט תהילה,"נירים 3, תל אביב יפו",14.0,תל אביב יפו
2026-07-30 15:09:01,2026-08-16,clalit,מעקב הריון-אחות,ליוכטר  ילנה,"אבא אחימאיר 18, תל אביב יפו",17.0,תל אביב יפו
2026-07-30 15:09:01,2026-08-16,clalit,מעקב הריון-אחות,לסטר אלכסנדרה,"אבא אחימאיר 18, תל אביב יפו",17.0,תל אביב יפו
2026-07-30 15:09:01,2026-08-18,clalit,מעקב הריון-אחות,ריאר לנה,"נירים 3, תל אביב יפו",19.0,תל אביב יפו
2026-07-30 15:09:02,2026-08-26,clalit,מעקב הריון-אחות,קורלנדר הילה,"אבא אחימאיר 18, תל אביב יפו",27.0,תל אביב יפו
2026-07-30 15:09:02,2026-08-30,clalit,מעקב הריון-אחות,בורוכוב(יסחקוב)מלכה,"נירים 3, תל אביב יפו",31.0,תל אביב יפו
2026-07-30 15:09:02,2026-09-02,clalit,מעקב הריון-אחות,מינקוב שולמית,"נירים 3, תל אביב יפו",34.0,תל אביב יפו
2026-07-30 15:09:02,2026-09-03,clalit,מעקב הריון-אחות,אפל גילי,"אבא אחימאיר 18, תל אביב יפו",35.0,תל אביב יפו
2026-07-30 15:09:02,2026-08-02,clalit,מעקב הריון-אחות,דבי אפשטיין,"כיכר רמב''ם, עמנואל",3.0,עמנואל
2026-07-30 15:09:02,2026-08-09,clalit,מעקב הריון-אחות,קליין גילה,"אריק איינשטיין 1, בת ים",10.0,בת ים
2026-07-30 15:09:02,2026-08-26,clalit,מעקב הריון-אחות,יהודית גולדשטיין,"כיכר רמב''ם, עמנואל",27.0,עמנואל
2026-07-30 15:09:02,2026-08-31,clalit,מעקב הריון-אחות,דדי תמי,"רפאל איתן 4, חולון",32.0,חולון
2026-07-30 15:09:02,2026-09-06,clalit,מעקב הריון-אחות,גורגוב דינה,"רפאל איתן 4, חולון",38.0,חולון
2026-07-30 15:09:05,2026-08-03,clalit,מעקב הריון-רופא,"ד""ר נול שמואל","אמסטרדם 9, תל אביב יפו",4.0,תל אביב יפו
2026-07-30 15:09:05,2026-08-03,clalit,מעקב הריון-רופא,"ד""ר שילון מיכאל מי","אליהו ברלין 13, תל אביב יפו",4.0,תל אביב יפו
2026-07-30 15:09:05,2026-08-03,clalit,מעקב הריון-רופא,"ד""ר שילון מיכאל מי","שדרות יהודית 18, תל אביב יפו",4.0,תל אביב יפו
2026-07-30 15:09:05,2026-08-04,clalit,מעקב הריון-רופא,"ד""ר דקל איל","אבא אחימאיר 18, תל אביב יפו",5.0,תל אביב יפו
2026-07-30 15:09:05,2026-08-04,clalit,מעקב הריון-רופא,"ד""ר שילון מיכאל מי","אחד העם 9, תל אביב יפו",5.0,תל אביב יפו
2026-07-30 15:09:05,2026-08-06,clalit,מעקב הריון-רופא,"ד""ר גולד רונן שמו","אבא אחימאיר 18, תל אביב יפו",7.0,תל אביב יפו
2026-07-30 15:09:05,2026-08-13,clalit,מעקב הריון-רופא,"ד""ר סיגל יעקב","אריסטובולוס 2, תל אביב יפו",14.0,תל אביב יפו
2026-07-30 15:09:05,2026-08-16,clalit,מעקב הריון-רופא,פרופ' לוריא שמואל,"אבא אחימאיר 18, תל אביב יפו",17.0,תל אביב יפו
2026-07-30 15:09:05,2026-08-19,clalit,מעקב הריון-רופא,"ד""ר בוצן אמנון","אבא אחימאיר 18, תל אביב יפו",20.0,תל אביב יפו
2026-07-30 15:09:05,2026-08-20,clalit,מעקב הריון-רופא,"ד""ר גרוס לוטם","מקור חיים 35, תל אביב יפו",21.0,תל אביב יפו
2026-07-30 15:09:05,2026-08-20,clalit,מעקב הריון-רופא,"ד""ר ירושלמי גיל מרדכ","אהרון בקר 8, תל אביב יפו",21.0,תל אביב יפו
2026-07-30 15:09:05,2026-08-23,clalit,מעקב הריון-רופא,"ד""ר אלדר עידו","אבא אחימאיר 18, תל אביב יפו",24.0,תל אביב יפו
2026-07-30 15:09:05,2026-08-25,clalit,מעקב הריון-רופא,"ד""ר טמאיב ליליה","מקור חיים 35, תל אביב יפו",26.0,תל אביב יפו
2026-07-30 15:09:05,2026-08-25,clalit,מעקב הריון-רופא,"ד""ר ארליך אורי","אבא אחימאיר 18, תל אביב יפו",26.0,תל אביב יפו
2026-07-30 15:09:05,2026-08-25,clalit,מעקב הריון-רופא,"ד""ר טיירי דניאל","דרך שלמה 43, תל אביב יפו",26.0,תל אביב יפו
2026-07-30 15:09:05,2026-08-25,clalit,מעקב הריון-רופא,"ד""ר גרינברג נירית","הצנחנים 20, תל אביב יפו",26.0,תל אביב יפו
2026-07-30 15:09:05,2026-08-26,clalit,מעקב הריון-רופא,"ד""ר כהנא חגית","נירים 3, תל אביב יפו",27.0,תל אביב יפו
2026-07-30 15:09:05,2026-08-26,clalit,מעקב הריון-רופא,"ד""ר טמאיב ליליה","שקד 11, תל אביב יפו",27.0,תל אביב יפו
2026-07-30 15:09:05,2026-08-31,clalit,מעקב הריון-רופא,"ד""ר אלופי נעים ענת","נירים 3, תל אביב יפו",32.0,תל אביב יפו
2026-07-30 15:09:05,2026-09-01,clalit,מעקב הריון-רופא,"ד""ר קרסיק שפלטר מריולה מ","התקומה 23, תל אביב יפו",33.0,תל אביב יפו
2026-07-30 15:09:05,2026-09-01,clalit,מעקב הריון-רופא,"ד""ר מור עומר","אבא אחימאיר 18, תל אביב יפו",33.0,תל אביב יפו
2026-07-30 15:09:06,2026-09-04,clalit,מעקב הריון-רופא,"ד""ר אהרוני פינחס","נירים 3, תל אביב יפו",36.0,תל אביב יפו
2026-07-30 15:09:06,2026-09-06,clalit,מעקב הריון-רופא,"ד""ר זילברברג ערן","אבא אחימאיר 18, תל אביב יפו",38.0,תל אביב יפו
2026-07-30 15:09:06,2026-09-07,clalit,מעקב הריון-רופא,"ד""ר לייבוביץ דיאמנ הילה","אבא אחימאיר 18, תל אביב יפו",39.0,תל אביב יפו
2026-07-30 15:09:06,2026-09-09,clalit,מעקב הריון-רופא,"ד""ר ברקת יונתן חי","נירים 3, תל אביב יפו",41.0,תל אביב יפו
2026-07-30 15:09:06,2026-09-15,clalit,מעקב הריון-רופא,פרופ' לוי מיכל,"התקומה 23, תל אביב יפו",47.0,תל אביב יפו
2026-07-30 15:09:06,2026-10-06,clalit,מעקב הריון-רופא,"ד""ר גרינברג נירית","אבא אחימאיר 18, תל אביב יפו",68.0,תל אביב יפו
2026-07-30 15:09:06,2026-10-06,clalit,מעקב הריון-רופא,"ד""ר גונן נעה","נירים 3, תל אביב יפו",68.0,תל אביב יפו
2026-07-30 15:09:06,2026-10-06,clalit,מעקב הריון-רופא,"ד""ר רוסליק ילנה","נירים 3, תל אביב יפו",68.0,תל אביב יפו
2026-07-30 15:09:06,2026-10-06,clalit,מעקב הריון-רופא,"ד""ר רז יעל","ירושלמי 11, תל אביב יפו",68.0,תל אביב יפו
2026-07-30 15:09:06,2026-10-15,clalit,מעקב הריון-רופא,"ד""ר פראג רוזנברג רוני","אבא אחימאיר 18, תל אביב יפו",77.0,תל אביב יפו
2026-07-30 15:09:06,2026-10-18,clalit,מעקב הריון-רופא,"ד""ר זהבי צבי","אבא אחימאיר 18, תל אביב יפו",80.0,תל אביב יפו
2026-07-30 15:09:06,2026-10-20,clalit,מעקב הריון-רופא,"ד""ר אקדם אמיר","אבא אחימאיר 18, תל אביב יפו",82.0,תל אביב יפו
2026-07-30 15:09:06,2026-10-28,clalit,מעקב הריון-רופא,"ד""ר טורם מאיה","נירים 3, תל אביב יפו",90.0,תל אביב יפו
2026-07-30 15:09:06,,clalit,מעקב הריון-רופא,"ד""ר כץ עדי","אבא אחימאיר 18, תל אביב יפו",,תל אביב יפו
2026-07-30 15:09:07,,clalit,מעקב הריון-רופא,"ד""ר אמסטר ראובן","אבא אחימאיר 18, תל אביב יפו",,תל אביב יפו
2026-07-30 15:09:07,,clalit,מעקב הריון-רופא,"ד""ר סולימה אלדר ויקי","אבא אחימאיר 18, תל אביב יפו",,תל אביב יפו
2026-07-30 15:09:07,,clalit,מעקב הריון-רופא,"ד""ר וורחוב מירטה אי","אהרון בקר 8, תל אביב יפו",,תל אביב יפו
2026-07-30 15:09:07,2026-07-31,clalit,מעקב הריון-רופא,"ד""ר קליינר איליה","רפאל איתן 4, חולון",1.0,חולון
2026-07-30 15:09:07,2026-07-31,clalit,מעקב הריון-רופא,"ד""ר פייט קורן חגית","בן גוריון 22, הרצליה",1.0,הרצליה
2026-07-30 15:09:07,2026-08-02,clalit,מעקב הריון-רופא,"ד""ר קרסיק שפלטר מריולה מ","אריק איינשטיין 1, בת ים",3.0,בת ים
2026-07-30 15:09:07,2026-08-02,clalit,מעקב הריון-רופא,"ד""ר גינגולד אריה","חזון אי''ש 62, בני ברק",3.0,בני ברק
2026-07-30 15:09:07,2026-08-03,clalit,מעקב הריון-רופא,"ד""ר קידר רן","רפאל איתן 4, חולון",4.0,חולון
2026-07-30 15:09:07,2026-08-03,clalit,מעקב הריון-רופא,"רופ.בי""ח מעייני היש","חזון אי''ש 62, בני ברק",4.0,בני ברק
2026-07-30 15:09:07,2026-08-03,clalit,מעקב הריון-רופא,"ד""ר גינגולד אריה","דרך זאב ז'בוטינסקי 105, רמת גן",4.0,רמת גן
2026-07-30 15:09:07,2026-08-03,clalit,מעקב הריון-רופא,"ד""ר מישל אמיר","הנשר 1, רעננה",4.0,רעננה
2026-07-30 15:09:07,2026-08-04,clalit,מעקב הריון-רופא,"ד""ר חיימוב מיכאל","חיים וייצמן 25, אזור",5.0,אזור
2026-07-30 15:09:07,2026-08-04,clalit,מעקב הריון-רופא,"ד""ר חייטוב מיכאל","רבי עקיבא 83, בני ברק",5.0,בני ברק
2026-07-30 15:09:07,2026-08-04,clalit,מעקב הריון-רופא,"ד""ר שרפוב טטיאנה","בזלת 7, כוכב יאיר",5.0,כוכב יאיר
2026-07-30 15:09:08,2026-08-04,clalit,מעקב הריון-רופא,"ד""ר חייקין אלכסנדר","גלבוע 118, אלפי מנשה",5.0,אלפי מנשה
2026-07-30 15:09:08,2026-08-05,clalit,מעקב הריון-רופא,"ד""ר שרפוב טטיאנה","וייצמן 83, כפר סבא",6.0,כפר סבא
2026-07-30 15:09:08,2026-08-05,clalit,מעקב הריון-רופא,"ד""ר ברומיקר פריימן תלמה גרס","סשה ארגוב 23, רעננה",6.0,רעננה
2026-07-30 15:09:08,2026-08-06,clalit,מעקב הריון-רופא,נשים איכילוב-שפרילנ,"המכבים 75, בני ברק",7.0,בני ברק
2026-07-30 15:09:08,2026-08-09,clalit,מעקב הריון-רופא,"ד""ר פורוטקוב נטליה","שדרות רחבעם 1, קרני שומרון",10.0,קרני שומרון
2026-07-30 15:09:08,2026-08-11,clalit,מעקב הריון-רופא,"ד""ר וייצנר עומר","בן גוריון 22, הרצליה",12.0,הרצליה
2026-07-30 15:09:08,2026-08-12,clalit,מעקב הריון-רופא,"ד""ר קוך מיכל זאב",טירה,13.0,טירה
2026-07-30 15:09:08,2026-08-12,clalit,מעקב הריון-רופא,"ד""ר גדעוני יריב שלמ","רפפורט 3, כפר סבא",13.0,כפר סבא
2026-07-30 15:09:08,2026-08-12,clalit,מעקב הריון-רופא,"ד""ר חנוך יוסף","סשה ארגוב 23, רעננה",13.0,רעננה
2026-07-30 15:09:08,2026-08-12,clalit,מעקב הריון-רופא,"ד""ר פורוטקוב נטליה","כיכר רמב''ם, עמנואל",13.0,עמנואל
2026-07-30 15:09:08,2026-08-13,clalit,מעקב הריון-רופא,"ד""ר טיירי דניאל","אריק איינשטיין 1, בת ים",14.0,בת ים
2026-07-30 15:09:08,2026-08-13,clalit,מעקב הריון-רופא,"ד""ר מסארוה אלנה לקר",טירה,14.0,טירה
2026-07-30 15:09:08,2026-08-13,clalit,מעקב הריון-רופא,"ד""ר וייצנר עומר","וייצמן 83, כפר סבא",14.0,כפר סבא
2026-07-30 15:09:08,2026-08-14,clalit,מעקב הריון-רופא,"ד""ר גרטנר ונטמן ברנרד","וייצמן 83, כפר סבא",15.0,כפר סבא
2026-07-30 15:09:09,2026-08-16,clalit,מעקב הריון-רופא,"ד""ר אוהבה ג'ונתן ס","שדרות מנחם בגין 38, גבעת שמואל",17.0,גבעת שמואל
2026-07-30 15:09:09,2026-08-16,clalit,מעקב הריון-רופא,"ד""ר חייקין אלכסנדר","וייצמן 83, כפר סבא",17.0,כפר סבא
2026-07-30 15:09:09,2026-08-17,clalit,מעקב הריון-רופא,"ד""ר גולד עירן","אריק איינשטיין 1, בת ים",18.0,בת ים
2026-07-30 15:09:09,2026-08-18,clalit,מעקב הריון-רופא,"ד""ר נול שמואל","אריק איינשטיין 1, בת ים",19.0,בת ים
2026-07-30 15:09:09,2026-08-18,clalit,מעקב הריון-רופא,"ד""ר גינגולד אריה","דרך יצחק רבין 53, גבעתיים",19.0,גבעתיים
2026-07-30 15:09:09,2026-08-19,clalit,מעקב הריון-רופא,"ד""ר רביב אשרת","שדרות רחבעם 1, קרני שומרון",20.0,קרני שומרון
2026-07-30 15:09:09,2026-08-19,clalit,מעקב הריון-רופא,"ד""ר פורוטקוב נטליה","יהלום 17, קדומים",20.0,קדומים
2026-07-30 15:09:09,2026-08-20,clalit,מעקב הריון-רופא,"ד""ר ויינשטיין סופיה","בן גוריון 22, הרצליה",21.0,הרצליה
2026-07-30 15:09:09,2026-08-23,clalit,מעקב הריון-רופא,"ד""ר קולודיזנר טטיאנה","בן גוריון 22, הרצליה",24.0,הרצליה
2026-07-30 15:09:09,2026-08-27,clalit,מעקב הריון-רופא,"ד""ר אליגר נלי","רפאל איתן 4, חולון",28.0,חולון
2026-07-30 15:09:09,2026-08-31,clalit,מעקב הריון-רופא,"ד""ר וולפרט אלדר","רפאל איתן 4, חולון",32.0,חולון
2026-07-30 15:09:09,2026-08-31,clalit,מעקב הריון-רופא,פרופ' מזרחי יוסף,"רפאל איתן 4, חולון",32.0,חולון
2026-07-30 15:09:09,2026-08-31,clalit,מעקב הריון-רופא,"ד""ר רונה שירן","רפאל איתן 4, חולון",32.0,חולון
2026-07-30 15:09:09,2026-08-31,clalit,מעקב הריון-רופא,"ד""ר שריג מנחם יצח","וייצמן 83, כפר סבא",32.0,כפר סבא
2026-07-30 15:09:10,2026-09-01,clalit,מעקב הריון-רופא,"ד""ר רוק מיכל","רפאל איתן 4, חולון",33.0,חולון
2026-07-30 15:09:10,2026-09-01,clalit,מעקב הריון-רופא,"ד""ר זלוטניקובה יוליה","דרך בן גוריון 13, בני ברק",33.0,בני ברק
2026-07-30 15:09:10,2026-09-01,clalit,מעקב הריון-רופא,"ד""ר טריגרמן שי","דרך זאב ז'בוטינסקי 105, רמת גן",33.0,רמת גן
2026-07-30 15:09:10,2026-09-02,clalit,מעקב הריון-רופא,"ד""ר אבנט חגי","בן גוריון 22, הרצליה",34.0,הרצליה
2026-07-30 15:09:10,2026-09-03,clalit,מעקב הריון-רופא,"ד""ר ברוכין אוהד","רפאל איתן 4, חולון",35.0,חולון
2026-07-30 15:09:10,2026-09-06,clalit,מעקב הריון-רופא,"ד""ר פריד סימה","סשה ארגוב 23, רעננה",38.0,רעננה
2026-07-30 15:09:10,2026-09-07,clalit,מעקב הריון-רופא,"ד""ר ברקרסקי יקירה","אריק איינשטיין 1, בת ים",39.0,בת ים
2026-07-30 15:09:10,2026-09-08,clalit,מעקב הריון-רופא,"ד""ר חיימוב מיכאל","אריק איינשטיין 1, בת ים",40.0,בת ים
2026-07-30 15:09:10,2026-09-08,clalit,מעקב הריון-רופא,"ד""ר וינשטיין עדי","המכבים 75, בני ברק",40.0,בני ברק
2026-07-30 15:09:10,2026-09-08,clalit,מעקב הריון-רופא,"ד""ר כץ טטיאנה","סשה ארגוב 23, רעננה",40.0,רעננה
2026-07-30 15:09:10,2026-09-09,clalit,מעקב הריון-רופא,"ד""ר פרוסמושקין רימה","וייצמן 83, כפר סבא",41.0,כפר סבא
2026-07-30 15:09:10,2026-09-10,clalit,מעקב הריון-רופא,"ד""ר סגל הילה","רפאל איתן 4, חולון",42.0,חולון
2026-07-30 15:09:10,2026-09-22,clalit,מעקב הריון-רופא,"ד""ר בן ציון מאיה","בן גוריון 22, הרצליה",54.0,הרצליה
2026-07-30 15:09:10,2026-10-04,clalit,מעקב הריון-רופא,"ד""ר זיידין אנה","אריק איינשטיין 1, בת ים",66.0,בת ים
2026-07-30 15:09:10,2026-10-04,clalit,מעקב הריון-רופא,"ד""ר שלו אמיר","רפאל איתן 4, חולון",66.0,חולון
2026-07-30 15:09:10,2026-10-04,clalit,מעקב הריון-רופא,"ד""ר קוך מיכל זאב","וייצמן 83, כפר סבא",66.0,כפר סבא
2026-07-30 15:09:10,2026-10-05,clalit,מעקב הריון-רופא,"ד""ר סגל הילה","חיים וייצמן 25, אזור",67.0,אזור
2026-07-30 15:09:10,2026-10-12,clalit,מעקב הריון-רופא,פרופ' נחום רוית,"חזון אי''ש 62, בני ברק",74.0,בני ברק
2026-07-30 15:09:10,2026-10-16,clalit,מעקב הריון-רופא,"ד""ר ונד סוזאנה","בן גוריון 22, הרצליה",78.0,הרצליה
2026-07-30 15:09:10,2026-10-18,clalit,מעקב הריון-רופא,"ד""ר ורניקובסקי גבריאלה","רפאל איתן 4, חולון",80.0,חולון
2026-07-30 15:09:10,2026-10-20,clalit,מעקב הריון-רופא,"ד""ר דבש שירה","צבי הרלינג 6, בני ברק",82.0,בני ברק
2026-07-30 15:09:11,2026-10-28,clalit,מעקב הריון-רופא,"ד""ר ויזל אילנה","שדרות מנחם בגין 38, גבעת שמואל",90.0,גבעת שמואל
2026-07-30 15:09:11,,clalit,מעקב הריון-רופא,"ד""ר מונייר סמירה","אריק איינשטיין 1, בת ים",,בת ים
2026-07-30 15:09:11,,clalit,מעקב הריון-רופא,"ד""ר מימוני גלית","חזון אי''ש 62, בני ברק",,בני ברק
2026-07-30 15:09:11,,clalit,מעקב הריון-רופא,"ד""ר משיח פרידלר ירדנה בת","בן גוריון 22, הרצליה",,הרצליה
2026-07-30 15:09:11,,clalit,מעקב הריון-רופא,"ד""ר ברומיקר פריימן תלמה גרס","וייצמן 83, כפר סבא",,כפר סבא
2026-07-30 15:09:13,2026-08-02,clalit,נשים-תכנון משפחה/התק,"ד""ר גרוס יעקב","אליהו ברלין 13, תל אביב יפו",3.0,תל אביב יפו
2026-07-30 15:09:13,2026-08-03,clalit,נשים-תכנון משפחה/התק,"ד""ר נול שמואל","אמסטרדם 9, תל אביב יפו",4.0,תל אביב יפו
2026-07-30 15:09:13,2026-08-04,clalit,נשים-תכנון משפחה/התק,"ד""ר דקל איל","אבא אחימאיר 18, תל אביב יפו",5.0,תל אביב יפו
2026-07-30 15:09:13,2026-08-06,clalit,נשים-תכנון משפחה/התק,"ד""ר גולד רונן שמו","אבא אחימאיר 18, תל אביב יפו",7.0,תל אביב יפו
2026-07-30 15:09:13,2026-08-13,clalit,נשים-תכנון משפחה/התק,"ד""ר סיגל יעקב","אריסטובולוס 2, תל אביב יפו",14.0,תל אביב יפו
2026-07-30 15:09:13,2026-08-16,clalit,נשים-תכנון משפחה/התק,פרופ' לוריא שמואל,"אבא אחימאיר 18, תל אביב יפו",17.0,תל אביב יפו
2026-07-30 15:09:13,2026-08-19,clalit,נשים-תכנון משפחה/התק,"ד""ר בוצן אמנון","אבא אחימאיר 18, תל אביב יפו",20.0,תל אביב יפו
2026-07-30 15:09:14,2026-08-20,clalit,נשים-תכנון משפחה/התק,"ד""ר גרוס לוטם","מקור חיים 35, תל אביב יפו",21.0,תל אביב יפו
2026-07-30 15:09:14,2026-08-20,clalit,נשים-תכנון משפחה/התק,"ד""ר ירושלמי גיל מרדכ","אהרון בקר 8, תל אביב יפו",21.0,תל אביב יפו
2026-07-30 15:09:14,2026-08-23,clalit,נשים-תכנון משפחה/התק,"ד""ר אלדר עידו","אבא אחימאיר 18, תל אביב יפו",24.0,תל אביב יפו
2026-07-30 15:09:14,2026-08-25,clalit,נשים-תכנון משפחה/התק,"ד""ר טמאיב ליליה","מקור חיים 35, תל אביב יפו",26.0,תל אביב יפו
2026-07-30 15:09:14,2026-08-25,clalit,נשים-תכנון משפחה/התק,"ד""ר ארליך אורי","אבא אחימאיר 18, תל אביב יפו",26.0,תל אביב יפו
2026-07-30 15:09:14,2026-08-25,clalit,נשים-תכנון משפחה/התק,"ד""ר טיירי דניאל","דרך שלמה 43, תל אביב יפו",26.0,תל אביב יפו
2026-07-30 15:09:14,2026-08-25,clalit,נשים-תכנון משפחה/התק,"ד""ר גרינברג נירית","הצנחנים 20, תל אביב יפו",26.0,תל אביב יפו
2026-07-30 15:09:14,2026-08-26,clalit,נשים-תכנון משפחה/התק,"ד""ר כהנא חגית","נירים 3, תל אביב יפו",27.0,תל אביב יפו
2026-07-30 15:09:14,2026-08-26,clalit,נשים-תכנון משפחה/התק,"ד""ר טמאיב ליליה","שקד 11, תל אביב יפו",27.0,תל אביב יפו
2026-07-30 15:09:14,2026-08-31,clalit,נשים-תכנון משפחה/התק,"ד""ר אלופי נעים ענת","נירים 3, תל אביב יפו",32.0,תל אביב יפו
2026-07-30 15:09:14,2026-09-01,clalit,נשים-תכנון משפחה/התק,"ד""ר קרסיק שפלטר מריולה מ","התקומה 23, תל אביב יפו",33.0,תל אביב יפו
2026-07-30 15:09:14,2026-09-01,clalit,נשים-תכנון משפחה/התק,"ד""ר מור עומר","אבא אחימאיר 18, תל אביב יפו",33.0,תל אביב יפו
2026-07-30 15:09:14,2026-09-04,clalit,נשים-תכנון משפחה/התק,"ד""ר אהרוני פינחס","נירים 3, תל אביב יפו",36.0,תל אביב יפו
2026-07-30 15:09:14,2026-09-06,clalit,נשים-תכנון משפחה/התק,"ד""ר זילברברג ערן","אבא אחימאיר 18, תל אביב יפו",38.0,תל אביב יפו
2026-07-30 15:09:14,2026-09-09,clalit,נשים-תכנון משפחה/התק,"ד""ר ברקת יונתן חי","נירים 3, תל אביב יפו",41.0,תל אביב יפו
2026-07-30 15:09:14,2026-09-15,clalit,נשים-תכנון משפחה/התק,פרופ' לוי מיכל,"התקומה 23, תל אביב יפו",47.0,תל אביב יפו
2026-07-30 15:09:14,2026-10-06,clalit,נשים-תכנון משפחה/התק,"ד""ר גרינברג נירית","אבא אחימאיר 18, תל אביב יפו",68.0,תל אביב יפו
2026-07-30 15:09:14,2026-10-06,clalit,נשים-תכנון משפחה/התק,"ד""ר גונן נעה","נירים 3, תל אביב יפו",68.0,תל אביב יפו
2026-07-30 15:09:14,2026-10-06,clalit,נשים-תכנון משפחה/התק,"ד""ר רוסליק ילנה","נירים 3, תל אביב יפו",68.0,תל אביב יפו
2026-07-30 15:09:14,2026-10-15,clalit,נשים-תכנון משפחה/התק,"ד""ר פראג רוזנברג רוני","אבא אחימאיר 18, תל אביב יפו",77.0,תל אביב יפו
2026-07-30 15:09:14,2026-10-18,clalit,נשים-תכנון משפחה/התק,"ד""ר זהבי צבי","אבא אחימאיר 18, תל אביב יפו",80.0,תל אביב יפו
2026-07-30 15:09:15,2026-10-20,clalit,נשים-תכנון משפחה/התק,"ד""ר אקדם אמיר","אבא אחימאיר 18, תל אביב יפו",82.0,תל אביב יפו
2026-07-30 15:09:15,2026-10-28,clalit,נשים-תכנון משפחה/התק,"ד""ר טורם מאיה","נירים 3, תל אביב יפו",90.0,תל אביב יפו
2026-07-30 15:09:15,,clalit,נשים-תכנון משפחה/התק,"ד""ר כץ עדי","אבא אחימאיר 18, תל אביב יפו",,תל אביב יפו
2026-07-30 15:09:15,,clalit,נשים-תכנון משפחה/התק,"ד""ר סולימה אלדר ויקי","אבא אחימאיר 18, תל אביב יפו",,תל אביב יפו
2026-07-30 15:09:15,2026-07-31,clalit,נשים-תכנון משפחה/התק,"ד""ר קליינר איליה","רפאל איתן 4, חולון",1.0,חולון
2026-07-30 15:09:15,2026-08-02,clalit,נשים-תכנון משפחה/התק,"ד""ר קרסיק שפלטר מריולה מ","אריק איינשטיין 1, בת ים",3.0,בת ים
2026-07-30 15:09:15,2026-08-03,clalit,נשים-תכנון משפחה/התק,"ד""ר קידר רן","רפאל איתן 4, חולון",4.0,חולון
2026-07-30 15:09:15,2026-08-03,clalit,נשים-תכנון משפחה/התק,"ד""ר מישל אמיר","הנשר 1, רעננה",4.0,רעננה
2026-07-30 15:09:15,2026-08-04,clalit,נשים-תכנון משפחה/התק,"ד""ר חיימוב מיכאל","חיים וייצמן 25, אזור",5.0,אזור
2026-07-30 15:09:15,2026-08-04,clalit,נשים-תכנון משפחה/התק,"ד""ר שרפוב טטיאנה","בזלת 7, כוכב יאיר",5.0,כוכב יאיר
2026-07-30 15:09:15,2026-08-04,clalit,נשים-תכנון משפחה/התק,"ד""ר חייקין אלכסנדר","גלבוע 118, אלפי מנשה",5.0,אלפי מנשה
2026-07-30 15:09:15,2026-08-05,clalit,נשים-תכנון משפחה/התק,"ד""ר שרפוב טטיאנה","וייצמן 83, כפר סבא",6.0,כפר סבא
2026-07-30 15:09:15,2026-08-05,clalit,נשים-תכנון משפחה/התק,"ד""ר ברומיקר פריימן תלמה גרס","סשה ארגוב 23, רעננה",6.0,רעננה
2026-07-30 15:09:15,2026-08-07,clalit,נשים-תכנון משפחה/התק,"ד""ר ביטמן גנדי","בן גוריון 22, הרצליה",8.0,הרצליה
2026-07-30 15:09:16,2026-08-09,clalit,נשים-תכנון משפחה/התק,"רופא בי""ח","בן גוריון 22, הרצליה",10.0,הרצליה
2026-07-30 15:09:16,2026-08-09,clalit,נשים-תכנון משפחה/התק,"ד""ר טל אורי","בזלת 7, כוכב יאיר",10.0,כוכב יאיר
2026-07-30 15:09:16,2026-08-09,clalit,נשים-תכנון משפחה/התק,"ד""ר פורוטקוב נטליה","שדרות רחבעם 1, קרני שומרון",10.0,קרני שומרון
2026-07-30 15:09:16,2026-08-11,clalit,נשים-תכנון משפחה/התק,"ד""ר וייצנר עומר","בן גוריון 22, הרצליה",12.0,הרצליה
2026-07-30 15:09:16,2026-08-11,clalit,נשים-תכנון משפחה/התק,"ד""ר טל אורי","בן גוריון 22, הרצליה",12.0,הרצליה
2026-07-30 15:09:16,2026-08-12,clalit,נשים-תכנון משפחה/התק,"ד""ר גדעוני יריב שלמ","רפפורט 3, כפר סבא",13.0,כפר סבא
2026-07-30 15:09:16,2026-08-12,clalit,נשים-תכנון משפחה/התק,"ד""ר חנוך יוסף","סשה ארגוב 23, רעננה",13.0,רעננה
2026-07-30 15:09:16,2026-08-12,clalit,נשים-תכנון משפחה/התק,"ד""ר פורוטקוב נטליה","כיכר רמב''ם, עמנואל",13.0,עמנואל
2026-07-30 15:09:16,2026-08-13,clalit,נשים-תכנון משפחה/התק,"ד""ר טיירי דניאל","אריק איינשטיין 1, בת ים",14.0,בת ים
2026-07-30 15:09:16,2026-08-13,clalit,נשים-תכנון משפחה/התק,"ד""ר וייצנר עומר","וייצמן 83, כפר סבא",14.0,כפר סבא
2026-07-30 15:09:16,2026-08-14,clalit,נשים-תכנון משפחה/התק,"ד""ר גרטנר ונטמן ברנרד","וייצמן 83, כפר סבא",15.0,כפר סבא
2026-07-30 15:09:16,2026-08-16,clalit,נשים-תכנון משפחה/התק,"ד""ר חייקין אלכסנדר","וייצמן 83, כפר סבא",17.0,כפר סבא
2026-07-30 15:09:16,2026-08-17,clalit,נשים-תכנון משפחה/התק,"ד""ר גולד עירן","אריק איינשטיין 1, בת ים",18.0,בת ים
2026-07-30 15:09:16,2026-08-18,clalit,נשים-תכנון משפחה/התק,"ד""ר נול שמואל","אריק איינשטיין 1, בת ים",19.0,בת ים
2026-07-30 15:09:16,2026-08-19,clalit,נשים-תכנון משפחה/התק,"ד""ר רביב אשרת","שדרות רחבעם 1, קרני שומרון",20.0,קרני שומרון
2026-07-30 15:09:16,2026-08-19,clalit,נשים-תכנון משפחה/התק,"ד""ר פורוטקוב נטליה","יהלום 17, קדומים",20.0,קדומים
2026-07-30 15:09:16,2026-08-20,clalit,נשים-תכנון משפחה/התק,"ד""ר ויינשטיין סופיה","בן גוריון 22, הרצליה",21.0,הרצליה
2026-07-30 15:09:16,2026-08-25,clalit,נשים-תכנון משפחה/התק,"ד""ר שרייבר חנוך","וייצמן 83, כפר סבא",26.0,כפר סבא
2026-07-30 15:09:16,2026-08-27,clalit,נשים-תכנון משפחה/התק,"ד""ר אליגר נלי","רפאל איתן 4, חולון",28.0,חולון
2026-07-30 15:09:16,2026-08-27,clalit,נשים-תכנון משפחה/התק,"ד""ר קידר לירון","בן גוריון 22, הרצליה",28.0,הרצליה
2026-07-30 15:09:16,2026-08-31,clalit,נשים-תכנון משפחה/התק,"ד""ר וולפרט אלדר","רפאל איתן 4, חולון",32.0,חולון
2026-07-30 15:09:17,2026-08-31,clalit,נשים-תכנון משפחה/התק,פרופ' מזרחי יוסף,"רפאל איתן 4, חולון",32.0,חולון
2026-07-30 15:09:17,2026-08-31,clalit,נשים-תכנון משפחה/התק,"ד""ר רונה שירן","רפאל איתן 4, חולון",32.0,חולון
2026-07-30 15:09:17,2026-08-31,clalit,נשים-תכנון משפחה/התק,"ד""ר שריג מנחם יצח","וייצמן 83, כפר סבא",32.0,כפר סבא
2026-07-30 15:09:17,2026-09-01,clalit,נשים-תכנון משפחה/התק,"ד""ר רוק מיכל","רפאל איתן 4, חולון",33.0,חולון
2026-07-30 15:09:17,2026-09-03,clalit,נשים-תכנון משפחה/התק,"ד""ר ברוכין אוהד","רפאל איתן 4, חולון",35.0,חולון
2026-07-30 15:09:17,2026-09-06,clalit,נשים-תכנון משפחה/התק,"ד""ר פריד סימה","סשה ארגוב 23, רעננה",38.0,רעננה
2026-07-30 15:09:17,2026-09-07,clalit,נשים-תכנון משפחה/התק,"ד""ר ברקרסקי יקירה","אריק איינשטיין 1, בת ים",39.0,בת ים
2026-07-30 15:09:17,2026-09-07,clalit,נשים-תכנון משפחה/התק,יגור יעל,"סשה ארגוב 23, רעננה",39.0,רעננה
2026-07-30 15:09:17,2026-09-08,clalit,נשים-תכנון משפחה/התק,"ד""ר חיימוב מיכאל","אריק איינשטיין 1, בת ים",40.0,בת ים
2026-07-30 15:09:17,2026-09-08,clalit,נשים-תכנון משפחה/התק,"ד""ר הויזלר ישי","נחל קנה 9, צור יצחק",40.0,צור יצחק
2026-07-30 15:09:17,2026-09-08,clalit,נשים-תכנון משפחה/התק,"ד""ר כץ טטיאנה","סשה ארגוב 23, רעננה",40.0,רעננה
2026-07-30 15:09:17,2026-09-09,clalit,נשים-תכנון משפחה/התק,"ד""ר פרוסמושקין רימה","וייצמן 83, כפר סבא",41.0,כפר סבא
2026-07-30 15:09:17,2026-09-10,clalit,נשים-תכנון משפחה/התק,"ד""ר סגל הילה","רפאל איתן 4, חולון",42.0,חולון
2026-07-30 15:09:17,2026-09-16,clalit,נשים-תכנון משפחה/התק,"ד""ר ענבר שמואל","סשה ארגוב 23, רעננה",48.0,רעננה
2026-07-30 15:09:18,2026-09-22,clalit,נשים-תכנון משפחה/התק,"ד""ר בן ציון מאיה","בן גוריון 22, הרצליה",54.0,הרצליה
2026-07-30 15:09:18,2026-10-04,clalit,נשים-תכנון משפחה/התק,"ד""ר זיידין אנה","אריק איינשטיין 1, בת ים",66.0,בת ים
2026-07-30 15:09:18,2026-10-04,clalit,נשים-תכנון משפחה/התק,"ד""ר שלו אמיר","רפאל איתן 4, חולון",66.0,חולון
2026-07-30 15:09:18,2026-10-04,clalit,נשים-תכנון משפחה/התק,"ד""ר קוך מיכל זאב","וייצמן 83, כפר סבא",66.0,כפר סבא
2026-07-30 15:09:18,2026-10-05,clalit,נשים-תכנון משפחה/התק,"ד""ר סגל הילה","חיים וייצמן 25, אזור",67.0,אזור
2026-07-30 15:09:18,2026-10-14,clalit,נשים-תכנון משפחה/התק,"ד""ר בוגין גרינפילד רונה","סשה ארגוב 23, רעננה",76.0,רעננה
2026-07-30 15:09:18,2026-10-18,clalit,נשים-תכנון משפחה/התק,"ד""ר ורניקובסקי גבריאלה","רפאל איתן 4, חולון",80.0,חולון
2026-07-30 15:09:18,,clalit,נשים-תכנון משפחה/התק,"ד""ר מונייר סמירה","אריק איינשטיין 1, בת ים",,בת ים
2026-07-30 15:09:18,,clalit,נשים-תכנון משפחה/התק,"ד""ר פייט קורן חגית","בן גוריון 22, הרצליה",,הרצליה
2026-07-30 15:09:18,,clalit,נשים-תכנון משפחה/התק,"ד""ר אבנט חגי","בן גוריון 22, הרצליה",,הרצליה
2026-07-30 15:09:18,,clalit,נשים-תכנון משפחה/התק,"ד""ר משיח פרידלר ירדנה בת","בן גוריון 22, הרצליה",,הרצליה
2026-07-30 15:09:18,,clalit,נשים-תכנון משפחה/התק,"ד""ר קולודיזנר טטיאנה","בן גוריון 22, הרצליה",,הרצליה
2026-07-30 15:09:18,,clalit,נשים-תכנון משפחה/התק,"ד""ר עובדיה מיכל חנה","וייצמן 83, כפר סבא",,כפר סבא
2026-07-30 15:09:18,,clalit,נשים-תכנון משפחה/התק,"ד""ר ברומיקר פריימן תלמה גרס","וייצמן 83, כפר סבא",,כפר סבא
2026-07-30 15:09:18,,clalit,,,,,
2026-07-30 15:09:19,,clalit,,,,,
2026-07-30 15:09:19,,clalit,,,,,
2026-07-30 15:09:20,,clalit,,,,,
2026-07-30 15:09:20,,clalit,,,,,
2026-07-30 15:09:21,2026-08-11,clalit,"רפואת להט""ב","ד""ר יודוביץ דרור","דרך זאב ז'בוטינסקי 105, רמת גן",12.0,רמת גן
2026-07-30 15:09:21,2026-09-08,clalit,"רפואת להט""ב","ד""ר לנקרי נטע","הנדיב 71, הרצליה",40.0,הרצליה
2026-07-30 15:09:21,,clalit,,,,,
2026-07-30 15:09:24,2026-10-26,clalit,דיאטה,ספיר יפית,"דרך שלמה 43, תל אביב יפו",88.0,תל אביב יפו
2026-07-30 15:09:24,,clalit,דיאטה,בן עמי מירה,"יד המעביר 22, תל אביב יפו",,תל אביב יפו
2026-07-30 15:09:24,,clalit,דיאטה,גולדמן בילי,"התקומה 23, תל אביב יפו",,תל אביב יפו
2026-07-30 15:09:24,,clalit,דיאטה,לנטנר טל,"בן יהודה 29, תל אביב יפו",,תל אביב יפו
2026-07-30 15:09:24,,clalit,דיאטה,טל דנה,"אבן גבירול 124, תל אביב יפו",,תל אביב יפו
2026-07-30 15:09:24,,clalit,דיאטה,סימנוביץ מיתר,"אבן גבירול 124, תל אביב יפו",,תל אביב יפו
2026-07-30 15:09:24,,clalit,דיאטה,פסח עינבל,"אבן גבירול 124, תל אביב יפו",,תל אביב יפו
2026-07-30 15:09:24,,clalit,דיאטה,בן שושן לי,"אבן גבירול 124, תל אביב יפו",,תל אביב יפו
2026-07-30 15:09:24,,clalit,דיאטה,פסח עינבל,"דב הוז 1, תל אביב יפו",,תל אביב יפו
2026-07-30 15:09:24,,clalit,דיאטה,מאור  שרון,"אברהם גייגר 7, תל אביב יפו",,תל אביב יפו
2026-07-30 15:09:24,,clalit,דיאטה,חייג(חבושה) אוסנת,"הצבי 9, תל אביב יפו",,תל אביב יפו
2026-07-30 15:09:24,,clalit,דיאטה,חייג(חבושה) אוסנת,"שדרות יד לבנים 35, תל אביב יפו",,תל אביב יפו
2026-07-30 15:09:24,,clalit,דיאטה,אורלנד סתו,"שדרות ישראל גורי 39, תל אביב יפו",,תל אביב יפו
2026-07-30 15:09:24,,clalit,דיאטה,ספיר יפית,"שדרות יהודית 18, תל אביב יפו",,תל אביב יפו
2026-07-30 15:09:24,,clalit,דיאטה,וולף אופיר אפרת,"שקד 11, תל אביב יפו",,תל אביב יפו
2026-07-30 15:09:24,,clalit,דיאטה,בן שושן לי,"שקד 11, תל אביב יפו",,תל אביב יפו
2026-07-30 15:09:24,2026-09-08,clalit,דיאטה,ענת הרו,"כיכר רמב''ם, עמנואל",40.0,עמנואל
2026-07-30 15:09:24,2026-09-09,clalit,דיאטה,יארה גזאוי,"א תופאח, טירה",41.0,טירה
2026-07-30 15:09:24,2026-09-10,clalit,דיאטה,יארה גזאוי,"טארק עבד אל חי, טירה",42.0,טירה
2026-07-30 15:09:24,2026-09-14,clalit,דיאטה,וינברג שגיא,"רחל 14, גבעתיים",46.0,גבעתיים
2026-07-30 15:09:24,2026-09-14,clalit,דיאטה,ענת הרו,"שדרות רחבעם 1, קרני שומרון",46.0,קרני שומרון
2026-07-30 15:09:25,2026-09-15,clalit,דיאטה,כחלון נויה,"עלי הכהן 13, בני ברק",47.0,בני ברק
2026-07-30 15:09:25,2026-09-15,clalit,דיאטה,ענת הרו,"יהלום 17, קדומים",47.0,קדומים
2026-07-30 15:09:25,2026-09-16,clalit,דיאטה,בן נאים לי,"רחל 14, גבעתיים",48.0,גבעתיים
2026-07-30 15:09:25,2026-09-17,clalit,דיאטה,סרוסי מרב שושנה,"רבי עקיבא 83, בני ברק",49.0,בני ברק
2026-07-30 15:09:25,2026-09-18,clalit,דיאטה,קמר טיבי,"טארק עבד אל חי, טירה",50.0,טירה
2026-07-30 15:09:25,2026-09-23,clalit,דיאטה,כהן זוהר,"הרצל 34, רמת גן",55.0,רמת גן
2026-07-30 15:09:25,2026-09-23,clalit,דיאטה,פלם רוני,"רבי עקיבא 83, בני ברק",55.0,בני ברק
2026-07-30 15:09:26,2026-09-27,clalit,דיאטה,פרישמן טליה,"הרצל 34, רמת גן",59.0,רמת גן
2026-07-30 15:09:26,2026-09-29,clalit,דיאטה,מגל הילי,"הרצל 34, רמת גן",61.0,רמת גן
2026-07-30 15:09:26,2026-09-30,clalit,דיאטה,מגל הילי,"הרב כהנמן 136, בני ברק",62.0,בני ברק
2026-07-30 15:09:26,2026-09-30,clalit,דיאטה,מזוז נועה,"קפלן 9, רמת גן",62.0,רמת גן
2026-07-30 15:09:26,2026-10-01,clalit,דיאטה,בן נאים לי,"דרך יצחק רבין 53, גבעתיים",63.0,גבעתיים
2026-07-30 15:09:26,2026-10-05,clalit,דיאטה,כחלון נויה,"הרצל 34, רמת גן",67.0,רמת גן
2026-07-30 15:09:26,2026-10-07,clalit,דיאטה,כהן טאוב אורטל,"הרצל 34, רמת גן",69.0,רמת גן
2026-07-30 15:09:26,2026-10-08,clalit,דיאטה,אשכנזי ירדן,"דרך זאב ז'בוטינסקי 105, רמת גן",70.0,רמת גן
2026-07-30 15:09:26,2026-10-13,clalit,דיאטה,פרי מיכאל,"רבי עקיבא 83, בני ברק",75.0,בני ברק
2026-07-30 15:09:26,2026-10-19,clalit,דיאטה,זליג שירי,"דרך זאב ז'בוטינסקי 105, רמת גן",81.0,רמת גן
2026-07-30 15:09:26,2026-10-26,clalit,דיאטה,פרישמן טליה,"דרך יצחק רבין 53, גבעתיים",88.0,גבעתיים
2026-07-30 15:09:26,2026-10-26,clalit,דיאטה,טל גליקמן טל,"הנוטרים 7, רעננה",88.0,רעננה
2026-07-30 15:09:26,2026-11-01,clalit,דיאטה,לזר גולדנבלום עדי,"שדרות מנחם בגין 38, גבעת שמואל",94.0,גבעת שמואל
2026-07-30 15:09:26,2026-11-01,clalit,דיאטה,ברקמן אליה,"אליעזר יפה 8, רעננה",94.0,רעננה
2026-07-30 15:09:27,,clalit,דיאטה,אורלנד סתו,"האשל 2, חולון",,חולון
2026-07-30 15:09:27,,clalit,דיאטה,פילר ילנה,"הרב ניסנבאום 33, בת ים",,בת ים
2026-07-30 15:09:27,,clalit,דיאטה,אורון בת-אל,"הרב ניסנבאום 33, בת ים",,בת ים
2026-07-30 15:09:27,,clalit,דיאטה,בטיש טל,"הרב ניסנבאום 33, בת ים",,בת ים
2026-07-30 15:09:27,,clalit,דיאטה,אליהו נטע,"הרב ניסנבאום 33, בת ים",,בת ים
2026-07-30 15:09:27,,clalit,דיאטה,אסולין ונדה,"נעמי שמר 15, חולון",,חולון
2026-07-30 15:09:27,,clalit,דיאטה,גולדמן בילי,"נעמי שמר 15, חולון",,חולון
2026-07-30 15:09:27,,clalit,דיאטה,אורון בת-אל,"שאלתיאל דוד 16, חולון",,חולון
2026-07-30 15:09:27,,clalit,דיאטה,וולף אופיר אפרת,"הסנהדרין 25, חולון",,חולון
2026-07-30 15:09:27,,clalit,דיאטה,בטיש טל,"סטרומה 3, בת ים",,בת ים
2026-07-30 15:09:27,,clalit,דיאטה,לנגברג מיכל,"ששת הימים 6, חולון",,חולון
2026-07-30 15:09:27,,clalit,דיאטה,גולן יונית,"הרצל 34, רמת גן",,רמת גן
2026-07-30 15:09:27,,clalit,דיאטה,פרישמן טליה,"רחל 14, גבעתיים",,גבעתיים
2026-07-30 15:09:27,,clalit,דיאטה,נועה לואיסה ברמן,"חרושת 18, רמת השרון",,רמת השרון
2026-07-30 15:09:27,,clalit,דיאטה,קרן סלוצקי מינדלין,"טשרניחובסקי 4, הרצליה",,הרצליה
2026-07-30 15:09:27,,clalit,דיאטה,ליהי קאופמן,"המעפילים 5, כפר סבא",,כפר סבא
2026-07-30 15:09:27,,clalit,דיאטה,ויסברג רונית,"בן גוריון 43, כפר סבא",,כפר סבא
2026-07-30 15:09:27,,clalit,דיאטה,שלם רינת,"בן גוריון 43, כפר סבא",,כפר סבא
2026-07-30 15:09:27,,clalit,דיאטה,ענת הרו,"בזלת 7, כוכב יאיר",,כוכב יאיר
2026-07-30 15:09:27,,clalit,דיאטה,מירב רבר,"הגליל 5, כפר סבא",,כפר סבא
2026-07-30 15:09:27,,clalit,דיאטה,טיברג שרון,"בית הלל 6, רמת השרון",,רמת השרון
2026-07-30 15:09:28,,clalit,דיאטה,מרטין סוסוביץ,"רפפורט 3, כפר סבא",,כפר סבא
2026-07-30 15:09:28,,clalit,דיאטה,שרון ברקה,"סשה ארגוב 23, רעננה",,רעננה
2026-07-30 15:09:28,,clalit,דיאטה,ענת הרו,"גלבוע 118, אלפי מנשה",,אלפי מנשה
2026-07-30 15:09:28,,clalit,דיאטה,לוטם הופמן,"הפועל 22, הרצליה",,הרצליה
2026-07-30 15:09:28,,clalit,דיאטה,מרטין סוסוביץ,"רמב''ם 1, הרצליה",,הרצליה
2026-07-30 15:09:28,,clalit,תזונה דיאטה - און לי,וסרמן ליהי,תל אביב יפו,,תל אביב יפו
2026-07-30 15:09:28,,clalit,תזונה דיאטה - און לי,גולדמן בילי,תל אביב יפו,,תל אביב יפו
2026-07-30 15:09:29,2026-10-15,clalit,דיאטה נפרולוגיה (כלי,לנטנר טל,"אבן גבירול 124, תל אביב יפו",77.0,תל אביב יפו
2026-07-30 15:09:29,2026-10-21,clalit,דיאטה נפרולוגיה (כלי,מילר הגר,"אבן גבירול 124, תל אביב יפו",83.0,תל אביב יפו
2026-07-30 15:09:29,2026-10-22,clalit,דיאטה נפרולוגיה (כלי,בן עמי מירה,"אבן גבירול 124, תל אביב יפו",84.0,תל אביב יפו
2026-07-30 15:09:29,,clalit,דיאטה נפרולוגיה (כלי,בן עמי מירה,"יד המעביר 22, תל אביב יפו",,תל אביב יפו
2026-07-30 15:09:29,,clalit,דיאטה נפרולוגיה (כלי,לנטנר טל,"בן יהודה 29, תל אביב יפו",,תל אביב יפו
2026-07-30 15:09:29,2026-09-17,clalit,דיאטה נפרולוגיה (כלי,סרוסי מרב שושנה,"רבי עקיבא 83, בני ברק",49.0,בני ברק
2026-07-30 15:09:29,2026-10-11,clalit,דיאטה נפרולוגיה (כלי,לנטנר טל,"הרב ניסנבאום 33, בת ים",73.0,בת ים
2026-07-30 15:09:30,2026-10-13,clalit,דיאטה נפרולוגיה (כלי,פרי מיכאל,"רבי עקיבא 83, בני ברק",75.0,בני ברק
2026-07-30 15:09:30,2026-10-18,clalit,דיאטה נפרולוגיה (כלי,מילר הגר,"הרב ניסנבאום 33, בת ים",80.0,בת ים
2026-07-30 15:09:30,2026-10-26,clalit,דיאטה נפרולוגיה (כלי,בן עמי מירה,"הרב ניסנבאום 33, בת ים",88.0,בת ים
2026-07-30 15:09:30,,clalit,דיאטה נפרולוגיה (כלי,גולן יונית,"הרצל 34, רמת גן",,רמת גן
2026-07-30 15:09:30,,clalit,דיאטה נפרולוגיה (כלי,מרטין סוסוביץ,"רמב''ם 1, הרצליה",,הרצליה
2026-07-30 15:09:30,2026-08-02,clalit,דיאטה סכרת - אינסולי,גבע-גורלניק נורית,"אבן גבירול 124, תל אביב יפו",3.0,תל אביב יפו
2026-07-30 15:09:30,2026-10-15,clalit,דיאטה סכרת - אינסולי,לנטנר טל,"אבן גבירול 124, תל אביב יפו",77.0,תל אביב יפו
2026-07-30 15:09:30,,clalit,דיאטה סכרת - אינסולי,פסח עינבל,"אבן גבירול 124, תל אביב יפו",,תל אביב יפו
2026-07-30 15:09:30,,clalit,דיאטה סכרת - אינסולי,פסח עינבל,"דב הוז 1, תל אביב יפו",,תל אביב יפו
2026-07-30 15:09:30,2026-10-11,clalit,דיאטה סכרת - אינסולי,לנטנר טל,"הרב ניסנבאום 33, בת ים",73.0,בת ים
2026-07-30 15:09:30,2026-10-26,clalit,דיאטה סכרת - אינסולי,טל גליקמן טל,"הנוטרים 7, רעננה",88.0,רעננה
2026-07-30 15:09:30,2026-11-01,clalit,דיאטה סכרת - אינסולי,ברקמן אליה,"אליעזר יפה 8, רעננה",94.0,רעננה
2026-07-30 15:09:31,,clalit,דיאטה סכרת - אינסולי,קרן סלוצקי מינדלין,"טשרניחובסקי 4, הרצליה",,הרצליה
2026-07-30 15:09:31,,clalit,דיאטה סכרת - אינסולי,שלם רינת,"בן גוריון 43, כפר סבא",,כפר סבא
2026-07-30 15:09:32,2026-10-22,clalit,דיאטה לאחר קיצור קיב,בן עמי מירה,"אבן גבירול 124, תל אביב יפו",84.0,תל אביב יפו
2026-07-30 15:09:32,,clalit,דיאטה לאחר קיצור קיב,בן עמי מירה,"יד המעביר 22, תל אביב יפו",,תל אביב יפו
2026-07-30 15:09:32,,clalit,דיאטה לאחר קיצור קיב,מאור  שרון,"אברהם גייגר 7, תל אביב יפו",,תל אביב יפו
2026-07-30 15:09:32,,clalit,דיאטה לאחר קיצור קיב,חייג(חבושה) אוסנת,"הצבי 9, תל אביב יפו",,תל אביב יפו
2026-07-30 15:09:32,,clalit,דיאטה לאחר קיצור קיב,חייג(חבושה) אוסנת,"שדרות יד לבנים 35, תל אביב יפו",,תל אביב יפו
2026-07-30 15:09:32,,clalit,דיאטה לאחר קיצור קיב,וולף אופיר אפרת,"שקד 11, תל אביב יפו",,תל אביב יפו
2026-07-30 15:09:32,2026-09-17,clalit,דיאטה לאחר קיצור קיב,סרוסי מרב שושנה,"רבי עקיבא 83, בני ברק",49.0,בני ברק
2026-07-30 15:09:33,2026-09-23,clalit,דיאטה לאחר קיצור קיב,פלם רוני,"רבי עקיבא 83, בני ברק",55.0,בני ברק
2026-07-30 15:09:33,2026-10-05,clalit,דיאטה לאחר קיצור קיב,אורנשטיין דנה,"דרך בן גוריון 13, בני ברק",67.0,בני ברק
2026-07-30 15:09:33,2026-10-06,clalit,דיאטה לאחר קיצור קיב,אשכנזי ירדן,"דרך בן גוריון 13, בני ברק",68.0,בני ברק
2026-07-30 15:09:33,2026-10-13,clalit,דיאטה לאחר קיצור קיב,פרי מיכאל,"רבי עקיבא 83, בני ברק",75.0,בני ברק
2026-07-30 15:09:33,2026-10-19,clalit,דיאטה לאחר קיצור קיב,זליג שירי,"דרך זאב ז'בוטינסקי 105, רמת גן",81.0,רמת גן
2026-07-30 15:09:33,2026-10-26,clalit,דיאטה לאחר קיצור קיב,בן עמי מירה,"הרב ניסנבאום 33, בת ים",88.0,בת ים
2026-07-30 15:09:33,2026-10-29,clalit,דיאטה לאחר קיצור קיב,וולף אופיר אפרת,"הרב ניסנבאום 33, בת ים",91.0,בת ים
2026-07-30 15:09:33,,clalit,דיאטה לאחר קיצור קיב,אורון בת-אל,"הרב ניסנבאום 33, בת ים",,בת ים
2026-07-30 15:09:33,,clalit,דיאטה לאחר קיצור קיב,אורון בת-אל,"שאלתיאל דוד 16, חולון",,חולון
2026-07-30 15:09:33,,clalit,דיאטה לאחר קיצור קיב,וולף אופיר אפרת,"הסנהדרין 25, חולון",,חולון
2026-07-30 15:09:33,,clalit,דיאטה לאחר קיצור קיב,גולן יונית,"הרצל 34, רמת גן",,רמת גן
2026-07-30 15:09:33,,clalit,דיאטה לאחר קיצור קיב,עזורי קוראל,"עלי הכהן 13, בני ברק",,בני ברק
2026-07-30 15:09:33,,clalit,דיאטה לאחר קיצור קיב,קרן סלוצקי מינדלין,"טשרניחובסקי 4, הרצליה",,הרצליה
2026-07-30 15:09:33,,clalit,דיאטה לאחר קיצור קיב,מירב רבר,"הגליל 5, כפר סבא",,כפר סבא
2026-07-30 15:09:34,2026-09-16,clalit,דיאטה - גסטרו,פילצביץ קליין שיר,"אבן גבירול 124, תל אביב יפו",48.0,תל אביב יפו
2026-07-30 15:09:34,,clalit,דיאטה - גסטרו,סימנוביץ מיתר,"אבן גבירול 124, תל אביב יפו",,תל אביב יפו
2026-07-30 15:09:34,,clalit,דיאטה - גסטרו,מאור  שרון,"אברהם גייגר 7, תל אביב יפו",,תל אביב יפו
2026-07-30 15:09:34,,clalit,דיאטה - גסטרו,וולף אופיר אפרת,"שקד 11, תל אביב יפו",,תל אביב יפו
2026-07-30 15:09:34,2026-08-02,clalit,דיאטה - גסטרו,פילצביץ קליין שיר,"הרב ניסנבאום 33, בת ים",3.0,בת ים
2026-07-30 15:09:34,2026-09-17,clalit,דיאטה - גסטרו,סרוסי מרב שושנה,"רבי עקיבא 83, בני ברק",49.0,בני ברק
2026-07-30 15:09:34,2026-10-06,clalit,דיאטה - גסטרו,אשכנזי ירדן,"דרך בן גוריון 13, בני ברק",68.0,בני ברק
2026-07-30 15:09:34,2026-10-12,clalit,דיאטה - גסטרו,ארבל ענת-צפורה,"דרך בן גוריון 13, בני ברק",74.0,בני ברק
2026-07-30 15:09:34,2026-10-13,clalit,דיאטה - גסטרו,פרי מיכאל,"רבי עקיבא 83, בני ברק",75.0,בני ברק
2026-07-30 15:09:34,2026-10-29,clalit,דיאטה - גסטרו,וולף אופיר אפרת,"הרב ניסנבאום 33, בת ים",91.0,בת ים
2026-07-30 15:09:34,,clalit,דיאטה - גסטרו,וולף אופיר אפרת,"הסנהדרין 25, חולון",,חולון
2026-07-30 15:09:34,,clalit,דיאטה - גסטרו,ליהי קאופמן,"המעפילים 5, כפר סבא",,כפר סבא
2026-07-30 15:09:34,,clalit,דיאטה - גסטרו,לוטם הופמן,"הפועל 22, הרצליה",,הרצליה
2026-07-30 15:09:35,2026-10-22,clalit,דיאטה-סכרת הריונית,בן עמי מירה,"אבן גבירול 124, תל אביב יפו",84.0,תל אביב יפו
2026-07-30 15:09:35,,clalit,דיאטה-סכרת הריונית,בן עמי מירה,"יד המעביר 22, תל אביב יפו",,תל אביב יפו
2026-07-30 15:09:35,,clalit,דיאטה-סכרת הריונית,סימנוביץ מיתר,"אבן גבירול 124, תל אביב יפו",,תל אביב יפו
2026-07-30 15:09:35,,clalit,דיאטה-סכרת הריונית,פסח עינבל,"אבן גבירול 124, תל אביב יפו",,תל אביב יפו
2026-07-30 15:09:35,,clalit,דיאטה-סכרת הריונית,פסח עינבל,"דב הוז 1, תל אביב יפו",,תל אביב יפו
2026-07-30 15:09:35,2026-09-17,clalit,דיאטה-סכרת הריונית,סרוסי מרב שושנה,"רבי עקיבא 83, בני ברק",49.0,בני ברק
2026-07-30 15:09:35,2026-09-18,clalit,דיאטה-סכרת הריונית,קמר טיבי,"טארק עבד אל חי, טירה",50.0,טירה
2026-07-30 15:09:36,2026-10-26,clalit,דיאטה-סכרת הריונית,בן עמי מירה,"הרב ניסנבאום 33, בת ים",88.0,בת ים
2026-07-30 15:09:36,,clalit,דיאטה-סכרת הריונית,אורון בת-אל,"הרב ניסנבאום 33, בת ים",,בת ים
2026-07-30 15:09:36,,clalit,דיאטה-סכרת הריונית,בלו אסתר,"אריק איינשטיין 1, בת ים",,בת ים
2026-07-30 15:09:36,,clalit,דיאטה-סכרת הריונית,אורון בת-אל,"שאלתיאל דוד 16, חולון",,חולון
2026-07-30 15:09:36,,clalit,דיאטה-סכרת הריונית,גולן יונית,"הרצל 34, רמת גן",,רמת גן
2026-07-30 15:09:36,,clalit,דיאטה-סכרת הריונית,שחימוב מיטל,"עלי הכהן 13, בני ברק",,בני ברק
2026-07-30 15:09:36,,clalit,דיאטה-סכרת הריונית,קרן סלוצקי מינדלין,"טשרניחובסקי 4, הרצליה",,הרצליה
2026-07-30 15:09:36,,clalit,דיאטה-סכרת הריונית,שרון ברקה,"סשה ארגוב 23, רעננה",,רעננה
2026-07-30 15:09:38,2026-08-02,clalit,דיאטה סכרתית,גבע-גורלניק נורית,"אבן גבירול 124, תל אביב יפו",3.0,תל אביב יפו
2026-07-30 15:09:38,2026-09-16,clalit,דיאטה סכרתית,פילצביץ קליין שיר,"אבן גבירול 124, תל אביב יפו",48.0,תל אביב יפו
2026-07-30 15:09:38,2026-10-22,clalit,דיאטה סכרתית,בן עמי מירה,"אבן גבירול 124, תל אביב יפו",84.0,תל אביב יפו
2026-07-30 15:09:38,,clalit,דיאטה סכרתית,בן עמי מירה,"יד המעביר 22, תל אביב יפו",,תל אביב יפו
2026-07-30 15:09:38,,clalit,דיאטה סכרתית,גולדמן בילי,"התקומה 23, תל אביב יפו",,תל אביב יפו
2026-07-30 15:09:38,,clalit,דיאטה סכרתית,לנטנר טל,"בן יהודה 29, תל אביב יפו",,תל אביב יפו
2026-07-30 15:09:38,,clalit,דיאטה סכרתית,פסח עינבל,"אבן גבירול 124, תל אביב יפו",,תל אביב יפו
2026-07-30 15:09:38,,clalit,דיאטה סכרתית,פסח עינבל,"דב הוז 1, תל אביב יפו",,תל אביב יפו
2026-07-30 15:09:38,,clalit,דיאטה סכרתית,מאור  שרון,"אברהם גייגר 7, תל אביב יפו",,תל אביב יפו
2026-07-30 15:09:38,,clalit,דיאטה סכרתית,חייג(חבושה) אוסנת,"הצבי 9, תל אביב יפו",,תל אביב יפו
2026-07-30 15:09:38,,clalit,דיאטה סכרתית,חייג(חבושה) אוסנת,"שדרות יד לבנים 35, תל אביב יפו",,תל אביב יפו
2026-07-30 15:09:38,,clalit,דיאטה סכרתית,וולף אופיר אפרת,"שקד 11, תל אביב יפו",,תל אביב יפו
2026-07-30 15:09:38,2026-09-17,clalit,דיאטה סכרתית,סרוסי מרב שושנה,"רבי עקיבא 83, בני ברק",49.0,בני ברק
2026-07-30 15:09:38,2026-10-13,clalit,דיאטה סכרתית,פרי מיכאל,"רבי עקיבא 83, בני ברק",75.0,בני ברק
2026-07-30 15:09:39,2026-10-26,clalit,דיאטה סכרתית,בן עמי מירה,"הרב ניסנבאום 33, בת ים",88.0,בת ים
2026-07-30 15:09:39,2026-10-29,clalit,דיאטה סכרתית,וולף אופיר אפרת,"הרב ניסנבאום 33, בת ים",91.0,בת ים
2026-07-30 15:09:39,,clalit,דיאטה סכרתית,אסולין ונדה,"נעמי שמר 15, חולון",,חולון
2026-07-30 15:09:39,,clalit,דיאטה סכרתית,גולדמן בילי,"נעמי שמר 15, חולון",,חולון
2026-07-30 15:09:39,,clalit,דיאטה סכרתית,לנגברג מיכל,"ששת הימים 6, חולון",,חולון
2026-07-30 15:09:39,,clalit,דיאטה סכרתית,גולן יונית,"הרצל 34, רמת גן",,רמת גן
2026-07-30 15:09:39,,clalit,דיאטה סכרתית,שחימוב מיטל,"עלי הכהן 13, בני ברק",,בני ברק
2026-07-30 15:09:39,,clalit,דיאטה סכרתית,עזורי קוראל,"עלי הכהן 13, בני ברק",,בני ברק
2026-07-30 15:09:39,,clalit,דיאטה סכרתית,קרן סלוצקי מינדלין,"טשרניחובסקי 4, הרצליה",,הרצליה
2026-07-30 15:09:39,,clalit,דיאטה סכרתית,מירב רבר,"הגליל 5, כפר סבא",,כפר סבא
2026-07-30 15:09:39,,clalit,דיאטה סכרתית,שרון ברקה,"סשה ארגוב 23, רעננה",,רעננה
2026-07-30 15:09:40,,clalit,EMG יד,,"שדרות נים 2, ראשון לציון",,ראשון לציון
2026-07-30 15:09:40,,clalit,EMG יד,,"דרך זאב ז'בוטינסקי 7, בני ברק",,בני ברק
2026-07-30 15:09:41,,clalit,EMG רגל,,"דרך זאב ז'בוטינסקי 7, בני ברק",,בני ברק
2026-07-30 15:09:41,,clalit,EMG רגל,,"שדרות נים 2, ראשון לציון",,ראשון לציון
2026-07-30 15:09:42,,clalit,אולטרסאונד - בטן עלי,טארק עבד אל חי,תל אביב יפו,,תל אביב יפו
2026-07-30 15:09:42,,clalit,אולטרסאונד - בטן עלי,"ד""ר אלכסנדר",תל אביב יפו,,תל אביב יפו
2026-07-30 15:09:42,,clalit,אולטרסאונד - בטן עלי,כללי 5,תל אביב יפו,,תל אביב יפו
2026-07-30 15:09:42,,clalit,אולטרסאונד - בטן עלי,אבו נאג'י עדי,תל אביב יפו,,תל אביב יפו
2026-07-30 15:09:42,,clalit,אולטרסאונד - בטן עלי,עוסמאן מחמוד -טכנאי,"עזרא 11, בני ברק",,בני ברק
2026-07-30 15:09:42,,clalit,אולטרסאונד - בטן עלי,בן גמיל נאבא-טכנאית,"עזרא 11, בני ברק",,בני ברק
2026-07-30 15:09:42,,clalit,אולטרסאונד - בטן עלי,עיסא רוקייה- טכנאית,"עזרא 11, בני ברק",,בני ברק
2026-07-30 15:09:42,,clalit,אולטרסאונד - בטן עלי,מיכאל תורן טכנאי,"הפועל 22, הרצליה",,הרצליה
2026-07-30 15:09:44,2026-08-03,clalit,אולטרסאונד - גניקולו,"ד""ר ארליך אורי","אבא אחימאיר 18, תל אביב יפו",4.0,תל אביב יפו
2026-07-30 15:09:44,2026-08-03,clalit,אולטרסאונד - גניקולו,אולט' נשים מעיין/לי,"אבא אחימאיר 18, תל אביב יפו",4.0,תל אביב יפו
2026-07-30 15:09:44,2026-08-09,clalit,אולטרסאונד - גניקולו,אולט' נשים,"אבא אחימאיר 18, תל אביב יפו",10.0,תל אביב יפו
2026-07-30 15:09:44,2026-08-19,clalit,אולטרסאונד - גניקולו,"ד""ר דקל איל","אבא אחימאיר 18, תל אביב יפו",20.0,תל אביב יפו
2026-07-30 15:09:44,2026-08-23,clalit,אולטרסאונד - גניקולו,"ד""ר דרוקר ליאור","אבא אחימאיר 18, תל אביב יפו",24.0,תל אביב יפו
2026-07-30 15:09:44,2026-07-31,clalit,אולטרסאונד - גניקולו,אולט' נשים,"אריק איינשטיין 1, בת ים",1.0,בת ים
2026-07-30 15:09:44,2026-08-02,clalit,אולטרסאונד - גניקולו,הירש גתית -טכנאית,"חזון אי''ש 62, בני ברק",3.0,בני ברק
2026-07-30 15:09:44,2026-08-04,clalit,אולטרסאונד - גניקולו,"ד""ר גלפרין אולגה","חזון אי''ש 62, בני ברק",5.0,בני ברק
2026-07-30 15:09:44,2026-08-04,clalit,אולטרסאונד - גניקולו,זימן רונית - טכנאית,"דרך בן גוריון 13, בני ברק",5.0,בני ברק
2026-07-30 15:09:44,2026-08-04,clalit,אולטרסאונד - גניקולו,חגית נהרי,"בן גוריון 22, הרצליה",5.0,הרצליה
2026-07-30 15:09:44,2026-08-05,clalit,אולטרסאונד - גניקולו,זימן רונית - טכנאית,"חזון אי''ש 62, בני ברק",6.0,בני ברק
2026-07-30 15:09:44,2026-08-06,clalit,אולטרסאונד - גניקולו,פרופ' פלד יואב,"דרך בן גוריון 13, בני ברק",7.0,בני ברק
2026-07-30 15:09:44,2026-08-09,clalit,אולטרסאונד - גניקולו,"ד""ר קופילוב רון גרשו","דרך בן גוריון 13, בני ברק",10.0,בני ברק
2026-07-30 15:09:44,2026-08-09,clalit,אולטרסאונד - גניקולו,"ד""ר מימוני גלית","דרך בן גוריון 13, בני ברק",10.0,בני ברק
2026-07-30 15:09:44,2026-08-09,clalit,אולטרסאונד - גניקולו,"ד""ר מימוני גלית","חזון אי''ש 62, בני ברק",10.0,בני ברק
2026-07-30 15:09:44,2026-08-09,clalit,אולטרסאונד - גניקולו,מילנה פרקנסקי טכנאי,"בן גוריון 22, הרצליה",10.0,הרצליה
2026-07-30 15:09:44,2026-08-09,clalit,אולטרסאונד - גניקולו,סבטלנה שכמייסטר,"סשה ארגוב 23, רעננה",10.0,רעננה
2026-07-30 15:09:44,2026-08-10,clalit,אולטרסאונד - גניקולו,חגית נהרי,"סשה ארגוב 23, רעננה",11.0,רעננה
2026-07-30 15:09:44,2026-08-12,clalit,אולטרסאונד - גניקולו,"ד""ר ריקובר יגאל-ארי","דרך בן גוריון 13, בני ברק",13.0,בני ברק
2026-07-30 15:09:44,2026-08-12,clalit,אולטרסאונד - גניקולו,נטלי בניזדה(טכנאית),"בן גוריון 22, הרצליה",13.0,הרצליה
2026-07-30 15:09:44,2026-08-16,clalit,אולטרסאונד - גניקולו,"ד""ר שריג מנחם יצח","וייצמן 83, כפר סבא",17.0,כפר סבא
2026-07-30 15:09:45,2026-08-20,clalit,אולטרסאונד - גניקולו,שטיינברג קארין-טכנא,"חזון אי''ש 62, בני ברק",21.0,בני ברק
2026-07-30 15:09:45,2026-08-25,clalit,אולטרסאונד - גניקולו,"ד""ר סבח גד","דרך בן גוריון 13, בני ברק",26.0,בני ברק
2026-07-30 15:09:45,2026-08-30,clalit,אולטרסאונד - גניקולו,"ד""ר דקל איל","אריק איינשטיין 1, בת ים",31.0,בת ים
2026-07-30 15:09:45,2026-08-30,clalit,אולטרסאונד - גניקולו,פרופ' פרדו יוסף,"דרך בן גוריון 13, בני ברק",31.0,בני ברק
2026-07-30 15:09:45,,clalit,אולטרסאונד - גניקולו,"ד""ר חייקין אלכסנדר","וייצמן 83, כפר סבא",,כפר סבא
2026-07-30 15:09:45,2026-08-03,clalit,אולטרסאונד - הריוני/,"ד""ר ארליך אורי","אבא אחימאיר 18, תל אביב יפו",4.0,תל אביב יפו
2026-07-30 15:09:45,2026-08-03,clalit,אולטרסאונד - הריוני/,אולט' נשים מעיין/לי,"אבא אחימאיר 18, תל אביב יפו",4.0,תל אביב יפו
2026-07-30 15:09:45,2026-08-09,clalit,אולטרסאונד - הריוני/,אולט' נשים,"אבא אחימאיר 18, תל אביב יפו",10.0,תל אביב יפו
2026-07-30 15:09:45,2026-08-19,clalit,אולטרסאונד - הריוני/,"ד""ר דקל איל","אבא אחימאיר 18, תל אביב יפו",20.0,תל אביב יפו
2026-07-30 15:09:45,2026-08-23,clalit,אולטרסאונד - הריוני/,"ד""ר דרוקר ליאור","אבא אחימאיר 18, תל אביב יפו",24.0,תל אביב יפו
2026-07-30 15:09:45,2026-07-31,clalit,אולטרסאונד - הריוני/,אולט' נשים,"אריק איינשטיין 1, בת ים",1.0,בת ים
2026-07-30 15:09:45,2026-08-02,clalit,אולטרסאונד - הריוני/,הירש גתית -טכנאית,"חזון אי''ש 62, בני ברק",3.0,בני ברק
2026-07-30 15:09:46,2026-08-04,clalit,אולטרסאונד - הריוני/,"ד""ר גלפרין אולגה","חזון אי''ש 62, בני ברק",5.0,בני ברק
2026-07-30 15:09:46,2026-08-04,clalit,אולטרסאונד - הריוני/,חגית נהרי,"בן גוריון 22, הרצליה",5.0,הרצליה
2026-07-30 15:09:46,2026-08-06,clalit,אולטרסאונד - הריוני/,פרופ' פלד יואב,"דרך בן גוריון 13, בני ברק",7.0,בני ברק
2026-07-30 15:09:46,2026-08-09,clalit,אולטרסאונד - הריוני/,"ד""ר קופילוב רון גרשו","דרך בן גוריון 13, בני ברק",10.0,בני ברק
2026-07-30 15:09:46,2026-08-09,clalit,אולטרסאונד - הריוני/,"ד""ר מימוני גלית","דרך בן גוריון 13, בני ברק",10.0,בני ברק
2026-07-30 15:09:46,2026-08-09,clalit,אולטרסאונד - הריוני/,"ד""ר מימוני גלית","חזון אי''ש 62, בני ברק",10.0,בני ברק
2026-07-30 15:09:46,2026-08-09,clalit,אולטרסאונד - הריוני/,מילנה פרקנסקי טכנאי,"בן גוריון 22, הרצליה",10.0,הרצליה
2026-07-30 15:09:46,2026-08-09,clalit,אולטרסאונד - הריוני/,סבטלנה שכמייסטר,"סשה ארגוב 23, רעננה",10.0,רעננה
2026-07-30 15:09:46,2026-08-10,clalit,אולטרסאונד - הריוני/,חגית נהרי,"סשה ארגוב 23, רעננה",11.0,רעננה
2026-07-30 15:09:46,2026-08-12,clalit,אולטרסאונד - הריוני/,"ד""ר ריקובר יגאל-ארי","דרך בן גוריון 13, בני ברק",13.0,בני ברק
2026-07-30 15:09:46,2026-08-12,clalit,אולטרסאונד - הריוני/,נטלי בניזדה(טכנאית),"בן גוריון 22, הרצליה",13.0,הרצליה
2026-07-30 15:09:46,2026-08-16,clalit,אולטרסאונד - הריוני/,"ד""ר שריג מנחם יצח","וייצמן 83, כפר סבא",17.0,כפר סבא
2026-07-30 15:09:46,2026-08-25,clalit,אולטרסאונד - הריוני/,"ד""ר סבח גד","דרך בן גוריון 13, בני ברק",26.0,בני ברק
2026-07-30 15:09:46,2026-08-30,clalit,אולטרסאונד - הריוני/,"ד""ר דקל איל","אריק איינשטיין 1, בת ים",31.0,בת ים
2026-07-30 15:09:47,,clalit,אולטרסאונד - הריוני/,"ד""ר חייקין אלכסנדר","וייצמן 83, כפר סבא",,כפר סבא
2026-07-30 15:09:47,,clalit,אולטרסאונד - פרקי ירכיים תינוק,,"שדרות נים 2, ראשון לציון",,ראשון לציון
2026-07-30 15:09:48,,clalit,אולטרסאונד בטן עליונ,טארק עבד אל חי,תל אביב יפו,,תל אביב יפו
2026-07-30 15:09:48,,clalit,אולטרסאונד בטן עליונ,"ד""ר אלכסנדר",תל אביב יפו,,תל אביב יפו
2026-07-30 15:09:48,,clalit,אולטרסאונד בטן עליונ,כללי 5,תל אביב יפו,,תל אביב יפו
2026-07-30 15:09:48,,clalit,אולטרסאונד בטן עליונ,אבו נאג'י עדי,תל אביב יפו,,תל אביב יפו
2026-07-30 15:09:48,,clalit,אולטרסאונד בטן עליונ,עוסמאן מחמוד -טכנאי,"עזרא 11, בני ברק",,בני ברק
2026-07-30 15:09:48,,clalit,אולטרסאונד בטן עליונ,בן גמיל נאבא-טכנאית,"עזרא 11, בני ברק",,בני ברק
2026-07-30 15:09:48,,clalit,אולטרסאונד בטן עליונ,עיסא רוקייה- טכנאית,"עזרא 11, בני ברק",,בני ברק
2026-07-30 15:09:49,,clalit,אולטרסאונד בטן עליונ,מיכאל תורן טכנאי,"הפועל 22, הרצליה",,הרצליה
2026-07-30 15:09:49,2026-10-04,clalit,אורוגניקולוגיה,"ד""ר ביטמן גנדי","בן גוריון 22, הרצליה",66.0,הרצליה
2026-07-30 15:09:49,,clalit,אורוגניקולוגיה,"ד""ר פייט קורן חגית","בן גוריון 22, הרצליה",,הרצליה
2026-07-30 15:09:50,2026-08-17,clalit,"אורולוגיה,דרכי שתן,כ","ד""ר ונטורה יוסי","אבן גבירול 124, תל אביב יפו",18.0,תל אביב יפו
2026-07-30 15:09:50,2026-08-23,clalit,"אורולוגיה,דרכי שתן,כ","ד""ר חתומי שירה","אבן גבירול 124, תל אביב יפו",24.0,תל אביב יפו
2026-07-30 15:09:50,2026-09-07,clalit,"אורולוגיה,דרכי שתן,כ","ד""ר שפלר אלכסנדר","אבן גבירול 124, תל אביב יפו",39.0,תל אביב יפו
2026-07-30 15:09:50,2026-09-07,clalit,"אורולוגיה,דרכי שתן,כ","ד""ר שטריקר אברהם","אבן גבירול 124, תל אביב יפו",39.0,תל אביב יפו
2026-07-30 15:09:50,2026-10-04,clalit,"אורולוגיה,דרכי שתן,כ","ד""ר יחיאלי כהן רוית רחל","אבן גבירול 124, תל אביב יפו",66.0,תל אביב יפו
2026-07-30 15:09:50,,clalit,"אורולוגיה,דרכי שתן,כ","ד""ר ברז יאיר","אבן גבירול 124, תל אביב יפו",,תל אביב יפו
2026-07-30 15:09:51,2026-08-03,clalit,"אורולוגיה,דרכי שתן,כ","ד""ר מנצור איימן","התקווה 18, רעננה",4.0,רעננה
2026-07-30 15:09:51,2026-08-10,clalit,"אורולוגיה,דרכי שתן,כ","ד""ר קלר טאמז","הכישור 47, חולון",11.0,חולון
2026-07-30 15:09:51,2026-08-11,clalit,"אורולוגיה,דרכי שתן,כ","ד""ר מוגילבקין יעקב","נעמי שמר 15, חולון",12.0,חולון
2026-07-30 15:09:51,2026-08-12,clalit,"אורולוגיה,דרכי שתן,כ","ד""ר קלר טאמז","נעמי שמר 15, חולון",13.0,חולון
2026-07-30 15:09:51,2026-08-16,clalit,"אורולוגיה,דרכי שתן,כ","ד""ר טרנופולסקי אלברט","נעמי שמר 15, חולון",17.0,חולון
2026-07-30 15:09:51,2026-08-27,clalit,"אורולוגיה,דרכי שתן,כ","ד""ר נוימן גד רפאל","הרצל 34, רמת גן",28.0,רמת גן
2026-07-30 15:09:51,2026-08-27,clalit,"אורולוגיה,דרכי שתן,כ","ד""ר מנצור איימן","שדרות רחבעם 1, קרני שומרון",28.0,קרני שומרון
2026-07-30 15:09:51,2026-08-30,clalit,"אורולוגיה,דרכי שתן,כ","ד""ר גיאלצ'ינסקי אילן","הרצל 34, רמת גן",31.0,רמת גן
2026-07-30 15:09:51,2026-08-31,clalit,"אורולוגיה,דרכי שתן,כ","ד""ר מושיבייב יעקב","הרצל 34, רמת גן",32.0,רמת גן
2026-07-30 15:09:51,2026-09-03,clalit,"אורולוגיה,דרכי שתן,כ","ד""ר ביכלר אמיר","הרצל 34, רמת גן",35.0,רמת גן
2026-07-30 15:09:51,2026-09-03,clalit,"אורולוגיה,דרכי שתן,כ","ד""ר בנימיני יוסף","הרצל 34, רמת גן",35.0,רמת גן
2026-07-30 15:09:51,2026-09-03,clalit,"אורולוגיה,דרכי שתן,כ","ד""ר מילר אור","רמב''ם 1, הרצליה",35.0,הרצליה
2026-07-30 15:09:51,2026-09-06,clalit,"אורולוגיה,דרכי שתן,כ","ד""ר מנצור איימן","טארק עבד אל חי, טירה",38.0,טירה
2026-07-30 15:09:51,2026-09-07,clalit,"אורולוגיה,דרכי שתן,כ","ד""ר חייפץ אלכסנדר","הרב ניסנבאום 33, בת ים",39.0,בת ים
2026-07-30 15:09:51,2026-09-08,clalit,"אורולוגיה,דרכי שתן,כ","ד""ר שברצטוך גילדור עמרי מרד","התקווה 18, רעננה",40.0,רעננה
2026-07-30 15:09:51,2026-09-09,clalit,"אורולוגיה,דרכי שתן,כ","ד""ר מנצור איימן","רמב''ם 1, הרצליה",41.0,הרצליה
2026-07-30 15:09:51,2026-10-04,clalit,"אורולוגיה,דרכי שתן,כ","ד""ר וזינה אריה אמנ","רמב''ם 1, הרצליה",66.0,הרצליה
2026-07-30 15:09:51,2026-10-07,clalit,"אורולוגיה,דרכי שתן,כ","ד""ר שושני אוהד","רמב''ם 1, הרצליה",69.0,הרצליה
2026-07-30 15:09:52,,clalit,אורתופדיה - פרקי ירך,"רופא בי""ח 3","אבן גבירול 124, תל אביב יפו",,תל אביב יפו
2026-07-30 15:09:53,,clalit,אורתופדיה ברך,"רופא בי""ח 3","אבן גבירול 124, תל אביב יפו",,תל אביב יפו
2026-07-30 15:09:53,,clalit,,,,,
2026-07-30 15:09:54,,clalit,אורתופדיה כף יד,המבורגר אהוד מאי,"נעמי שמר 15, חולון",,חולון
2026-07-30 15:09:55,2026-08-05,clalit,אורתופדיה כף רגל,"ד""ר זמירו עיסאם","אל קודס 50, טירה",6.0,טירה
2026-07-30 15:09:56,2026-08-30,clalit,אורתופדיה כתף,"ד""ר בן צבי יעקב","אחוזה 98, רעננה",31.0,רעננה
2026-07-30 15:09:56,2026-10-26,clalit,אורתופדיה כתף,רבנזפט שי ציון,"נעמי שמר 15, חולון",88.0,חולון
2026-07-30 15:09:56,,clalit,אורתופדיה כתף,"ד""ר סגל פנחס","הרצל 34, רמת גן",,רמת גן
2026-07-30 15:09:56,,clalit,אלרגיה,"ד""ר רויטמן דניאל אל","סטרומה 3, בת ים",,בת ים
2026-07-30 15:09:56,,clalit,אלרגיה,"ד""ר ניזניק סטנלי","עזרא 11, בני ברק",,בני ברק
2026-07-30 15:09:58,2026-12-07,clalit,אנדוקרינולוגיה,"ד""ר ספיר מזיה","אבן גבירול 124, תל אביב יפו",130.0,תל אביב יפו
2026-07-30 15:09:58,2026-12-27,clalit,אנדוקרינולוגיה,"ד""ר הרצברג דנה לילי","אבן גבירול 124, תל אביב יפו",150.0,תל אביב יפו
2026-07-30 15:09:58,,clalit,אנדוקרינולוגיה,"ד""ר ששון ליאת","אבן גבירול 124, תל אביב יפו",,תל אביב יפו
2026-07-30 15:09:58,,clalit,אנדוקרינולוגיה,"ד""ר פרידריך דובינצ כרמל","אבן גבירול 124, תל אביב יפו",,תל אביב יפו
2026-07-30 15:09:58,,clalit,אנדוקרינולוגיה,"ד""ר אברמוף נס רוזני","אבן גבירול 124, תל אביב יפו",,תל אביב יפו
2026-07-30 15:09:58,,clalit,אנדוקרינולוגיה,"ד""ר איזנברג יואב","אבן גבירול 124, תל אביב יפו",,תל אביב יפו
2026-07-30 15:10:00,,clalit,אנדוקרינולוגיה,"ד""ר יצחקוב אלנה","הרב ניסנבאום 33, בת ים",,בת ים
2026-07-30 15:10:00,,clalit,אנדוקרינולוגיה,"ד""ר יעיש איריס","הרב ניסנבאום 33, בת ים",,בת ים
2026-07-30 15:10:00,,clalit,אנדוקרינולוגיה,"ד""ר נצר בייצר טל","הרב ניסנבאום 33, בת ים",,בת ים
2026-07-30 15:10:00,,clalit,אנדוקרינולוגיה,"ד""ר מצרי שר","הרב ניסנבאום 33, בת ים",,בת ים
2026-07-30 15:10:00,,clalit,אנדוקרינולוגיה,"ד""ר חמאדה רביע","הרב ניסנבאום 33, בת ים",,בת ים
2026-07-30 15:10:00,,clalit,אנדוקרינולוגיה,"ד""ר סלוצקי אילנה","הרב ניסנבאום 33, בת ים",,בת ים
2026-07-30 15:10:00,,clalit,אנדוקרינולוגיה,"ד""ר מושקוביץ' יבגני","עלי הכהן 13, בני ברק",,בני ברק
2026-07-30 15:10:01,,clalit,אנדוקרינולוגיה,"ד""ר אבו צעלוק מחמוד","עלי הכהן 13, בני ברק",,בני ברק
2026-07-30 15:10:01,,clalit,אנדוקרינולוגיה,"ד""ר רוזנבלום רחל חוה","רמב''ם 1, הרצליה",,הרצליה
2026-07-30 15:10:01,,clalit,אנדוקרינולוגיה,"ד""ר רוזנבלום חמדה","בן גוריון 43, כפר סבא",,כפר סבא
2026-07-30 15:10:01,,clalit,אנדוקרינולוגיה,"ד""ר מסרי עיראקי היבא","בן גוריון 43, כפר סבא",,כפר סבא
2026-07-30 15:10:01,,clalit,אנדוקרינולוגיה,"ד""ר אמיתי אורן  בנ","רפפורט 3, כפר סבא",,כפר סבא
2026-07-30 15:10:01,,clalit,אנדוקרינית אונוקלוגי,"ד""ר מושקוביץ' יבגני","עלי הכהן 13, בני ברק",,בני ברק
2026-07-30 15:10:01,,clalit,אנדוקרינית אונוקלוגי,"ד""ר אבו צעלוק מחמוד","עלי הכהן 13, בני ברק",,בני ברק
2026-07-30 15:10:03,2026-08-03,clalit,בדיקת צפיפות העצם במ,צפיפות העצם,"זליג ברודצקי 43, תל אביב יפו",4.0,תל אביב יפו
2026-07-30 15:10:03,2026-08-06,clalit,בדיקת צפיפות העצם במכון,,"אבא אחימאיר 18, תל אביב יפו",7.0,תל אביב יפו
2026-07-30 15:10:03,2026-07-30,clalit,בדיקת צפיפות העצם במכון,,"דרך זאב ז'בוטינסקי 7, בני ברק",0.0,בני ברק
2026-07-30 15:10:03,2026-07-31,clalit,בדיקת צפיפות העצם במכון,,"שדרות נים 2, ראשון לציון",1.0,ראשון לציון
2026-07-30 15:10:03,2026-08-03,clalit,בדיקת צפיפות העצם במכון,,"רבי מנחם פרוש 1, בית שמש",4.0,בית שמש
2026-07-30 15:10:03,2026-08-19,clalit,בדיקת צפיפות העצם במכון,,"הנדיב 71, הרצליה",20.0,הרצליה
2026-07-30 15:10:04,2026-08-02,clalit,גסטרואנטרולוגיה,"ד""ר הרשקוביץ' מריצ'לה","אבן גבירול 124, תל אביב יפו",3.0,תל אביב יפו
2026-07-30 15:10:04,,clalit,גסטרואנטרולוגיה,"ד""ר מור מיכל זהב","אבן גבירול 124, תל אביב יפו",,תל אביב יפו
2026-07-30 15:10:04,,clalit,גסטרואנטרולוגיה,"ד""ר בוקריס טולדנו אלקסיה ר","אבן גבירול 124, תל אביב יפו",,תל אביב יפו
2026-07-30 15:10:04,,clalit,גסטרואנטרולוגיה,"ד""ר ז'יגלין אנדרי","אבן גבירול 124, תל אביב יפו",,תל אביב יפו
2026-07-30 15:10:04,,clalit,גסטרואנטרולוגיה,"ד""ר שניר יפעת יהו","אבן גבירול 124, תל אביב יפו",,תל אביב יפו
2026-07-30 15:10:04,,clalit,גסטרואנטרולוגיה,"ד""ר מעוז ערן","אבן גבירול 124, תל אביב יפו",,תל אביב יפו
2026-07-30 15:10:04,2026-07-30,clalit,גסטרואנטרולוגיה,"ד""ר דרייזין ורה","הרב ניסנבאום 33, בת ים",0.0,בת ים
2026-07-30 15:10:05,2026-08-03,clalit,גסטרואנטרולוגיה,"ד""ר אהרוני גולן מאיה","דרך בן גוריון 13, בני ברק",4.0,בני ברק
2026-07-30 15:10:05,2026-09-09,clalit,גסטרואנטרולוגיה,"ד""ר ליכטנשטיין לב","דרך בן גוריון 13, בני ברק",41.0,בני ברק
2026-07-30 15:10:05,2026-09-17,clalit,גסטרואנטרולוגיה,"ד""ר ראוכוורגר אריאלה ח","דרך בן גוריון 13, בני ברק",49.0,בני ברק
2026-07-30 15:10:05,2026-09-30,clalit,גסטרואנטרולוגיה,"ד""ר בניאשוילי זזה","דרך בן גוריון 13, בני ברק",62.0,בני ברק
2026-07-30 15:10:05,2026-10-04,clalit,גסטרואנטרולוגיה,"ד""ר בורוכוב אמה","דרך בן גוריון 13, בני ברק",66.0,בני ברק
2026-07-30 15:10:05,2026-10-04,clalit,גסטרואנטרולוגיה,"ד""ר סחייק ורד","דרך בן גוריון 13, בני ברק",66.0,בני ברק
2026-07-30 15:10:05,2026-10-05,clalit,גסטרואנטרולוגיה,"ד""ר שנער נדב","דרך בן גוריון 13, בני ברק",67.0,בני ברק
2026-07-30 15:10:05,2026-10-05,clalit,גסטרואנטרולוגיה,"ד""ר בינדר יובל","דרך בן גוריון 13, בני ברק",67.0,בני ברק
2026-07-30 15:10:05,2026-10-20,clalit,גסטרואנטרולוגיה,"ד""ר אקאי יפתח","הרב ניסנבאום 33, בת ים",82.0,בת ים
2026-07-30 15:10:05,2026-10-20,clalit,גסטרואנטרולוגיה,"ד""ר רסקין מריה","הרב ניסנבאום 33, בת ים",82.0,בת ים
2026-07-30 15:10:05,2026-10-22,clalit,גסטרואנטרולוגיה,"ד""ר זילפר טטיאנה","הרב ניסנבאום 33, בת ים",84.0,בת ים
2026-07-30 15:10:05,2026-10-22,clalit,גסטרואנטרולוגיה,"ד""ר מנדל ליאור","הרב ניסנבאום 33, בת ים",84.0,בת ים
2026-07-30 15:10:05,2026-10-22,clalit,גסטרואנטרולוגיה,"ד""ר סימנטוב רומן","הרב ניסנבאום 33, בת ים",84.0,בת ים
2026-07-30 15:10:05,2026-10-22,clalit,גסטרואנטרולוגיה,"ד""ר קמחי אלן נמרו","הרב ניסנבאום 33, בת ים",84.0,בת ים
2026-07-30 15:10:05,2026-10-25,clalit,גסטרואנטרולוגיה,"ד""ר שחר איל","הרב ניסנבאום 33, בת ים",87.0,בת ים
2026-07-30 15:10:05,,clalit,גסטרואנטרולוגיה,"ד""ר נס אסף","הרב ניסנבאום 33, בת ים",,בת ים
2026-07-30 15:10:05,,clalit,גסטרואנטרולוגיה,"ד""ר שוויישטיין חגי","רמב''ם 1, הרצליה",,הרצליה
2026-07-30 15:10:05,,clalit,גסטרואנטרולוגיה,"ד""ר סגל דרור","רמב''ם 1, הרצליה",,הרצליה
2026-07-30 15:10:05,,clalit,גסטרואנטרולוגיה,"ד""ר ברונשטיין טוינ מירי מרי","רמב''ם 1, הרצליה",,הרצליה
2026-07-30 15:10:05,,clalit,גסטרואנטרולוגיה,"ד""ר קלנר ילנה","רמב''ם 1, הרצליה",,הרצליה
2026-07-30 15:10:05,,clalit,גסטרואנטרולוגיה,"ד""ר הרשקוביץ אליס","רמב''ם 1, הרצליה",,הרצליה
2026-07-30 15:10:06,,clalit,,,,,
2026-07-30 15:10:06,2026-10-11,clalit,המטולוגיה,"רופא בי""ח","אבן גבירול 124, תל אביב יפו",73.0,תל אביב יפו
2026-07-30 15:10:06,2026-09-23,clalit,המטולוגיה,"ד""ר ברדיצ'בסקי סבטלנה","הרב ניסנבאום 33, בת ים",55.0,בת ים
2026-07-30 15:10:07,2026-09-24,clalit,טראומה כירורגית,"ד""ר קמינסקי אולג","הרצל 34, רמת גן",56.0,רמת גן
2026-07-30 15:10:07,2026-10-15,clalit,טראומה כירורגית,"ד""ר ריבקובסקי יבגני","הרצל 34, רמת גן",77.0,רמת גן
2026-07-30 15:10:07,2026-10-23,clalit,טראומה כירורגית,"ד""ר כץ יאיר","רמב''ם 1, הרצליה",85.0,הרצליה
2026-07-30 15:10:07,,clalit,טראומה כירורגית,"ד""ר בן ארי שפירא ענת","רמב''ם 1, הרצליה",,הרצליה
2026-07-30 15:10:09,2026-08-16,clalit,כירורגיה,"ד""ר גולדנפרב פבל","אבן גבירול 124, תל אביב יפו",17.0,תל אביב יפו
2026-07-30 15:10:09,2026-08-17,clalit,כירורגיה,"ד""ר בן דוד נדב","אבן גבירול 124, תל אביב יפו",18.0,תל אביב יפו
2026-07-30 15:10:09,2026-08-18,clalit,כירורגיה,"ד""ר ברנבוים אלכס","אבן גבירול 124, תל אביב יפו",19.0,תל אביב יפו
2026-07-30 15:10:09,2026-08-21,clalit,כירורגיה,"ד""ר חזן דני","אבן גבירול 124, תל אביב יפו",22.0,תל אביב יפו
2026-07-30 15:10:09,,clalit,כירורגיה,"ד""ר ברד ויאצ'סלב","אבן גבירול 124, תל אביב יפו",,תל אביב יפו
2026-07-30 15:10:09,,clalit,כירורגיה,"ד""ר עוויסאת הייתם","התקומה 23, תל אביב יפו",,תל אביב יפו
2026-07-30 15:10:09,2026-07-30,clalit,כירורגיה,"ד""ר פרוטוס כריסטיאן","הרב ניסנבאום 33, בת ים",0.0,בת ים
2026-07-30 15:10:09,2026-07-31,clalit,כירורגיה,"ד""ר סטריגין סרגיי","הרב ניסנבאום 33, בת ים",1.0,בת ים
2026-07-30 15:10:09,2026-08-02,clalit,כירורגיה,"ד""ר לייבמן מיכאל","הרב ניסנבאום 33, בת ים",3.0,בת ים
2026-07-30 15:10:09,2026-08-02,clalit,כירורגיה,"ד""ר חוטריאנסקי מיכאיל","הרב ניסנבאום 33, בת ים",3.0,בת ים
2026-07-30 15:10:09,2026-08-02,clalit,כירורגיה,"ד""ר סטריגין סרגיי","נעמי שמר 15, חולון",3.0,חולון
2026-07-30 15:10:09,2026-08-02,clalit,כירורגיה,"ד""ר גולדנפרב פבל","נעמי שמר 15, חולון",3.0,חולון
2026-07-30 15:10:09,2026-08-04,clalit,כירורגיה,"ד""ר לייבמן מיכאל","נעמי שמר 15, חולון",5.0,חולון
2026-07-30 15:10:10,2026-08-11,clalit,כירורגיה,"ד""ר בן דוד נדב","נעמי שמר 15, חולון",12.0,חולון
2026-07-30 15:10:10,2026-08-16,clalit,כירורגיה,"ד""ר ספרוב ולרי","הרב ניסנבאום 33, בת ים",17.0,בת ים
2026-07-30 15:10:10,2026-09-11,clalit,כירורגיה,"ד""ר בן דוד נדב","חיים וייצמן 25, אזור",43.0,אזור
2026-07-30 15:10:10,2026-09-24,clalit,כירורגיה,"ד""ר קמינסקי אולג","הרצל 34, רמת גן",56.0,רמת גן
2026-07-30 15:10:10,2026-09-29,clalit,כירורגיה,כירורג ב.השרון-2,"הרצל 34, רמת גן",61.0,רמת גן
2026-07-30 15:10:10,2026-10-15,clalit,כירורגיה,"ד""ר ריבקובסקי יבגני","הרצל 34, רמת גן",77.0,רמת גן
2026-07-30 15:10:10,2026-10-16,clalit,כירורגיה,"ד""ר שרמן יבגני","נעמי שמר 15, חולון",78.0,חולון
2026-07-30 15:10:11,2026-10-23,clalit,כירורגיה,"ד""ר כץ יאיר","רמב''ם 1, הרצליה",85.0,הרצליה
2026-07-30 15:10:11,,clalit,כירורגיה,"ד""ר פרוטוס כריסטיאן","נעמי שמר 15, חולון",,חולון
2026-07-30 15:10:11,,clalit,כירורגיה,"ד""ר איטקין דינה","הרצל 34, רמת גן",,רמת גן
2026-07-30 15:10:11,,clalit,כירורגיה,"ד""ר גייר אילת","דרך זאב ז'בוטינסקי 61, פתח תקווה",,פתח תקווה
2026-07-30 15:10:11,,clalit,כירורגיה,"ד""ר בן ארי שפירא ענת","רמב''ם 1, הרצליה",,הרצליה
2026-07-30 15:10:11,,clalit,כירורגיה,"ד""ר בר לב איל","רמב''ם 1, הרצליה",,הרצליה
2026-07-30 15:10:11,,clalit,,,,,
2026-07-30 15:10:12,,clalit,,,,,
2026-07-30 15:10:12,,clalit,,,,,
2026-07-30 15:10:13,,clalit,,,,,
2026-07-30 15:10:13,,clalit,,,,,
2026-07-30 15:10:15,2026-08-02,clalit,ממוגרפיה,,"אבא אחימאיר 18, תל אביב יפו",3.0,תל אביב יפו
2026-07-30 15:10:15,2026-08-09,clalit,ממוגרפיה,ממוגרפיה1,"אבן גבירול 124, תל אביב יפו",10.0,תל אביב יפו
2026-07-30 15:10:15,2026-07-30,clalit,ממוגרפיה,ממוגרפיה1,"הרב ניסנבאום 33, בת ים",0.0,בת ים
2026-07-30 15:10:15,2026-07-30,clalit,ממוגרפיה,,"הנדיב 71, הרצליה",0.0,הרצליה
2026-07-30 15:10:15,2026-08-17,clalit,ממוגרפיה,,"דרך זאב ז'בוטינסקי 7, בני ברק",18.0,בני ברק
2026-07-30 15:10:15,2026-09-02,clalit,ממוגרפיה,,"רבי מנחם פרוש 1, בית שמש",34.0,בית שמש
2026-07-30 15:10:15,2026-11-02,clalit,ממוגרפיה,,"שדרות נים 2, ראשון לציון",95.0,ראשון לציון
2026-07-30 15:10:15,,clalit,מרפאת כאב,"ד""ר פוקס דניאל","הרצל 34, רמת גן",,רמת גן
2026-07-30 15:10:15,,clalit,מרפאת כאב,"ד""ר בודובסקי ארקדי","הרצל 34, רמת גן",,רמת גן
2026-07-30 15:10:15,,clalit,מרפאת כאב,"ד""ר סטוליק-דולברג אורית-חי","דרך יצחק רבין 53, גבעתיים",,גבעתיים
2026-07-30 15:10:16,2026-08-02,clalit,מרפאת כבד,"ד""ר הרשקוביץ' מריצ'לה","אבן גבירול 124, תל אביב יפו",3.0,תל אביב יפו
2026-07-30 15:10:16,,clalit,מרפאת כבד,"ד""ר בוקריס טולדנו אלקסיה ר","אבן גבירול 124, תל אביב יפו",,תל אביב יפו
2026-07-30 15:10:16,,clalit,מרפאת כבד,"ד""ר ז'יגלין אנדרי","אבן גבירול 124, תל אביב יפו",,תל אביב יפו
2026-07-30 15:10:16,,clalit,מרפאת כבד,"ד""ר מעוז ערן","אבן גבירול 124, תל אביב יפו",,תל אביב יפו
2026-07-30 15:10:16,2026-08-03,clalit,נוירוכירורגיה,רופ.נוירו.מוח.בלינס,"דרך זאב ז'בוטינסקי 105, רמת גן",4.0,רמת גן
2026-07-30 15:10:17,2026-08-24,clalit,נוירוכירורגיה - ע.שד,"רופ.נוירו.עמ""ש.בלינ","דרך זאב ז'בוטינסקי 105, רמת גן",25.0,רמת גן
2026-07-30 15:10:19,,clalit,נוירולוגיה,"ד""ר טולקובסקי אסף שמוא","אבן גבירול 124, תל אביב יפו",,תל אביב יפו
2026-07-30 15:10:19,,clalit,נוירולוגיה,"ד""ר גסקין יורי","אבן גבירול 124, תל אביב יפו",,תל אביב יפו
2026-07-30 15:10:19,,clalit,נוירולוגיה,"ד""ר חייגרכט מיכאל","אבן גבירול 124, תל אביב יפו",,תל אביב יפו
2026-07-30 15:10:19,,clalit,נוירולוגיה,"ד""ר יריומין ולדיסלב","אבן גבירול 124, תל אביב יפו",,תל אביב יפו
2026-07-30 15:10:19,,clalit,נוירולוגיה,"ד""ר מרמלשטיין ילנה","אבן גבירול 124, תל אביב יפו",,תל אביב יפו
2026-07-30 15:10:19,2026-09-23,clalit,נוירולוגיה,אורמן איליה,"רמב''ם 1, הרצליה",55.0,הרצליה
2026-07-30 15:10:21,,clalit,נוירולוגיה,"ד""ר וייצמן נינה","הרב ניסנבאום 33, בת ים",,בת ים
2026-07-30 15:10:21,,clalit,נוירולוגיה,"ד""ר ג'יריס דניאל","הרב ניסנבאום 33, בת ים",,בת ים
2026-07-30 15:10:21,,clalit,נוירולוגיה,"ד""ר בן נון קולר מעין","הרב ניסנבאום 33, בת ים",,בת ים
2026-07-30 15:10:21,,clalit,נוירולוגיה,"ד""ר שבצוב אוולינה","הרב ניסנבאום 33, בת ים",,בת ים
2026-07-30 15:10:21,,clalit,נוירולוגיה,"ד""ר פרוחורוב טטיאנה","הרב ניסנבאום 33, בת ים",,בת ים
2026-07-30 15:10:21,,clalit,נוירולוגיה,"ד""ר מכלין ילנה","הרב ניסנבאום 33, בת ים",,בת ים
2026-07-30 15:10:21,,clalit,נוירולוגיה,"ד""ר יאביץ אלכסנדר","דרך בן גוריון 13, בני ברק",,בני ברק
2026-07-30 15:10:22,,clalit,נוירולוגיה,"ד""ר נאשף הלאל","רמב''ם 1, הרצליה",,הרצליה
2026-07-30 15:10:22,,clalit,נוירולוגיה,"ד""ר ורבר פודגיצקי עידית עד","רמב''ם 1, הרצליה",,הרצליה
2026-07-30 15:10:22,,clalit,נוירולוגיה,"ד""ר גרשנוביץ' בנקו איזבלה","רמב''ם 1, הרצליה",,הרצליה
2026-07-30 15:10:22,,clalit,נוירולוגיה,"ד""ר כרמון יובל","רמב''ם 1, הרצליה",,הרצליה
2026-07-30 15:10:22,,clalit,נוירולוגיה,"ד""ר עתאמנה אחמד","בן גוריון 43, כפר סבא",,כפר סבא
2026-07-30 15:10:22,,clalit,נוירולוגיה,"ד""ר צאושו סולי","וייצמן 24, כפר סבא",,כפר סבא
2026-07-30 15:10:23,,clalit,,,,,
2026-07-30 15:10:23,,clalit,,,,,
2026-07-30 15:10:24,,clalit,נפרולוגיה,"ד""ר ויינטל ברנהיים איריס","אבן גבירול 124, תל אביב יפו",,תל אביב יפו
2026-07-30 15:10:24,,clalit,נפרולוגיה,"ד""ר שטרן שרון","אבן גבירול 124, תל אביב יפו",,תל אביב יפו
2026-07-30 15:10:24,,clalit,נפרולוגיה,"ד""ר מיזל מור אשכר חיה","אבן גבירול 124, תל אביב יפו",,תל אביב יפו
2026-07-30 15:10:24,,clalit,נפרולוגיה,"רופא מבי""ח","אבן גבירול 124, תל אביב יפו",,תל אביב יפו
2026-07-30 15:10:24,,clalit,נפרולוגיה,"רופא בי""ח 1","אבן גבירול 124, תל אביב יפו",,תל אביב יפו
2026-07-30 15:10:24,,clalit,נפרולוגיה,"ד""ר ויינטל ברנהיים איריס","הרב ניסנבאום 33, בת ים",,בת ים
2026-07-30 15:10:24,,clalit,נפרולוגיה,"רופא מבי""ח","הרב ניסנבאום 33, בת ים",,בת ים
2026-07-30 15:10:24,,clalit,נפרולוגיה,"ד""ר בהרל ברגנר טל","רמב''ם 1, הרצליה",,הרצליה
2026-07-30 15:10:24,,clalit,נפרולוגיה,"ד""ר קניס אירינה","בן גוריון 43, כפר סבא",,כפר סבא
2026-07-30 15:10:26,,clalit,סכרת,"ד""ר הרצברג דנה לילי","אבן גבירול 124, תל אביב יפו",,תל אביב יפו
2026-07-30 15:10:26,,clalit,סכרת,"ד""ר ששון ליאת","אבן גבירול 124, תל אביב יפו",,תל אביב יפו
2026-07-30 15:10:26,,clalit,סכרת,"ד""ר פרידריך דובינצ כרמל","אבן גבירול 124, תל אביב יפו",,תל אביב יפו
2026-07-30 15:10:26,,clalit,סכרת,"ד""ר אברמוף נס רוזני","אבן גבירול 124, תל אביב יפו",,תל אביב יפו
2026-07-30 15:10:26,,clalit,סכרת,"ד""ר איזנברג יואב","אבן גבירול 124, תל אביב יפו",,תל אביב יפו
2026-07-30 15:10:26,,clalit,סכרת,"ד""ר ספיר מזיה","אבן גבירול 124, תל אביב יפו",,תל אביב יפו
2026-07-30 15:10:26,2026-08-30,clalit,סכרת,"ד""ר זבולונוב ילנה","הרב ניסנבאום 33, בת ים",31.0,בת ים
2026-07-30 15:10:26,2026-09-23,clalit,סכרת,"ד""ר ויינברג טטיאנה","הרב ניסנבאום 33, בת ים",55.0,בת ים
2026-07-30 15:10:26,,clalit,סכרת,"ד""ר סלוצקי אילנה","הרב ניסנבאום 33, בת ים",,בת ים
2026-07-30 15:10:26,,clalit,סכרת,"ד""ר קלימינסקי אברב אלה","עלי הכהן 13, בני ברק",,בני ברק
2026-07-30 15:10:26,,clalit,סכרת,"ד""ר בודנשטיין-סחר הילה","עלי הכהן 13, בני ברק",,בני ברק
2026-07-30 15:10:26,,clalit,סכרת,"ד""ר שפירא סופיה","הערבה 23, הרצליה",,הרצליה
2026-07-30 15:10:26,,clalit,סכרת,"ד""ר רויטמן איתן","הערבה 23, הרצליה",,הרצליה
2026-07-30 15:10:26,,clalit,סוכרת,"ד""ר רוזנבלום חמדה","בן גוריון 43, כפר סבא",,כפר סבא
2026-07-30 15:10:27,2026-08-02,clalit,ספירומטריה,תפקודי ריאות,"אבן גבירול 124, תל אביב יפו",3.0,תל אביב יפו
2026-07-30 15:10:27,2026-08-04,clalit,ספירומטריה,תפקודי ריאות,"הרב ניסנבאום 33, בת ים",5.0,בת ים
2026-07-30 15:10:28,2026-08-03,clalit,עיניים - בדיקת OCT,,"אבא אחימאיר 18, תל אביב יפו",4.0,תל אביב יפו
2026-07-30 15:10:28,,clalit,עיניים - בדיקת OCT,,"אבן גבירול 124, תל אביב יפו",,תל אביב יפו
2026-07-30 15:10:28,2026-07-30,clalit,עיניים - בדיקת TCO,מכון עין מדוייקת,"וייצמן 83, כפר סבא",0.0,כפר סבא
2026-07-30 15:10:28,2026-07-31,clalit,עיניים - בדיקת OCT,,"דרך זאב ז'בוטינסקי 7, בני ברק",1.0,בני ברק
2026-07-30 15:10:28,2026-07-31,clalit,עיניים - בדיקת OCT,,"שדרות נים 2, ראשון לציון",1.0,ראשון לציון
2026-07-30 15:10:28,2026-09-02,clalit,עיניים - בדיקת OCT,,"נעמי שמר 15, חולון",34.0,חולון
2026-07-30 15:10:28,2026-09-09,clalit,עיניים אורטופטיקה/פז,נעמי ביסמוט,"בן גוריון 43, כפר סבא",41.0,כפר סבא
2026-07-30 15:10:30,,clalit,עיניים גלאוקומה,פרופ' ויסבורד מיכאל,"אבן גבירול 124, תל אביב יפו",,תל אביב יפו
2026-07-30 15:10:30,,clalit,,,,,
2026-07-30 15:10:30,2026-09-09,clalit,עיניים פזילה,נעמי ביסמוט,"בן גוריון 43, כפר סבא",41.0,כפר סבא
2026-07-30 15:10:31,,clalit,,,,,
2026-07-30 15:10:32,,clalit,,,,,
2026-07-30 15:10:32,,clalit,,,,,
2026-07-30 15:10:33,2026-08-09,clalit,פוריות,"ד""ר טיירי דניאל","דרך שלמה 43, תל אביב יפו",10.0,תל אביב יפו
2026-07-30 15:10:33,2026-08-02,clalit,פוריות,"ד""ר פוטלוג-נהרי קלריס","חזון אי''ש 62, בני ברק",3.0,בני ברק
2026-07-30 15:10:33,2026-08-02,clalit,פוריות,"ד""ר שולץ אדליה","דרך בן גוריון 13, בני ברק",3.0,בני ברק
2026-07-30 15:10:33,2026-08-03,clalit,פוריות,"ד""ר ריקובר יגאל-ארי","דרך בן גוריון 13, בני ברק",4.0,בני ברק
2026-07-30 15:10:33,2026-08-11,clalit,פוריות,"ד""ר גלעדי יעקובי איתן","דרך בן גוריון 13, בני ברק",12.0,בני ברק
2026-07-30 15:10:33,2026-08-13,clalit,פוריות,פרופ' נחום רוית,"דרך בן גוריון 13, בני ברק",14.0,בני ברק
2026-07-30 15:10:33,2026-08-17,clalit,פוריות,פרופ' גת איתי,"חזון אי''ש 62, בני ברק",18.0,בני ברק
2026-07-30 15:10:33,2026-09-02,clalit,פוריות,"ד""ר ורטהיימר אביטל","דרך בן גוריון 13, בני ברק",34.0,בני ברק
2026-07-30 15:10:35,2026-08-03,clalit,פלסטיקה,"רופא בי""ח","אבן גבירול 124, תל אביב יפו",4.0,תל אביב יפו
2026-07-30 15:10:35,,clalit,פלסטיקה,"ד""ר רוזנשפיר לוי יצחק","אבן גבירול 124, תל אביב יפו",,תל אביב יפו
2026-07-30 15:10:35,,clalit,פלסטיקה,"ד""ר גולדשטיין אורן","אבן גבירול 124, תל אביב יפו",,תל אביב יפו
2026-07-30 15:10:35,,clalit,פלסטיקה,"ד""ר שוחט שירלי","נעמי שמר 15, חולון",,חולון
2026-07-30 15:10:35,,clalit,פלסטיקה,"ד""ר בן-נפתלי יעלה","הרצל 34, רמת גן",,רמת גן
2026-07-30 15:10:35,,clalit,פלסטיקה,"ד""ר כהן שרית","הרצל 34, רמת גן",,רמת גן
2026-07-30 15:10:36,2026-08-02,clalit,פרוקטולוגיה,"ד""ר גולדנפרב פבל","אבן גבירול 124, תל אביב יפו",3.0,תל אביב יפו
2026-07-30 15:10:36,2026-08-02,clalit,פרוקטולוגיה,"רופא בי""ח","אבן גבירול 124, תל אביב יפו",3.0,תל אביב יפו
2026-07-30 15:10:36,2026-08-09,clalit,פרוקטולוגיה,"ד""ר ברד ויאצ'סלב","אבן גבירול 124, תל אביב יפו",10.0,תל אביב יפו
2026-07-30 15:10:36,2026-08-17,clalit,פרוקטולוגיה,"ד""ר בן דוד נדב","אבן גבירול 124, תל אביב יפו",18.0,תל אביב יפו
2026-07-30 15:10:36,2026-08-21,clalit,פרוקטולוגיה,"ד""ר ברנבוים אלכס","אבן גבירול 124, תל אביב יפו",22.0,תל אביב יפו
2026-07-30 15:10:36,,clalit,פרוקטולוגיה,"ד""ר עוויסאת הייתם","התקומה 23, תל אביב יפו",,תל אביב יפו
2026-07-30 15:10:37,,clalit,פרוקטולוגיה,"ד""ר בוקריס טולדנו אלקסיה ר","אבן גבירול 124, תל אביב יפו",,תל אביב יפו
2026-07-30 15:10:37,2026-07-30,clalit,פרוקטולוגיה,"ד""ר פרוטוס כריסטיאן","הרב ניסנבאום 33, בת ים",0.0,בת ים
2026-07-30 15:10:37,2026-07-31,clalit,פרוקטולוגיה,"ד""ר סטריגין סרגיי","הרב ניסנבאום 33, בת ים",1.0,בת ים
2026-07-30 15:10:37,2026-08-02,clalit,פרוקטולוגיה,"ד""ר לייבמן מיכאל","הרב ניסנבאום 33, בת ים",3.0,בת ים
2026-07-30 15:10:37,2026-08-02,clalit,פרוקטולוגיה,"ד""ר סטריגין סרגיי","נעמי שמר 15, חולון",3.0,חולון
2026-07-30 15:10:37,2026-08-02,clalit,פרוקטולוגיה,"ד""ר גולדנפרב פבל","נעמי שמר 15, חולון",3.0,חולון
2026-07-30 15:10:37,2026-08-02,clalit,פרוקטולוגיה,"ד""ר איטקין דינה","הרצל 34, רמת גן",3.0,רמת גן
2026-07-30 15:10:37,2026-08-04,clalit,פרוקטולוגיה,"ד""ר לייבמן מיכאל","נעמי שמר 15, חולון",5.0,חולון
2026-07-30 15:10:37,2026-08-06,clalit,פרוקטולוגיה,כירורג ב.השרון-2,"הרצל 34, רמת גן",7.0,רמת גן
2026-07-30 15:10:37,2026-08-09,clalit,פרוקטולוגיה,"ד""ר אלפר שלמה דן","הרצל 34, רמת גן",10.0,רמת גן
2026-07-30 15:10:37,2026-08-11,clalit,פרוקטולוגיה,"ד""ר בן דוד נדב","נעמי שמר 15, חולון",12.0,חולון
2026-07-30 15:10:37,2026-08-13,clalit,פרוקטולוגיה,"ד""ר ריבקובסקי יבגני","הרצל 34, רמת גן",14.0,רמת גן
2026-07-30 15:10:37,2026-09-11,clalit,פרוקטולוגיה,"ד""ר בן דוד נדב","חיים וייצמן 25, אזור",43.0,אזור
2026-07-30 15:10:37,2026-10-16,clalit,פרוקטולוגיה,"ד""ר שרמן יבגני","נעמי שמר 15, חולון",78.0,חולון
2026-07-30 15:10:38,2026-10-23,clalit,פרוקטולוגיה,"ד""ר כץ יאיר","רמב''ם 1, הרצליה",85.0,הרצליה
2026-07-30 15:10:38,,clalit,פרוקטולוגיה,"ד""ר פרוטוס כריסטיאן","נעמי שמר 15, חולון",,חולון
2026-07-30 15:10:38,,clalit,פרוקטולוגיה,"ד""ר בן ארי שפירא ענת","רמב''ם 1, הרצליה",,הרצליה
2026-07-30 15:10:38,,clalit,פרוקטולוגיה,"ד""ר בר לב איל","רמב''ם 1, הרצליה",,הרצליה
2026-07-30 15:10:38,,clalit,,,,,
2026-07-30 15:10:39,2026-08-05,clalit,רנטגן/רדיולוגיה - כל,צילומים א',"אבן גבירול 124, תל אביב יפו",6.0,תל אביב יפו
2026-07-30 15:10:39,2026-08-06,clalit,רנטגן/רדיולוגיה - כל,צילומים,"אבן גבירול 124, תל אביב יפו",7.0,תל אביב יפו
2026-07-30 15:10:39,2026-08-02,clalit,רנטגן/רדיולוגיה - כל,צילומים כלליים,"עזרא 11, בני ברק",3.0,בני ברק
2026-07-30 15:10:39,2026-08-03,clalit,רנטגן/רדיולוגיה - כל,צילומים,"הרב ניסנבאום 33, בת ים",4.0,בת ים
2026-07-30 15:10:39,2026-08-03,clalit,רנטגן/רדיולוגיה - כל,צילומים ב',"הרב ניסנבאום 33, בת ים",4.0,בת ים
2026-07-30 15:10:39,2026-08-03,clalit,רנטגן/רדיולוגיה - כל,צילומים כלליים וריא,"הרצל 34, רמת גן",4.0,רמת גן
2026-07-30 15:10:39,2026-08-03,clalit,רנטגן/רדיולוגיה - כל,צילומים כלליים,"הרצל 34, רמת גן",4.0,רמת גן
2026-07-30 15:10:40,2026-08-05,clalit,רנטגן/רדיולוגיה - כל,צילומים,"נעמי שמר 15, חולון",6.0,חולון
2026-07-30 15:10:40,2026-08-26,clalit,רנטגן/רדיולוגיה - כל,"רנטגן כ""ס בן גוריון","בן גוריון 43, כפר סבא",27.0,כפר סבא
2026-07-30 15:10:40,2026-09-01,clalit,רנטגן/רדיולוגיה - כל,רנטגן-צילום,"רמב''ם 1, הרצליה",33.0,הרצליה
2026-07-30 15:10:40,,clalit,רנטגן/רדיולוגיה - כל,צילומים ג',"הרב ניסנבאום 33, בת ים",,בת ים
2026-07-30 15:10:40,2026-09-24,clalit,ציפורן חודרנית,"ד""ר קמינסקי אולג","הרצל 34, רמת גן",56.0,רמת גן
2026-07-30 15:10:40,2026-10-15,clalit,ציפורן חודרנית,"ד""ר ריבקובסקי יבגני","הרצל 34, רמת גן",77.0,רמת גן
2026-07-30 15:10:41,2026-09-17,clalit,קרדיולוגיה,"ד""ר חלפין ולבל זאב","אבן גבירול 124, תל אביב יפו",49.0,תל אביב יפו
2026-07-30 15:10:41,2026-09-17,clalit,קרדיולוגיה,"ד""ר דקה סמיר","אבן גבירול 124, תל אביב יפו",49.0,תל אביב יפו
2026-07-30 15:10:41,2026-09-17,clalit,קרדיולוגיה,"ד""ר עגור קונסטנטי","אבן גבירול 124, תל אביב יפו",49.0,תל אביב יפו
2026-07-30 15:10:41,2026-09-17,clalit,קרדיולוגיה,"ד""ר צצקין לודמילה","אבן גבירול 124, תל אביב יפו",49.0,תל אביב יפו
2026-07-30 15:10:41,2026-09-24,clalit,קרדיולוגיה,"ד""ר מורנינקס דניאל","אבן גבירול 124, תל אביב יפו",56.0,תל אביב יפו
2026-07-30 15:10:41,2026-10-05,clalit,קרדיולוגיה,פרופ' פוקס תרצה,"אבן גבירול 124, תל אביב יפו",67.0,תל אביב יפו
2026-07-30 15:10:41,2026-11-01,clalit,קרדיולוגיה,"ד""ר אבו קטש מחמוד","אבן גבירול 124, תל אביב יפו",94.0,תל אביב יפו
2026-07-30 15:10:41,2026-07-30,clalit,קרדיולוגיה,"ד""ר אביב ירון חי","דרך בן גוריון 13, בני ברק",0.0,בני ברק
2026-07-30 15:10:41,2026-09-04,clalit,קרדיולוגיה,"ד""ר קאסם מחמוד","א תופאח, טירה",36.0,טירה
2026-07-30 15:10:41,2026-09-06,clalit,קרדיולוגיה,"ד""ר מיכאלי איליה","הרב ניסנבאום 33, בת ים",38.0,בת ים
2026-07-30 15:10:41,2026-09-06,clalit,קרדיולוגיה,"ד""ר רולר מילטון ב","הרב ניסנבאום 33, בת ים",38.0,בת ים
2026-07-30 15:10:41,2026-09-07,clalit,קרדיולוגיה,"ד""ר בינר סימון","הרב ניסנבאום 33, בת ים",39.0,בת ים
2026-07-30 15:10:41,2026-09-07,clalit,קרדיולוגיה,"ד""ר עגור קונסטנטי","הרב ניסנבאום 33, בת ים",39.0,בת ים
2026-07-30 15:10:42,2026-09-08,clalit,קרדיולוגיה,"ד""ר קולקר שמעון","דרך בן גוריון 13, בני ברק",40.0,בני ברק
2026-07-30 15:10:42,2026-09-08,clalit,קרדיולוגיה,"ד""ר מנדלביץ' לב","דרך בן גוריון 13, בני ברק",40.0,בני ברק
2026-07-30 15:10:42,2026-09-09,clalit,קרדיולוגיה,"רופא מבי""ח","הרב ניסנבאום 33, בת ים",41.0,בת ים
2026-07-30 15:10:42,2026-09-09,clalit,קרדיולוגיה,"ד""ר צ'אוסובסקי גנדי","דרך בן גוריון 13, בני ברק",41.0,בני ברק
2026-07-30 15:10:42,2026-09-10,clalit,קרדיולוגיה,"ד""ר יעקובוב רומן","הרב ניסנבאום 33, בת ים",42.0,בת ים
2026-07-30 15:10:42,2026-09-14,clalit,קרדיולוגיה,"ד""ר קרוצ'ין אירן","דרך בן גוריון 13, בני ברק",46.0,בני ברק
2026-07-30 15:10:42,2026-09-15,clalit,קרדיולוגיה,"ד""ר טורובסקי ארקדי","הרב ניסנבאום 33, בת ים",47.0,בת ים
2026-07-30 15:10:42,2026-09-17,clalit,קרדיולוגיה,"ד""ר גולדרין יבגני","נעמי שמר 15, חולון",49.0,חולון
2026-07-30 15:10:42,2026-09-20,clalit,קרדיולוגיה,"ד""ר מרקושמר אילן עמו","נעמי שמר 15, חולון",52.0,חולון
2026-07-30 15:10:42,2026-09-28,clalit,קרדיולוגיה,"ד""ר קדמון אהוד","דרך בן גוריון 13, בני ברק",60.0,בני ברק
2026-07-30 15:10:42,2026-10-04,clalit,קרדיולוגיה,"ד""ר המר יואב","דרך בן גוריון 13, בני ברק",66.0,בני ברק
2026-07-30 15:10:42,2026-10-07,clalit,קרדיולוגיה,"ד""ר טורובסקי ארקדי","נעמי שמר 15, חולון",69.0,חולון
2026-07-30 15:10:42,2026-10-08,clalit,קרדיולוגיה,"ד""ר בינר סימון","נעמי שמר 15, חולון",70.0,חולון
2026-07-30 15:10:42,2026-10-18,clalit,קרדיולוגיה,"ד""ר ארנסון יואב","רמב''ם 1, הרצליה",80.0,הרצליה
2026-07-30 15:10:43,2026-10-18,clalit,קרדיולוגיה,"ד""ר דקה סמיר","רמב''ם 1, הרצליה",80.0,הרצליה
2026-07-30 15:10:43,2026-10-18,clalit,קרדיולוגיה,"ד""ר חאסקיה עבד אל ר","רמב''ם 1, הרצליה",80.0,הרצליה
2026-07-30 15:10:43,2026-10-19,clalit,קרדיולוגיה,"ד""ר חלפין ולבל זאב","נעמי שמר 15, חולון",81.0,חולון
2026-07-30 15:10:43,2026-10-20,clalit,קרדיולוגיה,"ד""ר ברלין טטיאנה","רמב''ם 1, הרצליה",82.0,הרצליה
2026-07-30 15:10:43,2026-11-10,clalit,קרדיולוגיה,פרופ' יעקובישוילי זאזא,"נעמי שמר 15, חולון",103.0,חולון
2026-07-30 15:10:43,,clalit,קרדיולוגיה,"רופא מבי""ח","נעמי שמר 15, חולון",,חולון
2026-07-30 15:10:43,,clalit,קרדיולוגיה,"ד""ר מונקיאר דניאל אל","רמב''ם 1, הרצליה",,הרצליה
2026-07-30 15:10:43,2026-09-02,clalit,ראומטולוגיה,"ד""ר שי אהרוני חגית","אבן גבירול 124, תל אביב יפו",34.0,תל אביב יפו
2026-07-30 15:10:43,2026-09-03,clalit,ראומטולוגיה,"ד""ר קמחי עודד","אבן גבירול 124, תל אביב יפו",35.0,תל אביב יפו
2026-07-30 15:10:43,2026-09-14,clalit,ראומטולוגיה,"רופא בי""ח","וייצמן 10, תל אביב יפו",46.0,תל אביב יפו
2026-07-30 15:10:43,2026-10-04,clalit,ראומטולוגיה,"רופא בי""ח 1","וייצמן 10, תל אביב יפו",66.0,תל אביב יפו
2026-07-30 15:10:43,,clalit,ראומטולוגיה,"ד""ר שיפטר תאודור","דרך בן גוריון 13, בני ברק",,בני ברק
2026-07-30 15:10:44,2026-08-02,clalit,שקיפות עורפית- עובר,"ד""ר דרוקר ליאור","אבא אחימאיר 18, תל אביב יפו",3.0,תל אביב יפו
2026-07-30 15:10:44,2026-09-09,clalit,שקיפות עורפית- עובר,"ד""ר דקל איל","אבא אחימאיר 18, תל אביב יפו",41.0,תל אביב יפו
2026-07-30 15:10:44,2026-09-14,clalit,שקיפות עורפית- עובר,"ד""ר ארליך אורי","אבא אחימאיר 18, תל אביב יפו",46.0,תל אביב יפו
2026-07-30 15:10:44,2026-09-14,clalit,שקיפות עורפית- עובר,"ד""ר דקל איל","נירים 3, תל אביב יפו",46.0,תל אביב יפו
2026-07-30 15:10:44,,clalit,שקיפות עורפית- עובר,שמעוני יוחנן חו,"נירים 3, תל אביב יפו",,תל אביב יפו
2026-07-30 15:10:44,2026-08-06,clalit,שקיפות עורפית- עובר,"ד""ר חייקין אלכסנדר","וייצמן 83, כפר סבא",7.0,כפר סבא
2026-07-30 15:10:44,2026-08-23,clalit,שקיפות עורפית- עובר,"ד""ר אלפרט יואב","וייצמן 83, כפר סבא",24.0,כפר סבא
2026-07-30 15:10:44,2026-08-30,clalit,שקיפות עורפית- עובר,"ד""ר דקל איל","אריק איינשטיין 1, בת ים",31.0,בת ים
2026-07-30 15:10:44,2026-08-30,clalit,שקיפות עורפית- עובר,"ד""ר פישמן גייל שירה","סשה ארגוב 23, רעננה",31.0,רעננה
2026-07-30 15:10:44,2026-09-01,clalit,שקיפות עורפית- עובר,"ד""ר אבירם רמי","בן גוריון 22, הרצליה",33.0,הרצליה
2026-07-30 15:10:44,2026-09-04,clalit,שקיפות עורפית- עובר,"ד""ר וולפרט אלדר","רפאל איתן 4, חולון",36.0,חולון
2026-07-30 15:10:44,2026-09-07,clalit,שקיפות עורפית- עובר,"ד""ר אליגר נלי","רפאל איתן 4, חולון",39.0,חולון
2026-07-30 15:10:44,2026-09-08,clalit,שקיפות עורפית- עובר,"ד""ר שרייבר חנוך","וייצמן 83, כפר סבא",40.0,כפר סבא
2026-07-30 15:10:44,2026-09-08,clalit,שקיפות עורפית- עובר,"ד""ר שריג מנחם יצח","וייצמן 83, כפר סבא",40.0,כפר סבא
2026-07-30 15:10:45,2026-09-09,clalit,שקיפות עורפית- עובר,"ד""ר אבנט חגי","בן גוריון 22, הרצליה",41.0,הרצליה
2026-07-30 15:10:45,2026-09-20,clalit,שקיפות עורפית- עובר,"ד""ר חייקין אלכסנדר","בן גוריון 22, הרצליה",52.0,הרצליה
