timestamp,available_date,kupah,profession,doctor_name,address,days_diff,city
2026-07-30 13:01:20.000000,2026-08-11 00:00:00,clalit,אורתופדיה,"ד""ר הלר אייל","דרך משה דיין 147, תל אביב יפו",12.0,תל אביב יפו
2026-07-30 13:01:20.000000,2026-08-14 00:00:00,clalit,אורתופדיה,"ד""ר צרפתי ירון","אליהו ברלין 13, תל אביב יפו",15.0,תל אביב יפו
2026-07-30 13:01:20.000000,2026-08-16 00:00:00,clalit,אורתופדיה,"ד""ר אשכול זאב","אבן גבירול 124, תל אביב יפו",17.0,תל אביב יפו
2026-07-30 13:01:20.000000,2026-08-16 00:00:00,clalit,אורתופדיה,"ד""ר סודיה דן","שדרות ישראל גורי 39, תל אביב יפו",17.0,תל אביב יפו
2026-07-30 13:01:20.000000,2026-08-17 00:00:00,clalit,אורתופדיה,"ד""ר לשינר ויאצ'סלב","שדרות יד לבנים 35, תל אביב יפו",18.0,תל אביב יפו
2026-07-30 13:01:20.000000,2026-08-18 00:00:00,clalit,אורתופדיה,"ד""ר פקטור שי","וייצמן 14, תל אביב יפו",19.0,תל אביב יפו
2026-07-30 13:01:21.000000,2026-08-19 00:00:00,clalit,אורתופדיה,"ד""ר אלמליח שירן","אבן גבירול 124, תל אביב יפו",20.0,תל אביב יפו
2026-07-30 13:01:21.000000,2026-08-19 00:00:00,clalit,אורתופדיה,"רופא בי""ח 2","אבן גבירול 124, תל אביב יפו",20.0,תל אביב יפו
2026-07-30 13:01:21.000000,2026-08-19 00:00:00,clalit,אורתופדיה,"רופא בי""ח 1","אבן גבירול 124, תל אביב יפו",20.0,תל אביב יפו
2026-07-30 13:01:21.000000,2026-08-20 00:00:00,clalit,אורתופדיה,"ד""ר אמזלג ניסן","אבן גבירול 124, תל אביב יפו",21.0,תל אביב יפו
2026-07-30 13:01:21.000000,2026-08-23 00:00:00,clalit,אורתופדיה,"ד""ר גרייף נדב","מנורת המאור 3, תל אביב יפו",24.0,תל אביב יפו
2026-07-30 13:01:21.000000,2026-08-24 00:00:00,clalit,אורתופדיה,"ד""ר אשכול זאב","אהרון בקר 8, תל אביב יפו",25.0,תל אביב יפו
2026-07-30 13:01:21.000000,2026-08-24 00:00:00,clalit,אורתופדיה,"ד""ר גרייף נדב","שקד 11, תל אביב יפו",25.0,תל אביב יפו
2026-07-30 13:01:22.000000,2026-08-25 00:00:00,clalit,אורתופדיה,"ד""ר פורטנוי ליטל","אבן גבירול 124, תל אביב יפו",26.0,תל אביב יפו
2026-07-30 13:01:22.000000,2026-08-30 00:00:00,clalit,אורתופדיה,"ד""ר ניימן מאור","אבן גבירול 124, תל אביב יפו",31.0,תל אביב יפו
2026-07-30 13:01:22.000000,2026-08-30 00:00:00,clalit,אורתופדיה,"ד""ר בדיר עבדול עז","אהרון בקר 8, תל אביב יפו",31.0,תל אביב יפו
2026-07-30 13:01:22.000000,2026-09-01 00:00:00,clalit,אורתופדיה,"ד""ר הוים קירסטין","אבן גבירול 124, תל אביב יפו",33.0,תל אביב יפו
2026-07-30 13:01:22.000000,2026-09-02 00:00:00,clalit,אורתופדיה,"ד""ר אפרימה בן","הרטוב 5, תל אביב יפו",34.0,תל אביב יפו
2026-07-30 13:01:22.000000,2026-09-03 00:00:00,clalit,אורתופדיה,"ד""ר קוטוב קונסטנטי","התקומה 23, תל אביב יפו",35.0,תל אביב יפו
2026-07-30 13:01:22.000000,2026-09-07 00:00:00,clalit,אורתופדיה,"רופא בי""ח 3","אבן גבירול 124, תל אביב יפו",39.0,תל אביב יפו
2026-07-30 13:01:23.000000,,clalit,אורתופדיה,פרופ' ורשבסקי יניב,"וייצמן 14, תל אביב יפו",,תל אביב יפו
2026-07-30 13:01:23.000000,,clalit,יעוץ אורתופדי,"ד""ר נחום ערד גלית","אבן גבירול 124, תל אביב יפו",,תל אביב יפו
2026-07-30 13:01:23.000000,2026-08-02 00:00:00,clalit,אורתופדיה,"ד""ר איזק ג'ורג' ג","רפאל איתן 4, חולון",3.0,חולון
2026-07-30 13:01:23.000000,2026-08-05 00:00:00,clalit,אורתופדיה,"ד""ר זמירו עיסאם","אל קודס 50, טירה",6.0,טירה
2026-07-30 13:01:23.000000,2026-08-05 00:00:00,clalit,אורתופדיה,"ד""ר המיד שרים","טארק עבד אל חי, טירה",6.0,טירה
2026-07-30 13:01:23.000000,2026-08-12 00:00:00,clalit,אורתופדיה,"ד""ר שפי מיכאל","הרב ניסנבאום 33, בת ים",13.0,בת ים
2026-07-30 13:01:23.000000,2026-08-13 00:00:00,clalit,אורתופדיה,"ד""ר איזק ג'ורג' ג","הרב ניסנבאום 33, בת ים",14.0,בת ים
2026-07-30 13:01:24.000000,2026-08-13 00:00:00,clalit,אורתופדיה,"רופא בי""ח 1","הרב ניסנבאום 33, בת ים",14.0,בת ים
2026-07-30 13:01:24.000000,2026-08-13 00:00:00,clalit,אורתופדיה,"רופא בי""ח 2","הרב ניסנבאום 33, בת ים",14.0,בת ים
2026-07-30 13:01:24.000000,2026-08-16 00:00:00,clalit,אורתופדיה,"ד""ר נאסר מוחמד","הרב ניסנבאום 33, בת ים",17.0,בת ים
2026-07-30 13:01:24.000000,2026-08-16 00:00:00,clalit,אורתופדיה,"ד""ר קולדנוב אלברט","הרב ניסנבאום 33, בת ים",17.0,בת ים
2026-07-30 13:01:24.000000,2026-08-18 00:00:00,clalit,אורתופדיה,"ד""ר אלבז איתי","רפאל איתן 4, חולון",19.0,חולון
2026-07-30 13:01:24.000000,2026-08-18 00:00:00,clalit,אורתופדיה,"ד""ר ליפשיץ יצחק מאי","הרב ניסנבאום 33, בת ים",19.0,בת ים
2026-07-30 13:01:24.000000,2026-08-18 00:00:00,clalit,אורתופדיה,"ד""ר סודיה דן","אריק איינשטיין 1, בת ים",19.0,בת ים
2026-07-30 13:01:25.000000,2026-08-18 00:00:00,clalit,אורתופדיה,"ד""ר פוקס יובל","הרצל 34, רמת גן",19.0,רמת גן
2026-07-30 13:01:25.000000,2026-08-18 00:00:00,clalit,אורתופדיה,"ד""ר ליפשיץ יצחק מאי","הרצל 39, רמת גן",19.0,רמת גן
2026-07-30 13:01:25.000000,2026-08-19 00:00:00,clalit,אורתופדיה,רופא ב.בלינסון,"הרצל 34, רמת גן",20.0,רמת גן
2026-07-30 13:01:25.000000,2026-08-20 00:00:00,clalit,אורתופדיה,"ד""ר אקיאן רועי","הרב ניסנבאום 33, בת ים",21.0,בת ים
2026-07-30 13:01:25.000000,2026-08-22 00:00:00,clalit,אורתופדיה,"ד""ר קאסם חאלד","אל משרוע 46, טירה",23.0,טירה
2026-07-30 13:01:25.000000,2026-08-23 00:00:00,clalit,אורתופדיה,"ד""ר לשינר ויאצ'סלב","בורוכוב 54, גבעתיים",24.0,גבעתיים
2026-07-30 13:01:25.000000,2026-08-24 00:00:00,clalit,אורתופדיה,"ד""ר סודיה דן","רפאל איתן 4, חולון",25.0,חולון
2026-07-30 13:01:26.000000,2026-08-24 00:00:00,clalit,אורתופדיה,"ד""ר אברהם אורי","הרצל 34, רמת גן",25.0,רמת גן
2026-07-30 13:01:26.000000,2026-08-24 00:00:00,clalit,אורתופדיה,"ד""ר גולדשטיין רן","הרצל 34, רמת גן",25.0,רמת גן
2026-07-30 13:01:26.000000,2026-08-24 00:00:00,clalit,אורתופדיה,רופא ב.בלינסון ב,"הרצל 34, רמת גן",25.0,רמת גן
2026-07-30 13:01:26.000000,2026-08-24 00:00:00,clalit,אורתופדיה,"ד""ר גורמן גאורגי","רמב''ם 1, הרצליה",25.0,הרצליה
2026-07-30 13:01:26.000000,2026-08-24 00:00:00,clalit,אורתופדיה,"יועץ בי""ח","רמב''ם 1, הרצליה",25.0,הרצליה
2026-07-30 13:01:26.000000,2026-08-25 00:00:00,clalit,אורתופדיה,"ד""ר אליאס יוסף","רפאל איתן 4, חולון",26.0,חולון
2026-07-30 13:01:26.000000,2026-08-25 00:00:00,clalit,אורתופדיה,"ד""ר ליכטנשטיין עדי","הרצל 34, רמת גן",26.0,רמת גן
2026-07-30 13:01:27.000000,2026-08-25 00:00:00,clalit,אורתופדיה,"ד""ר מסרי אברהם אל","רמב''ם 1, הרצליה",26.0,הרצליה
2026-07-30 13:01:27.000000,2026-08-25 00:00:00,clalit,אורתופדיה,"ד""ר אבו סאפי עיד","גלבוע 118, אלפי מנשה",26.0,אלפי מנשה
2026-07-30 13:01:27.000000,2026-08-26 00:00:00,clalit,אורתופדיה,"ד""ר אליאס יוסף","חיים וייצמן 25, אזור",27.0,אזור
2026-07-30 13:01:27.000000,2026-08-26 00:00:00,clalit,אורתופדיה,"ד""ר בן אליהו רון","הרצל 34, רמת גן",27.0,רמת גן
2026-07-30 13:01:27.000000,2026-08-27 00:00:00,clalit,אורתופדיה,"ד""ר ספון אלכסנדר","נעמי שמר 15, חולון",28.0,חולון
2026-07-30 13:01:27.000000,2026-08-30 00:00:00,clalit,אורתופדיה,"ד""ר אפרימה בן","רפאל איתן 4, חולון",31.0,חולון
2026-07-30 13:01:27.000000,2026-08-30 00:00:00,clalit,אורתופדיה,"ד""ר מכלין רולן","נעמי שמר 15, חולון",31.0,חולון
2026-07-30 13:01:28.000000,2026-08-30 00:00:00,clalit,אורתופדיה,"ד""ר קסטנר מוטי מרד","נעמי שמר 15, חולון",31.0,חולון
2026-07-30 13:01:28.000000,2026-08-30 00:00:00,clalit,אורתופדיה,"ד""ר גולדשטיין רן","דרך יצחק רבין 53, גבעתיים",31.0,גבעתיים
2026-07-30 13:01:28.000000,2026-08-30 00:00:00,clalit,אורתופדיה,"ד""ר בן צבי יעקב","אחוזה 98, רעננה",31.0,רעננה
2026-07-30 13:01:28.000000,2026-08-31 00:00:00,clalit,אורתופדיה,"ד""ר ניימן מאור","הרב ניסנבאום 33, בת ים",32.0,בת ים
2026-07-30 13:01:28.000000,2026-09-02 00:00:00,clalit,אורתופדיה,"ד""ר שפירא סידני","רמב''ם 1, הרצליה",34.0,הרצליה
2026-07-30 13:01:28.000000,2026-09-02 00:00:00,clalit,אורתופדיה,"ד""ר שפירא שי","בן גוריון 43, כפר סבא",34.0,כפר סבא
2026-07-30 13:01:28.000000,2026-09-02 00:00:00,clalit,אורתופדיה,"ד""ר קוטוב קונסטנטי","רפפורט 3, כפר סבא",34.0,כפר סבא
2026-07-30 13:01:28.000000,2026-09-03 00:00:00,clalit,אורתופדיה,"ד""ר קוארטלר יעקב","הכישור 49, חולון",35.0,חולון
2026-07-30 13:01:28.000000,2026-09-03 00:00:00,clalit,אורתופדיה,"ד""ר אברהם אורי","דרך זאב ז'בוטינסקי 12, בני ברק",35.0,בני ברק
2026-07-30 13:01:28.000000,2026-09-04 00:00:00,clalit,אורתופדיה,"ד""ר קוטוב קונסטנטי","הפועל 22, הרצליה",36.0,הרצליה
2026-07-30 13:01:28.000000,2026-09-07 00:00:00,clalit,אורתופדיה,"ד""ר לשינר ויאצ'סלב","עזרא 11, בני ברק",39.0,בני ברק
2026-07-30 13:01:28.000000,2026-09-09 00:00:00,clalit,אורתופדיה,"ד""ר ברגר עמרי גיא","הפועל 22, הרצליה",41.0,הרצליה
2026-07-30 13:01:28.000000,2026-09-10 00:00:00,clalit,אורתופדיה,"ד""ר זפרן אבישי","רוטשילד 29, בת ים",42.0,בת ים
2026-07-30 13:01:28.000000,2026-09-16 00:00:00,clalit,אורתופדיה,"ד""ר זפרן אבישי","רמב''ם 1, הרצליה",48.0,הרצליה
2026-07-30 13:01:30.000000,2026-09-16 00:00:00,clalit,אורתופדיה,"ד""ר פואז נאסר","בן גוריון 43, כפר סבא",48.0,כפר סבא
2026-07-30 13:01:30.000000,2026-09-17 00:00:00,clalit,אורתופדיה,"ד""ר פואז נאסר","התקווה 18, רעננה",49.0,רעננה
2026-07-30 13:01:30.000000,2026-09-23 00:00:00,clalit,אורתופדיה,"ד""ר גרינברג אריה","דרך יצחק רבין 53, גבעתיים",55.0,גבעתיים
2026-07-30 13:01:30.000000,2026-10-04 00:00:00,clalit,אורתופדיה,"ד""ר נוביצקי אלכסנדר","בן גוריון 43, כפר סבא",66.0,כפר סבא
2026-07-30 13:01:30.000000,,clalit,אורתופדיה,"ד""ר אליאס יוסף","ששת הימים 6, חולון",,חולון
2026-07-30 13:01:30.000000,,clalit,אורתופדיה,"ד""ר גולדשטיין רן","דרך זאב ז'בוטינסקי 105, רמת גן",,רמת גן
2026-07-30 13:01:30.000000,,clalit,אורתופדיה,"ד""ר ארוולדזה סמסון","רמב''ם 1, הרצליה",,הרצליה
2026-07-30 13:01:31.000000,,clalit,אורתופדיה,"ד""ר אבו סאפי עיד","שדרות רחבעם 1, קרני שומרון",,קרני שומרון
2026-07-30 13:01:34.000000,2026-07-30 00:00:00,clalit,א.א.ג.,"ד""ר פייגנבאום משה","אבן גבירול 124, תל אביב יפו",0.0,תל אביב יפו
2026-07-30 13:01:34.000000,2026-07-30 00:00:00,clalit,א.א.ג.,"ד""ר אונגר ירון","אבן גבירול 124, תל אביב יפו",0.0,תל אביב יפו
2026-07-30 13:01:34.000000,2026-08-05 00:00:00,clalit,א.א.ג.,"ד""ר מלמוד אריאל קי","התקומה 23, תל אביב יפו",6.0,תל אביב יפו
2026-07-30 13:01:34.000000,2026-08-05 00:00:00,clalit,א.א.ג.,"ד""ר שפירא אודי","אבן גבירול 124, תל אביב יפו",6.0,תל אביב יפו
2026-07-30 13:01:34.000000,2026-08-05 00:00:00,clalit,א.א.ג.,"ד""ר שטיין גדעון","אבן גבירול 124, תל אביב יפו",6.0,תל אביב יפו
2026-07-30 13:01:34.000000,2026-08-05 00:00:00,clalit,א.א.ג.,"ד""ר סעאדה מאהר","אבן גבירול 124, תל אביב יפו",6.0,תל אביב יפו
2026-07-30 13:01:35.000000,2026-08-06 00:00:00,clalit,א.א.ג.,"ד""ר שטרן דניאל","התקומה 23, תל אביב יפו",7.0,תל אביב יפו
2026-07-30 13:01:35.000000,2026-08-06 00:00:00,clalit,א.א.ג.,"ד""ר נסיכי אופיר","אבן גבירול 124, תל אביב יפו",7.0,תל אביב יפו
2026-07-30 13:01:35.000000,2026-08-06 00:00:00,clalit,א.א.ג.,"ד""ר לסקר אילנה","אבן גבירול 124, תל אביב יפו",7.0,תל אביב יפו
2026-07-30 13:01:35.000000,2026-08-09 00:00:00,clalit,א.א.ג.,"ד""ר חורב יואב נחמ","התקומה 23, תל אביב יפו",10.0,תל אביב יפו
2026-07-30 13:01:35.000000,2026-08-09 00:00:00,clalit,א.א.ג.,"ד""ר לאוב דוד","אבן גבירול 124, תל אביב יפו",10.0,תל אביב יפו
2026-07-30 13:01:35.000000,2026-08-09 00:00:00,clalit,א.א.ג.,"ד""ר בן נר דניאל","אבן גבירול 124, תל אביב יפו",10.0,תל אביב יפו
2026-07-30 13:01:35.000000,2026-08-10 00:00:00,clalit,א.א.ג.,"ד""ר מלמוד אריאל קי","יהודה בורלא 27, תל אביב יפו",11.0,תל אביב יפו
2026-07-30 13:01:36.000000,2026-08-11 00:00:00,clalit,א.א.ג.,"רופא בי""ח","וייצמן 10, תל אביב יפו",12.0,תל אביב יפו
2026-07-30 13:01:36.000000,2026-08-12 00:00:00,clalit,א.א.ג.,"ד""ר אבישר אלון","יהודה בורלא 27, תל אביב יפו",13.0,תל אביב יפו
2026-07-30 13:01:36.000000,2026-08-20 00:00:00,clalit,א.א.ג.,פרופ' הורוביץ גלעד,"יהודה בורלא 27, תל אביב יפו",21.0,תל אביב יפו
2026-07-30 13:01:36.000000,2026-09-01 00:00:00,clalit,יועץ א.א.ג.,"ד""ר חיימוף משה","אבן גבירול 124, תל אביב יפו",33.0,תל אביב יפו
2026-07-30 13:01:36.000000,2026-09-15 00:00:00,clalit,א.א.ג.,"ד""ר שושן שגית","ריינס 18, תל אביב יפו",47.0,תל אביב יפו
2026-07-30 13:01:36.000000,,clalit,א.א.ג.,אידלסון-שוולזו גלינה,"יהודה בורלא 27, תל אביב יפו",,תל אביב יפו
2026-07-30 13:01:36.000000,2026-08-03 00:00:00,clalit,א.א.ג.,"ד""ר שבתאי דניאל","נעמי שמר 15, חולון",4.0,חולון
2026-07-30 13:01:36.000000,2026-08-05 00:00:00,clalit,א.א.ג.,"ד""ר סיאג' אחמד","נעמי שמר 15, חולון",6.0,חולון
2026-07-30 13:01:36.000000,2026-08-06 00:00:00,clalit,א.א.ג.,"ד""ר מצארווה מחמד","בזלת 7, כוכב יאיר",7.0,כוכב יאיר
2026-07-30 13:01:36.000000,2026-08-07 00:00:00,clalit,א.א.ג.,"ד""ר שדאפנה מוסא","נעמי שמר 15, חולון",8.0,חולון
2026-07-30 13:01:36.000000,2026-08-09 00:00:00,clalit,א.א.ג.,"ד""ר נסיכי אופיר","נעמי שמר 15, חולון",10.0,חולון
2026-07-30 13:01:36.000000,2026-08-09 00:00:00,clalit,א.א.ג.,"ד""ר ויינר איגור","נעמי שמר 15, חולון",10.0,חולון
2026-07-30 13:01:36.000000,2026-08-09 00:00:00,clalit,א.א.ג.,לוין מלי,"דרך בן גוריון 13, בני ברק",10.0,בני ברק
2026-07-30 13:01:36.000000,2026-08-09 00:00:00,clalit,א.א.ג.,"ד""ר מזרקלי יובל משה","בורוכוב 54, גבעתיים",10.0,גבעתיים
2026-07-30 13:01:37.000000,2026-08-09 00:00:00,clalit,א.א.ג.,"ד""ר עבד אל קאדר דרויש","ראס עאמר 46, טירה",10.0,טירה
2026-07-30 13:01:37.000000,2026-08-10 00:00:00,clalit,א.א.ג.,"ד""ר שטיין גדעון","נעמי שמר 15, חולון",11.0,חולון
2026-07-30 13:01:37.000000,2026-08-10 00:00:00,clalit,א.א.ג.,"ד""ר אבישר אלון","נעמי שמר 15, חולון",11.0,חולון
2026-07-30 13:01:37.000000,2026-08-10 00:00:00,clalit,א.א.ג.,"ד""ר דולינה אירנה","הפועל 22, הרצליה",11.0,הרצליה
2026-07-30 13:01:37.000000,2026-08-11 00:00:00,clalit,א.א.ג.,ברק בילאוס רן,"נעמי שמר 15, חולון",12.0,חולון
2026-07-30 13:01:37.000000,2026-08-11 00:00:00,clalit,א.א.ג.,"ד""ר שטרן דניאל","נעמי שמר 15, חולון",12.0,חולון
2026-07-30 13:01:37.000000,2026-08-12 00:00:00,clalit,א.א.ג.,"רופאים ב'""ח שיבא","דרך בן גוריון 13, בני ברק",13.0,בני ברק
2026-07-30 13:01:38.000000,2026-08-13 00:00:00,clalit,א.א.ג.,"ד""ר מצארווה מחמד","התקווה 18, רעננה",14.0,רעננה
2026-07-30 13:01:38.000000,2026-08-16 00:00:00,clalit,א.א.ג.,"ד""ר ברבלט אירינה","נעמי שמר 15, חולון",17.0,חולון
2026-07-30 13:01:38.000000,2026-08-16 00:00:00,clalit,א.א.ג.,"ד""ר אלגרט קטיה","דרך בן גוריון 13, בני ברק",17.0,בני ברק
2026-07-30 13:01:38.000000,2026-08-16 00:00:00,clalit,א.א.ג.,"ד""ר שטרנבך דן","עזרא 11, בני ברק",17.0,בני ברק
2026-07-30 13:01:38.000000,2026-08-16 00:00:00,clalit,א.א.ג.,"ד""ר סלאמה ראמז","רמב''ם 1, הרצליה",17.0,הרצליה
2026-07-30 13:01:38.000000,2026-08-17 00:00:00,clalit,א.א.ג.,"ד""ר גוטקובסקי דפנה סיל","רמב''ם 1, הרצליה",18.0,הרצליה
2026-07-30 13:01:38.000000,2026-08-18 00:00:00,clalit,א.א.ג.,"ד""ר מימון שירי לי","נעמי שמר 15, חולון",19.0,חולון
2026-07-30 13:01:39.000000,2026-08-18 00:00:00,clalit,א.א.ג.,"רופא בי""ח","רמב''ם 1, הרצליה",19.0,הרצליה
2026-07-30 13:01:39.000000,2026-08-19 00:00:00,clalit,א.א.ג.,"ד""ר שיבצקי שקד","דרך זאב ז'בוטינסקי 105, רמת גן",20.0,רמת גן
2026-07-30 13:01:39.000000,2026-08-19 00:00:00,clalit,א.א.ג.,"ד""ר דולינה אירנה","רמב''ם 1, הרצליה",20.0,הרצליה
2026-07-30 13:01:39.000000,2026-08-19 00:00:00,clalit,א.א.ג.,אאג איכילוב,"רמב''ם 1, הרצליה",20.0,הרצליה
2026-07-30 13:01:39.000000,2026-08-23 00:00:00,clalit,א.א.ג.,"ד""ר אונגר ירון","דרך זאב ז'בוטינסקי 105, רמת גן",24.0,רמת גן
2026-07-30 13:01:39.000000,2026-08-23 00:00:00,clalit,א.א.ג.,"ד""ר קגן טטיאנה","התקווה 18, רעננה",24.0,רעננה
2026-07-30 13:01:39.000000,2026-08-26 00:00:00,clalit,א.א.ג.,"ד""ר אלמגרבי אימן","הרב ניסנבאום 33, בת ים",27.0,בת ים
2026-07-30 13:01:40.000000,2026-08-31 00:00:00,clalit,א.א.ג.,"ד""ר פרגר אירינה","רמב''ם 1, הרצליה",32.0,הרצליה
2026-07-30 13:01:40.000000,2026-09-02 00:00:00,clalit,א.א.ג.,"ד""ר וואש רון אריה","נעמי שמר 15, חולון",34.0,חולון
2026-07-30 13:01:40.000000,2026-09-02 00:00:00,clalit,א.א.ג.,"ד""ר כהן עודד","הפועל 22, הרצליה",34.0,הרצליה
2026-07-30 13:01:40.000000,2026-09-06 00:00:00,clalit,א.א.ג.,"ד""ר מלמוד אריאל קי","נעמי שמר 15, חולון",38.0,חולון
2026-07-30 13:01:40.000000,2026-09-06 00:00:00,clalit,א.א.ג.,"ד""ר גדרון מורן","דרך בן גוריון 13, בני ברק",38.0,בני ברק
2026-07-30 13:01:40.000000,2026-09-09 00:00:00,clalit,א.א.ג.,"ד""ר חורב יואב נחמ","נעמי שמר 15, חולון",41.0,חולון
2026-07-30 13:01:40.000000,2026-09-09 00:00:00,clalit,א.א.ג.,"ד""ר מנסור אנואר","רמב''ם 1, הרצליה",41.0,הרצליה
2026-07-30 13:01:41.000000,2026-09-09 00:00:00,clalit,א.א.ג.,"ד""ר סאבו רני","וייצמן 83, כפר סבא",41.0,כפר סבא
2026-07-30 13:01:41.000000,2026-09-11 00:00:00,clalit,א.א.ג.,"ד""ר מזרקלי יובל משה","דרך יצחק רבין 53, גבעתיים",43.0,גבעתיים
2026-07-30 13:01:41.000000,2026-09-14 00:00:00,clalit,א.א.ג.,אאג איכילוב,"בן גוריון 43, כפר סבא",46.0,כפר סבא
2026-07-30 13:01:41.000000,2026-09-15 00:00:00,clalit,א.א.ג.,"ד""ר נוימן אורי פנח","דרך בן גוריון 13, בני ברק",47.0,בני ברק
2026-07-30 13:01:41.000000,2026-09-16 00:00:00,clalit,א.א.ג.,"ד""ר צ'אושו קרול","וייצמן 43, כפר סבא",48.0,כפר סבא
2026-07-30 13:01:41.000000,2026-09-17 00:00:00,clalit,א.א.ג.,"ד""ר יואכימס זהר","רמב''ם 1, הרצליה",49.0,הרצליה
2026-07-30 13:01:41.000000,2026-09-18 00:00:00,clalit,א.א.ג.,"ד""ר גרשנבל מילק דפנה ברכ","בן גוריון 43, כפר סבא",50.0,כפר סבא
2026-07-30 13:01:42.000000,2026-09-22 00:00:00,clalit,א.א.ג.,"ד""ר גוטקובסקי דפנה סיל","בן גוריון 43, כפר סבא",54.0,כפר סבא
2026-07-30 13:01:42.000000,2026-10-07 00:00:00,clalit,א.א.ג.,"ד""ר זילבר ברקוביץ דרורית","בן גוריון 43, כפר סבא",69.0,כפר סבא
2026-07-30 13:01:42.000000,,clalit,א.א.ג.,"ד""ר ריטר עמית","דרך בן גוריון 13, בני ברק",,בני ברק
2026-07-30 13:01:42.000000,,clalit,א.א.ג.,"ד""ר פיצ'חדזה ילנה","דרך בן גוריון 13, בני ברק",,בני ברק
2026-07-30 13:01:42.000000,,clalit,א.א.ג.,"ד""ר יואכימס זהר","דרך יצחק רבין 53, גבעתיים",,גבעתיים
2026-07-30 13:01:42.000000,,clalit,א.א.ג.,"ד""ר וייס ורד","התקווה 18, רעננה",,רעננה
2026-07-30 13:01:46.000000,2026-08-02 00:00:00,clalit,נשים,פרופ' לוי מיכל,"התקומה 23, תל אביב יפו",3.0,תל אביב יפו
2026-07-30 13:01:46.000000,2026-08-02 00:00:00,clalit,נשים,"ד""ר גרוס יעקב","אליהו ברלין 13, תל אביב יפו",3.0,תל אביב יפו
2026-07-30 13:01:46.000000,2026-08-03 00:00:00,clalit,נשים,"ד""ר גבע אלי","אבא אחימאיר 18, תל אביב יפו",4.0,תל אביב יפו
2026-07-30 13:01:46.000000,2026-08-03 00:00:00,clalit,נשים,"ד""ר דקל איל","אבא אחימאיר 18, תל אביב יפו",4.0,תל אביב יפו
2026-07-30 13:01:46.000000,2026-08-03 00:00:00,clalit,נשים,"ד""ר וורחוב מירטה אי","אהרון בקר 8, תל אביב יפו",4.0,תל אביב יפו
2026-07-30 13:01:46.000000,2026-08-03 00:00:00,clalit,נשים,"ד""ר שילון מיכאל מי","אליהו ברלין 13, תל אביב יפו",4.0,תל אביב יפו
2026-07-30 13:01:47.000000,2026-08-03 00:00:00,clalit,נשים,"ד""ר שילון מיכאל מי","שדרות יהודית 18, תל אביב יפו",4.0,תל אביב יפו
2026-07-30 13:01:47.000000,2026-08-04 00:00:00,clalit,נשים,"ד""ר שילון מיכאל מי","אחד העם 9, תל אביב יפו",5.0,תל אביב יפו
2026-07-30 13:01:47.000000,2026-08-06 00:00:00,clalit,נשים,"ד""ר גולד רונן שמו","אבא אחימאיר 18, תל אביב יפו",7.0,תל אביב יפו
2026-07-30 13:01:47.000000,2026-08-10 00:00:00,clalit,נשים,"ד""ר נול שמואל","אמסטרדם 9, תל אביב יפו",11.0,תל אביב יפו
2026-07-30 13:01:47.000000,2026-08-12 00:00:00,clalit,נשים,פרופ' לוריא שמואל,"אבא אחימאיר 18, תל אביב יפו",13.0,תל אביב יפו
2026-07-30 13:01:47.000000,2026-08-13 00:00:00,clalit,נשים,"ד""ר סיגל יעקב","אריסטובולוס 2, תל אביב יפו",14.0,תל אביב יפו
2026-07-30 13:01:47.000000,2026-08-19 00:00:00,clalit,נשים,"ד""ר בוצן אמנון","אבא אחימאיר 18, תל אביב יפו",20.0,תל אביב יפו
2026-07-30 13:01:48.000000,2026-08-20 00:00:00,clalit,נשים,"ד""ר גרוס לוטם","מקור חיים 35, תל אביב יפו",21.0,תל אביב יפו
2026-07-30 13:01:48.000000,2026-08-20 00:00:00,clalit,נשים,"ד""ר אלדר עידו","אבא אחימאיר 18, תל אביב יפו",21.0,תל אביב יפו
2026-07-30 13:01:48.000000,2026-08-20 00:00:00,clalit,נשים,"ד""ר ירושלמי גיל מרדכ","אהרון בקר 8, תל אביב יפו",21.0,תל אביב יפו
2026-07-30 13:01:48.000000,2026-08-25 00:00:00,clalit,נשים,"ד""ר טמאיב ליליה","מקור חיים 35, תל אביב יפו",26.0,תל אביב יפו
2026-07-30 13:01:48.000000,2026-08-25 00:00:00,clalit,נשים,"ד""ר ארליך אורי","אבא אחימאיר 18, תל אביב יפו",26.0,תל אביב יפו
2026-07-30 13:01:48.000000,2026-08-25 00:00:00,clalit,נשים,"ד""ר טיירי דניאל","דרך שלמה 43, תל אביב יפו",26.0,תל אביב יפו
2026-07-30 13:01:48.000000,2026-08-25 00:00:00,clalit,נשים,"ד""ר גרינברג נירית","הצנחנים 20, תל אביב יפו",26.0,תל אביב יפו
2026-07-30 13:01:49.000000,2026-08-26 00:00:00,clalit,נשים,"ד""ר כהנא חגית","נירים 3, תל אביב יפו",27.0,תל אביב יפו
2026-07-30 13:01:49.000000,2026-08-26 00:00:00,clalit,נשים,"ד""ר טמאיב ליליה","שקד 11, תל אביב יפו",27.0,תל אביב יפו
2026-07-30 13:01:49.000000,2026-08-31 00:00:00,clalit,נשים,"ד""ר אלופי נעים ענת","נירים 3, תל אביב יפו",32.0,תל אביב יפו
2026-07-30 13:01:49.000000,2026-09-01 00:00:00,clalit,נשים,"ד""ר קרסיק שפלטר מריולה מ","התקומה 23, תל אביב יפו",33.0,תל אביב יפו
2026-07-30 13:01:49.000000,2026-09-01 00:00:00,clalit,נשים,"ד""ר מור עומר","אבא אחימאיר 18, תל אביב יפו",33.0,תל אביב יפו
2026-07-30 13:01:49.000000,2026-09-04 00:00:00,clalit,נשים,"ד""ר אהרוני פינחס","נירים 3, תל אביב יפו",36.0,תל אביב יפו
2026-07-30 13:01:49.000000,2026-09-06 00:00:00,clalit,נשים,"ד""ר זילברברג ערן","אבא אחימאיר 18, תל אביב יפו",38.0,תל אביב יפו
2026-07-30 13:01:49.000000,2026-09-07 00:00:00,clalit,נשים,"ד""ר לייבוביץ דיאמנ הילה","אבא אחימאיר 18, תל אביב יפו",39.0,תל אביב יפו
2026-07-30 13:01:49.000000,2026-09-09 00:00:00,clalit,נשים,"ד""ר ברקת יונתן חי","נירים 3, תל אביב יפו",41.0,תל אביב יפו
2026-07-30 13:01:49.000000,2026-10-06 00:00:00,clalit,נשים,"ד""ר גרינברג נירית","אבא אחימאיר 18, תל אביב יפו",68.0,תל אביב יפו
2026-07-30 13:01:49.000000,2026-10-06 00:00:00,clalit,נשים,"ד""ר גונן נעה","נירים 3, תל אביב יפו",68.0,תל אביב יפו
2026-07-30 13:01:49.000000,2026-10-06 00:00:00,clalit,נשים,"ד""ר רוסליק ילנה","נירים 3, תל אביב יפו",68.0,תל אביב יפו
2026-07-30 13:01:49.000000,2026-10-06 00:00:00,clalit,נשים,"ד""ר רז יעל","ירושלמי 11, תל אביב יפו",68.0,תל אביב יפו
2026-07-30 13:01:49.000000,2026-10-15 00:00:00,clalit,נשים,"ד""ר פראג רוזנברג רוני","אבא אחימאיר 18, תל אביב יפו",77.0,תל אביב יפו
2026-07-30 13:01:50.000000,2026-10-18 00:00:00,clalit,נשים,"ד""ר זהבי צבי","אבא אחימאיר 18, תל אביב יפו",80.0,תל אביב יפו
2026-07-30 13:01:50.000000,2026-10-20 00:00:00,clalit,נשים,"ד""ר אקדם אמיר","אבא אחימאיר 18, תל אביב יפו",82.0,תל אביב יפו
2026-07-30 13:01:50.000000,2026-10-28 00:00:00,clalit,נשים,"ד""ר טורם מאיה","נירים 3, תל אביב יפו",90.0,תל אביב יפו
2026-07-30 13:01:50.000000,,clalit,נשים,"ד""ר כץ עדי","אבא אחימאיר 18, תל אביב יפו",,תל אביב יפו
2026-07-30 13:01:50.000000,,clalit,נשים,"ד""ר סולימה אלדר ויקי","אבא אחימאיר 18, תל אביב יפו",,תל אביב יפו
2026-07-30 13:01:50.000000,2026-07-30 00:00:00,clalit,נשים,"ד""ר פרוסמושקין רימה","וייצמן 83, כפר סבא",0.0,כפר סבא
2026-07-30 13:01:50.000000,2026-07-30 00:00:00,clalit,נשים,"ד""ר שריג מנחם יצח","וייצמן 83, כפר סבא",0.0,כפר סבא
2026-07-30 13:01:51.000000,2026-08-02 00:00:00,clalit,נשים,"ד""ר גינגולד אריה","חזון אי''ש 62, בני ברק",3.0,בני ברק
2026-07-30 13:01:51.000000,2026-08-02 00:00:00,clalit,נשים,"ד""ר ביטמן גנדי","בן גוריון 22, הרצליה",3.0,הרצליה
2026-07-30 13:01:51.000000,2026-08-03 00:00:00,clalit,נשים,"רופ.בי""ח מעייני היש","חזון אי''ש 62, בני ברק",4.0,בני ברק
2026-07-30 13:01:51.000000,2026-08-03 00:00:00,clalit,נשים,"ד""ר גינגולד אריה","דרך זאב ז'בוטינסקי 105, רמת גן",4.0,רמת גן
2026-07-30 13:01:51.000000,2026-08-04 00:00:00,clalit,נשים,"ד""ר חיימוב מיכאל","חיים וייצמן 25, אזור",5.0,אזור
2026-07-30 13:01:51.000000,2026-08-04 00:00:00,clalit,נשים,"ד""ר ברומיקר פריימן תלמה גרס","וייצמן 83, כפר סבא",5.0,כפר סבא
2026-07-30 13:01:51.000000,2026-08-04 00:00:00,clalit,נשים,"ד""ר חייקין אלכסנדר","גלבוע 118, אלפי מנשה",5.0,אלפי מנשה
2026-07-30 13:01:52.000000,2026-08-05 00:00:00,clalit,נשים,"ד""ר ברומיקר פריימן תלמה גרס","סשה ארגוב 23, רעננה",6.0,רעננה
2026-07-30 13:01:52.000000,2026-08-06 00:00:00,clalit,נשים,נשים איכילוב-שפרילנ,"המכבים 75, בני ברק",7.0,בני ברק
2026-07-30 13:01:52.000000,2026-08-09 00:00:00,clalit,נשים,"רופא בי""ח","בן גוריון 22, הרצליה",10.0,הרצליה
2026-07-30 13:01:52.000000,2026-08-09 00:00:00,clalit,נשים,"ד""ר טל אורי","בזלת 7, כוכב יאיר",10.0,כוכב יאיר
2026-07-30 13:01:52.000000,2026-08-09 00:00:00,clalit,נשים,"ד""ר פורוטקוב נטליה","שדרות רחבעם 1, קרני שומרון",10.0,קרני שומרון
2026-07-30 13:01:52.000000,2026-08-11 00:00:00,clalit,נשים,"ד""ר וייצנר עומר","בן גוריון 22, הרצליה",12.0,הרצליה
2026-07-30 13:01:52.000000,2026-08-11 00:00:00,clalit,נשים,"ד""ר טל אורי","בן גוריון 22, הרצליה",12.0,הרצליה
2026-07-30 13:01:53.000000,2026-08-11 00:00:00,clalit,נשים,"ד""ר מישל אמיר","הנשר 1, רעננה",12.0,רעננה
2026-07-30 13:01:53.000000,2026-08-12 00:00:00,clalit,נשים,"ד""ר קוך מיכל זאב",טירה,13.0,טירה
2026-07-30 13:01:53.000000,2026-08-12 00:00:00,clalit,נשים,"ד""ר גדעוני יריב שלמ","רפפורט 3, כפר סבא",13.0,כפר סבא
2026-07-30 13:01:53.000000,2026-08-12 00:00:00,clalit,נשים,"ד""ר חנוך יוסף","סשה ארגוב 23, רעננה",13.0,רעננה
2026-07-30 13:01:53.000000,2026-08-12 00:00:00,clalit,נשים,"ד""ר פורוטקוב נטליה","כיכר רמב''ם, עמנואל",13.0,עמנואל
2026-07-30 13:01:53.000000,2026-08-13 00:00:00,clalit,נשים,"ד""ר מסארוה אלנה לקר",טירה,14.0,טירה
2026-07-30 13:01:53.000000,2026-08-13 00:00:00,clalit,נשים,"ד""ר וייצנר עומר","וייצמן 83, כפר סבא",14.0,כפר סבא
2026-07-30 13:01:54.000000,2026-08-14 00:00:00,clalit,נשים,"ד""ר גרטנר ונטמן ברנרד","וייצמן 83, כפר סבא",15.0,כפר סבא
2026-07-30 13:01:54.000000,2026-08-16 00:00:00,clalit,נשים,"ד""ר אוהבה ג'ונתן ס","שדרות מנחם בגין 38, גבעת שמואל",17.0,גבעת שמואל
2026-07-30 13:01:54.000000,2026-08-16 00:00:00,clalit,נשים,"ד""ר חייקין אלכסנדר","וייצמן 83, כפר סבא",17.0,כפר סבא
2026-07-30 13:01:54.000000,2026-08-17 00:00:00,clalit,נשים,"ד""ר גולד עירן","אריק איינשטיין 1, בת ים",18.0,בת ים
2026-07-30 13:01:54.000000,2026-08-18 00:00:00,clalit,נשים,"ד""ר נול שמואל","אריק איינשטיין 1, בת ים",19.0,בת ים
2026-07-30 13:01:54.000000,2026-08-18 00:00:00,clalit,נשים,"ד""ר גינגולד אריה","דרך יצחק רבין 53, גבעתיים",19.0,גבעתיים
2026-07-30 13:01:54.000000,2026-08-19 00:00:00,clalit,נשים,"ד""ר רביב אשרת","שדרות רחבעם 1, קרני שומרון",20.0,קרני שומרון
2026-07-30 13:01:55.000000,2026-08-19 00:00:00,clalit,נשים,"ד""ר פורוטקוב נטליה","יהלום 17, קדומים",20.0,קדומים
2026-07-30 13:01:55.000000,2026-08-20 00:00:00,clalit,נשים,"ד""ר טיירי דניאל","אריק איינשטיין 1, בת ים",21.0,בת ים
2026-07-30 13:01:55.000000,2026-08-20 00:00:00,clalit,נשים,"ד""ר ויינשטיין סופיה","בן גוריון 22, הרצליה",21.0,הרצליה
2026-07-30 13:01:55.000000,2026-08-23 00:00:00,clalit,נשים,"ד""ר קולודיזנר טטיאנה","בן גוריון 22, הרצליה",24.0,הרצליה
2026-07-30 13:01:55.000000,2026-08-24 00:00:00,clalit,נשים,"ד""ר אליגר נלי","רפאל איתן 4, חולון",25.0,חולון
2026-07-30 13:01:55.000000,2026-08-25 00:00:00,clalit,נשים,"ד""ר שרייבר חנוך","וייצמן 83, כפר סבא",26.0,כפר סבא
2026-07-30 13:01:55.000000,2026-08-25 00:00:00,clalit,נשים,"ד""ר שרפוב טטיאנה","בזלת 7, כוכב יאיר",26.0,כוכב יאיר
2026-07-30 13:01:56.000000,2026-08-27 00:00:00,clalit,נשים,"ד""ר קידר לירון","בן גוריון 22, הרצליה",28.0,הרצליה
2026-07-30 13:01:56.000000,2026-08-31 00:00:00,clalit,נשים,"ד""ר וולפרט אלדר","רפאל איתן 4, חולון",32.0,חולון
2026-07-30 13:01:56.000000,2026-08-31 00:00:00,clalit,נשים,פרופ' מזרחי יוסף,"רפאל איתן 4, חולון",32.0,חולון
2026-07-30 13:01:56.000000,2026-08-31 00:00:00,clalit,נשים,"ד""ר רונה שירן","רפאל איתן 4, חולון",32.0,חולון
2026-07-30 13:01:56.000000,2026-09-01 00:00:00,clalit,נשים,"ד""ר רוק מיכל","רפאל איתן 4, חולון",33.0,חולון
2026-07-30 13:01:56.000000,2026-09-01 00:00:00,clalit,נשים,"ד""ר זלוטניקובה יוליה","דרך בן גוריון 13, בני ברק",33.0,בני ברק
2026-07-30 13:01:56.000000,2026-09-02 00:00:00,clalit,נשים,"ד""ר זיידין אנה","ישעיהו 44, חולון",34.0,חולון
2026-07-30 13:01:57.000000,2026-09-02 00:00:00,clalit,נשים,"ד""ר אבנט חגי","בן גוריון 22, הרצליה",34.0,הרצליה
2026-07-30 13:01:57.000000,2026-09-03 00:00:00,clalit,נשים,"ד""ר ברוכין אוהד","רפאל איתן 4, חולון",35.0,חולון
2026-07-30 13:01:57.000000,2026-09-03 00:00:00,clalit,נשים,"ד""ר סגל הילה","רפאל איתן 4, חולון",35.0,חולון
2026-07-30 13:01:57.000000,2026-09-03 00:00:00,clalit,נשים,"ד""ר שרפוב טטיאנה","וייצמן 83, כפר סבא",35.0,כפר סבא
2026-07-30 13:01:57.000000,2026-09-06 00:00:00,clalit,נשים,"ד""ר פריד סימה","סשה ארגוב 23, רעננה",38.0,רעננה
2026-07-30 13:01:57.000000,2026-09-07 00:00:00,clalit,נשים,"ד""ר ברקרסקי יקירה","אריק איינשטיין 1, בת ים",39.0,בת ים
2026-07-30 13:01:57.000000,2026-09-07 00:00:00,clalit,נשים,"ד""ר קידר רן","רפאל איתן 4, חולון",39.0,חולון
2026-07-30 13:01:57.000000,2026-09-07 00:00:00,clalit,נשים,יגור יעל,"סשה ארגוב 23, רעננה",39.0,רעננה
2026-07-30 13:01:57.000000,2026-09-08 00:00:00,clalit,נשים,"ד""ר חיימוב מיכאל","אריק איינשטיין 1, בת ים",40.0,בת ים
2026-07-30 13:01:57.000000,2026-09-08 00:00:00,clalit,נשים,"ד""ר וינשטיין עדי","המכבים 75, בני ברק",40.0,בני ברק
2026-07-30 13:01:57.000000,2026-09-08 00:00:00,clalit,נשים,"ד""ר טריגרמן שי","דרך זאב ז'בוטינסקי 105, רמת גן",40.0,רמת גן
2026-07-30 13:01:57.000000,2026-09-08 00:00:00,clalit,נשים,"ד""ר הויזלר ישי","נחל קנה 9, צור יצחק",40.0,צור יצחק
2026-07-30 13:01:57.000000,2026-09-08 00:00:00,clalit,נשים,"ד""ר כץ טטיאנה","סשה ארגוב 23, רעננה",40.0,רעננה
2026-07-30 13:01:57.000000,2026-09-15 00:00:00,clalit,נשים,"ד""ר פייט קורן חגית","בן גוריון 22, הרצליה",47.0,הרצליה
2026-07-30 13:01:58.000000,2026-09-16 00:00:00,clalit,נשים,"ד""ר קליינר איליה","רפאל איתן 4, חולון",48.0,חולון
2026-07-30 13:01:58.000000,2026-09-16 00:00:00,clalit,נשים,"ד""ר ענבר שמואל","סשה ארגוב 23, רעננה",48.0,רעננה
2026-07-30 13:01:58.000000,2026-09-22 00:00:00,clalit,נשים,"ד""ר בן ציון מאיה","בן גוריון 22, הרצליה",54.0,הרצליה
2026-07-30 13:01:58.000000,2026-10-04 00:00:00,clalit,נשים,"ד""ר זיידין אנה","אריק איינשטיין 1, בת ים",66.0,בת ים
2026-07-30 13:01:58.000000,2026-10-04 00:00:00,clalit,נשים,"ד""ר שלו אמיר","רפאל איתן 4, חולון",66.0,חולון
2026-07-30 13:01:58.000000,2026-10-04 00:00:00,clalit,נשים,"ד""ר גלעדי יעקובי איתן","חיים לנדאו 7, רמת גן",66.0,רמת גן
2026-07-30 13:01:58.000000,2026-10-04 00:00:00,clalit,נשים,"ד""ר קוך מיכל זאב","וייצמן 83, כפר סבא",66.0,כפר סבא
2026-07-30 13:02:00.000000,2026-10-05 00:00:00,clalit,נשים,"ד""ר סגל הילה","חיים וייצמן 25, אזור",67.0,אזור
2026-07-30 13:02:00.000000,2026-10-12 00:00:00,clalit,נשים,פרופ' נחום רוית,"חזון אי''ש 62, בני ברק",74.0,בני ברק
2026-07-30 13:02:00.000000,2026-10-14 00:00:00,clalit,נשים,"ד""ר בוגין גרינפילד רונה","סשה ארגוב 23, רעננה",76.0,רעננה
2026-07-30 13:02:00.000000,2026-10-16 00:00:00,clalit,נשים,"ד""ר ונד סוזאנה","בן גוריון 22, הרצליה",78.0,הרצליה
2026-07-30 13:02:00.000000,2026-10-18 00:00:00,clalit,נשים,"ד""ר ורניקובסקי גבריאלה","רפאל איתן 4, חולון",80.0,חולון
2026-07-30 13:02:00.000000,2026-10-20 00:00:00,clalit,נשים,"ד""ר דבש שירה","צבי הרלינג 6, בני ברק",82.0,בני ברק
2026-07-30 13:02:00.000000,2026-10-28 00:00:00,clalit,נשים,"ד""ר ויזל אילנה","שדרות מנחם בגין 38, גבעת שמואל",90.0,גבעת שמואל
2026-07-30 13:02:00.000000,,clalit,נשים,"ד""ר קרסיק שפלטר מריולה מ","אריק איינשטיין 1, בת ים",,בת ים
2026-07-30 13:02:00.000000,,clalit,נשים,"ד""ר מונייר סמירה","אריק איינשטיין 1, בת ים",,בת ים
2026-07-30 13:02:00.000000,,clalit,נשים,"ד""ר מימוני גלית","חזון אי''ש 62, בני ברק",,בני ברק
2026-07-30 13:02:00.000000,,clalit,נשים,"ד""ר משיח פרידלר ירדנה בת","בן גוריון 22, הרצליה",,הרצליה
2026-07-30 13:02:00.000000,,clalit,נשים,"ד""ר עובדיה מיכל חנה","וייצמן 83, כפר סבא",,כפר סבא
2026-07-30 13:02:03.000000,2026-08-03 00:00:00,clalit,עור,"ד""ר גלילי ערן","שדרות החי''ל 12, תל אביב יפו",4.0,תל אביב יפו
2026-07-30 13:02:03.000000,2026-08-03 00:00:00,clalit,עור,"ד""ר זמיר הדס","אהרון בקר 8, תל אביב יפו",4.0,תל אביב יפו
2026-07-30 13:02:03.000000,2026-10-29 00:00:00,clalit,עור,"ד""ר הגלר יוסף","יהודה בורלא 27, תל אביב יפו",91.0,תל אביב יפו
2026-07-30 13:02:03.000000,,clalit,עור,"רופא בי""ח","וייצמן 10, תל אביב יפו",,תל אביב יפו
2026-07-30 13:02:03.000000,,clalit,עור,"ד""ר אנדלמן סתיו","התקומה 23, תל אביב יפו",,תל אביב יפו
2026-07-30 13:02:03.000000,,clalit,עור,לוי בת שבע,"בן יהודה 29, תל אביב יפו",,תל אביב יפו
2026-07-30 13:02:05.000000,,clalit,עור,"ד""ר דניאלי דניאל","אבן גבירול 124, תל אביב יפו",,תל אביב יפו
2026-07-30 13:02:05.000000,,clalit,עור,"ד""ר בנשטרית שיר","אבן גבירול 124, תל אביב יפו",,תל אביב יפו
2026-07-30 13:02:05.000000,,clalit,עור,"ד""ר אריאלי מני","אבן גבירול 124, תל אביב יפו",,תל אביב יפו
2026-07-30 13:02:05.000000,,clalit,עור,"ד""ר גליק מירית","אבן גבירול 124, תל אביב יפו",,תל אביב יפו
2026-07-30 13:02:05.000000,,clalit,עור,"ד""ר זידאן עומרי","אבן גבירול 124, תל אביב יפו",,תל אביב יפו
2026-07-30 13:02:05.000000,,clalit,עור,"ד""ר מונסליזה אסף","אבן גבירול 124, תל אביב יפו",,תל אביב יפו
2026-07-30 13:02:05.000000,,clalit,עור,"ד""ר ברמץ שירה","אבן גבירול 124, תל אביב יפו",,תל אביב יפו
2026-07-30 13:02:07.000000,,clalit,עור,"רופא בי""ח 1","אבן גבירול 124, תל אביב יפו",,תל אביב יפו
2026-07-30 13:02:07.000000,,clalit,עור,"ד""ר קינד גלוקסמן טל","ירושלמי 11, תל אביב יפו",,תל אביב יפו
2026-07-30 13:02:07.000000,,clalit,עור,"ד""ר אהרונוביץ אנה","הצנחנים 20, תל אביב יפו",,תל אביב יפו
2026-07-30 13:02:07.000000,,clalit,עור,"ד""ר וודוביץ דן","אהרון בקר 8, תל אביב יפו",,תל אביב יפו
2026-07-30 13:02:07.000000,,clalit,עור,"ד""ר רום הדס","אליהו ברלין 13, תל אביב יפו",,תל אביב יפו
2026-07-30 13:02:07.000000,,clalit,עור,"ד""ר אורן שבתאי מיטל","אליהו ברלין 13, תל אביב יפו",,תל אביב יפו
2026-07-30 13:02:07.000000,,clalit,עור,"ד""ר אדלשטיין דניס מיכ","זליג ברודצקי 43, תל אביב יפו",,תל אביב יפו
2026-07-30 13:02:08.000000,,clalit,עור,"ד""ר טלב אייל","המכבי 2, תל אביב יפו",,תל אביב יפו
2026-07-30 13:02:08.000000,,clalit,יועץ עור,"ד""ר רייס הוס שירן","אהרון בקר 8, תל אביב יפו",,תל אביב יפו
2026-07-30 13:02:08.000000,,clalit,עור,ייעוץ בוידאו צ'אט,תל אביב יפו,,תל אביב יפו
2026-07-30 13:02:08.000000,2026-08-09 00:00:00,clalit,עור,"ד""ר לאופר בריטבה רימה","נעמי שמר 15, כפר סבא",10.0,כפר סבא
2026-07-30 13:02:08.000000,2026-09-16 00:00:00,clalit,עור,"ד""ר אבו בכר עלי","א תופאח, טירה",48.0,טירה
2026-07-30 13:02:08.000000,2026-09-21 00:00:00,clalit,עור,"ד""ר אבו בכר עלי","טארק עבד אל חי, טירה",53.0,טירה
2026-07-30 13:02:08.000000,2026-09-27 00:00:00,clalit,עור,"ד""ר נג'אר סמיח","הנשר 1, רעננה",59.0,רעננה
2026-07-30 13:02:10.000000,2026-10-18 00:00:00,clalit,עור,"רופא בי""ח","הלוחמים 62, חולון",80.0,חולון
2026-07-30 13:02:10.000000,2026-10-18 00:00:00,clalit,עור,"ד""ר לוי גרי ריימ","אחוזה 124, רעננה",80.0,רעננה
2026-07-30 13:02:10.000000,2026-10-23 00:00:00,clalit,עור,"ד""ר חאג' יחיא כראם","בזלת 7, כוכב יאיר",85.0,כוכב יאיר
2026-07-30 13:02:10.000000,,clalit,עור,"ד""ר זידאן עומרי","רפאל איתן 4, חולון",,חולון
2026-07-30 13:02:10.000000,,clalit,עור,"ד""ר שיפטר רות","חיים ארלוזורוב 52, חולון",,חולון
2026-07-30 13:02:10.000000,,clalit,עור,"ד""ר פלדמן אסף","נעמי שמר 15, חולון",,חולון
2026-07-30 13:02:10.000000,,clalit,עור,"ד""ר שבתאי הגר","נעמי שמר 15, חולון",,חולון
2026-07-30 13:02:12.000000,,clalit,עור,"ד""ר סורוקסקי דניאל","נעמי שמר 15, חולון",,חולון
2026-07-30 13:02:12.000000,,clalit,עור,"רופא בי""ח","נעמי שמר 15, חולון",,חולון
2026-07-30 13:02:12.000000,,clalit,עור,"ד""ר קריחלי דוד","הרב ניסנבאום 33, בת ים",,בת ים
2026-07-30 13:02:12.000000,,clalit,עור,"ד""ר פדורנקו לריסה","רוטשילד 29, בת ים",,בת ים
2026-07-30 13:02:12.000000,,clalit,עור,עור ב.איכילוב,"הרצל 34, רמת גן",,רמת גן
2026-07-30 13:02:12.000000,,clalit,עור,עור ב.איכילוב,"רבי עקיבא 83, בני ברק",,בני ברק
2026-07-30 13:02:12.000000,,clalit,עור,"ד""ר נג'אר סמיח","דרך בן גוריון 13, בני ברק",,בני ברק
2026-07-30 13:02:13.000000,,clalit,עור,רופא ב.בלינסון,"דרך בן גוריון 13, בני ברק",,בני ברק
2026-07-30 13:02:13.000000,,clalit,עור,עור ב.איכילוב,"דרך בן גוריון 13, בני ברק",,בני ברק
2026-07-30 13:02:13.000000,,clalit,עור,"ד""ר נג'אר מוחמד","המכבים 75, בני ברק",,בני ברק
2026-07-30 13:02:13.000000,,clalit,עור,"ד""ר אוביידוב ולדיסלב","עזרא 11, בני ברק",,בני ברק
2026-07-30 13:02:13.000000,,clalit,עור,"ד""ר גור שלומי אי","דרך יצחק רבין 53, גבעתיים",,גבעתיים
2026-07-30 13:02:13.000000,,clalit,עור,"ד""ר פרידל נדב","דרך יצחק רבין 53, גבעתיים",,גבעתיים
2026-07-30 13:02:13.000000,,clalit,עור,"ד""ר לסט עומר","דרך יצחק רבין 53, גבעתיים",,גבעתיים
2026-07-30 13:02:15.000000,,clalit,עור,"ד""ר אוביידוב ולדיסלב","דרך זאב ז'בוטינסקי 105, רמת גן",,רמת גן
2026-07-30 13:02:15.000000,,clalit,עור,"ד""ר לסט עומר","דרך זאב ז'בוטינסקי 105, רמת גן",,רמת גן
2026-07-30 13:02:15.000000,,clalit,עור,"ד""ר מונסליזה אסף","דרך יצחק רבין 53, גבעתיים",,גבעתיים
2026-07-30 13:02:15.000000,,clalit,עור,"ד""ר שלמון מלמוד דנה","רמב''ם 1, הרצליה",,הרצליה
2026-07-30 13:02:15.000000,,clalit,עור,"ד""ר בשארה אתאר","רמב''ם 1, הרצליה",,הרצליה
2026-07-30 13:02:15.000000,,clalit,עור,"ד""ר סורקינה אירינה","רמב''ם 1, הרצליה",,הרצליה
2026-07-30 13:02:15.000000,,clalit,עור,"ד""ר רובנוביץ' איגור","רמב''ם 1, הרצליה",,הרצליה
2026-07-30 13:02:17.000000,,clalit,עור,"ד""ר אבו בכר עלי","בן גוריון 43, כפר סבא",,כפר סבא
2026-07-30 13:02:17.000000,,clalit,עור,"ד""ר אלזמי מרק","בן גוריון 43, כפר סבא",,כפר סבא
2026-07-30 13:02:17.000000,,clalit,עור,"ד""ר שגיא אסתר","בן גוריון 43, כפר סבא",,כפר סבא
2026-07-30 13:02:17.000000,,clalit,עור,"ד""ר פינחסוב פינחס","בן גוריון 2, הרצליה",,הרצליה
2026-07-30 13:02:17.000000,,clalit,עור,"ד""ר גור שלומי אי","הפועל 22, הרצליה",,הרצליה
2026-07-30 13:02:17.000000,,clalit,עור,"ד""ר אפלשטיין אורנלה","צמרות, הרצליה",,הרצליה
2026-07-30 13:02:20.000000,2026-08-11 00:00:00,clalit,עיניים,"ד""ר חנני רון","אבן גבירול 124, תל אביב יפו",12.0,תל אביב יפו
2026-07-30 13:02:20.000000,2026-08-11 00:00:00,clalit,עיניים,"ד""ר דגבלי ליאור","אבן גבירול 124, תל אביב יפו",12.0,תל אביב יפו
2026-07-30 13:02:20.000000,2026-08-11 00:00:00,clalit,עיניים,"ד""ר רוז'יצקי ולדימיר","אבן גבירול 124, תל אביב יפו",12.0,תל אביב יפו
2026-07-30 13:02:20.000000,2026-08-12 00:00:00,clalit,עיניים,"ד""ר ספקטור אלכסנדר","התקומה 23, תל אביב יפו",13.0,תל אביב יפו
2026-07-30 13:02:20.000000,2026-08-12 00:00:00,clalit,עיניים,"רופא בי""ח","מקור חיים 35, תל אביב יפו",13.0,תל אביב יפו
2026-07-30 13:02:20.000000,2026-08-12 00:00:00,clalit,עיניים,"רופא בי""ח","אבן גבירול 124, תל אביב יפו",13.0,תל אביב יפו
2026-07-30 13:02:20.000000,2026-08-12 00:00:00,clalit,עיניים,"ד""ר פיינברג גלעד","דרך משה דיין 147, תל אביב יפו",13.0,תל אביב יפו
2026-07-30 13:02:20.000000,2026-08-12 00:00:00,clalit,עיניים,"ד""ר סרבריאני בוריס","שדרות יד לבנים 35, תל אביב יפו",13.0,תל אביב יפו
2026-07-30 13:02:20.000000,2026-08-13 00:00:00,clalit,עיניים,"ד""ר מנדלבלום חורחה","וייצמן 14, תל אביב יפו",14.0,תל אביב יפו
2026-07-30 13:02:20.000000,2026-08-17 00:00:00,clalit,עיניים,"רופא בי""ח 1","אהרון בקר 8, תל אביב יפו",18.0,תל אביב יפו
2026-07-30 13:02:20.000000,2026-08-17 00:00:00,clalit,עיניים,"ד""ר שפנדורף יעקב","שדרות יד לבנים 35, תל אביב יפו",18.0,תל אביב יפו
2026-07-30 13:02:20.000000,2026-08-19 00:00:00,clalit,עיניים,"ד""ר רפפורט יצחק","אליהו ברלין 13, תל אביב יפו",20.0,תל אביב יפו
2026-07-30 13:02:20.000000,2026-08-24 00:00:00,clalit,עיניים,"ד""ר אמויאל פרנק מור","לילינבלום 6, תל אביב יפו",25.0,תל אביב יפו
2026-07-30 13:02:22.000000,2026-08-25 00:00:00,clalit,עיניים,"ד""ר דן ברזיס עידית","אהרון בקר 8, תל אביב יפו",26.0,תל אביב יפו
2026-07-30 13:02:22.000000,2026-08-26 00:00:00,clalit,עיניים,"ד""ר צסלר מריה","אבן גבירול 124, תל אביב יפו",27.0,תל אביב יפו
2026-07-30 13:02:22.000000,2026-10-16 00:00:00,clalit,עיניים,"ד""ר שחר יונתן פנ","יהודה בורלא 27, תל אביב יפו",78.0,תל אביב יפו
2026-07-30 13:02:22.000000,,clalit,עיניים,"ד""ר ארליק נורית","הארבעה 28, תל אביב יפו",,תל אביב יפו
2026-07-30 13:02:22.000000,,clalit,עיניים,"ד""ר מרקושין ארקדי","אבן גבירול 124, תל אביב יפו",,תל אביב יפו
2026-07-30 13:02:22.000000,2026-07-31 00:00:00,clalit,עיניים,"ד""ר מנסור אחמד",טירה,1.0,טירה
2026-07-30 13:02:22.000000,2026-08-02 00:00:00,clalit,עיניים,"ד""ר דולב צבי","רפאל איתן 4, חולון",3.0,חולון
2026-07-30 13:02:23.000000,2026-08-03 00:00:00,clalit,עיניים,"ד""ר ג'רה מוחמד","דרך בן גוריון 13, בני ברק",4.0,בני ברק
2026-07-30 13:02:23.000000,2026-08-04 00:00:00,clalit,עיניים,"ד""ר רסקין מילחמן טטיאנה","דרך בן גוריון 13, בני ברק",5.0,בני ברק
2026-07-30 13:02:23.000000,2026-08-05 00:00:00,clalit,עיניים,"ד""ר ארנון רועי","דרך בן גוריון 13, בני ברק",6.0,בני ברק
2026-07-30 13:02:23.000000,2026-08-05 00:00:00,clalit,עיניים,"ד""ר יהלומי טל","עזרא 11, בני ברק",6.0,בני ברק
2026-07-30 13:02:23.000000,2026-08-06 00:00:00,clalit,עיניים,"ד""ר סימנטוב איליה","דרך בן גוריון 13, בני ברק",7.0,בני ברק
2026-07-30 13:02:23.000000,2026-08-06 00:00:00,clalit,עיניים,"ד""ר רצון אוריאל","עזרא 11, בני ברק",7.0,בני ברק
2026-07-30 13:02:23.000000,2026-08-10 00:00:00,clalit,עיניים,"ד""ר דג'נוב רומיק","דרך בן גוריון 13, בני ברק",11.0,בני ברק
2026-07-30 13:02:24.000000,2026-08-11 00:00:00,clalit,עיניים,"ד""ר לוקובצקי סימיון","דרך בן גוריון 13, בני ברק",12.0,בני ברק
2026-07-30 13:02:24.000000,2026-08-13 00:00:00,clalit,עיניים,"ד""ר בור ורדית","דרך בן גוריון 13, בני ברק",14.0,בני ברק
2026-07-30 13:02:24.000000,2026-08-16 00:00:00,clalit,עיניים,"ד""ר סמוליאר אירנה","רוטשילד 29, בת ים",17.0,בת ים
2026-07-30 13:02:24.000000,2026-08-16 00:00:00,clalit,עיניים,"ד""ר פרידמן חיים יוס","רוטשילד 29, בת ים",17.0,בת ים
2026-07-30 13:02:24.000000,2026-08-17 00:00:00,clalit,עיניים,"ד""ר ספקטור אלכסנדר","הרב ניסנבאום 33, בת ים",18.0,בת ים
2026-07-30 13:02:24.000000,2026-08-17 00:00:00,clalit,עיניים,"ד""ר סרבריאני בוריס","הרב ניסנבאום 33, בת ים",18.0,בת ים
2026-07-30 13:02:24.000000,2026-08-19 00:00:00,clalit,עיניים,"ד""ר באראייב נאדזדה","יעקב פיכמן 11, חולון",20.0,חולון
2026-07-30 13:02:25.000000,2026-08-19 00:00:00,clalit,עיניים,"ד""ר מגל מלחז","הרב ניסנבאום 33, בת ים",20.0,בת ים
2026-07-30 13:02:25.000000,2026-08-19 00:00:00,clalit,עיניים,"רופא בי""ח","נעמי שמר 15, חולון",20.0,חולון
2026-07-30 13:02:25.000000,2026-08-20 00:00:00,clalit,עיניים,"ד""ר ארליך מוני מרד","רש''י 30, בני ברק",21.0,בני ברק
2026-07-30 13:02:25.000000,2026-08-23 00:00:00,clalit,עיניים,"ד""ר ויינשטוק אלכסנדר","הרב ניסנבאום 33, בת ים",24.0,בת ים
2026-07-30 13:02:25.000000,2026-08-27 00:00:00,clalit,עיניים,"ד""ר חנני רון","דרך זאב ז'בוטינסקי 105, רמת גן",28.0,רמת גן
2026-07-30 13:02:25.000000,2026-09-01 00:00:00,clalit,עיניים,"ד""ר סרבריאני בוריס","נעמי שמר 15, חולון",33.0,חולון
2026-07-30 13:02:25.000000,2026-09-01 00:00:00,clalit,עיניים,רופ. עיניים איכילוב,"דרך זאב ז'בוטינסקי 105, רמת גן",33.0,רמת גן
2026-07-30 13:02:26.000000,2026-09-02 00:00:00,clalit,עיניים,"ד""ר ויינשטוק אלכסנדר","חיים וייצמן 25, אזור",34.0,אזור
2026-07-30 13:02:26.000000,2026-09-02 00:00:00,clalit,עיניים,"ד""ר כהן חושן הלן","ז'בוטינסקי 3, רעננה",34.0,רעננה
2026-07-30 13:02:26.000000,2026-09-02 00:00:00,clalit,עיניים,"ד""ר רסקין איל","רמב''ם 1, הרצליה",34.0,הרצליה
2026-07-30 13:02:26.000000,2026-09-02 00:00:00,clalit,עיניים,"ד""ר בן ניסן דוד","ז'בוטינסקי 5, רעננה",34.0,רעננה
2026-07-30 13:02:26.000000,2026-09-03 00:00:00,clalit,עיניים,"ד""ר קוזלובסקי תום","נעמי שמר 15, חולון",35.0,חולון
2026-07-30 13:02:26.000000,2026-09-03 00:00:00,clalit,עיניים,"ד""ר אייזנשטט פבל","רמב''ם 1, הרצליה",35.0,הרצליה
2026-07-30 13:02:26.000000,2026-09-04 00:00:00,clalit,עיניים,"רופא בי""ח 1","נעמי שמר 15, חולון",36.0,חולון
2026-07-30 13:02:26.000000,2026-09-06 00:00:00,clalit,עיניים,"ד""ר פיינברג גלעד","נעמי שמר 15, חולון",38.0,חולון
2026-07-30 13:02:26.000000,2026-09-07 00:00:00,clalit,עיניים,"ד""ר חנני רון","דרך יצחק רבין 53, גבעתיים",39.0,גבעתיים
2026-07-30 13:02:26.000000,2026-09-07 00:00:00,clalit,עיניים,"ד""ר זיידנוובר פינש דוריאן א","הפועל 22, הרצליה",39.0,הרצליה
2026-07-30 13:02:26.000000,2026-09-08 00:00:00,clalit,עיניים,"ד""ר בור ורדית","המלאכה 23, רמת השרון",40.0,רמת השרון
2026-07-30 13:02:26.000000,2026-09-09 00:00:00,clalit,עיניים,"ד""ר נחום עדי יהוד","דוד אלעזר 12, חולון",41.0,חולון
2026-07-30 13:02:26.000000,2026-09-09 00:00:00,clalit,עיניים,"ד""ר דג'נוב רומיק","חיים עוזר 4, פתח תקווה",41.0,פתח תקווה
2026-07-30 13:02:26.000000,2026-09-10 00:00:00,clalit,עיניים,"ד""ר זיידנוובר פינש דוריאן א","דרך יצחק רבין 53, גבעתיים",42.0,גבעתיים
2026-07-30 13:02:27.000000,2026-09-14 00:00:00,clalit,עיניים,"ד""ר ברסטיז'בסקי סבטלנה","רפאל איתן 4, חולון",46.0,חולון
2026-07-30 13:02:27.000000,2026-09-15 00:00:00,clalit,עיניים,"ד""ר בן שלוש שרגה סימונט","רמב''ם 1, הרצליה",47.0,הרצליה
2026-07-30 13:02:27.000000,2026-09-16 00:00:00,clalit,עיניים,"ד""ר רסקין מילחמן טטיאנה","דרך יצחק רבין 53, גבעתיים",48.0,גבעתיים
2026-07-30 13:02:27.000000,2026-09-22 00:00:00,clalit,עיניים,"ד""ר לוי יחזקאל","דרך בן גוריון 13, בני ברק",54.0,בני ברק
2026-07-30 13:02:27.000000,2026-09-23 00:00:00,clalit,עיניים,"ד""ר פרמן-עטר גילת מאי","דרך בן גוריון 13, בני ברק",55.0,בני ברק
2026-07-30 13:02:27.000000,2026-09-30 00:00:00,clalit,עיניים,"ד""ר שני לודמילה","אלכסנדר 2, רמת גן",62.0,רמת גן
2026-07-30 13:02:27.000000,2026-10-07 00:00:00,clalit,עיניים,"עיניים בי""ח","בן גוריון 43, כפר סבא",69.0,כפר סבא
2026-07-30 13:02:28.000000,2026-10-08 00:00:00,clalit,עיניים,"ד""ר ארבל איתמר","בן גוריון 43, כפר סבא",70.0,כפר סבא
2026-07-30 13:02:28.000000,2026-10-08 00:00:00,clalit,עיניים,"ד""ר צונץ ערן יצחק","התקווה 18, רעננה",70.0,רעננה
2026-07-30 13:02:28.000000,2026-10-11 00:00:00,clalit,עיניים,"ד""ר ספיר מרגריטה","בן גוריון 43, כפר סבא",73.0,כפר סבא
2026-07-30 13:02:28.000000,2026-10-11 00:00:00,clalit,עיניים,"ד""ר צרפתי דרורה","התקווה 18, רעננה",73.0,רעננה
2026-07-30 13:02:28.000000,2026-10-23 00:00:00,clalit,עיניים,"ד""ר ותד מוחמד","בן גוריון 43, כפר סבא",85.0,כפר סבא
2026-07-30 13:02:28.000000,2026-10-25 00:00:00,clalit,עיניים,"ד""ר יוגב מורין","בן גוריון 43, כפר סבא",87.0,כפר סבא
2026-07-30 13:02:28.000000,,clalit,עיניים,"ד""ר צסלר מריה","נעמי שמר 15, חולון",,חולון
2026-07-30 13:02:30.000000,,clalit,עיניים,"ד""ר שבדרון אלפרד אפ","נעמי שמר 15, חולון",,חולון
2026-07-30 13:02:30.000000,,clalit,עיניים,"ד""ר בן שלוש שרגה סימונט","בן גוריון 43, כפר סבא",,כפר סבא
2026-07-30 13:02:30.000000,,clalit,עיניים,"ד""ר הדר נתלי","הפועל 22, הרצליה",,הרצליה
2026-07-30 13:02:31.000000,2026-08-06 00:00:00,clalit,א.א.ג-לרינגוסקופיה_פ,"ד""ר לסקר אילנה","אבן גבירול 124, תל אביב יפו",7.0,תל אביב יפו
2026-07-30 13:02:31.000000,2026-09-01 00:00:00,clalit,יועץ א.א.ג.,"ד""ר חיימוף משה","אבן גבירול 124, תל אביב יפו",33.0,תל אביב יפו
2026-07-30 13:02:31.000000,2026-08-03 00:00:00,clalit,א.א.ג-לרינגוסקופיה_פ,"ד""ר שבתאי דניאל","נעמי שמר 15, חולון",4.0,חולון
2026-07-30 13:02:31.000000,2026-08-12 00:00:00,clalit,א.א.ג-לרינגוסקופיה_פ,"רופאים ב'""ח שיבא","דרך בן גוריון 13, בני ברק",13.0,בני ברק
2026-07-30 13:02:31.000000,2026-08-16 00:00:00,clalit,א.א.ג-לרינגוסקופיה_פ,"ד""ר אלגרט קטיה","דרך בן גוריון 13, בני ברק",17.0,בני ברק
2026-07-30 13:02:31.000000,2026-08-18 00:00:00,clalit,א.א.ג-לרינגוסקופיה_פ,"רופא בי""ח","רמב''ם 1, הרצליה",19.0,הרצליה
2026-07-30 13:02:31.000000,2026-08-19 00:00:00,clalit,א.א.ג-לרינגוסקופיה_פ,"ד""ר שיבצקי שקד","דרך זאב ז'בוטינסקי 105, רמת גן",20.0,רמת גן
2026-07-30 13:02:32.000000,2026-08-23 00:00:00,clalit,א.א.ג-לרינגוסקופיה_פ,"ד""ר קגן טטיאנה","התקווה 18, רעננה",24.0,רעננה
2026-07-30 13:02:32.000000,2026-08-31 00:00:00,clalit,א.א.ג-לרינגוסקופיה_פ,"ד""ר פרגר אירינה","רמב''ם 1, הרצליה",32.0,הרצליה
2026-07-30 13:02:32.000000,2026-09-06 00:00:00,clalit,א.א.ג-לרינגוסקופיה_פ,"ד""ר גדרון מורן","דרך בן גוריון 13, בני ברק",38.0,בני ברק
2026-07-30 13:02:32.000000,2026-09-09 00:00:00,clalit,א.א.ג-לרינגוסקופיה_פ,"ד""ר מנסור אנואר","רמב''ם 1, הרצליה",41.0,הרצליה
2026-07-30 13:02:32.000000,2026-09-15 00:00:00,clalit,א.א.ג-לרינגוסקופיה_פ,"ד""ר נוימן אורי פנח","דרך בן גוריון 13, בני ברק",47.0,בני ברק
2026-07-30 13:02:32.000000,2026-09-17 00:00:00,clalit,א.א.ג-לרינגוסקופיה_פ,"ד""ר יואכימס זהר","רמב''ם 1, הרצליה",49.0,הרצליה
2026-07-30 13:02:32.000000,2026-10-07 00:00:00,clalit,א.א.ג-לרינגוסקופיה_פ,"ד""ר זילבר ברקוביץ דרורית","בן גוריון 43, כפר סבא",69.0,כפר סבא
2026-07-30 13:02:33.000000,,clalit,א.א.ג-לרינגוסקופיה_פ,"ד""ר פיצ'חדזה ילנה","דרך בן גוריון 13, בני ברק",,בני ברק
2026-07-30 13:02:35.000000,2026-07-30 00:00:00,clalit,ליווי הריון-אחות,ארדוט תהילה,"נירים 3, תל אביב יפו",0.0,תל אביב יפו
2026-07-30 13:02:35.000000,2026-08-02 00:00:00,clalit,ליווי הריון-אחות,גונן רונית,"דרך שלמה 43, תל אביב יפו",3.0,תל אביב יפו
2026-07-30 13:02:35.000000,2026-08-04 00:00:00,clalit,ליווי הריון-אחות,כהנא פראדי,"אבא אחימאיר 18, תל אביב יפו",5.0,תל אביב יפו
2026-07-30 13:02:35.000000,2026-08-05 00:00:00,clalit,ליווי הריון-אחות,מינקוב שולמית,"נירים 3, תל אביב יפו",6.0,תל אביב יפו
2026-07-30 13:02:35.000000,2026-08-09 00:00:00,clalit,ליווי הריון-אחות,לייציק אנה,"אבא אחימאיר 18, תל אביב יפו",10.0,תל אביב יפו
2026-07-30 13:02:35.000000,2026-08-10 00:00:00,clalit,ליווי הריון-אחות,אחאי אתי,"אבא אחימאיר 18, תל אביב יפו",11.0,תל אביב יפו
2026-07-30 13:02:35.000000,2026-08-10 00:00:00,clalit,ליווי הריון-אחות,חזקיה אריאל,"אבא אחימאיר 18, תל אביב יפו",11.0,תל אביב יפו
2026-07-30 13:02:36.000000,2026-08-10 00:00:00,clalit,ליווי הריון-אחות,גולן הדרי דיתה,"אבא אחימאיר 18, תל אביב יפו",11.0,תל אביב יפו
2026-07-30 13:02:36.000000,2026-08-11 00:00:00,clalit,ליווי הריון-אחות,מלכה מור,"אבא אחימאיר 18, תל אביב יפו",12.0,תל אביב יפו
2026-07-30 13:02:36.000000,2026-08-11 00:00:00,clalit,ליווי הריון-אחות,זורע עדי,"אבא אחימאיר 18, תל אביב יפו",12.0,תל אביב יפו
2026-07-30 13:02:36.000000,2026-08-12 00:00:00,clalit,ליווי הריון-אחות,צורן סתיו,"אבא אחימאיר 18, תל אביב יפו",13.0,תל אביב יפו
2026-07-30 13:02:36.000000,2026-08-13 00:00:00,clalit,ליווי הריון-אחות,פסח אלנה,"נירים 3, תל אביב יפו",14.0,תל אביב יפו
2026-07-30 13:02:36.000000,2026-08-16 00:00:00,clalit,ליווי הריון-אחות,ליוכטר  ילנה,"אבא אחימאיר 18, תל אביב יפו",17.0,תל אביב יפו
2026-07-30 13:02:36.000000,2026-08-16 00:00:00,clalit,ליווי הריון-אחות,לסטר אלכסנדרה,"אבא אחימאיר 18, תל אביב יפו",17.0,תל אביב יפו
2026-07-30 13:02:36.000000,2026-08-18 00:00:00,clalit,ליווי הריון-אחות,ריאר לנה,"נירים 3, תל אביב יפו",19.0,תל אביב יפו
2026-07-30 13:02:36.000000,2026-08-26 00:00:00,clalit,ליווי הריון-אחות,קורלנדר הילה,"אבא אחימאיר 18, תל אביב יפו",27.0,תל אביב יפו
2026-07-30 13:02:36.000000,2026-08-30 00:00:00,clalit,ליווי הריון-אחות,בורוכוב(יסחקוב)מלכה,"נירים 3, תל אביב יפו",31.0,תל אביב יפו
2026-07-30 13:02:36.000000,2026-09-03 00:00:00,clalit,ליווי הריון-אחות,אפל גילי,"אבא אחימאיר 18, תל אביב יפו",35.0,תל אביב יפו
2026-07-30 13:02:36.000000,2026-08-02 00:00:00,clalit,ליווי הריון-אחות,ויצמן רוני,"דרך בן גוריון 13, בני ברק",3.0,בני ברק
2026-07-30 13:02:36.000000,2026-08-03 00:00:00,clalit,ליווי הריון-אחות,ישקביץ טלי,"אריק איינשטיין 1, בת ים",4.0,בת ים
2026-07-30 13:02:36.000000,2026-08-03 00:00:00,clalit,ליווי הריון-אחות,ז'בלקוב טל רינת,"דרך בן גוריון 13, בני ברק",4.0,בני ברק
2026-07-30 13:02:37.000000,2026-08-03 00:00:00,clalit,ליווי הריון-אחות,גרשונוביץ איריס אתי,"דרך בן גוריון 13, בני ברק",4.0,בני ברק
2026-07-30 13:02:37.000000,2026-08-03 00:00:00,clalit,ליווי הריון-אחות,רונית ברטמן,"בן גוריון 22, הרצליה",4.0,הרצליה
2026-07-30 13:02:37.000000,2026-08-04 00:00:00,clalit,ליווי הריון-אחות,סגמן מיטל,"דרך בן גוריון 13, בני ברק",5.0,בני ברק
2026-07-30 13:02:37.000000,2026-08-04 00:00:00,clalit,ליווי הריון-אחות,אפרת צור,"כיכר רמב''ם, עמנואל",5.0,עמנואל
2026-07-30 13:02:37.000000,2026-08-05 00:00:00,clalit,ליווי הריון-אחות,רויטל אויריו,"בן גוריון 22, הרצליה",6.0,הרצליה
2026-07-30 13:02:37.000000,2026-08-05 00:00:00,clalit,ליווי הריון-אחות,פקמן אירינה,"בן גוריון 22, הרצליה",6.0,הרצליה
2026-07-30 13:02:37.000000,2026-08-05 00:00:00,clalit,ליווי הריון-אחות,שרית ניב,"בן גוריון 22, הרצליה",6.0,הרצליה
2026-07-30 13:02:38.000000,2026-08-09 00:00:00,clalit,ליווי הריון-אחות,קליין גילה,"אריק איינשטיין 1, בת ים",10.0,בת ים
2026-07-30 13:02:38.000000,2026-08-24 00:00:00,clalit,ליווי הריון-אחות,אוסנת גולדמן,"גלבוע 118, אלפי מנשה",25.0,אלפי מנשה
2026-07-30 13:02:38.000000,2026-08-31 00:00:00,clalit,ליווי הריון-אחות,דדי תמי,"רפאל איתן 4, חולון",32.0,חולון
2026-07-30 13:02:38.000000,2026-09-06 00:00:00,clalit,ליווי הריון-אחות,גורגוב דינה,"רפאל איתן 4, חולון",38.0,חולון
2026-07-30 13:02:38.000000,2026-09-10 00:00:00,clalit,ליווי הריון-אחות,לירן גרינפלד,"וייצמן 83, כפר סבא",42.0,כפר סבא
2026-07-30 13:02:38.000000,2026-09-20 00:00:00,clalit,ליווי הריון-אחות,לי שקד וולמוט,"וייצמן 83, כפר סבא",52.0,כפר סבא
2026-07-30 13:02:38.000000,,clalit,ליווי הריון-אחות,תמר דטלקרמר,"וייצמן 83, כפר סבא",,כפר סבא
2026-07-30 13:02:40.000000,2026-11-04 00:00:00,clalit,בדיקה גנטית - סרטן ש,בר-תור תורגמן רוזאל,"דרך בן גוריון 13, בני ברק",97.0,בני ברק
2026-07-30 13:02:43.000000,2026-08-12 00:00:00,clalit,חיסון קורונה )XBB1.5,חיסון קורונה,"אבן גבירול 124, תל אביב יפו",13.0,תל אביב יפו
2026-07-30 13:02:43.000000,,clalit,חיסון קורונה )XBB1.5,חיסון קורונה,"בן גוריון 43, כפר סבא",,כפר סבא
2026-07-30 13:02:43.000000,,clalit,ייעוץ רפואת טרנס בוו,"ד""ר וגנר קולסקו גל",תל אביב יפו,,תל אביב יפו
2026-07-30 13:02:44.000000,2026-08-11 00:00:00,clalit,"ייעוץ רפואת להט""ב בו","ד""ר לב אנה",תל אביב יפו,12.0,תל אביב יפו
2026-07-30 13:02:44.000000,2026-08-18 00:00:00,clalit,"ייעוץ רפואת להט""ב בו","ד""ר בן-קורט אולגה",תל אביב יפו,19.0,תל אביב יפו
2026-07-30 13:02:46.000000,2026-07-30 00:00:00,clalit,ייעוץ PREP,"ד""ר בן-קורט אולגה",תל אביב יפו,0.0,תל אביב יפו
2026-07-30 13:02:46.000000,2026-09-13 00:00:00,clalit,ייעוץ PREP,"ד""ר חסיד בועז",תל אביב יפו,45.0,תל אביב יפו
2026-07-30 13:02:47.000000,2026-08-03 00:00:00,clalit,אחות יועצת הנקה,חג יחיא הדיל,"א תופאח, טירה",4.0,טירה
2026-07-30 13:02:47.000000,2026-08-03 00:00:00,clalit,אחות יועצת הנקה,אסתי רעי,"רפפורט 3, כפר סבא",4.0,כפר סבא
2026-07-30 13:02:47.000000,2026-08-05 00:00:00,clalit,אחות יועצת הנקה,ליז ארבל,"סשה ארגוב 23, רעננה",6.0,רעננה
2026-07-30 13:02:47.000000,2026-08-05 00:00:00,clalit,אחות יועצת הנקה,אפרת צור,"כיכר רמב''ם, עמנואל",6.0,עמנואל
2026-07-30 13:02:47.000000,2026-08-06 00:00:00,clalit,אחות יועצת הנקה,יערית רביב,"סשה ארגוב 23, רעננה",7.0,רעננה
2026-07-30 13:02:47.000000,2026-08-09 00:00:00,clalit,אחות יועצת הנקה,פירמנוב אנה,"הגליל 5, כפר סבא",10.0,כפר סבא
2026-07-30 13:02:47.000000,2026-08-11 00:00:00,clalit,אחות יועצת הנקה,עמרם שירה,"מוריה 31, רמת השרון",12.0,רמת השרון
2026-07-30 13:02:48.000000,2026-08-12 00:00:00,clalit,אחות יועצת הנקה,מייבר טיירי אביגד,"רפפורט 3, כפר סבא",13.0,כפר סבא
2026-07-30 13:02:48.000000,2026-08-17 00:00:00,clalit,אחות יועצת הנקה,חנה רייסקי גרנות,"סשה ארגוב 23, רעננה",18.0,רעננה
2026-07-30 13:02:48.000000,2026-09-11 00:00:00,clalit,אחות יועצת הנקה,רוית לביא,"סשה ארגוב 23, רעננה",43.0,רעננה
2026-07-30 13:02:49.000000,2026-08-13 00:00:00,clalit,יעוץ וחיסונים למטיילים,,"אבא אחימאיר 18, תל אביב יפו",14.0,תל אביב יפו
2026-07-30 13:02:49.000000,2026-07-30 00:00:00,clalit,יעוץ וחיסונים למטיילים,,"שדרות נים 2, ראשון לציון",0.0,ראשון לציון
2026-07-30 13:02:49.000000,2026-08-02 00:00:00,clalit,תכנית מטיילים/חיסוני,"מרפאת מטייל מאיר כ""","טשרניחובסקי, כפר סבא",3.0,כפר סבא
2026-07-30 13:02:49.000000,2026-08-09 00:00:00,clalit,יעוץ וחיסונים למטיילים,,"דרך זאב ז'בוטינסקי 7, בני ברק",10.0,בני ברק
2026-07-30 13:02:49.000000,2026-08-11 00:00:00,clalit,יעוץ וחיסונים למטיילים,,"הנדיב 71, הרצליה",12.0,הרצליה
2026-07-30 13:02:51.000000,2026-08-05 00:00:00,clalit,כירורגיה שד,"ד""ר בלומברג יונתן","אבן גבירול 124, תל אביב יפו",6.0,תל אביב יפו
2026-07-30 13:02:51.000000,2026-08-25 00:00:00,clalit,כירורגיה שד,"ד""ר עוויסאת הייתם","התקומה 23, תל אביב יפו",26.0,תל אביב יפו
2026-07-30 13:02:51.000000,2026-09-14 00:00:00,clalit,כירורגיה שד,"ד""ר גולדנפרב פבל","אבן גבירול 124, תל אביב יפו",46.0,תל אביב יפו
2026-07-30 13:02:51.000000,2026-09-14 00:00:00,clalit,כירורגיה שד,"ד""ר ברד ויאצ'סלב","אבן גבירול 124, תל אביב יפו",46.0,תל אביב יפו
2026-07-30 13:02:51.000000,2026-09-16 00:00:00,clalit,כירורגיה שד,"ד""ר וינר נעם","אבן גבירול 124, תל אביב יפו",48.0,תל אביב יפו
2026-07-30 13:02:51.000000,2026-10-04 00:00:00,clalit,כירורגיה שד,"רופא בי""ח כירור' שד","אבן גבירול 124, תל אביב יפו",66.0,תל אביב יפו
2026-07-30 13:02:52.000000,2026-10-13 00:00:00,clalit,כירורגיה שד,"ד""ר ברנבוים אלכס","אבן גבירול 124, תל אביב יפו",75.0,תל אביב יפו
2026-07-30 13:02:52.000000,,clalit,כירורגיה שד,"ד""ר בן דוד נדב","אבן גבירול 124, תל אביב יפו",,תל אביב יפו
2026-07-30 13:02:52.000000,2026-08-04 00:00:00,clalit,כירורגיה שד,כירורג ב.השרון-2,"הרצל 34, רמת גן",5.0,רמת גן
2026-07-30 13:02:52.000000,2026-09-01 00:00:00,clalit,כירורגיה שד,"ד""ר ספרוב ולרי","הרב ניסנבאום 33, בת ים",33.0,בת ים
2026-07-30 13:02:52.000000,2026-09-06 00:00:00,clalit,כירורגיה שד,"ד""ר סטריגין סרגיי","הרב ניסנבאום 33, בת ים",38.0,בת ים
2026-07-30 13:02:52.000000,2026-09-06 00:00:00,clalit,כירורגיה שד,"ד""ר חוטריאנסקי מיכאיל","הרב ניסנבאום 33, בת ים",38.0,בת ים
2026-07-30 13:02:52.000000,2026-09-11 00:00:00,clalit,כירורגיה שד,"ד""ר בן דוד נדב","חיים וייצמן 25, אזור",43.0,אזור
2026-07-30 13:02:54.000000,2026-09-15 00:00:00,clalit,כירורגיה שד,"ד""ר סטריגין סרגיי","נעמי שמר 15, חולון",47.0,חולון
2026-07-30 13:02:54.000000,2026-09-17 00:00:00,clalit,כירורגיה שד,"ד""ר לייבמן מיכאל","נעמי שמר 15, חולון",49.0,חולון
2026-07-30 13:02:54.000000,2026-09-20 00:00:00,clalit,כירורגיה שד,"ד""ר פרוטוס כריסטיאן","נעמי שמר 15, חולון",52.0,חולון
2026-07-30 13:02:54.000000,2026-10-01 00:00:00,clalit,כירורגיה שד,"ד""ר קמינסקי אולג","הרצל 34, רמת גן",63.0,רמת גן
2026-07-30 13:02:54.000000,2026-10-07 00:00:00,clalit,כירורגיה שד,"ד""ר שרמן יבגני","נעמי שמר 15, חולון",69.0,חולון
2026-07-30 13:02:54.000000,2026-10-15 00:00:00,clalit,כירורגיה שד,"ד""ר ריבקובסקי יבגני","הרצל 34, רמת גן",77.0,רמת גן
2026-07-30 13:02:54.000000,2026-10-18 00:00:00,clalit,כירורגיה שד,"ד""ר בן דוד נדב","נעמי שמר 15, חולון",80.0,חולון
2026-07-30 13:02:55.000000,2026-10-28 00:00:00,clalit,כירורגיה שד,"ד""ר כץ יאיר","רמב''ם 1, הרצליה",90.0,הרצליה
2026-07-30 13:02:55.000000,,clalit,כירורגיה שד,"ד""ר איטקין דינה","הרצל 34, רמת גן",,רמת גן
2026-07-30 13:02:55.000000,,clalit,כירורגיה שד,"ד""ר לוי נועה","עזרא 11, בני ברק",,בני ברק
2026-07-30 13:02:55.000000,,clalit,כירורגיה שד,"ד""ר יספקינה אולגה","חזון אי''ש 62, בני ברק",,בני ברק
2026-07-30 13:02:55.000000,,clalit,כירורגיה שד,"ד""ר בירנבוים יהודית","חזון אי''ש 62, בני ברק",,בני ברק
2026-07-30 13:02:55.000000,,clalit,כירורגיה שד,"ד""ר גייר אילת","דרך זאב ז'בוטינסקי 61, פתח תקווה",,פתח תקווה
2026-07-30 13:02:55.000000,,clalit,כירורגיה שד,"ד""ר בן ארי שפירא ענת","רמב''ם 1, הרצליה",,הרצליה
2026-07-30 13:02:56.000000,,clalit,כירורגיה שד,"ד""ר שיכמן סטניסלב","סשה ארגוב 23, רעננה",,רעננה
2026-07-30 13:02:56.000000,,clalit,כירורגיה שד,"ד""ר בר לב איל","רמב''ם 1, הרצליה",,הרצליה
2026-07-30 13:02:59.000000,2026-08-04 00:00:00,clalit,מיילדת מחודש ראשון,לורן ענבר,"שדרות רחבעם 1, קרני שומרון",5.0,קרני שומרון
2026-07-30 13:02:59.000000,2026-08-06 00:00:00,clalit,מיילדת מחודש ראשון,אילנית כהן,"חרושת 18, רמת השרון",7.0,רמת השרון
2026-07-30 13:02:59.000000,2026-09-08 00:00:00,clalit,מיילדת מחודש ראשון,מיכל פרס,"סשה ארגוב 23, רעננה",40.0,רעננה
2026-07-30 13:02:59.000000,2026-09-14 00:00:00,clalit,מיילדת מחודש ראשון,קרן גולדנברג נגר,"סשה ארגוב 23, רעננה",46.0,רעננה
2026-07-30 13:03:00.000000,2026-07-30 00:00:00,clalit,מעקב הריון-אחות,ארדוט תהילה,"נירים 3, תל אביב יפו",0.0,תל אביב יפו
2026-07-30 13:03:00.000000,2026-08-02 00:00:00,clalit,מעקב הריון-אחות,גונן רונית,"דרך שלמה 43, תל אביב יפו",3.0,תל אביב יפו
2026-07-30 13:03:00.000000,2026-08-04 00:00:00,clalit,מעקב הריון-אחות,כהנא פראדי,"אבא אחימאיר 18, תל אביב יפו",5.0,תל אביב יפו
2026-07-30 13:03:00.000000,2026-08-05 00:00:00,clalit,מעקב הריון-אחות,מינקוב שולמית,"נירים 3, תל אביב יפו",6.0,תל אביב יפו
2026-07-30 13:03:00.000000,2026-08-09 00:00:00,clalit,מעקב הריון-אחות,לייציק אנה,"אבא אחימאיר 18, תל אביב יפו",10.0,תל אביב יפו
2026-07-30 13:03:00.000000,2026-08-10 00:00:00,clalit,מעקב הריון-אחות,אחאי אתי,"אבא אחימאיר 18, תל אביב יפו",11.0,תל אביב יפו
2026-07-30 13:03:00.000000,2026-08-10 00:00:00,clalit,מעקב הריון-אחות,חזקיה אריאל,"אבא אחימאיר 18, תל אביב יפו",11.0,תל אביב יפו
2026-07-30 13:03:01.000000,2026-08-10 00:00:00,clalit,מעקב הריון-אחות,גולן הדרי דיתה,"אבא אחימאיר 18, תל אביב יפו",11.0,תל אביב יפו
2026-07-30 13:03:01.000000,2026-08-11 00:00:00,clalit,מעקב הריון-אחות,מלכה מור,"אבא אחימאיר 18, תל אביב יפו",12.0,תל אביב יפו
2026-07-30 13:03:01.000000,2026-08-11 00:00:00,clalit,מעקב הריון-אחות,זורע עדי,"אבא אחימאיר 18, תל אביב יפו",12.0,תל אביב יפו
2026-07-30 13:03:01.000000,2026-08-12 00:00:00,clalit,מעקב הריון-אחות,צורן סתיו,"אבא אחימאיר 18, תל אביב יפו",13.0,תל אביב יפו
2026-07-30 13:03:01.000000,2026-08-13 00:00:00,clalit,מעקב הריון-אחות,פסח אלנה,"נירים 3, תל אביב יפו",14.0,תל אביב יפו
2026-07-30 13:03:01.000000,2026-08-16 00:00:00,clalit,מעקב הריון-אחות,ליוכטר  ילנה,"אבא אחימאיר 18, תל אביב יפו",17.0,תל אביב יפו
2026-07-30 13:03:01.000000,2026-08-16 00:00:00,clalit,מעקב הריון-אחות,לסטר אלכסנדרה,"אבא אחימאיר 18, תל אביב יפו",17.0,תל אביב יפו
2026-07-30 13:03:02.000000,2026-08-18 00:00:00,clalit,מעקב הריון-אחות,ריאר לנה,"נירים 3, תל אביב יפו",19.0,תל אביב יפו
2026-07-30 13:03:02.000000,2026-08-26 00:00:00,clalit,מעקב הריון-אחות,קורלנדר הילה,"אבא אחימאיר 18, תל אביב יפו",27.0,תל אביב יפו
2026-07-30 13:03:02.000000,2026-08-30 00:00:00,clalit,מעקב הריון-אחות,בורוכוב(יסחקוב)מלכה,"נירים 3, תל אביב יפו",31.0,תל אביב יפו
2026-07-30 13:03:02.000000,2026-09-03 00:00:00,clalit,מעקב הריון-אחות,אפל גילי,"אבא אחימאיר 18, תל אביב יפו",35.0,תל אביב יפו
2026-07-30 13:03:02.000000,2026-08-02 00:00:00,clalit,מעקב הריון-אחות,דבי אפשטיין,"כיכר רמב''ם, עמנואל",3.0,עמנואל
2026-07-30 13:03:02.000000,2026-08-09 00:00:00,clalit,מעקב הריון-אחות,קליין גילה,"אריק איינשטיין 1, בת ים",10.0,בת ים
2026-07-30 13:03:02.000000,2026-08-26 00:00:00,clalit,מעקב הריון-אחות,יהודית גולדשטיין,"כיכר רמב''ם, עמנואל",27.0,עמנואל
2026-07-30 13:03:03.000000,2026-08-31 00:00:00,clalit,מעקב הריון-אחות,דדי תמי,"רפאל איתן 4, חולון",32.0,חולון
2026-07-30 13:03:03.000000,2026-09-06 00:00:00,clalit,מעקב הריון-אחות,גורגוב דינה,"רפאל איתן 4, חולון",38.0,חולון
2026-07-30 13:03:06.000000,2026-08-02 00:00:00,clalit,מעקב הריון-רופא,פרופ' לוי מיכל,"התקומה 23, תל אביב יפו",3.0,תל אביב יפו
2026-07-30 13:03:06.000000,2026-08-03 00:00:00,clalit,מעקב הריון-רופא,"ד""ר דקל איל","אבא אחימאיר 18, תל אביב יפו",4.0,תל אביב יפו
2026-07-30 13:03:06.000000,2026-08-03 00:00:00,clalit,מעקב הריון-רופא,"ד""ר וורחוב מירטה אי","אהרון בקר 8, תל אביב יפו",4.0,תל אביב יפו
2026-07-30 13:03:06.000000,2026-08-03 00:00:00,clalit,מעקב הריון-רופא,"ד""ר שילון מיכאל מי","אליהו ברלין 13, תל אביב יפו",4.0,תל אביב יפו
2026-07-30 13:03:06.000000,2026-08-03 00:00:00,clalit,מעקב הריון-רופא,"ד""ר שילון מיכאל מי","שדרות יהודית 18, תל אביב יפו",4.0,תל אביב יפו
2026-07-30 13:03:06.000000,2026-08-04 00:00:00,clalit,מעקב הריון-רופא,"ד""ר שילון מיכאל מי","אחד העם 9, תל אביב יפו",5.0,תל אביב יפו
2026-07-30 13:03:06.000000,2026-08-06 00:00:00,clalit,מעקב הריון-רופא,"ד""ר גולד רונן שמו","אבא אחימאיר 18, תל אביב יפו",7.0,תל אביב יפו
2026-07-30 13:03:07.000000,2026-08-10 00:00:00,clalit,מעקב הריון-רופא,"ד""ר נול שמואל","אמסטרדם 9, תל אביב יפו",11.0,תל אביב יפו
2026-07-30 13:03:07.000000,2026-08-12 00:00:00,clalit,מעקב הריון-רופא,פרופ' לוריא שמואל,"אבא אחימאיר 18, תל אביב יפו",13.0,תל אביב יפו
2026-07-30 13:03:07.000000,2026-08-13 00:00:00,clalit,מעקב הריון-רופא,"ד""ר סיגל יעקב","אריסטובולוס 2, תל אביב יפו",14.0,תל אביב יפו
2026-07-30 13:03:07.000000,2026-08-19 00:00:00,clalit,מעקב הריון-רופא,"ד""ר בוצן אמנון","אבא אחימאיר 18, תל אביב יפו",20.0,תל אביב יפו
2026-07-30 13:03:07.000000,2026-08-20 00:00:00,clalit,מעקב הריון-רופא,"ד""ר גרוס לוטם","מקור חיים 35, תל אביב יפו",21.0,תל אביב יפו
2026-07-30 13:03:07.000000,2026-08-20 00:00:00,clalit,מעקב הריון-רופא,"ד""ר אלדר עידו","אבא אחימאיר 18, תל אביב יפו",21.0,תל אביב יפו
2026-07-30 13:03:07.000000,2026-08-20 00:00:00,clalit,מעקב הריון-רופא,"ד""ר ירושלמי גיל מרדכ","אהרון בקר 8, תל אביב יפו",21.0,תל אביב יפו
2026-07-30 13:03:08.000000,2026-08-25 00:00:00,clalit,מעקב הריון-רופא,"ד""ר טמאיב ליליה","מקור חיים 35, תל אביב יפו",26.0,תל אביב יפו
2026-07-30 13:03:08.000000,2026-08-25 00:00:00,clalit,מעקב הריון-רופא,"ד""ר ארליך אורי","אבא אחימאיר 18, תל אביב יפו",26.0,תל אביב יפו
2026-07-30 13:03:08.000000,2026-08-25 00:00:00,clalit,מעקב הריון-רופא,"ד""ר טיירי דניאל","דרך שלמה 43, תל אביב יפו",26.0,תל אביב יפו
2026-07-30 13:03:08.000000,2026-08-25 00:00:00,clalit,מעקב הריון-רופא,"ד""ר גרינברג נירית","הצנחנים 20, תל אביב יפו",26.0,תל אביב יפו
2026-07-30 13:03:08.000000,2026-08-26 00:00:00,clalit,מעקב הריון-רופא,"ד""ר כהנא חגית","נירים 3, תל אביב יפו",27.0,תל אביב יפו
2026-07-30 13:03:08.000000,2026-08-26 00:00:00,clalit,מעקב הריון-רופא,"ד""ר טמאיב ליליה","שקד 11, תל אביב יפו",27.0,תל אביב יפו
2026-07-30 13:03:08.000000,2026-08-31 00:00:00,clalit,מעקב הריון-רופא,"ד""ר אלופי נעים ענת","נירים 3, תל אביב יפו",32.0,תל אביב יפו
2026-07-30 13:03:09.000000,2026-09-01 00:00:00,clalit,מעקב הריון-רופא,"ד""ר קרסיק שפלטר מריולה מ","התקומה 23, תל אביב יפו",33.0,תל אביב יפו
2026-07-30 13:03:09.000000,2026-09-01 00:00:00,clalit,מעקב הריון-רופא,"ד""ר מור עומר","אבא אחימאיר 18, תל אביב יפו",33.0,תל אביב יפו
2026-07-30 13:03:09.000000,2026-09-04 00:00:00,clalit,מעקב הריון-רופא,"ד""ר אהרוני פינחס","נירים 3, תל אביב יפו",36.0,תל אביב יפו
2026-07-30 13:03:09.000000,2026-09-06 00:00:00,clalit,מעקב הריון-רופא,"ד""ר זילברברג ערן","אבא אחימאיר 18, תל אביב יפו",38.0,תל אביב יפו
2026-07-30 13:03:09.000000,2026-09-07 00:00:00,clalit,מעקב הריון-רופא,"ד""ר לייבוביץ דיאמנ הילה","אבא אחימאיר 18, תל אביב יפו",39.0,תל אביב יפו
2026-07-30 13:03:09.000000,2026-09-09 00:00:00,clalit,מעקב הריון-רופא,"ד""ר ברקת יונתן חי","נירים 3, תל אביב יפו",41.0,תל אביב יפו
2026-07-30 13:03:09.000000,2026-10-06 00:00:00,clalit,מעקב הריון-רופא,"ד""ר גרינברג נירית","אבא אחימאיר 18, תל אביב יפו",68.0,תל אביב יפו
2026-07-30 13:03:10.000000,2026-10-06 00:00:00,clalit,מעקב הריון-רופא,"ד""ר גונן נעה","נירים 3, תל אביב יפו",68.0,תל אביב יפו
2026-07-30 13:03:10.000000,2026-10-06 00:00:00,clalit,מעקב הריון-רופא,"ד""ר רוסליק ילנה","נירים 3, תל אביב יפו",68.0,תל אביב יפו
2026-07-30 13:03:10.000000,2026-10-06 00:00:00,clalit,מעקב הריון-רופא,"ד""ר רז יעל","ירושלמי 11, תל אביב יפו",68.0,תל אביב יפו
2026-07-30 13:03:10.000000,2026-10-15 00:00:00,clalit,מעקב הריון-רופא,"ד""ר פראג רוזנברג רוני","אבא אחימאיר 18, תל אביב יפו",77.0,תל אביב יפו
2026-07-30 13:03:10.000000,2026-10-18 00:00:00,clalit,מעקב הריון-רופא,"ד""ר זהבי צבי","אבא אחימאיר 18, תל אביב יפו",80.0,תל אביב יפו
2026-07-30 13:03:10.000000,2026-10-20 00:00:00,clalit,מעקב הריון-רופא,"ד""ר אקדם אמיר","אבא אחימאיר 18, תל אביב יפו",82.0,תל אביב יפו
2026-07-30 13:03:10.000000,2026-10-28 00:00:00,clalit,מעקב הריון-רופא,"ד""ר טורם מאיה","נירים 3, תל אביב יפו",90.0,תל אביב יפו
2026-07-30 13:03:11.000000,,clalit,מעקב הריון-רופא,"ד""ר כץ עדי","אבא אחימאיר 18, תל אביב יפו",,תל אביב יפו
2026-07-30 13:03:11.000000,,clalit,מעקב הריון-רופא,"ד""ר אמסטר ראובן","אבא אחימאיר 18, תל אביב יפו",,תל אביב יפו
2026-07-30 13:03:11.000000,,clalit,מעקב הריון-רופא,"ד""ר סולימה אלדר ויקי","אבא אחימאיר 18, תל אביב יפו",,תל אביב יפו
2026-07-30 13:03:11.000000,2026-07-30 00:00:00,clalit,מעקב הריון-רופא,"ד""ר פרוסמושקין רימה","וייצמן 83, כפר סבא",0.0,כפר סבא
2026-07-30 13:03:11.000000,2026-07-30 00:00:00,clalit,מעקב הריון-רופא,"ד""ר שריג מנחם יצח","וייצמן 83, כפר סבא",0.0,כפר סבא
2026-07-30 13:03:11.000000,2026-08-02 00:00:00,clalit,מעקב הריון-רופא,"ד""ר גינגולד אריה","חזון אי''ש 62, בני ברק",3.0,בני ברק
2026-07-30 13:03:11.000000,2026-08-03 00:00:00,clalit,מעקב הריון-רופא,"רופ.בי""ח מעייני היש","חזון אי''ש 62, בני ברק",4.0,בני ברק
2026-07-30 13:03:12.000000,2026-08-03 00:00:00,clalit,מעקב הריון-רופא,"ד""ר גינגולד אריה","דרך זאב ז'בוטינסקי 105, רמת גן",4.0,רמת גן
2026-07-30 13:03:12.000000,2026-08-04 00:00:00,clalit,מעקב הריון-רופא,"ד""ר חיימוב מיכאל","חיים וייצמן 25, אזור",5.0,אזור
2026-07-30 13:03:12.000000,2026-08-04 00:00:00,clalit,מעקב הריון-רופא,"ד""ר חייטוב מיכאל","רבי עקיבא 83, בני ברק",5.0,בני ברק
2026-07-30 13:03:12.000000,2026-08-04 00:00:00,clalit,מעקב הריון-רופא,"ד""ר ברומיקר פריימן תלמה גרס","וייצמן 83, כפר סבא",5.0,כפר סבא
2026-07-30 13:03:12.000000,2026-08-04 00:00:00,clalit,מעקב הריון-רופא,"ד""ר חייקין אלכסנדר","גלבוע 118, אלפי מנשה",5.0,אלפי מנשה
2026-07-30 13:03:12.000000,2026-08-05 00:00:00,clalit,מעקב הריון-רופא,"ד""ר ברומיקר פריימן תלמה גרס","סשה ארגוב 23, רעננה",6.0,רעננה
2026-07-30 13:03:12.000000,2026-08-06 00:00:00,clalit,מעקב הריון-רופא,נשים איכילוב-שפרילנ,"המכבים 75, בני ברק",7.0,בני ברק
2026-07-30 13:03:13.000000,2026-08-09 00:00:00,clalit,מעקב הריון-רופא,"ד""ר פורוטקוב נטליה","שדרות רחבעם 1, קרני שומרון",10.0,קרני שומרון
2026-07-30 13:03:13.000000,2026-08-11 00:00:00,clalit,מעקב הריון-רופא,"ד""ר וייצנר עומר","בן גוריון 22, הרצליה",12.0,הרצליה
2026-07-30 13:03:13.000000,2026-08-11 00:00:00,clalit,מעקב הריון-רופא,"ד""ר מישל אמיר","הנשר 1, רעננה",12.0,רעננה
2026-07-30 13:03:13.000000,2026-08-12 00:00:00,clalit,מעקב הריון-רופא,"ד""ר קוך מיכל זאב",טירה,13.0,טירה
2026-07-30 13:03:13.000000,2026-08-12 00:00:00,clalit,מעקב הריון-רופא,"ד""ר גדעוני יריב שלמ","רפפורט 3, כפר סבא",13.0,כפר סבא
2026-07-30 13:03:13.000000,2026-08-12 00:00:00,clalit,מעקב הריון-רופא,"ד""ר חנוך יוסף","סשה ארגוב 23, רעננה",13.0,רעננה
2026-07-30 13:03:13.000000,2026-08-12 00:00:00,clalit,מעקב הריון-רופא,"ד""ר פורוטקוב נטליה","כיכר רמב''ם, עמנואל",13.0,עמנואל
2026-07-30 13:03:14.000000,2026-08-13 00:00:00,clalit,מעקב הריון-רופא,"ד""ר מסארוה אלנה לקר",טירה,14.0,טירה
2026-07-30 13:03:14.000000,2026-08-13 00:00:00,clalit,מעקב הריון-רופא,"ד""ר וייצנר עומר","וייצמן 83, כפר סבא",14.0,כפר סבא
2026-07-30 13:03:14.000000,2026-08-14 00:00:00,clalit,מעקב הריון-רופא,"ד""ר גרטנר ונטמן ברנרד","וייצמן 83, כפר סבא",15.0,כפר סבא
2026-07-30 13:03:14.000000,2026-08-16 00:00:00,clalit,מעקב הריון-רופא,"ד""ר אוהבה ג'ונתן ס","שדרות מנחם בגין 38, גבעת שמואל",17.0,גבעת שמואל
2026-07-30 13:03:14.000000,2026-08-16 00:00:00,clalit,מעקב הריון-רופא,"ד""ר חייקין אלכסנדר","וייצמן 83, כפר סבא",17.0,כפר סבא
2026-07-30 13:03:14.000000,2026-08-17 00:00:00,clalit,מעקב הריון-רופא,"ד""ר גולד עירן","אריק איינשטיין 1, בת ים",18.0,בת ים
2026-07-30 13:03:14.000000,2026-08-18 00:00:00,clalit,מעקב הריון-רופא,"ד""ר נול שמואל","אריק איינשטיין 1, בת ים",19.0,בת ים
2026-07-30 13:03:14.000000,2026-08-18 00:00:00,clalit,מעקב הריון-רופא,"ד""ר גינגולד אריה","דרך יצחק רבין 53, גבעתיים",19.0,גבעתיים
2026-07-30 13:03:14.000000,2026-08-19 00:00:00,clalit,מעקב הריון-רופא,"ד""ר רביב אשרת","שדרות רחבעם 1, קרני שומרון",20.0,קרני שומרון
2026-07-30 13:03:14.000000,2026-08-19 00:00:00,clalit,מעקב הריון-רופא,"ד""ר פורוטקוב נטליה","יהלום 17, קדומים",20.0,קדומים
2026-07-30 13:03:14.000000,2026-08-20 00:00:00,clalit,מעקב הריון-רופא,"ד""ר טיירי דניאל","אריק איינשטיין 1, בת ים",21.0,בת ים
2026-07-30 13:03:14.000000,2026-08-20 00:00:00,clalit,מעקב הריון-רופא,"ד""ר ויינשטיין סופיה","בן גוריון 22, הרצליה",21.0,הרצליה
2026-07-30 13:03:14.000000,2026-08-23 00:00:00,clalit,מעקב הריון-רופא,"ד""ר קולודיזנר טטיאנה","בן גוריון 22, הרצליה",24.0,הרצליה
2026-07-30 13:03:14.000000,2026-08-24 00:00:00,clalit,מעקב הריון-רופא,"ד""ר אליגר נלי","רפאל איתן 4, חולון",25.0,חולון
2026-07-30 13:03:15.000000,2026-08-25 00:00:00,clalit,מעקב הריון-רופא,"ד""ר שרפוב טטיאנה","בזלת 7, כוכב יאיר",26.0,כוכב יאיר
2026-07-30 13:03:15.000000,2026-08-31 00:00:00,clalit,מעקב הריון-רופא,"ד""ר וולפרט אלדר","רפאל איתן 4, חולון",32.0,חולון
2026-07-30 13:03:15.000000,2026-08-31 00:00:00,clalit,מעקב הריון-רופא,פרופ' מזרחי יוסף,"רפאל איתן 4, חולון",32.0,חולון
2026-07-30 13:03:15.000000,2026-08-31 00:00:00,clalit,מעקב הריון-רופא,"ד""ר רונה שירן","רפאל איתן 4, חולון",32.0,חולון
2026-07-30 13:03:15.000000,2026-09-01 00:00:00,clalit,מעקב הריון-רופא,"ד""ר רוק מיכל","רפאל איתן 4, חולון",33.0,חולון
2026-07-30 13:03:15.000000,2026-09-01 00:00:00,clalit,מעקב הריון-רופא,"ד""ר זלוטניקובה יוליה","דרך בן גוריון 13, בני ברק",33.0,בני ברק
2026-07-30 13:03:15.000000,2026-09-02 00:00:00,clalit,מעקב הריון-רופא,"ד""ר אבנט חגי","בן גוריון 22, הרצליה",34.0,הרצליה
2026-07-30 13:03:16.000000,2026-09-03 00:00:00,clalit,מעקב הריון-רופא,"ד""ר ברוכין אוהד","רפאל איתן 4, חולון",35.0,חולון
2026-07-30 13:03:16.000000,2026-09-03 00:00:00,clalit,מעקב הריון-רופא,"ד""ר סגל הילה","רפאל איתן 4, חולון",35.0,חולון
2026-07-30 13:03:16.000000,2026-09-03 00:00:00,clalit,מעקב הריון-רופא,"ד""ר שרפוב טטיאנה","וייצמן 83, כפר סבא",35.0,כפר סבא
2026-07-30 13:03:16.000000,2026-09-06 00:00:00,clalit,מעקב הריון-רופא,"ד""ר פריד סימה","סשה ארגוב 23, רעננה",38.0,רעננה
2026-07-30 13:03:16.000000,2026-09-07 00:00:00,clalit,מעקב הריון-רופא,"ד""ר ברקרסקי יקירה","אריק איינשטיין 1, בת ים",39.0,בת ים
2026-07-30 13:03:16.000000,2026-09-07 00:00:00,clalit,מעקב הריון-רופא,"ד""ר קידר רן","רפאל איתן 4, חולון",39.0,חולון
2026-07-30 13:03:16.000000,2026-09-08 00:00:00,clalit,מעקב הריון-רופא,"ד""ר חיימוב מיכאל","אריק איינשטיין 1, בת ים",40.0,בת ים
2026-07-30 13:03:17.000000,2026-09-08 00:00:00,clalit,מעקב הריון-רופא,"ד""ר וינשטיין עדי","המכבים 75, בני ברק",40.0,בני ברק
2026-07-30 13:03:17.000000,2026-09-08 00:00:00,clalit,מעקב הריון-רופא,"ד""ר טריגרמן שי","דרך זאב ז'בוטינסקי 105, רמת גן",40.0,רמת גן
2026-07-30 13:03:17.000000,2026-09-08 00:00:00,clalit,מעקב הריון-רופא,"ד""ר כץ טטיאנה","סשה ארגוב 23, רעננה",40.0,רעננה
2026-07-30 13:03:17.000000,2026-09-15 00:00:00,clalit,מעקב הריון-רופא,"ד""ר פייט קורן חגית","בן גוריון 22, הרצליה",47.0,הרצליה
2026-07-30 13:03:17.000000,2026-09-16 00:00:00,clalit,מעקב הריון-רופא,"ד""ר קליינר איליה","רפאל איתן 4, חולון",48.0,חולון
2026-07-30 13:03:17.000000,2026-09-22 00:00:00,clalit,מעקב הריון-רופא,"ד""ר בן ציון מאיה","בן גוריון 22, הרצליה",54.0,הרצליה
2026-07-30 13:03:17.000000,2026-10-04 00:00:00,clalit,מעקב הריון-רופא,"ד""ר זיידין אנה","אריק איינשטיין 1, בת ים",66.0,בת ים
2026-07-30 13:03:18.000000,2026-10-04 00:00:00,clalit,מעקב הריון-רופא,"ד""ר שלו אמיר","רפאל איתן 4, חולון",66.0,חולון
2026-07-30 13:03:18.000000,2026-10-04 00:00:00,clalit,מעקב הריון-רופא,"ד""ר קוך מיכל זאב","וייצמן 83, כפר סבא",66.0,כפר סבא
2026-07-30 13:03:18.000000,2026-10-05 00:00:00,clalit,מעקב הריון-רופא,"ד""ר סגל הילה","חיים וייצמן 25, אזור",67.0,אזור
2026-07-30 13:03:18.000000,2026-10-12 00:00:00,clalit,מעקב הריון-רופא,פרופ' נחום רוית,"חזון אי''ש 62, בני ברק",74.0,בני ברק
2026-07-30 13:03:18.000000,2026-10-16 00:00:00,clalit,מעקב הריון-רופא,"ד""ר ונד סוזאנה","בן גוריון 22, הרצליה",78.0,הרצליה
2026-07-30 13:03:18.000000,2026-10-18 00:00:00,clalit,מעקב הריון-רופא,"ד""ר ורניקובסקי גבריאלה","רפאל איתן 4, חולון",80.0,חולון
2026-07-30 13:03:18.000000,2026-10-20 00:00:00,clalit,מעקב הריון-רופא,"ד""ר דבש שירה","צבי הרלינג 6, בני ברק",82.0,בני ברק
2026-07-30 13:03:19.000000,2026-10-28 00:00:00,clalit,מעקב הריון-רופא,"ד""ר ויזל אילנה","שדרות מנחם בגין 38, גבעת שמואל",90.0,גבעת שמואל
2026-07-30 13:03:19.000000,,clalit,מעקב הריון-רופא,"ד""ר קרסיק שפלטר מריולה מ","אריק איינשטיין 1, בת ים",,בת ים
2026-07-30 13:03:19.000000,,clalit,מעקב הריון-רופא,"ד""ר מונייר סמירה","אריק איינשטיין 1, בת ים",,בת ים
2026-07-30 13:03:19.000000,,clalit,מעקב הריון-רופא,"ד""ר מימוני גלית","חזון אי''ש 62, בני ברק",,בני ברק
2026-07-30 13:03:19.000000,,clalit,מעקב הריון-רופא,"ד""ר משיח פרידלר ירדנה בת","בן גוריון 22, הרצליה",,הרצליה
2026-07-30 13:03:21.000000,2026-08-02 00:00:00,clalit,נשים-תכנון משפחה/התק,פרופ' לוי מיכל,"התקומה 23, תל אביב יפו",3.0,תל אביב יפו
2026-07-30 13:03:21.000000,2026-08-02 00:00:00,clalit,נשים-תכנון משפחה/התק,"ד""ר גרוס יעקב","אליהו ברלין 13, תל אביב יפו",3.0,תל אביב יפו
2026-07-30 13:03:21.000000,2026-08-03 00:00:00,clalit,נשים-תכנון משפחה/התק,"ד""ר דקל איל","אבא אחימאיר 18, תל אביב יפו",4.0,תל אביב יפו
2026-07-30 13:03:21.000000,2026-08-06 00:00:00,clalit,נשים-תכנון משפחה/התק,"ד""ר גולד רונן שמו","אבא אחימאיר 18, תל אביב יפו",7.0,תל אביב יפו
2026-07-30 13:03:21.000000,2026-08-10 00:00:00,clalit,נשים-תכנון משפחה/התק,"ד""ר נול שמואל","אמסטרדם 9, תל אביב יפו",11.0,תל אביב יפו
2026-07-30 13:03:21.000000,2026-08-12 00:00:00,clalit,נשים-תכנון משפחה/התק,פרופ' לוריא שמואל,"אבא אחימאיר 18, תל אביב יפו",13.0,תל אביב יפו
2026-07-30 13:03:21.000000,2026-08-13 00:00:00,clalit,נשים-תכנון משפחה/התק,"ד""ר סיגל יעקב","אריסטובולוס 2, תל אביב יפו",14.0,תל אביב יפו
2026-07-30 13:03:22.000000,2026-08-19 00:00:00,clalit,נשים-תכנון משפחה/התק,"ד""ר בוצן אמנון","אבא אחימאיר 18, תל אביב יפו",20.0,תל אביב יפו
2026-07-30 13:03:22.000000,2026-08-20 00:00:00,clalit,נשים-תכנון משפחה/התק,"ד""ר גרוס לוטם","מקור חיים 35, תל אביב יפו",21.0,תל אביב יפו
2026-07-30 13:03:22.000000,2026-08-20 00:00:00,clalit,נשים-תכנון משפחה/התק,"ד""ר אלדר עידו","אבא אחימאיר 18, תל אביב יפו",21.0,תל אביב יפו
2026-07-30 13:03:22.000000,2026-08-20 00:00:00,clalit,נשים-תכנון משפחה/התק,"ד""ר ירושלמי גיל מרדכ","אהרון בקר 8, תל אביב יפו",21.0,תל אביב יפו
2026-07-30 13:03:22.000000,2026-08-25 00:00:00,clalit,נשים-תכנון משפחה/התק,"ד""ר טמאיב ליליה","מקור חיים 35, תל אביב יפו",26.0,תל אביב יפו
2026-07-30 13:03:22.000000,2026-08-25 00:00:00,clalit,נשים-תכנון משפחה/התק,"ד""ר ארליך אורי","אבא אחימאיר 18, תל אביב יפו",26.0,תל אביב יפו
2026-07-30 13:03:22.000000,2026-08-25 00:00:00,clalit,נשים-תכנון משפחה/התק,"ד""ר טיירי דניאל","דרך שלמה 43, תל אביב יפו",26.0,תל אביב יפו
2026-07-30 13:03:23.000000,2026-08-25 00:00:00,clalit,נשים-תכנון משפחה/התק,"ד""ר גרינברג נירית","הצנחנים 20, תל אביב יפו",26.0,תל אביב יפו
2026-07-30 13:03:23.000000,2026-08-26 00:00:00,clalit,נשים-תכנון משפחה/התק,"ד""ר כהנא חגית","נירים 3, תל אביב יפו",27.0,תל אביב יפו
2026-07-30 13:03:23.000000,2026-08-26 00:00:00,clalit,נשים-תכנון משפחה/התק,"ד""ר טמאיב ליליה","שקד 11, תל אביב יפו",27.0,תל אביב יפו
2026-07-30 13:03:23.000000,2026-08-31 00:00:00,clalit,נשים-תכנון משפחה/התק,"ד""ר אלופי נעים ענת","נירים 3, תל אביב יפו",32.0,תל אביב יפו
2026-07-30 13:03:23.000000,2026-09-01 00:00:00,clalit,נשים-תכנון משפחה/התק,"ד""ר קרסיק שפלטר מריולה מ","התקומה 23, תל אביב יפו",33.0,תל אביב יפו
2026-07-30 13:03:23.000000,2026-09-01 00:00:00,clalit,נשים-תכנון משפחה/התק,"ד""ר מור עומר","אבא אחימאיר 18, תל אביב יפו",33.0,תל אביב יפו
2026-07-30 13:03:23.000000,2026-09-04 00:00:00,clalit,נשים-תכנון משפחה/התק,"ד""ר אהרוני פינחס","נירים 3, תל אביב יפו",36.0,תל אביב יפו
2026-07-30 13:03:24.000000,2026-09-06 00:00:00,clalit,נשים-תכנון משפחה/התק,"ד""ר זילברברג ערן","אבא אחימאיר 18, תל אביב יפו",38.0,תל אביב יפו
2026-07-30 13:03:24.000000,2026-09-09 00:00:00,clalit,נשים-תכנון משפחה/התק,"ד""ר ברקת יונתן חי","נירים 3, תל אביב יפו",41.0,תל אביב יפו
2026-07-30 13:03:24.000000,2026-10-06 00:00:00,clalit,נשים-תכנון משפחה/התק,"ד""ר גרינברג נירית","אבא אחימאיר 18, תל אביב יפו",68.0,תל אביב יפו
2026-07-30 13:03:24.000000,2026-10-06 00:00:00,clalit,נשים-תכנון משפחה/התק,"ד""ר גונן נעה","נירים 3, תל אביב יפו",68.0,תל אביב יפו
2026-07-30 13:03:24.000000,2026-10-06 00:00:00,clalit,נשים-תכנון משפחה/התק,"ד""ר רוסליק ילנה","נירים 3, תל אביב יפו",68.0,תל אביב יפו
2026-07-30 13:03:24.000000,2026-10-15 00:00:00,clalit,נשים-תכנון משפחה/התק,"ד""ר פראג רוזנברג רוני","אבא אחימאיר 18, תל אביב יפו",77.0,תל אביב יפו
2026-07-30 13:03:24.000000,2026-10-18 00:00:00,clalit,נשים-תכנון משפחה/התק,"ד""ר זהבי צבי","אבא אחימאיר 18, תל אביב יפו",80.0,תל אביב יפו
2026-07-30 13:03:25.000000,2026-10-20 00:00:00,clalit,נשים-תכנון משפחה/התק,"ד""ר אקדם אמיר","אבא אחימאיר 18, תל אביב יפו",82.0,תל אביב יפו
2026-07-30 13:03:25.000000,2026-10-28 00:00:00,clalit,נשים-תכנון משפחה/התק,"ד""ר טורם מאיה","נירים 3, תל אביב יפו",90.0,תל אביב יפו
2026-07-30 13:03:25.000000,,clalit,נשים-תכנון משפחה/התק,"ד""ר כץ עדי","אבא אחימאיר 18, תל אביב יפו",,תל אביב יפו
2026-07-30 13:03:25.000000,,clalit,נשים-תכנון משפחה/התק,"ד""ר סולימה אלדר ויקי","אבא אחימאיר 18, תל אביב יפו",,תל אביב יפו
2026-07-30 13:03:25.000000,2026-07-30 00:00:00,clalit,נשים-תכנון משפחה/התק,"ד""ר פרוסמושקין רימה","וייצמן 83, כפר סבא",0.0,כפר סבא
2026-07-30 13:03:25.000000,2026-07-30 00:00:00,clalit,נשים-תכנון משפחה/התק,"ד""ר שריג מנחם יצח","וייצמן 83, כפר סבא",0.0,כפר סבא
2026-07-30 13:03:25.000000,2026-08-02 00:00:00,clalit,נשים-תכנון משפחה/התק,"ד""ר ביטמן גנדי","בן גוריון 22, הרצליה",3.0,הרצליה
2026-07-30 13:03:26.000000,2026-08-04 00:00:00,clalit,נשים-תכנון משפחה/התק,"ד""ר חיימוב מיכאל","חיים וייצמן 25, אזור",5.0,אזור
2026-07-30 13:03:26.000000,2026-08-04 00:00:00,clalit,נשים-תכנון משפחה/התק,"ד""ר ברומיקר פריימן תלמה גרס","וייצמן 83, כפר סבא",5.0,כפר סבא
2026-07-30 13:03:26.000000,2026-08-04 00:00:00,clalit,נשים-תכנון משפחה/התק,"ד""ר חייקין אלכסנדר","גלבוע 118, אלפי מנשה",5.0,אלפי מנשה
2026-07-30 13:03:26.000000,2026-08-05 00:00:00,clalit,נשים-תכנון משפחה/התק,"ד""ר ברומיקר פריימן תלמה גרס","סשה ארגוב 23, רעננה",6.0,רעננה
2026-07-30 13:03:26.000000,2026-08-09 00:00:00,clalit,נשים-תכנון משפחה/התק,"רופא בי""ח","בן גוריון 22, הרצליה",10.0,הרצליה
2026-07-30 13:03:26.000000,2026-08-09 00:00:00,clalit,נשים-תכנון משפחה/התק,"ד""ר טל אורי","בזלת 7, כוכב יאיר",10.0,כוכב יאיר
2026-07-30 13:03:26.000000,2026-08-09 00:00:00,clalit,נשים-תכנון משפחה/התק,"ד""ר פורוטקוב נטליה","שדרות רחבעם 1, קרני שומרון",10.0,קרני שומרון
2026-07-30 13:03:27.000000,2026-08-11 00:00:00,clalit,נשים-תכנון משפחה/התק,"ד""ר וייצנר עומר","בן גוריון 22, הרצליה",12.0,הרצליה
2026-07-30 13:03:27.000000,2026-08-11 00:00:00,clalit,נשים-תכנון משפחה/התק,"ד""ר טל אורי","בן גוריון 22, הרצליה",12.0,הרצליה
2026-07-30 13:03:27.000000,2026-08-11 00:00:00,clalit,נשים-תכנון משפחה/התק,"ד""ר מישל אמיר","הנשר 1, רעננה",12.0,רעננה
2026-07-30 13:03:27.000000,2026-08-12 00:00:00,clalit,נשים-תכנון משפחה/התק,"ד""ר גדעוני יריב שלמ","רפפורט 3, כפר סבא",13.0,כפר סבא
2026-07-30 13:03:27.000000,2026-08-12 00:00:00,clalit,נשים-תכנון משפחה/התק,"ד""ר חנוך יוסף","סשה ארגוב 23, רעננה",13.0,רעננה
2026-07-30 13:03:27.000000,2026-08-12 00:00:00,clalit,נשים-תכנון משפחה/התק,"ד""ר פורוטקוב נטליה","כיכר רמב''ם, עמנואל",13.0,עמנואל
2026-07-30 13:03:27.000000,2026-08-13 00:00:00,clalit,נשים-תכנון משפחה/התק,"ד""ר וייצנר עומר","וייצמן 83, כפר סבא",14.0,כפר סבא
2026-07-30 13:03:28.000000,2026-08-14 00:00:00,clalit,נשים-תכנון משפחה/התק,"ד""ר גרטנר ונטמן ברנרד","וייצמן 83, כפר סבא",15.0,כפר סבא
2026-07-30 13:03:28.000000,2026-08-16 00:00:00,clalit,נשים-תכנון משפחה/התק,"ד""ר חייקין אלכסנדר","וייצמן 83, כפר סבא",17.0,כפר סבא
2026-07-30 13:03:28.000000,2026-08-17 00:00:00,clalit,נשים-תכנון משפחה/התק,"ד""ר גולד עירן","אריק איינשטיין 1, בת ים",18.0,בת ים
2026-07-30 13:03:28.000000,2026-08-18 00:00:00,clalit,נשים-תכנון משפחה/התק,"ד""ר נול שמואל","אריק איינשטיין 1, בת ים",19.0,בת ים
2026-07-30 13:03:28.000000,2026-08-19 00:00:00,clalit,נשים-תכנון משפחה/התק,"ד""ר רביב אשרת","שדרות רחבעם 1, קרני שומרון",20.0,קרני שומרון
2026-07-30 13:03:28.000000,2026-08-19 00:00:00,clalit,נשים-תכנון משפחה/התק,"ד""ר פורוטקוב נטליה","יהלום 17, קדומים",20.0,קדומים
2026-07-30 13:03:28.000000,2026-08-20 00:00:00,clalit,נשים-תכנון משפחה/התק,"ד""ר טיירי דניאל","אריק איינשטיין 1, בת ים",21.0,בת ים
2026-07-30 13:03:29.000000,2026-08-20 00:00:00,clalit,נשים-תכנון משפחה/התק,"ד""ר ויינשטיין סופיה","בן גוריון 22, הרצליה",21.0,הרצליה
2026-07-30 13:03:29.000000,2026-08-24 00:00:00,clalit,נשים-תכנון משפחה/התק,"ד""ר אליגר נלי","רפאל איתן 4, חולון",25.0,חולון
2026-07-30 13:03:29.000000,2026-08-25 00:00:00,clalit,נשים-תכנון משפחה/התק,"ד""ר שרייבר חנוך","וייצמן 83, כפר סבא",26.0,כפר סבא
2026-07-30 13:03:29.000000,2026-08-25 00:00:00,clalit,נשים-תכנון משפחה/התק,"ד""ר שרפוב טטיאנה","בזלת 7, כוכב יאיר",26.0,כוכב יאיר
2026-07-30 13:03:29.000000,2026-08-27 00:00:00,clalit,נשים-תכנון משפחה/התק,"ד""ר קידר לירון","בן גוריון 22, הרצליה",28.0,הרצליה
2026-07-30 13:03:29.000000,2026-08-31 00:00:00,clalit,נשים-תכנון משפחה/התק,"ד""ר וולפרט אלדר","רפאל איתן 4, חולון",32.0,חולון
2026-07-30 13:03:29.000000,2026-08-31 00:00:00,clalit,נשים-תכנון משפחה/התק,פרופ' מזרחי יוסף,"רפאל איתן 4, חולון",32.0,חולון
2026-07-30 13:03:30.000000,2026-08-31 00:00:00,clalit,נשים-תכנון משפחה/התק,"ד""ר רונה שירן","רפאל איתן 4, חולון",32.0,חולון
2026-07-30 13:03:30.000000,2026-09-01 00:00:00,clalit,נשים-תכנון משפחה/התק,"ד""ר רוק מיכל","רפאל איתן 4, חולון",33.0,חולון
2026-07-30 13:03:30.000000,2026-09-03 00:00:00,clalit,נשים-תכנון משפחה/התק,"ד""ר ברוכין אוהד","רפאל איתן 4, חולון",35.0,חולון
2026-07-30 13:03:30.000000,2026-09-03 00:00:00,clalit,נשים-תכנון משפחה/התק,"ד""ר סגל הילה","רפאל איתן 4, חולון",35.0,חולון
2026-07-30 13:03:30.000000,2026-09-03 00:00:00,clalit,נשים-תכנון משפחה/התק,"ד""ר שרפוב טטיאנה","וייצמן 83, כפר סבא",35.0,כפר סבא
2026-07-30 13:03:30.000000,2026-09-06 00:00:00,clalit,נשים-תכנון משפחה/התק,"ד""ר פריד סימה","סשה ארגוב 23, רעננה",38.0,רעננה
2026-07-30 13:03:30.000000,2026-09-07 00:00:00,clalit,נשים-תכנון משפחה/התק,"ד""ר ברקרסקי יקירה","אריק איינשטיין 1, בת ים",39.0,בת ים
2026-07-30 13:03:31.000000,2026-09-07 00:00:00,clalit,נשים-תכנון משפחה/התק,"ד""ר קידר רן","רפאל איתן 4, חולון",39.0,חולון
2026-07-30 13:03:31.000000,2026-09-07 00:00:00,clalit,נשים-תכנון משפחה/התק,יגור יעל,"סשה ארגוב 23, רעננה",39.0,רעננה
2026-07-30 13:03:31.000000,2026-09-08 00:00:00,clalit,נשים-תכנון משפחה/התק,"ד""ר חיימוב מיכאל","אריק איינשטיין 1, בת ים",40.0,בת ים
2026-07-30 13:03:31.000000,2026-09-08 00:00:00,clalit,נשים-תכנון משפחה/התק,"ד""ר הויזלר ישי","נחל קנה 9, צור יצחק",40.0,צור יצחק
2026-07-30 13:03:31.000000,2026-09-08 00:00:00,clalit,נשים-תכנון משפחה/התק,"ד""ר כץ טטיאנה","סשה ארגוב 23, רעננה",40.0,רעננה
2026-07-30 13:03:31.000000,2026-09-16 00:00:00,clalit,נשים-תכנון משפחה/התק,"ד""ר קליינר איליה","רפאל איתן 4, חולון",48.0,חולון
2026-07-30 13:03:31.000000,2026-09-16 00:00:00,clalit,נשים-תכנון משפחה/התק,"ד""ר ענבר שמואל","סשה ארגוב 23, רעננה",48.0,רעננה
2026-07-30 13:03:32.000000,2026-09-22 00:00:00,clalit,נשים-תכנון משפחה/התק,"ד""ר בן ציון מאיה","בן גוריון 22, הרצליה",54.0,הרצליה
2026-07-30 13:03:32.000000,2026-10-04 00:00:00,clalit,נשים-תכנון משפחה/התק,"ד""ר זיידין אנה","אריק איינשטיין 1, בת ים",66.0,בת ים
2026-07-30 13:03:32.000000,2026-10-04 00:00:00,clalit,נשים-תכנון משפחה/התק,"ד""ר שלו אמיר","רפאל איתן 4, חולון",66.0,חולון
2026-07-30 13:03:32.000000,2026-10-04 00:00:00,clalit,נשים-תכנון משפחה/התק,"ד""ר קוך מיכל זאב","וייצמן 83, כפר סבא",66.0,כפר סבא
2026-07-30 13:03:32.000000,2026-10-05 00:00:00,clalit,נשים-תכנון משפחה/התק,"ד""ר סגל הילה","חיים וייצמן 25, אזור",67.0,אזור
2026-07-30 13:03:32.000000,2026-10-14 00:00:00,clalit,נשים-תכנון משפחה/התק,"ד""ר בוגין גרינפילד רונה","סשה ארגוב 23, רעננה",76.0,רעננה
2026-07-30 13:03:32.000000,2026-10-18 00:00:00,clalit,נשים-תכנון משפחה/התק,"ד""ר ורניקובסקי גבריאלה","רפאל איתן 4, חולון",80.0,חולון
2026-07-30 13:03:33.000000,,clalit,נשים-תכנון משפחה/התק,"ד""ר קרסיק שפלטר מריולה מ","אריק איינשטיין 1, בת ים",,בת ים
2026-07-30 13:03:33.000000,,clalit,נשים-תכנון משפחה/התק,"ד""ר מונייר סמירה","אריק איינשטיין 1, בת ים",,בת ים
2026-07-30 13:03:33.000000,,clalit,נשים-תכנון משפחה/התק,"ד""ר פייט קורן חגית","בן גוריון 22, הרצליה",,הרצליה
2026-07-30 13:03:33.000000,,clalit,נשים-תכנון משפחה/התק,"ד""ר אבנט חגי","בן גוריון 22, הרצליה",,הרצליה
2026-07-30 13:03:33.000000,,clalit,נשים-תכנון משפחה/התק,"ד""ר משיח פרידלר ירדנה בת","בן גוריון 22, הרצליה",,הרצליה
2026-07-30 13:03:33.000000,,clalit,נשים-תכנון משפחה/התק,"ד""ר קולודיזנר טטיאנה","בן גוריון 22, הרצליה",,הרצליה
2026-07-30 13:03:33.000000,,clalit,נשים-תכנון משפחה/התק,"ד""ר עובדיה מיכל חנה","וייצמן 83, כפר סבא",,כפר סבא
2026-07-30 13:03:38.000000,2026-08-11 00:00:00,clalit,"רפואת להט""ב","ד""ר יודוביץ דרור","דרך זאב ז'בוטינסקי 105, רמת גן",12.0,רמת גן
2026-07-30 13:03:38.000000,2026-09-08 00:00:00,clalit,"רפואת להט""ב","ד""ר לנקרי נטע","הנדיב 71, הרצליה",40.0,הרצליה
2026-07-30 13:03:41.000000,2026-10-26 00:00:00,clalit,דיאטה,ספיר יפית,"דרך שלמה 43, תל אביב יפו",88.0,תל אביב יפו
2026-07-30 13:03:41.000000,,clalit,דיאטה,בן עמי מירה,"יד המעביר 22, תל אביב יפו",,תל אביב יפו
2026-07-30 13:03:41.000000,,clalit,דיאטה,גולדמן בילי,"התקומה 23, תל אביב יפו",,תל אביב יפו
2026-07-30 13:03:41.000000,,clalit,דיאטה,לנטנר טל,"בן יהודה 29, תל אביב יפו",,תל אביב יפו
2026-07-30 13:03:41.000000,,clalit,דיאטה,טל דנה,"אבן גבירול 124, תל אביב יפו",,תל אביב יפו
2026-07-30 13:03:41.000000,,clalit,דיאטה,סימנוביץ מיתר,"אבן גבירול 124, תל אביב יפו",,תל אביב יפו
2026-07-30 13:03:41.000000,,clalit,דיאטה,פסח עינבל,"אבן גבירול 124, תל אביב יפו",,תל אביב יפו
2026-07-30 13:03:42.000000,,clalit,דיאטה,בן שושן לי,"אבן גבירול 124, תל אביב יפו",,תל אביב יפו
2026-07-30 13:03:42.000000,,clalit,דיאטה,פסח עינבל,"דב הוז 1, תל אביב יפו",,תל אביב יפו
2026-07-30 13:03:42.000000,,clalit,דיאטה,מאור  שרון,"אברהם גייגר 7, תל אביב יפו",,תל אביב יפו
2026-07-30 13:03:42.000000,,clalit,דיאטה,חייג(חבושה) אוסנת,"הצבי 9, תל אביב יפו",,תל אביב יפו
2026-07-30 13:03:42.000000,,clalit,דיאטה,חייג(חבושה) אוסנת,"שדרות יד לבנים 35, תל אביב יפו",,תל אביב יפו
2026-07-30 13:03:42.000000,,clalit,דיאטה,אורלנד סתו,"שדרות ישראל גורי 39, תל אביב יפו",,תל אביב יפו
2026-07-30 13:03:42.000000,,clalit,דיאטה,ספיר יפית,"שדרות יהודית 18, תל אביב יפו",,תל אביב יפו
2026-07-30 13:03:43.000000,,clalit,דיאטה,וולף אופיר אפרת,"שקד 11, תל אביב יפו",,תל אביב יפו
2026-07-30 13:03:43.000000,,clalit,דיאטה,בן שושן לי,"שקד 11, תל אביב יפו",,תל אביב יפו
2026-07-30 13:03:43.000000,2026-08-16 00:00:00,clalit,דיאטה,כחלון נויה,"עלי הכהן 13, בני ברק",17.0,בני ברק
2026-07-30 13:03:43.000000,2026-09-08 00:00:00,clalit,דיאטה,ענת הרו,"כיכר רמב''ם, עמנואל",40.0,עמנואל
2026-07-30 13:03:43.000000,2026-09-09 00:00:00,clalit,דיאטה,יארה גזאוי,"א תופאח, טירה",41.0,טירה
2026-07-30 13:03:43.000000,2026-09-10 00:00:00,clalit,דיאטה,יארה גזאוי,"טארק עבד אל חי, טירה",42.0,טירה
2026-07-30 13:03:43.000000,2026-09-14 00:00:00,clalit,דיאטה,וינברג שגיא,"רחל 14, גבעתיים",46.0,גבעתיים
2026-07-30 13:03:44.000000,2026-09-14 00:00:00,clalit,דיאטה,ענת הרו,"שדרות רחבעם 1, קרני שומרון",46.0,קרני שומרון
2026-07-30 13:03:44.000000,2026-09-15 00:00:00,clalit,דיאטה,ענת הרו,"יהלום 17, קדומים",47.0,קדומים
2026-07-30 13:03:44.000000,2026-09-16 00:00:00,clalit,דיאטה,בן נאים לי,"רחל 14, גבעתיים",48.0,גבעתיים
2026-07-30 13:03:44.000000,2026-09-17 00:00:00,clalit,דיאטה,סרוסי מרב שושנה,"רבי עקיבא 83, בני ברק",49.0,בני ברק
2026-07-30 13:03:44.000000,2026-09-18 00:00:00,clalit,דיאטה,קמר טיבי,"טארק עבד אל חי, טירה",50.0,טירה
2026-07-30 13:03:44.000000,2026-09-23 00:00:00,clalit,דיאטה,כהן זוהר,"הרצל 34, רמת גן",55.0,רמת גן
2026-07-30 13:03:44.000000,2026-09-23 00:00:00,clalit,דיאטה,פלם רוני,"רבי עקיבא 83, בני ברק",55.0,בני ברק
2026-07-30 13:03:45.000000,2026-09-27 00:00:00,clalit,דיאטה,פרישמן טליה,"הרצל 34, רמת גן",59.0,רמת גן
2026-07-30 13:03:45.000000,2026-09-29 00:00:00,clalit,דיאטה,מגל הילי,"הרצל 34, רמת גן",61.0,רמת גן
2026-07-30 13:03:45.000000,2026-09-30 00:00:00,clalit,דיאטה,מגל הילי,"הרב כהנמן 136, בני ברק",62.0,בני ברק
2026-07-30 13:03:45.000000,2026-09-30 00:00:00,clalit,דיאטה,מזוז נועה,"קפלן 9, רמת גן",62.0,רמת גן
2026-07-30 13:03:45.000000,2026-10-01 00:00:00,clalit,דיאטה,בן נאים לי,"דרך יצחק רבין 53, גבעתיים",63.0,גבעתיים
2026-07-30 13:03:45.000000,2026-10-05 00:00:00,clalit,דיאטה,כחלון נויה,"הרצל 34, רמת גן",67.0,רמת גן
2026-07-30 13:03:45.000000,2026-10-07 00:00:00,clalit,דיאטה,כהן טאוב אורטל,"הרצל 34, רמת גן",69.0,רמת גן
2026-07-30 13:03:46.000000,2026-10-08 00:00:00,clalit,דיאטה,אשכנזי ירדן,"דרך זאב ז'בוטינסקי 105, רמת גן",70.0,רמת גן
2026-07-30 13:03:46.000000,2026-10-13 00:00:00,clalit,דיאטה,פרי מיכאל,"רבי עקיבא 83, בני ברק",75.0,בני ברק
2026-07-30 13:03:46.000000,2026-10-19 00:00:00,clalit,דיאטה,זליג שירי,"דרך זאב ז'בוטינסקי 105, רמת גן",81.0,רמת גן
2026-07-30 13:03:46.000000,2026-10-26 00:00:00,clalit,דיאטה,פרישמן טליה,"דרך יצחק רבין 53, גבעתיים",88.0,גבעתיים
2026-07-30 13:03:46.000000,2026-10-26 00:00:00,clalit,דיאטה,טל גליקמן טל,"הנוטרים 7, רעננה",88.0,רעננה
2026-07-30 13:03:46.000000,2026-11-01 00:00:00,clalit,דיאטה,לזר גולדנבלום עדי,"שדרות מנחם בגין 38, גבעת שמואל",94.0,גבעת שמואל
2026-07-30 13:03:46.000000,2026-11-01 00:00:00,clalit,דיאטה,ברקמן אליה,"אליעזר יפה 8, רעננה",94.0,רעננה
2026-07-30 13:03:47.000000,,clalit,דיאטה,אורלנד סתו,"האשל 2, חולון",,חולון
2026-07-30 13:03:47.000000,,clalit,דיאטה,פילר ילנה,"הרב ניסנבאום 33, בת ים",,בת ים
2026-07-30 13:03:47.000000,,clalit,דיאטה,אורון בת-אל,"הרב ניסנבאום 33, בת ים",,בת ים
2026-07-30 13:03:47.000000,,clalit,דיאטה,בטיש טל,"הרב ניסנבאום 33, בת ים",,בת ים
2026-07-30 13:03:47.000000,,clalit,דיאטה,אליהו נטע,"הרב ניסנבאום 33, בת ים",,בת ים
2026-07-30 13:03:47.000000,,clalit,דיאטה,אסולין ונדה,"נעמי שמר 15, חולון",,חולון
2026-07-30 13:03:47.000000,,clalit,דיאטה,גולדמן בילי,"נעמי שמר 15, חולון",,חולון
2026-07-30 13:03:48.000000,,clalit,דיאטה,אורון בת-אל,"שאלתיאל דוד 16, חולון",,חולון
2026-07-30 13:03:48.000000,,clalit,דיאטה,וולף אופיר אפרת,"הסנהדרין 25, חולון",,חולון
2026-07-30 13:03:48.000000,,clalit,דיאטה,בטיש טל,"סטרומה 3, בת ים",,בת ים
2026-07-30 13:03:48.000000,,clalit,דיאטה,לנגברג מיכל,"ששת הימים 6, חולון",,חולון
2026-07-30 13:03:48.000000,,clalit,דיאטה,גולן יונית,"הרצל 34, רמת גן",,רמת גן
2026-07-30 13:03:48.000000,,clalit,דיאטה,פרישמן טליה,"רחל 14, גבעתיים",,גבעתיים
2026-07-30 13:03:48.000000,,clalit,דיאטה,נועה לואיסה ברמן,"חרושת 18, רמת השרון",,רמת השרון
2026-07-30 13:03:49.000000,,clalit,דיאטה,קרן סלוצקי מינדלין,"טשרניחובסקי 4, הרצליה",,הרצליה
2026-07-30 13:03:49.000000,,clalit,דיאטה,ליהי קאופמן,"המעפילים 5, כפר סבא",,כפר סבא
2026-07-30 13:03:49.000000,,clalit,דיאטה,ויסברג רונית,"בן גוריון 43, כפר סבא",,כפר סבא
2026-07-30 13:03:49.000000,,clalit,דיאטה,שלם רינת,"בן גוריון 43, כפר סבא",,כפר סבא
2026-07-30 13:03:49.000000,,clalit,דיאטה,ענת הרו,"בזלת 7, כוכב יאיר",,כוכב יאיר
2026-07-30 13:03:49.000000,,clalit,דיאטה,מירב רבר,"הגליל 5, כפר סבא",,כפר סבא
2026-07-30 13:03:49.000000,,clalit,דיאטה,טיברג שרון,"בית הלל 6, רמת השרון",,רמת השרון
2026-07-30 13:03:50.000000,,clalit,דיאטה,מרטין סוסוביץ,"רפפורט 3, כפר סבא",,כפר סבא
2026-07-30 13:03:50.000000,,clalit,דיאטה,שרון ברקה,"סשה ארגוב 23, רעננה",,רעננה
2026-07-30 13:03:50.000000,,clalit,דיאטה,ענת הרו,"גלבוע 118, אלפי מנשה",,אלפי מנשה
2026-07-30 13:03:50.000000,,clalit,דיאטה,לוטם הופמן,"הפועל 22, הרצליה",,הרצליה
2026-07-30 13:03:50.000000,,clalit,דיאטה,מרטין סוסוביץ,"רמב''ם 1, הרצליה",,הרצליה
2026-07-30 13:03:50.000000,,clalit,תזונה דיאטה - און לי,וסרמן ליהי,תל אביב יפו,,תל אביב יפו
2026-07-30 13:03:50.000000,,clalit,תזונה דיאטה - און לי,גולדמן בילי,תל אביב יפו,,תל אביב יפו
2026-07-30 13:03:52.000000,2026-10-15 00:00:00,clalit,דיאטה נפרולוגיה (כלי,בן עמי מירה,"אבן גבירול 124, תל אביב יפו",77.0,תל אביב יפו
2026-07-30 13:03:52.000000,2026-10-15 00:00:00,clalit,דיאטה נפרולוגיה (כלי,לנטנר טל,"אבן גבירול 124, תל אביב יפו",77.0,תל אביב יפו
2026-07-30 13:03:52.000000,2026-10-21 00:00:00,clalit,דיאטה נפרולוגיה (כלי,מילר הגר,"אבן גבירול 124, תל אביב יפו",83.0,תל אביב יפו
2026-07-30 13:03:52.000000,,clalit,דיאטה נפרולוגיה (כלי,בן עמי מירה,"יד המעביר 22, תל אביב יפו",,תל אביב יפו
2026-07-30 13:03:52.000000,,clalit,דיאטה נפרולוגיה (כלי,לנטנר טל,"בן יהודה 29, תל אביב יפו",,תל אביב יפו
2026-07-30 13:03:52.000000,2026-09-17 00:00:00,clalit,דיאטה נפרולוגיה (כלי,סרוסי מרב שושנה,"רבי עקיבא 83, בני ברק",49.0,בני ברק
2026-07-30 13:03:52.000000,2026-10-11 00:00:00,clalit,דיאטה נפרולוגיה (כלי,לנטנר טל,"הרב ניסנבאום 33, בת ים",73.0,בת ים
2026-07-30 13:03:53.000000,2026-10-13 00:00:00,clalit,דיאטה נפרולוגיה (כלי,פרי מיכאל,"רבי עקיבא 83, בני ברק",75.0,בני ברק
2026-07-30 13:03:53.000000,2026-10-18 00:00:00,clalit,דיאטה נפרולוגיה (כלי,מילר הגר,"הרב ניסנבאום 33, בת ים",80.0,בת ים
2026-07-30 13:03:53.000000,2026-10-26 00:00:00,clalit,דיאטה נפרולוגיה (כלי,בן עמי מירה,"הרב ניסנבאום 33, בת ים",88.0,בת ים
2026-07-30 13:03:53.000000,,clalit,דיאטה נפרולוגיה (כלי,גולן יונית,"הרצל 34, רמת גן",,רמת גן
2026-07-30 13:03:53.000000,,clalit,דיאטה נפרולוגיה (כלי,מרטין סוסוביץ,"רמב''ם 1, הרצליה",,הרצליה
2026-07-30 13:03:54.000000,2026-08-02 00:00:00,clalit,דיאטה סכרת - אינסולי,גבע-גורלניק נורית,"אבן גבירול 124, תל אביב יפו",3.0,תל אביב יפו
2026-07-30 13:03:54.000000,2026-10-15 00:00:00,clalit,דיאטה סכרת - אינסולי,לנטנר טל,"אבן גבירול 124, תל אביב יפו",77.0,תל אביב יפו
2026-07-30 13:03:54.000000,,clalit,דיאטה סכרת - אינסולי,פסח עינבל,"אבן גבירול 124, תל אביב יפו",,תל אביב יפו
2026-07-30 13:03:54.000000,,clalit,דיאטה סכרת - אינסולי,פסח עינבל,"דב הוז 1, תל אביב יפו",,תל אביב יפו
2026-07-30 13:03:54.000000,2026-10-11 00:00:00,clalit,דיאטה סכרת - אינסולי,לנטנר טל,"הרב ניסנבאום 33, בת ים",73.0,בת ים
2026-07-30 13:03:54.000000,2026-10-26 00:00:00,clalit,דיאטה סכרת - אינסולי,טל גליקמן טל,"הנוטרים 7, רעננה",88.0,רעננה
2026-07-30 13:03:54.000000,2026-11-01 00:00:00,clalit,דיאטה סכרת - אינסולי,ברקמן אליה,"אליעזר יפה 8, רעננה",94.0,רעננה
2026-07-30 13:03:55.000000,,clalit,דיאטה סכרת - אינסולי,קרן סלוצקי מינדלין,"טשרניחובסקי 4, הרצליה",,הרצליה
2026-07-30 13:03:55.000000,,clalit,דיאטה סכרת - אינסולי,שלם רינת,"בן גוריון 43, כפר סבא",,כפר סבא
2026-07-30 13:03:57.000000,2026-10-15 00:00:00,clalit,דיאטה לאחר קיצור קיב,בן עמי מירה,"אבן גבירול 124, תל אביב יפו",77.0,תל אביב יפו
2026-07-30 13:03:57.000000,,clalit,דיאטה לאחר קיצור קיב,בן עמי מירה,"יד המעביר 22, תל אביב יפו",,תל אביב יפו
2026-07-30 13:03:57.000000,,clalit,דיאטה לאחר קיצור קיב,מאור  שרון,"אברהם גייגר 7, תל אביב יפו",,תל אביב יפו
2026-07-30 13:03:57.000000,,clalit,דיאטה לאחר קיצור קיב,חייג(חבושה) אוסנת,"הצבי 9, תל אביב יפו",,תל אביב יפו
2026-07-30 13:03:57.000000,,clalit,דיאטה לאחר קיצור קיב,חייג(חבושה) אוסנת,"שדרות יד לבנים 35, תל אביב יפו",,תל אביב יפו
2026-07-30 13:03:57.000000,,clalit,דיאטה לאחר קיצור קיב,וולף אופיר אפרת,"שקד 11, תל אביב יפו",,תל אביב יפו
2026-07-30 13:03:57.000000,2026-09-17 00:00:00,clalit,דיאטה לאחר קיצור קיב,סרוסי מרב שושנה,"רבי עקיבא 83, בני ברק",49.0,בני ברק
2026-07-30 13:03:58.000000,2026-09-23 00:00:00,clalit,דיאטה לאחר קיצור קיב,פלם רוני,"רבי עקיבא 83, בני ברק",55.0,בני ברק
2026-07-30 13:03:58.000000,2026-10-05 00:00:00,clalit,דיאטה לאחר קיצור קיב,אורנשטיין דנה,"דרך בן גוריון 13, בני ברק",67.0,בני ברק
2026-07-30 13:03:58.000000,2026-10-06 00:00:00,clalit,דיאטה לאחר קיצור קיב,אשכנזי ירדן,"דרך בן גוריון 13, בני ברק",68.0,בני ברק
2026-07-30 13:03:58.000000,2026-10-13 00:00:00,clalit,דיאטה לאחר קיצור קיב,פרי מיכאל,"רבי עקיבא 83, בני ברק",75.0,בני ברק
2026-07-30 13:03:58.000000,2026-10-19 00:00:00,clalit,דיאטה לאחר קיצור קיב,זליג שירי,"דרך זאב ז'בוטינסקי 105, רמת גן",81.0,רמת גן
2026-07-30 13:03:58.000000,2026-10-26 00:00:00,clalit,דיאטה לאחר קיצור קיב,בן עמי מירה,"הרב ניסנבאום 33, בת ים",88.0,בת ים
2026-07-30 13:03:58.000000,2026-10-29 00:00:00,clalit,דיאטה לאחר קיצור קיב,וולף אופיר אפרת,"הרב ניסנבאום 33, בת ים",91.0,בת ים
2026-07-30 13:03:59.000000,,clalit,דיאטה לאחר קיצור קיב,אורון בת-אל,"הרב ניסנבאום 33, בת ים",,בת ים
2026-07-30 13:03:59.000000,,clalit,דיאטה לאחר קיצור קיב,אורון בת-אל,"שאלתיאל דוד 16, חולון",,חולון
2026-07-30 13:03:59.000000,,clalit,דיאטה לאחר קיצור קיב,וולף אופיר אפרת,"הסנהדרין 25, חולון",,חולון
2026-07-30 13:03:59.000000,,clalit,דיאטה לאחר קיצור קיב,גולן יונית,"הרצל 34, רמת גן",,רמת גן
2026-07-30 13:03:59.000000,,clalit,דיאטה לאחר קיצור קיב,עזורי קוראל,"עלי הכהן 13, בני ברק",,בני ברק
2026-07-30 13:03:59.000000,,clalit,דיאטה לאחר קיצור קיב,קרן סלוצקי מינדלין,"טשרניחובסקי 4, הרצליה",,הרצליה
2026-07-30 13:03:59.000000,,clalit,דיאטה לאחר קיצור קיב,מירב רבר,"הגליל 5, כפר סבא",,כפר סבא
2026-07-30 13:04:00.000000,2026-09-15 00:00:00,clalit,דיאטה - גסטרו,פילצביץ קליין שיר,"אבן גבירול 124, תל אביב יפו",47.0,תל אביב יפו
2026-07-30 13:04:00.000000,,clalit,דיאטה - גסטרו,סימנוביץ מיתר,"אבן גבירול 124, תל אביב יפו",,תל אביב יפו
2026-07-30 13:04:00.000000,,clalit,דיאטה - גסטרו,מאור  שרון,"אברהם גייגר 7, תל אביב יפו",,תל אביב יפו
2026-07-30 13:04:00.000000,,clalit,דיאטה - גסטרו,וולף אופיר אפרת,"שקד 11, תל אביב יפו",,תל אביב יפו
2026-07-30 13:04:00.000000,2026-08-02 00:00:00,clalit,דיאטה - גסטרו,פילצביץ קליין שיר,"הרב ניסנבאום 33, בת ים",3.0,בת ים
2026-07-30 13:04:00.000000,2026-09-17 00:00:00,clalit,דיאטה - גסטרו,סרוסי מרב שושנה,"רבי עקיבא 83, בני ברק",49.0,בני ברק
2026-07-30 13:04:00.000000,2026-10-06 00:00:00,clalit,דיאטה - גסטרו,אשכנזי ירדן,"דרך בן גוריון 13, בני ברק",68.0,בני ברק
2026-07-30 13:04:02.000000,2026-10-12 00:00:00,clalit,דיאטה - גסטרו,ארבל ענת-צפורה,"דרך בן גוריון 13, בני ברק",74.0,בני ברק
2026-07-30 13:04:02.000000,2026-10-13 00:00:00,clalit,דיאטה - גסטרו,פרי מיכאל,"רבי עקיבא 83, בני ברק",75.0,בני ברק
2026-07-30 13:04:02.000000,2026-10-29 00:00:00,clalit,דיאטה - גסטרו,וולף אופיר אפרת,"הרב ניסנבאום 33, בת ים",91.0,בת ים
2026-07-30 13:04:02.000000,,clalit,דיאטה - גסטרו,וולף אופיר אפרת,"הסנהדרין 25, חולון",,חולון
2026-07-30 13:04:02.000000,,clalit,דיאטה - גסטרו,ליהי קאופמן,"המעפילים 5, כפר סבא",,כפר סבא
2026-07-30 13:04:02.000000,,clalit,דיאטה - גסטרו,לוטם הופמן,"הפועל 22, הרצליה",,הרצליה
2026-07-30 13:04:03.000000,2026-10-15 00:00:00,clalit,דיאטה-סכרת הריונית,בן עמי מירה,"אבן גבירול 124, תל אביב יפו",77.0,תל אביב יפו
2026-07-30 13:04:03.000000,,clalit,דיאטה-סכרת הריונית,בן עמי מירה,"יד המעביר 22, תל אביב יפו",,תל אביב יפו
2026-07-30 13:04:03.000000,,clalit,דיאטה-סכרת הריונית,סימנוביץ מיתר,"אבן גבירול 124, תל אביב יפו",,תל אביב יפו
2026-07-30 13:04:03.000000,,clalit,דיאטה-סכרת הריונית,פסח עינבל,"אבן גבירול 124, תל אביב יפו",,תל אביב יפו
2026-07-30 13:04:03.000000,,clalit,דיאטה-סכרת הריונית,פסח עינבל,"דב הוז 1, תל אביב יפו",,תל אביב יפו
2026-07-30 13:04:03.000000,2026-09-17 00:00:00,clalit,דיאטה-סכרת הריונית,סרוסי מרב שושנה,"רבי עקיבא 83, בני ברק",49.0,בני ברק
2026-07-30 13:04:03.000000,2026-09-18 00:00:00,clalit,דיאטה-סכרת הריונית,קמר טיבי,"טארק עבד אל חי, טירה",50.0,טירה
2026-07-30 13:04:04.000000,2026-10-26 00:00:00,clalit,דיאטה-סכרת הריונית,בן עמי מירה,"הרב ניסנבאום 33, בת ים",88.0,בת ים
2026-07-30 13:04:04.000000,,clalit,דיאטה-סכרת הריונית,אורון בת-אל,"הרב ניסנבאום 33, בת ים",,בת ים
2026-07-30 13:04:04.000000,,clalit,דיאטה-סכרת הריונית,בלו אסתר,"אריק איינשטיין 1, בת ים",,בת ים
2026-07-30 13:04:04.000000,,clalit,דיאטה-סכרת הריונית,אורון בת-אל,"שאלתיאל דוד 16, חולון",,חולון
2026-07-30 13:04:04.000000,,clalit,דיאטה-סכרת הריונית,גולן יונית,"הרצל 34, רמת גן",,רמת גן
2026-07-30 13:04:04.000000,,clalit,דיאטה-סכרת הריונית,שחימוב מיטל,"עלי הכהן 13, בני ברק",,בני ברק
2026-07-30 13:04:04.000000,,clalit,דיאטה-סכרת הריונית,קרן סלוצקי מינדלין,"טשרניחובסקי 4, הרצליה",,הרצליה
2026-07-30 13:04:05.000000,,clalit,דיאטה-סכרת הריונית,שרון ברקה,"סשה ארגוב 23, רעננה",,רעננה
2026-07-30 13:04:07.000000,2026-08-02 00:00:00,clalit,דיאטה סכרתית,גבע-גורלניק נורית,"אבן גבירול 124, תל אביב יפו",3.0,תל אביב יפו
2026-07-30 13:04:07.000000,2026-09-15 00:00:00,clalit,דיאטה סכרתית,פילצביץ קליין שיר,"אבן גבירול 124, תל אביב יפו",47.0,תל אביב יפו
2026-07-30 13:04:07.000000,2026-10-15 00:00:00,clalit,דיאטה סכרתית,בן עמי מירה,"אבן גבירול 124, תל אביב יפו",77.0,תל אביב יפו
2026-07-30 13:04:07.000000,,clalit,דיאטה סכרתית,בן עמי מירה,"יד המעביר 22, תל אביב יפו",,תל אביב יפו
2026-07-30 13:04:07.000000,,clalit,דיאטה סכרתית,גולדמן בילי,"התקומה 23, תל אביב יפו",,תל אביב יפו
2026-07-30 13:04:07.000000,,clalit,דיאטה סכרתית,לנטנר טל,"בן יהודה 29, תל אביב יפו",,תל אביב יפו
2026-07-30 13:04:07.000000,,clalit,דיאטה סכרתית,פסח עינבל,"אבן גבירול 124, תל אביב יפו",,תל אביב יפו
2026-07-30 13:04:08.000000,,clalit,דיאטה סכרתית,פסח עינבל,"דב הוז 1, תל אביב יפו",,תל אביב יפו
2026-07-30 13:04:08.000000,,clalit,דיאטה סכרתית,מאור  שרון,"אברהם גייגר 7, תל אביב יפו",,תל אביב יפו
2026-07-30 13:04:08.000000,,clalit,דיאטה סכרתית,חייג(חבושה) אוסנת,"הצבי 9, תל אביב יפו",,תל אביב יפו
2026-07-30 13:04:08.000000,,clalit,דיאטה סכרתית,חייג(חבושה) אוסנת,"שדרות יד לבנים 35, תל אביב יפו",,תל אביב יפו
2026-07-30 13:04:08.000000,,clalit,דיאטה סכרתית,וולף אופיר אפרת,"שקד 11, תל אביב יפו",,תל אביב יפו
2026-07-30 13:04:08.000000,2026-09-17 00:00:00,clalit,דיאטה סכרתית,סרוסי מרב שושנה,"רבי עקיבא 83, בני ברק",49.0,בני ברק
2026-07-30 13:04:08.000000,2026-10-13 00:00:00,clalit,דיאטה סכרתית,פרי מיכאל,"רבי עקיבא 83, בני ברק",75.0,בני ברק
2026-07-30 13:04:09.000000,2026-10-26 00:00:00,clalit,דיאטה סכרתית,בן עמי מירה,"הרב ניסנבאום 33, בת ים",88.0,בת ים
2026-07-30 13:04:09.000000,2026-10-29 00:00:00,clalit,דיאטה סכרתית,וולף אופיר אפרת,"הרב ניסנבאום 33, בת ים",91.0,בת ים
2026-07-30 13:04:09.000000,,clalit,דיאטה סכרתית,אסולין ונדה,"נעמי שמר 15, חולון",,חולון
2026-07-30 13:04:09.000000,,clalit,דיאטה סכרתית,גולדמן בילי,"נעמי שמר 15, חולון",,חולון
2026-07-30 13:04:09.000000,,clalit,דיאטה סכרתית,לנגברג מיכל,"ששת הימים 6, חולון",,חולון
2026-07-30 13:04:09.000000,,clalit,דיאטה סכרתית,גולן יונית,"הרצל 34, רמת גן",,רמת גן
2026-07-30 13:04:09.000000,,clalit,דיאטה סכרתית,שחימוב מיטל,"עלי הכהן 13, בני ברק",,בני ברק
2026-07-30 13:04:09.000000,,clalit,דיאטה סכרתית,עזורי קוראל,"עלי הכהן 13, בני ברק",,בני ברק
2026-07-30 13:04:09.000000,,clalit,דיאטה סכרתית,קרן סלוצקי מינדלין,"טשרניחובסקי 4, הרצליה",,הרצליה
2026-07-30 13:04:09.000000,,clalit,דיאטה סכרתית,מירב רבר,"הגליל 5, כפר סבא",,כפר סבא
2026-07-30 13:04:09.000000,,clalit,דיאטה סכרתית,שרון ברקה,"סשה ארגוב 23, רעננה",,רעננה
2026-07-30 13:04:11.000000,,clalit,EMG יד,,"דרך זאב ז'בוטינסקי 7, בני ברק",,בני ברק
2026-07-30 13:04:11.000000,,clalit,EMG יד,,"שדרות נים 2, ראשון לציון",,ראשון לציון
2026-07-30 13:04:12.000000,,clalit,EMG רגל,,"שדרות נים 2, ראשון לציון",,ראשון לציון
2026-07-30 13:04:12.000000,,clalit,EMG רגל,,"דרך זאב ז'בוטינסקי 7, בני ברק",,בני ברק
2026-07-30 13:04:14.000000,,clalit,אולטרסאונד - בטן עלי,טארק עבד אל חי,תל אביב יפו,,תל אביב יפו
2026-07-30 13:04:14.000000,,clalit,אולטרסאונד - בטן עלי,"ד""ר אלכסנדר",תל אביב יפו,,תל אביב יפו
2026-07-30 13:04:14.000000,,clalit,אולטרסאונד - בטן עלי,כללי 5,תל אביב יפו,,תל אביב יפו
2026-07-30 13:04:14.000000,,clalit,אולטרסאונד - בטן עלי,אבו נאג'י עדי,תל אביב יפו,,תל אביב יפו
2026-07-30 13:04:14.000000,,clalit,אולטרסאונד - בטן עלי,עוסמאן מחמוד -טכנאי,"עזרא 11, בני ברק",,בני ברק
2026-07-30 13:04:14.000000,,clalit,אולטרסאונד - בטן עלי,בן גמיל נאבא-טכנאית,"עזרא 11, בני ברק",,בני ברק
2026-07-30 13:04:14.000000,,clalit,אולטרסאונד - בטן עלי,עיסא רוקייה- טכנאית,"עזרא 11, בני ברק",,בני ברק
2026-07-30 13:04:15.000000,,clalit,אולטרסאונד - בטן עלי,מיכאל תורן טכנאי,"הפועל 22, הרצליה",,הרצליה
2026-07-30 13:04:16.000000,2026-08-03 00:00:00,clalit,אולטרסאונד - גניקולו,אולט' נשים,"אבא אחימאיר 18, תל אביב יפו",4.0,תל אביב יפו
2026-07-30 13:04:16.000000,2026-08-05 00:00:00,clalit,אולטרסאונד - גניקולו,אולט' נשים מעיין/לי,"אבא אחימאיר 18, תל אביב יפו",6.0,תל אביב יפו
2026-07-30 13:04:16.000000,2026-08-19 00:00:00,clalit,אולטרסאונד - גניקולו,"ד""ר דקל איל","אבא אחימאיר 18, תל אביב יפו",20.0,תל אביב יפו
2026-07-30 13:04:16.000000,2026-08-23 00:00:00,clalit,אולטרסאונד - גניקולו,"ד""ר דרוקר ליאור","אבא אחימאיר 18, תל אביב יפו",24.0,תל אביב יפו
2026-07-30 13:04:16.000000,2026-09-07 00:00:00,clalit,אולטרסאונד - גניקולו,"ד""ר ארליך אורי","אבא אחימאיר 18, תל אביב יפו",39.0,תל אביב יפו
2026-07-30 13:04:16.000000,2026-07-31 00:00:00,clalit,אולטרסאונד - גניקולו,אולט' נשים,"אריק איינשטיין 1, בת ים",1.0,בת ים
2026-07-30 13:04:16.000000,2026-08-02 00:00:00,clalit,אולטרסאונד - גניקולו,"ד""ר מימוני גלית","חזון אי''ש 62, בני ברק",3.0,בני ברק
2026-07-30 13:04:17.000000,2026-08-02 00:00:00,clalit,אולטרסאונד - גניקולו,הירש גתית -טכנאית,"חזון אי''ש 62, בני ברק",3.0,בני ברק
2026-07-30 13:04:17.000000,2026-08-02 00:00:00,clalit,אולטרסאונד - גניקולו,מילנה פרקנסקי טכנאי,"בן גוריון 22, הרצליה",3.0,הרצליה
2026-07-30 13:04:17.000000,2026-08-04 00:00:00,clalit,אולטרסאונד - גניקולו,"ד""ר גלפרין אולגה","חזון אי''ש 62, בני ברק",5.0,בני ברק
2026-07-30 13:04:17.000000,2026-08-04 00:00:00,clalit,אולטרסאונד - גניקולו,זימן רונית - טכנאית,"דרך בן גוריון 13, בני ברק",5.0,בני ברק
2026-07-30 13:04:17.000000,2026-08-04 00:00:00,clalit,אולטרסאונד - גניקולו,חגית נהרי,"בן גוריון 22, הרצליה",5.0,הרצליה
2026-07-30 13:04:17.000000,2026-08-05 00:00:00,clalit,אולטרסאונד - גניקולו,זימן רונית - טכנאית,"חזון אי''ש 62, בני ברק",6.0,בני ברק
2026-07-30 13:04:17.000000,2026-08-06 00:00:00,clalit,אולטרסאונד - גניקולו,פרופ' פלד יואב,"דרך בן גוריון 13, בני ברק",7.0,בני ברק
2026-07-30 13:04:18.000000,2026-08-09 00:00:00,clalit,אולטרסאונד - גניקולו,"ד""ר קופילוב רון גרשו","דרך בן גוריון 13, בני ברק",10.0,בני ברק
2026-07-30 13:04:18.000000,2026-08-09 00:00:00,clalit,אולטרסאונד - גניקולו,סבטלנה שכמייסטר,"סשה ארגוב 23, רעננה",10.0,רעננה
2026-07-30 13:04:18.000000,2026-08-10 00:00:00,clalit,אולטרסאונד - גניקולו,חגית נהרי,"סשה ארגוב 23, רעננה",11.0,רעננה
2026-07-30 13:04:18.000000,2026-08-12 00:00:00,clalit,אולטרסאונד - גניקולו,"ד""ר ריקובר יגאל-ארי","דרך בן גוריון 13, בני ברק",13.0,בני ברק
2026-07-30 13:04:18.000000,2026-08-12 00:00:00,clalit,אולטרסאונד - גניקולו,נטלי בניזדה(טכנאית),"בן גוריון 22, הרצליה",13.0,הרצליה
2026-07-30 13:04:18.000000,2026-08-16 00:00:00,clalit,אולטרסאונד - גניקולו,"ד""ר מימוני גלית","דרך בן גוריון 13, בני ברק",17.0,בני ברק
2026-07-30 13:04:18.000000,2026-08-16 00:00:00,clalit,אולטרסאונד - גניקולו,"ד""ר שריג מנחם יצח","וייצמן 83, כפר סבא",17.0,כפר סבא
2026-07-30 13:04:19.000000,2026-08-23 00:00:00,clalit,אולטרסאונד - גניקולו,"ד""ר דקל איל","אריק איינשטיין 1, בת ים",24.0,בת ים
2026-07-30 13:04:19.000000,2026-08-25 00:00:00,clalit,אולטרסאונד - גניקולו,"ד""ר סבח גד","דרך בן גוריון 13, בני ברק",26.0,בני ברק
2026-07-30 13:04:19.000000,2026-08-30 00:00:00,clalit,אולטרסאונד - גניקולו,פרופ' פרדו יוסף,"דרך בן גוריון 13, בני ברק",31.0,בני ברק
2026-07-30 13:04:19.000000,2026-09-03 00:00:00,clalit,אולטרסאונד - גניקולו,שטיינברג קארין-טכנא,"חזון אי''ש 62, בני ברק",35.0,בני ברק
2026-07-30 13:04:19.000000,,clalit,אולטרסאונד - גניקולו,"ד""ר חייקין אלכסנדר","וייצמן 83, כפר סבא",,כפר סבא
2026-07-30 13:04:20.000000,2026-08-03 00:00:00,clalit,אולטרסאונד - הריוני/,אולט' נשים,"אבא אחימאיר 18, תל אביב יפו",4.0,תל אביב יפו
2026-07-30 13:04:20.000000,2026-08-05 00:00:00,clalit,אולטרסאונד - הריוני/,אולט' נשים מעיין/לי,"אבא אחימאיר 18, תל אביב יפו",6.0,תל אביב יפו
2026-07-30 13:04:20.000000,2026-08-19 00:00:00,clalit,אולטרסאונד - הריוני/,"ד""ר דקל איל","אבא אחימאיר 18, תל אביב יפו",20.0,תל אביב יפו
2026-07-30 13:04:20.000000,2026-08-23 00:00:00,clalit,אולטרסאונד - הריוני/,"ד""ר דרוקר ליאור","אבא אחימאיר 18, תל אביב יפו",24.0,תל אביב יפו
2026-07-30 13:04:20.000000,2026-09-07 00:00:00,clalit,אולטרסאונד - הריוני/,"ד""ר ארליך אורי","אבא אחימאיר 18, תל אביב יפו",39.0,תל אביב יפו
2026-07-30 13:04:20.000000,2026-07-31 00:00:00,clalit,אולטרסאונד - הריוני/,אולט' נשים,"אריק איינשטיין 1, בת ים",1.0,בת ים
2026-07-30 13:04:20.000000,2026-08-02 00:00:00,clalit,אולטרסאונד - הריוני/,"ד""ר מימוני גלית","חזון אי''ש 62, בני ברק",3.0,בני ברק
2026-07-30 13:04:21.000000,2026-08-02 00:00:00,clalit,אולטרסאונד - הריוני/,הירש גתית -טכנאית,"חזון אי''ש 62, בני ברק",3.0,בני ברק
2026-07-30 13:04:21.000000,2026-08-02 00:00:00,clalit,אולטרסאונד - הריוני/,מילנה פרקנסקי טכנאי,"בן גוריון 22, הרצליה",3.0,הרצליה
2026-07-30 13:04:21.000000,2026-08-04 00:00:00,clalit,אולטרסאונד - הריוני/,"ד""ר גלפרין אולגה","חזון אי''ש 62, בני ברק",5.0,בני ברק
2026-07-30 13:04:21.000000,2026-08-04 00:00:00,clalit,אולטרסאונד - הריוני/,חגית נהרי,"בן גוריון 22, הרצליה",5.0,הרצליה
2026-07-30 13:04:21.000000,2026-08-06 00:00:00,clalit,אולטרסאונד - הריוני/,פרופ' פלד יואב,"דרך בן גוריון 13, בני ברק",7.0,בני ברק
2026-07-30 13:04:21.000000,2026-08-09 00:00:00,clalit,אולטרסאונד - הריוני/,"ד""ר קופילוב רון גרשו","דרך בן גוריון 13, בני ברק",10.0,בני ברק
2026-07-30 13:04:21.000000,2026-08-09 00:00:00,clalit,אולטרסאונד - הריוני/,סבטלנה שכמייסטר,"סשה ארגוב 23, רעננה",10.0,רעננה
2026-07-30 13:04:22.000000,2026-08-10 00:00:00,clalit,אולטרסאונד - הריוני/,חגית נהרי,"סשה ארגוב 23, רעננה",11.0,רעננה
2026-07-30 13:04:22.000000,2026-08-12 00:00:00,clalit,אולטרסאונד - הריוני/,"ד""ר ריקובר יגאל-ארי","דרך בן גוריון 13, בני ברק",13.0,בני ברק
2026-07-30 13:04:22.000000,2026-08-12 00:00:00,clalit,אולטרסאונד - הריוני/,נטלי בניזדה(טכנאית),"בן גוריון 22, הרצליה",13.0,הרצליה
2026-07-30 13:04:22.000000,2026-08-16 00:00:00,clalit,אולטרסאונד - הריוני/,"ד""ר מימוני גלית","דרך בן גוריון 13, בני ברק",17.0,בני ברק
2026-07-30 13:04:22.000000,2026-08-16 00:00:00,clalit,אולטרסאונד - הריוני/,"ד""ר שריג מנחם יצח","וייצמן 83, כפר סבא",17.0,כפר סבא
2026-07-30 13:04:22.000000,2026-08-23 00:00:00,clalit,אולטרסאונד - הריוני/,"ד""ר דקל איל","אריק איינשטיין 1, בת ים",24.0,בת ים
2026-07-30 13:04:22.000000,2026-08-25 00:00:00,clalit,אולטרסאונד - הריוני/,"ד""ר סבח גד","דרך בן גוריון 13, בני ברק",26.0,בני ברק
2026-07-30 13:04:23.000000,,clalit,אולטרסאונד - הריוני/,"ד""ר חייקין אלכסנדר","וייצמן 83, כפר סבא",,כפר סבא
2026-07-30 13:04:24.000000,,clalit,אולטרסאונד - פרקי ירכיים תינוק,,"שדרות נים 2, ראשון לציון",,ראשון לציון
2026-07-30 13:04:25.000000,,clalit,אולטרסאונד בטן עליונ,טארק עבד אל חי,תל אביב יפו,,תל אביב יפו
2026-07-30 13:04:25.000000,,clalit,אולטרסאונד בטן עליונ,"ד""ר אלכסנדר",תל אביב יפו,,תל אביב יפו
2026-07-30 13:04:25.000000,,clalit,אולטרסאונד בטן עליונ,כללי 5,תל אביב יפו,,תל אביב יפו
2026-07-30 13:04:25.000000,,clalit,אולטרסאונד בטן עליונ,אבו נאג'י עדי,תל אביב יפו,,תל אביב יפו
2026-07-30 13:04:25.000000,,clalit,אולטרסאונד בטן עליונ,עוסמאן מחמוד -טכנאי,"עזרא 11, בני ברק",,בני ברק
2026-07-30 13:04:25.000000,,clalit,אולטרסאונד בטן עליונ,בן גמיל נאבא-טכנאית,"עזרא 11, בני ברק",,בני ברק
2026-07-30 13:04:25.000000,,clalit,אולטרסאונד בטן עליונ,עיסא רוקייה- טכנאית,"עזרא 11, בני ברק",,בני ברק
2026-07-30 13:04:26.000000,,clalit,אולטרסאונד בטן עליונ,מיכאל תורן טכנאי,"הפועל 22, הרצליה",,הרצליה
2026-07-30 13:04:27.000000,2026-10-04 00:00:00,clalit,אורוגניקולוגיה,"ד""ר ביטמן גנדי","בן גוריון 22, הרצליה",66.0,הרצליה
2026-07-30 13:04:27.000000,,clalit,אורוגניקולוגיה,"ד""ר פייט קורן חגית","בן גוריון 22, הרצליה",,הרצליה
2026-07-30 13:04:28.000000,2026-08-03 00:00:00,clalit,"אורולוגיה,דרכי שתן,כ","ד""ר שטריקר אברהם","אבן גבירול 124, תל אביב יפו",4.0,תל אביב יפו
2026-07-30 13:04:28.000000,2026-08-17 00:00:00,clalit,"אורולוגיה,דרכי שתן,כ","ד""ר ונטורה יוסי","אבן גבירול 124, תל אביב יפו",18.0,תל אביב יפו
2026-07-30 13:04:28.000000,2026-08-17 00:00:00,clalit,"אורולוגיה,דרכי שתן,כ","ד""ר שפלר אלכסנדר","אבן גבירול 124, תל אביב יפו",18.0,תל אביב יפו
2026-07-30 13:04:28.000000,2026-10-04 00:00:00,clalit,"אורולוגיה,דרכי שתן,כ","ד""ר יחיאלי כהן רוית רחל","אבן גבירול 124, תל אביב יפו",66.0,תל אביב יפו
2026-07-30 13:04:28.000000,2026-10-13 00:00:00,clalit,"אורולוגיה,דרכי שתן,כ","ד""ר חתומי שירה","אבן גבירול 124, תל אביב יפו",75.0,תל אביב יפו
2026-07-30 13:04:28.000000,,clalit,"אורולוגיה,דרכי שתן,כ","ד""ר ברז יאיר","אבן גבירול 124, תל אביב יפו",,תל אביב יפו
2026-07-30 13:04:29.000000,2026-07-30 00:00:00,clalit,"אורולוגיה,דרכי שתן,כ","ד""ר קלר טאמז","הכישור 47, חולון",0.0,חולון
2026-07-30 13:04:29.000000,2026-07-30 00:00:00,clalit,"אורולוגיה,דרכי שתן,כ","ד""ר בנימיני יוסף","הרצל 34, רמת גן",0.0,רמת גן
2026-07-30 13:04:29.000000,2026-08-02 00:00:00,clalit,"אורולוגיה,דרכי שתן,כ","ד""ר מוגילבקין יעקב","נעמי שמר 15, חולון",3.0,חולון
2026-07-30 13:04:29.000000,2026-08-12 00:00:00,clalit,"אורולוגיה,דרכי שתן,כ","ד""ר קלר טאמז","נעמי שמר 15, חולון",13.0,חולון
2026-07-30 13:04:29.000000,2026-08-16 00:00:00,clalit,"אורולוגיה,דרכי שתן,כ","ד""ר טרנופולסקי אלברט","נעמי שמר 15, חולון",17.0,חולון
2026-07-30 13:04:29.000000,2026-08-18 00:00:00,clalit,"אורולוגיה,דרכי שתן,כ","ד""ר חייפץ אלכסנדר","הרב ניסנבאום 33, בת ים",19.0,בת ים
2026-07-30 13:04:29.000000,2026-08-27 00:00:00,clalit,"אורולוגיה,דרכי שתן,כ","ד""ר מנצור איימן","שדרות רחבעם 1, קרני שומרון",28.0,קרני שומרון
2026-07-30 13:04:30.000000,2026-08-30 00:00:00,clalit,"אורולוגיה,דרכי שתן,כ","ד""ר גיאלצ'ינסקי אילן","הרצל 34, רמת גן",31.0,רמת גן
2026-07-30 13:04:30.000000,2026-08-31 00:00:00,clalit,"אורולוגיה,דרכי שתן,כ","ד""ר מושיבייב יעקב","הרצל 34, רמת גן",32.0,רמת גן
2026-07-30 13:04:30.000000,2026-09-03 00:00:00,clalit,"אורולוגיה,דרכי שתן,כ","ד""ר ביכלר אמיר","הרצל 34, רמת גן",35.0,רמת גן
2026-07-30 13:04:30.000000,2026-09-03 00:00:00,clalit,"אורולוגיה,דרכי שתן,כ","ד""ר נוימן גד רפאל","הרצל 34, רמת גן",35.0,רמת גן
2026-07-30 13:04:30.000000,2026-09-03 00:00:00,clalit,"אורולוגיה,דרכי שתן,כ","ד""ר מילר אור","רמב''ם 1, הרצליה",35.0,הרצליה
2026-07-30 13:04:30.000000,2026-09-06 00:00:00,clalit,"אורולוגיה,דרכי שתן,כ","ד""ר מנצור איימן","טארק עבד אל חי, טירה",38.0,טירה
2026-07-30 13:04:30.000000,2026-09-07 00:00:00,clalit,"אורולוגיה,דרכי שתן,כ","ד""ר מנצור איימן","התקווה 18, רעננה",39.0,רעננה
2026-07-30 13:04:31.000000,2026-09-08 00:00:00,clalit,"אורולוגיה,דרכי שתן,כ","ד""ר שברצטוך גילדור עמרי מרד","התקווה 18, רעננה",40.0,רעננה
2026-07-30 13:04:31.000000,2026-09-09 00:00:00,clalit,"אורולוגיה,דרכי שתן,כ","ד""ר מנצור איימן","רמב''ם 1, הרצליה",41.0,הרצליה
2026-07-30 13:04:31.000000,2026-10-04 00:00:00,clalit,"אורולוגיה,דרכי שתן,כ","ד""ר וזינה אריה אמנ","רמב''ם 1, הרצליה",66.0,הרצליה
2026-07-30 13:04:31.000000,2026-10-07 00:00:00,clalit,"אורולוגיה,דרכי שתן,כ","ד""ר שושני אוהד","רמב''ם 1, הרצליה",69.0,הרצליה
2026-07-30 13:04:33.000000,,clalit,אורתופדיה - פרקי ירך,"רופא בי""ח 3","אבן גבירול 124, תל אביב יפו",,תל אביב יפו
2026-07-30 13:04:34.000000,,clalit,אורתופדיה ברך,"רופא בי""ח 3","אבן גבירול 124, תל אביב יפו",,תל אביב יפו
2026-07-30 13:04:36.000000,,clalit,אורתופדיה כף יד,המבורגר אהוד מאי,"נעמי שמר 15, חולון",,חולון
2026-07-30 13:04:37.000000,2026-08-05 00:00:00,clalit,אורתופדיה כף רגל,"ד""ר זמירו עיסאם","אל קודס 50, טירה",6.0,טירה
2026-07-30 13:04:38.000000,2026-08-30 00:00:00,clalit,אורתופדיה כתף,"ד""ר בן צבי יעקב","אחוזה 98, רעננה",31.0,רעננה
2026-07-30 13:04:38.000000,2026-10-26 00:00:00,clalit,אורתופדיה כתף,רבנזפט שי ציון,"נעמי שמר 15, חולון",88.0,חולון
2026-07-30 13:04:38.000000,,clalit,אורתופדיה כתף,"ד""ר סגל פנחס","הרצל 34, רמת גן",,רמת גן
2026-07-30 13:04:39.000000,,clalit,אלרגיה,"ד""ר רויטמן דניאל אל","סטרומה 3, בת ים",,בת ים
2026-07-30 13:04:39.000000,,clalit,אלרגיה,"ד""ר ניזניק סטנלי","עזרא 11, בני ברק",,בני ברק
2026-07-30 13:04:42.000000,2026-12-23 00:00:00,clalit,אנדוקרינולוגיה,"ד""ר ספיר מזיה","אבן גבירול 124, תל אביב יפו",146.0,תל אביב יפו
2026-07-30 13:04:42.000000,2026-12-27 00:00:00,clalit,אנדוקרינולוגיה,"ד""ר הרצברג דנה לילי","אבן גבירול 124, תל אביב יפו",150.0,תל אביב יפו
2026-07-30 13:04:42.000000,,clalit,אנדוקרינולוגיה,"ד""ר ששון ליאת","אבן גבירול 124, תל אביב יפו",,תל אביב יפו
2026-07-30 13:04:42.000000,,clalit,אנדוקרינולוגיה,"ד""ר פרידריך דובינצ כרמל","אבן גבירול 124, תל אביב יפו",,תל אביב יפו
2026-07-30 13:04:42.000000,,clalit,אנדוקרינולוגיה,"ד""ר אברמוף נס רוזני","אבן גבירול 124, תל אביב יפו",,תל אביב יפו
2026-07-30 13:04:42.000000,,clalit,אנדוקרינולוגיה,"ד""ר איזנברג יואב","אבן גבירול 124, תל אביב יפו",,תל אביב יפו
2026-07-30 13:04:44.000000,,clalit,אנדוקרינולוגיה,"ד""ר יצחקוב אלנה","הרב ניסנבאום 33, בת ים",,בת ים
2026-07-30 13:04:44.000000,,clalit,אנדוקרינולוגיה,"ד""ר יעיש איריס","הרב ניסנבאום 33, בת ים",,בת ים
2026-07-30 13:04:44.000000,,clalit,אנדוקרינולוגיה,"ד""ר נצר בייצר טל","הרב ניסנבאום 33, בת ים",,בת ים
2026-07-30 13:04:44.000000,,clalit,אנדוקרינולוגיה,"ד""ר מצרי שר","הרב ניסנבאום 33, בת ים",,בת ים
2026-07-30 13:04:44.000000,,clalit,אנדוקרינולוגיה,"ד""ר חמאדה רביע","הרב ניסנבאום 33, בת ים",,בת ים
2026-07-30 13:04:44.000000,,clalit,אנדוקרינולוגיה,"ד""ר סלוצקי אילנה","הרב ניסנבאום 33, בת ים",,בת ים
2026-07-30 13:04:44.000000,,clalit,אנדוקרינולוגיה,"ד""ר מושקוביץ' יבגני","עלי הכהן 13, בני ברק",,בני ברק
2026-07-30 13:04:45.000000,,clalit,אנדוקרינולוגיה,"ד""ר אבו צעלוק מחמוד","עלי הכהן 13, בני ברק",,בני ברק
2026-07-30 13:04:45.000000,,clalit,אנדוקרינולוגיה,"ד""ר רוזנבלום רחל חוה","רמב''ם 1, הרצליה",,הרצליה
2026-07-30 13:04:45.000000,,clalit,אנדוקרינולוגיה,"ד""ר רוזנבלום חמדה","בן גוריון 43, כפר סבא",,כפר סבא
2026-07-30 13:04:45.000000,,clalit,אנדוקרינולוגיה,"ד""ר מסרי עיראקי היבא","בן גוריון 43, כפר סבא",,כפר סבא
2026-07-30 13:04:45.000000,,clalit,אנדוקרינולוגיה,"ד""ר אמיתי אורן  בנ","רפפורט 3, כפר סבא",,כפר סבא
2026-07-30 13:04:46.000000,,clalit,אנדוקרינית אונוקלוגי,"ד""ר מושקוביץ' יבגני","עלי הכהן 13, בני ברק",,בני ברק
2026-07-30 13:04:46.000000,,clalit,אנדוקרינית אונוקלוגי,"ד""ר אבו צעלוק מחמוד","עלי הכהן 13, בני ברק",,בני ברק
2026-07-30 13:04:48.000000,2026-08-03 00:00:00,clalit,בדיקת צפיפות העצם במ,צפיפות העצם,"זליג ברודצקי 43, תל אביב יפו",4.0,תל אביב יפו
2026-07-30 13:04:48.000000,2026-08-06 00:00:00,clalit,בדיקת צפיפות העצם במכון,,"אבא אחימאיר 18, תל אביב יפו",7.0,תל אביב יפו
2026-07-30 13:04:48.000000,2026-07-30 00:00:00,clalit,בדיקת צפיפות העצם במכון,,"רבי מנחם פרוש 1, בית שמש",0.0,בית שמש
2026-07-30 13:04:48.000000,2026-08-12 00:00:00,clalit,בדיקת צפיפות העצם במכון,,"שדרות נים 2, ראשון לציון",13.0,ראשון לציון
2026-07-30 13:04:48.000000,2026-08-18 00:00:00,clalit,בדיקת צפיפות העצם במכון,,"הנדיב 71, הרצליה",19.0,הרצליה
2026-07-30 13:04:48.000000,2026-08-31 00:00:00,clalit,בדיקת צפיפות העצם במכון,,"דרך זאב ז'בוטינסקי 7, בני ברק",32.0,בני ברק
2026-07-30 13:04:49.000000,,clalit,גסטרואנטרולוגיה,"ד""ר מור מיכל זהב","אבן גבירול 124, תל אביב יפו",,תל אביב יפו
2026-07-30 13:04:49.000000,,clalit,גסטרואנטרולוגיה,"ד""ר בוקריס טולדנו אלקסיה ר","אבן גבירול 124, תל אביב יפו",,תל אביב יפו
2026-07-30 13:04:49.000000,,clalit,גסטרואנטרולוגיה,"ד""ר ז'יגלין אנדרי","אבן גבירול 124, תל אביב יפו",,תל אביב יפו
2026-07-30 13:04:49.000000,,clalit,גסטרואנטרולוגיה,"ד""ר שניר יפעת יהו","אבן גבירול 124, תל אביב יפו",,תל אביב יפו
2026-07-30 13:04:49.000000,,clalit,גסטרואנטרולוגיה,"ד""ר הרשקוביץ' מריצ'לה","אבן גבירול 124, תל אביב יפו",,תל אביב יפו
2026-07-30 13:04:49.000000,,clalit,גסטרואנטרולוגיה,"ד""ר מעוז ערן","אבן גבירול 124, תל אביב יפו",,תל אביב יפו
2026-07-30 13:04:49.000000,2026-09-09 00:00:00,clalit,גסטרואנטרולוגיה,"ד""ר ליכטנשטיין לב","דרך בן גוריון 13, בני ברק",41.0,בני ברק
2026-07-30 13:04:50.000000,2026-09-30 00:00:00,clalit,גסטרואנטרולוגיה,"ד""ר בניאשוילי זזה","דרך בן גוריון 13, בני ברק",62.0,בני ברק
2026-07-30 13:04:50.000000,2026-10-01 00:00:00,clalit,גסטרואנטרולוגיה,"ד""ר סחייק ורד","דרך בן גוריון 13, בני ברק",63.0,בני ברק
2026-07-30 13:04:50.000000,2026-10-04 00:00:00,clalit,גסטרואנטרולוגיה,"ד""ר אהרוני גולן מאיה","דרך בן גוריון 13, בני ברק",66.0,בני ברק
2026-07-30 13:04:50.000000,2026-10-04 00:00:00,clalit,גסטרואנטרולוגיה,"ד""ר בורוכוב אמה","דרך בן גוריון 13, בני ברק",66.0,בני ברק
2026-07-30 13:04:50.000000,2026-10-04 00:00:00,clalit,גסטרואנטרולוגיה,"ד""ר ראוכוורגר אריאלה ח","דרך בן גוריון 13, בני ברק",66.0,בני ברק
2026-07-30 13:04:50.000000,2026-10-05 00:00:00,clalit,גסטרואנטרולוגיה,"ד""ר בינדר יובל","דרך בן גוריון 13, בני ברק",67.0,בני ברק
2026-07-30 13:04:50.000000,2026-10-07 00:00:00,clalit,גסטרואנטרולוגיה,"ד""ר שנער נדב","דרך בן גוריון 13, בני ברק",69.0,בני ברק
2026-07-30 13:04:51.000000,2026-10-20 00:00:00,clalit,גסטרואנטרולוגיה,"ד""ר אקאי יפתח","הרב ניסנבאום 33, בת ים",82.0,בת ים
2026-07-30 13:04:51.000000,2026-10-20 00:00:00,clalit,גסטרואנטרולוגיה,"ד""ר רסקין מריה","הרב ניסנבאום 33, בת ים",82.0,בת ים
2026-07-30 13:04:51.000000,2026-10-22 00:00:00,clalit,גסטרואנטרולוגיה,"ד""ר זילפר טטיאנה","הרב ניסנבאום 33, בת ים",84.0,בת ים
2026-07-30 13:04:51.000000,2026-10-22 00:00:00,clalit,גסטרואנטרולוגיה,"ד""ר מנדל ליאור","הרב ניסנבאום 33, בת ים",84.0,בת ים
2026-07-30 13:04:51.000000,2026-10-22 00:00:00,clalit,גסטרואנטרולוגיה,"ד""ר סימנטוב רומן","הרב ניסנבאום 33, בת ים",84.0,בת ים
2026-07-30 13:04:51.000000,2026-10-22 00:00:00,clalit,גסטרואנטרולוגיה,"ד""ר קמחי אלן נמרו","הרב ניסנבאום 33, בת ים",84.0,בת ים
2026-07-30 13:04:51.000000,2026-10-25 00:00:00,clalit,גסטרואנטרולוגיה,"ד""ר שחר איל","הרב ניסנבאום 33, בת ים",87.0,בת ים
2026-07-30 13:04:52.000000,,clalit,גסטרואנטרולוגיה,"ד""ר דרייזין ורה","הרב ניסנבאום 33, בת ים",,בת ים
2026-07-30 13:04:52.000000,,clalit,גסטרואנטרולוגיה,"ד""ר נס אסף","הרב ניסנבאום 33, בת ים",,בת ים
2026-07-30 13:04:52.000000,,clalit,גסטרואנטרולוגיה,"ד""ר שוויישטיין חגי","רמב''ם 1, הרצליה",,הרצליה
2026-07-30 13:04:52.000000,,clalit,גסטרואנטרולוגיה,"ד""ר סגל דרור","רמב''ם 1, הרצליה",,הרצליה
2026-07-30 13:04:52.000000,,clalit,גסטרואנטרולוגיה,"ד""ר ברונשטיין טוינ מירי מרי","רמב''ם 1, הרצליה",,הרצליה
2026-07-30 13:04:52.000000,,clalit,גסטרואנטרולוגיה,"ד""ר קלנר ילנה","רמב''ם 1, הרצליה",,הרצליה
2026-07-30 13:04:52.000000,,clalit,גסטרואנטרולוגיה,"ד""ר הרשקוביץ אליס","רמב''ם 1, הרצליה",,הרצליה
2026-07-30 13:04:54.000000,2026-10-11 00:00:00,clalit,המטולוגיה,"רופא בי""ח","אבן גבירול 124, תל אביב יפו",73.0,תל אביב יפו
2026-07-30 13:04:54.000000,2026-09-23 00:00:00,clalit,המטולוגיה,"ד""ר ברדיצ'בסקי סבטלנה","הרב ניסנבאום 33, בת ים",55.0,בת ים
2026-07-30 13:04:55.000000,2026-10-01 00:00:00,clalit,טראומה כירורגית,"ד""ר קמינסקי אולג","הרצל 34, רמת גן",63.0,רמת גן
2026-07-30 13:04:55.000000,2026-10-15 00:00:00,clalit,טראומה כירורגית,"ד""ר ריבקובסקי יבגני","הרצל 34, רמת גן",77.0,רמת גן
2026-07-30 13:04:55.000000,2026-10-28 00:00:00,clalit,טראומה כירורגית,"ד""ר כץ יאיר","רמב''ם 1, הרצליה",90.0,הרצליה
2026-07-30 13:04:55.000000,,clalit,טראומה כירורגית,"ד""ר בן ארי שפירא ענת","רמב''ם 1, הרצליה",,הרצליה
2026-07-30 13:04:57.000000,2026-08-13 00:00:00,clalit,כירורגיה,"ד""ר ברנבוים אלכס","אבן גבירול 124, תל אביב יפו",14.0,תל אביב יפו
2026-07-30 13:04:57.000000,2026-08-16 00:00:00,clalit,כירורגיה,"ד""ר גולדנפרב פבל","אבן גבירול 124, תל אביב יפו",17.0,תל אביב יפו
2026-07-30 13:04:57.000000,2026-08-17 00:00:00,clalit,כירורגיה,"ד""ר בן דוד נדב","אבן גבירול 124, תל אביב יפו",18.0,תל אביב יפו
2026-07-30 13:04:57.000000,2026-08-21 00:00:00,clalit,כירורגיה,"ד""ר חזן דני","אבן גבירול 124, תל אביב יפו",22.0,תל אביב יפו
2026-07-30 13:04:57.000000,2026-08-25 00:00:00,clalit,כירורגיה,"ד""ר עוויסאת הייתם","התקומה 23, תל אביב יפו",26.0,תל אביב יפו
2026-07-30 13:04:57.000000,,clalit,כירורגיה,"ד""ר ברד ויאצ'סלב","אבן גבירול 124, תל אביב יפו",,תל אביב יפו
2026-07-30 13:04:58.000000,2026-07-30 00:00:00,clalit,כירורגיה,"ד""ר פרוטוס כריסטיאן","הרב ניסנבאום 33, בת ים",0.0,בת ים
2026-07-30 13:04:58.000000,2026-07-30 00:00:00,clalit,כירורגיה,"ד""ר סטריגין סרגיי","הרב ניסנבאום 33, בת ים",0.0,בת ים
2026-07-30 13:04:58.000000,2026-08-02 00:00:00,clalit,כירורגיה,"ד""ר לייבמן מיכאל","הרב ניסנבאום 33, בת ים",3.0,בת ים
2026-07-30 13:04:58.000000,2026-08-02 00:00:00,clalit,כירורגיה,"ד""ר חוטריאנסקי מיכאיל","הרב ניסנבאום 33, בת ים",3.0,בת ים
2026-07-30 13:04:58.000000,2026-08-02 00:00:00,clalit,כירורגיה,"ד""ר סטריגין סרגיי","נעמי שמר 15, חולון",3.0,חולון
2026-07-30 13:04:58.000000,2026-08-02 00:00:00,clalit,כירורגיה,"ד""ר גולדנפרב פבל","נעמי שמר 15, חולון",3.0,חולון
2026-07-30 13:04:58.000000,2026-08-04 00:00:00,clalit,כירורגיה,"ד""ר לייבמן מיכאל","נעמי שמר 15, חולון",5.0,חולון
2026-07-30 13:04:59.000000,2026-08-04 00:00:00,clalit,כירורגיה,כירורג ב.השרון-2,"הרצל 34, רמת גן",5.0,רמת גן
2026-07-30 13:04:59.000000,2026-08-11 00:00:00,clalit,כירורגיה,"ד""ר בן דוד נדב","נעמי שמר 15, חולון",12.0,חולון
2026-07-30 13:04:59.000000,2026-08-16 00:00:00,clalit,כירורגיה,"ד""ר ספרוב ולרי","הרב ניסנבאום 33, בת ים",17.0,בת ים
2026-07-30 13:04:59.000000,2026-09-11 00:00:00,clalit,כירורגיה,"ד""ר בן דוד נדב","חיים וייצמן 25, אזור",43.0,אזור
2026-07-30 13:04:59.000000,2026-10-01 00:00:00,clalit,כירורגיה,"ד""ר קמינסקי אולג","הרצל 34, רמת גן",63.0,רמת גן
2026-07-30 13:04:59.000000,2026-10-15 00:00:00,clalit,כירורגיה,"ד""ר ריבקובסקי יבגני","הרצל 34, רמת גן",77.0,רמת גן
2026-07-30 13:04:59.000000,2026-10-16 00:00:00,clalit,כירורגיה,"ד""ר שרמן יבגני","נעמי שמר 15, חולון",78.0,חולון
2026-07-30 13:05:00.000000,2026-10-28 00:00:00,clalit,כירורגיה,"ד""ר כץ יאיר","רמב''ם 1, הרצליה",90.0,הרצליה
2026-07-30 13:05:00.000000,,clalit,כירורגיה,"ד""ר פרוטוס כריסטיאן","נעמי שמר 15, חולון",,חולון
2026-07-30 13:05:00.000000,,clalit,כירורגיה,"ד""ר איטקין דינה","הרצל 34, רמת גן",,רמת גן
2026-07-30 13:05:00.000000,,clalit,כירורגיה,"ד""ר גייר אילת","דרך זאב ז'בוטינסקי 61, פתח תקווה",,פתח תקווה
2026-07-30 13:05:00.000000,,clalit,כירורגיה,"ד""ר בן ארי שפירא ענת","רמב''ם 1, הרצליה",,הרצליה
2026-07-30 13:05:00.000000,,clalit,כירורגיה,"ד""ר בר לב איל","רמב''ם 1, הרצליה",,הרצליה
2026-07-30 13:05:06.000000,2026-08-02 00:00:00,clalit,ממוגרפיה,,"אבא אחימאיר 18, תל אביב יפו",3.0,תל אביב יפו
2026-07-30 13:05:06.000000,2026-08-09 00:00:00,clalit,ממוגרפיה,ממוגרפיה1,"אבן גבירול 124, תל אביב יפו",10.0,תל אביב יפו
2026-07-30 13:05:06.000000,2026-07-30 00:00:00,clalit,ממוגרפיה,ממוגרפיה1,"הרב ניסנבאום 33, בת ים",0.0,בת ים
2026-07-30 13:05:06.000000,2026-07-30 00:00:00,clalit,ממוגרפיה,,"דרך זאב ז'בוטינסקי 7, בני ברק",0.0,בני ברק
2026-07-30 13:05:06.000000,2026-07-30 00:00:00,clalit,ממוגרפיה,,"הנדיב 71, הרצליה",0.0,הרצליה
2026-07-30 13:05:06.000000,2026-09-02 00:00:00,clalit,ממוגרפיה,,"רבי מנחם פרוש 1, בית שמש",34.0,בית שמש
2026-07-30 13:05:06.000000,2026-11-02 00:00:00,clalit,ממוגרפיה,,"שדרות נים 2, ראשון לציון",95.0,ראשון לציון
2026-07-30 13:05:07.000000,,clalit,מרפאת כאב,"ד""ר פוקס דניאל","הרצל 34, רמת גן",,רמת גן
2026-07-30 13:05:07.000000,,clalit,מרפאת כאב,"ד""ר בודובסקי ארקדי","הרצל 34, רמת גן",,רמת גן
2026-07-30 13:05:07.000000,,clalit,מרפאת כאב,"ד""ר סטוליק-דולברג אורית-חי","דרך יצחק רבין 53, גבעתיים",,גבעתיים
2026-07-30 13:05:08.000000,,clalit,מרפאת כבד,"ד""ר בוקריס טולדנו אלקסיה ר","אבן גבירול 124, תל אביב יפו",,תל אביב יפו
2026-07-30 13:05:08.000000,,clalit,מרפאת כבד,"ד""ר ז'יגלין אנדרי","אבן גבירול 124, תל אביב יפו",,תל אביב יפו
2026-07-30 13:05:08.000000,,clalit,מרפאת כבד,"ד""ר הרשקוביץ' מריצ'לה","אבן גבירול 124, תל אביב יפו",,תל אביב יפו
2026-07-30 13:05:08.000000,,clalit,מרפאת כבד,"ד""ר מעוז ערן","אבן גבירול 124, תל אביב יפו",,תל אביב יפו
2026-07-30 13:05:09.000000,2026-10-05 00:00:00,clalit,נוירוכירורגיה,רופ.נוירו.מוח.בלינס,"דרך זאב ז'בוטינסקי 105, רמת גן",67.0,רמת גן
2026-07-30 13:05:10.000000,2026-08-24 00:00:00,clalit,נוירוכירורגיה - ע.שד,"רופ.נוירו.עמ""ש.בלינ","דרך זאב ז'בוטינסקי 105, רמת גן",25.0,רמת גן
2026-07-30 13:05:12.000000,,clalit,נוירולוגיה,"ד""ר טולקובסקי אסף שמוא","אבן גבירול 124, תל אביב יפו",,תל אביב יפו
2026-07-30 13:05:12.000000,,clalit,נוירולוגיה,"ד""ר גסקין יורי","אבן גבירול 124, תל אביב יפו",,תל אביב יפו
2026-07-30 13:05:12.000000,,clalit,נוירולוגיה,"ד""ר חייגרכט מיכאל","אבן גבירול 124, תל אביב יפו",,תל אביב יפו
2026-07-30 13:05:12.000000,,clalit,נוירולוגיה,"ד""ר יריומין ולדיסלב","אבן גבירול 124, תל אביב יפו",,תל אביב יפו
2026-07-30 13:05:12.000000,,clalit,נוירולוגיה,"ד""ר מרמלשטיין ילנה","אבן גבירול 124, תל אביב יפו",,תל אביב יפו
2026-07-30 13:05:12.000000,2026-09-23 00:00:00,clalit,נוירולוגיה,אורמן איליה,"רמב''ם 1, הרצליה",55.0,הרצליה
2026-07-30 13:05:15.000000,,clalit,נוירולוגיה,"ד""ר וייצמן נינה","הרב ניסנבאום 33, בת ים",,בת ים
2026-07-30 13:05:15.000000,,clalit,נוירולוגיה,"ד""ר ג'יריס דניאל","הרב ניסנבאום 33, בת ים",,בת ים
2026-07-30 13:05:15.000000,,clalit,נוירולוגיה,"ד""ר בן נון קולר מעין","הרב ניסנבאום 33, בת ים",,בת ים
2026-07-30 13:05:15.000000,,clalit,נוירולוגיה,"ד""ר שבצוב אוולינה","הרב ניסנבאום 33, בת ים",,בת ים
2026-07-30 13:05:15.000000,,clalit,נוירולוגיה,"ד""ר פרוחורוב טטיאנה","הרב ניסנבאום 33, בת ים",,בת ים
2026-07-30 13:05:15.000000,,clalit,נוירולוגיה,"ד""ר מכלין ילנה","הרב ניסנבאום 33, בת ים",,בת ים
2026-07-30 13:05:15.000000,,clalit,נוירולוגיה,"ד""ר יאביץ אלכסנדר","דרך בן גוריון 13, בני ברק",,בני ברק
2026-07-30 13:05:16.000000,,clalit,נוירולוגיה,"ד""ר נאשף הלאל","רמב''ם 1, הרצליה",,הרצליה
2026-07-30 13:05:16.000000,,clalit,נוירולוגיה,"ד""ר ורבר פודגיצקי עידית עד","רמב''ם 1, הרצליה",,הרצליה
2026-07-30 13:05:16.000000,,clalit,נוירולוגיה,"ד""ר גרשנוביץ' בנקו איזבלה","רמב''ם 1, הרצליה",,הרצליה
2026-07-30 13:05:16.000000,,clalit,נוירולוגיה,"ד""ר כרמון יובל","רמב''ם 1, הרצליה",,הרצליה
2026-07-30 13:05:16.000000,,clalit,נוירולוגיה,"ד""ר עתאמנה אחמד","בן גוריון 43, כפר סבא",,כפר סבא
2026-07-30 13:05:16.000000,,clalit,נוירולוגיה,"ד""ר צאושו סולי","וייצמן 24, כפר סבא",,כפר סבא
2026-07-30 13:05:19.000000,,clalit,נפרולוגיה,"ד""ר ויינטל ברנהיים איריס","אבן גבירול 124, תל אביב יפו",,תל אביב יפו
2026-07-30 13:05:19.000000,,clalit,נפרולוגיה,"ד""ר שטרן שרון","אבן גבירול 124, תל אביב יפו",,תל אביב יפו
2026-07-30 13:05:19.000000,,clalit,נפרולוגיה,"ד""ר מיזל מור אשכר חיה","אבן גבירול 124, תל אביב יפו",,תל אביב יפו
2026-07-30 13:05:19.000000,,clalit,נפרולוגיה,"רופא מבי""ח","אבן גבירול 124, תל אביב יפו",,תל אביב יפו
2026-07-30 13:05:19.000000,,clalit,נפרולוגיה,"רופא בי""ח 1","אבן גבירול 124, תל אביב יפו",,תל אביב יפו
2026-07-30 13:05:19.000000,2026-09-23 00:00:00,clalit,נפרולוגיה,"רופא מבי""ח","הרב ניסנבאום 33, בת ים",55.0,בת ים
2026-07-30 13:05:19.000000,,clalit,נפרולוגיה,"ד""ר ויינטל ברנהיים איריס","הרב ניסנבאום 33, בת ים",,בת ים
2026-07-30 13:05:20.000000,,clalit,נפרולוגיה,"ד""ר בהרל ברגנר טל","רמב''ם 1, הרצליה",,הרצליה
2026-07-30 13:05:20.000000,,clalit,נפרולוגיה,"ד""ר קניס אירינה","בן גוריון 43, כפר סבא",,כפר סבא
2026-07-30 13:05:22.000000,2026-10-20 00:00:00,clalit,סכרת,"ד""ר ספיר מזיה","אבן גבירול 124, תל אביב יפו",82.0,תל אביב יפו
2026-07-30 13:05:22.000000,,clalit,סכרת,"ד""ר הרצברג דנה לילי","אבן גבירול 124, תל אביב יפו",,תל אביב יפו
2026-07-30 13:05:22.000000,,clalit,סכרת,"ד""ר ששון ליאת","אבן גבירול 124, תל אביב יפו",,תל אביב יפו
2026-07-30 13:05:22.000000,,clalit,סכרת,"ד""ר פרידריך דובינצ כרמל","אבן גבירול 124, תל אביב יפו",,תל אביב יפו
2026-07-30 13:05:22.000000,,clalit,סכרת,"ד""ר אברמוף נס רוזני","אבן גבירול 124, תל אביב יפו",,תל אביב יפו
2026-07-30 13:05:22.000000,,clalit,סכרת,"ד""ר איזנברג יואב","אבן גבירול 124, תל אביב יפו",,תל אביב יפו
2026-07-30 13:05:23.000000,2026-09-23 00:00:00,clalit,סכרת,"ד""ר ויינברג טטיאנה","הרב ניסנבאום 33, בת ים",55.0,בת ים
2026-07-30 13:05:23.000000,2026-10-06 00:00:00,clalit,סכרת,"ד""ר זבולונוב ילנה","הרב ניסנבאום 33, בת ים",68.0,בת ים
2026-07-30 13:05:23.000000,,clalit,סכרת,"ד""ר סלוצקי אילנה","הרב ניסנבאום 33, בת ים",,בת ים
2026-07-30 13:05:23.000000,,clalit,סכרת,"ד""ר קלימינסקי אברב אלה","עלי הכהן 13, בני ברק",,בני ברק
2026-07-30 13:05:23.000000,,clalit,סכרת,"ד""ר בודנשטיין-סחר הילה","עלי הכהן 13, בני ברק",,בני ברק
2026-07-30 13:05:23.000000,,clalit,סכרת,"ד""ר שפירא סופיה","הערבה 23, הרצליה",,הרצליה
2026-07-30 13:05:23.000000,,clalit,סכרת,"ד""ר רויטמן איתן","הערבה 23, הרצליה",,הרצליה
2026-07-30 13:05:23.000000,,clalit,סוכרת,"ד""ר רוזנבלום חמדה","בן גוריון 43, כפר סבא",,כפר סבא
2026-07-30 13:05:25.000000,2026-08-02 00:00:00,clalit,ספירומטריה,תפקודי ריאות,"אבן גבירול 124, תל אביב יפו",3.0,תל אביב יפו
2026-07-30 13:05:25.000000,2026-08-04 00:00:00,clalit,ספירומטריה,תפקודי ריאות,"הרב ניסנבאום 33, בת ים",5.0,בת ים
2026-07-30 13:05:26.000000,2026-08-03 00:00:00,clalit,עיניים - בדיקת OCT,,"אבא אחימאיר 18, תל אביב יפו",4.0,תל אביב יפו
2026-07-30 13:05:26.000000,,clalit,עיניים - בדיקת OCT,,"אבן גבירול 124, תל אביב יפו",,תל אביב יפו
2026-07-30 13:05:26.000000,2026-07-30 00:00:00,clalit,עיניים - בדיקת TCO,מכון עין מדוייקת,"וייצמן 83, כפר סבא",0.0,כפר סבא
2026-07-30 13:05:26.000000,2026-07-30 00:00:00,clalit,עיניים - בדיקת OCT,,"דרך זאב ז'בוטינסקי 7, בני ברק",0.0,בני ברק
2026-07-30 13:05:26.000000,2026-07-31 00:00:00,clalit,עיניים - בדיקת OCT,,"שדרות נים 2, ראשון לציון",1.0,ראשון לציון
2026-07-30 13:05:26.000000,2026-09-10 00:00:00,clalit,עיניים - בדיקת OCT,,"נעמי שמר 15, חולון",42.0,חולון
2026-07-30 13:05:27.000000,2026-07-30 00:00:00,clalit,עיניים אורטופטיקה/פז,נעמי ביסמוט,"בן גוריון 43, כפר סבא",0.0,כפר סבא
2026-07-30 13:05:29.000000,,clalit,עיניים גלאוקומה,פרופ' ויסבורד מיכאל,"אבן גבירול 124, תל אביב יפו",,תל אביב יפו
2026-07-30 13:05:31.000000,2026-07-30 00:00:00,clalit,עיניים פזילה,נעמי ביסמוט,"בן גוריון 43, כפר סבא",0.0,כפר סבא
2026-07-30 13:05:35.000000,2026-08-09 00:00:00,clalit,פוריות,"ד""ר טיירי דניאל","דרך שלמה 43, תל אביב יפו",10.0,תל אביב יפו
2026-07-30 13:05:35.000000,2026-08-02 00:00:00,clalit,פוריות,"ד""ר פוטלוג-נהרי קלריס","חזון אי''ש 62, בני ברק",3.0,בני ברק
2026-07-30 13:05:35.000000,2026-08-02 00:00:00,clalit,פוריות,"ד""ר שולץ אדליה","דרך בן גוריון 13, בני ברק",3.0,בני ברק
2026-07-30 13:05:35.000000,2026-08-03 00:00:00,clalit,פוריות,"ד""ר ריקובר יגאל-ארי","דרך בן גוריון 13, בני ברק",4.0,בני ברק
2026-07-30 13:05:35.000000,2026-08-10 00:00:00,clalit,פוריות,פרופ' גת איתי,"חזון אי''ש 62, בני ברק",11.0,בני ברק
2026-07-30 13:05:35.000000,2026-08-11 00:00:00,clalit,פוריות,"ד""ר גלעדי יעקובי איתן","דרך בן גוריון 13, בני ברק",12.0,בני ברק
2026-07-30 13:05:35.000000,2026-08-13 00:00:00,clalit,פוריות,פרופ' נחום רוית,"דרך בן גוריון 13, בני ברק",14.0,בני ברק
2026-07-30 13:05:36.000000,2026-09-02 00:00:00,clalit,פוריות,"ד""ר ורטהיימר אביטל","דרך בן גוריון 13, בני ברק",34.0,בני ברק
2026-07-30 13:05:38.000000,,clalit,פלסטיקה,"ד""ר רוזנשפיר לוי יצחק","אבן גבירול 124, תל אביב יפו",,תל אביב יפו
2026-07-30 13:05:38.000000,,clalit,פלסטיקה,"ד""ר גולדשטיין אורן","אבן גבירול 124, תל אביב יפו",,תל אביב יפו
2026-07-30 13:05:38.000000,,clalit,פלסטיקה,"רופא בי""ח","אבן גבירול 124, תל אביב יפו",,תל אביב יפו
2026-07-30 13:05:38.000000,,clalit,פלסטיקה,"ד""ר שוחט שירלי","נעמי שמר 15, חולון",,חולון
2026-07-30 13:05:38.000000,,clalit,פלסטיקה,"ד""ר בן-נפתלי יעלה","הרצל 34, רמת גן",,רמת גן
2026-07-30 13:05:38.000000,,clalit,פלסטיקה,"ד""ר כהן שרית","הרצל 34, רמת גן",,רמת גן
2026-07-30 13:05:40.000000,2026-08-02 00:00:00,clalit,פרוקטולוגיה,"ד""ר גולדנפרב פבל","אבן גבירול 124, תל אביב יפו",3.0,תל אביב יפו
2026-07-30 13:05:40.000000,2026-08-02 00:00:00,clalit,פרוקטולוגיה,"רופא בי""ח","אבן גבירול 124, תל אביב יפו",3.0,תל אביב יפו
2026-07-30 13:05:40.000000,2026-08-09 00:00:00,clalit,פרוקטולוגיה,"ד""ר ברד ויאצ'סלב","אבן גבירול 124, תל אביב יפו",10.0,תל אביב יפו
2026-07-30 13:05:40.000000,2026-08-17 00:00:00,clalit,פרוקטולוגיה,"ד""ר בן דוד נדב","אבן גבירול 124, תל אביב יפו",18.0,תל אביב יפו
2026-07-30 13:05:40.000000,2026-08-21 00:00:00,clalit,פרוקטולוגיה,"ד""ר ברנבוים אלכס","אבן גבירול 124, תל אביב יפו",22.0,תל אביב יפו
2026-07-30 13:05:40.000000,2026-08-25 00:00:00,clalit,פרוקטולוגיה,"ד""ר עוויסאת הייתם","התקומה 23, תל אביב יפו",26.0,תל אביב יפו
2026-07-30 13:05:41.000000,,clalit,פרוקטולוגיה,"ד""ר בוקריס טולדנו אלקסיה ר","אבן גבירול 124, תל אביב יפו",,תל אביב יפו
2026-07-30 13:05:41.000000,2026-07-30 00:00:00,clalit,פרוקטולוגיה,"ד""ר פרוטוס כריסטיאן","הרב ניסנבאום 33, בת ים",0.0,בת ים
2026-07-30 13:05:41.000000,2026-07-30 00:00:00,clalit,פרוקטולוגיה,"ד""ר סטריגין סרגיי","הרב ניסנבאום 33, בת ים",0.0,בת ים
2026-07-30 13:05:41.000000,2026-08-02 00:00:00,clalit,פרוקטולוגיה,"ד""ר לייבמן מיכאל","הרב ניסנבאום 33, בת ים",3.0,בת ים
2026-07-30 13:05:41.000000,2026-08-02 00:00:00,clalit,פרוקטולוגיה,"ד""ר סטריגין סרגיי","נעמי שמר 15, חולון",3.0,חולון
2026-07-30 13:05:41.000000,2026-08-02 00:00:00,clalit,פרוקטולוגיה,"ד""ר גולדנפרב פבל","נעמי שמר 15, חולון",3.0,חולון
2026-07-30 13:05:41.000000,2026-08-02 00:00:00,clalit,פרוקטולוגיה,"ד""ר איטקין דינה","הרצל 34, רמת גן",3.0,רמת גן
2026-07-30 13:05:42.000000,2026-08-04 00:00:00,clalit,פרוקטולוגיה,"ד""ר לייבמן מיכאל","נעמי שמר 15, חולון",5.0,חולון
2026-07-30 13:05:42.000000,2026-08-06 00:00:00,clalit,פרוקטולוגיה,כירורג ב.השרון-2,"הרצל 34, רמת גן",7.0,רמת גן
2026-07-30 13:05:42.000000,2026-08-09 00:00:00,clalit,פרוקטולוגיה,"ד""ר אלפר שלמה דן","הרצל 34, רמת גן",10.0,רמת גן
2026-07-30 13:05:42.000000,2026-08-11 00:00:00,clalit,פרוקטולוגיה,"ד""ר בן דוד נדב","נעמי שמר 15, חולון",12.0,חולון
2026-07-30 13:05:42.000000,2026-08-13 00:00:00,clalit,פרוקטולוגיה,"ד""ר ריבקובסקי יבגני","הרצל 34, רמת גן",14.0,רמת גן
2026-07-30 13:05:42.000000,2026-09-11 00:00:00,clalit,פרוקטולוגיה,"ד""ר בן דוד נדב","חיים וייצמן 25, אזור",43.0,אזור
2026-07-30 13:05:42.000000,2026-10-16 00:00:00,clalit,פרוקטולוגיה,"ד""ר שרמן יבגני","נעמי שמר 15, חולון",78.0,חולון
2026-07-30 13:05:43.000000,2026-10-28 00:00:00,clalit,פרוקטולוגיה,"ד""ר כץ יאיר","רמב''ם 1, הרצליה",90.0,הרצליה
2026-07-30 13:05:43.000000,,clalit,פרוקטולוגיה,"ד""ר פרוטוס כריסטיאן","נעמי שמר 15, חולון",,חולון
2026-07-30 13:05:43.000000,,clalit,פרוקטולוגיה,"ד""ר בן ארי שפירא ענת","רמב''ם 1, הרצליה",,הרצליה
2026-07-30 13:05:43.000000,,clalit,פרוקטולוגיה,"ד""ר בר לב איל","רמב''ם 1, הרצליה",,הרצליה
2026-07-30 13:05:45.000000,2026-08-03 00:00:00,clalit,רנטגן/רדיולוגיה - כל,צילומים,"אבן גבירול 124, תל אביב יפו",4.0,תל אביב יפו
2026-07-30 13:05:45.000000,2026-08-06 00:00:00,clalit,רנטגן/רדיולוגיה - כל,צילומים א',"אבן גבירול 124, תל אביב יפו",7.0,תל אביב יפו
2026-07-30 13:05:45.000000,2026-08-02 00:00:00,clalit,רנטגן/רדיולוגיה - כל,צילומים כלליים,"עזרא 11, בני ברק",3.0,בני ברק
2026-07-30 13:05:45.000000,2026-08-03 00:00:00,clalit,רנטגן/רדיולוגיה - כל,צילומים,"הרב ניסנבאום 33, בת ים",4.0,בת ים
2026-07-30 13:05:45.000000,2026-08-03 00:00:00,clalit,רנטגן/רדיולוגיה - כל,צילומים ב',"הרב ניסנבאום 33, בת ים",4.0,בת ים
2026-07-30 13:05:45.000000,2026-08-03 00:00:00,clalit,רנטגן/רדיולוגיה - כל,צילומים כלליים וריא,"הרצל 34, רמת גן",4.0,רמת גן
2026-07-30 13:05:45.000000,2026-08-03 00:00:00,clalit,רנטגן/רדיולוגיה - כל,צילומים כלליים,"הרצל 34, רמת גן",4.0,רמת גן
2026-07-30 13:05:46.000000,2026-08-04 00:00:00,clalit,רנטגן/רדיולוגיה - כל,צילומים,"נעמי שמר 15, חולון",5.0,חולון
2026-07-30 13:05:46.000000,2026-08-26 00:00:00,clalit,רנטגן/רדיולוגיה - כל,"רנטגן כ""ס בן גוריון","בן גוריון 43, כפר סבא",27.0,כפר סבא
2026-07-30 13:05:46.000000,2026-09-01 00:00:00,clalit,רנטגן/רדיולוגיה - כל,רנטגן-צילום,"רמב''ם 1, הרצליה",33.0,הרצליה
2026-07-30 13:05:46.000000,,clalit,רנטגן/רדיולוגיה - כל,צילומים ג',"הרב ניסנבאום 33, בת ים",,בת ים
2026-07-30 13:05:47.000000,2026-10-01 00:00:00,clalit,ציפורן חודרנית,"ד""ר קמינסקי אולג","הרצל 34, רמת גן",63.0,רמת גן
2026-07-30 13:05:47.000000,2026-10-15 00:00:00,clalit,ציפורן חודרנית,"ד""ר ריבקובסקי יבגני","הרצל 34, רמת גן",77.0,רמת גן
2026-07-30 13:05:49.000000,2026-08-03 00:00:00,clalit,קרדיולוגיה,"ד""ר מורנינקס דניאל","אבן גבירול 124, תל אביב יפו",4.0,תל אביב יפו
2026-07-30 13:05:49.000000,2026-08-11 00:00:00,clalit,קרדיולוגיה,"ד""ר דקה סמיר","אבן גבירול 124, תל אביב יפו",12.0,תל אביב יפו
2026-07-30 13:05:49.000000,2026-09-17 00:00:00,clalit,קרדיולוגיה,"ד""ר חלפין ולבל זאב","אבן גבירול 124, תל אביב יפו",49.0,תל אביב יפו
2026-07-30 13:05:49.000000,2026-09-17 00:00:00,clalit,קרדיולוגיה,"ד""ר עגור קונסטנטי","אבן גבירול 124, תל אביב יפו",49.0,תל אביב יפו
2026-07-30 13:05:49.000000,2026-09-17 00:00:00,clalit,קרדיולוגיה,"ד""ר צצקין לודמילה","אבן גבירול 124, תל אביב יפו",49.0,תל אביב יפו
2026-07-30 13:05:49.000000,2026-10-05 00:00:00,clalit,קרדיולוגיה,פרופ' פוקס תרצה,"אבן גבירול 124, תל אביב יפו",67.0,תל אביב יפו
2026-07-30 13:05:50.000000,2026-11-01 00:00:00,clalit,קרדיולוגיה,"ד""ר אבו קטש מחמוד","אבן גבירול 124, תל אביב יפו",94.0,תל אביב יפו
2026-07-30 13:05:50.000000,2026-09-06 00:00:00,clalit,קרדיולוגיה,"ד""ר מיכאלי איליה","הרב ניסנבאום 33, בת ים",38.0,בת ים
2026-07-30 13:05:50.000000,2026-09-06 00:00:00,clalit,קרדיולוגיה,"ד""ר רולר מילטון ב","הרב ניסנבאום 33, בת ים",38.0,בת ים
2026-07-30 13:05:50.000000,2026-09-07 00:00:00,clalit,קרדיולוגיה,"ד""ר בינר סימון","הרב ניסנבאום 33, בת ים",39.0,בת ים
2026-07-30 13:05:50.000000,2026-09-07 00:00:00,clalit,קרדיולוגיה,"ד""ר עגור קונסטנטי","הרב ניסנבאום 33, בת ים",39.0,בת ים
2026-07-30 13:05:50.000000,2026-09-07 00:00:00,clalit,קרדיולוגיה,"ד""ר צ'אוסובסקי גנדי","דרך בן גוריון 13, בני ברק",39.0,בני ברק
2026-07-30 13:05:50.000000,2026-09-08 00:00:00,clalit,קרדיולוגיה,"ד""ר קולקר שמעון","דרך בן גוריון 13, בני ברק",40.0,בני ברק
2026-07-30 13:05:51.000000,2026-09-08 00:00:00,clalit,קרדיולוגיה,"ד""ר מנדלביץ' לב","דרך בן גוריון 13, בני ברק",40.0,בני ברק
2026-07-30 13:05:51.000000,2026-09-09 00:00:00,clalit,קרדיולוגיה,"רופא מבי""ח","הרב ניסנבאום 33, בת ים",41.0,בת ים
2026-07-30 13:05:51.000000,2026-09-09 00:00:00,clalit,קרדיולוגיה,"ד""ר קרוצ'ין אירן","דרך בן גוריון 13, בני ברק",41.0,בני ברק
2026-07-30 13:05:51.000000,2026-09-10 00:00:00,clalit,קרדיולוגיה,"ד""ר יעקובוב רומן","הרב ניסנבאום 33, בת ים",42.0,בת ים
2026-07-30 13:05:51.000000,2026-09-10 00:00:00,clalit,קרדיולוגיה,"ד""ר אביב ירון חי","דרך בן גוריון 13, בני ברק",42.0,בני ברק
2026-07-30 13:05:51.000000,2026-09-15 00:00:00,clalit,קרדיולוגיה,"ד""ר טורובסקי ארקדי","הרב ניסנבאום 33, בת ים",47.0,בת ים
2026-07-30 13:05:51.000000,2026-09-17 00:00:00,clalit,קרדיולוגיה,"ד""ר גולדרין יבגני","נעמי שמר 15, חולון",49.0,חולון
2026-07-30 13:05:52.000000,2026-09-20 00:00:00,clalit,קרדיולוגיה,"ד""ר מרקושמר אילן עמו","נעמי שמר 15, חולון",52.0,חולון
2026-07-30 13:05:52.000000,2026-09-28 00:00:00,clalit,קרדיולוגיה,"ד""ר קדמון אהוד","דרך בן גוריון 13, בני ברק",60.0,בני ברק
2026-07-30 13:05:52.000000,2026-09-30 00:00:00,clalit,קרדיולוגיה,"ד""ר קאסם מחמוד","א תופאח, טירה",62.0,טירה
2026-07-30 13:05:52.000000,2026-10-04 00:00:00,clalit,קרדיולוגיה,"ד""ר המר יואב","דרך בן גוריון 13, בני ברק",66.0,בני ברק
2026-07-30 13:05:52.000000,2026-10-07 00:00:00,clalit,קרדיולוגיה,"ד""ר טורובסקי ארקדי","נעמי שמר 15, חולון",69.0,חולון
2026-07-30 13:05:52.000000,2026-10-08 00:00:00,clalit,קרדיולוגיה,"ד""ר בינר סימון","נעמי שמר 15, חולון",70.0,חולון
2026-07-30 13:05:52.000000,2026-10-18 00:00:00,clalit,קרדיולוגיה,"ד""ר ארנסון יואב","רמב''ם 1, הרצליה",80.0,הרצליה
2026-07-30 13:05:53.000000,2026-10-18 00:00:00,clalit,קרדיולוגיה,"ד""ר דקה סמיר","רמב''ם 1, הרצליה",80.0,הרצליה
2026-07-30 13:05:53.000000,2026-10-18 00:00:00,clalit,קרדיולוגיה,"ד""ר חאסקיה עבד אל ר","רמב''ם 1, הרצליה",80.0,הרצליה
2026-07-30 13:05:53.000000,2026-10-19 00:00:00,clalit,קרדיולוגיה,"ד""ר חלפין ולבל זאב","נעמי שמר 15, חולון",81.0,חולון
2026-07-30 13:05:53.000000,2026-10-19 00:00:00,clalit,קרדיולוגיה,"ד""ר מונקיאר דניאל אל","רמב''ם 1, הרצליה",81.0,הרצליה
2026-07-30 13:05:53.000000,2026-10-20 00:00:00,clalit,קרדיולוגיה,"ד""ר ברלין טטיאנה","רמב''ם 1, הרצליה",82.0,הרצליה
2026-07-30 13:05:53.000000,2026-11-10 00:00:00,clalit,קרדיולוגיה,פרופ' יעקובישוילי זאזא,"נעמי שמר 15, חולון",103.0,חולון
2026-07-30 13:05:53.000000,,clalit,קרדיולוגיה,"רופא מבי""ח","נעמי שמר 15, חולון",,חולון
2026-07-30 13:05:54.000000,2026-09-02 00:00:00,clalit,ראומטולוגיה,"ד""ר שי אהרוני חגית","אבן גבירול 124, תל אביב יפו",34.0,תל אביב יפו
2026-07-30 13:05:54.000000,2026-09-03 00:00:00,clalit,ראומטולוגיה,"ד""ר קמחי עודד","אבן גבירול 124, תל אביב יפו",35.0,תל אביב יפו
2026-07-30 13:05:54.000000,2026-09-14 00:00:00,clalit,ראומטולוגיה,"רופא בי""ח","וייצמן 10, תל אביב יפו",46.0,תל אביב יפו
2026-07-30 13:05:54.000000,2026-10-04 00:00:00,clalit,ראומטולוגיה,"רופא בי""ח 1","וייצמן 10, תל אביב יפו",66.0,תל אביב יפו
2026-07-30 13:05:54.000000,,clalit,ראומטולוגיה,"ד""ר שיפטר תאודור","דרך בן גוריון 13, בני ברק",,בני ברק
2026-07-30 13:05:55.000000,2026-09-09 00:00:00,clalit,שקיפות עורפית- עובר,"ד""ר דקל איל","אבא אחימאיר 18, תל אביב יפו",41.0,תל אביב יפו
2026-07-30 13:05:55.000000,2026-09-14 00:00:00,clalit,שקיפות עורפית- עובר,"ד""ר ארליך אורי","אבא אחימאיר 18, תל אביב יפו",46.0,תל אביב יפו
2026-07-30 13:05:55.000000,2026-09-14 00:00:00,clalit,שקיפות עורפית- עובר,"ד""ר דקל איל","נירים 3, תל אביב יפו",46.0,תל אביב יפו
2026-07-30 13:05:55.000000,2026-09-17 00:00:00,clalit,שקיפות עורפית- עובר,"ד""ר דרוקר ליאור","אבא אחימאיר 18, תל אביב יפו",49.0,תל אביב יפו
2026-07-30 13:05:55.000000,,clalit,שקיפות עורפית- עובר,שמעוני יוחנן חו,"נירים 3, תל אביב יפו",,תל אביב יפו
2026-07-30 13:05:55.000000,2026-08-06 00:00:00,clalit,שקיפות עורפית- עובר,"ד""ר חייקין אלכסנדר","וייצמן 83, כפר סבא",7.0,כפר סבא
2026-07-30 13:05:55.000000,2026-08-23 00:00:00,clalit,שקיפות עורפית- עובר,"ד""ר אלפרט יואב","וייצמן 83, כפר סבא",24.0,כפר סבא
2026-07-30 13:05:56.000000,2026-08-30 00:00:00,clalit,שקיפות עורפית- עובר,"ד""ר דקל איל","אריק איינשטיין 1, בת ים",31.0,בת ים
2026-07-30 13:05:56.000000,2026-08-30 00:00:00,clalit,שקיפות עורפית- עובר,"ד""ר פישמן גייל שירה","סשה ארגוב 23, רעננה",31.0,רעננה
2026-07-30 13:05:56.000000,2026-09-01 00:00:00,clalit,שקיפות עורפית- עובר,"ד""ר אבירם רמי","בן גוריון 22, הרצליה",33.0,הרצליה
2026-07-30 13:05:56.000000,2026-09-04 00:00:00,clalit,שקיפות עורפית- עובר,"ד""ר וולפרט אלדר","רפאל איתן 4, חולון",36.0,חולון
2026-07-30 13:05:56.000000,2026-09-07 00:00:00,clalit,שקיפות עורפית- עובר,"ד""ר אליגר נלי","רפאל איתן 4, חולון",39.0,חולון
2026-07-30 13:05:56.000000,2026-09-08 00:00:00,clalit,שקיפות עורפית- עובר,"ד""ר שרייבר חנוך","וייצמן 83, כפר סבא",40.0,כפר סבא
2026-07-30 13:05:56.000000,2026-09-08 00:00:00,clalit,שקיפות עורפית- עובר,"ד""ר שריג מנחם יצח","וייצמן 83, כפר סבא",40.0,כפר סבא
2026-07-30 13:05:57.000000,2026-09-09 00:00:00,clalit,שקיפות עורפית- עובר,"ד""ר אבנט חגי","בן גוריון 22, הרצליה",41.0,הרצליה
2026-07-30 13:05:57.000000,2026-09-20 00:00:00,clalit,שקיפות עורפית- עובר,"ד""ר חייקין אלכסנדר","בן גוריון 22, הרצליה",52.0,הרצליה
2026-07-30 13:24:27.000000,2026-07-30 00:00:00,clalit,אורתופדיה,"רופא בי""ח 2","אבן גבירול 124, תל אביב יפו",0.0,תל אביב יפו
2026-07-30 13:24:27.000000,2026-08-04 00:00:00,clalit,אורתופדיה,"ד""ר לשינר ויאצ'סלב","שדרות יד לבנים 35, תל אביב יפו",5.0,תל אביב יפו
2026-07-30 13:24:27.000000,2026-08-09 00:00:00,clalit,אורתופדיה,"ד""ר צרפתי ירון","אליהו ברלין 13, תל אביב יפו",10.0,תל אביב יפו
2026-07-30 13:24:27.000000,2026-08-13 00:00:00,clalit,אורתופדיה,"ד""ר קוטוב קונסטנטי","התקומה 23, תל אביב יפו",14.0,תל אביב יפו
2026-07-30 13:24:27.000000,2026-08-14 00:00:00,clalit,אורתופדיה,"ד""ר הלר אייל","דרך משה דיין 147, תל אביב יפו",15.0,תל אביב יפו
2026-07-30 13:24:27.000000,2026-08-16 00:00:00,clalit,אורתופדיה,"ד""ר אשכול זאב","אבן גבירול 124, תל אביב יפו",17.0,תל אביב יפו
2026-07-30 13:24:28.000000,2026-08-16 00:00:00,clalit,אורתופדיה,"ד""ר סודיה דן","שדרות ישראל גורי 39, תל אביב יפו",17.0,תל אביב יפו
2026-07-30 13:24:28.000000,2026-08-18 00:00:00,clalit,אורתופדיה,"ד""ר פקטור שי","וייצמן 14, תל אביב יפו",19.0,תל אביב יפו
2026-07-30 13:24:28.000000,2026-08-19 00:00:00,clalit,אורתופדיה,"ד""ר אלמליח שירן","אבן גבירול 124, תל אביב יפו",20.0,תל אביב יפו
2026-07-30 13:24:28.000000,2026-08-19 00:00:00,clalit,אורתופדיה,"רופא בי""ח 1","אבן גבירול 124, תל אביב יפו",20.0,תל אביב יפו
2026-07-30 13:24:28.000000,2026-08-20 00:00:00,clalit,אורתופדיה,"ד""ר אמזלג ניסן","אבן גבירול 124, תל אביב יפו",21.0,תל אביב יפו
2026-07-30 13:24:28.000000,2026-08-23 00:00:00,clalit,אורתופדיה,"ד""ר גרייף נדב","מנורת המאור 3, תל אביב יפו",24.0,תל אביב יפו
2026-07-30 13:24:28.000000,2026-08-24 00:00:00,clalit,אורתופדיה,"ד""ר אשכול זאב","אהרון בקר 8, תל אביב יפו",25.0,תל אביב יפו
2026-07-30 13:24:28.000000,2026-08-24 00:00:00,clalit,אורתופדיה,"ד""ר גרייף נדב","שקד 11, תל אביב יפו",25.0,תל אביב יפו
2026-07-30 13:24:28.000000,2026-08-25 00:00:00,clalit,אורתופדיה,"ד""ר פורטנוי ליטל","אבן גבירול 124, תל אביב יפו",26.0,תל אביב יפו
2026-07-30 13:24:28.000000,2026-08-30 00:00:00,clalit,אורתופדיה,"ד""ר ניימן מאור","אבן גבירול 124, תל אביב יפו",31.0,תל אביב יפו
2026-07-30 13:24:28.000000,2026-08-30 00:00:00,clalit,אורתופדיה,"ד""ר בדיר עבדול עז","אהרון בקר 8, תל אביב יפו",31.0,תל אביב יפו
2026-07-30 13:24:28.000000,2026-09-01 00:00:00,clalit,אורתופדיה,"ד""ר הוים קירסטין","אבן גבירול 124, תל אביב יפו",33.0,תל אביב יפו
2026-07-30 13:24:28.000000,2026-09-02 00:00:00,clalit,אורתופדיה,"ד""ר אפרימה בן","הרטוב 5, תל אביב יפו",34.0,תל אביב יפו
2026-07-30 13:24:28.000000,2026-09-07 00:00:00,clalit,אורתופדיה,"רופא בי""ח 3","אבן גבירול 124, תל אביב יפו",39.0,תל אביב יפו
2026-07-30 13:24:30.000000,,clalit,אורתופדיה,פרופ' ורשבסקי יניב,"וייצמן 14, תל אביב יפו",,תל אביב יפו
2026-07-30 13:24:30.000000,,clalit,יעוץ אורתופדי,"ד""ר נחום ערד גלית","אבן גבירול 124, תל אביב יפו",,תל אביב יפו
2026-07-30 13:24:30.000000,2026-07-31 00:00:00,clalit,אורתופדיה,"ד""ר קאסם חאלד","אל משרוע 46, טירה",1.0,טירה
2026-07-30 13:24:30.000000,2026-08-05 00:00:00,clalit,אורתופדיה,"ד""ר זמירו עיסאם","אל קודס 50, טירה",6.0,טירה
2026-07-30 13:24:30.000000,2026-08-05 00:00:00,clalit,אורתופדיה,"ד""ר המיד שרים","טארק עבד אל חי, טירה",6.0,טירה
2026-07-30 13:24:30.000000,2026-08-13 00:00:00,clalit,אורתופדיה,"ד""ר איזק ג'ורג' ג","הרב ניסנבאום 33, בת ים",14.0,בת ים
2026-07-30 13:24:30.000000,2026-08-13 00:00:00,clalit,אורתופדיה,"רופא בי""ח 1","הרב ניסנבאום 33, בת ים",14.0,בת ים
2026-07-30 13:24:30.000000,2026-08-13 00:00:00,clalit,אורתופדיה,"רופא בי""ח 2","הרב ניסנבאום 33, בת ים",14.0,בת ים
2026-07-30 13:24:30.000000,2026-08-16 00:00:00,clalit,אורתופדיה,"ד""ר נאסר מוחמד","הרב ניסנבאום 33, בת ים",17.0,בת ים
2026-07-30 13:24:30.000000,2026-08-16 00:00:00,clalit,אורתופדיה,"ד""ר קולדנוב אלברט","הרב ניסנבאום 33, בת ים",17.0,בת ים
2026-07-30 13:24:30.000000,2026-08-17 00:00:00,clalit,אורתופדיה,"ד""ר שפי מיכאל","הרב ניסנבאום 33, בת ים",18.0,בת ים
2026-07-30 13:24:30.000000,2026-08-18 00:00:00,clalit,אורתופדיה,"ד""ר אלבז איתי","רפאל איתן 4, חולון",19.0,חולון
2026-07-30 13:24:30.000000,2026-08-18 00:00:00,clalit,אורתופדיה,"ד""ר ליפשיץ יצחק מאי","הרב ניסנבאום 33, בת ים",19.0,בת ים
2026-07-30 13:24:30.000000,2026-08-18 00:00:00,clalit,אורתופדיה,"ד""ר סודיה דן","אריק איינשטיין 1, בת ים",19.0,בת ים
2026-07-30 13:24:31.000000,2026-08-18 00:00:00,clalit,אורתופדיה,"ד""ר פוקס יובל","הרצל 34, רמת גן",19.0,רמת גן
2026-07-30 13:24:31.000000,2026-08-18 00:00:00,clalit,אורתופדיה,"ד""ר ליפשיץ יצחק מאי","הרצל 39, רמת גן",19.0,רמת גן
2026-07-30 13:24:31.000000,2026-08-19 00:00:00,clalit,אורתופדיה,רופא ב.בלינסון,"הרצל 34, רמת גן",20.0,רמת גן
2026-07-30 13:24:31.000000,2026-08-20 00:00:00,clalit,אורתופדיה,"ד""ר אקיאן רועי","הרב ניסנבאום 33, בת ים",21.0,בת ים
2026-07-30 13:24:31.000000,2026-08-23 00:00:00,clalit,אורתופדיה,"ד""ר איזק ג'ורג' ג","רפאל איתן 4, חולון",24.0,חולון
2026-07-30 13:24:31.000000,2026-08-23 00:00:00,clalit,אורתופדיה,"ד""ר לשינר ויאצ'סלב","בורוכוב 54, גבעתיים",24.0,גבעתיים
2026-07-30 13:24:31.000000,2026-08-24 00:00:00,clalit,אורתופדיה,"ד""ר סודיה דן","רפאל איתן 4, חולון",25.0,חולון
2026-07-30 13:24:32.000000,2026-08-24 00:00:00,clalit,אורתופדיה,"ד""ר אברהם אורי","הרצל 34, רמת גן",25.0,רמת גן
2026-07-30 13:24:32.000000,2026-08-24 00:00:00,clalit,אורתופדיה,"ד""ר גולדשטיין רן","הרצל 34, רמת גן",25.0,רמת גן
2026-07-30 13:24:32.000000,2026-08-24 00:00:00,clalit,אורתופדיה,רופא ב.בלינסון ב,"הרצל 34, רמת גן",25.0,רמת גן
2026-07-30 13:24:32.000000,2026-08-24 00:00:00,clalit,אורתופדיה,"ד""ר גורמן גאורגי","רמב''ם 1, הרצליה",25.0,הרצליה
2026-07-30 13:24:32.000000,2026-08-24 00:00:00,clalit,אורתופדיה,"יועץ בי""ח","רמב''ם 1, הרצליה",25.0,הרצליה
2026-07-30 13:24:32.000000,2026-08-25 00:00:00,clalit,אורתופדיה,"ד""ר אליאס יוסף","רפאל איתן 4, חולון",26.0,חולון
2026-07-30 13:24:32.000000,2026-08-25 00:00:00,clalit,אורתופדיה,"ד""ר ליכטנשטיין עדי","הרצל 34, רמת גן",26.0,רמת גן
2026-07-30 13:24:33.000000,2026-08-25 00:00:00,clalit,אורתופדיה,"ד""ר מסרי אברהם אל","רמב''ם 1, הרצליה",26.0,הרצליה
2026-07-30 13:24:33.000000,2026-08-25 00:00:00,clalit,אורתופדיה,"ד""ר אבו סאפי עיד","גלבוע 118, אלפי מנשה",26.0,אלפי מנשה
2026-07-30 13:24:33.000000,2026-08-26 00:00:00,clalit,אורתופדיה,"ד""ר אליאס יוסף","חיים וייצמן 25, אזור",27.0,אזור
2026-07-30 13:24:33.000000,2026-08-26 00:00:00,clalit,אורתופדיה,"ד""ר בן אליהו רון","הרצל 34, רמת גן",27.0,רמת גן
2026-07-30 13:24:33.000000,2026-08-27 00:00:00,clalit,אורתופדיה,"ד""ר ספון אלכסנדר","נעמי שמר 15, חולון",28.0,חולון
2026-07-30 13:24:33.000000,2026-08-30 00:00:00,clalit,אורתופדיה,"ד""ר אפרימה בן","רפאל איתן 4, חולון",31.0,חולון
2026-07-30 13:24:33.000000,2026-08-30 00:00:00,clalit,אורתופדיה,"ד""ר מכלין רולן","נעמי שמר 15, חולון",31.0,חולון
2026-07-30 13:24:34.000000,2026-08-30 00:00:00,clalit,אורתופדיה,"ד""ר קסטנר מוטי מרד","נעמי שמר 15, חולון",31.0,חולון
2026-07-30 13:24:34.000000,2026-08-30 00:00:00,clalit,אורתופדיה,"ד""ר גולדשטיין רן","דרך יצחק רבין 53, גבעתיים",31.0,גבעתיים
2026-07-30 13:24:34.000000,2026-08-30 00:00:00,clalit,אורתופדיה,"ד""ר בן צבי יעקב","אחוזה 98, רעננה",31.0,רעננה
2026-07-30 13:24:34.000000,2026-08-31 00:00:00,clalit,אורתופדיה,"ד""ר ניימן מאור","הרב ניסנבאום 33, בת ים",32.0,בת ים
2026-07-30 13:24:34.000000,2026-09-02 00:00:00,clalit,אורתופדיה,"ד""ר שפירא סידני","רמב''ם 1, הרצליה",34.0,הרצליה
2026-07-30 13:24:34.000000,2026-09-02 00:00:00,clalit,אורתופדיה,"ד""ר שפירא שי","בן גוריון 43, כפר סבא",34.0,כפר סבא
2026-07-30 13:24:34.000000,2026-09-02 00:00:00,clalit,אורתופדיה,"ד""ר קוטוב קונסטנטי","רפפורט 3, כפר סבא",34.0,כפר סבא
2026-07-30 13:24:35.000000,2026-09-03 00:00:00,clalit,אורתופדיה,"ד""ר קוארטלר יעקב","הכישור 49, חולון",35.0,חולון
2026-07-30 13:24:35.000000,2026-09-03 00:00:00,clalit,אורתופדיה,"ד""ר אברהם אורי","דרך זאב ז'בוטינסקי 12, בני ברק",35.0,בני ברק
2026-07-30 13:24:35.000000,2026-09-04 00:00:00,clalit,אורתופדיה,"ד""ר קוטוב קונסטנטי","הפועל 22, הרצליה",36.0,הרצליה
2026-07-30 13:24:35.000000,2026-09-07 00:00:00,clalit,אורתופדיה,"ד""ר לשינר ויאצ'סלב","עזרא 11, בני ברק",39.0,בני ברק
2026-07-30 13:24:35.000000,2026-09-09 00:00:00,clalit,אורתופדיה,"ד""ר ברגר עמרי גיא","הפועל 22, הרצליה",41.0,הרצליה
2026-07-30 13:24:35.000000,2026-09-10 00:00:00,clalit,אורתופדיה,"ד""ר זפרן אבישי","רוטשילד 29, בת ים",42.0,בת ים
2026-07-30 13:24:35.000000,2026-09-16 00:00:00,clalit,אורתופדיה,"ד""ר זפרן אבישי","רמב''ם 1, הרצליה",48.0,הרצליה
2026-07-30 13:24:36.000000,2026-09-16 00:00:00,clalit,אורתופדיה,"ד""ר פואז נאסר","בן גוריון 43, כפר סבא",48.0,כפר סבא
2026-07-30 13:24:36.000000,2026-09-17 00:00:00,clalit,אורתופדיה,"ד""ר פואז נאסר","התקווה 18, רעננה",49.0,רעננה
2026-07-30 13:24:36.000000,2026-09-23 00:00:00,clalit,אורתופדיה,"ד""ר גרינברג אריה","דרך יצחק רבין 53, גבעתיים",55.0,גבעתיים
2026-07-30 13:24:36.000000,2026-10-04 00:00:00,clalit,אורתופדיה,"ד""ר נוביצקי אלכסנדר","בן גוריון 43, כפר סבא",66.0,כפר סבא
2026-07-30 13:24:36.000000,,clalit,אורתופדיה,"ד""ר אליאס יוסף","ששת הימים 6, חולון",,חולון
2026-07-30 13:24:36.000000,,clalit,אורתופדיה,"ד""ר גולדשטיין רן","דרך זאב ז'בוטינסקי 105, רמת גן",,רמת גן
2026-07-30 13:24:36.000000,,clalit,אורתופדיה,"ד""ר ארוולדזה סמסון","רמב''ם 1, הרצליה",,הרצליה
2026-07-30 13:24:37.000000,,clalit,אורתופדיה,"ד""ר אבו סאפי עיד","שדרות רחבעם 1, קרני שומרון",,קרני שומרון
2026-07-30 14:00:45.000000,2026-08-14 00:00:00,clalit,אורתופדיה,"ד""ר הלר אייל","דרך משה דיין 147, תל אביב יפו",15.0,תל אביב יפו
2026-07-30 14:00:45.000000,2026-08-14 00:00:00,clalit,אורתופדיה,"ד""ר צרפתי ירון","אליהו ברלין 13, תל אביב יפו",15.0,תל אביב יפו
2026-07-30 14:00:45.000000,2026-08-16 00:00:00,clalit,אורתופדיה,"ד""ר אשכול זאב","אבן גבירול 124, תל אביב יפו",17.0,תל אביב יפו
2026-07-30 14:00:45.000000,2026-08-16 00:00:00,clalit,אורתופדיה,"ד""ר סודיה דן","שדרות ישראל גורי 39, תל אביב יפו",17.0,תל אביב יפו
2026-07-30 14:00:45.000000,2026-08-17 00:00:00,clalit,אורתופדיה,"ד""ר לשינר ויאצ'סלב","שדרות יד לבנים 35, תל אביב יפו",18.0,תל אביב יפו
2026-07-30 14:00:45.000000,2026-08-18 00:00:00,clalit,אורתופדיה,"ד""ר פקטור שי","וייצמן 14, תל אביב יפו",19.0,תל אביב יפו
2026-07-30 14:00:46.000000,2026-08-19 00:00:00,clalit,אורתופדיה,"ד""ר אלמליח שירן","אבן גבירול 124, תל אביב יפו",20.0,תל אביב יפו
2026-07-30 14:00:46.000000,2026-08-19 00:00:00,clalit,אורתופדיה,"רופא בי""ח 2","אבן גבירול 124, תל אביב יפו",20.0,תל אביב יפו
2026-07-30 14:00:46.000000,2026-08-19 00:00:00,clalit,אורתופדיה,"רופא בי""ח 1","אבן גבירול 124, תל אביב יפו",20.0,תל אביב יפו
2026-07-30 14:00:46.000000,2026-08-20 00:00:00,clalit,אורתופדיה,"ד""ר אמזלג ניסן","אבן גבירול 124, תל אביב יפו",21.0,תל אביב יפו
2026-07-30 14:00:46.000000,2026-08-23 00:00:00,clalit,אורתופדיה,"ד""ר גרייף נדב","מנורת המאור 3, תל אביב יפו",24.0,תל אביב יפו
2026-07-30 14:00:46.000000,2026-08-24 00:00:00,clalit,אורתופדיה,"ד""ר אשכול זאב","אהרון בקר 8, תל אביב יפו",25.0,תל אביב יפו
2026-07-30 14:00:46.000000,2026-08-24 00:00:00,clalit,אורתופדיה,"ד""ר גרייף נדב","שקד 11, תל אביב יפו",25.0,תל אביב יפו
2026-07-30 14:00:47.000000,2026-08-25 00:00:00,clalit,אורתופדיה,"ד""ר פורטנוי ליטל","אבן גבירול 124, תל אביב יפו",26.0,תל אביב יפו
2026-07-30 14:00:47.000000,2026-08-30 00:00:00,clalit,אורתופדיה,"ד""ר בדיר עבדול עז","אהרון בקר 8, תל אביב יפו",31.0,תל אביב יפו
2026-07-30 14:00:47.000000,2026-09-01 00:00:00,clalit,אורתופדיה,"ד""ר הוים קירסטין","אבן גבירול 124, תל אביב יפו",33.0,תל אביב יפו
2026-07-30 14:00:47.000000,2026-09-02 00:00:00,clalit,אורתופדיה,"ד""ר אפרימה בן","הרטוב 5, תל אביב יפו",34.0,תל אביב יפו
2026-07-30 14:00:47.000000,2026-09-03 00:00:00,clalit,אורתופדיה,"ד""ר קוטוב קונסטנטי","התקומה 23, תל אביב יפו",35.0,תל אביב יפו
2026-07-30 14:00:47.000000,2026-09-03 00:00:00,clalit,אורתופדיה,"ד""ר ניימן מאור","אבן גבירול 124, תל אביב יפו",35.0,תל אביב יפו
2026-07-30 14:00:47.000000,2026-09-07 00:00:00,clalit,אורתופדיה,"רופא בי""ח 3","אבן גבירול 124, תל אביב יפו",39.0,תל אביב יפו
2026-07-30 14:00:48.000000,,clalit,אורתופדיה,פרופ' ורשבסקי יניב,"וייצמן 14, תל אביב יפו",,תל אביב יפו
2026-07-30 14:00:48.000000,,clalit,יעוץ אורתופדי,"ד""ר נחום ערד גלית","אבן גבירול 124, תל אביב יפו",,תל אביב יפו
2026-07-30 14:00:48.000000,2026-07-31 00:00:00,clalit,אורתופדיה,"ד""ר אברהם אורי","הרצל 34, רמת גן",1.0,רמת גן
2026-07-30 14:00:48.000000,2026-08-03 00:00:00,clalit,אורתופדיה,רופא ב.בלינסון ב,"הרצל 34, רמת גן",4.0,רמת גן
2026-07-30 14:00:48.000000,2026-08-05 00:00:00,clalit,אורתופדיה,"ד""ר זמירו עיסאם","אל קודס 50, טירה",6.0,טירה
2026-07-30 14:00:48.000000,2026-08-12 00:00:00,clalit,אורתופדיה,"ד""ר המיד שרים","טארק עבד אל חי, טירה",13.0,טירה
2026-07-30 14:00:48.000000,2026-08-13 00:00:00,clalit,אורתופדיה,"ד""ר איזק ג'ורג' ג","הרב ניסנבאום 33, בת ים",14.0,בת ים
2026-07-30 14:00:49.000000,2026-08-13 00:00:00,clalit,אורתופדיה,"רופא בי""ח 2","הרב ניסנבאום 33, בת ים",14.0,בת ים
2026-07-30 14:00:49.000000,2026-08-16 00:00:00,clalit,אורתופדיה,"ד""ר נאסר מוחמד","הרב ניסנבאום 33, בת ים",17.0,בת ים
2026-07-30 14:00:49.000000,2026-08-16 00:00:00,clalit,אורתופדיה,"ד""ר קולדנוב אלברט","הרב ניסנבאום 33, בת ים",17.0,בת ים
2026-07-30 14:00:49.000000,2026-08-16 00:00:00,clalit,אורתופדיה,"רופא בי""ח 1","הרב ניסנבאום 33, בת ים",17.0,בת ים
2026-07-30 14:00:49.000000,2026-08-17 00:00:00,clalit,אורתופדיה,"ד""ר שפי מיכאל","הרב ניסנבאום 33, בת ים",18.0,בת ים
2026-07-30 14:00:49.000000,2026-08-18 00:00:00,clalit,אורתופדיה,"ד""ר אלבז איתי","רפאל איתן 4, חולון",19.0,חולון
2026-07-30 14:00:49.000000,2026-08-18 00:00:00,clalit,אורתופדיה,"ד""ר ליפשיץ יצחק מאי","הרב ניסנבאום 33, בת ים",19.0,בת ים
2026-07-30 14:00:50.000000,2026-08-18 00:00:00,clalit,אורתופדיה,"ד""ר סודיה דן","אריק איינשטיין 1, בת ים",19.0,בת ים
2026-07-30 14:00:50.000000,2026-08-18 00:00:00,clalit,אורתופדיה,"ד""ר פוקס יובל","הרצל 34, רמת גן",19.0,רמת גן
2026-07-30 14:00:50.000000,2026-08-19 00:00:00,clalit,אורתופדיה,רופא ב.בלינסון,"הרצל 34, רמת גן",20.0,רמת גן
2026-07-30 14:00:50.000000,2026-08-20 00:00:00,clalit,אורתופדיה,"ד""ר אקיאן רועי","הרב ניסנבאום 33, בת ים",21.0,בת ים
2026-07-30 14:00:50.000000,2026-08-20 00:00:00,clalit,אורתופדיה,"ד""ר ליפשיץ יצחק מאי","הרצל 39, רמת גן",21.0,רמת גן
2026-07-30 14:00:50.000000,2026-08-20 00:00:00,clalit,אורתופדיה,"ד""ר אברהם אורי","דרך זאב ז'בוטינסקי 12, בני ברק",21.0,בני ברק
2026-07-30 14:00:50.000000,2026-08-22 00:00:00,clalit,אורתופדיה,"ד""ר קאסם חאלד","אל משרוע 46, טירה",23.0,טירה
2026-07-30 14:00:51.000000,2026-08-23 00:00:00,clalit,אורתופדיה,"ד""ר איזק ג'ורג' ג","רפאל איתן 4, חולון",24.0,חולון
2026-07-30 14:00:51.000000,2026-08-23 00:00:00,clalit,אורתופדיה,"ד""ר לשינר ויאצ'סלב","בורוכוב 54, גבעתיים",24.0,גבעתיים
2026-07-30 14:00:51.000000,2026-08-24 00:00:00,clalit,אורתופדיה,"ד""ר סודיה דן","רפאל איתן 4, חולון",25.0,חולון
2026-07-30 14:00:51.000000,2026-08-24 00:00:00,clalit,אורתופדיה,"ד""ר גולדשטיין רן","הרצל 34, רמת גן",25.0,רמת גן
2026-07-30 14:00:51.000000,2026-08-24 00:00:00,clalit,אורתופדיה,"ד""ר גורמן גאורגי","רמב''ם 1, הרצליה",25.0,הרצליה
2026-07-30 14:00:51.000000,2026-08-24 00:00:00,clalit,אורתופדיה,"יועץ בי""ח","רמב''ם 1, הרצליה",25.0,הרצליה
2026-07-30 14:00:51.000000,2026-08-25 00:00:00,clalit,אורתופדיה,"ד""ר אליאס יוסף","רפאל איתן 4, חולון",26.0,חולון
2026-07-30 14:00:52.000000,2026-08-25 00:00:00,clalit,אורתופדיה,"ד""ר ליכטנשטיין עדי","הרצל 34, רמת גן",26.0,רמת גן
2026-07-30 14:00:52.000000,2026-08-25 00:00:00,clalit,אורתופדיה,"ד""ר מסרי אברהם אל","רמב''ם 1, הרצליה",26.0,הרצליה
2026-07-30 14:00:52.000000,2026-08-25 00:00:00,clalit,אורתופדיה,"ד""ר אבו סאפי עיד","גלבוע 118, אלפי מנשה",26.0,אלפי מנשה
2026-07-30 14:00:52.000000,2026-08-26 00:00:00,clalit,אורתופדיה,"ד""ר אליאס יוסף","חיים וייצמן 25, אזור",27.0,אזור
2026-07-30 14:00:52.000000,2026-08-26 00:00:00,clalit,אורתופדיה,"ד""ר בן אליהו רון","הרצל 34, רמת גן",27.0,רמת גן
2026-07-30 14:00:52.000000,2026-08-27 00:00:00,clalit,אורתופדיה,"ד""ר ספון אלכסנדר","נעמי שמר 15, חולון",28.0,חולון
2026-07-30 14:00:52.000000,2026-08-27 00:00:00,clalit,אורתופדיה,"ד""ר מכלין רולן","נעמי שמר 15, חולון",28.0,חולון
2026-07-30 14:00:53.000000,2026-08-30 00:00:00,clalit,אורתופדיה,"ד""ר אפרימה בן","רפאל איתן 4, חולון",31.0,חולון
2026-07-30 14:00:53.000000,2026-08-30 00:00:00,clalit,אורתופדיה,"ד""ר קסטנר מוטי מרד","נעמי שמר 15, חולון",31.0,חולון
2026-07-30 14:00:53.000000,2026-08-30 00:00:00,clalit,אורתופדיה,"ד""ר גולדשטיין רן","דרך יצחק רבין 53, גבעתיים",31.0,גבעתיים
2026-07-30 14:00:53.000000,2026-08-30 00:00:00,clalit,אורתופדיה,"ד""ר בן צבי יעקב","אחוזה 98, רעננה",31.0,רעננה
2026-07-30 14:00:53.000000,2026-08-31 00:00:00,clalit,אורתופדיה,"ד""ר ניימן מאור","הרב ניסנבאום 33, בת ים",32.0,בת ים
2026-07-30 14:00:53.000000,2026-09-02 00:00:00,clalit,אורתופדיה,"ד""ר שפירא סידני","רמב''ם 1, הרצליה",34.0,הרצליה
2026-07-30 14:00:53.000000,2026-09-02 00:00:00,clalit,אורתופדיה,"ד""ר שפירא שי","בן גוריון 43, כפר סבא",34.0,כפר סבא
2026-07-30 14:00:54.000000,2026-09-02 00:00:00,clalit,אורתופדיה,"ד""ר קוטוב קונסטנטי","רפפורט 3, כפר סבא",34.0,כפר סבא
2026-07-30 14:00:54.000000,2026-09-03 00:00:00,clalit,אורתופדיה,"ד""ר קוארטלר יעקב","הכישור 49, חולון",35.0,חולון
2026-07-30 14:00:54.000000,2026-09-04 00:00:00,clalit,אורתופדיה,"ד""ר קוטוב קונסטנטי","הפועל 22, הרצליה",36.0,הרצליה
2026-07-30 14:00:54.000000,2026-09-07 00:00:00,clalit,אורתופדיה,"ד""ר לשינר ויאצ'סלב","עזרא 11, בני ברק",39.0,בני ברק
2026-07-30 14:00:54.000000,2026-09-09 00:00:00,clalit,אורתופדיה,"ד""ר ברגר עמרי גיא","הפועל 22, הרצליה",41.0,הרצליה
2026-07-30 14:00:54.000000,2026-09-10 00:00:00,clalit,אורתופדיה,"ד""ר זפרן אבישי","רוטשילד 29, בת ים",42.0,בת ים
2026-07-30 14:00:54.000000,2026-09-16 00:00:00,clalit,אורתופדיה,"ד""ר זפרן אבישי","רמב''ם 1, הרצליה",48.0,הרצליה
2026-07-30 14:00:55.000000,2026-09-16 00:00:00,clalit,אורתופדיה,"ד""ר פואז נאסר","בן גוריון 43, כפר סבא",48.0,כפר סבא
2026-07-30 14:00:55.000000,2026-09-17 00:00:00,clalit,אורתופדיה,"ד""ר פואז נאסר","התקווה 18, רעננה",49.0,רעננה
2026-07-30 14:00:55.000000,2026-09-23 00:00:00,clalit,אורתופדיה,"ד""ר גרינברג אריה","דרך יצחק רבין 53, גבעתיים",55.0,גבעתיים
2026-07-30 14:00:55.000000,2026-10-04 00:00:00,clalit,אורתופדיה,"ד""ר נוביצקי אלכסנדר","בן גוריון 43, כפר סבא",66.0,כפר סבא
2026-07-30 14:00:55.000000,,clalit,אורתופדיה,"ד""ר אליאס יוסף","ששת הימים 6, חולון",,חולון
2026-07-30 14:00:55.000000,,clalit,אורתופדיה,"ד""ר גולדשטיין רן","דרך זאב ז'בוטינסקי 105, רמת גן",,רמת גן
2026-07-30 14:00:55.000000,,clalit,אורתופדיה,"ד""ר ארוולדזה סמסון","רמב''ם 1, הרצליה",,הרצליה
2026-07-30 14:00:56.000000,,clalit,אורתופדיה,"ד""ר אבו סאפי עיד","שדרות רחבעם 1, קרני שומרון",,קרני שומרון
2026-07-30 15:08:03.000000,2026-08-14 00:00:00,clalit,אורתופדיה,"ד""ר הלר אייל","דרך משה דיין 147, תל אביב יפו",15.0,תל אביב יפו
2026-07-30 15:08:03.000000,2026-08-14 00:00:00,clalit,אורתופדיה,"ד""ר צרפתי ירון","אליהו ברלין 13, תל אביב יפו",15.0,תל אביב יפו
2026-07-30 15:08:03.000000,2026-08-16 00:00:00,clalit,אורתופדיה,"ד""ר סודיה דן","שדרות ישראל גורי 39, תל אביב יפו",17.0,תל אביב יפו
2026-07-30 15:08:03.000000,2026-08-17 00:00:00,clalit,אורתופדיה,פרופ' ורשבסקי יניב,"וייצמן 14, תל אביב יפו",18.0,תל אביב יפו
2026-07-30 15:08:03.000000,2026-08-17 00:00:00,clalit,אורתופדיה,"ד""ר לשינר ויאצ'סלב","שדרות יד לבנים 35, תל אביב יפו",18.0,תל אביב יפו
2026-07-30 15:08:03.000000,2026-08-18 00:00:00,clalit,אורתופדיה,"ד""ר אשכול זאב","אבן גבירול 124, תל אביב יפו",19.0,תל אביב יפו
2026-07-30 15:08:03.000000,2026-08-18 00:00:00,clalit,אורתופדיה,"ד""ר פקטור שי","וייצמן 14, תל אביב יפו",19.0,תל אביב יפו
2026-07-30 15:08:03.000000,2026-08-19 00:00:00,clalit,אורתופדיה,"ד""ר אלמליח שירן","אבן גבירול 124, תל אביב יפו",20.0,תל אביב יפו
2026-07-30 15:08:03.000000,2026-08-19 00:00:00,clalit,אורתופדיה,"רופא בי""ח 2","אבן גבירול 124, תל אביב יפו",20.0,תל אביב יפו
2026-07-30 15:08:03.000000,2026-08-19 00:00:00,clalit,אורתופדיה,"רופא בי""ח 1","אבן גבירול 124, תל אביב יפו",20.0,תל אביב יפו
2026-07-30 15:08:03.000000,2026-08-20 00:00:00,clalit,אורתופדיה,"ד""ר אמזלג ניסן","אבן גבירול 124, תל אביב יפו",21.0,תל אביב יפו
2026-07-30 15:08:03.000000,2026-08-23 00:00:00,clalit,אורתופדיה,"ד""ר גרייף נדב","מנורת המאור 3, תל אביב יפו",24.0,תל אביב יפו
2026-07-30 15:08:03.000000,2026-08-24 00:00:00,clalit,אורתופדיה,"ד""ר הוים קירסטין","אבן גבירול 124, תל אביב יפו",25.0,תל אביב יפו
2026-07-30 15:08:04.000000,2026-08-24 00:00:00,clalit,אורתופדיה,"ד""ר אשכול זאב","אהרון בקר 8, תל אביב יפו",25.0,תל אביב יפו
2026-07-30 15:08:04.000000,2026-08-24 00:00:00,clalit,אורתופדיה,"ד""ר גרייף נדב","שקד 11, תל אביב יפו",25.0,תל אביב יפו
2026-07-30 15:08:04.000000,2026-08-25 00:00:00,clalit,אורתופדיה,"ד""ר פורטנוי ליטל","אבן גבירול 124, תל אביב יפו",26.0,תל אביב יפו
2026-07-30 15:08:04.000000,2026-08-30 00:00:00,clalit,אורתופדיה,"ד""ר בדיר עבדול עז","אהרון בקר 8, תל אביב יפו",31.0,תל אביב יפו
2026-07-30 15:08:04.000000,2026-09-02 00:00:00,clalit,אורתופדיה,"ד""ר אפרימה בן","הרטוב 5, תל אביב יפו",34.0,תל אביב יפו
2026-07-30 15:08:04.000000,2026-09-03 00:00:00,clalit,אורתופדיה,"ד""ר קוטוב קונסטנטי","התקומה 23, תל אביב יפו",35.0,תל אביב יפו
2026-07-30 15:08:04.000000,2026-09-03 00:00:00,clalit,אורתופדיה,"ד""ר ניימן מאור","אבן גבירול 124, תל אביב יפו",35.0,תל אביב יפו
2026-07-30 15:08:04.000000,2026-09-07 00:00:00,clalit,אורתופדיה,"רופא בי""ח 3","אבן גבירול 124, תל אביב יפו",39.0,תל אביב יפו
2026-07-30 15:08:04.000000,,clalit,יעוץ אורתופדי,"ד""ר נחום ערד גלית","אבן גבירול 124, תל אביב יפו",,תל אביב יפו
2026-07-30 15:08:04.000000,2026-08-02 00:00:00,clalit,אורתופדיה,"ד""ר שפירא סידני","רמב''ם 1, הרצליה",3.0,הרצליה
2026-07-30 15:08:04.000000,2026-08-05 00:00:00,clalit,אורתופדיה,"ד""ר זמירו עיסאם","אל קודס 50, טירה",6.0,טירה
2026-07-30 15:08:04.000000,2026-08-12 00:00:00,clalit,אורתופדיה,"ד""ר המיד שרים","טארק עבד אל חי, טירה",13.0,טירה
2026-07-30 15:08:04.000000,2026-08-13 00:00:00,clalit,אורתופדיה,"ד""ר איזק ג'ורג' ג","הרב ניסנבאום 33, בת ים",14.0,בת ים
2026-07-30 15:08:04.000000,2026-08-13 00:00:00,clalit,אורתופדיה,"ד""ר קולדנוב אלברט","הרב ניסנבאום 33, בת ים",14.0,בת ים
2026-07-30 15:08:04.000000,2026-08-13 00:00:00,clalit,אורתופדיה,"רופא בי""ח 2","הרב ניסנבאום 33, בת ים",14.0,בת ים
2026-07-30 15:08:04.000000,2026-08-16 00:00:00,clalit,אורתופדיה,"ד""ר נאסר מוחמד","הרב ניסנבאום 33, בת ים",17.0,בת ים
2026-07-30 15:08:04.000000,2026-08-16 00:00:00,clalit,אורתופדיה,"רופא בי""ח 1","הרב ניסנבאום 33, בת ים",17.0,בת ים
2026-07-30 15:08:04.000000,2026-08-17 00:00:00,clalit,אורתופדיה,"ד""ר שפי מיכאל","הרב ניסנבאום 33, בת ים",18.0,בת ים
2026-07-30 15:08:04.000000,2026-08-17 00:00:00,clalit,אורתופדיה,"ד""ר גורמן גאורגי","רמב''ם 1, הרצליה",18.0,הרצליה
2026-07-30 15:08:04.000000,2026-08-18 00:00:00,clalit,אורתופדיה,"ד""ר ליפשיץ יצחק מאי","הרב ניסנבאום 33, בת ים",19.0,בת ים
2026-07-30 15:08:04.000000,2026-08-18 00:00:00,clalit,אורתופדיה,"ד""ר סודיה דן","אריק איינשטיין 1, בת ים",19.0,בת ים
2026-07-30 15:08:05.000000,2026-08-18 00:00:00,clalit,אורתופדיה,"ד""ר פוקס יובל","הרצל 34, רמת גן",19.0,רמת גן
2026-07-30 15:08:05.000000,2026-08-19 00:00:00,clalit,אורתופדיה,רופא ב.בלינסון,"הרצל 34, רמת גן",20.0,רמת גן
2026-07-30 15:08:05.000000,2026-08-20 00:00:00,clalit,אורתופדיה,"ד""ר אקיאן רועי","הרב ניסנבאום 33, בת ים",21.0,בת ים
2026-07-30 15:08:05.000000,2026-08-20 00:00:00,clalit,אורתופדיה,"ד""ר ליפשיץ יצחק מאי","הרצל 39, רמת גן",21.0,רמת גן
2026-07-30 15:08:05.000000,2026-08-20 00:00:00,clalit,אורתופדיה,"ד""ר אברהם אורי","דרך זאב ז'בוטינסקי 12, בני ברק",21.0,בני ברק
2026-07-30 15:08:05.000000,2026-08-22 00:00:00,clalit,אורתופדיה,"ד""ר קאסם חאלד","אל משרוע 46, טירה",23.0,טירה
2026-07-30 15:08:05.000000,2026-08-23 00:00:00,clalit,אורתופדיה,"ד""ר איזק ג'ורג' ג","רפאל איתן 4, חולון",24.0,חולון
2026-07-30 15:08:05.000000,2026-08-23 00:00:00,clalit,אורתופדיה,"ד""ר לשינר ויאצ'סלב","בורוכוב 54, גבעתיים",24.0,גבעתיים
2026-07-30 15:08:05.000000,2026-08-24 00:00:00,clalit,אורתופדיה,"ד""ר סודיה דן","רפאל איתן 4, חולון",25.0,חולון
2026-07-30 15:08:05.000000,2026-08-24 00:00:00,clalit,אורתופדיה,"ד""ר גולדשטיין רן","הרצל 34, רמת גן",25.0,רמת גן
2026-07-30 15:08:05.000000,2026-08-24 00:00:00,clalit,אורתופדיה,רופא ב.בלינסון ב,"הרצל 34, רמת גן",25.0,רמת גן
2026-07-30 15:08:05.000000,2026-08-24 00:00:00,clalit,אורתופדיה,"יועץ בי""ח","רמב''ם 1, הרצליה",25.0,הרצליה
2026-07-30 15:08:05.000000,2026-08-25 00:00:00,clalit,אורתופדיה,"ד""ר אליאס יוסף","רפאל איתן 4, חולון",26.0,חולון
2026-07-30 15:08:05.000000,2026-08-25 00:00:00,clalit,אורתופדיה,"ד""ר אלבז איתי","רפאל איתן 4, חולון",26.0,חולון
2026-07-30 15:08:06.000000,2026-08-25 00:00:00,clalit,אורתופדיה,"ד""ר ליכטנשטיין עדי","הרצל 34, רמת גן",26.0,רמת גן
2026-07-30 15:08:06.000000,2026-08-25 00:00:00,clalit,אורתופדיה,"ד""ר אברהם אורי","הרצל 34, רמת גן",26.0,רמת גן
2026-07-30 15:08:06.000000,2026-08-25 00:00:00,clalit,אורתופדיה,"ד""ר מסרי אברהם אל","רמב''ם 1, הרצליה",26.0,הרצליה
2026-07-30 15:08:06.000000,2026-08-25 00:00:00,clalit,אורתופדיה,"ד""ר אבו סאפי עיד","גלבוע 118, אלפי מנשה",26.0,אלפי מנשה
2026-07-30 15:08:06.000000,2026-08-26 00:00:00,clalit,אורתופדיה,"ד""ר אליאס יוסף","חיים וייצמן 25, אזור",27.0,אזור
2026-07-30 15:08:06.000000,2026-08-26 00:00:00,clalit,אורתופדיה,"ד""ר בן אליהו רון","הרצל 34, רמת גן",27.0,רמת גן
2026-07-30 15:08:06.000000,2026-08-27 00:00:00,clalit,אורתופדיה,"ד""ר ספון אלכסנדר","נעמי שמר 15, חולון",28.0,חולון
2026-07-30 15:08:06.000000,2026-08-27 00:00:00,clalit,אורתופדיה,"ד""ר מכלין רולן","נעמי שמר 15, חולון",28.0,חולון
2026-07-30 15:08:06.000000,2026-08-30 00:00:00,clalit,אורתופדיה,"ד""ר אפרימה בן","רפאל איתן 4, חולון",31.0,חולון
2026-07-30 15:08:06.000000,2026-08-30 00:00:00,clalit,אורתופדיה,"ד""ר קסטנר מוטי מרד","נעמי שמר 15, חולון",31.0,חולון
2026-07-30 15:08:06.000000,2026-08-30 00:00:00,clalit,אורתופדיה,"ד""ר גולדשטיין רן","דרך יצחק רבין 53, גבעתיים",31.0,גבעתיים
2026-07-30 15:08:06.000000,2026-08-30 00:00:00,clalit,אורתופדיה,"ד""ר בן צבי יעקב","אחוזה 98, רעננה",31.0,רעננה
2026-07-30 15:08:06.000000,2026-08-31 00:00:00,clalit,אורתופדיה,"ד""ר ניימן מאור","הרב ניסנבאום 33, בת ים",32.0,בת ים
2026-07-30 15:08:06.000000,2026-09-02 00:00:00,clalit,אורתופדיה,"ד""ר שפירא שי","בן גוריון 43, כפר סבא",34.0,כפר סבא
2026-07-30 15:08:06.000000,2026-09-02 00:00:00,clalit,אורתופדיה,"ד""ר קוטוב קונסטנטי","רפפורט 3, כפר סבא",34.0,כפר סבא
2026-07-30 15:08:06.000000,2026-09-03 00:00:00,clalit,אורתופדיה,"ד""ר קוארטלר יעקב","הכישור 49, חולון",35.0,חולון
2026-07-30 15:08:06.000000,2026-09-04 00:00:00,clalit,אורתופדיה,"ד""ר קוטוב קונסטנטי","הפועל 22, הרצליה",36.0,הרצליה
2026-07-30 15:08:06.000000,2026-09-07 00:00:00,clalit,אורתופדיה,"ד""ר לשינר ויאצ'סלב","עזרא 11, בני ברק",39.0,בני ברק
2026-07-30 15:08:06.000000,2026-09-09 00:00:00,clalit,אורתופדיה,"ד""ר ברגר עמרי גיא","הפועל 22, הרצליה",41.0,הרצליה
2026-07-30 15:08:06.000000,2026-09-10 00:00:00,clalit,אורתופדיה,"ד""ר זפרן אבישי","רוטשילד 29, בת ים",42.0,בת ים
2026-07-30 15:08:06.000000,2026-09-16 00:00:00,clalit,אורתופדיה,"ד""ר זפרן אבישי","רמב''ם 1, הרצליה",48.0,הרצליה
2026-07-30 15:08:07.000000,2026-09-16 00:00:00,clalit,אורתופדיה,"ד""ר פואז נאסר","בן גוריון 43, כפר סבא",48.0,כפר סבא
2026-07-30 15:08:07.000000,2026-09-17 00:00:00,clalit,אורתופדיה,"ד""ר פואז נאסר","התקווה 18, רעננה",49.0,רעננה
2026-07-30 15:08:07.000000,2026-09-23 00:00:00,clalit,אורתופדיה,"ד""ר גרינברג אריה","דרך יצחק רבין 53, גבעתיים",55.0,גבעתיים
2026-07-30 15:08:07.000000,2026-10-04 00:00:00,clalit,אורתופדיה,"ד""ר נוביצקי אלכסנדר","בן גוריון 43, כפר סבא",66.0,כפר סבא
2026-07-30 15:08:07.000000,,clalit,אורתופדיה,"ד""ר אליאס יוסף","ששת הימים 6, חולון",,חולון
2026-07-30 15:08:07.000000,,clalit,אורתופדיה,"ד""ר גולדשטיין רן","דרך זאב ז'בוטינסקי 105, רמת גן",,רמת גן
2026-07-30 15:08:07.000000,,clalit,אורתופדיה,"ד""ר ארוולדזה סמסון","רמב''ם 1, הרצליה",,הרצליה
2026-07-30 15:08:08.000000,,clalit,אורתופדיה,"ד""ר אבו סאפי עיד","שדרות רחבעם 1, קרני שומרון",,קרני שומרון
2026-07-30 15:08:10.000000,2026-08-03 00:00:00,clalit,א.א.ג.,"ד""ר בן נר דניאל","אבן גבירול 124, תל אביב יפו",4.0,תל אביב יפו
2026-07-30 15:08:10.000000,2026-08-04 00:00:00,clalit,א.א.ג.,"ד""ר סעאדה מאהר","אבן גבירול 124, תל אביב יפו",5.0,תל אביב יפו
2026-07-30 15:08:10.000000,2026-08-05 00:00:00,clalit,א.א.ג.,"ד""ר מלמוד אריאל קי","התקומה 23, תל אביב יפו",6.0,תל אביב יפו
2026-07-30 15:08:10.000000,2026-08-05 00:00:00,clalit,א.א.ג.,"ד""ר פייגנבאום משה","אבן גבירול 124, תל אביב יפו",6.0,תל אביב יפו
2026-07-30 15:08:10.000000,2026-08-05 00:00:00,clalit,א.א.ג.,"ד""ר שפירא אודי","אבן גבירול 124, תל אביב יפו",6.0,תל אביב יפו
2026-07-30 15:08:10.000000,2026-08-05 00:00:00,clalit,א.א.ג.,"ד""ר שטיין גדעון","אבן גבירול 124, תל אביב יפו",6.0,תל אביב יפו
2026-07-30 15:08:10.000000,2026-08-06 00:00:00,clalit,א.א.ג.,"ד""ר שטרן דניאל","התקומה 23, תל אביב יפו",7.0,תל אביב יפו
2026-07-30 15:08:10.000000,2026-08-06 00:00:00,clalit,א.א.ג.,"ד""ר נסיכי אופיר","אבן גבירול 124, תל אביב יפו",7.0,תל אביב יפו
2026-07-30 15:08:10.000000,2026-08-06 00:00:00,clalit,א.א.ג.,"ד""ר לסקר אילנה","אבן גבירול 124, תל אביב יפו",7.0,תל אביב יפו
2026-07-30 15:08:10.000000,2026-08-06 00:00:00,clalit,א.א.ג.,"ד""ר אונגר ירון","אבן גבירול 124, תל אביב יפו",7.0,תל אביב יפו
2026-07-30 15:08:10.000000,2026-08-09 00:00:00,clalit,א.א.ג.,"ד""ר חורב יואב נחמ","התקומה 23, תל אביב יפו",10.0,תל אביב יפו
2026-07-30 15:08:10.000000,2026-08-09 00:00:00,clalit,א.א.ג.,"ד""ר לאוב דוד","אבן גבירול 124, תל אביב יפו",10.0,תל אביב יפו
2026-07-30 15:08:10.000000,2026-08-10 00:00:00,clalit,א.א.ג.,"ד""ר מלמוד אריאל קי","יהודה בורלא 27, תל אביב יפו",11.0,תל אביב יפו
2026-07-30 15:08:10.000000,2026-08-11 00:00:00,clalit,א.א.ג.,"רופא בי""ח","וייצמן 10, תל אביב יפו",12.0,תל אביב יפו
2026-07-30 15:08:10.000000,2026-08-12 00:00:00,clalit,א.א.ג.,"ד""ר אבישר אלון","יהודה בורלא 27, תל אביב יפו",13.0,תל אביב יפו
2026-07-30 15:08:10.000000,2026-08-20 00:00:00,clalit,א.א.ג.,פרופ' הורוביץ גלעד,"יהודה בורלא 27, תל אביב יפו",21.0,תל אביב יפו
2026-07-30 15:08:10.000000,2026-09-01 00:00:00,clalit,יועץ א.א.ג.,"ד""ר חיימוף משה","אבן גבירול 124, תל אביב יפו",33.0,תל אביב יפו
2026-07-30 15:08:10.000000,2026-09-15 00:00:00,clalit,א.א.ג.,"ד""ר שושן שגית","ריינס 18, תל אביב יפו",47.0,תל אביב יפו
2026-07-30 15:08:10.000000,,clalit,א.א.ג.,אידלסון-שוולזו גלינה,"יהודה בורלא 27, תל אביב יפו",,תל אביב יפו
2026-07-30 15:08:10.000000,2026-08-04 00:00:00,clalit,א.א.ג.,"ד""ר נוימן אורי פנח","דרך בן גוריון 13, בני ברק",5.0,בני ברק
2026-07-30 15:08:11.000000,2026-08-05 00:00:00,clalit,א.א.ג.,"ד""ר סיאג' אחמד","נעמי שמר 15, חולון",6.0,חולון
2026-07-30 15:08:11.000000,2026-08-05 00:00:00,clalit,א.א.ג.,"ד""ר שטרן דניאל","נעמי שמר 15, חולון",6.0,חולון
2026-07-30 15:08:11.000000,2026-08-05 00:00:00,clalit,א.א.ג.,"ד""ר מזרקלי יובל משה","בורוכוב 54, גבעתיים",6.0,גבעתיים
2026-07-30 15:08:11.000000,2026-08-06 00:00:00,clalit,א.א.ג.,"ד""ר מצארווה מחמד","בזלת 7, כוכב יאיר",7.0,כוכב יאיר
2026-07-30 15:08:11.000000,2026-08-07 00:00:00,clalit,א.א.ג.,"ד""ר שדאפנה מוסא","נעמי שמר 15, חולון",8.0,חולון
2026-07-30 15:08:11.000000,2026-08-09 00:00:00,clalit,א.א.ג.,"ד""ר נסיכי אופיר","נעמי שמר 15, חולון",10.0,חולון
2026-07-30 15:08:11.000000,2026-08-09 00:00:00,clalit,א.א.ג.,"ד""ר ויינר איגור","נעמי שמר 15, חולון",10.0,חולון
2026-07-30 15:08:11.000000,2026-08-09 00:00:00,clalit,א.א.ג.,"ד""ר שבתאי דניאל","נעמי שמר 15, חולון",10.0,חולון
2026-07-30 15:08:11.000000,2026-08-09 00:00:00,clalit,א.א.ג.,"ד""ר עבד אל קאדר דרויש","ראס עאמר 46, טירה",10.0,טירה
2026-07-30 15:08:11.000000,2026-08-10 00:00:00,clalit,א.א.ג.,"ד""ר שטיין גדעון","נעמי שמר 15, חולון",11.0,חולון
2026-07-30 15:08:11.000000,2026-08-10 00:00:00,clalit,א.א.ג.,"ד""ר אבישר אלון","נעמי שמר 15, חולון",11.0,חולון
2026-07-30 15:08:11.000000,2026-08-10 00:00:00,clalit,א.א.ג.,לוין מלי,"דרך בן גוריון 13, בני ברק",11.0,בני ברק
2026-07-30 15:08:11.000000,2026-08-11 00:00:00,clalit,א.א.ג.,ברק בילאוס רן,"נעמי שמר 15, חולון",12.0,חולון
2026-07-30 15:08:11.000000,2026-08-12 00:00:00,clalit,א.א.ג.,"רופאים ב'""ח שיבא","דרך בן גוריון 13, בני ברק",13.0,בני ברק
2026-07-30 15:08:11.000000,2026-08-13 00:00:00,clalit,א.א.ג.,"ד""ר דולינה אירנה","הפועל 22, הרצליה",14.0,הרצליה
2026-07-30 15:08:11.000000,2026-08-13 00:00:00,clalit,א.א.ג.,"ד""ר מצארווה מחמד","התקווה 18, רעננה",14.0,רעננה
2026-07-30 15:08:11.000000,2026-08-16 00:00:00,clalit,א.א.ג.,"ד""ר אלגרט קטיה","דרך בן גוריון 13, בני ברק",17.0,בני ברק
2026-07-30 15:08:11.000000,2026-08-16 00:00:00,clalit,א.א.ג.,"ד""ר שטרנבך דן","עזרא 11, בני ברק",17.0,בני ברק
2026-07-30 15:08:11.000000,2026-08-16 00:00:00,clalit,א.א.ג.,"ד""ר סלאמה ראמז","רמב''ם 1, הרצליה",17.0,הרצליה
2026-07-30 15:08:11.000000,2026-08-17 00:00:00,clalit,א.א.ג.,"ד""ר ברבלט אירינה","נעמי שמר 15, חולון",18.0,חולון
2026-07-30 15:08:11.000000,2026-08-17 00:00:00,clalit,א.א.ג.,"ד""ר גוטקובסקי דפנה סיל","רמב''ם 1, הרצליה",18.0,הרצליה
2026-07-30 15:08:12.000000,2026-08-18 00:00:00,clalit,א.א.ג.,"ד""ר מימון שירי לי","נעמי שמר 15, חולון",19.0,חולון
2026-07-30 15:08:12.000000,2026-08-18 00:00:00,clalit,א.א.ג.,"רופא בי""ח","רמב''ם 1, הרצליה",19.0,הרצליה
2026-07-30 15:08:12.000000,2026-08-19 00:00:00,clalit,א.א.ג.,"ד""ר שיבצקי שקד","דרך זאב ז'בוטינסקי 105, רמת גן",20.0,רמת גן
2026-07-30 15:08:12.000000,2026-08-19 00:00:00,clalit,א.א.ג.,"ד""ר דולינה אירנה","רמב''ם 1, הרצליה",20.0,הרצליה
2026-07-30 15:08:12.000000,2026-08-19 00:00:00,clalit,א.א.ג.,אאג איכילוב,"רמב''ם 1, הרצליה",20.0,הרצליה
2026-07-30 15:08:12.000000,2026-08-23 00:00:00,clalit,א.א.ג.,"ד""ר אונגר ירון","דרך זאב ז'בוטינסקי 105, רמת גן",24.0,רמת גן
2026-07-30 15:08:12.000000,2026-08-23 00:00:00,clalit,א.א.ג.,"ד""ר קגן טטיאנה","התקווה 18, רעננה",24.0,רעננה
2026-07-30 15:08:12.000000,2026-08-26 00:00:00,clalit,א.א.ג.,"ד""ר אלמגרבי אימן","הרב ניסנבאום 33, בת ים",27.0,בת ים
2026-07-30 15:08:12.000000,2026-08-31 00:00:00,clalit,א.א.ג.,"ד""ר פרגר אירינה","רמב''ם 1, הרצליה",32.0,הרצליה
2026-07-30 15:08:12.000000,2026-09-02 00:00:00,clalit,א.א.ג.,"ד""ר וואש רון אריה","נעמי שמר 15, חולון",34.0,חולון
2026-07-30 15:08:12.000000,2026-09-02 00:00:00,clalit,א.א.ג.,"ד""ר כהן עודד","הפועל 22, הרצליה",34.0,הרצליה
2026-07-30 15:08:12.000000,2026-09-06 00:00:00,clalit,א.א.ג.,"ד""ר מלמוד אריאל קי","נעמי שמר 15, חולון",38.0,חולון
2026-07-30 15:08:12.000000,2026-09-06 00:00:00,clalit,א.א.ג.,"ד""ר גדרון מורן","דרך בן גוריון 13, בני ברק",38.0,בני ברק
2026-07-30 15:08:12.000000,2026-09-09 00:00:00,clalit,א.א.ג.,"ד""ר חורב יואב נחמ","נעמי שמר 15, חולון",41.0,חולון
2026-07-30 15:08:13.000000,2026-09-09 00:00:00,clalit,א.א.ג.,"ד""ר גוטקובסקי דפנה סיל","בן גוריון 43, כפר סבא",41.0,כפר סבא
2026-07-30 15:08:13.000000,2026-09-09 00:00:00,clalit,א.א.ג.,"ד""ר סאבו רני","וייצמן 83, כפר סבא",41.0,כפר סבא
2026-07-30 15:08:13.000000,2026-09-11 00:00:00,clalit,א.א.ג.,"ד""ר מזרקלי יובל משה","דרך יצחק רבין 53, גבעתיים",43.0,גבעתיים
2026-07-30 15:08:13.000000,2026-09-14 00:00:00,clalit,א.א.ג.,אאג איכילוב,"בן גוריון 43, כפר סבא",46.0,כפר סבא
2026-07-30 15:08:13.000000,2026-09-16 00:00:00,clalit,א.א.ג.,"ד""ר צ'אושו קרול","וייצמן 43, כפר סבא",48.0,כפר סבא
2026-07-30 15:08:13.000000,2026-09-17 00:00:00,clalit,א.א.ג.,"ד""ר יואכימס זהר","רמב''ם 1, הרצליה",49.0,הרצליה
2026-07-30 15:08:13.000000,2026-09-18 00:00:00,clalit,א.א.ג.,"ד""ר גרשנבל מילק דפנה ברכ","בן גוריון 43, כפר סבא",50.0,כפר סבא
2026-07-30 15:08:14.000000,2026-09-23 00:00:00,clalit,א.א.ג.,"ד""ר מנסור אנואר","רמב''ם 1, הרצליה",55.0,הרצליה
2026-07-30 15:08:14.000000,2026-10-07 00:00:00,clalit,א.א.ג.,"ד""ר זילבר ברקוביץ דרורית","בן גוריון 43, כפר סבא",69.0,כפר סבא
2026-07-30 15:08:14.000000,,clalit,א.א.ג.,"ד""ר ריטר עמית","דרך בן גוריון 13, בני ברק",,בני ברק
2026-07-30 15:08:14.000000,,clalit,א.א.ג.,"ד""ר פיצ'חדזה ילנה","דרך בן גוריון 13, בני ברק",,בני ברק
2026-07-30 15:08:14.000000,,clalit,א.א.ג.,"ד""ר יואכימס זהר","דרך יצחק רבין 53, גבעתיים",,גבעתיים
2026-07-30 15:08:14.000000,,clalit,א.א.ג.,"ד""ר וייס ורד","התקווה 18, רעננה",,רעננה
2026-07-30 15:08:16.000000,2026-08-02 00:00:00,clalit,נשים,"ד""ר גרוס יעקב","אליהו ברלין 13, תל אביב יפו",3.0,תל אביב יפו
2026-07-30 15:08:16.000000,2026-08-03 00:00:00,clalit,נשים,"ד""ר גבע אלי","אבא אחימאיר 18, תל אביב יפו",4.0,תל אביב יפו
2026-07-30 15:08:16.000000,2026-08-03 00:00:00,clalit,נשים,"ד""ר נול שמואל","אמסטרדם 9, תל אביב יפו",4.0,תל אביב יפו
2026-07-30 15:08:16.000000,2026-08-03 00:00:00,clalit,נשים,"ד""ר שילון מיכאל מי","אליהו ברלין 13, תל אביב יפו",4.0,תל אביב יפו
2026-07-30 15:08:16.000000,2026-08-03 00:00:00,clalit,נשים,"ד""ר שילון מיכאל מי","שדרות יהודית 18, תל אביב יפו",4.0,תל אביב יפו
2026-07-30 15:08:16.000000,2026-08-04 00:00:00,clalit,נשים,"ד""ר דקל איל","אבא אחימאיר 18, תל אביב יפו",5.0,תל אביב יפו
2026-07-30 15:08:16.000000,2026-08-04 00:00:00,clalit,נשים,"ד""ר שילון מיכאל מי","אחד העם 9, תל אביב יפו",5.0,תל אביב יפו
2026-07-30 15:08:16.000000,2026-08-06 00:00:00,clalit,נשים,"ד""ר גולד רונן שמו","אבא אחימאיר 18, תל אביב יפו",7.0,תל אביב יפו
2026-07-30 15:08:16.000000,2026-08-13 00:00:00,clalit,נשים,"ד""ר סיגל יעקב","אריסטובולוס 2, תל אביב יפו",14.0,תל אביב יפו
2026-07-30 15:08:16.000000,2026-08-16 00:00:00,clalit,נשים,פרופ' לוריא שמואל,"אבא אחימאיר 18, תל אביב יפו",17.0,תל אביב יפו
2026-07-30 15:08:16.000000,2026-08-19 00:00:00,clalit,נשים,"ד""ר בוצן אמנון","אבא אחימאיר 18, תל אביב יפו",20.0,תל אביב יפו
2026-07-30 15:08:16.000000,2026-08-20 00:00:00,clalit,נשים,"ד""ר גרוס לוטם","מקור חיים 35, תל אביב יפו",21.0,תל אביב יפו
2026-07-30 15:08:16.000000,2026-08-20 00:00:00,clalit,נשים,"ד""ר ירושלמי גיל מרדכ","אהרון בקר 8, תל אביב יפו",21.0,תל אביב יפו
2026-07-30 15:08:17.000000,2026-08-23 00:00:00,clalit,נשים,"ד""ר אלדר עידו","אבא אחימאיר 18, תל אביב יפו",24.0,תל אביב יפו
2026-07-30 15:08:17.000000,2026-08-25 00:00:00,clalit,נשים,"ד""ר טמאיב ליליה","מקור חיים 35, תל אביב יפו",26.0,תל אביב יפו
2026-07-30 15:08:17.000000,2026-08-25 00:00:00,clalit,נשים,"ד""ר ארליך אורי","אבא אחימאיר 18, תל אביב יפו",26.0,תל אביב יפו
2026-07-30 15:08:17.000000,2026-08-25 00:00:00,clalit,נשים,"ד""ר טיירי דניאל","דרך שלמה 43, תל אביב יפו",26.0,תל אביב יפו
2026-07-30 15:08:17.000000,2026-08-25 00:00:00,clalit,נשים,"ד""ר גרינברג נירית","הצנחנים 20, תל אביב יפו",26.0,תל אביב יפו
2026-07-30 15:08:17.000000,2026-08-26 00:00:00,clalit,נשים,"ד""ר כהנא חגית","נירים 3, תל אביב יפו",27.0,תל אביב יפו
2026-07-30 15:08:17.000000,2026-08-26 00:00:00,clalit,נשים,"ד""ר טמאיב ליליה","שקד 11, תל אביב יפו",27.0,תל אביב יפו
2026-07-30 15:08:17.000000,2026-08-31 00:00:00,clalit,נשים,"ד""ר אלופי נעים ענת","נירים 3, תל אביב יפו",32.0,תל אביב יפו
2026-07-30 15:08:17.000000,2026-09-01 00:00:00,clalit,נשים,"ד""ר קרסיק שפלטר מריולה מ","התקומה 23, תל אביב יפו",33.0,תל אביב יפו
2026-07-30 15:08:17.000000,2026-09-01 00:00:00,clalit,נשים,"ד""ר מור עומר","אבא אחימאיר 18, תל אביב יפו",33.0,תל אביב יפו
2026-07-30 15:08:17.000000,2026-09-04 00:00:00,clalit,נשים,"ד""ר אהרוני פינחס","נירים 3, תל אביב יפו",36.0,תל אביב יפו
2026-07-30 15:08:17.000000,2026-09-06 00:00:00,clalit,נשים,"ד""ר זילברברג ערן","אבא אחימאיר 18, תל אביב יפו",38.0,תל אביב יפו
2026-07-30 15:08:17.000000,2026-09-07 00:00:00,clalit,נשים,"ד""ר לייבוביץ דיאמנ הילה","אבא אחימאיר 18, תל אביב יפו",39.0,תל אביב יפו
2026-07-30 15:08:17.000000,2026-09-09 00:00:00,clalit,נשים,"ד""ר ברקת יונתן חי","נירים 3, תל אביב יפו",41.0,תל אביב יפו
2026-07-30 15:08:17.000000,2026-09-15 00:00:00,clalit,נשים,פרופ' לוי מיכל,"התקומה 23, תל אביב יפו",47.0,תל אביב יפו
2026-07-30 15:08:17.000000,2026-10-06 00:00:00,clalit,נשים,"ד""ר גרינברג נירית","אבא אחימאיר 18, תל אביב יפו",68.0,תל אביב יפו
2026-07-30 15:08:17.000000,2026-10-06 00:00:00,clalit,נשים,"ד""ר גונן נעה","נירים 3, תל אביב יפו",68.0,תל אביב יפו
2026-07-30 15:08:17.000000,2026-10-06 00:00:00,clalit,נשים,"ד""ר רוסליק ילנה","נירים 3, תל אביב יפו",68.0,תל אביב יפו
2026-07-30 15:08:17.000000,2026-10-06 00:00:00,clalit,נשים,"ד""ר רז יעל","ירושלמי 11, תל אביב יפו",68.0,תל אביב יפו
2026-07-30 15:08:17.000000,2026-10-15 00:00:00,clalit,נשים,"ד""ר פראג רוזנברג רוני","אבא אחימאיר 18, תל אביב יפו",77.0,תל אביב יפו
2026-07-30 15:08:17.000000,2026-10-18 00:00:00,clalit,נשים,"ד""ר זהבי צבי","אבא אחימאיר 18, תל אביב יפו",80.0,תל אביב יפו
2026-07-30 15:08:18.000000,2026-10-20 00:00:00,clalit,נשים,"ד""ר אקדם אמיר","אבא אחימאיר 18, תל אביב יפו",82.0,תל אביב יפו
2026-07-30 15:08:18.000000,2026-10-28 00:00:00,clalit,נשים,"ד""ר טורם מאיה","נירים 3, תל אביב יפו",90.0,תל אביב יפו
2026-07-30 15:08:18.000000,,clalit,נשים,"ד""ר כץ עדי","אבא אחימאיר 18, תל אביב יפו",,תל אביב יפו
2026-07-30 15:08:18.000000,,clalit,נשים,"ד""ר סולימה אלדר ויקי","אבא אחימאיר 18, תל אביב יפו",,תל אביב יפו
2026-07-30 15:08:18.000000,,clalit,נשים,"ד""ר וורחוב מירטה אי","אהרון בקר 8, תל אביב יפו",,תל אביב יפו
2026-07-30 15:08:18.000000,2026-07-31 00:00:00,clalit,נשים,"ד""ר קליינר איליה","רפאל איתן 4, חולון",1.0,חולון
2026-07-30 15:08:18.000000,2026-07-31 00:00:00,clalit,נשים,"ד""ר פייט קורן חגית","בן גוריון 22, הרצליה",1.0,הרצליה
2026-07-30 15:08:18.000000,2026-08-02 00:00:00,clalit,נשים,"ד""ר קרסיק שפלטר מריולה מ","אריק איינשטיין 1, בת ים",3.0,בת ים
2026-07-30 15:08:18.000000,2026-08-02 00:00:00,clalit,נשים,"ד""ר גינגולד אריה","חזון אי''ש 62, בני ברק",3.0,בני ברק
2026-07-30 15:08:18.000000,2026-08-03 00:00:00,clalit,נשים,"ד""ר קידר רן","רפאל איתן 4, חולון",4.0,חולון
2026-07-30 15:08:18.000000,2026-08-03 00:00:00,clalit,נשים,"רופ.בי""ח מעייני היש","חזון אי''ש 62, בני ברק",4.0,בני ברק
2026-07-30 15:08:18.000000,2026-08-03 00:00:00,clalit,נשים,"ד""ר גינגולד אריה","דרך זאב ז'בוטינסקי 105, רמת גן",4.0,רמת גן
2026-07-30 15:08:18.000000,2026-08-03 00:00:00,clalit,נשים,"ד""ר מישל אמיר","הנשר 1, רעננה",4.0,רעננה
2026-07-30 15:08:18.000000,2026-08-04 00:00:00,clalit,נשים,"ד""ר חיימוב מיכאל","חיים וייצמן 25, אזור",5.0,אזור
2026-07-30 15:08:19.000000,2026-08-04 00:00:00,clalit,נשים,"ד""ר שרפוב טטיאנה","בזלת 7, כוכב יאיר",5.0,כוכב יאיר
2026-07-30 15:08:19.000000,2026-08-04 00:00:00,clalit,נשים,"ד""ר חייקין אלכסנדר","גלבוע 118, אלפי מנשה",5.0,אלפי מנשה
2026-07-30 15:08:19.000000,2026-08-05 00:00:00,clalit,נשים,"ד""ר שרפוב טטיאנה","וייצמן 83, כפר סבא",6.0,כפר סבא
2026-07-30 15:08:19.000000,2026-08-05 00:00:00,clalit,נשים,"ד""ר ברומיקר פריימן תלמה גרס","סשה ארגוב 23, רעננה",6.0,רעננה
2026-07-30 15:08:19.000000,2026-08-06 00:00:00,clalit,נשים,נשים איכילוב-שפרילנ,"המכבים 75, בני ברק",7.0,בני ברק
2026-07-30 15:08:19.000000,2026-08-07 00:00:00,clalit,נשים,"ד""ר ביטמן גנדי","בן גוריון 22, הרצליה",8.0,הרצליה
2026-07-30 15:08:19.000000,2026-08-09 00:00:00,clalit,נשים,"רופא בי""ח","בן גוריון 22, הרצליה",10.0,הרצליה
2026-07-30 15:08:19.000000,2026-08-09 00:00:00,clalit,נשים,"ד""ר טל אורי","בזלת 7, כוכב יאיר",10.0,כוכב יאיר
2026-07-30 15:08:19.000000,2026-08-09 00:00:00,clalit,נשים,"ד""ר פורוטקוב נטליה","שדרות רחבעם 1, קרני שומרון",10.0,קרני שומרון
2026-07-30 15:08:19.000000,2026-08-11 00:00:00,clalit,נשים,"ד""ר וייצנר עומר","בן גוריון 22, הרצליה",12.0,הרצליה
2026-07-30 15:08:19.000000,2026-08-11 00:00:00,clalit,נשים,"ד""ר טל אורי","בן גוריון 22, הרצליה",12.0,הרצליה
2026-07-30 15:08:19.000000,2026-08-12 00:00:00,clalit,נשים,"ד""ר קוך מיכל זאב",טירה,13.0,טירה
2026-07-30 15:08:19.000000,2026-08-12 00:00:00,clalit,נשים,"ד""ר גדעוני יריב שלמ","רפפורט 3, כפר סבא",13.0,כפר סבא
2026-07-30 15:08:19.000000,2026-08-12 00:00:00,clalit,נשים,"ד""ר חנוך יוסף","סשה ארגוב 23, רעננה",13.0,רעננה
2026-07-30 15:08:19.000000,2026-08-12 00:00:00,clalit,נשים,"ד""ר פורוטקוב נטליה","כיכר רמב''ם, עמנואל",13.0,עמנואל
2026-07-30 15:08:19.000000,2026-08-13 00:00:00,clalit,נשים,"ד""ר טיירי דניאל","אריק איינשטיין 1, בת ים",14.0,בת ים
2026-07-30 15:08:19.000000,2026-08-13 00:00:00,clalit,נשים,"ד""ר מסארוה אלנה לקר",טירה,14.0,טירה
2026-07-30 15:08:19.000000,2026-08-13 00:00:00,clalit,נשים,"ד""ר וייצנר עומר","וייצמן 83, כפר סבא",14.0,כפר סבא
2026-07-30 15:08:19.000000,2026-08-14 00:00:00,clalit,נשים,"ד""ר גרטנר ונטמן ברנרד","וייצמן 83, כפר סבא",15.0,כפר סבא
2026-07-30 15:08:19.000000,2026-08-16 00:00:00,clalit,נשים,"ד""ר אוהבה ג'ונתן ס","שדרות מנחם בגין 38, גבעת שמואל",17.0,גבעת שמואל
2026-07-30 15:08:19.000000,2026-08-16 00:00:00,clalit,נשים,"ד""ר חייקין אלכסנדר","וייצמן 83, כפר סבא",17.0,כפר סבא
2026-07-30 15:08:20.000000,2026-08-17 00:00:00,clalit,נשים,"ד""ר גולד עירן","אריק איינשטיין 1, בת ים",18.0,בת ים
2026-07-30 15:08:20.000000,2026-08-18 00:00:00,clalit,נשים,"ד""ר נול שמואל","אריק איינשטיין 1, בת ים",19.0,בת ים
2026-07-30 15:08:20.000000,2026-08-18 00:00:00,clalit,נשים,"ד""ר גינגולד אריה","דרך יצחק רבין 53, גבעתיים",19.0,גבעתיים
2026-07-30 15:08:20.000000,2026-08-19 00:00:00,clalit,נשים,"ד""ר רביב אשרת","שדרות רחבעם 1, קרני שומרון",20.0,קרני שומרון
2026-07-30 15:08:20.000000,2026-08-19 00:00:00,clalit,נשים,"ד""ר פורוטקוב נטליה","יהלום 17, קדומים",20.0,קדומים
2026-07-30 15:08:20.000000,2026-08-20 00:00:00,clalit,נשים,"ד""ר ויינשטיין סופיה","בן גוריון 22, הרצליה",21.0,הרצליה
2026-07-30 15:08:20.000000,2026-08-23 00:00:00,clalit,נשים,"ד""ר קולודיזנר טטיאנה","בן גוריון 22, הרצליה",24.0,הרצליה
2026-07-30 15:08:20.000000,2026-08-25 00:00:00,clalit,נשים,"ד""ר שרייבר חנוך","וייצמן 83, כפר סבא",26.0,כפר סבא
2026-07-30 15:08:20.000000,2026-08-27 00:00:00,clalit,נשים,"ד""ר אליגר נלי","רפאל איתן 4, חולון",28.0,חולון
2026-07-30 15:08:20.000000,2026-08-27 00:00:00,clalit,נשים,"ד""ר קידר לירון","בן גוריון 22, הרצליה",28.0,הרצליה
2026-07-30 15:08:20.000000,2026-08-31 00:00:00,clalit,נשים,"ד""ר וולפרט אלדר","רפאל איתן 4, חולון",32.0,חולון
2026-07-30 15:08:20.000000,2026-08-31 00:00:00,clalit,נשים,פרופ' מזרחי יוסף,"רפאל איתן 4, חולון",32.0,חולון
2026-07-30 15:08:20.000000,2026-08-31 00:00:00,clalit,נשים,"ד""ר רונה שירן","רפאל איתן 4, חולון",32.0,חולון
2026-07-30 15:08:20.000000,2026-08-31 00:00:00,clalit,נשים,"ד""ר שריג מנחם יצח","וייצמן 83, כפר סבא",32.0,כפר סבא
2026-07-30 15:08:20.000000,2026-09-01 00:00:00,clalit,נשים,"ד""ר רוק מיכל","רפאל איתן 4, חולון",33.0,חולון
2026-07-30 15:08:20.000000,2026-09-01 00:00:00,clalit,נשים,"ד""ר זלוטניקובה יוליה","דרך בן גוריון 13, בני ברק",33.0,בני ברק
2026-07-30 15:08:20.000000,2026-09-01 00:00:00,clalit,נשים,"ד""ר טריגרמן שי","דרך זאב ז'בוטינסקי 105, רמת גן",33.0,רמת גן
2026-07-30 15:08:20.000000,2026-09-02 00:00:00,clalit,נשים,"ד""ר זיידין אנה","ישעיהו 44, חולון",34.0,חולון
2026-07-30 15:08:20.000000,2026-09-02 00:00:00,clalit,נשים,"ד""ר אבנט חגי","בן גוריון 22, הרצליה",34.0,הרצליה
2026-07-30 15:08:20.000000,2026-09-03 00:00:00,clalit,נשים,"ד""ר ברוכין אוהד","רפאל איתן 4, חולון",35.0,חולון
2026-07-30 15:08:20.000000,2026-09-06 00:00:00,clalit,נשים,"ד""ר פריד סימה","סשה ארגוב 23, רעננה",38.0,רעננה
2026-07-30 15:08:21.000000,2026-09-07 00:00:00,clalit,נשים,"ד""ר ברקרסקי יקירה","אריק איינשטיין 1, בת ים",39.0,בת ים
2026-07-30 15:08:21.000000,2026-09-07 00:00:00,clalit,נשים,יגור יעל,"סשה ארגוב 23, רעננה",39.0,רעננה
2026-07-30 15:08:21.000000,2026-09-08 00:00:00,clalit,נשים,"ד""ר חיימוב מיכאל","אריק איינשטיין 1, בת ים",40.0,בת ים
2026-07-30 15:08:21.000000,2026-09-08 00:00:00,clalit,נשים,"ד""ר וינשטיין עדי","המכבים 75, בני ברק",40.0,בני ברק
2026-07-30 15:08:21.000000,2026-09-08 00:00:00,clalit,נשים,"ד""ר הויזלר ישי","נחל קנה 9, צור יצחק",40.0,צור יצחק
2026-07-30 15:08:21.000000,2026-09-08 00:00:00,clalit,נשים,"ד""ר כץ טטיאנה","סשה ארגוב 23, רעננה",40.0,רעננה
2026-07-30 15:08:21.000000,2026-09-09 00:00:00,clalit,נשים,"ד""ר פרוסמושקין רימה","וייצמן 83, כפר סבא",41.0,כפר סבא
2026-07-30 15:08:21.000000,2026-09-10 00:00:00,clalit,נשים,"ד""ר סגל הילה","רפאל איתן 4, חולון",42.0,חולון
2026-07-30 15:08:21.000000,2026-09-16 00:00:00,clalit,נשים,"ד""ר ענבר שמואל","סשה ארגוב 23, רעננה",48.0,רעננה
2026-07-30 15:08:21.000000,2026-09-22 00:00:00,clalit,נשים,"ד""ר בן ציון מאיה","בן גוריון 22, הרצליה",54.0,הרצליה
2026-07-30 15:08:21.000000,2026-10-04 00:00:00,clalit,נשים,"ד""ר זיידין אנה","אריק איינשטיין 1, בת ים",66.0,בת ים
2026-07-30 15:08:21.000000,2026-10-04 00:00:00,clalit,נשים,"ד""ר שלו אמיר","רפאל איתן 4, חולון",66.0,חולון
2026-07-30 15:08:21.000000,2026-10-04 00:00:00,clalit,נשים,"ד""ר גלעדי יעקובי איתן","חיים לנדאו 7, רמת גן",66.0,רמת גן
2026-07-30 15:08:21.000000,2026-10-04 00:00:00,clalit,נשים,"ד""ר קוך מיכל זאב","וייצמן 83, כפר סבא",66.0,כפר סבא
2026-07-30 15:08:21.000000,2026-10-05 00:00:00,clalit,נשים,"ד""ר סגל הילה","חיים וייצמן 25, אזור",67.0,אזור
2026-07-30 15:08:21.000000,2026-10-12 00:00:00,clalit,נשים,פרופ' נחום רוית,"חזון אי''ש 62, בני ברק",74.0,בני ברק
2026-07-30 15:08:21.000000,2026-10-14 00:00:00,clalit,נשים,"ד""ר בוגין גרינפילד רונה","סשה ארגוב 23, רעננה",76.0,רעננה
2026-07-30 15:08:21.000000,2026-10-16 00:00:00,clalit,נשים,"ד""ר ונד סוזאנה","בן גוריון 22, הרצליה",78.0,הרצליה
2026-07-30 15:08:21.000000,2026-10-18 00:00:00,clalit,נשים,"ד""ר ורניקובסקי גבריאלה","רפאל איתן 4, חולון",80.0,חולון
2026-07-30 15:08:21.000000,2026-10-20 00:00:00,clalit,נשים,"ד""ר דבש שירה","צבי הרלינג 6, בני ברק",82.0,בני ברק
2026-07-30 15:08:21.000000,2026-10-28 00:00:00,clalit,נשים,"ד""ר ויזל אילנה","שדרות מנחם בגין 38, גבעת שמואל",90.0,גבעת שמואל
2026-07-30 15:08:22.000000,,clalit,נשים,"ד""ר מונייר סמירה","אריק איינשטיין 1, בת ים",,בת ים
2026-07-30 15:08:22.000000,,clalit,נשים,"ד""ר מימוני גלית","חזון אי''ש 62, בני ברק",,בני ברק
2026-07-30 15:08:22.000000,,clalit,נשים,"ד""ר משיח פרידלר ירדנה בת","בן גוריון 22, הרצליה",,הרצליה
2026-07-30 15:08:22.000000,,clalit,נשים,"ד""ר עובדיה מיכל חנה","וייצמן 83, כפר סבא",,כפר סבא
2026-07-30 15:08:22.000000,,clalit,נשים,"ד""ר ברומיקר פריימן תלמה גרס","וייצמן 83, כפר סבא",,כפר סבא
2026-07-30 15:08:24.000000,,clalit,עור,"רופא בי""ח","וייצמן 10, תל אביב יפו",,תל אביב יפו
2026-07-30 15:08:24.000000,,clalit,עור,"ד""ר אנדלמן סתיו","התקומה 23, תל אביב יפו",,תל אביב יפו
2026-07-30 15:08:24.000000,,clalit,עור,"ד""ר גלילי ערן","שדרות החי''ל 12, תל אביב יפו",,תל אביב יפו
2026-07-30 15:08:24.000000,,clalit,עור,לוי בת שבע,"בן יהודה 29, תל אביב יפו",,תל אביב יפו
2026-07-30 15:08:24.000000,,clalit,עור,"ד""ר דניאלי דניאל","אבן גבירול 124, תל אביב יפו",,תל אביב יפו
2026-07-30 15:08:24.000000,,clalit,עור,"ד""ר בנשטרית שיר","אבן גבירול 124, תל אביב יפו",,תל אביב יפו
2026-07-30 15:08:26.000000,,clalit,עור,"ד""ר אריאלי מני","אבן גבירול 124, תל אביב יפו",,תל אביב יפו
2026-07-30 15:08:26.000000,,clalit,עור,"ד""ר גליק מירית","אבן גבירול 124, תל אביב יפו",,תל אביב יפו
2026-07-30 15:08:26.000000,,clalit,עור,"ד""ר זידאן עומרי","אבן גבירול 124, תל אביב יפו",,תל אביב יפו
2026-07-30 15:08:26.000000,,clalit,עור,"ד""ר מונסליזה אסף","אבן גבירול 124, תל אביב יפו",,תל אביב יפו
2026-07-30 15:08:26.000000,,clalit,עור,"ד""ר ברמץ שירה","אבן גבירול 124, תל אביב יפו",,תל אביב יפו
2026-07-30 15:08:26.000000,,clalit,עור,"רופא בי""ח 1","אבן גבירול 124, תל אביב יפו",,תל אביב יפו
2026-07-30 15:08:26.000000,,clalit,עור,"ד""ר קינד גלוקסמן טל","ירושלמי 11, תל אביב יפו",,תל אביב יפו
2026-07-30 15:08:28.000000,,clalit,עור,"ד""ר אהרונוביץ אנה","הצנחנים 20, תל אביב יפו",,תל אביב יפו
2026-07-30 15:08:28.000000,,clalit,עור,"ד""ר הגלר יוסף","יהודה בורלא 27, תל אביב יפו",,תל אביב יפו
2026-07-30 15:08:28.000000,,clalit,עור,"ד""ר וודוביץ דן","אהרון בקר 8, תל אביב יפו",,תל אביב יפו
2026-07-30 15:08:28.000000,,clalit,עור,"ד""ר זמיר הדס","אהרון בקר 8, תל אביב יפו",,תל אביב יפו
2026-07-30 15:08:28.000000,,clalit,עור,"ד""ר רום הדס","אליהו ברלין 13, תל אביב יפו",,תל אביב יפו
2026-07-30 15:08:28.000000,,clalit,עור,"ד""ר אורן שבתאי מיטל","אליהו ברלין 13, תל אביב יפו",,תל אביב יפו
2026-07-30 15:08:28.000000,,clalit,עור,"ד""ר אדלשטיין דניס מיכ","זליג ברודצקי 43, תל אביב יפו",,תל אביב יפו
2026-07-30 15:08:29.000000,,clalit,עור,"ד""ר טלב אייל","המכבי 2, תל אביב יפו",,תל אביב יפו
2026-07-30 15:08:29.000000,,clalit,יועץ עור,"ד""ר רייס הוס שירן","אהרון בקר 8, תל אביב יפו",,תל אביב יפו
2026-07-30 15:08:29.000000,,clalit,עור,ייעוץ בוידאו צ'אט,תל אביב יפו,,תל אביב יפו
2026-07-30 15:08:29.000000,2026-08-23 00:00:00,clalit,עור,"ד""ר לאופר בריטבה רימה","נעמי שמר 15, כפר סבא",24.0,כפר סבא
2026-07-30 15:08:29.000000,2026-09-15 00:00:00,clalit,עור,"ד""ר אבו בכר עלי","בן גוריון 43, כפר סבא",47.0,כפר סבא
2026-07-30 15:08:29.000000,2026-09-16 00:00:00,clalit,עור,"ד""ר אבו בכר עלי","א תופאח, טירה",48.0,טירה
2026-07-30 15:08:29.000000,2026-09-21 00:00:00,clalit,עור,"ד""ר אבו בכר עלי","טארק עבד אל חי, טירה",53.0,טירה
2026-07-30 15:08:30.000000,2026-10-11 00:00:00,clalit,עור,"ד""ר נג'אר סמיח","הנשר 1, רעננה",73.0,רעננה
2026-07-30 15:08:30.000000,2026-10-23 00:00:00,clalit,עור,"ד""ר חאג' יחיא כראם","בזלת 7, כוכב יאיר",85.0,כוכב יאיר
2026-07-30 15:08:30.000000,,clalit,עור,"רופא בי""ח","הלוחמים 62, חולון",,חולון
2026-07-30 15:08:30.000000,,clalit,עור,"ד""ר זידאן עומרי","רפאל איתן 4, חולון",,חולון
2026-07-30 15:08:30.000000,,clalit,עור,"ד""ר שיפטר רות","חיים ארלוזורוב 52, חולון",,חולון
2026-07-30 15:08:30.000000,,clalit,עור,"ד""ר פלדמן אסף","נעמי שמר 15, חולון",,חולון
2026-07-30 15:08:30.000000,,clalit,עור,"ד""ר שבתאי הגר","נעמי שמר 15, חולון",,חולון
2026-07-30 15:08:32.000000,,clalit,עור,"ד""ר סורוקסקי דניאל","נעמי שמר 15, חולון",,חולון
2026-07-30 15:08:32.000000,,clalit,עור,"רופא בי""ח","נעמי שמר 15, חולון",,חולון
2026-07-30 15:08:32.000000,,clalit,עור,"ד""ר קריחלי דוד","הרב ניסנבאום 33, בת ים",,בת ים
2026-07-30 15:08:32.000000,,clalit,עור,"ד""ר פדורנקו לריסה","רוטשילד 29, בת ים",,בת ים
2026-07-30 15:08:32.000000,,clalit,עור,עור ב.איכילוב,"הרצל 34, רמת גן",,רמת גן
2026-07-30 15:08:32.000000,,clalit,עור,עור ב.איכילוב,"רבי עקיבא 83, בני ברק",,בני ברק
2026-07-30 15:08:32.000000,,clalit,עור,"ד""ר נג'אר סמיח","דרך בן גוריון 13, בני ברק",,בני ברק
2026-07-30 15:08:34.000000,,clalit,עור,רופא ב.בלינסון,"דרך בן גוריון 13, בני ברק",,בני ברק
2026-07-30 15:08:34.000000,,clalit,עור,עור ב.איכילוב,"דרך בן גוריון 13, בני ברק",,בני ברק
2026-07-30 15:08:34.000000,,clalit,עור,"ד""ר נג'אר מוחמד","המכבים 75, בני ברק",,בני ברק
2026-07-30 15:08:34.000000,,clalit,עור,"ד""ר אוביידוב ולדיסלב","עזרא 11, בני ברק",,בני ברק
2026-07-30 15:08:34.000000,,clalit,עור,"ד""ר גור שלומי אי","דרך יצחק רבין 53, גבעתיים",,גבעתיים
2026-07-30 15:08:34.000000,,clalit,עור,"ד""ר פרידל נדב","דרך יצחק רבין 53, גבעתיים",,גבעתיים
2026-07-30 15:08:34.000000,,clalit,עור,"ד""ר לסט עומר","דרך יצחק רבין 53, גבעתיים",,גבעתיים
2026-07-30 15:08:35.000000,,clalit,עור,"ד""ר אוביידוב ולדיסלב","דרך זאב ז'בוטינסקי 105, רמת גן",,רמת גן
2026-07-30 15:08:35.000000,,clalit,עור,"ד""ר לסט עומר","דרך זאב ז'בוטינסקי 105, רמת גן",,רמת גן
2026-07-30 15:08:35.000000,,clalit,עור,"ד""ר מונסליזה אסף","דרך יצחק רבין 53, גבעתיים",,גבעתיים
2026-07-30 15:08:35.000000,,clalit,עור,"ד""ר לוי גרי ריימ","אחוזה 124, רעננה",,רעננה
2026-07-30 15:08:35.000000,,clalit,עור,"ד""ר שלמון מלמוד דנה","רמב''ם 1, הרצליה",,הרצליה
2026-07-30 15:08:35.000000,,clalit,עור,"ד""ר בשארה אתאר","רמב''ם 1, הרצליה",,הרצליה
2026-07-30 15:08:35.000000,,clalit,עור,"ד""ר סורקינה אירינה","רמב''ם 1, הרצליה",,הרצליה
2026-07-30 15:08:37.000000,,clalit,עור,"ד""ר רובנוביץ' איגור","רמב''ם 1, הרצליה",,הרצליה
2026-07-30 15:08:37.000000,,clalit,עור,"ד""ר אלזמי מרק","בן גוריון 43, כפר סבא",,כפר סבא
2026-07-30 15:08:37.000000,,clalit,עור,"ד""ר שגיא אסתר","בן גוריון 43, כפר סבא",,כפר סבא
2026-07-30 15:08:37.000000,,clalit,עור,"ד""ר פינחסוב פינחס","בן גוריון 2, הרצליה",,הרצליה
2026-07-30 15:08:37.000000,,clalit,עור,"ד""ר גור שלומי אי","הפועל 22, הרצליה",,הרצליה
2026-07-30 15:08:37.000000,,clalit,עור,"ד""ר אפלשטיין אורנלה","צמרות, הרצליה",,הרצליה
2026-07-30 15:08:39.000000,2026-07-30 00:00:00,clalit,עיניים,"ד""ר דגבלי ליאור","אבן גבירול 124, תל אביב יפו",0.0,תל אביב יפו
2026-07-30 15:08:39.000000,2026-08-02 00:00:00,clalit,עיניים,"ד""ר צסלר מריה","אבן גבירול 124, תל אביב יפו",3.0,תל אביב יפו
2026-07-30 15:08:39.000000,2026-08-09 00:00:00,clalit,עיניים,"ד""ר רוז'יצקי ולדימיר","אבן גבירול 124, תל אביב יפו",10.0,תל אביב יפו
2026-07-30 15:08:39.000000,2026-08-10 00:00:00,clalit,עיניים,"ד""ר רפפורט יצחק","אליהו ברלין 13, תל אביב יפו",11.0,תל אביב יפו
2026-07-30 15:08:39.000000,2026-08-11 00:00:00,clalit,עיניים,"ד""ר חנני רון","אבן גבירול 124, תל אביב יפו",12.0,תל אביב יפו
2026-07-30 15:08:39.000000,2026-08-12 00:00:00,clalit,עיניים,"ד""ר ספקטור אלכסנדר","התקומה 23, תל אביב יפו",13.0,תל אביב יפו
2026-07-30 15:08:39.000000,2026-08-12 00:00:00,clalit,עיניים,"רופא בי""ח","מקור חיים 35, תל אביב יפו",13.0,תל אביב יפו
2026-07-30 15:08:39.000000,2026-08-12 00:00:00,clalit,עיניים,"רופא בי""ח","אבן גבירול 124, תל אביב יפו",13.0,תל אביב יפו
2026-07-30 15:08:39.000000,2026-08-12 00:00:00,clalit,עיניים,"ד""ר פיינברג גלעד","דרך משה דיין 147, תל אביב יפו",13.0,תל אביב יפו
2026-07-30 15:08:39.000000,2026-08-12 00:00:00,clalit,עיניים,"ד""ר סרבריאני בוריס","שדרות יד לבנים 35, תל אביב יפו",13.0,תל אביב יפו
2026-07-30 15:08:39.000000,2026-08-13 00:00:00,clalit,עיניים,"ד""ר מנדלבלום חורחה","וייצמן 14, תל אביב יפו",14.0,תל אביב יפו
2026-07-30 15:08:39.000000,2026-08-17 00:00:00,clalit,עיניים,"רופא בי""ח 1","אהרון בקר 8, תל אביב יפו",18.0,תל אביב יפו
2026-07-30 15:08:39.000000,2026-08-17 00:00:00,clalit,עיניים,"ד""ר שפנדורף יעקב","שדרות יד לבנים 35, תל אביב יפו",18.0,תל אביב יפו
2026-07-30 15:08:40.000000,2026-08-24 00:00:00,clalit,עיניים,"ד""ר אמויאל פרנק מור","לילינבלום 6, תל אביב יפו",25.0,תל אביב יפו
2026-07-30 15:08:40.000000,2026-08-25 00:00:00,clalit,עיניים,"ד""ר דן ברזיס עידית","אהרון בקר 8, תל אביב יפו",26.0,תל אביב יפו
2026-07-30 15:08:40.000000,2026-10-16 00:00:00,clalit,עיניים,"ד""ר שחר יונתן פנ","יהודה בורלא 27, תל אביב יפו",78.0,תל אביב יפו
2026-07-30 15:08:40.000000,,clalit,עיניים,"ד""ר ארליק נורית","הארבעה 28, תל אביב יפו",,תל אביב יפו
2026-07-30 15:08:40.000000,,clalit,עיניים,"ד""ר מרקושין ארקדי","אבן גבירול 124, תל אביב יפו",,תל אביב יפו
2026-07-30 15:08:40.000000,2026-08-03 00:00:00,clalit,עיניים,"ד""ר שבדרון אלפרד אפ","נעמי שמר 15, חולון",4.0,חולון
2026-07-30 15:08:40.000000,2026-08-03 00:00:00,clalit,עיניים,"ד""ר ג'רה מוחמד","דרך בן גוריון 13, בני ברק",4.0,בני ברק
2026-07-30 15:08:40.000000,2026-08-03 00:00:00,clalit,עיניים,"ד""ר אייזנשטט פבל","רמב''ם 1, הרצליה",4.0,הרצליה
2026-07-30 15:08:40.000000,2026-08-04 00:00:00,clalit,עיניים,"ד""ר רסקין מילחמן טטיאנה","דרך בן גוריון 13, בני ברק",5.0,בני ברק
2026-07-30 15:08:40.000000,2026-08-05 00:00:00,clalit,עיניים,"ד""ר ארנון רועי","דרך בן גוריון 13, בני ברק",6.0,בני ברק
2026-07-30 15:08:40.000000,2026-08-05 00:00:00,clalit,עיניים,"ד""ר יהלומי טל","עזרא 11, בני ברק",6.0,בני ברק
2026-07-30 15:08:40.000000,2026-08-06 00:00:00,clalit,עיניים,"ד""ר סימנטוב איליה","דרך בן גוריון 13, בני ברק",7.0,בני ברק
2026-07-30 15:08:40.000000,2026-08-06 00:00:00,clalit,עיניים,"ד""ר רצון אוריאל","עזרא 11, בני ברק",7.0,בני ברק
2026-07-30 15:08:40.000000,2026-08-10 00:00:00,clalit,עיניים,"ד""ר מגל מלחז","הרב ניסנבאום 33, בת ים",11.0,בת ים
2026-07-30 15:08:41.000000,2026-08-10 00:00:00,clalit,עיניים,"ד""ר דג'נוב רומיק","דרך בן גוריון 13, בני ברק",11.0,בני ברק
2026-07-30 15:08:41.000000,2026-08-11 00:00:00,clalit,עיניים,"ד""ר לוקובצקי סימיון","דרך בן גוריון 13, בני ברק",12.0,בני ברק
2026-07-30 15:08:41.000000,2026-08-13 00:00:00,clalit,עיניים,"ד""ר בור ורדית","דרך בן גוריון 13, בני ברק",14.0,בני ברק
2026-07-30 15:08:41.000000,2026-08-16 00:00:00,clalit,עיניים,"ד""ר סמוליאר אירנה","רוטשילד 29, בת ים",17.0,בת ים
2026-07-30 15:08:41.000000,2026-08-17 00:00:00,clalit,עיניים,"ד""ר דולב צבי","רפאל איתן 4, חולון",18.0,חולון
2026-07-30 15:08:41.000000,2026-08-17 00:00:00,clalit,עיניים,"ד""ר ספקטור אלכסנדר","הרב ניסנבאום 33, בת ים",18.0,בת ים
2026-07-30 15:08:41.000000,2026-08-18 00:00:00,clalit,עיניים,"ד""ר סרבריאני בוריס","הרב ניסנבאום 33, בת ים",19.0,בת ים
2026-07-30 15:08:41.000000,2026-08-18 00:00:00,clalit,עיניים,"ד""ר פרידמן חיים יוס","רוטשילד 29, בת ים",19.0,בת ים
2026-07-30 15:08:41.000000,2026-08-19 00:00:00,clalit,עיניים,"ד""ר באראייב נאדזדה","יעקב פיכמן 11, חולון",20.0,חולון
2026-07-30 15:08:41.000000,2026-08-20 00:00:00,clalit,עיניים,"ד""ר ארליך מוני מרד","רש''י 30, בני ברק",21.0,בני ברק
2026-07-30 15:08:41.000000,2026-08-23 00:00:00,clalit,עיניים,"ד""ר ויינשטוק אלכסנדר","הרב ניסנבאום 33, בת ים",24.0,בת ים
2026-07-30 15:08:41.000000,2026-08-27 00:00:00,clalit,עיניים,"ד""ר חנני רון","דרך זאב ז'בוטינסקי 105, רמת גן",28.0,רמת גן
2026-07-30 15:08:41.000000,2026-09-01 00:00:00,clalit,עיניים,"ד""ר סרבריאני בוריס","נעמי שמר 15, חולון",33.0,חולון
2026-07-30 15:08:41.000000,2026-09-01 00:00:00,clalit,עיניים,רופ. עיניים איכילוב,"דרך זאב ז'בוטינסקי 105, רמת גן",33.0,רמת גן
2026-07-30 15:08:42.000000,2026-09-01 00:00:00,clalit,עיניים,"ד""ר כהן חושן הלן","ז'בוטינסקי 3, רעננה",33.0,רעננה
2026-07-30 15:08:42.000000,2026-09-02 00:00:00,clalit,עיניים,"רופא בי""ח","נעמי שמר 15, חולון",34.0,חולון
2026-07-30 15:08:42.000000,2026-09-02 00:00:00,clalit,עיניים,"ד""ר ויינשטוק אלכסנדר","חיים וייצמן 25, אזור",34.0,אזור
2026-07-30 15:08:42.000000,2026-09-02 00:00:00,clalit,עיניים,"ד""ר רסקין איל","רמב''ם 1, הרצליה",34.0,הרצליה
2026-07-30 15:08:42.000000,2026-09-02 00:00:00,clalit,עיניים,"ד""ר בן ניסן דוד","ז'בוטינסקי 5, רעננה",34.0,רעננה
2026-07-30 15:08:42.000000,2026-09-03 00:00:00,clalit,עיניים,"ד""ר קוזלובסקי תום","נעמי שמר 15, חולון",35.0,חולון
2026-07-30 15:08:42.000000,2026-09-04 00:00:00,clalit,עיניים,"רופא בי""ח 1","נעמי שמר 15, חולון",36.0,חולון
2026-07-30 15:08:43.000000,2026-09-06 00:00:00,clalit,עיניים,"ד""ר פיינברג גלעד","נעמי שמר 15, חולון",38.0,חולון
2026-07-30 15:08:43.000000,2026-09-07 00:00:00,clalit,עיניים,"ד""ר חנני רון","דרך יצחק רבין 53, גבעתיים",39.0,גבעתיים
2026-07-30 15:08:43.000000,2026-09-07 00:00:00,clalit,עיניים,"ד""ר זיידנוובר פינש דוריאן א","הפועל 22, הרצליה",39.0,הרצליה
2026-07-30 15:08:43.000000,2026-09-08 00:00:00,clalit,עיניים,"ד""ר בור ורדית","המלאכה 23, רמת השרון",40.0,רמת השרון
2026-07-30 15:08:43.000000,2026-09-09 00:00:00,clalit,עיניים,"ד""ר נחום עדי יהוד","דוד אלעזר 12, חולון",41.0,חולון
2026-07-30 15:08:43.000000,2026-09-09 00:00:00,clalit,עיניים,"ד""ר דג'נוב רומיק","חיים עוזר 4, פתח תקווה",41.0,פתח תקווה
2026-07-30 15:08:43.000000,2026-09-10 00:00:00,clalit,עיניים,"ד""ר זיידנוובר פינש דוריאן א","דרך יצחק רבין 53, גבעתיים",42.0,גבעתיים
2026-07-30 15:08:43.000000,2026-09-11 00:00:00,clalit,עיניים,"ד""ר מנסור אחמד",טירה,43.0,טירה
2026-07-30 15:08:43.000000,2026-09-14 00:00:00,clalit,עיניים,"ד""ר ברסטיז'בסקי סבטלנה","רפאל איתן 4, חולון",46.0,חולון
2026-07-30 15:08:43.000000,2026-09-15 00:00:00,clalit,עיניים,"ד""ר בן שלוש שרגה סימונט","רמב''ם 1, הרצליה",47.0,הרצליה
2026-07-30 15:08:43.000000,2026-09-16 00:00:00,clalit,עיניים,"ד""ר רסקין מילחמן טטיאנה","דרך יצחק רבין 53, גבעתיים",48.0,גבעתיים
2026-07-30 15:08:43.000000,2026-09-23 00:00:00,clalit,עיניים,"ד""ר פרמן-עטר גילת מאי","דרך בן גוריון 13, בני ברק",55.0,בני ברק
2026-07-30 15:08:43.000000,2026-09-30 00:00:00,clalit,עיניים,"ד""ר שני לודמילה","אלכסנדר 2, רמת גן",62.0,רמת גן
2026-07-30 15:08:43.000000,2026-10-07 00:00:00,clalit,עיניים,"עיניים בי""ח","בן גוריון 43, כפר סבא",69.0,כפר סבא
2026-07-30 15:08:43.000000,2026-10-08 00:00:00,clalit,עיניים,"ד""ר לוי יחזקאל","דרך בן גוריון 13, בני ברק",70.0,בני ברק
2026-07-30 15:08:43.000000,2026-10-08 00:00:00,clalit,עיניים,"ד""ר ארבל איתמר","בן גוריון 43, כפר סבא",70.0,כפר סבא
2026-07-30 15:08:43.000000,2026-10-11 00:00:00,clalit,עיניים,"ד""ר ספיר מרגריטה","בן גוריון 43, כפר סבא",73.0,כפר סבא
2026-07-30 15:08:43.000000,2026-10-11 00:00:00,clalit,עיניים,"ד""ר צרפתי דרורה","התקווה 18, רעננה",73.0,רעננה
2026-07-30 15:08:43.000000,2026-10-23 00:00:00,clalit,עיניים,"ד""ר ותד מוחמד","בן גוריון 43, כפר סבא",85.0,כפר סבא
2026-07-30 15:08:43.000000,2026-10-25 00:00:00,clalit,עיניים,"ד""ר יוגב מורין","בן גוריון 43, כפר סבא",87.0,כפר סבא
2026-07-30 15:08:43.000000,,clalit,עיניים,"ד""ר צסלר מריה","נעמי שמר 15, חולון",,חולון
2026-07-30 15:08:44.000000,,clalit,עיניים,"ד""ר בן שלוש שרגה סימונט","בן גוריון 43, כפר סבא",,כפר סבא
2026-07-30 15:08:44.000000,,clalit,עיניים,"ד""ר הדר נתלי","הפועל 22, הרצליה",,הרצליה
2026-07-30 15:08:44.000000,,clalit,עיניים,"ד""ר צונץ ערן יצחק","התקווה 18, רעננה",,רעננה
2026-07-30 15:08:45.000000,2026-08-06 00:00:00,clalit,א.א.ג-לרינגוסקופיה_פ,"ד""ר לסקר אילנה","אבן גבירול 124, תל אביב יפו",7.0,תל אביב יפו
2026-07-30 15:08:45.000000,2026-09-01 00:00:00,clalit,יועץ א.א.ג.,"ד""ר חיימוף משה","אבן גבירול 124, תל אביב יפו",33.0,תל אביב יפו
2026-07-30 15:08:45.000000,2026-08-04 00:00:00,clalit,א.א.ג-לרינגוסקופיה_פ,"ד""ר נוימן אורי פנח","דרך בן גוריון 13, בני ברק",5.0,בני ברק
2026-07-30 15:08:45.000000,2026-08-09 00:00:00,clalit,א.א.ג-לרינגוסקופיה_פ,"ד""ר שבתאי דניאל","נעמי שמר 15, חולון",10.0,חולון
2026-07-30 15:08:45.000000,2026-08-12 00:00:00,clalit,א.א.ג-לרינגוסקופיה_פ,"רופאים ב'""ח שיבא","דרך בן גוריון 13, בני ברק",13.0,בני ברק
2026-07-30 15:08:45.000000,2026-08-16 00:00:00,clalit,א.א.ג-לרינגוסקופיה_פ,"ד""ר אלגרט קטיה","דרך בן גוריון 13, בני ברק",17.0,בני ברק
2026-07-30 15:08:45.000000,2026-08-18 00:00:00,clalit,א.א.ג-לרינגוסקופיה_פ,"רופא בי""ח","רמב''ם 1, הרצליה",19.0,הרצליה
2026-07-30 15:08:45.000000,2026-08-19 00:00:00,clalit,א.א.ג-לרינגוסקופיה_פ,"ד""ר שיבצקי שקד","דרך זאב ז'בוטינסקי 105, רמת גן",20.0,רמת גן
2026-07-30 15:08:45.000000,2026-08-23 00:00:00,clalit,א.א.ג-לרינגוסקופיה_פ,"ד""ר קגן טטיאנה","התקווה 18, רעננה",24.0,רעננה
2026-07-30 15:08:45.000000,2026-08-31 00:00:00,clalit,א.א.ג-לרינגוסקופיה_פ,"ד""ר פרגר אירינה","רמב''ם 1, הרצליה",32.0,הרצליה
2026-07-30 15:08:45.000000,2026-09-06 00:00:00,clalit,א.א.ג-לרינגוסקופיה_פ,"ד""ר גדרון מורן","דרך בן גוריון 13, בני ברק",38.0,בני ברק
2026-07-30 15:08:45.000000,2026-09-17 00:00:00,clalit,א.א.ג-לרינגוסקופיה_פ,"ד""ר יואכימס זהר","רמב''ם 1, הרצליה",49.0,הרצליה
2026-07-30 15:08:45.000000,2026-09-23 00:00:00,clalit,א.א.ג-לרינגוסקופיה_פ,"ד""ר מנסור אנואר","רמב''ם 1, הרצליה",55.0,הרצליה
2026-07-30 15:08:45.000000,2026-10-07 00:00:00,clalit,א.א.ג-לרינגוסקופיה_פ,"ד""ר זילבר ברקוביץ דרורית","בן גוריון 43, כפר סבא",69.0,כפר סבא
2026-07-30 15:08:46.000000,,clalit,א.א.ג-לרינגוסקופיה_פ,"ד""ר פיצ'חדזה ילנה","דרך בן גוריון 13, בני ברק",,בני ברק
2026-07-30 15:08:47.000000,2026-08-02 00:00:00,clalit,ליווי הריון-אחות,גונן רונית,"דרך שלמה 43, תל אביב יפו",3.0,תל אביב יפו
2026-07-30 15:08:47.000000,2026-08-04 00:00:00,clalit,ליווי הריון-אחות,כהנא פראדי,"אבא אחימאיר 18, תל אביב יפו",5.0,תל אביב יפו
2026-07-30 15:08:47.000000,2026-08-09 00:00:00,clalit,ליווי הריון-אחות,לייציק אנה,"אבא אחימאיר 18, תל אביב יפו",10.0,תל אביב יפו
2026-07-30 15:08:47.000000,2026-08-10 00:00:00,clalit,ליווי הריון-אחות,אחאי אתי,"אבא אחימאיר 18, תל אביב יפו",11.0,תל אביב יפו
2026-07-30 15:08:47.000000,2026-08-10 00:00:00,clalit,ליווי הריון-אחות,חזקיה אריאל,"אבא אחימאיר 18, תל אביב יפו",11.0,תל אביב יפו
2026-07-30 15:08:47.000000,2026-08-10 00:00:00,clalit,ליווי הריון-אחות,גולן הדרי דיתה,"אבא אחימאיר 18, תל אביב יפו",11.0,תל אביב יפו
2026-07-30 15:08:47.000000,2026-08-11 00:00:00,clalit,ליווי הריון-אחות,מלכה מור,"אבא אחימאיר 18, תל אביב יפו",12.0,תל אביב יפו
2026-07-30 15:08:48.000000,2026-08-11 00:00:00,clalit,ליווי הריון-אחות,זורע עדי,"אבא אחימאיר 18, תל אביב יפו",12.0,תל אביב יפו
2026-07-30 15:08:48.000000,2026-08-12 00:00:00,clalit,ליווי הריון-אחות,צורן סתיו,"אבא אחימאיר 18, תל אביב יפו",13.0,תל אביב יפו
2026-07-30 15:08:48.000000,2026-08-13 00:00:00,clalit,ליווי הריון-אחות,פסח אלנה,"נירים 3, תל אביב יפו",14.0,תל אביב יפו
2026-07-30 15:08:48.000000,2026-08-13 00:00:00,clalit,ליווי הריון-אחות,ארדוט תהילה,"נירים 3, תל אביב יפו",14.0,תל אביב יפו
2026-07-30 15:08:48.000000,2026-08-16 00:00:00,clalit,ליווי הריון-אחות,ליוכטר  ילנה,"אבא אחימאיר 18, תל אביב יפו",17.0,תל אביב יפו
2026-07-30 15:08:48.000000,2026-08-16 00:00:00,clalit,ליווי הריון-אחות,לסטר אלכסנדרה,"אבא אחימאיר 18, תל אביב יפו",17.0,תל אביב יפו
2026-07-30 15:08:48.000000,2026-08-18 00:00:00,clalit,ליווי הריון-אחות,ריאר לנה,"נירים 3, תל אביב יפו",19.0,תל אביב יפו
2026-07-30 15:08:48.000000,2026-08-26 00:00:00,clalit,ליווי הריון-אחות,קורלנדר הילה,"אבא אחימאיר 18, תל אביב יפו",27.0,תל אביב יפו
2026-07-30 15:08:48.000000,2026-08-30 00:00:00,clalit,ליווי הריון-אחות,בורוכוב(יסחקוב)מלכה,"נירים 3, תל אביב יפו",31.0,תל אביב יפו
2026-07-30 15:08:48.000000,2026-09-02 00:00:00,clalit,ליווי הריון-אחות,מינקוב שולמית,"נירים 3, תל אביב יפו",34.0,תל אביב יפו
2026-07-30 15:08:48.000000,2026-09-03 00:00:00,clalit,ליווי הריון-אחות,אפל גילי,"אבא אחימאיר 18, תל אביב יפו",35.0,תל אביב יפו
2026-07-30 15:08:48.000000,2026-08-02 00:00:00,clalit,ליווי הריון-אחות,ויצמן רוני,"דרך בן גוריון 13, בני ברק",3.0,בני ברק
2026-07-30 15:08:48.000000,2026-08-03 00:00:00,clalit,ליווי הריון-אחות,ישקביץ טלי,"אריק איינשטיין 1, בת ים",4.0,בת ים
2026-07-30 15:08:48.000000,2026-08-03 00:00:00,clalit,ליווי הריון-אחות,ז'בלקוב טל רינת,"דרך בן גוריון 13, בני ברק",4.0,בני ברק
2026-07-30 15:08:48.000000,2026-08-03 00:00:00,clalit,ליווי הריון-אחות,גרשונוביץ איריס אתי,"דרך בן גוריון 13, בני ברק",4.0,בני ברק
2026-07-30 15:08:48.000000,2026-08-03 00:00:00,clalit,ליווי הריון-אחות,רונית ברטמן,"בן גוריון 22, הרצליה",4.0,הרצליה
2026-07-30 15:08:48.000000,2026-08-04 00:00:00,clalit,ליווי הריון-אחות,סגמן מיטל,"דרך בן גוריון 13, בני ברק",5.0,בני ברק
2026-07-30 15:08:48.000000,2026-08-04 00:00:00,clalit,ליווי הריון-אחות,אפרת צור,"כיכר רמב''ם, עמנואל",5.0,עמנואל
2026-07-30 15:08:48.000000,2026-08-05 00:00:00,clalit,ליווי הריון-אחות,רויטל אויריו,"בן גוריון 22, הרצליה",6.0,הרצליה
2026-07-30 15:08:48.000000,2026-08-05 00:00:00,clalit,ליווי הריון-אחות,פקמן אירינה,"בן גוריון 22, הרצליה",6.0,הרצליה
2026-07-30 15:08:48.000000,2026-08-05 00:00:00,clalit,ליווי הריון-אחות,שרית ניב,"בן גוריון 22, הרצליה",6.0,הרצליה
2026-07-30 15:08:49.000000,2026-08-09 00:00:00,clalit,ליווי הריון-אחות,קליין גילה,"אריק איינשטיין 1, בת ים",10.0,בת ים
2026-07-30 15:08:49.000000,2026-08-24 00:00:00,clalit,ליווי הריון-אחות,אוסנת גולדמן,"גלבוע 118, אלפי מנשה",25.0,אלפי מנשה
2026-07-30 15:08:49.000000,2026-08-31 00:00:00,clalit,ליווי הריון-אחות,דדי תמי,"רפאל איתן 4, חולון",32.0,חולון
2026-07-30 15:08:49.000000,2026-09-06 00:00:00,clalit,ליווי הריון-אחות,גורגוב דינה,"רפאל איתן 4, חולון",38.0,חולון
2026-07-30 15:08:49.000000,2026-09-10 00:00:00,clalit,ליווי הריון-אחות,לירן גרינפלד,"וייצמן 83, כפר סבא",42.0,כפר סבא
2026-07-30 15:08:49.000000,2026-09-20 00:00:00,clalit,ליווי הריון-אחות,לי שקד וולמוט,"וייצמן 83, כפר סבא",52.0,כפר סבא
2026-07-30 15:08:49.000000,,clalit,ליווי הריון-אחות,תמר דטלקרמר,"וייצמן 83, כפר סבא",,כפר סבא
2026-07-30 15:08:49.000000,,clalit,,,,,
2026-07-30 15:08:50.000000,2026-11-04 00:00:00,clalit,בדיקה גנטית - סרטן ש,בר-תור תורגמן רוזאל,"דרך בן גוריון 13, בני ברק",97.0,בני ברק
2026-07-30 15:08:50.000000,,clalit,,,,,
2026-07-30 15:08:51.000000,,clalit,,,,,
2026-07-30 15:08:51.000000,2026-08-12 00:00:00,clalit,חיסון קורונה )XBB1.5,חיסון קורונה,"אבן גבירול 124, תל אביב יפו",13.0,תל אביב יפו
2026-07-30 15:08:51.000000,,clalit,חיסון קורונה )XBB1.5,חיסון קורונה,"בן גוריון 43, כפר סבא",,כפר סבא
2026-07-30 15:08:52.000000,,clalit,ייעוץ רפואת טרנס בוו,"ד""ר וגנר קולסקו גל",תל אביב יפו,,תל אביב יפו
2026-07-30 15:08:53.000000,2026-08-11 00:00:00,clalit,"ייעוץ רפואת להט""ב בו","ד""ר לב אנה",תל אביב יפו,12.0,תל אביב יפו
2026-07-30 15:08:53.000000,2026-08-18 00:00:00,clalit,"ייעוץ רפואת להט""ב בו","ד""ר בן-קורט אולגה",תל אביב יפו,19.0,תל אביב יפו
2026-07-30 15:08:53.000000,2026-08-31 00:00:00,clalit,ייעוץ PREP,"ד""ר בן-קורט אולגה",תל אביב יפו,32.0,תל אביב יפו
2026-07-30 15:08:53.000000,2026-09-13 00:00:00,clalit,ייעוץ PREP,"ד""ר חסיד בועז",תל אביב יפו,45.0,תל אביב יפו
2026-07-30 15:08:54.000000,2026-08-03 00:00:00,clalit,אחות יועצת הנקה,חג יחיא הדיל,"א תופאח, טירה",4.0,טירה
2026-07-30 15:08:54.000000,2026-08-03 00:00:00,clalit,אחות יועצת הנקה,אסתי רעי,"רפפורט 3, כפר סבא",4.0,כפר סבא
2026-07-30 15:08:54.000000,2026-08-05 00:00:00,clalit,אחות יועצת הנקה,ליז ארבל,"סשה ארגוב 23, רעננה",6.0,רעננה
2026-07-30 15:08:54.000000,2026-08-05 00:00:00,clalit,אחות יועצת הנקה,אפרת צור,"כיכר רמב''ם, עמנואל",6.0,עמנואל
2026-07-30 15:08:54.000000,2026-08-06 00:00:00,clalit,אחות יועצת הנקה,יערית רביב,"סשה ארגוב 23, רעננה",7.0,רעננה
2026-07-30 15:08:54.000000,2026-08-09 00:00:00,clalit,אחות יועצת הנקה,פירמנוב אנה,"הגליל 5, כפר סבא",10.0,כפר סבא
2026-07-30 15:08:54.000000,2026-08-11 00:00:00,clalit,אחות יועצת הנקה,עמרם שירה,"מוריה 31, רמת השרון",12.0,רמת השרון
2026-07-30 15:08:55.000000,2026-08-12 00:00:00,clalit,אחות יועצת הנקה,מייבר טיירי אביגד,"רפפורט 3, כפר סבא",13.0,כפר סבא
2026-07-30 15:08:55.000000,2026-08-17 00:00:00,clalit,אחות יועצת הנקה,חנה רייסקי גרנות,"סשה ארגוב 23, רעננה",18.0,רעננה
2026-07-30 15:08:55.000000,2026-09-11 00:00:00,clalit,אחות יועצת הנקה,רוית לביא,"סשה ארגוב 23, רעננה",43.0,רעננה
2026-07-30 15:08:55.000000,2026-08-13 00:00:00,clalit,יעוץ וחיסונים למטיילים,,"אבא אחימאיר 18, תל אביב יפו",14.0,תל אביב יפו
2026-07-30 15:08:55.000000,2026-07-30 00:00:00,clalit,יעוץ וחיסונים למטיילים,,"שדרות נים 2, ראשון לציון",0.0,ראשון לציון
2026-07-30 15:08:55.000000,2026-08-02 00:00:00,clalit,תכנית מטיילים/חיסוני,"מרפאת מטייל מאיר כ""","טשרניחובסקי, כפר סבא",3.0,כפר סבא
2026-07-30 15:08:55.000000,2026-08-05 00:00:00,clalit,יעוץ וחיסונים למטיילים,,"דרך זאב ז'בוטינסקי 7, בני ברק",6.0,בני ברק
2026-07-30 15:08:55.000000,2026-08-11 00:00:00,clalit,יעוץ וחיסונים למטיילים,,"הנדיב 71, הרצליה",12.0,הרצליה
2026-07-30 15:08:57.000000,2026-09-14 00:00:00,clalit,כירורגיה שד,"ד""ר גולדנפרב פבל","אבן גבירול 124, תל אביב יפו",46.0,תל אביב יפו
2026-07-30 15:08:57.000000,2026-09-14 00:00:00,clalit,כירורגיה שד,"ד""ר ברד ויאצ'סלב","אבן גבירול 124, תל אביב יפו",46.0,תל אביב יפו
2026-07-30 15:08:57.000000,2026-09-16 00:00:00,clalit,כירורגיה שד,"ד""ר בלומברג יונתן","אבן גבירול 124, תל אביב יפו",48.0,תל אביב יפו
2026-07-30 15:08:57.000000,2026-09-16 00:00:00,clalit,כירורגיה שד,"ד""ר וינר נעם","אבן גבירול 124, תל אביב יפו",48.0,תל אביב יפו
2026-07-30 15:08:57.000000,2026-10-04 00:00:00,clalit,כירורגיה שד,"רופא בי""ח כירור' שד","אבן גבירול 124, תל אביב יפו",66.0,תל אביב יפו
2026-07-30 15:08:57.000000,2026-10-13 00:00:00,clalit,כירורגיה שד,"ד""ר ברנבוים אלכס","אבן גבירול 124, תל אביב יפו",75.0,תל אביב יפו
2026-07-30 15:08:57.000000,,clalit,כירורגיה שד,"ד""ר עוויסאת הייתם","התקומה 23, תל אביב יפו",,תל אביב יפו
2026-07-30 15:08:57.000000,,clalit,כירורגיה שד,"ד""ר בן דוד נדב","אבן גבירול 124, תל אביב יפו",,תל אביב יפו
2026-07-30 15:08:57.000000,2026-08-12 00:00:00,clalit,כירורגיה שד,"ד""ר שרמן יבגני","נעמי שמר 15, חולון",13.0,חולון
2026-07-30 15:08:57.000000,2026-08-12 00:00:00,clalit,כירורגיה שד,"ד""ר שיכמן סטניסלב","סשה ארגוב 23, רעננה",13.0,רעננה
2026-07-30 15:08:57.000000,2026-08-16 00:00:00,clalit,כירורגיה שד,"ד""ר סטריגין סרגיי","הרב ניסנבאום 33, בת ים",17.0,בת ים
2026-07-30 15:08:57.000000,2026-09-02 00:00:00,clalit,כירורגיה שד,"ד""ר ספרוב ולרי","הרב ניסנבאום 33, בת ים",34.0,בת ים
2026-07-30 15:08:57.000000,2026-09-06 00:00:00,clalit,כירורגיה שד,"ד""ר חוטריאנסקי מיכאיל","הרב ניסנבאום 33, בת ים",38.0,בת ים
2026-07-30 15:08:58.000000,2026-09-08 00:00:00,clalit,כירורגיה שד,"ד""ר סטריגין סרגיי","נעמי שמר 15, חולון",40.0,חולון
2026-07-30 15:08:58.000000,2026-09-11 00:00:00,clalit,כירורגיה שד,"ד""ר בן דוד נדב","חיים וייצמן 25, אזור",43.0,אזור
2026-07-30 15:08:58.000000,2026-09-17 00:00:00,clalit,כירורגיה שד,"ד""ר לייבמן מיכאל","נעמי שמר 15, חולון",49.0,חולון
2026-07-30 15:08:58.000000,2026-09-20 00:00:00,clalit,כירורגיה שד,"ד""ר פרוטוס כריסטיאן","נעמי שמר 15, חולון",52.0,חולון
2026-07-30 15:08:58.000000,2026-09-24 00:00:00,clalit,כירורגיה שד,"ד""ר קמינסקי אולג","הרצל 34, רמת גן",56.0,רמת גן
2026-07-30 15:08:58.000000,2026-09-29 00:00:00,clalit,כירורגיה שד,כירורג ב.השרון-2,"הרצל 34, רמת גן",61.0,רמת גן
2026-07-30 15:08:58.000000,2026-10-15 00:00:00,clalit,כירורגיה שד,"ד""ר ריבקובסקי יבגני","הרצל 34, רמת גן",77.0,רמת גן
2026-07-30 15:08:58.000000,2026-10-18 00:00:00,clalit,כירורגיה שד,"ד""ר בן דוד נדב","נעמי שמר 15, חולון",80.0,חולון
2026-07-30 15:08:58.000000,2026-10-23 00:00:00,clalit,כירורגיה שד,"ד""ר כץ יאיר","רמב''ם 1, הרצליה",85.0,הרצליה
2026-07-30 15:08:58.000000,,clalit,כירורגיה שד,"ד""ר איטקין דינה","הרצל 34, רמת גן",,רמת גן
2026-07-30 15:08:58.000000,,clalit,כירורגיה שד,"ד""ר לוי נועה","עזרא 11, בני ברק",,בני ברק
2026-07-30 15:08:58.000000,,clalit,כירורגיה שד,"ד""ר יספקינה אולגה","חזון אי''ש 62, בני ברק",,בני ברק
2026-07-30 15:08:58.000000,,clalit,כירורגיה שד,"ד""ר בירנבוים יהודית","חזון אי''ש 62, בני ברק",,בני ברק
2026-07-30 15:08:58.000000,,clalit,כירורגיה שד,"ד""ר גייר אילת","דרך זאב ז'בוטינסקי 61, פתח תקווה",,פתח תקווה
2026-07-30 15:08:58.000000,,clalit,כירורגיה שד,"ד""ר בן ארי שפירא ענת","רמב''ם 1, הרצליה",,הרצליה
2026-07-30 15:08:58.000000,,clalit,כירורגיה שד,"ד""ר בר לב איל","רמב''ם 1, הרצליה",,הרצליה
2026-07-30 15:08:59.000000,,clalit,,,,,
2026-07-30 15:08:59.000000,,clalit,,,,,
2026-07-30 15:09:00.000000,2026-08-04 00:00:00,clalit,מיילדת מחודש ראשון,לורן ענבר,"שדרות רחבעם 1, קרני שומרון",5.0,קרני שומרון
2026-07-30 15:09:00.000000,2026-08-06 00:00:00,clalit,מיילדת מחודש ראשון,אילנית כהן,"חרושת 18, רמת השרון",7.0,רמת השרון
2026-07-30 15:09:00.000000,2026-09-08 00:00:00,clalit,מיילדת מחודש ראשון,מיכל פרס,"סשה ארגוב 23, רעננה",40.0,רעננה
2026-07-30 15:09:00.000000,2026-09-14 00:00:00,clalit,מיילדת מחודש ראשון,קרן גולדנברג נגר,"סשה ארגוב 23, רעננה",46.0,רעננה
2026-07-30 15:09:01.000000,2026-08-02 00:00:00,clalit,מעקב הריון-אחות,גונן רונית,"דרך שלמה 43, תל אביב יפו",3.0,תל אביב יפו
2026-07-30 15:09:01.000000,2026-08-04 00:00:00,clalit,מעקב הריון-אחות,כהנא פראדי,"אבא אחימאיר 18, תל אביב יפו",5.0,תל אביב יפו
2026-07-30 15:09:01.000000,2026-08-09 00:00:00,clalit,מעקב הריון-אחות,לייציק אנה,"אבא אחימאיר 18, תל אביב יפו",10.0,תל אביב יפו
2026-07-30 15:09:01.000000,2026-08-10 00:00:00,clalit,מעקב הריון-אחות,אחאי אתי,"אבא אחימאיר 18, תל אביב יפו",11.0,תל אביב יפו
2026-07-30 15:09:01.000000,2026-08-10 00:00:00,clalit,מעקב הריון-אחות,חזקיה אריאל,"אבא אחימאיר 18, תל אביב יפו",11.0,תל אביב יפו
2026-07-30 15:09:01.000000,2026-08-10 00:00:00,clalit,מעקב הריון-אחות,גולן הדרי דיתה,"אבא אחימאיר 18, תל אביב יפו",11.0,תל אביב יפו
2026-07-30 15:09:01.000000,2026-08-11 00:00:00,clalit,מעקב הריון-אחות,מלכה מור,"אבא אחימאיר 18, תל אביב יפו",12.0,תל אביב יפו
2026-07-30 15:09:01.000000,2026-08-11 00:00:00,clalit,מעקב הריון-אחות,זורע עדי,"אבא אחימאיר 18, תל אביב יפו",12.0,תל אביב יפו
2026-07-30 15:09:01.000000,2026-08-12 00:00:00,clalit,מעקב הריון-אחות,צורן סתיו,"אבא אחימאיר 18, תל אביב יפו",13.0,תל אביב יפו
2026-07-30 15:09:01.000000,2026-08-13 00:00:00,clalit,מעקב הריון-אחות,פסח אלנה,"נירים 3, תל אביב יפו",14.0,תל אביב יפו
2026-07-30 15:09:01.000000,2026-08-13 00:00:00,clalit,מעקב הריון-אחות,ארדוט תהילה,"נירים 3, תל אביב יפו",14.0,תל אביב יפו
2026-07-30 15:09:01.000000,2026-08-16 00:00:00,clalit,מעקב הריון-אחות,ליוכטר  ילנה,"אבא אחימאיר 18, תל אביב יפו",17.0,תל אביב יפו
2026-07-30 15:09:01.000000,2026-08-16 00:00:00,clalit,מעקב הריון-אחות,לסטר אלכסנדרה,"אבא אחימאיר 18, תל אביב יפו",17.0,תל אביב יפו
2026-07-30 15:09:01.000000,2026-08-18 00:00:00,clalit,מעקב הריון-אחות,ריאר לנה,"נירים 3, תל אביב יפו",19.0,תל אביב יפו
2026-07-30 15:09:02.000000,2026-08-26 00:00:00,clalit,מעקב הריון-אחות,קורלנדר הילה,"אבא אחימאיר 18, תל אביב יפו",27.0,תל אביב יפו
2026-07-30 15:09:02.000000,2026-08-30 00:00:00,clalit,מעקב הריון-אחות,בורוכוב(יסחקוב)מלכה,"נירים 3, תל אביב יפו",31.0,תל אביב יפו
2026-07-30 15:09:02.000000,2026-09-02 00:00:00,clalit,מעקב הריון-אחות,מינקוב שולמית,"נירים 3, תל אביב יפו",34.0,תל אביב יפו
2026-07-30 15:09:02.000000,2026-09-03 00:00:00,clalit,מעקב הריון-אחות,אפל גילי,"אבא אחימאיר 18, תל אביב יפו",35.0,תל אביב יפו
2026-07-30 15:09:02.000000,2026-08-02 00:00:00,clalit,מעקב הריון-אחות,דבי אפשטיין,"כיכר רמב''ם, עמנואל",3.0,עמנואל
2026-07-30 15:09:02.000000,2026-08-09 00:00:00,clalit,מעקב הריון-אחות,קליין גילה,"אריק איינשטיין 1, בת ים",10.0,בת ים
2026-07-30 15:09:02.000000,2026-08-26 00:00:00,clalit,מעקב הריון-אחות,יהודית גולדשטיין,"כיכר רמב''ם, עמנואל",27.0,עמנואל
2026-07-30 15:09:02.000000,2026-08-31 00:00:00,clalit,מעקב הריון-אחות,דדי תמי,"רפאל איתן 4, חולון",32.0,חולון
2026-07-30 15:09:02.000000,2026-09-06 00:00:00,clalit,מעקב הריון-אחות,גורגוב דינה,"רפאל איתן 4, חולון",38.0,חולון
2026-07-30 15:09:05.000000,2026-08-03 00:00:00,clalit,מעקב הריון-רופא,"ד""ר נול שמואל","אמסטרדם 9, תל אביב יפו",4.0,תל אביב יפו
2026-07-30 15:09:05.000000,2026-08-03 00:00:00,clalit,מעקב הריון-רופא,"ד""ר שילון מיכאל מי","אליהו ברלין 13, תל אביב יפו",4.0,תל אביב יפו
2026-07-30 15:09:05.000000,2026-08-03 00:00:00,clalit,מעקב הריון-רופא,"ד""ר שילון מיכאל מי","שדרות יהודית 18, תל אביב יפו",4.0,תל אביב יפו
2026-07-30 15:09:05.000000,2026-08-04 00:00:00,clalit,מעקב הריון-רופא,"ד""ר דקל איל","אבא אחימאיר 18, תל אביב יפו",5.0,תל אביב יפו
2026-07-30 15:09:05.000000,2026-08-04 00:00:00,clalit,מעקב הריון-רופא,"ד""ר שילון מיכאל מי","אחד העם 9, תל אביב יפו",5.0,תל אביב יפו
2026-07-30 15:09:05.000000,2026-08-06 00:00:00,clalit,מעקב הריון-רופא,"ד""ר גולד רונן שמו","אבא אחימאיר 18, תל אביב יפו",7.0,תל אביב יפו
2026-07-30 15:09:05.000000,2026-08-13 00:00:00,clalit,מעקב הריון-רופא,"ד""ר סיגל יעקב","אריסטובולוס 2, תל אביב יפו",14.0,תל אביב יפו
2026-07-30 15:09:05.000000,2026-08-16 00:00:00,clalit,מעקב הריון-רופא,פרופ' לוריא שמואל,"אבא אחימאיר 18, תל אביב יפו",17.0,תל אביב יפו
2026-07-30 15:09:05.000000,2026-08-19 00:00:00,clalit,מעקב הריון-רופא,"ד""ר בוצן אמנון","אבא אחימאיר 18, תל אביב יפו",20.0,תל אביב יפו
2026-07-30 15:09:05.000000,2026-08-20 00:00:00,clalit,מעקב הריון-רופא,"ד""ר גרוס לוטם","מקור חיים 35, תל אביב יפו",21.0,תל אביב יפו
2026-07-30 15:09:05.000000,2026-08-20 00:00:00,clalit,מעקב הריון-רופא,"ד""ר ירושלמי גיל מרדכ","אהרון בקר 8, תל אביב יפו",21.0,תל אביב יפו
2026-07-30 15:09:05.000000,2026-08-23 00:00:00,clalit,מעקב הריון-רופא,"ד""ר אלדר עידו","אבא אחימאיר 18, תל אביב יפו",24.0,תל אביב יפו
2026-07-30 15:09:05.000000,2026-08-25 00:00:00,clalit,מעקב הריון-רופא,"ד""ר טמאיב ליליה","מקור חיים 35, תל אביב יפו",26.0,תל אביב יפו
2026-07-30 15:09:05.000000,2026-08-25 00:00:00,clalit,מעקב הריון-רופא,"ד""ר ארליך אורי","אבא אחימאיר 18, תל אביב יפו",26.0,תל אביב יפו
2026-07-30 15:09:05.000000,2026-08-25 00:00:00,clalit,מעקב הריון-רופא,"ד""ר טיירי דניאל","דרך שלמה 43, תל אביב יפו",26.0,תל אביב יפו
2026-07-30 15:09:05.000000,2026-08-25 00:00:00,clalit,מעקב הריון-רופא,"ד""ר גרינברג נירית","הצנחנים 20, תל אביב יפו",26.0,תל אביב יפו
2026-07-30 15:09:05.000000,2026-08-26 00:00:00,clalit,מעקב הריון-רופא,"ד""ר כהנא חגית","נירים 3, תל אביב יפו",27.0,תל אביב יפו
2026-07-30 15:09:05.000000,2026-08-26 00:00:00,clalit,מעקב הריון-רופא,"ד""ר טמאיב ליליה","שקד 11, תל אביב יפו",27.0,תל אביב יפו
2026-07-30 15:09:05.000000,2026-08-31 00:00:00,clalit,מעקב הריון-רופא,"ד""ר אלופי נעים ענת","נירים 3, תל אביב יפו",32.0,תל אביב יפו
2026-07-30 15:09:05.000000,2026-09-01 00:00:00,clalit,מעקב הריון-רופא,"ד""ר קרסיק שפלטר מריולה מ","התקומה 23, תל אביב יפו",33.0,תל אביב יפו
2026-07-30 15:09:05.000000,2026-09-01 00:00:00,clalit,מעקב הריון-רופא,"ד""ר מור עומר","אבא אחימאיר 18, תל אביב יפו",33.0,תל אביב יפו
2026-07-30 15:09:06.000000,2026-09-04 00:00:00,clalit,מעקב הריון-רופא,"ד""ר אהרוני פינחס","נירים 3, תל אביב יפו",36.0,תל אביב יפו
2026-07-30 15:09:06.000000,2026-09-06 00:00:00,clalit,מעקב הריון-רופא,"ד""ר זילברברג ערן","אבא אחימאיר 18, תל אביב יפו",38.0,תל אביב יפו
2026-07-30 15:09:06.000000,2026-09-07 00:00:00,clalit,מעקב הריון-רופא,"ד""ר לייבוביץ דיאמנ הילה","אבא אחימאיר 18, תל אביב יפו",39.0,תל אביב יפו
2026-07-30 15:09:06.000000,2026-09-09 00:00:00,clalit,מעקב הריון-רופא,"ד""ר ברקת יונתן חי","נירים 3, תל אביב יפו",41.0,תל אביב יפו
2026-07-30 15:09:06.000000,2026-09-15 00:00:00,clalit,מעקב הריון-רופא,פרופ' לוי מיכל,"התקומה 23, תל אביב יפו",47.0,תל אביב יפו
2026-07-30 15:09:06.000000,2026-10-06 00:00:00,clalit,מעקב הריון-רופא,"ד""ר גרינברג נירית","אבא אחימאיר 18, תל אביב יפו",68.0,תל אביב יפו
2026-07-30 15:09:06.000000,2026-10-06 00:00:00,clalit,מעקב הריון-רופא,"ד""ר גונן נעה","נירים 3, תל אביב יפו",68.0,תל אביב יפו
2026-07-30 15:09:06.000000,2026-10-06 00:00:00,clalit,מעקב הריון-רופא,"ד""ר רוסליק ילנה","נירים 3, תל אביב יפו",68.0,תל אביב יפו
2026-07-30 15:09:06.000000,2026-10-06 00:00:00,clalit,מעקב הריון-רופא,"ד""ר רז יעל","ירושלמי 11, תל אביב יפו",68.0,תל אביב יפו
2026-07-30 15:09:06.000000,2026-10-15 00:00:00,clalit,מעקב הריון-רופא,"ד""ר פראג רוזנברג רוני","אבא אחימאיר 18, תל אביב יפו",77.0,תל אביב יפו
2026-07-30 15:09:06.000000,2026-10-18 00:00:00,clalit,מעקב הריון-רופא,"ד""ר זהבי צבי","אבא אחימאיר 18, תל אביב יפו",80.0,תל אביב יפו
2026-07-30 15:09:06.000000,2026-10-20 00:00:00,clalit,מעקב הריון-רופא,"ד""ר אקדם אמיר","אבא אחימאיר 18, תל אביב יפו",82.0,תל אביב יפו
2026-07-30 15:09:06.000000,2026-10-28 00:00:00,clalit,מעקב הריון-רופא,"ד""ר טורם מאיה","נירים 3, תל אביב יפו",90.0,תל אביב יפו
2026-07-30 15:09:06.000000,,clalit,מעקב הריון-רופא,"ד""ר כץ עדי","אבא אחימאיר 18, תל אביב יפו",,תל אביב יפו
2026-07-30 15:09:07.000000,,clalit,מעקב הריון-רופא,"ד""ר אמסטר ראובן","אבא אחימאיר 18, תל אביב יפו",,תל אביב יפו
2026-07-30 15:09:07.000000,,clalit,מעקב הריון-רופא,"ד""ר סולימה אלדר ויקי","אבא אחימאיר 18, תל אביב יפו",,תל אביב יפו
2026-07-30 15:09:07.000000,,clalit,מעקב הריון-רופא,"ד""ר וורחוב מירטה אי","אהרון בקר 8, תל אביב יפו",,תל אביב יפו
2026-07-30 15:09:07.000000,2026-07-31 00:00:00,clalit,מעקב הריון-רופא,"ד""ר קליינר איליה","רפאל איתן 4, חולון",1.0,חולון
2026-07-30 15:09:07.000000,2026-07-31 00:00:00,clalit,מעקב הריון-רופא,"ד""ר פייט קורן חגית","בן גוריון 22, הרצליה",1.0,הרצליה
2026-07-30 15:09:07.000000,2026-08-02 00:00:00,clalit,מעקב הריון-רופא,"ד""ר קרסיק שפלטר מריולה מ","אריק איינשטיין 1, בת ים",3.0,בת ים
2026-07-30 15:09:07.000000,2026-08-02 00:00:00,clalit,מעקב הריון-רופא,"ד""ר גינגולד אריה","חזון אי''ש 62, בני ברק",3.0,בני ברק
2026-07-30 15:09:07.000000,2026-08-03 00:00:00,clalit,מעקב הריון-רופא,"ד""ר קידר רן","רפאל איתן 4, חולון",4.0,חולון
2026-07-30 15:09:07.000000,2026-08-03 00:00:00,clalit,מעקב הריון-רופא,"רופ.בי""ח מעייני היש","חזון אי''ש 62, בני ברק",4.0,בני ברק
2026-07-30 15:09:07.000000,2026-08-03 00:00:00,clalit,מעקב הריון-רופא,"ד""ר גינגולד אריה","דרך זאב ז'בוטינסקי 105, רמת גן",4.0,רמת גן
2026-07-30 15:09:07.000000,2026-08-03 00:00:00,clalit,מעקב הריון-רופא,"ד""ר מישל אמיר","הנשר 1, רעננה",4.0,רעננה
2026-07-30 15:09:07.000000,2026-08-04 00:00:00,clalit,מעקב הריון-רופא,"ד""ר חיימוב מיכאל","חיים וייצמן 25, אזור",5.0,אזור
2026-07-30 15:09:07.000000,2026-08-04 00:00:00,clalit,מעקב הריון-רופא,"ד""ר חייטוב מיכאל","רבי עקיבא 83, בני ברק",5.0,בני ברק
2026-07-30 15:09:07.000000,2026-08-04 00:00:00,clalit,מעקב הריון-רופא,"ד""ר שרפוב טטיאנה","בזלת 7, כוכב יאיר",5.0,כוכב יאיר
2026-07-30 15:09:08.000000,2026-08-04 00:00:00,clalit,מעקב הריון-רופא,"ד""ר חייקין אלכסנדר","גלבוע 118, אלפי מנשה",5.0,אלפי מנשה
2026-07-30 15:09:08.000000,2026-08-05 00:00:00,clalit,מעקב הריון-רופא,"ד""ר שרפוב טטיאנה","וייצמן 83, כפר סבא",6.0,כפר סבא
2026-07-30 15:09:08.000000,2026-08-05 00:00:00,clalit,מעקב הריון-רופא,"ד""ר ברומיקר פריימן תלמה גרס","סשה ארגוב 23, רעננה",6.0,רעננה
2026-07-30 15:09:08.000000,2026-08-06 00:00:00,clalit,מעקב הריון-רופא,נשים איכילוב-שפרילנ,"המכבים 75, בני ברק",7.0,בני ברק
2026-07-30 15:09:08.000000,2026-08-09 00:00:00,clalit,מעקב הריון-רופא,"ד""ר פורוטקוב נטליה","שדרות רחבעם 1, קרני שומרון",10.0,קרני שומרון
2026-07-30 15:09:08.000000,2026-08-11 00:00:00,clalit,מעקב הריון-רופא,"ד""ר וייצנר עומר","בן גוריון 22, הרצליה",12.0,הרצליה
2026-07-30 15:09:08.000000,2026-08-12 00:00:00,clalit,מעקב הריון-רופא,"ד""ר קוך מיכל זאב",טירה,13.0,טירה
2026-07-30 15:09:08.000000,2026-08-12 00:00:00,clalit,מעקב הריון-רופא,"ד""ר גדעוני יריב שלמ","רפפורט 3, כפר סבא",13.0,כפר סבא
2026-07-30 15:09:08.000000,2026-08-12 00:00:00,clalit,מעקב הריון-רופא,"ד""ר חנוך יוסף","סשה ארגוב 23, רעננה",13.0,רעננה
2026-07-30 15:09:08.000000,2026-08-12 00:00:00,clalit,מעקב הריון-רופא,"ד""ר פורוטקוב נטליה","כיכר רמב''ם, עמנואל",13.0,עמנואל
2026-07-30 15:09:08.000000,2026-08-13 00:00:00,clalit,מעקב הריון-רופא,"ד""ר טיירי דניאל","אריק איינשטיין 1, בת ים",14.0,בת ים
2026-07-30 15:09:08.000000,2026-08-13 00:00:00,clalit,מעקב הריון-רופא,"ד""ר מסארוה אלנה לקר",טירה,14.0,טירה
2026-07-30 15:09:08.000000,2026-08-13 00:00:00,clalit,מעקב הריון-רופא,"ד""ר וייצנר עומר","וייצמן 83, כפר סבא",14.0,כפר סבא
2026-07-30 15:09:08.000000,2026-08-14 00:00:00,clalit,מעקב הריון-רופא,"ד""ר גרטנר ונטמן ברנרד","וייצמן 83, כפר סבא",15.0,כפר סבא
2026-07-30 15:09:09.000000,2026-08-16 00:00:00,clalit,מעקב הריון-רופא,"ד""ר אוהבה ג'ונתן ס","שדרות מנחם בגין 38, גבעת שמואל",17.0,גבעת שמואל
2026-07-30 15:09:09.000000,2026-08-16 00:00:00,clalit,מעקב הריון-רופא,"ד""ר חייקין אלכסנדר","וייצמן 83, כפר סבא",17.0,כפר סבא
2026-07-30 15:09:09.000000,2026-08-17 00:00:00,clalit,מעקב הריון-רופא,"ד""ר גולד עירן","אריק איינשטיין 1, בת ים",18.0,בת ים
2026-07-30 15:09:09.000000,2026-08-18 00:00:00,clalit,מעקב הריון-רופא,"ד""ר נול שמואל","אריק איינשטיין 1, בת ים",19.0,בת ים
2026-07-30 15:09:09.000000,2026-08-18 00:00:00,clalit,מעקב הריון-רופא,"ד""ר גינגולד אריה","דרך יצחק רבין 53, גבעתיים",19.0,גבעתיים
2026-07-30 15:09:09.000000,2026-08-19 00:00:00,clalit,מעקב הריון-רופא,"ד""ר רביב אשרת","שדרות רחבעם 1, קרני שומרון",20.0,קרני שומרון
2026-07-30 15:09:09.000000,2026-08-19 00:00:00,clalit,מעקב הריון-רופא,"ד""ר פורוטקוב נטליה","יהלום 17, קדומים",20.0,קדומים
2026-07-30 15:09:09.000000,2026-08-20 00:00:00,clalit,מעקב הריון-רופא,"ד""ר ויינשטיין סופיה","בן גוריון 22, הרצליה",21.0,הרצליה
2026-07-30 15:09:09.000000,2026-08-23 00:00:00,clalit,מעקב הריון-רופא,"ד""ר קולודיזנר טטיאנה","בן גוריון 22, הרצליה",24.0,הרצליה
2026-07-30 15:09:09.000000,2026-08-27 00:00:00,clalit,מעקב הריון-רופא,"ד""ר אליגר נלי","רפאל איתן 4, חולון",28.0,חולון
2026-07-30 15:09:09.000000,2026-08-31 00:00:00,clalit,מעקב הריון-רופא,"ד""ר וולפרט אלדר","רפאל איתן 4, חולון",32.0,חולון
2026-07-30 15:09:09.000000,2026-08-31 00:00:00,clalit,מעקב הריון-רופא,פרופ' מזרחי יוסף,"רפאל איתן 4, חולון",32.0,חולון
2026-07-30 15:09:09.000000,2026-08-31 00:00:00,clalit,מעקב הריון-רופא,"ד""ר רונה שירן","רפאל איתן 4, חולון",32.0,חולון
2026-07-30 15:09:09.000000,2026-08-31 00:00:00,clalit,מעקב הריון-רופא,"ד""ר שריג מנחם יצח","וייצמן 83, כפר סבא",32.0,כפר סבא
2026-07-30 15:09:10.000000,2026-09-01 00:00:00,clalit,מעקב הריון-רופא,"ד""ר רוק מיכל","רפאל איתן 4, חולון",33.0,חולון
2026-07-30 15:09:10.000000,2026-09-01 00:00:00,clalit,מעקב הריון-רופא,"ד""ר זלוטניקובה יוליה","דרך בן גוריון 13, בני ברק",33.0,בני ברק
2026-07-30 15:09:10.000000,2026-09-01 00:00:00,clalit,מעקב הריון-רופא,"ד""ר טריגרמן שי","דרך זאב ז'בוטינסקי 105, רמת גן",33.0,רמת גן
2026-07-30 15:09:10.000000,2026-09-02 00:00:00,clalit,מעקב הריון-רופא,"ד""ר אבנט חגי","בן גוריון 22, הרצליה",34.0,הרצליה
2026-07-30 15:09:10.000000,2026-09-03 00:00:00,clalit,מעקב הריון-רופא,"ד""ר ברוכין אוהד","רפאל איתן 4, חולון",35.0,חולון
2026-07-30 15:09:10.000000,2026-09-06 00:00:00,clalit,מעקב הריון-רופא,"ד""ר פריד סימה","סשה ארגוב 23, רעננה",38.0,רעננה
2026-07-30 15:09:10.000000,2026-09-07 00:00:00,clalit,מעקב הריון-רופא,"ד""ר ברקרסקי יקירה","אריק איינשטיין 1, בת ים",39.0,בת ים
2026-07-30 15:09:10.000000,2026-09-08 00:00:00,clalit,מעקב הריון-רופא,"ד""ר חיימוב מיכאל","אריק איינשטיין 1, בת ים",40.0,בת ים
2026-07-30 15:09:10.000000,2026-09-08 00:00:00,clalit,מעקב הריון-רופא,"ד""ר וינשטיין עדי","המכבים 75, בני ברק",40.0,בני ברק
2026-07-30 15:09:10.000000,2026-09-08 00:00:00,clalit,מעקב הריון-רופא,"ד""ר כץ טטיאנה","סשה ארגוב 23, רעננה",40.0,רעננה
2026-07-30 15:09:10.000000,2026-09-09 00:00:00,clalit,מעקב הריון-רופא,"ד""ר פרוסמושקין רימה","וייצמן 83, כפר סבא",41.0,כפר סבא
2026-07-30 15:09:10.000000,2026-09-10 00:00:00,clalit,מעקב הריון-רופא,"ד""ר סגל הילה","רפאל איתן 4, חולון",42.0,חולון
2026-07-30 15:09:10.000000,2026-09-22 00:00:00,clalit,מעקב הריון-רופא,"ד""ר בן ציון מאיה","בן גוריון 22, הרצליה",54.0,הרצליה
2026-07-30 15:09:10.000000,2026-10-04 00:00:00,clalit,מעקב הריון-רופא,"ד""ר זיידין אנה","אריק איינשטיין 1, בת ים",66.0,בת ים
2026-07-30 15:09:10.000000,2026-10-04 00:00:00,clalit,מעקב הריון-רופא,"ד""ר שלו אמיר","רפאל איתן 4, חולון",66.0,חולון
2026-07-30 15:09:10.000000,2026-10-04 00:00:00,clalit,מעקב הריון-רופא,"ד""ר קוך מיכל זאב","וייצמן 83, כפר סבא",66.0,כפר סבא
2026-07-30 15:09:10.000000,2026-10-05 00:00:00,clalit,מעקב הריון-רופא,"ד""ר סגל הילה","חיים וייצמן 25, אזור",67.0,אזור
2026-07-30 15:09:10.000000,2026-10-12 00:00:00,clalit,מעקב הריון-רופא,פרופ' נחום רוית,"חזון אי''ש 62, בני ברק",74.0,בני ברק
2026-07-30 15:09:10.000000,2026-10-16 00:00:00,clalit,מעקב הריון-רופא,"ד""ר ונד סוזאנה","בן גוריון 22, הרצליה",78.0,הרצליה
2026-07-30 15:09:10.000000,2026-10-18 00:00:00,clalit,מעקב הריון-רופא,"ד""ר ורניקובסקי גבריאלה","רפאל איתן 4, חולון",80.0,חולון
2026-07-30 15:09:10.000000,2026-10-20 00:00:00,clalit,מעקב הריון-רופא,"ד""ר דבש שירה","צבי הרלינג 6, בני ברק",82.0,בני ברק
2026-07-30 15:09:11.000000,2026-10-28 00:00:00,clalit,מעקב הריון-רופא,"ד""ר ויזל אילנה","שדרות מנחם בגין 38, גבעת שמואל",90.0,גבעת שמואל
2026-07-30 15:09:11.000000,,clalit,מעקב הריון-רופא,"ד""ר מונייר סמירה","אריק איינשטיין 1, בת ים",,בת ים
2026-07-30 15:09:11.000000,,clalit,מעקב הריון-רופא,"ד""ר מימוני גלית","חזון אי''ש 62, בני ברק",,בני ברק
2026-07-30 15:09:11.000000,,clalit,מעקב הריון-רופא,"ד""ר משיח פרידלר ירדנה בת","בן גוריון 22, הרצליה",,הרצליה
2026-07-30 15:09:11.000000,,clalit,מעקב הריון-רופא,"ד""ר ברומיקר פריימן תלמה גרס","וייצמן 83, כפר סבא",,כפר סבא
2026-07-30 15:09:13.000000,2026-08-02 00:00:00,clalit,נשים-תכנון משפחה/התק,"ד""ר גרוס יעקב","אליהו ברלין 13, תל אביב יפו",3.0,תל אביב יפו
2026-07-30 15:09:13.000000,2026-08-03 00:00:00,clalit,נשים-תכנון משפחה/התק,"ד""ר נול שמואל","אמסטרדם 9, תל אביב יפו",4.0,תל אביב יפו
2026-07-30 15:09:13.000000,2026-08-04 00:00:00,clalit,נשים-תכנון משפחה/התק,"ד""ר דקל איל","אבא אחימאיר 18, תל אביב יפו",5.0,תל אביב יפו
2026-07-30 15:09:13.000000,2026-08-06 00:00:00,clalit,נשים-תכנון משפחה/התק,"ד""ר גולד רונן שמו","אבא אחימאיר 18, תל אביב יפו",7.0,תל אביב יפו
2026-07-30 15:09:13.000000,2026-08-13 00:00:00,clalit,נשים-תכנון משפחה/התק,"ד""ר סיגל יעקב","אריסטובולוס 2, תל אביב יפו",14.0,תל אביב יפו
2026-07-30 15:09:13.000000,2026-08-16 00:00:00,clalit,נשים-תכנון משפחה/התק,פרופ' לוריא שמואל,"אבא אחימאיר 18, תל אביב יפו",17.0,תל אביב יפו
2026-07-30 15:09:13.000000,2026-08-19 00:00:00,clalit,נשים-תכנון משפחה/התק,"ד""ר בוצן אמנון","אבא אחימאיר 18, תל אביב יפו",20.0,תל אביב יפו
2026-07-30 15:09:14.000000,2026-08-20 00:00:00,clalit,נשים-תכנון משפחה/התק,"ד""ר גרוס לוטם","מקור חיים 35, תל אביב יפו",21.0,תל אביב יפו
2026-07-30 15:09:14.000000,2026-08-20 00:00:00,clalit,נשים-תכנון משפחה/התק,"ד""ר ירושלמי גיל מרדכ","אהרון בקר 8, תל אביב יפו",21.0,תל אביב יפו
2026-07-30 15:09:14.000000,2026-08-23 00:00:00,clalit,נשים-תכנון משפחה/התק,"ד""ר אלדר עידו","אבא אחימאיר 18, תל אביב יפו",24.0,תל אביב יפו
2026-07-30 15:09:14.000000,2026-08-25 00:00:00,clalit,נשים-תכנון משפחה/התק,"ד""ר טמאיב ליליה","מקור חיים 35, תל אביב יפו",26.0,תל אביב יפו
2026-07-30 15:09:14.000000,2026-08-25 00:00:00,clalit,נשים-תכנון משפחה/התק,"ד""ר ארליך אורי","אבא אחימאיר 18, תל אביב יפו",26.0,תל אביב יפו
2026-07-30 15:09:14.000000,2026-08-25 00:00:00,clalit,נשים-תכנון משפחה/התק,"ד""ר טיירי דניאל","דרך שלמה 43, תל אביב יפו",26.0,תל אביב יפו
2026-07-30 15:09:14.000000,2026-08-25 00:00:00,clalit,נשים-תכנון משפחה/התק,"ד""ר גרינברג נירית","הצנחנים 20, תל אביב יפו",26.0,תל אביב יפו
2026-07-30 15:09:14.000000,2026-08-26 00:00:00,clalit,נשים-תכנון משפחה/התק,"ד""ר כהנא חגית","נירים 3, תל אביב יפו",27.0,תל אביב יפו
2026-07-30 15:09:14.000000,2026-08-26 00:00:00,clalit,נשים-תכנון משפחה/התק,"ד""ר טמאיב ליליה","שקד 11, תל אביב יפו",27.0,תל אביב יפו
2026-07-30 15:09:14.000000,2026-08-31 00:00:00,clalit,נשים-תכנון משפחה/התק,"ד""ר אלופי נעים ענת","נירים 3, תל אביב יפו",32.0,תל אביב יפו
2026-07-30 15:09:14.000000,2026-09-01 00:00:00,clalit,נשים-תכנון משפחה/התק,"ד""ר קרסיק שפלטר מריולה מ","התקומה 23, תל אביב יפו",33.0,תל אביב יפו
2026-07-30 15:09:14.000000,2026-09-01 00:00:00,clalit,נשים-תכנון משפחה/התק,"ד""ר מור עומר","אבא אחימאיר 18, תל אביב יפו",33.0,תל אביב יפו
2026-07-30 15:09:14.000000,2026-09-04 00:00:00,clalit,נשים-תכנון משפחה/התק,"ד""ר אהרוני פינחס","נירים 3, תל אביב יפו",36.0,תל אביב יפו
2026-07-30 15:09:14.000000,2026-09-06 00:00:00,clalit,נשים-תכנון משפחה/התק,"ד""ר זילברברג ערן","אבא אחימאיר 18, תל אביב יפו",38.0,תל אביב יפו
2026-07-30 15:09:14.000000,2026-09-09 00:00:00,clalit,נשים-תכנון משפחה/התק,"ד""ר ברקת יונתן חי","נירים 3, תל אביב יפו",41.0,תל אביב יפו
2026-07-30 15:09:14.000000,2026-09-15 00:00:00,clalit,נשים-תכנון משפחה/התק,פרופ' לוי מיכל,"התקומה 23, תל אביב יפו",47.0,תל אביב יפו
2026-07-30 15:09:14.000000,2026-10-06 00:00:00,clalit,נשים-תכנון משפחה/התק,"ד""ר גרינברג נירית","אבא אחימאיר 18, תל אביב יפו",68.0,תל אביב יפו
2026-07-30 15:09:14.000000,2026-10-06 00:00:00,clalit,נשים-תכנון משפחה/התק,"ד""ר גונן נעה","נירים 3, תל אביב יפו",68.0,תל אביב יפו
2026-07-30 15:09:14.000000,2026-10-06 00:00:00,clalit,נשים-תכנון משפחה/התק,"ד""ר רוסליק ילנה","נירים 3, תל אביב יפו",68.0,תל אביב יפו
2026-07-30 15:09:14.000000,2026-10-15 00:00:00,clalit,נשים-תכנון משפחה/התק,"ד""ר פראג רוזנברג רוני","אבא אחימאיר 18, תל אביב יפו",77.0,תל אביב יפו
2026-07-30 15:09:14.000000,2026-10-18 00:00:00,clalit,נשים-תכנון משפחה/התק,"ד""ר זהבי צבי","אבא אחימאיר 18, תל אביב יפו",80.0,תל אביב יפו
2026-07-30 15:09:15.000000,2026-10-20 00:00:00,clalit,נשים-תכנון משפחה/התק,"ד""ר אקדם אמיר","אבא אחימאיר 18, תל אביב יפו",82.0,תל אביב יפו
2026-07-30 15:09:15.000000,2026-10-28 00:00:00,clalit,נשים-תכנון משפחה/התק,"ד""ר טורם מאיה","נירים 3, תל אביב יפו",90.0,תל אביב יפו
2026-07-30 15:09:15.000000,,clalit,נשים-תכנון משפחה/התק,"ד""ר כץ עדי","אבא אחימאיר 18, תל אביב יפו",,תל אביב יפו
2026-07-30 15:09:15.000000,,clalit,נשים-תכנון משפחה/התק,"ד""ר סולימה אלדר ויקי","אבא אחימאיר 18, תל אביב יפו",,תל אביב יפו
2026-07-30 15:09:15.000000,2026-07-31 00:00:00,clalit,נשים-תכנון משפחה/התק,"ד""ר קליינר איליה","רפאל איתן 4, חולון",1.0,חולון
2026-07-30 15:09:15.000000,2026-08-02 00:00:00,clalit,נשים-תכנון משפחה/התק,"ד""ר קרסיק שפלטר מריולה מ","אריק איינשטיין 1, בת ים",3.0,בת ים
2026-07-30 15:09:15.000000,2026-08-03 00:00:00,clalit,נשים-תכנון משפחה/התק,"ד""ר קידר רן","רפאל איתן 4, חולון",4.0,חולון
2026-07-30 15:09:15.000000,2026-08-03 00:00:00,clalit,נשים-תכנון משפחה/התק,"ד""ר מישל אמיר","הנשר 1, רעננה",4.0,רעננה
2026-07-30 15:09:15.000000,2026-08-04 00:00:00,clalit,נשים-תכנון משפחה/התק,"ד""ר חיימוב מיכאל","חיים וייצמן 25, אזור",5.0,אזור
2026-07-30 15:09:15.000000,2026-08-04 00:00:00,clalit,נשים-תכנון משפחה/התק,"ד""ר שרפוב טטיאנה","בזלת 7, כוכב יאיר",5.0,כוכב יאיר
2026-07-30 15:09:15.000000,2026-08-04 00:00:00,clalit,נשים-תכנון משפחה/התק,"ד""ר חייקין אלכסנדר","גלבוע 118, אלפי מנשה",5.0,אלפי מנשה
2026-07-30 15:09:15.000000,2026-08-05 00:00:00,clalit,נשים-תכנון משפחה/התק,"ד""ר שרפוב טטיאנה","וייצמן 83, כפר סבא",6.0,כפר סבא
2026-07-30 15:09:15.000000,2026-08-05 00:00:00,clalit,נשים-תכנון משפחה/התק,"ד""ר ברומיקר פריימן תלמה גרס","סשה ארגוב 23, רעננה",6.0,רעננה
2026-07-30 15:09:15.000000,2026-08-07 00:00:00,clalit,נשים-תכנון משפחה/התק,"ד""ר ביטמן גנדי","בן גוריון 22, הרצליה",8.0,הרצליה
2026-07-30 15:09:16.000000,2026-08-09 00:00:00,clalit,נשים-תכנון משפחה/התק,"רופא בי""ח","בן גוריון 22, הרצליה",10.0,הרצליה
2026-07-30 15:09:16.000000,2026-08-09 00:00:00,clalit,נשים-תכנון משפחה/התק,"ד""ר טל אורי","בזלת 7, כוכב יאיר",10.0,כוכב יאיר
2026-07-30 15:09:16.000000,2026-08-09 00:00:00,clalit,נשים-תכנון משפחה/התק,"ד""ר פורוטקוב נטליה","שדרות רחבעם 1, קרני שומרון",10.0,קרני שומרון
2026-07-30 15:09:16.000000,2026-08-11 00:00:00,clalit,נשים-תכנון משפחה/התק,"ד""ר וייצנר עומר","בן גוריון 22, הרצליה",12.0,הרצליה
2026-07-30 15:09:16.000000,2026-08-11 00:00:00,clalit,נשים-תכנון משפחה/התק,"ד""ר טל אורי","בן גוריון 22, הרצליה",12.0,הרצליה
2026-07-30 15:09:16.000000,2026-08-12 00:00:00,clalit,נשים-תכנון משפחה/התק,"ד""ר גדעוני יריב שלמ","רפפורט 3, כפר סבא",13.0,כפר סבא
2026-07-30 15:09:16.000000,2026-08-12 00:00:00,clalit,נשים-תכנון משפחה/התק,"ד""ר חנוך יוסף","סשה ארגוב 23, רעננה",13.0,רעננה
2026-07-30 15:09:16.000000,2026-08-12 00:00:00,clalit,נשים-תכנון משפחה/התק,"ד""ר פורוטקוב נטליה","כיכר רמב''ם, עמנואל",13.0,עמנואל
2026-07-30 15:09:16.000000,2026-08-13 00:00:00,clalit,נשים-תכנון משפחה/התק,"ד""ר טיירי דניאל","אריק איינשטיין 1, בת ים",14.0,בת ים
2026-07-30 15:09:16.000000,2026-08-13 00:00:00,clalit,נשים-תכנון משפחה/התק,"ד""ר וייצנר עומר","וייצמן 83, כפר סבא",14.0,כפר סבא
2026-07-30 15:09:16.000000,2026-08-14 00:00:00,clalit,נשים-תכנון משפחה/התק,"ד""ר גרטנר ונטמן ברנרד","וייצמן 83, כפר סבא",15.0,כפר סבא
2026-07-30 15:09:16.000000,2026-08-16 00:00:00,clalit,נשים-תכנון משפחה/התק,"ד""ר חייקין אלכסנדר","וייצמן 83, כפר סבא",17.0,כפר סבא
2026-07-30 15:09:16.000000,2026-08-17 00:00:00,clalit,נשים-תכנון משפחה/התק,"ד""ר גולד עירן","אריק איינשטיין 1, בת ים",18.0,בת ים
2026-07-30 15:09:16.000000,2026-08-18 00:00:00,clalit,נשים-תכנון משפחה/התק,"ד""ר נול שמואל","אריק איינשטיין 1, בת ים",19.0,בת ים
2026-07-30 15:09:16.000000,2026-08-19 00:00:00,clalit,נשים-תכנון משפחה/התק,"ד""ר רביב אשרת","שדרות רחבעם 1, קרני שומרון",20.0,קרני שומרון
2026-07-30 15:09:16.000000,2026-08-19 00:00:00,clalit,נשים-תכנון משפחה/התק,"ד""ר פורוטקוב נטליה","יהלום 17, קדומים",20.0,קדומים
2026-07-30 15:09:16.000000,2026-08-20 00:00:00,clalit,נשים-תכנון משפחה/התק,"ד""ר ויינשטיין סופיה","בן גוריון 22, הרצליה",21.0,הרצליה
2026-07-30 15:09:16.000000,2026-08-25 00:00:00,clalit,נשים-תכנון משפחה/התק,"ד""ר שרייבר חנוך","וייצמן 83, כפר סבא",26.0,כפר סבא
2026-07-30 15:09:16.000000,2026-08-27 00:00:00,clalit,נשים-תכנון משפחה/התק,"ד""ר אליגר נלי","רפאל איתן 4, חולון",28.0,חולון
2026-07-30 15:09:16.000000,2026-08-27 00:00:00,clalit,נשים-תכנון משפחה/התק,"ד""ר קידר לירון","בן גוריון 22, הרצליה",28.0,הרצליה
2026-07-30 15:09:16.000000,2026-08-31 00:00:00,clalit,נשים-תכנון משפחה/התק,"ד""ר וולפרט אלדר","רפאל איתן 4, חולון",32.0,חולון
2026-07-30 15:09:17.000000,2026-08-31 00:00:00,clalit,נשים-תכנון משפחה/התק,פרופ' מזרחי יוסף,"רפאל איתן 4, חולון",32.0,חולון
2026-07-30 15:09:17.000000,2026-08-31 00:00:00,clalit,נשים-תכנון משפחה/התק,"ד""ר רונה שירן","רפאל איתן 4, חולון",32.0,חולון
2026-07-30 15:09:17.000000,2026-08-31 00:00:00,clalit,נשים-תכנון משפחה/התק,"ד""ר שריג מנחם יצח","וייצמן 83, כפר סבא",32.0,כפר סבא
2026-07-30 15:09:17.000000,2026-09-01 00:00:00,clalit,נשים-תכנון משפחה/התק,"ד""ר רוק מיכל","רפאל איתן 4, חולון",33.0,חולון
2026-07-30 15:09:17.000000,2026-09-03 00:00:00,clalit,נשים-תכנון משפחה/התק,"ד""ר ברוכין אוהד","רפאל איתן 4, חולון",35.0,חולון
2026-07-30 15:09:17.000000,2026-09-06 00:00:00,clalit,נשים-תכנון משפחה/התק,"ד""ר פריד סימה","סשה ארגוב 23, רעננה",38.0,רעננה
2026-07-30 15:09:17.000000,2026-09-07 00:00:00,clalit,נשים-תכנון משפחה/התק,"ד""ר ברקרסקי יקירה","אריק איינשטיין 1, בת ים",39.0,בת ים
2026-07-30 15:09:17.000000,2026-09-07 00:00:00,clalit,נשים-תכנון משפחה/התק,יגור יעל,"סשה ארגוב 23, רעננה",39.0,רעננה
2026-07-30 15:09:17.000000,2026-09-08 00:00:00,clalit,נשים-תכנון משפחה/התק,"ד""ר חיימוב מיכאל","אריק איינשטיין 1, בת ים",40.0,בת ים
2026-07-30 15:09:17.000000,2026-09-08 00:00:00,clalit,נשים-תכנון משפחה/התק,"ד""ר הויזלר ישי","נחל קנה 9, צור יצחק",40.0,צור יצחק
2026-07-30 15:09:17.000000,2026-09-08 00:00:00,clalit,נשים-תכנון משפחה/התק,"ד""ר כץ טטיאנה","סשה ארגוב 23, רעננה",40.0,רעננה
2026-07-30 15:09:17.000000,2026-09-09 00:00:00,clalit,נשים-תכנון משפחה/התק,"ד""ר פרוסמושקין רימה","וייצמן 83, כפר סבא",41.0,כפר סבא
2026-07-30 15:09:17.000000,2026-09-10 00:00:00,clalit,נשים-תכנון משפחה/התק,"ד""ר סגל הילה","רפאל איתן 4, חולון",42.0,חולון
2026-07-30 15:09:17.000000,2026-09-16 00:00:00,clalit,נשים-תכנון משפחה/התק,"ד""ר ענבר שמואל","סשה ארגוב 23, רעננה",48.0,רעננה
2026-07-30 15:09:18.000000,2026-09-22 00:00:00,clalit,נשים-תכנון משפחה/התק,"ד""ר בן ציון מאיה","בן גוריון 22, הרצליה",54.0,הרצליה
2026-07-30 15:09:18.000000,2026-10-04 00:00:00,clalit,נשים-תכנון משפחה/התק,"ד""ר זיידין אנה","אריק איינשטיין 1, בת ים",66.0,בת ים
2026-07-30 15:09:18.000000,2026-10-04 00:00:00,clalit,נשים-תכנון משפחה/התק,"ד""ר שלו אמיר","רפאל איתן 4, חולון",66.0,חולון
2026-07-30 15:09:18.000000,2026-10-04 00:00:00,clalit,נשים-תכנון משפחה/התק,"ד""ר קוך מיכל זאב","וייצמן 83, כפר סבא",66.0,כפר סבא
2026-07-30 15:09:18.000000,2026-10-05 00:00:00,clalit,נשים-תכנון משפחה/התק,"ד""ר סגל הילה","חיים וייצמן 25, אזור",67.0,אזור
2026-07-30 15:09:18.000000,2026-10-14 00:00:00,clalit,נשים-תכנון משפחה/התק,"ד""ר בוגין גרינפילד רונה","סשה ארגוב 23, רעננה",76.0,רעננה
2026-07-30 15:09:18.000000,2026-10-18 00:00:00,clalit,נשים-תכנון משפחה/התק,"ד""ר ורניקובסקי גבריאלה","רפאל איתן 4, חולון",80.0,חולון
2026-07-30 15:09:18.000000,,clalit,נשים-תכנון משפחה/התק,"ד""ר מונייר סמירה","אריק איינשטיין 1, בת ים",,בת ים
2026-07-30 15:09:18.000000,,clalit,נשים-תכנון משפחה/התק,"ד""ר פייט קורן חגית","בן גוריון 22, הרצליה",,הרצליה
2026-07-30 15:09:18.000000,,clalit,נשים-תכנון משפחה/התק,"ד""ר אבנט חגי","בן גוריון 22, הרצליה",,הרצליה
2026-07-30 15:09:18.000000,,clalit,נשים-תכנון משפחה/התק,"ד""ר משיח פרידלר ירדנה בת","בן גוריון 22, הרצליה",,הרצליה
2026-07-30 15:09:18.000000,,clalit,נשים-תכנון משפחה/התק,"ד""ר קולודיזנר טטיאנה","בן גוריון 22, הרצליה",,הרצליה
2026-07-30 15:09:18.000000,,clalit,נשים-תכנון משפחה/התק,"ד""ר עובדיה מיכל חנה","וייצמן 83, כפר סבא",,כפר סבא
2026-07-30 15:09:18.000000,,clalit,נשים-תכנון משפחה/התק,"ד""ר ברומיקר פריימן תלמה גרס","וייצמן 83, כפר סבא",,כפר סבא
2026-07-30 15:09:18.000000,,clalit,,,,,
2026-07-30 15:09:19.000000,,clalit,,,,,
2026-07-30 15:09:19.000000,,clalit,,,,,
2026-07-30 15:09:20.000000,,clalit,,,,,
2026-07-30 15:09:20.000000,,clalit,,,,,
2026-07-30 15:09:21.000000,2026-08-11 00:00:00,clalit,"רפואת להט""ב","ד""ר יודוביץ דרור","דרך זאב ז'בוטינסקי 105, רמת גן",12.0,רמת גן
2026-07-30 15:09:21.000000,2026-09-08 00:00:00,clalit,"רפואת להט""ב","ד""ר לנקרי נטע","הנדיב 71, הרצליה",40.0,הרצליה
2026-07-30 15:09:21.000000,,clalit,,,,,
2026-07-30 15:09:24.000000,2026-10-26 00:00:00,clalit,דיאטה,ספיר יפית,"דרך שלמה 43, תל אביב יפו",88.0,תל אביב יפו
2026-07-30 15:09:24.000000,,clalit,דיאטה,בן עמי מירה,"יד המעביר 22, תל אביב יפו",,תל אביב יפו
2026-07-30 15:09:24.000000,,clalit,דיאטה,גולדמן בילי,"התקומה 23, תל אביב יפו",,תל אביב יפו
2026-07-30 15:09:24.000000,,clalit,דיאטה,לנטנר טל,"בן יהודה 29, תל אביב יפו",,תל אביב יפו
2026-07-30 15:09:24.000000,,clalit,דיאטה,טל דנה,"אבן גבירול 124, תל אביב יפו",,תל אביב יפו
2026-07-30 15:09:24.000000,,clalit,דיאטה,סימנוביץ מיתר,"אבן גבירול 124, תל אביב יפו",,תל אביב יפו
2026-07-30 15:09:24.000000,,clalit,דיאטה,פסח עינבל,"אבן גבירול 124, תל אביב יפו",,תל אביב יפו
2026-07-30 15:09:24.000000,,clalit,דיאטה,בן שושן לי,"אבן גבירול 124, תל אביב יפו",,תל אביב יפו
2026-07-30 15:09:24.000000,,clalit,דיאטה,פסח עינבל,"דב הוז 1, תל אביב יפו",,תל אביב יפו
2026-07-30 15:09:24.000000,,clalit,דיאטה,מאור  שרון,"אברהם גייגר 7, תל אביב יפו",,תל אביב יפו
2026-07-30 15:09:24.000000,,clalit,דיאטה,חייג(חבושה) אוסנת,"הצבי 9, תל אביב יפו",,תל אביב יפו
2026-07-30 15:09:24.000000,,clalit,דיאטה,חייג(חבושה) אוסנת,"שדרות יד לבנים 35, תל אביב יפו",,תל אביב יפו
2026-07-30 15:09:24.000000,,clalit,דיאטה,אורלנד סתו,"שדרות ישראל גורי 39, תל אביב יפו",,תל אביב יפו
2026-07-30 15:09:24.000000,,clalit,דיאטה,ספיר יפית,"שדרות יהודית 18, תל אביב יפו",,תל אביב יפו
2026-07-30 15:09:24.000000,,clalit,דיאטה,וולף אופיר אפרת,"שקד 11, תל אביב יפו",,תל אביב יפו
2026-07-30 15:09:24.000000,,clalit,דיאטה,בן שושן לי,"שקד 11, תל אביב יפו",,תל אביב יפו
2026-07-30 15:09:24.000000,2026-09-08 00:00:00,clalit,דיאטה,ענת הרו,"כיכר רמב''ם, עמנואל",40.0,עמנואל
2026-07-30 15:09:24.000000,2026-09-09 00:00:00,clalit,דיאטה,יארה גזאוי,"א תופאח, טירה",41.0,טירה
2026-07-30 15:09:24.000000,2026-09-10 00:00:00,clalit,דיאטה,יארה גזאוי,"טארק עבד אל חי, טירה",42.0,טירה
2026-07-30 15:09:24.000000,2026-09-14 00:00:00,clalit,דיאטה,וינברג שגיא,"רחל 14, גבעתיים",46.0,גבעתיים
2026-07-30 15:09:24.000000,2026-09-14 00:00:00,clalit,דיאטה,ענת הרו,"שדרות רחבעם 1, קרני שומרון",46.0,קרני שומרון
2026-07-30 15:09:25.000000,2026-09-15 00:00:00,clalit,דיאטה,כחלון נויה,"עלי הכהן 13, בני ברק",47.0,בני ברק
2026-07-30 15:09:25.000000,2026-09-15 00:00:00,clalit,דיאטה,ענת הרו,"יהלום 17, קדומים",47.0,קדומים
2026-07-30 15:09:25.000000,2026-09-16 00:00:00,clalit,דיאטה,בן נאים לי,"רחל 14, גבעתיים",48.0,גבעתיים
2026-07-30 15:09:25.000000,2026-09-17 00:00:00,clalit,דיאטה,סרוסי מרב שושנה,"רבי עקיבא 83, בני ברק",49.0,בני ברק
2026-07-30 15:09:25.000000,2026-09-18 00:00:00,clalit,דיאטה,קמר טיבי,"טארק עבד אל חי, טירה",50.0,טירה
2026-07-30 15:09:25.000000,2026-09-23 00:00:00,clalit,דיאטה,כהן זוהר,"הרצל 34, רמת גן",55.0,רמת גן
2026-07-30 15:09:25.000000,2026-09-23 00:00:00,clalit,דיאטה,פלם רוני,"רבי עקיבא 83, בני ברק",55.0,בני ברק
2026-07-30 15:09:26.000000,2026-09-27 00:00:00,clalit,דיאטה,פרישמן טליה,"הרצל 34, רמת גן",59.0,רמת גן
2026-07-30 15:09:26.000000,2026-09-29 00:00:00,clalit,דיאטה,מגל הילי,"הרצל 34, רמת גן",61.0,רמת גן
2026-07-30 15:09:26.000000,2026-09-30 00:00:00,clalit,דיאטה,מגל הילי,"הרב כהנמן 136, בני ברק",62.0,בני ברק
2026-07-30 15:09:26.000000,2026-09-30 00:00:00,clalit,דיאטה,מזוז נועה,"קפלן 9, רמת גן",62.0,רמת גן
2026-07-30 15:09:26.000000,2026-10-01 00:00:00,clalit,דיאטה,בן נאים לי,"דרך יצחק רבין 53, גבעתיים",63.0,גבעתיים
2026-07-30 15:09:26.000000,2026-10-05 00:00:00,clalit,דיאטה,כחלון נויה,"הרצל 34, רמת גן",67.0,רמת גן
2026-07-30 15:09:26.000000,2026-10-07 00:00:00,clalit,דיאטה,כהן טאוב אורטל,"הרצל 34, רמת גן",69.0,רמת גן
2026-07-30 15:09:26.000000,2026-10-08 00:00:00,clalit,דיאטה,אשכנזי ירדן,"דרך זאב ז'בוטינסקי 105, רמת גן",70.0,רמת גן
2026-07-30 15:09:26.000000,2026-10-13 00:00:00,clalit,דיאטה,פרי מיכאל,"רבי עקיבא 83, בני ברק",75.0,בני ברק
2026-07-30 15:09:26.000000,2026-10-19 00:00:00,clalit,דיאטה,זליג שירי,"דרך זאב ז'בוטינסקי 105, רמת גן",81.0,רמת גן
2026-07-30 15:09:26.000000,2026-10-26 00:00:00,clalit,דיאטה,פרישמן טליה,"דרך יצחק רבין 53, גבעתיים",88.0,גבעתיים
2026-07-30 15:09:26.000000,2026-10-26 00:00:00,clalit,דיאטה,טל גליקמן טל,"הנוטרים 7, רעננה",88.0,רעננה
2026-07-30 15:09:26.000000,2026-11-01 00:00:00,clalit,דיאטה,לזר גולדנבלום עדי,"שדרות מנחם בגין 38, גבעת שמואל",94.0,גבעת שמואל
2026-07-30 15:09:26.000000,2026-11-01 00:00:00,clalit,דיאטה,ברקמן אליה,"אליעזר יפה 8, רעננה",94.0,רעננה
2026-07-30 15:09:27.000000,,clalit,דיאטה,אורלנד סתו,"האשל 2, חולון",,חולון
2026-07-30 15:09:27.000000,,clalit,דיאטה,פילר ילנה,"הרב ניסנבאום 33, בת ים",,בת ים
2026-07-30 15:09:27.000000,,clalit,דיאטה,אורון בת-אל,"הרב ניסנבאום 33, בת ים",,בת ים
2026-07-30 15:09:27.000000,,clalit,דיאטה,בטיש טל,"הרב ניסנבאום 33, בת ים",,בת ים
2026-07-30 15:09:27.000000,,clalit,דיאטה,אליהו נטע,"הרב ניסנבאום 33, בת ים",,בת ים
2026-07-30 15:09:27.000000,,clalit,דיאטה,אסולין ונדה,"נעמי שמר 15, חולון",,חולון
2026-07-30 15:09:27.000000,,clalit,דיאטה,גולדמן בילי,"נעמי שמר 15, חולון",,חולון
2026-07-30 15:09:27.000000,,clalit,דיאטה,אורון בת-אל,"שאלתיאל דוד 16, חולון",,חולון
2026-07-30 15:09:27.000000,,clalit,דיאטה,וולף אופיר אפרת,"הסנהדרין 25, חולון",,חולון
2026-07-30 15:09:27.000000,,clalit,דיאטה,בטיש טל,"סטרומה 3, בת ים",,בת ים
2026-07-30 15:09:27.000000,,clalit,דיאטה,לנגברג מיכל,"ששת הימים 6, חולון",,חולון
2026-07-30 15:09:27.000000,,clalit,דיאטה,גולן יונית,"הרצל 34, רמת גן",,רמת גן
2026-07-30 15:09:27.000000,,clalit,דיאטה,פרישמן טליה,"רחל 14, גבעתיים",,גבעתיים
2026-07-30 15:09:27.000000,,clalit,דיאטה,נועה לואיסה ברמן,"חרושת 18, רמת השרון",,רמת השרון
2026-07-30 15:09:27.000000,,clalit,דיאטה,קרן סלוצקי מינדלין,"טשרניחובסקי 4, הרצליה",,הרצליה
2026-07-30 15:09:27.000000,,clalit,דיאטה,ליהי קאופמן,"המעפילים 5, כפר סבא",,כפר סבא
2026-07-30 15:09:27.000000,,clalit,דיאטה,ויסברג רונית,"בן גוריון 43, כפר סבא",,כפר סבא
2026-07-30 15:09:27.000000,,clalit,דיאטה,שלם רינת,"בן גוריון 43, כפר סבא",,כפר סבא
2026-07-30 15:09:27.000000,,clalit,דיאטה,ענת הרו,"בזלת 7, כוכב יאיר",,כוכב יאיר
2026-07-30 15:09:27.000000,,clalit,דיאטה,מירב רבר,"הגליל 5, כפר סבא",,כפר סבא
2026-07-30 15:09:27.000000,,clalit,דיאטה,טיברג שרון,"בית הלל 6, רמת השרון",,רמת השרון
2026-07-30 15:09:28.000000,,clalit,דיאטה,מרטין סוסוביץ,"רפפורט 3, כפר סבא",,כפר סבא
2026-07-30 15:09:28.000000,,clalit,דיאטה,שרון ברקה,"סשה ארגוב 23, רעננה",,רעננה
2026-07-30 15:09:28.000000,,clalit,דיאטה,ענת הרו,"גלבוע 118, אלפי מנשה",,אלפי מנשה
2026-07-30 15:09:28.000000,,clalit,דיאטה,לוטם הופמן,"הפועל 22, הרצליה",,הרצליה
2026-07-30 15:09:28.000000,,clalit,דיאטה,מרטין סוסוביץ,"רמב''ם 1, הרצליה",,הרצליה
2026-07-30 15:09:28.000000,,clalit,תזונה דיאטה - און לי,וסרמן ליהי,תל אביב יפו,,תל אביב יפו
2026-07-30 15:09:28.000000,,clalit,תזונה דיאטה - און לי,גולדמן בילי,תל אביב יפו,,תל אביב יפו
2026-07-30 15:09:29.000000,2026-10-15 00:00:00,clalit,דיאטה נפרולוגיה (כלי,לנטנר טל,"אבן גבירול 124, תל אביב יפו",77.0,תל אביב יפו
2026-07-30 15:09:29.000000,2026-10-21 00:00:00,clalit,דיאטה נפרולוגיה (כלי,מילר הגר,"אבן גבירול 124, תל אביב יפו",83.0,תל אביב יפו
2026-07-30 15:09:29.000000,2026-10-22 00:00:00,clalit,דיאטה נפרולוגיה (כלי,בן עמי מירה,"אבן גבירול 124, תל אביב יפו",84.0,תל אביב יפו
2026-07-30 15:09:29.000000,,clalit,דיאטה נפרולוגיה (כלי,בן עמי מירה,"יד המעביר 22, תל אביב יפו",,תל אביב יפו
2026-07-30 15:09:29.000000,,clalit,דיאטה נפרולוגיה (כלי,לנטנר טל,"בן יהודה 29, תל אביב יפו",,תל אביב יפו
2026-07-30 15:09:29.000000,2026-09-17 00:00:00,clalit,דיאטה נפרולוגיה (כלי,סרוסי מרב שושנה,"רבי עקיבא 83, בני ברק",49.0,בני ברק
2026-07-30 15:09:29.000000,2026-10-11 00:00:00,clalit,דיאטה נפרולוגיה (כלי,לנטנר טל,"הרב ניסנבאום 33, בת ים",73.0,בת ים
2026-07-30 15:09:30.000000,2026-10-13 00:00:00,clalit,דיאטה נפרולוגיה (כלי,פרי מיכאל,"רבי עקיבא 83, בני ברק",75.0,בני ברק
2026-07-30 15:09:30.000000,2026-10-18 00:00:00,clalit,דיאטה נפרולוגיה (כלי,מילר הגר,"הרב ניסנבאום 33, בת ים",80.0,בת ים
2026-07-30 15:09:30.000000,2026-10-26 00:00:00,clalit,דיאטה נפרולוגיה (כלי,בן עמי מירה,"הרב ניסנבאום 33, בת ים",88.0,בת ים
2026-07-30 15:09:30.000000,,clalit,דיאטה נפרולוגיה (כלי,גולן יונית,"הרצל 34, רמת גן",,רמת גן
2026-07-30 15:09:30.000000,,clalit,דיאטה נפרולוגיה (כלי,מרטין סוסוביץ,"רמב''ם 1, הרצליה",,הרצליה
2026-07-30 15:09:30.000000,2026-08-02 00:00:00,clalit,דיאטה סכרת - אינסולי,גבע-גורלניק נורית,"אבן גבירול 124, תל אביב יפו",3.0,תל אביב יפו
2026-07-30 15:09:30.000000,2026-10-15 00:00:00,clalit,דיאטה סכרת - אינסולי,לנטנר טל,"אבן גבירול 124, תל אביב יפו",77.0,תל אביב יפו
2026-07-30 15:09:30.000000,,clalit,דיאטה סכרת - אינסולי,פסח עינבל,"אבן גבירול 124, תל אביב יפו",,תל אביב יפו
2026-07-30 15:09:30.000000,,clalit,דיאטה סכרת - אינסולי,פסח עינבל,"דב הוז 1, תל אביב יפו",,תל אביב יפו
2026-07-30 15:09:30.000000,2026-10-11 00:00:00,clalit,דיאטה סכרת - אינסולי,לנטנר טל,"הרב ניסנבאום 33, בת ים",73.0,בת ים
2026-07-30 15:09:30.000000,2026-10-26 00:00:00,clalit,דיאטה סכרת - אינסולי,טל גליקמן טל,"הנוטרים 7, רעננה",88.0,רעננה
2026-07-30 15:09:30.000000,2026-11-01 00:00:00,clalit,דיאטה סכרת - אינסולי,ברקמן אליה,"אליעזר יפה 8, רעננה",94.0,רעננה
2026-07-30 15:09:31.000000,,clalit,דיאטה סכרת - אינסולי,קרן סלוצקי מינדלין,"טשרניחובסקי 4, הרצליה",,הרצליה
2026-07-30 15:09:31.000000,,clalit,דיאטה סכרת - אינסולי,שלם רינת,"בן גוריון 43, כפר סבא",,כפר סבא
2026-07-30 15:09:32.000000,2026-10-22 00:00:00,clalit,דיאטה לאחר קיצור קיב,בן עמי מירה,"אבן גבירול 124, תל אביב יפו",84.0,תל אביב יפו
2026-07-30 15:09:32.000000,,clalit,דיאטה לאחר קיצור קיב,בן עמי מירה,"יד המעביר 22, תל אביב יפו",,תל אביב יפו
2026-07-30 15:09:32.000000,,clalit,דיאטה לאחר קיצור קיב,מאור  שרון,"אברהם גייגר 7, תל אביב יפו",,תל אביב יפו
2026-07-30 15:09:32.000000,,clalit,דיאטה לאחר קיצור קיב,חייג(חבושה) אוסנת,"הצבי 9, תל אביב יפו",,תל אביב יפו
2026-07-30 15:09:32.000000,,clalit,דיאטה לאחר קיצור קיב,חייג(חבושה) אוסנת,"שדרות יד לבנים 35, תל אביב יפו",,תל אביב יפו
2026-07-30 15:09:32.000000,,clalit,דיאטה לאחר קיצור קיב,וולף אופיר אפרת,"שקד 11, תל אביב יפו",,תל אביב יפו
2026-07-30 15:09:32.000000,2026-09-17 00:00:00,clalit,דיאטה לאחר קיצור קיב,סרוסי מרב שושנה,"רבי עקיבא 83, בני ברק",49.0,בני ברק
2026-07-30 15:09:33.000000,2026-09-23 00:00:00,clalit,דיאטה לאחר קיצור קיב,פלם רוני,"רבי עקיבא 83, בני ברק",55.0,בני ברק
2026-07-30 15:09:33.000000,2026-10-05 00:00:00,clalit,דיאטה לאחר קיצור קיב,אורנשטיין דנה,"דרך בן גוריון 13, בני ברק",67.0,בני ברק
2026-07-30 15:09:33.000000,2026-10-06 00:00:00,clalit,דיאטה לאחר קיצור קיב,אשכנזי ירדן,"דרך בן גוריון 13, בני ברק",68.0,בני ברק
2026-07-30 15:09:33.000000,2026-10-13 00:00:00,clalit,דיאטה לאחר קיצור קיב,פרי מיכאל,"רבי עקיבא 83, בני ברק",75.0,בני ברק
2026-07-30 15:09:33.000000,2026-10-19 00:00:00,clalit,דיאטה לאחר קיצור קיב,זליג שירי,"דרך זאב ז'בוטינסקי 105, רמת גן",81.0,רמת גן
2026-07-30 15:09:33.000000,2026-10-26 00:00:00,clalit,דיאטה לאחר קיצור קיב,בן עמי מירה,"הרב ניסנבאום 33, בת ים",88.0,בת ים
2026-07-30 15:09:33.000000,2026-10-29 00:00:00,clalit,דיאטה לאחר קיצור קיב,וולף אופיר אפרת,"הרב ניסנבאום 33, בת ים",91.0,בת ים
2026-07-30 15:09:33.000000,,clalit,דיאטה לאחר קיצור קיב,אורון בת-אל,"הרב ניסנבאום 33, בת ים",,בת ים
2026-07-30 15:09:33.000000,,clalit,דיאטה לאחר קיצור קיב,אורון בת-אל,"שאלתיאל דוד 16, חולון",,חולון
2026-07-30 15:09:33.000000,,clalit,דיאטה לאחר קיצור קיב,וולף אופיר אפרת,"הסנהדרין 25, חולון",,חולון
2026-07-30 15:09:33.000000,,clalit,דיאטה לאחר קיצור קיב,גולן יונית,"הרצל 34, רמת גן",,רמת גן
2026-07-30 15:09:33.000000,,clalit,דיאטה לאחר קיצור קיב,עזורי קוראל,"עלי הכהן 13, בני ברק",,בני ברק
2026-07-30 15:09:33.000000,,clalit,דיאטה לאחר קיצור קיב,קרן סלוצקי מינדלין,"טשרניחובסקי 4, הרצליה",,הרצליה
2026-07-30 15:09:33.000000,,clalit,דיאטה לאחר קיצור קיב,מירב רבר,"הגליל 5, כפר סבא",,כפר סבא
2026-07-30 15:09:34.000000,2026-09-16 00:00:00,clalit,דיאטה - גסטרו,פילצביץ קליין שיר,"אבן גבירול 124, תל אביב יפו",48.0,תל אביב יפו
2026-07-30 15:09:34.000000,,clalit,דיאטה - גסטרו,סימנוביץ מיתר,"אבן גבירול 124, תל אביב יפו",,תל אביב יפו
2026-07-30 15:09:34.000000,,clalit,דיאטה - גסטרו,מאור  שרון,"אברהם גייגר 7, תל אביב יפו",,תל אביב יפו
2026-07-30 15:09:34.000000,,clalit,דיאטה - גסטרו,וולף אופיר אפרת,"שקד 11, תל אביב יפו",,תל אביב יפו
2026-07-30 15:09:34.000000,2026-08-02 00:00:00,clalit,דיאטה - גסטרו,פילצביץ קליין שיר,"הרב ניסנבאום 33, בת ים",3.0,בת ים
2026-07-30 15:09:34.000000,2026-09-17 00:00:00,clalit,דיאטה - גסטרו,סרוסי מרב שושנה,"רבי עקיבא 83, בני ברק",49.0,בני ברק
2026-07-30 15:09:34.000000,2026-10-06 00:00:00,clalit,דיאטה - גסטרו,אשכנזי ירדן,"דרך בן גוריון 13, בני ברק",68.0,בני ברק
2026-07-30 15:09:34.000000,2026-10-12 00:00:00,clalit,דיאטה - גסטרו,ארבל ענת-צפורה,"דרך בן גוריון 13, בני ברק",74.0,בני ברק
2026-07-30 15:09:34.000000,2026-10-13 00:00:00,clalit,דיאטה - גסטרו,פרי מיכאל,"רבי עקיבא 83, בני ברק",75.0,בני ברק
2026-07-30 15:09:34.000000,2026-10-29 00:00:00,clalit,דיאטה - גסטרו,וולף אופיר אפרת,"הרב ניסנבאום 33, בת ים",91.0,בת ים
2026-07-30 15:09:34.000000,,clalit,דיאטה - גסטרו,וולף אופיר אפרת,"הסנהדרין 25, חולון",,חולון
2026-07-30 15:09:34.000000,,clalit,דיאטה - גסטרו,ליהי קאופמן,"המעפילים 5, כפר סבא",,כפר סבא
2026-07-30 15:09:34.000000,,clalit,דיאטה - גסטרו,לוטם הופמן,"הפועל 22, הרצליה",,הרצליה
2026-07-30 15:09:35.000000,2026-10-22 00:00:00,clalit,דיאטה-סכרת הריונית,בן עמי מירה,"אבן גבירול 124, תל אביב יפו",84.0,תל אביב יפו
2026-07-30 15:09:35.000000,,clalit,דיאטה-סכרת הריונית,בן עמי מירה,"יד המעביר 22, תל אביב יפו",,תל אביב יפו
2026-07-30 15:09:35.000000,,clalit,דיאטה-סכרת הריונית,סימנוביץ מיתר,"אבן גבירול 124, תל אביב יפו",,תל אביב יפו
2026-07-30 15:09:35.000000,,clalit,דיאטה-סכרת הריונית,פסח עינבל,"אבן גבירול 124, תל אביב יפו",,תל אביב יפו
2026-07-30 15:09:35.000000,,clalit,דיאטה-סכרת הריונית,פסח עינבל,"דב הוז 1, תל אביב יפו",,תל אביב יפו
2026-07-30 15:09:35.000000,2026-09-17 00:00:00,clalit,דיאטה-סכרת הריונית,סרוסי מרב שושנה,"רבי עקיבא 83, בני ברק",49.0,בני ברק
2026-07-30 15:09:35.000000,2026-09-18 00:00:00,clalit,דיאטה-סכרת הריונית,קמר טיבי,"טארק עבד אל חי, טירה",50.0,טירה
2026-07-30 15:09:36.000000,2026-10-26 00:00:00,clalit,דיאטה-סכרת הריונית,בן עמי מירה,"הרב ניסנבאום 33, בת ים",88.0,בת ים
2026-07-30 15:09:36.000000,,clalit,דיאטה-סכרת הריונית,אורון בת-אל,"הרב ניסנבאום 33, בת ים",,בת ים
2026-07-30 15:09:36.000000,,clalit,דיאטה-סכרת הריונית,בלו אסתר,"אריק איינשטיין 1, בת ים",,בת ים
2026-07-30 15:09:36.000000,,clalit,דיאטה-סכרת הריונית,אורון בת-אל,"שאלתיאל דוד 16, חולון",,חולון
2026-07-30 15:09:36.000000,,clalit,דיאטה-סכרת הריונית,גולן יונית,"הרצל 34, רמת גן",,רמת גן
2026-07-30 15:09:36.000000,,clalit,דיאטה-סכרת הריונית,שחימוב מיטל,"עלי הכהן 13, בני ברק",,בני ברק
2026-07-30 15:09:36.000000,,clalit,דיאטה-סכרת הריונית,קרן סלוצקי מינדלין,"טשרניחובסקי 4, הרצליה",,הרצליה
2026-07-30 15:09:36.000000,,clalit,דיאטה-סכרת הריונית,שרון ברקה,"סשה ארגוב 23, רעננה",,רעננה
2026-07-30 15:09:38.000000,2026-08-02 00:00:00,clalit,דיאטה סכרתית,גבע-גורלניק נורית,"אבן גבירול 124, תל אביב יפו",3.0,תל אביב יפו
2026-07-30 15:09:38.000000,2026-09-16 00:00:00,clalit,דיאטה סכרתית,פילצביץ קליין שיר,"אבן גבירול 124, תל אביב יפו",48.0,תל אביב יפו
2026-07-30 15:09:38.000000,2026-10-22 00:00:00,clalit,דיאטה סכרתית,בן עמי מירה,"אבן גבירול 124, תל אביב יפו",84.0,תל אביב יפו
2026-07-30 15:09:38.000000,,clalit,דיאטה סכרתית,בן עמי מירה,"יד המעביר 22, תל אביב יפו",,תל אביב יפו
2026-07-30 15:09:38.000000,,clalit,דיאטה סכרתית,גולדמן בילי,"התקומה 23, תל אביב יפו",,תל אביב יפו
2026-07-30 15:09:38.000000,,clalit,דיאטה סכרתית,לנטנר טל,"בן יהודה 29, תל אביב יפו",,תל אביב יפו
2026-07-30 15:09:38.000000,,clalit,דיאטה סכרתית,פסח עינבל,"אבן גבירול 124, תל אביב יפו",,תל אביב יפו
2026-07-30 15:09:38.000000,,clalit,דיאטה סכרתית,פסח עינבל,"דב הוז 1, תל אביב יפו",,תל אביב יפו
2026-07-30 15:09:38.000000,,clalit,דיאטה סכרתית,מאור  שרון,"אברהם גייגר 7, תל אביב יפו",,תל אביב יפו
2026-07-30 15:09:38.000000,,clalit,דיאטה סכרתית,חייג(חבושה) אוסנת,"הצבי 9, תל אביב יפו",,תל אביב יפו
2026-07-30 15:09:38.000000,,clalit,דיאטה סכרתית,חייג(חבושה) אוסנת,"שדרות יד לבנים 35, תל אביב יפו",,תל אביב יפו
2026-07-30 15:09:38.000000,,clalit,דיאטה סכרתית,וולף אופיר אפרת,"שקד 11, תל אביב יפו",,תל אביב יפו
2026-07-30 15:09:38.000000,2026-09-17 00:00:00,clalit,דיאטה סכרתית,סרוסי מרב שושנה,"רבי עקיבא 83, בני ברק",49.0,בני ברק
2026-07-30 15:09:38.000000,2026-10-13 00:00:00,clalit,דיאטה סכרתית,פרי מיכאל,"רבי עקיבא 83, בני ברק",75.0,בני ברק
2026-07-30 15:09:39.000000,2026-10-26 00:00:00,clalit,דיאטה סכרתית,בן עמי מירה,"הרב ניסנבאום 33, בת ים",88.0,בת ים
2026-07-30 15:09:39.000000,2026-10-29 00:00:00,clalit,דיאטה סכרתית,וולף אופיר אפרת,"הרב ניסנבאום 33, בת ים",91.0,בת ים
2026-07-30 15:09:39.000000,,clalit,דיאטה סכרתית,אסולין ונדה,"נעמי שמר 15, חולון",,חולון
2026-07-30 15:09:39.000000,,clalit,דיאטה סכרתית,גולדמן בילי,"נעמי שמר 15, חולון",,חולון
2026-07-30 15:09:39.000000,,clalit,דיאטה סכרתית,לנגברג מיכל,"ששת הימים 6, חולון",,חולון
2026-07-30 15:09:39.000000,,clalit,דיאטה סכרתית,גולן יונית,"הרצל 34, רמת גן",,רמת גן
2026-07-30 15:09:39.000000,,clalit,דיאטה סכרתית,שחימוב מיטל,"עלי הכהן 13, בני ברק",,בני ברק
2026-07-30 15:09:39.000000,,clalit,דיאטה סכרתית,עזורי קוראל,"עלי הכהן 13, בני ברק",,בני ברק
2026-07-30 15:09:39.000000,,clalit,דיאטה סכרתית,קרן סלוצקי מינדלין,"טשרניחובסקי 4, הרצליה",,הרצליה
2026-07-30 15:09:39.000000,,clalit,דיאטה סכרתית,מירב רבר,"הגליל 5, כפר סבא",,כפר סבא
2026-07-30 15:09:39.000000,,clalit,דיאטה סכרתית,שרון ברקה,"סשה ארגוב 23, רעננה",,רעננה
2026-07-30 15:09:40.000000,,clalit,EMG יד,,"שדרות נים 2, ראשון לציון",,ראשון לציון
2026-07-30 15:09:40.000000,,clalit,EMG יד,,"דרך זאב ז'בוטינסקי 7, בני ברק",,בני ברק
2026-07-30 15:09:41.000000,,clalit,EMG רגל,,"דרך זאב ז'בוטינסקי 7, בני ברק",,בני ברק
2026-07-30 15:09:41.000000,,clalit,EMG רגל,,"שדרות נים 2, ראשון לציון",,ראשון לציון
2026-07-30 15:09:42.000000,,clalit,אולטרסאונד - בטן עלי,טארק עבד אל חי,תל אביב יפו,,תל אביב יפו
2026-07-30 15:09:42.000000,,clalit,אולטרסאונד - בטן עלי,"ד""ר אלכסנדר",תל אביב יפו,,תל אביב יפו
2026-07-30 15:09:42.000000,,clalit,אולטרסאונד - בטן עלי,כללי 5,תל אביב יפו,,תל אביב יפו
2026-07-30 15:09:42.000000,,clalit,אולטרסאונד - בטן עלי,אבו נאג'י עדי,תל אביב יפו,,תל אביב יפו
2026-07-30 15:09:42.000000,,clalit,אולטרסאונד - בטן עלי,עוסמאן מחמוד -טכנאי,"עזרא 11, בני ברק",,בני ברק
2026-07-30 15:09:42.000000,,clalit,אולטרסאונד - בטן עלי,בן גמיל נאבא-טכנאית,"עזרא 11, בני ברק",,בני ברק
2026-07-30 15:09:42.000000,,clalit,אולטרסאונד - בטן עלי,עיסא רוקייה- טכנאית,"עזרא 11, בני ברק",,בני ברק
2026-07-30 15:09:42.000000,,clalit,אולטרסאונד - בטן עלי,מיכאל תורן טכנאי,"הפועל 22, הרצליה",,הרצליה
2026-07-30 15:09:44.000000,2026-08-03 00:00:00,clalit,אולטרסאונד - גניקולו,"ד""ר ארליך אורי","אבא אחימאיר 18, תל אביב יפו",4.0,תל אביב יפו
2026-07-30 15:09:44.000000,2026-08-03 00:00:00,clalit,אולטרסאונד - גניקולו,אולט' נשים מעיין/לי,"אבא אחימאיר 18, תל אביב יפו",4.0,תל אביב יפו
2026-07-30 15:09:44.000000,2026-08-09 00:00:00,clalit,אולטרסאונד - גניקולו,אולט' נשים,"אבא אחימאיר 18, תל אביב יפו",10.0,תל אביב יפו
2026-07-30 15:09:44.000000,2026-08-19 00:00:00,clalit,אולטרסאונד - גניקולו,"ד""ר דקל איל","אבא אחימאיר 18, תל אביב יפו",20.0,תל אביב יפו
2026-07-30 15:09:44.000000,2026-08-23 00:00:00,clalit,אולטרסאונד - גניקולו,"ד""ר דרוקר ליאור","אבא אחימאיר 18, תל אביב יפו",24.0,תל אביב יפו
2026-07-30 15:09:44.000000,2026-07-31 00:00:00,clalit,אולטרסאונד - גניקולו,אולט' נשים,"אריק איינשטיין 1, בת ים",1.0,בת ים
2026-07-30 15:09:44.000000,2026-08-02 00:00:00,clalit,אולטרסאונד - גניקולו,הירש גתית -טכנאית,"חזון אי''ש 62, בני ברק",3.0,בני ברק
2026-07-30 15:09:44.000000,2026-08-04 00:00:00,clalit,אולטרסאונד - גניקולו,"ד""ר גלפרין אולגה","חזון אי''ש 62, בני ברק",5.0,בני ברק
2026-07-30 15:09:44.000000,2026-08-04 00:00:00,clalit,אולטרסאונד - גניקולו,זימן רונית - טכנאית,"דרך בן גוריון 13, בני ברק",5.0,בני ברק
2026-07-30 15:09:44.000000,2026-08-04 00:00:00,clalit,אולטרסאונד - גניקולו,חגית נהרי,"בן גוריון 22, הרצליה",5.0,הרצליה
2026-07-30 15:09:44.000000,2026-08-05 00:00:00,clalit,אולטרסאונד - גניקולו,זימן רונית - טכנאית,"חזון אי''ש 62, בני ברק",6.0,בני ברק
2026-07-30 15:09:44.000000,2026-08-06 00:00:00,clalit,אולטרסאונד - גניקולו,פרופ' פלד יואב,"דרך בן גוריון 13, בני ברק",7.0,בני ברק
2026-07-30 15:09:44.000000,2026-08-09 00:00:00,clalit,אולטרסאונד - גניקולו,"ד""ר קופילוב רון גרשו","דרך בן גוריון 13, בני ברק",10.0,בני ברק
2026-07-30 15:09:44.000000,2026-08-09 00:00:00,clalit,אולטרסאונד - גניקולו,"ד""ר מימוני גלית","דרך בן גוריון 13, בני ברק",10.0,בני ברק
2026-07-30 15:09:44.000000,2026-08-09 00:00:00,clalit,אולטרסאונד - גניקולו,"ד""ר מימוני גלית","חזון אי''ש 62, בני ברק",10.0,בני ברק
2026-07-30 15:09:44.000000,2026-08-09 00:00:00,clalit,אולטרסאונד - גניקולו,מילנה פרקנסקי טכנאי,"בן גוריון 22, הרצליה",10.0,הרצליה
2026-07-30 15:09:44.000000,2026-08-09 00:00:00,clalit,אולטרסאונד - גניקולו,סבטלנה שכמייסטר,"סשה ארגוב 23, רעננה",10.0,רעננה
2026-07-30 15:09:44.000000,2026-08-10 00:00:00,clalit,אולטרסאונד - גניקולו,חגית נהרי,"סשה ארגוב 23, רעננה",11.0,רעננה
2026-07-30 15:09:44.000000,2026-08-12 00:00:00,clalit,אולטרסאונד - גניקולו,"ד""ר ריקובר יגאל-ארי","דרך בן גוריון 13, בני ברק",13.0,בני ברק
2026-07-30 15:09:44.000000,2026-08-12 00:00:00,clalit,אולטרסאונד - גניקולו,נטלי בניזדה(טכנאית),"בן גוריון 22, הרצליה",13.0,הרצליה
2026-07-30 15:09:44.000000,2026-08-16 00:00:00,clalit,אולטרסאונד - גניקולו,"ד""ר שריג מנחם יצח","וייצמן 83, כפר סבא",17.0,כפר סבא
2026-07-30 15:09:45.000000,2026-08-20 00:00:00,clalit,אולטרסאונד - גניקולו,שטיינברג קארין-טכנא,"חזון אי''ש 62, בני ברק",21.0,בני ברק
2026-07-30 15:09:45.000000,2026-08-25 00:00:00,clalit,אולטרסאונד - גניקולו,"ד""ר סבח גד","דרך בן גוריון 13, בני ברק",26.0,בני ברק
2026-07-30 15:09:45.000000,2026-08-30 00:00:00,clalit,אולטרסאונד - גניקולו,"ד""ר דקל איל","אריק איינשטיין 1, בת ים",31.0,בת ים
2026-07-30 15:09:45.000000,2026-08-30 00:00:00,clalit,אולטרסאונד - גניקולו,פרופ' פרדו יוסף,"דרך בן גוריון 13, בני ברק",31.0,בני ברק
2026-07-30 15:09:45.000000,,clalit,אולטרסאונד - גניקולו,"ד""ר חייקין אלכסנדר","וייצמן 83, כפר סבא",,כפר סבא
2026-07-30 15:09:45.000000,2026-08-03 00:00:00,clalit,אולטרסאונד - הריוני/,"ד""ר ארליך אורי","אבא אחימאיר 18, תל אביב יפו",4.0,תל אביב יפו
2026-07-30 15:09:45.000000,2026-08-03 00:00:00,clalit,אולטרסאונד - הריוני/,אולט' נשים מעיין/לי,"אבא אחימאיר 18, תל אביב יפו",4.0,תל אביב יפו
2026-07-30 15:09:45.000000,2026-08-09 00:00:00,clalit,אולטרסאונד - הריוני/,אולט' נשים,"אבא אחימאיר 18, תל אביב יפו",10.0,תל אביב יפו
2026-07-30 15:09:45.000000,2026-08-19 00:00:00,clalit,אולטרסאונד - הריוני/,"ד""ר דקל איל","אבא אחימאיר 18, תל אביב יפו",20.0,תל אביב יפו
2026-07-30 15:09:45.000000,2026-08-23 00:00:00,clalit,אולטרסאונד - הריוני/,"ד""ר דרוקר ליאור","אבא אחימאיר 18, תל אביב יפו",24.0,תל אביב יפו
2026-07-30 15:09:45.000000,2026-07-31 00:00:00,clalit,אולטרסאונד - הריוני/,אולט' נשים,"אריק איינשטיין 1, בת ים",1.0,בת ים
2026-07-30 15:09:45.000000,2026-08-02 00:00:00,clalit,אולטרסאונד - הריוני/,הירש גתית -טכנאית,"חזון אי''ש 62, בני ברק",3.0,בני ברק
2026-07-30 15:09:46.000000,2026-08-04 00:00:00,clalit,אולטרסאונד - הריוני/,"ד""ר גלפרין אולגה","חזון אי''ש 62, בני ברק",5.0,בני ברק
2026-07-30 15:09:46.000000,2026-08-04 00:00:00,clalit,אולטרסאונד - הריוני/,חגית נהרי,"בן גוריון 22, הרצליה",5.0,הרצליה
2026-07-30 15:09:46.000000,2026-08-06 00:00:00,clalit,אולטרסאונד - הריוני/,פרופ' פלד יואב,"דרך בן גוריון 13, בני ברק",7.0,בני ברק
2026-07-30 15:09:46.000000,2026-08-09 00:00:00,clalit,אולטרסאונד - הריוני/,"ד""ר קופילוב רון גרשו","דרך בן גוריון 13, בני ברק",10.0,בני ברק
2026-07-30 15:09:46.000000,2026-08-09 00:00:00,clalit,אולטרסאונד - הריוני/,"ד""ר מימוני גלית","דרך בן גוריון 13, בני ברק",10.0,בני ברק
2026-07-30 15:09:46.000000,2026-08-09 00:00:00,clalit,אולטרסאונד - הריוני/,"ד""ר מימוני גלית","חזון אי''ש 62, בני ברק",10.0,בני ברק
2026-07-30 15:09:46.000000,2026-08-09 00:00:00,clalit,אולטרסאונד - הריוני/,מילנה פרקנסקי טכנאי,"בן גוריון 22, הרצליה",10.0,הרצליה
2026-07-30 15:09:46.000000,2026-08-09 00:00:00,clalit,אולטרסאונד - הריוני/,סבטלנה שכמייסטר,"סשה ארגוב 23, רעננה",10.0,רעננה
2026-07-30 15:09:46.000000,2026-08-10 00:00:00,clalit,אולטרסאונד - הריוני/,חגית נהרי,"סשה ארגוב 23, רעננה",11.0,רעננה
2026-07-30 15:09:46.000000,2026-08-12 00:00:00,clalit,אולטרסאונד - הריוני/,"ד""ר ריקובר יגאל-ארי","דרך בן גוריון 13, בני ברק",13.0,בני ברק
2026-07-30 15:09:46.000000,2026-08-12 00:00:00,clalit,אולטרסאונד - הריוני/,נטלי בניזדה(טכנאית),"בן גוריון 22, הרצליה",13.0,הרצליה
2026-07-30 15:09:46.000000,2026-08-16 00:00:00,clalit,אולטרסאונד - הריוני/,"ד""ר שריג מנחם יצח","וייצמן 83, כפר סבא",17.0,כפר סבא
2026-07-30 15:09:46.000000,2026-08-25 00:00:00,clalit,אולטרסאונד - הריוני/,"ד""ר סבח גד","דרך בן גוריון 13, בני ברק",26.0,בני ברק
2026-07-30 15:09:46.000000,2026-08-30 00:00:00,clalit,אולטרסאונד - הריוני/,"ד""ר דקל איל","אריק איינשטיין 1, בת ים",31.0,בת ים
2026-07-30 15:09:47.000000,,clalit,אולטרסאונד - הריוני/,"ד""ר חייקין אלכסנדר","וייצמן 83, כפר סבא",,כפר סבא
2026-07-30 15:09:47.000000,,clalit,אולטרסאונד - פרקי ירכיים תינוק,,"שדרות נים 2, ראשון לציון",,ראשון לציון
2026-07-30 15:09:48.000000,,clalit,אולטרסאונד בטן עליונ,טארק עבד אל חי,תל אביב יפו,,תל אביב יפו
2026-07-30 15:09:48.000000,,clalit,אולטרסאונד בטן עליונ,"ד""ר אלכסנדר",תל אביב יפו,,תל אביב יפו
2026-07-30 15:09:48.000000,,clalit,אולטרסאונד בטן עליונ,כללי 5,תל אביב יפו,,תל אביב יפו
2026-07-30 15:09:48.000000,,clalit,אולטרסאונד בטן עליונ,אבו נאג'י עדי,תל אביב יפו,,תל אביב יפו
2026-07-30 15:09:48.000000,,clalit,אולטרסאונד בטן עליונ,עוסמאן מחמוד -טכנאי,"עזרא 11, בני ברק",,בני ברק
2026-07-30 15:09:48.000000,,clalit,אולטרסאונד בטן עליונ,בן גמיל נאבא-טכנאית,"עזרא 11, בני ברק",,בני ברק
2026-07-30 15:09:48.000000,,clalit,אולטרסאונד בטן עליונ,עיסא רוקייה- טכנאית,"עזרא 11, בני ברק",,בני ברק
2026-07-30 15:09:49.000000,,clalit,אולטרסאונד בטן עליונ,מיכאל תורן טכנאי,"הפועל 22, הרצליה",,הרצליה
2026-07-30 15:09:49.000000,2026-10-04 00:00:00,clalit,אורוגניקולוגיה,"ד""ר ביטמן גנדי","בן גוריון 22, הרצליה",66.0,הרצליה
2026-07-30 15:09:49.000000,,clalit,אורוגניקולוגיה,"ד""ר פייט קורן חגית","בן גוריון 22, הרצליה",,הרצליה
2026-07-30 15:09:50.000000,2026-08-17 00:00:00,clalit,"אורולוגיה,דרכי שתן,כ","ד""ר ונטורה יוסי","אבן גבירול 124, תל אביב יפו",18.0,תל אביב יפו
2026-07-30 15:09:50.000000,2026-08-23 00:00:00,clalit,"אורולוגיה,דרכי שתן,כ","ד""ר חתומי שירה","אבן גבירול 124, תל אביב יפו",24.0,תל אביב יפו
2026-07-30 15:09:50.000000,2026-09-07 00:00:00,clalit,"אורולוגיה,דרכי שתן,כ","ד""ר שפלר אלכסנדר","אבן גבירול 124, תל אביב יפו",39.0,תל אביב יפו
2026-07-30 15:09:50.000000,2026-09-07 00:00:00,clalit,"אורולוגיה,דרכי שתן,כ","ד""ר שטריקר אברהם","אבן גבירול 124, תל אביב יפו",39.0,תל אביב יפו
2026-07-30 15:09:50.000000,2026-10-04 00:00:00,clalit,"אורולוגיה,דרכי שתן,כ","ד""ר יחיאלי כהן רוית רחל","אבן גבירול 124, תל אביב יפו",66.0,תל אביב יפו
2026-07-30 15:09:50.000000,,clalit,"אורולוגיה,דרכי שתן,כ","ד""ר ברז יאיר","אבן גבירול 124, תל אביב יפו",,תל אביב יפו
2026-07-30 15:09:51.000000,2026-08-03 00:00:00,clalit,"אורולוגיה,דרכי שתן,כ","ד""ר מנצור איימן","התקווה 18, רעננה",4.0,רעננה
2026-07-30 15:09:51.000000,2026-08-10 00:00:00,clalit,"אורולוגיה,דרכי שתן,כ","ד""ר קלר טאמז","הכישור 47, חולון",11.0,חולון
2026-07-30 15:09:51.000000,2026-08-11 00:00:00,clalit,"אורולוגיה,דרכי שתן,כ","ד""ר מוגילבקין יעקב","נעמי שמר 15, חולון",12.0,חולון
2026-07-30 15:09:51.000000,2026-08-12 00:00:00,clalit,"אורולוגיה,דרכי שתן,כ","ד""ר קלר טאמז","נעמי שמר 15, חולון",13.0,חולון
2026-07-30 15:09:51.000000,2026-08-16 00:00:00,clalit,"אורולוגיה,דרכי שתן,כ","ד""ר טרנופולסקי אלברט","נעמי שמר 15, חולון",17.0,חולון
2026-07-30 15:09:51.000000,2026-08-27 00:00:00,clalit,"אורולוגיה,דרכי שתן,כ","ד""ר נוימן גד רפאל","הרצל 34, רמת גן",28.0,רמת גן
2026-07-30 15:09:51.000000,2026-08-27 00:00:00,clalit,"אורולוגיה,דרכי שתן,כ","ד""ר מנצור איימן","שדרות רחבעם 1, קרני שומרון",28.0,קרני שומרון
2026-07-30 15:09:51.000000,2026-08-30 00:00:00,clalit,"אורולוגיה,דרכי שתן,כ","ד""ר גיאלצ'ינסקי אילן","הרצל 34, רמת גן",31.0,רמת גן
2026-07-30 15:09:51.000000,2026-08-31 00:00:00,clalit,"אורולוגיה,דרכי שתן,כ","ד""ר מושיבייב יעקב","הרצל 34, רמת גן",32.0,רמת גן
2026-07-30 15:09:51.000000,2026-09-03 00:00:00,clalit,"אורולוגיה,דרכי שתן,כ","ד""ר ביכלר אמיר","הרצל 34, רמת גן",35.0,רמת גן
2026-07-30 15:09:51.000000,2026-09-03 00:00:00,clalit,"אורולוגיה,דרכי שתן,כ","ד""ר בנימיני יוסף","הרצל 34, רמת גן",35.0,רמת גן
2026-07-30 15:09:51.000000,2026-09-03 00:00:00,clalit,"אורולוגיה,דרכי שתן,כ","ד""ר מילר אור","רמב''ם 1, הרצליה",35.0,הרצליה
2026-07-30 15:09:51.000000,2026-09-06 00:00:00,clalit,"אורולוגיה,דרכי שתן,כ","ד""ר מנצור איימן","טארק עבד אל חי, טירה",38.0,טירה
2026-07-30 15:09:51.000000,2026-09-07 00:00:00,clalit,"אורולוגיה,דרכי שתן,כ","ד""ר חייפץ אלכסנדר","הרב ניסנבאום 33, בת ים",39.0,בת ים
2026-07-30 15:09:51.000000,2026-09-08 00:00:00,clalit,"אורולוגיה,דרכי שתן,כ","ד""ר שברצטוך גילדור עמרי מרד","התקווה 18, רעננה",40.0,רעננה
2026-07-30 15:09:51.000000,2026-09-09 00:00:00,clalit,"אורולוגיה,דרכי שתן,כ","ד""ר מנצור איימן","רמב''ם 1, הרצליה",41.0,הרצליה
2026-07-30 15:09:51.000000,2026-10-04 00:00:00,clalit,"אורולוגיה,דרכי שתן,כ","ד""ר וזינה אריה אמנ","רמב''ם 1, הרצליה",66.0,הרצליה
2026-07-30 15:09:51.000000,2026-10-07 00:00:00,clalit,"אורולוגיה,דרכי שתן,כ","ד""ר שושני אוהד","רמב''ם 1, הרצליה",69.0,הרצליה
2026-07-30 15:09:52.000000,,clalit,אורתופדיה - פרקי ירך,"רופא בי""ח 3","אבן גבירול 124, תל אביב יפו",,תל אביב יפו
2026-07-30 15:09:53.000000,,clalit,אורתופדיה ברך,"רופא בי""ח 3","אבן גבירול 124, תל אביב יפו",,תל אביב יפו
2026-07-30 15:09:53.000000,,clalit,,,,,
2026-07-30 15:09:54.000000,,clalit,אורתופדיה כף יד,המבורגר אהוד מאי,"נעמי שמר 15, חולון",,חולון
2026-07-30 15:09:55.000000,2026-08-05 00:00:00,clalit,אורתופדיה כף רגל,"ד""ר זמירו עיסאם","אל קודס 50, טירה",6.0,טירה
2026-07-30 15:09:56.000000,2026-08-30 00:00:00,clalit,אורתופדיה כתף,"ד""ר בן צבי יעקב","אחוזה 98, רעננה",31.0,רעננה
2026-07-30 15:09:56.000000,2026-10-26 00:00:00,clalit,אורתופדיה כתף,רבנזפט שי ציון,"נעמי שמר 15, חולון",88.0,חולון
2026-07-30 15:09:56.000000,,clalit,אורתופדיה כתף,"ד""ר סגל פנחס","הרצל 34, רמת גן",,רמת גן
2026-07-30 15:09:56.000000,,clalit,אלרגיה,"ד""ר רויטמן דניאל אל","סטרומה 3, בת ים",,בת ים
2026-07-30 15:09:56.000000,,clalit,אלרגיה,"ד""ר ניזניק סטנלי","עזרא 11, בני ברק",,בני ברק
2026-07-30 15:09:58.000000,2026-12-07 00:00:00,clalit,אנדוקרינולוגיה,"ד""ר ספיר מזיה","אבן גבירול 124, תל אביב יפו",130.0,תל אביב יפו
2026-07-30 15:09:58.000000,2026-12-27 00:00:00,clalit,אנדוקרינולוגיה,"ד""ר הרצברג דנה לילי","אבן גבירול 124, תל אביב יפו",150.0,תל אביב יפו
2026-07-30 15:09:58.000000,,clalit,אנדוקרינולוגיה,"ד""ר ששון ליאת","אבן גבירול 124, תל אביב יפו",,תל אביב יפו
2026-07-30 15:09:58.000000,,clalit,אנדוקרינולוגיה,"ד""ר פרידריך דובינצ כרמל","אבן גבירול 124, תל אביב יפו",,תל אביב יפו
2026-07-30 15:09:58.000000,,clalit,אנדוקרינולוגיה,"ד""ר אברמוף נס רוזני","אבן גבירול 124, תל אביב יפו",,תל אביב יפו
2026-07-30 15:09:58.000000,,clalit,אנדוקרינולוגיה,"ד""ר איזנברג יואב","אבן גבירול 124, תל אביב יפו",,תל אביב יפו
2026-07-30 15:10:00.000000,,clalit,אנדוקרינולוגיה,"ד""ר יצחקוב אלנה","הרב ניסנבאום 33, בת ים",,בת ים
2026-07-30 15:10:00.000000,,clalit,אנדוקרינולוגיה,"ד""ר יעיש איריס","הרב ניסנבאום 33, בת ים",,בת ים
2026-07-30 15:10:00.000000,,clalit,אנדוקרינולוגיה,"ד""ר נצר בייצר טל","הרב ניסנבאום 33, בת ים",,בת ים
2026-07-30 15:10:00.000000,,clalit,אנדוקרינולוגיה,"ד""ר מצרי שר","הרב ניסנבאום 33, בת ים",,בת ים
2026-07-30 15:10:00.000000,,clalit,אנדוקרינולוגיה,"ד""ר חמאדה רביע","הרב ניסנבאום 33, בת ים",,בת ים
2026-07-30 15:10:00.000000,,clalit,אנדוקרינולוגיה,"ד""ר סלוצקי אילנה","הרב ניסנבאום 33, בת ים",,בת ים
2026-07-30 15:10:00.000000,,clalit,אנדוקרינולוגיה,"ד""ר מושקוביץ' יבגני","עלי הכהן 13, בני ברק",,בני ברק
2026-07-30 15:10:01.000000,,clalit,אנדוקרינולוגיה,"ד""ר אבו צעלוק מחמוד","עלי הכהן 13, בני ברק",,בני ברק
2026-07-30 15:10:01.000000,,clalit,אנדוקרינולוגיה,"ד""ר רוזנבלום רחל חוה","רמב''ם 1, הרצליה",,הרצליה
2026-07-30 15:10:01.000000,,clalit,אנדוקרינולוגיה,"ד""ר רוזנבלום חמדה","בן גוריון 43, כפר סבא",,כפר סבא
2026-07-30 15:10:01.000000,,clalit,אנדוקרינולוגיה,"ד""ר מסרי עיראקי היבא","בן גוריון 43, כפר סבא",,כפר סבא
2026-07-30 15:10:01.000000,,clalit,אנדוקרינולוגיה,"ד""ר אמיתי אורן  בנ","רפפורט 3, כפר סבא",,כפר סבא
2026-07-30 15:10:01.000000,,clalit,אנדוקרינית אונוקלוגי,"ד""ר מושקוביץ' יבגני","עלי הכהן 13, בני ברק",,בני ברק
2026-07-30 15:10:01.000000,,clalit,אנדוקרינית אונוקלוגי,"ד""ר אבו צעלוק מחמוד","עלי הכהן 13, בני ברק",,בני ברק
2026-07-30 15:10:03.000000,2026-08-03 00:00:00,clalit,בדיקת צפיפות העצם במ,צפיפות העצם,"זליג ברודצקי 43, תל אביב יפו",4.0,תל אביב יפו
2026-07-30 15:10:03.000000,2026-08-06 00:00:00,clalit,בדיקת צפיפות העצם במכון,,"אבא אחימאיר 18, תל אביב יפו",7.0,תל אביב יפו
2026-07-30 15:10:03.000000,2026-07-30 00:00:00,clalit,בדיקת צפיפות העצם במכון,,"דרך זאב ז'בוטינסקי 7, בני ברק",0.0,בני ברק
2026-07-30 15:10:03.000000,2026-07-31 00:00:00,clalit,בדיקת צפיפות העצם במכון,,"שדרות נים 2, ראשון לציון",1.0,ראשון לציון
2026-07-30 15:10:03.000000,2026-08-03 00:00:00,clalit,בדיקת צפיפות העצם במכון,,"רבי מנחם פרוש 1, בית שמש",4.0,בית שמש
2026-07-30 15:10:03.000000,2026-08-19 00:00:00,clalit,בדיקת צפיפות העצם במכון,,"הנדיב 71, הרצליה",20.0,הרצליה
2026-07-30 15:10:04.000000,2026-08-02 00:00:00,clalit,גסטרואנטרולוגיה,"ד""ר הרשקוביץ' מריצ'לה","אבן גבירול 124, תל אביב יפו",3.0,תל אביב יפו
2026-07-30 15:10:04.000000,,clalit,גסטרואנטרולוגיה,"ד""ר מור מיכל זהב","אבן גבירול 124, תל אביב יפו",,תל אביב יפו
2026-07-30 15:10:04.000000,,clalit,גסטרואנטרולוגיה,"ד""ר בוקריס טולדנו אלקסיה ר","אבן גבירול 124, תל אביב יפו",,תל אביב יפו
2026-07-30 15:10:04.000000,,clalit,גסטרואנטרולוגיה,"ד""ר ז'יגלין אנדרי","אבן גבירול 124, תל אביב יפו",,תל אביב יפו
2026-07-30 15:10:04.000000,,clalit,גסטרואנטרולוגיה,"ד""ר שניר יפעת יהו","אבן גבירול 124, תל אביב יפו",,תל אביב יפו
2026-07-30 15:10:04.000000,,clalit,גסטרואנטרולוגיה,"ד""ר מעוז ערן","אבן גבירול 124, תל אביב יפו",,תל אביב יפו
2026-07-30 15:10:04.000000,2026-07-30 00:00:00,clalit,גסטרואנטרולוגיה,"ד""ר דרייזין ורה","הרב ניסנבאום 33, בת ים",0.0,בת ים
2026-07-30 15:10:05.000000,2026-08-03 00:00:00,clalit,גסטרואנטרולוגיה,"ד""ר אהרוני גולן מאיה","דרך בן גוריון 13, בני ברק",4.0,בני ברק
2026-07-30 15:10:05.000000,2026-09-09 00:00:00,clalit,גסטרואנטרולוגיה,"ד""ר ליכטנשטיין לב","דרך בן גוריון 13, בני ברק",41.0,בני ברק
2026-07-30 15:10:05.000000,2026-09-17 00:00:00,clalit,גסטרואנטרולוגיה,"ד""ר ראוכוורגר אריאלה ח","דרך בן גוריון 13, בני ברק",49.0,בני ברק
2026-07-30 15:10:05.000000,2026-09-30 00:00:00,clalit,גסטרואנטרולוגיה,"ד""ר בניאשוילי זזה","דרך בן גוריון 13, בני ברק",62.0,בני ברק
2026-07-30 15:10:05.000000,2026-10-04 00:00:00,clalit,גסטרואנטרולוגיה,"ד""ר בורוכוב אמה","דרך בן גוריון 13, בני ברק",66.0,בני ברק
2026-07-30 15:10:05.000000,2026-10-04 00:00:00,clalit,גסטרואנטרולוגיה,"ד""ר סחייק ורד","דרך בן גוריון 13, בני ברק",66.0,בני ברק
2026-07-30 15:10:05.000000,2026-10-05 00:00:00,clalit,גסטרואנטרולוגיה,"ד""ר שנער נדב","דרך בן גוריון 13, בני ברק",67.0,בני ברק
2026-07-30 15:10:05.000000,2026-10-05 00:00:00,clalit,גסטרואנטרולוגיה,"ד""ר בינדר יובל","דרך בן גוריון 13, בני ברק",67.0,בני ברק
2026-07-30 15:10:05.000000,2026-10-20 00:00:00,clalit,גסטרואנטרולוגיה,"ד""ר אקאי יפתח","הרב ניסנבאום 33, בת ים",82.0,בת ים
2026-07-30 15:10:05.000000,2026-10-20 00:00:00,clalit,גסטרואנטרולוגיה,"ד""ר רסקין מריה","הרב ניסנבאום 33, בת ים",82.0,בת ים
2026-07-30 15:10:05.000000,2026-10-22 00:00:00,clalit,גסטרואנטרולוגיה,"ד""ר זילפר טטיאנה","הרב ניסנבאום 33, בת ים",84.0,בת ים
2026-07-30 15:10:05.000000,2026-10-22 00:00:00,clalit,גסטרואנטרולוגיה,"ד""ר מנדל ליאור","הרב ניסנבאום 33, בת ים",84.0,בת ים
2026-07-30 15:10:05.000000,2026-10-22 00:00:00,clalit,גסטרואנטרולוגיה,"ד""ר סימנטוב רומן","הרב ניסנבאום 33, בת ים",84.0,בת ים
2026-07-30 15:10:05.000000,2026-10-22 00:00:00,clalit,גסטרואנטרולוגיה,"ד""ר קמחי אלן נמרו","הרב ניסנבאום 33, בת ים",84.0,בת ים
2026-07-30 15:10:05.000000,2026-10-25 00:00:00,clalit,גסטרואנטרולוגיה,"ד""ר שחר איל","הרב ניסנבאום 33, בת ים",87.0,בת ים
2026-07-30 15:10:05.000000,,clalit,גסטרואנטרולוגיה,"ד""ר נס אסף","הרב ניסנבאום 33, בת ים",,בת ים
2026-07-30 15:10:05.000000,,clalit,גסטרואנטרולוגיה,"ד""ר שוויישטיין חגי","רמב''ם 1, הרצליה",,הרצליה
2026-07-30 15:10:05.000000,,clalit,גסטרואנטרולוגיה,"ד""ר סגל דרור","רמב''ם 1, הרצליה",,הרצליה
2026-07-30 15:10:05.000000,,clalit,גסטרואנטרולוגיה,"ד""ר ברונשטיין טוינ מירי מרי","רמב''ם 1, הרצליה",,הרצליה
2026-07-30 15:10:05.000000,,clalit,גסטרואנטרולוגיה,"ד""ר קלנר ילנה","רמב''ם 1, הרצליה",,הרצליה
2026-07-30 15:10:05.000000,,clalit,גסטרואנטרולוגיה,"ד""ר הרשקוביץ אליס","רמב''ם 1, הרצליה",,הרצליה
2026-07-30 15:10:06.000000,,clalit,,,,,
2026-07-30 15:10:06.000000,2026-10-11 00:00:00,clalit,המטולוגיה,"רופא בי""ח","אבן גבירול 124, תל אביב יפו",73.0,תל אביב יפו
2026-07-30 15:10:06.000000,2026-09-23 00:00:00,clalit,המטולוגיה,"ד""ר ברדיצ'בסקי סבטלנה","הרב ניסנבאום 33, בת ים",55.0,בת ים
2026-07-30 15:10:07.000000,2026-09-24 00:00:00,clalit,טראומה כירורגית,"ד""ר קמינסקי אולג","הרצל 34, רמת גן",56.0,רמת גן
2026-07-30 15:10:07.000000,2026-10-15 00:00:00,clalit,טראומה כירורגית,"ד""ר ריבקובסקי יבגני","הרצל 34, רמת גן",77.0,רמת גן
2026-07-30 15:10:07.000000,2026-10-23 00:00:00,clalit,טראומה כירורגית,"ד""ר כץ יאיר","רמב''ם 1, הרצליה",85.0,הרצליה
2026-07-30 15:10:07.000000,,clalit,טראומה כירורגית,"ד""ר בן ארי שפירא ענת","רמב''ם 1, הרצליה",,הרצליה
2026-07-30 15:10:09.000000,2026-08-16 00:00:00,clalit,כירורגיה,"ד""ר גולדנפרב פבל","אבן גבירול 124, תל אביב יפו",17.0,תל אביב יפו
2026-07-30 15:10:09.000000,2026-08-17 00:00:00,clalit,כירורגיה,"ד""ר בן דוד נדב","אבן גבירול 124, תל אביב יפו",18.0,תל אביב יפו
2026-07-30 15:10:09.000000,2026-08-18 00:00:00,clalit,כירורגיה,"ד""ר ברנבוים אלכס","אבן גבירול 124, תל אביב יפו",19.0,תל אביב יפו
2026-07-30 15:10:09.000000,2026-08-21 00:00:00,clalit,כירורגיה,"ד""ר חזן דני","אבן גבירול 124, תל אביב יפו",22.0,תל אביב יפו
2026-07-30 15:10:09.000000,,clalit,כירורגיה,"ד""ר ברד ויאצ'סלב","אבן גבירול 124, תל אביב יפו",,תל אביב יפו
2026-07-30 15:10:09.000000,,clalit,כירורגיה,"ד""ר עוויסאת הייתם","התקומה 23, תל אביב יפו",,תל אביב יפו
2026-07-30 15:10:09.000000,2026-07-30 00:00:00,clalit,כירורגיה,"ד""ר פרוטוס כריסטיאן","הרב ניסנבאום 33, בת ים",0.0,בת ים
2026-07-30 15:10:09.000000,2026-07-31 00:00:00,clalit,כירורגיה,"ד""ר סטריגין סרגיי","הרב ניסנבאום 33, בת ים",1.0,בת ים
2026-07-30 15:10:09.000000,2026-08-02 00:00:00,clalit,כירורגיה,"ד""ר לייבמן מיכאל","הרב ניסנבאום 33, בת ים",3.0,בת ים
2026-07-30 15:10:09.000000,2026-08-02 00:00:00,clalit,כירורגיה,"ד""ר חוטריאנסקי מיכאיל","הרב ניסנבאום 33, בת ים",3.0,בת ים
2026-07-30 15:10:09.000000,2026-08-02 00:00:00,clalit,כירורגיה,"ד""ר סטריגין סרגיי","נעמי שמר 15, חולון",3.0,חולון
2026-07-30 15:10:09.000000,2026-08-02 00:00:00,clalit,כירורגיה,"ד""ר גולדנפרב פבל","נעמי שמר 15, חולון",3.0,חולון
2026-07-30 15:10:09.000000,2026-08-04 00:00:00,clalit,כירורגיה,"ד""ר לייבמן מיכאל","נעמי שמר 15, חולון",5.0,חולון
2026-07-30 15:10:10.000000,2026-08-11 00:00:00,clalit,כירורגיה,"ד""ר בן דוד נדב","נעמי שמר 15, חולון",12.0,חולון
2026-07-30 15:10:10.000000,2026-08-16 00:00:00,clalit,כירורגיה,"ד""ר ספרוב ולרי","הרב ניסנבאום 33, בת ים",17.0,בת ים
2026-07-30 15:10:10.000000,2026-09-11 00:00:00,clalit,כירורגיה,"ד""ר בן דוד נדב","חיים וייצמן 25, אזור",43.0,אזור
2026-07-30 15:10:10.000000,2026-09-24 00:00:00,clalit,כירורגיה,"ד""ר קמינסקי אולג","הרצל 34, רמת גן",56.0,רמת גן
2026-07-30 15:10:10.000000,2026-09-29 00:00:00,clalit,כירורגיה,כירורג ב.השרון-2,"הרצל 34, רמת גן",61.0,רמת גן
2026-07-30 15:10:10.000000,2026-10-15 00:00:00,clalit,כירורגיה,"ד""ר ריבקובסקי יבגני","הרצל 34, רמת גן",77.0,רמת גן
2026-07-30 15:10:10.000000,2026-10-16 00:00:00,clalit,כירורגיה,"ד""ר שרמן יבגני","נעמי שמר 15, חולון",78.0,חולון
2026-07-30 15:10:11.000000,2026-10-23 00:00:00,clalit,כירורגיה,"ד""ר כץ יאיר","רמב''ם 1, הרצליה",85.0,הרצליה
2026-07-30 15:10:11.000000,,clalit,כירורגיה,"ד""ר פרוטוס כריסטיאן","נעמי שמר 15, חולון",,חולון
2026-07-30 15:10:11.000000,,clalit,כירורגיה,"ד""ר איטקין דינה","הרצל 34, רמת גן",,רמת גן
2026-07-30 15:10:11.000000,,clalit,כירורגיה,"ד""ר גייר אילת","דרך זאב ז'בוטינסקי 61, פתח תקווה",,פתח תקווה
2026-07-30 15:10:11.000000,,clalit,כירורגיה,"ד""ר בן ארי שפירא ענת","רמב''ם 1, הרצליה",,הרצליה
2026-07-30 15:10:11.000000,,clalit,כירורגיה,"ד""ר בר לב איל","רמב''ם 1, הרצליה",,הרצליה
2026-07-30 15:10:11.000000,,clalit,,,,,
2026-07-30 15:10:12.000000,,clalit,,,,,
2026-07-30 15:10:12.000000,,clalit,,,,,
2026-07-30 15:10:13.000000,,clalit,,,,,
2026-07-30 15:10:13.000000,,clalit,,,,,
2026-07-30 15:10:15.000000,2026-08-02 00:00:00,clalit,ממוגרפיה,,"אבא אחימאיר 18, תל אביב יפו",3.0,תל אביב יפו
2026-07-30 15:10:15.000000,2026-08-09 00:00:00,clalit,ממוגרפיה,ממוגרפיה1,"אבן גבירול 124, תל אביב יפו",10.0,תל אביב יפו
2026-07-30 15:10:15.000000,2026-07-30 00:00:00,clalit,ממוגרפיה,ממוגרפיה1,"הרב ניסנבאום 33, בת ים",0.0,בת ים
2026-07-30 15:10:15.000000,2026-07-30 00:00:00,clalit,ממוגרפיה,,"הנדיב 71, הרצליה",0.0,הרצליה
2026-07-30 15:10:15.000000,2026-08-17 00:00:00,clalit,ממוגרפיה,,"דרך זאב ז'בוטינסקי 7, בני ברק",18.0,בני ברק
2026-07-30 15:10:15.000000,2026-09-02 00:00:00,clalit,ממוגרפיה,,"רבי מנחם פרוש 1, בית שמש",34.0,בית שמש
2026-07-30 15:10:15.000000,2026-11-02 00:00:00,clalit,ממוגרפיה,,"שדרות נים 2, ראשון לציון",95.0,ראשון לציון
2026-07-30 15:10:15.000000,,clalit,מרפאת כאב,"ד""ר פוקס דניאל","הרצל 34, רמת גן",,רמת גן
2026-07-30 15:10:15.000000,,clalit,מרפאת כאב,"ד""ר בודובסקי ארקדי","הרצל 34, רמת גן",,רמת גן
2026-07-30 15:10:15.000000,,clalit,מרפאת כאב,"ד""ר סטוליק-דולברג אורית-חי","דרך יצחק רבין 53, גבעתיים",,גבעתיים
2026-07-30 15:10:16.000000,2026-08-02 00:00:00,clalit,מרפאת כבד,"ד""ר הרשקוביץ' מריצ'לה","אבן גבירול 124, תל אביב יפו",3.0,תל אביב יפו
2026-07-30 15:10:16.000000,,clalit,מרפאת כבד,"ד""ר בוקריס טולדנו אלקסיה ר","אבן גבירול 124, תל אביב יפו",,תל אביב יפו
2026-07-30 15:10:16.000000,,clalit,מרפאת כבד,"ד""ר ז'יגלין אנדרי","אבן גבירול 124, תל אביב יפו",,תל אביב יפו
2026-07-30 15:10:16.000000,,clalit,מרפאת כבד,"ד""ר מעוז ערן","אבן גבירול 124, תל אביב יפו",,תל אביב יפו
2026-07-30 15:10:16.000000,2026-08-03 00:00:00,clalit,נוירוכירורגיה,רופ.נוירו.מוח.בלינס,"דרך זאב ז'בוטינסקי 105, רמת גן",4.0,רמת גן
2026-07-30 15:10:17.000000,2026-08-24 00:00:00,clalit,נוירוכירורגיה - ע.שד,"רופ.נוירו.עמ""ש.בלינ","דרך זאב ז'בוטינסקי 105, רמת גן",25.0,רמת גן
2026-07-30 15:10:19.000000,,clalit,נוירולוגיה,"ד""ר טולקובסקי אסף שמוא","אבן גבירול 124, תל אביב יפו",,תל אביב יפו
2026-07-30 15:10:19.000000,,clalit,נוירולוגיה,"ד""ר גסקין יורי","אבן גבירול 124, תל אביב יפו",,תל אביב יפו
2026-07-30 15:10:19.000000,,clalit,נוירולוגיה,"ד""ר חייגרכט מיכאל","אבן גבירול 124, תל אביב יפו",,תל אביב יפו
2026-07-30 15:10:19.000000,,clalit,נוירולוגיה,"ד""ר יריומין ולדיסלב","אבן גבירול 124, תל אביב יפו",,תל אביב יפו
2026-07-30 15:10:19.000000,,clalit,נוירולוגיה,"ד""ר מרמלשטיין ילנה","אבן גבירול 124, תל אביב יפו",,תל אביב יפו
2026-07-30 15:10:19.000000,2026-09-23 00:00:00,clalit,נוירולוגיה,אורמן איליה,"רמב''ם 1, הרצליה",55.0,הרצליה
2026-07-30 15:10:21.000000,,clalit,נוירולוגיה,"ד""ר וייצמן נינה","הרב ניסנבאום 33, בת ים",,בת ים
2026-07-30 15:10:21.000000,,clalit,נוירולוגיה,"ד""ר ג'יריס דניאל","הרב ניסנבאום 33, בת ים",,בת ים
2026-07-30 15:10:21.000000,,clalit,נוירולוגיה,"ד""ר בן נון קולר מעין","הרב ניסנבאום 33, בת ים",,בת ים
2026-07-30 15:10:21.000000,,clalit,נוירולוגיה,"ד""ר שבצוב אוולינה","הרב ניסנבאום 33, בת ים",,בת ים
2026-07-30 15:10:21.000000,,clalit,נוירולוגיה,"ד""ר פרוחורוב טטיאנה","הרב ניסנבאום 33, בת ים",,בת ים
2026-07-30 15:10:21.000000,,clalit,נוירולוגיה,"ד""ר מכלין ילנה","הרב ניסנבאום 33, בת ים",,בת ים
2026-07-30 15:10:21.000000,,clalit,נוירולוגיה,"ד""ר יאביץ אלכסנדר","דרך בן גוריון 13, בני ברק",,בני ברק
2026-07-30 15:10:22.000000,,clalit,נוירולוגיה,"ד""ר נאשף הלאל","רמב''ם 1, הרצליה",,הרצליה
2026-07-30 15:10:22.000000,,clalit,נוירולוגיה,"ד""ר ורבר פודגיצקי עידית עד","רמב''ם 1, הרצליה",,הרצליה
2026-07-30 15:10:22.000000,,clalit,נוירולוגיה,"ד""ר גרשנוביץ' בנקו איזבלה","רמב''ם 1, הרצליה",,הרצליה
2026-07-30 15:10:22.000000,,clalit,נוירולוגיה,"ד""ר כרמון יובל","רמב''ם 1, הרצליה",,הרצליה
2026-07-30 15:10:22.000000,,clalit,נוירולוגיה,"ד""ר עתאמנה אחמד","בן גוריון 43, כפר סבא",,כפר סבא
2026-07-30 15:10:22.000000,,clalit,נוירולוגיה,"ד""ר צאושו סולי","וייצמן 24, כפר סבא",,כפר סבא
2026-07-30 15:10:23.000000,,clalit,,,,,
2026-07-30 15:10:23.000000,,clalit,,,,,
2026-07-30 15:10:24.000000,,clalit,נפרולוגיה,"ד""ר ויינטל ברנהיים איריס","אבן גבירול 124, תל אביב יפו",,תל אביב יפו
2026-07-30 15:10:24.000000,,clalit,נפרולוגיה,"ד""ר שטרן שרון","אבן גבירול 124, תל אביב יפו",,תל אביב יפו
2026-07-30 15:10:24.000000,,clalit,נפרולוגיה,"ד""ר מיזל מור אשכר חיה","אבן גבירול 124, תל אביב יפו",,תל אביב יפו
2026-07-30 15:10:24.000000,,clalit,נפרולוגיה,"רופא מבי""ח","אבן גבירול 124, תל אביב יפו",,תל אביב יפו
2026-07-30 15:10:24.000000,,clalit,נפרולוגיה,"רופא בי""ח 1","אבן גבירול 124, תל אביב יפו",,תל אביב יפו
2026-07-30 15:10:24.000000,,clalit,נפרולוגיה,"ד""ר ויינטל ברנהיים איריס","הרב ניסנבאום 33, בת ים",,בת ים
2026-07-30 15:10:24.000000,,clalit,נפרולוגיה,"רופא מבי""ח","הרב ניסנבאום 33, בת ים",,בת ים
2026-07-30 15:10:24.000000,,clalit,נפרולוגיה,"ד""ר בהרל ברגנר טל","רמב''ם 1, הרצליה",,הרצליה
2026-07-30 15:10:24.000000,,clalit,נפרולוגיה,"ד""ר קניס אירינה","בן גוריון 43, כפר סבא",,כפר סבא
2026-07-30 15:10:26.000000,,clalit,סכרת,"ד""ר הרצברג דנה לילי","אבן גבירול 124, תל אביב יפו",,תל אביב יפו
2026-07-30 15:10:26.000000,,clalit,סכרת,"ד""ר ששון ליאת","אבן גבירול 124, תל אביב יפו",,תל אביב יפו
2026-07-30 15:10:26.000000,,clalit,סכרת,"ד""ר פרידריך דובינצ כרמל","אבן גבירול 124, תל אביב יפו",,תל אביב יפו
2026-07-30 15:10:26.000000,,clalit,סכרת,"ד""ר אברמוף נס רוזני","אבן גבירול 124, תל אביב יפו",,תל אביב יפו
2026-07-30 15:10:26.000000,,clalit,סכרת,"ד""ר איזנברג יואב","אבן גבירול 124, תל אביב יפו",,תל אביב יפו
2026-07-30 15:10:26.000000,,clalit,סכרת,"ד""ר ספיר מזיה","אבן גבירול 124, תל אביב יפו",,תל אביב יפו
2026-07-30 15:10:26.000000,2026-08-30 00:00:00,clalit,סכרת,"ד""ר זבולונוב ילנה","הרב ניסנבאום 33, בת ים",31.0,בת ים
2026-07-30 15:10:26.000000,2026-09-23 00:00:00,clalit,סכרת,"ד""ר ויינברג טטיאנה","הרב ניסנבאום 33, בת ים",55.0,בת ים
2026-07-30 15:10:26.000000,,clalit,סכרת,"ד""ר סלוצקי אילנה","הרב ניסנבאום 33, בת ים",,בת ים
2026-07-30 15:10:26.000000,,clalit,סכרת,"ד""ר קלימינסקי אברב אלה","עלי הכהן 13, בני ברק",,בני ברק
2026-07-30 15:10:26.000000,,clalit,סכרת,"ד""ר בודנשטיין-סחר הילה","עלי הכהן 13, בני ברק",,בני ברק
2026-07-30 15:10:26.000000,,clalit,סכרת,"ד""ר שפירא סופיה","הערבה 23, הרצליה",,הרצליה
2026-07-30 15:10:26.000000,,clalit,סכרת,"ד""ר רויטמן איתן","הערבה 23, הרצליה",,הרצליה
2026-07-30 15:10:26.000000,,clalit,סוכרת,"ד""ר רוזנבלום חמדה","בן גוריון 43, כפר סבא",,כפר סבא
2026-07-30 15:10:27.000000,2026-08-02 00:00:00,clalit,ספירומטריה,תפקודי ריאות,"אבן גבירול 124, תל אביב יפו",3.0,תל אביב יפו
2026-07-30 15:10:27.000000,2026-08-04 00:00:00,clalit,ספירומטריה,תפקודי ריאות,"הרב ניסנבאום 33, בת ים",5.0,בת ים
2026-07-30 15:10:28.000000,2026-08-03 00:00:00,clalit,עיניים - בדיקת OCT,,"אבא אחימאיר 18, תל אביב יפו",4.0,תל אביב יפו
2026-07-30 15:10:28.000000,,clalit,עיניים - בדיקת OCT,,"אבן גבירול 124, תל אביב יפו",,תל אביב יפו
2026-07-30 15:10:28.000000,2026-07-30 00:00:00,clalit,עיניים - בדיקת TCO,מכון עין מדוייקת,"וייצמן 83, כפר סבא",0.0,כפר סבא
2026-07-30 15:10:28.000000,2026-07-31 00:00:00,clalit,עיניים - בדיקת OCT,,"דרך זאב ז'בוטינסקי 7, בני ברק",1.0,בני ברק
2026-07-30 15:10:28.000000,2026-07-31 00:00:00,clalit,עיניים - בדיקת OCT,,"שדרות נים 2, ראשון לציון",1.0,ראשון לציון
2026-07-30 15:10:28.000000,2026-09-02 00:00:00,clalit,עיניים - בדיקת OCT,,"נעמי שמר 15, חולון",34.0,חולון
2026-07-30 15:10:28.000000,2026-09-09 00:00:00,clalit,עיניים אורטופטיקה/פז,נעמי ביסמוט,"בן גוריון 43, כפר סבא",41.0,כפר סבא
2026-07-30 15:10:30.000000,,clalit,עיניים גלאוקומה,פרופ' ויסבורד מיכאל,"אבן גבירול 124, תל אביב יפו",,תל אביב יפו
2026-07-30 15:10:30.000000,,clalit,,,,,
2026-07-30 15:10:30.000000,2026-09-09 00:00:00,clalit,עיניים פזילה,נעמי ביסמוט,"בן גוריון 43, כפר סבא",41.0,כפר סבא
2026-07-30 15:10:31.000000,,clalit,,,,,
2026-07-30 15:10:32.000000,,clalit,,,,,
2026-07-30 15:10:32.000000,,clalit,,,,,
2026-07-30 15:10:33.000000,2026-08-09 00:00:00,clalit,פוריות,"ד""ר טיירי דניאל","דרך שלמה 43, תל אביב יפו",10.0,תל אביב יפו
2026-07-30 15:10:33.000000,2026-08-02 00:00:00,clalit,פוריות,"ד""ר פוטלוג-נהרי קלריס","חזון אי''ש 62, בני ברק",3.0,בני ברק
2026-07-30 15:10:33.000000,2026-08-02 00:00:00,clalit,פוריות,"ד""ר שולץ אדליה","דרך בן גוריון 13, בני ברק",3.0,בני ברק
2026-07-30 15:10:33.000000,2026-08-03 00:00:00,clalit,פוריות,"ד""ר ריקובר יגאל-ארי","דרך בן גוריון 13, בני ברק",4.0,בני ברק
2026-07-30 15:10:33.000000,2026-08-11 00:00:00,clalit,פוריות,"ד""ר גלעדי יעקובי איתן","דרך בן גוריון 13, בני ברק",12.0,בני ברק
2026-07-30 15:10:33.000000,2026-08-13 00:00:00,clalit,פוריות,פרופ' נחום רוית,"דרך בן גוריון 13, בני ברק",14.0,בני ברק
2026-07-30 15:10:33.000000,2026-08-17 00:00:00,clalit,פוריות,פרופ' גת איתי,"חזון אי''ש 62, בני ברק",18.0,בני ברק
2026-07-30 15:10:33.000000,2026-09-02 00:00:00,clalit,פוריות,"ד""ר ורטהיימר אביטל","דרך בן גוריון 13, בני ברק",34.0,בני ברק
2026-07-30 15:10:35.000000,2026-08-03 00:00:00,clalit,פלסטיקה,"רופא בי""ח","אבן גבירול 124, תל אביב יפו",4.0,תל אביב יפו
2026-07-30 15:10:35.000000,,clalit,פלסטיקה,"ד""ר רוזנשפיר לוי יצחק","אבן גבירול 124, תל אביב יפו",,תל אביב יפו
2026-07-30 15:10:35.000000,,clalit,פלסטיקה,"ד""ר גולדשטיין אורן","אבן גבירול 124, תל אביב יפו",,תל אביב יפו
2026-07-30 15:10:35.000000,,clalit,פלסטיקה,"ד""ר שוחט שירלי","נעמי שמר 15, חולון",,חולון
2026-07-30 15:10:35.000000,,clalit,פלסטיקה,"ד""ר בן-נפתלי יעלה","הרצל 34, רמת גן",,רמת גן
2026-07-30 15:10:35.000000,,clalit,פלסטיקה,"ד""ר כהן שרית","הרצל 34, רמת גן",,רמת גן
2026-07-30 15:10:36.000000,2026-08-02 00:00:00,clalit,פרוקטולוגיה,"ד""ר גולדנפרב פבל","אבן גבירול 124, תל אביב יפו",3.0,תל אביב יפו
2026-07-30 15:10:36.000000,2026-08-02 00:00:00,clalit,פרוקטולוגיה,"רופא בי""ח","אבן גבירול 124, תל אביב יפו",3.0,תל אביב יפו
2026-07-30 15:10:36.000000,2026-08-09 00:00:00,clalit,פרוקטולוגיה,"ד""ר ברד ויאצ'סלב","אבן גבירול 124, תל אביב יפו",10.0,תל אביב יפו
2026-07-30 15:10:36.000000,2026-08-17 00:00:00,clalit,פרוקטולוגיה,"ד""ר בן דוד נדב","אבן גבירול 124, תל אביב יפו",18.0,תל אביב יפו
2026-07-30 15:10:36.000000,2026-08-21 00:00:00,clalit,פרוקטולוגיה,"ד""ר ברנבוים אלכס","אבן גבירול 124, תל אביב יפו",22.0,תל אביב יפו
2026-07-30 15:10:36.000000,,clalit,פרוקטולוגיה,"ד""ר עוויסאת הייתם","התקומה 23, תל אביב יפו",,תל אביב יפו
2026-07-30 15:10:37.000000,,clalit,פרוקטולוגיה,"ד""ר בוקריס טולדנו אלקסיה ר","אבן גבירול 124, תל אביב יפו",,תל אביב יפו
2026-07-30 15:10:37.000000,2026-07-30 00:00:00,clalit,פרוקטולוגיה,"ד""ר פרוטוס כריסטיאן","הרב ניסנבאום 33, בת ים",0.0,בת ים
2026-07-30 15:10:37.000000,2026-07-31 00:00:00,clalit,פרוקטולוגיה,"ד""ר סטריגין סרגיי","הרב ניסנבאום 33, בת ים",1.0,בת ים
2026-07-30 15:10:37.000000,2026-08-02 00:00:00,clalit,פרוקטולוגיה,"ד""ר לייבמן מיכאל","הרב ניסנבאום 33, בת ים",3.0,בת ים
2026-07-30 15:10:37.000000,2026-08-02 00:00:00,clalit,פרוקטולוגיה,"ד""ר סטריגין סרגיי","נעמי שמר 15, חולון",3.0,חולון
2026-07-30 15:10:37.000000,2026-08-02 00:00:00,clalit,פרוקטולוגיה,"ד""ר גולדנפרב פבל","נעמי שמר 15, חולון",3.0,חולון
2026-07-30 15:10:37.000000,2026-08-02 00:00:00,clalit,פרוקטולוגיה,"ד""ר איטקין דינה","הרצל 34, רמת גן",3.0,רמת גן
2026-07-30 15:10:37.000000,2026-08-04 00:00:00,clalit,פרוקטולוגיה,"ד""ר לייבמן מיכאל","נעמי שמר 15, חולון",5.0,חולון
2026-07-30 15:10:37.000000,2026-08-06 00:00:00,clalit,פרוקטולוגיה,כירורג ב.השרון-2,"הרצל 34, רמת גן",7.0,רמת גן
2026-07-30 15:10:37.000000,2026-08-09 00:00:00,clalit,פרוקטולוגיה,"ד""ר אלפר שלמה דן","הרצל 34, רמת גן",10.0,רמת גן
2026-07-30 15:10:37.000000,2026-08-11 00:00:00,clalit,פרוקטולוגיה,"ד""ר בן דוד נדב","נעמי שמר 15, חולון",12.0,חולון
2026-07-30 15:10:37.000000,2026-08-13 00:00:00,clalit,פרוקטולוגיה,"ד""ר ריבקובסקי יבגני","הרצל 34, רמת גן",14.0,רמת גן
2026-07-30 15:10:37.000000,2026-09-11 00:00:00,clalit,פרוקטולוגיה,"ד""ר בן דוד נדב","חיים וייצמן 25, אזור",43.0,אזור
2026-07-30 15:10:37.000000,2026-10-16 00:00:00,clalit,פרוקטולוגיה,"ד""ר שרמן יבגני","נעמי שמר 15, חולון",78.0,חולון
2026-07-30 15:10:38.000000,2026-10-23 00:00:00,clalit,פרוקטולוגיה,"ד""ר כץ יאיר","רמב''ם 1, הרצליה",85.0,הרצליה
2026-07-30 15:10:38.000000,,clalit,פרוקטולוגיה,"ד""ר פרוטוס כריסטיאן","נעמי שמר 15, חולון",,חולון
2026-07-30 15:10:38.000000,,clalit,פרוקטולוגיה,"ד""ר בן ארי שפירא ענת","רמב''ם 1, הרצליה",,הרצליה
2026-07-30 15:10:38.000000,,clalit,פרוקטולוגיה,"ד""ר בר לב איל","רמב''ם 1, הרצליה",,הרצליה
2026-07-30 15:10:38.000000,,clalit,,,,,
2026-07-30 15:10:39.000000,2026-08-05 00:00:00,clalit,רנטגן/רדיולוגיה - כל,צילומים א',"אבן גבירול 124, תל אביב יפו",6.0,תל אביב יפו
2026-07-30 15:10:39.000000,2026-08-06 00:00:00,clalit,רנטגן/רדיולוגיה - כל,צילומים,"אבן גבירול 124, תל אביב יפו",7.0,תל אביב יפו
2026-07-30 15:10:39.000000,2026-08-02 00:00:00,clalit,רנטגן/רדיולוגיה - כל,צילומים כלליים,"עזרא 11, בני ברק",3.0,בני ברק
2026-07-30 15:10:39.000000,2026-08-03 00:00:00,clalit,רנטגן/רדיולוגיה - כל,צילומים,"הרב ניסנבאום 33, בת ים",4.0,בת ים
2026-07-30 15:10:39.000000,2026-08-03 00:00:00,clalit,רנטגן/רדיולוגיה - כל,צילומים ב',"הרב ניסנבאום 33, בת ים",4.0,בת ים
2026-07-30 15:10:39.000000,2026-08-03 00:00:00,clalit,רנטגן/רדיולוגיה - כל,צילומים כלליים וריא,"הרצל 34, רמת גן",4.0,רמת גן
2026-07-30 15:10:39.000000,2026-08-03 00:00:00,clalit,רנטגן/רדיולוגיה - כל,צילומים כלליים,"הרצל 34, רמת גן",4.0,רמת גן
2026-07-30 15:10:40.000000,2026-08-05 00:00:00,clalit,רנטגן/רדיולוגיה - כל,צילומים,"נעמי שמר 15, חולון",6.0,חולון
2026-07-30 15:10:40.000000,2026-08-26 00:00:00,clalit,רנטגן/רדיולוגיה - כל,"רנטגן כ""ס בן גוריון","בן גוריון 43, כפר סבא",27.0,כפר סבא
2026-07-30 15:10:40.000000,2026-09-01 00:00:00,clalit,רנטגן/רדיולוגיה - כל,רנטגן-צילום,"רמב''ם 1, הרצליה",33.0,הרצליה
2026-07-30 15:10:40.000000,,clalit,רנטגן/רדיולוגיה - כל,צילומים ג',"הרב ניסנבאום 33, בת ים",,בת ים
2026-07-30 15:10:40.000000,2026-09-24 00:00:00,clalit,ציפורן חודרנית,"ד""ר קמינסקי אולג","הרצל 34, רמת גן",56.0,רמת גן
2026-07-30 15:10:40.000000,2026-10-15 00:00:00,clalit,ציפורן חודרנית,"ד""ר ריבקובסקי יבגני","הרצל 34, רמת גן",77.0,רמת גן
2026-07-30 15:10:41.000000,2026-09-17 00:00:00,clalit,קרדיולוגיה,"ד""ר חלפין ולבל זאב","אבן גבירול 124, תל אביב יפו",49.0,תל אביב יפו
2026-07-30 15:10:41.000000,2026-09-17 00:00:00,clalit,קרדיולוגיה,"ד""ר דקה סמיר","אבן גבירול 124, תל אביב יפו",49.0,תל אביב יפו
2026-07-30 15:10:41.000000,2026-09-17 00:00:00,clalit,קרדיולוגיה,"ד""ר עגור קונסטנטי","אבן גבירול 124, תל אביב יפו",49.0,תל אביב יפו
2026-07-30 15:10:41.000000,2026-09-17 00:00:00,clalit,קרדיולוגיה,"ד""ר צצקין לודמילה","אבן גבירול 124, תל אביב יפו",49.0,תל אביב יפו
2026-07-30 15:10:41.000000,2026-09-24 00:00:00,clalit,קרדיולוגיה,"ד""ר מורנינקס דניאל","אבן גבירול 124, תל אביב יפו",56.0,תל אביב יפו
2026-07-30 15:10:41.000000,2026-10-05 00:00:00,clalit,קרדיולוגיה,פרופ' פוקס תרצה,"אבן גבירול 124, תל אביב יפו",67.0,תל אביב יפו
2026-07-30 15:10:41.000000,2026-11-01 00:00:00,clalit,קרדיולוגיה,"ד""ר אבו קטש מחמוד","אבן גבירול 124, תל אביב יפו",94.0,תל אביב יפו
2026-07-30 15:10:41.000000,2026-07-30 00:00:00,clalit,קרדיולוגיה,"ד""ר אביב ירון חי","דרך בן גוריון 13, בני ברק",0.0,בני ברק
2026-07-30 15:10:41.000000,2026-09-04 00:00:00,clalit,קרדיולוגיה,"ד""ר קאסם מחמוד","א תופאח, טירה",36.0,טירה
2026-07-30 15:10:41.000000,2026-09-06 00:00:00,clalit,קרדיולוגיה,"ד""ר מיכאלי איליה","הרב ניסנבאום 33, בת ים",38.0,בת ים
2026-07-30 15:10:41.000000,2026-09-06 00:00:00,clalit,קרדיולוגיה,"ד""ר רולר מילטון ב","הרב ניסנבאום 33, בת ים",38.0,בת ים
2026-07-30 15:10:41.000000,2026-09-07 00:00:00,clalit,קרדיולוגיה,"ד""ר בינר סימון","הרב ניסנבאום 33, בת ים",39.0,בת ים
2026-07-30 15:10:41.000000,2026-09-07 00:00:00,clalit,קרדיולוגיה,"ד""ר עגור קונסטנטי","הרב ניסנבאום 33, בת ים",39.0,בת ים
2026-07-30 15:10:42.000000,2026-09-08 00:00:00,clalit,קרדיולוגיה,"ד""ר קולקר שמעון","דרך בן גוריון 13, בני ברק",40.0,בני ברק
2026-07-30 15:10:42.000000,2026-09-08 00:00:00,clalit,קרדיולוגיה,"ד""ר מנדלביץ' לב","דרך בן גוריון 13, בני ברק",40.0,בני ברק
2026-07-30 15:10:42.000000,2026-09-09 00:00:00,clalit,קרדיולוגיה,"רופא מבי""ח","הרב ניסנבאום 33, בת ים",41.0,בת ים
2026-07-30 15:10:42.000000,2026-09-09 00:00:00,clalit,קרדיולוגיה,"ד""ר צ'אוסובסקי גנדי","דרך בן גוריון 13, בני ברק",41.0,בני ברק
2026-07-30 15:10:42.000000,2026-09-10 00:00:00,clalit,קרדיולוגיה,"ד""ר יעקובוב רומן","הרב ניסנבאום 33, בת ים",42.0,בת ים
2026-07-30 15:10:42.000000,2026-09-14 00:00:00,clalit,קרדיולוגיה,"ד""ר קרוצ'ין אירן","דרך בן גוריון 13, בני ברק",46.0,בני ברק
2026-07-30 15:10:42.000000,2026-09-15 00:00:00,clalit,קרדיולוגיה,"ד""ר טורובסקי ארקדי","הרב ניסנבאום 33, בת ים",47.0,בת ים
2026-07-30 15:10:42.000000,2026-09-17 00:00:00,clalit,קרדיולוגיה,"ד""ר גולדרין יבגני","נעמי שמר 15, חולון",49.0,חולון
2026-07-30 15:10:42.000000,2026-09-20 00:00:00,clalit,קרדיולוגיה,"ד""ר מרקושמר אילן עמו","נעמי שמר 15, חולון",52.0,חולון
2026-07-30 15:10:42.000000,2026-09-28 00:00:00,clalit,קרדיולוגיה,"ד""ר קדמון אהוד","דרך בן גוריון 13, בני ברק",60.0,בני ברק
2026-07-30 15:10:42.000000,2026-10-04 00:00:00,clalit,קרדיולוגיה,"ד""ר המר יואב","דרך בן גוריון 13, בני ברק",66.0,בני ברק
2026-07-30 15:10:42.000000,2026-10-07 00:00:00,clalit,קרדיולוגיה,"ד""ר טורובסקי ארקדי","נעמי שמר 15, חולון",69.0,חולון
2026-07-30 15:10:42.000000,2026-10-08 00:00:00,clalit,קרדיולוגיה,"ד""ר בינר סימון","נעמי שמר 15, חולון",70.0,חולון
2026-07-30 15:10:42.000000,2026-10-18 00:00:00,clalit,קרדיולוגיה,"ד""ר ארנסון יואב","רמב''ם 1, הרצליה",80.0,הרצליה
2026-07-30 15:10:43.000000,2026-10-18 00:00:00,clalit,קרדיולוגיה,"ד""ר דקה סמיר","רמב''ם 1, הרצליה",80.0,הרצליה
2026-07-30 15:10:43.000000,2026-10-18 00:00:00,clalit,קרדיולוגיה,"ד""ר חאסקיה עבד אל ר","רמב''ם 1, הרצליה",80.0,הרצליה
2026-07-30 15:10:43.000000,2026-10-19 00:00:00,clalit,קרדיולוגיה,"ד""ר חלפין ולבל זאב","נעמי שמר 15, חולון",81.0,חולון
2026-07-30 15:10:43.000000,2026-10-20 00:00:00,clalit,קרדיולוגיה,"ד""ר ברלין טטיאנה","רמב''ם 1, הרצליה",82.0,הרצליה
2026-07-30 15:10:43.000000,2026-11-10 00:00:00,clalit,קרדיולוגיה,פרופ' יעקובישוילי זאזא,"נעמי שמר 15, חולון",103.0,חולון
2026-07-30 15:10:43.000000,,clalit,קרדיולוגיה,"רופא מבי""ח","נעמי שמר 15, חולון",,חולון
2026-07-30 15:10:43.000000,,clalit,קרדיולוגיה,"ד""ר מונקיאר דניאל אל","רמב''ם 1, הרצליה",,הרצליה
2026-07-30 15:10:43.000000,2026-09-02 00:00:00,clalit,ראומטולוגיה,"ד""ר שי אהרוני חגית","אבן גבירול 124, תל אביב יפו",34.0,תל אביב יפו
2026-07-30 15:10:43.000000,2026-09-03 00:00:00,clalit,ראומטולוגיה,"ד""ר קמחי עודד","אבן גבירול 124, תל אביב יפו",35.0,תל אביב יפו
2026-07-30 15:10:43.000000,2026-09-14 00:00:00,clalit,ראומטולוגיה,"רופא בי""ח","וייצמן 10, תל אביב יפו",46.0,תל אביב יפו
2026-07-30 15:10:43.000000,2026-10-04 00:00:00,clalit,ראומטולוגיה,"רופא בי""ח 1","וייצמן 10, תל אביב יפו",66.0,תל אביב יפו
2026-07-30 15:10:43.000000,,clalit,ראומטולוגיה,"ד""ר שיפטר תאודור","דרך בן גוריון 13, בני ברק",,בני ברק
2026-07-30 15:10:44.000000,2026-08-02 00:00:00,clalit,שקיפות עורפית- עובר,"ד""ר דרוקר ליאור","אבא אחימאיר 18, תל אביב יפו",3.0,תל אביב יפו
2026-07-30 15:10:44.000000,2026-09-09 00:00:00,clalit,שקיפות עורפית- עובר,"ד""ר דקל איל","אבא אחימאיר 18, תל אביב יפו",41.0,תל אביב יפו
2026-07-30 15:10:44.000000,2026-09-14 00:00:00,clalit,שקיפות עורפית- עובר,"ד""ר ארליך אורי","אבא אחימאיר 18, תל אביב יפו",46.0,תל אביב יפו
2026-07-30 15:10:44.000000,2026-09-14 00:00:00,clalit,שקיפות עורפית- עובר,"ד""ר דקל איל","נירים 3, תל אביב יפו",46.0,תל אביב יפו
2026-07-30 15:10:44.000000,,clalit,שקיפות עורפית- עובר,שמעוני יוחנן חו,"נירים 3, תל אביב יפו",,תל אביב יפו
2026-07-30 15:10:44.000000,2026-08-06 00:00:00,clalit,שקיפות עורפית- עובר,"ד""ר חייקין אלכסנדר","וייצמן 83, כפר סבא",7.0,כפר סבא
2026-07-30 15:10:44.000000,2026-08-23 00:00:00,clalit,שקיפות עורפית- עובר,"ד""ר אלפרט יואב","וייצמן 83, כפר סבא",24.0,כפר סבא
2026-07-30 15:10:44.000000,2026-08-30 00:00:00,clalit,שקיפות עורפית- עובר,"ד""ר דקל איל","אריק איינשטיין 1, בת ים",31.0,בת ים
2026-07-30 15:10:44.000000,2026-08-30 00:00:00,clalit,שקיפות עורפית- עובר,"ד""ר פישמן גייל שירה","סשה ארגוב 23, רעננה",31.0,רעננה
2026-07-30 15:10:44.000000,2026-09-01 00:00:00,clalit,שקיפות עורפית- עובר,"ד""ר אבירם רמי","בן גוריון 22, הרצליה",33.0,הרצליה
2026-07-30 15:10:44.000000,2026-09-04 00:00:00,clalit,שקיפות עורפית- עובר,"ד""ר וולפרט אלדר","רפאל איתן 4, חולון",36.0,חולון
2026-07-30 15:10:44.000000,2026-09-07 00:00:00,clalit,שקיפות עורפית- עובר,"ד""ר אליגר נלי","רפאל איתן 4, חולון",39.0,חולון
2026-07-30 15:10:44.000000,2026-09-08 00:00:00,clalit,שקיפות עורפית- עובר,"ד""ר שרייבר חנוך","וייצמן 83, כפר סבא",40.0,כפר סבא
2026-07-30 15:10:44.000000,2026-09-08 00:00:00,clalit,שקיפות עורפית- עובר,"ד""ר שריג מנחם יצח","וייצמן 83, כפר סבא",40.0,כפר סבא
2026-07-30 15:10:45.000000,2026-09-09 00:00:00,clalit,שקיפות עורפית- עובר,"ד""ר אבנט חגי","בן גוריון 22, הרצליה",41.0,הרצליה
2026-07-30 15:10:45.000000,2026-09-20 00:00:00,clalit,שקיפות עורפית- עובר,"ד""ר חייקין אלכסנדר","בן גוריון 22, הרצליה",52.0,הרצליה
2026-07-31 00:34:48.252910,,maccabi,אולטרסאונד גינקולוגי ומיילדותי,דר יוסף גוהר,"תפוח 7, עומר",,עומר
2026-07-31 00:34:48.252910,,maccabi,אולטרסאונד נשים (על קול),דר יוסף גוהר,"תפוח 7, עומר",,עומר
2026-07-31 00:34:48.252910,2026-10-19 17:30:00,maccabi,אונקולוגיה,דר שולים שפיגל,"התקוה 4, באר שבע",80.0,באר שבע
2026-07-31 00:34:48.252910,2026-10-19 17:30:00,maccabi,אונקולוגיה - גידולי מערכת העיכול,דר שולים שפיגל,"התקוה 4, באר שבע",80.0,באר שבע
2026-07-31 00:34:48.252910,2026-08-20 19:40:00,maccabi,אונקולוגיה - גידולי עור,דר אלכס יעקובסון,"התקוה 4, באר שבע",20.0,באר שבע
2026-07-31 00:34:48.252910,2026-10-19 17:30:00,maccabi,אונקולוגיה - גידולי ריאה,דר שולים שפיגל,"התקוה 4, באר שבע",80.0,באר שבע
2026-07-31 00:34:48.252910,2026-10-19 17:30:00,maccabi,אונקולוגיה - גידולי שד,דר שולים שפיגל,"התקוה 4, באר שבע",80.0,באר שבע
2026-07-31 00:34:48.252910,2026-10-19 17:30:00,maccabi,אונקולוגיה - גידולים אורולוגים,דר שולים שפיגל,"התקוה 4, באר שבע",80.0,באר שבע
2026-07-31 00:34:48.252910,,maccabi,אורוגינקולוגיה,דר אלעד לרון,"פריאר רחה 9, באר שבע",,באר שבע
2026-07-31 00:34:48.252910,2026-09-07 13:00:00,maccabi,אורולוגיה,דר עדית דובי סובול,"פריאר רחה 9, באר שבע",38.0,באר שבע
2026-07-31 00:34:48.252910,2026-09-02 17:28:00,maccabi,אורולוגיה,דר לאוניד לוביק,"התקוה 4, באר שבע",33.0,באר שבע
2026-07-31 00:34:48.252910,2026-08-26 08:20:00,maccabi,אורולוגיה,דר איגור איידלברג,"התקוה 4, באר שבע",26.0,באר שבע
2026-07-31 00:34:48.252910,2026-09-02 16:00:00,maccabi,אורולוגיה,דר אנדרה נאולנדר,"שד רגר יצחק 22, באר שבע",33.0,באר שבע
2026-07-31 00:34:48.252910,,maccabi,אורולוגיה,דר עדית דובי סובול,"שד גולדה מאיר 20, דימונה",,דימונה
2026-07-31 00:34:48.252910,2026-08-27 17:54:00,maccabi,אורולוגיה,פרופ אולג קגן,"הרב עובדיה יוסף 10, אופקים",27.0,אופקים
2026-07-31 00:34:48.252910,2026-08-26 15:40:00,maccabi,אורולוגיה,דר אנטולי גולדברג,"שמעון 13, ערד",26.0,ערד
2026-07-31 00:34:48.252910,2026-08-25 09:00:00,maccabi,אורולוגיה,דר אולג לוי,"שמעון 13, ערד",25.0,ערד
2026-07-31 00:34:48.252910,,maccabi,אורולוגיה,דר עדית דובי סובול,"בורנשטיין צבי 199, ירוחם",,ירוחם
2026-07-31 00:34:48.252910,2026-09-03 15:00:00,maccabi,אורולוגיה,פרופ אולג קגן,"שד ירושלים 18, נתיבות",34.0,נתיבות
2026-07-31 00:34:48.252910,2026-09-03 11:24:00,maccabi,אורולוגיה,דר עדית דובי סובול,"גני טל 2, נתיבות",34.0,נתיבות
2026-07-31 00:34:48.252910,2026-09-01 15:20:00,maccabi,אורולוגיה,דר אולג לוי,"שד העצמאות 64, קריית גת",32.0,קריית גת
2026-07-31 00:34:48.252910,2026-08-18 11:20:00,maccabi,אורולוגיה,דר נדאל סומירה,"שד העצמאות 64, קריית גת",18.0,קריית גת
2026-07-31 00:34:48.252910,2026-10-02 08:00:00,maccabi,אורתופדיה,דר ראוף אלקרינאוי,"אל-קודס 7, לקיה",63.0,לקיה
2026-07-31 00:34:48.252910,,maccabi,אורתופדיה,דר שמואל קימיאגרוב,"פריאר רחה 9, באר שבע",,באר שבע
2026-07-31 00:34:48.252910,,maccabi,אורתופדיה,דר אלכסנדר גפטלר,"יחיל חיים 7, באר שבע",,באר שבע
2026-07-31 00:34:48.252910,,maccabi,אורתופדיה,דר רון בשוראי,"התקוה 4, באר שבע",,באר שבע
2026-07-31 00:34:48.252910,2026-08-11 08:40:00,maccabi,אורתופדיה,דר גדי חיים כהן,"התקוה 4, באר שבע",11.0,באר שבע
2026-07-31 00:34:48.252910,2026-08-18 17:10:00,maccabi,אורתופדיה,דר אלכסיי בונין,"התקוה 4, באר שבע",18.0,באר שבע
2026-07-31 00:34:48.252910,2026-10-18 15:30:00,maccabi,אורתופדיה,דר ולרי בילנקו,"התקוה 4, באר שבע",79.0,באר שבע
2026-07-31 00:34:48.252910,2026-09-28 11:18:00,maccabi,אורתופדיה,דר אורן צביאלי,"התקוה 4, באר שבע",59.0,באר שבע
2026-07-31 00:34:48.252910,,maccabi,אורתופדיה,דר מיכאל גוטמן,"התקוה 4, באר שבע",,באר שבע
2026-07-31 00:34:48.252910,,maccabi,אורתופדיה,דר רוברט שוורץ,"התקוה 4, באר שבע",,באר שבע
2026-07-31 00:34:48.252910,2026-12-20 08:48:00,maccabi,אורתופדיה,דר אלעד קרן,"התקוה 4, באר שבע",142.0,באר שבע
2026-07-31 00:34:48.252910,,maccabi,אורתופדיה,דר מחמד אל דאדא,"התקוה 4, באר שבע",,באר שבע
2026-07-31 00:34:48.252910,2026-12-24 17:20:00,maccabi,אורתופדיה,דר גריק בילנקו,"התקוה 4, באר שבע",146.0,באר שבע
2026-07-31 00:34:48.252910,2026-08-10 15:00:00,maccabi,אורתופדיה,דר ולרי בילנקו,"התקוה 4, באר שבע",10.0,באר שבע
2026-07-31 00:34:48.252910,,maccabi,אורתופדיה,דר מחמד אל דאדא,"מכבי שירותי בריאות, כסיפה",,כסיפה
2026-07-31 00:34:48.252910,2026-08-16 18:15:00,maccabi,אורתופדיה,דר וסים אל עברה,"מרכז מסחרי, רהט",16.0,רהט
2026-07-31 00:34:48.252910,2026-09-28 11:45:00,maccabi,אורתופדיה,דר נטע מימון,"שד גולדה מאיר 20, דימונה",59.0,דימונה
2026-07-31 00:34:48.252910,,maccabi,אורתופדיה,דר שמואל קימיאגרוב,"שד גולדה מאיר 20, דימונה",,דימונה
2026-07-31 00:34:48.252910,2026-09-28 08:20:00,maccabi,אורתופדיה,דר דניאל אבדייב,"שד גולדה מאיר 20, דימונה",59.0,דימונה
2026-07-31 00:34:48.252910,,maccabi,אורתופדיה,דר אייל פורמן,"שד הרצל 36, אופקים",,אופקים
2026-07-31 00:34:48.252910,,maccabi,אורתופדיה,דר שמואל קימיאגרוב,"שד הרצל 36, אופקים",,אופקים
2026-07-31 00:34:48.252910,,maccabi,אורתופדיה,דר דניאל אבדייב,"שד הרצל 36, אופקים",,אופקים
2026-07-31 00:34:48.252910,2026-10-07 12:00:00,maccabi,אורתופדיה,דר מוחמד אבו תיר,"שמעון 13, ערד",68.0,ערד
2026-07-31 00:34:48.252910,,maccabi,אורתופדיה, אורתופדים מרפאת,"שמעון 13, ערד",,ערד
2026-07-31 00:34:48.252910,,maccabi,אורתופדיה,דר גריק בילנקו,"שמעון 13, ערד",,ערד
2026-07-31 00:34:48.252910,2026-09-16 08:10:00,maccabi,אורתופדיה,דר מוחמד אבו תיר,"שמעון 13, ערד",47.0,ערד
2026-07-31 00:34:48.252910,2026-08-27 17:40:00,maccabi,אורתופדיה,דר מחמד אל דאדא,"שמעון 13, ערד",27.0,ערד
2026-07-31 00:34:48.252910,2026-12-03 14:10:00,maccabi,אורתופדיה,דר רפאל אדינייב,"אליהו אילוז 2, נתיבות",125.0,נתיבות
2026-07-31 00:34:48.252910,,maccabi,אורתופדיה,דר אייל פורמן,"אליהו אילוז 2, נתיבות",,נתיבות
2026-07-31 00:34:48.252910,,maccabi,אורתופדיה,דר מיכאל עמנואל,"אליהו אילוז 2, נתיבות",,נתיבות
2026-07-31 00:34:48.252910,,maccabi,אורתופדיה,דר סטניסלב קליוץ',"גני טל 2, נתיבות",,נתיבות
2026-07-31 00:34:48.252910,2026-10-08 09:10:00,maccabi,אורתופדיה,דר מיכאל ליבשיץ,"שד העצמאות 64, קריית גת",69.0,קריית גת
2026-07-31 00:34:48.252910,2026-10-05 13:30:00,maccabi,אורתופדיה,דר גדי חיים כהן,"שד העצמאות 64, קריית גת",66.0,קריית גת
2026-07-31 00:34:48.252910,2026-09-27 08:20:00,maccabi,אורתופדיה,דר אחמד אבוטיר,"שד העצמאות 64, קריית גת",58.0,קריית גת
2026-07-31 00:34:48.252910,,maccabi,אורתופדיה,דר אלכסנדר בוקי,"אדוריים 101, קריית גת",,קריית גת
2026-07-31 00:34:48.252910,2026-10-04 16:20:00,maccabi,אורתופדיה,דר שלומי בולקובשטיין,"נתיבות שלום 16, קריית גת",65.0,קריית גת
2026-07-31 00:34:48.252910,,maccabi,אורתופדיה אונקולוגית,פרופ יהודה קולנדר,"יחיל חיים 7, באר שבע",,באר שבע
2026-07-31 00:34:48.252910,2026-08-11 08:40:00,maccabi,אורתופדיה ברכיים,דר גדי חיים כהן,"התקוה 4, באר שבע",11.0,באר שבע
2026-07-31 00:34:48.252910,2026-10-05 13:30:00,maccabi,אורתופדיה ברכיים,דר גדי חיים כהן,"שד העצמאות 64, קריית גת",66.0,קריית גת
2026-07-31 00:34:48.252910,2026-08-18 17:10:00,maccabi,אורתופדיה החלפות מפרקים,דר אלכסיי בונין,"התקוה 4, באר שבע",18.0,באר שבע
2026-07-31 00:34:48.252910,2026-10-18 15:30:00,maccabi,אורתופדיה החלפות מפרקים,דר ולרי בילנקו,"התקוה 4, באר שבע",79.0,באר שבע
2026-07-31 00:34:48.252910,2026-08-10 15:00:00,maccabi,אורתופדיה החלפות מפרקים,דר ולרי בילנקו,"התקוה 4, באר שבע",10.0,באר שבע
2026-07-31 00:34:48.252910,2026-09-28 11:18:00,maccabi,אורתופדיה מרפק וכתף,דר אורן צביאלי,"התקוה 4, באר שבע",59.0,באר שבע
2026-07-31 00:34:48.252910,,maccabi,אורתופדיה עמוד שדרה,דר אלכסנדר גפטלר,"יחיל חיים 7, באר שבע",,באר שבע
2026-07-31 00:34:48.252910,,maccabi,אורתופדיה קרסול וכף רגל,דר מיכאל גוטמן,"התקוה 4, באר שבע",,באר שבע
2026-07-31 00:34:48.252910,,maccabi,אורתופדיה של היד,דר סטניסלב קליוץ',"גני טל 2, נתיבות",,נתיבות
2026-07-31 00:34:48.252910,2026-09-28 11:18:00,maccabi,אורתופדית כתף,דר אורן צביאלי,"התקוה 4, באר שבע",59.0,באר שבע
2026-07-31 00:34:48.252910,2026-10-13 16:54:00,maccabi,אימונולוגיה/אלרגולוגיה,דר ליאת נחשון,"התקוה 4, באר שבע",74.0,באר שבע
2026-07-31 00:34:48.252910,,maccabi,אימונולוגיה/אלרגולוגיה,דר נעמה אפשטיין רגבי,"אדוריים 101, קריית גת",,קריית גת
2026-07-31 00:34:48.252910,,maccabi,אנדוקרינולוגיה,פרופ יאיר ליאל,"התקוה 4, באר שבע",,באר שבע
2026-07-31 00:34:48.252910,2027-01-25 12:00:00,maccabi,אנדוקרינולוגיה,דר יבגניה טודוסוי,"התקוה 4, באר שבע",178.0,באר שבע
2026-07-31 00:34:48.252910,2026-12-01 08:50:00,maccabi,אנדוקרינולוגיה,דר יונתן ארבל,"התקוה 4, באר שבע",123.0,באר שבע
2026-07-31 00:34:48.252910,,maccabi,אנדוקרינולוגיה,דר מיכל לוין,"התקוה 4, באר שבע",,באר שבע
2026-07-31 00:34:48.252910,2026-12-22 17:15:00,maccabi,אנדוקרינולוגיה,דר נטע לבנטל,"התקוה 4, באר שבע",144.0,באר שבע
2026-07-31 00:34:48.252910,2026-10-28 08:30:00,maccabi,אנדוקרינולוגיה,דר דיינה כהן,"התקוה 4, באר שבע",89.0,באר שבע
2026-07-31 00:34:48.252910,2026-08-13 16:00:00,maccabi,אנדוקרינולוגיה,דר ילנה חנינה,"שד רגר יצחק 22, באר שבע",13.0,באר שבע
2026-07-31 00:34:48.252910,2026-08-20 13:00:00,maccabi,אנדוקרינולוגיה,דר אורלי אריאס גוטמן,"שד גולדה מאיר 20, דימונה",20.0,דימונה
2026-07-31 00:34:48.252910,,maccabi,אנדוקרינולוגיה,דר אלון פרפל,"גני טל 2, נתיבות",,נתיבות
2026-07-31 00:34:48.252910,2026-11-18 09:30:00,maccabi,אנדוקרינולוגיה,דר יונתן ארבל,"שד העצמאות 64, קריית גת",110.0,קריית גת
2026-07-31 00:34:48.252910,2026-11-25 10:00:00,maccabi,אף אוזן וגרון,דר גדי ספיר,"שד רגר יצחק 53/2, באר שבע",117.0,באר שבע
2026-07-31 00:34:48.252910,2026-12-06 08:50:00,maccabi,אף אוזן וגרון,דר גדי ספיר,"התקוה 4, באר שבע",128.0,באר שבע
2026-07-31 00:34:48.252910,2026-10-13 19:10:00,maccabi,אף אוזן וגרון,פרופ מרדכי קראוס,"התקוה 4, באר שבע",74.0,באר שבע
2026-07-31 00:34:48.252910,2026-10-22 10:06:00,maccabi,אף אוזן וגרון,דר אנג'ליקה יעל מימרן פררה,"התקוה 4, באר שבע",83.0,באר שבע
2026-07-31 00:34:48.252910,,maccabi,אף אוזן וגרון,דר עבד אלמג'יד אבו אלהיג'א,"התקוה 4, באר שבע",,באר שבע
2026-07-31 00:34:48.252910,2026-10-28 14:10:00,maccabi,אף אוזן וגרון,דר פנחס ספיר,"התקוה 4, באר שבע",89.0,באר שבע
2026-07-31 00:34:48.252910,2026-08-02 11:00:00,maccabi,אף אוזן וגרון,דר נילי סגל,"החלוץ 123, באר שבע",2.0,באר שבע
2026-07-31 00:34:48.252910,,maccabi,אף אוזן וגרון,דר סופיה קורדליוק,"לרון אפרים 112, באר שבע",,באר שבע
2026-07-31 00:34:48.252910,2026-11-26 08:10:00,maccabi,אף אוזן וגרון,דר הלייל אבופריח,"מרכז מסחרי, רהט",118.0,רהט
2026-07-31 00:34:48.252910,2026-10-14 07:40:00,maccabi,אף אוזן וגרון,דר פנחס ספיר,"שד גולדה מאיר 20, דימונה",75.0,דימונה
2026-07-31 00:34:48.252910,2026-09-17 12:50:00,maccabi,אף אוזן וגרון,פרופ מרדכי קראוס,"הרב עובדיה יוסף 10, אופקים",48.0,אופקים
2026-07-31 00:34:48.252910,2026-11-30 18:20:00,maccabi,אף אוזן וגרון,פרופ מרדכי קראוס,"שמעון 13, ערד",122.0,ערד
2026-07-31 00:34:48.252910,2027-01-31 11:10:00,maccabi,אף אוזן וגרון,דר סופיה קורדליוק,"שמעון 13, ערד",184.0,ערד
2026-07-31 00:34:48.252910,,maccabi,אף אוזן וגרון,דר שניר בר,"גני טל 2, נתיבות",,נתיבות
2026-07-31 00:34:48.252910,2026-10-15 15:00:00,maccabi,אף אוזן וגרון,דר הלייל אבופריח,"שד העצמאות 64, קריית גת",76.0,קריית גת
2026-07-31 00:34:48.252910,2026-10-05 09:15:00,maccabi,אף אוזן וגרון,דר חיים לבון,"שד העצמאות 64, קריית גת",66.0,קריית גת
2026-07-31 00:34:48.252910,2026-10-04 16:10:00,maccabi,אף אוזן וגרון,דר אברהם בושלאוויטש,"שד העצמאות 64, קריית גת",65.0,קריית גת
2026-07-31 00:34:48.252910,,maccabi,בדיקות קרדיולוגיות, אסותא  באר שבע מרפאת בית חולים,"יחיל חיים 7, באר שבע",,באר שבע
2026-07-31 00:34:48.252910,,maccabi,גינקולוגיה אונקולוגית,דר מיחאי מאירוביץ,"בן צבי יצחק 10, באר שבע",,באר שבע
2026-07-31 00:34:48.252910,,maccabi,גינקולוגיה אונקולוגית,דר עמית מאיר,"בן צבי יצחק 10, באר שבע",,באר שבע
2026-07-31 00:34:48.252910,2026-08-30 17:00:00,maccabi,גינקולוגיה/נשים,דר נועה שגית ליבוביץ הללויה,"שדרות המייסדים 1, מיתר",30.0,מיתר
2026-07-31 00:34:48.252910,2026-11-11 13:00:00,maccabi,גינקולוגיה/נשים,דר מרים ארנברג,"דרורית 133, מיתר",103.0,מיתר
2026-07-31 00:34:48.252910,2026-08-06 13:10:00,maccabi,גינקולוגיה/נשים,דר לובנא זועבי סלמאן,"אל-קודס 7, לקיה",6.0,לקיה
2026-07-31 00:34:48.252910,2026-10-02 08:50:00,maccabi,גינקולוגיה/נשים,דר חני פל,"דפנה 10, עומר",63.0,עומר
2026-07-31 00:34:48.252910,,maccabi,גינקולוגיה/נשים,דר ורד קלייטמן מאיר,"דפנה 10, עומר",,עומר
2026-07-31 00:34:48.252910,2026-09-03 13:36:00,maccabi,גינקולוגיה/נשים,דר איתן לויטס,"יהודה הנחתום 6, באר שבע",34.0,באר שבע
2026-07-31 00:34:48.252910,2026-08-27 16:00:00,maccabi,גינקולוגיה/נשים,דר דניאל קבוט,"נחל פרת 20, באר שבע",27.0,באר שבע
2026-07-31 00:34:48.252910,,maccabi,גינקולוגיה/נשים,דר יוסף שטופמאכר,"שינדלר אוסקר 32, באר שבע",,באר שבע
2026-07-31 00:34:48.252910,,maccabi,גינקולוגיה/נשים,דר אילן שוורץ,"התקוה 4, באר שבע",,באר שבע
2026-07-31 00:34:48.252910,2026-10-18 11:45:00,maccabi,גינקולוגיה/נשים,דר ליליאנה אביר,"התקוה 4, באר שבע",79.0,באר שבע
2026-07-31 00:34:48.252910,2026-09-14 10:45:00,maccabi,גינקולוגיה/נשים,דר דב קרול,"התקוה 4, באר שבע",45.0,באר שבע
2026-07-31 00:34:48.252910,2026-12-08 11:00:00,maccabi,גינקולוגיה/נשים,דר ברכה ברקאי,"התקוה 4, באר שבע",130.0,באר שבע
2026-07-31 00:34:48.252910,2026-08-27 15:00:00,maccabi,גינקולוגיה/נשים,דר איליה בורד,"בן צבי יצחק 11, באר שבע",27.0,באר שבע
2026-07-31 00:34:48.252910,,maccabi,גינקולוגיה/נשים,דר מיחאי מאירוביץ,"התקוה 4, באר שבע",,באר שבע
2026-07-31 00:34:48.252910,2026-09-14 09:15:00,maccabi,גינקולוגיה/נשים,דר איתן מרדכי,"התקוה 4, באר שבע",45.0,באר שבע
2026-07-31 00:34:48.252910,2026-11-03 12:48:00,maccabi,גינקולוגיה/נשים,פרופ טלי זילברשטיין,"התקוה 4, באר שבע",95.0,באר שבע
2026-07-31 00:34:48.252910,2026-10-14 08:50:00,maccabi,גינקולוגיה/נשים,דר חני פל,"התקוה 4, באר שבע",75.0,באר שבע
2026-07-31 00:34:48.252910,,maccabi,גינקולוגיה/נשים,פרופ רועי קסוס,"התקוה 4, באר שבע",,באר שבע
2026-07-31 00:34:48.252910,2027-01-05 07:30:00,maccabi,גינקולוגיה/נשים,דר ורד קלייטמן מאיר,"התקוה 4, באר שבע",158.0,באר שבע
2026-07-31 00:34:48.252910,,maccabi,גינקולוגיה/נשים,דר נעמה שטיינר,"התקוה 4, באר שבע",,באר שבע
2026-07-31 00:34:48.252910,2026-08-18 12:00:00,maccabi,גינקולוגיה/נשים,דר אוהד כץ,"התקוה 4, באר שבע",18.0,באר שבע
2026-07-31 00:34:48.252910,,maccabi,גינקולוגיה/נשים,דר אחמט נמזוב,"התקוה 4, באר שבע",,באר שבע
2026-07-31 00:34:48.252910,2026-11-05 08:45:00,maccabi,גינקולוגיה/נשים,דר מרים ארנברג,"התקוה 4, באר שבע",97.0,באר שבע
2026-07-31 00:34:48.252910,,maccabi,גינקולוגיה/נשים,דר גיל גוטווירץ,"התקוה 4, באר שבע",,באר שבע
2026-07-31 00:34:48.252910,,maccabi,גינקולוגיה/נשים,דר דב בכר,"התקוה 4, באר שבע",,באר שבע
2026-07-31 00:34:48.252910,,maccabi,גינקולוגיה/נשים,דר אמיר שניר,"התקוה 4, באר שבע",,באר שבע
2026-07-31 00:34:48.252910,2026-08-25 16:40:00,maccabi,גינקולוגיה/נשים,דר אסף זאגא,"התקוה 4, באר שבע",25.0,באר שבע
2026-07-31 00:34:48.252910,,maccabi,גינקולוגיה/נשים,דר גיל גוטווירץ,"התקוה 4, באר שבע",,באר שבע
2026-07-31 00:34:48.252910,,maccabi,גינקולוגיה/נשים,דר מוחמד שלבי,"התקוה 4, באר שבע",,באר שבע
2026-07-31 00:34:48.252910,2026-09-08 14:00:00,maccabi,גינקולוגיה/נשים,דר אלכסנדר אליושין,"שד רגר יצחק 11, באר שבע",39.0,באר שבע
2026-07-31 00:34:48.252910,2026-09-23 13:00:00,maccabi,גינקולוגיה/נשים,דר מרים ארנברג,"מועצה אזורית הר חברון, מיתרים",54.0,מיתרים
2026-07-31 00:34:48.252910,,maccabi,גינקולוגיה/נשים,דר אילן שוורץ,"רובינא חנה 22, באר שבע",,באר שבע
2026-07-31 00:34:48.252910,,maccabi,גינקולוגיה/נשים,דר יוסף שטופמאכר,"יוהנה ז'בוטינסקי 30, באר שבע",,באר שבע
2026-07-31 00:34:48.252910,2026-09-27 07:15:00,maccabi,גינקולוגיה/נשים,דר יוסף גוהר,"לרון אפרים 112, באר שבע",58.0,באר שבע
2026-07-31 00:34:48.252910,2026-08-28 08:00:00,maccabi,גינקולוגיה/נשים,דר לובנא זועבי סלמאן,"מכבי שירותי בריאות, כסיפה",28.0,כסיפה
2026-07-31 00:34:48.252910,2026-10-10 08:45:00,maccabi,גינקולוגיה/נשים,דר ג'ומאנה עזאם סלאמה,"שכונה 4 140, רהט",71.0,רהט
2026-07-31 00:34:48.252910,2026-08-21 08:00:00,maccabi,גינקולוגיה/נשים,דר לובנא זועבי סלמאן,"מרכז מסחרי, רהט",21.0,רהט
2026-07-31 00:34:48.252910,2026-09-02 09:45:00,maccabi,גינקולוגיה/נשים,דר לובנא זועבי סלמאן,"רמח''ל 113, תפרח",33.0,תפרח
2026-07-31 00:34:48.252910,2026-11-23 11:45:00,maccabi,גינקולוגיה/נשים,דר ברכה ברקאי,"שד גולדה מאיר 20, דימונה",115.0,דימונה
2026-07-31 00:34:48.252910,2026-08-16 13:50:00,maccabi,גינקולוגיה/נשים,דר יוסף גוהר,"שד גולדה מאיר 20, דימונה",16.0,דימונה
2026-07-31 00:34:48.252910,2026-08-10 14:30:00,maccabi,גינקולוגיה/נשים,דר איליה בורד,"שד גולדה מאיר 20, דימונה",10.0,דימונה
2026-07-31 00:34:48.252910,,maccabi,גינקולוגיה/נשים,דר יאנה ויניקוב,"שד גולדה מאיר 20, דימונה",,דימונה
2026-07-31 00:34:48.252910,2026-08-12 09:00:00,maccabi,גינקולוגיה/נשים,דר איתן לויטס,"שד גולדה מאיר 20, דימונה",12.0,דימונה
2026-07-31 00:34:48.252910,2026-08-18 17:45:00,maccabi,גינקולוגיה/נשים,דר אלכסנדר סורקין,"בן איש חי 1530, אופקים",18.0,אופקים
2026-07-31 00:34:48.252910,2026-10-29 11:00:00,maccabi,גינקולוגיה/נשים,דר ברכה ברקאי,"שד הרצל 36, אופקים",90.0,אופקים
2026-07-31 00:34:48.252910,2026-08-23 18:00:00,maccabi,גינקולוגיה/נשים,דר ארקדי ורשבסקי,"שד הרצל 36, אופקים",23.0,אופקים
2026-07-31 00:34:48.252910,,maccabi,גינקולוגיה/נשים,דר בתאל חמו,"שד הרצל 36, אופקים",,אופקים
2026-07-31 00:34:48.252910,,maccabi,גינקולוגיה/נשים,דר ופא שביטה,"הרב עובדיה יוסף 10, אופקים",,אופקים
2026-07-31 00:34:48.252910,2026-10-13 15:30:00,maccabi,גינקולוגיה/נשים,דר ורד קלייטמן מאיר,"הרב עובדיה יוסף 10, אופקים",74.0,אופקים
2026-07-31 00:34:48.252910,2026-08-05 15:45:00,maccabi,גינקולוגיה/נשים,דר אנטון גסקין,"בן יאיר אלעזר 39, ערד",5.0,ערד
2026-07-31 00:34:48.252910,2026-09-08 07:15:00,maccabi,גינקולוגיה/נשים,דר אבי גלון,"בן יאיר אלעזר 39, ערד",39.0,ערד
2026-07-31 00:34:48.252910,2026-09-17 18:15:00,maccabi,גינקולוגיה/נשים,דר אאוריקה גורכוב,"בן יאיר אלעזר 39, ערד",48.0,ערד
2026-07-31 00:34:48.252910,2026-10-29 07:15:00,maccabi,גינקולוגיה/נשים,דר מרים ארנברג,"בן יאיר אלעזר 39, ערד",90.0,ערד
2026-07-31 00:34:48.252910,2026-09-11 09:36:00,maccabi,גינקולוגיה/נשים,דר יבגניה גרינשטט,"בן יאיר אלעזר 39, ערד",42.0,ערד
2026-07-31 00:34:48.252910,,maccabi,גינקולוגיה/נשים,דר חני פל,"בן יאיר אלעזר 39, ערד",,ערד
2026-07-31 00:34:48.252910,,maccabi,גינקולוגיה/נשים,דר עדי קופרמן-שני,"בן יאיר אלעזר 39, ערד",,ערד
2026-07-31 00:34:48.252910,2026-08-26 12:00:00,maccabi,גינקולוגיה/נשים,דר יונתן דרור,"בן יאיר אלעזר 39, ערד",26.0,ערד
2026-07-31 00:34:48.252910,2026-08-18 09:10:00,maccabi,גינקולוגיה/נשים,דר יוסף גוהר,"בורנשטיין צבי 199, ירוחם",18.0,ירוחם
2026-07-31 00:34:48.252910,2026-09-08 11:24:00,maccabi,גינקולוגיה/נשים,דר איתן לויטס,"בעלי מלאכה 1, נתיבות",39.0,נתיבות
2026-07-31 00:34:48.252910,2026-09-07 16:30:00,maccabi,גינקולוגיה/נשים,דר רעות שר שלום,"מועצה אזורית רמת הנגב, רמת הנגב",38.0,רמת הנגב
2026-07-31 00:34:48.252910,2026-11-02 12:00:00,maccabi,גינקולוגיה/נשים,דר סוניה פוקס,"אליהו אילוז 2, נתיבות",94.0,נתיבות
2026-07-31 00:34:48.252910,2026-11-12 09:00:00,maccabi,גינקולוגיה/נשים,דר לובנא זועבי סלמאן,"אליהו אילוז 2, נתיבות",104.0,נתיבות
2026-07-31 00:34:48.252910,2026-08-16 09:30:00,maccabi,גינקולוגיה/נשים,דר דב בכר,"אליהו אילוז 2, נתיבות",16.0,נתיבות
2026-07-31 00:34:48.252910,2026-11-23 14:45:00,maccabi,גינקולוגיה/נשים,דר בתאל חמו,"אליהו אילוז 2, נתיבות",115.0,נתיבות
2026-07-31 00:34:48.252910,2026-09-22 10:45:00,maccabi,גינקולוגיה/נשים,דר דניאל קבוט,"גני טל 2, נתיבות",53.0,נתיבות
2026-07-31 00:34:48.252910,2026-10-16 12:15:00,maccabi,גינקולוגיה/נשים,דר יורי דרויאן,"גני טל 2, נתיבות",77.0,נתיבות
2026-07-31 00:34:48.252910,2026-10-28 12:30:00,maccabi,גינקולוגיה/נשים,דר ורד קלייטמן מאיר,"גני טל 2, נתיבות",89.0,נתיבות
2026-07-31 00:34:48.252910,2026-10-13 14:48:00,maccabi,גינקולוגיה/נשים,דר אילן שוורץ,"שד העצמאות 64, קריית גת",74.0,קריית גת
2026-07-31 00:34:48.252910,2026-09-07 16:00:00,maccabi,גינקולוגיה/נשים,דר מוריה קירשנר,"שד העצמאות 64, קריית גת",38.0,קריית גת
2026-07-31 00:34:48.252910,2026-09-07 11:15:00,maccabi,גינקולוגיה/נשים,דר אלונה דורון ללזרי,"שד העצמאות 64, קריית גת",38.0,קריית גת
2026-07-31 00:34:48.252910,2026-11-05 08:30:00,maccabi,גינקולוגיה/נשים,דר רעיה גקמן,"שדרות אבני החושן 1, קריית גת",97.0,קריית גת
2026-07-31 00:34:48.252910,2026-10-06 13:30:00,maccabi,גינקולוגיה/נשים,דר נתן סטולוביץ,"שדרות אבני החושן 1, קריית גת",67.0,קריית גת
2026-07-31 00:34:48.252910,2026-09-01 10:40:00,maccabi,גינקולוגיה/נשים,דר נתן סטולוביץ,"שדרות אבני החושן 1, קריית גת",32.0,קריית גת
2026-07-31 00:34:48.252910,,maccabi,גינקולוגיה/נשים,דר ליהי חן,"שדרות אבני החושן 1, קריית גת",,קריית גת
2026-07-31 00:34:48.252910,2026-08-10 14:50:00,maccabi,גינקולוגיה/נשים,דר אסנת רון טל פישר,"שדרות אבני החושן 1, קריית גת",10.0,קריית גת
2026-07-31 00:34:48.252910,2026-11-02 11:45:00,maccabi,גינקולוגיה/נשים,דר מירב נזר,"נתיבות שלום 16, קריית גת",94.0,קריית גת
2026-07-31 00:34:48.252910,2026-09-04 09:15:00,maccabi,גינקולוגיה/נשים,דר דן ניר,"נתיבות שלום 16, קריית גת",35.0,קריית גת
2026-07-31 00:34:48.252910,2026-08-06 15:00:00,maccabi,גינקולוגיה/נשים,דר דן ניר,"נתיבות שלום 16, קריית גת",6.0,קריית גת
2026-07-31 00:34:48.252910,2026-09-09 10:45:00,maccabi,גינקולוגיה/נשים,דר הילה דהן,"נתיבות שלום 16, קריית גת",40.0,קריית גת
2026-07-31 00:34:48.252910,,maccabi,גנטיקה,דר אריה קויפמן,"שד רגר יצחק 49, באר שבע",,באר שבע
2026-07-31 00:34:48.252910,,maccabi,גסטרואנטרולוגיה,דר אלכסנדר רוזנטל,"התקוה 4, באר שבע",,באר שבע
2026-07-31 00:34:48.252910,2026-10-18 08:00:00,maccabi,גסטרואנטרולוגיה,דר משה אריה אוברמן,"התקוה 4, באר שבע",79.0,באר שבע
2026-07-31 00:34:48.252910,2026-11-30 16:48:00,maccabi,גסטרואנטרולוגיה,דר דורון שוורץ,"התקוה 4, באר שבע",122.0,באר שבע
2026-07-31 00:34:48.252910,2027-04-05 16:15:00,maccabi,גסטרואנטרולוגיה,דר דניאלה מונטאנו,"התקוה 4, באר שבע",248.0,באר שבע
2026-07-31 00:34:48.252910,2026-10-12 15:40:00,maccabi,גסטרואנטרולוגיה,פרופ נעים אבו פריחה,"התקוה 4, באר שבע",73.0,באר שבע
2026-07-31 00:34:48.252910,,maccabi,גסטרואנטרולוגיה,דר ג'אבר אלקרינאוי,"התקוה 4, באר שבע",,באר שבע
2026-07-31 00:34:48.252910,,maccabi,גסטרואנטרולוגיה,דר אריק סגל,"התקוה 4, באר שבע",,באר שבע
2026-07-31 00:34:48.252910,2026-10-04 09:00:00,maccabi,גסטרואנטרולוגיה,דר מג'ד חדר,"התקוה 4, באר שבע",65.0,באר שבע
2026-07-31 00:34:48.252910,2026-10-11 09:20:00,maccabi,גסטרואנטרולוגיה,דר חורחה שמואל דלגדו,"התקוה 4, באר שבע",72.0,באר שבע
2026-07-31 00:34:48.252910,,maccabi,גסטרואנטרולוגיה,דר זלטה לרנר,"התקוה 4, באר שבע",,באר שבע
2026-07-31 00:34:48.252910,2026-10-11 15:40:00,maccabi,גסטרואנטרולוגיה,דר מג'ד חדר,"שד הרצל 36, אופקים",72.0,אופקים
2026-07-31 00:34:48.252910,2026-10-11 17:30:00,maccabi,גסטרואנטרולוגיה,דר חורחה שמואל דלגדו,"שמעון 13, ערד",72.0,ערד
2026-07-31 00:34:48.252910,2026-10-18 15:20:00,maccabi,גסטרואנטרולוגיה,דר מג'ד חדר,"אליהו אילוז 2, נתיבות",79.0,נתיבות
2026-07-31 00:34:48.252910,2026-10-20 10:00:00,maccabi,גסטרואנטרולוגיה,דר משה אריה אוברמן,"שד העצמאות 64, קריית גת",81.0,קריית גת
2026-07-31 00:34:48.252910,2026-09-07 10:20:00,maccabi,גסטרואנטרולוגיה,דר מג'ד חדר,"שד העצמאות 64, קריית גת",38.0,קריית גת
2026-07-31 00:34:48.252910,,maccabi,גסטרואנטרולוגיה,דר נוה פיירשטיין,"נתיבות שלום 16, קריית גת",,קריית גת
2026-07-31 00:34:48.252910,,maccabi,גריאטריה,דר ילנה רבייב,"התקוה 4, באר שבע",,באר שבע
2026-07-31 00:34:48.252910,,maccabi,גריאטריה,דר ולנטין יורקביץ,"התקוה 4, באר שבע",,באר שבע
2026-07-31 00:34:48.252910,,maccabi,גריאטריה,דר יבגני מקולין,"התקוה 4, באר שבע",,באר שבע
2026-07-31 00:34:48.252910,2027-02-08 14:45:00,maccabi,גריאטריה,דר ילנה רבייב,"שד גולדה מאיר 20, דימונה",192.0,דימונה
2026-07-31 00:34:48.252910,2026-12-02 11:00:00,maccabi,גריאטריה,דר ולנטין יורקביץ,"שד גולדה מאיר 20, דימונה",124.0,דימונה
2026-07-31 00:34:48.252910,2026-12-31 16:00:00,maccabi,גריאטריה,דר יבגני מקולין,"שד הרצל 36, אופקים",153.0,אופקים
2026-07-31 00:34:48.252910,2026-10-20 09:00:00,maccabi,גריאטריה,דר ולנטין יורקביץ,"שמעון 13, ערד",81.0,ערד
2026-07-31 00:34:48.252910,,maccabi,גריאטריה,דר ולנטין יורקביץ,"שד העצמאות 64, קריית גת",,קריית גת
2026-07-31 00:34:48.252910,,maccabi,המטואונקולוגיה,דר גל יום טוב,"התקוה 4, באר שבע",,באר שבע
2026-07-31 00:34:48.252910,2026-10-12 16:50:00,maccabi,המטואונקולוגיה,דר ויקטור קוזלוב,"התקוה 4, באר שבע",73.0,באר שבע
2026-07-31 00:34:48.252910,2026-10-05 10:50:00,maccabi,המטואונקולוגיה,דר איגור קורסונסקי,"התקוה 4, באר שבע",66.0,באר שבע
2026-07-31 00:34:48.252910,,maccabi,המטולוגיה,דר גל יום טוב,"התקוה 4, באר שבע",,באר שבע
2026-07-31 00:34:48.252910,2026-10-12 16:50:00,maccabi,המטולוגיה,דר ויקטור קוזלוב,"התקוה 4, באר שבע",73.0,באר שבע
2026-07-31 00:34:48.252910,2026-10-05 10:50:00,maccabi,המטולוגיה,דר איגור קורסונסקי,"התקוה 4, באר שבע",66.0,באר שבע
2026-07-31 00:34:48.252910,,maccabi,הפרעת קשב ופעלתנות יתר במבוגרים, רופאים מרפאת,", אונליין בווידאו",,אונליין בווידאו
2026-07-31 00:34:48.252910,,maccabi,הפרעת קשב ופעלתנות יתר במבוגרים,דר מנשה מני עמראן,"שדרות המייסדים 1, מיתר",,מיתר
2026-07-31 00:34:48.252910,2026-11-15 12:00:00,maccabi,הפרעת קשב ופעלתנות יתר במבוגרים,דר זאב לוזון,"השלום 70, באר שבע",107.0,באר שבע
2026-07-31 00:34:48.252910,,maccabi,הפרעת קשב ופעלתנות יתר במבוגרים,דר מוחמד בדארנה,"פריאר רחה 9, באר שבע",,באר שבע
2026-07-31 00:34:48.252910,,maccabi,הפרעת קשב ופעלתנות יתר במבוגרים,דר ולדיסלבה גורמן,"פריאר רחה 9, באר שבע",,באר שבע
2026-07-31 00:34:48.252910,,maccabi,הפרעת קשב ופעלתנות יתר במבוגרים,דר אופיר זלצברג,"פריאר רחה 9, באר שבע",,באר שבע
2026-07-31 00:34:48.252910,,maccabi,הפרעת קשב ופעלתנות יתר במבוגרים,דר יאן יאנקובסקי,"פריאר רחה 9, באר שבע",,באר שבע
2026-07-31 00:34:48.252910,,maccabi,הפרעת קשב ופעלתנות יתר במבוגרים,דר אבראהים אבו סלאמה,"התקוה 4, באר שבע",,באר שבע
2026-07-31 00:34:48.252910,2027-01-14 13:30:00,maccabi,הפרעת קשב ופעלתנות יתר במבוגרים,דר איליה טרחטנברוייט,"התקוה 4, באר שבע",167.0,באר שבע
2026-07-31 00:34:48.252910,,maccabi,הפרעת קשב ופעלתנות יתר במבוגרים, נוירולוגית מרפאה,"התקוה 4, באר שבע",,באר שבע
2026-07-31 00:34:48.252910,2026-08-27 16:20:00,maccabi,הפרעת קשב ופעלתנות יתר במבוגרים,דר פלורנסיה דיאז גרמוי,"התקוה 4, באר שבע",27.0,באר שבע
2026-07-31 00:34:48.252910,,maccabi,הפרעת קשב ופעלתנות יתר במבוגרים,דר מייקל סטאר,"התקוה 4, באר שבע",,באר שבע
2026-07-31 00:34:48.252910,2026-11-02 11:10:00,maccabi,הפרעת קשב ופעלתנות יתר במבוגרים,דר הלנה קרבובסקי,"שד רגר יצחק 11, באר שבע",94.0,באר שבע
2026-07-31 00:34:48.252910,2027-03-10 16:00:00,maccabi,הפרעת קשב ופעלתנות יתר במבוגרים,דר סופיה יריש,"בית אל 31, באר שבע",222.0,באר שבע
2026-07-31 00:34:48.252910,,maccabi,הפרעת קשב ופעלתנות יתר במבוגרים,דר שחר חיים רובינזון,"שד גולדה מאיר 20, דימונה",,דימונה
2026-07-31 00:34:48.252910,2026-10-28 12:00:00,maccabi,הפרעת קשב ופעלתנות יתר במבוגרים,דר יצחק פייבל לויסמן,"שד הרצל 36, אופקים",89.0,אופקים
2026-07-31 00:34:48.252910,2026-08-12 09:00:00,maccabi,הפרעת קשב ופעלתנות יתר במבוגרים,דר אירנה מיטלמן,"שמעון 13, ערד",12.0,ערד
2026-07-31 00:34:48.252910,2026-12-21 18:20:00,maccabi,הפרעת קשב ופעלתנות יתר במבוגרים,דר אנדריי אובנניאן,"שמעון 13, ערד",143.0,ערד
2026-07-31 00:34:48.252910,,maccabi,הפרעת קשב ופעלתנות יתר במבוגרים,דר יוליה גיידוק,"בורנשטיין צבי 199, ירוחם",,ירוחם
2026-07-31 00:34:48.252910,2026-11-10 10:00:00,maccabi,הפרעת קשב ופעלתנות יתר במבוגרים,דר לאוניד קרבץ,"גני טל 2, נתיבות",102.0,נתיבות
2026-07-31 00:34:48.252910,,maccabi,הפרעת קשב ופעלתנות יתר במבוגרים,דר אירנה מיטלמן,"שד העצמאות 64, קריית גת",,קריית גת
2026-07-31 00:34:48.252910,2026-11-05 11:15:00,maccabi,הפרעת קשב ופעלתנות יתר במבוגרים,דר לאוניד קרבץ,"שד העצמאות 64, קריית גת",97.0,קריית גת
2026-07-31 00:34:48.252910,2026-08-24 14:35:00,maccabi,טיפול בכאב,דר אלון שלב,"שד העצמאות 64, קריית גת",24.0,קריית גת
2026-07-31 00:34:48.252910,,maccabi,ייעוץ מיני,דר יצחק בן ציון,"רותם 35, עומר",,עומר
2026-07-31 00:34:48.252910,2026-08-02 07:30:00,maccabi,ילדים,דר מנשה מני עמראן,"שדרות המייסדים 1, מיתר",2.0,מיתר
2026-07-31 00:34:48.252910,2026-08-17 10:15:00,maccabi,ילדים,דר רונן מאנקיטה,"שדרות המייסדים 1, מיתר",17.0,מיתר
2026-07-31 00:34:48.252910,2026-08-03 08:45:00,maccabi,ילדים,דר לודמילה פרילוצקי,"שדרות המייסדים 1, מיתר",3.0,מיתר
2026-07-31 00:34:48.252910,2026-08-02 08:00:00,maccabi,ילדים,דר יקטרינה שטרמן,"שדרות המייסדים 1, מיתר",2.0,מיתר
2026-07-31 00:34:48.252910,2026-08-02 08:00:00,maccabi,ילדים,דר אחמד אלשייך,"דפנה 10, עומר",2.0,עומר
2026-07-31 00:34:48.252910,2026-08-02 08:00:00,maccabi,ילדים,דר אווה סטר,"שריג נחום 33, באר שבע",2.0,באר שבע
2026-07-31 00:34:48.252910,2026-08-07 08:30:00,maccabi,ילדים,דר מריה מרון,"נחל פרת 20, באר שבע",7.0,באר שבע
2026-07-31 00:34:48.252910,2026-08-03 08:45:00,maccabi,ילדים,דר נסרין אלעתאמין,"נחל פרת 20, באר שבע",3.0,באר שבע
2026-07-31 00:34:48.252910,2026-08-03 08:15:00,maccabi,ילדים,דר סמיון אפשטיין,"שינדלר אוסקר 32, באר שבע",3.0,באר שבע
2026-07-31 00:34:48.252910,2026-08-02 09:20:00,maccabi,ילדים,דר טוליו בריק,"שינדלר אוסקר 32, באר שבע",2.0,באר שבע
2026-07-31 00:34:48.252910,2026-08-03 09:24:00,maccabi,ילדים,דר ולדימיר מילינבסקי,"שינדלר אוסקר 32, באר שבע",3.0,באר שבע
2026-07-31 00:34:48.252910,2026-08-03 07:48:00,maccabi,ילדים,דר פלורנסיה דיאז גרמוי,"שינדלר אוסקר 32, באר שבע",3.0,באר שבע
2026-07-31 00:34:48.252910,2026-08-05 08:00:00,maccabi,ילדים,דר ענבל קסטנבאום,"מועצה אזורית הר חברון, מיתרים",5.0,מיתרים
2026-07-31 00:34:48.252910,2026-08-02 09:15:00,maccabi,ילדים,דר מוריה גל,"מועצה אזורית הר חברון, מיתרים",2.0,מיתרים
2026-07-31 00:34:48.252910,2026-08-02 08:00:00,maccabi,ילדים,דר דינה מיכאלי,"רימון 1, להבים",2.0,להבים
2026-07-31 00:34:48.252910,2026-08-02 08:00:00,maccabi,ילדים,דר חיים ביטרן,"רימון 1, להבים",2.0,להבים
2026-07-31 00:34:48.252910,2026-08-02 17:30:00,maccabi,ילדים,דר מיכל מימון,"רימון 1, להבים",2.0,להבים
2026-07-31 00:34:48.252910,2026-08-03 08:30:00,maccabi,ילדים,דר מרינה כהן,"הרב הרצוג 2, באר שבע",3.0,באר שבע
2026-07-31 00:34:48.252910,2026-08-02 10:45:00,maccabi,ילדים,דר אלכסנדר רשקובן,"הרב הרצוג 2, באר שבע",2.0,באר שבע
2026-07-31 00:34:48.252910,2026-08-03 11:10:00,maccabi,ילדים,דר אולגה לוין,"בית אל 31, באר שבע",3.0,באר שבע
2026-07-31 00:34:48.252910,2026-08-02 15:45:00,maccabi,ילדים,דר טטיאנה רוזנטל,"בית אל 31, באר שבע",2.0,באר שבע
2026-07-31 00:34:48.252910,2026-08-02 08:40:00,maccabi,ילדים,דר ירון סרוסי,"בית אל 31, באר שבע",2.0,באר שבע
2026-07-31 00:34:48.252910,2026-08-03 11:30:00,maccabi,ילדים,דר נטליה ביליאר,"יוהנה ז'בוטינסקי 30, באר שבע",3.0,באר שבע
2026-07-31 00:34:48.252910,2026-08-02 08:00:00,maccabi,ילדים,דר ברוך מנדלצוויג,"יוהנה ז'בוטינסקי 30, באר שבע",2.0,באר שבע
2026-07-31 00:34:48.252910,2026-08-05 08:45:00,maccabi,ילדים,דר אור בקשי,"יוהנה ז'בוטינסקי 30, באר שבע",5.0,באר שבע
2026-07-31 00:34:48.252910,2026-08-03 14:00:00,maccabi,ילדים,דר מירב אליהו בסין,"יוהנה ז'בוטינסקי 30, באר שבע",3.0,באר שבע
2026-07-31 00:34:48.252910,2026-08-12 10:30:00,maccabi,ילדים,דר ריטה אבוביץ,"יוהנה ז'בוטינסקי 30, באר שבע",12.0,באר שבע
2026-07-31 00:34:48.252910,2026-08-02 08:10:00,maccabi,ילדים,דר אריק ג'ייסון האס,"לרון אפרים 112, באר שבע",2.0,באר שבע
2026-07-31 00:34:48.252910,2026-08-04 15:06:00,maccabi,ילדים,דר ולדימיר מילינבסקי,"לרון אפרים 112, באר שבע",4.0,באר שבע
2026-07-31 00:34:48.252910,2026-08-02 08:00:00,maccabi,ילדים,דר עמאד אלעמור,"מכבי שירותי בריאות, כסיפה",2.0,כסיפה
2026-07-31 00:34:48.252910,2026-08-02 15:30:00,maccabi,ילדים,דר תמר אנקרי נבו,"הגפן 1, שקף",2.0,שקף
2026-07-31 00:34:48.252910,2026-08-02 11:15:00,maccabi,ילדים,דר קסניה גניס,"שד גולדה מאיר 20, דימונה",2.0,דימונה
2026-07-31 00:34:48.252910,2026-08-03 14:40:00,maccabi,ילדים,דר ליאונרד איזנווה,"שד גולדה מאיר 20, דימונה",3.0,דימונה
2026-07-31 00:34:48.252910,2026-08-02 08:40:00,maccabi,ילדים,דר דן גלר,"שד גולדה מאיר 20, דימונה",2.0,דימונה
2026-07-31 00:34:48.252910,2026-08-02 09:45:00,maccabi,ילדים,דר טטיאנה זוסמן,"שד גולדה מאיר 20, דימונה",2.0,דימונה
2026-07-31 00:34:48.252910,,maccabi,ילדים,דר טלי-רחל טורם,"הגפן 8, אליאב",,אליאב
2026-07-31 00:34:48.252910,2026-08-02 10:00:00,maccabi,ילדים,דר טטיאנה ליפשיץ,"בן איש חי 1530, אופקים",2.0,אופקים
2026-07-31 00:34:48.252910,2026-08-04 08:30:00,maccabi,ילדים,דר לי אבנת,"בן איש חי 1530, אופקים",4.0,אופקים
2026-07-31 00:34:48.252910,2026-08-03 08:15:00,maccabi,ילדים,דר דורה קרקיס,"בן איש חי 1530, אופקים",3.0,אופקים
2026-07-31 00:34:48.252910,2026-08-03 12:12:00,maccabi,ילדים,דר עדן זהבי,"הרב עובדיה יוסף 10, אופקים",3.0,אופקים
2026-07-31 00:34:48.252910,2026-08-02 11:00:00,maccabi,ילדים,דר ג'בר אבו-עאבד,"שד הרצל 36, אופקים",2.0,אופקים
2026-07-31 00:34:48.252910,2026-08-03 09:15:00,maccabi,ילדים,דר אירנה קלמנוביץ',"שד הרצל 36, אופקים",3.0,אופקים
2026-07-31 00:34:48.252910,2026-08-05 10:30:00,maccabi,ילדים,דר לודמילה רדום,"בן יאיר אלעזר 39, ערד",5.0,ערד
2026-07-31 00:34:48.252910,2026-08-02 14:40:00,maccabi,ילדים,דר יקטרינה שטרמן,"שמעון 13, ערד",2.0,ערד
2026-07-31 00:34:48.252910,2026-08-02 08:00:00,maccabi,ילדים,דר סופיה חבצקין,"שמעון 13, ערד",2.0,ערד
2026-07-31 00:34:48.252910,2026-08-02 08:00:00,maccabi,ילדים,דר אירינה גורדז'י,"שמעון 13, ערד",2.0,ערד
2026-07-31 00:34:48.252910,2026-08-04 08:45:00,maccabi,ילדים,דר שפיק אבו עראר,"שמעון 13, ערד",4.0,ערד
2026-07-31 00:34:48.252910,2026-08-06 12:15:00,maccabi,ילדים,דר שלומי שי קלייטמן,"שמעון 13, ערד",6.0,ערד
2026-07-31 00:34:48.252910,2026-08-03 08:00:00,maccabi,ילדים,דר עמאד אלעמור,"שמעון 13, ערד",3.0,ערד
2026-07-31 00:34:48.252910,2026-08-02 11:00:00,maccabi,ילדים,דר אור צדוק זהבי,"בורנשטיין צבי 199, ירוחם",2.0,ירוחם
2026-07-31 00:34:48.252910,2026-08-02 12:30:00,maccabi,ילדים,דר אינגריד קרינה פיינווקס לוי,"בורנשטיין צבי 199, ירוחם",2.0,ירוחם
2026-07-31 00:34:48.252910,2026-08-02 17:15:00,maccabi,ילדים,דר אסתי פורר,"בורנשטיין צבי 199, ירוחם",2.0,ירוחם
2026-07-31 00:34:48.252910,2026-08-03 08:50:00,maccabi,ילדים,דר אהוד משל,"שד ירושלים 18, נתיבות",3.0,נתיבות
2026-07-31 00:34:48.252910,2026-08-02 15:20:00,maccabi,ילדים,פרופ אשר אלחיאני,"שד ירושלים 18, נתיבות",2.0,נתיבות
2026-07-31 00:34:48.252910,2026-08-02 09:45:00,maccabi,ילדים,דר בוריס קוסטנצקי,"שד ירושלים 18, נתיבות",2.0,נתיבות
2026-07-31 00:34:48.252910,2026-08-02 09:00:00,maccabi,ילדים,דר אסתי פורר,"מועצה אזורית רמת הנגב, רמת הנגב",2.0,רמת הנגב
2026-07-31 00:34:48.252910,2026-08-09 16:40:00,maccabi,ילדים,דר מוריס ביטון,"שד ירושלים 136, נתיבות",9.0,נתיבות
2026-07-31 00:34:48.252910,2026-08-17 08:15:00,maccabi,ילדים,דר מרים מירה גלאם-ברוך,"גני טל 2, נתיבות",17.0,נתיבות
2026-07-31 00:34:48.252910,2026-08-27 09:30:00,maccabi,ילדים,דר רוסלן קמרלי,"שד מלכי ישראל 178, קריית גת",27.0,קריית גת
2026-07-31 00:34:48.252910,2026-08-13 09:10:00,maccabi,ילדים,דר דנה כץ קרפאק,"שד מלכי ישראל 178, קריית גת",13.0,קריית גת
2026-07-31 00:34:48.252910,2026-08-24 10:20:00,maccabi,ילדים,דר אלון שלב,"שד העצמאות 64, קריית גת",24.0,קריית גת
2026-07-31 00:34:48.252910,2026-08-12 09:10:00,maccabi,ילדים,דר יעל אורקין,"שד העצמאות 64, קריית גת",12.0,קריית גת
2026-07-31 00:34:48.252910,2026-08-11 09:30:00,maccabi,ילדים,דר אברהם בדיחי,"שד העצמאות 64, קריית גת",11.0,קריית גת
2026-07-31 00:34:48.252910,2026-08-02 08:57:00,maccabi,ילדים,דר אוריאל עזרא,"אדוריים 101, קריית גת",2.0,קריית גת
2026-07-31 00:34:48.252910,2026-08-03 11:00:00,maccabi,ילדים,דר תמר אנקרי נבו,"אדוריים 101, קריית גת",3.0,קריית גת
2026-07-31 00:34:48.252910,2026-08-02 15:00:00,maccabi,ילדים,דר אילן יהושע,"שדרות אבני החושן 1, קריית גת",2.0,קריית גת
2026-07-31 00:34:48.252910,2026-08-04 13:15:00,maccabi,ילדים,דר סמדר ריין,"שדרות אבני החושן 1, קריית גת",4.0,קריית גת
2026-07-31 00:34:48.252910,2026-08-02 14:00:00,maccabi,ילדים,דר יעל ברנדוימן,"שדרות אבני החושן 1, קריית גת",2.0,קריית גת
2026-07-31 00:34:48.252910,2026-08-06 13:10:00,maccabi,ילדים,דר רוסלן קמרלי,"נתיבות שלום 16, קריית גת",6.0,קריית גת
2026-07-31 00:34:48.252910,2026-08-02 08:00:00,maccabi,ילדים,דר אילן יהושע,"נתיבות שלום 16, קריית גת",2.0,קריית גת
2026-07-31 00:34:48.252910,2026-08-03 11:00:00,maccabi,ילדים,דר סמדר ריין,"נתיבות שלום 16, קריית גת",3.0,קריית גת
2026-07-31 00:34:48.252910,2026-09-07 13:00:00,maccabi,ילדים - אורולוגיה,דר עדית דובי סובול,"פריאר רחה 9, באר שבע",38.0,באר שבע
2026-07-31 00:34:48.252910,,maccabi,ילדים - אורולוגיה,דר עדית דובי סובול,"בורנשטיין צבי 199, ירוחם",,ירוחם
2026-07-31 00:34:48.252910,2026-09-03 11:24:00,maccabi,ילדים - אורולוגיה,דר עדית דובי סובול,"גני טל 2, נתיבות",34.0,נתיבות
2026-07-31 00:34:48.252910,,maccabi,ילדים - אורתופדיה,דר רוברט שוורץ,"התקוה 4, באר שבע",,באר שבע
2026-07-31 00:34:48.252910,,maccabi,ילדים - אורתופדיה,דר מחמד אל דאדא,"התקוה 4, באר שבע",,באר שבע
2026-07-31 00:34:48.252910,,maccabi,ילדים - אורתופדיה,דר מחמד אל דאדא,"מכבי שירותי בריאות, כסיפה",,כסיפה
2026-07-31 00:34:48.252910,2026-09-16 08:10:00,maccabi,ילדים - אורתופדיה,דר מוחמד אבו תיר,"שמעון 13, ערד",47.0,ערד
2026-07-31 00:34:48.252910,2026-08-27 17:40:00,maccabi,ילדים - אורתופדיה,דר מחמד אל דאדא,"שמעון 13, ערד",27.0,ערד
2026-07-31 00:34:48.252910,,maccabi,ילדים - אורתופדיה,דר אלכסנדר בוקי,"אדוריים 101, קריית גת",,קריית גת
2026-07-31 00:34:48.252910,2026-12-22 17:15:00,maccabi,ילדים - אנדוקרינולוגיה,דר נטע לבנטל,"התקוה 4, באר שבע",144.0,באר שבע
2026-07-31 00:34:48.252910,,maccabi,ילדים - אנדוקרינולוגיה,דר אלון פרפל,"גני טל 2, נתיבות",,נתיבות
2026-07-31 00:34:48.252910,,maccabi,ילדים - גסטרואנטרולוגיה,דר ברוך ירושלמי,"בן צבי יצחק 12, באר שבע",,באר שבע
2026-07-31 00:34:48.252910,2026-08-13 09:20:00,maccabi,ילדים - המטולוגיה,דר יוסף קפלושניק,"התקוה 4, באר שבע",13.0,באר שבע
2026-07-31 00:34:48.252910,2026-08-04 12:20:00,maccabi,ילדים - המטולוגיה,דר ג'בר אבו-עאבד,"התקוה 4, באר שבע",4.0,באר שבע
2026-07-31 00:34:48.252910,,maccabi,ילדים - הפרעת קשב ופעלתנות יתר בילדים, רופאים מרפאת,", אונליין בווידאו",,אונליין בווידאו
2026-07-31 00:34:48.252910,,maccabi,ילדים - הפרעת קשב ופעלתנות יתר בילדים,דר מנשה מני עמראן,"שדרות המייסדים 1, מיתר",,מיתר
2026-07-31 00:34:48.252910,2026-11-03 18:20:00,maccabi,ילדים - הפרעת קשב ופעלתנות יתר בילדים,פרופ שי מנשקו,"התקוה 4, באר שבע",95.0,באר שבע
2026-07-31 00:34:48.252910,2026-09-23 11:45:00,maccabi,ילדים - הפרעת קשב ופעלתנות יתר בילדים,דר מירב אליהו בסין,"התקוה 4, באר שבע",54.0,באר שבע
2026-07-31 00:34:48.252910,,maccabi,ילדים - הפרעת קשב ופעלתנות יתר בילדים,דר מוניר אבו מדעים,"התקוה 4, באר שבע",,באר שבע
2026-07-31 00:34:48.252910,,maccabi,ילדים - הפרעת קשב ופעלתנות יתר בילדים,דר יקטרינה קובלונוק,"הרב הרצוג 2, באר שבע",,באר שבע
2026-07-31 00:34:48.252910,2026-10-06 18:00:00,maccabi,ילדים - הפרעת קשב ופעלתנות יתר בילדים,דר סוהיל חלאילה,"הרב הרצוג 2, באר שבע",67.0,באר שבע
2026-07-31 00:34:48.252910,2026-10-28 12:00:00,maccabi,ילדים - הפרעת קשב ופעלתנות יתר בילדים,דר יצחק פייבל לויסמן,"שד הרצל 36, אופקים",89.0,אופקים
2026-07-31 00:34:48.252910,,maccabi,ילדים - הפרעת קשב ופעלתנות יתר בילדים,דר ג'בר אבו-עאבד,"שד הרצל 36, אופקים",,אופקים
2026-07-31 00:34:48.252910,,maccabi,ילדים - הפרעת קשב ופעלתנות יתר בילדים,דר ג'בר אבו-עאבד,"שמעון 13, ערד",,ערד
2026-07-31 00:34:48.252910,,maccabi,ילדים - הפרעת קשב ופעלתנות יתר בילדים,דר שני עידן ראובן,"אליהו אילוז 2, נתיבות",,נתיבות
2026-07-31 00:34:48.252910,,maccabi,ילדים - הפרעת קשב ופעלתנות יתר בילדים,דר מוניר אבו מדעים,"אליהו אילוז 2, נתיבות",,נתיבות
2026-07-31 00:34:48.252910,,maccabi,ילדים - הפרעת קשב ופעלתנות יתר בילדים,דר ורד ברזילי פסח,"אדוריים 101, קריית גת",,קריית גת
2026-07-31 00:34:48.252910,2026-08-13 16:40:00,maccabi,ילדים - כירורגיה,דר ודים קפולר,"התקוה 4, באר שבע",13.0,באר שבע
2026-07-31 00:34:48.252910,2026-08-27 10:05:00,maccabi,ילדים - כירורגיה,דר ודים קפולר,"שמעון 13, ערד",27.0,ערד
2026-07-31 00:34:48.252910,2026-08-18 14:20:00,maccabi,ילדים - כירורגיה,דר אולג קליינר,"גני טל 2, נתיבות",18.0,נתיבות
2026-07-31 00:34:48.252910,2026-08-23 16:50:00,maccabi,ילדים - מחלות ריאה,דר אלינה אבנשטיין,"אדוריים 101, קריית גת",23.0,קריית גת
2026-07-31 00:34:48.252910,2026-11-03 18:20:00,maccabi,ילדים - נוירולוגיה,פרופ שי מנשקו,"התקוה 4, באר שבע",95.0,באר שבע
2026-07-31 00:34:48.252910,,maccabi,ילדים - נוירולוגיה,דר מוניר אבו מדעים,"התקוה 4, באר שבע",,באר שבע
2026-07-31 00:34:48.252910,,maccabi,ילדים - נוירולוגיה,דר מוניר אבו מדעים,"אליהו אילוז 2, נתיבות",,נתיבות
2026-07-31 00:34:48.252910,,maccabi,ילדים - נוירולוגיה,דר ורד ברזילי פסח,"אדוריים 101, קריית גת",,קריית גת
2026-07-31 00:34:48.252910,,maccabi,ילדים - נפרולוגיה,דר רותי שרייבר,"יצחק נפחא 25, באר שבע",,באר שבע
2026-07-31 00:34:48.252910,,maccabi,ילדים - נפרולוגיה,פרופ דניאל לנדאו,"יוסי הבורסקאי 1, באר שבע",,באר שבע
2026-07-31 00:34:48.252910,2026-08-13 10:45:00,maccabi,ילדים - עור,דר רונן מגון,"פריאר רחה 9, באר שבע",13.0,באר שבע
2026-07-31 00:34:48.252910,,maccabi,ילדים - עור,דר יהונתן בירון,"התקוה 4, באר שבע",,באר שבע
2026-07-31 00:34:48.252910,2026-08-17 17:00:00,maccabi,ילדים - עור,פרופ מרסלו גרינוולד,"שד רגר יצחק 28, באר שבע",17.0,באר שבע
2026-07-31 00:34:48.252910,2026-09-02 16:20:00,maccabi,ילדים - עור,פרופ מרסלו גרינוולד,"התקוה 4, באר שבע",33.0,באר שבע
2026-07-31 00:34:48.252910,2026-10-07 16:30:00,maccabi,ילדים - עור,דר אבי שי,"התקוה 4, באר שבע",68.0,באר שבע
2026-07-31 00:34:48.252910,2026-08-24 08:45:00,maccabi,ילדים - עור,דר נדיה זבלוצקי,"התקוה 4, באר שבע",24.0,באר שבע
2026-07-31 00:34:48.252910,,maccabi,ילדים - עור,דר אבי שי,"שד רגר יצחק 22, באר שבע",,באר שבע
2026-07-31 00:34:48.252910,,maccabi,ילדים - עור,דר נדיה זבלוצקי,"מזר בנימין 20, באר שבע",,באר שבע
2026-07-31 00:34:48.252910,2026-09-01 09:25:00,maccabi,ילדים - עור,דר יגאל סברדלוב,"לרון אפרים 112, באר שבע",32.0,באר שבע
2026-07-31 00:34:48.252910,,maccabi,ילדים - עור,דר עדי סעדיה,"שד גולדה מאיר 20, דימונה",,דימונה
2026-07-31 00:34:48.252910,2026-09-14 08:06:00,maccabi,ילדים - עור,דר רונן מגון,"שד הרצל 36, אופקים",45.0,אופקים
2026-07-31 00:34:48.252910,2026-08-24 10:55:00,maccabi,ילדים - עור,דר יהונתן בירון,"שמעון 13, ערד",24.0,ערד
2026-07-31 00:34:48.252910,2026-08-18 10:25:00,maccabi,ילדים - עור,פרופ מרסלו גרינוולד,"שמעון 13, ערד",18.0,ערד
2026-07-31 00:34:48.252910,2026-11-16 07:40:00,maccabi,ילדים - עור,דר את'יר מצאלחה,"גני טל 2, נתיבות",108.0,נתיבות
2026-07-31 00:34:48.252910,2026-11-09 08:00:00,maccabi,ילדים - עור,דר ודים גקמן,"שד מלכי ישראל 178, קריית גת",101.0,קריית גת
2026-07-31 00:34:48.252910,,maccabi,ילדים - עור,דר יוסי ירושלמי,"שד העצמאות 64, קריית גת",,קריית גת
2026-07-31 00:34:48.252910,2026-09-24 16:50:00,maccabi,ילדים - קרדיולוגיה,פרופ אביבה לויטס,"יהודה הנחתום 6, באר שבע",55.0,באר שבע
2026-07-31 00:34:48.252910,,maccabi,ילדים - ראומטולוגיה,דר אדוארד לינג,"פריאר רחה 9, באר שבע",,באר שבע
2026-07-31 00:34:48.252910,2026-08-20 16:50:00,maccabi,כירורגיה,דר מיכאל ביים,"שדרות המייסדים 1, מיתר",20.0,מיתר
2026-07-31 00:34:48.252910,2026-08-11 18:40:00,maccabi,כירורגיה,דר ניר כהן,"שדרות המייסדים 1, מיתר",11.0,מיתר
2026-07-31 00:34:48.252910,2026-11-29 16:00:00,maccabi,כירורגיה,פרופ לאוניד לנצברג,"דפנה 10, עומר",121.0,עומר
2026-07-31 00:34:48.252910,2026-08-11 16:20:00,maccabi,כירורגיה,דר ניר כהן,"דפנה 10, עומר",11.0,עומר
2026-07-31 00:34:48.252910,2026-08-25 12:10:00,maccabi,כירורגיה,פרופ לאוניד לנצברג,"התקוה 4, באר שבע",25.0,באר שבע
2026-07-31 00:34:48.252910,2026-11-09 19:20:00,maccabi,כירורגיה,דר גאורגי גרינברג,"התקוה 4, באר שבע",101.0,באר שבע
2026-07-31 00:34:48.252910,2026-09-07 17:10:00,maccabi,כירורגיה,דר מיכאל ביים,"התקוה 4, באר שבע",38.0,באר שבע
2026-07-31 00:34:48.252910,2026-11-15 16:25:00,maccabi,כירורגיה,פרופ אלדד זילברשטיין,"התקוה 4, באר שבע",107.0,באר שבע
2026-07-31 00:34:48.252910,2026-08-12 15:18:00,maccabi,כירורגיה,פרופ בוריס קירשטיין,"התקוה 4, באר שבע",12.0,באר שבע
2026-07-31 00:34:48.252910,2026-08-09 15:36:00,maccabi,כירורגיה,דר אברהם רשף,"התקוה 4, באר שבע",9.0,באר שבע
2026-07-31 00:34:48.252910,2027-03-18 15:48:00,maccabi,כירורגיה,דר רוית אגסי,"התקוה 4, באר שבע",230.0,באר שבע
2026-07-31 00:34:48.252910,2026-11-12 15:10:00,maccabi,כירורגיה,דר אודי מאור,"התקוה 4, באר שבע",104.0,באר שבע
2026-07-31 00:34:48.252910,2026-10-11 14:34:00,maccabi,כירורגיה,דר תמי ציוני,"התקוה 4, באר שבע",72.0,באר שבע
2026-07-31 00:34:48.252910,2026-10-04 14:10:00,maccabi,כירורגיה,דר דריה ליכטמן,"התקוה 4, באר שבע",65.0,באר שבע
2026-07-31 00:34:48.252910,2026-08-13 16:40:00,maccabi,כירורגיה,דר ודים קפולר,"התקוה 4, באר שבע",13.0,באר שבע
2026-07-31 00:34:48.252910,2026-08-03 16:33:00,maccabi,כירורגיה,דר אלחנן קווינט,"התקוה 4, באר שבע",3.0,באר שבע
2026-07-31 00:34:48.252910,2026-08-16 15:30:00,maccabi,כירורגיה,דר אלכסנדר וחרושב,"התקוה 4, באר שבע",16.0,באר שבע
2026-07-31 00:34:48.252910,2026-08-04 13:10:00,maccabi,כירורגיה,דר סרגיי דומצ'יק,"התקוה 4, באר שבע",4.0,באר שבע
2026-07-31 00:34:48.252910,,maccabi,כירורגיה,דר תומר אייזנברג,"התקוה 4, באר שבע",,באר שבע
2026-07-31 00:34:48.252910,2026-08-04 15:00:00,maccabi,כירורגיה,דר אליעזר אבינח,"שד רגר יצחק 22, באר שבע",4.0,באר שבע
2026-07-31 00:34:48.252910,,maccabi,כירורגיה,דר ניר כהן,"מועצה אזורית הר חברון, מיתרים",,מיתרים
2026-07-31 00:34:48.252910,2026-08-02 16:00:00,maccabi,כירורגיה,דר עבד אל רחמן אבו גנים,"מרכז מסחרי, רהט",2.0,רהט
2026-07-31 00:34:48.252910,2026-08-02 10:45:00,maccabi,כירורגיה,דר אודית איטה גיבור,"שד גולדה מאיר 20, דימונה",2.0,דימונה
2026-07-31 00:34:48.252910,2026-08-05 16:30:00,maccabi,כירורגיה,דר ניר כהן,"שד גולדה מאיר 20, דימונה",5.0,דימונה
2026-07-31 00:34:48.252910,2026-10-05 12:10:00,maccabi,כירורגיה,דר אודית איטה גיבור,"שד הרצל 36, אופקים",66.0,אופקים
2026-07-31 00:34:48.252910,2026-08-16 09:24:00,maccabi,כירורגיה,דר תמי ציוני,"בן יאיר אלעזר 39, ערד",16.0,ערד
2026-07-31 00:34:48.252910,2026-08-27 10:05:00,maccabi,כירורגיה,דר ודים קפולר,"שמעון 13, ערד",27.0,ערד
2026-07-31 00:34:48.252910,2026-08-09 15:30:00,maccabi,כירורגיה,דר סרגיי דומצ'יק,"שמעון 13, ערד",9.0,ערד
2026-07-31 00:34:48.252910,2026-09-16 17:00:00,maccabi,כירורגיה,דר אנטולי לייצין,"שמעון 13, ערד",47.0,ערד
2026-07-31 00:34:48.252910,2026-08-03 17:20:00,maccabi,כירורגיה,דר גיא ברסקי,"שמעון 13, ערד",3.0,ערד
2026-07-31 00:34:48.252910,2026-08-26 14:40:00,maccabi,כירורגיה,דר ניר כהן,"בורנשטיין צבי 199, ירוחם",26.0,ירוחם
2026-07-31 00:34:48.252910,2026-09-15 10:40:00,maccabi,כירורגיה,דר אודית איטה גיבור,"גני טל 2, נתיבות",46.0,נתיבות
2026-07-31 00:34:48.252910,,maccabi,כירורגיה,דר סטניסלב קליוץ',"גני טל 2, נתיבות",,נתיבות
2026-07-31 00:34:48.252910,2026-08-11 16:40:00,maccabi,כירורגיה,דר לב מרגולין,"גני טל 2, נתיבות",11.0,נתיבות
2026-07-31 00:34:48.252910,2026-08-18 14:20:00,maccabi,כירורגיה,דר אולג קליינר,"גני טל 2, נתיבות",18.0,נתיבות
2026-07-31 00:34:48.252910,2026-08-10 17:30:00,maccabi,כירורגיה,דר אולג פונומרנקו,"שד העצמאות 64, קריית גת",10.0,קריית גת
2026-07-31 00:34:48.252910,2026-10-25 16:50:00,maccabi,כירורגיה,דר אודית איטה גיבור,"שד העצמאות 64, קריית גת",86.0,קריית גת
2026-07-31 00:34:48.252910,2026-08-10 15:15:00,maccabi,כירורגיה,דר עבד אל רחמן אבו גנים,"נתיבות שלום 16, קריית גת",10.0,קריית גת
2026-07-31 00:34:48.252910,2026-08-12 15:18:00,maccabi,כירורגיה - בריאטריה קיצור קיבה,פרופ בוריס קירשטיין,"התקוה 4, באר שבע",12.0,באר שבע
2026-07-31 00:34:48.252910,2026-08-16 15:30:00,maccabi,כירורגיה - בריאטריה קיצור קיבה,דר אלכסנדר וחרושב,"התקוה 4, באר שבע",16.0,באר שבע
2026-07-31 00:34:48.252910,2026-11-15 16:25:00,maccabi,כירורגיה פלסטית,פרופ אלדד זילברשטיין,"התקוה 4, באר שבע",107.0,באר שבע
2026-07-31 00:34:48.252910,2026-11-12 15:10:00,maccabi,כירורגיה פלסטית,דר אודי מאור,"התקוה 4, באר שבע",104.0,באר שבע
2026-07-31 00:34:48.252910,,maccabi,כירורגיה פלסטית,דר תומר אייזנברג,"התקוה 4, באר שבע",,באר שבע
2026-07-31 00:34:48.252910,2026-08-09 15:36:00,maccabi,כירורגיה פרוקטולוגית,דר אברהם רשף,"התקוה 4, באר שבע",9.0,באר שבע
2026-07-31 00:34:48.252910,2026-10-04 14:10:00,maccabi,כירורגיה פרוקטולוגית,דר דריה ליכטמן,"התקוה 4, באר שבע",65.0,באר שבע
2026-07-31 00:34:48.252910,2026-08-03 16:33:00,maccabi,כירורגיה פרוקטולוגית,דר אלחנן קווינט,"התקוה 4, באר שבע",3.0,באר שבע
2026-07-31 00:34:48.252910,,maccabi,כירורגיה של כף היד,דר סטניסלב קליוץ',"גני טל 2, נתיבות",,נתיבות
2026-07-31 00:34:48.252910,2026-08-20 16:50:00,maccabi,כירורגיית שד,דר מיכאל ביים,"שדרות המייסדים 1, מיתר",20.0,מיתר
2026-07-31 00:34:48.252910,2026-08-11 18:40:00,maccabi,כירורגיית שד,דר ניר כהן,"שדרות המייסדים 1, מיתר",11.0,מיתר
2026-07-31 00:34:48.252910,2026-08-11 16:20:00,maccabi,כירורגיית שד,דר ניר כהן,"דפנה 10, עומר",11.0,עומר
2026-07-31 00:34:48.252910,2026-09-07 17:10:00,maccabi,כירורגיית שד,דר מיכאל ביים,"התקוה 4, באר שבע",38.0,באר שבע
2026-07-31 00:34:48.252910,2026-08-12 15:18:00,maccabi,כירורגיית שד,פרופ בוריס קירשטיין,"התקוה 4, באר שבע",12.0,באר שבע
2026-07-31 00:34:48.252910,2026-08-09 15:36:00,maccabi,כירורגיית שד,דר אברהם רשף,"התקוה 4, באר שבע",9.0,באר שבע
2026-07-31 00:34:48.252910,2027-03-18 15:48:00,maccabi,כירורגיית שד,דר רוית אגסי,"התקוה 4, באר שבע",230.0,באר שבע
2026-07-31 00:34:48.252910,2026-10-11 14:34:00,maccabi,כירורגיית שד,דר תמי ציוני,"התקוה 4, באר שבע",72.0,באר שבע
2026-07-31 00:34:48.252910,2026-08-16 15:30:00,maccabi,כירורגיית שד,דר אלכסנדר וחרושב,"התקוה 4, באר שבע",16.0,באר שבע
2026-07-31 00:34:48.252910,2026-08-04 13:10:00,maccabi,כירורגיית שד,דר סרגיי דומצ'יק,"התקוה 4, באר שבע",4.0,באר שבע
2026-07-31 00:34:48.252910,2026-08-04 15:00:00,maccabi,כירורגיית שד,דר אליעזר אבינח,"שד רגר יצחק 22, באר שבע",4.0,באר שבע
2026-07-31 00:34:48.252910,,maccabi,כירורגיית שד,דר ניר כהן,"מועצה אזורית הר חברון, מיתרים",,מיתרים
2026-07-31 00:34:48.252910,2026-08-02 16:00:00,maccabi,כירורגיית שד,דר עבד אל רחמן אבו גנים,"מרכז מסחרי, רהט",2.0,רהט
2026-07-31 00:34:48.252910,2026-08-02 10:45:00,maccabi,כירורגיית שד,דר אודית איטה גיבור,"שד גולדה מאיר 20, דימונה",2.0,דימונה
2026-07-31 00:34:48.252910,2026-08-05 16:30:00,maccabi,כירורגיית שד,דר ניר כהן,"שד גולדה מאיר 20, דימונה",5.0,דימונה
2026-07-31 00:34:48.252910,2026-10-05 12:10:00,maccabi,כירורגיית שד,דר אודית איטה גיבור,"שד הרצל 36, אופקים",66.0,אופקים
2026-07-31 00:34:48.252910,2026-08-16 09:24:00,maccabi,כירורגיית שד,דר תמי ציוני,"בן יאיר אלעזר 39, ערד",16.0,ערד
2026-07-31 00:34:48.252910,2026-08-09 15:30:00,maccabi,כירורגיית שד,דר סרגיי דומצ'יק,"שמעון 13, ערד",9.0,ערד
2026-07-31 00:34:48.252910,2026-08-03 17:20:00,maccabi,כירורגיית שד,דר גיא ברסקי,"שמעון 13, ערד",3.0,ערד
2026-07-31 00:34:48.252910,2026-08-26 14:40:00,maccabi,כירורגיית שד,דר ניר כהן,"בורנשטיין צבי 199, ירוחם",26.0,ירוחם
2026-07-31 00:34:48.252910,2026-09-15 10:40:00,maccabi,כירורגיית שד,דר אודית איטה גיבור,"גני טל 2, נתיבות",46.0,נתיבות
2026-07-31 00:34:48.252910,2026-08-11 16:40:00,maccabi,כירורגיית שד,דר לב מרגולין,"גני טל 2, נתיבות",11.0,נתיבות
2026-07-31 00:34:48.252910,2026-08-10 17:30:00,maccabi,כירורגיית שד,דר אולג פונומרנקו,"שד העצמאות 64, קריית גת",10.0,קריית גת
2026-07-31 00:34:48.252910,2026-10-25 16:50:00,maccabi,כירורגיית שד,דר אודית איטה גיבור,"שד העצמאות 64, קריית גת",86.0,קריית גת
2026-07-31 00:34:48.252910,2026-08-10 15:15:00,maccabi,כירורגיית שד,דר עבד אל רחמן אבו גנים,"נתיבות שלום 16, קריית גת",10.0,קריית גת
2026-07-31 00:34:48.252910,2026-11-29 16:00:00,maccabi,כירורגית כלי דם,פרופ לאוניד לנצברג,"דפנה 10, עומר",121.0,עומר
2026-07-31 00:34:48.252910,2026-08-25 12:10:00,maccabi,כירורגית כלי דם,פרופ לאוניד לנצברג,"התקוה 4, באר שבע",25.0,באר שבע
2026-07-31 00:34:48.252910,2026-11-09 19:20:00,maccabi,כירורגית כלי דם,דר גאורגי גרינברג,"התקוה 4, באר שבע",101.0,באר שבע
2026-07-31 00:34:48.252910,2026-09-16 17:00:00,maccabi,כירורגית כלי דם,דר אנטולי לייצין,"שמעון 13, ערד",47.0,ערד
2026-07-31 00:34:48.252910,2026-11-02 15:50:00,maccabi,מחלות ריאה,דר לונה אבנון,"התקוה 4, באר שבע",94.0,באר שבע
2026-07-31 00:34:48.252910,2027-01-21 10:00:00,maccabi,מחלות ריאה,דר אביטל אבריאל,"התקוה 4, באר שבע",174.0,באר שבע
2026-07-31 00:34:48.252910,2026-10-13 18:45:00,maccabi,מחלות ריאה,דר אלכסנדר רוזוב,"שמעון 13, ערד",74.0,ערד
2026-07-31 00:34:48.252910,,maccabi,מחלות ריאה,דר אלכסנדר רוזוב,"שד העצמאות 64, קריית גת",,קריית גת
2026-07-31 00:34:48.252910,2026-08-23 16:50:00,maccabi,מחלות ריאה,דר אלינה אבנשטיין,"אדוריים 101, קריית גת",23.0,קריית גת
2026-07-31 00:34:48.252910,2026-08-02 07:30:00,maccabi,"משפחה,פנימית וכללית",דר מנשה מני עמראן,"שדרות המייסדים 1, מיתר",2.0,מיתר
2026-07-31 00:34:48.252910,2026-08-17 10:15:00,maccabi,"משפחה,פנימית וכללית",דר רונן מאנקיטה,"שדרות המייסדים 1, מיתר",17.0,מיתר
2026-07-31 00:34:48.252910,,maccabi,"משפחה,פנימית וכללית",דר אלון מס,"שדרות המייסדים 1, מיתר",,מיתר
2026-07-31 00:34:48.252910,2026-08-04 16:45:00,maccabi,"משפחה,פנימית וכללית",דר ניצן חלמיש,"דרורית 133, מיתר",4.0,מיתר
2026-07-31 00:34:48.252910,2026-08-03 20:54:00,maccabi,"משפחה,פנימית וכללית",דר יעל לצט בן עמי,"עיט 6/8, מיתר",3.0,מיתר
2026-07-31 00:34:48.252910,2026-08-02 08:00:00,maccabi,"משפחה,פנימית וכללית",דר עלי אבו גריבה,"אל-קודס 7, לקיה",2.0,לקיה
2026-07-31 00:34:48.252910,2026-08-02 08:00:00,maccabi,"משפחה,פנימית וכללית",דר ראד אלטלאלקה,"אל-קודס 7, לקיה",2.0,לקיה
2026-07-31 00:34:48.252910,2026-08-03 07:45:00,maccabi,"משפחה,פנימית וכללית",דר טטיאנה ברון,"דפנה 10, עומר",3.0,עומר
2026-07-31 00:34:48.252910,2026-08-02 08:45:00,maccabi,"משפחה,פנימית וכללית",דר בני מיכאלי,"דפנה 10, עומר",2.0,עומר
2026-07-31 00:34:48.252910,2026-08-02 11:00:00,maccabi,"משפחה,פנימית וכללית",דר אנטה פרוטס,"שריג נחום 33, באר שבע",2.0,באר שבע
2026-07-31 00:34:48.252910,2026-08-02 08:00:00,maccabi,"משפחה,פנימית וכללית",דר אווה סטר,"שריג נחום 33, באר שבע",2.0,באר שבע
2026-07-31 00:34:48.252910,2026-08-05 09:10:00,maccabi,"משפחה,פנימית וכללית",דר ויקטוריה סוסליאן,"הדעת 102, באר שבע",5.0,באר שבע
2026-07-31 00:34:48.252910,2026-08-02 08:20:00,maccabi,"משפחה,פנימית וכללית",דר אנסטסיה רובינא,"הדעת 102, באר שבע",2.0,באר שבע
2026-07-31 00:34:48.252910,2026-11-27 08:00:00,maccabi,"משפחה,פנימית וכללית",דר סארי אבו סעלוק,"הדעת 102, באר שבע",119.0,באר שבע
2026-07-31 00:34:48.252910,2026-08-02 08:10:00,maccabi,"משפחה,פנימית וכללית",דר מילכה מרדכייב,"הדעת 102, באר שבע",2.0,באר שבע
2026-07-31 00:34:48.252910,2026-08-07 08:30:00,maccabi,"משפחה,פנימית וכללית",דר מריה מרון,"נחל פרת 20, באר שבע",7.0,באר שבע
2026-07-31 00:34:48.252910,2026-08-02 08:20:00,maccabi,"משפחה,פנימית וכללית",דר אלכסנדר קרקיס,"נחל פרת 20, באר שבע",2.0,באר שבע
2026-07-31 00:34:48.252910,2026-08-12 08:15:00,maccabi,"משפחה,פנימית וכללית",דר רומן רדוצקי,"שינדלר אוסקר 32, באר שבע",12.0,באר שבע
2026-07-31 00:34:48.252910,2026-08-03 09:24:00,maccabi,"משפחה,פנימית וכללית",דר ולדימיר מילינבסקי,"שינדלר אוסקר 32, באר שבע",3.0,באר שבע
2026-07-31 00:34:48.252910,2026-08-03 07:48:00,maccabi,"משפחה,פנימית וכללית",דר פלורנסיה דיאז גרמוי,"שינדלר אוסקר 32, באר שבע",3.0,באר שבע
2026-07-31 00:34:48.252910,2026-08-02 08:00:00,maccabi,"משפחה,פנימית וכללית",דר שיר פיליפ,"שינדלר אוסקר 32, באר שבע",2.0,באר שבע
2026-07-31 00:34:48.252910,2026-08-03 14:30:00,maccabi,"משפחה,פנימית וכללית",דר גאסם אזיאדנה,"שינדלר אוסקר 32, באר שבע",3.0,באר שבע
2026-07-31 00:34:48.252910,2026-08-31 08:00:00,maccabi,"משפחה,פנימית וכללית",דר זאק סעדון,"אוניברסיטת בן גוריון, באר שבע",31.0,באר שבע
2026-07-31 00:34:48.252910,2026-08-04 08:00:00,maccabi,"משפחה,פנימית וכללית",דר תאמר אבו עמאר,"אוניברסיטת בן גוריון, באר שבע",4.0,באר שבע
2026-07-31 00:34:48.252910,,maccabi,"משפחה,פנימית וכללית",דר יעקב גלזר,"שד רגר יצחק 51, באר שבע",,באר שבע
2026-07-31 00:34:48.252910,2026-08-02 11:00:00,maccabi,"משפחה,פנימית וכללית",דר מרינה רסקינד,"פריאר רחה 9, באר שבע",2.0,באר שבע
2026-07-31 00:34:48.252910,2026-08-18 14:45:00,maccabi,"משפחה,פנימית וכללית",דר אינה גלזר,"שד רגר יצחק 51, באר שבע",18.0,באר שבע
2026-07-31 00:34:48.252910,2026-08-04 09:30:00,maccabi,"משפחה,פנימית וכללית",דר יאן מילמן,"בן צבי יצחק 9, באר שבע",4.0,באר שבע
2026-07-31 00:34:48.252910,2026-08-02 10:40:00,maccabi,"משפחה,פנימית וכללית",דר אירנה אליושין,"שד רגר יצחק 11, באר שבע",2.0,באר שבע
2026-07-31 00:34:48.252910,2026-08-02 16:00:00,maccabi,"משפחה,פנימית וכללית",דר יעל אטיה-כוכבי,"יאיר אברהם שטרן 43, באר שבע",2.0,באר שבע
2026-07-31 00:34:48.252910,2026-08-02 08:25:00,maccabi,"משפחה,פנימית וכללית",דר אירנה ברינסקי,"מבצע יואב 49/32, באר שבע",2.0,באר שבע
2026-07-31 00:34:48.252910,2026-08-02 09:15:00,maccabi,"משפחה,פנימית וכללית",דר מוריה גל,"מועצה אזורית הר חברון, מיתרים",2.0,מיתרים
2026-07-31 00:34:48.252910,2026-08-02 11:50:00,maccabi,"משפחה,פנימית וכללית",דר יעל אטיה-כוכבי,"האבות 33, באר שבע",2.0,באר שבע
2026-07-31 00:34:48.252910,2026-08-09 11:45:00,maccabi,"משפחה,פנימית וכללית",דר שרון שטרן-פליקר,"רימון 1, להבים",9.0,להבים
2026-07-31 00:34:48.252910,,maccabi,"משפחה,פנימית וכללית",דר מוריס ביטון,"רובינא חנה 22, באר שבע",,באר שבע
2026-07-31 00:34:48.252910,,maccabi,"משפחה,פנימית וכללית",דר ולדלן גרינברג,"רובינא חנה 22, באר שבע",,באר שבע
2026-07-31 00:34:48.252910,2026-08-03 08:00:00,maccabi,"משפחה,פנימית וכללית",דר אנסטסיה רובינא,"רובינא חנה 22, באר שבע",3.0,באר שבע
2026-07-31 00:34:48.252910,2026-08-02 08:00:00,maccabi,"משפחה,פנימית וכללית",דר יורי טרק,"רובינא חנה 22, באר שבע",2.0,באר שבע
2026-07-31 00:34:48.252910,2026-08-02 17:30:00,maccabi,"משפחה,פנימית וכללית",דר זיוה שוורץ אלקבץ,"רימון 1, להבים",2.0,להבים
2026-07-31 00:34:48.252910,2026-08-02 08:00:00,maccabi,"משפחה,פנימית וכללית",דר זיד אבו עראר,"רובינא חנה 22, באר שבע",2.0,באר שבע
2026-07-31 00:34:48.252910,2026-08-03 16:00:00,maccabi,"משפחה,פנימית וכללית",דר סארי אבו סעלוק,"רובינא חנה 22, באר שבע",3.0,באר שבע
2026-07-31 00:34:48.252910,2026-08-02 15:50:00,maccabi,"משפחה,פנימית וכללית",דר יורי קלאשיאן,"הרב הרצוג 2, באר שבע",2.0,באר שבע
2026-07-31 00:34:48.252910,2026-08-02 13:20:00,maccabi,"משפחה,פנימית וכללית",דר חנה חזנוב,"הרב הרצוג 2, באר שבע",2.0,באר שבע
2026-07-31 00:34:48.252910,2026-08-03 11:10:00,maccabi,"משפחה,פנימית וכללית",דר אולגה לוין,"בית אל 31, באר שבע",3.0,באר שבע
2026-07-31 00:34:48.252910,2026-08-02 08:30:00,maccabi,"משפחה,פנימית וכללית",דר תאמר אבו עמאר,"בית אל 31, באר שבע",2.0,באר שבע
2026-07-31 00:34:48.252910,2026-08-03 11:15:00,maccabi,"משפחה,פנימית וכללית",דר טטיאנה קובצב,"בית אל 31, באר שבע",3.0,באר שבע
2026-07-31 00:34:48.252910,2026-08-02 08:00:00,maccabi,"משפחה,פנימית וכללית",דר ברוך מנדלצוויג,"יוהנה ז'בוטינסקי 30, באר שבע",2.0,באר שבע
2026-07-31 00:34:48.252910,2026-08-02 10:10:00,maccabi,"משפחה,פנימית וכללית",דר אירנה קמרלי,"יוהנה ז'בוטינסקי 30, באר שבע",2.0,באר שבע
2026-07-31 00:34:48.252910,2026-08-09 08:00:00,maccabi,"משפחה,פנימית וכללית",דר אירינה גרנאדיר,"יוהנה ז'בוטינסקי 30, באר שבע",9.0,באר שבע
2026-07-31 00:34:48.252910,2026-08-05 08:45:00,maccabi,"משפחה,פנימית וכללית",דר אור בקשי,"יוהנה ז'בוטינסקי 30, באר שבע",5.0,באר שבע
2026-07-31 00:34:48.252910,2026-08-02 08:40:00,maccabi,"משפחה,פנימית וכללית",דר דניאל גוניקמן,"יוהנה ז'בוטינסקי 30, באר שבע",2.0,באר שבע
2026-07-31 00:34:48.252910,2026-08-04 08:45:00,maccabi,"משפחה,פנימית וכללית",דר אינגריד קרינה פיינווקס לוי,"יוהנה ז'בוטינסקי 30, באר שבע",4.0,באר שבע
2026-07-31 00:34:48.252910,2026-08-03 09:45:00,maccabi,"משפחה,פנימית וכללית",דר אגי קראוס,"יוהנה ז'בוטינסקי 30, באר שבע",3.0,באר שבע
2026-07-31 00:34:48.252910,2026-08-04 10:20:00,maccabi,"משפחה,פנימית וכללית",דר אלכס סמיונוב,"יוהנה ז'בוטינסקי 42, באר שבע",4.0,באר שבע
2026-07-31 00:34:48.252910,2026-08-02 08:40:00,maccabi,"משפחה,פנימית וכללית",דר ויקטור קוזלוב,"יוהנה ז'בוטינסקי 42, באר שבע",2.0,באר שבע
2026-07-31 00:34:48.252910,2026-08-06 15:10:00,maccabi,"משפחה,פנימית וכללית",דר מרינה סמיונוב,"יוהנה ז'בוטינסקי 42, באר שבע",6.0,באר שבע
2026-07-31 00:34:48.252910,2026-08-02 08:00:00,maccabi,"משפחה,פנימית וכללית",דר אולגה דודרב,"לנדאו חיים 6, באר שבע",2.0,באר שבע
2026-07-31 00:34:48.252910,2026-08-03 16:00:00,maccabi,"משפחה,פנימית וכללית",דר חצ'יורי קחבר,"לנדאו חיים 6, באר שבע",3.0,באר שבע
2026-07-31 00:34:48.252910,2026-08-02 16:00:00,maccabi,"משפחה,פנימית וכללית",דר נאסר אבו עראר,"לנדאו חיים 6, באר שבע",2.0,באר שבע
2026-07-31 00:34:48.252910,2026-08-05 16:00:00,maccabi,"משפחה,פנימית וכללית",דר מילכה מרדכייב,"לנדאו חיים 6, באר שבע",5.0,באר שבע
2026-07-31 00:34:48.252910,2026-08-02 09:00:00,maccabi,"משפחה,פנימית וכללית",דר יוסף עבד אל עזיז,"לנדאו חיים 6, באר שבע",2.0,באר שבע
2026-07-31 00:34:48.252910,2026-08-04 15:06:00,maccabi,"משפחה,פנימית וכללית",דר ולדימיר מילינבסקי,"לרון אפרים 112, באר שבע",4.0,באר שבע
2026-07-31 00:34:48.252910,2026-08-02 14:00:00,maccabi,"משפחה,פנימית וכללית",דר שיר פיליפ,"לרון אפרים 112, באר שבע",2.0,באר שבע
2026-07-31 00:34:48.252910,2026-08-09 17:36:00,maccabi,"משפחה,פנימית וכללית",דר מריה מרון,"לרון אפרים 112, באר שבע",9.0,באר שבע
2026-07-31 00:34:48.252910,2026-08-02 09:15:00,maccabi,"משפחה,פנימית וכללית",דר ברוניה יואכים,"לרון אפרים 112, באר שבע",2.0,באר שבע
2026-07-31 00:34:48.252910,,maccabi,"משפחה,פנימית וכללית",דר ורה ברברמן,"רחוב 121, שני",,שני
2026-07-31 00:34:48.252910,,maccabi,"משפחה,פנימית וכללית", תורן רופא,"מכבי שירותי בריאות, כסיפה",,כסיפה
2026-07-31 00:34:48.252910,2026-08-02 08:50:00,maccabi,"משפחה,פנימית וכללית",דר שפיק אבו עראר,"מכבי שירותי בריאות, כסיפה",2.0,כסיפה
2026-07-31 00:34:48.252910,,maccabi,"משפחה,פנימית וכללית",דר חמדאן אלעוקה,"מכבי מרכז רפואי ערוער, ערערה-בנגב",,ערערה-בנגב
2026-07-31 00:34:48.252910,2026-08-02 08:00:00,maccabi,"משפחה,פנימית וכללית",דר גאלל אבו עראר,"מכבי מרכז רפואי ערוער, ערערה-בנגב",2.0,ערערה-בנגב
2026-07-31 00:34:48.252910,,maccabi,"משפחה,פנימית וכללית",דר מוחמד חלאילה,"מכבי מרכז רפואי ערוער, ערערה-בנגב",,ערערה-בנגב
2026-07-31 00:34:48.252910,,maccabi,"משפחה,פנימית וכללית",דר זיד אבו עראר,"מכבי מרכז רפואי ערוער, ערערה-בנגב",,ערערה-בנגב
2026-07-31 00:34:48.252910,,maccabi,"משפחה,פנימית וכללית",דר סארי אבו סעלוק,"מכבי מרכז רפואי ערוער, ערערה-בנגב",,ערערה-בנגב
2026-07-31 00:34:48.252910,,maccabi,"משפחה,פנימית וכללית",דר נאסר אבו עראר,"מכבי מרכז רפואי ערוער, ערערה-בנגב",,ערערה-בנגב
2026-07-31 00:34:48.252910,2026-07-31 08:15:00,maccabi,"משפחה,פנימית וכללית",דר גאסם אזיאדנה,"שכונה 4 140, רהט",0.0,רהט
2026-07-31 00:34:48.252910,2026-08-03 08:00:00,maccabi,"משפחה,פנימית וכללית",דר חנן קרינאוי,"מרכז מסחרי, רהט",3.0,רהט
2026-07-31 00:34:48.252910,2026-08-02 08:00:00,maccabi,"משפחה,פנימית וכללית",דר היבא אבו רביעה,"מרכז מסחרי, רהט",2.0,רהט
2026-07-31 00:34:48.252910,2026-09-03 08:15:00,maccabi,"משפחה,פנימית וכללית",דר ניצן חלמיש,", יתיר",34.0,יתיר
2026-07-31 00:34:48.252910,2026-08-02 13:40:00,maccabi,"משפחה,פנימית וכללית",דר ג'ינה כהן,"רמח''ל 113, תפרח",2.0,תפרח
2026-07-31 00:34:48.252910,2026-08-03 08:45:00,maccabi,"משפחה,פנימית וכללית",דר אורן ערן,"רמח''ל 113, תפרח",3.0,תפרח
2026-07-31 00:34:48.252910,2026-08-02 15:30:00,maccabi,"משפחה,פנימית וכללית",דר תמר אנקרי נבו,"הגפן 1, שקף",2.0,שקף
2026-07-31 00:34:48.252910,2026-08-06 08:45:00,maccabi,"משפחה,פנימית וכללית",דר ז'אנה גפן,"שד גולדה מאיר 20, דימונה",6.0,דימונה
2026-07-31 00:34:48.252910,2026-08-03 14:40:00,maccabi,"משפחה,פנימית וכללית",דר ליאונרד איזנווה,"שד גולדה מאיר 20, דימונה",3.0,דימונה
2026-07-31 00:34:48.252910,2026-08-02 15:45:00,maccabi,"משפחה,פנימית וכללית",דר ילנה גוסיאטינר,"שד גולדה מאיר 20, דימונה",2.0,דימונה
2026-07-31 00:34:48.252910,,maccabi,"משפחה,פנימית וכללית", תורן רופא,"שד גולדה מאיר 20, דימונה",,דימונה
2026-07-31 00:34:48.252910,2026-08-02 15:00:00,maccabi,"משפחה,פנימית וכללית",דר יאיר כהן,"שד גולדה מאיר 20, דימונה",2.0,דימונה
2026-07-31 00:34:48.252910,2026-08-02 08:20:00,maccabi,"משפחה,פנימית וכללית",דר ענאן אלעתמין,"שד גולדה מאיר 20, דימונה",2.0,דימונה
2026-07-31 00:34:48.252910,2026-07-31 08:00:00,maccabi,"משפחה,פנימית וכללית",דר חמדאן אלעוקה,"שמעון בר יוחאי 1, דימונה",0.0,דימונה
2026-07-31 00:34:48.252910,2026-08-04 16:00:00,maccabi,"משפחה,פנימית וכללית",דר גאלל אבו עראר,"שמעון בר יוחאי 1, דימונה",4.0,דימונה
2026-07-31 00:34:48.252910,2026-08-04 16:00:00,maccabi,"משפחה,פנימית וכללית",דר זיד אבו עראר,"שמעון בר יוחאי 1, דימונה",4.0,דימונה
2026-07-31 00:34:48.252910,2026-08-02 09:00:00,maccabi,"משפחה,פנימית וכללית",דר אולגה שצ'גול,"שמעון בר יוחאי 1, דימונה",2.0,דימונה
2026-07-31 00:34:48.252910,2026-08-02 08:00:00,maccabi,"משפחה,פנימית וכללית",דר אברהם שלמה לוי,"נתיב התמר 10, ערד",2.0,ערד
2026-07-31 00:34:48.252910,2026-08-02 10:00:00,maccabi,"משפחה,פנימית וכללית",דר טטיאנה ליפשיץ,"בן איש חי 1530, אופקים",2.0,אופקים
2026-07-31 00:34:48.252910,,maccabi,"משפחה,פנימית וכללית", תורן רופא,"בן איש חי 1530, אופקים",,אופקים
2026-07-31 00:34:48.252910,2026-08-02 10:45:00,maccabi,"משפחה,פנימית וכללית",דר פאוזי אלטורה,"בן איש חי 1530, אופקים",2.0,אופקים
2026-07-31 00:34:48.252910,2026-08-02 14:12:00,maccabi,"משפחה,פנימית וכללית",דר איגור קורסונסקי,"הרב עובדיה יוסף 10, אופקים",2.0,אופקים
2026-07-31 00:34:48.252910,2026-08-04 08:40:00,maccabi,"משפחה,פנימית וכללית",דר אינה בגן,"שד הרצל 36, אופקים",4.0,אופקים
2026-07-31 00:34:48.252910,2026-08-02 08:30:00,maccabi,"משפחה,פנימית וכללית",דר אריאלה בלום,"הרב עובדיה יוסף 10, אופקים",2.0,אופקים
2026-07-31 00:34:48.252910,,maccabi,"משפחה,פנימית וכללית", תורן רופא,"הרב עובדיה יוסף 10, אופקים",,אופקים
2026-07-31 00:34:48.252910,,maccabi,"משפחה,פנימית וכללית",דר סמיר אלג'ראבעה,"הרב עובדיה יוסף 10, אופקים",,אופקים
2026-07-31 00:34:48.252910,2026-08-03 12:12:00,maccabi,"משפחה,פנימית וכללית",דר עדן זהבי,"הרב עובדיה יוסף 10, אופקים",3.0,אופקים
2026-07-31 00:34:48.252910,2026-08-04 09:15:00,maccabi,"משפחה,פנימית וכללית",דר פאוזי אלטורה,"שד הרצל 36, אופקים",4.0,אופקים
2026-07-31 00:34:48.252910,2026-08-03 16:20:00,maccabi,"משפחה,פנימית וכללית",דר ראד אלטלאלקה,"שד הרצל 36, אופקים",3.0,אופקים
2026-07-31 00:34:48.252910,2026-08-02 14:18:00,maccabi,"משפחה,פנימית וכללית",דר אולגה ולייב,"הרב עובדיה יוסף 10, אופקים",2.0,אופקים
2026-07-31 00:34:48.252910,2026-08-02 16:00:00,maccabi,"משפחה,פנימית וכללית",דר אלכסנדר ברקובסקי,"שמעון 27/16, ערד",2.0,ערד
2026-07-31 00:34:48.252910,2026-08-05 10:30:00,maccabi,"משפחה,פנימית וכללית",דר לודמילה רדום,"בן יאיר אלעזר 39, ערד",5.0,ערד
2026-07-31 00:34:48.252910,2026-08-02 11:15:00,maccabi,"משפחה,פנימית וכללית",דר ילנה סימקוב,"שמעון 13, ערד",2.0,ערד
2026-07-31 00:34:48.252910,,maccabi,"משפחה,פנימית וכללית",דר דוד פרידמן,"שמעון 13, ערד",,ערד
2026-07-31 00:34:48.252910,2026-08-02 13:45:00,maccabi,"משפחה,פנימית וכללית",דר ורה ברברמן,"שמעון 13, ערד",2.0,ערד
2026-07-31 00:34:48.252910,2026-08-02 08:40:00,maccabi,"משפחה,פנימית וכללית",דר יעקב גטקין,"שמעון 13, ערד",2.0,ערד
2026-07-31 00:34:48.252910,2026-08-02 08:00:00,maccabi,"משפחה,פנימית וכללית",דר אירינה גורדז'י,"שמעון 13, ערד",2.0,ערד
2026-07-31 00:34:48.252910,2026-08-04 08:45:00,maccabi,"משפחה,פנימית וכללית",דר שפיק אבו עראר,"שמעון 13, ערד",4.0,ערד
2026-07-31 00:34:48.252910,,maccabi,"משפחה,פנימית וכללית", תורן רופא,"שמעון 13, ערד",,ערד
2026-07-31 00:34:48.252910,,maccabi,"משפחה,פנימית וכללית",דר אלינה פרס,"שמעון 13, ערד",,ערד
2026-07-31 00:34:48.252910,2026-08-16 13:40:00,maccabi,"משפחה,פנימית וכללית",דר אוריאל טהר,"שמעון 13, ערד",16.0,ערד
2026-07-31 00:34:48.252910,,maccabi,"משפחה,פנימית וכללית", תורן רופא,"בורנשטיין צבי 199, ירוחם",,ירוחם
2026-07-31 00:34:48.252910,2026-08-02 11:00:00,maccabi,"משפחה,פנימית וכללית",דר אור צדוק זהבי,"בורנשטיין צבי 199, ירוחם",2.0,ירוחם
2026-07-31 00:34:48.252910,2026-08-02 12:30:00,maccabi,"משפחה,פנימית וכללית",דר אינגריד קרינה פיינווקס לוי,"בורנשטיין צבי 199, ירוחם",2.0,ירוחם
2026-07-31 00:34:48.252910,,maccabi,"משפחה,פנימית וכללית",דר אננה סלובודניק,"נחל אשכול 403/23, קרית ארבע",,קרית ארבע
2026-07-31 00:34:48.252910,,maccabi,"משפחה,פנימית וכללית",דר מוריס ביטון,"שד ירושלים 18, נתיבות",,נתיבות
2026-07-31 00:34:48.252910,2026-08-05 10:15:00,maccabi,"משפחה,פנימית וכללית",דר מילה גלברג,"שד ירושלים 18, נתיבות",5.0,נתיבות
2026-07-31 00:34:48.252910,2026-08-02 15:20:00,maccabi,"משפחה,פנימית וכללית",פרופ אשר אלחיאני,"שד ירושלים 18, נתיבות",2.0,נתיבות
2026-07-31 00:34:48.252910,2026-08-07 08:40:00,maccabi,"משפחה,פנימית וכללית",דר מוחמד סעדיה,"שד ירושלים 18, נתיבות",7.0,נתיבות
2026-07-31 00:34:48.252910,2026-08-02 08:45:00,maccabi,"משפחה,פנימית וכללית",דר עבדאללה מיעארי,"שד ירושלים 18, נתיבות",2.0,נתיבות
2026-07-31 00:34:48.252910,2026-08-02 10:20:00,maccabi,"משפחה,פנימית וכללית",דר ילנה מורוזוב,"שד ירושלים 18, נתיבות",2.0,נתיבות
2026-07-31 00:34:48.252910,2026-08-02 08:15:00,maccabi,"משפחה,פנימית וכללית",דר אחמד אבו שלדם,"שד ירושלים 18, נתיבות",2.0,נתיבות
2026-07-31 00:34:48.252910,2026-07-31 09:30:00,maccabi,"משפחה,פנימית וכללית",דר רפעת אבו פריחה,"שד ירושלים 18, נתיבות",0.0,נתיבות
2026-07-31 00:34:48.252910,2026-08-03 15:10:00,maccabi,"משפחה,פנימית וכללית",דר תאופיק אבו עמרה,"שד ירושלים 18, נתיבות",3.0,נתיבות
2026-07-31 00:34:48.252910,2026-08-02 09:30:00,maccabi,"משפחה,פנימית וכללית",דר ג'ינה כהן,"שד ירושלים 18, נתיבות",2.0,נתיבות
2026-07-31 00:34:48.252910,,maccabi,"משפחה,פנימית וכללית",דר דוד פורמן,"שד ירושלים 18, נתיבות",,נתיבות
2026-07-31 00:34:48.252910,2026-08-02 08:45:00,maccabi,"משפחה,פנימית וכללית",דר נאסר אבו עראר,"שד ירושלים 18, נתיבות",2.0,נתיבות
2026-07-31 00:34:48.252910,,maccabi,"משפחה,פנימית וכללית",דר מאיה מוס ישי,"שד ירושלים 18, נתיבות",,נתיבות
2026-07-31 00:34:48.252910,2026-08-06 16:30:00,maccabi,"משפחה,פנימית וכללית",דר אמיר דבאח,"שד ירושלים 18, נתיבות",6.0,נתיבות
2026-07-31 00:34:48.252910,2026-08-03 15:15:00,maccabi,"משפחה,פנימית וכללית",דר עדן זהבי,"מועצה אזורית רמת הנגב, רמת הנגב",3.0,רמת הנגב
2026-07-31 00:34:48.252910,2026-08-04 15:30:00,maccabi,"משפחה,פנימית וכללית",דר ענאן אלעתמין,"מועצה אזורית רמת הנגב, רמת הנגב",4.0,רמת הנגב
2026-07-31 00:34:48.252910,2026-08-09 16:40:00,maccabi,"משפחה,פנימית וכללית",דר מוריס ביטון,"שד ירושלים 136, נתיבות",9.0,נתיבות
2026-07-31 00:34:48.252910,2026-08-28 08:00:00,maccabi,"משפחה,פנימית וכללית",דר זויה ריאבאיה-טשב,"שד ירושלים 136, נתיבות",28.0,נתיבות
2026-07-31 00:34:48.252910,2026-08-02 08:40:00,maccabi,"משפחה,פנימית וכללית",דר שאדי חוסין,"שד ירושלים 136, נתיבות",2.0,נתיבות
2026-07-31 00:34:48.252910,2026-08-05 08:40:00,maccabi,"משפחה,פנימית וכללית",דר ילנה מורוזוב,"שד ירושלים 136, נתיבות",5.0,נתיבות
2026-07-31 00:34:48.252910,2026-07-31 08:15:00,maccabi,"משפחה,פנימית וכללית",דר אמיר דבאח,"שד ירושלים 136, נתיבות",0.0,נתיבות
2026-07-31 00:34:48.252910,2026-08-02 11:00:00,maccabi,"משפחה,פנימית וכללית",דר מוריס ביטון,"האר""י 86/8, נתיבות",2.0,נתיבות
2026-07-31 00:34:48.252910,2026-08-26 09:45:00,maccabi,"משפחה,פנימית וכללית",דר זויה ריאבאיה-טשב,"האר""י 86/8, נתיבות",26.0,נתיבות
2026-07-31 00:34:48.252910,2026-08-02 08:40:00,maccabi,"משפחה,פנימית וכללית",דר מוחמד סעדיה,"האר""י 86/8, נתיבות",2.0,נתיבות
2026-07-31 00:34:48.252910,,maccabi,"משפחה,פנימית וכללית",דר דוד פורמן,"האר""י 86/8, נתיבות",,נתיבות
2026-07-31 00:34:48.252910,2026-08-02 14:50:00,maccabi,"משפחה,פנימית וכללית",דר אלינה קורץ,"גני טל 2, נתיבות",2.0,נתיבות
2026-07-31 00:34:48.252910,2026-08-02 08:00:00,maccabi,"משפחה,פנימית וכללית",דר מוחמד טלאקאת,"גני טל 2, נתיבות",2.0,נתיבות
2026-07-31 00:34:48.252910,2026-08-06 15:10:00,maccabi,"משפחה,פנימית וכללית",דר סופיה זילברמן,"שד מלכי ישראל 178, קריית גת",6.0,קריית גת
2026-07-31 00:34:48.252910,2026-08-27 09:30:00,maccabi,"משפחה,פנימית וכללית",דר רוסלן קמרלי,"שד מלכי ישראל 178, קריית גת",27.0,קריית גת
2026-07-31 00:34:48.252910,2026-08-02 16:20:00,maccabi,"משפחה,פנימית וכללית",דר דין-נויה אנגלשטיין,"שד מלכי ישראל 178, קריית גת",2.0,קריית גת
2026-07-31 00:34:48.252910,2026-08-13 09:10:00,maccabi,"משפחה,פנימית וכללית",דר דנה כץ קרפאק,"שד מלכי ישראל 178, קריית גת",13.0,קריית גת
2026-07-31 00:34:48.252910,2026-08-24 10:20:00,maccabi,"משפחה,פנימית וכללית",דר אלון שלב,"שד העצמאות 64, קריית גת",24.0,קריית גת
2026-07-31 00:34:48.252910,2026-08-05 11:30:00,maccabi,"משפחה,פנימית וכללית",דר דניאלה יבגניה כהן,"שד העצמאות 64, קריית גת",5.0,קריית גת
2026-07-31 00:34:48.252910,2026-08-03 10:50:00,maccabi,"משפחה,פנימית וכללית",דר מרינה פרי,"שד העצמאות 64, קריית גת",3.0,קריית גת
2026-07-31 00:34:48.252910,2026-08-12 09:10:00,maccabi,"משפחה,פנימית וכללית",דר יעל אורקין,"שד העצמאות 64, קריית גת",12.0,קריית גת
2026-07-31 00:34:48.252910,2026-08-11 09:30:00,maccabi,"משפחה,פנימית וכללית",דר אברהם בדיחי,"שד העצמאות 64, קריית גת",11.0,קריית גת
2026-07-31 00:34:48.252910,2026-08-16 10:20:00,maccabi,"משפחה,פנימית וכללית",דר נטליה אוסקוטסקי,"שד העצמאות 64, קריית גת",16.0,קריית גת
2026-07-31 00:34:48.252910,2026-09-17 10:48:00,maccabi,"משפחה,פנימית וכללית",דר ריטה פרילוק,"שד העצמאות 64, קריית גת",48.0,קריית גת
2026-07-31 00:34:48.252910,2026-09-01 07:45:00,maccabi,"משפחה,פנימית וכללית",דר אסף ביבר,"שד העצמאות 64, קריית גת",32.0,קריית גת
2026-07-31 00:34:48.252910,2026-08-04 08:15:00,maccabi,"משפחה,פנימית וכללית",דר אלכסנדר טוזוב,"שד העצמאות 64, קריית גת",4.0,קריית גת
2026-07-31 00:34:48.252910,,maccabi,"משפחה,פנימית וכללית", תורן רופא,"אדוריים 101, קריית גת",,קריית גת
2026-07-31 00:34:48.252910,2026-08-03 11:00:00,maccabi,"משפחה,פנימית וכללית",דר תמר אנקרי נבו,"אדוריים 101, קריית גת",3.0,קריית גת
2026-07-31 00:34:48.252910,2026-08-03 09:00:00,maccabi,"משפחה,פנימית וכללית",דר אלה סדן,"שדרות אבני החושן 1, קריית גת",3.0,קריית גת
2026-07-31 00:34:48.252910,2026-08-02 15:00:00,maccabi,"משפחה,פנימית וכללית",דר אילן יהושע,"שדרות אבני החושן 1, קריית גת",2.0,קריית גת
2026-07-31 00:34:48.252910,2026-08-04 13:15:00,maccabi,"משפחה,פנימית וכללית",דר סמדר ריין,"שדרות אבני החושן 1, קריית גת",4.0,קריית גת
2026-07-31 00:34:48.252910,2026-08-18 07:30:00,maccabi,"משפחה,פנימית וכללית",דר יעל אורקין,"שדרות אבני החושן 1, קריית גת",18.0,קריית גת
2026-07-31 00:34:48.252910,,maccabi,"משפחה,פנימית וכללית", תורן רופא,"שדרות אבני החושן 1, קריית גת",,קריית גת
2026-07-31 00:34:48.252910,2026-08-02 14:00:00,maccabi,"משפחה,פנימית וכללית",דר אמיר אלזיאדנה,"שדרות אבני החושן 1, קריית גת",2.0,קריית גת
2026-07-31 00:34:48.252910,2026-08-06 13:10:00,maccabi,"משפחה,פנימית וכללית",דר רוסלן קמרלי,"נתיבות שלום 16, קריית גת",6.0,קריית גת
2026-07-31 00:34:48.252910,2026-08-03 08:40:00,maccabi,"משפחה,פנימית וכללית",דר אמיר אלזיאדנה,"נתיבות שלום 16, קריית גת",3.0,קריית גת
2026-07-31 00:34:48.252910,2026-08-02 08:00:00,maccabi,"משפחה,פנימית וכללית",דר אילן יהושע,"נתיבות שלום 16, קריית גת",2.0,קריית גת
2026-07-31 00:34:48.252910,2026-08-03 11:00:00,maccabi,"משפחה,פנימית וכללית",דר סמדר ריין,"נתיבות שלום 16, קריית גת",3.0,קריית גת
2026-07-31 00:34:48.252910,,maccabi,"משפחה,פנימית וכללית", תורן רופא,"נתיבות שלום 16, קריית גת",,קריית גת
2026-07-31 00:34:48.252910,2026-08-02 11:00:00,maccabi,"משפחה,פנימית וכללית",דר אלה סדן,"נתיבות שלום 16, קריית גת",2.0,קריית גת
2026-07-31 00:34:48.252910,,maccabi,נוירוכירורגיה,דר יובל סופרו,"תפוח 41, עומר",,עומר
2026-07-31 00:34:48.252910,,maccabi,נוירוכירורגיה,דר יובל סופרו,"שד רגר יצחק 11, באר שבע",,באר שבע
2026-07-31 00:34:48.252910,2026-11-15 12:00:00,maccabi,נוירולוגיה,דר זאב לוזון,"השלום 70, באר שבע",107.0,באר שבע
2026-07-31 00:34:48.252910,2026-11-03 18:20:00,maccabi,נוירולוגיה,פרופ שי מנשקו,"התקוה 4, באר שבע",95.0,באר שבע
2026-07-31 00:34:48.252910,,maccabi,נוירולוגיה,דר אבראהים אבו סלאמה,"התקוה 4, באר שבע",,באר שבע
2026-07-31 00:34:48.252910,2027-01-14 13:30:00,maccabi,נוירולוגיה,דר איליה טרחטנברוייט,"התקוה 4, באר שבע",167.0,באר שבע
2026-07-31 00:34:48.252910,,maccabi,נוירולוגיה, נוירולוגית מרפאה,"התקוה 4, באר שבע",,באר שבע
2026-07-31 00:34:48.252910,,maccabi,נוירולוגיה,דר מייקל סטאר,"התקוה 4, באר שבע",,באר שבע
2026-07-31 00:34:48.252910,2026-11-05 16:20:00,maccabi,נוירולוגיה,דר טטיאנה מנביץ,"התקוה 4, באר שבע",97.0,באר שבע
2026-07-31 00:34:48.252910,,maccabi,נוירולוגיה,דר מוניר אבו מדעים,"התקוה 4, באר שבע",,באר שבע
2026-07-31 00:34:48.252910,2026-11-04 08:00:00,maccabi,נוירולוגיה,דר טטיאנה מנביץ,"שד הרצל 36, אופקים",96.0,אופקים
2026-07-31 00:34:48.252910,2026-12-21 18:20:00,maccabi,נוירולוגיה,דר אנדריי אובנניאן,"שמעון 13, ערד",143.0,ערד
2026-07-31 00:34:48.252910,,maccabi,נוירולוגיה,דר מוניר אבו מדעים,"אליהו אילוז 2, נתיבות",,נתיבות
2026-07-31 00:34:48.252910,2026-11-10 10:00:00,maccabi,נוירולוגיה,דר לאוניד קרבץ,"גני טל 2, נתיבות",102.0,נתיבות
2026-07-31 00:34:48.252910,2026-11-05 11:15:00,maccabi,נוירולוגיה,דר לאוניד קרבץ,"שד העצמאות 64, קריית גת",97.0,קריית גת
2026-07-31 00:34:48.252910,,maccabi,נוירולוגיה,דר ורד ברזילי פסח,"אדוריים 101, קריית גת",,קריית גת
2026-07-31 00:34:48.252910,2027-07-08 10:30:00,maccabi,נפרולוגיה,דר ולדימיר רפופורט,"התקוה 4, באר שבע",342.0,באר שבע
2026-07-31 00:34:48.252910,,maccabi,נפרולוגיה,דר מיכאל האוזמן,"התקוה 4, באר שבע",,באר שבע
2026-07-31 00:34:48.252910,,maccabi,נשים - אנדומטריוזיס,דר אחמט נמזוב,"התקוה 4, באר שבע",,באר שבע
2026-07-31 00:34:48.252910,,maccabi,נשים - מעקב הריונות מיוחדים,דר אילן שוורץ,"התקוה 4, באר שבע",,באר שבע
2026-07-31 00:34:48.252910,,maccabi,נשים - מעקב הריונות מיוחדים,דר גיל גוטווירץ,"התקוה 4, באר שבע",,באר שבע
2026-07-31 00:34:48.252910,2026-08-26 12:00:00,maccabi,נשים - מעקב הריונות מיוחדים,דר יונתן דרור,"בן יאיר אלעזר 39, ערד",26.0,ערד
2026-07-31 00:34:48.252910,2026-08-10 14:50:00,maccabi,נשים - מעקב הריונות מיוחדים,דר אסנת רון טל פישר,"שדרות אבני החושן 1, קריית גת",10.0,קריית גת
2026-07-31 00:34:48.252910,2026-08-17 09:20:00,maccabi,סוכרת,דר ג'ברין אלקרינאוי,"אל-קודס 7, לקיה",17.0,לקיה
2026-07-31 00:34:48.252910,,maccabi,סוכרת,דר גלינה אברמוב,"התקוה 4, באר שבע",,באר שבע
2026-07-31 00:34:48.252910,,maccabi,סוכרת,דר דיינה כהן,"התקוה 4, באר שבע",,באר שבע
2026-07-31 00:34:48.252910,,maccabi,סוכרת,דר טטיאנה פוגצ'ב,"התקוה 4, באר שבע",,באר שבע
2026-07-31 00:34:48.252910,,maccabi,סוכרת,דר יבגניה טודוסוי,"התקוה 4, באר שבע",,באר שבע
2026-07-31 00:34:48.252910,,maccabi,סוכרת,דר ג'ברין אלקרינאוי,"שד גולדה מאיר 20, דימונה",,דימונה
2026-07-31 00:34:48.252910,,maccabi,סוכרת,דר גאסם אזיאדנה,"שד הרצל 36, אופקים",,אופקים
2026-07-31 00:34:48.252910,,maccabi,סוכרת,דר יורי יאנוביצקי,"אליהו אילוז 2, נתיבות",,נתיבות
2026-07-31 00:34:48.252910,,maccabi,סוכרת,דר אילנה מרגולין,"שד העצמאות 64, קריית גת",,קריית גת
2026-07-31 00:34:48.252910,2026-08-13 10:45:00,maccabi,עור ומין,דר רונן מגון,"פריאר רחה 9, באר שבע",13.0,באר שבע
2026-07-31 00:34:48.252910,,maccabi,עור ומין,דר יהונתן בירון,"התקוה 4, באר שבע",,באר שבע
2026-07-31 00:34:48.252910,2026-08-17 17:00:00,maccabi,עור ומין,פרופ מרסלו גרינוולד,"שד רגר יצחק 28, באר שבע",17.0,באר שבע
2026-07-31 00:34:48.252910,2026-09-02 16:20:00,maccabi,עור ומין,פרופ מרסלו גרינוולד,"התקוה 4, באר שבע",33.0,באר שבע
2026-07-31 00:34:48.252910,2026-10-07 16:30:00,maccabi,עור ומין,דר אבי שי,"התקוה 4, באר שבע",68.0,באר שבע
2026-07-31 00:34:48.252910,2026-08-24 08:45:00,maccabi,עור ומין,דר נדיה זבלוצקי,"התקוה 4, באר שבע",24.0,באר שבע
2026-07-31 00:34:48.252910,,maccabi,עור ומין,דר אבי שי,"שד רגר יצחק 22, באר שבע",,באר שבע
2026-07-31 00:34:48.252910,,maccabi,עור ומין,דר נדיה זבלוצקי,"מזר בנימין 20, באר שבע",,באר שבע
2026-07-31 00:34:48.252910,2026-09-01 09:25:00,maccabi,עור ומין,דר יגאל סברדלוב,"לרון אפרים 112, באר שבע",32.0,באר שבע
2026-07-31 00:34:48.252910,,maccabi,עור ומין,דר עדי סעדיה,"שד גולדה מאיר 20, דימונה",,דימונה
2026-07-31 00:34:48.252910,2026-09-14 08:06:00,maccabi,עור ומין,דר רונן מגון,"שד הרצל 36, אופקים",45.0,אופקים
2026-07-31 00:34:48.252910,2026-08-24 10:55:00,maccabi,עור ומין,דר יהונתן בירון,"שמעון 13, ערד",24.0,ערד
2026-07-31 00:34:48.252910,2026-08-18 10:25:00,maccabi,עור ומין,פרופ מרסלו גרינוולד,"שמעון 13, ערד",18.0,ערד
2026-07-31 00:34:48.252910,2026-11-16 07:40:00,maccabi,עור ומין,דר את'יר מצאלחה,"גני טל 2, נתיבות",108.0,נתיבות
2026-07-31 00:34:48.252910,2026-11-09 08:00:00,maccabi,עור ומין,דר ודים גקמן,"שד מלכי ישראל 178, קריית גת",101.0,קריית גת
2026-07-31 00:34:48.252910,,maccabi,עור ומין,דר יוסי ירושלמי,"שד העצמאות 64, קריית גת",,קריית גת
2026-07-31 00:34:48.252910,2026-09-08 08:54:00,maccabi,עיניים,דר קונסטנטין גושנסקי,"יהודה הנחתום 6, באר שבע",39.0,באר שבע
2026-07-31 00:34:48.252910,,maccabi,עיניים,דר נעם יאנקולוביץ,"יחיל חיים 7, באר שבע",,באר שבע
2026-07-31 00:34:48.252910,2026-09-01 14:30:00,maccabi,עיניים,דר סולטן חלאילה,"יחיל חיים 7, באר שבע",32.0,באר שבע
2026-07-31 00:34:48.252910,2026-09-24 08:00:00,maccabi,עיניים,דר אביאל חדד,"יחיל חיים 7, באר שבע",55.0,באר שבע
2026-07-31 00:34:48.252910,,maccabi,עיניים,דר אנרי פיצ'חדזה,"יחיל חיים 7, באר שבע",,באר שבע
2026-07-31 00:34:48.252910,2026-08-18 13:30:00,maccabi,עיניים,דר צבי טסלר,"התקוה 4, באר שבע",18.0,באר שבע
2026-07-31 00:34:48.252910,2026-10-05 10:06:00,maccabi,עיניים,דר גדעון רוזנטל,"התקוה 4, באר שבע",66.0,באר שבע
2026-07-31 00:34:48.252910,2026-09-06 12:30:00,maccabi,עיניים,דר אסף קרץ,"התקוה 4, באר שבע",37.0,באר שבע
2026-07-31 00:34:48.252910,2026-11-08 10:24:00,maccabi,עיניים,דר אליונה פטרוב,"התקוה 4, באר שבע",100.0,באר שבע
2026-07-31 00:34:48.252910,,maccabi,עיניים,דר ולנטינה אסא,"התקוה 4, באר שבע",,באר שבע
2026-07-31 00:34:48.252910,2026-09-28 10:36:00,maccabi,עיניים,דר קונסטנטין גושנסקי,"התקוה 4, באר שבע",59.0,באר שבע
2026-07-31 00:34:48.252910,,maccabi,עיניים,דר חנין נסאר,"התקוה 4, באר שבע",,באר שבע
2026-07-31 00:34:48.252910,,maccabi,עיניים,דר אורן עיני,"התקוה 4, באר שבע",,באר שבע
2026-07-31 00:34:48.252910,2026-08-20 14:24:00,maccabi,עיניים,דר שמואל אביטל,"התקוה 4, באר שבע",20.0,באר שבע
2026-07-31 00:34:48.252910,2026-08-03 14:35:00,maccabi,עיניים,דר סולטן חלאילה,"התקוה 4, באר שבע",3.0,באר שבע
2026-07-31 00:34:48.252910,,maccabi,עיניים,דר איתמר קלמפרר,"שד רגר יצחק 22, באר שבע",,באר שבע
2026-07-31 00:34:48.252910,2026-10-27 11:00:00,maccabi,עיניים,דר אביחי סגל,"החלוץ 123, באר שבע",88.0,באר שבע
2026-07-31 00:34:48.252910,2026-10-29 16:24:00,maccabi,עיניים,דר אנרי פיצ'חדזה,"לרון אפרים 112, באר שבע",90.0,באר שבע
2026-07-31 00:34:48.252910,2026-12-17 18:24:00,maccabi,עיניים,דר אנרי פיצ'חדזה,"שד גולדה מאיר 20, דימונה",139.0,דימונה
2026-07-31 00:34:48.252910,2026-09-15 09:40:00,maccabi,עיניים,דר יונית קרקואר,"שד גולדה מאיר 20, דימונה",46.0,דימונה
2026-07-31 00:34:48.252910,2026-08-26 12:10:00,maccabi,עיניים,דר שמואל אביטל,"שד גולדה מאיר 20, דימונה",26.0,דימונה
2026-07-31 00:34:48.252910,2026-09-14 08:10:00,maccabi,עיניים,דר סולטן חלאילה,"שד גולדה מאיר 20, דימונה",45.0,דימונה
2026-07-31 00:34:48.252910,2026-09-15 09:14:00,maccabi,עיניים,דר יוליה טריפונוב,"שד הרצל 36, אופקים",46.0,אופקים
2026-07-31 00:34:48.252910,,maccabi,עיניים,דר אביחי סגל,"שמעון 13, ערד",,ערד
2026-07-31 00:34:48.252910,2027-01-03 10:40:00,maccabi,עיניים,דר דניאל אופיר,"שמעון 13, ערד",156.0,ערד
2026-07-31 00:34:48.252910,2026-08-10 11:50:00,maccabi,עיניים,דר יונית קרקואר,"שמעון 13, ערד",10.0,ערד
2026-07-31 00:34:48.252910,,maccabi,עיניים,דר שמואל אביטל,"שמעון 13, ערד",,ערד
2026-07-31 00:34:48.252910,2026-08-09 09:12:00,maccabi,עיניים,דר שמואל אביטל,"בורנשטיין צבי 199, ירוחם",9.0,ירוחם
2026-07-31 00:34:48.252910,2026-10-18 09:50:00,maccabi,עיניים,דר אלה ברמן,"שד ירושלים 18, נתיבות",79.0,נתיבות
2026-07-31 00:34:48.252910,2026-10-05 11:50:00,maccabi,עיניים,דר בתיה קוריאל,"שד ירושלים 18, נתיבות",66.0,נתיבות
2026-07-31 00:34:48.252910,2026-08-06 17:45:00,maccabi,עיניים,דר יוסי אשל,"שד ירושלים 18, נתיבות",6.0,נתיבות
2026-07-31 00:34:48.252910,2026-08-09 17:20:00,maccabi,עיניים,דר שמואל כהן,"הרימון 6/1, קריית גת",9.0,קריית גת
2026-07-31 00:34:48.252910,2026-08-30 08:17:00,maccabi,עיניים,דר בוריס פלוטקין,"שד מלכי ישראל 178, קריית גת",30.0,קריית גת
2026-07-31 00:34:48.252910,,maccabi,עיניים,דר אביב אמיתי,"שד העצמאות 64, קריית גת",,קריית גת
2026-07-31 00:34:48.252910,2026-09-08 08:54:00,maccabi,עיניים - פלסטיקה וארובה,דר קונסטנטין גושנסקי,"יהודה הנחתום 6, באר שבע",39.0,באר שבע
2026-07-31 00:34:48.252910,2026-09-01 14:30:00,maccabi,עיניים - פלסטיקה וארובה,דר סולטן חלאילה,"יחיל חיים 7, באר שבע",32.0,באר שבע
2026-07-31 00:34:48.252910,2026-08-03 14:35:00,maccabi,עיניים - פלסטיקה וארובה,דר סולטן חלאילה,"התקוה 4, באר שבע",3.0,באר שבע
2026-07-31 00:34:48.252910,2026-10-27 11:00:00,maccabi,עיניים - פלסטיקה וארובה,דר אביחי סגל,"החלוץ 123, באר שבע",88.0,באר שבע
2026-07-31 00:34:48.252910,2026-09-14 08:10:00,maccabi,עיניים - פלסטיקה וארובה,דר סולטן חלאילה,"שד גולדה מאיר 20, דימונה",45.0,דימונה
2026-07-31 00:34:48.252910,,maccabi,עיניים - פלסטיקה וארובה,דר אביחי סגל,"שמעון 13, ערד",,ערד
2026-07-31 00:34:48.252910,2026-08-20 14:24:00,maccabi,עיניים גלאוקומה,דר שמואל אביטל,"התקוה 4, באר שבע",20.0,באר שבע
2026-07-31 00:34:48.252910,,maccabi,עיניים גלאוקומה,דר שמואל אביטל,"שמעון 13, ערד",,ערד
2026-07-31 00:34:48.252910,,maccabi,עיניים רשתית,דר נעם יאנקולוביץ,"יחיל חיים 7, באר שבע",,באר שבע
2026-07-31 00:34:48.252910,2026-09-24 08:00:00,maccabi,עיניים רשתית,דר אביאל חדד,"יחיל חיים 7, באר שבע",55.0,באר שבע
2026-07-31 00:34:48.252910,,maccabi,פסיכיאטריה - מבוגרים, רופאים מרפאת,", אונליין בווידאו",,אונליין בווידאו
2026-07-31 00:34:48.252910,,maccabi,פסיכיאטריה - מבוגרים, רופאים מרפאת,", אונליין בווידאו",,אונליין בווידאו
2026-07-31 00:34:48.252910,,maccabi,פסיכיאטריה - מבוגרים,דר מוחמד בדארנה,"פריאר רחה 9, באר שבע",,באר שבע
2026-07-31 00:34:48.252910,,maccabi,פסיכיאטריה - מבוגרים,דר ולדיסלבה גורמן,"פריאר רחה 9, באר שבע",,באר שבע
2026-07-31 00:34:48.252910,,maccabi,פסיכיאטריה - מבוגרים,דר אופיר זלצברג,"פריאר רחה 9, באר שבע",,באר שבע
2026-07-31 00:34:48.252910,,maccabi,פסיכיאטריה - מבוגרים,דר יאן יאנקובסקי,"פריאר רחה 9, באר שבע",,באר שבע
2026-07-31 00:34:48.252910,2026-11-02 11:10:00,maccabi,פסיכיאטריה - מבוגרים,דר הלנה קרבובסקי,"שד רגר יצחק 11, באר שבע",94.0,באר שבע
2026-07-31 00:34:48.252910,,maccabi,פסיכיאטריה - מבוגרים,דר יקטרינה קובלונוק,"הרב הרצוג 2, באר שבע",,באר שבע
2026-07-31 00:34:48.252910,2026-10-06 18:00:00,maccabi,פסיכיאטריה - מבוגרים,דר סוהיל חלאילה,"הרב הרצוג 2, באר שבע",67.0,באר שבע
2026-07-31 00:34:48.252910,2027-03-10 16:00:00,maccabi,פסיכיאטריה - מבוגרים,דר סופיה יריש,"בית אל 31, באר שבע",222.0,באר שבע
2026-07-31 00:34:48.252910,,maccabi,פסיכיאטריה - מבוגרים,דר שחר חיים רובינזון,"שד גולדה מאיר 20, דימונה",,דימונה
2026-07-31 00:34:48.252910,2026-08-12 09:00:00,maccabi,פסיכיאטריה - מבוגרים,דר אירנה מיטלמן,"שמעון 13, ערד",12.0,ערד
2026-07-31 00:34:48.252910,,maccabi,פסיכיאטריה - מבוגרים,דר יוליה גיידוק,"בורנשטיין צבי 199, ירוחם",,ירוחם
2026-07-31 00:34:48.252910,,maccabi,פסיכיאטריה - מבוגרים,דר אירנה מיטלמן,"שד העצמאות 64, קריית גת",,קריית גת
2026-07-31 00:34:48.252910,,maccabi,פסיכיאטריה של הזקנה,דר אלכסנדר פלטניק,"בן צבי יצחק 11, באר שבע",,באר שבע
2026-07-31 00:34:48.252910,,maccabi,פסיכיאטריה של הילד/המתבגר, רופאים מרפאת,", אונליין בווידאו",,אונליין בווידאו
2026-07-31 00:34:48.252910,,maccabi,פסיכיאטריה של הילד/המתבגר,דר יקטרינה קובלונוק,"הרב הרצוג 2, באר שבע",,באר שבע
2026-07-31 00:34:48.252910,2026-10-06 18:00:00,maccabi,פסיכיאטריה של הילד/המתבגר,דר סוהיל חלאילה,"הרב הרצוג 2, באר שבע",67.0,באר שבע
2026-07-31 00:34:48.252910,2026-08-27 15:00:00,maccabi,פריון האישה,דר איליה בורד,"בן צבי יצחק 11, באר שבע",27.0,באר שבע
2026-07-31 00:34:48.252910,,maccabi,פריון האישה,דר נעמה שטיינר,"התקוה 4, באר שבע",,באר שבע
2026-07-31 00:34:48.252910,,maccabi,פריון האישה,דר גיל גוטווירץ,"התקוה 4, באר שבע",,באר שבע
2026-07-31 00:34:48.252910,,maccabi,פריון האישה,דר דב בכר,"התקוה 4, באר שבע",,באר שבע
2026-07-31 00:34:48.252910,2026-08-10 14:30:00,maccabi,פריון האישה,דר איליה בורד,"שד גולדה מאיר 20, דימונה",10.0,דימונה
2026-07-31 00:34:48.252910,,maccabi,פריון האישה,דר עדי קופרמן-שני,"בן יאיר אלעזר 39, ערד",,ערד
2026-07-31 00:34:48.252910,2026-08-16 09:30:00,maccabi,פריון האישה,דר דב בכר,"אליהו אילוז 2, נתיבות",16.0,נתיבות
2026-07-31 00:34:48.252910,2026-09-07 16:00:00,maccabi,פריון האישה,דר מוריה קירשנר,"שד העצמאות 64, קריית גת",38.0,קריית גת
2026-07-31 00:34:48.252910,2026-08-06 15:00:00,maccabi,פריון האישה,דר דן ניר,"נתיבות שלום 16, קריית גת",6.0,קריית גת
2026-07-31 00:34:48.252910,,maccabi,צוואר הרחם / מחלות עריה,דר מיחאי מאירוביץ,"התקוה 4, באר שבע",,באר שבע
2026-07-31 00:34:48.252910,,maccabi,צוואר הרחם / מחלות עריה,פרופ רועי קסוס,"התקוה 4, באר שבע",,באר שבע
2026-07-31 00:34:48.252910,2026-09-01 10:40:00,maccabi,צוואר הרחם / מחלות עריה,דר נתן סטולוביץ,"שדרות אבני החושן 1, קריית גת",32.0,קריית גת
2026-07-31 00:34:48.252910,2026-09-24 16:50:00,maccabi,קרדיולוגיה,פרופ אביבה לויטס,"יהודה הנחתום 6, באר שבע",55.0,באר שבע
2026-07-31 00:34:48.252910,,maccabi,קרדיולוגיה, אסותא  באר שבע מרפאת בית חולים,"יחיל חיים 7, באר שבע",,באר שבע
2026-07-31 00:34:48.252910,2026-10-18 14:50:00,maccabi,קרדיולוגיה,דר מיכאל ברמן,"שד גולדה מאיר 20, דימונה",79.0,דימונה
2026-07-31 00:34:48.252910,2026-10-25 08:40:00,maccabi,קרדיולוגיה,דר עזריאל אושרוב,"שד הרצל 36, אופקים",86.0,אופקים
2026-07-31 00:34:48.252910,,maccabi,קרדיולוגיה,דר יעקב דבורקין,"שמעון 13, ערד",,ערד
2026-07-31 00:34:48.252910,2026-08-20 09:45:00,maccabi,קרדיולוגיה,דר תאופיק אבו עמרה,"שמעון 13, ערד",20.0,ערד
2026-07-31 00:34:48.252910,2026-10-04 08:40:00,maccabi,קרדיולוגיה,דר עזריאל אושרוב,"שד ירושלים 18, נתיבות",65.0,נתיבות
2026-07-31 00:34:48.252910,2026-09-02 08:45:00,maccabi,קרדיולוגיה,דר דורו אלבו,"שד העצמאות 64, קריית גת",33.0,קריית גת
2026-07-31 00:34:48.252910,2026-10-04 15:10:00,maccabi,קרדיולוגיה,דר אמיר כהן,"נתיבות שלום 16, קריית גת",65.0,קריית גת
2026-07-31 00:34:48.252910,2026-10-04 16:00:00,maccabi,קרדיולוגיה - הפרעות קצב (אלקטרופיזיולוגיה וקוצבים),פרופ מרדכי חיים,"בן צבי יצחק 2, באר שבע",65.0,באר שבע
2026-07-31 00:34:48.252910,2027-07-12 08:40:00,maccabi,ראומטולוגיה,דר ורוניק סייג-בוכריס,"התקוה 4, באר שבע",346.0,באר שבע
2026-07-31 00:34:48.252910,2026-10-26 10:45:00,maccabi,ראומטולוגיה,דר מירית עמית-וזינה,"שד העצמאות 64, קריית גת",87.0,קריית גת
2026-07-31 00:34:48.252910,2026-09-20 08:40:00,maccabi,רפואה שיקומית/פיזיקלית,דר סלימאן אלגרינאוי,"התקוה 4, באר שבע",51.0,באר שבע
2026-07-31 00:34:48.252910,2026-10-19 17:00:00,maccabi,רפואת הפה,דר אנה פיקובסקי,"שד רגר יצחק 53/2, באר שבע",80.0,באר שבע
