scraped_at,spec_code,spec_name,search_city,facet_type,facet_value,count
2026-07-30T16:51:10,58,אורתופדיה,א לובאן,gender,גבר,49
2026-07-30T16:51:10,58,אורתופדיה,א לובאן,gender,אישה,1
2026-07-30T16:51:10,58,אורתופדיה,א לובאן,visit_type,ביקור במרפאה,58
2026-07-30T16:51:10,58,אורתופדיה,א לובאן,visit_type,שיחת טלפון,1
2026-07-30T16:51:10,58,אורתופדיה,א לובאן,language,איטלקית,4
2026-07-30T16:51:10,58,אורתופדיה,א לובאן,language,אנגלית,33
2026-07-30T16:51:10,58,אורתופדיה,א לובאן,language,גרמנית,6
2026-07-30T16:51:10,58,אורתופדיה,א לובאן,language,ספרדית,2
2026-07-30T16:51:10,58,אורתופדיה,א לובאן,language,עברית,54
2026-07-30T16:51:10,58,אורתופדיה,א לובאן,language,ערבית,6
2026-07-30T16:51:10,58,אורתופדיה,א לובאן,language,רומנית,5
2026-07-30T16:51:10,58,אורתופדיה,א לובאן,language,רוסית,6
2026-07-30T16:51:21,58,אורתופדיה,אבו כף אום בטין,gender,גבר,36
2026-07-30T16:51:21,58,אורתופדיה,אבו כף אום בטין,gender,אישה,2
2026-07-30T16:51:21,58,אורתופדיה,אבו כף אום בטין,visit_type,ביקור במרפאה,43
2026-07-30T16:51:21,58,אורתופדיה,אבו כף אום בטין,language,עברית,1
2026-07-30T16:51:21,58,אורתופדיה,אבו כף אום בטין,language,רוסית,1
2026-07-30T16:51:33,58,אורתופדיה,אדמית,gender,גבר,69
2026-07-30T16:51:33,58,אורתופדיה,אדמית,gender,אישה,2
2026-07-30T16:51:33,58,אורתופדיה,אדמית,visit_type,ביקור במרפאה,71
2026-07-30T16:51:33,58,אורתופדיה,אדמית,visit_type,שיחת טלפון,2
2026-07-30T16:51:33,58,אורתופדיה,אדמית,language,איטלקית,1
2026-07-30T16:51:33,58,אורתופדיה,אדמית,language,אנגלית,35
2026-07-30T16:51:33,58,אורתופדיה,אדמית,language,בולגרית,1
2026-07-30T16:51:33,58,אורתופדיה,אדמית,language,גרמנית,1
2026-07-30T16:51:33,58,אורתופדיה,אדמית,language,ספרדית,2
2026-07-30T16:51:33,58,אורתופדיה,אדמית,language,עברית,70
2026-07-30T16:51:33,58,אורתופדיה,אדמית,language,ערבית,60
2026-07-30T16:51:33,58,אורתופדיה,אדמית,language,צכית,1
2026-07-30T16:51:33,58,אורתופדיה,אדמית,language,צרפתית,1
2026-07-30T16:51:33,58,אורתופדיה,אדמית,language,רומנית,4
2026-07-30T16:51:33,58,אורתופדיה,אדמית,language,רוסית,15
2026-07-30T16:51:45,58,אורתופדיה,אום אל קוטוף,gender,גבר,125
2026-07-30T16:51:45,58,אורתופדיה,אום אל קוטוף,visit_type,ביקור במרפאה,128
2026-07-30T16:51:45,58,אורתופדיה,אום אל קוטוף,visit_type,שיחת טלפון,4
2026-07-30T16:51:45,58,אורתופדיה,אום אל קוטוף,language,אידיש,1
2026-07-30T16:51:45,58,אורתופדיה,אום אל קוטוף,language,איטלקית,1
2026-07-30T16:51:45,58,אורתופדיה,אום אל קוטוף,language,אנגלית,15
2026-07-30T16:51:45,58,אורתופדיה,אום אל קוטוף,language,גרמנית,1
2026-07-30T16:51:45,58,אורתופדיה,אום אל קוטוף,language,עברית,26
2026-07-30T16:51:45,58,אורתופדיה,אום אל קוטוף,language,ערבית,18
2026-07-30T16:51:45,58,אורתופדיה,אום אל קוטוף,language,רומנית,7
2026-07-30T16:51:45,58,אורתופדיה,אום אל קוטוף,language,רוסית,3
2026-07-30T16:52:07,58,אורתופדיה,אחיהוד,gender,גבר,89
2026-07-30T16:52:07,58,אורתופדיה,אחיהוד,gender,אישה,2
2026-07-30T16:52:07,58,אורתופדיה,אחיהוד,visit_type,ביקור במרפאה,91
2026-07-30T16:52:07,58,אורתופדיה,אחיהוד,visit_type,שיחת טלפון,2
2026-07-30T16:52:07,58,אורתופדיה,אחיהוד,language,איטלקית,1
2026-07-30T16:52:07,58,אורתופדיה,אחיהוד,language,אנגלית,53
2026-07-30T16:52:07,58,אורתופדיה,אחיהוד,language,בולגרית,1
2026-07-30T16:52:07,58,אורתופדיה,אחיהוד,language,גרמנית,3
2026-07-30T16:52:07,58,אורתופדיה,אחיהוד,language,ספרדית,2
2026-07-30T16:52:07,58,אורתופדיה,אחיהוד,language,עברית,90
2026-07-30T16:52:07,58,אורתופדיה,אחיהוד,language,ערבית,67
2026-07-30T16:52:07,58,אורתופדיה,אחיהוד,language,צכית,1
2026-07-30T16:52:07,58,אורתופדיה,אחיהוד,language,צרפתית,1
2026-07-30T16:52:07,58,אורתופדיה,אחיהוד,language,רומנית,8
2026-07-30T16:52:07,58,אורתופדיה,אחיהוד,language,רוסית,19
2026-07-30T16:52:22,58,אורתופדיה,איכתאבא,gender,גבר,86
2026-07-30T16:52:22,58,אורתופדיה,איכתאבא,visit_type,ביקור במרפאה,89
2026-07-30T16:52:22,58,אורתופדיה,איכתאבא,visit_type,שיחת טלפון,3
2026-07-30T16:52:22,58,אורתופדיה,איכתאבא,language,אידיש,1
2026-07-30T16:52:22,58,אורתופדיה,איכתאבא,language,איטלקית,1
2026-07-30T16:52:22,58,אורתופדיה,איכתאבא,language,אנגלית,8
2026-07-30T16:52:22,58,אורתופדיה,איכתאבא,language,עברית,15
2026-07-30T16:52:22,58,אורתופדיה,איכתאבא,language,ערבית,10
2026-07-30T16:52:22,58,אורתופדיה,איכתאבא,language,רומנית,3
2026-07-30T16:52:22,58,אורתופדיה,איכתאבא,language,רוסית,2
2026-07-30T16:52:38,58,אורתופדיה,אל חדב,gender,גבר,52
2026-07-30T16:52:38,58,אורתופדיה,אל חדב,gender,אישה,3
2026-07-30T16:52:38,58,אורתופדיה,אל חדב,visit_type,ביקור במרפאה,63
2026-07-30T16:52:38,58,אורתופדיה,אל חדב,language,עברית,1
2026-07-30T16:52:38,58,אורתופדיה,אל חדב,language,רוסית,1
2026-07-30T16:52:55,58,אורתופדיה,אניעם,gender,גבר,97
2026-07-30T16:52:55,58,אורתופדיה,אניעם,visit_type,ביקור במרפאה,98
2026-07-30T16:52:55,58,אורתופדיה,אניעם,visit_type,שיחת טלפון,1
2026-07-30T16:52:55,58,אורתופדיה,אניעם,language,איטלקית,1
2026-07-30T16:52:55,58,אורתופדיה,אניעם,language,אנגלית,9
2026-07-30T16:52:55,58,אורתופדיה,אניעם,language,עברית,12
2026-07-30T16:52:55,58,אורתופדיה,אניעם,language,ערבית,5
2026-07-30T16:52:55,58,אורתופדיה,אניעם,language,רוסית,6
2026-07-30T16:53:09,58,אורתופדיה,ארגמן,gender,גבר,47
2026-07-30T16:53:09,58,אורתופדיה,ארגמן,visit_type,ביקור במרפאה,49
2026-07-30T16:53:09,58,אורתופדיה,ארגמן,language,אנגלית,7
2026-07-30T16:53:09,58,אורתופדיה,ארגמן,language,עברית,12
2026-07-30T16:53:09,58,אורתופדיה,ארגמן,language,ערבית,6
2026-07-30T16:53:09,58,אורתופדיה,ארגמן,language,צרפתית,1
2026-07-30T16:53:09,58,אורתופדיה,ארגמן,language,רוסית,3
2026-07-30T16:53:18,58,אורתופדיה,אשחר,gender,גבר,89
2026-07-30T16:53:18,58,אורתופדיה,אשחר,gender,אישה,2
2026-07-30T16:53:18,58,אורתופדיה,אשחר,visit_type,ביקור במרפאה,91
2026-07-30T16:53:18,58,אורתופדיה,אשחר,visit_type,שיחת טלפון,2
2026-07-30T16:53:18,58,אורתופדיה,אשחר,language,איטלקית,1
2026-07-30T16:53:18,58,אורתופדיה,אשחר,language,אנגלית,53
2026-07-30T16:53:18,58,אורתופדיה,אשחר,language,בולגרית,1
2026-07-30T16:53:18,58,אורתופדיה,אשחר,language,גרמנית,3
2026-07-30T16:53:18,58,אורתופדיה,אשחר,language,ספרדית,2
2026-07-30T16:53:18,58,אורתופדיה,אשחר,language,עברית,90
2026-07-30T16:53:18,58,אורתופדיה,אשחר,language,ערבית,67
2026-07-30T16:53:18,58,אורתופדיה,אשחר,language,צכית,1
2026-07-30T16:53:18,58,אורתופדיה,אשחר,language,צרפתית,1
2026-07-30T16:53:18,58,אורתופדיה,אשחר,language,רומנית,8
2026-07-30T16:53:18,58,אורתופדיה,אשחר,language,רוסית,19
2026-07-30T16:53:32,58,אורתופדיה,באר טוביה,gender,גבר,32
2026-07-30T16:53:32,58,אורתופדיה,באר טוביה,gender,אישה,1
2026-07-30T16:53:32,58,אורתופדיה,באר טוביה,visit_type,ביקור במרפאה,37
2026-07-30T16:53:32,58,אורתופדיה,באר טוביה,visit_type,שיחת טלפון,1
2026-07-30T16:53:32,58,אורתופדיה,באר טוביה,visit_type,שיחת וידאו,1
2026-07-30T16:53:32,58,אורתופדיה,באר טוביה,language,איטלקית,1
2026-07-30T16:53:32,58,אורתופדיה,באר טוביה,language,אנגלית,3
2026-07-30T16:53:32,58,אורתופדיה,באר טוביה,language,גרמנית,1
2026-07-30T16:53:32,58,אורתופדיה,באר טוביה,language,עברית,7
2026-07-30T16:53:32,58,אורתופדיה,באר טוביה,language,ערבית,1
2026-07-30T16:53:32,58,אורתופדיה,באר טוביה,language,צרפתית,1
2026-07-30T16:53:32,58,אורתופדיה,באר טוביה,language,רומנית,1
2026-07-30T16:53:32,58,אורתופדיה,באר טוביה,language,רוסית,3
2026-07-30T16:53:42,58,אורתופדיה,בורגתה,gender,גבר,86
2026-07-30T16:53:42,58,אורתופדיה,בורגתה,visit_type,ביקור במרפאה,89
2026-07-30T16:53:42,58,אורתופדיה,בורגתה,visit_type,שיחת טלפון,3
2026-07-30T16:53:42,58,אורתופדיה,בורגתה,language,אידיש,1
2026-07-30T16:53:42,58,אורתופדיה,בורגתה,language,איטלקית,1
2026-07-30T16:53:42,58,אורתופדיה,בורגתה,language,אנגלית,8
2026-07-30T16:53:42,58,אורתופדיה,בורגתה,language,עברית,15
2026-07-30T16:53:42,58,אורתופדיה,בורגתה,language,ערבית,10
2026-07-30T16:53:42,58,אורתופדיה,בורגתה,language,רומנית,3
2026-07-30T16:53:42,58,אורתופדיה,בורגתה,language,רוסית,2
2026-07-30T16:53:56,58,אורתופדיה,בידיה,gender,גבר,49
2026-07-30T16:53:56,58,אורתופדיה,בידיה,gender,אישה,1
2026-07-30T16:53:56,58,אורתופדיה,בידיה,visit_type,ביקור במרפאה,58
2026-07-30T16:53:56,58,אורתופדיה,בידיה,visit_type,שיחת טלפון,1
2026-07-30T16:53:56,58,אורתופדיה,בידיה,language,איטלקית,4
2026-07-30T16:53:56,58,אורתופדיה,בידיה,language,אנגלית,33
2026-07-30T16:53:56,58,אורתופדיה,בידיה,language,גרמנית,6
2026-07-30T16:53:56,58,אורתופדיה,בידיה,language,ספרדית,2
2026-07-30T16:53:56,58,אורתופדיה,בידיה,language,עברית,54
2026-07-30T16:53:56,58,אורתופדיה,בידיה,language,ערבית,6
2026-07-30T16:53:56,58,אורתופדיה,בידיה,language,רומנית,5
2026-07-30T16:53:56,58,אורתופדיה,בידיה,language,רוסית,6
2026-07-30T16:54:09,58,אורתופדיה,בלפוריה,gender,גבר,145
2026-07-30T16:54:09,58,אורתופדיה,בלפוריה,visit_type,ביקור במרפאה,146
2026-07-30T16:54:09,58,אורתופדיה,בלפוריה,visit_type,שיחת טלפון,2
2026-07-30T16:54:09,58,אורתופדיה,בלפוריה,language,איטלקית,1
2026-07-30T16:54:09,58,אורתופדיה,בלפוריה,language,אנגלית,19
2026-07-30T16:54:09,58,אורתופדיה,בלפוריה,language,גרמנית,1
2026-07-30T16:54:09,58,אורתופדיה,בלפוריה,language,עברית,31
2026-07-30T16:54:09,58,אורתופדיה,בלפוריה,language,ערבית,21
2026-07-30T16:54:09,58,אורתופדיה,בלפוריה,language,רומנית,7
2026-07-30T16:54:09,58,אורתופדיה,בלפוריה,language,רוסית,6
2026-07-30T16:54:29,58,אורתופדיה,בני עי''ש,gender,גבר,32
2026-07-30T16:54:29,58,אורתופדיה,בני עי''ש,gender,אישה,1
2026-07-30T16:54:29,58,אורתופדיה,בני עי''ש,visit_type,ביקור במרפאה,37
2026-07-30T16:54:29,58,אורתופדיה,בני עי''ש,visit_type,שיחת טלפון,1
2026-07-30T16:54:29,58,אורתופדיה,בני עי''ש,visit_type,שיחת וידאו,1
2026-07-30T16:54:29,58,אורתופדיה,בני עי''ש,language,איטלקית,1
2026-07-30T16:54:29,58,אורתופדיה,בני עי''ש,language,אנגלית,3
2026-07-30T16:54:29,58,אורתופדיה,בני עי''ש,language,גרמנית,1
2026-07-30T16:54:29,58,אורתופדיה,בני עי''ש,language,עברית,7
2026-07-30T16:54:29,58,אורתופדיה,בני עי''ש,language,ערבית,1
2026-07-30T16:54:29,58,אורתופדיה,בני עי''ש,language,צרפתית,1
2026-07-30T16:54:29,58,אורתופדיה,בני עי''ש,language,רומנית,1
2026-07-30T16:54:29,58,אורתופדיה,בני עי''ש,language,רוסית,3
2026-07-30T16:54:36,58,אורתופדיה,ברדלה,gender,גבר,47
2026-07-30T16:54:36,58,אורתופדיה,ברדלה,visit_type,ביקור במרפאה,49
2026-07-30T16:54:36,58,אורתופדיה,ברדלה,language,אנגלית,7
2026-07-30T16:54:36,58,אורתופדיה,ברדלה,language,עברית,12
2026-07-30T16:54:36,58,אורתופדיה,ברדלה,language,ערבית,6
2026-07-30T16:54:36,58,אורתופדיה,ברדלה,language,צרפתית,1
2026-07-30T16:54:36,58,אורתופדיה,ברדלה,language,רוסית,3
2026-07-30T16:54:46,58,אורתופדיה,בת ים,gender,גבר,54
2026-07-30T16:54:46,58,אורתופדיה,בת ים,gender,אישה,5
2026-07-30T16:54:46,58,אורתופדיה,בת ים,visit_type,ביקור במרפאה,69
2026-07-30T16:54:46,58,אורתופדיה,בת ים,language,איטלקית,4
2026-07-30T16:54:46,58,אורתופדיה,בת ים,language,אנגלית,15
2026-07-30T16:54:46,58,אורתופדיה,בת ים,language,גרמנית,1
2026-07-30T16:54:46,58,אורתופדיה,בת ים,language,עברית,25
2026-07-30T16:54:46,58,אורתופדיה,בת ים,language,ערבית,2
2026-07-30T16:54:46,58,אורתופדיה,בת ים,language,רומנית,2
2026-07-30T16:54:46,58,אורתופדיה,בת ים,language,רוסית,8
2026-07-30T16:54:59,58,אורתופדיה,גאליה,gender,גבר,84
2026-07-30T16:54:59,58,אורתופדיה,גאליה,gender,אישה,1
2026-07-30T16:54:59,58,אורתופדיה,גאליה,visit_type,ביקור במרפאה,97
2026-07-30T16:54:59,58,אורתופדיה,גאליה,visit_type,שיחת טלפון,2
2026-07-30T16:54:59,58,אורתופדיה,גאליה,visit_type,שיחת וידאו,1
2026-07-30T16:54:59,58,אורתופדיה,גאליה,language,איטלקית,4
2026-07-30T16:54:59,58,אורתופדיה,גאליה,language,אנגלית,13
2026-07-30T16:54:59,58,אורתופדיה,גאליה,language,גרמנית,1
2026-07-30T16:54:59,58,אורתופדיה,גאליה,language,עברית,24
2026-07-30T16:54:59,58,אורתופדיה,גאליה,language,ערבית,2
2026-07-30T16:54:59,58,אורתופדיה,גאליה,language,צרפתית,3
2026-07-30T16:54:59,58,אורתופדיה,גאליה,language,רומנית,2
2026-07-30T16:54:59,58,אורתופדיה,גאליה,language,רוסית,9
2026-07-30T16:55:15,58,אורתופדיה,גבעות עדן,gender,גבר,47
2026-07-30T16:55:15,58,אורתופדיה,גבעות עדן,visit_type,ביקור במרפאה,49
2026-07-30T16:55:15,58,אורתופדיה,גבעות עדן,language,אנגלית,7
2026-07-30T16:55:15,58,אורתופדיה,גבעות עדן,language,עברית,12
2026-07-30T16:55:15,58,אורתופדיה,גבעות עדן,language,ערבית,6
2026-07-30T16:55:15,58,אורתופדיה,גבעות עדן,language,צרפתית,1
2026-07-30T16:55:15,58,אורתופדיה,גבעות עדן,language,רוסית,3
2026-07-30T16:55:25,58,אורתופדיה,גיאה,gender,גבר,41
2026-07-30T16:55:25,58,אורתופדיה,גיאה,gender,אישה,2
2026-07-30T16:55:25,58,אורתופדיה,גיאה,visit_type,ביקור במרפאה,47
2026-07-30T16:55:25,58,אורתופדיה,גיאה,language,עברית,1
2026-07-30T16:55:25,58,אורתופדיה,גיאה,language,רוסית,1
2026-07-30T16:55:39,58,אורתופדיה,גלאון,gender,גבר,41
2026-07-30T16:55:39,58,אורתופדיה,גלאון,gender,אישה,2
2026-07-30T16:55:39,58,אורתופדיה,גלאון,visit_type,ביקור במרפאה,47
2026-07-30T16:55:39,58,אורתופדיה,גלאון,language,עברית,1
2026-07-30T16:55:39,58,אורתופדיה,גלאון,language,רוסית,1
2026-07-30T16:55:51,58,אורתופדיה,גני מודיעין,gender,גבר,64
2026-07-30T16:55:51,58,אורתופדיה,גני מודיעין,gender,אישה,1
2026-07-30T16:55:51,58,אורתופדיה,גני מודיעין,visit_type,ביקור במרפאה,73
2026-07-30T16:55:51,58,אורתופדיה,גני מודיעין,visit_type,שיחת טלפון,2
2026-07-30T16:55:51,58,אורתופדיה,גני מודיעין,visit_type,שיחת וידאו,1
2026-07-30T16:55:51,58,אורתופדיה,גני מודיעין,language,איטלקית,3
2026-07-30T16:55:51,58,אורתופדיה,גני מודיעין,language,אנגלית,7
2026-07-30T16:55:51,58,אורתופדיה,גני מודיעין,language,גרמנית,1
2026-07-30T16:55:51,58,אורתופדיה,גני מודיעין,language,עברית,13
2026-07-30T16:55:51,58,אורתופדיה,גני מודיעין,language,ערבית,1
2026-07-30T16:55:51,58,אורתופדיה,גני מודיעין,language,צרפתית,3
2026-07-30T16:55:51,58,אורתופדיה,גני מודיעין,language,רומנית,1
2026-07-30T16:55:51,58,אורתופדיה,גני מודיעין,language,רוסית,5
2026-07-30T16:56:07,58,אורתופדיה,גת,gender,גבר,41
2026-07-30T16:56:07,58,אורתופדיה,גת,gender,אישה,2
2026-07-30T16:56:07,58,אורתופדיה,גת,visit_type,ביקור במרפאה,47
2026-07-30T16:56:07,58,אורתופדיה,גת,language,עברית,1
2026-07-30T16:56:07,58,אורתופדיה,גת,language,רוסית,1
2026-07-30T16:56:23,58,אורתופדיה,דהרייה,gender,גבר,52
2026-07-30T16:56:23,58,אורתופדיה,דהרייה,gender,אישה,3
2026-07-30T16:56:23,58,אורתופדיה,דהרייה,visit_type,ביקור במרפאה,63
2026-07-30T16:56:23,58,אורתופדיה,דהרייה,language,עברית,1
2026-07-30T16:56:23,58,אורתופדיה,דהרייה,language,רוסית,1
2026-07-30T16:56:40,58,אורתופדיה,דייר אל אסד,gender,גבר,113
2026-07-30T16:56:40,58,אורתופדיה,דייר אל אסד,gender,אישה,2
2026-07-30T16:56:40,58,אורתופדיה,דייר אל אסד,visit_type,ביקור במרפאה,116
2026-07-30T16:56:40,58,אורתופדיה,דייר אל אסד,visit_type,שיחת טלפון,2
2026-07-30T16:56:40,58,אורתופדיה,דייר אל אסד,language,אידיש,1
2026-07-30T16:56:40,58,אורתופדיה,דייר אל אסד,language,איטלקית,1
2026-07-30T16:56:40,58,אורתופדיה,דייר אל אסד,language,אנגלית,71
2026-07-30T16:56:40,58,אורתופדיה,דייר אל אסד,language,בולגרית,1
2026-07-30T16:56:40,58,אורתופדיה,דייר אל אסד,language,גרמנית,6
2026-07-30T16:56:40,58,אורתופדיה,דייר אל אסד,language,הונגרית,1
2026-07-30T16:56:40,58,אורתופדיה,דייר אל אסד,language,ספרדית,4
2026-07-30T16:56:40,58,אורתופדיה,דייר אל אסד,language,עברית,113
2026-07-30T16:56:40,58,אורתופדיה,דייר אל אסד,language,ערבית,77
2026-07-30T16:56:40,58,אורתופדיה,דייר אל אסד,language,צכית,1
2026-07-30T16:56:40,58,אורתופדיה,דייר אל אסד,language,צרפתית,2
2026-07-30T16:56:40,58,אורתופדיה,דייר אל אסד,language,רומנית,15
2026-07-30T16:56:40,58,אורתופדיה,דייר אל אסד,language,רוסית,26
2026-07-30T16:56:59,58,אורתופדיה,דליה,gender,גבר,115
2026-07-30T16:56:59,58,אורתופדיה,דליה,visit_type,ביקור במרפאה,116
2026-07-30T16:56:59,58,אורתופדיה,דליה,visit_type,שיחת טלפון,2
2026-07-30T16:56:59,58,אורתופדיה,דליה,language,אידיש,1
2026-07-30T16:56:59,58,אורתופדיה,דליה,language,אנגלית,41
2026-07-30T16:56:59,58,אורתופדיה,דליה,language,גרמנית,5
2026-07-30T16:56:59,58,אורתופדיה,דליה,language,הונגרית,1
2026-07-30T16:56:59,58,אורתופדיה,דליה,language,ספרדית,2
2026-07-30T16:56:59,58,אורתופדיה,דליה,language,עברית,57
2026-07-30T16:56:59,58,אורתופדיה,דליה,language,ערבית,29
2026-07-30T16:56:59,58,אורתופדיה,דליה,language,צרפתית,1
2026-07-30T16:56:59,58,אורתופדיה,דליה,language,רומנית,14
2026-07-30T16:56:59,58,אורתופדיה,דליה,language,רוסית,12
2026-07-30T16:57:17,58,אורתופדיה,הגושרים,gender,גבר,97
2026-07-30T16:57:17,58,אורתופדיה,הגושרים,visit_type,ביקור במרפאה,98
2026-07-30T16:57:17,58,אורתופדיה,הגושרים,visit_type,שיחת טלפון,1
2026-07-30T16:57:17,58,אורתופדיה,הגושרים,language,איטלקית,1
2026-07-30T16:57:17,58,אורתופדיה,הגושרים,language,אנגלית,9
2026-07-30T16:57:17,58,אורתופדיה,הגושרים,language,עברית,12
2026-07-30T16:57:17,58,אורתופדיה,הגושרים,language,ערבית,5
2026-07-30T16:57:17,58,אורתופדיה,הגושרים,language,רוסית,6
2026-07-30T16:57:34,58,אורתופדיה,החותרים,gender,גבר,115
2026-07-30T16:57:34,58,אורתופדיה,החותרים,visit_type,ביקור במרפאה,116
2026-07-30T16:57:34,58,אורתופדיה,החותרים,visit_type,שיחת טלפון,2
2026-07-30T16:57:34,58,אורתופדיה,החותרים,language,אידיש,1
2026-07-30T16:57:34,58,אורתופדיה,החותרים,language,אנגלית,41
2026-07-30T16:57:34,58,אורתופדיה,החותרים,language,גרמנית,5
2026-07-30T16:57:34,58,אורתופדיה,החותרים,language,הונגרית,1
2026-07-30T16:57:34,58,אורתופדיה,החותרים,language,ספרדית,2
2026-07-30T16:57:34,58,אורתופדיה,החותרים,language,עברית,57
2026-07-30T16:57:34,58,אורתופדיה,החותרים,language,ערבית,29
2026-07-30T16:57:34,58,אורתופדיה,החותרים,language,צרפתית,1
2026-07-30T16:57:34,58,אורתופדיה,החותרים,language,רומנית,14
2026-07-30T16:57:34,58,אורתופדיה,החותרים,language,רוסית,12
2026-07-30T16:57:52,58,אורתופדיה,הראל,gender,גבר,47
2026-07-30T16:57:52,58,אורתופדיה,הראל,visit_type,ביקור במרפאה,49
2026-07-30T16:57:52,58,אורתופדיה,הראל,language,אנגלית,7
2026-07-30T16:57:52,58,אורתופדיה,הראל,language,עברית,12
2026-07-30T16:57:52,58,אורתופדיה,הראל,language,ערבית,6
2026-07-30T16:57:52,58,אורתופדיה,הראל,language,צרפתית,1
2026-07-30T16:57:52,58,אורתופדיה,הראל,language,רוסית,3
2026-07-30T16:58:02,58,אורתופדיה,זבארגה,gender,גבר,36
2026-07-30T16:58:02,58,אורתופדיה,זבארגה,gender,אישה,2
2026-07-30T16:58:02,58,אורתופדיה,זבארגה,visit_type,ביקור במרפאה,43
2026-07-30T16:58:02,58,אורתופדיה,זבארגה,language,עברית,1
2026-07-30T16:58:02,58,אורתופדיה,זבארגה,language,רוסית,1
2026-07-30T16:58:16,58,אורתופדיה,זכרון יעקב,gender,גבר,125
2026-07-30T16:58:16,58,אורתופדיה,זכרון יעקב,visit_type,ביקור במרפאה,128
2026-07-30T16:58:16,58,אורתופדיה,זכרון יעקב,visit_type,שיחת טלפון,4
2026-07-30T16:58:16,58,אורתופדיה,זכרון יעקב,language,אידיש,1
2026-07-30T16:58:16,58,אורתופדיה,זכרון יעקב,language,איטלקית,1
2026-07-30T16:58:16,58,אורתופדיה,זכרון יעקב,language,אנגלית,15
2026-07-30T16:58:16,58,אורתופדיה,זכרון יעקב,language,גרמנית,1
2026-07-30T16:58:16,58,אורתופדיה,זכרון יעקב,language,עברית,26
2026-07-30T16:58:16,58,אורתופדיה,זכרון יעקב,language,ערבית,18
2026-07-30T16:58:16,58,אורתופדיה,זכרון יעקב,language,רומנית,7
2026-07-30T16:58:16,58,אורתופדיה,זכרון יעקב,language,רוסית,3
2026-07-30T16:58:38,58,אורתופדיה,ח'אן יונס,gender,גבר,52
2026-07-30T16:58:38,58,אורתופדיה,ח'אן יונס,gender,אישה,3
2026-07-30T16:58:38,58,אורתופדיה,ח'אן יונס,visit_type,ביקור במרפאה,63
2026-07-30T16:58:38,58,אורתופדיה,ח'אן יונס,language,עברית,1
2026-07-30T16:58:38,58,אורתופדיה,ח'אן יונס,language,רוסית,1
2026-07-30T16:58:56,58,אורתופדיה,חד נס,gender,גבר,97
2026-07-30T16:58:56,58,אורתופדיה,חד נס,visit_type,ביקור במרפאה,98
2026-07-30T16:58:56,58,אורתופדיה,חד נס,visit_type,שיחת טלפון,1
2026-07-30T16:58:56,58,אורתופדיה,חד נס,language,איטלקית,1
2026-07-30T16:58:56,58,אורתופדיה,חד נס,language,אנגלית,9
2026-07-30T16:58:56,58,אורתופדיה,חד נס,language,עברית,12
2026-07-30T16:58:56,58,אורתופדיה,חד נס,language,ערבית,5
2026-07-30T16:58:56,58,אורתופדיה,חד נס,language,רוסית,6
2026-07-30T16:59:11,58,אורתופדיה,חוסנייה,gender,גבר,89
2026-07-30T16:59:11,58,אורתופדיה,חוסנייה,gender,אישה,2
2026-07-30T16:59:11,58,אורתופדיה,חוסנייה,visit_type,ביקור במרפאה,91
2026-07-30T16:59:11,58,אורתופדיה,חוסנייה,visit_type,שיחת טלפון,2
2026-07-30T16:59:11,58,אורתופדיה,חוסנייה,language,איטלקית,1
2026-07-30T16:59:11,58,אורתופדיה,חוסנייה,language,אנגלית,53
2026-07-30T16:59:11,58,אורתופדיה,חוסנייה,language,בולגרית,1
2026-07-30T16:59:11,58,אורתופדיה,חוסנייה,language,גרמנית,3
2026-07-30T16:59:11,58,אורתופדיה,חוסנייה,language,ספרדית,2
2026-07-30T16:59:11,58,אורתופדיה,חוסנייה,language,עברית,90
2026-07-30T16:59:11,58,אורתופדיה,חוסנייה,language,ערבית,67
2026-07-30T16:59:11,58,אורתופדיה,חוסנייה,language,צכית,1
2026-07-30T16:59:11,58,אורתופדיה,חוסנייה,language,צרפתית,1
2026-07-30T16:59:11,58,אורתופדיה,חוסנייה,language,רומנית,8
2026-07-30T16:59:11,58,אורתופדיה,חוסנייה,language,רוסית,19
2026-07-30T16:59:27,58,אורתופדיה,חלץ,gender,גבר,41
2026-07-30T16:59:27,58,אורתופדיה,חלץ,gender,אישה,2
2026-07-30T16:59:27,58,אורתופדיה,חלץ,visit_type,ביקור במרפאה,47
2026-07-30T16:59:27,58,אורתופדיה,חלץ,language,עברית,1
2026-07-30T16:59:27,58,אורתופדיה,חלץ,language,רוסית,1
2026-07-30T16:59:39,58,אורתופדיה,חפץ חיים,gender,גבר,32
2026-07-30T16:59:39,58,אורתופדיה,חפץ חיים,gender,אישה,1
2026-07-30T16:59:39,58,אורתופדיה,חפץ חיים,visit_type,ביקור במרפאה,37
2026-07-30T16:59:39,58,אורתופדיה,חפץ חיים,visit_type,שיחת טלפון,1
2026-07-30T16:59:39,58,אורתופדיה,חפץ חיים,visit_type,שיחת וידאו,1
2026-07-30T16:59:39,58,אורתופדיה,חפץ חיים,language,איטלקית,1
2026-07-30T16:59:39,58,אורתופדיה,חפץ חיים,language,אנגלית,3
2026-07-30T16:59:39,58,אורתופדיה,חפץ חיים,language,גרמנית,1
2026-07-30T16:59:39,58,אורתופדיה,חפץ חיים,language,עברית,7
2026-07-30T16:59:39,58,אורתופדיה,חפץ חיים,language,ערבית,1
2026-07-30T16:59:39,58,אורתופדיה,חפץ חיים,language,צרפתית,1
2026-07-30T16:59:39,58,אורתופדיה,חפץ חיים,language,רומנית,1
2026-07-30T16:59:39,58,אורתופדיה,חפץ חיים,language,רוסית,3
2026-07-30T16:59:49,58,אורתופדיה,חריש,gender,גבר,125
2026-07-30T16:59:49,58,אורתופדיה,חריש,visit_type,ביקור במרפאה,128
2026-07-30T16:59:49,58,אורתופדיה,חריש,visit_type,שיחת טלפון,4
2026-07-30T16:59:49,58,אורתופדיה,חריש,language,אידיש,1
2026-07-30T16:59:49,58,אורתופדיה,חריש,language,איטלקית,1
2026-07-30T16:59:49,58,אורתופדיה,חריש,language,אנגלית,15
2026-07-30T16:59:49,58,אורתופדיה,חריש,language,גרמנית,1
2026-07-30T16:59:49,58,אורתופדיה,חריש,language,עברית,26
2026-07-30T16:59:49,58,אורתופדיה,חריש,language,ערבית,18
2026-07-30T16:59:49,58,אורתופדיה,חריש,language,רומנית,7
2026-07-30T16:59:49,58,אורתופדיה,חריש,language,רוסית,3
2026-07-30T17:00:10,58,אורתופדיה,טייבה,gender,גבר,86
2026-07-30T17:00:10,58,אורתופדיה,טייבה,visit_type,ביקור במרפאה,89
2026-07-30T17:00:10,58,אורתופדיה,טייבה,visit_type,שיחת טלפון,3
2026-07-30T17:00:10,58,אורתופדיה,טייבה,language,אידיש,1
2026-07-30T17:00:10,58,אורתופדיה,טייבה,language,איטלקית,1
2026-07-30T17:00:10,58,אורתופדיה,טייבה,language,אנגלית,8
2026-07-30T17:00:10,58,אורתופדיה,טייבה,language,עברית,15
2026-07-30T17:00:10,58,אורתופדיה,טייבה,language,ערבית,10
2026-07-30T17:00:10,58,אורתופדיה,טייבה,language,רומנית,3
2026-07-30T17:00:10,58,אורתופדיה,טייבה,language,רוסית,2
2026-07-30T17:00:25,58,אורתופדיה,טללים,gender,גבר,36
2026-07-30T17:00:25,58,אורתופדיה,טללים,gender,אישה,2
2026-07-30T17:00:25,58,אורתופדיה,טללים,visit_type,ביקור במרפאה,43
2026-07-30T17:00:25,58,אורתופדיה,טללים,language,עברית,1
2026-07-30T17:00:25,58,אורתופדיה,טללים,language,רוסית,1
2026-07-30T17:00:37,58,אורתופדיה,יאסוף,gender,גבר,49
2026-07-30T17:00:37,58,אורתופדיה,יאסוף,gender,אישה,1
2026-07-30T17:00:37,58,אורתופדיה,יאסוף,visit_type,ביקור במרפאה,58
2026-07-30T17:00:37,58,אורתופדיה,יאסוף,visit_type,שיחת טלפון,1
2026-07-30T17:00:37,58,אורתופדיה,יאסוף,language,איטלקית,4
2026-07-30T17:00:37,58,אורתופדיה,יאסוף,language,אנגלית,33
2026-07-30T17:00:37,58,אורתופדיה,יאסוף,language,גרמנית,6
2026-07-30T17:00:37,58,אורתופדיה,יאסוף,language,ספרדית,2
2026-07-30T17:00:37,58,אורתופדיה,יאסוף,language,עברית,54
2026-07-30T17:00:37,58,אורתופדיה,יאסוף,language,ערבית,6
2026-07-30T17:00:37,58,אורתופדיה,יאסוף,language,רומנית,5
2026-07-30T17:00:37,58,אורתופדיה,יאסוף,language,רוסית,6
2026-07-30T17:00:47,58,אורתופדיה,יד השמונה,gender,גבר,47
2026-07-30T17:00:47,58,אורתופדיה,יד השמונה,visit_type,ביקור במרפאה,49
2026-07-30T17:00:47,58,אורתופדיה,יד השמונה,language,אנגלית,7
2026-07-30T17:00:47,58,אורתופדיה,יד השמונה,language,עברית,12
2026-07-30T17:00:47,58,אורתופדיה,יד השמונה,language,ערבית,6
2026-07-30T17:00:47,58,אורתופדיה,יד השמונה,language,צרפתית,1
2026-07-30T17:00:47,58,אורתופדיה,יד השמונה,language,רוסית,3
2026-07-30T17:00:56,58,אורתופדיה,יודפת,gender,גבר,89
2026-07-30T17:00:56,58,אורתופדיה,יודפת,gender,אישה,2
2026-07-30T17:00:56,58,אורתופדיה,יודפת,visit_type,ביקור במרפאה,91
2026-07-30T17:00:56,58,אורתופדיה,יודפת,visit_type,שיחת טלפון,2
2026-07-30T17:00:56,58,אורתופדיה,יודפת,language,איטלקית,1
2026-07-30T17:00:56,58,אורתופדיה,יודפת,language,אנגלית,53
2026-07-30T17:00:56,58,אורתופדיה,יודפת,language,בולגרית,1
2026-07-30T17:00:56,58,אורתופדיה,יודפת,language,גרמנית,3
2026-07-30T17:00:56,58,אורתופדיה,יודפת,language,ספרדית,2
2026-07-30T17:00:56,58,אורתופדיה,יודפת,language,עברית,90
2026-07-30T17:00:56,58,אורתופדיה,יודפת,language,ערבית,67
2026-07-30T17:00:56,58,אורתופדיה,יודפת,language,צכית,1
2026-07-30T17:00:56,58,אורתופדיה,יודפת,language,צרפתית,1
2026-07-30T17:00:56,58,אורתופדיה,יודפת,language,רומנית,8
2026-07-30T17:00:56,58,אורתופדיה,יודפת,language,רוסית,19
2026-07-30T17:01:10,58,אורתופדיה,ינון,gender,גבר,32
2026-07-30T17:01:10,58,אורתופדיה,ינון,gender,אישה,1
2026-07-30T17:01:10,58,אורתופדיה,ינון,visit_type,ביקור במרפאה,37
2026-07-30T17:01:10,58,אורתופדיה,ינון,visit_type,שיחת טלפון,1
2026-07-30T17:01:10,58,אורתופדיה,ינון,visit_type,שיחת וידאו,1
2026-07-30T17:01:10,58,אורתופדיה,ינון,language,איטלקית,1
2026-07-30T17:01:10,58,אורתופדיה,ינון,language,אנגלית,3
2026-07-30T17:01:10,58,אורתופדיה,ינון,language,גרמנית,1
2026-07-30T17:01:10,58,אורתופדיה,ינון,language,עברית,7
2026-07-30T17:01:10,58,אורתופדיה,ינון,language,ערבית,1
2026-07-30T17:01:10,58,אורתופדיה,ינון,language,צרפתית,1
2026-07-30T17:01:10,58,אורתופדיה,ינון,language,רומנית,1
2026-07-30T17:01:10,58,אורתופדיה,ינון,language,רוסית,3
2026-07-30T17:01:19,58,אורתופדיה,יפית,gender,גבר,47
2026-07-30T17:01:19,58,אורתופדיה,יפית,visit_type,ביקור במרפאה,49
2026-07-30T17:01:19,58,אורתופדיה,יפית,language,אנגלית,7
2026-07-30T17:01:19,58,אורתופדיה,יפית,language,עברית,12
2026-07-30T17:01:19,58,אורתופדיה,יפית,language,ערבית,6
2026-07-30T17:01:19,58,אורתופדיה,יפית,language,צרפתית,1
2026-07-30T17:01:19,58,אורתופדיה,יפית,language,רוסית,3
2026-07-30T17:01:29,58,אורתופדיה,ירדנה,gender,גבר,145
2026-07-30T17:01:29,58,אורתופדיה,ירדנה,visit_type,ביקור במרפאה,146
2026-07-30T17:01:29,58,אורתופדיה,ירדנה,visit_type,שיחת טלפון,2
2026-07-30T17:01:29,58,אורתופדיה,ירדנה,language,איטלקית,1
2026-07-30T17:01:29,58,אורתופדיה,ירדנה,language,אנגלית,19
2026-07-30T17:01:29,58,אורתופדיה,ירדנה,language,גרמנית,1
2026-07-30T17:01:29,58,אורתופדיה,ירדנה,language,עברית,31
2026-07-30T17:01:29,58,אורתופדיה,ירדנה,language,ערבית,21
2026-07-30T17:01:29,58,אורתופדיה,ירדנה,language,רומנית,7
2026-07-30T17:01:29,58,אורתופדיה,ירדנה,language,רוסית,6
2026-07-30T17:01:52,58,אורתופדיה,יתד,gender,גבר,41
2026-07-30T17:01:52,58,אורתופדיה,יתד,gender,אישה,2
2026-07-30T17:01:52,58,אורתופדיה,יתד,visit_type,ביקור במרפאה,47
2026-07-30T17:01:52,58,אורתופדיה,יתד,language,עברית,1
2026-07-30T17:01:52,58,אורתופדיה,יתד,language,רוסית,1
2026-07-30T17:02:06,58,אורתופדיה,כוכב יאיר,gender,גבר,116
2026-07-30T17:02:06,58,אורתופדיה,כוכב יאיר,gender,אישה,4
2026-07-30T17:02:06,58,אורתופדיה,כוכב יאיר,visit_type,ביקור במרפאה,130
2026-07-30T17:02:06,58,אורתופדיה,כוכב יאיר,visit_type,שיחת טלפון,3
2026-07-30T17:02:06,58,אורתופדיה,כוכב יאיר,language,אידיש,1
2026-07-30T17:02:06,58,אורתופדיה,כוכב יאיר,language,איטלקית,6
2026-07-30T17:02:06,58,אורתופדיה,כוכב יאיר,language,אנגלית,28
2026-07-30T17:02:06,58,אורתופדיה,כוכב יאיר,language,גרמנית,1
2026-07-30T17:02:06,58,אורתופדיה,כוכב יאיר,language,עברית,46
2026-07-30T17:02:06,58,אורתופדיה,כוכב יאיר,language,ערבית,15
2026-07-30T17:02:06,58,אורתופדיה,כוכב יאיר,language,רומנית,8
2026-07-30T17:02:06,58,אורתופדיה,כוכב יאיר,language,רוסית,6
2026-07-30T17:02:29,58,אורתופדיה,כיסופים,gender,גבר,41
2026-07-30T17:02:29,58,אורתופדיה,כיסופים,gender,אישה,2
2026-07-30T17:02:29,58,אורתופדיה,כיסופים,visit_type,ביקור במרפאה,47
2026-07-30T17:02:29,58,אורתופדיה,כיסופים,language,עברית,1
2026-07-30T17:02:29,58,אורתופדיה,כיסופים,language,רוסית,1
2026-07-30T17:02:40,58,אורתופדיה,כנות,gender,גבר,32
2026-07-30T17:02:40,58,אורתופדיה,כנות,gender,אישה,1
2026-07-30T17:02:40,58,אורתופדיה,כנות,visit_type,ביקור במרפאה,37
2026-07-30T17:02:40,58,אורתופדיה,כנות,visit_type,שיחת טלפון,1
2026-07-30T17:02:40,58,אורתופדיה,כנות,visit_type,שיחת וידאו,1
2026-07-30T17:02:40,58,אורתופדיה,כנות,language,איטלקית,1
2026-07-30T17:02:40,58,אורתופדיה,כנות,language,אנגלית,3
2026-07-30T17:02:40,58,אורתופדיה,כנות,language,גרמנית,1
2026-07-30T17:02:40,58,אורתופדיה,כנות,language,עברית,7
2026-07-30T17:02:40,58,אורתופדיה,כנות,language,ערבית,1
2026-07-30T17:02:40,58,אורתופדיה,כנות,language,צרפתית,1
2026-07-30T17:02:40,58,אורתופדיה,כנות,language,רומנית,1
2026-07-30T17:02:40,58,אורתופדיה,כנות,language,רוסית,3
2026-07-30T17:02:50,58,אורתופדיה,כפר אחים,gender,גבר,64
2026-07-30T17:02:50,58,אורתופדיה,כפר אחים,gender,אישה,1
2026-07-30T17:02:50,58,אורתופדיה,כפר אחים,visit_type,ביקור במרפאה,73
2026-07-30T17:02:50,58,אורתופדיה,כפר אחים,visit_type,שיחת טלפון,2
2026-07-30T17:02:50,58,אורתופדיה,כפר אחים,visit_type,שיחת וידאו,1
2026-07-30T17:02:50,58,אורתופדיה,כפר אחים,language,איטלקית,3
2026-07-30T17:02:50,58,אורתופדיה,כפר אחים,language,אנגלית,7
2026-07-30T17:02:50,58,אורתופדיה,כפר אחים,language,גרמנית,1
2026-07-30T17:02:50,58,אורתופדיה,כפר אחים,language,עברית,13
2026-07-30T17:02:50,58,אורתופדיה,כפר אחים,language,ערבית,1
2026-07-30T17:02:50,58,אורתופדיה,כפר אחים,language,צרפתית,3
2026-07-30T17:02:50,58,אורתופדיה,כפר אחים,language,רומנית,1
2026-07-30T17:02:50,58,אורתופדיה,כפר אחים,language,רוסית,5
2026-07-30T17:03:05,58,אורתופדיה,כרם יבנה,gender,גבר,32
2026-07-30T17:03:05,58,אורתופדיה,כרם יבנה,gender,אישה,1
2026-07-30T17:03:05,58,אורתופדיה,כרם יבנה,visit_type,ביקור במרפאה,37
2026-07-30T17:03:05,58,אורתופדיה,כרם יבנה,visit_type,שיחת טלפון,1
2026-07-30T17:03:05,58,אורתופדיה,כרם יבנה,visit_type,שיחת וידאו,1
2026-07-30T17:03:05,58,אורתופדיה,כרם יבנה,language,איטלקית,1
2026-07-30T17:03:05,58,אורתופדיה,כרם יבנה,language,אנגלית,3
2026-07-30T17:03:05,58,אורתופדיה,כרם יבנה,language,גרמנית,1
2026-07-30T17:03:05,58,אורתופדיה,כרם יבנה,language,עברית,7
2026-07-30T17:03:05,58,אורתופדיה,כרם יבנה,language,ערבית,1
2026-07-30T17:03:05,58,אורתופדיה,כרם יבנה,language,צרפתית,1
2026-07-30T17:03:05,58,אורתופדיה,כרם יבנה,language,רומנית,1
2026-07-30T17:03:05,58,אורתופדיה,כרם יבנה,language,רוסית,3
2026-07-30T17:03:17,58,אורתופדיה,להב,gender,גבר,52
2026-07-30T17:03:17,58,אורתופדיה,להב,gender,אישה,3
2026-07-30T17:03:17,58,אורתופדיה,להב,visit_type,ביקור במרפאה,63
2026-07-30T17:03:17,58,אורתופדיה,להב,language,עברית,1
2026-07-30T17:03:17,58,אורתופדיה,להב,language,רוסית,1
2026-07-30T17:03:33,58,אורתופדיה,לימן,gender,גבר,69
2026-07-30T17:03:33,58,אורתופדיה,לימן,gender,אישה,2
2026-07-30T17:03:33,58,אורתופדיה,לימן,visit_type,ביקור במרפאה,71
2026-07-30T17:03:33,58,אורתופדיה,לימן,visit_type,שיחת טלפון,2
2026-07-30T17:03:33,58,אורתופדיה,לימן,language,איטלקית,1
2026-07-30T17:03:33,58,אורתופדיה,לימן,language,אנגלית,35
2026-07-30T17:03:33,58,אורתופדיה,לימן,language,בולגרית,1
2026-07-30T17:03:33,58,אורתופדיה,לימן,language,גרמנית,1
2026-07-30T17:03:33,58,אורתופדיה,לימן,language,ספרדית,2
2026-07-30T17:03:33,58,אורתופדיה,לימן,language,עברית,70
2026-07-30T17:03:33,58,אורתופדיה,לימן,language,ערבית,60
2026-07-30T17:03:33,58,אורתופדיה,לימן,language,צכית,1
2026-07-30T17:03:33,58,אורתופדיה,לימן,language,צרפתית,1
2026-07-30T17:03:33,58,אורתופדיה,לימן,language,רומנית,4
2026-07-30T17:03:33,58,אורתופדיה,לימן,language,רוסית,15
2026-07-30T17:03:45,58,אורתופדיה,מבוא חמה,gender,גבר,97
2026-07-30T17:03:45,58,אורתופדיה,מבוא חמה,visit_type,ביקור במרפאה,98
2026-07-30T17:03:45,58,אורתופדיה,מבוא חמה,visit_type,שיחת טלפון,1
2026-07-30T17:03:45,58,אורתופדיה,מבוא חמה,language,איטלקית,1
2026-07-30T17:03:45,58,אורתופדיה,מבוא חמה,language,אנגלית,9
2026-07-30T17:03:45,58,אורתופדיה,מבוא חמה,language,עברית,12
2026-07-30T17:03:45,58,אורתופדיה,מבוא חמה,language,ערבית,5
2026-07-30T17:03:45,58,אורתופדיה,מבוא חמה,language,רוסית,6
2026-07-30T17:04:02,58,אורתופדיה,מג'דל שמס,gender,גבר,97
2026-07-30T17:04:02,58,אורתופדיה,מג'דל שמס,visit_type,ביקור במרפאה,98
2026-07-30T17:04:02,58,אורתופדיה,מג'דל שמס,visit_type,שיחת טלפון,1
2026-07-30T17:04:02,58,אורתופדיה,מג'דל שמס,language,איטלקית,1
2026-07-30T17:04:02,58,אורתופדיה,מג'דל שמס,language,אנגלית,9
2026-07-30T17:04:02,58,אורתופדיה,מג'דל שמס,language,עברית,12
2026-07-30T17:04:02,58,אורתופדיה,מג'דל שמס,language,ערבית,5
2026-07-30T17:04:02,58,אורתופדיה,מג'דל שמס,language,רוסית,6
2026-07-30T17:04:17,58,אורתופדיה,מודיעין מכבים רעות,gender,גבר,54
2026-07-30T17:04:17,58,אורתופדיה,מודיעין מכבים רעות,gender,אישה,1
2026-07-30T17:04:17,58,אורתופדיה,מודיעין מכבים רעות,visit_type,ביקור במרפאה,61
2026-07-30T17:04:17,58,אורתופדיה,מודיעין מכבים רעות,visit_type,שיחת טלפון,1
2026-07-30T17:04:17,58,אורתופדיה,מודיעין מכבים רעות,language,איטלקית,2
2026-07-30T17:04:17,58,אורתופדיה,מודיעין מכבים רעות,language,אנגלית,6
2026-07-30T17:04:17,58,אורתופדיה,מודיעין מכבים רעות,language,גרמנית,1
2026-07-30T17:04:17,58,אורתופדיה,מודיעין מכבים רעות,language,עברית,9
2026-07-30T17:04:17,58,אורתופדיה,מודיעין מכבים רעות,language,צרפתית,2
2026-07-30T17:04:17,58,אורתופדיה,מודיעין מכבים רעות,language,רוסית,4
2026-07-30T17:04:29,58,אורתופדיה,מזאריע א נובאני,gender,גבר,49
2026-07-30T17:04:29,58,אורתופדיה,מזאריע א נובאני,gender,אישה,1
2026-07-30T17:04:29,58,אורתופדיה,מזאריע א נובאני,visit_type,ביקור במרפאה,58
2026-07-30T17:04:29,58,אורתופדיה,מזאריע א נובאני,visit_type,שיחת טלפון,1
2026-07-30T17:04:29,58,אורתופדיה,מזאריע א נובאני,language,איטלקית,4
2026-07-30T17:04:29,58,אורתופדיה,מזאריע א נובאני,language,אנגלית,33
2026-07-30T17:04:29,58,אורתופדיה,מזאריע א נובאני,language,גרמנית,6
2026-07-30T17:04:29,58,אורתופדיה,מזאריע א נובאני,language,ספרדית,2
2026-07-30T17:04:29,58,אורתופדיה,מזאריע א נובאני,language,עברית,54
2026-07-30T17:04:29,58,אורתופדיה,מזאריע א נובאני,language,ערבית,6
2026-07-30T17:04:29,58,אורתופדיה,מזאריע א נובאני,language,רומנית,5
2026-07-30T17:04:29,58,אורתופדיה,מזאריע א נובאני,language,רוסית,6
2026-07-30T17:04:40,58,אורתופדיה,מטולה,gender,גבר,97
2026-07-30T17:04:40,58,אורתופדיה,מטולה,visit_type,ביקור במרפאה,98
2026-07-30T17:04:40,58,אורתופדיה,מטולה,visit_type,שיחת טלפון,1
2026-07-30T17:04:40,58,אורתופדיה,מטולה,language,איטלקית,1
2026-07-30T17:04:40,58,אורתופדיה,מטולה,language,אנגלית,9
2026-07-30T17:04:40,58,אורתופדיה,מטולה,language,עברית,12
2026-07-30T17:04:40,58,אורתופדיה,מטולה,language,ערבית,5
2026-07-30T17:04:40,58,אורתופדיה,מטולה,language,רוסית,6
2026-07-30T17:04:55,58,אורתופדיה,מישר,gender,גבר,32
2026-07-30T17:04:55,58,אורתופדיה,מישר,gender,אישה,1
2026-07-30T17:04:55,58,אורתופדיה,מישר,visit_type,ביקור במרפאה,37
2026-07-30T17:04:55,58,אורתופדיה,מישר,visit_type,שיחת טלפון,1
2026-07-30T17:04:55,58,אורתופדיה,מישר,visit_type,שיחת וידאו,1
2026-07-30T17:04:55,58,אורתופדיה,מישר,language,איטלקית,1
2026-07-30T17:04:55,58,אורתופדיה,מישר,language,אנגלית,3
2026-07-30T17:04:55,58,אורתופדיה,מישר,language,גרמנית,1
2026-07-30T17:04:55,58,אורתופדיה,מישר,language,עברית,7
2026-07-30T17:04:55,58,אורתופדיה,מישר,language,ערבית,1
2026-07-30T17:04:55,58,אורתופדיה,מישר,language,צרפתית,1
2026-07-30T17:04:55,58,אורתופדיה,מישר,language,רומנית,1
2026-07-30T17:04:55,58,אורתופדיה,מישר,language,רוסית,3
2026-07-30T17:05:06,58,אורתופדיה,מנוחה,gender,גבר,41
2026-07-30T17:05:06,58,אורתופדיה,מנוחה,gender,אישה,2
2026-07-30T17:05:06,58,אורתופדיה,מנוחה,visit_type,ביקור במרפאה,47
2026-07-30T17:05:06,58,אורתופדיה,מנוחה,language,עברית,1
2026-07-30T17:05:06,58,אורתופדיה,מנוחה,language,רוסית,1
2026-07-30T17:05:21,58,אורתופדיה,מסיליה,gender,גבר,86
2026-07-30T17:05:21,58,אורתופדיה,מסיליה,visit_type,ביקור במרפאה,89
2026-07-30T17:05:21,58,אורתופדיה,מסיליה,visit_type,שיחת טלפון,3
2026-07-30T17:05:21,58,אורתופדיה,מסיליה,language,אידיש,1
2026-07-30T17:05:21,58,אורתופדיה,מסיליה,language,איטלקית,1
2026-07-30T17:05:21,58,אורתופדיה,מסיליה,language,אנגלית,8
2026-07-30T17:05:21,58,אורתופדיה,מסיליה,language,עברית,15
2026-07-30T17:05:21,58,אורתופדיה,מסיליה,language,ערבית,10
2026-07-30T17:05:21,58,אורתופדיה,מסיליה,language,רומנית,3
2026-07-30T17:05:21,58,אורתופדיה,מסיליה,language,רוסית,2
2026-07-30T17:05:36,58,אורתופדיה,מעון,gender,גבר,41
2026-07-30T17:05:36,58,אורתופדיה,מעון,gender,אישה,2
2026-07-30T17:05:36,58,אורתופדיה,מעון,visit_type,ביקור במרפאה,47
2026-07-30T17:05:36,58,אורתופדיה,מעון,language,עברית,1
2026-07-30T17:05:36,58,אורתופדיה,מעון,language,רוסית,1
2026-07-30T17:05:49,58,אורתופדיה,מפעלי גרנות,gender,גבר,86
2026-07-30T17:05:49,58,אורתופדיה,מפעלי גרנות,visit_type,ביקור במרפאה,89
2026-07-30T17:05:49,58,אורתופדיה,מפעלי גרנות,visit_type,שיחת טלפון,3
2026-07-30T17:05:49,58,אורתופדיה,מפעלי גרנות,language,אידיש,1
2026-07-30T17:05:49,58,אורתופדיה,מפעלי גרנות,language,איטלקית,1
2026-07-30T17:05:49,58,אורתופדיה,מפעלי גרנות,language,אנגלית,8
2026-07-30T17:05:49,58,אורתופדיה,מפעלי גרנות,language,עברית,15
2026-07-30T17:05:49,58,אורתופדיה,מפעלי גרנות,language,ערבית,10
2026-07-30T17:05:49,58,אורתופדיה,מפעלי גרנות,language,רומנית,3
2026-07-30T17:05:49,58,אורתופדיה,מפעלי גרנות,language,רוסית,2
2026-07-30T17:06:04,58,אורתופדיה,מצפה אבי''ב,gender,גבר,89
2026-07-30T17:06:04,58,אורתופדיה,מצפה אבי''ב,gender,אישה,2
2026-07-30T17:06:04,58,אורתופדיה,מצפה אבי''ב,visit_type,ביקור במרפאה,91
2026-07-30T17:06:04,58,אורתופדיה,מצפה אבי''ב,visit_type,שיחת טלפון,2
2026-07-30T17:06:04,58,אורתופדיה,מצפה אבי''ב,language,איטלקית,1
2026-07-30T17:06:04,58,אורתופדיה,מצפה אבי''ב,language,אנגלית,53
2026-07-30T17:06:04,58,אורתופדיה,מצפה אבי''ב,language,בולגרית,1
2026-07-30T17:06:04,58,אורתופדיה,מצפה אבי''ב,language,גרמנית,3
2026-07-30T17:06:04,58,אורתופדיה,מצפה אבי''ב,language,ספרדית,2
2026-07-30T17:06:04,58,אורתופדיה,מצפה אבי''ב,language,עברית,90
2026-07-30T17:06:04,58,אורתופדיה,מצפה אבי''ב,language,ערבית,67
2026-07-30T17:06:04,58,אורתופדיה,מצפה אבי''ב,language,צכית,1
2026-07-30T17:06:04,58,אורתופדיה,מצפה אבי''ב,language,צרפתית,1
2026-07-30T17:06:04,58,אורתופדיה,מצפה אבי''ב,language,רומנית,8
2026-07-30T17:06:04,58,אורתופדיה,מצפה אבי''ב,language,רוסית,19
2026-07-30T17:06:19,58,אורתופדיה,מרחב עם,gender,גבר,36
2026-07-30T17:06:19,58,אורתופדיה,מרחב עם,gender,אישה,2
2026-07-30T17:06:19,58,אורתופדיה,מרחב עם,visit_type,ביקור במרפאה,43
2026-07-30T17:06:19,58,אורתופדיה,מרחב עם,language,עברית,1
2026-07-30T17:06:19,58,אורתופדיה,מרחב עם,language,רוסית,1
2026-07-30T17:06:29,58,אורתופדיה,משואה,gender,גבר,47
2026-07-30T17:06:29,58,אורתופדיה,משואה,visit_type,ביקור במרפאה,49
2026-07-30T17:06:29,58,אורתופדיה,משואה,language,אנגלית,7
2026-07-30T17:06:29,58,אורתופדיה,משואה,language,עברית,12
2026-07-30T17:06:29,58,אורתופדיה,משואה,language,ערבית,6
2026-07-30T17:06:29,58,אורתופדיה,משואה,language,צרפתית,1
2026-07-30T17:06:29,58,אורתופדיה,משואה,language,רוסית,3
2026-07-30T17:06:39,58,אורתופדיה,נאות הכיכר,gender,גבר,36
2026-07-30T17:06:39,58,אורתופדיה,נאות הכיכר,gender,אישה,2
2026-07-30T17:06:39,58,אורתופדיה,נאות הכיכר,visit_type,ביקור במרפאה,43
2026-07-30T17:06:39,58,אורתופדיה,נאות הכיכר,language,עברית,1
2026-07-30T17:06:39,58,אורתופדיה,נאות הכיכר,language,רוסית,1
2026-07-30T17:06:52,58,אורתופדיה,נהורה,gender,גבר,41
2026-07-30T17:06:52,58,אורתופדיה,נהורה,gender,אישה,2
2026-07-30T17:06:52,58,אורתופדיה,נהורה,visit_type,ביקור במרפאה,47
2026-07-30T17:06:52,58,אורתופדיה,נהורה,language,עברית,1
2026-07-30T17:06:52,58,אורתופדיה,נהורה,language,רוסית,1
2026-07-30T17:07:07,58,אורתופדיה,נווה איתן,gender,גבר,145
2026-07-30T17:07:07,58,אורתופדיה,נווה איתן,visit_type,ביקור במרפאה,146
2026-07-30T17:07:07,58,אורתופדיה,נווה איתן,visit_type,שיחת טלפון,2
2026-07-30T17:07:07,58,אורתופדיה,נווה איתן,language,איטלקית,1
2026-07-30T17:07:07,58,אורתופדיה,נווה איתן,language,אנגלית,19
2026-07-30T17:07:07,58,אורתופדיה,נווה איתן,language,גרמנית,1
2026-07-30T17:07:07,58,אורתופדיה,נווה איתן,language,עברית,31
2026-07-30T17:07:07,58,אורתופדיה,נווה איתן,language,ערבית,21
2026-07-30T17:07:07,58,אורתופדיה,נווה איתן,language,רומנית,7
2026-07-30T17:07:07,58,אורתופדיה,נווה איתן,language,רוסית,6
2026-07-30T17:07:30,58,אורתופדיה,נחלה,gender,גבר,41
2026-07-30T17:07:30,58,אורתופדיה,נחלה,gender,אישה,2
2026-07-30T17:07:30,58,אורתופדיה,נחלה,visit_type,ביקור במרפאה,47
2026-07-30T17:07:30,58,אורתופדיה,נחלה,language,עברית,1
2026-07-30T17:07:30,58,אורתופדיה,נחלה,language,רוסית,1
2026-07-30T17:07:42,58,אורתופדיה,נטעים,gender,גבר,84
2026-07-30T17:07:42,58,אורתופדיה,נטעים,gender,אישה,1
2026-07-30T17:07:42,58,אורתופדיה,נטעים,visit_type,ביקור במרפאה,97
2026-07-30T17:07:42,58,אורתופדיה,נטעים,visit_type,שיחת טלפון,2
2026-07-30T17:07:42,58,אורתופדיה,נטעים,visit_type,שיחת וידאו,1
2026-07-30T17:07:42,58,אורתופדיה,נטעים,language,איטלקית,4
2026-07-30T17:07:42,58,אורתופדיה,נטעים,language,אנגלית,13
2026-07-30T17:07:42,58,אורתופדיה,נטעים,language,גרמנית,1
2026-07-30T17:07:42,58,אורתופדיה,נטעים,language,עברית,24
2026-07-30T17:07:42,58,אורתופדיה,נטעים,language,ערבית,2
2026-07-30T17:07:42,58,אורתופדיה,נטעים,language,צרפתית,3
2026-07-30T17:07:42,58,אורתופדיה,נטעים,language,רומנית,2
2026-07-30T17:07:42,58,אורתופדיה,נטעים,language,רוסית,9
2026-07-30T17:08:00,58,אורתופדיה,ניצני עוז,gender,גבר,86
2026-07-30T17:08:00,58,אורתופדיה,ניצני עוז,visit_type,ביקור במרפאה,89
2026-07-30T17:08:00,58,אורתופדיה,ניצני עוז,visit_type,שיחת טלפון,3
2026-07-30T17:08:00,58,אורתופדיה,ניצני עוז,language,אידיש,1
2026-07-30T17:08:00,58,אורתופדיה,ניצני עוז,language,איטלקית,1
2026-07-30T17:08:00,58,אורתופדיה,ניצני עוז,language,אנגלית,8
2026-07-30T17:08:00,58,אורתופדיה,ניצני עוז,language,עברית,15
2026-07-30T17:08:00,58,אורתופדיה,ניצני עוז,language,ערבית,10
2026-07-30T17:08:00,58,אורתופדיה,ניצני עוז,language,רומנית,3
2026-07-30T17:08:00,58,אורתופדיה,ניצני עוז,language,רוסית,2
2026-07-30T17:08:14,58,אורתופדיה,נען,gender,גבר,54
2026-07-30T17:08:14,58,אורתופדיה,נען,gender,אישה,1
2026-07-30T17:08:14,58,אורתופדיה,נען,visit_type,ביקור במרפאה,61
2026-07-30T17:08:14,58,אורתופדיה,נען,visit_type,שיחת טלפון,1
2026-07-30T17:08:14,58,אורתופדיה,נען,language,איטלקית,2
2026-07-30T17:08:14,58,אורתופדיה,נען,language,אנגלית,6
2026-07-30T17:08:14,58,אורתופדיה,נען,language,גרמנית,1
2026-07-30T17:08:14,58,אורתופדיה,נען,language,עברית,9
2026-07-30T17:08:14,58,אורתופדיה,נען,language,צרפתית,2
2026-07-30T17:08:14,58,אורתופדיה,נען,language,רוסית,4
2026-07-30T17:08:28,58,אורתופדיה,נתיבות,gender,גבר,52
2026-07-30T17:08:28,58,אורתופדיה,נתיבות,gender,אישה,3
2026-07-30T17:08:28,58,אורתופדיה,נתיבות,visit_type,ביקור במרפאה,63
2026-07-30T17:08:28,58,אורתופדיה,נתיבות,language,עברית,1
2026-07-30T17:08:28,58,אורתופדיה,נתיבות,language,רוסית,1
2026-07-30T17:08:46,58,אורתופדיה,סואעד חמרייה,gender,גבר,115
2026-07-30T17:08:46,58,אורתופדיה,סואעד חמרייה,visit_type,ביקור במרפאה,116
2026-07-30T17:08:46,58,אורתופדיה,סואעד חמרייה,visit_type,שיחת טלפון,2
2026-07-30T17:08:46,58,אורתופדיה,סואעד חמרייה,language,אידיש,1
2026-07-30T17:08:46,58,אורתופדיה,סואעד חמרייה,language,אנגלית,41
2026-07-30T17:08:46,58,אורתופדיה,סואעד חמרייה,language,גרמנית,5
2026-07-30T17:08:46,58,אורתופדיה,סואעד חמרייה,language,הונגרית,1
2026-07-30T17:08:46,58,אורתופדיה,סואעד חמרייה,language,ספרדית,2
2026-07-30T17:08:46,58,אורתופדיה,סואעד חמרייה,language,עברית,57
2026-07-30T17:08:46,58,אורתופדיה,סואעד חמרייה,language,ערבית,29
2026-07-30T17:08:46,58,אורתופדיה,סואעד חמרייה,language,צרפתית,1
2026-07-30T17:08:46,58,אורתופדיה,סואעד חמרייה,language,רומנית,14
2026-07-30T17:08:46,58,אורתופדיה,סואעד חמרייה,language,רוסית,12
2026-07-30T17:09:03,58,אורתופדיה,סילואד,gender,גבר,47
2026-07-30T17:09:03,58,אורתופדיה,סילואד,visit_type,ביקור במרפאה,49
2026-07-30T17:09:03,58,אורתופדיה,סילואד,language,אנגלית,7
2026-07-30T17:09:03,58,אורתופדיה,סילואד,language,עברית,12
2026-07-30T17:09:03,58,אורתופדיה,סילואד,language,ערבית,6
2026-07-30T17:09:03,58,אורתופדיה,סילואד,language,צרפתית,1
2026-07-30T17:09:03,58,אורתופדיה,סילואד,language,רוסית,3
2026-07-30T17:09:14,58,אורתופדיה,סמוע,gender,גבר,52
2026-07-30T17:09:14,58,אורתופדיה,סמוע,gender,אישה,3
2026-07-30T17:09:14,58,אורתופדיה,סמוע,visit_type,ביקור במרפאה,63
2026-07-30T17:09:14,58,אורתופדיה,סמוע,language,עברית,1
2026-07-30T17:09:14,58,אורתופדיה,סמוע,language,רוסית,1
2026-07-30T17:09:31,58,אורתופדיה,ספסופה,gender,גבר,97
2026-07-30T17:09:31,58,אורתופדיה,ספסופה,visit_type,ביקור במרפאה,98
2026-07-30T17:09:31,58,אורתופדיה,ספסופה,visit_type,שיחת טלפון,1
2026-07-30T17:09:31,58,אורתופדיה,ספסופה,language,איטלקית,1
2026-07-30T17:09:31,58,אורתופדיה,ספסופה,language,אנגלית,9
2026-07-30T17:09:31,58,אורתופדיה,ספסופה,language,עברית,12
2026-07-30T17:09:31,58,אורתופדיה,ספסופה,language,ערבית,5
2026-07-30T17:09:31,58,אורתופדיה,ספסופה,language,רוסית,6
2026-07-30T17:09:48,58,אורתופדיה,עבסאן אל כביר,gender,גבר,52
2026-07-30T17:09:48,58,אורתופדיה,עבסאן אל כביר,gender,אישה,3
2026-07-30T17:09:48,58,אורתופדיה,עבסאן אל כביר,visit_type,ביקור במרפאה,63
2026-07-30T17:09:48,58,אורתופדיה,עבסאן אל כביר,language,עברית,1
2026-07-30T17:09:48,58,אורתופדיה,עבסאן אל כביר,language,רוסית,1
2026-07-30T17:10:05,58,אורתופדיה,עוורתא,gender,גבר,86
2026-07-30T17:10:05,58,אורתופדיה,עוורתא,visit_type,ביקור במרפאה,89
2026-07-30T17:10:05,58,אורתופדיה,עוורתא,visit_type,שיחת טלפון,3
2026-07-30T17:10:05,58,אורתופדיה,עוורתא,language,אידיש,1
2026-07-30T17:10:05,58,אורתופדיה,עוורתא,language,איטלקית,1
2026-07-30T17:10:05,58,אורתופדיה,עוורתא,language,אנגלית,8
2026-07-30T17:10:05,58,אורתופדיה,עוורתא,language,עברית,15
2026-07-30T17:10:05,58,אורתופדיה,עוורתא,language,ערבית,10
2026-07-30T17:10:05,58,אורתופדיה,עוורתא,language,רומנית,3
2026-07-30T17:10:05,58,אורתופדיה,עוורתא,language,רוסית,2
2026-07-30T17:10:20,58,אורתופדיה,עזון,gender,גבר,86
2026-07-30T17:10:20,58,אורתופדיה,עזון,visit_type,ביקור במרפאה,89
2026-07-30T17:10:20,58,אורתופדיה,עזון,visit_type,שיחת טלפון,3
2026-07-30T17:10:20,58,אורתופדיה,עזון,language,אידיש,1
2026-07-30T17:10:20,58,אורתופדיה,עזון,language,איטלקית,1
2026-07-30T17:10:20,58,אורתופדיה,עזון,language,אנגלית,8
2026-07-30T17:10:20,58,אורתופדיה,עזון,language,עברית,15
2026-07-30T17:10:20,58,אורתופדיה,עזון,language,ערבית,10
2026-07-30T17:10:20,58,אורתופדיה,עזון,language,רומנית,3
2026-07-30T17:10:20,58,אורתופדיה,עזון,language,רוסית,2
2026-07-30T17:10:33,58,אורתופדיה,עטרת,gender,גבר,47
2026-07-30T17:10:33,58,אורתופדיה,עטרת,visit_type,ביקור במרפאה,49
2026-07-30T17:10:33,58,אורתופדיה,עטרת,language,אנגלית,7
2026-07-30T17:10:33,58,אורתופדיה,עטרת,language,עברית,12
2026-07-30T17:10:33,58,אורתופדיה,עטרת,language,ערבית,6
2026-07-30T17:10:33,58,אורתופדיה,עטרת,language,צרפתית,1
2026-07-30T17:10:33,58,אורתופדיה,עטרת,language,רוסית,3
2026-07-30T17:10:41,58,אורתופדיה,עין גדי,gender,גבר,47
2026-07-30T17:10:41,58,אורתופדיה,עין גדי,visit_type,ביקור במרפאה,49
2026-07-30T17:10:41,58,אורתופדיה,עין גדי,language,אנגלית,7
2026-07-30T17:10:41,58,אורתופדיה,עין גדי,language,עברית,12
2026-07-30T17:10:41,58,אורתופדיה,עין גדי,language,ערבית,6
2026-07-30T17:10:41,58,אורתופדיה,עין גדי,language,צרפתית,1
2026-07-30T17:10:41,58,אורתופדיה,עין גדי,language,רוסית,3
2026-07-30T17:10:49,58,אורתופדיה,עמינדב,gender,גבר,47
2026-07-30T17:10:49,58,אורתופדיה,עמינדב,visit_type,ביקור במרפאה,49
2026-07-30T17:10:49,58,אורתופדיה,עמינדב,language,אנגלית,7
2026-07-30T17:10:49,58,אורתופדיה,עמינדב,language,עברית,12
2026-07-30T17:10:49,58,אורתופדיה,עמינדב,language,ערבית,6
2026-07-30T17:10:49,58,אורתופדיה,עמינדב,language,צרפתית,1
2026-07-30T17:10:49,58,אורתופדיה,עמינדב,language,רוסית,3
2026-07-30T17:10:58,58,אורתופדיה,ענזה,gender,גבר,86
2026-07-30T17:10:58,58,אורתופדיה,ענזה,visit_type,ביקור במרפאה,89
2026-07-30T17:10:58,58,אורתופדיה,ענזה,visit_type,שיחת טלפון,3
2026-07-30T17:10:58,58,אורתופדיה,ענזה,language,אידיש,1
2026-07-30T17:10:58,58,אורתופדיה,ענזה,language,איטלקית,1
2026-07-30T17:10:58,58,אורתופדיה,ענזה,language,אנגלית,8
2026-07-30T17:10:58,58,אורתופדיה,ענזה,language,עברית,15
2026-07-30T17:10:58,58,אורתופדיה,ענזה,language,ערבית,10
2026-07-30T17:10:58,58,אורתופדיה,ענזה,language,רומנית,3
2026-07-30T17:10:58,58,אורתופדיה,ענזה,language,רוסית,2
2026-07-30T17:11:12,58,אורתופדיה,עקרבה,gender,גבר,47
2026-07-30T17:11:12,58,אורתופדיה,עקרבה,visit_type,ביקור במרפאה,49
2026-07-30T17:11:12,58,אורתופדיה,עקרבה,language,אנגלית,7
2026-07-30T17:11:12,58,אורתופדיה,עקרבה,language,עברית,12
2026-07-30T17:11:12,58,אורתופדיה,עקרבה,language,ערבית,6
2026-07-30T17:11:12,58,אורתופדיה,עקרבה,language,צרפתית,1
2026-07-30T17:11:12,58,אורתופדיה,עקרבה,language,רוסית,3
2026-07-30T17:11:22,58,אורתופדיה,ערערה בנגב,gender,גבר,36
2026-07-30T17:11:22,58,אורתופדיה,ערערה בנגב,gender,אישה,2
2026-07-30T17:11:22,58,אורתופדיה,ערערה בנגב,visit_type,ביקור במרפאה,43
2026-07-30T17:11:22,58,אורתופדיה,ערערה בנגב,language,עברית,1
2026-07-30T17:11:22,58,אורתופדיה,ערערה בנגב,language,רוסית,1
2026-07-30T17:11:33,58,אורתופדיה,פארק תעשיות ראם,gender,גבר,64
2026-07-30T17:11:33,58,אורתופדיה,פארק תעשיות ראם,gender,אישה,1
2026-07-30T17:11:33,58,אורתופדיה,פארק תעשיות ראם,visit_type,ביקור במרפאה,73
2026-07-30T17:11:33,58,אורתופדיה,פארק תעשיות ראם,visit_type,שיחת טלפון,2
2026-07-30T17:11:33,58,אורתופדיה,פארק תעשיות ראם,visit_type,שיחת וידאו,1
2026-07-30T17:11:33,58,אורתופדיה,פארק תעשיות ראם,language,איטלקית,3
2026-07-30T17:11:33,58,אורתופדיה,פארק תעשיות ראם,language,אנגלית,7
2026-07-30T17:11:33,58,אורתופדיה,פארק תעשיות ראם,language,גרמנית,1
2026-07-30T17:11:33,58,אורתופדיה,פארק תעשיות ראם,language,עברית,13
2026-07-30T17:11:33,58,אורתופדיה,פארק תעשיות ראם,language,ערבית,1
2026-07-30T17:11:33,58,אורתופדיה,פארק תעשיות ראם,language,צרפתית,3
2026-07-30T17:11:33,58,אורתופדיה,פארק תעשיות ראם,language,רומנית,1
2026-07-30T17:11:33,58,אורתופדיה,פארק תעשיות ראם,language,רוסית,5
2026-07-30T17:11:48,58,אורתופדיה,פורת,gender,גבר,86
2026-07-30T17:11:48,58,אורתופדיה,פורת,visit_type,ביקור במרפאה,89
2026-07-30T17:11:48,58,אורתופדיה,פורת,visit_type,שיחת טלפון,3
2026-07-30T17:11:48,58,אורתופדיה,פורת,language,אידיש,1
2026-07-30T17:11:48,58,אורתופדיה,פורת,language,איטלקית,1
2026-07-30T17:11:48,58,אורתופדיה,פורת,language,אנגלית,8
2026-07-30T17:11:48,58,אורתופדיה,פורת,language,עברית,15
2026-07-30T17:11:48,58,אורתופדיה,פורת,language,ערבית,10
2026-07-30T17:11:48,58,אורתופדיה,פורת,language,רומנית,3
2026-07-30T17:11:48,58,אורתופדיה,פורת,language,רוסית,2
2026-07-30T17:12:02,58,אורתופדיה,פסוטה,gender,גבר,69
2026-07-30T17:12:02,58,אורתופדיה,פסוטה,gender,אישה,2
2026-07-30T17:12:02,58,אורתופדיה,פסוטה,visit_type,ביקור במרפאה,71
2026-07-30T17:12:02,58,אורתופדיה,פסוטה,visit_type,שיחת טלפון,2
2026-07-30T17:12:02,58,אורתופדיה,פסוטה,language,איטלקית,1
2026-07-30T17:12:02,58,אורתופדיה,פסוטה,language,אנגלית,35
2026-07-30T17:12:02,58,אורתופדיה,פסוטה,language,בולגרית,1
2026-07-30T17:12:02,58,אורתופדיה,פסוטה,language,גרמנית,1
2026-07-30T17:12:02,58,אורתופדיה,פסוטה,language,ספרדית,2
2026-07-30T17:12:02,58,אורתופדיה,פסוטה,language,עברית,70
2026-07-30T17:12:02,58,אורתופדיה,פסוטה,language,ערבית,60
2026-07-30T17:12:02,58,אורתופדיה,פסוטה,language,צכית,1
2026-07-30T17:12:02,58,אורתופדיה,פסוטה,language,צרפתית,1
2026-07-30T17:12:02,58,אורתופדיה,פסוטה,language,רומנית,4
2026-07-30T17:12:02,58,אורתופדיה,פסוטה,language,רוסית,15
2026-07-30T17:12:14,58,אורתופדיה,פרח'ה,gender,גבר,49
2026-07-30T17:12:14,58,אורתופדיה,פרח'ה,gender,אישה,1
2026-07-30T17:12:14,58,אורתופדיה,פרח'ה,visit_type,ביקור במרפאה,58
2026-07-30T17:12:14,58,אורתופדיה,פרח'ה,visit_type,שיחת טלפון,1
2026-07-30T17:12:14,58,אורתופדיה,פרח'ה,language,איטלקית,4
2026-07-30T17:12:14,58,אורתופדיה,פרח'ה,language,אנגלית,33
2026-07-30T17:12:14,58,אורתופדיה,פרח'ה,language,גרמנית,6
2026-07-30T17:12:14,58,אורתופדיה,פרח'ה,language,ספרדית,2
2026-07-30T17:12:14,58,אורתופדיה,פרח'ה,language,עברית,54
2026-07-30T17:12:14,58,אורתופדיה,פרח'ה,language,ערבית,6
2026-07-30T17:12:14,58,אורתופדיה,פרח'ה,language,רומנית,5
2026-07-30T17:12:14,58,אורתופדיה,פרח'ה,language,רוסית,6
2026-07-30T17:12:26,58,אורתופדיה,צוחר,gender,גבר,41
2026-07-30T17:12:26,58,אורתופדיה,צוחר,gender,אישה,2
2026-07-30T17:12:26,58,אורתופדיה,צוחר,visit_type,ביקור במרפאה,47
2026-07-30T17:12:26,58,אורתופדיה,צוחר,language,עברית,1
2026-07-30T17:12:26,58,אורתופדיה,צוחר,language,רוסית,1
2026-07-30T17:12:38,58,אורתופדיה,צלפון,gender,גבר,47
2026-07-30T17:12:38,58,אורתופדיה,צלפון,visit_type,ביקור במרפאה,49
2026-07-30T17:12:38,58,אורתופדיה,צלפון,language,אנגלית,7
2026-07-30T17:12:38,58,אורתופדיה,צלפון,language,עברית,12
2026-07-30T17:12:38,58,אורתופדיה,צלפון,language,ערבית,6
2026-07-30T17:12:38,58,אורתופדיה,צלפון,language,צרפתית,1
2026-07-30T17:12:38,58,אורתופדיה,צלפון,language,רוסית,3
2026-07-30T17:12:46,58,אורתופדיה,קבלאן,gender,גבר,47
2026-07-30T17:12:46,58,אורתופדיה,קבלאן,visit_type,ביקור במרפאה,49
2026-07-30T17:12:46,58,אורתופדיה,קבלאן,language,אנגלית,7
2026-07-30T17:12:46,58,אורתופדיה,קבלאן,language,עברית,12
2026-07-30T17:12:46,58,אורתופדיה,קבלאן,language,ערבית,6
2026-07-30T17:12:46,58,אורתופדיה,קבלאן,language,צרפתית,1
2026-07-30T17:12:46,58,אורתופדיה,קבלאן,language,רוסית,3
2026-07-30T17:12:57,58,אורתופדיה,קודייראת א צאנה,gender,גבר,36
2026-07-30T17:12:57,58,אורתופדיה,קודייראת א צאנה,gender,אישה,2
2026-07-30T17:12:57,58,אורתופדיה,קודייראת א צאנה,visit_type,ביקור במרפאה,43
2026-07-30T17:12:57,58,אורתופדיה,קודייראת א צאנה,language,עברית,1
2026-07-30T17:12:57,58,אורתופדיה,קודייראת א צאנה,language,רוסית,1
2026-07-30T17:13:08,58,אורתופדיה,קירה,gender,גבר,49
2026-07-30T17:13:08,58,אורתופדיה,קירה,gender,אישה,1
2026-07-30T17:13:08,58,אורתופדיה,קירה,visit_type,ביקור במרפאה,58
2026-07-30T17:13:08,58,אורתופדיה,קירה,visit_type,שיחת טלפון,1
2026-07-30T17:13:08,58,אורתופדיה,קירה,language,איטלקית,4
2026-07-30T17:13:08,58,אורתופדיה,קירה,language,אנגלית,33
2026-07-30T17:13:08,58,אורתופדיה,קירה,language,גרמנית,6
2026-07-30T17:13:08,58,אורתופדיה,קירה,language,ספרדית,2
2026-07-30T17:13:08,58,אורתופדיה,קירה,language,עברית,54
2026-07-30T17:13:08,58,אורתופדיה,קירה,language,ערבית,6
2026-07-30T17:13:08,58,אורתופדיה,קירה,language,רומנית,5
2026-07-30T17:13:08,58,אורתופדיה,קירה,language,רוסית,6
2026-07-30T17:13:19,58,אורתופדיה,קצרין,gender,גבר,97
2026-07-30T17:13:19,58,אורתופדיה,קצרין,visit_type,ביקור במרפאה,98
2026-07-30T17:13:19,58,אורתופדיה,קצרין,visit_type,שיחת טלפון,1
2026-07-30T17:13:19,58,אורתופדיה,קצרין,language,איטלקית,1
2026-07-30T17:13:19,58,אורתופדיה,קצרין,language,אנגלית,9
2026-07-30T17:13:19,58,אורתופדיה,קצרין,language,עברית,12
2026-07-30T17:13:19,58,אורתופדיה,קצרין,language,ערבית,5
2026-07-30T17:13:19,58,אורתופדיה,קצרין,language,רוסית,6
2026-07-30T17:13:36,58,אורתופדיה,קרית חינוך שדות נגב,gender,גבר,52
2026-07-30T17:13:36,58,אורתופדיה,קרית חינוך שדות נגב,gender,אישה,3
2026-07-30T17:13:36,58,אורתופדיה,קרית חינוך שדות נגב,visit_type,ביקור במרפאה,63
2026-07-30T17:13:36,58,אורתופדיה,קרית חינוך שדות נגב,language,עברית,1
2026-07-30T17:13:36,58,אורתופדיה,קרית חינוך שדות נגב,language,רוסית,1
2026-07-30T17:13:54,58,אורתופדיה,ראפאת ליד סמוע,gender,גבר,52
2026-07-30T17:13:54,58,אורתופדיה,ראפאת ליד סמוע,gender,אישה,3
2026-07-30T17:13:54,58,אורתופדיה,ראפאת ליד סמוע,visit_type,ביקור במרפאה,63
2026-07-30T17:13:54,58,אורתופדיה,ראפאת ליד סמוע,language,עברית,1
2026-07-30T17:13:54,58,אורתופדיה,ראפאת ליד סמוע,language,רוסית,1
2026-07-30T17:14:12,58,אורתופדיה,רווחה,gender,גבר,41
2026-07-30T17:14:12,58,אורתופדיה,רווחה,gender,אישה,2
2026-07-30T17:14:12,58,אורתופדיה,רווחה,visit_type,ביקור במרפאה,47
2026-07-30T17:14:12,58,אורתופדיה,רווחה,language,עברית,1
2026-07-30T17:14:12,58,אורתופדיה,רווחה,language,רוסית,1
2026-07-30T17:14:25,58,אורתופדיה,רחובות,gender,גבר,84
2026-07-30T17:14:25,58,אורתופדיה,רחובות,gender,אישה,1
2026-07-30T17:14:25,58,אורתופדיה,רחובות,visit_type,ביקור במרפאה,97
2026-07-30T17:14:25,58,אורתופדיה,רחובות,visit_type,שיחת טלפון,2
2026-07-30T17:14:25,58,אורתופדיה,רחובות,visit_type,שיחת וידאו,1
2026-07-30T17:14:25,58,אורתופדיה,רחובות,language,איטלקית,4
2026-07-30T17:14:25,58,אורתופדיה,רחובות,language,אנגלית,13
2026-07-30T17:14:25,58,אורתופדיה,רחובות,language,גרמנית,1
2026-07-30T17:14:25,58,אורתופדיה,רחובות,language,עברית,24
2026-07-30T17:14:25,58,אורתופדיה,רחובות,language,ערבית,2
2026-07-30T17:14:25,58,אורתופדיה,רחובות,language,צרפתית,3
2026-07-30T17:14:25,58,אורתופדיה,רחובות,language,רומנית,2
2026-07-30T17:14:25,58,אורתופדיה,רחובות,language,רוסית,9
2026-07-30T17:14:41,58,אורתופדיה,רמון,gender,גבר,47
2026-07-30T17:14:41,58,אורתופדיה,רמון,visit_type,ביקור במרפאה,49
2026-07-30T17:14:41,58,אורתופדיה,רמון,language,אנגלית,7
2026-07-30T17:14:41,58,אורתופדיה,רמון,language,עברית,12
2026-07-30T17:14:41,58,אורתופדיה,רמון,language,ערבית,6
2026-07-30T17:14:41,58,אורתופדיה,רמון,language,צרפתית,1
2026-07-30T17:14:41,58,אורתופדיה,רמון,language,רוסית,3
2026-07-30T17:14:51,58,אורתופדיה,רעים,gender,גבר,41
2026-07-30T17:14:51,58,אורתופדיה,רעים,gender,אישה,2
2026-07-30T17:14:51,58,אורתופדיה,רעים,visit_type,ביקור במרפאה,47
2026-07-30T17:14:51,58,אורתופדיה,רעים,language,עברית,1
2026-07-30T17:14:51,58,אורתופדיה,רעים,language,רוסית,1
2026-07-30T17:15:03,58,אורתופדיה,שבי ציון,gender,גבר,69
2026-07-30T17:15:03,58,אורתופדיה,שבי ציון,gender,אישה,2
2026-07-30T17:15:03,58,אורתופדיה,שבי ציון,visit_type,ביקור במרפאה,71
2026-07-30T17:15:03,58,אורתופדיה,שבי ציון,visit_type,שיחת טלפון,2
2026-07-30T17:15:03,58,אורתופדיה,שבי ציון,language,איטלקית,1
2026-07-30T17:15:03,58,אורתופדיה,שבי ציון,language,אנגלית,35
2026-07-30T17:15:03,58,אורתופדיה,שבי ציון,language,בולגרית,1
2026-07-30T17:15:03,58,אורתופדיה,שבי ציון,language,גרמנית,1
2026-07-30T17:15:03,58,אורתופדיה,שבי ציון,language,ספרדית,2
2026-07-30T17:15:03,58,אורתופדיה,שבי ציון,language,עברית,70
2026-07-30T17:15:03,58,אורתופדיה,שבי ציון,language,ערבית,60
2026-07-30T17:15:03,58,אורתופדיה,שבי ציון,language,צכית,1
2026-07-30T17:15:03,58,אורתופדיה,שבי ציון,language,צרפתית,1
2026-07-30T17:15:03,58,אורתופדיה,שבי ציון,language,רומנית,4
2026-07-30T17:15:03,58,אורתופדיה,שבי ציון,language,רוסית,15
2026-07-30T17:15:17,58,אורתופדיה,שדה ורבורג,gender,גבר,116
2026-07-30T17:15:17,58,אורתופדיה,שדה ורבורג,gender,אישה,4
2026-07-30T17:15:17,58,אורתופדיה,שדה ורבורג,visit_type,ביקור במרפאה,130
2026-07-30T17:15:17,58,אורתופדיה,שדה ורבורג,visit_type,שיחת טלפון,3
2026-07-30T17:15:17,58,אורתופדיה,שדה ורבורג,language,אידיש,1
2026-07-30T17:15:17,58,אורתופדיה,שדה ורבורג,language,איטלקית,6
2026-07-30T17:15:17,58,אורתופדיה,שדה ורבורג,language,אנגלית,28
2026-07-30T17:15:17,58,אורתופדיה,שדה ורבורג,language,גרמנית,1
2026-07-30T17:15:17,58,אורתופדיה,שדה ורבורג,language,עברית,46
2026-07-30T17:15:17,58,אורתופדיה,שדה ורבורג,language,ערבית,15
2026-07-30T17:15:17,58,אורתופדיה,שדה ורבורג,language,רומנית,8
2026-07-30T17:15:17,58,אורתופדיה,שדה ורבורג,language,רוסית,6
2026-07-30T17:15:37,58,אורתופדיה,שומרה,gender,גבר,69
2026-07-30T17:15:37,58,אורתופדיה,שומרה,gender,אישה,2
2026-07-30T17:15:37,58,אורתופדיה,שומרה,visit_type,ביקור במרפאה,71
2026-07-30T17:15:37,58,אורתופדיה,שומרה,visit_type,שיחת טלפון,2
2026-07-30T17:15:37,58,אורתופדיה,שומרה,language,איטלקית,1
2026-07-30T17:15:37,58,אורתופדיה,שומרה,language,אנגלית,35
2026-07-30T17:15:37,58,אורתופדיה,שומרה,language,בולגרית,1
2026-07-30T17:15:37,58,אורתופדיה,שומרה,language,גרמנית,1
2026-07-30T17:15:37,58,אורתופדיה,שומרה,language,ספרדית,2
2026-07-30T17:15:37,58,אורתופדיה,שומרה,language,עברית,70
2026-07-30T17:15:37,58,אורתופדיה,שומרה,language,ערבית,60
2026-07-30T17:15:37,58,אורתופדיה,שומרה,language,צכית,1
2026-07-30T17:15:37,58,אורתופדיה,שומרה,language,צרפתית,1
2026-07-30T17:15:37,58,אורתופדיה,שומרה,language,רומנית,4
2026-07-30T17:15:37,58,אורתופדיה,שומרה,language,רוסית,15
2026-07-30T17:15:50,58,אורתופדיה,שיבטה,gender,גבר,52
2026-07-30T17:15:50,58,אורתופדיה,שיבטה,gender,אישה,3
2026-07-30T17:15:50,58,אורתופדיה,שיבטה,visit_type,ביקור במרפאה,63
2026-07-30T17:15:50,58,אורתופדיה,שיבטה,language,עברית,1
2026-07-30T17:15:50,58,אורתופדיה,שיבטה,language,רוסית,1
2026-07-30T17:16:09,58,אורתופדיה,שלוחות,gender,גבר,145
2026-07-30T17:16:09,58,אורתופדיה,שלוחות,visit_type,ביקור במרפאה,146
2026-07-30T17:16:09,58,אורתופדיה,שלוחות,visit_type,שיחת טלפון,2
2026-07-30T17:16:09,58,אורתופדיה,שלוחות,language,איטלקית,1
2026-07-30T17:16:09,58,אורתופדיה,שלוחות,language,אנגלית,19
2026-07-30T17:16:09,58,אורתופדיה,שלוחות,language,גרמנית,1
2026-07-30T17:16:09,58,אורתופדיה,שלוחות,language,עברית,31
2026-07-30T17:16:09,58,אורתופדיה,שלוחות,language,ערבית,21
2026-07-30T17:16:09,58,אורתופדיה,שלוחות,language,רומנית,7
2026-07-30T17:16:09,58,אורתופדיה,שלוחות,language,רוסית,6
2026-07-30T17:16:31,58,אורתופדיה,שעב,gender,גבר,89
2026-07-30T17:16:31,58,אורתופדיה,שעב,gender,אישה,2
2026-07-30T17:16:31,58,אורתופדיה,שעב,visit_type,ביקור במרפאה,91
2026-07-30T17:16:31,58,אורתופדיה,שעב,visit_type,שיחת טלפון,2
2026-07-30T17:16:31,58,אורתופדיה,שעב,language,איטלקית,1
2026-07-30T17:16:31,58,אורתופדיה,שעב,language,אנגלית,53
2026-07-30T17:16:31,58,אורתופדיה,שעב,language,בולגרית,1
2026-07-30T17:16:31,58,אורתופדיה,שעב,language,גרמנית,3
2026-07-30T17:16:31,58,אורתופדיה,שעב,language,ספרדית,2
2026-07-30T17:16:31,58,אורתופדיה,שעב,language,עברית,90
2026-07-30T17:16:31,58,אורתופדיה,שעב,language,ערבית,67
2026-07-30T17:16:31,58,אורתופדיה,שעב,language,צכית,1
2026-07-30T17:16:31,58,אורתופדיה,שעב,language,צרפתית,1
2026-07-30T17:16:31,58,אורתופדיה,שעב,language,רומנית,8
2026-07-30T17:16:31,58,אורתופדיה,שעב,language,רוסית,19
2026-07-30T17:16:47,58,אורתופדיה,שפר,gender,גבר,97
2026-07-30T17:16:47,58,אורתופדיה,שפר,visit_type,ביקור במרפאה,98
2026-07-30T17:16:47,58,אורתופדיה,שפר,visit_type,שיחת טלפון,1
2026-07-30T17:16:47,58,אורתופדיה,שפר,language,איטלקית,1
2026-07-30T17:16:47,58,אורתופדיה,שפר,language,אנגלית,9
2026-07-30T17:16:47,58,אורתופדיה,שפר,language,עברית,12
2026-07-30T17:16:47,58,אורתופדיה,שפר,language,ערבית,5
2026-07-30T17:16:47,58,אורתופדיה,שפר,language,רוסית,6
2026-07-30T17:17:05,58,אורתופדיה,תאשור,gender,גבר,52
2026-07-30T17:17:05,58,אורתופדיה,תאשור,gender,אישה,3
2026-07-30T17:17:05,58,אורתופדיה,תאשור,visit_type,ביקור במרפאה,63
2026-07-30T17:17:05,58,אורתופדיה,תאשור,language,עברית,1
2026-07-30T17:17:05,58,אורתופדיה,תאשור,language,רוסית,1
2026-07-30T17:17:21,58,אורתופדיה,תירוש,gender,גבר,32
2026-07-30T17:17:21,58,אורתופדיה,תירוש,gender,אישה,1
2026-07-30T17:17:21,58,אורתופדיה,תירוש,visit_type,ביקור במרפאה,37
2026-07-30T17:17:21,58,אורתופדיה,תירוש,visit_type,שיחת טלפון,1
2026-07-30T17:17:21,58,אורתופדיה,תירוש,visit_type,שיחת וידאו,1
2026-07-30T17:17:21,58,אורתופדיה,תירוש,language,איטלקית,1
2026-07-30T17:17:21,58,אורתופדיה,תירוש,language,אנגלית,3
2026-07-30T17:17:21,58,אורתופדיה,תירוש,language,גרמנית,1
2026-07-30T17:17:21,58,אורתופדיה,תירוש,language,עברית,7
2026-07-30T17:17:21,58,אורתופדיה,תירוש,language,ערבית,1
2026-07-30T17:17:21,58,אורתופדיה,תירוש,language,צרפתית,1
2026-07-30T17:17:21,58,אורתופדיה,תירוש,language,רומנית,1
2026-07-30T17:17:21,58,אורתופדיה,תירוש,language,רוסית,3
2026-07-30T17:17:31,58,אורתופדיה,תל קציר,gender,גבר,97
2026-07-30T17:17:31,58,אורתופדיה,תל קציר,visit_type,ביקור במרפאה,98
2026-07-30T17:17:31,58,אורתופדיה,תל קציר,visit_type,שיחת טלפון,1
2026-07-30T17:17:31,58,אורתופדיה,תל קציר,language,איטלקית,1
2026-07-30T17:17:31,58,אורתופדיה,תל קציר,language,אנגלית,9
2026-07-30T17:17:31,58,אורתופדיה,תל קציר,language,עברית,12
2026-07-30T17:17:31,58,אורתופדיה,תל קציר,language,ערבית,5
2026-07-30T17:17:31,58,אורתופדיה,תל קציר,language,רוסית,6
2026-07-30T17:17:47,58,אורתופדיה,תעשיון תמ''ד,gender,גבר,52
2026-07-30T17:17:47,58,אורתופדיה,תעשיון תמ''ד,gender,אישה,3
2026-07-30T17:17:47,58,אורתופדיה,תעשיון תמ''ד,visit_type,ביקור במרפאה,63
2026-07-30T17:17:47,58,אורתופדיה,תעשיון תמ''ד,language,עברית,1
2026-07-30T17:17:47,58,אורתופדיה,תעשיון תמ''ד,language,רוסית,1
2026-07-30T17:18:03,58,אורתופדיה,תרקומיא,gender,גבר,47
2026-07-30T17:18:03,58,אורתופדיה,תרקומיא,visit_type,ביקור במרפאה,49
2026-07-30T17:18:03,58,אורתופדיה,תרקומיא,language,אנגלית,7
2026-07-30T17:18:03,58,אורתופדיה,תרקומיא,language,עברית,12
2026-07-30T17:18:03,58,אורתופדיה,תרקומיא,language,ערבית,6
2026-07-30T17:18:03,58,אורתופדיה,תרקומיא,language,צרפתית,1
2026-07-30T17:18:03,58,אורתופדיה,תרקומיא,language,רוסית,3
2026-07-30T17:18:11,62,אף אוזן גרון,א לובאן,gender,גבר,26
2026-07-30T17:18:11,62,אף אוזן גרון,א לובאן,gender,אישה,10
2026-07-30T17:18:11,62,אף אוזן גרון,א לובאן,visit_type,ביקור במרפאה,38
2026-07-30T17:18:11,62,אף אוזן גרון,א לובאן,visit_type,שיחת טלפון,1
2026-07-30T17:18:11,62,אף אוזן גרון,א לובאן,language,אנגלית,14
2026-07-30T17:18:11,62,אף אוזן גרון,א לובאן,language,ספרדית,2
2026-07-30T17:18:11,62,אף אוזן גרון,א לובאן,language,עברית,37
2026-07-30T17:18:11,62,אף אוזן גרון,א לובאן,language,ערבית,2
2026-07-30T17:18:11,62,אף אוזן גרון,א לובאן,language,רוסית,9
2026-07-30T17:18:19,62,אף אוזן גרון,אבו כף אום בטין,gender,גבר,38
2026-07-30T17:18:19,62,אף אוזן גרון,אבו כף אום בטין,gender,אישה,6
2026-07-30T17:18:19,62,אף אוזן גרון,אבו כף אום בטין,visit_type,ביקור במרפאה,47
2026-07-30T17:18:19,62,אף אוזן גרון,אבו כף אום בטין,language,אוקראינית,1
2026-07-30T17:18:19,62,אף אוזן גרון,אבו כף אום בטין,language,אידיש,3
2026-07-30T17:18:19,62,אף אוזן גרון,אבו כף אום בטין,language,אנגלית,3
2026-07-30T17:18:19,62,אף אוזן גרון,אבו כף אום בטין,language,הונגרית,1
2026-07-30T17:18:19,62,אף אוזן גרון,אבו כף אום בטין,language,ספרדית,3
2026-07-30T17:18:19,62,אף אוזן גרון,אבו כף אום בטין,language,עברית,10
2026-07-30T17:18:19,62,אף אוזן גרון,אבו כף אום בטין,language,ערבית,4
2026-07-30T17:18:19,62,אף אוזן גרון,אבו כף אום בטין,language,צכית,1
2026-07-30T17:18:19,62,אף אוזן גרון,אבו כף אום בטין,language,רוסית,1
2026-07-30T17:18:30,62,אף אוזן גרון,אדמית,gender,גבר,35
2026-07-30T17:18:30,62,אף אוזן גרון,אדמית,gender,אישה,3
2026-07-30T17:18:30,62,אף אוזן גרון,אדמית,visit_type,ביקור במרפאה,38
2026-07-30T17:18:30,62,אף אוזן גרון,אדמית,visit_type,שיחת טלפון,1
2026-07-30T17:18:30,62,אף אוזן גרון,אדמית,language,איטלקית,5
2026-07-30T17:18:30,62,אף אוזן גרון,אדמית,language,אנגלית,29
2026-07-30T17:18:30,62,אף אוזן גרון,אדמית,language,גרמנית,2
2026-07-30T17:18:30,62,אף אוזן גרון,אדמית,language,הולנדית,1
2026-07-30T17:18:30,62,אף אוזן גרון,אדמית,language,ספרדית,1
2026-07-30T17:18:30,62,אף אוזן גרון,אדמית,language,עברית,38
2026-07-30T17:18:30,62,אף אוזן גרון,אדמית,language,ערבית,34
2026-07-30T17:18:30,62,אף אוזן גרון,אדמית,language,צרפתית,1
2026-07-30T17:18:30,62,אף אוזן גרון,אדמית,language,רומנית,7
2026-07-30T17:18:30,62,אף אוזן גרון,אדמית,language,רוסית,5
2026-07-30T17:18:38,62,אף אוזן גרון,אום אל קוטוף,gender,גבר,67
2026-07-30T17:18:38,62,אף אוזן גרון,אום אל קוטוף,gender,אישה,20
2026-07-30T17:18:38,62,אף אוזן גרון,אום אל קוטוף,visit_type,ביקור במרפאה,92
2026-07-30T17:18:38,62,אף אוזן גרון,אום אל קוטוף,visit_type,שיחת טלפון,1
2026-07-30T17:18:38,62,אף אוזן גרון,אום אל קוטוף,language,אוקראינית,1
2026-07-30T17:18:38,62,אף אוזן גרון,אום אל קוטוף,language,אידיש,4
2026-07-30T17:18:38,62,אף אוזן גרון,אום אל קוטוף,language,איטלקית,1
2026-07-30T17:18:38,62,אף אוזן גרון,אום אל קוטוף,language,אנגלית,19
2026-07-30T17:18:38,62,אף אוזן גרון,אום אל קוטוף,language,גרמנית,1
2026-07-30T17:18:38,62,אף אוזן גרון,אום אל קוטוף,language,ספרדית,1
2026-07-30T17:18:38,62,אף אוזן גרון,אום אל קוטוף,language,עברית,26
2026-07-30T17:18:38,62,אף אוזן גרון,אום אל קוטוף,language,ערבית,9
2026-07-30T17:18:38,62,אף אוזן גרון,אום אל קוטוף,language,רומנית,2
2026-07-30T17:18:38,62,אף אוזן גרון,אום אל קוטוף,language,רוסית,9
2026-07-30T17:18:53,62,אף אוזן גרון,אחיהוד,gender,גבר,47
2026-07-30T17:18:53,62,אף אוזן גרון,אחיהוד,gender,אישה,8
2026-07-30T17:18:53,62,אף אוזן גרון,אחיהוד,visit_type,ביקור במרפאה,55
2026-07-30T17:18:53,62,אף אוזן גרון,אחיהוד,visit_type,שיחת טלפון,2
2026-07-30T17:18:53,62,אף אוזן גרון,אחיהוד,language,איטלקית,5
2026-07-30T17:18:53,62,אף אוזן גרון,אחיהוד,language,אנגלית,40
2026-07-30T17:18:53,62,אף אוזן גרון,אחיהוד,language,גרמנית,4
2026-07-30T17:18:53,62,אף אוזן גרון,אחיהוד,language,הולנדית,1
2026-07-30T17:18:53,62,אף אוזן גרון,אחיהוד,language,הונגרית,1
2026-07-30T17:18:53,62,אף אוזן גרון,אחיהוד,language,ספרדית,1
2026-07-30T17:18:53,62,אף אוזן גרון,אחיהוד,language,עברית,55
2026-07-30T17:18:53,62,אף אוזן גרון,אחיהוד,language,ערבית,40
2026-07-30T17:18:53,62,אף אוזן גרון,אחיהוד,language,צרפתית,1
2026-07-30T17:18:53,62,אף אוזן גרון,אחיהוד,language,רומנית,7
2026-07-30T17:18:53,62,אף אוזן גרון,אחיהוד,language,רוסית,10
2026-07-30T17:19:02,62,אף אוזן גרון,איכתאבא,gender,גבר,48
2026-07-30T17:19:02,62,אף אוזן גרון,איכתאבא,gender,אישה,14
2026-07-30T17:19:02,62,אף אוזן גרון,איכתאבא,visit_type,ביקור במרפאה,67
2026-07-30T17:19:02,62,אף אוזן גרון,איכתאבא,visit_type,שיחת טלפון,1
2026-07-30T17:19:02,62,אף אוזן גרון,איכתאבא,language,אוקראינית,1
2026-07-30T17:19:02,62,אף אוזן גרון,איכתאבא,language,אידיש,4
2026-07-30T17:19:02,62,אף אוזן גרון,איכתאבא,language,איטלקית,1
2026-07-30T17:19:02,62,אף אוזן גרון,איכתאבא,language,אנגלית,12
2026-07-30T17:19:02,62,אף אוזן גרון,איכתאבא,language,גרמנית,1
2026-07-30T17:19:02,62,אף אוזן גרון,איכתאבא,language,עברית,16
2026-07-30T17:19:02,62,אף אוזן גרון,איכתאבא,language,ערבית,3
2026-07-30T17:19:02,62,אף אוזן גרון,איכתאבא,language,רומנית,2
2026-07-30T17:19:02,62,אף אוזן גרון,איכתאבא,language,רוסית,6
2026-07-30T17:19:15,62,אף אוזן גרון,אל חדב,gender,גבר,50
2026-07-30T17:19:15,62,אף אוזן גרון,אל חדב,gender,אישה,7
2026-07-30T17:19:15,62,אף אוזן גרון,אל חדב,visit_type,ביקור במרפאה,63
2026-07-30T17:19:15,62,אף אוזן גרון,אל חדב,language,אוקראינית,1
2026-07-30T17:19:15,62,אף אוזן גרון,אל חדב,language,אידיש,3
2026-07-30T17:19:15,62,אף אוזן גרון,אל חדב,language,אנגלית,3
2026-07-30T17:19:15,62,אף אוזן גרון,אל חדב,language,הונגרית,1
2026-07-30T17:19:15,62,אף אוזן גרון,אל חדב,language,ספרדית,3
2026-07-30T17:19:15,62,אף אוזן גרון,אל חדב,language,עברית,11
2026-07-30T17:19:15,62,אף אוזן גרון,אל חדב,language,ערבית,5
2026-07-30T17:19:15,62,אף אוזן גרון,אל חדב,language,צכית,1
2026-07-30T17:19:15,62,אף אוזן גרון,אל חדב,language,רוסית,1
2026-07-30T17:19:28,62,אף אוזן גרון,אניעם,gender,גבר,54
2026-07-30T17:19:28,62,אף אוזן גרון,אניעם,gender,אישה,5
2026-07-30T17:19:28,62,אף אוזן גרון,אניעם,visit_type,ביקור במרפאה,59
2026-07-30T17:19:28,62,אף אוזן גרון,אניעם,language,אנגלית,11
2026-07-30T17:19:28,62,אף אוזן גרון,אניעם,language,עברית,14
2026-07-30T17:19:28,62,אף אוזן גרון,אניעם,language,ערבית,14
2026-07-30T17:19:28,62,אף אוזן גרון,אניעם,language,רוסית,2
2026-07-30T17:19:37,62,אף אוזן גרון,ארגמן,gender,גבר,36
2026-07-30T17:19:37,62,אף אוזן גרון,ארגמן,gender,אישה,4
2026-07-30T17:19:37,62,אף אוזן גרון,ארגמן,visit_type,ביקור במרפאה,41
2026-07-30T17:19:37,62,אף אוזן גרון,ארגמן,language,אידיש,4
2026-07-30T17:19:37,62,אף אוזן גרון,ארגמן,language,איטלקית,1
2026-07-30T17:19:37,62,אף אוזן גרון,ארגמן,language,אנגלית,10
2026-07-30T17:19:37,62,אף אוזן גרון,ארגמן,language,עברית,10
2026-07-30T17:19:37,62,אף אוזן גרון,ארגמן,language,ערבית,4
2026-07-30T17:19:37,62,אף אוזן גרון,ארגמן,language,רוסית,4
2026-07-30T17:19:45,62,אף אוזן גרון,אשחר,gender,גבר,47
2026-07-30T17:19:45,62,אף אוזן גרון,אשחר,gender,אישה,8
2026-07-30T17:19:45,62,אף אוזן גרון,אשחר,visit_type,ביקור במרפאה,55
2026-07-30T17:19:45,62,אף אוזן גרון,אשחר,visit_type,שיחת טלפון,2
2026-07-30T17:19:45,62,אף אוזן גרון,אשחר,language,איטלקית,5
2026-07-30T17:19:45,62,אף אוזן גרון,אשחר,language,אנגלית,40
2026-07-30T17:19:45,62,אף אוזן גרון,אשחר,language,גרמנית,4
2026-07-30T17:19:45,62,אף אוזן גרון,אשחר,language,הולנדית,1
2026-07-30T17:19:45,62,אף אוזן גרון,אשחר,language,הונגרית,1
2026-07-30T17:19:45,62,אף אוזן גרון,אשחר,language,ספרדית,1
2026-07-30T17:19:45,62,אף אוזן גרון,אשחר,language,עברית,55
2026-07-30T17:19:45,62,אף אוזן גרון,אשחר,language,ערבית,40
2026-07-30T17:19:45,62,אף אוזן גרון,אשחר,language,צרפתית,1
2026-07-30T17:19:45,62,אף אוזן גרון,אשחר,language,רומנית,7
2026-07-30T17:19:45,62,אף אוזן גרון,אשחר,language,רוסית,10
2026-07-30T17:19:53,62,אף אוזן גרון,באר טוביה,gender,גבר,21
2026-07-30T17:19:53,62,אף אוזן גרון,באר טוביה,gender,אישה,2
2026-07-30T17:19:53,62,אף אוזן גרון,באר טוביה,visit_type,ביקור במרפאה,27
2026-07-30T17:19:53,62,אף אוזן גרון,באר טוביה,language,איטלקית,1
2026-07-30T17:19:53,62,אף אוזן גרון,באר טוביה,language,אנגלית,8
2026-07-30T17:19:53,62,אף אוזן גרון,באר טוביה,language,ספרדית,1
2026-07-30T17:19:53,62,אף אוזן גרון,באר טוביה,language,עברית,10
2026-07-30T17:19:53,62,אף אוזן גרון,באר טוביה,language,צרפתית,2
2026-07-30T17:19:53,62,אף אוזן גרון,באר טוביה,language,רוסית,4
2026-07-30T17:20:00,62,אף אוזן גרון,בורגתה,gender,גבר,48
2026-07-30T17:20:00,62,אף אוזן גרון,בורגתה,gender,אישה,14
2026-07-30T17:20:00,62,אף אוזן גרון,בורגתה,visit_type,ביקור במרפאה,67
2026-07-30T17:20:00,62,אף אוזן גרון,בורגתה,visit_type,שיחת טלפון,1
2026-07-30T17:20:00,62,אף אוזן גרון,בורגתה,language,אוקראינית,1
2026-07-30T17:20:00,62,אף אוזן גרון,בורגתה,language,אידיש,4
2026-07-30T17:20:00,62,אף אוזן גרון,בורגתה,language,איטלקית,1
2026-07-30T17:20:00,62,אף אוזן גרון,בורגתה,language,אנגלית,12
2026-07-30T17:20:00,62,אף אוזן גרון,בורגתה,language,גרמנית,1
2026-07-30T17:20:00,62,אף אוזן גרון,בורגתה,language,עברית,16
2026-07-30T17:20:00,62,אף אוזן גרון,בורגתה,language,ערבית,3
2026-07-30T17:20:00,62,אף אוזן גרון,בורגתה,language,רומנית,2
2026-07-30T17:20:00,62,אף אוזן גרון,בורגתה,language,רוסית,6
2026-07-30T17:20:10,62,אף אוזן גרון,בידיה,gender,גבר,26
2026-07-30T17:20:10,62,אף אוזן גרון,בידיה,gender,אישה,10
2026-07-30T17:20:10,62,אף אוזן גרון,בידיה,visit_type,ביקור במרפאה,38
2026-07-30T17:20:10,62,אף אוזן גרון,בידיה,visit_type,שיחת טלפון,1
2026-07-30T17:20:10,62,אף אוזן גרון,בידיה,language,אנגלית,14
2026-07-30T17:20:10,62,אף אוזן גרון,בידיה,language,ספרדית,2
2026-07-30T17:20:10,62,אף אוזן גרון,בידיה,language,עברית,37
2026-07-30T17:20:10,62,אף אוזן גרון,בידיה,language,ערבית,2
2026-07-30T17:20:10,62,אף אוזן גרון,בידיה,language,רוסית,9
2026-07-30T17:20:20,62,אף אוזן גרון,בלפוריה,gender,גבר,86
2026-07-30T17:20:20,62,אף אוזן גרון,בלפוריה,gender,אישה,8
2026-07-30T17:20:20,62,אף אוזן גרון,בלפוריה,visit_type,ביקור במרפאה,95
2026-07-30T17:20:20,62,אף אוזן גרון,בלפוריה,language,אנגלית,17
2026-07-30T17:20:20,62,אף אוזן גרון,בלפוריה,language,ספרדית,1
2026-07-30T17:20:20,62,אף אוזן גרון,בלפוריה,language,עברית,23
2026-07-30T17:20:20,62,אף אוזן גרון,בלפוריה,language,ערבית,19
2026-07-30T17:20:20,62,אף אוזן גרון,בלפוריה,language,רוסית,5
2026-07-30T17:20:34,62,אף אוזן גרון,בני עי''ש,gender,גבר,21
2026-07-30T17:20:34,62,אף אוזן גרון,בני עי''ש,gender,אישה,2
2026-07-30T17:20:34,62,אף אוזן גרון,בני עי''ש,visit_type,ביקור במרפאה,27
2026-07-30T17:20:34,62,אף אוזן גרון,בני עי''ש,language,איטלקית,1
2026-07-30T17:20:34,62,אף אוזן גרון,בני עי''ש,language,אנגלית,8
2026-07-30T17:20:34,62,אף אוזן גרון,בני עי''ש,language,ספרדית,1
2026-07-30T17:20:34,62,אף אוזן גרון,בני עי''ש,language,עברית,10
2026-07-30T17:20:34,62,אף אוזן גרון,בני עי''ש,language,צרפתית,2
2026-07-30T17:20:34,62,אף אוזן גרון,בני עי''ש,language,רוסית,4
2026-07-30T17:20:38,62,אף אוזן גרון,ברדלה,gender,גבר,36
2026-07-30T17:20:38,62,אף אוזן גרון,ברדלה,gender,אישה,4
2026-07-30T17:20:38,62,אף אוזן גרון,ברדלה,visit_type,ביקור במרפאה,41
2026-07-30T17:20:38,62,אף אוזן גרון,ברדלה,language,אידיש,4
2026-07-30T17:20:38,62,אף אוזן גרון,ברדלה,language,איטלקית,1
2026-07-30T17:20:38,62,אף אוזן גרון,ברדלה,language,אנגלית,10
2026-07-30T17:20:38,62,אף אוזן גרון,ברדלה,language,עברית,10
2026-07-30T17:20:38,62,אף אוזן גרון,ברדלה,language,ערבית,4
2026-07-30T17:20:38,62,אף אוזן גרון,ברדלה,language,רוסית,4
2026-07-30T17:20:46,62,אף אוזן גרון,בת ים,gender,גבר,40
2026-07-30T17:20:46,62,אף אוזן גרון,בת ים,gender,אישה,6
2026-07-30T17:20:46,62,אף אוזן גרון,בת ים,visit_type,ביקור במרפאה,49
2026-07-30T17:20:46,62,אף אוזן גרון,בת ים,language,איטלקית,1
2026-07-30T17:20:46,62,אף אוזן גרון,בת ים,language,אנגלית,20
2026-07-30T17:20:46,62,אף אוזן גרון,בת ים,language,גרמנית,1
2026-07-30T17:20:46,62,אף אוזן גרון,בת ים,language,ספרדית,1
2026-07-30T17:20:46,62,אף אוזן גרון,בת ים,language,עברית,23
2026-07-30T17:20:46,62,אף אוזן גרון,בת ים,language,ערבית,2
2026-07-30T17:20:46,62,אף אוזן גרון,בת ים,language,צרפתית,2
2026-07-30T17:20:46,62,אף אוזן גרון,בת ים,language,רוסית,2
2026-07-30T17:20:55,62,אף אוזן גרון,גאליה,gender,גבר,46
2026-07-30T17:20:55,62,אף אוזן גרון,גאליה,gender,אישה,4
2026-07-30T17:20:55,62,אף אוזן גרון,גאליה,visit_type,ביקור במרפאה,62
2026-07-30T17:20:55,62,אף אוזן גרון,גאליה,language,איטלקית,1
2026-07-30T17:20:55,62,אף אוזן גרון,גאליה,language,אנגלית,19
2026-07-30T17:20:55,62,אף אוזן גרון,גאליה,language,ספרדית,1
2026-07-30T17:20:55,62,אף אוזן גרון,גאליה,language,עברית,25
2026-07-30T17:20:55,62,אף אוזן גרון,גאליה,language,ערבית,3
2026-07-30T17:20:55,62,אף אוזן גרון,גאליה,language,צרפתית,2
2026-07-30T17:20:55,62,אף אוזן גרון,גאליה,language,רוסית,7
2026-07-30T17:21:06,62,אף אוזן גרון,גבעות עדן,gender,גבר,36
2026-07-30T17:21:06,62,אף אוזן גרון,גבעות עדן,gender,אישה,4
2026-07-30T17:21:06,62,אף אוזן גרון,גבעות עדן,visit_type,ביקור במרפאה,41
2026-07-30T17:21:06,62,אף אוזן גרון,גבעות עדן,language,אידיש,4
2026-07-30T17:21:06,62,אף אוזן גרון,גבעות עדן,language,איטלקית,1
2026-07-30T17:21:06,62,אף אוזן גרון,גבעות עדן,language,אנגלית,10
2026-07-30T17:21:06,62,אף אוזן גרון,גבעות עדן,language,עברית,10
2026-07-30T17:21:06,62,אף אוזן גרון,גבעות עדן,language,ערבית,4
2026-07-30T17:21:06,62,אף אוזן גרון,גבעות עדן,language,רוסית,4
2026-07-30T17:21:15,62,אף אוזן גרון,גיאה,gender,גבר,32
2026-07-30T17:21:15,62,אף אוזן גרון,גיאה,gender,אישה,3
2026-07-30T17:21:15,62,אף אוזן גרון,גיאה,visit_type,ביקור במרפאה,41
2026-07-30T17:21:15,62,אף אוזן גרון,גיאה,language,אוקראינית,1
2026-07-30T17:21:15,62,אף אוזן גרון,גיאה,language,אנגלית,3
2026-07-30T17:21:15,62,אף אוזן גרון,גיאה,language,הונגרית,1
2026-07-30T17:21:15,62,אף אוזן גרון,גיאה,language,עברית,4
2026-07-30T17:21:15,62,אף אוזן גרון,גיאה,language,ערבית,1
2026-07-30T17:21:15,62,אף אוזן גרון,גיאה,language,צכית,1
2026-07-30T17:21:15,62,אף אוזן גרון,גיאה,language,רוסית,1
2026-07-30T17:21:26,62,אף אוזן גרון,גלאון,gender,גבר,32
2026-07-30T17:21:26,62,אף אוזן גרון,גלאון,gender,אישה,3
2026-07-30T17:21:26,62,אף אוזן גרון,גלאון,visit_type,ביקור במרפאה,41
2026-07-30T17:21:26,62,אף אוזן גרון,גלאון,language,אוקראינית,1
2026-07-30T17:21:26,62,אף אוזן גרון,גלאון,language,אנגלית,3
2026-07-30T17:21:26,62,אף אוזן גרון,גלאון,language,הונגרית,1
2026-07-30T17:21:26,62,אף אוזן גרון,גלאון,language,עברית,4
2026-07-30T17:21:26,62,אף אוזן גרון,גלאון,language,ערבית,1
2026-07-30T17:21:26,62,אף אוזן גרון,גלאון,language,צכית,1
2026-07-30T17:21:26,62,אף אוזן גרון,גלאון,language,רוסית,1
2026-07-30T17:21:35,62,אף אוזן גרון,גני מודיעין,gender,גבר,30
2026-07-30T17:21:35,62,אף אוזן גרון,גני מודיעין,gender,אישה,2
2026-07-30T17:21:35,62,אף אוזן גרון,גני מודיעין,visit_type,ביקור במרפאה,44
2026-07-30T17:21:35,62,אף אוזן גרון,גני מודיעין,language,איטלקית,1
2026-07-30T17:21:35,62,אף אוזן גרון,גני מודיעין,language,אנגלית,12
2026-07-30T17:21:35,62,אף אוזן גרון,גני מודיעין,language,ספרדית,1
2026-07-30T17:21:35,62,אף אוזן גרון,גני מודיעין,language,עברית,18
2026-07-30T17:21:35,62,אף אוזן גרון,גני מודיעין,language,ערבית,2
2026-07-30T17:21:35,62,אף אוזן גרון,גני מודיעין,language,צרפתית,2
2026-07-30T17:21:35,62,אף אוזן גרון,גני מודיעין,language,רוסית,7
2026-07-30T17:21:46,62,אף אוזן גרון,גת,gender,גבר,32
2026-07-30T17:21:46,62,אף אוזן גרון,גת,gender,אישה,3
2026-07-30T17:21:46,62,אף אוזן גרון,גת,visit_type,ביקור במרפאה,41
2026-07-30T17:21:46,62,אף אוזן גרון,גת,language,אוקראינית,1
2026-07-30T17:21:46,62,אף אוזן גרון,גת,language,אנגלית,3
2026-07-30T17:21:46,62,אף אוזן גרון,גת,language,הונגרית,1
2026-07-30T17:21:46,62,אף אוזן גרון,גת,language,עברית,4
2026-07-30T17:21:46,62,אף אוזן גרון,גת,language,ערבית,1
2026-07-30T17:21:46,62,אף אוזן גרון,גת,language,צכית,1
2026-07-30T17:21:46,62,אף אוזן גרון,גת,language,רוסית,1
2026-07-30T17:21:56,62,אף אוזן גרון,דהרייה,gender,גבר,50
2026-07-30T17:21:56,62,אף אוזן גרון,דהרייה,gender,אישה,7
2026-07-30T17:21:56,62,אף אוזן גרון,דהרייה,visit_type,ביקור במרפאה,63
2026-07-30T17:21:56,62,אף אוזן גרון,דהרייה,language,אוקראינית,1
2026-07-30T17:21:56,62,אף אוזן גרון,דהרייה,language,אידיש,3
2026-07-30T17:21:56,62,אף אוזן גרון,דהרייה,language,אנגלית,3
2026-07-30T17:21:56,62,אף אוזן גרון,דהרייה,language,הונגרית,1
2026-07-30T17:21:56,62,אף אוזן גרון,דהרייה,language,ספרדית,3
2026-07-30T17:21:56,62,אף אוזן גרון,דהרייה,language,עברית,11
2026-07-30T17:21:56,62,אף אוזן גרון,דהרייה,language,ערבית,5
2026-07-30T17:21:56,62,אף אוזן גרון,דהרייה,language,צכית,1
2026-07-30T17:21:56,62,אף אוזן גרון,דהרייה,language,רוסית,1
2026-07-30T17:22:10,62,אף אוזן גרון,דייר אל אסד,gender,גבר,62
2026-07-30T17:22:10,62,אף אוזן גרון,דייר אל אסד,gender,אישה,13
2026-07-30T17:22:10,62,אף אוזן גרון,דייר אל אסד,visit_type,ביקור במרפאה,77
2026-07-30T17:22:10,62,אף אוזן גרון,דייר אל אסד,visit_type,שיחת טלפון,5
2026-07-30T17:22:10,62,אף אוזן גרון,דייר אל אסד,language,איטלקית,6
2026-07-30T17:22:10,62,אף אוזן גרון,דייר אל אסד,language,אנגלית,52
2026-07-30T17:22:10,62,אף אוזן גרון,דייר אל אסד,language,גרמנית,6
2026-07-30T17:22:10,62,אף אוזן גרון,דייר אל אסד,language,הולנדית,1
2026-07-30T17:22:10,62,אף אוזן גרון,דייר אל אסד,language,הונגרית,1
2026-07-30T17:22:10,62,אף אוזן גרון,דייר אל אסד,language,ספרדית,2
2026-07-30T17:22:10,62,אף אוזן גרון,דייר אל אסד,language,עברית,76
2026-07-30T17:22:10,62,אף אוזן גרון,דייר אל אסד,language,ערבית,51
2026-07-30T17:22:10,62,אף אוזן גרון,דייר אל אסד,language,צרפתית,1
2026-07-30T17:22:10,62,אף אוזן גרון,דייר אל אסד,language,רומנית,7
2026-07-30T17:22:10,62,אף אוזן גרון,דייר אל אסד,language,רוסית,16
2026-07-30T17:22:25,62,אף אוזן גרון,דליה,gender,גבר,66
2026-07-30T17:22:25,62,אף אוזן גרון,דליה,gender,אישה,13
2026-07-30T17:22:25,62,אף אוזן גרון,דליה,visit_type,ביקור במרפאה,82
2026-07-30T17:22:25,62,אף אוזן גרון,דליה,visit_type,שיחת טלפון,4
2026-07-30T17:22:25,62,אף אוזן גרון,דליה,language,איטלקית,1
2026-07-30T17:22:25,62,אף אוזן גרון,דליה,language,אנגלית,24
2026-07-30T17:22:25,62,אף אוזן גרון,דליה,language,גרמנית,4
2026-07-30T17:22:25,62,אף אוזן גרון,דליה,language,הונגרית,1
2026-07-30T17:22:25,62,אף אוזן גרון,דליה,language,ספרדית,1
2026-07-30T17:22:25,62,אף אוזן גרון,דליה,language,עברית,39
2026-07-30T17:22:25,62,אף אוזן גרון,דליה,language,ערבית,18
2026-07-30T17:22:25,62,אף אוזן גרון,דליה,language,רוסית,11
2026-07-30T17:22:38,62,אף אוזן גרון,הגושרים,gender,גבר,54
2026-07-30T17:22:38,62,אף אוזן גרון,הגושרים,gender,אישה,5
2026-07-30T17:22:38,62,אף אוזן גרון,הגושרים,visit_type,ביקור במרפאה,59
2026-07-30T17:22:38,62,אף אוזן גרון,הגושרים,language,אנגלית,11
2026-07-30T17:22:38,62,אף אוזן גרון,הגושרים,language,עברית,14
2026-07-30T17:22:38,62,אף אוזן גרון,הגושרים,language,ערבית,14
2026-07-30T17:22:38,62,אף אוזן גרון,הגושרים,language,רוסית,2
2026-07-30T17:22:49,62,אף אוזן גרון,החותרים,gender,גבר,66
2026-07-30T17:22:49,62,אף אוזן גרון,החותרים,gender,אישה,13
2026-07-30T17:22:49,62,אף אוזן גרון,החותרים,visit_type,ביקור במרפאה,82
2026-07-30T17:22:49,62,אף אוזן גרון,החותרים,visit_type,שיחת טלפון,4
2026-07-30T17:22:49,62,אף אוזן גרון,החותרים,language,איטלקית,1
2026-07-30T17:22:49,62,אף אוזן גרון,החותרים,language,אנגלית,24
2026-07-30T17:22:49,62,אף אוזן גרון,החותרים,language,גרמנית,4
2026-07-30T17:22:49,62,אף אוזן גרון,החותרים,language,הונגרית,1
2026-07-30T17:22:49,62,אף אוזן גרון,החותרים,language,ספרדית,1
2026-07-30T17:22:49,62,אף אוזן גרון,החותרים,language,עברית,39
2026-07-30T17:22:49,62,אף אוזן גרון,החותרים,language,ערבית,18
2026-07-30T17:22:49,62,אף אוזן גרון,החותרים,language,רוסית,11
2026-07-30T17:23:01,62,אף אוזן גרון,הראל,gender,גבר,36
2026-07-30T17:23:01,62,אף אוזן גרון,הראל,gender,אישה,4
2026-07-30T17:23:01,62,אף אוזן גרון,הראל,visit_type,ביקור במרפאה,41
2026-07-30T17:23:01,62,אף אוזן גרון,הראל,language,אידיש,4
2026-07-30T17:23:01,62,אף אוזן גרון,הראל,language,איטלקית,1
2026-07-30T17:23:01,62,אף אוזן גרון,הראל,language,אנגלית,10
2026-07-30T17:23:01,62,אף אוזן גרון,הראל,language,עברית,10
2026-07-30T17:23:01,62,אף אוזן גרון,הראל,language,ערבית,4
2026-07-30T17:23:01,62,אף אוזן גרון,הראל,language,רוסית,4
2026-07-30T17:23:10,62,אף אוזן גרון,זבארגה,gender,גבר,38
2026-07-30T17:23:10,62,אף אוזן גרון,זבארגה,gender,אישה,6
2026-07-30T17:23:10,62,אף אוזן גרון,זבארגה,visit_type,ביקור במרפאה,47
2026-07-30T17:23:10,62,אף אוזן גרון,זבארגה,language,אוקראינית,1
2026-07-30T17:23:10,62,אף אוזן גרון,זבארגה,language,אידיש,3
2026-07-30T17:23:10,62,אף אוזן גרון,זבארגה,language,אנגלית,3
2026-07-30T17:23:10,62,אף אוזן גרון,זבארגה,language,הונגרית,1
2026-07-30T17:23:10,62,אף אוזן גרון,זבארגה,language,ספרדית,3
2026-07-30T17:23:10,62,אף אוזן גרון,זבארגה,language,עברית,10
2026-07-30T17:23:10,62,אף אוזן גרון,זבארגה,language,ערבית,4
2026-07-30T17:23:10,62,אף אוזן גרון,זבארגה,language,צכית,1
2026-07-30T17:23:10,62,אף אוזן גרון,זבארגה,language,רוסית,1
2026-07-30T17:23:22,62,אף אוזן גרון,זכרון יעקב,gender,גבר,67
2026-07-30T17:23:22,62,אף אוזן גרון,זכרון יעקב,gender,אישה,20
2026-07-30T17:23:22,62,אף אוזן גרון,זכרון יעקב,visit_type,ביקור במרפאה,92
2026-07-30T17:23:22,62,אף אוזן גרון,זכרון יעקב,visit_type,שיחת טלפון,1
2026-07-30T17:23:22,62,אף אוזן גרון,זכרון יעקב,language,אוקראינית,1
2026-07-30T17:23:22,62,אף אוזן גרון,זכרון יעקב,language,אידיש,4
2026-07-30T17:23:22,62,אף אוזן גרון,זכרון יעקב,language,איטלקית,1
2026-07-30T17:23:22,62,אף אוזן גרון,זכרון יעקב,language,אנגלית,19
2026-07-30T17:23:22,62,אף אוזן גרון,זכרון יעקב,language,גרמנית,1
2026-07-30T17:23:22,62,אף אוזן גרון,זכרון יעקב,language,ספרדית,1
2026-07-30T17:23:22,62,אף אוזן גרון,זכרון יעקב,language,עברית,26
2026-07-30T17:23:22,62,אף אוזן גרון,זכרון יעקב,language,ערבית,9
2026-07-30T17:23:22,62,אף אוזן גרון,זכרון יעקב,language,רומנית,2
2026-07-30T17:23:22,62,אף אוזן גרון,זכרון יעקב,language,רוסית,9
2026-07-30T17:23:38,62,אף אוזן גרון,ח'אן יונס,gender,גבר,50
2026-07-30T17:23:38,62,אף אוזן גרון,ח'אן יונס,gender,אישה,7
2026-07-30T17:23:38,62,אף אוזן גרון,ח'אן יונס,visit_type,ביקור במרפאה,63
2026-07-30T17:23:38,62,אף אוזן גרון,ח'אן יונס,language,אוקראינית,1
2026-07-30T17:23:38,62,אף אוזן גרון,ח'אן יונס,language,אידיש,3
2026-07-30T17:23:38,62,אף אוזן גרון,ח'אן יונס,language,אנגלית,3
2026-07-30T17:23:38,62,אף אוזן גרון,ח'אן יונס,language,הונגרית,1
2026-07-30T17:23:38,62,אף אוזן גרון,ח'אן יונס,language,ספרדית,3
2026-07-30T17:23:38,62,אף אוזן גרון,ח'אן יונס,language,עברית,11
2026-07-30T17:23:38,62,אף אוזן גרון,ח'אן יונס,language,ערבית,5
2026-07-30T17:23:38,62,אף אוזן גרון,ח'אן יונס,language,צכית,1
2026-07-30T17:23:38,62,אף אוזן גרון,ח'אן יונס,language,רוסית,1
2026-07-30T17:23:52,62,אף אוזן גרון,חד נס,gender,גבר,54
2026-07-30T17:23:52,62,אף אוזן גרון,חד נס,gender,אישה,5
2026-07-30T17:23:52,62,אף אוזן גרון,חד נס,visit_type,ביקור במרפאה,59
2026-07-30T17:23:52,62,אף אוזן גרון,חד נס,language,אנגלית,11
2026-07-30T17:23:52,62,אף אוזן גרון,חד נס,language,עברית,14
2026-07-30T17:23:52,62,אף אוזן גרון,חד נס,language,ערבית,14
2026-07-30T17:23:52,62,אף אוזן גרון,חד נס,language,רוסית,2
2026-07-30T17:24:02,62,אף אוזן גרון,חוסנייה,gender,גבר,47
2026-07-30T17:24:02,62,אף אוזן גרון,חוסנייה,gender,אישה,8
2026-07-30T17:24:02,62,אף אוזן גרון,חוסנייה,visit_type,ביקור במרפאה,55
2026-07-30T17:24:02,62,אף אוזן גרון,חוסנייה,visit_type,שיחת טלפון,2
2026-07-30T17:24:02,62,אף אוזן גרון,חוסנייה,language,איטלקית,5
2026-07-30T17:24:02,62,אף אוזן גרון,חוסנייה,language,אנגלית,40
2026-07-30T17:24:02,62,אף אוזן גרון,חוסנייה,language,גרמנית,4
2026-07-30T17:24:02,62,אף אוזן גרון,חוסנייה,language,הולנדית,1
2026-07-30T17:24:02,62,אף אוזן גרון,חוסנייה,language,הונגרית,1
2026-07-30T17:24:02,62,אף אוזן גרון,חוסנייה,language,ספרדית,1
2026-07-30T17:24:02,62,אף אוזן גרון,חוסנייה,language,עברית,55
2026-07-30T17:24:02,62,אף אוזן גרון,חוסנייה,language,ערבית,40
2026-07-30T17:24:02,62,אף אוזן גרון,חוסנייה,language,צרפתית,1
2026-07-30T17:24:02,62,אף אוזן גרון,חוסנייה,language,רומנית,7
2026-07-30T17:24:02,62,אף אוזן גרון,חוסנייה,language,רוסית,10
2026-07-30T17:24:13,62,אף אוזן גרון,חלץ,gender,גבר,32
2026-07-30T17:24:13,62,אף אוזן גרון,חלץ,gender,אישה,3
2026-07-30T17:24:13,62,אף אוזן גרון,חלץ,visit_type,ביקור במרפאה,41
2026-07-30T17:24:13,62,אף אוזן גרון,חלץ,language,אוקראינית,1
2026-07-30T17:24:13,62,אף אוזן גרון,חלץ,language,אנגלית,3
2026-07-30T17:24:13,62,אף אוזן גרון,חלץ,language,הונגרית,1
2026-07-30T17:24:13,62,אף אוזן גרון,חלץ,language,עברית,4
2026-07-30T17:24:13,62,אף אוזן גרון,חלץ,language,ערבית,1
2026-07-30T17:24:13,62,אף אוזן גרון,חלץ,language,צכית,1
2026-07-30T17:24:13,62,אף אוזן גרון,חלץ,language,רוסית,1
2026-07-30T17:24:22,62,אף אוזן גרון,חפץ חיים,gender,גבר,21
2026-07-30T17:24:22,62,אף אוזן גרון,חפץ חיים,gender,אישה,2
2026-07-30T17:24:22,62,אף אוזן גרון,חפץ חיים,visit_type,ביקור במרפאה,27
2026-07-30T17:24:22,62,אף אוזן גרון,חפץ חיים,language,איטלקית,1
2026-07-30T17:24:22,62,אף אוזן גרון,חפץ חיים,language,אנגלית,8
2026-07-30T17:24:22,62,אף אוזן גרון,חפץ חיים,language,ספרדית,1
2026-07-30T17:24:22,62,אף אוזן גרון,חפץ חיים,language,עברית,10
2026-07-30T17:24:22,62,אף אוזן גרון,חפץ חיים,language,צרפתית,2
2026-07-30T17:24:22,62,אף אוזן גרון,חפץ חיים,language,רוסית,4
2026-07-30T17:24:31,62,אף אוזן גרון,חריש,gender,גבר,67
2026-07-30T17:24:31,62,אף אוזן גרון,חריש,gender,אישה,20
2026-07-30T17:24:31,62,אף אוזן גרון,חריש,visit_type,ביקור במרפאה,92
2026-07-30T17:24:31,62,אף אוזן גרון,חריש,visit_type,שיחת טלפון,1
2026-07-30T17:24:31,62,אף אוזן גרון,חריש,language,אוקראינית,1
2026-07-30T17:24:31,62,אף אוזן גרון,חריש,language,אידיש,4
2026-07-30T17:24:31,62,אף אוזן גרון,חריש,language,איטלקית,1
2026-07-30T17:24:31,62,אף אוזן גרון,חריש,language,אנגלית,19
2026-07-30T17:24:31,62,אף אוזן גרון,חריש,language,גרמנית,1
2026-07-30T17:24:31,62,אף אוזן גרון,חריש,language,ספרדית,1
2026-07-30T17:24:31,62,אף אוזן גרון,חריש,language,עברית,26
2026-07-30T17:24:31,62,אף אוזן גרון,חריש,language,ערבית,9
2026-07-30T17:24:31,62,אף אוזן גרון,חריש,language,רומנית,2
2026-07-30T17:24:31,62,אף אוזן גרון,חריש,language,רוסית,9
2026-07-30T17:24:46,62,אף אוזן גרון,טייבה,gender,גבר,48
2026-07-30T17:24:46,62,אף אוזן גרון,טייבה,gender,אישה,14
2026-07-30T17:24:46,62,אף אוזן גרון,טייבה,visit_type,ביקור במרפאה,67
2026-07-30T17:24:46,62,אף אוזן גרון,טייבה,visit_type,שיחת טלפון,1
2026-07-30T17:24:46,62,אף אוזן גרון,טייבה,language,אוקראינית,1
2026-07-30T17:24:46,62,אף אוזן גרון,טייבה,language,אידיש,4
2026-07-30T17:24:46,62,אף אוזן גרון,טייבה,language,איטלקית,1
2026-07-30T17:24:46,62,אף אוזן גרון,טייבה,language,אנגלית,12
2026-07-30T17:24:46,62,אף אוזן גרון,טייבה,language,גרמנית,1
2026-07-30T17:24:46,62,אף אוזן גרון,טייבה,language,עברית,16
2026-07-30T17:24:46,62,אף אוזן גרון,טייבה,language,ערבית,3
2026-07-30T17:24:46,62,אף אוזן גרון,טייבה,language,רומנית,2
2026-07-30T17:24:46,62,אף אוזן גרון,טייבה,language,רוסית,6
2026-07-30T17:24:58,62,אף אוזן גרון,טללים,gender,גבר,38
2026-07-30T17:24:58,62,אף אוזן גרון,טללים,gender,אישה,6
2026-07-30T17:24:58,62,אף אוזן גרון,טללים,visit_type,ביקור במרפאה,47
2026-07-30T17:24:58,62,אף אוזן גרון,טללים,language,אוקראינית,1
2026-07-30T17:24:58,62,אף אוזן גרון,טללים,language,אידיש,3
2026-07-30T17:24:58,62,אף אוזן גרון,טללים,language,אנגלית,3
2026-07-30T17:24:58,62,אף אוזן גרון,טללים,language,הונגרית,1
2026-07-30T17:24:58,62,אף אוזן גרון,טללים,language,ספרדית,3
2026-07-30T17:24:58,62,אף אוזן גרון,טללים,language,עברית,10
2026-07-30T17:24:58,62,אף אוזן גרון,טללים,language,ערבית,4
2026-07-30T17:24:58,62,אף אוזן גרון,טללים,language,צכית,1
2026-07-30T17:24:58,62,אף אוזן גרון,טללים,language,רוסית,1
2026-07-30T17:25:08,62,אף אוזן גרון,יאסוף,gender,גבר,26
2026-07-30T17:25:08,62,אף אוזן גרון,יאסוף,gender,אישה,10
2026-07-30T17:25:08,62,אף אוזן גרון,יאסוף,visit_type,ביקור במרפאה,38
2026-07-30T17:25:08,62,אף אוזן גרון,יאסוף,visit_type,שיחת טלפון,1
2026-07-30T17:25:08,62,אף אוזן גרון,יאסוף,language,אנגלית,14
2026-07-30T17:25:08,62,אף אוזן גרון,יאסוף,language,ספרדית,2
2026-07-30T17:25:08,62,אף אוזן גרון,יאסוף,language,עברית,37
2026-07-30T17:25:08,62,אף אוזן גרון,יאסוף,language,ערבית,2
2026-07-30T17:25:08,62,אף אוזן גרון,יאסוף,language,רוסית,9
2026-07-30T17:25:15,62,אף אוזן גרון,יד השמונה,gender,גבר,36
2026-07-30T17:25:15,62,אף אוזן גרון,יד השמונה,gender,אישה,4
2026-07-30T17:25:15,62,אף אוזן גרון,יד השמונה,visit_type,ביקור במרפאה,41
2026-07-30T17:25:15,62,אף אוזן גרון,יד השמונה,language,אידיש,4
2026-07-30T17:25:15,62,אף אוזן גרון,יד השמונה,language,איטלקית,1
2026-07-30T17:25:15,62,אף אוזן גרון,יד השמונה,language,אנגלית,10
2026-07-30T17:25:15,62,אף אוזן גרון,יד השמונה,language,עברית,10
2026-07-30T17:25:15,62,אף אוזן גרון,יד השמונה,language,ערבית,4
2026-07-30T17:25:15,62,אף אוזן גרון,יד השמונה,language,רוסית,4
2026-07-30T17:25:23,62,אף אוזן גרון,יודפת,gender,גבר,47
2026-07-30T17:25:23,62,אף אוזן גרון,יודפת,gender,אישה,8
2026-07-30T17:25:23,62,אף אוזן גרון,יודפת,visit_type,ביקור במרפאה,55
2026-07-30T17:25:23,62,אף אוזן גרון,יודפת,visit_type,שיחת טלפון,2
2026-07-30T17:25:23,62,אף אוזן גרון,יודפת,language,איטלקית,5
2026-07-30T17:25:23,62,אף אוזן גרון,יודפת,language,אנגלית,40
2026-07-30T17:25:23,62,אף אוזן גרון,יודפת,language,גרמנית,4
2026-07-30T17:25:23,62,אף אוזן גרון,יודפת,language,הולנדית,1
2026-07-30T17:25:23,62,אף אוזן גרון,יודפת,language,הונגרית,1
2026-07-30T17:25:23,62,אף אוזן גרון,יודפת,language,ספרדית,1
2026-07-30T17:25:23,62,אף אוזן גרון,יודפת,language,עברית,55
2026-07-30T17:25:23,62,אף אוזן גרון,יודפת,language,ערבית,40
2026-07-30T17:25:23,62,אף אוזן גרון,יודפת,language,צרפתית,1
2026-07-30T17:25:23,62,אף אוזן גרון,יודפת,language,רומנית,7
2026-07-30T17:25:23,62,אף אוזן גרון,יודפת,language,רוסית,10
2026-07-30T17:25:32,62,אף אוזן גרון,ינון,gender,גבר,21
2026-07-30T17:25:32,62,אף אוזן גרון,ינון,gender,אישה,2
2026-07-30T17:25:32,62,אף אוזן גרון,ינון,visit_type,ביקור במרפאה,27
2026-07-30T17:25:32,62,אף אוזן גרון,ינון,language,איטלקית,1
2026-07-30T17:25:32,62,אף אוזן גרון,ינון,language,אנגלית,8
2026-07-30T17:25:32,62,אף אוזן גרון,ינון,language,ספרדית,1
2026-07-30T17:25:32,62,אף אוזן גרון,ינון,language,עברית,10
2026-07-30T17:25:32,62,אף אוזן גרון,ינון,language,צרפתית,2
2026-07-30T17:25:32,62,אף אוזן גרון,ינון,language,רוסית,4
2026-07-30T17:25:36,62,אף אוזן גרון,יפית,gender,גבר,36
2026-07-30T17:25:36,62,אף אוזן גרון,יפית,gender,אישה,4
2026-07-30T17:25:36,62,אף אוזן גרון,יפית,visit_type,ביקור במרפאה,41
2026-07-30T17:25:36,62,אף אוזן גרון,יפית,language,אידיש,4
2026-07-30T17:25:36,62,אף אוזן גרון,יפית,language,איטלקית,1
2026-07-30T17:25:36,62,אף אוזן גרון,יפית,language,אנגלית,10
2026-07-30T17:25:36,62,אף אוזן גרון,יפית,language,עברית,10
2026-07-30T17:25:36,62,אף אוזן גרון,יפית,language,ערבית,4
2026-07-30T17:25:36,62,אף אוזן גרון,יפית,language,רוסית,4
2026-07-30T17:25:45,62,אף אוזן גרון,ירדנה,gender,גבר,86
2026-07-30T17:25:45,62,אף אוזן גרון,ירדנה,gender,אישה,8
2026-07-30T17:25:45,62,אף אוזן גרון,ירדנה,visit_type,ביקור במרפאה,95
2026-07-30T17:25:45,62,אף אוזן גרון,ירדנה,language,אנגלית,17
2026-07-30T17:25:45,62,אף אוזן גרון,ירדנה,language,ספרדית,1
2026-07-30T17:25:45,62,אף אוזן גרון,ירדנה,language,עברית,23
2026-07-30T17:25:45,62,אף אוזן גרון,ירדנה,language,ערבית,19
2026-07-30T17:25:45,62,אף אוזן גרון,ירדנה,language,רוסית,5
2026-07-30T17:26:02,62,אף אוזן גרון,יתד,gender,גבר,32
2026-07-30T17:26:02,62,אף אוזן גרון,יתד,gender,אישה,3
2026-07-30T17:26:02,62,אף אוזן גרון,יתד,visit_type,ביקור במרפאה,41
2026-07-30T17:26:02,62,אף אוזן גרון,יתד,language,אוקראינית,1
2026-07-30T17:26:02,62,אף אוזן גרון,יתד,language,אנגלית,3
2026-07-30T17:26:02,62,אף אוזן גרון,יתד,language,הונגרית,1
2026-07-30T17:26:02,62,אף אוזן גרון,יתד,language,עברית,4
2026-07-30T17:26:02,62,אף אוזן גרון,יתד,language,ערבית,1
2026-07-30T17:26:02,62,אף אוזן גרון,יתד,language,צכית,1
2026-07-30T17:26:02,62,אף אוזן גרון,יתד,language,רוסית,1
2026-07-30T17:26:12,62,אף אוזן גרון,כוכב יאיר,gender,גבר,67
2026-07-30T17:26:12,62,אף אוזן גרון,כוכב יאיר,gender,אישה,18
2026-07-30T17:26:12,62,אף אוזן גרון,כוכב יאיר,visit_type,ביקור במרפאה,91
2026-07-30T17:26:12,62,אף אוזן גרון,כוכב יאיר,visit_type,שיחת טלפון,1
2026-07-30T17:26:12,62,אף אוזן גרון,כוכב יאיר,language,אוקראינית,1
2026-07-30T17:26:12,62,אף אוזן גרון,כוכב יאיר,language,אידיש,4
2026-07-30T17:26:12,62,אף אוזן גרון,כוכב יאיר,language,איטלקית,1
2026-07-30T17:26:12,62,אף אוזן גרון,כוכב יאיר,language,אנגלית,24
2026-07-30T17:26:12,62,אף אוזן גרון,כוכב יאיר,language,גרמנית,2
2026-07-30T17:26:12,62,אף אוזן גרון,כוכב יאיר,language,ספרדית,1
2026-07-30T17:26:12,62,אף אוזן גרון,כוכב יאיר,language,עברית,35
2026-07-30T17:26:12,62,אף אוזן גרון,כוכב יאיר,language,ערבית,6
2026-07-30T17:26:12,62,אף אוזן גרון,כוכב יאיר,language,צרפתית,1
2026-07-30T17:26:12,62,אף אוזן גרון,כוכב יאיר,language,רומנית,2
2026-07-30T17:26:12,62,אף אוזן גרון,כוכב יאיר,language,רוסית,10
2026-07-30T17:26:29,62,אף אוזן גרון,כיסופים,gender,גבר,32
2026-07-30T17:26:29,62,אף אוזן גרון,כיסופים,gender,אישה,3
2026-07-30T17:26:29,62,אף אוזן גרון,כיסופים,visit_type,ביקור במרפאה,41
2026-07-30T17:26:29,62,אף אוזן גרון,כיסופים,language,אוקראינית,1
2026-07-30T17:26:29,62,אף אוזן גרון,כיסופים,language,אנגלית,3
2026-07-30T17:26:29,62,אף אוזן גרון,כיסופים,language,הונגרית,1
2026-07-30T17:26:29,62,אף אוזן גרון,כיסופים,language,עברית,4
2026-07-30T17:26:29,62,אף אוזן גרון,כיסופים,language,ערבית,1
2026-07-30T17:26:29,62,אף אוזן גרון,כיסופים,language,צכית,1
2026-07-30T17:26:29,62,אף אוזן גרון,כיסופים,language,רוסית,1
2026-07-30T17:26:38,62,אף אוזן גרון,כנות,gender,גבר,21
2026-07-30T17:26:38,62,אף אוזן גרון,כנות,gender,אישה,2
2026-07-30T17:26:38,62,אף אוזן גרון,כנות,visit_type,ביקור במרפאה,27
2026-07-30T17:26:38,62,אף אוזן גרון,כנות,language,איטלקית,1
2026-07-30T17:26:38,62,אף אוזן גרון,כנות,language,אנגלית,8
2026-07-30T17:26:38,62,אף אוזן גרון,כנות,language,ספרדית,1
2026-07-30T17:26:38,62,אף אוזן גרון,כנות,language,עברית,10
2026-07-30T17:26:38,62,אף אוזן גרון,כנות,language,צרפתית,2
2026-07-30T17:26:38,62,אף אוזן גרון,כנות,language,רוסית,4
2026-07-30T17:26:44,62,אף אוזן גרון,כפר אחים,gender,גבר,30
2026-07-30T17:26:44,62,אף אוזן גרון,כפר אחים,gender,אישה,2
2026-07-30T17:26:44,62,אף אוזן גרון,כפר אחים,visit_type,ביקור במרפאה,44
2026-07-30T17:26:44,62,אף אוזן גרון,כפר אחים,language,איטלקית,1
2026-07-30T17:26:44,62,אף אוזן גרון,כפר אחים,language,אנגלית,12
2026-07-30T17:26:44,62,אף אוזן גרון,כפר אחים,language,ספרדית,1
2026-07-30T17:26:44,62,אף אוזן גרון,כפר אחים,language,עברית,18
2026-07-30T17:26:44,62,אף אוזן גרון,כפר אחים,language,ערבית,2
2026-07-30T17:26:44,62,אף אוזן גרון,כפר אחים,language,צרפתית,2
2026-07-30T17:26:44,62,אף אוזן גרון,כפר אחים,language,רוסית,7
2026-07-30T17:26:54,62,אף אוזן גרון,כרם יבנה,gender,גבר,21
2026-07-30T17:26:54,62,אף אוזן גרון,כרם יבנה,gender,אישה,2
2026-07-30T17:26:54,62,אף אוזן גרון,כרם יבנה,visit_type,ביקור במרפאה,27
2026-07-30T17:26:54,62,אף אוזן גרון,כרם יבנה,language,איטלקית,1
2026-07-30T17:26:54,62,אף אוזן גרון,כרם יבנה,language,אנגלית,8
2026-07-30T17:26:54,62,אף אוזן גרון,כרם יבנה,language,ספרדית,1
2026-07-30T17:26:54,62,אף אוזן גרון,כרם יבנה,language,עברית,10
2026-07-30T17:26:54,62,אף אוזן גרון,כרם יבנה,language,צרפתית,2
2026-07-30T17:26:54,62,אף אוזן גרון,כרם יבנה,language,רוסית,4
2026-07-30T17:27:02,62,אף אוזן גרון,להב,gender,גבר,50
2026-07-30T17:27:02,62,אף אוזן גרון,להב,gender,אישה,7
2026-07-30T17:27:02,62,אף אוזן גרון,להב,visit_type,ביקור במרפאה,63
2026-07-30T17:27:02,62,אף אוזן גרון,להב,language,אוקראינית,1
2026-07-30T17:27:02,62,אף אוזן גרון,להב,language,אידיש,3
2026-07-30T17:27:02,62,אף אוזן גרון,להב,language,אנגלית,3
2026-07-30T17:27:02,62,אף אוזן גרון,להב,language,הונגרית,1
2026-07-30T17:27:02,62,אף אוזן גרון,להב,language,ספרדית,3
2026-07-30T17:27:02,62,אף אוזן גרון,להב,language,עברית,11
2026-07-30T17:27:02,62,אף אוזן גרון,להב,language,ערבית,5
2026-07-30T17:27:02,62,אף אוזן גרון,להב,language,צכית,1
2026-07-30T17:27:02,62,אף אוזן גרון,להב,language,רוסית,1
2026-07-30T17:27:16,62,אף אוזן גרון,לימן,gender,גבר,35
2026-07-30T17:27:16,62,אף אוזן גרון,לימן,gender,אישה,3
2026-07-30T17:27:16,62,אף אוזן גרון,לימן,visit_type,ביקור במרפאה,38
2026-07-30T17:27:16,62,אף אוזן גרון,לימן,visit_type,שיחת טלפון,1
2026-07-30T17:27:16,62,אף אוזן גרון,לימן,language,איטלקית,5
2026-07-30T17:27:16,62,אף אוזן גרון,לימן,language,אנגלית,29
2026-07-30T17:27:16,62,אף אוזן גרון,לימן,language,גרמנית,2
2026-07-30T17:27:16,62,אף אוזן גרון,לימן,language,הולנדית,1
2026-07-30T17:27:16,62,אף אוזן גרון,לימן,language,ספרדית,1
2026-07-30T17:27:16,62,אף אוזן גרון,לימן,language,עברית,38
2026-07-30T17:27:16,62,אף אוזן גרון,לימן,language,ערבית,34
2026-07-30T17:27:16,62,אף אוזן גרון,לימן,language,צרפתית,1
2026-07-30T17:27:16,62,אף אוזן גרון,לימן,language,רומנית,7
2026-07-30T17:27:16,62,אף אוזן גרון,לימן,language,רוסית,5
2026-07-30T17:27:23,62,אף אוזן גרון,מבוא חמה,gender,גבר,54
2026-07-30T17:27:23,62,אף אוזן גרון,מבוא חמה,gender,אישה,5
2026-07-30T17:27:23,62,אף אוזן גרון,מבוא חמה,visit_type,ביקור במרפאה,59
2026-07-30T17:27:23,62,אף אוזן גרון,מבוא חמה,language,אנגלית,11
2026-07-30T17:27:23,62,אף אוזן גרון,מבוא חמה,language,עברית,14
2026-07-30T17:27:23,62,אף אוזן גרון,מבוא חמה,language,ערבית,14
2026-07-30T17:27:23,62,אף אוזן גרון,מבוא חמה,language,רוסית,2
2026-07-30T17:27:33,62,אף אוזן גרון,מג'דל שמס,gender,גבר,54
2026-07-30T17:27:33,62,אף אוזן גרון,מג'דל שמס,gender,אישה,5
2026-07-30T17:27:33,62,אף אוזן גרון,מג'דל שמס,visit_type,ביקור במרפאה,59
2026-07-30T17:27:33,62,אף אוזן גרון,מג'דל שמס,language,אנגלית,11
2026-07-30T17:27:33,62,אף אוזן גרון,מג'דל שמס,language,עברית,14
2026-07-30T17:27:33,62,אף אוזן גרון,מג'דל שמס,language,ערבית,14
2026-07-30T17:27:33,62,אף אוזן גרון,מג'דל שמס,language,רוסית,2
2026-07-30T17:27:43,62,אף אוזן גרון,מודיעין מכבים רעות,gender,גבר,22
2026-07-30T17:27:43,62,אף אוזן גרון,מודיעין מכבים רעות,gender,אישה,1
2026-07-30T17:27:43,62,אף אוזן גרון,מודיעין מכבים רעות,visit_type,ביקור במרפאה,32
2026-07-30T17:27:43,62,אף אוזן גרון,מודיעין מכבים רעות,language,איטלקית,1
2026-07-30T17:27:43,62,אף אוזן גרון,מודיעין מכבים רעות,language,אנגלית,9
2026-07-30T17:27:43,62,אף אוזן גרון,מודיעין מכבים רעות,language,עברית,14
2026-07-30T17:27:43,62,אף אוזן גרון,מודיעין מכבים רעות,language,ערבית,2
2026-07-30T17:27:43,62,אף אוזן גרון,מודיעין מכבים רעות,language,צרפתית,1
2026-07-30T17:27:43,62,אף אוזן גרון,מודיעין מכבים רעות,language,רוסית,4
2026-07-30T17:27:50,62,אף אוזן גרון,מזאריע א נובאני,gender,גבר,26
2026-07-30T17:27:50,62,אף אוזן גרון,מזאריע א נובאני,gender,אישה,10
2026-07-30T17:27:50,62,אף אוזן גרון,מזאריע א נובאני,visit_type,ביקור במרפאה,38
2026-07-30T17:27:50,62,אף אוזן גרון,מזאריע א נובאני,visit_type,שיחת טלפון,1
2026-07-30T17:27:50,62,אף אוזן גרון,מזאריע א נובאני,language,אנגלית,14
2026-07-30T17:27:50,62,אף אוזן גרון,מזאריע א נובאני,language,ספרדית,2
2026-07-30T17:27:50,62,אף אוזן גרון,מזאריע א נובאני,language,עברית,37
2026-07-30T17:27:50,62,אף אוזן גרון,מזאריע א נובאני,language,ערבית,2
2026-07-30T17:27:50,62,אף אוזן גרון,מזאריע א נובאני,language,רוסית,9
2026-07-30T17:27:57,62,אף אוזן גרון,מטולה,gender,גבר,54
2026-07-30T17:27:57,62,אף אוזן גרון,מטולה,gender,אישה,5
2026-07-30T17:27:57,62,אף אוזן גרון,מטולה,visit_type,ביקור במרפאה,59
2026-07-30T17:27:57,62,אף אוזן גרון,מטולה,language,אנגלית,11
2026-07-30T17:27:57,62,אף אוזן גרון,מטולה,language,עברית,14
2026-07-30T17:27:57,62,אף אוזן גרון,מטולה,language,ערבית,14
2026-07-30T17:27:57,62,אף אוזן גרון,מטולה,language,רוסית,2
2026-07-30T17:28:06,62,אף אוזן גרון,מישר,gender,גבר,21
2026-07-30T17:28:06,62,אף אוזן גרון,מישר,gender,אישה,2
2026-07-30T17:28:06,62,אף אוזן גרון,מישר,visit_type,ביקור במרפאה,27
2026-07-30T17:28:06,62,אף אוזן גרון,מישר,language,איטלקית,1
2026-07-30T17:28:06,62,אף אוזן גרון,מישר,language,אנגלית,8
2026-07-30T17:28:06,62,אף אוזן גרון,מישר,language,ספרדית,1
2026-07-30T17:28:06,62,אף אוזן גרון,מישר,language,עברית,10
2026-07-30T17:28:06,62,אף אוזן גרון,מישר,language,צרפתית,2
2026-07-30T17:28:06,62,אף אוזן גרון,מישר,language,רוסית,4
2026-07-30T17:28:14,62,אף אוזן גרון,מנוחה,gender,גבר,32
2026-07-30T17:28:14,62,אף אוזן גרון,מנוחה,gender,אישה,3
2026-07-30T17:28:14,62,אף אוזן גרון,מנוחה,visit_type,ביקור במרפאה,41
2026-07-30T17:28:14,62,אף אוזן גרון,מנוחה,language,אוקראינית,1
2026-07-30T17:28:14,62,אף אוזן גרון,מנוחה,language,אנגלית,3
2026-07-30T17:28:14,62,אף אוזן גרון,מנוחה,language,הונגרית,1
2026-07-30T17:28:14,62,אף אוזן גרון,מנוחה,language,עברית,4
2026-07-30T17:28:14,62,אף אוזן גרון,מנוחה,language,ערבית,1
2026-07-30T17:28:14,62,אף אוזן גרון,מנוחה,language,צכית,1
2026-07-30T17:28:14,62,אף אוזן גרון,מנוחה,language,רוסית,1
2026-07-30T17:28:24,62,אף אוזן גרון,מסיליה,gender,גבר,48
2026-07-30T17:28:24,62,אף אוזן גרון,מסיליה,gender,אישה,14
2026-07-30T17:28:24,62,אף אוזן גרון,מסיליה,visit_type,ביקור במרפאה,67
2026-07-30T17:28:24,62,אף אוזן גרון,מסיליה,visit_type,שיחת טלפון,1
2026-07-30T17:28:24,62,אף אוזן גרון,מסיליה,language,אוקראינית,1
2026-07-30T17:28:24,62,אף אוזן גרון,מסיליה,language,אידיש,4
2026-07-30T17:28:24,62,אף אוזן גרון,מסיליה,language,איטלקית,1
2026-07-30T17:28:24,62,אף אוזן גרון,מסיליה,language,אנגלית,12
2026-07-30T17:28:24,62,אף אוזן גרון,מסיליה,language,גרמנית,1
2026-07-30T17:28:24,62,אף אוזן גרון,מסיליה,language,עברית,16
2026-07-30T17:28:24,62,אף אוזן גרון,מסיליה,language,ערבית,3
2026-07-30T17:28:24,62,אף אוזן גרון,מסיליה,language,רומנית,2
2026-07-30T17:28:24,62,אף אוזן גרון,מסיליה,language,רוסית,6
2026-07-30T17:28:36,62,אף אוזן גרון,מעון,gender,גבר,32
2026-07-30T17:28:36,62,אף אוזן גרון,מעון,gender,אישה,3
2026-07-30T17:28:36,62,אף אוזן גרון,מעון,visit_type,ביקור במרפאה,41
2026-07-30T17:28:36,62,אף אוזן גרון,מעון,language,אוקראינית,1
2026-07-30T17:28:36,62,אף אוזן גרון,מעון,language,אנגלית,3
2026-07-30T17:28:36,62,אף אוזן גרון,מעון,language,הונגרית,1
2026-07-30T17:28:36,62,אף אוזן גרון,מעון,language,עברית,4
2026-07-30T17:28:36,62,אף אוזן גרון,מעון,language,ערבית,1
2026-07-30T17:28:36,62,אף אוזן גרון,מעון,language,צכית,1
2026-07-30T17:28:36,62,אף אוזן גרון,מעון,language,רוסית,1
2026-07-30T17:28:45,62,אף אוזן גרון,מפעלי גרנות,gender,גבר,48
2026-07-30T17:28:45,62,אף אוזן גרון,מפעלי גרנות,gender,אישה,14
2026-07-30T17:28:45,62,אף אוזן גרון,מפעלי גרנות,visit_type,ביקור במרפאה,67
2026-07-30T17:28:45,62,אף אוזן גרון,מפעלי גרנות,visit_type,שיחת טלפון,1
2026-07-30T17:28:45,62,אף אוזן גרון,מפעלי גרנות,language,אוקראינית,1
2026-07-30T17:28:45,62,אף אוזן גרון,מפעלי גרנות,language,אידיש,4
2026-07-30T17:28:45,62,אף אוזן גרון,מפעלי גרנות,language,איטלקית,1
2026-07-30T17:28:45,62,אף אוזן גרון,מפעלי גרנות,language,אנגלית,12
2026-07-30T17:28:45,62,אף אוזן גרון,מפעלי גרנות,language,גרמנית,1
2026-07-30T17:28:45,62,אף אוזן גרון,מפעלי גרנות,language,עברית,16
2026-07-30T17:28:45,62,אף אוזן גרון,מפעלי גרנות,language,ערבית,3
2026-07-30T17:28:45,62,אף אוזן גרון,מפעלי גרנות,language,רומנית,2
2026-07-30T17:28:45,62,אף אוזן גרון,מפעלי גרנות,language,רוסית,6
2026-07-30T17:28:56,62,אף אוזן גרון,מצפה אבי''ב,gender,גבר,47
2026-07-30T17:28:56,62,אף אוזן גרון,מצפה אבי''ב,gender,אישה,8
2026-07-30T17:28:56,62,אף אוזן גרון,מצפה אבי''ב,visit_type,ביקור במרפאה,55
2026-07-30T17:28:56,62,אף אוזן גרון,מצפה אבי''ב,visit_type,שיחת טלפון,2
2026-07-30T17:28:56,62,אף אוזן גרון,מצפה אבי''ב,language,איטלקית,5
2026-07-30T17:28:56,62,אף אוזן גרון,מצפה אבי''ב,language,אנגלית,40
2026-07-30T17:28:56,62,אף אוזן גרון,מצפה אבי''ב,language,גרמנית,4
2026-07-30T17:28:56,62,אף אוזן גרון,מצפה אבי''ב,language,הולנדית,1
2026-07-30T17:28:56,62,אף אוזן גרון,מצפה אבי''ב,language,הונגרית,1
2026-07-30T17:28:56,62,אף אוזן גרון,מצפה אבי''ב,language,ספרדית,1
2026-07-30T17:28:56,62,אף אוזן גרון,מצפה אבי''ב,language,עברית,55
2026-07-30T17:28:56,62,אף אוזן גרון,מצפה אבי''ב,language,ערבית,40
2026-07-30T17:28:56,62,אף אוזן גרון,מצפה אבי''ב,language,צרפתית,1
2026-07-30T17:28:56,62,אף אוזן גרון,מצפה אבי''ב,language,רומנית,7
2026-07-30T17:28:56,62,אף אוזן גרון,מצפה אבי''ב,language,רוסית,10
2026-07-30T17:29:06,62,אף אוזן גרון,מרחב עם,gender,גבר,38
2026-07-30T17:29:06,62,אף אוזן גרון,מרחב עם,gender,אישה,6
2026-07-30T17:29:06,62,אף אוזן גרון,מרחב עם,visit_type,ביקור במרפאה,47
2026-07-30T17:29:06,62,אף אוזן גרון,מרחב עם,language,אוקראינית,1
2026-07-30T17:29:06,62,אף אוזן גרון,מרחב עם,language,אידיש,3
2026-07-30T17:29:06,62,אף אוזן גרון,מרחב עם,language,אנגלית,3
2026-07-30T17:29:06,62,אף אוזן גרון,מרחב עם,language,הונגרית,1
2026-07-30T17:29:06,62,אף אוזן גרון,מרחב עם,language,ספרדית,3
2026-07-30T17:29:06,62,אף אוזן גרון,מרחב עם,language,עברית,10
2026-07-30T17:29:06,62,אף אוזן גרון,מרחב עם,language,ערבית,4
2026-07-30T17:29:06,62,אף אוזן גרון,מרחב עם,language,צכית,1
2026-07-30T17:29:06,62,אף אוזן גרון,מרחב עם,language,רוסית,1
2026-07-30T17:29:16,62,אף אוזן גרון,משואה,gender,גבר,36
2026-07-30T17:29:16,62,אף אוזן גרון,משואה,gender,אישה,4
2026-07-30T17:29:16,62,אף אוזן גרון,משואה,visit_type,ביקור במרפאה,41
2026-07-30T17:29:16,62,אף אוזן גרון,משואה,language,אידיש,4
2026-07-30T17:29:16,62,אף אוזן גרון,משואה,language,איטלקית,1
2026-07-30T17:29:16,62,אף אוזן גרון,משואה,language,אנגלית,10
2026-07-30T17:29:16,62,אף אוזן גרון,משואה,language,עברית,10
2026-07-30T17:29:16,62,אף אוזן גרון,משואה,language,ערבית,4
2026-07-30T17:29:16,62,אף אוזן גרון,משואה,language,רוסית,4
2026-07-30T17:29:25,62,אף אוזן גרון,נאות הכיכר,gender,גבר,38
2026-07-30T17:29:25,62,אף אוזן גרון,נאות הכיכר,gender,אישה,6
2026-07-30T17:29:25,62,אף אוזן גרון,נאות הכיכר,visit_type,ביקור במרפאה,47
2026-07-30T17:29:25,62,אף אוזן גרון,נאות הכיכר,language,אוקראינית,1
2026-07-30T17:29:25,62,אף אוזן גרון,נאות הכיכר,language,אידיש,3
2026-07-30T17:29:25,62,אף אוזן גרון,נאות הכיכר,language,אנגלית,3
2026-07-30T17:29:25,62,אף אוזן גרון,נאות הכיכר,language,הונגרית,1
2026-07-30T17:29:25,62,אף אוזן גרון,נאות הכיכר,language,ספרדית,3
2026-07-30T17:29:25,62,אף אוזן גרון,נאות הכיכר,language,עברית,10
2026-07-30T17:29:25,62,אף אוזן גרון,נאות הכיכר,language,ערבית,4
2026-07-30T17:29:25,62,אף אוזן גרון,נאות הכיכר,language,צכית,1
2026-07-30T17:29:25,62,אף אוזן גרון,נאות הכיכר,language,רוסית,1
2026-07-30T17:29:37,62,אף אוזן גרון,נהורה,gender,גבר,32
2026-07-30T17:29:37,62,אף אוזן גרון,נהורה,gender,אישה,3
2026-07-30T17:29:37,62,אף אוזן גרון,נהורה,visit_type,ביקור במרפאה,41
2026-07-30T17:29:37,62,אף אוזן גרון,נהורה,language,אוקראינית,1
2026-07-30T17:29:37,62,אף אוזן גרון,נהורה,language,אנגלית,3
2026-07-30T17:29:37,62,אף אוזן גרון,נהורה,language,הונגרית,1
2026-07-30T17:29:37,62,אף אוזן גרון,נהורה,language,עברית,4
2026-07-30T17:29:37,62,אף אוזן גרון,נהורה,language,ערבית,1
2026-07-30T17:29:37,62,אף אוזן גרון,נהורה,language,צכית,1
2026-07-30T17:29:37,62,אף אוזן גרון,נהורה,language,רוסית,1
2026-07-30T17:29:48,62,אף אוזן גרון,נווה איתן,gender,גבר,86
2026-07-30T17:29:48,62,אף אוזן גרון,נווה איתן,gender,אישה,8
2026-07-30T17:29:48,62,אף אוזן גרון,נווה איתן,visit_type,ביקור במרפאה,95
2026-07-30T17:29:48,62,אף אוזן גרון,נווה איתן,language,אנגלית,17
2026-07-30T17:29:48,62,אף אוזן גרון,נווה איתן,language,ספרדית,1
2026-07-30T17:29:48,62,אף אוזן גרון,נווה איתן,language,עברית,23
2026-07-30T17:29:48,62,אף אוזן גרון,נווה איתן,language,ערבית,19
2026-07-30T17:29:48,62,אף אוזן גרון,נווה איתן,language,רוסית,5
2026-07-30T17:30:04,62,אף אוזן גרון,נחלה,gender,גבר,32
2026-07-30T17:30:04,62,אף אוזן גרון,נחלה,gender,אישה,3
2026-07-30T17:30:04,62,אף אוזן גרון,נחלה,visit_type,ביקור במרפאה,41
2026-07-30T17:30:04,62,אף אוזן גרון,נחלה,language,אוקראינית,1
2026-07-30T17:30:04,62,אף אוזן גרון,נחלה,language,אנגלית,3
2026-07-30T17:30:04,62,אף אוזן גרון,נחלה,language,הונגרית,1
2026-07-30T17:30:04,62,אף אוזן גרון,נחלה,language,עברית,4
2026-07-30T17:30:04,62,אף אוזן גרון,נחלה,language,ערבית,1
2026-07-30T17:30:04,62,אף אוזן גרון,נחלה,language,צכית,1
2026-07-30T17:30:04,62,אף אוזן גרון,נחלה,language,רוסית,1
2026-07-30T17:30:13,62,אף אוזן גרון,נטעים,gender,גבר,46
2026-07-30T17:30:13,62,אף אוזן גרון,נטעים,gender,אישה,4
2026-07-30T17:30:13,62,אף אוזן גרון,נטעים,visit_type,ביקור במרפאה,62
2026-07-30T17:30:13,62,אף אוזן גרון,נטעים,language,איטלקית,1
2026-07-30T17:30:13,62,אף אוזן גרון,נטעים,language,אנגלית,19
2026-07-30T17:30:13,62,אף אוזן גרון,נטעים,language,ספרדית,1
2026-07-30T17:30:13,62,אף אוזן גרון,נטעים,language,עברית,25
2026-07-30T17:30:13,62,אף אוזן גרון,נטעים,language,ערבית,3
2026-07-30T17:30:13,62,אף אוזן גרון,נטעים,language,צרפתית,2
2026-07-30T17:30:13,62,אף אוזן גרון,נטעים,language,רוסית,7
2026-07-30T17:30:26,62,אף אוזן גרון,ניצני עוז,gender,גבר,48
2026-07-30T17:30:26,62,אף אוזן גרון,ניצני עוז,gender,אישה,14
2026-07-30T17:30:26,62,אף אוזן גרון,ניצני עוז,visit_type,ביקור במרפאה,67
2026-07-30T17:30:26,62,אף אוזן גרון,ניצני עוז,visit_type,שיחת טלפון,1
2026-07-30T17:30:26,62,אף אוזן גרון,ניצני עוז,language,אוקראינית,1
2026-07-30T17:30:26,62,אף אוזן גרון,ניצני עוז,language,אידיש,4
2026-07-30T17:30:26,62,אף אוזן גרון,ניצני עוז,language,איטלקית,1
2026-07-30T17:30:26,62,אף אוזן גרון,ניצני עוז,language,אנגלית,12
2026-07-30T17:30:26,62,אף אוזן גרון,ניצני עוז,language,גרמנית,1
2026-07-30T17:30:26,62,אף אוזן גרון,ניצני עוז,language,עברית,16
2026-07-30T17:30:26,62,אף אוזן גרון,ניצני עוז,language,ערבית,3
2026-07-30T17:30:26,62,אף אוזן גרון,ניצני עוז,language,רומנית,2
2026-07-30T17:30:26,62,אף אוזן גרון,ניצני עוז,language,רוסית,6
2026-07-30T17:30:36,62,אף אוזן גרון,נען,gender,גבר,22
2026-07-30T17:30:36,62,אף אוזן גרון,נען,gender,אישה,1
2026-07-30T17:30:36,62,אף אוזן גרון,נען,visit_type,ביקור במרפאה,32
2026-07-30T17:30:36,62,אף אוזן גרון,נען,language,איטלקית,1
2026-07-30T17:30:36,62,אף אוזן גרון,נען,language,אנגלית,9
2026-07-30T17:30:36,62,אף אוזן גרון,נען,language,עברית,14
2026-07-30T17:30:36,62,אף אוזן גרון,נען,language,ערבית,2
2026-07-30T17:30:36,62,אף אוזן גרון,נען,language,צרפתית,1
2026-07-30T17:30:36,62,אף אוזן גרון,נען,language,רוסית,4
2026-07-30T17:30:46,62,אף אוזן גרון,נתיבות,gender,גבר,50
2026-07-30T17:30:46,62,אף אוזן גרון,נתיבות,gender,אישה,7
2026-07-30T17:30:46,62,אף אוזן גרון,נתיבות,visit_type,ביקור במרפאה,63
2026-07-30T17:30:46,62,אף אוזן גרון,נתיבות,language,אוקראינית,1
2026-07-30T17:30:46,62,אף אוזן גרון,נתיבות,language,אידיש,3
2026-07-30T17:30:46,62,אף אוזן גרון,נתיבות,language,אנגלית,3
2026-07-30T17:30:46,62,אף אוזן גרון,נתיבות,language,הונגרית,1
2026-07-30T17:30:46,62,אף אוזן גרון,נתיבות,language,ספרדית,3
2026-07-30T17:30:46,62,אף אוזן גרון,נתיבות,language,עברית,11
2026-07-30T17:30:46,62,אף אוזן גרון,נתיבות,language,ערבית,5
2026-07-30T17:30:46,62,אף אוזן גרון,נתיבות,language,צכית,1
2026-07-30T17:30:46,62,אף אוזן גרון,נתיבות,language,רוסית,1
2026-07-30T17:31:01,62,אף אוזן גרון,סואעד חמרייה,gender,גבר,66
2026-07-30T17:31:01,62,אף אוזן גרון,סואעד חמרייה,gender,אישה,13
2026-07-30T17:31:01,62,אף אוזן גרון,סואעד חמרייה,visit_type,ביקור במרפאה,82
2026-07-30T17:31:01,62,אף אוזן גרון,סואעד חמרייה,visit_type,שיחת טלפון,4
2026-07-30T17:31:01,62,אף אוזן גרון,סואעד חמרייה,language,איטלקית,1
2026-07-30T17:31:01,62,אף אוזן גרון,סואעד חמרייה,language,אנגלית,24
2026-07-30T17:31:01,62,אף אוזן גרון,סואעד חמרייה,language,גרמנית,4
2026-07-30T17:31:01,62,אף אוזן גרון,סואעד חמרייה,language,הונגרית,1
2026-07-30T17:31:01,62,אף אוזן גרון,סואעד חמרייה,language,ספרדית,1
2026-07-30T17:31:01,62,אף אוזן גרון,סואעד חמרייה,language,עברית,39
2026-07-30T17:31:01,62,אף אוזן גרון,סואעד חמרייה,language,ערבית,18
2026-07-30T17:31:01,62,אף אוזן גרון,סואעד חמרייה,language,רוסית,11
2026-07-30T17:31:14,62,אף אוזן גרון,סילואד,gender,גבר,36
2026-07-30T17:31:14,62,אף אוזן גרון,סילואד,gender,אישה,4
2026-07-30T17:31:14,62,אף אוזן גרון,סילואד,visit_type,ביקור במרפאה,41
2026-07-30T17:31:14,62,אף אוזן גרון,סילואד,language,אידיש,4
2026-07-30T17:31:14,62,אף אוזן גרון,סילואד,language,איטלקית,1
2026-07-30T17:31:14,62,אף אוזן גרון,סילואד,language,אנגלית,10
2026-07-30T17:31:14,62,אף אוזן גרון,סילואד,language,עברית,10
2026-07-30T17:31:14,62,אף אוזן גרון,סילואד,language,ערבית,4
2026-07-30T17:31:14,62,אף אוזן גרון,סילואד,language,רוסית,4
2026-07-30T17:31:23,62,אף אוזן גרון,סמוע,gender,גבר,50
2026-07-30T17:31:23,62,אף אוזן גרון,סמוע,gender,אישה,7
2026-07-30T17:31:23,62,אף אוזן גרון,סמוע,visit_type,ביקור במרפאה,63
2026-07-30T17:31:23,62,אף אוזן גרון,סמוע,language,אוקראינית,1
2026-07-30T17:31:23,62,אף אוזן גרון,סמוע,language,אידיש,3
2026-07-30T17:31:23,62,אף אוזן גרון,סמוע,language,אנגלית,3
2026-07-30T17:31:23,62,אף אוזן גרון,סמוע,language,הונגרית,1
2026-07-30T17:31:23,62,אף אוזן גרון,סמוע,language,ספרדית,3
2026-07-30T17:31:23,62,אף אוזן גרון,סמוע,language,עברית,11
2026-07-30T17:31:23,62,אף אוזן גרון,סמוע,language,ערבית,5
2026-07-30T17:31:23,62,אף אוזן גרון,סמוע,language,צכית,1
2026-07-30T17:31:23,62,אף אוזן גרון,סמוע,language,רוסית,1
2026-07-30T17:31:36,62,אף אוזן גרון,ספסופה,gender,גבר,54
2026-07-30T17:31:36,62,אף אוזן גרון,ספסופה,gender,אישה,5
2026-07-30T17:31:36,62,אף אוזן גרון,ספסופה,visit_type,ביקור במרפאה,59
2026-07-30T17:31:36,62,אף אוזן גרון,ספסופה,language,אנגלית,11
2026-07-30T17:31:36,62,אף אוזן גרון,ספסופה,language,עברית,14
2026-07-30T17:31:36,62,אף אוזן גרון,ספסופה,language,ערבית,14
2026-07-30T17:31:36,62,אף אוזן גרון,ספסופה,language,רוסית,2
2026-07-30T17:31:48,62,אף אוזן גרון,עבסאן אל כביר,gender,גבר,50
2026-07-30T17:31:48,62,אף אוזן גרון,עבסאן אל כביר,gender,אישה,7
2026-07-30T17:31:48,62,אף אוזן גרון,עבסאן אל כביר,visit_type,ביקור במרפאה,63
2026-07-30T17:31:48,62,אף אוזן גרון,עבסאן אל כביר,language,אוקראינית,1
2026-07-30T17:31:48,62,אף אוזן גרון,עבסאן אל כביר,language,אידיש,3
2026-07-30T17:31:48,62,אף אוזן גרון,עבסאן אל כביר,language,אנגלית,3
2026-07-30T17:31:48,62,אף אוזן גרון,עבסאן אל כביר,language,הונגרית,1
2026-07-30T17:31:48,62,אף אוזן גרון,עבסאן אל כביר,language,ספרדית,3
2026-07-30T17:31:48,62,אף אוזן גרון,עבסאן אל כביר,language,עברית,11
2026-07-30T17:31:48,62,אף אוזן גרון,עבסאן אל כביר,language,ערבית,5
2026-07-30T17:31:48,62,אף אוזן גרון,עבסאן אל כביר,language,צכית,1
2026-07-30T17:31:48,62,אף אוזן גרון,עבסאן אל כביר,language,רוסית,1
2026-07-30T17:32:04,62,אף אוזן גרון,עוורתא,gender,גבר,48
2026-07-30T17:32:04,62,אף אוזן גרון,עוורתא,gender,אישה,14
2026-07-30T17:32:04,62,אף אוזן גרון,עוורתא,visit_type,ביקור במרפאה,67
2026-07-30T17:32:04,62,אף אוזן גרון,עוורתא,visit_type,שיחת טלפון,1
2026-07-30T17:32:04,62,אף אוזן גרון,עוורתא,language,אוקראינית,1
2026-07-30T17:32:04,62,אף אוזן גרון,עוורתא,language,אידיש,4
2026-07-30T17:32:04,62,אף אוזן גרון,עוורתא,language,איטלקית,1
2026-07-30T17:32:04,62,אף אוזן גרון,עוורתא,language,אנגלית,12
2026-07-30T17:32:04,62,אף אוזן גרון,עוורתא,language,גרמנית,1
2026-07-30T17:32:04,62,אף אוזן גרון,עוורתא,language,עברית,16
2026-07-30T17:32:04,62,אף אוזן גרון,עוורתא,language,ערבית,3
2026-07-30T17:32:04,62,אף אוזן גרון,עוורתא,language,רומנית,2
2026-07-30T17:32:04,62,אף אוזן גרון,עוורתא,language,רוסית,6
2026-07-30T17:32:16,62,אף אוזן גרון,עזון,gender,גבר,48
2026-07-30T17:32:16,62,אף אוזן גרון,עזון,gender,אישה,14
2026-07-30T17:32:16,62,אף אוזן גרון,עזון,visit_type,ביקור במרפאה,67
2026-07-30T17:32:16,62,אף אוזן גרון,עזון,visit_type,שיחת טלפון,1
2026-07-30T17:32:16,62,אף אוזן גרון,עזון,language,אוקראינית,1
2026-07-30T17:32:16,62,אף אוזן גרון,עזון,language,אידיש,4
2026-07-30T17:32:16,62,אף אוזן גרון,עזון,language,איטלקית,1
2026-07-30T17:32:16,62,אף אוזן גרון,עזון,language,אנגלית,12
2026-07-30T17:32:16,62,אף אוזן גרון,עזון,language,גרמנית,1
2026-07-30T17:32:16,62,אף אוזן גרון,עזון,language,עברית,16
2026-07-30T17:32:16,62,אף אוזן גרון,עזון,language,ערבית,3
2026-07-30T17:32:16,62,אף אוזן גרון,עזון,language,רומנית,2
2026-07-30T17:32:16,62,אף אוזן גרון,עזון,language,רוסית,6
2026-07-30T17:32:26,62,אף אוזן גרון,עטרת,gender,גבר,36
2026-07-30T17:32:26,62,אף אוזן גרון,עטרת,gender,אישה,4
2026-07-30T17:32:26,62,אף אוזן גרון,עטרת,visit_type,ביקור במרפאה,41
2026-07-30T17:32:26,62,אף אוזן גרון,עטרת,language,אידיש,4
2026-07-30T17:32:26,62,אף אוזן גרון,עטרת,language,איטלקית,1
2026-07-30T17:32:26,62,אף אוזן גרון,עטרת,language,אנגלית,10
2026-07-30T17:32:26,62,אף אוזן גרון,עטרת,language,עברית,10
2026-07-30T17:32:26,62,אף אוזן גרון,עטרת,language,ערבית,4
2026-07-30T17:32:26,62,אף אוזן גרון,עטרת,language,רוסית,4
2026-07-30T17:32:33,62,אף אוזן גרון,עין גדי,gender,גבר,36
2026-07-30T17:32:33,62,אף אוזן גרון,עין גדי,gender,אישה,4
2026-07-30T17:32:33,62,אף אוזן גרון,עין גדי,visit_type,ביקור במרפאה,41
2026-07-30T17:32:33,62,אף אוזן גרון,עין גדי,language,אידיש,4
2026-07-30T17:32:33,62,אף אוזן גרון,עין גדי,language,איטלקית,1
2026-07-30T17:32:33,62,אף אוזן גרון,עין גדי,language,אנגלית,10
2026-07-30T17:32:33,62,אף אוזן גרון,עין גדי,language,עברית,10
2026-07-30T17:32:33,62,אף אוזן גרון,עין גדי,language,ערבית,4
2026-07-30T17:32:33,62,אף אוזן גרון,עין גדי,language,רוסית,4
2026-07-30T17:32:40,62,אף אוזן גרון,עמינדב,gender,גבר,36
2026-07-30T17:32:40,62,אף אוזן גרון,עמינדב,gender,אישה,4
2026-07-30T17:32:40,62,אף אוזן גרון,עמינדב,visit_type,ביקור במרפאה,41
2026-07-30T17:32:40,62,אף אוזן גרון,עמינדב,language,אידיש,4
2026-07-30T17:32:40,62,אף אוזן גרון,עמינדב,language,איטלקית,1
2026-07-30T17:32:40,62,אף אוזן גרון,עמינדב,language,אנגלית,10
2026-07-30T17:32:40,62,אף אוזן גרון,עמינדב,language,עברית,10
2026-07-30T17:32:40,62,אף אוזן גרון,עמינדב,language,ערבית,4
2026-07-30T17:32:40,62,אף אוזן גרון,עמינדב,language,רוסית,4
2026-07-30T17:32:47,62,אף אוזן גרון,ענזה,gender,גבר,48
2026-07-30T17:32:47,62,אף אוזן גרון,ענזה,gender,אישה,14
2026-07-30T17:32:47,62,אף אוזן גרון,ענזה,visit_type,ביקור במרפאה,67
2026-07-30T17:32:47,62,אף אוזן גרון,ענזה,visit_type,שיחת טלפון,1
2026-07-30T17:32:47,62,אף אוזן גרון,ענזה,language,אוקראינית,1
2026-07-30T17:32:47,62,אף אוזן גרון,ענזה,language,אידיש,4
2026-07-30T17:32:47,62,אף אוזן גרון,ענזה,language,איטלקית,1
2026-07-30T17:32:47,62,אף אוזן גרון,ענזה,language,אנגלית,12
2026-07-30T17:32:47,62,אף אוזן גרון,ענזה,language,גרמנית,1
2026-07-30T17:32:47,62,אף אוזן גרון,ענזה,language,עברית,16
2026-07-30T17:32:47,62,אף אוזן גרון,ענזה,language,ערבית,3
2026-07-30T17:32:47,62,אף אוזן גרון,ענזה,language,רומנית,2
2026-07-30T17:32:47,62,אף אוזן גרון,ענזה,language,רוסית,6
2026-07-30T17:32:58,62,אף אוזן גרון,עקרבה,gender,גבר,36
2026-07-30T17:32:58,62,אף אוזן גרון,עקרבה,gender,אישה,4
2026-07-30T17:32:58,62,אף אוזן גרון,עקרבה,visit_type,ביקור במרפאה,41
2026-07-30T17:32:58,62,אף אוזן גרון,עקרבה,language,אידיש,4
2026-07-30T17:32:58,62,אף אוזן גרון,עקרבה,language,איטלקית,1
2026-07-30T17:32:58,62,אף אוזן גרון,עקרבה,language,אנגלית,10
2026-07-30T17:32:58,62,אף אוזן גרון,עקרבה,language,עברית,10
2026-07-30T17:32:58,62,אף אוזן גרון,עקרבה,language,ערבית,4
2026-07-30T17:32:58,62,אף אוזן גרון,עקרבה,language,רוסית,4
2026-07-30T17:33:07,62,אף אוזן גרון,ערערה בנגב,gender,גבר,38
2026-07-30T17:33:07,62,אף אוזן גרון,ערערה בנגב,gender,אישה,6
2026-07-30T17:33:07,62,אף אוזן גרון,ערערה בנגב,visit_type,ביקור במרפאה,47
2026-07-30T17:33:07,62,אף אוזן גרון,ערערה בנגב,language,אוקראינית,1
2026-07-30T17:33:07,62,אף אוזן גרון,ערערה בנגב,language,אידיש,3
2026-07-30T17:33:07,62,אף אוזן גרון,ערערה בנגב,language,אנגלית,3
2026-07-30T17:33:07,62,אף אוזן גרון,ערערה בנגב,language,הונגרית,1
2026-07-30T17:33:07,62,אף אוזן גרון,ערערה בנגב,language,ספרדית,3
2026-07-30T17:33:07,62,אף אוזן גרון,ערערה בנגב,language,עברית,10
2026-07-30T17:33:07,62,אף אוזן גרון,ערערה בנגב,language,ערבית,4
2026-07-30T17:33:07,62,אף אוזן גרון,ערערה בנגב,language,צכית,1
2026-07-30T17:33:07,62,אף אוזן גרון,ערערה בנגב,language,רוסית,1
2026-07-30T17:33:18,62,אף אוזן גרון,פארק תעשיות ראם,gender,גבר,30
2026-07-30T17:33:18,62,אף אוזן גרון,פארק תעשיות ראם,gender,אישה,2
2026-07-30T17:33:18,62,אף אוזן גרון,פארק תעשיות ראם,visit_type,ביקור במרפאה,44
2026-07-30T17:33:18,62,אף אוזן גרון,פארק תעשיות ראם,language,איטלקית,1
2026-07-30T17:33:18,62,אף אוזן גרון,פארק תעשיות ראם,language,אנגלית,12
2026-07-30T17:33:18,62,אף אוזן גרון,פארק תעשיות ראם,language,ספרדית,1
2026-07-30T17:33:18,62,אף אוזן גרון,פארק תעשיות ראם,language,עברית,18
2026-07-30T17:33:18,62,אף אוזן גרון,פארק תעשיות ראם,language,ערבית,2
2026-07-30T17:33:18,62,אף אוזן גרון,פארק תעשיות ראם,language,צרפתית,2
2026-07-30T17:33:18,62,אף אוזן גרון,פארק תעשיות ראם,language,רוסית,7
2026-07-30T17:33:27,62,אף אוזן גרון,פורת,gender,גבר,48
2026-07-30T17:33:27,62,אף אוזן גרון,פורת,gender,אישה,14
2026-07-30T17:33:27,62,אף אוזן גרון,פורת,visit_type,ביקור במרפאה,67
2026-07-30T17:33:27,62,אף אוזן גרון,פורת,visit_type,שיחת טלפון,1
2026-07-30T17:33:27,62,אף אוזן גרון,פורת,language,אוקראינית,1
2026-07-30T17:33:27,62,אף אוזן גרון,פורת,language,אידיש,4
2026-07-30T17:33:27,62,אף אוזן גרון,פורת,language,איטלקית,1
2026-07-30T17:33:27,62,אף אוזן גרון,פורת,language,אנגלית,12
2026-07-30T17:33:27,62,אף אוזן גרון,פורת,language,גרמנית,1
2026-07-30T17:33:27,62,אף אוזן גרון,פורת,language,עברית,16
2026-07-30T17:33:27,62,אף אוזן גרון,פורת,language,ערבית,3
2026-07-30T17:33:27,62,אף אוזן גרון,פורת,language,רומנית,2
2026-07-30T17:33:27,62,אף אוזן גרון,פורת,language,רוסית,6
2026-07-30T17:33:39,62,אף אוזן גרון,פסוטה,gender,גבר,35
2026-07-30T17:33:39,62,אף אוזן גרון,פסוטה,gender,אישה,3
2026-07-30T17:33:39,62,אף אוזן גרון,פסוטה,visit_type,ביקור במרפאה,38
2026-07-30T17:33:39,62,אף אוזן גרון,פסוטה,visit_type,שיחת טלפון,1
2026-07-30T17:33:39,62,אף אוזן גרון,פסוטה,language,איטלקית,5
2026-07-30T17:33:39,62,אף אוזן גרון,פסוטה,language,אנגלית,29
2026-07-30T17:33:39,62,אף אוזן גרון,פסוטה,language,גרמנית,2
2026-07-30T17:33:39,62,אף אוזן גרון,פסוטה,language,הולנדית,1
2026-07-30T17:33:39,62,אף אוזן גרון,פסוטה,language,ספרדית,1
2026-07-30T17:33:39,62,אף אוזן גרון,פסוטה,language,עברית,38
2026-07-30T17:33:39,62,אף אוזן גרון,פסוטה,language,ערבית,34
2026-07-30T17:33:39,62,אף אוזן גרון,פסוטה,language,צרפתית,1
2026-07-30T17:33:39,62,אף אוזן גרון,פסוטה,language,רומנית,7
2026-07-30T17:33:39,62,אף אוזן גרון,פסוטה,language,רוסית,5
2026-07-30T17:33:44,62,אף אוזן גרון,פרח'ה,gender,גבר,26
2026-07-30T17:33:44,62,אף אוזן גרון,פרח'ה,gender,אישה,10
2026-07-30T17:33:44,62,אף אוזן גרון,פרח'ה,visit_type,ביקור במרפאה,38
2026-07-30T17:33:44,62,אף אוזן גרון,פרח'ה,visit_type,שיחת טלפון,1
2026-07-30T17:33:44,62,אף אוזן גרון,פרח'ה,language,אנגלית,14
2026-07-30T17:33:44,62,אף אוזן גרון,פרח'ה,language,ספרדית,2
2026-07-30T17:33:44,62,אף אוזן גרון,פרח'ה,language,עברית,37
2026-07-30T17:33:44,62,אף אוזן גרון,פרח'ה,language,ערבית,2
2026-07-30T17:33:44,62,אף אוזן גרון,פרח'ה,language,רוסית,9
2026-07-30T17:33:54,62,אף אוזן גרון,צוחר,gender,גבר,32
2026-07-30T17:33:54,62,אף אוזן גרון,צוחר,gender,אישה,3
2026-07-30T17:33:54,62,אף אוזן גרון,צוחר,visit_type,ביקור במרפאה,41
2026-07-30T17:33:54,62,אף אוזן גרון,צוחר,language,אוקראינית,1
2026-07-30T17:33:54,62,אף אוזן גרון,צוחר,language,אנגלית,3
2026-07-30T17:33:54,62,אף אוזן גרון,צוחר,language,הונגרית,1
2026-07-30T17:33:54,62,אף אוזן גרון,צוחר,language,עברית,4
2026-07-30T17:33:54,62,אף אוזן גרון,צוחר,language,ערבית,1
2026-07-30T17:33:54,62,אף אוזן גרון,צוחר,language,צכית,1
2026-07-30T17:33:54,62,אף אוזן גרון,צוחר,language,רוסית,1
2026-07-30T17:34:03,62,אף אוזן גרון,צלפון,gender,גבר,36
2026-07-30T17:34:03,62,אף אוזן גרון,צלפון,gender,אישה,4
2026-07-30T17:34:03,62,אף אוזן גרון,צלפון,visit_type,ביקור במרפאה,41
2026-07-30T17:34:03,62,אף אוזן גרון,צלפון,language,אידיש,4
2026-07-30T17:34:03,62,אף אוזן גרון,צלפון,language,איטלקית,1
2026-07-30T17:34:03,62,אף אוזן גרון,צלפון,language,אנגלית,10
2026-07-30T17:34:03,62,אף אוזן גרון,צלפון,language,עברית,10
2026-07-30T17:34:03,62,אף אוזן גרון,צלפון,language,ערבית,4
2026-07-30T17:34:03,62,אף אוזן גרון,צלפון,language,רוסית,4
2026-07-30T17:34:10,62,אף אוזן גרון,קבלאן,gender,גבר,36
2026-07-30T17:34:10,62,אף אוזן גרון,קבלאן,gender,אישה,4
2026-07-30T17:34:10,62,אף אוזן גרון,קבלאן,visit_type,ביקור במרפאה,41
2026-07-30T17:34:10,62,אף אוזן גרון,קבלאן,language,אידיש,4
2026-07-30T17:34:10,62,אף אוזן גרון,קבלאן,language,איטלקית,1
2026-07-30T17:34:10,62,אף אוזן גרון,קבלאן,language,אנגלית,10
2026-07-30T17:34:10,62,אף אוזן גרון,קבלאן,language,עברית,10
2026-07-30T17:34:10,62,אף אוזן גרון,קבלאן,language,ערבית,4
2026-07-30T17:34:10,62,אף אוזן גרון,קבלאן,language,רוסית,4
2026-07-30T17:34:19,62,אף אוזן גרון,קודייראת א צאנה,gender,גבר,38
2026-07-30T17:34:19,62,אף אוזן גרון,קודייראת א צאנה,gender,אישה,6
2026-07-30T17:34:19,62,אף אוזן גרון,קודייראת א צאנה,visit_type,ביקור במרפאה,47
2026-07-30T17:34:19,62,אף אוזן גרון,קודייראת א צאנה,language,אוקראינית,1
2026-07-30T17:34:19,62,אף אוזן גרון,קודייראת א צאנה,language,אידיש,3
2026-07-30T17:34:19,62,אף אוזן גרון,קודייראת א צאנה,language,אנגלית,3
2026-07-30T17:34:19,62,אף אוזן גרון,קודייראת א צאנה,language,הונגרית,1
2026-07-30T17:34:19,62,אף אוזן גרון,קודייראת א צאנה,language,ספרדית,3
2026-07-30T17:34:19,62,אף אוזן גרון,קודייראת א צאנה,language,עברית,10
2026-07-30T17:34:19,62,אף אוזן גרון,קודייראת א צאנה,language,ערבית,4
2026-07-30T17:34:19,62,אף אוזן גרון,קודייראת א צאנה,language,צכית,1
2026-07-30T17:34:19,62,אף אוזן גרון,קודייראת א צאנה,language,רוסית,1
2026-07-30T17:34:29,62,אף אוזן גרון,קירה,gender,גבר,26
2026-07-30T17:34:29,62,אף אוזן גרון,קירה,gender,אישה,10
2026-07-30T17:34:29,62,אף אוזן גרון,קירה,visit_type,ביקור במרפאה,38
2026-07-30T17:34:29,62,אף אוזן גרון,קירה,visit_type,שיחת טלפון,1
2026-07-30T17:34:29,62,אף אוזן גרון,קירה,language,אנגלית,14
2026-07-30T17:34:29,62,אף אוזן גרון,קירה,language,ספרדית,2
2026-07-30T17:34:29,62,אף אוזן גרון,קירה,language,עברית,37
2026-07-30T17:34:29,62,אף אוזן גרון,קירה,language,ערבית,2
2026-07-30T17:34:29,62,אף אוזן גרון,קירה,language,רוסית,9
2026-07-30T17:34:37,62,אף אוזן גרון,קצרין,gender,גבר,54
2026-07-30T17:34:37,62,אף אוזן גרון,קצרין,gender,אישה,5
2026-07-30T17:34:37,62,אף אוזן גרון,קצרין,visit_type,ביקור במרפאה,59
2026-07-30T17:34:37,62,אף אוזן גרון,קצרין,language,אנגלית,11
2026-07-30T17:34:37,62,אף אוזן גרון,קצרין,language,עברית,14
2026-07-30T17:34:37,62,אף אוזן גרון,קצרין,language,ערבית,14
2026-07-30T17:34:37,62,אף אוזן גרון,קצרין,language,רוסית,2
2026-07-30T17:34:48,62,אף אוזן גרון,קרית חינוך שדות נגב,gender,גבר,50
2026-07-30T17:34:48,62,אף אוזן גרון,קרית חינוך שדות נגב,gender,אישה,7
2026-07-30T17:34:48,62,אף אוזן גרון,קרית חינוך שדות נגב,visit_type,ביקור במרפאה,63
2026-07-30T17:34:48,62,אף אוזן גרון,קרית חינוך שדות נגב,language,אוקראינית,1
2026-07-30T17:34:48,62,אף אוזן גרון,קרית חינוך שדות נגב,language,אידיש,3
2026-07-30T17:34:48,62,אף אוזן גרון,קרית חינוך שדות נגב,language,אנגלית,3
2026-07-30T17:34:48,62,אף אוזן גרון,קרית חינוך שדות נגב,language,הונגרית,1
2026-07-30T17:34:48,62,אף אוזן גרון,קרית חינוך שדות נגב,language,ספרדית,3
2026-07-30T17:34:48,62,אף אוזן גרון,קרית חינוך שדות נגב,language,עברית,11
2026-07-30T17:34:48,62,אף אוזן גרון,קרית חינוך שדות נגב,language,ערבית,5
2026-07-30T17:34:48,62,אף אוזן גרון,קרית חינוך שדות נגב,language,צכית,1
2026-07-30T17:34:48,62,אף אוזן גרון,קרית חינוך שדות נגב,language,רוסית,1
2026-07-30T17:35:03,62,אף אוזן גרון,ראפאת ליד סמוע,gender,גבר,50
2026-07-30T17:35:03,62,אף אוזן גרון,ראפאת ליד סמוע,gender,אישה,7
2026-07-30T17:35:03,62,אף אוזן גרון,ראפאת ליד סמוע,visit_type,ביקור במרפאה,63
2026-07-30T17:35:03,62,אף אוזן גרון,ראפאת ליד סמוע,language,אוקראינית,1
2026-07-30T17:35:03,62,אף אוזן גרון,ראפאת ליד סמוע,language,אידיש,3
2026-07-30T17:35:03,62,אף אוזן גרון,ראפאת ליד סמוע,language,אנגלית,3
2026-07-30T17:35:03,62,אף אוזן גרון,ראפאת ליד סמוע,language,הונגרית,1
2026-07-30T17:35:03,62,אף אוזן גרון,ראפאת ליד סמוע,language,ספרדית,3
2026-07-30T17:35:03,62,אף אוזן גרון,ראפאת ליד סמוע,language,עברית,11
2026-07-30T17:35:03,62,אף אוזן גרון,ראפאת ליד סמוע,language,ערבית,5
2026-07-30T17:35:03,62,אף אוזן גרון,ראפאת ליד סמוע,language,צכית,1
2026-07-30T17:35:03,62,אף אוזן גרון,ראפאת ליד סמוע,language,רוסית,1
2026-07-30T17:35:18,62,אף אוזן גרון,רווחה,gender,גבר,32
2026-07-30T17:35:18,62,אף אוזן גרון,רווחה,gender,אישה,3
2026-07-30T17:35:18,62,אף אוזן גרון,רווחה,visit_type,ביקור במרפאה,41
2026-07-30T17:35:18,62,אף אוזן גרון,רווחה,language,אוקראינית,1
2026-07-30T17:35:18,62,אף אוזן גרון,רווחה,language,אנגלית,3
2026-07-30T17:35:18,62,אף אוזן גרון,רווחה,language,הונגרית,1
2026-07-30T17:35:18,62,אף אוזן גרון,רווחה,language,עברית,4
2026-07-30T17:35:18,62,אף אוזן גרון,רווחה,language,ערבית,1
2026-07-30T17:35:18,62,אף אוזן גרון,רווחה,language,צכית,1
2026-07-30T17:35:18,62,אף אוזן גרון,רווחה,language,רוסית,1
2026-07-30T17:35:27,62,אף אוזן גרון,רחובות,gender,גבר,46
2026-07-30T17:35:27,62,אף אוזן גרון,רחובות,gender,אישה,4
2026-07-30T17:35:27,62,אף אוזן גרון,רחובות,visit_type,ביקור במרפאה,62
2026-07-30T17:35:27,62,אף אוזן גרון,רחובות,language,איטלקית,1
2026-07-30T17:35:27,62,אף אוזן גרון,רחובות,language,אנגלית,19
2026-07-30T17:35:27,62,אף אוזן גרון,רחובות,language,ספרדית,1
2026-07-30T17:35:27,62,אף אוזן גרון,רחובות,language,עברית,25
2026-07-30T17:35:27,62,אף אוזן גרון,רחובות,language,ערבית,3
2026-07-30T17:35:27,62,אף אוזן גרון,רחובות,language,צרפתית,2
2026-07-30T17:35:27,62,אף אוזן גרון,רחובות,language,רוסית,7
2026-07-30T17:35:38,62,אף אוזן גרון,רמון,gender,גבר,36
2026-07-30T17:35:38,62,אף אוזן גרון,רמון,gender,אישה,4
2026-07-30T17:35:38,62,אף אוזן גרון,רמון,visit_type,ביקור במרפאה,41
2026-07-30T17:35:38,62,אף אוזן גרון,רמון,language,אידיש,4
2026-07-30T17:35:38,62,אף אוזן גרון,רמון,language,איטלקית,1
2026-07-30T17:35:38,62,אף אוזן גרון,רמון,language,אנגלית,10
2026-07-30T17:35:38,62,אף אוזן גרון,רמון,language,עברית,10
2026-07-30T17:35:38,62,אף אוזן גרון,רמון,language,ערבית,4
2026-07-30T17:35:38,62,אף אוזן גרון,רמון,language,רוסית,4
2026-07-30T17:35:47,62,אף אוזן גרון,רעים,gender,גבר,32
2026-07-30T17:35:47,62,אף אוזן גרון,רעים,gender,אישה,3
2026-07-30T17:35:47,62,אף אוזן גרון,רעים,visit_type,ביקור במרפאה,41
2026-07-30T17:35:47,62,אף אוזן גרון,רעים,language,אוקראינית,1
2026-07-30T17:35:47,62,אף אוזן גרון,רעים,language,אנגלית,3
2026-07-30T17:35:47,62,אף אוזן גרון,רעים,language,הונגרית,1
2026-07-30T17:35:47,62,אף אוזן גרון,רעים,language,עברית,4
2026-07-30T17:35:47,62,אף אוזן גרון,רעים,language,ערבית,1
2026-07-30T17:35:47,62,אף אוזן גרון,רעים,language,צכית,1
2026-07-30T17:35:47,62,אף אוזן גרון,רעים,language,רוסית,1
2026-07-30T17:35:56,62,אף אוזן גרון,שבי ציון,gender,גבר,35
2026-07-30T17:35:56,62,אף אוזן גרון,שבי ציון,gender,אישה,3
2026-07-30T17:35:56,62,אף אוזן גרון,שבי ציון,visit_type,ביקור במרפאה,38
2026-07-30T17:35:56,62,אף אוזן גרון,שבי ציון,visit_type,שיחת טלפון,1
2026-07-30T17:35:56,62,אף אוזן גרון,שבי ציון,language,איטלקית,5
2026-07-30T17:35:56,62,אף אוזן גרון,שבי ציון,language,אנגלית,29
2026-07-30T17:35:56,62,אף אוזן גרון,שבי ציון,language,גרמנית,2
2026-07-30T17:35:56,62,אף אוזן גרון,שבי ציון,language,הולנדית,1
2026-07-30T17:35:56,62,אף אוזן גרון,שבי ציון,language,ספרדית,1
2026-07-30T17:35:56,62,אף אוזן גרון,שבי ציון,language,עברית,38
2026-07-30T17:35:56,62,אף אוזן גרון,שבי ציון,language,ערבית,34
2026-07-30T17:35:56,62,אף אוזן גרון,שבי ציון,language,צרפתית,1
2026-07-30T17:35:56,62,אף אוזן גרון,שבי ציון,language,רומנית,7
2026-07-30T17:35:56,62,אף אוזן גרון,שבי ציון,language,רוסית,5
2026-07-30T17:36:04,62,אף אוזן גרון,שדה ורבורג,gender,גבר,67
2026-07-30T17:36:04,62,אף אוזן גרון,שדה ורבורג,gender,אישה,18
2026-07-30T17:36:04,62,אף אוזן גרון,שדה ורבורג,visit_type,ביקור במרפאה,91
2026-07-30T17:36:04,62,אף אוזן גרון,שדה ורבורג,visit_type,שיחת טלפון,1
2026-07-30T17:36:04,62,אף אוזן גרון,שדה ורבורג,language,אוקראינית,1
2026-07-30T17:36:04,62,אף אוזן גרון,שדה ורבורג,language,אידיש,4
2026-07-30T17:36:04,62,אף אוזן גרון,שדה ורבורג,language,איטלקית,1
2026-07-30T17:36:04,62,אף אוזן גרון,שדה ורבורג,language,אנגלית,24
2026-07-30T17:36:04,62,אף אוזן גרון,שדה ורבורג,language,גרמנית,2
2026-07-30T17:36:04,62,אף אוזן גרון,שדה ורבורג,language,ספרדית,1
2026-07-30T17:36:04,62,אף אוזן גרון,שדה ורבורג,language,עברית,35
2026-07-30T17:36:04,62,אף אוזן גרון,שדה ורבורג,language,ערבית,6
2026-07-30T17:36:04,62,אף אוזן גרון,שדה ורבורג,language,צרפתית,1
2026-07-30T17:36:04,62,אף אוזן גרון,שדה ורבורג,language,רומנית,2
2026-07-30T17:36:04,62,אף אוזן גרון,שדה ורבורג,language,רוסית,10
2026-07-30T17:36:19,62,אף אוזן גרון,שומרה,gender,גבר,35
2026-07-30T17:36:19,62,אף אוזן גרון,שומרה,gender,אישה,3
2026-07-30T17:36:19,62,אף אוזן גרון,שומרה,visit_type,ביקור במרפאה,38
2026-07-30T17:36:19,62,אף אוזן גרון,שומרה,visit_type,שיחת טלפון,1
2026-07-30T17:36:19,62,אף אוזן גרון,שומרה,language,איטלקית,5
2026-07-30T17:36:19,62,אף אוזן גרון,שומרה,language,אנגלית,29
2026-07-30T17:36:19,62,אף אוזן גרון,שומרה,language,גרמנית,2
2026-07-30T17:36:19,62,אף אוזן גרון,שומרה,language,הולנדית,1
2026-07-30T17:36:19,62,אף אוזן גרון,שומרה,language,ספרדית,1
2026-07-30T17:36:19,62,אף אוזן גרון,שומרה,language,עברית,38
2026-07-30T17:36:19,62,אף אוזן גרון,שומרה,language,ערבית,34
2026-07-30T17:36:19,62,אף אוזן גרון,שומרה,language,צרפתית,1
2026-07-30T17:36:19,62,אף אוזן גרון,שומרה,language,רומנית,7
2026-07-30T17:36:19,62,אף אוזן גרון,שומרה,language,רוסית,5
2026-07-30T17:36:28,62,אף אוזן גרון,שיבטה,gender,גבר,50
2026-07-30T17:36:28,62,אף אוזן גרון,שיבטה,gender,אישה,7
2026-07-30T17:36:28,62,אף אוזן גרון,שיבטה,visit_type,ביקור במרפאה,63
2026-07-30T17:36:28,62,אף אוזן גרון,שיבטה,language,אוקראינית,1
2026-07-30T17:36:28,62,אף אוזן גרון,שיבטה,language,אידיש,3
2026-07-30T17:36:28,62,אף אוזן גרון,שיבטה,language,אנגלית,3
2026-07-30T17:36:28,62,אף אוזן גרון,שיבטה,language,הונגרית,1
2026-07-30T17:36:28,62,אף אוזן גרון,שיבטה,language,ספרדית,3
2026-07-30T17:36:28,62,אף אוזן גרון,שיבטה,language,עברית,11
2026-07-30T17:36:28,62,אף אוזן גרון,שיבטה,language,ערבית,5
2026-07-30T17:36:28,62,אף אוזן גרון,שיבטה,language,צכית,1
2026-07-30T17:36:28,62,אף אוזן גרון,שיבטה,language,רוסית,1
2026-07-30T17:36:42,62,אף אוזן גרון,שלוחות,gender,גבר,86
2026-07-30T17:36:42,62,אף אוזן גרון,שלוחות,gender,אישה,8
2026-07-30T17:36:42,62,אף אוזן גרון,שלוחות,visit_type,ביקור במרפאה,95
2026-07-30T17:36:42,62,אף אוזן גרון,שלוחות,language,אנגלית,17
2026-07-30T17:36:42,62,אף אוזן גרון,שלוחות,language,ספרדית,1
2026-07-30T17:36:42,62,אף אוזן גרון,שלוחות,language,עברית,23
2026-07-30T17:36:42,62,אף אוזן גרון,שלוחות,language,ערבית,19
2026-07-30T17:36:42,62,אף אוזן גרון,שלוחות,language,רוסית,5
2026-07-30T17:36:57,62,אף אוזן גרון,שעב,gender,גבר,47
2026-07-30T17:36:57,62,אף אוזן גרון,שעב,gender,אישה,8
2026-07-30T17:36:57,62,אף אוזן גרון,שעב,visit_type,ביקור במרפאה,55
2026-07-30T17:36:57,62,אף אוזן גרון,שעב,visit_type,שיחת טלפון,2
2026-07-30T17:36:57,62,אף אוזן גרון,שעב,language,איטלקית,5
2026-07-30T17:36:57,62,אף אוזן גרון,שעב,language,אנגלית,40
2026-07-30T17:36:57,62,אף אוזן גרון,שעב,language,גרמנית,4
2026-07-30T17:36:57,62,אף אוזן גרון,שעב,language,הולנדית,1
2026-07-30T17:36:57,62,אף אוזן גרון,שעב,language,הונגרית,1
2026-07-30T17:36:57,62,אף אוזן גרון,שעב,language,ספרדית,1
2026-07-30T17:36:57,62,אף אוזן גרון,שעב,language,עברית,55
2026-07-30T17:36:57,62,אף אוזן גרון,שעב,language,ערבית,40
2026-07-30T17:36:57,62,אף אוזן גרון,שעב,language,צרפתית,1
2026-07-30T17:36:57,62,אף אוזן גרון,שעב,language,רומנית,7
2026-07-30T17:36:57,62,אף אוזן גרון,שעב,language,רוסית,10
2026-07-30T17:37:07,62,אף אוזן גרון,שפר,gender,גבר,54
2026-07-30T17:37:07,62,אף אוזן גרון,שפר,gender,אישה,5
2026-07-30T17:37:07,62,אף אוזן גרון,שפר,visit_type,ביקור במרפאה,59
2026-07-30T17:37:07,62,אף אוזן גרון,שפר,language,אנגלית,11
2026-07-30T17:37:07,62,אף אוזן גרון,שפר,language,עברית,14
2026-07-30T17:37:07,62,אף אוזן גרון,שפר,language,ערבית,14
2026-07-30T17:37:07,62,אף אוזן גרון,שפר,language,רוסית,2
2026-07-30T17:37:18,62,אף אוזן גרון,תאשור,gender,גבר,50
2026-07-30T17:37:18,62,אף אוזן גרון,תאשור,gender,אישה,7
2026-07-30T17:37:18,62,אף אוזן גרון,תאשור,visit_type,ביקור במרפאה,63
2026-07-30T17:37:18,62,אף אוזן גרון,תאשור,language,אוקראינית,1
2026-07-30T17:37:18,62,אף אוזן גרון,תאשור,language,אידיש,3
2026-07-30T17:37:18,62,אף אוזן גרון,תאשור,language,אנגלית,3
2026-07-30T17:37:18,62,אף אוזן גרון,תאשור,language,הונגרית,1
2026-07-30T17:37:18,62,אף אוזן גרון,תאשור,language,ספרדית,3
2026-07-30T17:37:18,62,אף אוזן גרון,תאשור,language,עברית,11
2026-07-30T17:37:18,62,אף אוזן גרון,תאשור,language,ערבית,5
2026-07-30T17:37:18,62,אף אוזן גרון,תאשור,language,צכית,1
2026-07-30T17:37:18,62,אף אוזן גרון,תאשור,language,רוסית,1
2026-07-30T17:37:31,62,אף אוזן גרון,תירוש,gender,גבר,21
2026-07-30T17:37:31,62,אף אוזן גרון,תירוש,gender,אישה,2
2026-07-30T17:37:31,62,אף אוזן גרון,תירוש,visit_type,ביקור במרפאה,27
2026-07-30T17:37:31,62,אף אוזן גרון,תירוש,language,איטלקית,1
2026-07-30T17:37:31,62,אף אוזן גרון,תירוש,language,אנגלית,8
2026-07-30T17:37:31,62,אף אוזן גרון,תירוש,language,ספרדית,1
2026-07-30T17:37:31,62,אף אוזן גרון,תירוש,language,עברית,10
2026-07-30T17:37:31,62,אף אוזן גרון,תירוש,language,צרפתית,2
2026-07-30T17:37:31,62,אף אוזן גרון,תירוש,language,רוסית,4
2026-07-30T17:37:37,62,אף אוזן גרון,תל קציר,gender,גבר,54
2026-07-30T17:37:37,62,אף אוזן גרון,תל קציר,gender,אישה,5
2026-07-30T17:37:37,62,אף אוזן גרון,תל קציר,visit_type,ביקור במרפאה,59
2026-07-30T17:37:37,62,אף אוזן גרון,תל קציר,language,אנגלית,11
2026-07-30T17:37:37,62,אף אוזן גרון,תל קציר,language,עברית,14
2026-07-30T17:37:37,62,אף אוזן גרון,תל קציר,language,ערבית,14
2026-07-30T17:37:37,62,אף אוזן גרון,תל קציר,language,רוסית,2
2026-07-30T17:37:48,62,אף אוזן גרון,תעשיון תמ''ד,gender,גבר,50
2026-07-30T17:37:48,62,אף אוזן גרון,תעשיון תמ''ד,gender,אישה,7
2026-07-30T17:37:48,62,אף אוזן גרון,תעשיון תמ''ד,visit_type,ביקור במרפאה,63
2026-07-30T17:37:48,62,אף אוזן גרון,תעשיון תמ''ד,language,אוקראינית,1
2026-07-30T17:37:48,62,אף אוזן גרון,תעשיון תמ''ד,language,אידיש,3
2026-07-30T17:37:48,62,אף אוזן גרון,תעשיון תמ''ד,language,אנגלית,3
2026-07-30T17:37:48,62,אף אוזן גרון,תעשיון תמ''ד,language,הונגרית,1
2026-07-30T17:37:48,62,אף אוזן גרון,תעשיון תמ''ד,language,ספרדית,3
2026-07-30T17:37:48,62,אף אוזן גרון,תעשיון תמ''ד,language,עברית,11
2026-07-30T17:37:48,62,אף אוזן גרון,תעשיון תמ''ד,language,ערבית,5
2026-07-30T17:37:48,62,אף אוזן גרון,תעשיון תמ''ד,language,צכית,1
2026-07-30T17:37:48,62,אף אוזן גרון,תעשיון תמ''ד,language,רוסית,1
2026-07-30T17:38:01,62,אף אוזן גרון,תרקומיא,gender,גבר,36
2026-07-30T17:38:01,62,אף אוזן גרון,תרקומיא,gender,אישה,4
2026-07-30T17:38:01,62,אף אוזן גרון,תרקומיא,visit_type,ביקור במרפאה,41
2026-07-30T17:38:01,62,אף אוזן גרון,תרקומיא,language,אידיש,4
2026-07-30T17:38:01,62,אף אוזן גרון,תרקומיא,language,איטלקית,1
2026-07-30T17:38:01,62,אף אוזן גרון,תרקומיא,language,אנגלית,10
2026-07-30T17:38:01,62,אף אוזן גרון,תרקומיא,language,עברית,10
2026-07-30T17:38:01,62,אף אוזן גרון,תרקומיא,language,ערבית,4
2026-07-30T17:38:01,62,אף אוזן גרון,תרקומיא,language,רוסית,4
2026-07-30T17:38:08,63,נשים,א לובאן,gender,גבר,10
2026-07-30T17:38:08,63,נשים,א לובאן,gender,אישה,15
2026-07-30T17:38:08,63,נשים,א לובאן,visit_type,ביקור במרפאה,29
2026-07-30T17:38:08,63,נשים,א לובאן,language,איטלקית,4
2026-07-30T17:38:08,63,נשים,א לובאן,language,אנגלית,12
2026-07-30T17:38:08,63,נשים,א לובאן,language,ספרדית,1
2026-07-30T17:38:08,63,נשים,א לובאן,language,עברית,24
2026-07-30T17:38:08,63,נשים,א לובאן,language,ערבית,1
2026-07-30T17:38:08,63,נשים,א לובאן,language,צרפתית,2
2026-07-30T17:38:08,63,נשים,א לובאן,language,רומנית,4
2026-07-30T17:38:08,63,נשים,א לובאן,language,רוסית,2
2026-07-30T17:38:14,63,נשים,אבו כף אום בטין,gender,גבר,43
2026-07-30T17:38:14,63,נשים,אבו כף אום בטין,gender,אישה,67
2026-07-30T17:38:14,63,נשים,אבו כף אום בטין,visit_type,ביקור במרפאה,112
2026-07-30T17:38:14,63,נשים,אבו כף אום בטין,language,אידיש,3
2026-07-30T17:38:14,63,נשים,אבו כף אום בטין,language,אנגלית,21
2026-07-30T17:38:14,63,נשים,אבו כף אום בטין,language,ליטאית,1
2026-07-30T17:38:14,63,נשים,אבו כף אום בטין,language,סינית,1
2026-07-30T17:38:14,63,נשים,אבו כף אום בטין,language,עברית,9
2026-07-30T17:38:14,63,נשים,אבו כף אום בטין,language,ערבית,4
2026-07-30T17:38:14,63,נשים,אבו כף אום בטין,language,רוסית,19
2026-07-30T17:38:32,63,נשים,אדמית,gender,גבר,23
2026-07-30T17:38:32,63,נשים,אדמית,gender,אישה,64
2026-07-30T17:38:32,63,נשים,אדמית,visit_type,ביקור במרפאה,88
2026-07-30T17:38:32,63,נשים,אדמית,visit_type,שיחת טלפון,2
2026-07-30T17:38:32,63,נשים,אדמית,language,איטלקית,4
2026-07-30T17:38:32,63,נשים,אדמית,language,אנגלית,56
2026-07-30T17:38:32,63,נשים,אדמית,language,ספרדית,1
2026-07-30T17:38:32,63,נשים,אדמית,language,עברית,85
2026-07-30T17:38:32,63,נשים,אדמית,language,ערבית,64
2026-07-30T17:38:32,63,נשים,אדמית,language,רומנית,4
2026-07-30T17:38:32,63,נשים,אדמית,language,רוסית,15
2026-07-30T17:38:48,63,נשים,אום אל קוטוף,gender,גבר,62
2026-07-30T17:38:48,63,נשים,אום אל קוטוף,gender,אישה,138
2026-07-30T17:38:48,63,נשים,אום אל קוטוף,visit_type,ביקור במרפאה,203
2026-07-30T17:38:48,63,נשים,אום אל קוטוף,visit_type,שיחת טלפון,2
2026-07-30T17:38:48,63,נשים,אום אל קוטוף,language,אידיש,1
2026-07-30T17:38:48,63,נשים,אום אל קוטוף,language,איטלקית,1
2026-07-30T17:38:48,63,נשים,אום אל קוטוף,language,אנגלית,38
2026-07-30T17:38:48,63,נשים,אום אל קוטוף,language,גרמנית,1
2026-07-30T17:38:48,63,נשים,אום אל קוטוף,language,הונגרית,1
2026-07-30T17:38:48,63,נשים,אום אל קוטוף,language,עברית,63
2026-07-30T17:38:48,63,נשים,אום אל קוטוף,language,ערבית,28
2026-07-30T17:38:48,63,נשים,אום אל קוטוף,language,צרפתית,2
2026-07-30T17:38:48,63,נשים,אום אל קוטוף,language,רומנית,3
2026-07-30T17:38:48,63,נשים,אום אל קוטוף,language,רוסית,15
2026-07-30T17:39:10,63,נשים,אחיהוד,gender,גבר,37
2026-07-30T17:39:10,63,נשים,אחיהוד,gender,אישה,82
2026-07-30T17:39:10,63,נשים,אחיהוד,visit_type,ביקור במרפאה,120
2026-07-30T17:39:10,63,נשים,אחיהוד,visit_type,שיחת טלפון,2
2026-07-30T17:39:10,63,נשים,אחיהוד,language,אידיש,1
2026-07-30T17:39:10,63,נשים,אחיהוד,language,איטלקית,4
2026-07-30T17:39:10,63,נשים,אחיהוד,language,אנגלית,75
2026-07-30T17:39:10,63,נשים,אחיהוד,language,ספרדית,1
2026-07-30T17:39:10,63,נשים,אחיהוד,language,עברית,115
2026-07-30T17:39:10,63,נשים,אחיהוד,language,ערבית,74
2026-07-30T17:39:10,63,נשים,אחיהוד,language,צרפתית,2
2026-07-30T17:39:10,63,נשים,אחיהוד,language,רומנית,6
2026-07-30T17:39:10,63,נשים,אחיהוד,language,רוסית,24
2026-07-30T17:39:10,63,נשים,אחיהוד,language,שוודית,1
2026-07-30T17:39:30,63,נשים,איכתאבא,gender,גבר,47
2026-07-30T17:39:30,63,נשים,איכתאבא,gender,אישה,92
2026-07-30T17:39:30,63,נשים,איכתאבא,visit_type,ביקור במרפאה,142
2026-07-30T17:39:30,63,נשים,איכתאבא,visit_type,שיחת טלפון,2
2026-07-30T17:39:30,63,נשים,איכתאבא,language,אידיש,1
2026-07-30T17:39:30,63,נשים,איכתאבא,language,אנגלית,18
2026-07-30T17:39:30,63,נשים,איכתאבא,language,גרמנית,1
2026-07-30T17:39:30,63,נשים,איכתאבא,language,עברית,32
2026-07-30T17:39:30,63,נשים,איכתאבא,language,ערבית,8
2026-07-30T17:39:30,63,נשים,איכתאבא,language,צרפתית,2
2026-07-30T17:39:30,63,נשים,איכתאבא,language,רומנית,2
2026-07-30T17:39:30,63,נשים,איכתאבא,language,רוסית,11
2026-07-30T17:39:52,63,נשים,אל חדב,gender,גבר,68
2026-07-30T17:39:52,63,נשים,אל חדב,gender,אישה,86
2026-07-30T17:39:52,63,נשים,אל חדב,visit_type,ביקור במרפאה,156
2026-07-30T17:39:52,63,נשים,אל חדב,visit_type,שיחת טלפון,1
2026-07-30T17:39:52,63,נשים,אל חדב,language,אידיש,4
2026-07-30T17:39:52,63,נשים,אל חדב,language,אנגלית,22
2026-07-30T17:39:52,63,נשים,אל חדב,language,גרמנית,1
2026-07-30T17:39:52,63,נשים,אל חדב,language,ליטאית,1
2026-07-30T17:39:52,63,נשים,אל חדב,language,סינית,1
2026-07-30T17:39:52,63,נשים,אל חדב,language,עברית,14
2026-07-30T17:39:52,63,נשים,אל חדב,language,ערבית,4
2026-07-30T17:39:52,63,נשים,אל חדב,language,רוסית,22
2026-07-30T17:40:14,63,נשים,אניעם,gender,גבר,29
2026-07-30T17:40:14,63,נשים,אניעם,gender,אישה,58
2026-07-30T17:40:14,63,נשים,אניעם,visit_type,ביקור במרפאה,87
2026-07-30T17:40:14,63,נשים,אניעם,language,אנגלית,9
2026-07-30T17:40:14,63,נשים,אניעם,language,עברית,13
2026-07-30T17:40:14,63,נשים,אניעם,language,ערבית,4
2026-07-30T17:40:14,63,נשים,אניעם,language,רוסית,3
2026-07-30T17:40:26,63,נשים,ארגמן,gender,גבר,47
2026-07-30T17:40:26,63,נשים,ארגמן,gender,אישה,79
2026-07-30T17:40:26,63,נשים,ארגמן,visit_type,ביקור במרפאה,131
2026-07-30T17:40:26,63,נשים,ארגמן,visit_type,שיחת טלפון,16
2026-07-30T17:40:26,63,נשים,ארגמן,visit_type,שיחת וידאו,1
2026-07-30T17:40:26,63,נשים,ארגמן,language,אידיש,2
2026-07-30T17:40:26,63,נשים,ארגמן,language,אנגלית,20
2026-07-30T17:40:26,63,נשים,ארגמן,language,עברית,24
2026-07-30T17:40:26,63,נשים,ארגמן,language,ערבית,3
2026-07-30T17:40:26,63,נשים,ארגמן,language,צרפתית,2
2026-07-30T17:40:26,63,נשים,ארגמן,language,רוסית,3
2026-07-30T17:40:46,63,נשים,אשחר,gender,גבר,37
2026-07-30T17:40:46,63,נשים,אשחר,gender,אישה,82
2026-07-30T17:40:46,63,נשים,אשחר,visit_type,ביקור במרפאה,120
2026-07-30T17:40:46,63,נשים,אשחר,visit_type,שיחת טלפון,2
2026-07-30T17:40:46,63,נשים,אשחר,language,אידיש,1
2026-07-30T17:40:46,63,נשים,אשחר,language,איטלקית,4
2026-07-30T17:40:46,63,נשים,אשחר,language,אנגלית,75
2026-07-30T17:40:46,63,נשים,אשחר,language,ספרדית,1
2026-07-30T17:40:46,63,נשים,אשחר,language,עברית,115
2026-07-30T17:40:46,63,נשים,אשחר,language,ערבית,74
2026-07-30T17:40:46,63,נשים,אשחר,language,צרפתית,2
2026-07-30T17:40:46,63,נשים,אשחר,language,רומנית,6
2026-07-30T17:40:46,63,נשים,אשחר,language,רוסית,24
2026-07-30T17:40:46,63,נשים,אשחר,language,שוודית,1
2026-07-30T17:41:06,63,נשים,באר טוביה,gender,גבר,28
2026-07-30T17:41:06,63,נשים,באר טוביה,gender,אישה,31
2026-07-30T17:41:06,63,נשים,באר טוביה,visit_type,ביקור במרפאה,63
2026-07-30T17:41:06,63,נשים,באר טוביה,language,אוקראינית,2
2026-07-30T17:41:06,63,נשים,באר טוביה,language,איטלקית,1
2026-07-30T17:41:06,63,נשים,באר טוביה,language,אנגלית,13
2026-07-30T17:41:06,63,נשים,באר טוביה,language,גרוזינית,1
2026-07-30T17:41:06,63,נשים,באר טוביה,language,הונגרית,1
2026-07-30T17:41:06,63,נשים,באר טוביה,language,ספרדית,1
2026-07-30T17:41:06,63,נשים,באר טוביה,language,עברית,20
2026-07-30T17:41:06,63,נשים,באר טוביה,language,צרפתית,2
2026-07-30T17:41:06,63,נשים,באר טוביה,language,רוסית,10
2026-07-30T17:41:17,63,נשים,בורגתה,gender,גבר,47
2026-07-30T17:41:17,63,נשים,בורגתה,gender,אישה,92
2026-07-30T17:41:17,63,נשים,בורגתה,visit_type,ביקור במרפאה,142
2026-07-30T17:41:17,63,נשים,בורגתה,visit_type,שיחת טלפון,2
2026-07-30T17:41:17,63,נשים,בורגתה,language,אידיש,1
2026-07-30T17:41:17,63,נשים,בורגתה,language,אנגלית,18
2026-07-30T17:41:17,63,נשים,בורגתה,language,גרמנית,1
2026-07-30T17:41:17,63,נשים,בורגתה,language,עברית,32
2026-07-30T17:41:17,63,נשים,בורגתה,language,ערבית,8
2026-07-30T17:41:17,63,נשים,בורגתה,language,צרפתית,2
2026-07-30T17:41:17,63,נשים,בורגתה,language,רומנית,2
2026-07-30T17:41:17,63,נשים,בורגתה,language,רוסית,11
2026-07-30T17:41:38,63,נשים,בידיה,gender,גבר,10
2026-07-30T17:41:38,63,נשים,בידיה,gender,אישה,15
2026-07-30T17:41:38,63,נשים,בידיה,visit_type,ביקור במרפאה,29
2026-07-30T17:41:38,63,נשים,בידיה,language,איטלקית,4
2026-07-30T17:41:38,63,נשים,בידיה,language,אנגלית,12
2026-07-30T17:41:38,63,נשים,בידיה,language,ספרדית,1
2026-07-30T17:41:38,63,נשים,בידיה,language,עברית,24
2026-07-30T17:41:38,63,נשים,בידיה,language,ערבית,1
2026-07-30T17:41:38,63,נשים,בידיה,language,צרפתית,2
2026-07-30T17:41:38,63,נשים,בידיה,language,רומנית,4
2026-07-30T17:41:38,63,נשים,בידיה,language,רוסית,2
2026-07-30T17:41:45,63,נשים,בלפוריה,gender,גבר,48
2026-07-30T17:41:45,63,נשים,בלפוריה,gender,אישה,127
2026-07-30T17:41:45,63,נשים,בלפוריה,visit_type,ביקור במרפאה,176
2026-07-30T17:41:45,63,נשים,בלפוריה,visit_type,שיחת טלפון,1
2026-07-30T17:41:45,63,נשים,בלפוריה,language,איטלקית,1
2026-07-30T17:41:45,63,נשים,בלפוריה,language,אנגלית,29
2026-07-30T17:41:45,63,נשים,בלפוריה,language,הונגרית,1
2026-07-30T17:41:45,63,נשים,בלפוריה,language,עברית,50
2026-07-30T17:41:45,63,נשים,בלפוריה,language,ערבית,28
2026-07-30T17:41:45,63,נשים,בלפוריה,language,רומנית,1
2026-07-30T17:41:45,63,נשים,בלפוריה,language,רוסית,11
2026-07-30T17:42:05,63,נשים,בני עי''ש,gender,גבר,28
2026-07-30T17:42:05,63,נשים,בני עי''ש,gender,אישה,31
2026-07-30T17:42:05,63,נשים,בני עי''ש,visit_type,ביקור במרפאה,63
2026-07-30T17:42:05,63,נשים,בני עי''ש,language,אוקראינית,2
2026-07-30T17:42:05,63,נשים,בני עי''ש,language,איטלקית,1
2026-07-30T17:42:05,63,נשים,בני עי''ש,language,אנגלית,13
2026-07-30T17:42:05,63,נשים,בני עי''ש,language,גרוזינית,1
2026-07-30T17:42:05,63,נשים,בני עי''ש,language,הונגרית,1
2026-07-30T17:42:05,63,נשים,בני עי''ש,language,ספרדית,1
2026-07-30T17:42:05,63,נשים,בני עי''ש,language,עברית,20
2026-07-30T17:42:05,63,נשים,בני עי''ש,language,צרפתית,2
2026-07-30T17:42:05,63,נשים,בני עי''ש,language,רוסית,10
2026-07-30T17:42:16,63,נשים,ברדלה,gender,גבר,47
2026-07-30T17:42:16,63,נשים,ברדלה,gender,אישה,79
2026-07-30T17:42:16,63,נשים,ברדלה,visit_type,ביקור במרפאה,131
2026-07-30T17:42:16,63,נשים,ברדלה,visit_type,שיחת טלפון,16
2026-07-30T17:42:16,63,נשים,ברדלה,visit_type,שיחת וידאו,1
2026-07-30T17:42:16,63,נשים,ברדלה,language,אידיש,2
2026-07-30T17:42:16,63,נשים,ברדלה,language,אנגלית,20
2026-07-30T17:42:16,63,נשים,ברדלה,language,עברית,24
2026-07-30T17:42:16,63,נשים,ברדלה,language,ערבית,3
2026-07-30T17:42:16,63,נשים,ברדלה,language,צרפתית,2
2026-07-30T17:42:16,63,נשים,ברדלה,language,רוסית,3
2026-07-30T17:42:35,63,נשים,בת ים,gender,גבר,48
2026-07-30T17:42:35,63,נשים,בת ים,gender,אישה,50
2026-07-30T17:42:35,63,נשים,בת ים,visit_type,ביקור במרפאה,99
2026-07-30T17:42:35,63,נשים,בת ים,language,אוקראינית,2
2026-07-30T17:42:35,63,נשים,בת ים,language,איטלקית,2
2026-07-30T17:42:35,63,נשים,בת ים,language,אנגלית,28
2026-07-30T17:42:35,63,נשים,בת ים,language,גרמנית,1
2026-07-30T17:42:35,63,נשים,בת ים,language,ספרדית,3
2026-07-30T17:42:35,63,נשים,בת ים,language,עברית,46
2026-07-30T17:42:35,63,נשים,בת ים,language,ערבית,1
2026-07-30T17:42:35,63,נשים,בת ים,language,צרפתית,1
2026-07-30T17:42:35,63,נשים,בת ים,language,רוסית,11
2026-07-30T17:42:52,63,נשים,גאליה,gender,גבר,63
2026-07-30T17:42:52,63,נשים,גאליה,gender,אישה,70
2026-07-30T17:42:52,63,נשים,גאליה,visit_type,ביקור במרפאה,138
2026-07-30T17:42:52,63,נשים,גאליה,language,אוקראינית,3
2026-07-30T17:42:52,63,נשים,גאליה,language,אידיש,1
2026-07-30T17:42:52,63,נשים,גאליה,language,איטלקית,2
2026-07-30T17:42:52,63,נשים,גאליה,language,אנגלית,29
2026-07-30T17:42:52,63,נשים,גאליה,language,גרוזינית,1
2026-07-30T17:42:52,63,נשים,גאליה,language,הונגרית,2
2026-07-30T17:42:52,63,נשים,גאליה,language,ספרדית,2
2026-07-30T17:42:52,63,נשים,גאליה,language,עברית,48
2026-07-30T17:42:52,63,נשים,גאליה,language,צרפתית,2
2026-07-30T17:42:52,63,נשים,גאליה,language,רוסית,20
2026-07-30T17:43:12,63,נשים,גבעות עדן,gender,גבר,47
2026-07-30T17:43:12,63,נשים,גבעות עדן,gender,אישה,79
2026-07-30T17:43:12,63,נשים,גבעות עדן,visit_type,ביקור במרפאה,131
2026-07-30T17:43:12,63,נשים,גבעות עדן,visit_type,שיחת טלפון,16
2026-07-30T17:43:12,63,נשים,גבעות עדן,visit_type,שיחת וידאו,1
2026-07-30T17:43:12,63,נשים,גבעות עדן,language,אידיש,2
2026-07-30T17:43:12,63,נשים,גבעות עדן,language,אנגלית,20
2026-07-30T17:43:12,63,נשים,גבעות עדן,language,עברית,24
2026-07-30T17:43:12,63,נשים,גבעות עדן,language,ערבית,3
2026-07-30T17:43:12,63,נשים,גבעות עדן,language,צרפתית,2
2026-07-30T17:43:12,63,נשים,גבעות עדן,language,רוסית,3
2026-07-30T17:43:31,63,נשים,גיאה,gender,גבר,47
2026-07-30T17:43:31,63,נשים,גיאה,gender,אישה,61
2026-07-30T17:43:31,63,נשים,גיאה,visit_type,ביקור במרפאה,108
2026-07-30T17:43:31,63,נשים,גיאה,visit_type,שיחת טלפון,1
2026-07-30T17:43:31,63,נשים,גיאה,language,אידיש,4
2026-07-30T17:43:31,63,נשים,גיאה,language,אנגלית,13
2026-07-30T17:43:31,63,נשים,גיאה,language,גרמנית,1
2026-07-30T17:43:31,63,נשים,גיאה,language,ליטאית,1
2026-07-30T17:43:31,63,נשים,גיאה,language,סינית,1
2026-07-30T17:43:31,63,נשים,גיאה,language,עברית,8
2026-07-30T17:43:31,63,נשים,גיאה,language,ערבית,3
2026-07-30T17:43:31,63,נשים,גיאה,language,רוסית,14
2026-07-30T17:43:48,63,נשים,גלאון,gender,גבר,47
2026-07-30T17:43:48,63,נשים,גלאון,gender,אישה,61
2026-07-30T17:43:48,63,נשים,גלאון,visit_type,ביקור במרפאה,108
2026-07-30T17:43:48,63,נשים,גלאון,visit_type,שיחת טלפון,1
2026-07-30T17:43:48,63,נשים,גלאון,language,אידיש,4
2026-07-30T17:43:48,63,נשים,גלאון,language,אנגלית,13
2026-07-30T17:43:48,63,נשים,גלאון,language,גרמנית,1
2026-07-30T17:43:48,63,נשים,גלאון,language,ליטאית,1
2026-07-30T17:43:48,63,נשים,גלאון,language,סינית,1
2026-07-30T17:43:48,63,נשים,גלאון,language,עברית,8
2026-07-30T17:43:48,63,נשים,גלאון,language,ערבית,3
2026-07-30T17:43:48,63,נשים,גלאון,language,רוסית,14
2026-07-30T17:44:05,63,נשים,גני מודיעין,gender,גבר,52
2026-07-30T17:44:05,63,נשים,גני מודיעין,gender,אישה,56
2026-07-30T17:44:05,63,נשים,גני מודיעין,visit_type,ביקור במרפאה,113
2026-07-30T17:44:05,63,נשים,גני מודיעין,language,אוקראינית,3
2026-07-30T17:44:05,63,נשים,גני מודיעין,language,אידיש,1
2026-07-30T17:44:05,63,נשים,גני מודיעין,language,איטלקית,2
2026-07-30T17:44:05,63,נשים,גני מודיעין,language,אנגלית,26
2026-07-30T17:44:05,63,נשים,גני מודיעין,language,גרוזינית,1
2026-07-30T17:44:05,63,נשים,גני מודיעין,language,הונגרית,2
2026-07-30T17:44:05,63,נשים,גני מודיעין,language,ספרדית,1
2026-07-30T17:44:05,63,נשים,גני מודיעין,language,עברית,37
2026-07-30T17:44:05,63,נשים,גני מודיעין,language,צרפתית,2
2026-07-30T17:44:05,63,נשים,גני מודיעין,language,רוסית,17
2026-07-30T17:44:22,63,נשים,גת,gender,גבר,47
2026-07-30T17:44:22,63,נשים,גת,gender,אישה,61
2026-07-30T17:44:22,63,נשים,גת,visit_type,ביקור במרפאה,108
2026-07-30T17:44:22,63,נשים,גת,visit_type,שיחת טלפון,1
2026-07-30T17:44:22,63,נשים,גת,language,אידיש,4
2026-07-30T17:44:22,63,נשים,גת,language,אנגלית,13
2026-07-30T17:44:22,63,נשים,גת,language,גרמנית,1
2026-07-30T17:44:22,63,נשים,גת,language,ליטאית,1
2026-07-30T17:44:22,63,נשים,גת,language,סינית,1
2026-07-30T17:44:22,63,נשים,גת,language,עברית,8
2026-07-30T17:44:22,63,נשים,גת,language,ערבית,3
2026-07-30T17:44:22,63,נשים,גת,language,רוסית,14
2026-07-30T17:44:41,63,נשים,דהרייה,gender,גבר,68
2026-07-30T17:44:41,63,נשים,דהרייה,gender,אישה,86
2026-07-30T17:44:41,63,נשים,דהרייה,visit_type,ביקור במרפאה,156
2026-07-30T17:44:41,63,נשים,דהרייה,visit_type,שיחת טלפון,1
2026-07-30T17:44:41,63,נשים,דהרייה,language,אידיש,4
2026-07-30T17:44:41,63,נשים,דהרייה,language,אנגלית,22
2026-07-30T17:44:41,63,נשים,דהרייה,language,גרמנית,1
2026-07-30T17:44:41,63,נשים,דהרייה,language,ליטאית,1
2026-07-30T17:44:41,63,נשים,דהרייה,language,סינית,1
2026-07-30T17:44:41,63,נשים,דהרייה,language,עברית,14
2026-07-30T17:44:41,63,נשים,דהרייה,language,ערבית,4
2026-07-30T17:44:41,63,נשים,דהרייה,language,רוסית,22
2026-07-30T17:45:02,63,נשים,דייר אל אסד,gender,גבר,47
2026-07-30T17:45:02,63,נשים,דייר אל אסד,gender,אישה,127
2026-07-30T17:45:02,63,נשים,דייר אל אסד,visit_type,ביקור במרפאה,175
2026-07-30T17:45:02,63,נשים,דייר אל אסד,visit_type,שיחת טלפון,2
2026-07-30T17:45:02,63,נשים,דייר אל אסד,language,אידיש,1
2026-07-30T17:45:02,63,נשים,דייר אל אסד,language,איטלקית,7
2026-07-30T17:45:02,63,נשים,דייר אל אסד,language,אנגלית,116
2026-07-30T17:45:02,63,נשים,דייר אל אסד,language,הונגרית,3
2026-07-30T17:45:02,63,נשים,דייר אל אסד,language,ספרדית,1
2026-07-30T17:45:02,63,נשים,דייר אל אסד,language,עברית,169
2026-07-30T17:45:02,63,נשים,דייר אל אסד,language,ערבית,98
2026-07-30T17:45:02,63,נשים,דייר אל אסד,language,צרפתית,5
2026-07-30T17:45:02,63,נשים,דייר אל אסד,language,רומנית,9
2026-07-30T17:45:02,63,נשים,דייר אל אסד,language,רוסית,34
2026-07-30T17:45:02,63,נשים,דייר אל אסד,language,שוודית,1
2026-07-30T17:45:26,63,נשים,דליה,gender,אישה,136
2026-07-30T17:45:26,63,נשים,דליה,gender,גבר,48
2026-07-30T17:45:26,63,נשים,דליה,visit_type,ביקור במרפאה,185
2026-07-30T17:45:26,63,נשים,דליה,visit_type,שיחת טלפון,1
2026-07-30T17:45:26,63,נשים,דליה,language,אידיש,1
2026-07-30T17:45:26,63,נשים,דליה,language,איטלקית,3
2026-07-30T17:45:26,63,נשים,דליה,language,אנגלית,68
2026-07-30T17:45:26,63,נשים,דליה,language,הונגרית,3
2026-07-30T17:45:26,63,נשים,דליה,language,עברית,100
2026-07-30T17:45:26,63,נשים,דליה,language,ערבית,40
2026-07-30T17:45:26,63,נשים,דליה,language,צרפתית,5
2026-07-30T17:45:26,63,נשים,דליה,language,רומנית,5
2026-07-30T17:45:26,63,נשים,דליה,language,רוסית,27
2026-07-30T17:45:26,63,נשים,דליה,language,שוודית,1
2026-07-30T17:45:46,63,נשים,הגושרים,gender,גבר,29
2026-07-30T17:45:46,63,נשים,הגושרים,gender,אישה,58
2026-07-30T17:45:46,63,נשים,הגושרים,visit_type,ביקור במרפאה,87
2026-07-30T17:45:46,63,נשים,הגושרים,language,אנגלית,9
2026-07-30T17:45:46,63,נשים,הגושרים,language,עברית,13
2026-07-30T17:45:46,63,נשים,הגושרים,language,ערבית,4
2026-07-30T17:45:46,63,נשים,הגושרים,language,רוסית,3
2026-07-30T17:46:02,63,נשים,החותרים,gender,אישה,136
2026-07-30T17:46:02,63,נשים,החותרים,gender,גבר,48
2026-07-30T17:46:02,63,נשים,החותרים,visit_type,ביקור במרפאה,185
2026-07-30T17:46:02,63,נשים,החותרים,visit_type,שיחת טלפון,1
2026-07-30T17:46:02,63,נשים,החותרים,language,אידיש,1
2026-07-30T17:46:02,63,נשים,החותרים,language,איטלקית,3
2026-07-30T17:46:02,63,נשים,החותרים,language,אנגלית,68
2026-07-30T17:46:02,63,נשים,החותרים,language,הונגרית,3
2026-07-30T17:46:02,63,נשים,החותרים,language,עברית,100
2026-07-30T17:46:02,63,נשים,החותרים,language,ערבית,40
2026-07-30T17:46:02,63,נשים,החותרים,language,צרפתית,5
2026-07-30T17:46:02,63,נשים,החותרים,language,רומנית,5
2026-07-30T17:46:02,63,נשים,החותרים,language,רוסית,27
2026-07-30T17:46:02,63,נשים,החותרים,language,שוודית,1
2026-07-30T17:46:22,63,נשים,הראל,gender,גבר,47
2026-07-30T17:46:22,63,נשים,הראל,gender,אישה,79
2026-07-30T17:46:22,63,נשים,הראל,visit_type,ביקור במרפאה,131
2026-07-30T17:46:22,63,נשים,הראל,visit_type,שיחת טלפון,16
2026-07-30T17:46:22,63,נשים,הראל,visit_type,שיחת וידאו,1
2026-07-30T17:46:22,63,נשים,הראל,language,אידיש,2
2026-07-30T17:46:22,63,נשים,הראל,language,אנגלית,20
2026-07-30T17:46:22,63,נשים,הראל,language,עברית,24
2026-07-30T17:46:22,63,נשים,הראל,language,ערבית,3
2026-07-30T17:46:22,63,נשים,הראל,language,צרפתית,2
2026-07-30T17:46:22,63,נשים,הראל,language,רוסית,3
2026-07-30T17:46:42,63,נשים,זבארגה,gender,גבר,43
2026-07-30T17:46:42,63,נשים,זבארגה,gender,אישה,67
2026-07-30T17:46:42,63,נשים,זבארגה,visit_type,ביקור במרפאה,112
2026-07-30T17:46:42,63,נשים,זבארגה,language,אידיש,3
2026-07-30T17:46:42,63,נשים,זבארגה,language,אנגלית,21
2026-07-30T17:46:42,63,נשים,זבארגה,language,ליטאית,1
2026-07-30T17:46:42,63,נשים,זבארגה,language,סינית,1
2026-07-30T17:46:42,63,נשים,זבארגה,language,עברית,9
2026-07-30T17:46:42,63,נשים,זבארגה,language,ערבית,4
2026-07-30T17:46:42,63,נשים,זבארגה,language,רוסית,19
2026-07-30T17:47:02,63,נשים,זכרון יעקב,gender,אישה,138
2026-07-30T17:47:02,63,נשים,זכרון יעקב,gender,גבר,62
2026-07-30T17:47:02,63,נשים,זכרון יעקב,visit_type,ביקור במרפאה,203
2026-07-30T17:47:02,63,נשים,זכרון יעקב,visit_type,שיחת טלפון,2
2026-07-30T17:47:02,63,נשים,זכרון יעקב,language,אידיש,1
2026-07-30T17:47:02,63,נשים,זכרון יעקב,language,איטלקית,1
2026-07-30T17:47:02,63,נשים,זכרון יעקב,language,אנגלית,38
2026-07-30T17:47:02,63,נשים,זכרון יעקב,language,גרמנית,1
2026-07-30T17:47:02,63,נשים,זכרון יעקב,language,הונגרית,1
2026-07-30T17:47:02,63,נשים,זכרון יעקב,language,עברית,63
2026-07-30T17:47:02,63,נשים,זכרון יעקב,language,ערבית,28
2026-07-30T17:47:02,63,נשים,זכרון יעקב,language,צרפתית,2
2026-07-30T17:47:02,63,נשים,זכרון יעקב,language,רומנית,3
2026-07-30T17:47:02,63,נשים,זכרון יעקב,language,רוסית,15
2026-07-30T17:47:23,63,נשים,ח'אן יונס,gender,גבר,68
2026-07-30T17:47:23,63,נשים,ח'אן יונס,gender,אישה,86
2026-07-30T17:47:23,63,נשים,ח'אן יונס,visit_type,ביקור במרפאה,156
2026-07-30T17:47:23,63,נשים,ח'אן יונס,visit_type,שיחת טלפון,1
2026-07-30T17:47:23,63,נשים,ח'אן יונס,language,אידיש,4
2026-07-30T17:47:23,63,נשים,ח'אן יונס,language,אנגלית,22
2026-07-30T17:47:23,63,נשים,ח'אן יונס,language,גרמנית,1
2026-07-30T17:47:23,63,נשים,ח'אן יונס,language,ליטאית,1
2026-07-30T17:47:23,63,נשים,ח'אן יונס,language,סינית,1
2026-07-30T17:47:23,63,נשים,ח'אן יונס,language,עברית,14
2026-07-30T17:47:23,63,נשים,ח'אן יונס,language,ערבית,4
2026-07-30T17:47:23,63,נשים,ח'אן יונס,language,רוסית,22
2026-07-30T17:47:43,63,נשים,חד נס,gender,גבר,29
2026-07-30T17:47:43,63,נשים,חד נס,gender,אישה,58
2026-07-30T17:47:43,63,נשים,חד נס,visit_type,ביקור במרפאה,87
2026-07-30T17:47:43,63,נשים,חד נס,language,אנגלית,9
2026-07-30T17:47:43,63,נשים,חד נס,language,עברית,13
2026-07-30T17:47:43,63,נשים,חד נס,language,ערבית,4
2026-07-30T17:47:43,63,נשים,חד נס,language,רוסית,3
2026-07-30T17:47:59,63,נשים,חוסנייה,gender,גבר,37
2026-07-30T17:47:59,63,נשים,חוסנייה,gender,אישה,82
2026-07-30T17:47:59,63,נשים,חוסנייה,visit_type,ביקור במרפאה,120
2026-07-30T17:47:59,63,נשים,חוסנייה,visit_type,שיחת טלפון,2
2026-07-30T17:47:59,63,נשים,חוסנייה,language,אידיש,1
2026-07-30T17:47:59,63,נשים,חוסנייה,language,איטלקית,4
2026-07-30T17:47:59,63,נשים,חוסנייה,language,אנגלית,75
2026-07-30T17:47:59,63,נשים,חוסנייה,language,ספרדית,1
2026-07-30T17:47:59,63,נשים,חוסנייה,language,עברית,115
2026-07-30T17:47:59,63,נשים,חוסנייה,language,ערבית,74
2026-07-30T17:47:59,63,נשים,חוסנייה,language,צרפתית,2
2026-07-30T17:47:59,63,נשים,חוסנייה,language,רומנית,6
2026-07-30T17:47:59,63,נשים,חוסנייה,language,רוסית,24
2026-07-30T17:47:59,63,נשים,חוסנייה,language,שוודית,1
2026-07-30T17:48:18,63,נשים,חלץ,gender,גבר,47
2026-07-30T17:48:18,63,נשים,חלץ,gender,אישה,61
2026-07-30T17:48:18,63,נשים,חלץ,visit_type,ביקור במרפאה,108
2026-07-30T17:48:18,63,נשים,חלץ,visit_type,שיחת טלפון,1
2026-07-30T17:48:18,63,נשים,חלץ,language,אידיש,4
2026-07-30T17:48:18,63,נשים,חלץ,language,אנגלית,13
2026-07-30T17:48:18,63,נשים,חלץ,language,גרמנית,1
2026-07-30T17:48:18,63,נשים,חלץ,language,ליטאית,1
2026-07-30T17:48:18,63,נשים,חלץ,language,סינית,1
2026-07-30T17:48:18,63,נשים,חלץ,language,עברית,8
2026-07-30T17:48:18,63,נשים,חלץ,language,ערבית,3
2026-07-30T17:48:18,63,נשים,חלץ,language,רוסית,14
2026-07-30T17:48:34,63,נשים,חפץ חיים,gender,גבר,28
2026-07-30T17:48:34,63,נשים,חפץ חיים,gender,אישה,31
2026-07-30T17:48:34,63,נשים,חפץ חיים,visit_type,ביקור במרפאה,63
2026-07-30T17:48:34,63,נשים,חפץ חיים,language,אוקראינית,2
2026-07-30T17:48:34,63,נשים,חפץ חיים,language,איטלקית,1
2026-07-30T17:48:34,63,נשים,חפץ חיים,language,אנגלית,13
2026-07-30T17:48:34,63,נשים,חפץ חיים,language,גרוזינית,1
2026-07-30T17:48:34,63,נשים,חפץ חיים,language,הונגרית,1
2026-07-30T17:48:34,63,נשים,חפץ חיים,language,ספרדית,1
2026-07-30T17:48:34,63,נשים,חפץ חיים,language,עברית,20
2026-07-30T17:48:34,63,נשים,חפץ חיים,language,צרפתית,2
2026-07-30T17:48:34,63,נשים,חפץ חיים,language,רוסית,10
2026-07-30T17:48:48,63,נשים,חריש,gender,גבר,62
2026-07-30T17:48:48,63,נשים,חריש,gender,אישה,138
2026-07-30T17:48:48,63,נשים,חריש,visit_type,ביקור במרפאה,203
2026-07-30T17:48:48,63,נשים,חריש,visit_type,שיחת טלפון,2
2026-07-30T17:48:48,63,נשים,חריש,language,אידיש,1
2026-07-30T17:48:48,63,נשים,חריש,language,איטלקית,1
2026-07-30T17:48:48,63,נשים,חריש,language,אנגלית,38
2026-07-30T17:48:48,63,נשים,חריש,language,גרמנית,1
2026-07-30T17:48:48,63,נשים,חריש,language,הונגרית,1
2026-07-30T17:48:48,63,נשים,חריש,language,עברית,63
2026-07-30T17:48:48,63,נשים,חריש,language,ערבית,28
2026-07-30T17:48:48,63,נשים,חריש,language,צרפתית,2
2026-07-30T17:48:48,63,נשים,חריש,language,רומנית,3
2026-07-30T17:48:48,63,נשים,חריש,language,רוסית,15
2026-07-30T17:49:10,63,נשים,טייבה,gender,אישה,92
2026-07-30T17:49:10,63,נשים,טייבה,gender,גבר,47
2026-07-30T17:49:10,63,נשים,טייבה,visit_type,ביקור במרפאה,142
2026-07-30T17:49:10,63,נשים,טייבה,visit_type,שיחת טלפון,2
2026-07-30T17:49:10,63,נשים,טייבה,language,אידיש,1
2026-07-30T17:49:10,63,נשים,טייבה,language,אנגלית,18
2026-07-30T17:49:10,63,נשים,טייבה,language,גרמנית,1
2026-07-30T17:49:10,63,נשים,טייבה,language,עברית,32
2026-07-30T17:49:10,63,נשים,טייבה,language,ערבית,8
2026-07-30T17:49:10,63,נשים,טייבה,language,צרפתית,2
2026-07-30T17:49:10,63,נשים,טייבה,language,רומנית,2
2026-07-30T17:49:10,63,נשים,טייבה,language,רוסית,11
2026-07-30T17:49:32,63,נשים,טללים,gender,גבר,43
2026-07-30T17:49:32,63,נשים,טללים,gender,אישה,67
2026-07-30T17:49:32,63,נשים,טללים,visit_type,ביקור במרפאה,112
2026-07-30T17:49:32,63,נשים,טללים,language,אידיש,3
2026-07-30T17:49:32,63,נשים,טללים,language,אנגלית,21
2026-07-30T17:49:32,63,נשים,טללים,language,ליטאית,1
2026-07-30T17:49:32,63,נשים,טללים,language,סינית,1
2026-07-30T17:49:32,63,נשים,טללים,language,עברית,9
2026-07-30T17:49:32,63,נשים,טללים,language,ערבית,4
2026-07-30T17:49:32,63,נשים,טללים,language,רוסית,19
2026-07-30T17:49:49,63,נשים,יאסוף,gender,גבר,10
2026-07-30T17:49:49,63,נשים,יאסוף,gender,אישה,15
2026-07-30T17:49:49,63,נשים,יאסוף,visit_type,ביקור במרפאה,29
2026-07-30T17:49:49,63,נשים,יאסוף,language,איטלקית,4
2026-07-30T17:49:49,63,נשים,יאסוף,language,אנגלית,12
2026-07-30T17:49:49,63,נשים,יאסוף,language,ספרדית,1
2026-07-30T17:49:49,63,נשים,יאסוף,language,עברית,24
2026-07-30T17:49:49,63,נשים,יאסוף,language,ערבית,1
2026-07-30T17:49:49,63,נשים,יאסוף,language,צרפתית,2
2026-07-30T17:49:49,63,נשים,יאסוף,language,רומנית,4
2026-07-30T17:49:49,63,נשים,יאסוף,language,רוסית,2
2026-07-30T17:49:55,63,נשים,יד השמונה,gender,גבר,47
2026-07-30T17:49:55,63,נשים,יד השמונה,gender,אישה,79
2026-07-30T17:49:55,63,נשים,יד השמונה,visit_type,ביקור במרפאה,131
2026-07-30T17:49:55,63,נשים,יד השמונה,visit_type,שיחת טלפון,16
2026-07-30T17:49:55,63,נשים,יד השמונה,visit_type,שיחת וידאו,1
2026-07-30T17:49:55,63,נשים,יד השמונה,language,אידיש,2
2026-07-30T17:49:55,63,נשים,יד השמונה,language,אנגלית,20
2026-07-30T17:49:55,63,נשים,יד השמונה,language,עברית,24
2026-07-30T17:49:55,63,נשים,יד השמונה,language,ערבית,3
2026-07-30T17:49:55,63,נשים,יד השמונה,language,צרפתית,2
2026-07-30T17:49:55,63,נשים,יד השמונה,language,רוסית,3
2026-07-30T17:50:17,63,נשים,יודפת,gender,גבר,37
2026-07-30T17:50:17,63,נשים,יודפת,gender,אישה,82
2026-07-30T17:50:17,63,נשים,יודפת,visit_type,ביקור במרפאה,120
2026-07-30T17:50:17,63,נשים,יודפת,visit_type,שיחת טלפון,2
2026-07-30T17:50:17,63,נשים,יודפת,language,אידיש,1
2026-07-30T17:50:17,63,נשים,יודפת,language,איטלקית,4
2026-07-30T17:50:17,63,נשים,יודפת,language,אנגלית,75
2026-07-30T17:50:17,63,נשים,יודפת,language,ספרדית,1
2026-07-30T17:50:17,63,נשים,יודפת,language,עברית,115
2026-07-30T17:50:17,63,נשים,יודפת,language,ערבית,74
2026-07-30T17:50:17,63,נשים,יודפת,language,צרפתית,2
2026-07-30T17:50:17,63,נשים,יודפת,language,רומנית,6
2026-07-30T17:50:17,63,נשים,יודפת,language,רוסית,24
2026-07-30T17:50:17,63,נשים,יודפת,language,שוודית,1
2026-07-30T17:50:35,63,נשים,ינון,gender,גבר,28
2026-07-30T17:50:35,63,נשים,ינון,gender,אישה,31
2026-07-30T17:50:35,63,נשים,ינון,visit_type,ביקור במרפאה,63
2026-07-30T17:50:35,63,נשים,ינון,language,אוקראינית,2
2026-07-30T17:50:35,63,נשים,ינון,language,איטלקית,1
2026-07-30T17:50:35,63,נשים,ינון,language,אנגלית,13
2026-07-30T17:50:35,63,נשים,ינון,language,גרוזינית,1
2026-07-30T17:50:35,63,נשים,ינון,language,הונגרית,1
2026-07-30T17:50:35,63,נשים,ינון,language,ספרדית,1
2026-07-30T17:50:35,63,נשים,ינון,language,עברית,20
2026-07-30T17:50:35,63,נשים,ינון,language,צרפתית,2
2026-07-30T17:50:35,63,נשים,ינון,language,רוסית,10
2026-07-30T17:50:45,63,נשים,יפית,gender,גבר,47
2026-07-30T17:50:45,63,נשים,יפית,gender,אישה,79
2026-07-30T17:50:45,63,נשים,יפית,visit_type,ביקור במרפאה,131
2026-07-30T17:50:45,63,נשים,יפית,visit_type,שיחת טלפון,16
2026-07-30T17:50:45,63,נשים,יפית,visit_type,שיחת וידאו,1
2026-07-30T17:50:45,63,נשים,יפית,language,אידיש,2
2026-07-30T17:50:45,63,נשים,יפית,language,אנגלית,20
2026-07-30T17:50:45,63,נשים,יפית,language,עברית,24
2026-07-30T17:50:45,63,נשים,יפית,language,ערבית,3
2026-07-30T17:50:45,63,נשים,יפית,language,צרפתית,2
2026-07-30T17:50:45,63,נשים,יפית,language,רוסית,3
2026-07-30T17:51:07,63,נשים,ירדנה,gender,גבר,48
2026-07-30T17:51:07,63,נשים,ירדנה,gender,אישה,127
2026-07-30T17:51:07,63,נשים,ירדנה,visit_type,ביקור במרפאה,176
2026-07-30T17:51:07,63,נשים,ירדנה,visit_type,שיחת טלפון,1
2026-07-30T17:51:07,63,נשים,ירדנה,language,איטלקית,1
2026-07-30T17:51:07,63,נשים,ירדנה,language,אנגלית,29
2026-07-30T17:51:07,63,נשים,ירדנה,language,הונגרית,1
2026-07-30T17:51:07,63,נשים,ירדנה,language,עברית,50
2026-07-30T17:51:07,63,נשים,ירדנה,language,ערבית,28
2026-07-30T17:51:07,63,נשים,ירדנה,language,רומנית,1
2026-07-30T17:51:07,63,נשים,ירדנה,language,רוסית,11
2026-07-30T17:51:29,63,נשים,יתד,gender,גבר,47
2026-07-30T17:51:29,63,נשים,יתד,gender,אישה,61
2026-07-30T17:51:29,63,נשים,יתד,visit_type,ביקור במרפאה,108
2026-07-30T17:51:29,63,נשים,יתד,visit_type,שיחת טלפון,1
2026-07-30T17:51:29,63,נשים,יתד,language,אידיש,4
2026-07-30T17:51:29,63,נשים,יתד,language,אנגלית,13
2026-07-30T17:51:29,63,נשים,יתד,language,גרמנית,1
2026-07-30T17:51:29,63,נשים,יתד,language,ליטאית,1
2026-07-30T17:51:29,63,נשים,יתד,language,סינית,1
2026-07-30T17:51:29,63,נשים,יתד,language,עברית,8
2026-07-30T17:51:29,63,נשים,יתד,language,ערבית,3
2026-07-30T17:51:29,63,נשים,יתד,language,רוסית,14
2026-07-30T17:51:48,63,נשים,כוכב יאיר,gender,גבר,72
2026-07-30T17:51:48,63,נשים,כוכב יאיר,gender,אישה,113
2026-07-30T17:51:48,63,נשים,כוכב יאיר,visit_type,ביקור במרפאה,189
2026-07-30T17:51:48,63,נשים,כוכב יאיר,visit_type,שיחת טלפון,2
2026-07-30T17:51:48,63,נשים,כוכב יאיר,language,אידיש,1
2026-07-30T17:51:48,63,נשים,כוכב יאיר,language,איטלקית,1
2026-07-30T17:51:48,63,נשים,כוכב יאיר,language,אנגלית,37
2026-07-30T17:51:48,63,נשים,כוכב יאיר,language,גרמנית,2
2026-07-30T17:51:48,63,נשים,כוכב יאיר,language,ספרדית,1
2026-07-30T17:51:48,63,נשים,כוכב יאיר,language,עברית,64
2026-07-30T17:51:48,63,נשים,כוכב יאיר,language,ערבית,9
2026-07-30T17:51:48,63,נשים,כוכב יאיר,language,צרפתית,3
2026-07-30T17:51:48,63,נשים,כוכב יאיר,language,רומנית,3
2026-07-30T17:51:48,63,נשים,כוכב יאיר,language,רוסית,16
2026-07-30T17:52:09,63,נשים,כיסופים,gender,גבר,47
2026-07-30T17:52:09,63,נשים,כיסופים,gender,אישה,61
2026-07-30T17:52:09,63,נשים,כיסופים,visit_type,ביקור במרפאה,108
2026-07-30T17:52:09,63,נשים,כיסופים,visit_type,שיחת טלפון,1
2026-07-30T17:52:09,63,נשים,כיסופים,language,אידיש,4
2026-07-30T17:52:09,63,נשים,כיסופים,language,אנגלית,13
2026-07-30T17:52:09,63,נשים,כיסופים,language,גרמנית,1
2026-07-30T17:52:09,63,נשים,כיסופים,language,ליטאית,1
2026-07-30T17:52:09,63,נשים,כיסופים,language,סינית,1
2026-07-30T17:52:09,63,נשים,כיסופים,language,עברית,8
2026-07-30T17:52:09,63,נשים,כיסופים,language,ערבית,3
2026-07-30T17:52:09,63,נשים,כיסופים,language,רוסית,14
2026-07-30T17:52:25,63,נשים,כנות,gender,גבר,28
2026-07-30T17:52:25,63,נשים,כנות,gender,אישה,31
2026-07-30T17:52:25,63,נשים,כנות,visit_type,ביקור במרפאה,63
2026-07-30T17:52:25,63,נשים,כנות,language,אוקראינית,2
2026-07-30T17:52:25,63,נשים,כנות,language,איטלקית,1
2026-07-30T17:52:25,63,נשים,כנות,language,אנגלית,13
2026-07-30T17:52:25,63,נשים,כנות,language,גרוזינית,1
2026-07-30T17:52:25,63,נשים,כנות,language,הונגרית,1
2026-07-30T17:52:25,63,נשים,כנות,language,ספרדית,1
2026-07-30T17:52:25,63,נשים,כנות,language,עברית,20
2026-07-30T17:52:25,63,נשים,כנות,language,צרפתית,2
2026-07-30T17:52:25,63,נשים,כנות,language,רוסית,10
2026-07-30T17:52:37,63,נשים,כפר אחים,gender,גבר,52
2026-07-30T17:52:37,63,נשים,כפר אחים,gender,אישה,56
2026-07-30T17:52:37,63,נשים,כפר אחים,visit_type,ביקור במרפאה,113
2026-07-30T17:52:37,63,נשים,כפר אחים,language,אוקראינית,3
2026-07-30T17:52:37,63,נשים,כפר אחים,language,אידיש,1
2026-07-30T17:52:37,63,נשים,כפר אחים,language,איטלקית,2
2026-07-30T17:52:37,63,נשים,כפר אחים,language,אנגלית,26
2026-07-30T17:52:37,63,נשים,כפר אחים,language,גרוזינית,1
2026-07-30T17:52:37,63,נשים,כפר אחים,language,הונגרית,2
2026-07-30T17:52:37,63,נשים,כפר אחים,language,ספרדית,1
2026-07-30T17:52:37,63,נשים,כפר אחים,language,עברית,37
2026-07-30T17:52:37,63,נשים,כפר אחים,language,צרפתית,2
2026-07-30T17:52:37,63,נשים,כפר אחים,language,רוסית,17
2026-07-30T17:52:54,63,נשים,כרם יבנה,gender,גבר,28
2026-07-30T17:52:54,63,נשים,כרם יבנה,gender,אישה,31
2026-07-30T17:52:54,63,נשים,כרם יבנה,visit_type,ביקור במרפאה,63
2026-07-30T17:52:54,63,נשים,כרם יבנה,language,אוקראינית,2
2026-07-30T17:52:54,63,נשים,כרם יבנה,language,איטלקית,1
2026-07-30T17:52:54,63,נשים,כרם יבנה,language,אנגלית,13
2026-07-30T17:52:54,63,נשים,כרם יבנה,language,גרוזינית,1
2026-07-30T17:52:54,63,נשים,כרם יבנה,language,הונגרית,1
2026-07-30T17:52:54,63,נשים,כרם יבנה,language,ספרדית,1
2026-07-30T17:52:54,63,נשים,כרם יבנה,language,עברית,20
2026-07-30T17:52:54,63,נשים,כרם יבנה,language,צרפתית,2
2026-07-30T17:52:54,63,נשים,כרם יבנה,language,רוסית,10
2026-07-30T17:53:06,63,נשים,להב,gender,גבר,68
2026-07-30T17:53:06,63,נשים,להב,gender,אישה,86
2026-07-30T17:53:06,63,נשים,להב,visit_type,ביקור במרפאה,156
2026-07-30T17:53:06,63,נשים,להב,visit_type,שיחת טלפון,1
2026-07-30T17:53:06,63,נשים,להב,language,אידיש,4
2026-07-30T17:53:06,63,נשים,להב,language,אנגלית,22
2026-07-30T17:53:06,63,נשים,להב,language,גרמנית,1
2026-07-30T17:53:06,63,נשים,להב,language,ליטאית,1
2026-07-30T17:53:06,63,נשים,להב,language,סינית,1
2026-07-30T17:53:06,63,נשים,להב,language,עברית,14
2026-07-30T17:53:06,63,נשים,להב,language,ערבית,4
2026-07-30T17:53:06,63,נשים,להב,language,רוסית,22
2026-07-30T17:53:28,63,נשים,לימן,gender,גבר,23
2026-07-30T17:53:28,63,נשים,לימן,gender,אישה,64
2026-07-30T17:53:28,63,נשים,לימן,visit_type,ביקור במרפאה,88
2026-07-30T17:53:28,63,נשים,לימן,visit_type,שיחת טלפון,2
2026-07-30T17:53:28,63,נשים,לימן,language,איטלקית,4
2026-07-30T17:53:28,63,נשים,לימן,language,אנגלית,56
2026-07-30T17:53:28,63,נשים,לימן,language,ספרדית,1
2026-07-30T17:53:28,63,נשים,לימן,language,עברית,85
2026-07-30T17:53:28,63,נשים,לימן,language,ערבית,64
2026-07-30T17:53:28,63,נשים,לימן,language,רומנית,4
2026-07-30T17:53:28,63,נשים,לימן,language,רוסית,15
2026-07-30T17:53:42,63,נשים,מבוא חמה,gender,גבר,29
2026-07-30T17:53:42,63,נשים,מבוא חמה,gender,אישה,58
2026-07-30T17:53:42,63,נשים,מבוא חמה,visit_type,ביקור במרפאה,87
2026-07-30T17:53:42,63,נשים,מבוא חמה,language,אנגלית,9
2026-07-30T17:53:42,63,נשים,מבוא חמה,language,עברית,13
2026-07-30T17:53:42,63,נשים,מבוא חמה,language,ערבית,4
2026-07-30T17:53:42,63,נשים,מבוא חמה,language,רוסית,3
2026-07-30T17:53:56,63,נשים,מג'דל שמס,gender,גבר,29
2026-07-30T17:53:56,63,נשים,מג'דל שמס,gender,אישה,58
2026-07-30T17:53:56,63,נשים,מג'דל שמס,visit_type,ביקור במרפאה,87
2026-07-30T17:53:56,63,נשים,מג'דל שמס,language,אנגלית,9
2026-07-30T17:53:56,63,נשים,מג'דל שמס,language,עברית,13
2026-07-30T17:53:56,63,נשים,מג'דל שמס,language,ערבית,4
2026-07-30T17:53:56,63,נשים,מג'דל שמס,language,רוסית,3
2026-07-30T17:54:10,63,נשים,מודיעין מכבים רעות,gender,גבר,40
2026-07-30T17:54:10,63,נשים,מודיעין מכבים רעות,gender,אישה,46
2026-07-30T17:54:10,63,נשים,מודיעין מכבים רעות,visit_type,ביקור במרפאה,88
2026-07-30T17:54:10,63,נשים,מודיעין מכבים רעות,language,אוקראינית,3
2026-07-30T17:54:10,63,נשים,מודיעין מכבים רעות,language,אידיש,1
2026-07-30T17:54:10,63,נשים,מודיעין מכבים רעות,language,איטלקית,2
2026-07-30T17:54:10,63,נשים,מודיעין מכבים רעות,language,אנגלית,21
2026-07-30T17:54:10,63,נשים,מודיעין מכבים רעות,language,הונגרית,1
2026-07-30T17:54:10,63,נשים,מודיעין מכבים רעות,language,ספרדית,1
2026-07-30T17:54:10,63,נשים,מודיעין מכבים רעות,language,עברית,29
2026-07-30T17:54:10,63,נשים,מודיעין מכבים רעות,language,צרפתית,1
2026-07-30T17:54:10,63,נשים,מודיעין מכבים רעות,language,רוסית,12
2026-07-30T17:54:24,63,נשים,מזאריע א נובאני,gender,גבר,10
2026-07-30T17:54:24,63,נשים,מזאריע א נובאני,gender,אישה,15
2026-07-30T17:54:24,63,נשים,מזאריע א נובאני,visit_type,ביקור במרפאה,29
2026-07-30T17:54:24,63,נשים,מזאריע א נובאני,language,איטלקית,4
2026-07-30T17:54:24,63,נשים,מזאריע א נובאני,language,אנגלית,12
2026-07-30T17:54:24,63,נשים,מזאריע א נובאני,language,ספרדית,1
2026-07-30T17:54:24,63,נשים,מזאריע א נובאני,language,עברית,24
2026-07-30T17:54:24,63,נשים,מזאריע א נובאני,language,ערבית,1
2026-07-30T17:54:24,63,נשים,מזאריע א נובאני,language,צרפתית,2
2026-07-30T17:54:24,63,נשים,מזאריע א נובאני,language,רומנית,4
2026-07-30T17:54:24,63,נשים,מזאריע א נובאני,language,רוסית,2
2026-07-30T17:54:30,63,נשים,מטולה,gender,גבר,29
2026-07-30T17:54:30,63,נשים,מטולה,gender,אישה,58
2026-07-30T17:54:30,63,נשים,מטולה,visit_type,ביקור במרפאה,87
2026-07-30T17:54:30,63,נשים,מטולה,language,אנגלית,9
2026-07-30T17:54:30,63,נשים,מטולה,language,עברית,13
2026-07-30T17:54:30,63,נשים,מטולה,language,ערבית,4
2026-07-30T17:54:30,63,נשים,מטולה,language,רוסית,3
2026-07-30T17:54:43,63,נשים,מישר,gender,גבר,28
2026-07-30T17:54:43,63,נשים,מישר,gender,אישה,31
2026-07-30T17:54:43,63,נשים,מישר,visit_type,ביקור במרפאה,63
2026-07-30T17:54:43,63,נשים,מישר,language,אוקראינית,2
2026-07-30T17:54:43,63,נשים,מישר,language,איטלקית,1
2026-07-30T17:54:43,63,נשים,מישר,language,אנגלית,13
2026-07-30T17:54:43,63,נשים,מישר,language,גרוזינית,1
2026-07-30T17:54:43,63,נשים,מישר,language,הונגרית,1
2026-07-30T17:54:43,63,נשים,מישר,language,ספרדית,1
2026-07-30T17:54:43,63,נשים,מישר,language,עברית,20
2026-07-30T17:54:43,63,נשים,מישר,language,צרפתית,2
2026-07-30T17:54:43,63,נשים,מישר,language,רוסית,10
2026-07-30T17:54:53,63,נשים,מנוחה,gender,גבר,47
2026-07-30T17:54:53,63,נשים,מנוחה,gender,אישה,61
2026-07-30T17:54:53,63,נשים,מנוחה,visit_type,ביקור במרפאה,108
2026-07-30T17:54:53,63,נשים,מנוחה,visit_type,שיחת טלפון,1
2026-07-30T17:54:53,63,נשים,מנוחה,language,אידיש,4
2026-07-30T17:54:53,63,נשים,מנוחה,language,אנגלית,13
2026-07-30T17:54:53,63,נשים,מנוחה,language,גרמנית,1
2026-07-30T17:54:53,63,נשים,מנוחה,language,ליטאית,1
2026-07-30T17:54:53,63,נשים,מנוחה,language,סינית,1
2026-07-30T17:54:53,63,נשים,מנוחה,language,עברית,8
2026-07-30T17:54:53,63,נשים,מנוחה,language,ערבית,3
2026-07-30T17:54:53,63,נשים,מנוחה,language,רוסית,14
2026-07-30T17:55:12,63,נשים,מסיליה,gender,גבר,47
2026-07-30T17:55:12,63,נשים,מסיליה,gender,אישה,92
2026-07-30T17:55:12,63,נשים,מסיליה,visit_type,ביקור במרפאה,142
2026-07-30T17:55:12,63,נשים,מסיליה,visit_type,שיחת טלפון,2
2026-07-30T17:55:12,63,נשים,מסיליה,language,אידיש,1
2026-07-30T17:55:12,63,נשים,מסיליה,language,אנגלית,18
2026-07-30T17:55:12,63,נשים,מסיליה,language,גרמנית,1
2026-07-30T17:55:12,63,נשים,מסיליה,language,עברית,32
2026-07-30T17:55:12,63,נשים,מסיליה,language,ערבית,8
2026-07-30T17:55:12,63,נשים,מסיליה,language,צרפתית,2
2026-07-30T17:55:12,63,נשים,מסיליה,language,רומנית,2
2026-07-30T17:55:12,63,נשים,מסיליה,language,רוסית,11
2026-07-30T17:55:33,63,נשים,מעון,gender,גבר,47
2026-07-30T17:55:33,63,נשים,מעון,gender,אישה,61
2026-07-30T17:55:33,63,נשים,מעון,visit_type,ביקור במרפאה,108
2026-07-30T17:55:33,63,נשים,מעון,visit_type,שיחת טלפון,1
2026-07-30T17:55:33,63,נשים,מעון,language,אידיש,4
2026-07-30T17:55:33,63,נשים,מעון,language,אנגלית,13
2026-07-30T17:55:33,63,נשים,מעון,language,גרמנית,1
2026-07-30T17:55:33,63,נשים,מעון,language,ליטאית,1
2026-07-30T17:55:33,63,נשים,מעון,language,סינית,1
2026-07-30T17:55:33,63,נשים,מעון,language,עברית,8
2026-07-30T17:55:33,63,נשים,מעון,language,ערבית,3
2026-07-30T17:55:33,63,נשים,מעון,language,רוסית,14
2026-07-30T17:55:51,63,נשים,מפעלי גרנות,gender,גבר,47
2026-07-30T17:55:51,63,נשים,מפעלי גרנות,gender,אישה,92
2026-07-30T17:55:51,63,נשים,מפעלי גרנות,visit_type,ביקור במרפאה,142
2026-07-30T17:55:51,63,נשים,מפעלי גרנות,visit_type,שיחת טלפון,2
2026-07-30T17:55:51,63,נשים,מפעלי גרנות,language,אידיש,1
2026-07-30T17:55:51,63,נשים,מפעלי גרנות,language,אנגלית,18
2026-07-30T17:55:51,63,נשים,מפעלי גרנות,language,גרמנית,1
2026-07-30T17:55:51,63,נשים,מפעלי גרנות,language,עברית,32
2026-07-30T17:55:51,63,נשים,מפעלי גרנות,language,ערבית,8
2026-07-30T17:55:51,63,נשים,מפעלי גרנות,language,צרפתית,2
2026-07-30T17:55:51,63,נשים,מפעלי גרנות,language,רומנית,2
2026-07-30T17:55:51,63,נשים,מפעלי גרנות,language,רוסית,11
2026-07-30T17:56:13,63,נשים,מצפה אבי''ב,gender,גבר,37
2026-07-30T17:56:13,63,נשים,מצפה אבי''ב,gender,אישה,82
2026-07-30T17:56:13,63,נשים,מצפה אבי''ב,visit_type,ביקור במרפאה,120
2026-07-30T17:56:13,63,נשים,מצפה אבי''ב,visit_type,שיחת טלפון,2
2026-07-30T17:56:13,63,נשים,מצפה אבי''ב,language,אידיש,1
2026-07-30T17:56:13,63,נשים,מצפה אבי''ב,language,איטלקית,4
2026-07-30T17:56:13,63,נשים,מצפה אבי''ב,language,אנגלית,75
2026-07-30T17:56:13,63,נשים,מצפה אבי''ב,language,ספרדית,1
2026-07-30T17:56:13,63,נשים,מצפה אבי''ב,language,עברית,115
2026-07-30T17:56:13,63,נשים,מצפה אבי''ב,language,ערבית,74
2026-07-30T17:56:13,63,נשים,מצפה אבי''ב,language,צרפתית,2
2026-07-30T17:56:13,63,נשים,מצפה אבי''ב,language,רומנית,6
2026-07-30T17:56:13,63,נשים,מצפה אבי''ב,language,רוסית,24
2026-07-30T17:56:13,63,נשים,מצפה אבי''ב,language,שוודית,1
2026-07-30T17:56:32,63,נשים,מרחב עם,gender,גבר,43
2026-07-30T17:56:32,63,נשים,מרחב עם,gender,אישה,67
2026-07-30T17:56:32,63,נשים,מרחב עם,visit_type,ביקור במרפאה,112
2026-07-30T17:56:32,63,נשים,מרחב עם,language,אידיש,3
2026-07-30T17:56:32,63,נשים,מרחב עם,language,אנגלית,21
2026-07-30T17:56:32,63,נשים,מרחב עם,language,ליטאית,1
2026-07-30T17:56:32,63,נשים,מרחב עם,language,סינית,1
2026-07-30T17:56:32,63,נשים,מרחב עם,language,עברית,9
2026-07-30T17:56:32,63,נשים,מרחב עם,language,ערבית,4
2026-07-30T17:56:32,63,נשים,מרחב עם,language,רוסית,19
2026-07-30T17:56:49,63,נשים,משואה,gender,גבר,47
2026-07-30T17:56:49,63,נשים,משואה,gender,אישה,79
2026-07-30T17:56:49,63,נשים,משואה,visit_type,ביקור במרפאה,131
2026-07-30T17:56:49,63,נשים,משואה,visit_type,שיחת טלפון,16
2026-07-30T17:56:49,63,נשים,משואה,visit_type,שיחת וידאו,1
2026-07-30T17:56:49,63,נשים,משואה,language,אידיש,2
2026-07-30T17:56:49,63,נשים,משואה,language,אנגלית,20
2026-07-30T17:56:49,63,נשים,משואה,language,עברית,24
2026-07-30T17:56:49,63,נשים,משואה,language,ערבית,3
2026-07-30T17:56:49,63,נשים,משואה,language,צרפתית,2
2026-07-30T17:56:49,63,נשים,משואה,language,רוסית,3
2026-07-30T17:57:09,63,נשים,נאות הכיכר,gender,גבר,43
2026-07-30T17:57:09,63,נשים,נאות הכיכר,gender,אישה,67
2026-07-30T17:57:09,63,נשים,נאות הכיכר,visit_type,ביקור במרפאה,112
2026-07-30T17:57:09,63,נשים,נאות הכיכר,language,אידיש,3
2026-07-30T17:57:09,63,נשים,נאות הכיכר,language,אנגלית,21
2026-07-30T17:57:09,63,נשים,נאות הכיכר,language,ליטאית,1
2026-07-30T17:57:09,63,נשים,נאות הכיכר,language,סינית,1
2026-07-30T17:57:09,63,נשים,נאות הכיכר,language,עברית,9
2026-07-30T17:57:09,63,נשים,נאות הכיכר,language,ערבית,4
2026-07-30T17:57:09,63,נשים,נאות הכיכר,language,רוסית,19
2026-07-30T17:57:27,63,נשים,נהורה,gender,גבר,47
2026-07-30T17:57:27,63,נשים,נהורה,gender,אישה,61
2026-07-30T17:57:27,63,נשים,נהורה,visit_type,ביקור במרפאה,108
2026-07-30T17:57:27,63,נשים,נהורה,visit_type,שיחת טלפון,1
2026-07-30T17:57:27,63,נשים,נהורה,language,אידיש,4
2026-07-30T17:57:27,63,נשים,נהורה,language,אנגלית,13
2026-07-30T17:57:27,63,נשים,נהורה,language,גרמנית,1
2026-07-30T17:57:27,63,נשים,נהורה,language,ליטאית,1
2026-07-30T17:57:27,63,נשים,נהורה,language,סינית,1
2026-07-30T17:57:27,63,נשים,נהורה,language,עברית,8
2026-07-30T17:57:27,63,נשים,נהורה,language,ערבית,3
2026-07-30T17:57:27,63,נשים,נהורה,language,רוסית,14
2026-07-30T17:57:46,63,נשים,נווה איתן,gender,גבר,48
2026-07-30T17:57:46,63,נשים,נווה איתן,gender,אישה,127
2026-07-30T17:57:46,63,נשים,נווה איתן,visit_type,ביקור במרפאה,176
2026-07-30T17:57:46,63,נשים,נווה איתן,visit_type,שיחת טלפון,1
2026-07-30T17:57:46,63,נשים,נווה איתן,language,איטלקית,1
2026-07-30T17:57:46,63,נשים,נווה איתן,language,אנגלית,29
2026-07-30T17:57:46,63,נשים,נווה איתן,language,הונגרית,1
2026-07-30T17:57:46,63,נשים,נווה איתן,language,עברית,50
2026-07-30T17:57:46,63,נשים,נווה איתן,language,ערבית,28
2026-07-30T17:57:46,63,נשים,נווה איתן,language,רומנית,1
2026-07-30T17:57:46,63,נשים,נווה איתן,language,רוסית,11
2026-07-30T17:58:07,63,נשים,נחלה,gender,גבר,47
2026-07-30T17:58:07,63,נשים,נחלה,gender,אישה,61
2026-07-30T17:58:07,63,נשים,נחלה,visit_type,ביקור במרפאה,108
2026-07-30T17:58:07,63,נשים,נחלה,visit_type,שיחת טלפון,1
2026-07-30T17:58:07,63,נשים,נחלה,language,אידיש,4
2026-07-30T17:58:07,63,נשים,נחלה,language,אנגלית,13
2026-07-30T17:58:07,63,נשים,נחלה,language,גרמנית,1
2026-07-30T17:58:07,63,נשים,נחלה,language,ליטאית,1
2026-07-30T17:58:07,63,נשים,נחלה,language,סינית,1
2026-07-30T17:58:07,63,נשים,נחלה,language,עברית,8
2026-07-30T17:58:07,63,נשים,נחלה,language,ערבית,3
2026-07-30T17:58:07,63,נשים,נחלה,language,רוסית,14
2026-07-30T17:58:24,63,נשים,נטעים,gender,גבר,63
2026-07-30T17:58:24,63,נשים,נטעים,gender,אישה,70
2026-07-30T17:58:24,63,נשים,נטעים,visit_type,ביקור במרפאה,138
2026-07-30T17:58:24,63,נשים,נטעים,language,אוקראינית,3
2026-07-30T17:58:24,63,נשים,נטעים,language,אידיש,1
2026-07-30T17:58:24,63,נשים,נטעים,language,איטלקית,2
2026-07-30T17:58:24,63,נשים,נטעים,language,אנגלית,29
2026-07-30T17:58:24,63,נשים,נטעים,language,גרוזינית,1
2026-07-30T17:58:24,63,נשים,נטעים,language,הונגרית,2
2026-07-30T17:58:24,63,נשים,נטעים,language,ספרדית,2
2026-07-30T17:58:24,63,נשים,נטעים,language,עברית,48
2026-07-30T17:58:24,63,נשים,נטעים,language,צרפתית,2
2026-07-30T17:58:24,63,נשים,נטעים,language,רוסית,20
2026-07-30T17:58:46,63,נשים,ניצני עוז,gender,גבר,47
2026-07-30T17:58:46,63,נשים,ניצני עוז,gender,אישה,92
2026-07-30T17:58:46,63,נשים,ניצני עוז,visit_type,ביקור במרפאה,142
2026-07-30T17:58:46,63,נשים,ניצני עוז,visit_type,שיחת טלפון,2
2026-07-30T17:58:46,63,נשים,ניצני עוז,language,אידיש,1
2026-07-30T17:58:46,63,נשים,ניצני עוז,language,אנגלית,18
2026-07-30T17:58:46,63,נשים,ניצני עוז,language,גרמנית,1
2026-07-30T17:58:46,63,נשים,ניצני עוז,language,עברית,32
2026-07-30T17:58:46,63,נשים,ניצני עוז,language,ערבית,8
2026-07-30T17:58:46,63,נשים,ניצני עוז,language,צרפתית,2
2026-07-30T17:58:46,63,נשים,ניצני עוז,language,רומנית,2
2026-07-30T17:58:46,63,נשים,ניצני עוז,language,רוסית,11
2026-07-30T17:59:07,63,נשים,נען,gender,גבר,40
2026-07-30T17:59:07,63,נשים,נען,gender,אישה,46
2026-07-30T17:59:07,63,נשים,נען,visit_type,ביקור במרפאה,88
2026-07-30T17:59:07,63,נשים,נען,language,אוקראינית,3
2026-07-30T17:59:07,63,נשים,נען,language,אידיש,1
2026-07-30T17:59:07,63,נשים,נען,language,איטלקית,2
2026-07-30T17:59:07,63,נשים,נען,language,אנגלית,21
2026-07-30T17:59:07,63,נשים,נען,language,הונגרית,1
2026-07-30T17:59:07,63,נשים,נען,language,ספרדית,1
2026-07-30T17:59:07,63,נשים,נען,language,עברית,29
2026-07-30T17:59:07,63,נשים,נען,language,צרפתית,1
2026-07-30T17:59:07,63,נשים,נען,language,רוסית,12
2026-07-30T17:59:24,63,נשים,נתיבות,gender,גבר,68
2026-07-30T17:59:24,63,נשים,נתיבות,gender,אישה,86
2026-07-30T17:59:24,63,נשים,נתיבות,visit_type,ביקור במרפאה,156
2026-07-30T17:59:24,63,נשים,נתיבות,visit_type,שיחת טלפון,1
2026-07-30T17:59:24,63,נשים,נתיבות,language,אידיש,4
2026-07-30T17:59:24,63,נשים,נתיבות,language,אנגלית,22
2026-07-30T17:59:24,63,נשים,נתיבות,language,גרמנית,1
2026-07-30T17:59:24,63,נשים,נתיבות,language,ליטאית,1
2026-07-30T17:59:24,63,נשים,נתיבות,language,סינית,1
2026-07-30T17:59:24,63,נשים,נתיבות,language,עברית,14
2026-07-30T17:59:24,63,נשים,נתיבות,language,ערבית,4
2026-07-30T17:59:24,63,נשים,נתיבות,language,רוסית,22
2026-07-30T17:59:47,63,נשים,סואעד חמרייה,gender,גבר,48
2026-07-30T17:59:47,63,נשים,סואעד חמרייה,gender,אישה,136
2026-07-30T17:59:47,63,נשים,סואעד חמרייה,visit_type,ביקור במרפאה,185
2026-07-30T17:59:47,63,נשים,סואעד חמרייה,visit_type,שיחת טלפון,1
2026-07-30T17:59:47,63,נשים,סואעד חמרייה,language,אידיש,1
2026-07-30T17:59:47,63,נשים,סואעד חמרייה,language,איטלקית,3
2026-07-30T17:59:47,63,נשים,סואעד חמרייה,language,אנגלית,68
2026-07-30T17:59:47,63,נשים,סואעד חמרייה,language,הונגרית,3
2026-07-30T17:59:47,63,נשים,סואעד חמרייה,language,עברית,100
2026-07-30T17:59:47,63,נשים,סואעד חמרייה,language,ערבית,40
2026-07-30T17:59:47,63,נשים,סואעד חמרייה,language,צרפתית,5
2026-07-30T17:59:47,63,נשים,סואעד חמרייה,language,רומנית,5
2026-07-30T17:59:47,63,נשים,סואעד חמרייה,language,רוסית,27
2026-07-30T17:59:47,63,נשים,סואעד חמרייה,language,שוודית,1
2026-07-30T18:00:07,63,נשים,סילואד,gender,גבר,47
2026-07-30T18:00:07,63,נשים,סילואד,gender,אישה,79
2026-07-30T18:00:07,63,נשים,סילואד,visit_type,ביקור במרפאה,131
2026-07-30T18:00:07,63,נשים,סילואד,visit_type,שיחת טלפון,16
2026-07-30T18:00:07,63,נשים,סילואד,visit_type,שיחת וידאו,1
2026-07-30T18:00:07,63,נשים,סילואד,language,אידיש,2
2026-07-30T18:00:07,63,נשים,סילואד,language,אנגלית,20
2026-07-30T18:00:07,63,נשים,סילואד,language,עברית,24
2026-07-30T18:00:07,63,נשים,סילואד,language,ערבית,3
2026-07-30T18:00:07,63,נשים,סילואד,language,צרפתית,2
2026-07-30T18:00:07,63,נשים,סילואד,language,רוסית,3
2026-07-30T18:00:28,63,נשים,סמוע,gender,גבר,68
2026-07-30T18:00:28,63,נשים,סמוע,gender,אישה,86
2026-07-30T18:00:28,63,נשים,סמוע,visit_type,ביקור במרפאה,156
2026-07-30T18:00:28,63,נשים,סמוע,visit_type,שיחת טלפון,1
2026-07-30T18:00:28,63,נשים,סמוע,language,אידיש,4
2026-07-30T18:00:28,63,נשים,סמוע,language,אנגלית,22
2026-07-30T18:00:28,63,נשים,סמוע,language,גרמנית,1
2026-07-30T18:00:28,63,נשים,סמוע,language,ליטאית,1
2026-07-30T18:00:28,63,נשים,סמוע,language,סינית,1
2026-07-30T18:00:28,63,נשים,סמוע,language,עברית,14
2026-07-30T18:00:28,63,נשים,סמוע,language,ערבית,4
2026-07-30T18:00:28,63,נשים,סמוע,language,רוסית,22
2026-07-30T18:00:49,63,נשים,ספסופה,gender,גבר,29
2026-07-30T18:00:49,63,נשים,ספסופה,gender,אישה,58
2026-07-30T18:00:49,63,נשים,ספסופה,visit_type,ביקור במרפאה,87
2026-07-30T18:00:49,63,נשים,ספסופה,language,אנגלית,9
2026-07-30T18:00:49,63,נשים,ספסופה,language,עברית,13
2026-07-30T18:00:49,63,נשים,ספסופה,language,ערבית,4
2026-07-30T18:00:49,63,נשים,ספסופה,language,רוסית,3
2026-07-30T18:01:03,63,נשים,עבסאן אל כביר,gender,גבר,68
2026-07-30T18:01:03,63,נשים,עבסאן אל כביר,gender,אישה,86
2026-07-30T18:01:03,63,נשים,עבסאן אל כביר,visit_type,ביקור במרפאה,156
2026-07-30T18:01:03,63,נשים,עבסאן אל כביר,visit_type,שיחת טלפון,1
2026-07-30T18:01:03,63,נשים,עבסאן אל כביר,language,אידיש,4
2026-07-30T18:01:03,63,נשים,עבסאן אל כביר,language,אנגלית,22
2026-07-30T18:01:03,63,נשים,עבסאן אל כביר,language,גרמנית,1
2026-07-30T18:01:03,63,נשים,עבסאן אל כביר,language,ליטאית,1
2026-07-30T18:01:03,63,נשים,עבסאן אל כביר,language,סינית,1
2026-07-30T18:01:03,63,נשים,עבסאן אל כביר,language,עברית,14
2026-07-30T18:01:03,63,נשים,עבסאן אל כביר,language,ערבית,4
2026-07-30T18:01:03,63,נשים,עבסאן אל כביר,language,רוסית,22
2026-07-30T18:01:26,63,נשים,עוורתא,gender,גבר,47
2026-07-30T18:01:26,63,נשים,עוורתא,gender,אישה,92
2026-07-30T18:01:26,63,נשים,עוורתא,visit_type,ביקור במרפאה,142
2026-07-30T18:01:26,63,נשים,עוורתא,visit_type,שיחת טלפון,2
2026-07-30T18:01:26,63,נשים,עוורתא,language,אידיש,1
2026-07-30T18:01:26,63,נשים,עוורתא,language,אנגלית,18
2026-07-30T18:01:26,63,נשים,עוורתא,language,גרמנית,1
2026-07-30T18:01:26,63,נשים,עוורתא,language,עברית,32
2026-07-30T18:01:26,63,נשים,עוורתא,language,ערבית,8
2026-07-30T18:01:26,63,נשים,עוורתא,language,צרפתית,2
2026-07-30T18:01:26,63,נשים,עוורתא,language,רומנית,2
2026-07-30T18:01:26,63,נשים,עוורתא,language,רוסית,11
2026-07-30T18:01:48,63,נשים,עזון,gender,גבר,47
2026-07-30T18:01:48,63,נשים,עזון,gender,אישה,92
2026-07-30T18:01:48,63,נשים,עזון,visit_type,ביקור במרפאה,142
2026-07-30T18:01:48,63,נשים,עזון,visit_type,שיחת טלפון,2
2026-07-30T18:01:48,63,נשים,עזון,language,אידיש,1
2026-07-30T18:01:48,63,נשים,עזון,language,אנגלית,18
2026-07-30T18:01:48,63,נשים,עזון,language,גרמנית,1
2026-07-30T18:01:48,63,נשים,עזון,language,עברית,32
2026-07-30T18:01:48,63,נשים,עזון,language,ערבית,8
2026-07-30T18:01:48,63,נשים,עזון,language,צרפתית,2
2026-07-30T18:01:48,63,נשים,עזון,language,רומנית,2
2026-07-30T18:01:48,63,נשים,עזון,language,רוסית,11
2026-07-30T18:02:09,63,נשים,עטרת,gender,גבר,47
2026-07-30T18:02:09,63,נשים,עטרת,gender,אישה,79
2026-07-30T18:02:09,63,נשים,עטרת,visit_type,ביקור במרפאה,131
2026-07-30T18:02:09,63,נשים,עטרת,visit_type,שיחת טלפון,16
2026-07-30T18:02:09,63,נשים,עטרת,visit_type,שיחת וידאו,1
2026-07-30T18:02:09,63,נשים,עטרת,language,אידיש,2
2026-07-30T18:02:09,63,נשים,עטרת,language,אנגלית,20
2026-07-30T18:02:09,63,נשים,עטרת,language,עברית,24
2026-07-30T18:02:09,63,נשים,עטרת,language,ערבית,3
2026-07-30T18:02:09,63,נשים,עטרת,language,צרפתית,2
2026-07-30T18:02:09,63,נשים,עטרת,language,רוסית,3
2026-07-30T18:02:28,63,נשים,עין גדי,gender,גבר,47
2026-07-30T18:02:28,63,נשים,עין גדי,gender,אישה,79
2026-07-30T18:02:28,63,נשים,עין גדי,visit_type,ביקור במרפאה,131
2026-07-30T18:02:28,63,נשים,עין גדי,visit_type,שיחת טלפון,16
2026-07-30T18:02:28,63,נשים,עין גדי,visit_type,שיחת וידאו,1
2026-07-30T18:02:28,63,נשים,עין גדי,language,אידיש,2
2026-07-30T18:02:28,63,נשים,עין גדי,language,אנגלית,20
2026-07-30T18:02:28,63,נשים,עין גדי,language,עברית,24
2026-07-30T18:02:28,63,נשים,עין גדי,language,ערבית,3
2026-07-30T18:02:28,63,נשים,עין גדי,language,צרפתית,2
2026-07-30T18:02:28,63,נשים,עין גדי,language,רוסית,3
2026-07-30T18:02:47,63,נשים,עמינדב,gender,גבר,47
2026-07-30T18:02:47,63,נשים,עמינדב,gender,אישה,79
2026-07-30T18:02:47,63,נשים,עמינדב,visit_type,ביקור במרפאה,131
2026-07-30T18:02:47,63,נשים,עמינדב,visit_type,שיחת טלפון,16
2026-07-30T18:02:47,63,נשים,עמינדב,visit_type,שיחת וידאו,1
2026-07-30T18:02:47,63,נשים,עמינדב,language,אידיש,2
2026-07-30T18:02:47,63,נשים,עמינדב,language,אנגלית,20
2026-07-30T18:02:47,63,נשים,עמינדב,language,עברית,24
2026-07-30T18:02:47,63,נשים,עמינדב,language,ערבית,3
2026-07-30T18:02:47,63,נשים,עמינדב,language,צרפתית,2
2026-07-30T18:02:47,63,נשים,עמינדב,language,רוסית,3
2026-07-30T18:03:08,63,נשים,ענזה,gender,גבר,47
2026-07-30T18:03:08,63,נשים,ענזה,gender,אישה,92
2026-07-30T18:03:08,63,נשים,ענזה,visit_type,ביקור במרפאה,142
2026-07-30T18:03:08,63,נשים,ענזה,visit_type,שיחת טלפון,2
2026-07-30T18:03:08,63,נשים,ענזה,language,אידיש,1
2026-07-30T18:03:08,63,נשים,ענזה,language,אנגלית,18
2026-07-30T18:03:08,63,נשים,ענזה,language,גרמנית,1
2026-07-30T18:03:08,63,נשים,ענזה,language,עברית,32
2026-07-30T18:03:08,63,נשים,ענזה,language,ערבית,8
2026-07-30T18:03:08,63,נשים,ענזה,language,צרפתית,2
2026-07-30T18:03:08,63,נשים,ענזה,language,רומנית,2
2026-07-30T18:03:08,63,נשים,ענזה,language,רוסית,11
2026-07-30T18:03:28,63,נשים,עקרבה,gender,גבר,47
2026-07-30T18:03:28,63,נשים,עקרבה,gender,אישה,79
2026-07-30T18:03:28,63,נשים,עקרבה,visit_type,ביקור במרפאה,131
2026-07-30T18:03:28,63,נשים,עקרבה,visit_type,שיחת טלפון,16
2026-07-30T18:03:28,63,נשים,עקרבה,visit_type,שיחת וידאו,1
2026-07-30T18:03:28,63,נשים,עקרבה,language,אידיש,2
2026-07-30T18:03:28,63,נשים,עקרבה,language,אנגלית,20
2026-07-30T18:03:28,63,נשים,עקרבה,language,עברית,24
2026-07-30T18:03:28,63,נשים,עקרבה,language,ערבית,3
2026-07-30T18:03:28,63,נשים,עקרבה,language,צרפתית,2
2026-07-30T18:03:28,63,נשים,עקרבה,language,רוסית,3
2026-07-30T18:03:48,63,נשים,ערערה בנגב,gender,גבר,43
2026-07-30T18:03:48,63,נשים,ערערה בנגב,gender,אישה,67
2026-07-30T18:03:48,63,נשים,ערערה בנגב,visit_type,ביקור במרפאה,112
2026-07-30T18:03:48,63,נשים,ערערה בנגב,language,אידיש,3
2026-07-30T18:03:48,63,נשים,ערערה בנגב,language,אנגלית,21
2026-07-30T18:03:48,63,נשים,ערערה בנגב,language,ליטאית,1
2026-07-30T18:03:48,63,נשים,ערערה בנגב,language,סינית,1
2026-07-30T18:03:48,63,נשים,ערערה בנגב,language,עברית,9
2026-07-30T18:03:48,63,נשים,ערערה בנגב,language,ערבית,4
2026-07-30T18:03:48,63,נשים,ערערה בנגב,language,רוסית,19
2026-07-30T18:04:07,63,נשים,פארק תעשיות ראם,gender,גבר,52
2026-07-30T18:04:07,63,נשים,פארק תעשיות ראם,gender,אישה,56
2026-07-30T18:04:07,63,נשים,פארק תעשיות ראם,visit_type,ביקור במרפאה,113
2026-07-30T18:04:07,63,נשים,פארק תעשיות ראם,language,אוקראינית,3
2026-07-30T18:04:07,63,נשים,פארק תעשיות ראם,language,אידיש,1
2026-07-30T18:04:07,63,נשים,פארק תעשיות ראם,language,איטלקית,2
2026-07-30T18:04:07,63,נשים,פארק תעשיות ראם,language,אנגלית,26
2026-07-30T18:04:07,63,נשים,פארק תעשיות ראם,language,גרוזינית,1
2026-07-30T18:04:07,63,נשים,פארק תעשיות ראם,language,הונגרית,2
2026-07-30T18:04:07,63,נשים,פארק תעשיות ראם,language,ספרדית,1
2026-07-30T18:04:07,63,נשים,פארק תעשיות ראם,language,עברית,37
2026-07-30T18:04:07,63,נשים,פארק תעשיות ראם,language,צרפתית,2
2026-07-30T18:04:07,63,נשים,פארק תעשיות ראם,language,רוסית,17
2026-07-30T18:04:26,63,נשים,פורת,gender,גבר,47
2026-07-30T18:04:26,63,נשים,פורת,gender,אישה,92
2026-07-30T18:04:26,63,נשים,פורת,visit_type,ביקור במרפאה,142
2026-07-30T18:04:26,63,נשים,פורת,visit_type,שיחת טלפון,2
2026-07-30T18:04:26,63,נשים,פורת,language,אידיש,1
2026-07-30T18:04:26,63,נשים,פורת,language,אנגלית,18
2026-07-30T18:04:26,63,נשים,פורת,language,גרמנית,1
2026-07-30T18:04:26,63,נשים,פורת,language,עברית,32
2026-07-30T18:04:26,63,נשים,פורת,language,ערבית,8
2026-07-30T18:04:26,63,נשים,פורת,language,צרפתית,2
2026-07-30T18:04:26,63,נשים,פורת,language,רומנית,2
2026-07-30T18:04:26,63,נשים,פורת,language,רוסית,11
2026-07-30T18:04:47,63,נשים,פסוטה,gender,אישה,64
2026-07-30T18:04:47,63,נשים,פסוטה,gender,גבר,23
2026-07-30T18:04:47,63,נשים,פסוטה,visit_type,ביקור במרפאה,88
2026-07-30T18:04:47,63,נשים,פסוטה,visit_type,שיחת טלפון,2
2026-07-30T18:04:47,63,נשים,פסוטה,language,איטלקית,4
2026-07-30T18:04:47,63,נשים,פסוטה,language,אנגלית,56
2026-07-30T18:04:47,63,נשים,פסוטה,language,ספרדית,1
2026-07-30T18:04:47,63,נשים,פסוטה,language,עברית,85
2026-07-30T18:04:47,63,נשים,פסוטה,language,ערבית,64
2026-07-30T18:04:47,63,נשים,פסוטה,language,רומנית,4
2026-07-30T18:04:47,63,נשים,פסוטה,language,רוסית,15
2026-07-30T18:05:00,63,נשים,פרח'ה,gender,גבר,10
2026-07-30T18:05:00,63,נשים,פרח'ה,gender,אישה,15
2026-07-30T18:05:00,63,נשים,פרח'ה,visit_type,ביקור במרפאה,29
2026-07-30T18:05:00,63,נשים,פרח'ה,language,איטלקית,4
2026-07-30T18:05:00,63,נשים,פרח'ה,language,אנגלית,12
2026-07-30T18:05:00,63,נשים,פרח'ה,language,ספרדית,1
2026-07-30T18:05:00,63,נשים,פרח'ה,language,עברית,24
2026-07-30T18:05:00,63,נשים,פרח'ה,language,ערבית,1
2026-07-30T18:05:00,63,נשים,פרח'ה,language,צרפתית,2
2026-07-30T18:05:00,63,נשים,פרח'ה,language,רומנית,4
2026-07-30T18:05:00,63,נשים,פרח'ה,language,רוסית,2
2026-07-30T18:05:07,63,נשים,צוחר,gender,גבר,47
2026-07-30T18:05:07,63,נשים,צוחר,gender,אישה,61
2026-07-30T18:05:07,63,נשים,צוחר,visit_type,ביקור במרפאה,108
2026-07-30T18:05:07,63,נשים,צוחר,visit_type,שיחת טלפון,1
2026-07-30T18:05:07,63,נשים,צוחר,language,אידיש,4
2026-07-30T18:05:07,63,נשים,צוחר,language,אנגלית,13
2026-07-30T18:05:07,63,נשים,צוחר,language,גרמנית,1
2026-07-30T18:05:07,63,נשים,צוחר,language,ליטאית,1
2026-07-30T18:05:07,63,נשים,צוחר,language,סינית,1
2026-07-30T18:05:07,63,נשים,צוחר,language,עברית,8
2026-07-30T18:05:07,63,נשים,צוחר,language,ערבית,3
2026-07-30T18:05:07,63,נשים,צוחר,language,רוסית,14
2026-07-30T18:05:23,63,נשים,צלפון,gender,גבר,47
2026-07-30T18:05:23,63,נשים,צלפון,gender,אישה,79
2026-07-30T18:05:23,63,נשים,צלפון,visit_type,ביקור במרפאה,131
2026-07-30T18:05:23,63,נשים,צלפון,visit_type,שיחת טלפון,16
2026-07-30T18:05:23,63,נשים,צלפון,visit_type,שיחת וידאו,1
2026-07-30T18:05:23,63,נשים,צלפון,language,אידיש,2
2026-07-30T18:05:23,63,נשים,צלפון,language,אנגלית,20
2026-07-30T18:05:23,63,נשים,צלפון,language,עברית,24
2026-07-30T18:05:23,63,נשים,צלפון,language,ערבית,3
2026-07-30T18:05:23,63,נשים,צלפון,language,צרפתית,2
2026-07-30T18:05:23,63,נשים,צלפון,language,רוסית,3
2026-07-30T18:05:42,63,נשים,קבלאן,gender,גבר,47
2026-07-30T18:05:42,63,נשים,קבלאן,gender,אישה,79
2026-07-30T18:05:42,63,נשים,קבלאן,visit_type,ביקור במרפאה,131
2026-07-30T18:05:42,63,נשים,קבלאן,visit_type,שיחת טלפון,16
2026-07-30T18:05:42,63,נשים,קבלאן,visit_type,שיחת וידאו,1
2026-07-30T18:05:42,63,נשים,קבלאן,language,אידיש,2
2026-07-30T18:05:42,63,נשים,קבלאן,language,אנגלית,20
2026-07-30T18:05:42,63,נשים,קבלאן,language,עברית,24
2026-07-30T18:05:42,63,נשים,קבלאן,language,ערבית,3
2026-07-30T18:05:42,63,נשים,קבלאן,language,צרפתית,2
2026-07-30T18:05:42,63,נשים,קבלאן,language,רוסית,3
2026-07-30T18:06:03,63,נשים,קודייראת א צאנה,gender,גבר,43
2026-07-30T18:06:03,63,נשים,קודייראת א צאנה,gender,אישה,67
2026-07-30T18:06:03,63,נשים,קודייראת א צאנה,visit_type,ביקור במרפאה,112
2026-07-30T18:06:03,63,נשים,קודייראת א צאנה,language,אידיש,3
2026-07-30T18:06:03,63,נשים,קודייראת א צאנה,language,אנגלית,21
2026-07-30T18:06:03,63,נשים,קודייראת א צאנה,language,ליטאית,1
2026-07-30T18:06:03,63,נשים,קודייראת א צאנה,language,סינית,1
2026-07-30T18:06:03,63,נשים,קודייראת א צאנה,language,עברית,9
2026-07-30T18:06:03,63,נשים,קודייראת א צאנה,language,ערבית,4
2026-07-30T18:06:03,63,נשים,קודייראת א צאנה,language,רוסית,19
2026-07-30T18:06:19,63,נשים,קירה,gender,גבר,10
2026-07-30T18:06:19,63,נשים,קירה,gender,אישה,15
2026-07-30T18:06:19,63,נשים,קירה,visit_type,ביקור במרפאה,29
2026-07-30T18:06:19,63,נשים,קירה,language,איטלקית,4
2026-07-30T18:06:19,63,נשים,קירה,language,אנגלית,12
2026-07-30T18:06:19,63,נשים,קירה,language,ספרדית,1
2026-07-30T18:06:19,63,נשים,קירה,language,עברית,24
2026-07-30T18:06:19,63,נשים,קירה,language,ערבית,1
2026-07-30T18:06:19,63,נשים,קירה,language,צרפתית,2
2026-07-30T18:06:19,63,נשים,קירה,language,רומנית,4
2026-07-30T18:06:19,63,נשים,קירה,language,רוסית,2
2026-07-30T18:06:26,63,נשים,קצרין,gender,גבר,29
2026-07-30T18:06:26,63,נשים,קצרין,gender,אישה,58
2026-07-30T18:06:26,63,נשים,קצרין,visit_type,ביקור במרפאה,87
2026-07-30T18:06:26,63,נשים,קצרין,language,אנגלית,9
2026-07-30T18:06:26,63,נשים,קצרין,language,עברית,13
2026-07-30T18:06:26,63,נשים,קצרין,language,ערבית,4
2026-07-30T18:06:26,63,נשים,קצרין,language,רוסית,3
2026-07-30T18:06:40,63,נשים,קרית חינוך שדות נגב,gender,גבר,68
2026-07-30T18:06:40,63,נשים,קרית חינוך שדות נגב,gender,אישה,86
2026-07-30T18:06:40,63,נשים,קרית חינוך שדות נגב,visit_type,ביקור במרפאה,156
2026-07-30T18:06:40,63,נשים,קרית חינוך שדות נגב,visit_type,שיחת טלפון,1
2026-07-30T18:06:40,63,נשים,קרית חינוך שדות נגב,language,אידיש,4
2026-07-30T18:06:40,63,נשים,קרית חינוך שדות נגב,language,אנגלית,22
2026-07-30T18:06:40,63,נשים,קרית חינוך שדות נגב,language,גרמנית,1
2026-07-30T18:06:40,63,נשים,קרית חינוך שדות נגב,language,ליטאית,1
2026-07-30T18:06:40,63,נשים,קרית חינוך שדות נגב,language,סינית,1
2026-07-30T18:06:40,63,נשים,קרית חינוך שדות נגב,language,עברית,14
2026-07-30T18:06:40,63,נשים,קרית חינוך שדות נגב,language,ערבית,4
2026-07-30T18:06:40,63,נשים,קרית חינוך שדות נגב,language,רוסית,22
2026-07-30T18:07:02,63,נשים,ראפאת ליד סמוע,gender,גבר,68
2026-07-30T18:07:02,63,נשים,ראפאת ליד סמוע,gender,אישה,86
2026-07-30T18:07:02,63,נשים,ראפאת ליד סמוע,visit_type,ביקור במרפאה,156
2026-07-30T18:07:02,63,נשים,ראפאת ליד סמוע,visit_type,שיחת טלפון,1
2026-07-30T18:07:02,63,נשים,ראפאת ליד סמוע,language,אידיש,4
2026-07-30T18:07:02,63,נשים,ראפאת ליד סמוע,language,אנגלית,22
2026-07-30T18:07:02,63,נשים,ראפאת ליד סמוע,language,גרמנית,1
2026-07-30T18:07:02,63,נשים,ראפאת ליד סמוע,language,ליטאית,1
2026-07-30T18:07:02,63,נשים,ראפאת ליד סמוע,language,סינית,1
2026-07-30T18:07:02,63,נשים,ראפאת ליד סמוע,language,עברית,14
2026-07-30T18:07:02,63,נשים,ראפאת ליד סמוע,language,ערבית,4
2026-07-30T18:07:02,63,נשים,ראפאת ליד סמוע,language,רוסית,22
2026-07-30T18:07:24,63,נשים,רווחה,gender,גבר,47
2026-07-30T18:07:24,63,נשים,רווחה,gender,אישה,61
2026-07-30T18:07:24,63,נשים,רווחה,visit_type,ביקור במרפאה,108
2026-07-30T18:07:24,63,נשים,רווחה,visit_type,שיחת טלפון,1
2026-07-30T18:07:24,63,נשים,רווחה,language,אידיש,4
2026-07-30T18:07:24,63,נשים,רווחה,language,אנגלית,13
2026-07-30T18:07:24,63,נשים,רווחה,language,גרמנית,1
2026-07-30T18:07:24,63,נשים,רווחה,language,ליטאית,1
2026-07-30T18:07:24,63,נשים,רווחה,language,סינית,1
2026-07-30T18:07:24,63,נשים,רווחה,language,עברית,8
2026-07-30T18:07:24,63,נשים,רווחה,language,ערבית,3
2026-07-30T18:07:24,63,נשים,רווחה,language,רוסית,14
2026-07-30T18:07:42,63,נשים,רחובות,gender,גבר,63
2026-07-30T18:07:42,63,נשים,רחובות,gender,אישה,70
2026-07-30T18:07:42,63,נשים,רחובות,visit_type,ביקור במרפאה,138
2026-07-30T18:07:42,63,נשים,רחובות,language,אוקראינית,3
2026-07-30T18:07:42,63,נשים,רחובות,language,אידיש,1
2026-07-30T18:07:42,63,נשים,רחובות,language,איטלקית,2
2026-07-30T18:07:42,63,נשים,רחובות,language,אנגלית,29
2026-07-30T18:07:42,63,נשים,רחובות,language,גרוזינית,1
2026-07-30T18:07:42,63,נשים,רחובות,language,הונגרית,2
2026-07-30T18:07:42,63,נשים,רחובות,language,ספרדית,2
2026-07-30T18:07:42,63,נשים,רחובות,language,עברית,48
2026-07-30T18:07:42,63,נשים,רחובות,language,צרפתית,2
2026-07-30T18:07:42,63,נשים,רחובות,language,רוסית,20
2026-07-30T18:08:02,63,נשים,רמון,gender,גבר,47
2026-07-30T18:08:02,63,נשים,רמון,gender,אישה,79
2026-07-30T18:08:02,63,נשים,רמון,visit_type,ביקור במרפאה,131
2026-07-30T18:08:02,63,נשים,רמון,visit_type,שיחת טלפון,16
2026-07-30T18:08:02,63,נשים,רמון,visit_type,שיחת וידאו,1
2026-07-30T18:08:02,63,נשים,רמון,language,אידיש,2
2026-07-30T18:08:02,63,נשים,רמון,language,אנגלית,20
2026-07-30T18:08:02,63,נשים,רמון,language,עברית,24
2026-07-30T18:08:02,63,נשים,רמון,language,ערבית,3
2026-07-30T18:08:02,63,נשים,רמון,language,צרפתית,2
2026-07-30T18:08:02,63,נשים,רמון,language,רוסית,3
2026-07-30T18:08:22,63,נשים,רעים,gender,גבר,47
2026-07-30T18:08:22,63,נשים,רעים,gender,אישה,61
2026-07-30T18:08:22,63,נשים,רעים,visit_type,ביקור במרפאה,108
2026-07-30T18:08:22,63,נשים,רעים,visit_type,שיחת טלפון,1
2026-07-30T18:08:22,63,נשים,רעים,language,אידיש,4
2026-07-30T18:08:22,63,נשים,רעים,language,אנגלית,13
2026-07-30T18:08:22,63,נשים,רעים,language,גרמנית,1
2026-07-30T18:08:22,63,נשים,רעים,language,ליטאית,1
2026-07-30T18:08:22,63,נשים,רעים,language,סינית,1
2026-07-30T18:08:22,63,נשים,רעים,language,עברית,8
2026-07-30T18:08:22,63,נשים,רעים,language,ערבית,3
2026-07-30T18:08:22,63,נשים,רעים,language,רוסית,14
2026-07-30T18:08:39,63,נשים,שבי ציון,gender,גבר,23
2026-07-30T18:08:39,63,נשים,שבי ציון,gender,אישה,64
2026-07-30T18:08:39,63,נשים,שבי ציון,visit_type,ביקור במרפאה,88
2026-07-30T18:08:39,63,נשים,שבי ציון,visit_type,שיחת טלפון,2
2026-07-30T18:08:39,63,נשים,שבי ציון,language,איטלקית,4
2026-07-30T18:08:39,63,נשים,שבי ציון,language,אנגלית,56
2026-07-30T18:08:39,63,נשים,שבי ציון,language,ספרדית,1
2026-07-30T18:08:39,63,נשים,שבי ציון,language,עברית,85
2026-07-30T18:08:39,63,נשים,שבי ציון,language,ערבית,64
2026-07-30T18:08:39,63,נשים,שבי ציון,language,רומנית,4
2026-07-30T18:08:39,63,נשים,שבי ציון,language,רוסית,15
2026-07-30T18:08:55,63,נשים,שדה ורבורג,gender,גבר,72
2026-07-30T18:08:55,63,נשים,שדה ורבורג,gender,אישה,113
2026-07-30T18:08:55,63,נשים,שדה ורבורג,visit_type,ביקור במרפאה,189
2026-07-30T18:08:55,63,נשים,שדה ורבורג,visit_type,שיחת טלפון,2
2026-07-30T18:08:55,63,נשים,שדה ורבורג,language,אידיש,1
2026-07-30T18:08:55,63,נשים,שדה ורבורג,language,איטלקית,1
2026-07-30T18:08:55,63,נשים,שדה ורבורג,language,אנגלית,37
2026-07-30T18:08:55,63,נשים,שדה ורבורג,language,גרמנית,2
2026-07-30T18:08:55,63,נשים,שדה ורבורג,language,ספרדית,1
2026-07-30T18:08:55,63,נשים,שדה ורבורג,language,עברית,64
2026-07-30T18:08:55,63,נשים,שדה ורבורג,language,ערבית,9
2026-07-30T18:08:55,63,נשים,שדה ורבורג,language,צרפתית,3
2026-07-30T18:08:55,63,נשים,שדה ורבורג,language,רומנית,3
2026-07-30T18:08:55,63,נשים,שדה ורבורג,language,רוסית,16
2026-07-30T18:09:16,63,נשים,שומרה,gender,גבר,23
2026-07-30T18:09:16,63,נשים,שומרה,gender,אישה,64
2026-07-30T18:09:16,63,נשים,שומרה,visit_type,ביקור במרפאה,88
2026-07-30T18:09:16,63,נשים,שומרה,visit_type,שיחת טלפון,2
2026-07-30T18:09:16,63,נשים,שומרה,language,איטלקית,4
2026-07-30T18:09:16,63,נשים,שומרה,language,אנגלית,56
2026-07-30T18:09:16,63,נשים,שומרה,language,ספרדית,1
2026-07-30T18:09:16,63,נשים,שומרה,language,עברית,85
2026-07-30T18:09:16,63,נשים,שומרה,language,ערבית,64
2026-07-30T18:09:16,63,נשים,שומרה,language,רומנית,4
2026-07-30T18:09:16,63,נשים,שומרה,language,רוסית,15
2026-07-30T18:09:30,63,נשים,שיבטה,gender,גבר,68
2026-07-30T18:09:30,63,נשים,שיבטה,gender,אישה,86
2026-07-30T18:09:30,63,נשים,שיבטה,visit_type,ביקור במרפאה,156
2026-07-30T18:09:30,63,נשים,שיבטה,visit_type,שיחת טלפון,1
2026-07-30T18:09:30,63,נשים,שיבטה,language,אידיש,4
2026-07-30T18:09:30,63,נשים,שיבטה,language,אנגלית,22
2026-07-30T18:09:30,63,נשים,שיבטה,language,גרמנית,1
2026-07-30T18:09:30,63,נשים,שיבטה,language,ליטאית,1
2026-07-30T18:09:30,63,נשים,שיבטה,language,סינית,1
2026-07-30T18:09:30,63,נשים,שיבטה,language,עברית,14
2026-07-30T18:09:30,63,נשים,שיבטה,language,ערבית,4
2026-07-30T18:09:30,63,נשים,שיבטה,language,רוסית,22
2026-07-30T18:09:52,63,נשים,שלוחות,gender,גבר,48
2026-07-30T18:09:52,63,נשים,שלוחות,gender,אישה,127
2026-07-30T18:09:52,63,נשים,שלוחות,visit_type,ביקור במרפאה,176
2026-07-30T18:09:52,63,נשים,שלוחות,visit_type,שיחת טלפון,1
2026-07-30T18:09:52,63,נשים,שלוחות,language,איטלקית,1
2026-07-30T18:09:52,63,נשים,שלוחות,language,אנגלית,29
2026-07-30T18:09:52,63,נשים,שלוחות,language,הונגרית,1
2026-07-30T18:09:52,63,נשים,שלוחות,language,עברית,50
2026-07-30T18:09:52,63,נשים,שלוחות,language,ערבית,28
2026-07-30T18:09:52,63,נשים,שלוחות,language,רומנית,1
2026-07-30T18:09:52,63,נשים,שלוחות,language,רוסית,11
2026-07-30T18:10:14,63,נשים,שעב,gender,אישה,82
2026-07-30T18:10:14,63,נשים,שעב,gender,גבר,37
2026-07-30T18:10:14,63,נשים,שעב,visit_type,ביקור במרפאה,120
2026-07-30T18:10:14,63,נשים,שעב,visit_type,שיחת טלפון,2
2026-07-30T18:10:14,63,נשים,שעב,language,אידיש,1
2026-07-30T18:10:14,63,נשים,שעב,language,איטלקית,4
2026-07-30T18:10:14,63,נשים,שעב,language,אנגלית,75
2026-07-30T18:10:14,63,נשים,שעב,language,ספרדית,1
2026-07-30T18:10:14,63,נשים,שעב,language,עברית,115
2026-07-30T18:10:14,63,נשים,שעב,language,ערבית,74
2026-07-30T18:10:14,63,נשים,שעב,language,צרפתית,2
2026-07-30T18:10:14,63,נשים,שעב,language,רומנית,6
2026-07-30T18:10:14,63,נשים,שעב,language,רוסית,24
2026-07-30T18:10:14,63,נשים,שעב,language,שוודית,1
2026-07-30T18:10:32,63,נשים,שפר,gender,גבר,29
2026-07-30T18:10:32,63,נשים,שפר,gender,אישה,58
2026-07-30T18:10:32,63,נשים,שפר,visit_type,ביקור במרפאה,87
2026-07-30T18:10:32,63,נשים,שפר,language,אנגלית,9
2026-07-30T18:10:32,63,נשים,שפר,language,עברית,13
2026-07-30T18:10:32,63,נשים,שפר,language,ערבית,4
2026-07-30T18:10:32,63,נשים,שפר,language,רוסית,3
2026-07-30T18:10:48,63,נשים,תאשור,gender,גבר,68
2026-07-30T18:10:48,63,נשים,תאשור,gender,אישה,86
2026-07-30T18:10:48,63,נשים,תאשור,visit_type,ביקור במרפאה,156
2026-07-30T18:10:48,63,נשים,תאשור,visit_type,שיחת טלפון,1
2026-07-30T18:10:48,63,נשים,תאשור,language,אידיש,4
2026-07-30T18:10:48,63,נשים,תאשור,language,אנגלית,22
2026-07-30T18:10:48,63,נשים,תאשור,language,גרמנית,1
2026-07-30T18:10:48,63,נשים,תאשור,language,ליטאית,1
2026-07-30T18:10:48,63,נשים,תאשור,language,סינית,1
2026-07-30T18:10:48,63,נשים,תאשור,language,עברית,14
2026-07-30T18:10:48,63,נשים,תאשור,language,ערבית,4
2026-07-30T18:10:48,63,נשים,תאשור,language,רוסית,22
2026-07-30T18:11:07,63,נשים,תירוש,gender,גבר,28
2026-07-30T18:11:07,63,נשים,תירוש,gender,אישה,31
2026-07-30T18:11:07,63,נשים,תירוש,visit_type,ביקור במרפאה,63
2026-07-30T18:11:07,63,נשים,תירוש,language,אוקראינית,2
2026-07-30T18:11:07,63,נשים,תירוש,language,איטלקית,1
2026-07-30T18:11:07,63,נשים,תירוש,language,אנגלית,13
2026-07-30T18:11:07,63,נשים,תירוש,language,גרוזינית,1
2026-07-30T18:11:07,63,נשים,תירוש,language,הונגרית,1
2026-07-30T18:11:07,63,נשים,תירוש,language,ספרדית,1
2026-07-30T18:11:07,63,נשים,תירוש,language,עברית,20
2026-07-30T18:11:07,63,נשים,תירוש,language,צרפתית,2
2026-07-30T18:11:07,63,נשים,תירוש,language,רוסית,10
2026-07-30T18:11:18,63,נשים,תל קציר,gender,גבר,29
2026-07-30T18:11:18,63,נשים,תל קציר,gender,אישה,58
2026-07-30T18:11:18,63,נשים,תל קציר,visit_type,ביקור במרפאה,87
2026-07-30T18:11:18,63,נשים,תל קציר,language,אנגלית,9
2026-07-30T18:11:18,63,נשים,תל קציר,language,עברית,13
2026-07-30T18:11:18,63,נשים,תל קציר,language,ערבית,4
2026-07-30T18:11:18,63,נשים,תל קציר,language,רוסית,3
2026-07-30T18:11:34,63,נשים,תעשיון תמ''ד,gender,גבר,68
2026-07-30T18:11:34,63,נשים,תעשיון תמ''ד,gender,אישה,86
2026-07-30T18:11:34,63,נשים,תעשיון תמ''ד,visit_type,ביקור במרפאה,156
2026-07-30T18:11:34,63,נשים,תעשיון תמ''ד,visit_type,שיחת טלפון,1
2026-07-30T18:11:34,63,נשים,תעשיון תמ''ד,language,אידיש,4
2026-07-30T18:11:34,63,נשים,תעשיון תמ''ד,language,אנגלית,22
2026-07-30T18:11:34,63,נשים,תעשיון תמ''ד,language,גרמנית,1
2026-07-30T18:11:34,63,נשים,תעשיון תמ''ד,language,ליטאית,1
2026-07-30T18:11:34,63,נשים,תעשיון תמ''ד,language,סינית,1
2026-07-30T18:11:34,63,נשים,תעשיון תמ''ד,language,עברית,14
2026-07-30T18:11:34,63,נשים,תעשיון תמ''ד,language,ערבית,4
2026-07-30T18:11:34,63,נשים,תעשיון תמ''ד,language,רוסית,22
2026-07-30T18:11:54,63,נשים,תרקומיא,gender,גבר,47
2026-07-30T18:11:54,63,נשים,תרקומיא,gender,אישה,79
2026-07-30T18:11:54,63,נשים,תרקומיא,visit_type,ביקור במרפאה,131
2026-07-30T18:11:54,63,נשים,תרקומיא,visit_type,שיחת טלפון,16
2026-07-30T18:11:54,63,נשים,תרקומיא,visit_type,שיחת וידאו,1
2026-07-30T18:11:54,63,נשים,תרקומיא,language,אידיש,2
2026-07-30T18:11:54,63,נשים,תרקומיא,language,אנגלית,20
2026-07-30T18:11:54,63,נשים,תרקומיא,language,עברית,24
2026-07-30T18:11:54,63,נשים,תרקומיא,language,ערבית,3
2026-07-30T18:11:54,63,נשים,תרקומיא,language,צרפתית,2
2026-07-30T18:11:54,63,נשים,תרקומיא,language,רוסית,3
2026-07-30T18:12:14,31,עור,א לובאן,gender,גבר,25
2026-07-30T18:12:14,31,עור,א לובאן,gender,אישה,13
2026-07-30T18:12:14,31,עור,א לובאן,visit_type,ביקור במרפאה,46
2026-07-30T18:12:14,31,עור,א לובאן,language,איטלקית,1
2026-07-30T18:12:14,31,עור,א לובאן,language,אנגלית,26
2026-07-30T18:12:14,31,עור,א לובאן,language,גרמנית,2
2026-07-30T18:12:14,31,עור,א לובאן,language,ספרדית,4
2026-07-30T18:12:14,31,עור,א לובאן,language,עברית,45
2026-07-30T18:12:14,31,עור,א לובאן,language,ערבית,7
2026-07-30T18:12:14,31,עור,א לובאן,language,צרפתית,3
2026-07-30T18:12:14,31,עור,א לובאן,language,רוסית,5
2026-07-30T18:12:28,31,עור,אבו כף אום בטין,gender,גבר,22
2026-07-30T18:12:28,31,עור,אבו כף אום בטין,gender,אישה,10
2026-07-30T18:12:28,31,עור,אבו כף אום בטין,visit_type,ביקור במרפאה,34
2026-07-30T18:12:28,31,עור,אבו כף אום בטין,language,אנגלית,4
2026-07-30T18:12:28,31,עור,אבו כף אום בטין,language,בולגרית,1
2026-07-30T18:12:28,31,עור,אבו כף אום בטין,language,עברית,6
2026-07-30T18:12:28,31,עור,אבו כף אום בטין,language,ערבית,1
2026-07-30T18:12:28,31,עור,אבו כף אום בטין,language,רוסית,2
2026-07-30T18:12:37,31,עור,אדמית,gender,גבר,35
2026-07-30T18:12:37,31,עור,אדמית,gender,אישה,3
2026-07-30T18:12:37,31,עור,אדמית,visit_type,ביקור במרפאה,38
2026-07-30T18:12:37,31,עור,אדמית,language,אנגלית,19
2026-07-30T18:12:37,31,עור,אדמית,language,גרמנית,7
2026-07-30T18:12:37,31,עור,אדמית,language,עברית,38
2026-07-30T18:12:37,31,עור,אדמית,language,ערבית,35
2026-07-30T18:12:37,31,עור,אדמית,language,רומנית,10
2026-07-30T18:12:37,31,עור,אדמית,language,רוסית,2
2026-07-30T18:12:44,31,עור,אום אל קוטוף,gender,גבר,59
2026-07-30T18:12:44,31,עור,אום אל קוטוף,gender,אישה,21
2026-07-30T18:12:44,31,עור,אום אל קוטוף,visit_type,ביקור במרפאה,81
2026-07-30T18:12:44,31,עור,אום אל קוטוף,language,איטלקית,1
2026-07-30T18:12:44,31,עור,אום אל קוטוף,language,אנגלית,23
2026-07-30T18:12:44,31,עור,אום אל קוטוף,language,עברית,27
2026-07-30T18:12:44,31,עור,אום אל קוטוף,language,ערבית,14
2026-07-30T18:12:44,31,עור,אום אל קוטוף,language,צרפתית,2
2026-07-30T18:12:44,31,עור,אום אל קוטוף,language,רומנית,1
2026-07-30T18:12:44,31,עור,אום אל קוטוף,language,רוסית,10
2026-07-30T18:13:01,31,עור,אחיהוד,gender,גבר,45
2026-07-30T18:13:01,31,עור,אחיהוד,gender,אישה,6
2026-07-30T18:13:01,31,עור,אחיהוד,visit_type,ביקור במרפאה,52
2026-07-30T18:13:01,31,עור,אחיהוד,language,אידיש,1
2026-07-30T18:13:01,31,עור,אחיהוד,language,אנגלית,28
2026-07-30T18:13:01,31,עור,אחיהוד,language,גרמנית,7
2026-07-30T18:13:01,31,עור,אחיהוד,language,עברית,51
2026-07-30T18:13:01,31,עור,אחיהוד,language,ערבית,45
2026-07-30T18:13:01,31,עור,אחיהוד,language,רומנית,12
2026-07-30T18:13:01,31,עור,אחיהוד,language,רוסית,3
2026-07-30T18:13:11,31,עור,איכתאבא,gender,אישה,15
2026-07-30T18:13:11,31,עור,איכתאבא,gender,גבר,33
2026-07-30T18:13:11,31,עור,איכתאבא,visit_type,ביקור במרפאה,49
2026-07-30T18:13:11,31,עור,איכתאבא,language,איטלקית,1
2026-07-30T18:13:11,31,עור,איכתאבא,language,אנגלית,5
2026-07-30T18:13:11,31,עור,איכתאבא,language,עברית,9
2026-07-30T18:13:11,31,עור,איכתאבא,language,ערבית,1
2026-07-30T18:13:11,31,עור,איכתאבא,language,צרפתית,2
2026-07-30T18:13:11,31,עור,איכתאבא,language,רומנית,1
2026-07-30T18:13:11,31,עור,איכתאבא,language,רוסית,6
2026-07-30T18:13:24,31,עור,אל חדב,gender,גבר,30
2026-07-30T18:13:24,31,עור,אל חדב,gender,אישה,13
2026-07-30T18:13:24,31,עור,אל חדב,visit_type,ביקור במרפאה,45
2026-07-30T18:13:24,31,עור,אל חדב,language,אנגלית,6
2026-07-30T18:13:24,31,עור,אל חדב,language,בולגרית,1
2026-07-30T18:13:24,31,עור,אל חדב,language,עברית,9
2026-07-30T18:13:24,31,עור,אל חדב,language,ערבית,1
2026-07-30T18:13:24,31,עור,אל חדב,language,רוסית,5
2026-07-30T18:13:36,31,עור,אניעם,gender,גבר,47
2026-07-30T18:13:36,31,עור,אניעם,gender,אישה,6
2026-07-30T18:13:36,31,עור,אניעם,visit_type,ביקור במרפאה,53
2026-07-30T18:13:36,31,עור,אניעם,language,אנגלית,21
2026-07-30T18:13:36,31,עור,אניעם,language,עברית,21
2026-07-30T18:13:36,31,עור,אניעם,language,ערבית,17
2026-07-30T18:13:36,31,עור,אניעם,language,רומנית,4
2026-07-30T18:13:36,31,עור,אניעם,language,רוסית,2
2026-07-30T18:13:44,31,עור,ארגמן,gender,גבר,24
2026-07-30T18:13:44,31,עור,ארגמן,gender,אישה,19
2026-07-30T18:13:44,31,עור,ארגמן,visit_type,ביקור במרפאה,45
2026-07-30T18:13:44,31,עור,ארגמן,language,אנגלית,6
2026-07-30T18:13:44,31,עור,ארגמן,language,ספרדית,1
2026-07-30T18:13:44,31,עור,ארגמן,language,עברית,13
2026-07-30T18:13:44,31,עור,ארגמן,language,צרפתית,4
2026-07-30T18:13:44,31,עור,ארגמן,language,רוסית,7
2026-07-30T18:13:53,31,עור,אשחר,gender,גבר,45
2026-07-30T18:13:53,31,עור,אשחר,gender,אישה,6
2026-07-30T18:13:53,31,עור,אשחר,visit_type,ביקור במרפאה,52
2026-07-30T18:13:53,31,עור,אשחר,language,אידיש,1
2026-07-30T18:13:53,31,עור,אשחר,language,אנגלית,28
2026-07-30T18:13:53,31,עור,אשחר,language,גרמנית,7
2026-07-30T18:13:53,31,עור,אשחר,language,עברית,51
2026-07-30T18:13:53,31,עור,אשחר,language,ערבית,45
2026-07-30T18:13:53,31,עור,אשחר,language,רומנית,12
2026-07-30T18:13:53,31,עור,אשחר,language,רוסית,3
2026-07-30T18:14:03,31,עור,באר טוביה,gender,גבר,18
2026-07-30T18:14:03,31,עור,באר טוביה,gender,אישה,6
2026-07-30T18:14:03,31,עור,באר טוביה,visit_type,ביקור במרפאה,24
2026-07-30T18:14:03,31,עור,באר טוביה,language,אנגלית,7
2026-07-30T18:14:03,31,עור,באר טוביה,language,אפריקנס,1
2026-07-30T18:14:03,31,עור,באר טוביה,language,הולנדית,1
2026-07-30T18:14:03,31,עור,באר טוביה,language,עברית,10
2026-07-30T18:14:03,31,עור,באר טוביה,language,רוסית,6
2026-07-30T18:14:07,31,עור,בורגתה,gender,אישה,15
2026-07-30T18:14:07,31,עור,בורגתה,gender,גבר,33
2026-07-30T18:14:07,31,עור,בורגתה,visit_type,ביקור במרפאה,49
2026-07-30T18:14:07,31,עור,בורגתה,language,איטלקית,1
2026-07-30T18:14:07,31,עור,בורגתה,language,אנגלית,5
2026-07-30T18:14:07,31,עור,בורגתה,language,עברית,9
2026-07-30T18:14:07,31,עור,בורגתה,language,ערבית,1
2026-07-30T18:14:07,31,עור,בורגתה,language,צרפתית,2
2026-07-30T18:14:07,31,עור,בורגתה,language,רומנית,1
2026-07-30T18:14:07,31,עור,בורגתה,language,רוסית,6
2026-07-30T18:14:19,31,עור,בידיה,gender,גבר,25
2026-07-30T18:14:19,31,עור,בידיה,gender,אישה,13
2026-07-30T18:14:19,31,עור,בידיה,visit_type,ביקור במרפאה,46
2026-07-30T18:14:19,31,עור,בידיה,language,איטלקית,1
2026-07-30T18:14:19,31,עור,בידיה,language,אנגלית,26
2026-07-30T18:14:19,31,עור,בידיה,language,גרמנית,2
2026-07-30T18:14:19,31,עור,בידיה,language,ספרדית,4
2026-07-30T18:14:19,31,עור,בידיה,language,עברית,45
2026-07-30T18:14:19,31,עור,בידיה,language,ערבית,7
2026-07-30T18:14:19,31,עור,בידיה,language,צרפתית,3
2026-07-30T18:14:19,31,עור,בידיה,language,רוסית,5
2026-07-30T18:14:33,31,עור,בלפוריה,gender,גבר,73
2026-07-30T18:14:33,31,עור,בלפוריה,gender,אישה,12
2026-07-30T18:14:33,31,עור,בלפוריה,visit_type,ביקור במרפאה,85
2026-07-30T18:14:33,31,עור,בלפוריה,language,איטלקית,1
2026-07-30T18:14:33,31,עור,בלפוריה,language,אנגלית,35
2026-07-30T18:14:33,31,עור,בלפוריה,language,עברית,39
2026-07-30T18:14:33,31,עור,בלפוריה,language,ערבית,28
2026-07-30T18:14:33,31,עור,בלפוריה,language,רומנית,5
2026-07-30T18:14:33,31,עור,בלפוריה,language,רוסית,10
2026-07-30T18:14:47,31,עור,בני עי''ש,gender,גבר,18
2026-07-30T18:14:47,31,עור,בני עי''ש,gender,אישה,6
2026-07-30T18:14:47,31,עור,בני עי''ש,visit_type,ביקור במרפאה,24
2026-07-30T18:14:47,31,עור,בני עי''ש,language,אנגלית,7
2026-07-30T18:14:47,31,עור,בני עי''ש,language,אפריקנס,1
2026-07-30T18:14:47,31,עור,בני עי''ש,language,הולנדית,1
2026-07-30T18:14:47,31,עור,בני עי''ש,language,עברית,10
2026-07-30T18:14:47,31,עור,בני עי''ש,language,רוסית,6
2026-07-30T18:14:51,31,עור,ברדלה,gender,גבר,24
2026-07-30T18:14:51,31,עור,ברדלה,gender,אישה,19
2026-07-30T18:14:51,31,עור,ברדלה,visit_type,ביקור במרפאה,45
2026-07-30T18:14:51,31,עור,ברדלה,language,אנגלית,6
2026-07-30T18:14:51,31,עור,ברדלה,language,ספרדית,1
2026-07-30T18:14:51,31,עור,ברדלה,language,עברית,13
2026-07-30T18:14:51,31,עור,ברדלה,language,צרפתית,4
2026-07-30T18:14:51,31,עור,ברדלה,language,רוסית,7
2026-07-30T18:15:00,31,עור,בת ים,gender,גבר,25
2026-07-30T18:15:00,31,עור,בת ים,gender,אישה,17
2026-07-30T18:15:00,31,עור,בת ים,visit_type,ביקור במרפאה,47
2026-07-30T18:15:00,31,עור,בת ים,language,אידיש,1
2026-07-30T18:15:00,31,עור,בת ים,language,אנגלית,12
2026-07-30T18:15:00,31,עור,בת ים,language,אפריקנס,2
2026-07-30T18:15:00,31,עור,בת ים,language,גרמנית,1
2026-07-30T18:15:00,31,עור,בת ים,language,הולנדית,2
2026-07-30T18:15:00,31,עור,בת ים,language,עברית,19
2026-07-30T18:15:00,31,עור,בת ים,language,צרפתית,1
2026-07-30T18:15:00,31,עור,בת ים,language,רומנית,1
2026-07-30T18:15:00,31,עור,בת ים,language,רוסית,4
2026-07-30T18:15:12,31,עור,גאליה,gender,גבר,38
2026-07-30T18:15:12,31,עור,גאליה,gender,אישה,13
2026-07-30T18:15:12,31,עור,גאליה,visit_type,ביקור במרפאה,52
2026-07-30T18:15:12,31,עור,גאליה,visit_type,שיחת טלפון,2
2026-07-30T18:15:12,31,עור,גאליה,language,אנגלית,10
2026-07-30T18:15:12,31,עור,גאליה,language,אפריקנס,1
2026-07-30T18:15:12,31,עור,גאליה,language,גרמנית,1
2026-07-30T18:15:12,31,עור,גאליה,language,הולנדית,1
2026-07-30T18:15:12,31,עור,גאליה,language,עברית,16
2026-07-30T18:15:12,31,עור,גאליה,language,צרפתית,1
2026-07-30T18:15:12,31,עור,גאליה,language,רומנית,1
2026-07-30T18:15:12,31,עור,גאליה,language,רוסית,7
2026-07-30T18:15:22,31,עור,גבעות עדן,gender,גבר,24
2026-07-30T18:15:22,31,עור,גבעות עדן,gender,אישה,19
2026-07-30T18:15:22,31,עור,גבעות עדן,visit_type,ביקור במרפאה,45
2026-07-30T18:15:22,31,עור,גבעות עדן,language,אנגלית,6
2026-07-30T18:15:22,31,עור,גבעות עדן,language,ספרדית,1
2026-07-30T18:15:22,31,עור,גבעות עדן,language,עברית,13
2026-07-30T18:15:22,31,עור,גבעות עדן,language,צרפתית,4
2026-07-30T18:15:22,31,עור,גבעות עדן,language,רוסית,7
2026-07-30T18:15:32,31,עור,גיאה,gender,אישה,9
2026-07-30T18:15:32,31,עור,גיאה,gender,גבר,21
2026-07-30T18:15:32,31,עור,גיאה,visit_type,ביקור במרפאה,32
2026-07-30T18:15:32,31,עור,גיאה,language,אנגלית,4
2026-07-30T18:15:32,31,עור,גיאה,language,בולגרית,1
2026-07-30T18:15:32,31,עור,גיאה,language,עברית,7
2026-07-30T18:15:32,31,עור,גיאה,language,רוסית,5
2026-07-30T18:15:44,31,עור,גלאון,gender,אישה,9
2026-07-30T18:15:44,31,עור,גלאון,gender,גבר,21
2026-07-30T18:15:44,31,עור,גלאון,visit_type,ביקור במרפאה,32
2026-07-30T18:15:44,31,עור,גלאון,language,אנגלית,4
2026-07-30T18:15:44,31,עור,גלאון,language,בולגרית,1
2026-07-30T18:15:44,31,עור,גלאון,language,עברית,7
2026-07-30T18:15:44,31,עור,גלאון,language,רוסית,5
2026-07-30T18:15:54,31,עור,גני מודיעין,gender,גבר,34
2026-07-30T18:15:54,31,עור,גני מודיעין,gender,אישה,9
2026-07-30T18:15:54,31,עור,גני מודיעין,visit_type,ביקור במרפאה,43
2026-07-30T18:15:54,31,עור,גני מודיעין,visit_type,שיחת טלפון,2
2026-07-30T18:15:54,31,עור,גני מודיעין,language,אנגלית,7
2026-07-30T18:15:54,31,עור,גני מודיעין,language,אפריקנס,1
2026-07-30T18:15:54,31,עור,גני מודיעין,language,הולנדית,1
2026-07-30T18:15:54,31,עור,גני מודיעין,language,עברית,12
2026-07-30T18:15:54,31,עור,גני מודיעין,language,רוסית,6
2026-07-30T18:16:03,31,עור,גת,gender,אישה,9
2026-07-30T18:16:03,31,עור,גת,gender,גבר,21
2026-07-30T18:16:03,31,עור,גת,visit_type,ביקור במרפאה,32
2026-07-30T18:16:03,31,עור,גת,language,אנגלית,4
2026-07-30T18:16:03,31,עור,גת,language,בולגרית,1
2026-07-30T18:16:03,31,עור,גת,language,עברית,7
2026-07-30T18:16:03,31,עור,גת,language,רוסית,5
2026-07-30T18:16:15,31,עור,דהרייה,gender,גבר,30
2026-07-30T18:16:15,31,עור,דהרייה,gender,אישה,13
2026-07-30T18:16:15,31,עור,דהרייה,visit_type,ביקור במרפאה,45
2026-07-30T18:16:15,31,עור,דהרייה,language,אנגלית,6
2026-07-30T18:16:15,31,עור,דהרייה,language,בולגרית,1
2026-07-30T18:16:15,31,עור,דהרייה,language,עברית,9
2026-07-30T18:16:15,31,עור,דהרייה,language,ערבית,1
2026-07-30T18:16:15,31,עור,דהרייה,language,רוסית,5
2026-07-30T18:16:28,31,עור,דייר אל אסד,gender,גבר,63
2026-07-30T18:16:28,31,עור,דייר אל אסד,gender,אישה,10
2026-07-30T18:16:28,31,עור,דייר אל אסד,visit_type,ביקור במרפאה,75
2026-07-30T18:16:28,31,עור,דייר אל אסד,language,אידיש,2
2026-07-30T18:16:28,31,עור,דייר אל אסד,language,אנגלית,49
2026-07-30T18:16:28,31,עור,דייר אל אסד,language,גרמנית,7
2026-07-30T18:16:28,31,עור,דייר אל אסד,language,עברית,72
2026-07-30T18:16:28,31,עור,דייר אל אסד,language,ערבית,60
2026-07-30T18:16:28,31,עור,דייר אל אסד,language,צרפתית,1
2026-07-30T18:16:28,31,עור,דייר אל אסד,language,רומנית,15
2026-07-30T18:16:28,31,עור,דייר אל אסד,language,רוסית,7
2026-07-30T18:16:44,31,עור,דליה,gender,גבר,60
2026-07-30T18:16:44,31,עור,דליה,gender,אישה,17
2026-07-30T18:16:44,31,עור,דליה,visit_type,ביקור במרפאה,79
2026-07-30T18:16:44,31,עור,דליה,language,אידיש,2
2026-07-30T18:16:44,31,עור,דליה,language,איטלקית,1
2026-07-30T18:16:44,31,עור,דליה,language,אנגלית,40
2026-07-30T18:16:44,31,עור,דליה,language,עברית,48
2026-07-30T18:16:44,31,עור,דליה,language,ערבית,29
2026-07-30T18:16:44,31,עור,דליה,language,צרפתית,1
2026-07-30T18:16:44,31,עור,דליה,language,רומנית,6
2026-07-30T18:16:44,31,עור,דליה,language,רוסית,13
2026-07-30T18:17:00,31,עור,הגושרים,gender,גבר,47
2026-07-30T18:17:00,31,עור,הגושרים,gender,אישה,6
2026-07-30T18:17:00,31,עור,הגושרים,visit_type,ביקור במרפאה,53
2026-07-30T18:17:00,31,עור,הגושרים,language,אנגלית,21
2026-07-30T18:17:00,31,עור,הגושרים,language,עברית,21
2026-07-30T18:17:00,31,עור,הגושרים,language,ערבית,17
2026-07-30T18:17:00,31,עור,הגושרים,language,רומנית,4
2026-07-30T18:17:00,31,עור,הגושרים,language,רוסית,2
2026-07-30T18:17:11,31,עור,החותרים,gender,גבר,60
2026-07-30T18:17:11,31,עור,החותרים,gender,אישה,17
2026-07-30T18:17:11,31,עור,החותרים,visit_type,ביקור במרפאה,79
2026-07-30T18:17:11,31,עור,החותרים,language,אידיש,2
2026-07-30T18:17:11,31,עור,החותרים,language,איטלקית,1
2026-07-30T18:17:11,31,עור,החותרים,language,אנגלית,40
2026-07-30T18:17:11,31,עור,החותרים,language,עברית,48
2026-07-30T18:17:11,31,עור,החותרים,language,ערבית,29
2026-07-30T18:17:11,31,עור,החותרים,language,צרפתית,1
2026-07-30T18:17:11,31,עור,החותרים,language,רומנית,6
2026-07-30T18:17:11,31,עור,החותרים,language,רוסית,13
2026-07-30T18:17:26,31,עור,הראל,gender,גבר,24
2026-07-30T18:17:26,31,עור,הראל,gender,אישה,19
2026-07-30T18:17:26,31,עור,הראל,visit_type,ביקור במרפאה,45
2026-07-30T18:17:26,31,עור,הראל,language,אנגלית,6
2026-07-30T18:17:26,31,עור,הראל,language,ספרדית,1
2026-07-30T18:17:26,31,עור,הראל,language,עברית,13
2026-07-30T18:17:26,31,עור,הראל,language,צרפתית,4
2026-07-30T18:17:26,31,עור,הראל,language,רוסית,7
2026-07-30T18:17:36,31,עור,זבארגה,gender,גבר,22
2026-07-30T18:17:36,31,עור,זבארגה,gender,אישה,10
2026-07-30T18:17:36,31,עור,זבארגה,visit_type,ביקור במרפאה,34
2026-07-30T18:17:36,31,עור,זבארגה,language,אנגלית,4
2026-07-30T18:17:36,31,עור,זבארגה,language,בולגרית,1
2026-07-30T18:17:36,31,עור,זבארגה,language,עברית,6
2026-07-30T18:17:36,31,עור,זבארגה,language,ערבית,1
2026-07-30T18:17:36,31,עור,זבארגה,language,רוסית,2
2026-07-30T18:17:46,31,עור,זכרון יעקב,gender,אישה,21
2026-07-30T18:17:46,31,עור,זכרון יעקב,gender,גבר,59
2026-07-30T18:17:46,31,עור,זכרון יעקב,visit_type,ביקור במרפאה,81
2026-07-30T18:17:46,31,עור,זכרון יעקב,language,איטלקית,1
2026-07-30T18:17:46,31,עור,זכרון יעקב,language,אנגלית,23
2026-07-30T18:17:46,31,עור,זכרון יעקב,language,עברית,27
2026-07-30T18:17:46,31,עור,זכרון יעקב,language,ערבית,14
2026-07-30T18:17:46,31,עור,זכרון יעקב,language,צרפתית,2
2026-07-30T18:17:46,31,עור,זכרון יעקב,language,רומנית,1
2026-07-30T18:17:46,31,עור,זכרון יעקב,language,רוסית,10
2026-07-30T18:18:03,31,עור,ח'אן יונס,gender,גבר,30
2026-07-30T18:18:03,31,עור,ח'אן יונס,gender,אישה,13
2026-07-30T18:18:03,31,עור,ח'אן יונס,visit_type,ביקור במרפאה,45
2026-07-30T18:18:03,31,עור,ח'אן יונס,language,אנגלית,6
2026-07-30T18:18:03,31,עור,ח'אן יונס,language,בולגרית,1
2026-07-30T18:18:03,31,עור,ח'אן יונס,language,עברית,9
2026-07-30T18:18:03,31,עור,ח'אן יונס,language,ערבית,1
2026-07-30T18:18:03,31,עור,ח'אן יונס,language,רוסית,5
2026-07-30T18:18:17,31,עור,חד נס,gender,גבר,47
2026-07-30T18:18:17,31,עור,חד נס,gender,אישה,6
2026-07-30T18:18:17,31,עור,חד נס,visit_type,ביקור במרפאה,53
2026-07-30T18:18:17,31,עור,חד נס,language,אנגלית,21
2026-07-30T18:18:17,31,עור,חד נס,language,עברית,21
2026-07-30T18:18:17,31,עור,חד נס,language,ערבית,17
2026-07-30T18:18:17,31,עור,חד נס,language,רומנית,4
2026-07-30T18:18:17,31,עור,חד נס,language,רוסית,2
2026-07-30T18:18:25,31,עור,חוסנייה,gender,גבר,45
2026-07-30T18:18:25,31,עור,חוסנייה,gender,אישה,6
2026-07-30T18:18:25,31,עור,חוסנייה,visit_type,ביקור במרפאה,52
2026-07-30T18:18:25,31,עור,חוסנייה,language,אידיש,1
2026-07-30T18:18:25,31,עור,חוסנייה,language,אנגלית,28
2026-07-30T18:18:25,31,עור,חוסנייה,language,גרמנית,7
2026-07-30T18:18:25,31,עור,חוסנייה,language,עברית,51
2026-07-30T18:18:25,31,עור,חוסנייה,language,ערבית,45
2026-07-30T18:18:25,31,עור,חוסנייה,language,רומנית,12
2026-07-30T18:18:25,31,עור,חוסנייה,language,רוסית,3
2026-07-30T18:18:37,31,עור,חלץ,gender,אישה,9
2026-07-30T18:18:37,31,עור,חלץ,gender,גבר,21
2026-07-30T18:18:37,31,עור,חלץ,visit_type,ביקור במרפאה,32
2026-07-30T18:18:37,31,עור,חלץ,language,אנגלית,4
2026-07-30T18:18:37,31,עור,חלץ,language,בולגרית,1
2026-07-30T18:18:37,31,עור,חלץ,language,עברית,7
2026-07-30T18:18:37,31,עור,חלץ,language,רוסית,5
2026-07-30T18:18:47,31,עור,חפץ חיים,gender,גבר,18
2026-07-30T18:18:47,31,עור,חפץ חיים,gender,אישה,6
2026-07-30T18:18:47,31,עור,חפץ חיים,visit_type,ביקור במרפאה,24
2026-07-30T18:18:47,31,עור,חפץ חיים,language,אנגלית,7
2026-07-30T18:18:47,31,עור,חפץ חיים,language,אפריקנס,1
2026-07-30T18:18:47,31,עור,חפץ חיים,language,הולנדית,1
2026-07-30T18:18:47,31,עור,חפץ חיים,language,עברית,10
2026-07-30T18:18:47,31,עור,חפץ חיים,language,רוסית,6
2026-07-30T18:18:52,31,עור,חריש,gender,גבר,59
2026-07-30T18:18:52,31,עור,חריש,gender,אישה,21
2026-07-30T18:18:52,31,עור,חריש,visit_type,ביקור במרפאה,81
2026-07-30T18:18:52,31,עור,חריש,language,איטלקית,1
2026-07-30T18:18:52,31,עור,חריש,language,אנגלית,23
2026-07-30T18:18:52,31,עור,חריש,language,עברית,27
2026-07-30T18:18:52,31,עור,חריש,language,ערבית,14
2026-07-30T18:18:52,31,עור,חריש,language,צרפתית,2
2026-07-30T18:18:52,31,עור,חריש,language,רומנית,1
2026-07-30T18:18:52,31,עור,חריש,language,רוסית,10
2026-07-30T18:19:08,31,עור,טייבה,gender,גבר,33
2026-07-30T18:19:08,31,עור,טייבה,gender,אישה,15
2026-07-30T18:19:08,31,עור,טייבה,visit_type,ביקור במרפאה,49
2026-07-30T18:19:08,31,עור,טייבה,language,איטלקית,1
2026-07-30T18:19:08,31,עור,טייבה,language,אנגלית,5
2026-07-30T18:19:08,31,עור,טייבה,language,עברית,9
2026-07-30T18:19:08,31,עור,טייבה,language,ערבית,1
2026-07-30T18:19:08,31,עור,טייבה,language,צרפתית,2
2026-07-30T18:19:08,31,עור,טייבה,language,רומנית,1
2026-07-30T18:19:08,31,עור,טייבה,language,רוסית,6
2026-07-30T18:19:21,31,עור,טללים,gender,גבר,22
2026-07-30T18:19:21,31,עור,טללים,gender,אישה,10
2026-07-30T18:19:21,31,עור,טללים,visit_type,ביקור במרפאה,34
2026-07-30T18:19:21,31,עור,טללים,language,אנגלית,4
2026-07-30T18:19:21,31,עור,טללים,language,בולגרית,1
2026-07-30T18:19:21,31,עור,טללים,language,עברית,6
2026-07-30T18:19:21,31,עור,טללים,language,ערבית,1
2026-07-30T18:19:21,31,עור,טללים,language,רוסית,2
2026-07-30T18:19:31,31,עור,יאסוף,gender,גבר,25
2026-07-30T18:19:31,31,עור,יאסוף,gender,אישה,13
2026-07-30T18:19:31,31,עור,יאסוף,visit_type,ביקור במרפאה,46
2026-07-30T18:19:31,31,עור,יאסוף,language,איטלקית,1
2026-07-30T18:19:31,31,עור,יאסוף,language,אנגלית,26
2026-07-30T18:19:31,31,עור,יאסוף,language,גרמנית,2
2026-07-30T18:19:31,31,עור,יאסוף,language,ספרדית,4
2026-07-30T18:19:31,31,עור,יאסוף,language,עברית,45
2026-07-30T18:19:31,31,עור,יאסוף,language,ערבית,7
2026-07-30T18:19:31,31,עור,יאסוף,language,צרפתית,3
2026-07-30T18:19:31,31,עור,יאסוף,language,רוסית,5
2026-07-30T18:19:42,31,עור,יד השמונה,gender,גבר,24
2026-07-30T18:19:42,31,עור,יד השמונה,gender,אישה,19
2026-07-30T18:19:42,31,עור,יד השמונה,visit_type,ביקור במרפאה,45
2026-07-30T18:19:42,31,עור,יד השמונה,language,אנגלית,6
2026-07-30T18:19:42,31,עור,יד השמונה,language,ספרדית,1
2026-07-30T18:19:42,31,עור,יד השמונה,language,עברית,13
2026-07-30T18:19:42,31,עור,יד השמונה,language,צרפתית,4
2026-07-30T18:19:42,31,עור,יד השמונה,language,רוסית,7
2026-07-30T18:19:51,31,עור,יודפת,gender,גבר,45
2026-07-30T18:19:51,31,עור,יודפת,gender,אישה,6
2026-07-30T18:19:51,31,עור,יודפת,visit_type,ביקור במרפאה,52
2026-07-30T18:19:51,31,עור,יודפת,language,אידיש,1
2026-07-30T18:19:51,31,עור,יודפת,language,אנגלית,28
2026-07-30T18:19:51,31,עור,יודפת,language,גרמנית,7
2026-07-30T18:19:51,31,עור,יודפת,language,עברית,51
2026-07-30T18:19:51,31,עור,יודפת,language,ערבית,45
2026-07-30T18:19:51,31,עור,יודפת,language,רומנית,12
2026-07-30T18:19:51,31,עור,יודפת,language,רוסית,3
2026-07-30T18:20:01,31,עור,ינון,gender,גבר,18
2026-07-30T18:20:01,31,עור,ינון,gender,אישה,6
2026-07-30T18:20:01,31,עור,ינון,visit_type,ביקור במרפאה,24
2026-07-30T18:20:01,31,עור,ינון,language,אנגלית,7
2026-07-30T18:20:01,31,עור,ינון,language,אפריקנס,1
2026-07-30T18:20:01,31,עור,ינון,language,הולנדית,1
2026-07-30T18:20:01,31,עור,ינון,language,עברית,10
2026-07-30T18:20:01,31,עור,ינון,language,רוסית,6
2026-07-30T18:20:05,31,עור,יפית,gender,גבר,24
2026-07-30T18:20:05,31,עור,יפית,gender,אישה,19
2026-07-30T18:20:05,31,עור,יפית,visit_type,ביקור במרפאה,45
2026-07-30T18:20:05,31,עור,יפית,language,אנגלית,6
2026-07-30T18:20:05,31,עור,יפית,language,ספרדית,1
2026-07-30T18:20:05,31,עור,יפית,language,עברית,13
2026-07-30T18:20:05,31,עור,יפית,language,צרפתית,4
2026-07-30T18:20:05,31,עור,יפית,language,רוסית,7
2026-07-30T18:20:14,31,עור,ירדנה,gender,גבר,73
2026-07-30T18:20:14,31,עור,ירדנה,gender,אישה,12
2026-07-30T18:20:14,31,עור,ירדנה,visit_type,ביקור במרפאה,85
2026-07-30T18:20:14,31,עור,ירדנה,language,איטלקית,1
2026-07-30T18:20:14,31,עור,ירדנה,language,אנגלית,35
2026-07-30T18:20:14,31,עור,ירדנה,language,עברית,39
2026-07-30T18:20:14,31,עור,ירדנה,language,ערבית,28
2026-07-30T18:20:14,31,עור,ירדנה,language,רומנית,5
2026-07-30T18:20:14,31,עור,ירדנה,language,רוסית,10
2026-07-30T18:20:29,31,עור,יתד,gender,אישה,9
2026-07-30T18:20:29,31,עור,יתד,gender,גבר,21
2026-07-30T18:20:29,31,עור,יתד,visit_type,ביקור במרפאה,32
2026-07-30T18:20:29,31,עור,יתד,language,אנגלית,4
2026-07-30T18:20:29,31,עור,יתד,language,בולגרית,1
2026-07-30T18:20:29,31,עור,יתד,language,עברית,7
2026-07-30T18:20:29,31,עור,יתד,language,רוסית,5
2026-07-30T18:20:42,31,עור,כוכב יאיר,gender,גבר,52
2026-07-30T18:20:42,31,עור,כוכב יאיר,gender,אישה,30
2026-07-30T18:20:42,31,עור,כוכב יאיר,visit_type,ביקור במרפאה,85
2026-07-30T18:20:42,31,עור,כוכב יאיר,language,אידיש,1
2026-07-30T18:20:42,31,עור,כוכב יאיר,language,איטלקית,1
2026-07-30T18:20:42,31,עור,כוכב יאיר,language,אנגלית,18
2026-07-30T18:20:42,31,עור,כוכב יאיר,language,אפריקנס,1
2026-07-30T18:20:42,31,עור,כוכב יאיר,language,גרמנית,1
2026-07-30T18:20:42,31,עור,כוכב יאיר,language,הולנדית,1
2026-07-30T18:20:42,31,עור,כוכב יאיר,language,ספרדית,2
2026-07-30T18:20:42,31,עור,כוכב יאיר,language,עברית,30
2026-07-30T18:20:42,31,עור,כוכב יאיר,language,ערבית,5
2026-07-30T18:20:42,31,עור,כוכב יאיר,language,צרפתית,2
2026-07-30T18:20:42,31,עור,כוכב יאיר,language,רומנית,1
2026-07-30T18:20:42,31,עור,כוכב יאיר,language,רוסית,8
2026-07-30T18:21:04,31,עור,כיסופים,gender,אישה,9
2026-07-30T18:21:04,31,עור,כיסופים,gender,גבר,21
2026-07-30T18:21:04,31,עור,כיסופים,visit_type,ביקור במרפאה,32
2026-07-30T18:21:04,31,עור,כיסופים,language,אנגלית,4
2026-07-30T18:21:04,31,עור,כיסופים,language,בולגרית,1
2026-07-30T18:21:04,31,עור,כיסופים,language,עברית,7
2026-07-30T18:21:04,31,עור,כיסופים,language,רוסית,5
2026-07-30T18:21:14,31,עור,כנות,gender,גבר,18
2026-07-30T18:21:14,31,עור,כנות,gender,אישה,6
2026-07-30T18:21:14,31,עור,כנות,visit_type,ביקור במרפאה,24
2026-07-30T18:21:14,31,עור,כנות,language,אנגלית,7
2026-07-30T18:21:14,31,עור,כנות,language,אפריקנס,1
2026-07-30T18:21:14,31,עור,כנות,language,הולנדית,1
2026-07-30T18:21:14,31,עור,כנות,language,עברית,10
2026-07-30T18:21:14,31,עור,כנות,language,רוסית,6
2026-07-30T18:21:19,31,עור,כפר אחים,gender,גבר,34
2026-07-30T18:21:19,31,עור,כפר אחים,gender,אישה,9
2026-07-30T18:21:19,31,עור,כפר אחים,visit_type,ביקור במרפאה,43
2026-07-30T18:21:19,31,עור,כפר אחים,visit_type,שיחת טלפון,2
2026-07-30T18:21:19,31,עור,כפר אחים,language,אנגלית,7
2026-07-30T18:21:19,31,עור,כפר אחים,language,אפריקנס,1
2026-07-30T18:21:19,31,עור,כפר אחים,language,הולנדית,1
2026-07-30T18:21:19,31,עור,כפר אחים,language,עברית,12
2026-07-30T18:21:19,31,עור,כפר אחים,language,רוסית,6
2026-07-30T18:21:26,31,עור,כרם יבנה,gender,גבר,18
2026-07-30T18:21:26,31,עור,כרם יבנה,gender,אישה,6
2026-07-30T18:21:26,31,עור,כרם יבנה,visit_type,ביקור במרפאה,24
2026-07-30T18:21:26,31,עור,כרם יבנה,language,אנגלית,7
2026-07-30T18:21:26,31,עור,כרם יבנה,language,אפריקנס,1
2026-07-30T18:21:26,31,עור,כרם יבנה,language,הולנדית,1
2026-07-30T18:21:26,31,עור,כרם יבנה,language,עברית,10
2026-07-30T18:21:26,31,עור,כרם יבנה,language,רוסית,6
2026-07-30T18:21:32,31,עור,להב,gender,גבר,30
2026-07-30T18:21:32,31,עור,להב,gender,אישה,13
2026-07-30T18:21:32,31,עור,להב,visit_type,ביקור במרפאה,45
2026-07-30T18:21:32,31,עור,להב,language,אנגלית,6
2026-07-30T18:21:32,31,עור,להב,language,בולגרית,1
2026-07-30T18:21:32,31,עור,להב,language,עברית,9
2026-07-30T18:21:32,31,עור,להב,language,ערבית,1
2026-07-30T18:21:32,31,עור,להב,language,רוסית,5
2026-07-30T18:21:45,31,עור,לימן,gender,גבר,35
2026-07-30T18:21:45,31,עור,לימן,gender,אישה,3
2026-07-30T18:21:45,31,עור,לימן,visit_type,ביקור במרפאה,38
2026-07-30T18:21:45,31,עור,לימן,language,אנגלית,19
2026-07-30T18:21:45,31,עור,לימן,language,גרמנית,7
2026-07-30T18:21:45,31,עור,לימן,language,עברית,38
2026-07-30T18:21:45,31,עור,לימן,language,ערבית,35
2026-07-30T18:21:45,31,עור,לימן,language,רומנית,10
2026-07-30T18:21:45,31,עור,לימן,language,רוסית,2
2026-07-30T18:21:52,31,עור,מבוא חמה,gender,גבר,47
2026-07-30T18:21:52,31,עור,מבוא חמה,gender,אישה,6
2026-07-30T18:21:52,31,עור,מבוא חמה,visit_type,ביקור במרפאה,53
2026-07-30T18:21:52,31,עור,מבוא חמה,language,אנגלית,21
2026-07-30T18:21:52,31,עור,מבוא חמה,language,עברית,21
2026-07-30T18:21:52,31,עור,מבוא חמה,language,ערבית,17
2026-07-30T18:21:52,31,עור,מבוא חמה,language,רומנית,4
2026-07-30T18:21:52,31,עור,מבוא חמה,language,רוסית,2
2026-07-30T18:22:01,31,עור,מג'דל שמס,gender,גבר,47
2026-07-30T18:22:01,31,עור,מג'דל שמס,gender,אישה,6
2026-07-30T18:22:01,31,עור,מג'דל שמס,visit_type,ביקור במרפאה,53
2026-07-30T18:22:01,31,עור,מג'דל שמס,language,אנגלית,21
2026-07-30T18:22:01,31,עור,מג'דל שמס,language,עברית,21
2026-07-30T18:22:01,31,עור,מג'דל שמס,language,ערבית,17
2026-07-30T18:22:01,31,עור,מג'דל שמס,language,רומנית,4
2026-07-30T18:22:01,31,עור,מג'דל שמס,language,רוסית,2
2026-07-30T18:22:09,31,עור,מודיעין מכבים רעות,gender,גבר,28
2026-07-30T18:22:09,31,עור,מודיעין מכבים רעות,gender,אישה,6
2026-07-30T18:22:09,31,עור,מודיעין מכבים רעות,visit_type,ביקור במרפאה,34
2026-07-30T18:22:09,31,עור,מודיעין מכבים רעות,visit_type,שיחת טלפון,2
2026-07-30T18:22:09,31,עור,מודיעין מכבים רעות,language,אנגלית,4
2026-07-30T18:22:09,31,עור,מודיעין מכבים רעות,language,אפריקנס,1
2026-07-30T18:22:09,31,עור,מודיעין מכבים רעות,language,הולנדית,1
2026-07-30T18:22:09,31,עור,מודיעין מכבים רעות,language,עברית,8
2026-07-30T18:22:09,31,עור,מודיעין מכבים רעות,language,רוסית,3
2026-07-30T18:22:15,31,עור,מזאריע א נובאני,gender,גבר,25
2026-07-30T18:22:15,31,עור,מזאריע א נובאני,gender,אישה,13
2026-07-30T18:22:15,31,עור,מזאריע א נובאני,visit_type,ביקור במרפאה,46
2026-07-30T18:22:15,31,עור,מזאריע א נובאני,language,איטלקית,1
2026-07-30T18:22:15,31,עור,מזאריע א נובאני,language,אנגלית,26
2026-07-30T18:22:15,31,עור,מזאריע א נובאני,language,גרמנית,2
2026-07-30T18:22:15,31,עור,מזאריע א נובאני,language,ספרדית,4
2026-07-30T18:22:15,31,עור,מזאריע א נובאני,language,עברית,45
2026-07-30T18:22:15,31,עור,מזאריע א נובאני,language,ערבית,7
2026-07-30T18:22:15,31,עור,מזאריע א נובאני,language,צרפתית,3
2026-07-30T18:22:15,31,עור,מזאריע א נובאני,language,רוסית,5
2026-07-30T18:22:29,31,עור,מטולה,gender,גבר,47
2026-07-30T18:22:29,31,עור,מטולה,gender,אישה,6
2026-07-30T18:22:29,31,עור,מטולה,visit_type,ביקור במרפאה,53
2026-07-30T18:22:29,31,עור,מטולה,language,אנגלית,21
2026-07-30T18:22:29,31,עור,מטולה,language,עברית,21
2026-07-30T18:22:29,31,עור,מטולה,language,ערבית,17
2026-07-30T18:22:29,31,עור,מטולה,language,רומנית,4
2026-07-30T18:22:29,31,עור,מטולה,language,רוסית,2
2026-07-30T18:22:37,31,עור,מישר,gender,גבר,18
2026-07-30T18:22:37,31,עור,מישר,gender,אישה,6
2026-07-30T18:22:37,31,עור,מישר,visit_type,ביקור במרפאה,24
2026-07-30T18:22:37,31,עור,מישר,language,אנגלית,7
2026-07-30T18:22:37,31,עור,מישר,language,אפריקנס,1
2026-07-30T18:22:37,31,עור,מישר,language,הולנדית,1
2026-07-30T18:22:37,31,עור,מישר,language,עברית,10
2026-07-30T18:22:37,31,עור,מישר,language,רוסית,6
2026-07-30T18:22:43,31,עור,מנוחה,gender,גבר,21
2026-07-30T18:22:43,31,עור,מנוחה,gender,אישה,9
2026-07-30T18:22:43,31,עור,מנוחה,visit_type,ביקור במרפאה,32
2026-07-30T18:22:43,31,עור,מנוחה,language,אנגלית,4
2026-07-30T18:22:43,31,עור,מנוחה,language,בולגרית,1
2026-07-30T18:22:43,31,עור,מנוחה,language,עברית,7
2026-07-30T18:22:43,31,עור,מנוחה,language,רוסית,5
2026-07-30T18:22:54,31,עור,מסיליה,gender,גבר,33
2026-07-30T18:22:54,31,עור,מסיליה,gender,אישה,15
2026-07-30T18:22:54,31,עור,מסיליה,visit_type,ביקור במרפאה,49
2026-07-30T18:22:54,31,עור,מסיליה,language,איטלקית,1
2026-07-30T18:22:54,31,עור,מסיליה,language,אנגלית,5
2026-07-30T18:22:54,31,עור,מסיליה,language,עברית,9
2026-07-30T18:22:54,31,עור,מסיליה,language,ערבית,1
2026-07-30T18:22:54,31,עור,מסיליה,language,צרפתית,2
2026-07-30T18:22:54,31,עור,מסיליה,language,רומנית,1
2026-07-30T18:22:54,31,עור,מסיליה,language,רוסית,6
2026-07-30T18:23:07,31,עור,מעון,gender,גבר,21
2026-07-30T18:23:07,31,עור,מעון,gender,אישה,9
2026-07-30T18:23:07,31,עור,מעון,visit_type,ביקור במרפאה,32
2026-07-30T18:23:07,31,עור,מעון,language,אנגלית,4
2026-07-30T18:23:07,31,עור,מעון,language,בולגרית,1
2026-07-30T18:23:07,31,עור,מעון,language,עברית,7
2026-07-30T18:23:07,31,עור,מעון,language,רוסית,5
2026-07-30T18:23:18,31,עור,מפעלי גרנות,gender,גבר,33
2026-07-30T18:23:18,31,עור,מפעלי גרנות,gender,אישה,15
2026-07-30T18:23:18,31,עור,מפעלי גרנות,visit_type,ביקור במרפאה,49
2026-07-30T18:23:18,31,עור,מפעלי גרנות,language,איטלקית,1
2026-07-30T18:23:18,31,עור,מפעלי גרנות,language,אנגלית,5
2026-07-30T18:23:18,31,עור,מפעלי גרנות,language,עברית,9
2026-07-30T18:23:18,31,עור,מפעלי גרנות,language,ערבית,1
2026-07-30T18:23:18,31,עור,מפעלי גרנות,language,צרפתית,2
2026-07-30T18:23:18,31,עור,מפעלי גרנות,language,רומנית,1
2026-07-30T18:23:18,31,עור,מפעלי גרנות,language,רוסית,6
2026-07-30T18:23:30,31,עור,מצפה אבי''ב,gender,גבר,45
2026-07-30T18:23:30,31,עור,מצפה אבי''ב,gender,אישה,6
2026-07-30T18:23:30,31,עור,מצפה אבי''ב,visit_type,ביקור במרפאה,52
2026-07-30T18:23:30,31,עור,מצפה אבי''ב,language,אידיש,1
2026-07-30T18:23:30,31,עור,מצפה אבי''ב,language,אנגלית,28
2026-07-30T18:23:30,31,עור,מצפה אבי''ב,language,גרמנית,7
2026-07-30T18:23:30,31,עור,מצפה אבי''ב,language,עברית,51
2026-07-30T18:23:30,31,עור,מצפה אבי''ב,language,ערבית,45
2026-07-30T18:23:30,31,עור,מצפה אבי''ב,language,רומנית,12
2026-07-30T18:23:30,31,עור,מצפה אבי''ב,language,רוסית,3
2026-07-30T18:23:41,31,עור,מרחב עם,gender,גבר,22
2026-07-30T18:23:41,31,עור,מרחב עם,gender,אישה,10
2026-07-30T18:23:41,31,עור,מרחב עם,visit_type,ביקור במרפאה,34
2026-07-30T18:23:41,31,עור,מרחב עם,language,אנגלית,4
2026-07-30T18:23:41,31,עור,מרחב עם,language,בולגרית,1
2026-07-30T18:23:41,31,עור,מרחב עם,language,עברית,6
2026-07-30T18:23:41,31,עור,מרחב עם,language,ערבית,1
2026-07-30T18:23:41,31,עור,מרחב עם,language,רוסית,2
2026-07-30T18:23:49,31,עור,משואה,gender,גבר,24
2026-07-30T18:23:49,31,עור,משואה,gender,אישה,19
2026-07-30T18:23:49,31,עור,משואה,visit_type,ביקור במרפאה,45
2026-07-30T18:23:49,31,עור,משואה,language,אנגלית,6
2026-07-30T18:23:49,31,עור,משואה,language,ספרדית,1
2026-07-30T18:23:49,31,עור,משואה,language,עברית,13
2026-07-30T18:23:49,31,עור,משואה,language,צרפתית,4
2026-07-30T18:23:49,31,עור,משואה,language,רוסית,7
2026-07-30T18:23:59,31,עור,נאות הכיכר,gender,גבר,22
2026-07-30T18:23:59,31,עור,נאות הכיכר,gender,אישה,10
2026-07-30T18:23:59,31,עור,נאות הכיכר,visit_type,ביקור במרפאה,34
2026-07-30T18:23:59,31,עור,נאות הכיכר,language,אנגלית,4
2026-07-30T18:23:59,31,עור,נאות הכיכר,language,בולגרית,1
2026-07-30T18:23:59,31,עור,נאות הכיכר,language,עברית,6
2026-07-30T18:23:59,31,עור,נאות הכיכר,language,ערבית,1
2026-07-30T18:23:59,31,עור,נאות הכיכר,language,רוסית,2
2026-07-30T18:24:10,31,עור,נהורה,gender,גבר,21
2026-07-30T18:24:10,31,עור,נהורה,gender,אישה,9
2026-07-30T18:24:10,31,עור,נהורה,visit_type,ביקור במרפאה,32
2026-07-30T18:24:10,31,עור,נהורה,language,אנגלית,4
2026-07-30T18:24:10,31,עור,נהורה,language,בולגרית,1
2026-07-30T18:24:10,31,עור,נהורה,language,עברית,7
2026-07-30T18:24:10,31,עור,נהורה,language,רוסית,5
2026-07-30T18:24:21,31,עור,נווה איתן,gender,גבר,73
2026-07-30T18:24:21,31,עור,נווה איתן,gender,אישה,12
2026-07-30T18:24:21,31,עור,נווה איתן,visit_type,ביקור במרפאה,85
2026-07-30T18:24:21,31,עור,נווה איתן,language,איטלקית,1
2026-07-30T18:24:21,31,עור,נווה איתן,language,אנגלית,35
2026-07-30T18:24:21,31,עור,נווה איתן,language,עברית,39
2026-07-30T18:24:21,31,עור,נווה איתן,language,ערבית,28
2026-07-30T18:24:21,31,עור,נווה איתן,language,רומנית,5
2026-07-30T18:24:21,31,עור,נווה איתן,language,רוסית,10
2026-07-30T18:24:36,31,עור,נחלה,gender,גבר,21
2026-07-30T18:24:36,31,עור,נחלה,gender,אישה,9
2026-07-30T18:24:36,31,עור,נחלה,visit_type,ביקור במרפאה,32
2026-07-30T18:24:36,31,עור,נחלה,language,אנגלית,4
2026-07-30T18:24:36,31,עור,נחלה,language,בולגרית,1
2026-07-30T18:24:36,31,עור,נחלה,language,עברית,7
2026-07-30T18:24:36,31,עור,נחלה,language,רוסית,5
2026-07-30T18:24:46,31,עור,נטעים,gender,גבר,38
2026-07-30T18:24:46,31,עור,נטעים,gender,אישה,13
2026-07-30T18:24:46,31,עור,נטעים,visit_type,ביקור במרפאה,52
2026-07-30T18:24:46,31,עור,נטעים,visit_type,שיחת טלפון,2
2026-07-30T18:24:46,31,עור,נטעים,language,אנגלית,10
2026-07-30T18:24:46,31,עור,נטעים,language,אפריקנס,1
2026-07-30T18:24:46,31,עור,נטעים,language,גרמנית,1
2026-07-30T18:24:46,31,עור,נטעים,language,הולנדית,1
2026-07-30T18:24:46,31,עור,נטעים,language,עברית,16
2026-07-30T18:24:46,31,עור,נטעים,language,צרפתית,1
2026-07-30T18:24:46,31,עור,נטעים,language,רומנית,1
2026-07-30T18:24:46,31,עור,נטעים,language,רוסית,7
2026-07-30T18:24:56,31,עור,ניצני עוז,gender,גבר,33
2026-07-30T18:24:56,31,עור,ניצני עוז,gender,אישה,15
2026-07-30T18:24:56,31,עור,ניצני עוז,visit_type,ביקור במרפאה,49
2026-07-30T18:24:56,31,עור,ניצני עוז,language,איטלקית,1
2026-07-30T18:24:56,31,עור,ניצני עוז,language,אנגלית,5
2026-07-30T18:24:56,31,עור,ניצני עוז,language,עברית,9
2026-07-30T18:24:56,31,עור,ניצני עוז,language,ערבית,1
2026-07-30T18:24:56,31,עור,ניצני עוז,language,צרפתית,2
2026-07-30T18:24:56,31,עור,ניצני עוז,language,רומנית,1
2026-07-30T18:24:56,31,עור,ניצני עוז,language,רוסית,6
2026-07-30T18:25:09,31,עור,נען,gender,גבר,28
2026-07-30T18:25:09,31,עור,נען,gender,אישה,6
2026-07-30T18:25:09,31,עור,נען,visit_type,ביקור במרפאה,34
2026-07-30T18:25:09,31,עור,נען,visit_type,שיחת טלפון,2
2026-07-30T18:25:09,31,עור,נען,language,אנגלית,4
2026-07-30T18:25:09,31,עור,נען,language,אפריקנס,1
2026-07-30T18:25:09,31,עור,נען,language,הולנדית,1
2026-07-30T18:25:09,31,עור,נען,language,עברית,8
2026-07-30T18:25:09,31,עור,נען,language,רוסית,3
2026-07-30T18:25:18,31,עור,נתיבות,gender,גבר,30
2026-07-30T18:25:18,31,עור,נתיבות,gender,אישה,13
2026-07-30T18:25:18,31,עור,נתיבות,visit_type,ביקור במרפאה,45
2026-07-30T18:25:18,31,עור,נתיבות,language,אנגלית,6
2026-07-30T18:25:18,31,עור,נתיבות,language,בולגרית,1
2026-07-30T18:25:18,31,עור,נתיבות,language,עברית,9
2026-07-30T18:25:18,31,עור,נתיבות,language,ערבית,1
2026-07-30T18:25:18,31,עור,נתיבות,language,רוסית,5
2026-07-30T18:25:32,31,עור,סואעד חמרייה,gender,גבר,60
2026-07-30T18:25:32,31,עור,סואעד חמרייה,gender,אישה,17
2026-07-30T18:25:32,31,עור,סואעד חמרייה,visit_type,ביקור במרפאה,79
2026-07-30T18:25:32,31,עור,סואעד חמרייה,language,אידיש,2
2026-07-30T18:25:32,31,עור,סואעד חמרייה,language,איטלקית,1
2026-07-30T18:25:32,31,עור,סואעד חמרייה,language,אנגלית,40
2026-07-30T18:25:32,31,עור,סואעד חמרייה,language,עברית,48
2026-07-30T18:25:32,31,עור,סואעד חמרייה,language,ערבית,29
2026-07-30T18:25:32,31,עור,סואעד חמרייה,language,צרפתית,1
2026-07-30T18:25:32,31,עור,סואעד חמרייה,language,רומנית,6
2026-07-30T18:25:32,31,עור,סואעד חמרייה,language,רוסית,13
2026-07-30T18:25:46,31,עור,סילואד,gender,אישה,19
2026-07-30T18:25:46,31,עור,סילואד,gender,גבר,24
2026-07-30T18:25:46,31,עור,סילואד,visit_type,ביקור במרפאה,45
2026-07-30T18:25:46,31,עור,סילואד,language,אנגלית,6
2026-07-30T18:25:46,31,עור,סילואד,language,ספרדית,1
2026-07-30T18:25:46,31,עור,סילואד,language,עברית,13
2026-07-30T18:25:46,31,עור,סילואד,language,צרפתית,4
2026-07-30T18:25:46,31,עור,סילואד,language,רוסית,7
2026-07-30T18:25:56,31,עור,סמוע,gender,גבר,30
2026-07-30T18:25:56,31,עור,סמוע,gender,אישה,13
2026-07-30T18:25:56,31,עור,סמוע,visit_type,ביקור במרפאה,45
2026-07-30T18:25:56,31,עור,סמוע,language,אנגלית,6
2026-07-30T18:25:56,31,עור,סמוע,language,בולגרית,1
2026-07-30T18:25:56,31,עור,סמוע,language,עברית,9
2026-07-30T18:25:56,31,עור,סמוע,language,ערבית,1
2026-07-30T18:25:56,31,עור,סמוע,language,רוסית,5
2026-07-30T18:26:09,31,עור,ספסופה,gender,גבר,47
2026-07-30T18:26:09,31,עור,ספסופה,gender,אישה,6
2026-07-30T18:26:09,31,עור,ספסופה,visit_type,ביקור במרפאה,53
2026-07-30T18:26:09,31,עור,ספסופה,language,אנגלית,21
2026-07-30T18:26:09,31,עור,ספסופה,language,עברית,21
2026-07-30T18:26:09,31,עור,ספסופה,language,ערבית,17
2026-07-30T18:26:09,31,עור,ספסופה,language,רומנית,4
2026-07-30T18:26:09,31,עור,ספסופה,language,רוסית,2
2026-07-30T18:26:18,31,עור,עבסאן אל כביר,gender,גבר,30
2026-07-30T18:26:18,31,עור,עבסאן אל כביר,gender,אישה,13
2026-07-30T18:26:18,31,עור,עבסאן אל כביר,visit_type,ביקור במרפאה,45
2026-07-30T18:26:18,31,עור,עבסאן אל כביר,language,אנגלית,6
2026-07-30T18:26:18,31,עור,עבסאן אל כביר,language,בולגרית,1
2026-07-30T18:26:18,31,עור,עבסאן אל כביר,language,עברית,9
2026-07-30T18:26:18,31,עור,עבסאן אל כביר,language,ערבית,1
2026-07-30T18:26:18,31,עור,עבסאן אל כביר,language,רוסית,5
2026-07-30T18:26:32,31,עור,עוורתא,gender,גבר,33
2026-07-30T18:26:32,31,עור,עוורתא,gender,אישה,15
2026-07-30T18:26:32,31,עור,עוורתא,visit_type,ביקור במרפאה,49
2026-07-30T18:26:32,31,עור,עוורתא,language,איטלקית,1
2026-07-30T18:26:32,31,עור,עוורתא,language,אנגלית,5
2026-07-30T18:26:32,31,עור,עוורתא,language,עברית,9
2026-07-30T18:26:32,31,עור,עוורתא,language,ערבית,1
2026-07-30T18:26:32,31,עור,עוורתא,language,צרפתית,2
2026-07-30T18:26:32,31,עור,עוורתא,language,רומנית,1
2026-07-30T18:26:32,31,עור,עוורתא,language,רוסית,6
2026-07-30T18:26:43,31,עור,עזון,gender,גבר,33
2026-07-30T18:26:43,31,עור,עזון,gender,אישה,15
2026-07-30T18:26:43,31,עור,עזון,visit_type,ביקור במרפאה,49
2026-07-30T18:26:43,31,עור,עזון,language,איטלקית,1
2026-07-30T18:26:43,31,עור,עזון,language,אנגלית,5
2026-07-30T18:26:43,31,עור,עזון,language,עברית,9
2026-07-30T18:26:43,31,עור,עזון,language,ערבית,1
2026-07-30T18:26:43,31,עור,עזון,language,צרפתית,2
2026-07-30T18:26:43,31,עור,עזון,language,רומנית,1
2026-07-30T18:26:43,31,עור,עזון,language,רוסית,6
2026-07-30T18:26:55,31,עור,עטרת,gender,אישה,19
2026-07-30T18:26:55,31,עור,עטרת,gender,גבר,24
2026-07-30T18:26:55,31,עור,עטרת,visit_type,ביקור במרפאה,45
2026-07-30T18:26:55,31,עור,עטרת,language,אנגלית,6
2026-07-30T18:26:55,31,עור,עטרת,language,ספרדית,1
2026-07-30T18:26:55,31,עור,עטרת,language,עברית,13
2026-07-30T18:26:55,31,עור,עטרת,language,צרפתית,4
2026-07-30T18:26:55,31,עור,עטרת,language,רוסית,7
2026-07-30T18:27:03,31,עור,עין גדי,gender,אישה,19
2026-07-30T18:27:03,31,עור,עין גדי,gender,גבר,24
2026-07-30T18:27:03,31,עור,עין גדי,visit_type,ביקור במרפאה,45
2026-07-30T18:27:03,31,עור,עין גדי,language,אנגלית,6
2026-07-30T18:27:03,31,עור,עין גדי,language,ספרדית,1
2026-07-30T18:27:03,31,עור,עין גדי,language,עברית,13
2026-07-30T18:27:03,31,עור,עין גדי,language,צרפתית,4
2026-07-30T18:27:03,31,עור,עין גדי,language,רוסית,7
2026-07-30T18:27:11,31,עור,עמינדב,gender,אישה,19
2026-07-30T18:27:11,31,עור,עמינדב,gender,גבר,24
2026-07-30T18:27:11,31,עור,עמינדב,visit_type,ביקור במרפאה,45
2026-07-30T18:27:11,31,עור,עמינדב,language,אנגלית,6
2026-07-30T18:27:11,31,עור,עמינדב,language,ספרדית,1
2026-07-30T18:27:11,31,עור,עמינדב,language,עברית,13
2026-07-30T18:27:11,31,עור,עמינדב,language,צרפתית,4
2026-07-30T18:27:11,31,עור,עמינדב,language,רוסית,7
2026-07-30T18:27:20,31,עור,ענזה,gender,גבר,33
2026-07-30T18:27:20,31,עור,ענזה,gender,אישה,15
2026-07-30T18:27:20,31,עור,ענזה,visit_type,ביקור במרפאה,49
2026-07-30T18:27:20,31,עור,ענזה,language,איטלקית,1
2026-07-30T18:27:20,31,עור,ענזה,language,אנגלית,5
2026-07-30T18:27:20,31,עור,ענזה,language,עברית,9
2026-07-30T18:27:20,31,עור,ענזה,language,ערבית,1
2026-07-30T18:27:20,31,עור,ענזה,language,צרפתית,2
2026-07-30T18:27:20,31,עור,ענזה,language,רומנית,1
2026-07-30T18:27:20,31,עור,ענזה,language,רוסית,6
2026-07-30T18:27:32,31,עור,עקרבה,gender,אישה,19
2026-07-30T18:27:32,31,עור,עקרבה,gender,גבר,24
2026-07-30T18:27:32,31,עור,עקרבה,visit_type,ביקור במרפאה,45
2026-07-30T18:27:32,31,עור,עקרבה,language,אנגלית,6
2026-07-30T18:27:32,31,עור,עקרבה,language,ספרדית,1
2026-07-30T18:27:32,31,עור,עקרבה,language,עברית,13
2026-07-30T18:27:32,31,עור,עקרבה,language,צרפתית,4
2026-07-30T18:27:32,31,עור,עקרבה,language,רוסית,7
2026-07-30T18:27:41,31,עור,ערערה בנגב,gender,גבר,22
2026-07-30T18:27:41,31,עור,ערערה בנגב,gender,אישה,10
2026-07-30T18:27:41,31,עור,ערערה בנגב,visit_type,ביקור במרפאה,34
2026-07-30T18:27:41,31,עור,ערערה בנגב,language,אנגלית,4
2026-07-30T18:27:41,31,עור,ערערה בנגב,language,בולגרית,1
2026-07-30T18:27:41,31,עור,ערערה בנגב,language,עברית,6
2026-07-30T18:27:41,31,עור,ערערה בנגב,language,ערבית,1
2026-07-30T18:27:41,31,עור,ערערה בנגב,language,רוסית,2
2026-07-30T18:27:51,31,עור,פארק תעשיות ראם,gender,גבר,34
2026-07-30T18:27:51,31,עור,פארק תעשיות ראם,gender,אישה,9
2026-07-30T18:27:51,31,עור,פארק תעשיות ראם,visit_type,ביקור במרפאה,43
2026-07-30T18:27:51,31,עור,פארק תעשיות ראם,visit_type,שיחת טלפון,2
2026-07-30T18:27:51,31,עור,פארק תעשיות ראם,language,אנגלית,7
2026-07-30T18:27:51,31,עור,פארק תעשיות ראם,language,אפריקנס,1
2026-07-30T18:27:51,31,עור,פארק תעשיות ראם,language,הולנדית,1
2026-07-30T18:27:51,31,עור,פארק תעשיות ראם,language,עברית,12
2026-07-30T18:27:51,31,עור,פארק תעשיות ראם,language,רוסית,6
2026-07-30T18:27:59,31,עור,פורת,gender,גבר,33
2026-07-30T18:27:59,31,עור,פורת,gender,אישה,15
2026-07-30T18:27:59,31,עור,פורת,visit_type,ביקור במרפאה,49
2026-07-30T18:27:59,31,עור,פורת,language,איטלקית,1
2026-07-30T18:27:59,31,עור,פורת,language,אנגלית,5
2026-07-30T18:27:59,31,עור,פורת,language,עברית,9
2026-07-30T18:27:59,31,עור,פורת,language,ערבית,1
2026-07-30T18:27:59,31,עור,פורת,language,צרפתית,2
2026-07-30T18:27:59,31,עור,פורת,language,רומנית,1
2026-07-30T18:27:59,31,עור,פורת,language,רוסית,6
2026-07-30T18:28:11,31,עור,פסוטה,gender,גבר,35
2026-07-30T18:28:11,31,עור,פסוטה,gender,אישה,3
2026-07-30T18:28:11,31,עור,פסוטה,visit_type,ביקור במרפאה,38
2026-07-30T18:28:11,31,עור,פסוטה,language,אנגלית,19
2026-07-30T18:28:11,31,עור,פסוטה,language,גרמנית,7
2026-07-30T18:28:11,31,עור,פסוטה,language,עברית,38
2026-07-30T18:28:11,31,עור,פסוטה,language,ערבית,35
2026-07-30T18:28:11,31,עור,פסוטה,language,רומנית,10
2026-07-30T18:28:11,31,עור,פסוטה,language,רוסית,2
2026-07-30T18:28:19,31,עור,פרח'ה,gender,גבר,25
2026-07-30T18:28:19,31,עור,פרח'ה,gender,אישה,13
2026-07-30T18:28:19,31,עור,פרח'ה,visit_type,ביקור במרפאה,46
2026-07-30T18:28:19,31,עור,פרח'ה,language,איטלקית,1
2026-07-30T18:28:19,31,עור,פרח'ה,language,אנגלית,26
2026-07-30T18:28:19,31,עור,פרח'ה,language,גרמנית,2
2026-07-30T18:28:19,31,עור,פרח'ה,language,ספרדית,4
2026-07-30T18:28:19,31,עור,פרח'ה,language,עברית,45
2026-07-30T18:28:19,31,עור,פרח'ה,language,ערבית,7
2026-07-30T18:28:19,31,עור,פרח'ה,language,צרפתית,3
2026-07-30T18:28:19,31,עור,פרח'ה,language,רוסית,5
2026-07-30T18:28:32,31,עור,צוחר,gender,אישה,9
2026-07-30T18:28:32,31,עור,צוחר,gender,גבר,21
2026-07-30T18:28:32,31,עור,צוחר,visit_type,ביקור במרפאה,32
2026-07-30T18:28:32,31,עור,צוחר,language,אנגלית,4
2026-07-30T18:28:32,31,עור,צוחר,language,בולגרית,1
2026-07-30T18:28:32,31,עור,צוחר,language,עברית,7
2026-07-30T18:28:32,31,עור,צוחר,language,רוסית,5
2026-07-30T18:28:42,31,עור,צלפון,gender,אישה,19
2026-07-30T18:28:42,31,עור,צלפון,gender,גבר,24
2026-07-30T18:28:42,31,עור,צלפון,visit_type,ביקור במרפאה,45
2026-07-30T18:28:42,31,עור,צלפון,language,אנגלית,6
2026-07-30T18:28:42,31,עור,צלפון,language,ספרדית,1
2026-07-30T18:28:42,31,עור,צלפון,language,עברית,13
2026-07-30T18:28:42,31,עור,צלפון,language,צרפתית,4
2026-07-30T18:28:42,31,עור,צלפון,language,רוסית,7
2026-07-30T18:28:49,31,עור,קבלאן,gender,אישה,19
2026-07-30T18:28:49,31,עור,קבלאן,gender,גבר,24
2026-07-30T18:28:49,31,עור,קבלאן,visit_type,ביקור במרפאה,45
2026-07-30T18:28:49,31,עור,קבלאן,language,אנגלית,6
2026-07-30T18:28:49,31,עור,קבלאן,language,ספרדית,1
2026-07-30T18:28:49,31,עור,קבלאן,language,עברית,13
2026-07-30T18:28:49,31,עור,קבלאן,language,צרפתית,4
2026-07-30T18:28:49,31,עור,קבלאן,language,רוסית,7
2026-07-30T18:28:59,31,עור,קודייראת א צאנה,gender,גבר,22
2026-07-30T18:28:59,31,עור,קודייראת א צאנה,gender,אישה,10
2026-07-30T18:28:59,31,עור,קודייראת א צאנה,visit_type,ביקור במרפאה,34
2026-07-30T18:28:59,31,עור,קודייראת א צאנה,language,אנגלית,4
2026-07-30T18:28:59,31,עור,קודייראת א צאנה,language,בולגרית,1
2026-07-30T18:28:59,31,עור,קודייראת א צאנה,language,עברית,6
2026-07-30T18:28:59,31,עור,קודייראת א צאנה,language,ערבית,1
2026-07-30T18:28:59,31,עור,קודייראת א צאנה,language,רוסית,2
2026-07-30T18:29:08,31,עור,קירה,gender,גבר,25
2026-07-30T18:29:08,31,עור,קירה,gender,אישה,13
2026-07-30T18:29:08,31,עור,קירה,visit_type,ביקור במרפאה,46
2026-07-30T18:29:08,31,עור,קירה,language,איטלקית,1
2026-07-30T18:29:08,31,עור,קירה,language,אנגלית,26
2026-07-30T18:29:08,31,עור,קירה,language,גרמנית,2
2026-07-30T18:29:08,31,עור,קירה,language,ספרדית,4
2026-07-30T18:29:08,31,עור,קירה,language,עברית,45
2026-07-30T18:29:08,31,עור,קירה,language,ערבית,7
2026-07-30T18:29:08,31,עור,קירה,language,צרפתית,3
2026-07-30T18:29:08,31,עור,קירה,language,רוסית,5
2026-07-30T18:29:21,31,עור,קצרין,gender,גבר,47
2026-07-30T18:29:21,31,עור,קצרין,gender,אישה,6
2026-07-30T18:29:21,31,עור,קצרין,visit_type,ביקור במרפאה,53
2026-07-30T18:29:21,31,עור,קצרין,language,אנגלית,21
2026-07-30T18:29:21,31,עור,קצרין,language,עברית,21
2026-07-30T18:29:21,31,עור,קצרין,language,ערבית,17
2026-07-30T18:29:21,31,עור,קצרין,language,רומנית,4
2026-07-30T18:29:21,31,עור,קצרין,language,רוסית,2
2026-07-30T18:29:31,31,עור,קרית חינוך שדות נגב,gender,גבר,30
2026-07-30T18:29:31,31,עור,קרית חינוך שדות נגב,gender,אישה,13
2026-07-30T18:29:31,31,עור,קרית חינוך שדות נגב,visit_type,ביקור במרפאה,45
2026-07-30T18:29:31,31,עור,קרית חינוך שדות נגב,language,אנגלית,6
2026-07-30T18:29:31,31,עור,קרית חינוך שדות נגב,language,בולגרית,1
2026-07-30T18:29:31,31,עור,קרית חינוך שדות נגב,language,עברית,9
2026-07-30T18:29:31,31,עור,קרית חינוך שדות נגב,language,ערבית,1
2026-07-30T18:29:31,31,עור,קרית חינוך שדות נגב,language,רוסית,5
2026-07-30T18:29:45,31,עור,ראפאת ליד סמוע,gender,גבר,30
2026-07-30T18:29:45,31,עור,ראפאת ליד סמוע,gender,אישה,13
2026-07-30T18:29:45,31,עור,ראפאת ליד סמוע,visit_type,ביקור במרפאה,45
2026-07-30T18:29:45,31,עור,ראפאת ליד סמוע,language,אנגלית,6
2026-07-30T18:29:45,31,עור,ראפאת ליד סמוע,language,בולגרית,1
2026-07-30T18:29:45,31,עור,ראפאת ליד סמוע,language,עברית,9
2026-07-30T18:29:45,31,עור,ראפאת ליד סמוע,language,ערבית,1
2026-07-30T18:29:45,31,עור,ראפאת ליד סמוע,language,רוסית,5
2026-07-30T18:30:00,31,עור,רווחה,gender,אישה,9
2026-07-30T18:30:00,31,עור,רווחה,gender,גבר,21
2026-07-30T18:30:00,31,עור,רווחה,visit_type,ביקור במרפאה,32
2026-07-30T18:30:00,31,עור,רווחה,language,אנגלית,4
2026-07-30T18:30:00,31,עור,רווחה,language,בולגרית,1
2026-07-30T18:30:00,31,עור,רווחה,language,עברית,7
2026-07-30T18:30:00,31,עור,רווחה,language,רוסית,5
2026-07-30T18:30:11,31,עור,רחובות,gender,גבר,38
2026-07-30T18:30:11,31,עור,רחובות,gender,אישה,13
2026-07-30T18:30:11,31,עור,רחובות,visit_type,ביקור במרפאה,52
2026-07-30T18:30:11,31,עור,רחובות,visit_type,שיחת טלפון,2
2026-07-30T18:30:11,31,עור,רחובות,language,אנגלית,10
2026-07-30T18:30:11,31,עור,רחובות,language,אפריקנס,1
2026-07-30T18:30:11,31,עור,רחובות,language,גרמנית,1
2026-07-30T18:30:11,31,עור,רחובות,language,הולנדית,1
2026-07-30T18:30:11,31,עור,רחובות,language,עברית,16
2026-07-30T18:30:11,31,עור,רחובות,language,צרפתית,1
2026-07-30T18:30:11,31,עור,רחובות,language,רומנית,1
2026-07-30T18:30:11,31,עור,רחובות,language,רוסית,7
2026-07-30T18:30:20,31,עור,רמון,gender,אישה,19
2026-07-30T18:30:20,31,עור,רמון,gender,גבר,24
2026-07-30T18:30:20,31,עור,רמון,visit_type,ביקור במרפאה,45
2026-07-30T18:30:20,31,עור,רמון,language,אנגלית,6
2026-07-30T18:30:20,31,עור,רמון,language,ספרדית,1
2026-07-30T18:30:20,31,עור,רמון,language,עברית,13
2026-07-30T18:30:20,31,עור,רמון,language,צרפתית,4
2026-07-30T18:30:20,31,עור,רמון,language,רוסית,7
2026-07-30T18:30:33,31,עור,רעים,gender,אישה,9
2026-07-30T18:30:33,31,עור,רעים,gender,גבר,21
2026-07-30T18:30:33,31,עור,רעים,visit_type,ביקור במרפאה,32
2026-07-30T18:30:33,31,עור,רעים,language,אנגלית,4
2026-07-30T18:30:33,31,עור,רעים,language,בולגרית,1
2026-07-30T18:30:33,31,עור,רעים,language,עברית,7
2026-07-30T18:30:33,31,עור,רעים,language,רוסית,5
2026-07-30T18:30:43,31,עור,שבי ציון,gender,גבר,35
2026-07-30T18:30:43,31,עור,שבי ציון,gender,אישה,3
2026-07-30T18:30:43,31,עור,שבי ציון,visit_type,ביקור במרפאה,38
2026-07-30T18:30:43,31,עור,שבי ציון,language,אנגלית,19
2026-07-30T18:30:43,31,עור,שבי ציון,language,גרמנית,7
2026-07-30T18:30:43,31,עור,שבי ציון,language,עברית,38
2026-07-30T18:30:43,31,עור,שבי ציון,language,ערבית,35
2026-07-30T18:30:43,31,עור,שבי ציון,language,רומנית,10
2026-07-30T18:30:43,31,עור,שבי ציון,language,רוסית,2
2026-07-30T18:30:51,31,עור,שדה ורבורג,gender,גבר,52
2026-07-30T18:30:51,31,עור,שדה ורבורג,gender,אישה,30
2026-07-30T18:30:51,31,עור,שדה ורבורג,visit_type,ביקור במרפאה,85
2026-07-30T18:30:51,31,עור,שדה ורבורג,language,אידיש,1
2026-07-30T18:30:51,31,עור,שדה ורבורג,language,איטלקית,1
2026-07-30T18:30:51,31,עור,שדה ורבורג,language,אנגלית,18
2026-07-30T18:30:51,31,עור,שדה ורבורג,language,אפריקנס,1
2026-07-30T18:30:51,31,עור,שדה ורבורג,language,גרמנית,1
2026-07-30T18:30:51,31,עור,שדה ורבורג,language,הולנדית,1
2026-07-30T18:30:51,31,עור,שדה ורבורג,language,ספרדית,2
2026-07-30T18:30:51,31,עור,שדה ורבורג,language,עברית,30
2026-07-30T18:30:51,31,עור,שדה ורבורג,language,ערבית,5
2026-07-30T18:30:51,31,עור,שדה ורבורג,language,צרפתית,2
2026-07-30T18:30:51,31,עור,שדה ורבורג,language,רומנית,1
2026-07-30T18:30:51,31,עור,שדה ורבורג,language,רוסית,8
2026-07-30T18:31:11,31,עור,שומרה,gender,גבר,35
2026-07-30T18:31:11,31,עור,שומרה,gender,אישה,3
2026-07-30T18:31:11,31,עור,שומרה,visit_type,ביקור במרפאה,38
2026-07-30T18:31:11,31,עור,שומרה,language,אנגלית,19
2026-07-30T18:31:11,31,עור,שומרה,language,גרמנית,7
2026-07-30T18:31:11,31,עור,שומרה,language,עברית,38
2026-07-30T18:31:11,31,עור,שומרה,language,ערבית,35
2026-07-30T18:31:11,31,עור,שומרה,language,רומנית,10
2026-07-30T18:31:11,31,עור,שומרה,language,רוסית,2
2026-07-30T18:31:20,31,עור,שיבטה,gender,גבר,30
2026-07-30T18:31:20,31,עור,שיבטה,gender,אישה,13
2026-07-30T18:31:20,31,עור,שיבטה,visit_type,ביקור במרפאה,45
2026-07-30T18:31:20,31,עור,שיבטה,language,אנגלית,6
2026-07-30T18:31:20,31,עור,שיבטה,language,בולגרית,1
2026-07-30T18:31:20,31,עור,שיבטה,language,עברית,9
2026-07-30T18:31:20,31,עור,שיבטה,language,ערבית,1
2026-07-30T18:31:20,31,עור,שיבטה,language,רוסית,5
2026-07-30T18:31:34,31,עור,שלוחות,gender,גבר,73
2026-07-30T18:31:34,31,עור,שלוחות,gender,אישה,12
2026-07-30T18:31:34,31,עור,שלוחות,visit_type,ביקור במרפאה,85
2026-07-30T18:31:34,31,עור,שלוחות,language,איטלקית,1
2026-07-30T18:31:34,31,עור,שלוחות,language,אנגלית,35
2026-07-30T18:31:34,31,עור,שלוחות,language,עברית,39
2026-07-30T18:31:34,31,עור,שלוחות,language,ערבית,28
2026-07-30T18:31:34,31,עור,שלוחות,language,רומנית,5
2026-07-30T18:31:34,31,עור,שלוחות,language,רוסית,10
2026-07-30T18:31:49,31,עור,שעב,gender,גבר,45
2026-07-30T18:31:49,31,עור,שעב,gender,אישה,6
2026-07-30T18:31:49,31,עור,שעב,visit_type,ביקור במרפאה,52
2026-07-30T18:31:49,31,עור,שעב,language,אידיש,1
2026-07-30T18:31:49,31,עור,שעב,language,אנגלית,28
2026-07-30T18:31:49,31,עור,שעב,language,גרמנית,7
2026-07-30T18:31:49,31,עור,שעב,language,עברית,51
2026-07-30T18:31:49,31,עור,שעב,language,ערבית,45
2026-07-30T18:31:49,31,עור,שעב,language,רומנית,12
2026-07-30T18:31:49,31,עור,שעב,language,רוסית,3
2026-07-30T18:31:59,31,עור,שפר,gender,גבר,47
2026-07-30T18:31:59,31,עור,שפר,gender,אישה,6
2026-07-30T18:31:59,31,עור,שפר,visit_type,ביקור במרפאה,53
2026-07-30T18:31:59,31,עור,שפר,language,אנגלית,21
2026-07-30T18:31:59,31,עור,שפר,language,עברית,21
2026-07-30T18:31:59,31,עור,שפר,language,ערבית,17
2026-07-30T18:31:59,31,עור,שפר,language,רומנית,4
2026-07-30T18:31:59,31,עור,שפר,language,רוסית,2
2026-07-30T18:32:10,31,עור,תאשור,gender,גבר,30
2026-07-30T18:32:10,31,עור,תאשור,gender,אישה,13
2026-07-30T18:32:10,31,עור,תאשור,visit_type,ביקור במרפאה,45
2026-07-30T18:32:10,31,עור,תאשור,language,אנגלית,6
2026-07-30T18:32:10,31,עור,תאשור,language,בולגרית,1
2026-07-30T18:32:10,31,עור,תאשור,language,עברית,9
2026-07-30T18:32:10,31,עור,תאשור,language,ערבית,1
2026-07-30T18:32:10,31,עור,תאשור,language,רוסית,5
2026-07-30T18:32:23,31,עור,תירוש,gender,גבר,18
2026-07-30T18:32:23,31,עור,תירוש,gender,אישה,6
2026-07-30T18:32:23,31,עור,תירוש,visit_type,ביקור במרפאה,24
2026-07-30T18:32:23,31,עור,תירוש,language,אנגלית,7
2026-07-30T18:32:23,31,עור,תירוש,language,אפריקנס,1
2026-07-30T18:32:23,31,עור,תירוש,language,הולנדית,1
2026-07-30T18:32:23,31,עור,תירוש,language,עברית,10
2026-07-30T18:32:23,31,עור,תירוש,language,רוסית,6
2026-07-30T18:32:28,31,עור,תל קציר,gender,גבר,47
2026-07-30T18:32:28,31,עור,תל קציר,gender,אישה,6
2026-07-30T18:32:28,31,עור,תל קציר,visit_type,ביקור במרפאה,53
2026-07-30T18:32:28,31,עור,תל קציר,language,אנגלית,21
2026-07-30T18:32:28,31,עור,תל קציר,language,עברית,21
2026-07-30T18:32:28,31,עור,תל קציר,language,ערבית,17
2026-07-30T18:32:28,31,עור,תל קציר,language,רומנית,4
2026-07-30T18:32:28,31,עור,תל קציר,language,רוסית,2
2026-07-30T18:32:38,31,עור,תעשיון תמ''ד,gender,גבר,30
2026-07-30T18:32:38,31,עור,תעשיון תמ''ד,gender,אישה,13
2026-07-30T18:32:38,31,עור,תעשיון תמ''ד,visit_type,ביקור במרפאה,45
2026-07-30T18:32:38,31,עור,תעשיון תמ''ד,language,אנגלית,6
2026-07-30T18:32:38,31,עור,תעשיון תמ''ד,language,בולגרית,1
2026-07-30T18:32:38,31,עור,תעשיון תמ''ד,language,עברית,9
2026-07-30T18:32:38,31,עור,תעשיון תמ''ד,language,ערבית,1
2026-07-30T18:32:38,31,עור,תעשיון תמ''ד,language,רוסית,5
2026-07-30T18:32:49,31,עור,תרקומיא,gender,גבר,24
2026-07-30T18:32:49,31,עור,תרקומיא,gender,אישה,19
2026-07-30T18:32:49,31,עור,תרקומיא,visit_type,ביקור במרפאה,45
2026-07-30T18:32:49,31,עור,תרקומיא,language,אנגלית,6
2026-07-30T18:32:49,31,עור,תרקומיא,language,ספרדית,1
2026-07-30T18:32:49,31,עור,תרקומיא,language,עברית,13
2026-07-30T18:32:49,31,עור,תרקומיא,language,צרפתית,4
2026-07-30T18:32:49,31,עור,תרקומיא,language,רוסית,7
2026-07-30T18:32:58,61,עיניים,א לובאן,gender,גבר,38
2026-07-30T18:32:58,61,עיניים,א לובאן,gender,אישה,15
2026-07-30T18:32:58,61,עיניים,א לובאן,visit_type,ביקור במרפאה,58
2026-07-30T18:32:58,61,עיניים,א לובאן,language,אידיש,1
2026-07-30T18:32:58,61,עיניים,א לובאן,language,איטלקית,1
2026-07-30T18:32:58,61,עיניים,א לובאן,language,אנגלית,26
2026-07-30T18:32:58,61,עיניים,א לובאן,language,גרוזינית,2
2026-07-30T18:32:58,61,עיניים,א לובאן,language,ספרדית,1
2026-07-30T18:32:58,61,עיניים,א לובאן,language,עברית,53
2026-07-30T18:32:58,61,עיניים,א לובאן,language,ערבית,5
2026-07-30T18:32:58,61,עיניים,א לובאן,language,פולנית,1
2026-07-30T18:32:58,61,עיניים,א לובאן,language,צרפתית,1
2026-07-30T18:32:58,61,עיניים,א לובאן,language,רומנית,2
2026-07-30T18:32:58,61,עיניים,א לובאן,language,רוסית,13
2026-07-30T18:33:11,61,עיניים,אבו כף אום בטין,gender,גבר,44
2026-07-30T18:33:11,61,עיניים,אבו כף אום בטין,gender,אישה,6
2026-07-30T18:33:11,61,עיניים,אבו כף אום בטין,visit_type,ביקור במרפאה,51
2026-07-30T18:33:11,61,עיניים,אבו כף אום בטין,visit_type,שיחת טלפון,1
2026-07-30T18:33:11,61,עיניים,אבו כף אום בטין,language,איטלקית,1
2026-07-30T18:33:11,61,עיניים,אבו כף אום בטין,language,אנגלית,2
2026-07-30T18:33:11,61,עיניים,אבו כף אום בטין,language,עברית,5
2026-07-30T18:33:11,61,עיניים,אבו כף אום בטין,language,רוסית,5
2026-07-30T18:33:22,61,עיניים,אדמית,gender,גבר,47
2026-07-30T18:33:22,61,עיניים,אדמית,gender,אישה,6
2026-07-30T18:33:22,61,עיניים,אדמית,visit_type,ביקור במרפאה,54
2026-07-30T18:33:22,61,עיניים,אדמית,visit_type,שיחת טלפון,1
2026-07-30T18:33:22,61,עיניים,אדמית,language,אנגלית,37
2026-07-30T18:33:22,61,עיניים,אדמית,language,בולגרית,7
2026-07-30T18:33:22,61,עיניים,אדמית,language,גרמנית,1
2026-07-30T18:33:22,61,עיניים,אדמית,language,עברית,52
2026-07-30T18:33:22,61,עיניים,אדמית,language,ערבית,41
2026-07-30T18:33:22,61,עיניים,אדמית,language,רומנית,14
2026-07-30T18:33:22,61,עיניים,אדמית,language,רוסית,8
2026-07-30T18:33:31,61,עיניים,אום אל קוטוף,gender,גבר,78
2026-07-30T18:33:31,61,עיניים,אום אל קוטוף,gender,אישה,23
2026-07-30T18:33:31,61,עיניים,אום אל קוטוף,visit_type,ביקור במרפאה,105
2026-07-30T18:33:31,61,עיניים,אום אל קוטוף,visit_type,שיחת טלפון,1
2026-07-30T18:33:31,61,עיניים,אום אל קוטוף,language,אידיש,2
2026-07-30T18:33:31,61,עיניים,אום אל קוטוף,language,איטלקית,2
2026-07-30T18:33:31,61,עיניים,אום אל קוטוף,language,אנגלית,21
2026-07-30T18:33:31,61,עיניים,אום אל קוטוף,language,גרמנית,1
2026-07-30T18:33:31,61,עיניים,אום אל קוטוף,language,ספרדית,3
2026-07-30T18:33:31,61,עיניים,אום אל קוטוף,language,עברית,29
2026-07-30T18:33:31,61,עיניים,אום אל קוטוף,language,ערבית,10
2026-07-30T18:33:31,61,עיניים,אום אל קוטוף,language,פולנית,1
2026-07-30T18:33:31,61,עיניים,אום אל קוטוף,language,פרסית,1
2026-07-30T18:33:31,61,עיניים,אום אל קוטוף,language,צרפתית,2
2026-07-30T18:33:31,61,עיניים,אום אל קוטוף,language,רומנית,1
2026-07-30T18:33:31,61,עיניים,אום אל קוטוף,language,רוסית,4
2026-07-30T18:33:49,61,עיניים,אחיהוד,gender,גבר,56
2026-07-30T18:33:49,61,עיניים,אחיהוד,gender,אישה,17
2026-07-30T18:33:49,61,עיניים,אחיהוד,visit_type,ביקור במרפאה,77
2026-07-30T18:33:49,61,עיניים,אחיהוד,visit_type,שיחת טלפון,1
2026-07-30T18:33:49,61,עיניים,אחיהוד,language,אוקראינית,1
2026-07-30T18:33:49,61,עיניים,אחיהוד,language,אידיש,1
2026-07-30T18:33:49,61,עיניים,אחיהוד,language,אנגלית,47
2026-07-30T18:33:49,61,עיניים,אחיהוד,language,בולגרית,7
2026-07-30T18:33:49,61,עיניים,אחיהוד,language,גרמנית,1
2026-07-30T18:33:49,61,עיניים,אחיהוד,language,עברית,71
2026-07-30T18:33:49,61,עיניים,אחיהוד,language,ערבית,48
2026-07-30T18:33:49,61,עיניים,אחיהוד,language,צרפתית,1
2026-07-30T18:33:49,61,עיניים,אחיהוד,language,רומנית,14
2026-07-30T18:33:49,61,עיניים,אחיהוד,language,רוסית,18
2026-07-30T18:34:02,61,עיניים,איכתאבא,gender,גבר,54
2026-07-30T18:34:02,61,עיניים,איכתאבא,gender,אישה,14
2026-07-30T18:34:02,61,עיניים,איכתאבא,visit_type,ביקור במרפאה,70
2026-07-30T18:34:02,61,עיניים,איכתאבא,visit_type,שיחת טלפון,1
2026-07-30T18:34:02,61,עיניים,איכתאבא,language,אידיש,2
2026-07-30T18:34:02,61,עיניים,איכתאבא,language,איטלקית,1
2026-07-30T18:34:02,61,עיניים,איכתאבא,language,אנגלית,10
2026-07-30T18:34:02,61,עיניים,איכתאבא,language,ספרדית,3
2026-07-30T18:34:02,61,עיניים,איכתאבא,language,עברית,13
2026-07-30T18:34:02,61,עיניים,איכתאבא,language,ערבית,2
2026-07-30T18:34:02,61,עיניים,איכתאבא,language,צרפתית,2
2026-07-30T18:34:02,61,עיניים,איכתאבא,language,רוסית,1
2026-07-30T18:34:17,61,עיניים,אל חדב,gender,גבר,56
2026-07-30T18:34:17,61,עיניים,אל חדב,gender,אישה,13
2026-07-30T18:34:17,61,עיניים,אל חדב,visit_type,ביקור במרפאה,71
2026-07-30T18:34:17,61,עיניים,אל חדב,visit_type,שיחת טלפון,1
2026-07-30T18:34:17,61,עיניים,אל חדב,language,איטלקית,2
2026-07-30T18:34:17,61,עיניים,אל חדב,language,אנגלית,3
2026-07-30T18:34:17,61,עיניים,אל חדב,language,ספרדית,1
2026-07-30T18:34:17,61,עיניים,אל חדב,language,עברית,6
2026-07-30T18:34:17,61,עיניים,אל חדב,language,צרפתית,1
2026-07-30T18:34:17,61,עיניים,אל חדב,language,רומנית,1
2026-07-30T18:34:17,61,עיניים,אל חדב,language,רוסית,5
2026-07-30T18:34:32,61,עיניים,אניעם,gender,גבר,62
2026-07-30T18:34:32,61,עיניים,אניעם,gender,אישה,12
2026-07-30T18:34:32,61,עיניים,אניעם,visit_type,ביקור במרפאה,79
2026-07-30T18:34:32,61,עיניים,אניעם,language,אנגלית,19
2026-07-30T18:34:32,61,עיניים,אניעם,language,עברית,27
2026-07-30T18:34:32,61,עיניים,אניעם,language,ערבית,17
2026-07-30T18:34:32,61,עיניים,אניעם,language,רוסית,4
2026-07-30T18:34:44,61,עיניים,ארגמן,gender,אישה,13
2026-07-30T18:34:44,61,עיניים,ארגמן,gender,גבר,17
2026-07-30T18:34:44,61,עיניים,ארגמן,visit_type,ביקור במרפאה,30
2026-07-30T18:34:44,61,עיניים,ארגמן,language,אנגלית,4
2026-07-30T18:34:44,61,עיניים,ארגמן,language,עברית,6
2026-07-30T18:34:44,61,עיניים,ארגמן,language,ערבית,6
2026-07-30T18:34:44,61,עיניים,ארגמן,language,צרפתית,1
2026-07-30T18:34:44,61,עיניים,ארגמן,language,רומנית,1
2026-07-30T18:34:50,61,עיניים,אשחר,gender,גבר,56
2026-07-30T18:34:50,61,עיניים,אשחר,gender,אישה,17
2026-07-30T18:34:50,61,עיניים,אשחר,visit_type,ביקור במרפאה,77
2026-07-30T18:34:50,61,עיניים,אשחר,visit_type,שיחת טלפון,1
2026-07-30T18:34:50,61,עיניים,אשחר,language,אוקראינית,1
2026-07-30T18:34:50,61,עיניים,אשחר,language,אידיש,1
2026-07-30T18:34:50,61,עיניים,אשחר,language,אנגלית,47
2026-07-30T18:34:50,61,עיניים,אשחר,language,בולגרית,7
2026-07-30T18:34:50,61,עיניים,אשחר,language,גרמנית,1
2026-07-30T18:34:50,61,עיניים,אשחר,language,עברית,71
2026-07-30T18:34:50,61,עיניים,אשחר,language,ערבית,48
2026-07-30T18:34:50,61,עיניים,אשחר,language,צרפתית,1
2026-07-30T18:34:50,61,עיניים,אשחר,language,רומנית,14
2026-07-30T18:34:50,61,עיניים,אשחר,language,רוסית,18
2026-07-30T18:35:03,61,עיניים,באר טוביה,gender,גבר,14
2026-07-30T18:35:03,61,עיניים,באר טוביה,gender,אישה,16
2026-07-30T18:35:03,61,עיניים,באר טוביה,visit_type,ביקור במרפאה,36
2026-07-30T18:35:03,61,עיניים,באר טוביה,language,אנגלית,9
2026-07-30T18:35:03,61,עיניים,באר טוביה,language,הונגרית,1
2026-07-30T18:35:03,61,עיניים,באר טוביה,language,עברית,9
2026-07-30T18:35:03,61,עיניים,באר טוביה,language,ערבית,2
2026-07-30T18:35:03,61,עיניים,באר טוביה,language,רומנית,3
2026-07-30T18:35:03,61,עיניים,באר טוביה,language,רוסית,5
2026-07-30T18:35:10,61,עיניים,בורגתה,gender,גבר,54
2026-07-30T18:35:10,61,עיניים,בורגתה,gender,אישה,14
2026-07-30T18:35:10,61,עיניים,בורגתה,visit_type,ביקור במרפאה,70
2026-07-30T18:35:10,61,עיניים,בורגתה,visit_type,שיחת טלפון,1
2026-07-30T18:35:10,61,עיניים,בורגתה,language,אידיש,2
2026-07-30T18:35:10,61,עיניים,בורגתה,language,איטלקית,1
2026-07-30T18:35:10,61,עיניים,בורגתה,language,אנגלית,10
2026-07-30T18:35:10,61,עיניים,בורגתה,language,ספרדית,3
2026-07-30T18:35:10,61,עיניים,בורגתה,language,עברית,13
2026-07-30T18:35:10,61,עיניים,בורגתה,language,ערבית,2
2026-07-30T18:35:10,61,עיניים,בורגתה,language,צרפתית,2
2026-07-30T18:35:10,61,עיניים,בורגתה,language,רוסית,1
2026-07-30T18:35:22,61,עיניים,בידיה,gender,גבר,38
2026-07-30T18:35:22,61,עיניים,בידיה,gender,אישה,15
2026-07-30T18:35:22,61,עיניים,בידיה,visit_type,ביקור במרפאה,58
2026-07-30T18:35:22,61,עיניים,בידיה,language,אידיש,1
2026-07-30T18:35:22,61,עיניים,בידיה,language,איטלקית,1
2026-07-30T18:35:22,61,עיניים,בידיה,language,אנגלית,26
2026-07-30T18:35:22,61,עיניים,בידיה,language,גרוזינית,2
2026-07-30T18:35:22,61,עיניים,בידיה,language,ספרדית,1
2026-07-30T18:35:22,61,עיניים,בידיה,language,עברית,53
2026-07-30T18:35:22,61,עיניים,בידיה,language,ערבית,5
2026-07-30T18:35:22,61,עיניים,בידיה,language,פולנית,1
2026-07-30T18:35:22,61,עיניים,בידיה,language,צרפתית,1
2026-07-30T18:35:22,61,עיניים,בידיה,language,רומנית,2
2026-07-30T18:35:22,61,עיניים,בידיה,language,רוסית,13
2026-07-30T18:35:35,61,עיניים,בלפוריה,gender,גבר,104
2026-07-30T18:35:35,61,עיניים,בלפוריה,gender,אישה,16
2026-07-30T18:35:35,61,עיניים,בלפוריה,visit_type,ביקור במרפאה,125
2026-07-30T18:35:35,61,עיניים,בלפוריה,visit_type,שיחת טלפון,1
2026-07-30T18:35:35,61,עיניים,בלפוריה,language,אידיש,1
2026-07-30T18:35:35,61,עיניים,בלפוריה,language,איטלקית,1
2026-07-30T18:35:35,61,עיניים,בלפוריה,language,אנגלית,31
2026-07-30T18:35:35,61,עיניים,בלפוריה,language,גרמנית,1
2026-07-30T18:35:35,61,עיניים,בלפוריה,language,ספרדית,1
2026-07-30T18:35:35,61,עיניים,בלפוריה,language,עברית,44
2026-07-30T18:35:35,61,עיניים,בלפוריה,language,ערבית,25
2026-07-30T18:35:35,61,עיניים,בלפוריה,language,פולנית,1
2026-07-30T18:35:35,61,עיניים,בלפוריה,language,פרסית,1
2026-07-30T18:35:35,61,עיניים,בלפוריה,language,צרפתית,1
2026-07-30T18:35:35,61,עיניים,בלפוריה,language,רומנית,1
2026-07-30T18:35:35,61,עיניים,בלפוריה,language,רוסית,5
2026-07-30T18:35:52,61,עיניים,בני עי''ש,gender,גבר,14
2026-07-30T18:35:52,61,עיניים,בני עי''ש,gender,אישה,16
2026-07-30T18:35:52,61,עיניים,בני עי''ש,visit_type,ביקור במרפאה,36
2026-07-30T18:35:52,61,עיניים,בני עי''ש,language,אנגלית,9
2026-07-30T18:35:52,61,עיניים,בני עי''ש,language,הונגרית,1
2026-07-30T18:35:52,61,עיניים,בני עי''ש,language,עברית,9
2026-07-30T18:35:52,61,עיניים,בני עי''ש,language,ערבית,2
2026-07-30T18:35:52,61,עיניים,בני עי''ש,language,רומנית,3
2026-07-30T18:35:52,61,עיניים,בני עי''ש,language,רוסית,5
2026-07-30T18:35:58,61,עיניים,ברדלה,gender,אישה,13
2026-07-30T18:35:58,61,עיניים,ברדלה,gender,גבר,17
2026-07-30T18:35:58,61,עיניים,ברדלה,visit_type,ביקור במרפאה,30
2026-07-30T18:35:58,61,עיניים,ברדלה,language,אנגלית,4
2026-07-30T18:35:58,61,עיניים,ברדלה,language,עברית,6
2026-07-30T18:35:58,61,עיניים,ברדלה,language,ערבית,6
2026-07-30T18:35:58,61,עיניים,ברדלה,language,צרפתית,1
2026-07-30T18:35:58,61,עיניים,ברדלה,language,רומנית,1
2026-07-30T18:36:05,61,עיניים,בת ים,gender,אישה,19
2026-07-30T18:36:05,61,עיניים,בת ים,gender,גבר,31
2026-07-30T18:36:05,61,עיניים,בת ים,visit_type,ביקור במרפאה,59
2026-07-30T18:36:05,61,עיניים,בת ים,language,אידיש,1
2026-07-30T18:36:05,61,עיניים,בת ים,language,אנגלית,18
2026-07-30T18:36:05,61,עיניים,בת ים,language,גרמנית,2
2026-07-30T18:36:05,61,עיניים,בת ים,language,הונגרית,1
2026-07-30T18:36:05,61,עיניים,בת ים,language,עברית,33
2026-07-30T18:36:05,61,עיניים,בת ים,language,ערבית,1
2026-07-30T18:36:05,61,עיניים,בת ים,language,צרפתית,3
2026-07-30T18:36:05,61,עיניים,בת ים,language,רומנית,1
2026-07-30T18:36:05,61,עיניים,בת ים,language,רוסית,5
2026-07-30T18:36:16,61,עיניים,גאליה,gender,גבר,40
2026-07-30T18:36:16,61,עיניים,גאליה,gender,אישה,23
2026-07-30T18:36:16,61,עיניים,גאליה,visit_type,ביקור במרפאה,73
2026-07-30T18:36:16,61,עיניים,גאליה,language,אידיש,1
2026-07-30T18:36:16,61,עיניים,גאליה,language,אנגלית,21
2026-07-30T18:36:16,61,עיניים,גאליה,language,גרמנית,1
2026-07-30T18:36:16,61,עיניים,גאליה,language,הונגרית,1
2026-07-30T18:36:16,61,עיניים,גאליה,language,עברית,28
2026-07-30T18:36:16,61,עיניים,גאליה,language,ערבית,2
2026-07-30T18:36:16,61,עיניים,גאליה,language,צרפתית,1
2026-07-30T18:36:16,61,עיניים,גאליה,language,רומנית,3
2026-07-30T18:36:16,61,עיניים,גאליה,language,רוסית,7
2026-07-30T18:36:27,61,עיניים,גבעות עדן,gender,אישה,13
2026-07-30T18:36:27,61,עיניים,גבעות עדן,gender,גבר,17
2026-07-30T18:36:27,61,עיניים,גבעות עדן,visit_type,ביקור במרפאה,30
2026-07-30T18:36:27,61,עיניים,גבעות עדן,language,אנגלית,4
2026-07-30T18:36:27,61,עיניים,גבעות עדן,language,עברית,6
2026-07-30T18:36:27,61,עיניים,גבעות עדן,language,ערבית,6
2026-07-30T18:36:27,61,עיניים,גבעות עדן,language,צרפתית,1
2026-07-30T18:36:27,61,עיניים,גבעות עדן,language,רומנית,1
2026-07-30T18:36:36,61,עיניים,גיאה,gender,גבר,36
2026-07-30T18:36:36,61,עיניים,גיאה,gender,אישה,13
2026-07-30T18:36:36,61,עיניים,גיאה,visit_type,ביקור במרפאה,51
2026-07-30T18:36:36,61,עיניים,גיאה,visit_type,שיחת טלפון,1
2026-07-30T18:36:36,61,עיניים,גיאה,language,איטלקית,2
2026-07-30T18:36:36,61,עיניים,גיאה,language,אנגלית,3
2026-07-30T18:36:36,61,עיניים,גיאה,language,ספרדית,1
2026-07-30T18:36:36,61,עיניים,גיאה,language,עברית,5
2026-07-30T18:36:36,61,עיניים,גיאה,language,צרפתית,1
2026-07-30T18:36:36,61,עיניים,גיאה,language,רומנית,1
2026-07-30T18:36:36,61,עיניים,גיאה,language,רוסית,4
2026-07-30T18:36:50,61,עיניים,גלאון,gender,גבר,36
2026-07-30T18:36:50,61,עיניים,גלאון,gender,אישה,13
2026-07-30T18:36:50,61,עיניים,גלאון,visit_type,ביקור במרפאה,51
2026-07-30T18:36:50,61,עיניים,גלאון,visit_type,שיחת טלפון,1
2026-07-30T18:36:50,61,עיניים,גלאון,language,איטלקית,2
2026-07-30T18:36:50,61,עיניים,גלאון,language,אנגלית,3
2026-07-30T18:36:50,61,עיניים,גלאון,language,ספרדית,1
2026-07-30T18:36:50,61,עיניים,גלאון,language,עברית,5
2026-07-30T18:36:50,61,עיניים,גלאון,language,צרפתית,1
2026-07-30T18:36:50,61,עיניים,גלאון,language,רומנית,1
2026-07-30T18:36:50,61,עיניים,גלאון,language,רוסית,4
2026-07-30T18:37:00,61,עיניים,גני מודיעין,gender,גבר,28
2026-07-30T18:37:00,61,עיניים,גני מודיעין,gender,אישה,19
2026-07-30T18:37:00,61,עיניים,גני מודיעין,visit_type,ביקור במרפאה,54
2026-07-30T18:37:00,61,עיניים,גני מודיעין,language,אנגלית,12
2026-07-30T18:37:00,61,עיניים,גני מודיעין,language,הונגרית,1
2026-07-30T18:37:00,61,עיניים,גני מודיעין,language,עברית,12
2026-07-30T18:37:00,61,עיניים,גני מודיעין,language,ערבית,2
2026-07-30T18:37:00,61,עיניים,גני מודיעין,language,צרפתית,1
2026-07-30T18:37:00,61,עיניים,גני מודיעין,language,רומנית,3
2026-07-30T18:37:00,61,עיניים,גני מודיעין,language,רוסית,5
2026-07-30T18:37:12,61,עיניים,גת,gender,גבר,36
2026-07-30T18:37:12,61,עיניים,גת,gender,אישה,13
2026-07-30T18:37:12,61,עיניים,גת,visit_type,ביקור במרפאה,51
2026-07-30T18:37:12,61,עיניים,גת,visit_type,שיחת טלפון,1
2026-07-30T18:37:12,61,עיניים,גת,language,איטלקית,2
2026-07-30T18:37:12,61,עיניים,גת,language,אנגלית,3
2026-07-30T18:37:12,61,עיניים,גת,language,ספרדית,1
2026-07-30T18:37:12,61,עיניים,גת,language,עברית,5
2026-07-30T18:37:12,61,עיניים,גת,language,צרפתית,1
2026-07-30T18:37:12,61,עיניים,גת,language,רומנית,1
2026-07-30T18:37:12,61,עיניים,גת,language,רוסית,4
2026-07-30T18:37:26,61,עיניים,דהרייה,gender,גבר,56
2026-07-30T18:37:26,61,עיניים,דהרייה,gender,אישה,13
2026-07-30T18:37:26,61,עיניים,דהרייה,visit_type,ביקור במרפאה,71
2026-07-30T18:37:26,61,עיניים,דהרייה,visit_type,שיחת טלפון,1
2026-07-30T18:37:26,61,עיניים,דהרייה,language,איטלקית,2
2026-07-30T18:37:26,61,עיניים,דהרייה,language,אנגלית,3
2026-07-30T18:37:26,61,עיניים,דהרייה,language,ספרדית,1
2026-07-30T18:37:26,61,עיניים,דהרייה,language,עברית,6
2026-07-30T18:37:26,61,עיניים,דהרייה,language,צרפתית,1
2026-07-30T18:37:26,61,עיניים,דהרייה,language,רומנית,1
2026-07-30T18:37:26,61,עיניים,דהרייה,language,רוסית,5
2026-07-30T18:37:40,61,עיניים,דייר אל אסד,gender,גבר,79
2026-07-30T18:37:40,61,עיניים,דייר אל אסד,gender,אישה,33
2026-07-30T18:37:40,61,עיניים,דייר אל אסד,visit_type,ביקור במרפאה,117
2026-07-30T18:37:40,61,עיניים,דייר אל אסד,visit_type,שיחת טלפון,2
2026-07-30T18:37:40,61,עיניים,דייר אל אסד,language,אוקראינית,1
2026-07-30T18:37:40,61,עיניים,דייר אל אסד,language,אידיש,3
2026-07-30T18:37:40,61,עיניים,דייר אל אסד,language,איטלקית,2
2026-07-30T18:37:40,61,עיניים,דייר אל אסד,language,אנגלית,77
2026-07-30T18:37:40,61,עיניים,דייר אל אסד,language,בולגרית,8
2026-07-30T18:37:40,61,עיניים,דייר אל אסד,language,גרמנית,3
2026-07-30T18:37:40,61,עיניים,דייר אל אסד,language,הונגרית,1
2026-07-30T18:37:40,61,עיניים,דייר אל אסד,language,ספרדית,1
2026-07-30T18:37:40,61,עיניים,דייר אל אסד,language,עברית,110
2026-07-30T18:37:40,61,עיניים,דייר אל אסד,language,ערבית,61
2026-07-30T18:37:40,61,עיניים,דייר אל אסד,language,פולנית,1
2026-07-30T18:37:40,61,עיניים,דייר אל אסד,language,פרסית,1
2026-07-30T18:37:40,61,עיניים,דייר אל אסד,language,צרפתית,2
2026-07-30T18:37:40,61,עיניים,דייר אל אסד,language,רומנית,15
2026-07-30T18:37:40,61,עיניים,דייר אל אסד,language,רוסית,27
2026-07-30T18:38:01,61,עיניים,דליה,gender,גבר,78
2026-07-30T18:38:01,61,עיניים,דליה,gender,אישה,38
2026-07-30T18:38:01,61,עיניים,דליה,visit_type,ביקור במרפאה,122
2026-07-30T18:38:01,61,עיניים,דליה,visit_type,שיחת טלפון,2
2026-07-30T18:38:01,61,עיניים,דליה,language,אוקראינית,1
2026-07-30T18:38:01,61,עיניים,דליה,language,אידיש,4
2026-07-30T18:38:01,61,עיניים,דליה,language,איטלקית,2
2026-07-30T18:38:01,61,עיניים,דליה,language,אנגלית,47
2026-07-30T18:38:01,61,עיניים,דליה,language,בולגרית,1
2026-07-30T18:38:01,61,עיניים,דליה,language,גרמנית,2
2026-07-30T18:38:01,61,עיניים,דליה,language,הונגרית,1
2026-07-30T18:38:01,61,עיניים,דליה,language,ספרדית,2
2026-07-30T18:38:01,61,עיניים,דליה,language,עברית,69
2026-07-30T18:38:01,61,עיניים,דליה,language,ערבית,24
2026-07-30T18:38:01,61,עיניים,דליה,language,פולנית,1
2026-07-30T18:38:01,61,עיניים,דליה,language,פרסית,1
2026-07-30T18:38:01,61,עיניים,דליה,language,צרפתית,3
2026-07-30T18:38:01,61,עיניים,דליה,language,רומנית,1
2026-07-30T18:38:01,61,עיניים,דליה,language,רוסית,21
2026-07-30T18:38:23,61,עיניים,הגושרים,gender,גבר,62
2026-07-30T18:38:23,61,עיניים,הגושרים,gender,אישה,12
2026-07-30T18:38:23,61,עיניים,הגושרים,visit_type,ביקור במרפאה,79
2026-07-30T18:38:23,61,עיניים,הגושרים,language,אנגלית,19
2026-07-30T18:38:23,61,עיניים,הגושרים,language,עברית,27
2026-07-30T18:38:23,61,עיניים,הגושרים,language,ערבית,17
2026-07-30T18:38:23,61,עיניים,הגושרים,language,רוסית,4
2026-07-30T18:38:36,61,עיניים,החותרים,gender,גבר,78
2026-07-30T18:38:36,61,עיניים,החותרים,gender,אישה,38
2026-07-30T18:38:36,61,עיניים,החותרים,visit_type,ביקור במרפאה,122
2026-07-30T18:38:36,61,עיניים,החותרים,visit_type,שיחת טלפון,2
2026-07-30T18:38:36,61,עיניים,החותרים,language,אוקראינית,1
2026-07-30T18:38:36,61,עיניים,החותרים,language,אידיש,4
2026-07-30T18:38:36,61,עיניים,החותרים,language,איטלקית,2
2026-07-30T18:38:36,61,עיניים,החותרים,language,אנגלית,47
2026-07-30T18:38:36,61,עיניים,החותרים,language,בולגרית,1
2026-07-30T18:38:36,61,עיניים,החותרים,language,גרמנית,2
2026-07-30T18:38:36,61,עיניים,החותרים,language,הונגרית,1
2026-07-30T18:38:36,61,עיניים,החותרים,language,ספרדית,2
2026-07-30T18:38:36,61,עיניים,החותרים,language,עברית,69
2026-07-30T18:38:36,61,עיניים,החותרים,language,ערבית,24
2026-07-30T18:38:36,61,עיניים,החותרים,language,פולנית,1
2026-07-30T18:38:36,61,עיניים,החותרים,language,פרסית,1
2026-07-30T18:38:36,61,עיניים,החותרים,language,צרפתית,3
2026-07-30T18:38:36,61,עיניים,החותרים,language,רומנית,1
2026-07-30T18:38:36,61,עיניים,החותרים,language,רוסית,21
2026-07-30T18:38:54,61,עיניים,הראל,gender,אישה,13
2026-07-30T18:38:54,61,עיניים,הראל,gender,גבר,17
2026-07-30T18:38:54,61,עיניים,הראל,visit_type,ביקור במרפאה,30
2026-07-30T18:38:54,61,עיניים,הראל,language,אנגלית,4
2026-07-30T18:38:54,61,עיניים,הראל,language,עברית,6
2026-07-30T18:38:54,61,עיניים,הראל,language,ערבית,6
2026-07-30T18:38:54,61,עיניים,הראל,language,צרפתית,1
2026-07-30T18:38:54,61,עיניים,הראל,language,רומנית,1
2026-07-30T18:39:03,61,עיניים,זבארגה,gender,גבר,44
2026-07-30T18:39:03,61,עיניים,זבארגה,gender,אישה,6
2026-07-30T18:39:03,61,עיניים,זבארגה,visit_type,ביקור במרפאה,51
2026-07-30T18:39:03,61,עיניים,זבארגה,visit_type,שיחת טלפון,1
2026-07-30T18:39:03,61,עיניים,זבארגה,language,איטלקית,1
2026-07-30T18:39:03,61,עיניים,זבארגה,language,אנגלית,2
2026-07-30T18:39:03,61,עיניים,זבארגה,language,עברית,5
2026-07-30T18:39:03,61,עיניים,זבארגה,language,רוסית,5
2026-07-30T18:39:15,61,עיניים,זכרון יעקב,gender,גבר,78
2026-07-30T18:39:15,61,עיניים,זכרון יעקב,gender,אישה,23
2026-07-30T18:39:15,61,עיניים,זכרון יעקב,visit_type,ביקור במרפאה,105
2026-07-30T18:39:15,61,עיניים,זכרון יעקב,visit_type,שיחת טלפון,1
2026-07-30T18:39:15,61,עיניים,זכרון יעקב,language,אידיש,2
2026-07-30T18:39:15,61,עיניים,זכרון יעקב,language,איטלקית,2
2026-07-30T18:39:15,61,עיניים,זכרון יעקב,language,אנגלית,21
2026-07-30T18:39:15,61,עיניים,זכרון יעקב,language,גרמנית,1
2026-07-30T18:39:15,61,עיניים,זכרון יעקב,language,ספרדית,3
2026-07-30T18:39:15,61,עיניים,זכרון יעקב,language,עברית,29
2026-07-30T18:39:15,61,עיניים,זכרון יעקב,language,ערבית,10
2026-07-30T18:39:15,61,עיניים,זכרון יעקב,language,פולנית,1
2026-07-30T18:39:15,61,עיניים,זכרון יעקב,language,פרסית,1
2026-07-30T18:39:15,61,עיניים,זכרון יעקב,language,צרפתית,2
2026-07-30T18:39:15,61,עיניים,זכרון יעקב,language,רומנית,1
2026-07-30T18:39:15,61,עיניים,זכרון יעקב,language,רוסית,4
2026-07-30T18:39:35,61,עיניים,ח'אן יונס,gender,גבר,56
2026-07-30T18:39:35,61,עיניים,ח'אן יונס,gender,אישה,13
2026-07-30T18:39:35,61,עיניים,ח'אן יונס,visit_type,ביקור במרפאה,71
2026-07-30T18:39:35,61,עיניים,ח'אן יונס,visit_type,שיחת טלפון,1
2026-07-30T18:39:35,61,עיניים,ח'אן יונס,language,איטלקית,2
2026-07-30T18:39:35,61,עיניים,ח'אן יונס,language,אנגלית,3
2026-07-30T18:39:35,61,עיניים,ח'אן יונס,language,ספרדית,1
2026-07-30T18:39:35,61,עיניים,ח'אן יונס,language,עברית,6
2026-07-30T18:39:35,61,עיניים,ח'אן יונס,language,צרפתית,1
2026-07-30T18:39:35,61,עיניים,ח'אן יונס,language,רומנית,1
2026-07-30T18:39:35,61,עיניים,ח'אן יונס,language,רוסית,5
2026-07-30T18:39:50,61,עיניים,חד נס,gender,גבר,62
2026-07-30T18:39:50,61,עיניים,חד נס,gender,אישה,12
2026-07-30T18:39:50,61,עיניים,חד נס,visit_type,ביקור במרפאה,79
2026-07-30T18:39:50,61,עיניים,חד נס,language,אנגלית,19
2026-07-30T18:39:50,61,עיניים,חד נס,language,עברית,27
2026-07-30T18:39:50,61,עיניים,חד נס,language,ערבית,17
2026-07-30T18:39:50,61,עיניים,חד נס,language,רוסית,4
2026-07-30T18:40:04,61,עיניים,חוסנייה,gender,גבר,56
2026-07-30T18:40:04,61,עיניים,חוסנייה,gender,אישה,17
2026-07-30T18:40:04,61,עיניים,חוסנייה,visit_type,ביקור במרפאה,77
2026-07-30T18:40:04,61,עיניים,חוסנייה,visit_type,שיחת טלפון,1
2026-07-30T18:40:04,61,עיניים,חוסנייה,language,אוקראינית,1
2026-07-30T18:40:04,61,עיניים,חוסנייה,language,אידיש,1
2026-07-30T18:40:04,61,עיניים,חוסנייה,language,אנגלית,47
2026-07-30T18:40:04,61,עיניים,חוסנייה,language,בולגרית,7
2026-07-30T18:40:04,61,עיניים,חוסנייה,language,גרמנית,1
2026-07-30T18:40:04,61,עיניים,חוסנייה,language,עברית,71
2026-07-30T18:40:04,61,עיניים,חוסנייה,language,ערבית,48
2026-07-30T18:40:04,61,עיניים,חוסנייה,language,צרפתית,1
2026-07-30T18:40:04,61,עיניים,חוסנייה,language,רומנית,14
2026-07-30T18:40:04,61,עיניים,חוסנייה,language,רוסית,18
2026-07-30T18:40:19,61,עיניים,חלץ,gender,גבר,36
2026-07-30T18:40:19,61,עיניים,חלץ,gender,אישה,13
2026-07-30T18:40:19,61,עיניים,חלץ,visit_type,ביקור במרפאה,51
2026-07-30T18:40:19,61,עיניים,חלץ,visit_type,שיחת טלפון,1
2026-07-30T18:40:19,61,עיניים,חלץ,language,איטלקית,2
2026-07-30T18:40:19,61,עיניים,חלץ,language,אנגלית,3
2026-07-30T18:40:19,61,עיניים,חלץ,language,ספרדית,1
2026-07-30T18:40:19,61,עיניים,חלץ,language,עברית,5
2026-07-30T18:40:19,61,עיניים,חלץ,language,צרפתית,1
2026-07-30T18:40:19,61,עיניים,חלץ,language,רומנית,1
2026-07-30T18:40:19,61,עיניים,חלץ,language,רוסית,4
2026-07-30T18:40:31,61,עיניים,חפץ חיים,gender,גבר,14
2026-07-30T18:40:31,61,עיניים,חפץ חיים,gender,אישה,16
2026-07-30T18:40:31,61,עיניים,חפץ חיים,visit_type,ביקור במרפאה,36
2026-07-30T18:40:31,61,עיניים,חפץ חיים,language,אנגלית,9
2026-07-30T18:40:31,61,עיניים,חפץ חיים,language,הונגרית,1
2026-07-30T18:40:31,61,עיניים,חפץ חיים,language,עברית,9
2026-07-30T18:40:31,61,עיניים,חפץ חיים,language,ערבית,2
2026-07-30T18:40:31,61,עיניים,חפץ חיים,language,רומנית,3
2026-07-30T18:40:31,61,עיניים,חפץ חיים,language,רוסית,5
2026-07-30T18:40:40,61,עיניים,חריש,gender,גבר,78
2026-07-30T18:40:40,61,עיניים,חריש,gender,אישה,23
2026-07-30T18:40:40,61,עיניים,חריש,visit_type,ביקור במרפאה,105
2026-07-30T18:40:40,61,עיניים,חריש,visit_type,שיחת טלפון,1
2026-07-30T18:40:40,61,עיניים,חריש,language,אידיש,2
2026-07-30T18:40:40,61,עיניים,חריש,language,איטלקית,2
2026-07-30T18:40:40,61,עיניים,חריש,language,אנגלית,21
2026-07-30T18:40:40,61,עיניים,חריש,language,גרמנית,1
2026-07-30T18:40:40,61,עיניים,חריש,language,ספרדית,3
2026-07-30T18:40:40,61,עיניים,חריש,language,עברית,29
2026-07-30T18:40:40,61,עיניים,חריש,language,ערבית,10
2026-07-30T18:40:40,61,עיניים,חריש,language,פולנית,1
2026-07-30T18:40:40,61,עיניים,חריש,language,פרסית,1
2026-07-30T18:40:40,61,עיניים,חריש,language,צרפתית,2
2026-07-30T18:40:40,61,עיניים,חריש,language,רומנית,1
2026-07-30T18:40:40,61,עיניים,חריש,language,רוסית,4
2026-07-30T18:40:59,61,עיניים,טייבה,gender,גבר,54
2026-07-30T18:40:59,61,עיניים,טייבה,gender,אישה,14
2026-07-30T18:40:59,61,עיניים,טייבה,visit_type,ביקור במרפאה,70
2026-07-30T18:40:59,61,עיניים,טייבה,visit_type,שיחת טלפון,1
2026-07-30T18:40:59,61,עיניים,טייבה,language,אידיש,2
2026-07-30T18:40:59,61,עיניים,טייבה,language,איטלקית,1
2026-07-30T18:40:59,61,עיניים,טייבה,language,אנגלית,10
2026-07-30T18:40:59,61,עיניים,טייבה,language,ספרדית,3
2026-07-30T18:40:59,61,עיניים,טייבה,language,עברית,13
2026-07-30T18:40:59,61,עיניים,טייבה,language,ערבית,2
2026-07-30T18:40:59,61,עיניים,טייבה,language,צרפתית,2
2026-07-30T18:40:59,61,עיניים,טייבה,language,רוסית,1
2026-07-30T18:41:12,61,עיניים,טללים,gender,גבר,44
2026-07-30T18:41:12,61,עיניים,טללים,gender,אישה,6
2026-07-30T18:41:12,61,עיניים,טללים,visit_type,ביקור במרפאה,51
2026-07-30T18:41:12,61,עיניים,טללים,visit_type,שיחת טלפון,1
2026-07-30T18:41:12,61,עיניים,טללים,language,איטלקית,1
2026-07-30T18:41:12,61,עיניים,טללים,language,אנגלית,2
2026-07-30T18:41:12,61,עיניים,טללים,language,עברית,5
2026-07-30T18:41:12,61,עיניים,טללים,language,רוסית,5
2026-07-30T18:41:23,61,עיניים,יאסוף,gender,גבר,38
2026-07-30T18:41:23,61,עיניים,יאסוף,gender,אישה,15
2026-07-30T18:41:23,61,עיניים,יאסוף,visit_type,ביקור במרפאה,58
2026-07-30T18:41:23,61,עיניים,יאסוף,language,אידיש,1
2026-07-30T18:41:23,61,עיניים,יאסוף,language,איטלקית,1
2026-07-30T18:41:23,61,עיניים,יאסוף,language,אנגלית,26
2026-07-30T18:41:23,61,עיניים,יאסוף,language,גרוזינית,2
2026-07-30T18:41:23,61,עיניים,יאסוף,language,ספרדית,1
2026-07-30T18:41:23,61,עיניים,יאסוף,language,עברית,53
2026-07-30T18:41:23,61,עיניים,יאסוף,language,ערבית,5
2026-07-30T18:41:23,61,עיניים,יאסוף,language,פולנית,1
2026-07-30T18:41:23,61,עיניים,יאסוף,language,צרפתית,1
2026-07-30T18:41:23,61,עיניים,יאסוף,language,רומנית,2
2026-07-30T18:41:23,61,עיניים,יאסוף,language,רוסית,13
2026-07-30T18:41:35,61,עיניים,יד השמונה,gender,אישה,13
2026-07-30T18:41:35,61,עיניים,יד השמונה,gender,גבר,17
2026-07-30T18:41:35,61,עיניים,יד השמונה,visit_type,ביקור במרפאה,30
2026-07-30T18:41:35,61,עיניים,יד השמונה,language,אנגלית,4
2026-07-30T18:41:35,61,עיניים,יד השמונה,language,עברית,6
2026-07-30T18:41:35,61,עיניים,יד השמונה,language,ערבית,6
2026-07-30T18:41:35,61,עיניים,יד השמונה,language,צרפתית,1
2026-07-30T18:41:35,61,עיניים,יד השמונה,language,רומנית,1
2026-07-30T18:41:42,61,עיניים,יודפת,gender,גבר,56
2026-07-30T18:41:42,61,עיניים,יודפת,gender,אישה,17
2026-07-30T18:41:42,61,עיניים,יודפת,visit_type,ביקור במרפאה,77
2026-07-30T18:41:42,61,עיניים,יודפת,visit_type,שיחת טלפון,1
2026-07-30T18:41:42,61,עיניים,יודפת,language,אוקראינית,1
2026-07-30T18:41:42,61,עיניים,יודפת,language,אידיש,1
2026-07-30T18:41:42,61,עיניים,יודפת,language,אנגלית,47
2026-07-30T18:41:42,61,עיניים,יודפת,language,בולגרית,7
2026-07-30T18:41:42,61,עיניים,יודפת,language,גרמנית,1
2026-07-30T18:41:42,61,עיניים,יודפת,language,עברית,71
2026-07-30T18:41:42,61,עיניים,יודפת,language,ערבית,48
2026-07-30T18:41:42,61,עיניים,יודפת,language,צרפתית,1
2026-07-30T18:41:42,61,עיניים,יודפת,language,רומנית,14
2026-07-30T18:41:42,61,עיניים,יודפת,language,רוסית,18
2026-07-30T18:41:55,61,עיניים,ינון,gender,גבר,14
2026-07-30T18:41:55,61,עיניים,ינון,gender,אישה,16
2026-07-30T18:41:55,61,עיניים,ינון,visit_type,ביקור במרפאה,36
2026-07-30T18:41:55,61,עיניים,ינון,language,אנגלית,9
2026-07-30T18:41:55,61,עיניים,ינון,language,הונגרית,1
2026-07-30T18:41:55,61,עיניים,ינון,language,עברית,9
2026-07-30T18:41:55,61,עיניים,ינון,language,ערבית,2
2026-07-30T18:41:55,61,עיניים,ינון,language,רומנית,3
2026-07-30T18:41:55,61,עיניים,ינון,language,רוסית,5
2026-07-30T18:42:01,61,עיניים,יפית,gender,אישה,13
2026-07-30T18:42:01,61,עיניים,יפית,gender,גבר,17
2026-07-30T18:42:01,61,עיניים,יפית,visit_type,ביקור במרפאה,30
2026-07-30T18:42:01,61,עיניים,יפית,language,אנגלית,4
2026-07-30T18:42:01,61,עיניים,יפית,language,עברית,6
2026-07-30T18:42:01,61,עיניים,יפית,language,ערבית,6
2026-07-30T18:42:01,61,עיניים,יפית,language,צרפתית,1
2026-07-30T18:42:01,61,עיניים,יפית,language,רומנית,1
2026-07-30T18:42:11,61,עיניים,ירדנה,gender,גבר,104
2026-07-30T18:42:11,61,עיניים,ירדנה,gender,אישה,16
2026-07-30T18:42:11,61,עיניים,ירדנה,visit_type,ביקור במרפאה,125
2026-07-30T18:42:11,61,עיניים,ירדנה,visit_type,שיחת טלפון,1
2026-07-30T18:42:11,61,עיניים,ירדנה,language,אידיש,1
2026-07-30T18:42:11,61,עיניים,ירדנה,language,איטלקית,1
2026-07-30T18:42:11,61,עיניים,ירדנה,language,אנגלית,31
2026-07-30T18:42:11,61,עיניים,ירדנה,language,גרמנית,1
2026-07-30T18:42:11,61,עיניים,ירדנה,language,ספרדית,1
2026-07-30T18:42:11,61,עיניים,ירדנה,language,עברית,44
2026-07-30T18:42:11,61,עיניים,ירדנה,language,ערבית,25
2026-07-30T18:42:11,61,עיניים,ירדנה,language,פולנית,1
2026-07-30T18:42:11,61,עיניים,ירדנה,language,פרסית,1
2026-07-30T18:42:11,61,עיניים,ירדנה,language,צרפתית,1
2026-07-30T18:42:11,61,עיניים,ירדנה,language,רומנית,1
2026-07-30T18:42:11,61,עיניים,ירדנה,language,רוסית,5
2026-07-30T18:42:32,61,עיניים,יתד,gender,גבר,36
2026-07-30T18:42:32,61,עיניים,יתד,gender,אישה,13
2026-07-30T18:42:32,61,עיניים,יתד,visit_type,ביקור במרפאה,51
2026-07-30T18:42:32,61,עיניים,יתד,visit_type,שיחת טלפון,1
2026-07-30T18:42:32,61,עיניים,יתד,language,איטלקית,2
2026-07-30T18:42:32,61,עיניים,יתד,language,אנגלית,3
2026-07-30T18:42:32,61,עיניים,יתד,language,ספרדית,1
2026-07-30T18:42:32,61,עיניים,יתד,language,עברית,5
2026-07-30T18:42:32,61,עיניים,יתד,language,צרפתית,1
2026-07-30T18:42:32,61,עיניים,יתד,language,רומנית,1
2026-07-30T18:42:32,61,עיניים,יתד,language,רוסית,4
2026-07-30T18:42:47,61,עיניים,כוכב יאיר,gender,גבר,80
2026-07-30T18:42:47,61,עיניים,כוכב יאיר,gender,אישה,24
2026-07-30T18:42:47,61,עיניים,כוכב יאיר,visit_type,ביקור במרפאה,110
2026-07-30T18:42:47,61,עיניים,כוכב יאיר,visit_type,שיחת טלפון,1
2026-07-30T18:42:47,61,עיניים,כוכב יאיר,language,אידיש,2
2026-07-30T18:42:47,61,עיניים,כוכב יאיר,language,איטלקית,1
2026-07-30T18:42:47,61,עיניים,כוכב יאיר,language,אנגלית,24
2026-07-30T18:42:47,61,עיניים,כוכב יאיר,language,גרוזינית,1
2026-07-30T18:42:47,61,עיניים,כוכב יאיר,language,גרמנית,1
2026-07-30T18:42:47,61,עיניים,כוכב יאיר,language,ספרדית,3
2026-07-30T18:42:47,61,עיניים,כוכב יאיר,language,עברית,46
2026-07-30T18:42:47,61,עיניים,כוכב יאיר,language,ערבית,5
2026-07-30T18:42:47,61,עיניים,כוכב יאיר,language,צרפתית,5
2026-07-30T18:42:47,61,עיניים,כוכב יאיר,language,רומנית,2
2026-07-30T18:42:47,61,עיניים,כוכב יאיר,language,רוסית,9
2026-07-30T18:43:10,61,עיניים,כיסופים,gender,גבר,36
2026-07-30T18:43:10,61,עיניים,כיסופים,gender,אישה,13
2026-07-30T18:43:10,61,עיניים,כיסופים,visit_type,ביקור במרפאה,51
2026-07-30T18:43:10,61,עיניים,כיסופים,visit_type,שיחת טלפון,1
2026-07-30T18:43:10,61,עיניים,כיסופים,language,איטלקית,2
2026-07-30T18:43:10,61,עיניים,כיסופים,language,אנגלית,3
2026-07-30T18:43:10,61,עיניים,כיסופים,language,ספרדית,1
2026-07-30T18:43:10,61,עיניים,כיסופים,language,עברית,5
2026-07-30T18:43:10,61,עיניים,כיסופים,language,צרפתית,1
2026-07-30T18:43:10,61,עיניים,כיסופים,language,רומנית,1
2026-07-30T18:43:10,61,עיניים,כיסופים,language,רוסית,4
2026-07-30T18:43:21,61,עיניים,כנות,gender,גבר,14
2026-07-30T18:43:21,61,עיניים,כנות,gender,אישה,16
2026-07-30T18:43:21,61,עיניים,כנות,visit_type,ביקור במרפאה,36
2026-07-30T18:43:21,61,עיניים,כנות,language,אנגלית,9
2026-07-30T18:43:21,61,עיניים,כנות,language,הונגרית,1
2026-07-30T18:43:21,61,עיניים,כנות,language,עברית,9
2026-07-30T18:43:21,61,עיניים,כנות,language,ערבית,2
2026-07-30T18:43:21,61,עיניים,כנות,language,רומנית,3
2026-07-30T18:43:21,61,עיניים,כנות,language,רוסית,5
2026-07-30T18:43:28,61,עיניים,כפר אחים,gender,גבר,28
2026-07-30T18:43:28,61,עיניים,כפר אחים,gender,אישה,19
2026-07-30T18:43:28,61,עיניים,כפר אחים,visit_type,ביקור במרפאה,54
2026-07-30T18:43:28,61,עיניים,כפר אחים,language,אנגלית,12
2026-07-30T18:43:28,61,עיניים,כפר אחים,language,הונגרית,1
2026-07-30T18:43:28,61,עיניים,כפר אחים,language,עברית,12
2026-07-30T18:43:28,61,עיניים,כפר אחים,language,ערבית,2
2026-07-30T18:43:28,61,עיניים,כפר אחים,language,צרפתית,1
2026-07-30T18:43:28,61,עיניים,כפר אחים,language,רומנית,3
2026-07-30T18:43:28,61,עיניים,כפר אחים,language,רוסית,5
2026-07-30T18:43:38,61,עיניים,כרם יבנה,gender,גבר,14
2026-07-30T18:43:38,61,עיניים,כרם יבנה,gender,אישה,16
2026-07-30T18:43:38,61,עיניים,כרם יבנה,visit_type,ביקור במרפאה,36
2026-07-30T18:43:38,61,עיניים,כרם יבנה,language,אנגלית,9
2026-07-30T18:43:38,61,עיניים,כרם יבנה,language,הונגרית,1
2026-07-30T18:43:38,61,עיניים,כרם יבנה,language,עברית,9
2026-07-30T18:43:38,61,עיניים,כרם יבנה,language,ערבית,2
2026-07-30T18:43:38,61,עיניים,כרם יבנה,language,רומנית,3
2026-07-30T18:43:38,61,עיניים,כרם יבנה,language,רוסית,5
2026-07-30T18:43:49,61,עיניים,להב,gender,גבר,56
2026-07-30T18:43:49,61,עיניים,להב,gender,אישה,13
2026-07-30T18:43:49,61,עיניים,להב,visit_type,ביקור במרפאה,71
2026-07-30T18:43:49,61,עיניים,להב,visit_type,שיחת טלפון,1
2026-07-30T18:43:49,61,עיניים,להב,language,איטלקית,2
2026-07-30T18:43:49,61,עיניים,להב,language,אנגלית,3
2026-07-30T18:43:49,61,עיניים,להב,language,ספרדית,1
2026-07-30T18:43:49,61,עיניים,להב,language,עברית,6
2026-07-30T18:43:49,61,עיניים,להב,language,צרפתית,1
2026-07-30T18:43:49,61,עיניים,להב,language,רומנית,1
2026-07-30T18:43:49,61,עיניים,להב,language,רוסית,5
2026-07-30T18:44:03,61,עיניים,לימן,gender,גבר,47
2026-07-30T18:44:03,61,עיניים,לימן,gender,אישה,6
2026-07-30T18:44:03,61,עיניים,לימן,visit_type,ביקור במרפאה,54
2026-07-30T18:44:03,61,עיניים,לימן,visit_type,שיחת טלפון,1
2026-07-30T18:44:03,61,עיניים,לימן,language,אנגלית,37
2026-07-30T18:44:03,61,עיניים,לימן,language,בולגרית,7
2026-07-30T18:44:03,61,עיניים,לימן,language,גרמנית,1
2026-07-30T18:44:03,61,עיניים,לימן,language,עברית,52
2026-07-30T18:44:03,61,עיניים,לימן,language,ערבית,41
2026-07-30T18:44:03,61,עיניים,לימן,language,רומנית,14
2026-07-30T18:44:03,61,עיניים,לימן,language,רוסית,8
2026-07-30T18:44:14,61,עיניים,מבוא חמה,gender,גבר,62
2026-07-30T18:44:14,61,עיניים,מבוא חמה,gender,אישה,12
2026-07-30T18:44:14,61,עיניים,מבוא חמה,visit_type,ביקור במרפאה,79
2026-07-30T18:44:14,61,עיניים,מבוא חמה,language,אנגלית,19
2026-07-30T18:44:14,61,עיניים,מבוא חמה,language,עברית,27
2026-07-30T18:44:14,61,עיניים,מבוא חמה,language,ערבית,17
2026-07-30T18:44:14,61,עיניים,מבוא חמה,language,רוסית,4
2026-07-30T18:44:28,61,עיניים,מג'דל שמס,gender,גבר,62
2026-07-30T18:44:28,61,עיניים,מג'דל שמס,gender,אישה,12
2026-07-30T18:44:28,61,עיניים,מג'דל שמס,visit_type,ביקור במרפאה,79
2026-07-30T18:44:28,61,עיניים,מג'דל שמס,language,אנגלית,19
2026-07-30T18:44:28,61,עיניים,מג'דל שמס,language,עברית,27
2026-07-30T18:44:28,61,עיניים,מג'דל שמס,language,ערבית,17
2026-07-30T18:44:28,61,עיניים,מג'דל שמס,language,רוסית,4
2026-07-30T18:44:41,61,עיניים,מודיעין מכבים רעות,gender,גבר,22
2026-07-30T18:44:41,61,עיניים,מודיעין מכבים רעות,gender,אישה,15
2026-07-30T18:44:41,61,עיניים,מודיעין מכבים רעות,visit_type,ביקור במרפאה,41
2026-07-30T18:44:41,61,עיניים,מודיעין מכבים רעות,language,אנגלית,6
2026-07-30T18:44:41,61,עיניים,מודיעין מכבים רעות,language,הונגרית,1
2026-07-30T18:44:41,61,עיניים,מודיעין מכבים רעות,language,עברית,6
2026-07-30T18:44:41,61,עיניים,מודיעין מכבים רעות,language,ערבית,1
2026-07-30T18:44:41,61,עיניים,מודיעין מכבים רעות,language,צרפתית,1
2026-07-30T18:44:41,61,עיניים,מודיעין מכבים רעות,language,רומנית,1
2026-07-30T18:44:41,61,עיניים,מודיעין מכבים רעות,language,רוסית,1
2026-07-30T18:44:47,61,עיניים,מזאריע א נובאני,gender,גבר,38
2026-07-30T18:44:47,61,עיניים,מזאריע א נובאני,gender,אישה,15
2026-07-30T18:44:47,61,עיניים,מזאריע א נובאני,visit_type,ביקור במרפאה,58
2026-07-30T18:44:47,61,עיניים,מזאריע א נובאני,language,אידיש,1
2026-07-30T18:44:47,61,עיניים,מזאריע א נובאני,language,איטלקית,1
2026-07-30T18:44:47,61,עיניים,מזאריע א נובאני,language,אנגלית,26
2026-07-30T18:44:47,61,עיניים,מזאריע א נובאני,language,גרוזינית,2
2026-07-30T18:44:47,61,עיניים,מזאריע א נובאני,language,ספרדית,1
2026-07-30T18:44:47,61,עיניים,מזאריע א נובאני,language,עברית,53
2026-07-30T18:44:47,61,עיניים,מזאריע א נובאני,language,ערבית,5
2026-07-30T18:44:47,61,עיניים,מזאריע א נובאני,language,פולנית,1
2026-07-30T18:44:47,61,עיניים,מזאריע א נובאני,language,צרפתית,1
2026-07-30T18:44:47,61,עיניים,מזאריע א נובאני,language,רומנית,2
2026-07-30T18:44:47,61,עיניים,מזאריע א נובאני,language,רוסית,13
2026-07-30T18:44:58,61,עיניים,מטולה,gender,גבר,62
2026-07-30T18:44:58,61,עיניים,מטולה,gender,אישה,12
2026-07-30T18:44:58,61,עיניים,מטולה,visit_type,ביקור במרפאה,79
2026-07-30T18:44:58,61,עיניים,מטולה,language,אנגלית,19
2026-07-30T18:44:58,61,עיניים,מטולה,language,עברית,27
2026-07-30T18:44:58,61,עיניים,מטולה,language,ערבית,17
2026-07-30T18:44:58,61,עיניים,מטולה,language,רוסית,4
2026-07-30T18:45:11,61,עיניים,מישר,gender,גבר,14
2026-07-30T18:45:11,61,עיניים,מישר,gender,אישה,16
2026-07-30T18:45:11,61,עיניים,מישר,visit_type,ביקור במרפאה,36
2026-07-30T18:45:11,61,עיניים,מישר,language,אנגלית,9
2026-07-30T18:45:11,61,עיניים,מישר,language,הונגרית,1
2026-07-30T18:45:11,61,עיניים,מישר,language,עברית,9
2026-07-30T18:45:11,61,עיניים,מישר,language,ערבית,2
2026-07-30T18:45:11,61,עיניים,מישר,language,רומנית,3
2026-07-30T18:45:11,61,עיניים,מישר,language,רוסית,5
2026-07-30T18:45:20,61,עיניים,מנוחה,gender,גבר,36
2026-07-30T18:45:20,61,עיניים,מנוחה,gender,אישה,13
2026-07-30T18:45:20,61,עיניים,מנוחה,visit_type,ביקור במרפאה,51
2026-07-30T18:45:20,61,עיניים,מנוחה,visit_type,שיחת טלפון,1
2026-07-30T18:45:20,61,עיניים,מנוחה,language,איטלקית,2
2026-07-30T18:45:20,61,עיניים,מנוחה,language,אנגלית,3
2026-07-30T18:45:20,61,עיניים,מנוחה,language,ספרדית,1
2026-07-30T18:45:20,61,עיניים,מנוחה,language,עברית,5
2026-07-30T18:45:20,61,עיניים,מנוחה,language,צרפתית,1
2026-07-30T18:45:20,61,עיניים,מנוחה,language,רומנית,1
2026-07-30T18:45:20,61,עיניים,מנוחה,language,רוסית,4
2026-07-30T18:45:32,61,עיניים,מסיליה,gender,גבר,54
2026-07-30T18:45:32,61,עיניים,מסיליה,gender,אישה,14
2026-07-30T18:45:32,61,עיניים,מסיליה,visit_type,ביקור במרפאה,70
2026-07-30T18:45:32,61,עיניים,מסיליה,visit_type,שיחת טלפון,1
2026-07-30T18:45:32,61,עיניים,מסיליה,language,אידיש,2
2026-07-30T18:45:32,61,עיניים,מסיליה,language,איטלקית,1
2026-07-30T18:45:32,61,עיניים,מסיליה,language,אנגלית,10
2026-07-30T18:45:32,61,עיניים,מסיליה,language,ספרדית,3
2026-07-30T18:45:32,61,עיניים,מסיליה,language,עברית,13
2026-07-30T18:45:32,61,עיניים,מסיליה,language,ערבית,2
2026-07-30T18:45:32,61,עיניים,מסיליה,language,צרפתית,2
2026-07-30T18:45:32,61,עיניים,מסיליה,language,רוסית,1
2026-07-30T18:45:46,61,עיניים,מעון,gender,גבר,36
2026-07-30T18:45:46,61,עיניים,מעון,gender,אישה,13
2026-07-30T18:45:46,61,עיניים,מעון,visit_type,ביקור במרפאה,51
2026-07-30T18:45:46,61,עיניים,מעון,visit_type,שיחת טלפון,1
2026-07-30T18:45:46,61,עיניים,מעון,language,איטלקית,2
2026-07-30T18:45:46,61,עיניים,מעון,language,אנגלית,3
2026-07-30T18:45:46,61,עיניים,מעון,language,ספרדית,1
2026-07-30T18:45:46,61,עיניים,מעון,language,עברית,5
2026-07-30T18:45:46,61,עיניים,מעון,language,צרפתית,1
2026-07-30T18:45:46,61,עיניים,מעון,language,רומנית,1
2026-07-30T18:45:46,61,עיניים,מעון,language,רוסית,4
2026-07-30T18:45:58,61,עיניים,מפעלי גרנות,gender,גבר,54
2026-07-30T18:45:58,61,עיניים,מפעלי גרנות,gender,אישה,14
2026-07-30T18:45:58,61,עיניים,מפעלי גרנות,visit_type,ביקור במרפאה,70
2026-07-30T18:45:58,61,עיניים,מפעלי גרנות,visit_type,שיחת טלפון,1
2026-07-30T18:45:58,61,עיניים,מפעלי גרנות,language,אידיש,2
2026-07-30T18:45:58,61,עיניים,מפעלי גרנות,language,איטלקית,1
2026-07-30T18:45:58,61,עיניים,מפעלי גרנות,language,אנגלית,10
2026-07-30T18:45:58,61,עיניים,מפעלי גרנות,language,ספרדית,3
2026-07-30T18:45:58,61,עיניים,מפעלי גרנות,language,עברית,13
2026-07-30T18:45:58,61,עיניים,מפעלי גרנות,language,ערבית,2
2026-07-30T18:45:58,61,עיניים,מפעלי גרנות,language,צרפתית,2
2026-07-30T18:45:58,61,עיניים,מפעלי גרנות,language,רוסית,1
