scraped_at,spec_code,spec_name,search_city,facet_type,facet_value,count
2026-07-30T16:51:10,58,אורתופדיה,א שויוח,gender,גבר,47
2026-07-30T16:51:10,58,אורתופדיה,א שויוח,visit_type,ביקור במרפאה,49
2026-07-30T16:51:10,58,אורתופדיה,א שויוח,language,אנגלית,7
2026-07-30T16:51:10,58,אורתופדיה,א שויוח,language,עברית,12
2026-07-30T16:51:10,58,אורתופדיה,א שויוח,language,ערבית,6
2026-07-30T16:51:10,58,אורתופדיה,א שויוח,language,צרפתית,1
2026-07-30T16:51:10,58,אורתופדיה,א שויוח,language,רוסית,3
2026-07-30T16:51:19,58,אורתופדיה,אבו קורינאת,gender,גבר,36
2026-07-30T16:51:19,58,אורתופדיה,אבו קורינאת,gender,אישה,2
2026-07-30T16:51:19,58,אורתופדיה,אבו קורינאת,visit_type,ביקור במרפאה,43
2026-07-30T16:51:19,58,אורתופדיה,אבו קורינאת,language,עברית,1
2026-07-30T16:51:19,58,אורתופדיה,אבו קורינאת,language,רוסית,1
2026-07-30T16:51:31,58,אורתופדיה,אוהלו,gender,גבר,97
2026-07-30T16:51:31,58,אורתופדיה,אוהלו,visit_type,ביקור במרפאה,98
2026-07-30T16:51:31,58,אורתופדיה,אוהלו,visit_type,שיחת טלפון,1
2026-07-30T16:51:31,58,אורתופדיה,אוהלו,language,איטלקית,1
2026-07-30T16:51:31,58,אורתופדיה,אוהלו,language,אנגלית,9
2026-07-30T16:51:31,58,אורתופדיה,אוהלו,language,עברית,12
2026-07-30T16:51:31,58,אורתופדיה,אוהלו,language,ערבית,5
2026-07-30T16:51:31,58,אורתופדיה,אוהלו,language,רוסית,6
2026-07-30T16:51:46,58,אורתופדיה,אזור תעשייה נעמן,gender,גבר,113
2026-07-30T16:51:46,58,אורתופדיה,אזור תעשייה נעמן,gender,אישה,2
2026-07-30T16:51:46,58,אורתופדיה,אזור תעשייה נעמן,visit_type,ביקור במרפאה,116
2026-07-30T16:51:46,58,אורתופדיה,אזור תעשייה נעמן,visit_type,שיחת טלפון,2
2026-07-30T16:51:46,58,אורתופדיה,אזור תעשייה נעמן,language,אידיש,1
2026-07-30T16:51:46,58,אורתופדיה,אזור תעשייה נעמן,language,איטלקית,1
2026-07-30T16:51:46,58,אורתופדיה,אזור תעשייה נעמן,language,אנגלית,71
2026-07-30T16:51:46,58,אורתופדיה,אזור תעשייה נעמן,language,בולגרית,1
2026-07-30T16:51:46,58,אורתופדיה,אזור תעשייה נעמן,language,גרמנית,6
2026-07-30T16:51:46,58,אורתופדיה,אזור תעשייה נעמן,language,הונגרית,1
2026-07-30T16:51:46,58,אורתופדיה,אזור תעשייה נעמן,language,ספרדית,4
2026-07-30T16:51:46,58,אורתופדיה,אזור תעשייה נעמן,language,עברית,113
2026-07-30T16:51:46,58,אורתופדיה,אזור תעשייה נעמן,language,ערבית,77
2026-07-30T16:51:46,58,אורתופדיה,אזור תעשייה נעמן,language,צכית,1
2026-07-30T16:51:46,58,אורתופדיה,אזור תעשייה נעמן,language,צרפתית,2
2026-07-30T16:51:46,58,אורתופדיה,אזור תעשייה נעמן,language,רומנית,15
2026-07-30T16:51:46,58,אורתופדיה,אזור תעשייה נעמן,language,רוסית,26
2026-07-30T16:52:03,58,אורתופדיה,איג'ניסיניא,gender,גבר,86
2026-07-30T16:52:03,58,אורתופדיה,איג'ניסיניא,visit_type,ביקור במרפאה,89
2026-07-30T16:52:03,58,אורתופדיה,איג'ניסיניא,visit_type,שיחת טלפון,3
2026-07-30T16:52:03,58,אורתופדיה,איג'ניסיניא,language,אידיש,1
2026-07-30T16:52:03,58,אורתופדיה,איג'ניסיניא,language,איטלקית,1
2026-07-30T16:52:03,58,אורתופדיה,איג'ניסיניא,language,אנגלית,8
2026-07-30T16:52:03,58,אורתופדיה,איג'ניסיניא,language,עברית,15
2026-07-30T16:52:03,58,אורתופדיה,איג'ניסיניא,language,ערבית,10
2026-07-30T16:52:03,58,אורתופדיה,איג'ניסיניא,language,רומנית,3
2026-07-30T16:52:03,58,אורתופדיה,איג'ניסיניא,language,רוסית,2
2026-07-30T16:52:18,58,אורתופדיה,אל אסד,gender,גבר,36
2026-07-30T16:52:18,58,אורתופדיה,אל אסד,gender,אישה,2
2026-07-30T16:52:18,58,אורתופדיה,אל אסד,visit_type,ביקור במרפאה,43
2026-07-30T16:52:18,58,אורתופדיה,אל אסד,language,עברית,1
2026-07-30T16:52:18,58,אורתופדיה,אל אסד,language,רוסית,1
2026-07-30T16:52:29,58,אורתופדיה,אמונים,gender,גבר,32
2026-07-30T16:52:29,58,אורתופדיה,אמונים,gender,אישה,1
2026-07-30T16:52:29,58,אורתופדיה,אמונים,visit_type,ביקור במרפאה,37
2026-07-30T16:52:29,58,אורתופדיה,אמונים,visit_type,שיחת טלפון,1
2026-07-30T16:52:29,58,אורתופדיה,אמונים,visit_type,שיחת וידאו,1
2026-07-30T16:52:29,58,אורתופדיה,אמונים,language,איטלקית,1
2026-07-30T16:52:29,58,אורתופדיה,אמונים,language,אנגלית,3
2026-07-30T16:52:29,58,אורתופדיה,אמונים,language,גרמנית,1
2026-07-30T16:52:29,58,אורתופדיה,אמונים,language,עברית,7
2026-07-30T16:52:29,58,אורתופדיה,אמונים,language,ערבית,1
2026-07-30T16:52:29,58,אורתופדיה,אמונים,language,צרפתית,1
2026-07-30T16:52:29,58,אורתופדיה,אמונים,language,רומנית,1
2026-07-30T16:52:29,58,אורתופדיה,אמונים,language,רוסית,3
2026-07-30T16:52:38,58,אורתופדיה,אפיקים,gender,גבר,97
2026-07-30T16:52:38,58,אורתופדיה,אפיקים,visit_type,ביקור במרפאה,98
2026-07-30T16:52:38,58,אורתופדיה,אפיקים,visit_type,שיחת טלפון,1
2026-07-30T16:52:38,58,אורתופדיה,אפיקים,language,איטלקית,1
2026-07-30T16:52:38,58,אורתופדיה,אפיקים,language,אנגלית,9
2026-07-30T16:52:38,58,אורתופדיה,אפיקים,language,עברית,12
2026-07-30T16:52:38,58,אורתופדיה,אפיקים,language,ערבית,5
2026-07-30T16:52:38,58,אורתופדיה,אפיקים,language,רוסית,6
2026-07-30T16:52:53,58,אורתופדיה,אשבל,gender,גבר,89
2026-07-30T16:52:53,58,אורתופדיה,אשבל,gender,אישה,2
2026-07-30T16:52:53,58,אורתופדיה,אשבל,visit_type,ביקור במרפאה,91
2026-07-30T16:52:53,58,אורתופדיה,אשבל,visit_type,שיחת טלפון,2
2026-07-30T16:52:53,58,אורתופדיה,אשבל,language,איטלקית,1
2026-07-30T16:52:53,58,אורתופדיה,אשבל,language,אנגלית,53
2026-07-30T16:52:53,58,אורתופדיה,אשבל,language,בולגרית,1
2026-07-30T16:52:53,58,אורתופדיה,אשבל,language,גרמנית,3
2026-07-30T16:52:53,58,אורתופדיה,אשבל,language,ספרדית,2
2026-07-30T16:52:53,58,אורתופדיה,אשבל,language,עברית,90
2026-07-30T16:52:53,58,אורתופדיה,אשבל,language,ערבית,67
2026-07-30T16:52:53,58,אורתופדיה,אשבל,language,צכית,1
2026-07-30T16:52:53,58,אורתופדיה,אשבל,language,צרפתית,1
2026-07-30T16:52:53,58,אורתופדיה,אשבל,language,רומנית,8
2026-07-30T16:52:53,58,אורתופדיה,אשבל,language,רוסית,19
2026-07-30T16:53:08,58,אורתופדיה,באקה א שרקיה,gender,גבר,86
2026-07-30T16:53:08,58,אורתופדיה,באקה א שרקיה,visit_type,ביקור במרפאה,89
2026-07-30T16:53:08,58,אורתופדיה,באקה א שרקיה,visit_type,שיחת טלפון,3
2026-07-30T16:53:08,58,אורתופדיה,באקה א שרקיה,language,אידיש,1
2026-07-30T16:53:08,58,אורתופדיה,באקה א שרקיה,language,איטלקית,1
2026-07-30T16:53:08,58,אורתופדיה,באקה א שרקיה,language,אנגלית,8
2026-07-30T16:53:08,58,אורתופדיה,באקה א שרקיה,language,עברית,15
2026-07-30T16:53:08,58,אורתופדיה,באקה א שרקיה,language,ערבית,10
2026-07-30T16:53:08,58,אורתופדיה,באקה א שרקיה,language,רומנית,3
2026-07-30T16:53:08,58,אורתופדיה,באקה א שרקיה,language,רוסית,2
2026-07-30T16:53:22,58,אורתופדיה,בוסתן הגליל,gender,גבר,69
2026-07-30T16:53:22,58,אורתופדיה,בוסתן הגליל,gender,אישה,2
2026-07-30T16:53:22,58,אורתופדיה,בוסתן הגליל,visit_type,ביקור במרפאה,71
2026-07-30T16:53:22,58,אורתופדיה,בוסתן הגליל,visit_type,שיחת טלפון,2
2026-07-30T16:53:22,58,אורתופדיה,בוסתן הגליל,language,איטלקית,1
2026-07-30T16:53:22,58,אורתופדיה,בוסתן הגליל,language,אנגלית,35
2026-07-30T16:53:22,58,אורתופדיה,בוסתן הגליל,language,בולגרית,1
2026-07-30T16:53:22,58,אורתופדיה,בוסתן הגליל,language,גרמנית,1
2026-07-30T16:53:22,58,אורתופדיה,בוסתן הגליל,language,ספרדית,2
2026-07-30T16:53:22,58,אורתופדיה,בוסתן הגליל,language,עברית,70
2026-07-30T16:53:22,58,אורתופדיה,בוסתן הגליל,language,ערבית,60
2026-07-30T16:53:22,58,אורתופדיה,בוסתן הגליל,language,צכית,1
2026-07-30T16:53:22,58,אורתופדיה,בוסתן הגליל,language,צרפתית,1
2026-07-30T16:53:22,58,אורתופדיה,בוסתן הגליל,language,רומנית,4
2026-07-30T16:53:22,58,אורתופדיה,בוסתן הגליל,language,רוסית,15
2026-07-30T16:53:34,58,אורתופדיה,בחן,gender,גבר,86
2026-07-30T16:53:34,58,אורתופדיה,בחן,visit_type,ביקור במרפאה,89
2026-07-30T16:53:34,58,אורתופדיה,בחן,visit_type,שיחת טלפון,3
2026-07-30T16:53:34,58,אורתופדיה,בחן,language,אידיש,1
2026-07-30T16:53:34,58,אורתופדיה,בחן,language,איטלקית,1
2026-07-30T16:53:34,58,אורתופדיה,בחן,language,אנגלית,8
2026-07-30T16:53:34,58,אורתופדיה,בחן,language,עברית,15
2026-07-30T16:53:34,58,אורתופדיה,בחן,language,ערבית,10
2026-07-30T16:53:34,58,אורתופדיה,בחן,language,רומנית,3
2026-07-30T16:53:34,58,אורתופדיה,בחן,language,רוסית,2
2026-07-30T16:53:49,58,אורתופדיה,ביר הדאג',gender,גבר,36
2026-07-30T16:53:49,58,אורתופדיה,ביר הדאג',gender,אישה,2
2026-07-30T16:53:49,58,אורתופדיה,ביר הדאג',visit_type,ביקור במרפאה,43
2026-07-30T16:53:49,58,אורתופדיה,ביר הדאג',language,עברית,1
2026-07-30T16:53:49,58,אורתופדיה,ביר הדאג',language,רוסית,1
2026-07-30T16:54:02,58,אורתופדיה,בני נעים,gender,גבר,52
2026-07-30T16:54:02,58,אורתופדיה,בני נעים,gender,אישה,3
2026-07-30T16:54:02,58,אורתופדיה,בני נעים,visit_type,ביקור במרפאה,63
2026-07-30T16:54:02,58,אורתופדיה,בני נעים,language,עברית,1
2026-07-30T16:54:02,58,אורתופדיה,בני נעים,language,רוסית,1
2026-07-30T16:54:16,58,אורתופדיה,בקעות,gender,גבר,47
2026-07-30T16:54:16,58,אורתופדיה,בקעות,visit_type,ביקור במרפאה,49
2026-07-30T16:54:16,58,אורתופדיה,בקעות,language,אנגלית,7
2026-07-30T16:54:16,58,אורתופדיה,בקעות,language,עברית,12
2026-07-30T16:54:16,58,אורתופדיה,בקעות,language,ערבית,6
2026-07-30T16:54:16,58,אורתופדיה,בקעות,language,צרפתית,1
2026-07-30T16:54:16,58,אורתופדיה,בקעות,language,רוסית,3
2026-07-30T16:54:25,58,אורתופדיה,ברעם,gender,גבר,97
2026-07-30T16:54:25,58,אורתופדיה,ברעם,visit_type,ביקור במרפאה,98
2026-07-30T16:54:25,58,אורתופדיה,ברעם,visit_type,שיחת טלפון,1
2026-07-30T16:54:25,58,אורתופדיה,ברעם,language,איטלקית,1
2026-07-30T16:54:25,58,אורתופדיה,ברעם,language,אנגלית,9
2026-07-30T16:54:25,58,אורתופדיה,ברעם,language,עברית,12
2026-07-30T16:54:25,58,אורתופדיה,ברעם,language,ערבית,5
2026-07-30T16:54:25,58,אורתופדיה,ברעם,language,רוסית,6
2026-07-30T16:54:42,58,אורתופדיה,ג'באליה,gender,גבר,52
2026-07-30T16:54:42,58,אורתופדיה,ג'באליה,gender,אישה,3
2026-07-30T16:54:42,58,אורתופדיה,ג'באליה,visit_type,ביקור במרפאה,63
2026-07-30T16:54:42,58,אורתופדיה,ג'באליה,language,עברית,1
2026-07-30T16:54:42,58,אורתופדיה,ג'באליה,language,רוסית,1
2026-07-30T16:54:59,58,אורתופדיה,גבעולים,gender,גבר,52
2026-07-30T16:54:59,58,אורתופדיה,גבעולים,gender,אישה,3
2026-07-30T16:54:59,58,אורתופדיה,גבעולים,visit_type,ביקור במרפאה,63
2026-07-30T16:54:59,58,אורתופדיה,גבעולים,language,עברית,1
2026-07-30T16:54:59,58,אורתופדיה,גבעולים,language,רוסית,1
2026-07-30T16:55:14,58,אורתופדיה,גורן,gender,גבר,69
2026-07-30T16:55:14,58,אורתופדיה,גורן,gender,אישה,2
2026-07-30T16:55:14,58,אורתופדיה,גורן,visit_type,ביקור במרפאה,71
2026-07-30T16:55:14,58,אורתופדיה,גורן,visit_type,שיחת טלפון,2
2026-07-30T16:55:14,58,אורתופדיה,גורן,language,איטלקית,1
2026-07-30T16:55:14,58,אורתופדיה,גורן,language,אנגלית,35
2026-07-30T16:55:14,58,אורתופדיה,גורן,language,בולגרית,1
2026-07-30T16:55:14,58,אורתופדיה,גורן,language,גרמנית,1
2026-07-30T16:55:14,58,אורתופדיה,גורן,language,ספרדית,2
2026-07-30T16:55:14,58,אורתופדיה,גורן,language,עברית,70
2026-07-30T16:55:14,58,אורתופדיה,גורן,language,ערבית,60
2026-07-30T16:55:14,58,אורתופדיה,גורן,language,צכית,1
2026-07-30T16:55:14,58,אורתופדיה,גורן,language,צרפתית,1
2026-07-30T16:55:14,58,אורתופדיה,גורן,language,רומנית,4
2026-07-30T16:55:14,58,אורתופדיה,גורן,language,רוסית,15
2026-07-30T16:55:26,58,אורתופדיה,גיניגר,gender,גבר,97
2026-07-30T16:55:26,58,אורתופדיה,גיניגר,visit_type,ביקור במרפאה,98
2026-07-30T16:55:26,58,אורתופדיה,גיניגר,visit_type,שיחת טלפון,1
2026-07-30T16:55:26,58,אורתופדיה,גיניגר,language,איטלקית,1
2026-07-30T16:55:26,58,אורתופדיה,גיניגר,language,אנגלית,9
2026-07-30T16:55:26,58,אורתופדיה,גיניגר,language,עברית,12
2026-07-30T16:55:26,58,אורתופדיה,גיניגר,language,ערבית,5
2026-07-30T16:55:26,58,אורתופדיה,גיניגר,language,רוסית,6
2026-07-30T16:55:41,58,אורתופדיה,גנות הדר,gender,גבר,86
2026-07-30T16:55:41,58,אורתופדיה,גנות הדר,visit_type,ביקור במרפאה,89
2026-07-30T16:55:41,58,אורתופדיה,גנות הדר,visit_type,שיחת טלפון,3
2026-07-30T16:55:41,58,אורתופדיה,גנות הדר,language,אידיש,1
2026-07-30T16:55:41,58,אורתופדיה,גנות הדר,language,איטלקית,1
2026-07-30T16:55:41,58,אורתופדיה,גנות הדר,language,אנגלית,8
2026-07-30T16:55:41,58,אורתופדיה,גנות הדר,language,עברית,15
2026-07-30T16:55:41,58,אורתופדיה,גנות הדר,language,ערבית,10
2026-07-30T16:55:41,58,אורתופדיה,גנות הדר,language,רומנית,3
2026-07-30T16:55:41,58,אורתופדיה,גנות הדר,language,רוסית,2
2026-07-30T16:55:54,58,אורתופדיה,גרופית,gender,גבר,4
2026-07-30T16:55:54,58,אורתופדיה,גרופית,visit_type,ביקור במרפאה,6
2026-07-30T16:55:54,58,אורתופדיה,גרופית,visit_type,שיחת טלפון,2
2026-07-30T16:55:54,58,אורתופדיה,גרופית,language,איטלקית,1
2026-07-30T16:55:54,58,אורתופדיה,גרופית,language,אנגלית,1
2026-07-30T16:55:54,58,אורתופדיה,גרופית,language,עברית,1
2026-07-30T16:55:58,58,אורתופדיה,דברת,gender,גבר,145
2026-07-30T16:55:58,58,אורתופדיה,דברת,visit_type,ביקור במרפאה,146
2026-07-30T16:55:58,58,אורתופדיה,דברת,visit_type,שיחת טלפון,2
2026-07-30T16:55:58,58,אורתופדיה,דברת,language,איטלקית,1
2026-07-30T16:55:58,58,אורתופדיה,דברת,language,אנגלית,19
2026-07-30T16:55:58,58,אורתופדיה,דברת,language,גרמנית,1
2026-07-30T16:55:58,58,אורתופדיה,דברת,language,עברית,31
2026-07-30T16:55:58,58,אורתופדיה,דברת,language,ערבית,21
2026-07-30T16:55:58,58,אורתופדיה,דברת,language,רומנית,7
2026-07-30T16:55:58,58,אורתופדיה,דברת,language,רוסית,6
2026-07-30T16:56:20,58,אורתופדיה,דורא,gender,גבר,52
2026-07-30T16:56:20,58,אורתופדיה,דורא,gender,אישה,3
2026-07-30T16:56:20,58,אורתופדיה,דורא,visit_type,ביקור במרפאה,63
2026-07-30T16:56:20,58,אורתופדיה,דורא,language,עברית,1
2026-07-30T16:56:20,58,אורתופדיה,דורא,language,רוסית,1
2026-07-30T16:56:35,58,אורתופדיה,דיר אבו משעל,gender,גבר,49
2026-07-30T16:56:35,58,אורתופדיה,דיר אבו משעל,gender,אישה,1
2026-07-30T16:56:35,58,אורתופדיה,דיר אבו משעל,visit_type,ביקור במרפאה,58
2026-07-30T16:56:35,58,אורתופדיה,דיר אבו משעל,visit_type,שיחת טלפון,1
2026-07-30T16:56:35,58,אורתופדיה,דיר אבו משעל,language,איטלקית,4
2026-07-30T16:56:35,58,אורתופדיה,דיר אבו משעל,language,אנגלית,33
2026-07-30T16:56:35,58,אורתופדיה,דיר אבו משעל,language,גרמנית,6
2026-07-30T16:56:35,58,אורתופדיה,דיר אבו משעל,language,ספרדית,2
2026-07-30T16:56:35,58,אורתופדיה,דיר אבו משעל,language,עברית,54
2026-07-30T16:56:35,58,אורתופדיה,דיר אבו משעל,language,ערבית,6
2026-07-30T16:56:35,58,אורתופדיה,דיר אבו משעל,language,רומנית,5
2026-07-30T16:56:35,58,אורתופדיה,דיר אבו משעל,language,רוסית,6
2026-07-30T16:56:46,58,אורתופדיה,דריג'את,gender,גבר,36
2026-07-30T16:56:46,58,אורתופדיה,דריג'את,gender,אישה,2
2026-07-30T16:56:46,58,אורתופדיה,דריג'את,visit_type,ביקור במרפאה,43
2026-07-30T16:56:46,58,אורתופדיה,דריג'את,language,עברית,1
2026-07-30T16:56:46,58,אורתופדיה,דריג'את,language,רוסית,1
2026-07-30T16:56:58,58,אורתופדיה,הוזייל,gender,גבר,36
2026-07-30T16:56:58,58,אורתופדיה,הוזייל,gender,אישה,2
2026-07-30T16:56:58,58,אורתופדיה,הוזייל,visit_type,ביקור במרפאה,43
2026-07-30T16:56:58,58,אורתופדיה,הוזייל,language,עברית,1
2026-07-30T16:56:58,58,אורתופדיה,הוזייל,language,רוסית,1
2026-07-30T16:57:10,58,אורתופדיה,העוגן,gender,גבר,86
2026-07-30T16:57:10,58,אורתופדיה,העוגן,visit_type,ביקור במרפאה,89
2026-07-30T16:57:10,58,אורתופדיה,העוגן,visit_type,שיחת טלפון,3
2026-07-30T16:57:10,58,אורתופדיה,העוגן,language,אידיש,1
2026-07-30T16:57:10,58,אורתופדיה,העוגן,language,איטלקית,1
2026-07-30T16:57:10,58,אורתופדיה,העוגן,language,אנגלית,8
2026-07-30T16:57:10,58,אורתופדיה,העוגן,language,עברית,15
2026-07-30T16:57:10,58,אורתופדיה,העוגן,language,ערבית,10
2026-07-30T16:57:10,58,אורתופדיה,העוגן,language,רומנית,3
2026-07-30T16:57:10,58,אורתופדיה,העוגן,language,רוסית,2
2026-07-30T16:57:25,58,אורתופדיה,ורדון,gender,גבר,41
2026-07-30T16:57:25,58,אורתופדיה,ורדון,gender,אישה,2
2026-07-30T16:57:25,58,אורתופדיה,ורדון,visit_type,ביקור במרפאה,47
2026-07-30T16:57:25,58,אורתופדיה,ורדון,language,עברית,1
2026-07-30T16:57:25,58,אורתופדיה,ורדון,language,רוסית,1
2026-07-30T16:57:38,58,אורתופדיה,זיקים,gender,גבר,41
2026-07-30T16:57:38,58,אורתופדיה,זיקים,gender,אישה,2
2026-07-30T16:57:38,58,אורתופדיה,זיקים,visit_type,ביקור במרפאה,47
2026-07-30T16:57:38,58,אורתופדיה,זיקים,language,עברית,1
2026-07-30T16:57:38,58,אורתופדיה,זיקים,language,רוסית,1
2026-07-30T16:57:51,58,אורתופדיה,זרועה,gender,גבר,52
2026-07-30T16:57:51,58,אורתופדיה,זרועה,gender,אישה,3
2026-07-30T16:57:51,58,אורתופדיה,זרועה,visit_type,ביקור במרפאה,63
2026-07-30T16:57:51,58,אורתופדיה,זרועה,language,עברית,1
2026-07-30T16:57:51,58,אורתופדיה,זרועה,language,רוסית,1
2026-07-30T16:58:07,58,אורתופדיה,חג'ה,gender,גבר,86
2026-07-30T16:58:07,58,אורתופדיה,חג'ה,visit_type,ביקור במרפאה,89
2026-07-30T16:58:07,58,אורתופדיה,חג'ה,visit_type,שיחת טלפון,3
2026-07-30T16:58:07,58,אורתופדיה,חג'ה,language,אידיש,1
2026-07-30T16:58:07,58,אורתופדיה,חג'ה,language,איטלקית,1
2026-07-30T16:58:07,58,אורתופדיה,חג'ה,language,אנגלית,8
2026-07-30T16:58:07,58,אורתופדיה,חג'ה,language,עברית,15
2026-07-30T16:58:07,58,אורתופדיה,חג'ה,language,ערבית,10
2026-07-30T16:58:07,58,אורתופדיה,חג'ה,language,רומנית,3
2026-07-30T16:58:07,58,אורתופדיה,חג'ה,language,רוסית,2
2026-07-30T16:58:22,58,אורתופדיה,חולית,gender,גבר,41
2026-07-30T16:58:22,58,אורתופדיה,חולית,gender,אישה,2
2026-07-30T16:58:22,58,אורתופדיה,חולית,visit_type,ביקור במרפאה,47
2026-07-30T16:58:22,58,אורתופדיה,חולית,language,עברית,1
2026-07-30T16:58:22,58,אורתופדיה,חולית,language,רוסית,1
2026-07-30T16:58:36,58,אורתופדיה,חיננית,gender,גבר,125
2026-07-30T16:58:36,58,אורתופדיה,חיננית,visit_type,ביקור במרפאה,128
2026-07-30T16:58:36,58,אורתופדיה,חיננית,visit_type,שיחת טלפון,4
2026-07-30T16:58:36,58,אורתופדיה,חיננית,language,אידיש,1
2026-07-30T16:58:36,58,אורתופדיה,חיננית,language,איטלקית,1
2026-07-30T16:58:36,58,אורתופדיה,חיננית,language,אנגלית,15
2026-07-30T16:58:36,58,אורתופדיה,חיננית,language,גרמנית,1
2026-07-30T16:58:36,58,אורתופדיה,חיננית,language,עברית,26
2026-07-30T16:58:36,58,אורתופדיה,חיננית,language,ערבית,18
2026-07-30T16:58:36,58,אורתופדיה,חיננית,language,רומנית,7
2026-07-30T16:58:36,58,אורתופדיה,חיננית,language,רוסית,3
2026-07-30T16:58:55,58,אורתופדיה,חניאל,gender,גבר,86
2026-07-30T16:58:55,58,אורתופדיה,חניאל,visit_type,ביקור במרפאה,89
2026-07-30T16:58:55,58,אורתופדיה,חניאל,visit_type,שיחת טלפון,3
2026-07-30T16:58:55,58,אורתופדיה,חניאל,language,אידיש,1
2026-07-30T16:58:55,58,אורתופדיה,חניאל,language,איטלקית,1
2026-07-30T16:58:55,58,אורתופדיה,חניאל,language,אנגלית,8
2026-07-30T16:58:55,58,אורתופדיה,חניאל,language,עברית,15
2026-07-30T16:58:55,58,אורתופדיה,חניאל,language,ערבית,10
2026-07-30T16:58:55,58,אורתופדיה,חניאל,language,רומנית,3
2026-07-30T16:58:55,58,אורתופדיה,חניאל,language,רוסית,2
2026-07-30T16:59:11,58,אורתופדיה,חצרים,gender,גבר,52
2026-07-30T16:59:11,58,אורתופדיה,חצרים,gender,אישה,3
2026-07-30T16:59:11,58,אורתופדיה,חצרים,visit_type,ביקור במרפאה,63
2026-07-30T16:59:11,58,אורתופדיה,חצרים,language,עברית,1
2026-07-30T16:59:11,58,אורתופדיה,חצרים,language,רוסית,1
2026-07-30T16:59:27,58,אורתופדיה,טובאס,gender,גבר,86
2026-07-30T16:59:27,58,אורתופדיה,טובאס,visit_type,ביקור במרפאה,89
2026-07-30T16:59:27,58,אורתופדיה,טובאס,visit_type,שיחת טלפון,3
2026-07-30T16:59:27,58,אורתופדיה,טובאס,language,אידיש,1
2026-07-30T16:59:27,58,אורתופדיה,טובאס,language,איטלקית,1
2026-07-30T16:59:27,58,אורתופדיה,טובאס,language,אנגלית,8
2026-07-30T16:59:27,58,אורתופדיה,טובאס,language,עברית,15
2026-07-30T16:59:27,58,אורתופדיה,טובאס,language,ערבית,10
2026-07-30T16:59:27,58,אורתופדיה,טובאס,language,רומנית,3
2026-07-30T16:59:27,58,אורתופדיה,טובאס,language,רוסית,2
2026-07-30T16:59:44,58,אורתופדיה,טירת צבי,gender,גבר,145
2026-07-30T16:59:44,58,אורתופדיה,טירת צבי,visit_type,ביקור במרפאה,146
2026-07-30T16:59:44,58,אורתופדיה,טירת צבי,visit_type,שיחת טלפון,2
2026-07-30T16:59:44,58,אורתופדיה,טירת צבי,language,איטלקית,1
2026-07-30T16:59:44,58,אורתופדיה,טירת צבי,language,אנגלית,19
2026-07-30T16:59:44,58,אורתופדיה,טירת צבי,language,גרמנית,1
2026-07-30T16:59:44,58,אורתופדיה,טירת צבי,language,עברית,31
2026-07-30T16:59:44,58,אורתופדיה,טירת צבי,language,ערבית,21
2026-07-30T16:59:44,58,אורתופדיה,טירת צבי,language,רומנית,7
2026-07-30T16:59:44,58,אורתופדיה,טירת צבי,language,רוסית,6
2026-07-30T17:00:05,58,אורתופדיה,טפחות,gender,גבר,97
2026-07-30T17:00:05,58,אורתופדיה,טפחות,visit_type,ביקור במרפאה,98
2026-07-30T17:00:05,58,אורתופדיה,טפחות,visit_type,שיחת טלפון,1
2026-07-30T17:00:05,58,אורתופדיה,טפחות,language,איטלקית,1
2026-07-30T17:00:05,58,אורתופדיה,טפחות,language,אנגלית,9
2026-07-30T17:00:05,58,אורתופדיה,טפחות,language,עברית,12
2026-07-30T17:00:05,58,אורתופדיה,טפחות,language,ערבית,5
2026-07-30T17:00:05,58,אורתופדיה,טפחות,language,רוסית,6
2026-07-30T17:00:19,58,אורתופדיה,יברוד,gender,גבר,47
2026-07-30T17:00:19,58,אורתופדיה,יברוד,visit_type,ביקור במרפאה,49
2026-07-30T17:00:19,58,אורתופדיה,יברוד,language,אנגלית,7
2026-07-30T17:00:19,58,אורתופדיה,יברוד,language,עברית,12
2026-07-30T17:00:19,58,אורתופדיה,יברוד,language,ערבית,6
2026-07-30T17:00:19,58,אורתופדיה,יברוד,language,צרפתית,1
2026-07-30T17:00:19,58,אורתופדיה,יברוד,language,רוסית,3
2026-07-30T17:00:27,58,אורתופדיה,יהוד מונוסון,gender,גבר,67
2026-07-30T17:00:27,58,אורתופדיה,יהוד מונוסון,gender,אישה,1
2026-07-30T17:00:27,58,אורתופדיה,יהוד מונוסון,visit_type,ביקור במרפאה,77
2026-07-30T17:00:27,58,אורתופדיה,יהוד מונוסון,visit_type,שיחת טלפון,2
2026-07-30T17:00:27,58,אורתופדיה,יהוד מונוסון,language,אידיש,1
2026-07-30T17:00:27,58,אורתופדיה,יהוד מונוסון,language,איטלקית,5
2026-07-30T17:00:27,58,אורתופדיה,יהוד מונוסון,language,אנגלית,35
2026-07-30T17:00:27,58,אורתופדיה,יהוד מונוסון,language,גרמנית,6
2026-07-30T17:00:27,58,אורתופדיה,יהוד מונוסון,language,ספרדית,2
2026-07-30T17:00:27,58,אורתופדיה,יהוד מונוסון,language,עברית,56
2026-07-30T17:00:27,58,אורתופדיה,יהוד מונוסון,language,ערבית,6
2026-07-30T17:00:27,58,אורתופדיה,יהוד מונוסון,language,רומנית,5
2026-07-30T17:00:27,58,אורתופדיה,יהוד מונוסון,language,רוסית,6
2026-07-30T17:00:39,58,אורתופדיה,יטבתה,gender,גבר,4
2026-07-30T17:00:39,58,אורתופדיה,יטבתה,visit_type,ביקור במרפאה,6
2026-07-30T17:00:39,58,אורתופדיה,יטבתה,visit_type,שיחת טלפון,2
2026-07-30T17:00:39,58,אורתופדיה,יטבתה,language,איטלקית,1
2026-07-30T17:00:39,58,אורתופדיה,יטבתה,language,אנגלית,1
2026-07-30T17:00:39,58,אורתופדיה,יטבתה,language,עברית,1
2026-07-30T17:00:43,58,אורתופדיה,יעל,gender,גבר,145
2026-07-30T17:00:43,58,אורתופדיה,יעל,visit_type,ביקור במרפאה,146
2026-07-30T17:00:43,58,אורתופדיה,יעל,visit_type,שיחת טלפון,2
2026-07-30T17:00:43,58,אורתופדיה,יעל,language,איטלקית,1
2026-07-30T17:00:43,58,אורתופדיה,יעל,language,אנגלית,19
2026-07-30T17:00:43,58,אורתופדיה,יעל,language,גרמנית,1
2026-07-30T17:00:43,58,אורתופדיה,יעל,language,עברית,31
2026-07-30T17:00:43,58,אורתופדיה,יעל,language,ערבית,21
2026-07-30T17:00:43,58,אורתופדיה,יעל,language,רומנית,7
2026-07-30T17:00:43,58,אורתופדיה,יעל,language,רוסית,6
2026-07-30T17:01:04,58,אורתופדיה,יקיר,gender,גבר,86
2026-07-30T17:01:04,58,אורתופדיה,יקיר,visit_type,ביקור במרפאה,89
2026-07-30T17:01:04,58,אורתופדיה,יקיר,visit_type,שיחת טלפון,3
2026-07-30T17:01:04,58,אורתופדיה,יקיר,language,אידיש,1
2026-07-30T17:01:04,58,אורתופדיה,יקיר,language,איטלקית,1
2026-07-30T17:01:04,58,אורתופדיה,יקיר,language,אנגלית,8
2026-07-30T17:01:04,58,אורתופדיה,יקיר,language,עברית,15
2026-07-30T17:01:04,58,אורתופדיה,יקיר,language,ערבית,10
2026-07-30T17:01:04,58,אורתופדיה,יקיר,language,רומנית,3
2026-07-30T17:01:04,58,אורתופדיה,יקיר,language,רוסית,2
2026-07-30T17:01:19,58,אורתופדיה,ירקונה,gender,גבר,67
2026-07-30T17:01:19,58,אורתופדיה,ירקונה,gender,אישה,1
2026-07-30T17:01:19,58,אורתופדיה,ירקונה,visit_type,ביקור במרפאה,77
2026-07-30T17:01:19,58,אורתופדיה,ירקונה,visit_type,שיחת טלפון,2
2026-07-30T17:01:19,58,אורתופדיה,ירקונה,language,אידיש,1
2026-07-30T17:01:19,58,אורתופדיה,ירקונה,language,איטלקית,5
2026-07-30T17:01:19,58,אורתופדיה,ירקונה,language,אנגלית,35
2026-07-30T17:01:19,58,אורתופדיה,ירקונה,language,גרמנית,6
2026-07-30T17:01:19,58,אורתופדיה,ירקונה,language,ספרדית,2
2026-07-30T17:01:19,58,אורתופדיה,ירקונה,language,עברית,56
2026-07-30T17:01:19,58,אורתופדיה,ירקונה,language,ערבית,6
2026-07-30T17:01:19,58,אורתופדיה,ירקונה,language,רומנית,5
2026-07-30T17:01:19,58,אורתופדיה,ירקונה,language,רוסית,6
2026-07-30T17:01:33,58,אורתופדיה,כדורי,gender,גבר,97
2026-07-30T17:01:33,58,אורתופדיה,כדורי,visit_type,ביקור במרפאה,98
2026-07-30T17:01:33,58,אורתופדיה,כדורי,visit_type,שיחת טלפון,1
2026-07-30T17:01:33,58,אורתופדיה,כדורי,language,איטלקית,1
2026-07-30T17:01:33,58,אורתופדיה,כדורי,language,אנגלית,9
2026-07-30T17:01:33,58,אורתופדיה,כדורי,language,עברית,12
2026-07-30T17:01:33,58,אורתופדיה,כדורי,language,ערבית,5
2026-07-30T17:01:33,58,אורתופדיה,כדורי,language,רוסית,6
2026-07-30T17:01:50,58,אורתופדיה,כורזים,gender,גבר,97
2026-07-30T17:01:50,58,אורתופדיה,כורזים,visit_type,ביקור במרפאה,98
2026-07-30T17:01:50,58,אורתופדיה,כורזים,visit_type,שיחת טלפון,1
2026-07-30T17:01:50,58,אורתופדיה,כורזים,language,איטלקית,1
2026-07-30T17:01:50,58,אורתופדיה,כורזים,language,אנגלית,9
2026-07-30T17:01:50,58,אורתופדיה,כורזים,language,עברית,12
2026-07-30T17:01:50,58,אורתופדיה,כורזים,language,ערבית,5
2026-07-30T17:01:50,58,אורתופדיה,כורזים,language,רוסית,6
2026-07-30T17:02:05,58,אורתופדיה,כמאנה,gender,גבר,113
2026-07-30T17:02:05,58,אורתופדיה,כמאנה,gender,אישה,2
2026-07-30T17:02:05,58,אורתופדיה,כמאנה,visit_type,ביקור במרפאה,116
2026-07-30T17:02:05,58,אורתופדיה,כמאנה,visit_type,שיחת טלפון,2
2026-07-30T17:02:05,58,אורתופדיה,כמאנה,language,אידיש,1
2026-07-30T17:02:05,58,אורתופדיה,כמאנה,language,איטלקית,1
2026-07-30T17:02:05,58,אורתופדיה,כמאנה,language,אנגלית,71
2026-07-30T17:02:05,58,אורתופדיה,כמאנה,language,בולגרית,1
2026-07-30T17:02:05,58,אורתופדיה,כמאנה,language,גרמנית,6
2026-07-30T17:02:05,58,אורתופדיה,כמאנה,language,הונגרית,1
2026-07-30T17:02:05,58,אורתופדיה,כמאנה,language,ספרדית,4
2026-07-30T17:02:05,58,אורתופדיה,כמאנה,language,עברית,113
2026-07-30T17:02:05,58,אורתופדיה,כמאנה,language,ערבית,77
2026-07-30T17:02:05,58,אורתופדיה,כמאנה,language,צכית,1
2026-07-30T17:02:05,58,אורתופדיה,כמאנה,language,צרפתית,2
2026-07-30T17:02:05,58,אורתופדיה,כמאנה,language,רומנית,15
2026-07-30T17:02:05,58,אורתופדיה,כמאנה,language,רוסית,26
2026-07-30T17:02:24,58,אורתופדיה,כפר א לבד,gender,גבר,86
2026-07-30T17:02:24,58,אורתופדיה,כפר א לבד,visit_type,ביקור במרפאה,89
2026-07-30T17:02:24,58,אורתופדיה,כפר א לבד,visit_type,שיחת טלפון,3
2026-07-30T17:02:24,58,אורתופדיה,כפר א לבד,language,אידיש,1
2026-07-30T17:02:24,58,אורתופדיה,כפר א לבד,language,איטלקית,1
2026-07-30T17:02:24,58,אורתופדיה,כפר א לבד,language,אנגלית,8
2026-07-30T17:02:24,58,אורתופדיה,כפר א לבד,language,עברית,15
2026-07-30T17:02:24,58,אורתופדיה,כפר א לבד,language,ערבית,10
2026-07-30T17:02:24,58,אורתופדיה,כפר א לבד,language,רומנית,3
2026-07-30T17:02:24,58,אורתופדיה,כפר א לבד,language,רוסית,2
2026-07-30T17:02:39,58,אורתופדיה,כרי דשא,gender,גבר,97
2026-07-30T17:02:39,58,אורתופדיה,כרי דשא,visit_type,ביקור במרפאה,98
2026-07-30T17:02:39,58,אורתופדיה,כרי דשא,visit_type,שיחת טלפון,1
2026-07-30T17:02:39,58,אורתופדיה,כרי דשא,language,איטלקית,1
2026-07-30T17:02:39,58,אורתופדיה,כרי דשא,language,אנגלית,9
2026-07-30T17:02:39,58,אורתופדיה,כרי דשא,language,עברית,12
2026-07-30T17:02:39,58,אורתופדיה,כרי דשא,language,ערבית,5
2026-07-30T17:02:39,58,אורתופדיה,כרי דשא,language,רוסית,6
2026-07-30T17:02:56,58,אורתופדיה,לב יתיר,gender,גבר,52
2026-07-30T17:02:56,58,אורתופדיה,לב יתיר,gender,אישה,3
2026-07-30T17:02:56,58,אורתופדיה,לב יתיר,visit_type,ביקור במרפאה,63
2026-07-30T17:02:56,58,אורתופדיה,לב יתיר,language,עברית,1
2026-07-30T17:02:56,58,אורתופדיה,לב יתיר,language,רוסית,1
2026-07-30T17:03:11,58,אורתופדיה,לוזית,gender,גבר,47
2026-07-30T17:03:11,58,אורתופדיה,לוזית,visit_type,ביקור במרפאה,49
2026-07-30T17:03:11,58,אורתופדיה,לוזית,language,אנגלית,7
2026-07-30T17:03:11,58,אורתופדיה,לוזית,language,עברית,12
2026-07-30T17:03:11,58,אורתופדיה,לוזית,language,ערבית,6
2026-07-30T17:03:11,58,אורתופדיה,לוזית,language,צרפתית,1
2026-07-30T17:03:11,58,אורתופדיה,לוזית,language,רוסית,3
2026-07-30T17:03:22,58,אורתופדיה,מאיר שפיה,gender,גבר,125
2026-07-30T17:03:22,58,אורתופדיה,מאיר שפיה,visit_type,ביקור במרפאה,128
2026-07-30T17:03:22,58,אורתופדיה,מאיר שפיה,visit_type,שיחת טלפון,4
2026-07-30T17:03:22,58,אורתופדיה,מאיר שפיה,language,אידיש,1
2026-07-30T17:03:22,58,אורתופדיה,מאיר שפיה,language,איטלקית,1
2026-07-30T17:03:22,58,אורתופדיה,מאיר שפיה,language,אנגלית,15
2026-07-30T17:03:22,58,אורתופדיה,מאיר שפיה,language,גרמנית,1
2026-07-30T17:03:22,58,אורתופדיה,מאיר שפיה,language,עברית,26
2026-07-30T17:03:22,58,אורתופדיה,מאיר שפיה,language,ערבית,18
2026-07-30T17:03:22,58,אורתופדיה,מאיר שפיה,language,רומנית,7
2026-07-30T17:03:22,58,אורתופדיה,מאיר שפיה,language,רוסית,3
2026-07-30T17:03:43,58,אורתופדיה,מבקיעים,gender,גבר,41
2026-07-30T17:03:43,58,אורתופדיה,מבקיעים,gender,אישה,2
2026-07-30T17:03:43,58,אורתופדיה,מבקיעים,visit_type,ביקור במרפאה,47
2026-07-30T17:03:43,58,אורתופדיה,מבקיעים,language,עברית,1
2026-07-30T17:03:43,58,אורתופדיה,מבקיעים,language,רוסית,1
2026-07-30T17:03:56,58,אורתופדיה,מגדל תפן,gender,גבר,113
2026-07-30T17:03:56,58,אורתופדיה,מגדל תפן,gender,אישה,2
2026-07-30T17:03:56,58,אורתופדיה,מגדל תפן,visit_type,ביקור במרפאה,116
2026-07-30T17:03:56,58,אורתופדיה,מגדל תפן,visit_type,שיחת טלפון,2
2026-07-30T17:03:56,58,אורתופדיה,מגדל תפן,language,אידיש,1
2026-07-30T17:03:56,58,אורתופדיה,מגדל תפן,language,איטלקית,1
2026-07-30T17:03:56,58,אורתופדיה,מגדל תפן,language,אנגלית,71
2026-07-30T17:03:56,58,אורתופדיה,מגדל תפן,language,בולגרית,1
2026-07-30T17:03:56,58,אורתופדיה,מגדל תפן,language,גרמנית,6
2026-07-30T17:03:56,58,אורתופדיה,מגדל תפן,language,הונגרית,1
2026-07-30T17:03:56,58,אורתופדיה,מגדל תפן,language,ספרדית,4
2026-07-30T17:03:56,58,אורתופדיה,מגדל תפן,language,עברית,113
2026-07-30T17:03:56,58,אורתופדיה,מגדל תפן,language,ערבית,77
2026-07-30T17:03:56,58,אורתופדיה,מגדל תפן,language,צכית,1
2026-07-30T17:03:56,58,אורתופדיה,מגדל תפן,language,צרפתית,2
2026-07-30T17:03:56,58,אורתופדיה,מגדל תפן,language,רומנית,15
2026-07-30T17:03:56,58,אורתופדיה,מגדל תפן,language,רוסית,26
2026-07-30T17:04:12,58,אורתופדיה,מוע'ייר,gender,גבר,47
2026-07-30T17:04:12,58,אורתופדיה,מוע'ייר,visit_type,ביקור במרפאה,49
2026-07-30T17:04:12,58,אורתופדיה,מוע'ייר,language,אנגלית,7
2026-07-30T17:04:12,58,אורתופדיה,מוע'ייר,language,עברית,12
2026-07-30T17:04:12,58,אורתופדיה,מוע'ייר,language,ערבית,6
2026-07-30T17:04:12,58,אורתופדיה,מוע'ייר,language,צרפתית,1
2026-07-30T17:04:12,58,אורתופדיה,מוע'ייר,language,רוסית,3
2026-07-30T17:04:19,58,אורתופדיה,מזרעה אל קיבליה,gender,גבר,47
2026-07-30T17:04:19,58,אורתופדיה,מזרעה אל קיבליה,visit_type,ביקור במרפאה,49
2026-07-30T17:04:19,58,אורתופדיה,מזרעה אל קיבליה,language,אנגלית,7
2026-07-30T17:04:19,58,אורתופדיה,מזרעה אל קיבליה,language,עברית,12
2026-07-30T17:04:19,58,אורתופדיה,מזרעה אל קיבליה,language,ערבית,6
2026-07-30T17:04:19,58,אורתופדיה,מזרעה אל קיבליה,language,צרפתית,1
2026-07-30T17:04:19,58,אורתופדיה,מזרעה אל קיבליה,language,רוסית,3
2026-07-30T17:04:28,58,אורתופדיה,מיצר,gender,גבר,97
2026-07-30T17:04:28,58,אורתופדיה,מיצר,visit_type,ביקור במרפאה,98
2026-07-30T17:04:28,58,אורתופדיה,מיצר,visit_type,שיחת טלפון,1
2026-07-30T17:04:28,58,אורתופדיה,מיצר,language,איטלקית,1
2026-07-30T17:04:28,58,אורתופדיה,מיצר,language,אנגלית,9
2026-07-30T17:04:28,58,אורתופדיה,מיצר,language,עברית,12
2026-07-30T17:04:28,58,אורתופדיה,מיצר,language,ערבית,5
2026-07-30T17:04:28,58,אורתופדיה,מיצר,language,רוסית,6
2026-07-30T17:04:45,58,אורתופדיה,מלאה,gender,גבר,145
2026-07-30T17:04:45,58,אורתופדיה,מלאה,visit_type,ביקור במרפאה,146
2026-07-30T17:04:45,58,אורתופדיה,מלאה,visit_type,שיחת טלפון,2
2026-07-30T17:04:45,58,אורתופדיה,מלאה,language,איטלקית,1
2026-07-30T17:04:45,58,אורתופדיה,מלאה,language,אנגלית,19
2026-07-30T17:04:45,58,אורתופדיה,מלאה,language,גרמנית,1
2026-07-30T17:04:45,58,אורתופדיה,מלאה,language,עברית,31
2026-07-30T17:04:45,58,אורתופדיה,מלאה,language,ערבית,21
2026-07-30T17:04:45,58,אורתופדיה,מלאה,language,רומנית,7
2026-07-30T17:04:45,58,אורתופדיה,מלאה,language,רוסית,6
2026-07-30T17:05:04,58,אורתופדיה,מסד,gender,גבר,97
2026-07-30T17:05:04,58,אורתופדיה,מסד,visit_type,ביקור במרפאה,98
2026-07-30T17:05:04,58,אורתופדיה,מסד,visit_type,שיחת טלפון,1
2026-07-30T17:05:04,58,אורתופדיה,מסד,language,איטלקית,1
2026-07-30T17:05:04,58,אורתופדיה,מסד,language,אנגלית,9
2026-07-30T17:05:04,58,אורתופדיה,מסד,language,עברית,12
2026-07-30T17:05:04,58,אורתופדיה,מסד,language,ערבית,5
2026-07-30T17:05:04,58,אורתופדיה,מסד,language,רוסית,6
2026-07-30T17:05:21,58,אורתופדיה,מעגלים,gender,גבר,52
2026-07-30T17:05:21,58,אורתופדיה,מעגלים,gender,אישה,3
2026-07-30T17:05:21,58,אורתופדיה,מעגלים,visit_type,ביקור במרפאה,63
2026-07-30T17:05:21,58,אורתופדיה,מעגלים,language,עברית,1
2026-07-30T17:05:21,58,אורתופדיה,מעגלים,language,רוסית,1
2026-07-30T17:05:39,58,אורתופדיה,מפעלי אבשלום,gender,גבר,52
2026-07-30T17:05:39,58,אורתופדיה,מפעלי אבשלום,gender,אישה,3
2026-07-30T17:05:39,58,אורתופדיה,מפעלי אבשלום,visit_type,ביקור במרפאה,63
2026-07-30T17:05:39,58,אורתופדיה,מפעלי אבשלום,language,עברית,1
2026-07-30T17:05:39,58,אורתופדיה,מפעלי אבשלום,language,רוסית,1
2026-07-30T17:05:57,58,אורתופדיה,מצדות יהודה,gender,גבר,52
2026-07-30T17:05:57,58,אורתופדיה,מצדות יהודה,gender,אישה,3
2026-07-30T17:05:57,58,אורתופדיה,מצדות יהודה,visit_type,ביקור במרפאה,63
2026-07-30T17:05:57,58,אורתופדיה,מצדות יהודה,language,עברית,1
2026-07-30T17:05:57,58,אורתופדיה,מצדות יהודה,language,רוסית,1
2026-07-30T17:06:12,58,אורתופדיה,מרג' נעג'ה,gender,גבר,47
2026-07-30T17:06:12,58,אורתופדיה,מרג' נעג'ה,visit_type,ביקור במרפאה,49
2026-07-30T17:06:12,58,אורתופדיה,מרג' נעג'ה,language,אנגלית,7
2026-07-30T17:06:12,58,אורתופדיה,מרג' נעג'ה,language,עברית,12
2026-07-30T17:06:12,58,אורתופדיה,מרג' נעג'ה,language,ערבית,6
2026-07-30T17:06:12,58,אורתופדיה,מרג' נעג'ה,language,צרפתית,1
2026-07-30T17:06:12,58,אורתופדיה,מרג' נעג'ה,language,רוסית,3
2026-07-30T17:06:21,58,אורתופדיה,משאבי שדה,gender,גבר,36
2026-07-30T17:06:21,58,אורתופדיה,משאבי שדה,gender,אישה,2
2026-07-30T17:06:21,58,אורתופדיה,משאבי שדה,visit_type,ביקור במרפאה,43
2026-07-30T17:06:21,58,אורתופדיה,משאבי שדה,language,עברית,1
2026-07-30T17:06:21,58,אורתופדיה,משאבי שדה,language,רוסית,1
2026-07-30T17:06:33,58,אורתופדיה,מתן,gender,גבר,67
2026-07-30T17:06:33,58,אורתופדיה,מתן,gender,אישה,1
2026-07-30T17:06:33,58,אורתופדיה,מתן,visit_type,ביקור במרפאה,77
2026-07-30T17:06:33,58,אורתופדיה,מתן,visit_type,שיחת טלפון,2
2026-07-30T17:06:33,58,אורתופדיה,מתן,language,אידיש,1
2026-07-30T17:06:33,58,אורתופדיה,מתן,language,איטלקית,5
2026-07-30T17:06:33,58,אורתופדיה,מתן,language,אנגלית,35
2026-07-30T17:06:33,58,אורתופדיה,מתן,language,גרמנית,6
2026-07-30T17:06:33,58,אורתופדיה,מתן,language,ספרדית,2
2026-07-30T17:06:33,58,אורתופדיה,מתן,language,עברית,56
2026-07-30T17:06:33,58,אורתופדיה,מתן,language,ערבית,6
2026-07-30T17:06:33,58,אורתופדיה,מתן,language,רומנית,5
2026-07-30T17:06:33,58,אורתופדיה,מתן,language,רוסית,6
2026-07-30T17:06:48,58,אורתופדיה,נבטים,gender,גבר,52
2026-07-30T17:06:48,58,אורתופדיה,נבטים,gender,אישה,3
2026-07-30T17:06:48,58,אורתופדיה,נבטים,visit_type,ביקור במרפאה,63
2026-07-30T17:06:48,58,אורתופדיה,נבטים,language,עברית,1
2026-07-30T17:06:48,58,אורתופדיה,נבטים,language,רוסית,1
2026-07-30T17:07:05,58,אורתופדיה,נווה,gender,גבר,41
2026-07-30T17:07:05,58,אורתופדיה,נווה,gender,אישה,2
2026-07-30T17:07:05,58,אורתופדיה,נווה,visit_type,ביקור במרפאה,47
2026-07-30T17:07:05,58,אורתופדיה,נווה,language,עברית,1
2026-07-30T17:07:05,58,אורתופדיה,נווה,language,רוסית,1
2026-07-30T17:07:17,58,אורתופדיה,נזלת זיד,gender,גבר,86
2026-07-30T17:07:17,58,אורתופדיה,נזלת זיד,visit_type,ביקור במרפאה,89
2026-07-30T17:07:17,58,אורתופדיה,נזלת זיד,visit_type,שיחת טלפון,3
2026-07-30T17:07:17,58,אורתופדיה,נזלת זיד,language,אידיש,1
2026-07-30T17:07:17,58,אורתופדיה,נזלת זיד,language,איטלקית,1
2026-07-30T17:07:17,58,אורתופדיה,נזלת זיד,language,אנגלית,8
2026-07-30T17:07:17,58,אורתופדיה,נזלת זיד,language,עברית,15
2026-07-30T17:07:17,58,אורתופדיה,נזלת זיד,language,ערבית,10
2026-07-30T17:07:17,58,אורתופדיה,נזלת זיד,language,רומנית,3
2026-07-30T17:07:17,58,אורתופדיה,נזלת זיד,language,רוסית,2
2026-07-30T17:07:30,58,אורתופדיה,נחשון,gender,גבר,54
2026-07-30T17:07:30,58,אורתופדיה,נחשון,gender,אישה,1
2026-07-30T17:07:30,58,אורתופדיה,נחשון,visit_type,ביקור במרפאה,61
2026-07-30T17:07:30,58,אורתופדיה,נחשון,visit_type,שיחת טלפון,1
2026-07-30T17:07:30,58,אורתופדיה,נחשון,language,איטלקית,2
2026-07-30T17:07:30,58,אורתופדיה,נחשון,language,אנגלית,6
2026-07-30T17:07:30,58,אורתופדיה,נחשון,language,גרמנית,1
2026-07-30T17:07:30,58,אורתופדיה,נחשון,language,עברית,9
2026-07-30T17:07:30,58,אורתופדיה,נחשון,language,צרפתית,2
2026-07-30T17:07:30,58,אורתופדיה,נחשון,language,רוסית,4
2026-07-30T17:07:43,58,אורתופדיה,ניצן,gender,גבר,41
2026-07-30T17:07:43,58,אורתופדיה,ניצן,gender,אישה,2
2026-07-30T17:07:43,58,אורתופדיה,ניצן,visit_type,ביקור במרפאה,47
2026-07-30T17:07:43,58,אורתופדיה,ניצן,language,עברית,1
2026-07-30T17:07:43,58,אורתופדיה,ניצן,language,רוסית,1
2026-07-30T17:07:56,58,אורתופדיה,נס ציונה,gender,גבר,84
2026-07-30T17:07:56,58,אורתופדיה,נס ציונה,gender,אישה,1
2026-07-30T17:07:56,58,אורתופדיה,נס ציונה,visit_type,ביקור במרפאה,97
2026-07-30T17:07:56,58,אורתופדיה,נס ציונה,visit_type,שיחת טלפון,2
2026-07-30T17:07:56,58,אורתופדיה,נס ציונה,visit_type,שיחת וידאו,1
2026-07-30T17:07:56,58,אורתופדיה,נס ציונה,language,איטלקית,4
2026-07-30T17:07:56,58,אורתופדיה,נס ציונה,language,אנגלית,13
2026-07-30T17:07:56,58,אורתופדיה,נס ציונה,language,גרמנית,1
2026-07-30T17:07:56,58,אורתופדיה,נס ציונה,language,עברית,24
2026-07-30T17:07:56,58,אורתופדיה,נס ציונה,language,ערבית,2
2026-07-30T17:07:56,58,אורתופדיה,נס ציונה,language,צרפתית,3
2026-07-30T17:07:56,58,אורתופדיה,נס ציונה,language,רומנית,2
2026-07-30T17:07:56,58,אורתופדיה,נס ציונה,language,רוסית,9
2026-07-30T17:08:15,58,אורתופדיה,נתיב הגדוד,gender,גבר,47
2026-07-30T17:08:15,58,אורתופדיה,נתיב הגדוד,visit_type,ביקור במרפאה,49
2026-07-30T17:08:15,58,אורתופדיה,נתיב הגדוד,language,אנגלית,7
2026-07-30T17:08:15,58,אורתופדיה,נתיב הגדוד,language,עברית,12
2026-07-30T17:08:15,58,אורתופדיה,נתיב הגדוד,language,ערבית,6
2026-07-30T17:08:15,58,אורתופדיה,נתיב הגדוד,language,צרפתית,1
2026-07-30T17:08:15,58,אורתופדיה,נתיב הגדוד,language,רוסית,3
2026-07-30T17:08:25,58,אורתופדיה,סאסא,gender,גבר,97
2026-07-30T17:08:25,58,אורתופדיה,סאסא,visit_type,ביקור במרפאה,98
2026-07-30T17:08:25,58,אורתופדיה,סאסא,visit_type,שיחת טלפון,1
2026-07-30T17:08:25,58,אורתופדיה,סאסא,language,איטלקית,1
2026-07-30T17:08:25,58,אורתופדיה,סאסא,language,אנגלית,9
2026-07-30T17:08:25,58,אורתופדיה,סאסא,language,עברית,12
2026-07-30T17:08:25,58,אורתופדיה,סאסא,language,ערבית,5
2026-07-30T17:08:25,58,אורתופדיה,סאסא,language,רוסית,6
2026-07-30T17:08:42,58,אורתופדיה,סוריף,gender,גבר,47
2026-07-30T17:08:42,58,אורתופדיה,סוריף,visit_type,ביקור במרפאה,49
2026-07-30T17:08:42,58,אורתופדיה,סוריף,language,אנגלית,7
2026-07-30T17:08:42,58,אורתופדיה,סוריף,language,עברית,12
2026-07-30T17:08:42,58,אורתופדיה,סוריף,language,ערבית,6
2026-07-30T17:08:42,58,אורתופדיה,סוריף,language,צרפתית,1
2026-07-30T17:08:42,58,אורתופדיה,סוריף,language,רוסית,3
2026-07-30T17:08:52,58,אורתופדיה,סיריס,gender,גבר,86
2026-07-30T17:08:52,58,אורתופדיה,סיריס,visit_type,ביקור במרפאה,89
2026-07-30T17:08:52,58,אורתופדיה,סיריס,visit_type,שיחת טלפון,3
2026-07-30T17:08:52,58,אורתופדיה,סיריס,language,אידיש,1
2026-07-30T17:08:52,58,אורתופדיה,סיריס,language,איטלקית,1
2026-07-30T17:08:52,58,אורתופדיה,סיריס,language,אנגלית,8
2026-07-30T17:08:52,58,אורתופדיה,סיריס,language,עברית,15
2026-07-30T17:08:52,58,אורתופדיה,סיריס,language,ערבית,10
2026-07-30T17:08:52,58,אורתופדיה,סיריס,language,רומנית,3
2026-07-30T17:08:52,58,אורתופדיה,סיריס,language,רוסית,2
2026-07-30T17:09:08,58,אורתופדיה,סער,gender,גבר,69
2026-07-30T17:09:08,58,אורתופדיה,סער,gender,אישה,2
2026-07-30T17:09:08,58,אורתופדיה,סער,visit_type,ביקור במרפאה,71
2026-07-30T17:09:08,58,אורתופדיה,סער,visit_type,שיחת טלפון,2
2026-07-30T17:09:08,58,אורתופדיה,סער,language,איטלקית,1
2026-07-30T17:09:08,58,אורתופדיה,סער,language,אנגלית,35
2026-07-30T17:09:08,58,אורתופדיה,סער,language,בולגרית,1
2026-07-30T17:09:08,58,אורתופדיה,סער,language,גרמנית,1
2026-07-30T17:09:08,58,אורתופדיה,סער,language,ספרדית,2
2026-07-30T17:09:08,58,אורתופדיה,סער,language,עברית,70
2026-07-30T17:09:08,58,אורתופדיה,סער,language,ערבית,60
2026-07-30T17:09:08,58,אורתופדיה,סער,language,צכית,1
2026-07-30T17:09:08,58,אורתופדיה,סער,language,צרפתית,1
2026-07-30T17:09:08,58,אורתופדיה,סער,language,רומנית,4
2026-07-30T17:09:08,58,אורתופדיה,סער,language,רוסית,15
2026-07-30T17:09:23,58,אורתופדיה,עבדה,gender,גבר,52
2026-07-30T17:09:23,58,אורתופדיה,עבדה,gender,אישה,3
2026-07-30T17:09:23,58,אורתופדיה,עבדה,visit_type,ביקור במרפאה,63
2026-07-30T17:09:23,58,אורתופדיה,עבדה,language,עברית,1
2026-07-30T17:09:23,58,אורתופדיה,עבדה,language,רוסית,1
2026-07-30T17:09:43,58,אורתופדיה,עדי,gender,גבר,115
2026-07-30T17:09:43,58,אורתופדיה,עדי,visit_type,ביקור במרפאה,116
2026-07-30T17:09:43,58,אורתופדיה,עדי,visit_type,שיחת טלפון,2
2026-07-30T17:09:43,58,אורתופדיה,עדי,language,אידיש,1
2026-07-30T17:09:43,58,אורתופדיה,עדי,language,אנגלית,41
2026-07-30T17:09:43,58,אורתופדיה,עדי,language,גרמנית,5
2026-07-30T17:09:43,58,אורתופדיה,עדי,language,הונגרית,1
2026-07-30T17:09:43,58,אורתופדיה,עדי,language,ספרדית,2
2026-07-30T17:09:43,58,אורתופדיה,עדי,language,עברית,57
2026-07-30T17:09:43,58,אורתופדיה,עדי,language,ערבית,29
2026-07-30T17:09:43,58,אורתופדיה,עדי,language,צרפתית,1
2026-07-30T17:09:43,58,אורתופדיה,עדי,language,רומנית,14
2026-07-30T17:09:43,58,אורתופדיה,עדי,language,רוסית,12
2026-07-30T17:10:04,58,אורתופדיה,עופר,gender,גבר,115
2026-07-30T17:10:04,58,אורתופדיה,עופר,visit_type,ביקור במרפאה,116
2026-07-30T17:10:04,58,אורתופדיה,עופר,visit_type,שיחת טלפון,2
2026-07-30T17:10:04,58,אורתופדיה,עופר,language,אידיש,1
2026-07-30T17:10:04,58,אורתופדיה,עופר,language,אנגלית,41
2026-07-30T17:10:04,58,אורתופדיה,עופר,language,גרמנית,5
2026-07-30T17:10:04,58,אורתופדיה,עופר,language,הונגרית,1
2026-07-30T17:10:04,58,אורתופדיה,עופר,language,ספרדית,2
2026-07-30T17:10:04,58,אורתופדיה,עופר,language,עברית,57
2026-07-30T17:10:04,58,אורתופדיה,עופר,language,ערבית,29
2026-07-30T17:10:04,58,אורתופדיה,עופר,language,צרפתית,1
2026-07-30T17:10:04,58,אורתופדיה,עופר,language,רומנית,14
2026-07-30T17:10:04,58,אורתופדיה,עופר,language,רוסית,12
2026-07-30T17:10:24,58,אורתופדיה,עזריקם,gender,גבר,32
2026-07-30T17:10:24,58,אורתופדיה,עזריקם,gender,אישה,1
2026-07-30T17:10:24,58,אורתופדיה,עזריקם,visit_type,ביקור במרפאה,37
2026-07-30T17:10:24,58,אורתופדיה,עזריקם,visit_type,שיחת טלפון,1
2026-07-30T17:10:24,58,אורתופדיה,עזריקם,visit_type,שיחת וידאו,1
2026-07-30T17:10:24,58,אורתופדיה,עזריקם,language,איטלקית,1
2026-07-30T17:10:24,58,אורתופדיה,עזריקם,language,אנגלית,3
2026-07-30T17:10:24,58,אורתופדיה,עזריקם,language,גרמנית,1
2026-07-30T17:10:24,58,אורתופדיה,עזריקם,language,עברית,7
2026-07-30T17:10:24,58,אורתופדיה,עזריקם,language,ערבית,1
2026-07-30T17:10:24,58,אורתופדיה,עזריקם,language,צרפתית,1
2026-07-30T17:10:24,58,אורתופדיה,עזריקם,language,רומנית,1
2026-07-30T17:10:24,58,אורתופדיה,עזריקם,language,רוסית,3
2026-07-30T17:10:33,58,אורתופדיה,עין א סולטאן מחנה פליטים,gender,גבר,47
2026-07-30T17:10:33,58,אורתופדיה,עין א סולטאן מחנה פליטים,visit_type,ביקור במרפאה,49
2026-07-30T17:10:33,58,אורתופדיה,עין א סולטאן מחנה פליטים,language,אנגלית,7
2026-07-30T17:10:33,58,אורתופדיה,עין א סולטאן מחנה פליטים,language,עברית,12
2026-07-30T17:10:33,58,אורתופדיה,עין א סולטאן מחנה פליטים,language,ערבית,6
2026-07-30T17:10:33,58,אורתופדיה,עין א סולטאן מחנה פליטים,language,צרפתית,1
2026-07-30T17:10:33,58,אורתופדיה,עין א סולטאן מחנה פליטים,language,רוסית,3
2026-07-30T17:10:41,58,אורתופדיה,עלמון,gender,גבר,47
2026-07-30T17:10:41,58,אורתופדיה,עלמון,visit_type,ביקור במרפאה,49
2026-07-30T17:10:41,58,אורתופדיה,עלמון,language,אנגלית,7
2026-07-30T17:10:41,58,אורתופדיה,עלמון,language,עברית,12
2026-07-30T17:10:41,58,אורתופדיה,עלמון,language,ערבית,6
2026-07-30T17:10:41,58,אורתופדיה,עלמון,language,צרפתית,1
2026-07-30T17:10:41,58,אורתופדיה,עלמון,language,רוסית,3
2026-07-30T17:10:51,58,אורתופדיה,עמקה,gender,גבר,69
2026-07-30T17:10:51,58,אורתופדיה,עמקה,gender,אישה,2
2026-07-30T17:10:51,58,אורתופדיה,עמקה,visit_type,ביקור במרפאה,71
2026-07-30T17:10:51,58,אורתופדיה,עמקה,visit_type,שיחת טלפון,2
2026-07-30T17:10:51,58,אורתופדיה,עמקה,language,איטלקית,1
2026-07-30T17:10:51,58,אורתופדיה,עמקה,language,אנגלית,35
2026-07-30T17:10:51,58,אורתופדיה,עמקה,language,בולגרית,1
2026-07-30T17:10:51,58,אורתופדיה,עמקה,language,גרמנית,1
2026-07-30T17:10:51,58,אורתופדיה,עמקה,language,ספרדית,2
2026-07-30T17:10:51,58,אורתופדיה,עמקה,language,עברית,70
2026-07-30T17:10:51,58,אורתופדיה,עמקה,language,ערבית,60
2026-07-30T17:10:51,58,אורתופדיה,עמקה,language,צכית,1
2026-07-30T17:10:51,58,אורתופדיה,עמקה,language,צרפתית,1
2026-07-30T17:10:51,58,אורתופדיה,עמקה,language,רומנית,4
2026-07-30T17:10:51,58,אורתופדיה,עמקה,language,רוסית,15
2026-07-30T17:11:03,58,אורתופדיה,עפרה,gender,גבר,47
2026-07-30T17:11:03,58,אורתופדיה,עפרה,visit_type,ביקור במרפאה,49
2026-07-30T17:11:03,58,אורתופדיה,עפרה,language,אנגלית,7
2026-07-30T17:11:03,58,אורתופדיה,עפרה,language,עברית,12
2026-07-30T17:11:03,58,אורתופדיה,עפרה,language,ערבית,6
2026-07-30T17:11:03,58,אורתופדיה,עפרה,language,צרפתית,1
2026-07-30T17:11:03,58,אורתופדיה,עפרה,language,רוסית,3
2026-07-30T17:11:14,58,אורתופדיה,ערבונה,gender,גבר,86
2026-07-30T17:11:14,58,אורתופדיה,ערבונה,visit_type,ביקור במרפאה,89
2026-07-30T17:11:14,58,אורתופדיה,ערבונה,visit_type,שיחת טלפון,3
2026-07-30T17:11:14,58,אורתופדיה,ערבונה,language,אידיש,1
2026-07-30T17:11:14,58,אורתופדיה,ערבונה,language,איטלקית,1
2026-07-30T17:11:14,58,אורתופדיה,ערבונה,language,אנגלית,8
2026-07-30T17:11:14,58,אורתופדיה,ערבונה,language,עברית,15
2026-07-30T17:11:14,58,אורתופדיה,ערבונה,language,ערבית,10
2026-07-30T17:11:14,58,אורתופדיה,ערבונה,language,רומנית,3
2026-07-30T17:11:14,58,אורתופדיה,ערבונה,language,רוסית,2
2026-07-30T17:11:31,58,אורתופדיה,פארן,gender,גבר,36
2026-07-30T17:11:31,58,אורתופדיה,פארן,gender,אישה,2
2026-07-30T17:11:31,58,אורתופדיה,פארן,visit_type,ביקור במרפאה,43
2026-07-30T17:11:31,58,אורתופדיה,פארן,language,עברית,1
2026-07-30T17:11:31,58,אורתופדיה,פארן,language,רוסית,1
2026-07-30T17:11:43,58,אורתופדיה,פוריה כפר עבודה,gender,גבר,97
2026-07-30T17:11:43,58,אורתופדיה,פוריה כפר עבודה,visit_type,ביקור במרפאה,98
2026-07-30T17:11:43,58,אורתופדיה,פוריה כפר עבודה,visit_type,שיחת טלפון,1
2026-07-30T17:11:43,58,אורתופדיה,פוריה כפר עבודה,language,איטלקית,1
2026-07-30T17:11:43,58,אורתופדיה,פוריה כפר עבודה,language,אנגלית,9
2026-07-30T17:11:43,58,אורתופדיה,פוריה כפר עבודה,language,עברית,12
2026-07-30T17:11:43,58,אורתופדיה,פוריה כפר עבודה,language,ערבית,5
2026-07-30T17:11:43,58,אורתופדיה,פוריה כפר עבודה,language,רוסית,6
2026-07-30T17:12:00,58,אורתופדיה,פנדקומיה,gender,גבר,86
2026-07-30T17:12:00,58,אורתופדיה,פנדקומיה,visit_type,ביקור במרפאה,89
2026-07-30T17:12:00,58,אורתופדיה,פנדקומיה,visit_type,שיחת טלפון,3
2026-07-30T17:12:00,58,אורתופדיה,פנדקומיה,language,אידיש,1
2026-07-30T17:12:00,58,אורתופדיה,פנדקומיה,language,איטלקית,1
2026-07-30T17:12:00,58,אורתופדיה,פנדקומיה,language,אנגלית,8
2026-07-30T17:12:00,58,אורתופדיה,פנדקומיה,language,עברית,15
2026-07-30T17:12:00,58,אורתופדיה,פנדקומיה,language,ערבית,10
2026-07-30T17:12:00,58,אורתופדיה,פנדקומיה,language,רומנית,3
2026-07-30T17:12:00,58,אורתופדיה,פנדקומיה,language,רוסית,2
2026-07-30T17:12:18,58,אורתופדיה,פרדס חנה כרכור,gender,גבר,125
2026-07-30T17:12:18,58,אורתופדיה,פרדס חנה כרכור,visit_type,ביקור במרפאה,128
2026-07-30T17:12:18,58,אורתופדיה,פרדס חנה כרכור,visit_type,שיחת טלפון,4
2026-07-30T17:12:18,58,אורתופדיה,פרדס חנה כרכור,language,אידיש,1
2026-07-30T17:12:18,58,אורתופדיה,פרדס חנה כרכור,language,איטלקית,1
2026-07-30T17:12:18,58,אורתופדיה,פרדס חנה כרכור,language,אנגלית,15
2026-07-30T17:12:18,58,אורתופדיה,פרדס חנה כרכור,language,גרמנית,1
2026-07-30T17:12:18,58,אורתופדיה,פרדס חנה כרכור,language,עברית,26
2026-07-30T17:12:18,58,אורתופדיה,פרדס חנה כרכור,language,ערבית,18
2026-07-30T17:12:18,58,אורתופדיה,פרדס חנה כרכור,language,רומנית,7
2026-07-30T17:12:18,58,אורתופדיה,פרדס חנה כרכור,language,רוסית,3
2026-07-30T17:12:43,58,אורתופדיה,צאלים,gender,גבר,41
2026-07-30T17:12:43,58,אורתופדיה,צאלים,gender,אישה,2
2026-07-30T17:12:43,58,אורתופדיה,צאלים,visit_type,ביקור במרפאה,47
2026-07-30T17:12:43,58,אורתופדיה,צאלים,language,עברית,1
2026-07-30T17:12:43,58,אורתופדיה,צאלים,language,רוסית,1
2026-07-30T17:12:56,58,אורתופדיה,צוקים,gender,גבר,36
2026-07-30T17:12:56,58,אורתופדיה,צוקים,gender,אישה,2
2026-07-30T17:12:56,58,אורתופדיה,צוקים,visit_type,ביקור במרפאה,43
2026-07-30T17:12:56,58,אורתופדיה,צוקים,language,עברית,1
2026-07-30T17:12:56,58,אורתופדיה,צוקים,language,רוסית,1
2026-07-30T17:13:07,58,אורתופדיה,צרעה,gender,גבר,47
2026-07-30T17:13:07,58,אורתופדיה,צרעה,visit_type,ביקור במרפאה,49
2026-07-30T17:13:07,58,אורתופדיה,צרעה,language,אנגלית,7
2026-07-30T17:13:07,58,אורתופדיה,צרעה,language,עברית,12
2026-07-30T17:13:07,58,אורתופדיה,צרעה,language,ערבית,6
2026-07-30T17:13:07,58,אורתופדיה,צרעה,language,צרפתית,1
2026-07-30T17:13:07,58,אורתופדיה,צרעה,language,רוסית,3
2026-07-30T17:13:16,58,אורתופדיה,קדר,gender,גבר,47
2026-07-30T17:13:16,58,אורתופדיה,קדר,visit_type,ביקור במרפאה,49
2026-07-30T17:13:16,58,אורתופדיה,קדר,language,אנגלית,7
2026-07-30T17:13:16,58,אורתופדיה,קדר,language,עברית,12
2026-07-30T17:13:16,58,אורתופדיה,קדר,language,ערבית,6
2026-07-30T17:13:16,58,אורתופדיה,קדר,language,צרפתית,1
2026-07-30T17:13:16,58,אורתופדיה,קדר,language,רוסית,3
2026-07-30T17:13:25,58,אורתופדיה,קטורה,gender,גבר,4
2026-07-30T17:13:25,58,אורתופדיה,קטורה,visit_type,ביקור במרפאה,6
2026-07-30T17:13:25,58,אורתופדיה,קטורה,visit_type,שיחת טלפון,2
2026-07-30T17:13:25,58,אורתופדיה,קטורה,language,איטלקית,1
2026-07-30T17:13:25,58,אורתופדיה,קטורה,language,אנגלית,1
2026-07-30T17:13:25,58,אורתופדיה,קטורה,language,עברית,1
2026-07-30T17:13:27,58,אורתופדיה,קלקיליה,gender,גבר,86
2026-07-30T17:13:27,58,אורתופדיה,קלקיליה,visit_type,ביקור במרפאה,89
2026-07-30T17:13:27,58,אורתופדיה,קלקיליה,visit_type,שיחת טלפון,3
2026-07-30T17:13:27,58,אורתופדיה,קלקיליה,language,אידיש,1
2026-07-30T17:13:27,58,אורתופדיה,קלקיליה,language,איטלקית,1
2026-07-30T17:13:27,58,אורתופדיה,קלקיליה,language,אנגלית,8
2026-07-30T17:13:27,58,אורתופדיה,קלקיליה,language,עברית,15
2026-07-30T17:13:27,58,אורתופדיה,קלקיליה,language,ערבית,10
2026-07-30T17:13:27,58,אורתופדיה,קלקיליה,language,רומנית,3
2026-07-30T17:13:27,58,אורתופדיה,קלקיליה,language,רוסית,2
2026-07-30T17:13:43,58,אורתופדיה,קרית אתא,gender,גבר,83
2026-07-30T17:13:43,58,אורתופדיה,קרית אתא,visit_type,ביקור במרפאה,84
2026-07-30T17:13:43,58,אורתופדיה,קרית אתא,visit_type,שיחת טלפון,2
2026-07-30T17:13:43,58,אורתופדיה,קרית אתא,language,אידיש,1
2026-07-30T17:13:43,58,אורתופדיה,קרית אתא,language,איטלקית,1
2026-07-30T17:13:43,58,אורתופדיה,קרית אתא,language,אנגלית,59
2026-07-30T17:13:43,58,אורתופדיה,קרית אתא,language,בולגרית,1
2026-07-30T17:13:43,58,אורתופדיה,קרית אתא,language,גרמנית,6
2026-07-30T17:13:43,58,אורתופדיה,קרית אתא,language,הונגרית,1
2026-07-30T17:13:43,58,אורתופדיה,קרית אתא,language,ספרדית,4
2026-07-30T17:13:43,58,אורתופדיה,קרית אתא,language,עברית,81
2026-07-30T17:13:43,58,אורתופדיה,קרית אתא,language,ערבית,53
2026-07-30T17:13:43,58,אורתופדיה,קרית אתא,language,צרפתית,1
2026-07-30T17:13:43,58,אורתופדיה,קרית אתא,language,רומנית,14
2026-07-30T17:13:43,58,אורתופדיה,קרית אתא,language,רוסית,19
2026-07-30T17:13:59,58,אורתופדיה,ראס אל עין,gender,גבר,89
2026-07-30T17:13:59,58,אורתופדיה,ראס אל עין,gender,אישה,2
2026-07-30T17:13:59,58,אורתופדיה,ראס אל עין,visit_type,ביקור במרפאה,91
2026-07-30T17:13:59,58,אורתופדיה,ראס אל עין,visit_type,שיחת טלפון,2
2026-07-30T17:13:59,58,אורתופדיה,ראס אל עין,language,איטלקית,1
2026-07-30T17:13:59,58,אורתופדיה,ראס אל עין,language,אנגלית,53
2026-07-30T17:13:59,58,אורתופדיה,ראס אל עין,language,בולגרית,1
2026-07-30T17:13:59,58,אורתופדיה,ראס אל עין,language,גרמנית,3
2026-07-30T17:13:59,58,אורתופדיה,ראס אל עין,language,ספרדית,2
2026-07-30T17:13:59,58,אורתופדיה,ראס אל עין,language,עברית,90
2026-07-30T17:13:59,58,אורתופדיה,ראס אל עין,language,ערבית,67
2026-07-30T17:13:59,58,אורתופדיה,ראס אל עין,language,צכית,1
2026-07-30T17:13:59,58,אורתופדיה,ראס אל עין,language,צרפתית,1
2026-07-30T17:13:59,58,אורתופדיה,ראס אל עין,language,רומנית,8
2026-07-30T17:13:59,58,אורתופדיה,ראס אל עין,language,רוסית,19
2026-07-30T17:14:16,58,אורתופדיה,רגבה,gender,גבר,69
2026-07-30T17:14:16,58,אורתופדיה,רגבה,gender,אישה,2
2026-07-30T17:14:16,58,אורתופדיה,רגבה,visit_type,ביקור במרפאה,71
2026-07-30T17:14:16,58,אורתופדיה,רגבה,visit_type,שיחת טלפון,2
2026-07-30T17:14:16,58,אורתופדיה,רגבה,language,איטלקית,1
2026-07-30T17:14:16,58,אורתופדיה,רגבה,language,אנגלית,35
2026-07-30T17:14:16,58,אורתופדיה,רגבה,language,בולגרית,1
2026-07-30T17:14:16,58,אורתופדיה,רגבה,language,גרמנית,1
2026-07-30T17:14:16,58,אורתופדיה,רגבה,language,ספרדית,2
2026-07-30T17:14:16,58,אורתופדיה,רגבה,language,עברית,70
2026-07-30T17:14:16,58,אורתופדיה,רגבה,language,ערבית,60
2026-07-30T17:14:16,58,אורתופדיה,רגבה,language,צכית,1
2026-07-30T17:14:16,58,אורתופדיה,רגבה,language,צרפתית,1
2026-07-30T17:14:16,58,אורתופדיה,רגבה,language,רומנית,4
2026-07-30T17:14:16,58,אורתופדיה,רגבה,language,רוסית,15
2026-07-30T17:14:29,58,אורתופדיה,רומת היב,gender,גבר,97
2026-07-30T17:14:29,58,אורתופדיה,רומת היב,visit_type,ביקור במרפאה,98
2026-07-30T17:14:29,58,אורתופדיה,רומת היב,visit_type,שיחת טלפון,1
2026-07-30T17:14:29,58,אורתופדיה,רומת היב,language,איטלקית,1
2026-07-30T17:14:29,58,אורתופדיה,רומת היב,language,אנגלית,9
2026-07-30T17:14:29,58,אורתופדיה,רומת היב,language,עברית,12
2026-07-30T17:14:29,58,אורתופדיה,רומת היב,language,ערבית,5
2026-07-30T17:14:29,58,אורתופדיה,רומת היב,language,רוסית,6
2026-07-30T17:14:48,58,אורתופדיה,רינתיה,gender,גבר,67
2026-07-30T17:14:48,58,אורתופדיה,רינתיה,gender,אישה,1
2026-07-30T17:14:48,58,אורתופדיה,רינתיה,visit_type,ביקור במרפאה,77
2026-07-30T17:14:48,58,אורתופדיה,רינתיה,visit_type,שיחת טלפון,2
2026-07-30T17:14:48,58,אורתופדיה,רינתיה,language,אידיש,1
2026-07-30T17:14:48,58,אורתופדיה,רינתיה,language,איטלקית,5
2026-07-30T17:14:48,58,אורתופדיה,רינתיה,language,אנגלית,35
2026-07-30T17:14:48,58,אורתופדיה,רינתיה,language,גרמנית,6
2026-07-30T17:14:48,58,אורתופדיה,רינתיה,language,ספרדית,2
2026-07-30T17:14:48,58,אורתופדיה,רינתיה,language,עברית,56
2026-07-30T17:14:48,58,אורתופדיה,רינתיה,language,ערבית,6
2026-07-30T17:14:48,58,אורתופדיה,רינתיה,language,רומנית,5
2026-07-30T17:14:48,58,אורתופדיה,רינתיה,language,רוסית,6
2026-07-30T17:15:03,58,אורתופדיה,רמלה,gender,גבר,54
2026-07-30T17:15:03,58,אורתופדיה,רמלה,gender,אישה,1
2026-07-30T17:15:03,58,אורתופדיה,רמלה,visit_type,ביקור במרפאה,61
2026-07-30T17:15:03,58,אורתופדיה,רמלה,visit_type,שיחת טלפון,1
2026-07-30T17:15:03,58,אורתופדיה,רמלה,language,איטלקית,2
2026-07-30T17:15:03,58,אורתופדיה,רמלה,language,אנגלית,6
2026-07-30T17:15:03,58,אורתופדיה,רמלה,language,גרמנית,1
2026-07-30T17:15:03,58,אורתופדיה,רמלה,language,עברית,9
2026-07-30T17:15:03,58,אורתופדיה,רמלה,language,צרפתית,2
2026-07-30T17:15:03,58,אורתופדיה,רמלה,language,רוסית,4
2026-07-30T17:15:22,58,אורתופדיה,שדה אליהו,gender,גבר,145
2026-07-30T17:15:22,58,אורתופדיה,שדה אליהו,visit_type,ביקור במרפאה,146
2026-07-30T17:15:22,58,אורתופדיה,שדה אליהו,visit_type,שיחת טלפון,2
2026-07-30T17:15:22,58,אורתופדיה,שדה אליהו,language,איטלקית,1
2026-07-30T17:15:22,58,אורתופדיה,שדה אליהו,language,אנגלית,19
2026-07-30T17:15:22,58,אורתופדיה,שדה אליהו,language,גרמנית,1
2026-07-30T17:15:22,58,אורתופדיה,שדה אליהו,language,עברית,31
2026-07-30T17:15:22,58,אורתופדיה,שדה אליהו,language,ערבית,21
2026-07-30T17:15:22,58,אורתופדיה,שדה אליהו,language,רומנית,7
2026-07-30T17:15:22,58,אורתופדיה,שדה אליהו,language,רוסית,6
2026-07-30T17:15:48,58,אורתופדיה,שובה,gender,גבר,52
2026-07-30T17:15:48,58,אורתופדיה,שובה,gender,אישה,3
2026-07-30T17:15:48,58,אורתופדיה,שובה,visit_type,ביקור במרפאה,63
2026-07-30T17:15:48,58,אורתופדיה,שובה,language,עברית,1
2026-07-30T17:15:48,58,אורתופדיה,שובה,language,רוסית,1
2026-07-30T17:16:07,58,אורתופדיה,שחר,gender,גבר,41
2026-07-30T17:16:07,58,אורתופדיה,שחר,gender,אישה,2
2026-07-30T17:16:07,58,אורתופדיה,שחר,visit_type,ביקור במרפאה,47
2026-07-30T17:16:07,58,אורתופדיה,שחר,language,עברית,1
2026-07-30T17:16:07,58,אורתופדיה,שחר,language,רוסית,1
2026-07-30T17:16:21,58,אורתופדיה,שכם,gender,גבר,86
2026-07-30T17:16:21,58,אורתופדיה,שכם,visit_type,ביקור במרפאה,89
2026-07-30T17:16:21,58,אורתופדיה,שכם,visit_type,שיחת טלפון,3
2026-07-30T17:16:21,58,אורתופדיה,שכם,language,אידיש,1
2026-07-30T17:16:21,58,אורתופדיה,שכם,language,איטלקית,1
2026-07-30T17:16:21,58,אורתופדיה,שכם,language,אנגלית,8
2026-07-30T17:16:21,58,אורתופדיה,שכם,language,עברית,15
2026-07-30T17:16:21,58,אורתופדיה,שכם,language,ערבית,10
2026-07-30T17:16:21,58,אורתופדיה,שכם,language,רומנית,3
2026-07-30T17:16:21,58,אורתופדיה,שכם,language,רוסית,2
2026-07-30T17:16:37,58,אורתופדיה,שמרת,gender,גבר,69
2026-07-30T17:16:37,58,אורתופדיה,שמרת,gender,אישה,2
2026-07-30T17:16:37,58,אורתופדיה,שמרת,visit_type,ביקור במרפאה,71
2026-07-30T17:16:37,58,אורתופדיה,שמרת,visit_type,שיחת טלפון,2
2026-07-30T17:16:37,58,אורתופדיה,שמרת,language,איטלקית,1
2026-07-30T17:16:37,58,אורתופדיה,שמרת,language,אנגלית,35
2026-07-30T17:16:37,58,אורתופדיה,שמרת,language,בולגרית,1
2026-07-30T17:16:37,58,אורתופדיה,שמרת,language,גרמנית,1
2026-07-30T17:16:37,58,אורתופדיה,שמרת,language,ספרדית,2
2026-07-30T17:16:37,58,אורתופדיה,שמרת,language,עברית,70
2026-07-30T17:16:37,58,אורתופדיה,שמרת,language,ערבית,60
2026-07-30T17:16:37,58,אורתופדיה,שמרת,language,צכית,1
2026-07-30T17:16:37,58,אורתופדיה,שמרת,language,צרפתית,1
2026-07-30T17:16:37,58,אורתופדיה,שמרת,language,רומנית,4
2026-07-30T17:16:37,58,אורתופדיה,שמרת,language,רוסית,15
2026-07-30T17:16:51,58,אורתופדיה,שער מנשה,gender,גבר,86
2026-07-30T17:16:51,58,אורתופדיה,שער מנשה,visit_type,ביקור במרפאה,89
2026-07-30T17:16:51,58,אורתופדיה,שער מנשה,visit_type,שיחת טלפון,3
2026-07-30T17:16:51,58,אורתופדיה,שער מנשה,language,אידיש,1
2026-07-30T17:16:51,58,אורתופדיה,שער מנשה,language,איטלקית,1
2026-07-30T17:16:51,58,אורתופדיה,שער מנשה,language,אנגלית,8
2026-07-30T17:16:51,58,אורתופדיה,שער מנשה,language,עברית,15
2026-07-30T17:16:51,58,אורתופדיה,שער מנשה,language,ערבית,10
2026-07-30T17:16:51,58,אורתופדיה,שער מנשה,language,רומנית,3
2026-07-30T17:16:51,58,אורתופדיה,שער מנשה,language,רוסית,2
2026-07-30T17:17:10,58,אורתופדיה,שריד,gender,גבר,145
2026-07-30T17:17:10,58,אורתופדיה,שריד,visit_type,ביקור במרפאה,146
2026-07-30T17:17:10,58,אורתופדיה,שריד,visit_type,שיחת טלפון,2
2026-07-30T17:17:10,58,אורתופדיה,שריד,language,איטלקית,1
2026-07-30T17:17:10,58,אורתופדיה,שריד,language,אנגלית,19
2026-07-30T17:17:10,58,אורתופדיה,שריד,language,גרמנית,1
2026-07-30T17:17:10,58,אורתופדיה,שריד,language,עברית,31
2026-07-30T17:17:10,58,אורתופדיה,שריד,language,ערבית,21
2026-07-30T17:17:10,58,אורתופדיה,שריד,language,רומנית,7
2026-07-30T17:17:10,58,אורתופדיה,שריד,language,רוסית,6
2026-07-30T17:17:35,58,אורתופדיה,תושיה,gender,גבר,52
2026-07-30T17:17:35,58,אורתופדיה,תושיה,gender,אישה,3
2026-07-30T17:17:35,58,אורתופדיה,תושיה,visit_type,ביקור במרפאה,63
2026-07-30T17:17:35,58,אורתופדיה,תושיה,language,עברית,1
2026-07-30T17:17:35,58,אורתופדיה,תושיה,language,רוסית,1
2026-07-30T17:17:52,58,אורתופדיה,תל יצחק,gender,גבר,86
2026-07-30T17:17:52,58,אורתופדיה,תל יצחק,visit_type,ביקור במרפאה,89
2026-07-30T17:17:52,58,אורתופדיה,תל יצחק,visit_type,שיחת טלפון,3
2026-07-30T17:17:52,58,אורתופדיה,תל יצחק,language,אידיש,1
2026-07-30T17:17:52,58,אורתופדיה,תל יצחק,language,איטלקית,1
2026-07-30T17:17:52,58,אורתופדיה,תל יצחק,language,אנגלית,8
2026-07-30T17:17:52,58,אורתופדיה,תל יצחק,language,עברית,15
2026-07-30T17:17:52,58,אורתופדיה,תל יצחק,language,ערבית,10
2026-07-30T17:17:52,58,אורתופדיה,תל יצחק,language,רומנית,3
2026-07-30T17:17:52,58,אורתופדיה,תל יצחק,language,רוסית,2
2026-07-30T17:18:08,58,אורתופדיה,תעשיון חצב,gender,גבר,49
2026-07-30T17:18:08,58,אורתופדיה,תעשיון חצב,gender,אישה,1
2026-07-30T17:18:08,58,אורתופדיה,תעשיון חצב,visit_type,ביקור במרפאה,58
2026-07-30T17:18:08,58,אורתופדיה,תעשיון חצב,visit_type,שיחת טלפון,1
2026-07-30T17:18:08,58,אורתופדיה,תעשיון חצב,language,איטלקית,4
2026-07-30T17:18:08,58,אורתופדיה,תעשיון חצב,language,אנגלית,33
2026-07-30T17:18:08,58,אורתופדיה,תעשיון חצב,language,גרמנית,6
2026-07-30T17:18:08,58,אורתופדיה,תעשיון חצב,language,ספרדית,2
2026-07-30T17:18:08,58,אורתופדיה,תעשיון חצב,language,עברית,54
2026-07-30T17:18:08,58,אורתופדיה,תעשיון חצב,language,ערבית,6
2026-07-30T17:18:08,58,אורתופדיה,תעשיון חצב,language,רומנית,5
2026-07-30T17:18:08,58,אורתופדיה,תעשיון חצב,language,רוסית,6
2026-07-30T17:18:20,58,אורתופדיה,תראבין א צאנה,gender,גבר,36
2026-07-30T17:18:20,58,אורתופדיה,תראבין א צאנה,gender,אישה,2
2026-07-30T17:18:20,58,אורתופדיה,תראבין א צאנה,visit_type,ביקור במרפאה,43
2026-07-30T17:18:20,58,אורתופדיה,תראבין א צאנה,language,עברית,1
2026-07-30T17:18:20,58,אורתופדיה,תראבין א צאנה,language,רוסית,1
2026-07-30T17:18:31,62,אף אוזן גרון,א שויוח,gender,גבר,36
2026-07-30T17:18:31,62,אף אוזן גרון,א שויוח,gender,אישה,4
2026-07-30T17:18:31,62,אף אוזן גרון,א שויוח,visit_type,ביקור במרפאה,41
2026-07-30T17:18:31,62,אף אוזן גרון,א שויוח,language,אידיש,4
2026-07-30T17:18:31,62,אף אוזן גרון,א שויוח,language,איטלקית,1
2026-07-30T17:18:31,62,אף אוזן גרון,א שויוח,language,אנגלית,10
2026-07-30T17:18:31,62,אף אוזן גרון,א שויוח,language,עברית,10
2026-07-30T17:18:31,62,אף אוזן גרון,א שויוח,language,ערבית,4
2026-07-30T17:18:31,62,אף אוזן גרון,א שויוח,language,רוסית,4
2026-07-30T17:18:40,62,אף אוזן גרון,אבו קורינאת,gender,גבר,38
2026-07-30T17:18:40,62,אף אוזן גרון,אבו קורינאת,gender,אישה,6
2026-07-30T17:18:40,62,אף אוזן גרון,אבו קורינאת,visit_type,ביקור במרפאה,47
2026-07-30T17:18:40,62,אף אוזן גרון,אבו קורינאת,language,אוקראינית,1
2026-07-30T17:18:40,62,אף אוזן גרון,אבו קורינאת,language,אידיש,3
2026-07-30T17:18:40,62,אף אוזן גרון,אבו קורינאת,language,אנגלית,3
2026-07-30T17:18:40,62,אף אוזן גרון,אבו קורינאת,language,הונגרית,1
2026-07-30T17:18:40,62,אף אוזן גרון,אבו קורינאת,language,ספרדית,3
2026-07-30T17:18:40,62,אף אוזן גרון,אבו קורינאת,language,עברית,10
2026-07-30T17:18:40,62,אף אוזן גרון,אבו קורינאת,language,ערבית,4
2026-07-30T17:18:40,62,אף אוזן גרון,אבו קורינאת,language,צכית,1
2026-07-30T17:18:40,62,אף אוזן גרון,אבו קורינאת,language,רוסית,1
2026-07-30T17:18:51,62,אף אוזן גרון,אוהלו,gender,גבר,54
2026-07-30T17:18:51,62,אף אוזן גרון,אוהלו,gender,אישה,5
2026-07-30T17:18:51,62,אף אוזן גרון,אוהלו,visit_type,ביקור במרפאה,59
2026-07-30T17:18:51,62,אף אוזן גרון,אוהלו,language,אנגלית,11
2026-07-30T17:18:51,62,אף אוזן גרון,אוהלו,language,עברית,14
2026-07-30T17:18:51,62,אף אוזן גרון,אוהלו,language,ערבית,14
2026-07-30T17:18:51,62,אף אוזן גרון,אוהלו,language,רוסית,2
2026-07-30T17:19:02,62,אף אוזן גרון,אזור תעשייה נעמן,gender,גבר,62
2026-07-30T17:19:02,62,אף אוזן גרון,אזור תעשייה נעמן,gender,אישה,13
2026-07-30T17:19:02,62,אף אוזן גרון,אזור תעשייה נעמן,visit_type,ביקור במרפאה,77
2026-07-30T17:19:02,62,אף אוזן גרון,אזור תעשייה נעמן,visit_type,שיחת טלפון,5
2026-07-30T17:19:02,62,אף אוזן גרון,אזור תעשייה נעמן,language,איטלקית,6
2026-07-30T17:19:02,62,אף אוזן גרון,אזור תעשייה נעמן,language,אנגלית,52
2026-07-30T17:19:02,62,אף אוזן גרון,אזור תעשייה נעמן,language,גרמנית,6
2026-07-30T17:19:02,62,אף אוזן גרון,אזור תעשייה נעמן,language,הולנדית,1
2026-07-30T17:19:02,62,אף אוזן גרון,אזור תעשייה נעמן,language,הונגרית,1
2026-07-30T17:19:02,62,אף אוזן גרון,אזור תעשייה נעמן,language,ספרדית,2
2026-07-30T17:19:02,62,אף אוזן גרון,אזור תעשייה נעמן,language,עברית,76
2026-07-30T17:19:02,62,אף אוזן גרון,אזור תעשייה נעמן,language,ערבית,51
2026-07-30T17:19:02,62,אף אוזן גרון,אזור תעשייה נעמן,language,צרפתית,1
2026-07-30T17:19:02,62,אף אוזן גרון,אזור תעשייה נעמן,language,רומנית,7
2026-07-30T17:19:02,62,אף אוזן גרון,אזור תעשייה נעמן,language,רוסית,16
2026-07-30T17:19:17,62,אף אוזן גרון,איג'ניסיניא,gender,גבר,48
2026-07-30T17:19:17,62,אף אוזן גרון,איג'ניסיניא,gender,אישה,14
2026-07-30T17:19:17,62,אף אוזן גרון,איג'ניסיניא,visit_type,ביקור במרפאה,67
2026-07-30T17:19:17,62,אף אוזן גרון,איג'ניסיניא,visit_type,שיחת טלפון,1
2026-07-30T17:19:17,62,אף אוזן גרון,איג'ניסיניא,language,אוקראינית,1
2026-07-30T17:19:17,62,אף אוזן גרון,איג'ניסיניא,language,אידיש,4
2026-07-30T17:19:17,62,אף אוזן גרון,איג'ניסיניא,language,איטלקית,1
2026-07-30T17:19:17,62,אף אוזן גרון,איג'ניסיניא,language,אנגלית,12
2026-07-30T17:19:17,62,אף אוזן גרון,איג'ניסיניא,language,גרמנית,1
2026-07-30T17:19:17,62,אף אוזן גרון,איג'ניסיניא,language,עברית,16
2026-07-30T17:19:17,62,אף אוזן גרון,איג'ניסיניא,language,ערבית,3
2026-07-30T17:19:17,62,אף אוזן גרון,איג'ניסיניא,language,רומנית,2
2026-07-30T17:19:17,62,אף אוזן גרון,איג'ניסיניא,language,רוסית,6
2026-07-30T17:19:30,62,אף אוזן גרון,אל אסד,gender,גבר,38
2026-07-30T17:19:30,62,אף אוזן גרון,אל אסד,gender,אישה,6
2026-07-30T17:19:30,62,אף אוזן גרון,אל אסד,visit_type,ביקור במרפאה,47
2026-07-30T17:19:30,62,אף אוזן גרון,אל אסד,language,אוקראינית,1
2026-07-30T17:19:30,62,אף אוזן גרון,אל אסד,language,אידיש,3
2026-07-30T17:19:30,62,אף אוזן גרון,אל אסד,language,אנגלית,3
2026-07-30T17:19:30,62,אף אוזן גרון,אל אסד,language,הונגרית,1
2026-07-30T17:19:30,62,אף אוזן גרון,אל אסד,language,ספרדית,3
2026-07-30T17:19:30,62,אף אוזן גרון,אל אסד,language,עברית,10
2026-07-30T17:19:30,62,אף אוזן גרון,אל אסד,language,ערבית,4
2026-07-30T17:19:30,62,אף אוזן גרון,אל אסד,language,צכית,1
2026-07-30T17:19:30,62,אף אוזן גרון,אל אסד,language,רוסית,1
2026-07-30T17:19:40,62,אף אוזן גרון,אמונים,gender,גבר,21
2026-07-30T17:19:40,62,אף אוזן גרון,אמונים,gender,אישה,2
2026-07-30T17:19:40,62,אף אוזן גרון,אמונים,visit_type,ביקור במרפאה,27
2026-07-30T17:19:40,62,אף אוזן גרון,אמונים,language,איטלקית,1
2026-07-30T17:19:40,62,אף אוזן גרון,אמונים,language,אנגלית,8
2026-07-30T17:19:40,62,אף אוזן גרון,אמונים,language,ספרדית,1
2026-07-30T17:19:40,62,אף אוזן גרון,אמונים,language,עברית,10
2026-07-30T17:19:40,62,אף אוזן גרון,אמונים,language,צרפתית,2
2026-07-30T17:19:40,62,אף אוזן גרון,אמונים,language,רוסית,4
2026-07-30T17:19:47,62,אף אוזן גרון,אפיקים,gender,גבר,54
2026-07-30T17:19:47,62,אף אוזן גרון,אפיקים,gender,אישה,5
2026-07-30T17:19:47,62,אף אוזן גרון,אפיקים,visit_type,ביקור במרפאה,59
2026-07-30T17:19:47,62,אף אוזן גרון,אפיקים,language,אנגלית,11
2026-07-30T17:19:47,62,אף אוזן גרון,אפיקים,language,עברית,14
2026-07-30T17:19:47,62,אף אוזן גרון,אפיקים,language,ערבית,14
2026-07-30T17:19:47,62,אף אוזן גרון,אפיקים,language,רוסית,2
2026-07-30T17:19:58,62,אף אוזן גרון,אשבל,gender,גבר,47
2026-07-30T17:19:58,62,אף אוזן גרון,אשבל,gender,אישה,8
2026-07-30T17:19:58,62,אף אוזן גרון,אשבל,visit_type,ביקור במרפאה,55
2026-07-30T17:19:58,62,אף אוזן גרון,אשבל,visit_type,שיחת טלפון,2
2026-07-30T17:19:58,62,אף אוזן גרון,אשבל,language,איטלקית,5
2026-07-30T17:19:58,62,אף אוזן גרון,אשבל,language,אנגלית,40
2026-07-30T17:19:58,62,אף אוזן גרון,אשבל,language,גרמנית,4
2026-07-30T17:19:58,62,אף אוזן גרון,אשבל,language,הולנדית,1
2026-07-30T17:19:58,62,אף אוזן גרון,אשבל,language,הונגרית,1
2026-07-30T17:19:58,62,אף אוזן גרון,אשבל,language,ספרדית,1
2026-07-30T17:19:58,62,אף אוזן גרון,אשבל,language,עברית,55
2026-07-30T17:19:58,62,אף אוזן גרון,אשבל,language,ערבית,40
2026-07-30T17:19:58,62,אף אוזן גרון,אשבל,language,צרפתית,1
2026-07-30T17:19:58,62,אף אוזן גרון,אשבל,language,רומנית,7
2026-07-30T17:19:58,62,אף אוזן גרון,אשבל,language,רוסית,10
2026-07-30T17:20:08,62,אף אוזן גרון,באקה א שרקיה,gender,גבר,48
2026-07-30T17:20:08,62,אף אוזן גרון,באקה א שרקיה,gender,אישה,14
2026-07-30T17:20:08,62,אף אוזן גרון,באקה א שרקיה,visit_type,ביקור במרפאה,67
2026-07-30T17:20:08,62,אף אוזן גרון,באקה א שרקיה,visit_type,שיחת טלפון,1
2026-07-30T17:20:08,62,אף אוזן גרון,באקה א שרקיה,language,אוקראינית,1
2026-07-30T17:20:08,62,אף אוזן גרון,באקה א שרקיה,language,אידיש,4
2026-07-30T17:20:08,62,אף אוזן גרון,באקה א שרקיה,language,איטלקית,1
2026-07-30T17:20:08,62,אף אוזן גרון,באקה א שרקיה,language,אנגלית,12
2026-07-30T17:20:08,62,אף אוזן גרון,באקה א שרקיה,language,גרמנית,1
2026-07-30T17:20:08,62,אף אוזן גרון,באקה א שרקיה,language,עברית,16
2026-07-30T17:20:08,62,אף אוזן גרון,באקה א שרקיה,language,ערבית,3
2026-07-30T17:20:08,62,אף אוזן גרון,באקה א שרקיה,language,רומנית,2
2026-07-30T17:20:08,62,אף אוזן גרון,באקה א שרקיה,language,רוסית,6
2026-07-30T17:20:20,62,אף אוזן גרון,בוסתן הגליל,gender,גבר,35
2026-07-30T17:20:20,62,אף אוזן גרון,בוסתן הגליל,gender,אישה,3
2026-07-30T17:20:20,62,אף אוזן גרון,בוסתן הגליל,visit_type,ביקור במרפאה,38
2026-07-30T17:20:20,62,אף אוזן גרון,בוסתן הגליל,visit_type,שיחת טלפון,1
2026-07-30T17:20:20,62,אף אוזן גרון,בוסתן הגליל,language,איטלקית,5
2026-07-30T17:20:20,62,אף אוזן גרון,בוסתן הגליל,language,אנגלית,29
2026-07-30T17:20:20,62,אף אוזן גרון,בוסתן הגליל,language,גרמנית,2
2026-07-30T17:20:20,62,אף אוזן גרון,בוסתן הגליל,language,הולנדית,1
2026-07-30T17:20:20,62,אף אוזן גרון,בוסתן הגליל,language,ספרדית,1
2026-07-30T17:20:20,62,אף אוזן גרון,בוסתן הגליל,language,עברית,38
2026-07-30T17:20:20,62,אף אוזן גרון,בוסתן הגליל,language,ערבית,34
2026-07-30T17:20:20,62,אף אוזן גרון,בוסתן הגליל,language,צרפתית,1
2026-07-30T17:20:20,62,אף אוזן גרון,בוסתן הגליל,language,רומנית,7
2026-07-30T17:20:20,62,אף אוזן גרון,בוסתן הגליל,language,רוסית,5
2026-07-30T17:20:28,62,אף אוזן גרון,בחן,gender,גבר,48
2026-07-30T17:20:28,62,אף אוזן גרון,בחן,gender,אישה,14
2026-07-30T17:20:28,62,אף אוזן גרון,בחן,visit_type,ביקור במרפאה,67
2026-07-30T17:20:28,62,אף אוזן גרון,בחן,visit_type,שיחת טלפון,1
2026-07-30T17:20:28,62,אף אוזן גרון,בחן,language,אוקראינית,1
2026-07-30T17:20:28,62,אף אוזן גרון,בחן,language,אידיש,4
2026-07-30T17:20:28,62,אף אוזן גרון,בחן,language,איטלקית,1
2026-07-30T17:20:28,62,אף אוזן גרון,בחן,language,אנגלית,12
2026-07-30T17:20:28,62,אף אוזן גרון,בחן,language,גרמנית,1
2026-07-30T17:20:28,62,אף אוזן גרון,בחן,language,עברית,16
2026-07-30T17:20:28,62,אף אוזן גרון,בחן,language,ערבית,3
2026-07-30T17:20:28,62,אף אוזן גרון,בחן,language,רומנית,2
2026-07-30T17:20:28,62,אף אוזן גרון,בחן,language,רוסית,6
2026-07-30T17:20:41,62,אף אוזן גרון,ביר הדאג',gender,גבר,38
2026-07-30T17:20:41,62,אף אוזן גרון,ביר הדאג',gender,אישה,6
2026-07-30T17:20:41,62,אף אוזן גרון,ביר הדאג',visit_type,ביקור במרפאה,47
2026-07-30T17:20:41,62,אף אוזן גרון,ביר הדאג',language,אוקראינית,1
2026-07-30T17:20:41,62,אף אוזן גרון,ביר הדאג',language,אידיש,3
2026-07-30T17:20:41,62,אף אוזן גרון,ביר הדאג',language,אנגלית,3
2026-07-30T17:20:41,62,אף אוזן גרון,ביר הדאג',language,הונגרית,1
2026-07-30T17:20:41,62,אף אוזן גרון,ביר הדאג',language,ספרדית,3
2026-07-30T17:20:41,62,אף אוזן גרון,ביר הדאג',language,עברית,10
2026-07-30T17:20:41,62,אף אוזן גרון,ביר הדאג',language,ערבית,4
2026-07-30T17:20:41,62,אף אוזן גרון,ביר הדאג',language,צכית,1
2026-07-30T17:20:41,62,אף אוזן גרון,ביר הדאג',language,רוסית,1
2026-07-30T17:20:53,62,אף אוזן גרון,בני נעים,gender,גבר,50
2026-07-30T17:20:53,62,אף אוזן גרון,בני נעים,gender,אישה,7
2026-07-30T17:20:53,62,אף אוזן גרון,בני נעים,visit_type,ביקור במרפאה,63
2026-07-30T17:20:53,62,אף אוזן גרון,בני נעים,language,אוקראינית,1
2026-07-30T17:20:53,62,אף אוזן גרון,בני נעים,language,אידיש,3
2026-07-30T17:20:53,62,אף אוזן גרון,בני נעים,language,אנגלית,3
2026-07-30T17:20:53,62,אף אוזן גרון,בני נעים,language,הונגרית,1
2026-07-30T17:20:53,62,אף אוזן גרון,בני נעים,language,ספרדית,3
2026-07-30T17:20:53,62,אף אוזן גרון,בני נעים,language,עברית,11
2026-07-30T17:20:53,62,אף אוזן גרון,בני נעים,language,ערבית,5
2026-07-30T17:20:53,62,אף אוזן גרון,בני נעים,language,צכית,1
2026-07-30T17:20:53,62,אף אוזן גרון,בני נעים,language,רוסית,1
2026-07-30T17:21:07,62,אף אוזן גרון,בקעות,gender,גבר,36
2026-07-30T17:21:07,62,אף אוזן גרון,בקעות,gender,אישה,4
2026-07-30T17:21:07,62,אף אוזן גרון,בקעות,visit_type,ביקור במרפאה,41
2026-07-30T17:21:07,62,אף אוזן גרון,בקעות,language,אידיש,4
2026-07-30T17:21:07,62,אף אוזן גרון,בקעות,language,איטלקית,1
2026-07-30T17:21:07,62,אף אוזן גרון,בקעות,language,אנגלית,10
2026-07-30T17:21:07,62,אף אוזן גרון,בקעות,language,עברית,10
2026-07-30T17:21:07,62,אף אוזן גרון,בקעות,language,ערבית,4
2026-07-30T17:21:07,62,אף אוזן גרון,בקעות,language,רוסית,4
2026-07-30T17:21:16,62,אף אוזן גרון,ברעם,gender,גבר,54
2026-07-30T17:21:16,62,אף אוזן גרון,ברעם,gender,אישה,5
2026-07-30T17:21:16,62,אף אוזן גרון,ברעם,visit_type,ביקור במרפאה,59
2026-07-30T17:21:16,62,אף אוזן גרון,ברעם,language,אנגלית,11
2026-07-30T17:21:16,62,אף אוזן גרון,ברעם,language,עברית,14
2026-07-30T17:21:16,62,אף אוזן גרון,ברעם,language,ערבית,14
2026-07-30T17:21:16,62,אף אוזן גרון,ברעם,language,רוסית,2
2026-07-30T17:21:29,62,אף אוזן גרון,ג'באליה,gender,גבר,50
2026-07-30T17:21:29,62,אף אוזן גרון,ג'באליה,gender,אישה,7
2026-07-30T17:21:29,62,אף אוזן גרון,ג'באליה,visit_type,ביקור במרפאה,63
2026-07-30T17:21:29,62,אף אוזן גרון,ג'באליה,language,אוקראינית,1
2026-07-30T17:21:29,62,אף אוזן גרון,ג'באליה,language,אידיש,3
2026-07-30T17:21:29,62,אף אוזן גרון,ג'באליה,language,אנגלית,3
2026-07-30T17:21:29,62,אף אוזן גרון,ג'באליה,language,הונגרית,1
2026-07-30T17:21:29,62,אף אוזן גרון,ג'באליה,language,ספרדית,3
2026-07-30T17:21:29,62,אף אוזן גרון,ג'באליה,language,עברית,11
2026-07-30T17:21:29,62,אף אוזן גרון,ג'באליה,language,ערבית,5
2026-07-30T17:21:29,62,אף אוזן גרון,ג'באליה,language,צכית,1
2026-07-30T17:21:29,62,אף אוזן גרון,ג'באליה,language,רוסית,1
2026-07-30T17:21:45,62,אף אוזן גרון,גבעולים,gender,גבר,50
2026-07-30T17:21:45,62,אף אוזן גרון,גבעולים,gender,אישה,7
2026-07-30T17:21:45,62,אף אוזן גרון,גבעולים,visit_type,ביקור במרפאה,63
2026-07-30T17:21:45,62,אף אוזן גרון,גבעולים,language,אוקראינית,1
2026-07-30T17:21:45,62,אף אוזן גרון,גבעולים,language,אידיש,3
2026-07-30T17:21:45,62,אף אוזן גרון,גבעולים,language,אנגלית,3
2026-07-30T17:21:45,62,אף אוזן גרון,גבעולים,language,הונגרית,1
2026-07-30T17:21:45,62,אף אוזן גרון,גבעולים,language,ספרדית,3
2026-07-30T17:21:45,62,אף אוזן גרון,גבעולים,language,עברית,11
2026-07-30T17:21:45,62,אף אוזן גרון,גבעולים,language,ערבית,5
2026-07-30T17:21:45,62,אף אוזן גרון,גבעולים,language,צכית,1
2026-07-30T17:21:45,62,אף אוזן גרון,גבעולים,language,רוסית,1
2026-07-30T17:21:59,62,אף אוזן גרון,גורן,gender,גבר,35
2026-07-30T17:21:59,62,אף אוזן גרון,גורן,gender,אישה,3
2026-07-30T17:21:59,62,אף אוזן גרון,גורן,visit_type,ביקור במרפאה,38
2026-07-30T17:21:59,62,אף אוזן גרון,גורן,visit_type,שיחת טלפון,1
2026-07-30T17:21:59,62,אף אוזן גרון,גורן,language,איטלקית,5
2026-07-30T17:21:59,62,אף אוזן גרון,גורן,language,אנגלית,29
2026-07-30T17:21:59,62,אף אוזן גרון,גורן,language,גרמנית,2
2026-07-30T17:21:59,62,אף אוזן גרון,גורן,language,הולנדית,1
2026-07-30T17:21:59,62,אף אוזן גרון,גורן,language,ספרדית,1
2026-07-30T17:21:59,62,אף אוזן גרון,גורן,language,עברית,38
2026-07-30T17:21:59,62,אף אוזן גרון,גורן,language,ערבית,34
2026-07-30T17:21:59,62,אף אוזן גרון,גורן,language,צרפתית,1
2026-07-30T17:21:59,62,אף אוזן גרון,גורן,language,רומנית,7
2026-07-30T17:21:59,62,אף אוזן גרון,גורן,language,רוסית,5
2026-07-30T17:22:07,62,אף אוזן גרון,גיניגר,gender,גבר,54
2026-07-30T17:22:07,62,אף אוזן גרון,גיניגר,gender,אישה,5
2026-07-30T17:22:07,62,אף אוזן גרון,גיניגר,visit_type,ביקור במרפאה,59
2026-07-30T17:22:07,62,אף אוזן גרון,גיניגר,language,אנגלית,11
2026-07-30T17:22:07,62,אף אוזן גרון,גיניגר,language,עברית,14
2026-07-30T17:22:07,62,אף אוזן גרון,גיניגר,language,ערבית,14
2026-07-30T17:22:07,62,אף אוזן גרון,גיניגר,language,רוסית,2
2026-07-30T17:22:18,62,אף אוזן גרון,גנות הדר,gender,גבר,48
2026-07-30T17:22:18,62,אף אוזן גרון,גנות הדר,gender,אישה,14
2026-07-30T17:22:18,62,אף אוזן גרון,גנות הדר,visit_type,ביקור במרפאה,67
2026-07-30T17:22:18,62,אף אוזן גרון,גנות הדר,visit_type,שיחת טלפון,1
2026-07-30T17:22:18,62,אף אוזן גרון,גנות הדר,language,אוקראינית,1
2026-07-30T17:22:18,62,אף אוזן גרון,גנות הדר,language,אידיש,4
2026-07-30T17:22:18,62,אף אוזן גרון,גנות הדר,language,איטלקית,1
2026-07-30T17:22:18,62,אף אוזן גרון,גנות הדר,language,אנגלית,12
2026-07-30T17:22:18,62,אף אוזן גרון,גנות הדר,language,גרמנית,1
2026-07-30T17:22:18,62,אף אוזן גרון,גנות הדר,language,עברית,16
2026-07-30T17:22:18,62,אף אוזן גרון,גנות הדר,language,ערבית,3
2026-07-30T17:22:18,62,אף אוזן גרון,גנות הדר,language,רומנית,2
2026-07-30T17:22:18,62,אף אוזן גרון,גנות הדר,language,רוסית,6
2026-07-30T17:22:30,62,אף אוזן גרון,גרופית,gender,גבר,1
2026-07-30T17:22:30,62,אף אוזן גרון,גרופית,visit_type,ביקור במרפאה,4
2026-07-30T17:22:30,62,אף אוזן גרון,גרופית,language,אנגלית,1
2026-07-30T17:22:30,62,אף אוזן גרון,גרופית,language,עברית,1
2026-07-30T17:22:30,62,אף אוזן גרון,גרופית,language,פרסית,1
2026-07-30T17:22:30,62,אף אוזן גרון,גרופית,language,צרפתית,1
2026-07-30T17:22:32,62,אף אוזן גרון,דברת,gender,גבר,86
2026-07-30T17:22:32,62,אף אוזן גרון,דברת,gender,אישה,8
2026-07-30T17:22:32,62,אף אוזן גרון,דברת,visit_type,ביקור במרפאה,95
2026-07-30T17:22:32,62,אף אוזן גרון,דברת,language,אנגלית,17
2026-07-30T17:22:32,62,אף אוזן גרון,דברת,language,ספרדית,1
2026-07-30T17:22:32,62,אף אוזן גרון,דברת,language,עברית,23
2026-07-30T17:22:32,62,אף אוזן גרון,דברת,language,ערבית,19
2026-07-30T17:22:32,62,אף אוזן גרון,דברת,language,רוסית,5
2026-07-30T17:22:50,62,אף אוזן גרון,דורא,gender,גבר,50
2026-07-30T17:22:50,62,אף אוזן גרון,דורא,gender,אישה,7
2026-07-30T17:22:50,62,אף אוזן גרון,דורא,visit_type,ביקור במרפאה,63
2026-07-30T17:22:50,62,אף אוזן גרון,דורא,language,אוקראינית,1
2026-07-30T17:22:50,62,אף אוזן גרון,דורא,language,אידיש,3
2026-07-30T17:22:50,62,אף אוזן גרון,דורא,language,אנגלית,3
2026-07-30T17:22:50,62,אף אוזן גרון,דורא,language,הונגרית,1
2026-07-30T17:22:50,62,אף אוזן גרון,דורא,language,ספרדית,3
2026-07-30T17:22:50,62,אף אוזן גרון,דורא,language,עברית,11
2026-07-30T17:22:50,62,אף אוזן גרון,דורא,language,ערבית,5
2026-07-30T17:22:50,62,אף אוזן גרון,דורא,language,צכית,1
2026-07-30T17:22:50,62,אף אוזן גרון,דורא,language,רוסית,1
2026-07-30T17:23:05,62,אף אוזן גרון,דיר אבו משעל,gender,גבר,26
2026-07-30T17:23:05,62,אף אוזן גרון,דיר אבו משעל,gender,אישה,10
2026-07-30T17:23:05,62,אף אוזן גרון,דיר אבו משעל,visit_type,ביקור במרפאה,38
2026-07-30T17:23:05,62,אף אוזן גרון,דיר אבו משעל,visit_type,שיחת טלפון,1
2026-07-30T17:23:05,62,אף אוזן גרון,דיר אבו משעל,language,אנגלית,14
2026-07-30T17:23:05,62,אף אוזן גרון,דיר אבו משעל,language,ספרדית,2
2026-07-30T17:23:05,62,אף אוזן גרון,דיר אבו משעל,language,עברית,37
2026-07-30T17:23:05,62,אף אוזן גרון,דיר אבו משעל,language,ערבית,2
2026-07-30T17:23:05,62,אף אוזן גרון,דיר אבו משעל,language,רוסית,9
2026-07-30T17:23:14,62,אף אוזן גרון,דריג'את,gender,גבר,38
2026-07-30T17:23:14,62,אף אוזן גרון,דריג'את,gender,אישה,6
2026-07-30T17:23:14,62,אף אוזן גרון,דריג'את,visit_type,ביקור במרפאה,47
2026-07-30T17:23:14,62,אף אוזן גרון,דריג'את,language,אוקראינית,1
2026-07-30T17:23:14,62,אף אוזן גרון,דריג'את,language,אידיש,3
2026-07-30T17:23:14,62,אף אוזן גרון,דריג'את,language,אנגלית,3
2026-07-30T17:23:14,62,אף אוזן גרון,דריג'את,language,הונגרית,1
2026-07-30T17:23:14,62,אף אוזן גרון,דריג'את,language,ספרדית,3
2026-07-30T17:23:14,62,אף אוזן גרון,דריג'את,language,עברית,10
2026-07-30T17:23:14,62,אף אוזן גרון,דריג'את,language,ערבית,4
2026-07-30T17:23:14,62,אף אוזן גרון,דריג'את,language,צכית,1
2026-07-30T17:23:14,62,אף אוזן גרון,דריג'את,language,רוסית,1
2026-07-30T17:23:26,62,אף אוזן גרון,הוזייל,gender,גבר,38
2026-07-30T17:23:26,62,אף אוזן גרון,הוזייל,gender,אישה,6
2026-07-30T17:23:26,62,אף אוזן גרון,הוזייל,visit_type,ביקור במרפאה,47
2026-07-30T17:23:26,62,אף אוזן גרון,הוזייל,language,אוקראינית,1
2026-07-30T17:23:26,62,אף אוזן גרון,הוזייל,language,אידיש,3
2026-07-30T17:23:26,62,אף אוזן גרון,הוזייל,language,אנגלית,3
2026-07-30T17:23:26,62,אף אוזן גרון,הוזייל,language,הונגרית,1
2026-07-30T17:23:26,62,אף אוזן גרון,הוזייל,language,ספרדית,3
2026-07-30T17:23:26,62,אף אוזן גרון,הוזייל,language,עברית,10
2026-07-30T17:23:26,62,אף אוזן גרון,הוזייל,language,ערבית,4
2026-07-30T17:23:26,62,אף אוזן גרון,הוזייל,language,צכית,1
2026-07-30T17:23:26,62,אף אוזן גרון,הוזייל,language,רוסית,1
2026-07-30T17:23:38,62,אף אוזן גרון,העוגן,gender,גבר,48
2026-07-30T17:23:38,62,אף אוזן גרון,העוגן,gender,אישה,14
2026-07-30T17:23:38,62,אף אוזן גרון,העוגן,visit_type,ביקור במרפאה,67
2026-07-30T17:23:38,62,אף אוזן גרון,העוגן,visit_type,שיחת טלפון,1
2026-07-30T17:23:38,62,אף אוזן גרון,העוגן,language,אוקראינית,1
2026-07-30T17:23:38,62,אף אוזן גרון,העוגן,language,אידיש,4
2026-07-30T17:23:38,62,אף אוזן גרון,העוגן,language,איטלקית,1
2026-07-30T17:23:38,62,אף אוזן גרון,העוגן,language,אנגלית,12
2026-07-30T17:23:38,62,אף אוזן גרון,העוגן,language,גרמנית,1
2026-07-30T17:23:38,62,אף אוזן גרון,העוגן,language,עברית,16
2026-07-30T17:23:38,62,אף אוזן גרון,העוגן,language,ערבית,3
2026-07-30T17:23:38,62,אף אוזן גרון,העוגן,language,רומנית,2
2026-07-30T17:23:38,62,אף אוזן גרון,העוגן,language,רוסית,6
2026-07-30T17:23:52,62,אף אוזן גרון,ורדון,gender,גבר,32
2026-07-30T17:23:52,62,אף אוזן גרון,ורדון,gender,אישה,3
2026-07-30T17:23:52,62,אף אוזן גרון,ורדון,visit_type,ביקור במרפאה,41
2026-07-30T17:23:52,62,אף אוזן גרון,ורדון,language,אוקראינית,1
2026-07-30T17:23:52,62,אף אוזן גרון,ורדון,language,אנגלית,3
2026-07-30T17:23:52,62,אף אוזן גרון,ורדון,language,הונגרית,1
2026-07-30T17:23:52,62,אף אוזן גרון,ורדון,language,עברית,4
2026-07-30T17:23:52,62,אף אוזן גרון,ורדון,language,ערבית,1
2026-07-30T17:23:52,62,אף אוזן גרון,ורדון,language,צכית,1
2026-07-30T17:23:52,62,אף אוזן גרון,ורדון,language,רוסית,1
2026-07-30T17:24:03,62,אף אוזן גרון,זיקים,gender,גבר,32
2026-07-30T17:24:03,62,אף אוזן גרון,זיקים,gender,אישה,3
2026-07-30T17:24:03,62,אף אוזן גרון,זיקים,visit_type,ביקור במרפאה,41
2026-07-30T17:24:03,62,אף אוזן גרון,זיקים,language,אוקראינית,1
2026-07-30T17:24:03,62,אף אוזן גרון,זיקים,language,אנגלית,3
2026-07-30T17:24:03,62,אף אוזן גרון,זיקים,language,הונגרית,1
2026-07-30T17:24:03,62,אף אוזן גרון,זיקים,language,עברית,4
2026-07-30T17:24:03,62,אף אוזן גרון,זיקים,language,ערבית,1
2026-07-30T17:24:03,62,אף אוזן גרון,זיקים,language,צכית,1
2026-07-30T17:24:03,62,אף אוזן גרון,זיקים,language,רוסית,1
2026-07-30T17:24:14,62,אף אוזן גרון,זרועה,gender,גבר,50
2026-07-30T17:24:14,62,אף אוזן גרון,זרועה,gender,אישה,7
2026-07-30T17:24:14,62,אף אוזן גרון,זרועה,visit_type,ביקור במרפאה,63
2026-07-30T17:24:14,62,אף אוזן גרון,זרועה,language,אוקראינית,1
2026-07-30T17:24:14,62,אף אוזן גרון,זרועה,language,אידיש,3
2026-07-30T17:24:14,62,אף אוזן גרון,זרועה,language,אנגלית,3
2026-07-30T17:24:14,62,אף אוזן גרון,זרועה,language,הונגרית,1
2026-07-30T17:24:14,62,אף אוזן גרון,זרועה,language,ספרדית,3
2026-07-30T17:24:14,62,אף אוזן גרון,זרועה,language,עברית,11
2026-07-30T17:24:14,62,אף אוזן גרון,זרועה,language,ערבית,5
2026-07-30T17:24:14,62,אף אוזן גרון,זרועה,language,צכית,1
2026-07-30T17:24:14,62,אף אוזן גרון,זרועה,language,רוסית,1
2026-07-30T17:24:29,62,אף אוזן גרון,חג'ה,gender,גבר,48
2026-07-30T17:24:29,62,אף אוזן גרון,חג'ה,gender,אישה,14
2026-07-30T17:24:29,62,אף אוזן גרון,חג'ה,visit_type,ביקור במרפאה,67
2026-07-30T17:24:29,62,אף אוזן גרון,חג'ה,visit_type,שיחת טלפון,1
2026-07-30T17:24:29,62,אף אוזן גרון,חג'ה,language,אוקראינית,1
2026-07-30T17:24:29,62,אף אוזן גרון,חג'ה,language,אידיש,4
2026-07-30T17:24:29,62,אף אוזן גרון,חג'ה,language,איטלקית,1
2026-07-30T17:24:29,62,אף אוזן גרון,חג'ה,language,אנגלית,12
2026-07-30T17:24:29,62,אף אוזן גרון,חג'ה,language,גרמנית,1
2026-07-30T17:24:29,62,אף אוזן גרון,חג'ה,language,עברית,16
2026-07-30T17:24:29,62,אף אוזן גרון,חג'ה,language,ערבית,3
2026-07-30T17:24:29,62,אף אוזן גרון,חג'ה,language,רומנית,2
2026-07-30T17:24:29,62,אף אוזן גרון,חג'ה,language,רוסית,6
2026-07-30T17:24:43,62,אף אוזן גרון,חולית,gender,גבר,32
2026-07-30T17:24:43,62,אף אוזן גרון,חולית,gender,אישה,3
2026-07-30T17:24:43,62,אף אוזן גרון,חולית,visit_type,ביקור במרפאה,41
2026-07-30T17:24:43,62,אף אוזן גרון,חולית,language,אוקראינית,1
2026-07-30T17:24:43,62,אף אוזן גרון,חולית,language,אנגלית,3
2026-07-30T17:24:43,62,אף אוזן גרון,חולית,language,הונגרית,1
2026-07-30T17:24:43,62,אף אוזן גרון,חולית,language,עברית,4
2026-07-30T17:24:43,62,אף אוזן גרון,חולית,language,ערבית,1
2026-07-30T17:24:43,62,אף אוזן גרון,חולית,language,צכית,1
2026-07-30T17:24:43,62,אף אוזן גרון,חולית,language,רוסית,1
2026-07-30T17:24:54,62,אף אוזן גרון,חיננית,gender,גבר,67
2026-07-30T17:24:54,62,אף אוזן גרון,חיננית,gender,אישה,20
2026-07-30T17:24:54,62,אף אוזן גרון,חיננית,visit_type,ביקור במרפאה,92
2026-07-30T17:24:54,62,אף אוזן גרון,חיננית,visit_type,שיחת טלפון,1
2026-07-30T17:24:54,62,אף אוזן גרון,חיננית,language,אוקראינית,1
2026-07-30T17:24:54,62,אף אוזן גרון,חיננית,language,אידיש,4
2026-07-30T17:24:54,62,אף אוזן גרון,חיננית,language,איטלקית,1
2026-07-30T17:24:54,62,אף אוזן גרון,חיננית,language,אנגלית,19
2026-07-30T17:24:54,62,אף אוזן גרון,חיננית,language,גרמנית,1
2026-07-30T17:24:54,62,אף אוזן גרון,חיננית,language,ספרדית,1
2026-07-30T17:24:54,62,אף אוזן גרון,חיננית,language,עברית,26
2026-07-30T17:24:54,62,אף אוזן גרון,חיננית,language,ערבית,9
2026-07-30T17:24:54,62,אף אוזן גרון,חיננית,language,רומנית,2
2026-07-30T17:24:54,62,אף אוזן גרון,חיננית,language,רוסית,9
2026-07-30T17:25:10,62,אף אוזן גרון,חניאל,gender,גבר,48
2026-07-30T17:25:10,62,אף אוזן גרון,חניאל,gender,אישה,14
2026-07-30T17:25:10,62,אף אוזן גרון,חניאל,visit_type,ביקור במרפאה,67
2026-07-30T17:25:10,62,אף אוזן גרון,חניאל,visit_type,שיחת טלפון,1
2026-07-30T17:25:10,62,אף אוזן גרון,חניאל,language,אוקראינית,1
2026-07-30T17:25:10,62,אף אוזן גרון,חניאל,language,אידיש,4
2026-07-30T17:25:10,62,אף אוזן גרון,חניאל,language,איטלקית,1
2026-07-30T17:25:10,62,אף אוזן גרון,חניאל,language,אנגלית,12
2026-07-30T17:25:10,62,אף אוזן גרון,חניאל,language,גרמנית,1
2026-07-30T17:25:10,62,אף אוזן גרון,חניאל,language,עברית,16
2026-07-30T17:25:10,62,אף אוזן גרון,חניאל,language,ערבית,3
2026-07-30T17:25:10,62,אף אוזן גרון,חניאל,language,רומנית,2
2026-07-30T17:25:10,62,אף אוזן גרון,חניאל,language,רוסית,6
2026-07-30T17:25:24,62,אף אוזן גרון,חצרים,gender,גבר,50
2026-07-30T17:25:24,62,אף אוזן גרון,חצרים,gender,אישה,7
2026-07-30T17:25:24,62,אף אוזן גרון,חצרים,visit_type,ביקור במרפאה,63
2026-07-30T17:25:24,62,אף אוזן גרון,חצרים,language,אוקראינית,1
2026-07-30T17:25:24,62,אף אוזן גרון,חצרים,language,אידיש,3
2026-07-30T17:25:24,62,אף אוזן גרון,חצרים,language,אנגלית,3
2026-07-30T17:25:24,62,אף אוזן גרון,חצרים,language,הונגרית,1
2026-07-30T17:25:24,62,אף אוזן גרון,חצרים,language,ספרדית,3
2026-07-30T17:25:24,62,אף אוזן גרון,חצרים,language,עברית,11
2026-07-30T17:25:24,62,אף אוזן גרון,חצרים,language,ערבית,5
2026-07-30T17:25:24,62,אף אוזן גרון,חצרים,language,צכית,1
2026-07-30T17:25:24,62,אף אוזן גרון,חצרים,language,רוסית,1
2026-07-30T17:25:39,62,אף אוזן גרון,טובאס,gender,גבר,48
2026-07-30T17:25:39,62,אף אוזן גרון,טובאס,gender,אישה,14
2026-07-30T17:25:39,62,אף אוזן גרון,טובאס,visit_type,ביקור במרפאה,67
2026-07-30T17:25:39,62,אף אוזן גרון,טובאס,visit_type,שיחת טלפון,1
2026-07-30T17:25:39,62,אף אוזן גרון,טובאס,language,אוקראינית,1
2026-07-30T17:25:39,62,אף אוזן גרון,טובאס,language,אידיש,4
2026-07-30T17:25:39,62,אף אוזן גרון,טובאס,language,איטלקית,1
2026-07-30T17:25:39,62,אף אוזן גרון,טובאס,language,אנגלית,12
2026-07-30T17:25:39,62,אף אוזן גרון,טובאס,language,גרמנית,1
2026-07-30T17:25:39,62,אף אוזן גרון,טובאס,language,עברית,16
2026-07-30T17:25:39,62,אף אוזן גרון,טובאס,language,ערבית,3
2026-07-30T17:25:39,62,אף אוזן גרון,טובאס,language,רומנית,2
2026-07-30T17:25:39,62,אף אוזן גרון,טובאס,language,רוסית,6
2026-07-30T17:25:53,62,אף אוזן גרון,טירת צבי,gender,גבר,86
2026-07-30T17:25:53,62,אף אוזן גרון,טירת צבי,gender,אישה,8
2026-07-30T17:25:53,62,אף אוזן גרון,טירת צבי,visit_type,ביקור במרפאה,95
2026-07-30T17:25:53,62,אף אוזן גרון,טירת צבי,language,אנגלית,17
2026-07-30T17:25:53,62,אף אוזן גרון,טירת צבי,language,ספרדית,1
2026-07-30T17:25:53,62,אף אוזן גרון,טירת צבי,language,עברית,23
2026-07-30T17:25:53,62,אף אוזן גרון,טירת צבי,language,ערבית,19
2026-07-30T17:25:53,62,אף אוזן גרון,טירת צבי,language,רוסית,5
2026-07-30T17:26:10,62,אף אוזן גרון,טפחות,gender,גבר,54
2026-07-30T17:26:10,62,אף אוזן גרון,טפחות,gender,אישה,5
2026-07-30T17:26:10,62,אף אוזן גרון,טפחות,visit_type,ביקור במרפאה,59
2026-07-30T17:26:10,62,אף אוזן גרון,טפחות,language,אנגלית,11
2026-07-30T17:26:10,62,אף אוזן גרון,טפחות,language,עברית,14
2026-07-30T17:26:10,62,אף אוזן גרון,טפחות,language,ערבית,14
2026-07-30T17:26:10,62,אף אוזן גרון,טפחות,language,רוסית,2
2026-07-30T17:26:20,62,אף אוזן גרון,יברוד,gender,גבר,36
2026-07-30T17:26:20,62,אף אוזן גרון,יברוד,gender,אישה,4
2026-07-30T17:26:20,62,אף אוזן גרון,יברוד,visit_type,ביקור במרפאה,41
2026-07-30T17:26:20,62,אף אוזן גרון,יברוד,language,אידיש,4
2026-07-30T17:26:20,62,אף אוזן גרון,יברוד,language,איטלקית,1
2026-07-30T17:26:20,62,אף אוזן גרון,יברוד,language,אנגלית,10
2026-07-30T17:26:20,62,אף אוזן גרון,יברוד,language,עברית,10
2026-07-30T17:26:20,62,אף אוזן גרון,יברוד,language,ערבית,4
2026-07-30T17:26:20,62,אף אוזן גרון,יברוד,language,רוסית,4
2026-07-30T17:26:28,62,אף אוזן גרון,יהוד מונוסון,gender,גבר,34
2026-07-30T17:26:28,62,אף אוזן גרון,יהוד מונוסון,gender,אישה,20
2026-07-30T17:26:28,62,אף אוזן גרון,יהוד מונוסון,visit_type,ביקור במרפאה,59
2026-07-30T17:26:28,62,אף אוזן גרון,יהוד מונוסון,visit_type,שיחת טלפון,1
2026-07-30T17:26:28,62,אף אוזן גרון,יהוד מונוסון,language,אוקראינית,1
2026-07-30T17:26:28,62,אף אוזן גרון,יהוד מונוסון,language,אידיש,1
2026-07-30T17:26:28,62,אף אוזן גרון,יהוד מונוסון,language,איטלקית,1
2026-07-30T17:26:28,62,אף אוזן גרון,יהוד מונוסון,language,אנגלית,18
2026-07-30T17:26:28,62,אף אוזן גרון,יהוד מונוסון,language,גרמנית,1
2026-07-30T17:26:28,62,אף אוזן גרון,יהוד מונוסון,language,ספרדית,2
2026-07-30T17:26:28,62,אף אוזן גרון,יהוד מונוסון,language,עברית,44
2026-07-30T17:26:28,62,אף אוזן גרון,יהוד מונוסון,language,ערבית,3
2026-07-30T17:26:28,62,אף אוזן גרון,יהוד מונוסון,language,רומנית,1
2026-07-30T17:26:28,62,אף אוזן גרון,יהוד מונוסון,language,רוסית,11
2026-07-30T17:26:39,62,אף אוזן גרון,יטבתה,gender,גבר,1
2026-07-30T17:26:39,62,אף אוזן גרון,יטבתה,visit_type,ביקור במרפאה,4
2026-07-30T17:26:39,62,אף אוזן גרון,יטבתה,language,אנגלית,1
2026-07-30T17:26:39,62,אף אוזן גרון,יטבתה,language,עברית,1
2026-07-30T17:26:39,62,אף אוזן גרון,יטבתה,language,פרסית,1
2026-07-30T17:26:39,62,אף אוזן גרון,יטבתה,language,צרפתית,1
2026-07-30T17:26:42,62,אף אוזן גרון,יעל,gender,גבר,86
2026-07-30T17:26:42,62,אף אוזן גרון,יעל,gender,אישה,8
2026-07-30T17:26:42,62,אף אוזן גרון,יעל,visit_type,ביקור במרפאה,95
2026-07-30T17:26:42,62,אף אוזן גרון,יעל,language,אנגלית,17
2026-07-30T17:26:42,62,אף אוזן גרון,יעל,language,ספרדית,1
2026-07-30T17:26:42,62,אף אוזן גרון,יעל,language,עברית,23
2026-07-30T17:26:42,62,אף אוזן גרון,יעל,language,ערבית,19
2026-07-30T17:26:42,62,אף אוזן גרון,יעל,language,רוסית,5
2026-07-30T17:26:59,62,אף אוזן גרון,יקיר,gender,גבר,48
2026-07-30T17:26:59,62,אף אוזן גרון,יקיר,gender,אישה,14
2026-07-30T17:26:59,62,אף אוזן גרון,יקיר,visit_type,ביקור במרפאה,67
2026-07-30T17:26:59,62,אף אוזן גרון,יקיר,visit_type,שיחת טלפון,1
2026-07-30T17:26:59,62,אף אוזן גרון,יקיר,language,אוקראינית,1
2026-07-30T17:26:59,62,אף אוזן גרון,יקיר,language,אידיש,4
2026-07-30T17:26:59,62,אף אוזן גרון,יקיר,language,איטלקית,1
2026-07-30T17:26:59,62,אף אוזן גרון,יקיר,language,אנגלית,12
2026-07-30T17:26:59,62,אף אוזן גרון,יקיר,language,גרמנית,1
2026-07-30T17:26:59,62,אף אוזן גרון,יקיר,language,עברית,16
2026-07-30T17:26:59,62,אף אוזן גרון,יקיר,language,ערבית,3
2026-07-30T17:26:59,62,אף אוזן גרון,יקיר,language,רומנית,2
2026-07-30T17:26:59,62,אף אוזן גרון,יקיר,language,רוסית,6
2026-07-30T17:27:12,62,אף אוזן גרון,ירקונה,gender,גבר,34
2026-07-30T17:27:12,62,אף אוזן גרון,ירקונה,gender,אישה,20
2026-07-30T17:27:12,62,אף אוזן גרון,ירקונה,visit_type,ביקור במרפאה,59
2026-07-30T17:27:12,62,אף אוזן גרון,ירקונה,visit_type,שיחת טלפון,1
2026-07-30T17:27:12,62,אף אוזן גרון,ירקונה,language,אוקראינית,1
2026-07-30T17:27:12,62,אף אוזן גרון,ירקונה,language,אידיש,1
2026-07-30T17:27:12,62,אף אוזן גרון,ירקונה,language,איטלקית,1
2026-07-30T17:27:12,62,אף אוזן גרון,ירקונה,language,אנגלית,18
2026-07-30T17:27:12,62,אף אוזן גרון,ירקונה,language,גרמנית,1
2026-07-30T17:27:12,62,אף אוזן גרון,ירקונה,language,ספרדית,2
2026-07-30T17:27:12,62,אף אוזן גרון,ירקונה,language,עברית,44
2026-07-30T17:27:12,62,אף אוזן גרון,ירקונה,language,ערבית,3
2026-07-30T17:27:12,62,אף אוזן גרון,ירקונה,language,רומנית,1
2026-07-30T17:27:12,62,אף אוזן גרון,ירקונה,language,רוסית,11
2026-07-30T17:27:24,62,אף אוזן גרון,כדורי,gender,גבר,54
2026-07-30T17:27:24,62,אף אוזן גרון,כדורי,gender,אישה,5
2026-07-30T17:27:24,62,אף אוזן גרון,כדורי,visit_type,ביקור במרפאה,59
2026-07-30T17:27:24,62,אף אוזן גרון,כדורי,language,אנגלית,11
2026-07-30T17:27:24,62,אף אוזן גרון,כדורי,language,עברית,14
2026-07-30T17:27:24,62,אף אוזן גרון,כדורי,language,ערבית,14
2026-07-30T17:27:24,62,אף אוזן גרון,כדורי,language,רוסית,2
2026-07-30T17:27:35,62,אף אוזן גרון,כורזים,gender,גבר,54
2026-07-30T17:27:35,62,אף אוזן גרון,כורזים,gender,אישה,5
2026-07-30T17:27:35,62,אף אוזן גרון,כורזים,visit_type,ביקור במרפאה,59
2026-07-30T17:27:35,62,אף אוזן גרון,כורזים,language,אנגלית,11
2026-07-30T17:27:35,62,אף אוזן גרון,כורזים,language,עברית,14
2026-07-30T17:27:35,62,אף אוזן גרון,כורזים,language,ערבית,14
2026-07-30T17:27:35,62,אף אוזן גרון,כורזים,language,רוסית,2
2026-07-30T17:27:46,62,אף אוזן גרון,כמאנה,gender,גבר,62
2026-07-30T17:27:46,62,אף אוזן גרון,כמאנה,gender,אישה,13
2026-07-30T17:27:46,62,אף אוזן גרון,כמאנה,visit_type,ביקור במרפאה,77
2026-07-30T17:27:46,62,אף אוזן גרון,כמאנה,visit_type,שיחת טלפון,5
2026-07-30T17:27:46,62,אף אוזן גרון,כמאנה,language,איטלקית,6
2026-07-30T17:27:46,62,אף אוזן גרון,כמאנה,language,אנגלית,52
2026-07-30T17:27:46,62,אף אוזן גרון,כמאנה,language,גרמנית,6
2026-07-30T17:27:46,62,אף אוזן גרון,כמאנה,language,הולנדית,1
2026-07-30T17:27:46,62,אף אוזן גרון,כמאנה,language,הונגרית,1
2026-07-30T17:27:46,62,אף אוזן גרון,כמאנה,language,ספרדית,2
2026-07-30T17:27:46,62,אף אוזן גרון,כמאנה,language,עברית,76
2026-07-30T17:27:46,62,אף אוזן גרון,כמאנה,language,ערבית,51
2026-07-30T17:27:46,62,אף אוזן גרון,כמאנה,language,צרפתית,1
2026-07-30T17:27:46,62,אף אוזן גרון,כמאנה,language,רומנית,7
2026-07-30T17:27:46,62,אף אוזן גרון,כמאנה,language,רוסית,16
2026-07-30T17:28:01,62,אף אוזן גרון,כפר א לבד,gender,גבר,48
2026-07-30T17:28:01,62,אף אוזן גרון,כפר א לבד,gender,אישה,14
2026-07-30T17:28:01,62,אף אוזן גרון,כפר א לבד,visit_type,ביקור במרפאה,67
2026-07-30T17:28:01,62,אף אוזן גרון,כפר א לבד,visit_type,שיחת טלפון,1
2026-07-30T17:28:01,62,אף אוזן גרון,כפר א לבד,language,אוקראינית,1
2026-07-30T17:28:01,62,אף אוזן גרון,כפר א לבד,language,אידיש,4
2026-07-30T17:28:01,62,אף אוזן גרון,כפר א לבד,language,איטלקית,1
2026-07-30T17:28:01,62,אף אוזן גרון,כפר א לבד,language,אנגלית,12
2026-07-30T17:28:01,62,אף אוזן גרון,כפר א לבד,language,גרמנית,1
2026-07-30T17:28:01,62,אף אוזן גרון,כפר א לבד,language,עברית,16
2026-07-30T17:28:01,62,אף אוזן גרון,כפר א לבד,language,ערבית,3
2026-07-30T17:28:01,62,אף אוזן גרון,כפר א לבד,language,רומנית,2
2026-07-30T17:28:01,62,אף אוזן גרון,כפר א לבד,language,רוסית,6
2026-07-30T17:28:14,62,אף אוזן גרון,כרי דשא,gender,גבר,54
2026-07-30T17:28:14,62,אף אוזן גרון,כרי דשא,gender,אישה,5
2026-07-30T17:28:14,62,אף אוזן גרון,כרי דשא,visit_type,ביקור במרפאה,59
2026-07-30T17:28:14,62,אף אוזן גרון,כרי דשא,language,אנגלית,11
2026-07-30T17:28:14,62,אף אוזן גרון,כרי דשא,language,עברית,14
2026-07-30T17:28:14,62,אף אוזן גרון,כרי דשא,language,ערבית,14
2026-07-30T17:28:14,62,אף אוזן גרון,כרי דשא,language,רוסית,2
2026-07-30T17:28:26,62,אף אוזן גרון,לב יתיר,gender,גבר,50
2026-07-30T17:28:26,62,אף אוזן גרון,לב יתיר,gender,אישה,7
2026-07-30T17:28:26,62,אף אוזן גרון,לב יתיר,visit_type,ביקור במרפאה,63
2026-07-30T17:28:26,62,אף אוזן גרון,לב יתיר,language,אוקראינית,1
2026-07-30T17:28:26,62,אף אוזן גרון,לב יתיר,language,אידיש,3
2026-07-30T17:28:26,62,אף אוזן גרון,לב יתיר,language,אנגלית,3
2026-07-30T17:28:26,62,אף אוזן גרון,לב יתיר,language,הונגרית,1
2026-07-30T17:28:26,62,אף אוזן גרון,לב יתיר,language,ספרדית,3
2026-07-30T17:28:26,62,אף אוזן גרון,לב יתיר,language,עברית,11
2026-07-30T17:28:26,62,אף אוזן גרון,לב יתיר,language,ערבית,5
2026-07-30T17:28:26,62,אף אוזן גרון,לב יתיר,language,צכית,1
2026-07-30T17:28:26,62,אף אוזן גרון,לב יתיר,language,רוסית,1
2026-07-30T17:28:39,62,אף אוזן גרון,לוזית,gender,גבר,36
2026-07-30T17:28:39,62,אף אוזן גרון,לוזית,gender,אישה,4
2026-07-30T17:28:39,62,אף אוזן גרון,לוזית,visit_type,ביקור במרפאה,41
2026-07-30T17:28:39,62,אף אוזן גרון,לוזית,language,אידיש,4
2026-07-30T17:28:39,62,אף אוזן גרון,לוזית,language,איטלקית,1
2026-07-30T17:28:39,62,אף אוזן גרון,לוזית,language,אנגלית,10
2026-07-30T17:28:39,62,אף אוזן גרון,לוזית,language,עברית,10
2026-07-30T17:28:39,62,אף אוזן גרון,לוזית,language,ערבית,4
2026-07-30T17:28:39,62,אף אוזן גרון,לוזית,language,רוסית,4
2026-07-30T17:28:49,62,אף אוזן גרון,מאיר שפיה,gender,גבר,67
2026-07-30T17:28:49,62,אף אוזן גרון,מאיר שפיה,gender,אישה,20
2026-07-30T17:28:49,62,אף אוזן גרון,מאיר שפיה,visit_type,ביקור במרפאה,92
2026-07-30T17:28:49,62,אף אוזן גרון,מאיר שפיה,visit_type,שיחת טלפון,1
2026-07-30T17:28:49,62,אף אוזן גרון,מאיר שפיה,language,אוקראינית,1
2026-07-30T17:28:49,62,אף אוזן גרון,מאיר שפיה,language,אידיש,4
2026-07-30T17:28:49,62,אף אוזן גרון,מאיר שפיה,language,איטלקית,1
2026-07-30T17:28:49,62,אף אוזן גרון,מאיר שפיה,language,אנגלית,19
2026-07-30T17:28:49,62,אף אוזן גרון,מאיר שפיה,language,גרמנית,1
2026-07-30T17:28:49,62,אף אוזן גרון,מאיר שפיה,language,ספרדית,1
2026-07-30T17:28:49,62,אף אוזן גרון,מאיר שפיה,language,עברית,26
2026-07-30T17:28:49,62,אף אוזן גרון,מאיר שפיה,language,ערבית,9
2026-07-30T17:28:49,62,אף אוזן גרון,מאיר שפיה,language,רומנית,2
2026-07-30T17:28:49,62,אף אוזן גרון,מאיר שפיה,language,רוסית,9
2026-07-30T17:29:08,62,אף אוזן גרון,מבקיעים,gender,גבר,32
2026-07-30T17:29:08,62,אף אוזן גרון,מבקיעים,gender,אישה,3
2026-07-30T17:29:08,62,אף אוזן גרון,מבקיעים,visit_type,ביקור במרפאה,41
2026-07-30T17:29:08,62,אף אוזן גרון,מבקיעים,language,אוקראינית,1
2026-07-30T17:29:08,62,אף אוזן גרון,מבקיעים,language,אנגלית,3
2026-07-30T17:29:08,62,אף אוזן גרון,מבקיעים,language,הונגרית,1
2026-07-30T17:29:08,62,אף אוזן גרון,מבקיעים,language,עברית,4
2026-07-30T17:29:08,62,אף אוזן גרון,מבקיעים,language,ערבית,1
2026-07-30T17:29:08,62,אף אוזן גרון,מבקיעים,language,צכית,1
2026-07-30T17:29:08,62,אף אוזן גרון,מבקיעים,language,רוסית,1
2026-07-30T17:29:18,62,אף אוזן גרון,מגדל תפן,gender,גבר,62
2026-07-30T17:29:18,62,אף אוזן גרון,מגדל תפן,gender,אישה,13
2026-07-30T17:29:18,62,אף אוזן גרון,מגדל תפן,visit_type,ביקור במרפאה,77
2026-07-30T17:29:18,62,אף אוזן גרון,מגדל תפן,visit_type,שיחת טלפון,5
2026-07-30T17:29:18,62,אף אוזן גרון,מגדל תפן,language,איטלקית,6
2026-07-30T17:29:18,62,אף אוזן גרון,מגדל תפן,language,אנגלית,52
2026-07-30T17:29:18,62,אף אוזן גרון,מגדל תפן,language,גרמנית,6
2026-07-30T17:29:18,62,אף אוזן גרון,מגדל תפן,language,הולנדית,1
2026-07-30T17:29:18,62,אף אוזן גרון,מגדל תפן,language,הונגרית,1
2026-07-30T17:29:18,62,אף אוזן גרון,מגדל תפן,language,ספרדית,2
2026-07-30T17:29:18,62,אף אוזן גרון,מגדל תפן,language,עברית,76
2026-07-30T17:29:18,62,אף אוזן גרון,מגדל תפן,language,ערבית,51
2026-07-30T17:29:18,62,אף אוזן גרון,מגדל תפן,language,צרפתית,1
2026-07-30T17:29:18,62,אף אוזן גרון,מגדל תפן,language,רומנית,7
2026-07-30T17:29:18,62,אף אוזן גרון,מגדל תפן,language,רוסית,16
2026-07-30T17:29:32,62,אף אוזן גרון,מוע'ייר,gender,גבר,36
2026-07-30T17:29:32,62,אף אוזן גרון,מוע'ייר,gender,אישה,4
2026-07-30T17:29:32,62,אף אוזן גרון,מוע'ייר,visit_type,ביקור במרפאה,41
2026-07-30T17:29:32,62,אף אוזן גרון,מוע'ייר,language,אידיש,4
2026-07-30T17:29:32,62,אף אוזן גרון,מוע'ייר,language,איטלקית,1
2026-07-30T17:29:32,62,אף אוזן גרון,מוע'ייר,language,אנגלית,10
2026-07-30T17:29:32,62,אף אוזן גרון,מוע'ייר,language,עברית,10
2026-07-30T17:29:32,62,אף אוזן גרון,מוע'ייר,language,ערבית,4
2026-07-30T17:29:32,62,אף אוזן גרון,מוע'ייר,language,רוסית,4
2026-07-30T17:29:39,62,אף אוזן גרון,מזרעה אל קיבליה,gender,גבר,36
2026-07-30T17:29:39,62,אף אוזן גרון,מזרעה אל קיבליה,gender,אישה,4
2026-07-30T17:29:39,62,אף אוזן גרון,מזרעה אל קיבליה,visit_type,ביקור במרפאה,41
2026-07-30T17:29:39,62,אף אוזן גרון,מזרעה אל קיבליה,language,אידיש,4
2026-07-30T17:29:39,62,אף אוזן גרון,מזרעה אל קיבליה,language,איטלקית,1
2026-07-30T17:29:39,62,אף אוזן גרון,מזרעה אל קיבליה,language,אנגלית,10
2026-07-30T17:29:39,62,אף אוזן גרון,מזרעה אל קיבליה,language,עברית,10
2026-07-30T17:29:39,62,אף אוזן גרון,מזרעה אל קיבליה,language,ערבית,4
2026-07-30T17:29:39,62,אף אוזן גרון,מזרעה אל קיבליה,language,רוסית,4
2026-07-30T17:29:48,62,אף אוזן גרון,מיצר,gender,גבר,54
2026-07-30T17:29:48,62,אף אוזן גרון,מיצר,gender,אישה,5
2026-07-30T17:29:48,62,אף אוזן גרון,מיצר,visit_type,ביקור במרפאה,59
2026-07-30T17:29:48,62,אף אוזן גרון,מיצר,language,אנגלית,11
2026-07-30T17:29:48,62,אף אוזן גרון,מיצר,language,עברית,14
2026-07-30T17:29:48,62,אף אוזן גרון,מיצר,language,ערבית,14
2026-07-30T17:29:48,62,אף אוזן גרון,מיצר,language,רוסית,2
2026-07-30T17:29:59,62,אף אוזן גרון,מלאה,gender,גבר,86
2026-07-30T17:29:59,62,אף אוזן גרון,מלאה,gender,אישה,8
2026-07-30T17:29:59,62,אף אוזן גרון,מלאה,visit_type,ביקור במרפאה,95
2026-07-30T17:29:59,62,אף אוזן גרון,מלאה,language,אנגלית,17
2026-07-30T17:29:59,62,אף אוזן גרון,מלאה,language,ספרדית,1
2026-07-30T17:29:59,62,אף אוזן גרון,מלאה,language,עברית,23
2026-07-30T17:29:59,62,אף אוזן גרון,מלאה,language,ערבית,19
2026-07-30T17:29:59,62,אף אוזן גרון,מלאה,language,רוסית,5
2026-07-30T17:30:16,62,אף אוזן גרון,מסד,gender,גבר,54
2026-07-30T17:30:16,62,אף אוזן גרון,מסד,gender,אישה,5
2026-07-30T17:30:16,62,אף אוזן גרון,מסד,visit_type,ביקור במרפאה,59
2026-07-30T17:30:16,62,אף אוזן גרון,מסד,language,אנגלית,11
2026-07-30T17:30:16,62,אף אוזן גרון,מסד,language,עברית,14
2026-07-30T17:30:16,62,אף אוזן גרון,מסד,language,ערבית,14
2026-07-30T17:30:16,62,אף אוזן גרון,מסד,language,רוסית,2
2026-07-30T17:30:29,62,אף אוזן גרון,מעגלים,gender,גבר,50
2026-07-30T17:30:29,62,אף אוזן גרון,מעגלים,gender,אישה,7
2026-07-30T17:30:29,62,אף אוזן גרון,מעגלים,visit_type,ביקור במרפאה,63
2026-07-30T17:30:29,62,אף אוזן גרון,מעגלים,language,אוקראינית,1
2026-07-30T17:30:29,62,אף אוזן גרון,מעגלים,language,אידיש,3
2026-07-30T17:30:29,62,אף אוזן גרון,מעגלים,language,אנגלית,3
2026-07-30T17:30:29,62,אף אוזן גרון,מעגלים,language,הונגרית,1
2026-07-30T17:30:29,62,אף אוזן גרון,מעגלים,language,ספרדית,3
2026-07-30T17:30:29,62,אף אוזן גרון,מעגלים,language,עברית,11
2026-07-30T17:30:29,62,אף אוזן גרון,מעגלים,language,ערבית,5
2026-07-30T17:30:29,62,אף אוזן גרון,מעגלים,language,צכית,1
2026-07-30T17:30:29,62,אף אוזן גרון,מעגלים,language,רוסית,1
2026-07-30T17:30:45,62,אף אוזן גרון,מפעלי אבשלום,gender,גבר,50
2026-07-30T17:30:45,62,אף אוזן גרון,מפעלי אבשלום,gender,אישה,7
2026-07-30T17:30:45,62,אף אוזן גרון,מפעלי אבשלום,visit_type,ביקור במרפאה,63
2026-07-30T17:30:45,62,אף אוזן גרון,מפעלי אבשלום,language,אוקראינית,1
2026-07-30T17:30:45,62,אף אוזן גרון,מפעלי אבשלום,language,אידיש,3
2026-07-30T17:30:45,62,אף אוזן גרון,מפעלי אבשלום,language,אנגלית,3
2026-07-30T17:30:45,62,אף אוזן גרון,מפעלי אבשלום,language,הונגרית,1
2026-07-30T17:30:45,62,אף אוזן גרון,מפעלי אבשלום,language,ספרדית,3
2026-07-30T17:30:45,62,אף אוזן גרון,מפעלי אבשלום,language,עברית,11
2026-07-30T17:30:45,62,אף אוזן גרון,מפעלי אבשלום,language,ערבית,5
2026-07-30T17:30:45,62,אף אוזן גרון,מפעלי אבשלום,language,צכית,1
2026-07-30T17:30:45,62,אף אוזן גרון,מפעלי אבשלום,language,רוסית,1
2026-07-30T17:31:00,62,אף אוזן גרון,מצדות יהודה,gender,גבר,50
2026-07-30T17:31:00,62,אף אוזן גרון,מצדות יהודה,gender,אישה,7
2026-07-30T17:31:00,62,אף אוזן גרון,מצדות יהודה,visit_type,ביקור במרפאה,63
2026-07-30T17:31:00,62,אף אוזן גרון,מצדות יהודה,language,אוקראינית,1
2026-07-30T17:31:00,62,אף אוזן גרון,מצדות יהודה,language,אידיש,3
2026-07-30T17:31:00,62,אף אוזן גרון,מצדות יהודה,language,אנגלית,3
2026-07-30T17:31:00,62,אף אוזן גרון,מצדות יהודה,language,הונגרית,1
2026-07-30T17:31:00,62,אף אוזן גרון,מצדות יהודה,language,ספרדית,3
2026-07-30T17:31:00,62,אף אוזן גרון,מצדות יהודה,language,עברית,11
2026-07-30T17:31:00,62,אף אוזן גרון,מצדות יהודה,language,ערבית,5
2026-07-30T17:31:00,62,אף אוזן גרון,מצדות יהודה,language,צכית,1
2026-07-30T17:31:00,62,אף אוזן גרון,מצדות יהודה,language,רוסית,1
2026-07-30T17:31:14,62,אף אוזן גרון,מרג' נעג'ה,gender,גבר,36
2026-07-30T17:31:14,62,אף אוזן גרון,מרג' נעג'ה,gender,אישה,4
2026-07-30T17:31:14,62,אף אוזן גרון,מרג' נעג'ה,visit_type,ביקור במרפאה,41
2026-07-30T17:31:14,62,אף אוזן גרון,מרג' נעג'ה,language,אידיש,4
2026-07-30T17:31:14,62,אף אוזן גרון,מרג' נעג'ה,language,איטלקית,1
2026-07-30T17:31:14,62,אף אוזן גרון,מרג' נעג'ה,language,אנגלית,10
2026-07-30T17:31:14,62,אף אוזן גרון,מרג' נעג'ה,language,עברית,10
2026-07-30T17:31:14,62,אף אוזן גרון,מרג' נעג'ה,language,ערבית,4
2026-07-30T17:31:14,62,אף אוזן גרון,מרג' נעג'ה,language,רוסית,4
2026-07-30T17:31:24,62,אף אוזן גרון,משאבי שדה,gender,גבר,38
2026-07-30T17:31:24,62,אף אוזן גרון,משאבי שדה,gender,אישה,6
2026-07-30T17:31:24,62,אף אוזן גרון,משאבי שדה,visit_type,ביקור במרפאה,47
2026-07-30T17:31:24,62,אף אוזן גרון,משאבי שדה,language,אוקראינית,1
2026-07-30T17:31:24,62,אף אוזן גרון,משאבי שדה,language,אידיש,3
2026-07-30T17:31:24,62,אף אוזן גרון,משאבי שדה,language,אנגלית,3
2026-07-30T17:31:24,62,אף אוזן גרון,משאבי שדה,language,הונגרית,1
2026-07-30T17:31:24,62,אף אוזן גרון,משאבי שדה,language,ספרדית,3
2026-07-30T17:31:24,62,אף אוזן גרון,משאבי שדה,language,עברית,10
2026-07-30T17:31:24,62,אף אוזן גרון,משאבי שדה,language,ערבית,4
2026-07-30T17:31:24,62,אף אוזן גרון,משאבי שדה,language,צכית,1
2026-07-30T17:31:24,62,אף אוזן גרון,משאבי שדה,language,רוסית,1
2026-07-30T17:31:35,62,אף אוזן גרון,מתן,gender,גבר,34
2026-07-30T17:31:35,62,אף אוזן גרון,מתן,gender,אישה,20
2026-07-30T17:31:35,62,אף אוזן גרון,מתן,visit_type,ביקור במרפאה,59
2026-07-30T17:31:35,62,אף אוזן גרון,מתן,visit_type,שיחת טלפון,1
2026-07-30T17:31:35,62,אף אוזן גרון,מתן,language,אוקראינית,1
2026-07-30T17:31:35,62,אף אוזן גרון,מתן,language,אידיש,1
2026-07-30T17:31:35,62,אף אוזן גרון,מתן,language,איטלקית,1
2026-07-30T17:31:35,62,אף אוזן גרון,מתן,language,אנגלית,18
2026-07-30T17:31:35,62,אף אוזן גרון,מתן,language,גרמנית,1
2026-07-30T17:31:35,62,אף אוזן גרון,מתן,language,ספרדית,2
2026-07-30T17:31:35,62,אף אוזן גרון,מתן,language,עברית,44
2026-07-30T17:31:35,62,אף אוזן גרון,מתן,language,ערבית,3
2026-07-30T17:31:35,62,אף אוזן גרון,מתן,language,רומנית,1
2026-07-30T17:31:35,62,אף אוזן גרון,מתן,language,רוסית,11
2026-07-30T17:31:48,62,אף אוזן גרון,נבטים,gender,גבר,50
2026-07-30T17:31:48,62,אף אוזן גרון,נבטים,gender,אישה,7
2026-07-30T17:31:48,62,אף אוזן גרון,נבטים,visit_type,ביקור במרפאה,63
2026-07-30T17:31:48,62,אף אוזן גרון,נבטים,language,אוקראינית,1
2026-07-30T17:31:48,62,אף אוזן גרון,נבטים,language,אידיש,3
2026-07-30T17:31:48,62,אף אוזן גרון,נבטים,language,אנגלית,3
2026-07-30T17:31:48,62,אף אוזן גרון,נבטים,language,הונגרית,1
2026-07-30T17:31:48,62,אף אוזן גרון,נבטים,language,ספרדית,3
2026-07-30T17:31:48,62,אף אוזן גרון,נבטים,language,עברית,11
2026-07-30T17:31:48,62,אף אוזן גרון,נבטים,language,ערבית,5
2026-07-30T17:31:48,62,אף אוזן גרון,נבטים,language,צכית,1
2026-07-30T17:31:48,62,אף אוזן גרון,נבטים,language,רוסית,1
2026-07-30T17:32:05,62,אף אוזן גרון,נווה,gender,גבר,32
2026-07-30T17:32:05,62,אף אוזן גרון,נווה,gender,אישה,3
2026-07-30T17:32:05,62,אף אוזן גרון,נווה,visit_type,ביקור במרפאה,41
2026-07-30T17:32:05,62,אף אוזן גרון,נווה,language,אוקראינית,1
2026-07-30T17:32:05,62,אף אוזן גרון,נווה,language,אנגלית,3
2026-07-30T17:32:05,62,אף אוזן גרון,נווה,language,הונגרית,1
2026-07-30T17:32:05,62,אף אוזן גרון,נווה,language,עברית,4
2026-07-30T17:32:05,62,אף אוזן גרון,נווה,language,ערבית,1
2026-07-30T17:32:05,62,אף אוזן גרון,נווה,language,צכית,1
2026-07-30T17:32:05,62,אף אוזן גרון,נווה,language,רוסית,1
2026-07-30T17:32:16,62,אף אוזן גרון,נזלת זיד,gender,גבר,48
2026-07-30T17:32:16,62,אף אוזן גרון,נזלת זיד,gender,אישה,14
2026-07-30T17:32:16,62,אף אוזן גרון,נזלת זיד,visit_type,ביקור במרפאה,67
2026-07-30T17:32:16,62,אף אוזן גרון,נזלת זיד,visit_type,שיחת טלפון,1
2026-07-30T17:32:16,62,אף אוזן גרון,נזלת זיד,language,אוקראינית,1
2026-07-30T17:32:16,62,אף אוזן גרון,נזלת זיד,language,אידיש,4
2026-07-30T17:32:16,62,אף אוזן גרון,נזלת זיד,language,איטלקית,1
2026-07-30T17:32:16,62,אף אוזן גרון,נזלת זיד,language,אנגלית,12
2026-07-30T17:32:16,62,אף אוזן גרון,נזלת זיד,language,גרמנית,1
2026-07-30T17:32:16,62,אף אוזן גרון,נזלת זיד,language,עברית,16
2026-07-30T17:32:16,62,אף אוזן גרון,נזלת זיד,language,ערבית,3
2026-07-30T17:32:16,62,אף אוזן גרון,נזלת זיד,language,רומנית,2
2026-07-30T17:32:16,62,אף אוזן גרון,נזלת זיד,language,רוסית,6
2026-07-30T17:32:27,62,אף אוזן גרון,נחשון,gender,גבר,22
2026-07-30T17:32:27,62,אף אוזן גרון,נחשון,gender,אישה,1
2026-07-30T17:32:27,62,אף אוזן גרון,נחשון,visit_type,ביקור במרפאה,32
2026-07-30T17:32:27,62,אף אוזן גרון,נחשון,language,איטלקית,1
2026-07-30T17:32:27,62,אף אוזן גרון,נחשון,language,אנגלית,9
2026-07-30T17:32:27,62,אף אוזן גרון,נחשון,language,עברית,14
2026-07-30T17:32:27,62,אף אוזן גרון,נחשון,language,ערבית,2
2026-07-30T17:32:27,62,אף אוזן גרון,נחשון,language,צרפתית,1
2026-07-30T17:32:27,62,אף אוזן גרון,נחשון,language,רוסית,4
2026-07-30T17:32:36,62,אף אוזן גרון,ניצן,gender,גבר,32
2026-07-30T17:32:36,62,אף אוזן גרון,ניצן,gender,אישה,3
2026-07-30T17:32:36,62,אף אוזן גרון,ניצן,visit_type,ביקור במרפאה,41
2026-07-30T17:32:36,62,אף אוזן גרון,ניצן,language,אוקראינית,1
2026-07-30T17:32:36,62,אף אוזן גרון,ניצן,language,אנגלית,3
2026-07-30T17:32:36,62,אף אוזן גרון,ניצן,language,הונגרית,1
2026-07-30T17:32:36,62,אף אוזן גרון,ניצן,language,עברית,4
2026-07-30T17:32:36,62,אף אוזן גרון,ניצן,language,ערבית,1
2026-07-30T17:32:36,62,אף אוזן גרון,ניצן,language,צכית,1
2026-07-30T17:32:36,62,אף אוזן גרון,ניצן,language,רוסית,1
2026-07-30T17:32:46,62,אף אוזן גרון,נס ציונה,gender,גבר,46
2026-07-30T17:32:46,62,אף אוזן גרון,נס ציונה,gender,אישה,4
2026-07-30T17:32:46,62,אף אוזן גרון,נס ציונה,visit_type,ביקור במרפאה,62
2026-07-30T17:32:46,62,אף אוזן גרון,נס ציונה,language,איטלקית,1
2026-07-30T17:32:46,62,אף אוזן גרון,נס ציונה,language,אנגלית,19
2026-07-30T17:32:46,62,אף אוזן גרון,נס ציונה,language,ספרדית,1
2026-07-30T17:32:46,62,אף אוזן גרון,נס ציונה,language,עברית,25
2026-07-30T17:32:46,62,אף אוזן גרון,נס ציונה,language,ערבית,3
2026-07-30T17:32:46,62,אף אוזן גרון,נס ציונה,language,צרפתית,2
2026-07-30T17:32:46,62,אף אוזן גרון,נס ציונה,language,רוסית,7
2026-07-30T17:32:58,62,אף אוזן גרון,נתיב הגדוד,gender,גבר,36
2026-07-30T17:32:58,62,אף אוזן גרון,נתיב הגדוד,gender,אישה,4
2026-07-30T17:32:58,62,אף אוזן גרון,נתיב הגדוד,visit_type,ביקור במרפאה,41
2026-07-30T17:32:58,62,אף אוזן גרון,נתיב הגדוד,language,אידיש,4
2026-07-30T17:32:58,62,אף אוזן גרון,נתיב הגדוד,language,איטלקית,1
2026-07-30T17:32:58,62,אף אוזן גרון,נתיב הגדוד,language,אנגלית,10
2026-07-30T17:32:58,62,אף אוזן גרון,נתיב הגדוד,language,עברית,10
2026-07-30T17:32:58,62,אף אוזן גרון,נתיב הגדוד,language,ערבית,4
2026-07-30T17:32:58,62,אף אוזן גרון,נתיב הגדוד,language,רוסית,4
2026-07-30T17:33:06,62,אף אוזן גרון,סאסא,gender,גבר,54
2026-07-30T17:33:06,62,אף אוזן גרון,סאסא,gender,אישה,5
2026-07-30T17:33:06,62,אף אוזן גרון,סאסא,visit_type,ביקור במרפאה,59
2026-07-30T17:33:06,62,אף אוזן גרון,סאסא,language,אנגלית,11
2026-07-30T17:33:06,62,אף אוזן גרון,סאסא,language,עברית,14
2026-07-30T17:33:06,62,אף אוזן גרון,סאסא,language,ערבית,14
2026-07-30T17:33:06,62,אף אוזן גרון,סאסא,language,רוסית,2
2026-07-30T17:33:16,62,אף אוזן גרון,סוריף,gender,גבר,36
2026-07-30T17:33:16,62,אף אוזן גרון,סוריף,gender,אישה,4
2026-07-30T17:33:16,62,אף אוזן גרון,סוריף,visit_type,ביקור במרפאה,41
2026-07-30T17:33:16,62,אף אוזן גרון,סוריף,language,אידיש,4
2026-07-30T17:33:16,62,אף אוזן גרון,סוריף,language,איטלקית,1
2026-07-30T17:33:16,62,אף אוזן גרון,סוריף,language,אנגלית,10
2026-07-30T17:33:16,62,אף אוזן גרון,סוריף,language,עברית,10
2026-07-30T17:33:16,62,אף אוזן גרון,סוריף,language,ערבית,4
2026-07-30T17:33:16,62,אף אוזן גרון,סוריף,language,רוסית,4
2026-07-30T17:33:24,62,אף אוזן גרון,סיריס,gender,גבר,48
2026-07-30T17:33:24,62,אף אוזן גרון,סיריס,gender,אישה,14
2026-07-30T17:33:24,62,אף אוזן גרון,סיריס,visit_type,ביקור במרפאה,67
2026-07-30T17:33:24,62,אף אוזן גרון,סיריס,visit_type,שיחת טלפון,1
2026-07-30T17:33:24,62,אף אוזן גרון,סיריס,language,אוקראינית,1
2026-07-30T17:33:24,62,אף אוזן גרון,סיריס,language,אידיש,4
2026-07-30T17:33:24,62,אף אוזן גרון,סיריס,language,איטלקית,1
2026-07-30T17:33:24,62,אף אוזן גרון,סיריס,language,אנגלית,12
2026-07-30T17:33:24,62,אף אוזן גרון,סיריס,language,גרמנית,1
2026-07-30T17:33:24,62,אף אוזן גרון,סיריס,language,עברית,16
2026-07-30T17:33:24,62,אף אוזן גרון,סיריס,language,ערבית,3
2026-07-30T17:33:24,62,אף אוזן גרון,סיריס,language,רומנית,2
2026-07-30T17:33:24,62,אף אוזן גרון,סיריס,language,רוסית,6
2026-07-30T17:33:36,62,אף אוזן גרון,סער,gender,גבר,35
2026-07-30T17:33:36,62,אף אוזן גרון,סער,gender,אישה,3
2026-07-30T17:33:36,62,אף אוזן גרון,סער,visit_type,ביקור במרפאה,38
2026-07-30T17:33:36,62,אף אוזן גרון,סער,visit_type,שיחת טלפון,1
2026-07-30T17:33:36,62,אף אוזן גרון,סער,language,איטלקית,5
2026-07-30T17:33:36,62,אף אוזן גרון,סער,language,אנגלית,29
2026-07-30T17:33:36,62,אף אוזן גרון,סער,language,גרמנית,2
2026-07-30T17:33:36,62,אף אוזן גרון,סער,language,הולנדית,1
2026-07-30T17:33:36,62,אף אוזן גרון,סער,language,ספרדית,1
2026-07-30T17:33:36,62,אף אוזן גרון,סער,language,עברית,38
2026-07-30T17:33:36,62,אף אוזן גרון,סער,language,ערבית,34
2026-07-30T17:33:36,62,אף אוזן גרון,סער,language,צרפתית,1
2026-07-30T17:33:36,62,אף אוזן גרון,סער,language,רומנית,7
2026-07-30T17:33:36,62,אף אוזן גרון,סער,language,רוסית,5
2026-07-30T17:33:46,62,אף אוזן גרון,עבדה,gender,גבר,50
2026-07-30T17:33:46,62,אף אוזן גרון,עבדה,gender,אישה,7
2026-07-30T17:33:46,62,אף אוזן גרון,עבדה,visit_type,ביקור במרפאה,63
2026-07-30T17:33:46,62,אף אוזן גרון,עבדה,language,אוקראינית,1
2026-07-30T17:33:46,62,אף אוזן גרון,עבדה,language,אידיש,3
2026-07-30T17:33:46,62,אף אוזן גרון,עבדה,language,אנגלית,3
2026-07-30T17:33:46,62,אף אוזן גרון,עבדה,language,הונגרית,1
2026-07-30T17:33:46,62,אף אוזן גרון,עבדה,language,ספרדית,3
2026-07-30T17:33:46,62,אף אוזן גרון,עבדה,language,עברית,11
2026-07-30T17:33:46,62,אף אוזן גרון,עבדה,language,ערבית,5
2026-07-30T17:33:46,62,אף אוזן גרון,עבדה,language,צכית,1
2026-07-30T17:33:46,62,אף אוזן גרון,עבדה,language,רוסית,1
2026-07-30T17:34:01,62,אף אוזן גרון,עדי,gender,גבר,66
2026-07-30T17:34:01,62,אף אוזן גרון,עדי,gender,אישה,13
2026-07-30T17:34:01,62,אף אוזן גרון,עדי,visit_type,ביקור במרפאה,82
2026-07-30T17:34:01,62,אף אוזן גרון,עדי,visit_type,שיחת טלפון,4
2026-07-30T17:34:01,62,אף אוזן גרון,עדי,language,איטלקית,1
2026-07-30T17:34:01,62,אף אוזן גרון,עדי,language,אנגלית,24
2026-07-30T17:34:01,62,אף אוזן גרון,עדי,language,גרמנית,4
2026-07-30T17:34:01,62,אף אוזן גרון,עדי,language,הונגרית,1
2026-07-30T17:34:01,62,אף אוזן גרון,עדי,language,ספרדית,1
2026-07-30T17:34:01,62,אף אוזן גרון,עדי,language,עברית,39
2026-07-30T17:34:01,62,אף אוזן גרון,עדי,language,ערבית,18
2026-07-30T17:34:01,62,אף אוזן גרון,עדי,language,רוסית,11
2026-07-30T17:34:16,62,אף אוזן גרון,עופר,gender,גבר,66
2026-07-30T17:34:16,62,אף אוזן גרון,עופר,gender,אישה,13
2026-07-30T17:34:16,62,אף אוזן גרון,עופר,visit_type,ביקור במרפאה,82
2026-07-30T17:34:16,62,אף אוזן גרון,עופר,visit_type,שיחת טלפון,4
2026-07-30T17:34:16,62,אף אוזן גרון,עופר,language,איטלקית,1
2026-07-30T17:34:16,62,אף אוזן גרון,עופר,language,אנגלית,24
2026-07-30T17:34:16,62,אף אוזן גרון,עופר,language,גרמנית,4
2026-07-30T17:34:16,62,אף אוזן גרון,עופר,language,הונגרית,1
2026-07-30T17:34:16,62,אף אוזן גרון,עופר,language,ספרדית,1
2026-07-30T17:34:16,62,אף אוזן גרון,עופר,language,עברית,39
2026-07-30T17:34:16,62,אף אוזן גרון,עופר,language,ערבית,18
2026-07-30T17:34:16,62,אף אוזן גרון,עופר,language,רוסית,11
2026-07-30T17:34:30,62,אף אוזן גרון,עזריקם,gender,גבר,21
2026-07-30T17:34:30,62,אף אוזן גרון,עזריקם,gender,אישה,2
2026-07-30T17:34:30,62,אף אוזן גרון,עזריקם,visit_type,ביקור במרפאה,27
2026-07-30T17:34:30,62,אף אוזן גרון,עזריקם,language,איטלקית,1
2026-07-30T17:34:30,62,אף אוזן גרון,עזריקם,language,אנגלית,8
2026-07-30T17:34:30,62,אף אוזן גרון,עזריקם,language,ספרדית,1
2026-07-30T17:34:30,62,אף אוזן גרון,עזריקם,language,עברית,10
2026-07-30T17:34:30,62,אף אוזן גרון,עזריקם,language,צרפתית,2
2026-07-30T17:34:30,62,אף אוזן גרון,עזריקם,language,רוסית,4
2026-07-30T17:34:36,62,אף אוזן גרון,עין א סולטאן מחנה פליטים,gender,גבר,36
2026-07-30T17:34:36,62,אף אוזן גרון,עין א סולטאן מחנה פליטים,gender,אישה,4
2026-07-30T17:34:36,62,אף אוזן גרון,עין א סולטאן מחנה פליטים,visit_type,ביקור במרפאה,41
2026-07-30T17:34:36,62,אף אוזן גרון,עין א סולטאן מחנה פליטים,language,אידיש,4
2026-07-30T17:34:36,62,אף אוזן גרון,עין א סולטאן מחנה פליטים,language,איטלקית,1
2026-07-30T17:34:36,62,אף אוזן גרון,עין א סולטאן מחנה פליטים,language,אנגלית,10
2026-07-30T17:34:36,62,אף אוזן גרון,עין א סולטאן מחנה פליטים,language,עברית,10
2026-07-30T17:34:36,62,אף אוזן גרון,עין א סולטאן מחנה פליטים,language,ערבית,4
2026-07-30T17:34:36,62,אף אוזן גרון,עין א סולטאן מחנה פליטים,language,רוסית,4
2026-07-30T17:34:44,62,אף אוזן גרון,עלמון,gender,גבר,36
2026-07-30T17:34:44,62,אף אוזן גרון,עלמון,gender,אישה,4
2026-07-30T17:34:44,62,אף אוזן גרון,עלמון,visit_type,ביקור במרפאה,41
2026-07-30T17:34:44,62,אף אוזן גרון,עלמון,language,אידיש,4
2026-07-30T17:34:44,62,אף אוזן גרון,עלמון,language,איטלקית,1
2026-07-30T17:34:44,62,אף אוזן גרון,עלמון,language,אנגלית,10
2026-07-30T17:34:44,62,אף אוזן גרון,עלמון,language,עברית,10
2026-07-30T17:34:44,62,אף אוזן גרון,עלמון,language,ערבית,4
2026-07-30T17:34:44,62,אף אוזן גרון,עלמון,language,רוסית,4
2026-07-30T17:34:52,62,אף אוזן גרון,עמקה,gender,גבר,35
2026-07-30T17:34:52,62,אף אוזן גרון,עמקה,gender,אישה,3
2026-07-30T17:34:52,62,אף אוזן גרון,עמקה,visit_type,ביקור במרפאה,38
2026-07-30T17:34:52,62,אף אוזן גרון,עמקה,visit_type,שיחת טלפון,1
2026-07-30T17:34:52,62,אף אוזן גרון,עמקה,language,איטלקית,5
2026-07-30T17:34:52,62,אף אוזן גרון,עמקה,language,אנגלית,29
2026-07-30T17:34:52,62,אף אוזן גרון,עמקה,language,גרמנית,2
2026-07-30T17:34:52,62,אף אוזן גרון,עמקה,language,הולנדית,1
2026-07-30T17:34:52,62,אף אוזן גרון,עמקה,language,ספרדית,1
2026-07-30T17:34:52,62,אף אוזן גרון,עמקה,language,עברית,38
2026-07-30T17:34:52,62,אף אוזן גרון,עמקה,language,ערבית,34
2026-07-30T17:34:52,62,אף אוזן גרון,עמקה,language,צרפתית,1
2026-07-30T17:34:52,62,אף אוזן גרון,עמקה,language,רומנית,7
2026-07-30T17:34:52,62,אף אוזן גרון,עמקה,language,רוסית,5
2026-07-30T17:34:59,62,אף אוזן גרון,עפרה,gender,גבר,36
2026-07-30T17:34:59,62,אף אוזן גרון,עפרה,gender,אישה,4
2026-07-30T17:34:59,62,אף אוזן גרון,עפרה,visit_type,ביקור במרפאה,41
2026-07-30T17:34:59,62,אף אוזן גרון,עפרה,language,אידיש,4
2026-07-30T17:34:59,62,אף אוזן גרון,עפרה,language,איטלקית,1
2026-07-30T17:34:59,62,אף אוזן גרון,עפרה,language,אנגלית,10
2026-07-30T17:34:59,62,אף אוזן גרון,עפרה,language,עברית,10
2026-07-30T17:34:59,62,אף אוזן גרון,עפרה,language,ערבית,4
2026-07-30T17:34:59,62,אף אוזן גרון,עפרה,language,רוסית,4
2026-07-30T17:35:07,62,אף אוזן גרון,ערבונה,gender,גבר,48
2026-07-30T17:35:07,62,אף אוזן גרון,ערבונה,gender,אישה,14
2026-07-30T17:35:07,62,אף אוזן גרון,ערבונה,visit_type,ביקור במרפאה,67
2026-07-30T17:35:07,62,אף אוזן גרון,ערבונה,visit_type,שיחת טלפון,1
2026-07-30T17:35:07,62,אף אוזן גרון,ערבונה,language,אוקראינית,1
2026-07-30T17:35:07,62,אף אוזן גרון,ערבונה,language,אידיש,4
2026-07-30T17:35:07,62,אף אוזן גרון,ערבונה,language,איטלקית,1
2026-07-30T17:35:07,62,אף אוזן גרון,ערבונה,language,אנגלית,12
2026-07-30T17:35:07,62,אף אוזן גרון,ערבונה,language,גרמנית,1
2026-07-30T17:35:07,62,אף אוזן גרון,ערבונה,language,עברית,16
2026-07-30T17:35:07,62,אף אוזן גרון,ערבונה,language,ערבית,3
2026-07-30T17:35:07,62,אף אוזן גרון,ערבונה,language,רומנית,2
2026-07-30T17:35:07,62,אף אוזן גרון,ערבונה,language,רוסית,6
2026-07-30T17:35:20,62,אף אוזן גרון,פארן,gender,גבר,38
2026-07-30T17:35:20,62,אף אוזן גרון,פארן,gender,אישה,6
2026-07-30T17:35:20,62,אף אוזן גרון,פארן,visit_type,ביקור במרפאה,47
2026-07-30T17:35:20,62,אף אוזן גרון,פארן,language,אוקראינית,1
2026-07-30T17:35:20,62,אף אוזן גרון,פארן,language,אידיש,3
2026-07-30T17:35:20,62,אף אוזן גרון,פארן,language,אנגלית,3
2026-07-30T17:35:20,62,אף אוזן גרון,פארן,language,הונגרית,1
2026-07-30T17:35:20,62,אף אוזן גרון,פארן,language,ספרדית,3
2026-07-30T17:35:20,62,אף אוזן גרון,פארן,language,עברית,10
2026-07-30T17:35:20,62,אף אוזן גרון,פארן,language,ערבית,4
2026-07-30T17:35:20,62,אף אוזן גרון,פארן,language,צכית,1
2026-07-30T17:35:20,62,אף אוזן גרון,פארן,language,רוסית,1
2026-07-30T17:35:32,62,אף אוזן גרון,פוריה כפר עבודה,gender,גבר,54
2026-07-30T17:35:32,62,אף אוזן גרון,פוריה כפר עבודה,gender,אישה,5
2026-07-30T17:35:32,62,אף אוזן גרון,פוריה כפר עבודה,visit_type,ביקור במרפאה,59
2026-07-30T17:35:32,62,אף אוזן גרון,פוריה כפר עבודה,language,אנגלית,11
2026-07-30T17:35:32,62,אף אוזן גרון,פוריה כפר עבודה,language,עברית,14
2026-07-30T17:35:32,62,אף אוזן גרון,פוריה כפר עבודה,language,ערבית,14
2026-07-30T17:35:32,62,אף אוזן גרון,פוריה כפר עבודה,language,רוסית,2
2026-07-30T17:35:43,62,אף אוזן גרון,פנדקומיה,gender,גבר,48
2026-07-30T17:35:43,62,אף אוזן גרון,פנדקומיה,gender,אישה,14
2026-07-30T17:35:43,62,אף אוזן גרון,פנדקומיה,visit_type,ביקור במרפאה,67
2026-07-30T17:35:43,62,אף אוזן גרון,פנדקומיה,visit_type,שיחת טלפון,1
2026-07-30T17:35:43,62,אף אוזן גרון,פנדקומיה,language,אוקראינית,1
2026-07-30T17:35:43,62,אף אוזן גרון,פנדקומיה,language,אידיש,4
2026-07-30T17:35:43,62,אף אוזן גרון,פנדקומיה,language,איטלקית,1
2026-07-30T17:35:43,62,אף אוזן גרון,פנדקומיה,language,אנגלית,12
2026-07-30T17:35:43,62,אף אוזן גרון,פנדקומיה,language,גרמנית,1
2026-07-30T17:35:43,62,אף אוזן גרון,פנדקומיה,language,עברית,16
2026-07-30T17:35:43,62,אף אוזן גרון,פנדקומיה,language,ערבית,3
2026-07-30T17:35:43,62,אף אוזן גרון,פנדקומיה,language,רומנית,2
2026-07-30T17:35:43,62,אף אוזן גרון,פנדקומיה,language,רוסית,6
2026-07-30T17:35:56,62,אף אוזן גרון,פרדס חנה כרכור,gender,גבר,67
2026-07-30T17:35:56,62,אף אוזן גרון,פרדס חנה כרכור,gender,אישה,20
2026-07-30T17:35:56,62,אף אוזן גרון,פרדס חנה כרכור,visit_type,ביקור במרפאה,92
2026-07-30T17:35:56,62,אף אוזן גרון,פרדס חנה כרכור,visit_type,שיחת טלפון,1
2026-07-30T17:35:56,62,אף אוזן גרון,פרדס חנה כרכור,language,אוקראינית,1
2026-07-30T17:35:56,62,אף אוזן גרון,פרדס חנה כרכור,language,אידיש,4
2026-07-30T17:35:56,62,אף אוזן גרון,פרדס חנה כרכור,language,איטלקית,1
2026-07-30T17:35:56,62,אף אוזן גרון,פרדס חנה כרכור,language,אנגלית,19
2026-07-30T17:35:56,62,אף אוזן גרון,פרדס חנה כרכור,language,גרמנית,1
2026-07-30T17:35:56,62,אף אוזן גרון,פרדס חנה כרכור,language,ספרדית,1
2026-07-30T17:35:56,62,אף אוזן גרון,פרדס חנה כרכור,language,עברית,26
2026-07-30T17:35:56,62,אף אוזן גרון,פרדס חנה כרכור,language,ערבית,9
2026-07-30T17:35:56,62,אף אוזן גרון,פרדס חנה כרכור,language,רומנית,2
2026-07-30T17:35:56,62,אף אוזן גרון,פרדס חנה כרכור,language,רוסית,9
2026-07-30T17:36:14,62,אף אוזן גרון,צאלים,gender,גבר,32
2026-07-30T17:36:14,62,אף אוזן גרון,צאלים,gender,אישה,3
2026-07-30T17:36:14,62,אף אוזן גרון,צאלים,visit_type,ביקור במרפאה,41
2026-07-30T17:36:14,62,אף אוזן גרון,צאלים,language,אוקראינית,1
2026-07-30T17:36:14,62,אף אוזן גרון,צאלים,language,אנגלית,3
2026-07-30T17:36:14,62,אף אוזן גרון,צאלים,language,הונגרית,1
2026-07-30T17:36:14,62,אף אוזן גרון,צאלים,language,עברית,4
2026-07-30T17:36:14,62,אף אוזן גרון,צאלים,language,ערבית,1
2026-07-30T17:36:14,62,אף אוזן גרון,צאלים,language,צכית,1
2026-07-30T17:36:14,62,אף אוזן גרון,צאלים,language,רוסית,1
2026-07-30T17:36:25,62,אף אוזן גרון,צוקים,gender,גבר,38
2026-07-30T17:36:25,62,אף אוזן גרון,צוקים,gender,אישה,6
2026-07-30T17:36:25,62,אף אוזן גרון,צוקים,visit_type,ביקור במרפאה,47
2026-07-30T17:36:25,62,אף אוזן גרון,צוקים,language,אוקראינית,1
2026-07-30T17:36:25,62,אף אוזן גרון,צוקים,language,אידיש,3
2026-07-30T17:36:25,62,אף אוזן גרון,צוקים,language,אנגלית,3
2026-07-30T17:36:25,62,אף אוזן גרון,צוקים,language,הונגרית,1
2026-07-30T17:36:25,62,אף אוזן גרון,צוקים,language,ספרדית,3
2026-07-30T17:36:25,62,אף אוזן גרון,צוקים,language,עברית,10
2026-07-30T17:36:25,62,אף אוזן גרון,צוקים,language,ערבית,4
2026-07-30T17:36:25,62,אף אוזן גרון,צוקים,language,צכית,1
2026-07-30T17:36:25,62,אף אוזן גרון,צוקים,language,רוסית,1
2026-07-30T17:36:35,62,אף אוזן גרון,צרעה,gender,גבר,36
2026-07-30T17:36:35,62,אף אוזן גרון,צרעה,gender,אישה,4
2026-07-30T17:36:35,62,אף אוזן גרון,צרעה,visit_type,ביקור במרפאה,41
2026-07-30T17:36:35,62,אף אוזן גרון,צרעה,language,אידיש,4
2026-07-30T17:36:35,62,אף אוזן גרון,צרעה,language,איטלקית,1
2026-07-30T17:36:35,62,אף אוזן גרון,צרעה,language,אנגלית,10
2026-07-30T17:36:35,62,אף אוזן גרון,צרעה,language,עברית,10
2026-07-30T17:36:35,62,אף אוזן גרון,צרעה,language,ערבית,4
2026-07-30T17:36:35,62,אף אוזן גרון,צרעה,language,רוסית,4
2026-07-30T17:36:43,62,אף אוזן גרון,קדר,gender,גבר,36
2026-07-30T17:36:43,62,אף אוזן גרון,קדר,gender,אישה,4
2026-07-30T17:36:43,62,אף אוזן גרון,קדר,visit_type,ביקור במרפאה,41
2026-07-30T17:36:43,62,אף אוזן גרון,קדר,language,אידיש,4
2026-07-30T17:36:43,62,אף אוזן גרון,קדר,language,איטלקית,1
2026-07-30T17:36:43,62,אף אוזן גרון,קדר,language,אנגלית,10
2026-07-30T17:36:43,62,אף אוזן גרון,קדר,language,עברית,10
2026-07-30T17:36:43,62,אף אוזן גרון,קדר,language,ערבית,4
2026-07-30T17:36:43,62,אף אוזן גרון,קדר,language,רוסית,4
2026-07-30T17:36:51,62,אף אוזן גרון,קטורה,gender,גבר,1
2026-07-30T17:36:51,62,אף אוזן גרון,קטורה,visit_type,ביקור במרפאה,4
2026-07-30T17:36:51,62,אף אוזן גרון,קטורה,language,אנגלית,1
2026-07-30T17:36:51,62,אף אוזן גרון,קטורה,language,עברית,1
2026-07-30T17:36:51,62,אף אוזן גרון,קטורה,language,פרסית,1
2026-07-30T17:36:51,62,אף אוזן גרון,קטורה,language,צרפתית,1
2026-07-30T17:36:53,62,אף אוזן גרון,קלקיליה,gender,גבר,48
2026-07-30T17:36:53,62,אף אוזן גרון,קלקיליה,gender,אישה,14
2026-07-30T17:36:53,62,אף אוזן גרון,קלקיליה,visit_type,ביקור במרפאה,67
2026-07-30T17:36:53,62,אף אוזן גרון,קלקיליה,visit_type,שיחת טלפון,1
2026-07-30T17:36:53,62,אף אוזן גרון,קלקיליה,language,אוקראינית,1
2026-07-30T17:36:53,62,אף אוזן גרון,קלקיליה,language,אידיש,4
2026-07-30T17:36:53,62,אף אוזן גרון,קלקיליה,language,איטלקית,1
2026-07-30T17:36:53,62,אף אוזן גרון,קלקיליה,language,אנגלית,12
2026-07-30T17:36:53,62,אף אוזן גרון,קלקיליה,language,גרמנית,1
2026-07-30T17:36:53,62,אף אוזן גרון,קלקיליה,language,עברית,16
2026-07-30T17:36:53,62,אף אוזן גרון,קלקיליה,language,ערבית,3
2026-07-30T17:36:53,62,אף אוזן גרון,קלקיליה,language,רומנית,2
2026-07-30T17:36:53,62,אף אוזן גרון,קלקיליה,language,רוסית,6
2026-07-30T17:37:05,62,אף אוזן גרון,קרית אתא,gender,גבר,47
2026-07-30T17:37:05,62,אף אוזן גרון,קרית אתא,gender,אישה,12
2026-07-30T17:37:05,62,אף אוזן גרון,קרית אתא,visit_type,ביקור במרפאה,61
2026-07-30T17:37:05,62,אף אוזן גרון,קרית אתא,visit_type,שיחת טלפון,5
2026-07-30T17:37:05,62,אף אוזן גרון,קרית אתא,language,איטלקית,3
2026-07-30T17:37:05,62,אף אוזן גרון,קרית אתא,language,אנגלית,37
2026-07-30T17:37:05,62,אף אוזן גרון,קרית אתא,language,גרמנית,6
2026-07-30T17:37:05,62,אף אוזן גרון,קרית אתא,language,הולנדית,1
2026-07-30T17:37:05,62,אף אוזן גרון,קרית אתא,language,הונגרית,1
2026-07-30T17:37:05,62,אף אוזן גרון,קרית אתא,language,ספרדית,2
2026-07-30T17:37:05,62,אף אוזן גרון,קרית אתא,language,עברית,60
2026-07-30T17:37:05,62,אף אוזן גרון,קרית אתא,language,ערבית,37
2026-07-30T17:37:05,62,אף אוזן גרון,קרית אתא,language,צרפתית,1
2026-07-30T17:37:05,62,אף אוזן גרון,קרית אתא,language,רומנית,1
2026-07-30T17:37:05,62,אף אוזן גרון,קרית אתא,language,רוסית,13
2026-07-30T17:37:16,62,אף אוזן גרון,ראס אל עין,gender,גבר,47
2026-07-30T17:37:16,62,אף אוזן גרון,ראס אל עין,gender,אישה,8
2026-07-30T17:37:16,62,אף אוזן גרון,ראס אל עין,visit_type,ביקור במרפאה,55
2026-07-30T17:37:16,62,אף אוזן גרון,ראס אל עין,visit_type,שיחת טלפון,2
2026-07-30T17:37:16,62,אף אוזן גרון,ראס אל עין,language,איטלקית,5
2026-07-30T17:37:16,62,אף אוזן גרון,ראס אל עין,language,אנגלית,40
2026-07-30T17:37:16,62,אף אוזן גרון,ראס אל עין,language,גרמנית,4
2026-07-30T17:37:16,62,אף אוזן גרון,ראס אל עין,language,הולנדית,1
2026-07-30T17:37:16,62,אף אוזן גרון,ראס אל עין,language,הונגרית,1
2026-07-30T17:37:16,62,אף אוזן גרון,ראס אל עין,language,ספרדית,1
2026-07-30T17:37:16,62,אף אוזן גרון,ראס אל עין,language,עברית,55
2026-07-30T17:37:16,62,אף אוזן גרון,ראס אל עין,language,ערבית,40
2026-07-30T17:37:16,62,אף אוזן גרון,ראס אל עין,language,צרפתית,1
2026-07-30T17:37:16,62,אף אוזן גרון,ראס אל עין,language,רומנית,7
2026-07-30T17:37:16,62,אף אוזן גרון,ראס אל עין,language,רוסית,10
2026-07-30T17:37:26,62,אף אוזן גרון,רגבה,gender,גבר,35
2026-07-30T17:37:26,62,אף אוזן גרון,רגבה,gender,אישה,3
2026-07-30T17:37:26,62,אף אוזן גרון,רגבה,visit_type,ביקור במרפאה,38
2026-07-30T17:37:26,62,אף אוזן גרון,רגבה,visit_type,שיחת טלפון,1
2026-07-30T17:37:26,62,אף אוזן גרון,רגבה,language,איטלקית,5
2026-07-30T17:37:26,62,אף אוזן גרון,רגבה,language,אנגלית,29
2026-07-30T17:37:26,62,אף אוזן גרון,רגבה,language,גרמנית,2
2026-07-30T17:37:26,62,אף אוזן גרון,רגבה,language,הולנדית,1
2026-07-30T17:37:26,62,אף אוזן גרון,רגבה,language,ספרדית,1
2026-07-30T17:37:26,62,אף אוזן גרון,רגבה,language,עברית,38
2026-07-30T17:37:26,62,אף אוזן גרון,רגבה,language,ערבית,34
2026-07-30T17:37:26,62,אף אוזן גרון,רגבה,language,צרפתית,1
2026-07-30T17:37:26,62,אף אוזן גרון,רגבה,language,רומנית,7
2026-07-30T17:37:26,62,אף אוזן גרון,רגבה,language,רוסית,5
2026-07-30T17:37:33,62,אף אוזן גרון,רומת היב,gender,גבר,54
2026-07-30T17:37:33,62,אף אוזן גרון,רומת היב,gender,אישה,5
2026-07-30T17:37:33,62,אף אוזן גרון,רומת היב,visit_type,ביקור במרפאה,59
2026-07-30T17:37:33,62,אף אוזן גרון,רומת היב,language,אנגלית,11
2026-07-30T17:37:33,62,אף אוזן גרון,רומת היב,language,עברית,14
2026-07-30T17:37:33,62,אף אוזן גרון,רומת היב,language,ערבית,14
2026-07-30T17:37:33,62,אף אוזן גרון,רומת היב,language,רוסית,2
2026-07-30T17:37:43,62,אף אוזן גרון,רינתיה,gender,גבר,34
2026-07-30T17:37:43,62,אף אוזן גרון,רינתיה,gender,אישה,20
2026-07-30T17:37:43,62,אף אוזן גרון,רינתיה,visit_type,ביקור במרפאה,59
2026-07-30T17:37:43,62,אף אוזן גרון,רינתיה,visit_type,שיחת טלפון,1
2026-07-30T17:37:43,62,אף אוזן גרון,רינתיה,language,אוקראינית,1
2026-07-30T17:37:43,62,אף אוזן גרון,רינתיה,language,אידיש,1
2026-07-30T17:37:43,62,אף אוזן גרון,רינתיה,language,איטלקית,1
2026-07-30T17:37:43,62,אף אוזן גרון,רינתיה,language,אנגלית,18
2026-07-30T17:37:43,62,אף אוזן גרון,רינתיה,language,גרמנית,1
2026-07-30T17:37:43,62,אף אוזן גרון,רינתיה,language,ספרדית,2
2026-07-30T17:37:43,62,אף אוזן גרון,רינתיה,language,עברית,44
2026-07-30T17:37:43,62,אף אוזן גרון,רינתיה,language,ערבית,3
2026-07-30T17:37:43,62,אף אוזן גרון,רינתיה,language,רומנית,1
2026-07-30T17:37:43,62,אף אוזן גרון,רינתיה,language,רוסית,11
2026-07-30T17:37:55,62,אף אוזן גרון,רמלה,gender,גבר,22
2026-07-30T17:37:55,62,אף אוזן גרון,רמלה,gender,אישה,1
2026-07-30T17:37:55,62,אף אוזן גרון,רמלה,visit_type,ביקור במרפאה,32
2026-07-30T17:37:55,62,אף אוזן גרון,רמלה,language,איטלקית,1
2026-07-30T17:37:55,62,אף אוזן גרון,רמלה,language,אנגלית,9
2026-07-30T17:37:55,62,אף אוזן גרון,רמלה,language,עברית,14
2026-07-30T17:37:55,62,אף אוזן גרון,רמלה,language,ערבית,2
2026-07-30T17:37:55,62,אף אוזן גרון,רמלה,language,צרפתית,1
2026-07-30T17:37:55,62,אף אוזן גרון,רמלה,language,רוסית,4
2026-07-30T17:38:02,62,אף אוזן גרון,רשפון,gender,גבר,67
2026-07-30T17:38:02,62,אף אוזן גרון,רשפון,gender,אישה,18
2026-07-30T17:38:02,62,אף אוזן גרון,רשפון,visit_type,ביקור במרפאה,91
2026-07-30T17:38:02,62,אף אוזן גרון,רשפון,visit_type,שיחת טלפון,1
2026-07-30T17:38:02,62,אף אוזן גרון,רשפון,language,אוקראינית,1
2026-07-30T17:38:02,62,אף אוזן גרון,רשפון,language,אידיש,4
2026-07-30T17:38:02,62,אף אוזן גרון,רשפון,language,איטלקית,1
2026-07-30T17:38:02,62,אף אוזן גרון,רשפון,language,אנגלית,24
2026-07-30T17:38:02,62,אף אוזן גרון,רשפון,language,גרמנית,2
2026-07-30T17:38:02,62,אף אוזן גרון,רשפון,language,ספרדית,1
2026-07-30T17:38:02,62,אף אוזן גרון,רשפון,language,עברית,35
2026-07-30T17:38:02,62,אף אוזן גרון,רשפון,language,ערבית,6
2026-07-30T17:38:02,62,אף אוזן גרון,רשפון,language,צרפתית,1
2026-07-30T17:38:02,62,אף אוזן גרון,רשפון,language,רומנית,2
2026-07-30T17:38:02,62,אף אוזן גרון,רשפון,language,רוסית,10
2026-07-30T17:38:20,62,אף אוזן גרון,שדה אליהו,gender,גבר,86
2026-07-30T17:38:20,62,אף אוזן גרון,שדה אליהו,gender,אישה,8
2026-07-30T17:38:20,62,אף אוזן גרון,שדה אליהו,visit_type,ביקור במרפאה,95
2026-07-30T17:38:20,62,אף אוזן גרון,שדה אליהו,language,אנגלית,17
2026-07-30T17:38:20,62,אף אוזן גרון,שדה אליהו,language,ספרדית,1
2026-07-30T17:38:20,62,אף אוזן גרון,שדה אליהו,language,עברית,23
2026-07-30T17:38:20,62,אף אוזן גרון,שדה אליהו,language,ערבית,19
2026-07-30T17:38:20,62,אף אוזן גרון,שדה אליהו,language,רוסית,5
2026-07-30T17:38:39,62,אף אוזן גרון,שובה,gender,גבר,50
2026-07-30T17:38:39,62,אף אוזן גרון,שובה,gender,אישה,7
2026-07-30T17:38:39,62,אף אוזן גרון,שובה,visit_type,ביקור במרפאה,63
2026-07-30T17:38:39,62,אף אוזן גרון,שובה,language,אוקראינית,1
2026-07-30T17:38:39,62,אף אוזן גרון,שובה,language,אידיש,3
2026-07-30T17:38:39,62,אף אוזן גרון,שובה,language,אנגלית,3
2026-07-30T17:38:39,62,אף אוזן גרון,שובה,language,הונגרית,1
2026-07-30T17:38:39,62,אף אוזן גרון,שובה,language,ספרדית,3
2026-07-30T17:38:39,62,אף אוזן גרון,שובה,language,עברית,11
2026-07-30T17:38:39,62,אף אוזן גרון,שובה,language,ערבית,5
2026-07-30T17:38:39,62,אף אוזן גרון,שובה,language,צכית,1
2026-07-30T17:38:39,62,אף אוזן גרון,שובה,language,רוסית,1
2026-07-30T17:38:54,62,אף אוזן גרון,שחר,gender,גבר,32
2026-07-30T17:38:54,62,אף אוזן גרון,שחר,gender,אישה,3
2026-07-30T17:38:54,62,אף אוזן גרון,שחר,visit_type,ביקור במרפאה,41
2026-07-30T17:38:54,62,אף אוזן גרון,שחר,language,אוקראינית,1
2026-07-30T17:38:54,62,אף אוזן גרון,שחר,language,אנגלית,3
2026-07-30T17:38:54,62,אף אוזן גרון,שחר,language,הונגרית,1
2026-07-30T17:38:54,62,אף אוזן גרון,שחר,language,עברית,4
2026-07-30T17:38:54,62,אף אוזן גרון,שחר,language,ערבית,1
2026-07-30T17:38:54,62,אף אוזן גרון,שחר,language,צכית,1
2026-07-30T17:38:54,62,אף אוזן גרון,שחר,language,רוסית,1
2026-07-30T17:39:04,62,אף אוזן גרון,שכם,gender,גבר,48
2026-07-30T17:39:04,62,אף אוזן גרון,שכם,gender,אישה,14
2026-07-30T17:39:04,62,אף אוזן גרון,שכם,visit_type,ביקור במרפאה,67
2026-07-30T17:39:04,62,אף אוזן גרון,שכם,visit_type,שיחת טלפון,1
2026-07-30T17:39:04,62,אף אוזן גרון,שכם,language,אוקראינית,1
2026-07-30T17:39:04,62,אף אוזן גרון,שכם,language,אידיש,4
2026-07-30T17:39:04,62,אף אוזן גרון,שכם,language,איטלקית,1
2026-07-30T17:39:04,62,אף אוזן גרון,שכם,language,אנגלית,12
2026-07-30T17:39:04,62,אף אוזן גרון,שכם,language,גרמנית,1
2026-07-30T17:39:04,62,אף אוזן גרון,שכם,language,עברית,16
2026-07-30T17:39:04,62,אף אוזן גרון,שכם,language,ערבית,3
2026-07-30T17:39:04,62,אף אוזן גרון,שכם,language,רומנית,2
2026-07-30T17:39:04,62,אף אוזן גרון,שכם,language,רוסית,6
2026-07-30T17:39:16,62,אף אוזן גרון,שמרת,gender,גבר,35
2026-07-30T17:39:16,62,אף אוזן גרון,שמרת,gender,אישה,3
2026-07-30T17:39:16,62,אף אוזן גרון,שמרת,visit_type,ביקור במרפאה,38
2026-07-30T17:39:16,62,אף אוזן גרון,שמרת,visit_type,שיחת טלפון,1
2026-07-30T17:39:16,62,אף אוזן גרון,שמרת,language,איטלקית,5
2026-07-30T17:39:16,62,אף אוזן גרון,שמרת,language,אנגלית,29
2026-07-30T17:39:16,62,אף אוזן גרון,שמרת,language,גרמנית,2
2026-07-30T17:39:16,62,אף אוזן גרון,שמרת,language,הולנדית,1
2026-07-30T17:39:16,62,אף אוזן גרון,שמרת,language,ספרדית,1
2026-07-30T17:39:16,62,אף אוזן גרון,שמרת,language,עברית,38
2026-07-30T17:39:16,62,אף אוזן גרון,שמרת,language,ערבית,34
2026-07-30T17:39:16,62,אף אוזן גרון,שמרת,language,צרפתית,1
2026-07-30T17:39:16,62,אף אוזן גרון,שמרת,language,רומנית,7
2026-07-30T17:39:16,62,אף אוזן גרון,שמרת,language,רוסית,5
2026-07-30T17:39:24,62,אף אוזן גרון,שער מנשה,gender,גבר,48
2026-07-30T17:39:24,62,אף אוזן גרון,שער מנשה,gender,אישה,14
2026-07-30T17:39:24,62,אף אוזן גרון,שער מנשה,visit_type,ביקור במרפאה,67
2026-07-30T17:39:24,62,אף אוזן גרון,שער מנשה,visit_type,שיחת טלפון,1
2026-07-30T17:39:24,62,אף אוזן גרון,שער מנשה,language,אוקראינית,1
2026-07-30T17:39:24,62,אף אוזן גרון,שער מנשה,language,אידיש,4
2026-07-30T17:39:24,62,אף אוזן גרון,שער מנשה,language,איטלקית,1
2026-07-30T17:39:24,62,אף אוזן גרון,שער מנשה,language,אנגלית,12
2026-07-30T17:39:24,62,אף אוזן גרון,שער מנשה,language,גרמנית,1
2026-07-30T17:39:24,62,אף אוזן גרון,שער מנשה,language,עברית,16
2026-07-30T17:39:24,62,אף אוזן גרון,שער מנשה,language,ערבית,3
2026-07-30T17:39:24,62,אף אוזן גרון,שער מנשה,language,רומנית,2
2026-07-30T17:39:24,62,אף אוזן גרון,שער מנשה,language,רוסית,6
2026-07-30T17:39:38,62,אף אוזן גרון,שריד,gender,גבר,86
2026-07-30T17:39:38,62,אף אוזן גרון,שריד,gender,אישה,8
2026-07-30T17:39:38,62,אף אוזן גרון,שריד,visit_type,ביקור במרפאה,95
2026-07-30T17:39:38,62,אף אוזן גרון,שריד,language,אנגלית,17
2026-07-30T17:39:38,62,אף אוזן גרון,שריד,language,ספרדית,1
2026-07-30T17:39:38,62,אף אוזן גרון,שריד,language,עברית,23
2026-07-30T17:39:38,62,אף אוזן גרון,שריד,language,ערבית,19
2026-07-30T17:39:38,62,אף אוזן גרון,שריד,language,רוסית,5
2026-07-30T17:39:57,62,אף אוזן גרון,תושיה,gender,גבר,50
2026-07-30T17:39:57,62,אף אוזן גרון,תושיה,gender,אישה,7
2026-07-30T17:39:57,62,אף אוזן גרון,תושיה,visit_type,ביקור במרפאה,63
2026-07-30T17:39:57,62,אף אוזן גרון,תושיה,language,אוקראינית,1
2026-07-30T17:39:57,62,אף אוזן גרון,תושיה,language,אידיש,3
2026-07-30T17:39:57,62,אף אוזן גרון,תושיה,language,אנגלית,3
2026-07-30T17:39:57,62,אף אוזן גרון,תושיה,language,הונגרית,1
2026-07-30T17:39:57,62,אף אוזן גרון,תושיה,language,ספרדית,3
2026-07-30T17:39:57,62,אף אוזן גרון,תושיה,language,עברית,11
2026-07-30T17:39:57,62,אף אוזן גרון,תושיה,language,ערבית,5
2026-07-30T17:39:57,62,אף אוזן גרון,תושיה,language,צכית,1
2026-07-30T17:39:57,62,אף אוזן גרון,תושיה,language,רוסית,1
2026-07-30T17:40:13,62,אף אוזן גרון,תל יצחק,gender,גבר,48
2026-07-30T17:40:13,62,אף אוזן גרון,תל יצחק,gender,אישה,14
2026-07-30T17:40:13,62,אף אוזן גרון,תל יצחק,visit_type,ביקור במרפאה,67
2026-07-30T17:40:13,62,אף אוזן גרון,תל יצחק,visit_type,שיחת טלפון,1
2026-07-30T17:40:13,62,אף אוזן גרון,תל יצחק,language,אוקראינית,1
2026-07-30T17:40:13,62,אף אוזן גרון,תל יצחק,language,אידיש,4
2026-07-30T17:40:13,62,אף אוזן גרון,תל יצחק,language,איטלקית,1
2026-07-30T17:40:13,62,אף אוזן גרון,תל יצחק,language,אנגלית,12
2026-07-30T17:40:13,62,אף אוזן גרון,תל יצחק,language,גרמנית,1
2026-07-30T17:40:13,62,אף אוזן גרון,תל יצחק,language,עברית,16
2026-07-30T17:40:13,62,אף אוזן גרון,תל יצחק,language,ערבית,3
2026-07-30T17:40:13,62,אף אוזן גרון,תל יצחק,language,רומנית,2
2026-07-30T17:40:13,62,אף אוזן גרון,תל יצחק,language,רוסית,6
2026-07-30T17:40:25,62,אף אוזן גרון,תעשיון חצב,gender,גבר,26
2026-07-30T17:40:25,62,אף אוזן גרון,תעשיון חצב,gender,אישה,10
2026-07-30T17:40:25,62,אף אוזן גרון,תעשיון חצב,visit_type,ביקור במרפאה,38
2026-07-30T17:40:25,62,אף אוזן גרון,תעשיון חצב,visit_type,שיחת טלפון,1
2026-07-30T17:40:25,62,אף אוזן גרון,תעשיון חצב,language,אנגלית,14
2026-07-30T17:40:25,62,אף אוזן גרון,תעשיון חצב,language,ספרדית,2
2026-07-30T17:40:25,62,אף אוזן גרון,תעשיון חצב,language,עברית,37
2026-07-30T17:40:25,62,אף אוזן גרון,תעשיון חצב,language,ערבית,2
2026-07-30T17:40:25,62,אף אוזן גרון,תעשיון חצב,language,רוסית,9
2026-07-30T17:40:34,62,אף אוזן גרון,תראבין א צאנה,gender,גבר,38
2026-07-30T17:40:34,62,אף אוזן גרון,תראבין א צאנה,gender,אישה,6
2026-07-30T17:40:34,62,אף אוזן גרון,תראבין א צאנה,visit_type,ביקור במרפאה,47
2026-07-30T17:40:34,62,אף אוזן גרון,תראבין א צאנה,language,אוקראינית,1
2026-07-30T17:40:34,62,אף אוזן גרון,תראבין א צאנה,language,אידיש,3
2026-07-30T17:40:34,62,אף אוזן גרון,תראבין א צאנה,language,אנגלית,3
2026-07-30T17:40:34,62,אף אוזן גרון,תראבין א צאנה,language,הונגרית,1
2026-07-30T17:40:34,62,אף אוזן גרון,תראבין א צאנה,language,ספרדית,3
2026-07-30T17:40:34,62,אף אוזן גרון,תראבין א צאנה,language,עברית,10
2026-07-30T17:40:34,62,אף אוזן גרון,תראבין א צאנה,language,ערבית,4
2026-07-30T17:40:34,62,אף אוזן גרון,תראבין א צאנה,language,צכית,1
2026-07-30T17:40:34,62,אף אוזן גרון,תראבין א צאנה,language,רוסית,1
2026-07-30T17:40:45,63,נשים,א שויוח,gender,גבר,47
2026-07-30T17:40:45,63,נשים,א שויוח,gender,אישה,79
2026-07-30T17:40:45,63,נשים,א שויוח,visit_type,ביקור במרפאה,131
2026-07-30T17:40:45,63,נשים,א שויוח,visit_type,שיחת טלפון,16
2026-07-30T17:40:45,63,נשים,א שויוח,visit_type,שיחת וידאו,1
2026-07-30T17:40:45,63,נשים,א שויוח,language,אידיש,2
2026-07-30T17:40:45,63,נשים,א שויוח,language,אנגלית,20
2026-07-30T17:40:45,63,נשים,א שויוח,language,עברית,24
2026-07-30T17:40:45,63,נשים,א שויוח,language,ערבית,3
2026-07-30T17:40:45,63,נשים,א שויוח,language,צרפתית,2
2026-07-30T17:40:45,63,נשים,א שויוח,language,רוסית,3
2026-07-30T17:41:07,63,נשים,אבו קורינאת,gender,גבר,43
2026-07-30T17:41:07,63,נשים,אבו קורינאת,gender,אישה,67
2026-07-30T17:41:07,63,נשים,אבו קורינאת,visit_type,ביקור במרפאה,112
2026-07-30T17:41:07,63,נשים,אבו קורינאת,language,אידיש,3
2026-07-30T17:41:07,63,נשים,אבו קורינאת,language,אנגלית,21
2026-07-30T17:41:07,63,נשים,אבו קורינאת,language,ליטאית,1
2026-07-30T17:41:07,63,נשים,אבו קורינאת,language,סינית,1
2026-07-30T17:41:07,63,נשים,אבו קורינאת,language,עברית,9
2026-07-30T17:41:07,63,נשים,אבו קורינאת,language,ערבית,4
2026-07-30T17:41:07,63,נשים,אבו קורינאת,language,רוסית,19
2026-07-30T17:41:27,63,נשים,אוהלו,gender,גבר,29
2026-07-30T17:41:27,63,נשים,אוהלו,gender,אישה,58
2026-07-30T17:41:27,63,נשים,אוהלו,visit_type,ביקור במרפאה,87
2026-07-30T17:41:27,63,נשים,אוהלו,language,אנגלית,9
2026-07-30T17:41:27,63,נשים,אוהלו,language,עברית,13
2026-07-30T17:41:27,63,נשים,אוהלו,language,ערבית,4
2026-07-30T17:41:27,63,נשים,אוהלו,language,רוסית,3
2026-07-30T17:41:44,63,נשים,אזור תעשייה נעמן,gender,גבר,47
2026-07-30T17:41:44,63,נשים,אזור תעשייה נעמן,gender,אישה,127
2026-07-30T17:41:44,63,נשים,אזור תעשייה נעמן,visit_type,ביקור במרפאה,175
2026-07-30T17:41:44,63,נשים,אזור תעשייה נעמן,visit_type,שיחת טלפון,2
2026-07-30T17:41:44,63,נשים,אזור תעשייה נעמן,language,אידיש,1
2026-07-30T17:41:44,63,נשים,אזור תעשייה נעמן,language,איטלקית,7
2026-07-30T17:41:44,63,נשים,אזור תעשייה נעמן,language,אנגלית,116
2026-07-30T17:41:44,63,נשים,אזור תעשייה נעמן,language,הונגרית,3
2026-07-30T17:41:44,63,נשים,אזור תעשייה נעמן,language,ספרדית,1
2026-07-30T17:41:44,63,נשים,אזור תעשייה נעמן,language,עברית,169
2026-07-30T17:41:44,63,נשים,אזור תעשייה נעמן,language,ערבית,98
2026-07-30T17:41:44,63,נשים,אזור תעשייה נעמן,language,צרפתית,5
2026-07-30T17:41:44,63,נשים,אזור תעשייה נעמן,language,רומנית,9
2026-07-30T17:41:44,63,נשים,אזור תעשייה נעמן,language,רוסית,34
2026-07-30T17:41:44,63,נשים,אזור תעשייה נעמן,language,שוודית,1
2026-07-30T17:42:07,63,נשים,איג'ניסיניא,gender,גבר,47
2026-07-30T17:42:07,63,נשים,איג'ניסיניא,gender,אישה,92
2026-07-30T17:42:07,63,נשים,איג'ניסיניא,visit_type,ביקור במרפאה,142
2026-07-30T17:42:07,63,נשים,איג'ניסיניא,visit_type,שיחת טלפון,2
2026-07-30T17:42:07,63,נשים,איג'ניסיניא,language,אידיש,1
2026-07-30T17:42:07,63,נשים,איג'ניסיניא,language,אנגלית,18
2026-07-30T17:42:07,63,נשים,איג'ניסיניא,language,גרמנית,1
2026-07-30T17:42:07,63,נשים,איג'ניסיניא,language,עברית,32
2026-07-30T17:42:07,63,נשים,איג'ניסיניא,language,ערבית,8
2026-07-30T17:42:07,63,נשים,איג'ניסיניא,language,צרפתית,2
2026-07-30T17:42:07,63,נשים,איג'ניסיניא,language,רומנית,2
2026-07-30T17:42:07,63,נשים,איג'ניסיניא,language,רוסית,11
2026-07-30T17:42:31,63,נשים,אל אסד,gender,גבר,43
2026-07-30T17:42:31,63,נשים,אל אסד,gender,אישה,67
2026-07-30T17:42:31,63,נשים,אל אסד,visit_type,ביקור במרפאה,112
2026-07-30T17:42:31,63,נשים,אל אסד,language,אידיש,3
2026-07-30T17:42:31,63,נשים,אל אסד,language,אנגלית,21
2026-07-30T17:42:31,63,נשים,אל אסד,language,ליטאית,1
2026-07-30T17:42:31,63,נשים,אל אסד,language,סינית,1
2026-07-30T17:42:31,63,נשים,אל אסד,language,עברית,9
2026-07-30T17:42:31,63,נשים,אל אסד,language,ערבית,4
2026-07-30T17:42:31,63,נשים,אל אסד,language,רוסית,19
2026-07-30T17:42:50,63,נשים,אמונים,gender,גבר,28
2026-07-30T17:42:50,63,נשים,אמונים,gender,אישה,31
2026-07-30T17:42:50,63,נשים,אמונים,visit_type,ביקור במרפאה,63
2026-07-30T17:42:50,63,נשים,אמונים,language,אוקראינית,2
2026-07-30T17:42:50,63,נשים,אמונים,language,איטלקית,1
2026-07-30T17:42:50,63,נשים,אמונים,language,אנגלית,13
2026-07-30T17:42:50,63,נשים,אמונים,language,גרוזינית,1
2026-07-30T17:42:50,63,נשים,אמונים,language,הונגרית,1
2026-07-30T17:42:50,63,נשים,אמונים,language,ספרדית,1
2026-07-30T17:42:50,63,נשים,אמונים,language,עברית,20
2026-07-30T17:42:50,63,נשים,אמונים,language,צרפתית,2
2026-07-30T17:42:50,63,נשים,אמונים,language,רוסית,10
2026-07-30T17:43:03,63,נשים,אפיקים,gender,גבר,29
2026-07-30T17:43:03,63,נשים,אפיקים,gender,אישה,58
2026-07-30T17:43:03,63,נשים,אפיקים,visit_type,ביקור במרפאה,87
2026-07-30T17:43:03,63,נשים,אפיקים,language,אנגלית,9
2026-07-30T17:43:03,63,נשים,אפיקים,language,עברית,13
2026-07-30T17:43:03,63,נשים,אפיקים,language,ערבית,4
2026-07-30T17:43:03,63,נשים,אפיקים,language,רוסית,3
2026-07-30T17:43:18,63,נשים,אשבל,gender,גבר,37
2026-07-30T17:43:18,63,נשים,אשבל,gender,אישה,82
2026-07-30T17:43:18,63,נשים,אשבל,visit_type,ביקור במרפאה,120
2026-07-30T17:43:18,63,נשים,אשבל,visit_type,שיחת טלפון,2
2026-07-30T17:43:18,63,נשים,אשבל,language,אידיש,1
2026-07-30T17:43:18,63,נשים,אשבל,language,איטלקית,4
2026-07-30T17:43:18,63,נשים,אשבל,language,אנגלית,75
2026-07-30T17:43:18,63,נשים,אשבל,language,ספרדית,1
2026-07-30T17:43:18,63,נשים,אשבל,language,עברית,115
2026-07-30T17:43:18,63,נשים,אשבל,language,ערבית,74
2026-07-30T17:43:18,63,נשים,אשבל,language,צרפתית,2
2026-07-30T17:43:18,63,נשים,אשבל,language,רומנית,6
2026-07-30T17:43:18,63,נשים,אשבל,language,רוסית,24
2026-07-30T17:43:18,63,נשים,אשבל,language,שוודית,1
2026-07-30T17:43:40,63,נשים,באקה א שרקיה,gender,גבר,47
2026-07-30T17:43:40,63,נשים,באקה א שרקיה,gender,אישה,92
2026-07-30T17:43:40,63,נשים,באקה א שרקיה,visit_type,ביקור במרפאה,142
2026-07-30T17:43:40,63,נשים,באקה א שרקיה,visit_type,שיחת טלפון,2
2026-07-30T17:43:40,63,נשים,באקה א שרקיה,language,אידיש,1
2026-07-30T17:43:40,63,נשים,באקה א שרקיה,language,אנגלית,18
2026-07-30T17:43:40,63,נשים,באקה א שרקיה,language,גרמנית,1
2026-07-30T17:43:40,63,נשים,באקה א שרקיה,language,עברית,32
2026-07-30T17:43:40,63,נשים,באקה א שרקיה,language,ערבית,8
2026-07-30T17:43:40,63,נשים,באקה א שרקיה,language,צרפתית,2
2026-07-30T17:43:40,63,נשים,באקה א שרקיה,language,רומנית,2
2026-07-30T17:43:40,63,נשים,באקה א שרקיה,language,רוסית,11
2026-07-30T17:44:03,63,נשים,בוסתן הגליל,gender,גבר,23
2026-07-30T17:44:03,63,נשים,בוסתן הגליל,gender,אישה,64
2026-07-30T17:44:03,63,נשים,בוסתן הגליל,visit_type,ביקור במרפאה,88
2026-07-30T17:44:03,63,נשים,בוסתן הגליל,visit_type,שיחת טלפון,2
2026-07-30T17:44:03,63,נשים,בוסתן הגליל,language,איטלקית,4
2026-07-30T17:44:03,63,נשים,בוסתן הגליל,language,אנגלית,56
2026-07-30T17:44:03,63,נשים,בוסתן הגליל,language,ספרדית,1
2026-07-30T17:44:03,63,נשים,בוסתן הגליל,language,עברית,85
2026-07-30T17:44:03,63,נשים,בוסתן הגליל,language,ערבית,64
2026-07-30T17:44:03,63,נשים,בוסתן הגליל,language,רומנית,4
2026-07-30T17:44:03,63,נשים,בוסתן הגליל,language,רוסית,15
2026-07-30T17:44:21,63,נשים,בחן,gender,גבר,47
2026-07-30T17:44:21,63,נשים,בחן,gender,אישה,92
2026-07-30T17:44:21,63,נשים,בחן,visit_type,ביקור במרפאה,142
2026-07-30T17:44:21,63,נשים,בחן,visit_type,שיחת טלפון,2
2026-07-30T17:44:21,63,נשים,בחן,language,אידיש,1
2026-07-30T17:44:21,63,נשים,בחן,language,אנגלית,18
2026-07-30T17:44:21,63,נשים,בחן,language,גרמנית,1
2026-07-30T17:44:21,63,נשים,בחן,language,עברית,32
2026-07-30T17:44:21,63,נשים,בחן,language,ערבית,8
2026-07-30T17:44:21,63,נשים,בחן,language,צרפתית,2
2026-07-30T17:44:21,63,נשים,בחן,language,רומנית,2
2026-07-30T17:44:21,63,נשים,בחן,language,רוסית,11
2026-07-30T17:44:44,63,נשים,ביר הדאג',gender,גבר,43
2026-07-30T17:44:44,63,נשים,ביר הדאג',gender,אישה,67
2026-07-30T17:44:44,63,נשים,ביר הדאג',visit_type,ביקור במרפאה,112
2026-07-30T17:44:44,63,נשים,ביר הדאג',language,אידיש,3
2026-07-30T17:44:44,63,נשים,ביר הדאג',language,אנגלית,21
2026-07-30T17:44:44,63,נשים,ביר הדאג',language,ליטאית,1
2026-07-30T17:44:44,63,נשים,ביר הדאג',language,סינית,1
2026-07-30T17:44:44,63,נשים,ביר הדאג',language,עברית,9
2026-07-30T17:44:44,63,נשים,ביר הדאג',language,ערבית,4
2026-07-30T17:44:44,63,נשים,ביר הדאג',language,רוסית,19
2026-07-30T17:45:06,63,נשים,בני נעים,gender,גבר,68
2026-07-30T17:45:06,63,נשים,בני נעים,gender,אישה,86
2026-07-30T17:45:06,63,נשים,בני נעים,visit_type,ביקור במרפאה,156
2026-07-30T17:45:06,63,נשים,בני נעים,visit_type,שיחת טלפון,1
2026-07-30T17:45:06,63,נשים,בני נעים,language,אידיש,4
2026-07-30T17:45:06,63,נשים,בני נעים,language,אנגלית,22
2026-07-30T17:45:06,63,נשים,בני נעים,language,גרמנית,1
2026-07-30T17:45:06,63,נשים,בני נעים,language,ליטאית,1
2026-07-30T17:45:06,63,נשים,בני נעים,language,סינית,1
2026-07-30T17:45:06,63,נשים,בני נעים,language,עברית,14
2026-07-30T17:45:06,63,נשים,בני נעים,language,ערבית,4
2026-07-30T17:45:06,63,נשים,בני נעים,language,רוסית,22
2026-07-30T17:45:29,63,נשים,בקעות,gender,גבר,47
2026-07-30T17:45:29,63,נשים,בקעות,gender,אישה,79
2026-07-30T17:45:29,63,נשים,בקעות,visit_type,ביקור במרפאה,131
2026-07-30T17:45:29,63,נשים,בקעות,visit_type,שיחת טלפון,16
2026-07-30T17:45:29,63,נשים,בקעות,visit_type,שיחת וידאו,1
2026-07-30T17:45:29,63,נשים,בקעות,language,אידיש,2
2026-07-30T17:45:29,63,נשים,בקעות,language,אנגלית,20
2026-07-30T17:45:29,63,נשים,בקעות,language,עברית,24
2026-07-30T17:45:29,63,נשים,בקעות,language,ערבית,3
2026-07-30T17:45:29,63,נשים,בקעות,language,צרפתית,2
2026-07-30T17:45:29,63,נשים,בקעות,language,רוסית,3
2026-07-30T17:45:50,63,נשים,ברעם,gender,גבר,29
2026-07-30T17:45:50,63,נשים,ברעם,gender,אישה,58
2026-07-30T17:45:50,63,נשים,ברעם,visit_type,ביקור במרפאה,87
2026-07-30T17:45:50,63,נשים,ברעם,language,אנגלית,9
2026-07-30T17:45:50,63,נשים,ברעם,language,עברית,13
2026-07-30T17:45:50,63,נשים,ברעם,language,ערבית,4
2026-07-30T17:45:50,63,נשים,ברעם,language,רוסית,3
2026-07-30T17:46:06,63,נשים,ג'באליה,gender,גבר,68
2026-07-30T17:46:06,63,נשים,ג'באליה,gender,אישה,86
2026-07-30T17:46:06,63,נשים,ג'באליה,visit_type,ביקור במרפאה,156
2026-07-30T17:46:06,63,נשים,ג'באליה,visit_type,שיחת טלפון,1
2026-07-30T17:46:06,63,נשים,ג'באליה,language,אידיש,4
2026-07-30T17:46:06,63,נשים,ג'באליה,language,אנגלית,22
2026-07-30T17:46:06,63,נשים,ג'באליה,language,גרמנית,1
2026-07-30T17:46:06,63,נשים,ג'באליה,language,ליטאית,1
2026-07-30T17:46:06,63,נשים,ג'באליה,language,סינית,1
2026-07-30T17:46:06,63,נשים,ג'באליה,language,עברית,14
2026-07-30T17:46:06,63,נשים,ג'באליה,language,ערבית,4
2026-07-30T17:46:06,63,נשים,ג'באליה,language,רוסית,22
2026-07-30T17:46:32,63,נשים,גבעולים,gender,גבר,68
2026-07-30T17:46:32,63,נשים,גבעולים,gender,אישה,86
2026-07-30T17:46:32,63,נשים,גבעולים,visit_type,ביקור במרפאה,156
2026-07-30T17:46:32,63,נשים,גבעולים,visit_type,שיחת טלפון,1
2026-07-30T17:46:32,63,נשים,גבעולים,language,אידיש,4
2026-07-30T17:46:32,63,נשים,גבעולים,language,אנגלית,22
2026-07-30T17:46:32,63,נשים,גבעולים,language,גרמנית,1
2026-07-30T17:46:32,63,נשים,גבעולים,language,ליטאית,1
2026-07-30T17:46:32,63,נשים,גבעולים,language,סינית,1
2026-07-30T17:46:32,63,נשים,גבעולים,language,עברית,14
2026-07-30T17:46:32,63,נשים,גבעולים,language,ערבית,4
2026-07-30T17:46:32,63,נשים,גבעולים,language,רוסית,22
2026-07-30T17:46:55,63,נשים,גורן,gender,גבר,23
2026-07-30T17:46:55,63,נשים,גורן,gender,אישה,64
2026-07-30T17:46:55,63,נשים,גורן,visit_type,ביקור במרפאה,88
2026-07-30T17:46:55,63,נשים,גורן,visit_type,שיחת טלפון,2
2026-07-30T17:46:55,63,נשים,גורן,language,איטלקית,4
2026-07-30T17:46:55,63,נשים,גורן,language,אנגלית,56
2026-07-30T17:46:55,63,נשים,גורן,language,ספרדית,1
2026-07-30T17:46:55,63,נשים,גורן,language,עברית,85
2026-07-30T17:46:55,63,נשים,גורן,language,ערבית,64
2026-07-30T17:46:55,63,נשים,גורן,language,רומנית,4
2026-07-30T17:46:55,63,נשים,גורן,language,רוסית,15
2026-07-30T17:47:10,63,נשים,גיניגר,gender,גבר,29
2026-07-30T17:47:10,63,נשים,גיניגר,gender,אישה,58
2026-07-30T17:47:10,63,נשים,גיניגר,visit_type,ביקור במרפאה,87
2026-07-30T17:47:10,63,נשים,גיניגר,language,אנגלית,9
2026-07-30T17:47:10,63,נשים,גיניגר,language,עברית,13
2026-07-30T17:47:10,63,נשים,גיניגר,language,ערבית,4
2026-07-30T17:47:10,63,נשים,גיניגר,language,רוסית,3
2026-07-30T17:47:26,63,נשים,גנות הדר,gender,גבר,47
2026-07-30T17:47:26,63,נשים,גנות הדר,gender,אישה,92
2026-07-30T17:47:26,63,נשים,גנות הדר,visit_type,ביקור במרפאה,142
2026-07-30T17:47:26,63,נשים,גנות הדר,visit_type,שיחת טלפון,2
2026-07-30T17:47:26,63,נשים,גנות הדר,language,אידיש,1
2026-07-30T17:47:26,63,נשים,גנות הדר,language,אנגלית,18
2026-07-30T17:47:26,63,נשים,גנות הדר,language,גרמנית,1
2026-07-30T17:47:26,63,נשים,גנות הדר,language,עברית,32
2026-07-30T17:47:26,63,נשים,גנות הדר,language,ערבית,8
2026-07-30T17:47:26,63,נשים,גנות הדר,language,צרפתית,2
2026-07-30T17:47:26,63,נשים,גנות הדר,language,רומנית,2
2026-07-30T17:47:26,63,נשים,גנות הדר,language,רוסית,11
2026-07-30T17:47:48,63,נשים,גרופית,gender,גבר,5
2026-07-30T17:47:48,63,נשים,גרופית,gender,אישה,2
2026-07-30T17:47:48,63,נשים,גרופית,visit_type,ביקור במרפאה,10
2026-07-30T17:47:48,63,נשים,גרופית,visit_type,שיחת טלפון,8
2026-07-30T17:47:48,63,נשים,גרופית,language,אנגלית,2
2026-07-30T17:47:48,63,נשים,גרופית,language,עברית,2
2026-07-30T17:47:48,63,נשים,גרופית,language,רוסית,1
2026-07-30T17:47:53,63,נשים,דברת,gender,גבר,48
2026-07-30T17:47:53,63,נשים,דברת,gender,אישה,127
2026-07-30T17:47:53,63,נשים,דברת,visit_type,ביקור במרפאה,176
2026-07-30T17:47:53,63,נשים,דברת,visit_type,שיחת טלפון,1
2026-07-30T17:47:53,63,נשים,דברת,language,איטלקית,1
2026-07-30T17:47:53,63,נשים,דברת,language,אנגלית,29
2026-07-30T17:47:53,63,נשים,דברת,language,הונגרית,1
2026-07-30T17:47:53,63,נשים,דברת,language,עברית,50
2026-07-30T17:47:53,63,נשים,דברת,language,ערבית,28
2026-07-30T17:47:53,63,נשים,דברת,language,רומנית,1
2026-07-30T17:47:53,63,נשים,דברת,language,רוסית,11
2026-07-30T17:48:17,63,נשים,דורא,gender,גבר,68
2026-07-30T17:48:17,63,נשים,דורא,gender,אישה,86
2026-07-30T17:48:17,63,נשים,דורא,visit_type,ביקור במרפאה,156
2026-07-30T17:48:17,63,נשים,דורא,visit_type,שיחת טלפון,1
2026-07-30T17:48:17,63,נשים,דורא,language,אידיש,4
2026-07-30T17:48:17,63,נשים,דורא,language,אנגלית,22
2026-07-30T17:48:17,63,נשים,דורא,language,גרמנית,1
2026-07-30T17:48:17,63,נשים,דורא,language,ליטאית,1
2026-07-30T17:48:17,63,נשים,דורא,language,סינית,1
2026-07-30T17:48:17,63,נשים,דורא,language,עברית,14
2026-07-30T17:48:17,63,נשים,דורא,language,ערבית,4
2026-07-30T17:48:17,63,נשים,דורא,language,רוסית,22
2026-07-30T17:48:39,63,נשים,דיר אבו משעל,gender,גבר,10
2026-07-30T17:48:39,63,נשים,דיר אבו משעל,gender,אישה,15
2026-07-30T17:48:39,63,נשים,דיר אבו משעל,visit_type,ביקור במרפאה,29
2026-07-30T17:48:39,63,נשים,דיר אבו משעל,language,איטלקית,4
2026-07-30T17:48:39,63,נשים,דיר אבו משעל,language,אנגלית,12
2026-07-30T17:48:39,63,נשים,דיר אבו משעל,language,ספרדית,1
2026-07-30T17:48:39,63,נשים,דיר אבו משעל,language,עברית,24
2026-07-30T17:48:39,63,נשים,דיר אבו משעל,language,ערבית,1
2026-07-30T17:48:39,63,נשים,דיר אבו משעל,language,צרפתית,2
2026-07-30T17:48:39,63,נשים,דיר אבו משעל,language,רומנית,4
2026-07-30T17:48:39,63,נשים,דיר אבו משעל,language,רוסית,2
2026-07-30T17:48:45,63,נשים,דריג'את,gender,גבר,43
2026-07-30T17:48:45,63,נשים,דריג'את,gender,אישה,67
2026-07-30T17:48:45,63,נשים,דריג'את,visit_type,ביקור במרפאה,112
2026-07-30T17:48:45,63,נשים,דריג'את,language,אידיש,3
2026-07-30T17:48:45,63,נשים,דריג'את,language,אנגלית,21
2026-07-30T17:48:45,63,נשים,דריג'את,language,ליטאית,1
2026-07-30T17:48:45,63,נשים,דריג'את,language,סינית,1
2026-07-30T17:48:45,63,נשים,דריג'את,language,עברית,9
2026-07-30T17:48:45,63,נשים,דריג'את,language,ערבית,4
2026-07-30T17:48:45,63,נשים,דריג'את,language,רוסית,19
2026-07-30T17:49:07,63,נשים,הוזייל,gender,גבר,43
2026-07-30T17:49:07,63,נשים,הוזייל,gender,אישה,67
2026-07-30T17:49:07,63,נשים,הוזייל,visit_type,ביקור במרפאה,112
2026-07-30T17:49:07,63,נשים,הוזייל,language,אידיש,3
2026-07-30T17:49:07,63,נשים,הוזייל,language,אנגלית,21
2026-07-30T17:49:07,63,נשים,הוזייל,language,ליטאית,1
2026-07-30T17:49:07,63,נשים,הוזייל,language,סינית,1
2026-07-30T17:49:07,63,נשים,הוזייל,language,עברית,9
2026-07-30T17:49:07,63,נשים,הוזייל,language,ערבית,4
2026-07-30T17:49:07,63,נשים,הוזייל,language,רוסית,19
2026-07-30T17:49:28,63,נשים,העוגן,gender,גבר,47
2026-07-30T17:49:28,63,נשים,העוגן,gender,אישה,92
2026-07-30T17:49:28,63,נשים,העוגן,visit_type,ביקור במרפאה,142
2026-07-30T17:49:28,63,נשים,העוגן,visit_type,שיחת טלפון,2
2026-07-30T17:49:28,63,נשים,העוגן,language,אידיש,1
2026-07-30T17:49:28,63,נשים,העוגן,language,אנגלית,18
2026-07-30T17:49:28,63,נשים,העוגן,language,גרמנית,1
2026-07-30T17:49:28,63,נשים,העוגן,language,עברית,32
2026-07-30T17:49:28,63,נשים,העוגן,language,ערבית,8
2026-07-30T17:49:28,63,נשים,העוגן,language,צרפתית,2
2026-07-30T17:49:28,63,נשים,העוגן,language,רומנית,2
2026-07-30T17:49:28,63,נשים,העוגן,language,רוסית,11
2026-07-30T17:49:51,63,נשים,ורדון,gender,גבר,47
2026-07-30T17:49:51,63,נשים,ורדון,gender,אישה,61
2026-07-30T17:49:51,63,נשים,ורדון,visit_type,ביקור במרפאה,108
2026-07-30T17:49:51,63,נשים,ורדון,visit_type,שיחת טלפון,1
2026-07-30T17:49:51,63,נשים,ורדון,language,אידיש,4
2026-07-30T17:49:51,63,נשים,ורדון,language,אנגלית,13
2026-07-30T17:49:51,63,נשים,ורדון,language,גרמנית,1
2026-07-30T17:49:51,63,נשים,ורדון,language,ליטאית,1
2026-07-30T17:49:51,63,נשים,ורדון,language,סינית,1
2026-07-30T17:49:51,63,נשים,ורדון,language,עברית,8
2026-07-30T17:49:51,63,נשים,ורדון,language,ערבית,3
2026-07-30T17:49:51,63,נשים,ורדון,language,רוסית,14
2026-07-30T17:50:11,63,נשים,זיקים,gender,גבר,47
2026-07-30T17:50:11,63,נשים,זיקים,gender,אישה,61
2026-07-30T17:50:11,63,נשים,זיקים,visit_type,ביקור במרפאה,108
2026-07-30T17:50:11,63,נשים,זיקים,visit_type,שיחת טלפון,1
2026-07-30T17:50:11,63,נשים,זיקים,language,אידיש,4
2026-07-30T17:50:11,63,נשים,זיקים,language,אנגלית,13
2026-07-30T17:50:11,63,נשים,זיקים,language,גרמנית,1
2026-07-30T17:50:11,63,נשים,זיקים,language,ליטאית,1
2026-07-30T17:50:11,63,נשים,זיקים,language,סינית,1
2026-07-30T17:50:11,63,נשים,זיקים,language,עברית,8
2026-07-30T17:50:11,63,נשים,זיקים,language,ערבית,3
2026-07-30T17:50:11,63,נשים,זיקים,language,רוסית,14
2026-07-30T17:50:32,63,נשים,זרועה,gender,גבר,68
2026-07-30T17:50:32,63,נשים,זרועה,gender,אישה,86
2026-07-30T17:50:32,63,נשים,זרועה,visit_type,ביקור במרפאה,156
2026-07-30T17:50:32,63,נשים,זרועה,visit_type,שיחת טלפון,1
2026-07-30T17:50:32,63,נשים,זרועה,language,אידיש,4
2026-07-30T17:50:32,63,נשים,זרועה,language,אנגלית,22
2026-07-30T17:50:32,63,נשים,זרועה,language,גרמנית,1
2026-07-30T17:50:32,63,נשים,זרועה,language,ליטאית,1
2026-07-30T17:50:32,63,נשים,זרועה,language,סינית,1
2026-07-30T17:50:32,63,נשים,זרועה,language,עברית,14
2026-07-30T17:50:32,63,נשים,זרועה,language,ערבית,4
2026-07-30T17:50:32,63,נשים,זרועה,language,רוסית,22
2026-07-30T17:50:57,63,נשים,חג'ה,gender,גבר,47
2026-07-30T17:50:57,63,נשים,חג'ה,gender,אישה,92
2026-07-30T17:50:57,63,נשים,חג'ה,visit_type,ביקור במרפאה,142
2026-07-30T17:50:57,63,נשים,חג'ה,visit_type,שיחת טלפון,2
2026-07-30T17:50:57,63,נשים,חג'ה,language,אידיש,1
2026-07-30T17:50:57,63,נשים,חג'ה,language,אנגלית,18
2026-07-30T17:50:57,63,נשים,חג'ה,language,גרמנית,1
2026-07-30T17:50:57,63,נשים,חג'ה,language,עברית,32
2026-07-30T17:50:57,63,נשים,חג'ה,language,ערבית,8
2026-07-30T17:50:57,63,נשים,חג'ה,language,צרפתית,2
2026-07-30T17:50:57,63,נשים,חג'ה,language,רומנית,2
2026-07-30T17:50:57,63,נשים,חג'ה,language,רוסית,11
2026-07-30T17:51:21,63,נשים,חולית,gender,גבר,47
2026-07-30T17:51:21,63,נשים,חולית,gender,אישה,61
2026-07-30T17:51:21,63,נשים,חולית,visit_type,ביקור במרפאה,108
2026-07-30T17:51:21,63,נשים,חולית,visit_type,שיחת טלפון,1
2026-07-30T17:51:21,63,נשים,חולית,language,אידיש,4
2026-07-30T17:51:21,63,נשים,חולית,language,אנגלית,13
2026-07-30T17:51:21,63,נשים,חולית,language,גרמנית,1
2026-07-30T17:51:21,63,נשים,חולית,language,ליטאית,1
2026-07-30T17:51:21,63,נשים,חולית,language,סינית,1
2026-07-30T17:51:21,63,נשים,חולית,language,עברית,8
2026-07-30T17:51:21,63,נשים,חולית,language,ערבית,3
2026-07-30T17:51:21,63,נשים,חולית,language,רוסית,14
2026-07-30T17:51:46,63,נשים,חניאל,gender,גבר,47
2026-07-30T17:51:46,63,נשים,חניאל,gender,אישה,92
2026-07-30T17:51:46,63,נשים,חניאל,visit_type,ביקור במרפאה,142
2026-07-30T17:51:46,63,נשים,חניאל,visit_type,שיחת טלפון,2
2026-07-30T17:51:46,63,נשים,חניאל,language,אידיש,1
2026-07-30T17:51:46,63,נשים,חניאל,language,אנגלית,18
2026-07-30T17:51:46,63,נשים,חניאל,language,גרמנית,1
2026-07-30T17:51:46,63,נשים,חניאל,language,עברית,32
2026-07-30T17:51:46,63,נשים,חניאל,language,ערבית,8
2026-07-30T17:51:46,63,נשים,חניאל,language,צרפתית,2
2026-07-30T17:51:46,63,נשים,חניאל,language,רומנית,2
2026-07-30T17:51:46,63,נשים,חניאל,language,רוסית,11
2026-07-30T17:52:10,63,נשים,חצרים,gender,גבר,68
2026-07-30T17:52:10,63,נשים,חצרים,gender,אישה,86
2026-07-30T17:52:10,63,נשים,חצרים,visit_type,ביקור במרפאה,156
2026-07-30T17:52:10,63,נשים,חצרים,visit_type,שיחת טלפון,1
2026-07-30T17:52:10,63,נשים,חצרים,language,אידיש,4
2026-07-30T17:52:10,63,נשים,חצרים,language,אנגלית,22
2026-07-30T17:52:10,63,נשים,חצרים,language,גרמנית,1
2026-07-30T17:52:10,63,נשים,חצרים,language,ליטאית,1
2026-07-30T17:52:10,63,נשים,חצרים,language,סינית,1
2026-07-30T17:52:10,63,נשים,חצרים,language,עברית,14
2026-07-30T17:52:10,63,נשים,חצרים,language,ערבית,4
2026-07-30T17:52:10,63,נשים,חצרים,language,רוסית,22
2026-07-30T17:52:36,63,נשים,טובאס,gender,גבר,47
2026-07-30T17:52:36,63,נשים,טובאס,gender,אישה,92
2026-07-30T17:52:36,63,נשים,טובאס,visit_type,ביקור במרפאה,142
2026-07-30T17:52:36,63,נשים,טובאס,visit_type,שיחת טלפון,2
2026-07-30T17:52:36,63,נשים,טובאס,language,אידיש,1
2026-07-30T17:52:36,63,נשים,טובאס,language,אנגלית,18
2026-07-30T17:52:36,63,נשים,טובאס,language,גרמנית,1
2026-07-30T17:52:36,63,נשים,טובאס,language,עברית,32
2026-07-30T17:52:36,63,נשים,טובאס,language,ערבית,8
2026-07-30T17:52:36,63,נשים,טובאס,language,צרפתית,2
2026-07-30T17:52:36,63,נשים,טובאס,language,רומנית,2
2026-07-30T17:52:36,63,נשים,טובאס,language,רוסית,11
2026-07-30T17:53:02,63,נשים,טירת צבי,gender,גבר,48
2026-07-30T17:53:02,63,נשים,טירת צבי,gender,אישה,127
2026-07-30T17:53:02,63,נשים,טירת צבי,visit_type,ביקור במרפאה,176
2026-07-30T17:53:02,63,נשים,טירת צבי,visit_type,שיחת טלפון,1
2026-07-30T17:53:02,63,נשים,טירת צבי,language,איטלקית,1
2026-07-30T17:53:02,63,נשים,טירת צבי,language,אנגלית,29
2026-07-30T17:53:02,63,נשים,טירת צבי,language,הונגרית,1
2026-07-30T17:53:02,63,נשים,טירת צבי,language,עברית,50
2026-07-30T17:53:02,63,נשים,טירת צבי,language,ערבית,28
2026-07-30T17:53:02,63,נשים,טירת צבי,language,רומנית,1
2026-07-30T17:53:02,63,נשים,טירת צבי,language,רוסית,11
2026-07-30T17:53:25,63,נשים,טפחות,gender,גבר,29
2026-07-30T17:53:25,63,נשים,טפחות,gender,אישה,58
2026-07-30T17:53:25,63,נשים,טפחות,visit_type,ביקור במרפאה,87
2026-07-30T17:53:25,63,נשים,טפחות,language,אנגלית,9
2026-07-30T17:53:25,63,נשים,טפחות,language,עברית,13
2026-07-30T17:53:25,63,נשים,טפחות,language,ערבית,4
2026-07-30T17:53:25,63,נשים,טפחות,language,רוסית,3
2026-07-30T17:53:40,63,נשים,יברוד,gender,גבר,47
2026-07-30T17:53:40,63,נשים,יברוד,gender,אישה,79
2026-07-30T17:53:40,63,נשים,יברוד,visit_type,ביקור במרפאה,131
2026-07-30T17:53:40,63,נשים,יברוד,visit_type,שיחת טלפון,16
2026-07-30T17:53:40,63,נשים,יברוד,visit_type,שיחת וידאו,1
2026-07-30T17:53:40,63,נשים,יברוד,language,אידיש,2
2026-07-30T17:53:40,63,נשים,יברוד,language,אנגלית,20
2026-07-30T17:53:40,63,נשים,יברוד,language,עברית,24
2026-07-30T17:53:40,63,נשים,יברוד,language,ערבית,3
2026-07-30T17:53:40,63,נשים,יברוד,language,צרפתית,2
2026-07-30T17:53:40,63,נשים,יברוד,language,רוסית,3
2026-07-30T17:54:01,63,נשים,יהוד מונוסון,gender,גבר,26
2026-07-30T17:54:01,63,נשים,יהוד מונוסון,gender,אישה,39
2026-07-30T17:54:01,63,נשים,יהוד מונוסון,visit_type,ביקור במרפאה,70
2026-07-30T17:54:01,63,נשים,יהוד מונוסון,language,אידיש,1
2026-07-30T17:54:01,63,נשים,יהוד מונוסון,language,איטלקית,4
2026-07-30T17:54:01,63,נשים,יהוד מונוסון,language,אנגלית,19
2026-07-30T17:54:01,63,נשים,יהוד מונוסון,language,ספרדית,1
2026-07-30T17:54:01,63,נשים,יהוד מונוסון,language,עברית,35
2026-07-30T17:54:01,63,נשים,יהוד מונוסון,language,ערבית,1
2026-07-30T17:54:01,63,נשים,יהוד מונוסון,language,צרפתית,2
2026-07-30T17:54:01,63,נשים,יהוד מונוסון,language,רומנית,6
2026-07-30T17:54:01,63,נשים,יהוד מונוסון,language,רוסית,5
2026-07-30T17:54:13,63,נשים,יטבתה,gender,גבר,5
2026-07-30T17:54:13,63,נשים,יטבתה,gender,אישה,2
2026-07-30T17:54:13,63,נשים,יטבתה,visit_type,ביקור במרפאה,10
2026-07-30T17:54:13,63,נשים,יטבתה,visit_type,שיחת טלפון,8
2026-07-30T17:54:13,63,נשים,יטבתה,language,אנגלית,2
2026-07-30T17:54:13,63,נשים,יטבתה,language,עברית,2
2026-07-30T17:54:13,63,נשים,יטבתה,language,רוסית,1
2026-07-30T17:54:18,63,נשים,יעל,gender,גבר,48
2026-07-30T17:54:18,63,נשים,יעל,gender,אישה,127
2026-07-30T17:54:18,63,נשים,יעל,visit_type,ביקור במרפאה,176
2026-07-30T17:54:18,63,נשים,יעל,visit_type,שיחת טלפון,1
2026-07-30T17:54:18,63,נשים,יעל,language,איטלקית,1
2026-07-30T17:54:18,63,נשים,יעל,language,אנגלית,29
2026-07-30T17:54:18,63,נשים,יעל,language,הונגרית,1
2026-07-30T17:54:18,63,נשים,יעל,language,עברית,50
2026-07-30T17:54:18,63,נשים,יעל,language,ערבית,28
2026-07-30T17:54:18,63,נשים,יעל,language,רומנית,1
2026-07-30T17:54:18,63,נשים,יעל,language,רוסית,11
2026-07-30T17:54:42,63,נשים,יקיר,gender,גבר,47
2026-07-30T17:54:42,63,נשים,יקיר,gender,אישה,92
2026-07-30T17:54:42,63,נשים,יקיר,visit_type,ביקור במרפאה,142
2026-07-30T17:54:42,63,נשים,יקיר,visit_type,שיחת טלפון,2
2026-07-30T17:54:42,63,נשים,יקיר,language,אידיש,1
2026-07-30T17:54:42,63,נשים,יקיר,language,אנגלית,18
2026-07-30T17:54:42,63,נשים,יקיר,language,גרמנית,1
2026-07-30T17:54:42,63,נשים,יקיר,language,עברית,32
2026-07-30T17:54:42,63,נשים,יקיר,language,ערבית,8
2026-07-30T17:54:42,63,נשים,יקיר,language,צרפתית,2
2026-07-30T17:54:42,63,נשים,יקיר,language,רומנית,2
2026-07-30T17:54:42,63,נשים,יקיר,language,רוסית,11
2026-07-30T17:55:05,63,נשים,ירקונה,gender,גבר,26
2026-07-30T17:55:05,63,נשים,ירקונה,gender,אישה,39
2026-07-30T17:55:05,63,נשים,ירקונה,visit_type,ביקור במרפאה,70
2026-07-30T17:55:05,63,נשים,ירקונה,language,אידיש,1
2026-07-30T17:55:05,63,נשים,ירקונה,language,איטלקית,4
2026-07-30T17:55:05,63,נשים,ירקונה,language,אנגלית,19
2026-07-30T17:55:05,63,נשים,ירקונה,language,ספרדית,1
2026-07-30T17:55:05,63,נשים,ירקונה,language,עברית,35
2026-07-30T17:55:05,63,נשים,ירקונה,language,ערבית,1
2026-07-30T17:55:05,63,נשים,ירקונה,language,צרפתית,2
2026-07-30T17:55:05,63,נשים,ירקונה,language,רומנית,6
2026-07-30T17:55:05,63,נשים,ירקונה,language,רוסית,5
2026-07-30T17:55:18,63,נשים,כדורי,gender,גבר,29
2026-07-30T17:55:18,63,נשים,כדורי,gender,אישה,58
2026-07-30T17:55:18,63,נשים,כדורי,visit_type,ביקור במרפאה,87
2026-07-30T17:55:18,63,נשים,כדורי,language,אנגלית,9
2026-07-30T17:55:18,63,נשים,כדורי,language,עברית,13
2026-07-30T17:55:18,63,נשים,כדורי,language,ערבית,4
2026-07-30T17:55:18,63,נשים,כדורי,language,רוסית,3
2026-07-30T17:55:34,63,נשים,כורזים,gender,גבר,29
2026-07-30T17:55:34,63,נשים,כורזים,gender,אישה,58
2026-07-30T17:55:34,63,נשים,כורזים,visit_type,ביקור במרפאה,87
2026-07-30T17:55:34,63,נשים,כורזים,language,אנגלית,9
2026-07-30T17:55:34,63,נשים,כורזים,language,עברית,13
2026-07-30T17:55:34,63,נשים,כורזים,language,ערבית,4
2026-07-30T17:55:34,63,נשים,כורזים,language,רוסית,3
2026-07-30T17:55:50,63,נשים,כמאנה,gender,גבר,47
2026-07-30T17:55:50,63,נשים,כמאנה,gender,אישה,127
2026-07-30T17:55:50,63,נשים,כמאנה,visit_type,ביקור במרפאה,175
2026-07-30T17:55:50,63,נשים,כמאנה,visit_type,שיחת טלפון,2
2026-07-30T17:55:50,63,נשים,כמאנה,language,אידיש,1
2026-07-30T17:55:50,63,נשים,כמאנה,language,איטלקית,7
2026-07-30T17:55:50,63,נשים,כמאנה,language,אנגלית,116
2026-07-30T17:55:50,63,נשים,כמאנה,language,הונגרית,3
2026-07-30T17:55:50,63,נשים,כמאנה,language,ספרדית,1
2026-07-30T17:55:50,63,נשים,כמאנה,language,עברית,169
2026-07-30T17:55:50,63,נשים,כמאנה,language,ערבית,98
2026-07-30T17:55:50,63,נשים,כמאנה,language,צרפתית,5
2026-07-30T17:55:50,63,נשים,כמאנה,language,רומנית,9
2026-07-30T17:55:50,63,נשים,כמאנה,language,רוסית,34
2026-07-30T17:55:50,63,נשים,כמאנה,language,שוודית,1
2026-07-30T17:56:14,63,נשים,כפר א לבד,gender,גבר,47
2026-07-30T17:56:14,63,נשים,כפר א לבד,gender,אישה,92
2026-07-30T17:56:14,63,נשים,כפר א לבד,visit_type,ביקור במרפאה,142
2026-07-30T17:56:14,63,נשים,כפר א לבד,visit_type,שיחת טלפון,2
2026-07-30T17:56:14,63,נשים,כפר א לבד,language,אידיש,1
2026-07-30T17:56:14,63,נשים,כפר א לבד,language,אנגלית,18
2026-07-30T17:56:14,63,נשים,כפר א לבד,language,גרמנית,1
2026-07-30T17:56:14,63,נשים,כפר א לבד,language,עברית,32
2026-07-30T17:56:14,63,נשים,כפר א לבד,language,ערבית,8
2026-07-30T17:56:14,63,נשים,כפר א לבד,language,צרפתית,2
2026-07-30T17:56:14,63,נשים,כפר א לבד,language,רומנית,2
2026-07-30T17:56:14,63,נשים,כפר א לבד,language,רוסית,11
2026-07-30T17:56:38,63,נשים,כרי דשא,gender,גבר,29
2026-07-30T17:56:38,63,נשים,כרי דשא,gender,אישה,58
2026-07-30T17:56:38,63,נשים,כרי דשא,visit_type,ביקור במרפאה,87
2026-07-30T17:56:38,63,נשים,כרי דשא,language,אנגלית,9
2026-07-30T17:56:38,63,נשים,כרי דשא,language,עברית,13
2026-07-30T17:56:38,63,נשים,כרי דשא,language,ערבית,4
2026-07-30T17:56:38,63,נשים,כרי דשא,language,רוסית,3
2026-07-30T17:56:55,63,נשים,לב יתיר,gender,גבר,68
2026-07-30T17:56:55,63,נשים,לב יתיר,gender,אישה,86
2026-07-30T17:56:55,63,נשים,לב יתיר,visit_type,ביקור במרפאה,156
2026-07-30T17:56:55,63,נשים,לב יתיר,visit_type,שיחת טלפון,1
2026-07-30T17:56:55,63,נשים,לב יתיר,language,אידיש,4
2026-07-30T17:56:55,63,נשים,לב יתיר,language,אנגלית,22
2026-07-30T17:56:55,63,נשים,לב יתיר,language,גרמנית,1
2026-07-30T17:56:55,63,נשים,לב יתיר,language,ליטאית,1
2026-07-30T17:56:55,63,נשים,לב יתיר,language,סינית,1
2026-07-30T17:56:55,63,נשים,לב יתיר,language,עברית,14
2026-07-30T17:56:55,63,נשים,לב יתיר,language,ערבית,4
2026-07-30T17:56:55,63,נשים,לב יתיר,language,רוסית,22
2026-07-30T17:57:18,63,נשים,לוזית,gender,גבר,47
2026-07-30T17:57:18,63,נשים,לוזית,gender,אישה,79
2026-07-30T17:57:18,63,נשים,לוזית,visit_type,ביקור במרפאה,131
2026-07-30T17:57:18,63,נשים,לוזית,visit_type,שיחת טלפון,16
2026-07-30T17:57:18,63,נשים,לוזית,visit_type,שיחת וידאו,1
2026-07-30T17:57:18,63,נשים,לוזית,language,אידיש,2
2026-07-30T17:57:18,63,נשים,לוזית,language,אנגלית,20
2026-07-30T17:57:18,63,נשים,לוזית,language,עברית,24
2026-07-30T17:57:18,63,נשים,לוזית,language,ערבית,3
2026-07-30T17:57:18,63,נשים,לוזית,language,צרפתית,2
2026-07-30T17:57:18,63,נשים,לוזית,language,רוסית,3
2026-07-30T17:57:42,63,נשים,מאיר שפיה,gender,גבר,62
2026-07-30T17:57:42,63,נשים,מאיר שפיה,gender,אישה,138
2026-07-30T17:57:42,63,נשים,מאיר שפיה,visit_type,ביקור במרפאה,203
2026-07-30T17:57:42,63,נשים,מאיר שפיה,visit_type,שיחת טלפון,2
2026-07-30T17:57:42,63,נשים,מאיר שפיה,language,אידיש,1
2026-07-30T17:57:42,63,נשים,מאיר שפיה,language,איטלקית,1
2026-07-30T17:57:42,63,נשים,מאיר שפיה,language,אנגלית,38
2026-07-30T17:57:42,63,נשים,מאיר שפיה,language,גרמנית,1
2026-07-30T17:57:42,63,נשים,מאיר שפיה,language,הונגרית,1
2026-07-30T17:57:42,63,נשים,מאיר שפיה,language,עברית,63
2026-07-30T17:57:42,63,נשים,מאיר שפיה,language,ערבית,28
2026-07-30T17:57:42,63,נשים,מאיר שפיה,language,צרפתית,2
2026-07-30T17:57:42,63,נשים,מאיר שפיה,language,רומנית,3
2026-07-30T17:57:42,63,נשים,מאיר שפיה,language,רוסית,15
2026-07-30T17:58:06,63,נשים,מבקיעים,gender,גבר,47
2026-07-30T17:58:06,63,נשים,מבקיעים,gender,אישה,61
2026-07-30T17:58:06,63,נשים,מבקיעים,visit_type,ביקור במרפאה,108
2026-07-30T17:58:06,63,נשים,מבקיעים,visit_type,שיחת טלפון,1
2026-07-30T17:58:06,63,נשים,מבקיעים,language,אידיש,4
2026-07-30T17:58:06,63,נשים,מבקיעים,language,אנגלית,13
2026-07-30T17:58:06,63,נשים,מבקיעים,language,גרמנית,1
2026-07-30T17:58:06,63,נשים,מבקיעים,language,ליטאית,1
2026-07-30T17:58:06,63,נשים,מבקיעים,language,סינית,1
2026-07-30T17:58:06,63,נשים,מבקיעים,language,עברית,8
2026-07-30T17:58:06,63,נשים,מבקיעים,language,ערבית,3
2026-07-30T17:58:06,63,נשים,מבקיעים,language,רוסית,14
2026-07-30T17:58:25,63,נשים,מגדל תפן,gender,גבר,47
2026-07-30T17:58:25,63,נשים,מגדל תפן,gender,אישה,127
2026-07-30T17:58:25,63,נשים,מגדל תפן,visit_type,ביקור במרפאה,175
2026-07-30T17:58:25,63,נשים,מגדל תפן,visit_type,שיחת טלפון,2
2026-07-30T17:58:25,63,נשים,מגדל תפן,language,אידיש,1
2026-07-30T17:58:25,63,נשים,מגדל תפן,language,איטלקית,7
2026-07-30T17:58:25,63,נשים,מגדל תפן,language,אנגלית,116
2026-07-30T17:58:25,63,נשים,מגדל תפן,language,הונגרית,3
2026-07-30T17:58:25,63,נשים,מגדל תפן,language,ספרדית,1
2026-07-30T17:58:25,63,נשים,מגדל תפן,language,עברית,169
2026-07-30T17:58:25,63,נשים,מגדל תפן,language,ערבית,98
2026-07-30T17:58:25,63,נשים,מגדל תפן,language,צרפתית,5
2026-07-30T17:58:25,63,נשים,מגדל תפן,language,רומנית,9
2026-07-30T17:58:25,63,נשים,מגדל תפן,language,רוסית,34
2026-07-30T17:58:25,63,נשים,מגדל תפן,language,שוודית,1
2026-07-30T17:58:48,63,נשים,מוע'ייר,gender,גבר,47
2026-07-30T17:58:48,63,נשים,מוע'ייר,gender,אישה,79
2026-07-30T17:58:48,63,נשים,מוע'ייר,visit_type,ביקור במרפאה,131
2026-07-30T17:58:48,63,נשים,מוע'ייר,visit_type,שיחת טלפון,16
2026-07-30T17:58:48,63,נשים,מוע'ייר,visit_type,שיחת וידאו,1
2026-07-30T17:58:48,63,נשים,מוע'ייר,language,אידיש,2
2026-07-30T17:58:48,63,נשים,מוע'ייר,language,אנגלית,20
2026-07-30T17:58:48,63,נשים,מוע'ייר,language,עברית,24
2026-07-30T17:58:48,63,נשים,מוע'ייר,language,ערבית,3
2026-07-30T17:58:48,63,נשים,מוע'ייר,language,צרפתית,2
2026-07-30T17:58:48,63,נשים,מוע'ייר,language,רוסית,3
2026-07-30T17:59:10,63,נשים,מזרעה אל קיבליה,gender,גבר,47
2026-07-30T17:59:10,63,נשים,מזרעה אל קיבליה,gender,אישה,79
2026-07-30T17:59:10,63,נשים,מזרעה אל קיבליה,visit_type,ביקור במרפאה,131
2026-07-30T17:59:10,63,נשים,מזרעה אל קיבליה,visit_type,שיחת טלפון,16
2026-07-30T17:59:10,63,נשים,מזרעה אל קיבליה,visit_type,שיחת וידאו,1
2026-07-30T17:59:10,63,נשים,מזרעה אל קיבליה,language,אידיש,2
2026-07-30T17:59:10,63,נשים,מזרעה אל קיבליה,language,אנגלית,20
2026-07-30T17:59:10,63,נשים,מזרעה אל קיבליה,language,עברית,24
2026-07-30T17:59:10,63,נשים,מזרעה אל קיבליה,language,ערבית,3
2026-07-30T17:59:10,63,נשים,מזרעה אל קיבליה,language,צרפתית,2
2026-07-30T17:59:10,63,נשים,מזרעה אל קיבליה,language,רוסית,3
2026-07-30T17:59:34,63,נשים,מיצר,gender,גבר,29
2026-07-30T17:59:34,63,נשים,מיצר,gender,אישה,58
2026-07-30T17:59:34,63,נשים,מיצר,visit_type,ביקור במרפאה,87
2026-07-30T17:59:34,63,נשים,מיצר,language,אנגלית,9
2026-07-30T17:59:34,63,נשים,מיצר,language,עברית,13
2026-07-30T17:59:34,63,נשים,מיצר,language,ערבית,4
2026-07-30T17:59:34,63,נשים,מיצר,language,רוסית,3
2026-07-30T17:59:52,63,נשים,מלאה,gender,גבר,48
2026-07-30T17:59:52,63,נשים,מלאה,gender,אישה,127
2026-07-30T17:59:52,63,נשים,מלאה,visit_type,ביקור במרפאה,176
2026-07-30T17:59:52,63,נשים,מלאה,visit_type,שיחת טלפון,1
2026-07-30T17:59:52,63,נשים,מלאה,language,איטלקית,1
2026-07-30T17:59:52,63,נשים,מלאה,language,אנגלית,29
2026-07-30T17:59:52,63,נשים,מלאה,language,הונגרית,1
2026-07-30T17:59:52,63,נשים,מלאה,language,עברית,50
2026-07-30T17:59:52,63,נשים,מלאה,language,ערבית,28
2026-07-30T17:59:52,63,נשים,מלאה,language,רומנית,1
2026-07-30T17:59:52,63,נשים,מלאה,language,רוסית,11
2026-07-30T18:00:15,63,נשים,מסד,gender,גבר,29
2026-07-30T18:00:15,63,נשים,מסד,gender,אישה,58
2026-07-30T18:00:15,63,נשים,מסד,visit_type,ביקור במרפאה,87
2026-07-30T18:00:15,63,נשים,מסד,language,אנגלית,9
2026-07-30T18:00:15,63,נשים,מסד,language,עברית,13
2026-07-30T18:00:15,63,נשים,מסד,language,ערבית,4
2026-07-30T18:00:15,63,נשים,מסד,language,רוסית,3
2026-07-30T18:00:33,63,נשים,מעגלים,gender,גבר,68
2026-07-30T18:00:33,63,נשים,מעגלים,gender,אישה,86
2026-07-30T18:00:33,63,נשים,מעגלים,visit_type,ביקור במרפאה,156
2026-07-30T18:00:33,63,נשים,מעגלים,visit_type,שיחת טלפון,1
2026-07-30T18:00:33,63,נשים,מעגלים,language,אידיש,4
2026-07-30T18:00:33,63,נשים,מעגלים,language,אנגלית,22
2026-07-30T18:00:33,63,נשים,מעגלים,language,גרמנית,1
2026-07-30T18:00:33,63,נשים,מעגלים,language,ליטאית,1
2026-07-30T18:00:33,63,נשים,מעגלים,language,סינית,1
2026-07-30T18:00:33,63,נשים,מעגלים,language,עברית,14
2026-07-30T18:00:33,63,נשים,מעגלים,language,ערבית,4
2026-07-30T18:00:33,63,נשים,מעגלים,language,רוסית,22
2026-07-30T18:00:57,63,נשים,מפעלי אבשלום,gender,גבר,68
2026-07-30T18:00:57,63,נשים,מפעלי אבשלום,gender,אישה,86
2026-07-30T18:00:57,63,נשים,מפעלי אבשלום,visit_type,ביקור במרפאה,156
2026-07-30T18:00:57,63,נשים,מפעלי אבשלום,visit_type,שיחת טלפון,1
2026-07-30T18:00:57,63,נשים,מפעלי אבשלום,language,אידיש,4
2026-07-30T18:00:57,63,נשים,מפעלי אבשלום,language,אנגלית,22
2026-07-30T18:00:57,63,נשים,מפעלי אבשלום,language,גרמנית,1
2026-07-30T18:00:57,63,נשים,מפעלי אבשלום,language,ליטאית,1
2026-07-30T18:00:57,63,נשים,מפעלי אבשלום,language,סינית,1
2026-07-30T18:00:57,63,נשים,מפעלי אבשלום,language,עברית,14
2026-07-30T18:00:57,63,נשים,מפעלי אבשלום,language,ערבית,4
2026-07-30T18:00:57,63,נשים,מפעלי אבשלום,language,רוסית,22
2026-07-30T18:01:21,63,נשים,מצדות יהודה,gender,גבר,68
2026-07-30T18:01:21,63,נשים,מצדות יהודה,gender,אישה,86
2026-07-30T18:01:21,63,נשים,מצדות יהודה,visit_type,ביקור במרפאה,156
2026-07-30T18:01:21,63,נשים,מצדות יהודה,visit_type,שיחת טלפון,1
2026-07-30T18:01:21,63,נשים,מצדות יהודה,language,אידיש,4
2026-07-30T18:01:21,63,נשים,מצדות יהודה,language,אנגלית,22
2026-07-30T18:01:21,63,נשים,מצדות יהודה,language,גרמנית,1
2026-07-30T18:01:21,63,נשים,מצדות יהודה,language,ליטאית,1
2026-07-30T18:01:21,63,נשים,מצדות יהודה,language,סינית,1
2026-07-30T18:01:21,63,נשים,מצדות יהודה,language,עברית,14
2026-07-30T18:01:21,63,נשים,מצדות יהודה,language,ערבית,4
2026-07-30T18:01:21,63,נשים,מצדות יהודה,language,רוסית,22
2026-07-30T18:01:43,63,נשים,מרג' נעג'ה,gender,גבר,47
2026-07-30T18:01:43,63,נשים,מרג' נעג'ה,gender,אישה,79
2026-07-30T18:01:43,63,נשים,מרג' נעג'ה,visit_type,ביקור במרפאה,131
2026-07-30T18:01:43,63,נשים,מרג' נעג'ה,visit_type,שיחת טלפון,16
2026-07-30T18:01:43,63,נשים,מרג' נעג'ה,visit_type,שיחת וידאו,1
2026-07-30T18:01:43,63,נשים,מרג' נעג'ה,language,אידיש,2
2026-07-30T18:01:43,63,נשים,מרג' נעג'ה,language,אנגלית,20
2026-07-30T18:01:43,63,נשים,מרג' נעג'ה,language,עברית,24
2026-07-30T18:01:43,63,נשים,מרג' נעג'ה,language,ערבית,3
2026-07-30T18:01:43,63,נשים,מרג' נעג'ה,language,צרפתית,2
2026-07-30T18:01:43,63,נשים,מרג' נעג'ה,language,רוסית,3
2026-07-30T18:02:05,63,נשים,משאבי שדה,gender,גבר,43
2026-07-30T18:02:05,63,נשים,משאבי שדה,gender,אישה,67
2026-07-30T18:02:05,63,נשים,משאבי שדה,visit_type,ביקור במרפאה,112
2026-07-30T18:02:05,63,נשים,משאבי שדה,language,אידיש,3
2026-07-30T18:02:05,63,נשים,משאבי שדה,language,אנגלית,21
2026-07-30T18:02:05,63,נשים,משאבי שדה,language,ליטאית,1
2026-07-30T18:02:05,63,נשים,משאבי שדה,language,סינית,1
2026-07-30T18:02:05,63,נשים,משאבי שדה,language,עברית,9
2026-07-30T18:02:05,63,נשים,משאבי שדה,language,ערבית,4
2026-07-30T18:02:05,63,נשים,משאבי שדה,language,רוסית,19
2026-07-30T18:02:25,63,נשים,מתן,gender,גבר,26
2026-07-30T18:02:25,63,נשים,מתן,gender,אישה,39
2026-07-30T18:02:25,63,נשים,מתן,visit_type,ביקור במרפאה,70
2026-07-30T18:02:25,63,נשים,מתן,language,אידיש,1
2026-07-30T18:02:25,63,נשים,מתן,language,איטלקית,4
2026-07-30T18:02:25,63,נשים,מתן,language,אנגלית,19
2026-07-30T18:02:25,63,נשים,מתן,language,ספרדית,1
2026-07-30T18:02:25,63,נשים,מתן,language,עברית,35
2026-07-30T18:02:25,63,נשים,מתן,language,ערבית,1
2026-07-30T18:02:25,63,נשים,מתן,language,צרפתית,2
2026-07-30T18:02:25,63,נשים,מתן,language,רומנית,6
2026-07-30T18:02:25,63,נשים,מתן,language,רוסית,5
2026-07-30T18:02:39,63,נשים,נבטים,gender,גבר,68
2026-07-30T18:02:39,63,נשים,נבטים,gender,אישה,86
2026-07-30T18:02:39,63,נשים,נבטים,visit_type,ביקור במרפאה,156
2026-07-30T18:02:39,63,נשים,נבטים,visit_type,שיחת טלפון,1
2026-07-30T18:02:39,63,נשים,נבטים,language,אידיש,4
2026-07-30T18:02:39,63,נשים,נבטים,language,אנגלית,22
2026-07-30T18:02:39,63,נשים,נבטים,language,גרמנית,1
2026-07-30T18:02:39,63,נשים,נבטים,language,ליטאית,1
2026-07-30T18:02:39,63,נשים,נבטים,language,סינית,1
2026-07-30T18:02:39,63,נשים,נבטים,language,עברית,14
2026-07-30T18:02:39,63,נשים,נבטים,language,ערבית,4
2026-07-30T18:02:39,63,נשים,נבטים,language,רוסית,22
2026-07-30T18:03:03,63,נשים,נווה,gender,גבר,47
2026-07-30T18:03:03,63,נשים,נווה,gender,אישה,61
2026-07-30T18:03:03,63,נשים,נווה,visit_type,ביקור במרפאה,108
2026-07-30T18:03:03,63,נשים,נווה,visit_type,שיחת טלפון,1
2026-07-30T18:03:03,63,נשים,נווה,language,אידיש,4
2026-07-30T18:03:03,63,נשים,נווה,language,אנגלית,13
2026-07-30T18:03:03,63,נשים,נווה,language,גרמנית,1
2026-07-30T18:03:03,63,נשים,נווה,language,ליטאית,1
2026-07-30T18:03:03,63,נשים,נווה,language,סינית,1
2026-07-30T18:03:03,63,נשים,נווה,language,עברית,8
2026-07-30T18:03:03,63,נשים,נווה,language,ערבית,3
2026-07-30T18:03:03,63,נשים,נווה,language,רוסית,14
2026-07-30T18:03:22,63,נשים,נזלת זיד,gender,גבר,47
2026-07-30T18:03:22,63,נשים,נזלת זיד,gender,אישה,92
2026-07-30T18:03:22,63,נשים,נזלת זיד,visit_type,ביקור במרפאה,142
2026-07-30T18:03:22,63,נשים,נזלת זיד,visit_type,שיחת טלפון,2
2026-07-30T18:03:22,63,נשים,נזלת זיד,language,אידיש,1
2026-07-30T18:03:22,63,נשים,נזלת זיד,language,אנגלית,18
2026-07-30T18:03:22,63,נשים,נזלת זיד,language,גרמנית,1
2026-07-30T18:03:22,63,נשים,נזלת זיד,language,עברית,32
2026-07-30T18:03:22,63,נשים,נזלת זיד,language,ערבית,8
2026-07-30T18:03:22,63,נשים,נזלת זיד,language,צרפתית,2
2026-07-30T18:03:22,63,נשים,נזלת זיד,language,רומנית,2
2026-07-30T18:03:22,63,נשים,נזלת זיד,language,רוסית,11
2026-07-30T18:03:45,63,נשים,נחשון,gender,גבר,40
2026-07-30T18:03:45,63,נשים,נחשון,gender,אישה,46
2026-07-30T18:03:45,63,נשים,נחשון,visit_type,ביקור במרפאה,88
2026-07-30T18:03:45,63,נשים,נחשון,language,אוקראינית,3
2026-07-30T18:03:45,63,נשים,נחשון,language,אידיש,1
2026-07-30T18:03:45,63,נשים,נחשון,language,איטלקית,2
2026-07-30T18:03:45,63,נשים,נחשון,language,אנגלית,21
2026-07-30T18:03:45,63,נשים,נחשון,language,הונגרית,1
2026-07-30T18:03:45,63,נשים,נחשון,language,ספרדית,1
2026-07-30T18:03:45,63,נשים,נחשון,language,עברית,29
2026-07-30T18:03:45,63,נשים,נחשון,language,צרפתית,1
2026-07-30T18:03:45,63,נשים,נחשון,language,רוסית,12
2026-07-30T18:04:01,63,נשים,ניצן,gender,גבר,47
2026-07-30T18:04:01,63,נשים,ניצן,gender,אישה,61
2026-07-30T18:04:01,63,נשים,ניצן,visit_type,ביקור במרפאה,108
2026-07-30T18:04:01,63,נשים,ניצן,visit_type,שיחת טלפון,1
2026-07-30T18:04:01,63,נשים,ניצן,language,אידיש,4
2026-07-30T18:04:01,63,נשים,ניצן,language,אנגלית,13
2026-07-30T18:04:01,63,נשים,ניצן,language,גרמנית,1
2026-07-30T18:04:01,63,נשים,ניצן,language,ליטאית,1
2026-07-30T18:04:01,63,נשים,ניצן,language,סינית,1
2026-07-30T18:04:01,63,נשים,ניצן,language,עברית,8
2026-07-30T18:04:01,63,נשים,ניצן,language,ערבית,3
2026-07-30T18:04:01,63,נשים,ניצן,language,רוסית,14
2026-07-30T18:04:20,63,נשים,נס ציונה,gender,גבר,63
2026-07-30T18:04:20,63,נשים,נס ציונה,gender,אישה,70
2026-07-30T18:04:20,63,נשים,נס ציונה,visit_type,ביקור במרפאה,138
2026-07-30T18:04:20,63,נשים,נס ציונה,language,אוקראינית,3
2026-07-30T18:04:20,63,נשים,נס ציונה,language,אידיש,1
2026-07-30T18:04:20,63,נשים,נס ציונה,language,איטלקית,2
2026-07-30T18:04:20,63,נשים,נס ציונה,language,אנגלית,29
2026-07-30T18:04:20,63,נשים,נס ציונה,language,גרוזינית,1
2026-07-30T18:04:20,63,נשים,נס ציונה,language,הונגרית,2
2026-07-30T18:04:20,63,נשים,נס ציונה,language,ספרדית,2
2026-07-30T18:04:20,63,נשים,נס ציונה,language,עברית,48
2026-07-30T18:04:20,63,נשים,נס ציונה,language,צרפתית,2
2026-07-30T18:04:20,63,נשים,נס ציונה,language,רוסית,20
2026-07-30T18:04:42,63,נשים,נתיב הגדוד,gender,גבר,47
2026-07-30T18:04:42,63,נשים,נתיב הגדוד,gender,אישה,79
2026-07-30T18:04:42,63,נשים,נתיב הגדוד,visit_type,ביקור במרפאה,131
2026-07-30T18:04:42,63,נשים,נתיב הגדוד,visit_type,שיחת טלפון,16
2026-07-30T18:04:42,63,נשים,נתיב הגדוד,visit_type,שיחת וידאו,1
2026-07-30T18:04:42,63,נשים,נתיב הגדוד,language,אידיש,2
2026-07-30T18:04:42,63,נשים,נתיב הגדוד,language,אנגלית,20
2026-07-30T18:04:42,63,נשים,נתיב הגדוד,language,עברית,24
2026-07-30T18:04:42,63,נשים,נתיב הגדוד,language,ערבית,3
2026-07-30T18:04:42,63,נשים,נתיב הגדוד,language,צרפתית,2
2026-07-30T18:04:42,63,נשים,נתיב הגדוד,language,רוסית,3
2026-07-30T18:05:04,63,נשים,סאסא,gender,גבר,29
2026-07-30T18:05:04,63,נשים,סאסא,gender,אישה,58
2026-07-30T18:05:04,63,נשים,סאסא,visit_type,ביקור במרפאה,87
2026-07-30T18:05:04,63,נשים,סאסא,language,אנגלית,9
2026-07-30T18:05:04,63,נשים,סאסא,language,עברית,13
2026-07-30T18:05:04,63,נשים,סאסא,language,ערבית,4
2026-07-30T18:05:04,63,נשים,סאסא,language,רוסית,3
2026-07-30T18:05:19,63,נשים,סוריף,gender,גבר,47
2026-07-30T18:05:19,63,נשים,סוריף,gender,אישה,79
2026-07-30T18:05:19,63,נשים,סוריף,visit_type,ביקור במרפאה,131
2026-07-30T18:05:19,63,נשים,סוריף,visit_type,שיחת טלפון,16
2026-07-30T18:05:19,63,נשים,סוריף,visit_type,שיחת וידאו,1
2026-07-30T18:05:19,63,נשים,סוריף,language,אידיש,2
2026-07-30T18:05:19,63,נשים,סוריף,language,אנגלית,20
2026-07-30T18:05:19,63,נשים,סוריף,language,עברית,24
2026-07-30T18:05:19,63,נשים,סוריף,language,ערבית,3
2026-07-30T18:05:19,63,נשים,סוריף,language,צרפתית,2
2026-07-30T18:05:19,63,נשים,סוריף,language,רוסית,3
2026-07-30T18:05:43,63,נשים,סיריס,gender,גבר,47
2026-07-30T18:05:43,63,נשים,סיריס,gender,אישה,92
2026-07-30T18:05:43,63,נשים,סיריס,visit_type,ביקור במרפאה,142
2026-07-30T18:05:43,63,נשים,סיריס,visit_type,שיחת טלפון,2
2026-07-30T18:05:43,63,נשים,סיריס,language,אידיש,1
2026-07-30T18:05:43,63,נשים,סיריס,language,אנגלית,18
2026-07-30T18:05:43,63,נשים,סיריס,language,גרמנית,1
2026-07-30T18:05:43,63,נשים,סיריס,language,עברית,32
2026-07-30T18:05:43,63,נשים,סיריס,language,ערבית,8
2026-07-30T18:05:43,63,נשים,סיריס,language,צרפתית,2
2026-07-30T18:05:43,63,נשים,סיריס,language,רומנית,2
2026-07-30T18:05:43,63,נשים,סיריס,language,רוסית,11
2026-07-30T18:06:07,63,נשים,סער,gender,גבר,23
2026-07-30T18:06:07,63,נשים,סער,gender,אישה,64
2026-07-30T18:06:07,63,נשים,סער,visit_type,ביקור במרפאה,88
2026-07-30T18:06:07,63,נשים,סער,visit_type,שיחת טלפון,2
2026-07-30T18:06:07,63,נשים,סער,language,איטלקית,4
2026-07-30T18:06:07,63,נשים,סער,language,אנגלית,56
2026-07-30T18:06:07,63,נשים,סער,language,ספרדית,1
2026-07-30T18:06:07,63,נשים,סער,language,עברית,85
2026-07-30T18:06:07,63,נשים,סער,language,ערבית,64
2026-07-30T18:06:07,63,נשים,סער,language,רומנית,4
2026-07-30T18:06:07,63,נשים,סער,language,רוסית,15
2026-07-30T18:06:23,63,נשים,עבדה,gender,גבר,68
2026-07-30T18:06:23,63,נשים,עבדה,gender,אישה,86
2026-07-30T18:06:23,63,נשים,עבדה,visit_type,ביקור במרפאה,156
2026-07-30T18:06:23,63,נשים,עבדה,visit_type,שיחת טלפון,1
2026-07-30T18:06:23,63,נשים,עבדה,language,אידיש,4
2026-07-30T18:06:23,63,נשים,עבדה,language,אנגלית,22
2026-07-30T18:06:23,63,נשים,עבדה,language,גרמנית,1
2026-07-30T18:06:23,63,נשים,עבדה,language,ליטאית,1
2026-07-30T18:06:23,63,נשים,עבדה,language,סינית,1
2026-07-30T18:06:23,63,נשים,עבדה,language,עברית,14
2026-07-30T18:06:23,63,נשים,עבדה,language,ערבית,4
2026-07-30T18:06:23,63,נשים,עבדה,language,רוסית,22
2026-07-30T18:06:48,63,נשים,עדי,gender,אישה,136
2026-07-30T18:06:48,63,נשים,עדי,gender,גבר,48
2026-07-30T18:06:48,63,נשים,עדי,visit_type,ביקור במרפאה,185
2026-07-30T18:06:48,63,נשים,עדי,visit_type,שיחת טלפון,1
2026-07-30T18:06:48,63,נשים,עדי,language,אידיש,1
2026-07-30T18:06:48,63,נשים,עדי,language,איטלקית,3
2026-07-30T18:06:48,63,נשים,עדי,language,אנגלית,68
2026-07-30T18:06:48,63,נשים,עדי,language,הונגרית,3
2026-07-30T18:06:48,63,נשים,עדי,language,עברית,100
2026-07-30T18:06:48,63,נשים,עדי,language,ערבית,40
2026-07-30T18:06:48,63,נשים,עדי,language,צרפתית,5
2026-07-30T18:06:48,63,נשים,עדי,language,רומנית,5
2026-07-30T18:06:48,63,נשים,עדי,language,רוסית,27
2026-07-30T18:06:48,63,נשים,עדי,language,שוודית,1
2026-07-30T18:07:13,63,נשים,עופר,gender,אישה,136
2026-07-30T18:07:13,63,נשים,עופר,gender,גבר,48
2026-07-30T18:07:13,63,נשים,עופר,visit_type,ביקור במרפאה,185
2026-07-30T18:07:13,63,נשים,עופר,visit_type,שיחת טלפון,1
2026-07-30T18:07:13,63,נשים,עופר,language,אידיש,1
2026-07-30T18:07:13,63,נשים,עופר,language,איטלקית,3
2026-07-30T18:07:13,63,נשים,עופר,language,אנגלית,68
2026-07-30T18:07:13,63,נשים,עופר,language,הונגרית,3
2026-07-30T18:07:13,63,נשים,עופר,language,עברית,100
2026-07-30T18:07:13,63,נשים,עופר,language,ערבית,40
2026-07-30T18:07:13,63,נשים,עופר,language,צרפתית,5
2026-07-30T18:07:13,63,נשים,עופר,language,רומנית,5
2026-07-30T18:07:13,63,נשים,עופר,language,רוסית,27
2026-07-30T18:07:13,63,נשים,עופר,language,שוודית,1
2026-07-30T18:07:36,63,נשים,עזריקם,gender,גבר,28
2026-07-30T18:07:36,63,נשים,עזריקם,gender,אישה,31
2026-07-30T18:07:36,63,נשים,עזריקם,visit_type,ביקור במרפאה,63
2026-07-30T18:07:36,63,נשים,עזריקם,language,אוקראינית,2
2026-07-30T18:07:36,63,נשים,עזריקם,language,איטלקית,1
2026-07-30T18:07:36,63,נשים,עזריקם,language,אנגלית,13
2026-07-30T18:07:36,63,נשים,עזריקם,language,גרוזינית,1
2026-07-30T18:07:36,63,נשים,עזריקם,language,הונגרית,1
2026-07-30T18:07:36,63,נשים,עזריקם,language,ספרדית,1
2026-07-30T18:07:36,63,נשים,עזריקם,language,עברית,20
2026-07-30T18:07:36,63,נשים,עזריקם,language,צרפתית,2
2026-07-30T18:07:36,63,נשים,עזריקם,language,רוסית,10
2026-07-30T18:07:47,63,נשים,עין א סולטאן מחנה פליטים,gender,גבר,47
2026-07-30T18:07:47,63,נשים,עין א סולטאן מחנה פליטים,gender,אישה,79
2026-07-30T18:07:47,63,נשים,עין א סולטאן מחנה פליטים,visit_type,ביקור במרפאה,131
2026-07-30T18:07:47,63,נשים,עין א סולטאן מחנה פליטים,visit_type,שיחת טלפון,16
2026-07-30T18:07:47,63,נשים,עין א סולטאן מחנה פליטים,visit_type,שיחת וידאו,1
2026-07-30T18:07:47,63,נשים,עין א סולטאן מחנה פליטים,language,אידיש,2
2026-07-30T18:07:47,63,נשים,עין א סולטאן מחנה פליטים,language,אנגלית,20
2026-07-30T18:07:47,63,נשים,עין א סולטאן מחנה פליטים,language,עברית,24
2026-07-30T18:07:47,63,נשים,עין א סולטאן מחנה פליטים,language,ערבית,3
2026-07-30T18:07:47,63,נשים,עין א סולטאן מחנה פליטים,language,צרפתית,2
2026-07-30T18:07:47,63,נשים,עין א סולטאן מחנה פליטים,language,רוסית,3
2026-07-30T18:08:09,63,נשים,עלמון,gender,גבר,47
2026-07-30T18:08:09,63,נשים,עלמון,gender,אישה,79
2026-07-30T18:08:09,63,נשים,עלמון,visit_type,ביקור במרפאה,131
2026-07-30T18:08:09,63,נשים,עלמון,visit_type,שיחת טלפון,16
2026-07-30T18:08:09,63,נשים,עלמון,visit_type,שיחת וידאו,1
2026-07-30T18:08:09,63,נשים,עלמון,language,אידיש,2
2026-07-30T18:08:09,63,נשים,עלמון,language,אנגלית,20
2026-07-30T18:08:09,63,נשים,עלמון,language,עברית,24
2026-07-30T18:08:09,63,נשים,עלמון,language,ערבית,3
2026-07-30T18:08:09,63,נשים,עלמון,language,צרפתית,2
2026-07-30T18:08:09,63,נשים,עלמון,language,רוסית,3
2026-07-30T18:08:32,63,נשים,עמקה,gender,גבר,23
2026-07-30T18:08:32,63,נשים,עמקה,gender,אישה,64
2026-07-30T18:08:32,63,נשים,עמקה,visit_type,ביקור במרפאה,88
2026-07-30T18:08:32,63,נשים,עמקה,visit_type,שיחת טלפון,2
2026-07-30T18:08:32,63,נשים,עמקה,language,איטלקית,4
2026-07-30T18:08:32,63,נשים,עמקה,language,אנגלית,56
2026-07-30T18:08:32,63,נשים,עמקה,language,ספרדית,1
2026-07-30T18:08:32,63,נשים,עמקה,language,עברית,85
2026-07-30T18:08:32,63,נשים,עמקה,language,ערבית,64
2026-07-30T18:08:32,63,נשים,עמקה,language,רומנית,4
2026-07-30T18:08:32,63,נשים,עמקה,language,רוסית,15
2026-07-30T18:08:47,63,נשים,עפרה,gender,גבר,47
2026-07-30T18:08:47,63,נשים,עפרה,gender,אישה,79
2026-07-30T18:08:47,63,נשים,עפרה,visit_type,ביקור במרפאה,131
2026-07-30T18:08:47,63,נשים,עפרה,visit_type,שיחת טלפון,16
2026-07-30T18:08:47,63,נשים,עפרה,visit_type,שיחת וידאו,1
2026-07-30T18:08:47,63,נשים,עפרה,language,אידיש,2
2026-07-30T18:08:47,63,נשים,עפרה,language,אנגלית,20
2026-07-30T18:08:47,63,נשים,עפרה,language,עברית,24
2026-07-30T18:08:47,63,נשים,עפרה,language,ערבית,3
2026-07-30T18:08:47,63,נשים,עפרה,language,צרפתית,2
2026-07-30T18:08:47,63,נשים,עפרה,language,רוסית,3
2026-07-30T18:09:11,63,נשים,ערבונה,gender,גבר,47
2026-07-30T18:09:11,63,נשים,ערבונה,gender,אישה,92
2026-07-30T18:09:11,63,נשים,ערבונה,visit_type,ביקור במרפאה,142
2026-07-30T18:09:11,63,נשים,ערבונה,visit_type,שיחת טלפון,2
2026-07-30T18:09:11,63,נשים,ערבונה,language,אידיש,1
2026-07-30T18:09:11,63,נשים,ערבונה,language,אנגלית,18
2026-07-30T18:09:11,63,נשים,ערבונה,language,גרמנית,1
2026-07-30T18:09:11,63,נשים,ערבונה,language,עברית,32
2026-07-30T18:09:11,63,נשים,ערבונה,language,ערבית,8
2026-07-30T18:09:11,63,נשים,ערבונה,language,צרפתית,2
2026-07-30T18:09:11,63,נשים,ערבונה,language,רומנית,2
2026-07-30T18:09:11,63,נשים,ערבונה,language,רוסית,11
2026-07-30T18:09:34,63,נשים,פארן,gender,גבר,43
2026-07-30T18:09:34,63,נשים,פארן,gender,אישה,67
2026-07-30T18:09:34,63,נשים,פארן,visit_type,ביקור במרפאה,112
2026-07-30T18:09:34,63,נשים,פארן,language,אידיש,3
2026-07-30T18:09:34,63,נשים,פארן,language,אנגלית,21
2026-07-30T18:09:34,63,נשים,פארן,language,ליטאית,1
2026-07-30T18:09:34,63,נשים,פארן,language,סינית,1
2026-07-30T18:09:34,63,נשים,פארן,language,עברית,9
2026-07-30T18:09:34,63,נשים,פארן,language,ערבית,4
2026-07-30T18:09:34,63,נשים,פארן,language,רוסית,19
2026-07-30T18:09:54,63,נשים,פוריה כפר עבודה,gender,גבר,29
2026-07-30T18:09:54,63,נשים,פוריה כפר עבודה,gender,אישה,58
2026-07-30T18:09:54,63,נשים,פוריה כפר עבודה,visit_type,ביקור במרפאה,87
2026-07-30T18:09:54,63,נשים,פוריה כפר עבודה,language,אנגלית,9
2026-07-30T18:09:54,63,נשים,פוריה כפר עבודה,language,עברית,13
2026-07-30T18:09:54,63,נשים,פוריה כפר עבודה,language,ערבית,4
2026-07-30T18:09:54,63,נשים,פוריה כפר עבודה,language,רוסית,3
2026-07-30T18:10:11,63,נשים,פנדקומיה,gender,גבר,47
2026-07-30T18:10:11,63,נשים,פנדקומיה,gender,אישה,92
2026-07-30T18:10:11,63,נשים,פנדקומיה,visit_type,ביקור במרפאה,142
2026-07-30T18:10:11,63,נשים,פנדקומיה,visit_type,שיחת טלפון,2
2026-07-30T18:10:11,63,נשים,פנדקומיה,language,אידיש,1
2026-07-30T18:10:11,63,נשים,פנדקומיה,language,אנגלית,18
2026-07-30T18:10:11,63,נשים,פנדקומיה,language,גרמנית,1
2026-07-30T18:10:11,63,נשים,פנדקומיה,language,עברית,32
2026-07-30T18:10:11,63,נשים,פנדקומיה,language,ערבית,8
2026-07-30T18:10:11,63,נשים,פנדקומיה,language,צרפתית,2
2026-07-30T18:10:11,63,נשים,פנדקומיה,language,רומנית,2
2026-07-30T18:10:11,63,נשים,פנדקומיה,language,רוסית,11
2026-07-30T18:10:40,63,נשים,צאלים,gender,גבר,47
2026-07-30T18:10:40,63,נשים,צאלים,gender,אישה,61
2026-07-30T18:10:40,63,נשים,צאלים,visit_type,ביקור במרפאה,108
2026-07-30T18:10:40,63,נשים,צאלים,visit_type,שיחת טלפון,1
2026-07-30T18:10:40,63,נשים,צאלים,language,אידיש,4
2026-07-30T18:10:40,63,נשים,צאלים,language,אנגלית,13
2026-07-30T18:10:40,63,נשים,צאלים,language,גרמנית,1
2026-07-30T18:10:40,63,נשים,צאלים,language,ליטאית,1
2026-07-30T18:10:40,63,נשים,צאלים,language,סינית,1
2026-07-30T18:10:40,63,נשים,צאלים,language,עברית,8
2026-07-30T18:10:40,63,נשים,צאלים,language,ערבית,3
2026-07-30T18:10:40,63,נשים,צאלים,language,רוסית,14
2026-07-30T18:10:58,63,נשים,צוקים,gender,גבר,43
2026-07-30T18:10:58,63,נשים,צוקים,gender,אישה,67
2026-07-30T18:10:58,63,נשים,צוקים,visit_type,ביקור במרפאה,112
2026-07-30T18:10:58,63,נשים,צוקים,language,אידיש,3
2026-07-30T18:10:58,63,נשים,צוקים,language,אנגלית,21
2026-07-30T18:10:58,63,נשים,צוקים,language,ליטאית,1
2026-07-30T18:10:58,63,נשים,צוקים,language,סינית,1
2026-07-30T18:10:58,63,נשים,צוקים,language,עברית,9
2026-07-30T18:10:58,63,נשים,צוקים,language,ערבית,4
2026-07-30T18:10:58,63,נשים,צוקים,language,רוסית,19
2026-07-30T18:11:17,63,נשים,צרעה,gender,גבר,47
2026-07-30T18:11:17,63,נשים,צרעה,gender,אישה,79
2026-07-30T18:11:17,63,נשים,צרעה,visit_type,ביקור במרפאה,131
2026-07-30T18:11:17,63,נשים,צרעה,visit_type,שיחת טלפון,16
2026-07-30T18:11:17,63,נשים,צרעה,visit_type,שיחת וידאו,1
2026-07-30T18:11:17,63,נשים,צרעה,language,אידיש,2
2026-07-30T18:11:17,63,נשים,צרעה,language,אנגלית,20
2026-07-30T18:11:17,63,נשים,צרעה,language,עברית,24
2026-07-30T18:11:17,63,נשים,צרעה,language,ערבית,3
2026-07-30T18:11:17,63,נשים,צרעה,language,צרפתית,2
2026-07-30T18:11:17,63,נשים,צרעה,language,רוסית,3
2026-07-30T18:11:39,63,נשים,קדר,gender,גבר,47
2026-07-30T18:11:39,63,נשים,קדר,gender,אישה,79
2026-07-30T18:11:39,63,נשים,קדר,visit_type,ביקור במרפאה,131
2026-07-30T18:11:39,63,נשים,קדר,visit_type,שיחת טלפון,16
2026-07-30T18:11:39,63,נשים,קדר,visit_type,שיחת וידאו,1
2026-07-30T18:11:39,63,נשים,קדר,language,אידיש,2
2026-07-30T18:11:39,63,נשים,קדר,language,אנגלית,20
2026-07-30T18:11:39,63,נשים,קדר,language,עברית,24
2026-07-30T18:11:39,63,נשים,קדר,language,ערבית,3
2026-07-30T18:11:39,63,נשים,קדר,language,צרפתית,2
2026-07-30T18:11:39,63,נשים,קדר,language,רוסית,3
2026-07-30T18:12:00,63,נשים,קטורה,gender,גבר,5
2026-07-30T18:12:00,63,נשים,קטורה,gender,אישה,2
2026-07-30T18:12:00,63,נשים,קטורה,visit_type,ביקור במרפאה,10
2026-07-30T18:12:00,63,נשים,קטורה,visit_type,שיחת טלפון,8
2026-07-30T18:12:00,63,נשים,קטורה,language,אנגלית,2
2026-07-30T18:12:00,63,נשים,קטורה,language,עברית,2
2026-07-30T18:12:00,63,נשים,קטורה,language,רוסית,1
2026-07-30T18:12:04,63,נשים,קלקיליה,gender,גבר,47
2026-07-30T18:12:04,63,נשים,קלקיליה,gender,אישה,92
2026-07-30T18:12:04,63,נשים,קלקיליה,visit_type,ביקור במרפאה,142
2026-07-30T18:12:04,63,נשים,קלקיליה,visit_type,שיחת טלפון,2
2026-07-30T18:12:04,63,נשים,קלקיליה,language,אידיש,1
2026-07-30T18:12:04,63,נשים,קלקיליה,language,אנגלית,18
2026-07-30T18:12:04,63,נשים,קלקיליה,language,גרמנית,1
2026-07-30T18:12:04,63,נשים,קלקיליה,language,עברית,32
2026-07-30T18:12:04,63,נשים,קלקיליה,language,ערבית,8
2026-07-30T18:12:04,63,נשים,קלקיליה,language,צרפתית,2
2026-07-30T18:12:04,63,נשים,קלקיליה,language,רומנית,2
2026-07-30T18:12:04,63,נשים,קלקיליה,language,רוסית,11
2026-07-30T18:12:28,63,נשים,קרית אתא,gender,גבר,38
2026-07-30T18:12:28,63,נשים,קרית אתא,gender,אישה,94
2026-07-30T18:12:28,63,נשים,קרית אתא,visit_type,ביקור במרפאה,132
2026-07-30T18:12:28,63,נשים,קרית אתא,visit_type,שיחת טלפון,2
2026-07-30T18:12:28,63,נשים,קרית אתא,language,אידיש,1
2026-07-30T18:12:28,63,נשים,קרית אתא,language,איטלקית,4
2026-07-30T18:12:28,63,נשים,קרית אתא,language,אנגלית,90
2026-07-30T18:12:28,63,נשים,קרית אתא,language,הונגרית,3
2026-07-30T18:12:28,63,נשים,קרית אתא,language,עברית,129
2026-07-30T18:12:28,63,נשים,קרית אתא,language,ערבית,70
2026-07-30T18:12:28,63,נשים,קרית אתא,language,צרפתית,5
2026-07-30T18:12:28,63,נשים,קרית אתא,language,רומנית,5
2026-07-30T18:12:28,63,נשים,קרית אתא,language,רוסית,24
2026-07-30T18:12:28,63,נשים,קרית אתא,language,שוודית,1
2026-07-30T18:12:51,63,נשים,ראס אל עין,gender,גבר,37
2026-07-30T18:12:51,63,נשים,ראס אל עין,gender,אישה,82
2026-07-30T18:12:51,63,נשים,ראס אל עין,visit_type,ביקור במרפאה,120
2026-07-30T18:12:51,63,נשים,ראס אל עין,visit_type,שיחת טלפון,2
2026-07-30T18:12:51,63,נשים,ראס אל עין,language,אידיש,1
2026-07-30T18:12:51,63,נשים,ראס אל עין,language,איטלקית,4
2026-07-30T18:12:51,63,נשים,ראס אל עין,language,אנגלית,75
2026-07-30T18:12:51,63,נשים,ראס אל עין,language,ספרדית,1
2026-07-30T18:12:51,63,נשים,ראס אל עין,language,עברית,115
2026-07-30T18:12:51,63,נשים,ראס אל עין,language,ערבית,74
2026-07-30T18:12:51,63,נשים,ראס אל עין,language,צרפתית,2
2026-07-30T18:12:51,63,נשים,ראס אל עין,language,רומנית,6
2026-07-30T18:12:51,63,נשים,ראס אל עין,language,רוסית,24
2026-07-30T18:12:51,63,נשים,ראס אל עין,language,שוודית,1
2026-07-30T18:13:12,63,נשים,רגבה,gender,גבר,23
2026-07-30T18:13:12,63,נשים,רגבה,gender,אישה,64
2026-07-30T18:13:12,63,נשים,רגבה,visit_type,ביקור במרפאה,88
2026-07-30T18:13:12,63,נשים,רגבה,visit_type,שיחת טלפון,2
2026-07-30T18:13:12,63,נשים,רגבה,language,איטלקית,4
2026-07-30T18:13:12,63,נשים,רגבה,language,אנגלית,56
2026-07-30T18:13:12,63,נשים,רגבה,language,ספרדית,1
2026-07-30T18:13:12,63,נשים,רגבה,language,עברית,85
2026-07-30T18:13:12,63,נשים,רגבה,language,ערבית,64
2026-07-30T18:13:12,63,נשים,רגבה,language,רומנית,4
2026-07-30T18:13:12,63,נשים,רגבה,language,רוסית,15
2026-07-30T18:13:27,63,נשים,רומת היב,gender,גבר,29
2026-07-30T18:13:27,63,נשים,רומת היב,gender,אישה,58
2026-07-30T18:13:27,63,נשים,רומת היב,visit_type,ביקור במרפאה,87
2026-07-30T18:13:27,63,נשים,רומת היב,language,אנגלית,9
2026-07-30T18:13:27,63,נשים,רומת היב,language,עברית,13
2026-07-30T18:13:27,63,נשים,רומת היב,language,ערבית,4
2026-07-30T18:13:27,63,נשים,רומת היב,language,רוסית,3
2026-07-30T18:13:43,63,נשים,רינתיה,gender,גבר,26
2026-07-30T18:13:43,63,נשים,רינתיה,gender,אישה,39
2026-07-30T18:13:43,63,נשים,רינתיה,visit_type,ביקור במרפאה,70
2026-07-30T18:13:43,63,נשים,רינתיה,language,אידיש,1
2026-07-30T18:13:43,63,נשים,רינתיה,language,איטלקית,4
2026-07-30T18:13:43,63,נשים,רינתיה,language,אנגלית,19
2026-07-30T18:13:43,63,נשים,רינתיה,language,ספרדית,1
2026-07-30T18:13:43,63,נשים,רינתיה,language,עברית,35
2026-07-30T18:13:43,63,נשים,רינתיה,language,ערבית,1
2026-07-30T18:13:43,63,נשים,רינתיה,language,צרפתית,2
2026-07-30T18:13:43,63,נשים,רינתיה,language,רומנית,6
2026-07-30T18:13:43,63,נשים,רינתיה,language,רוסית,5
2026-07-30T18:13:56,63,נשים,רמלה,gender,גבר,40
2026-07-30T18:13:56,63,נשים,רמלה,gender,אישה,46
2026-07-30T18:13:56,63,נשים,רמלה,visit_type,ביקור במרפאה,88
2026-07-30T18:13:56,63,נשים,רמלה,language,אוקראינית,3
2026-07-30T18:13:56,63,נשים,רמלה,language,אידיש,1
2026-07-30T18:13:56,63,נשים,רמלה,language,איטלקית,2
2026-07-30T18:13:56,63,נשים,רמלה,language,אנגלית,21
2026-07-30T18:13:56,63,נשים,רמלה,language,הונגרית,1
2026-07-30T18:13:56,63,נשים,רמלה,language,ספרדית,1
2026-07-30T18:13:56,63,נשים,רמלה,language,עברית,29
2026-07-30T18:13:56,63,נשים,רמלה,language,צרפתית,1
2026-07-30T18:13:56,63,נשים,רמלה,language,רוסית,12
2026-07-30T18:14:13,63,נשים,רשפון,gender,גבר,72
2026-07-30T18:14:13,63,נשים,רשפון,gender,אישה,113
2026-07-30T18:14:13,63,נשים,רשפון,visit_type,ביקור במרפאה,189
2026-07-30T18:14:13,63,נשים,רשפון,visit_type,שיחת טלפון,2
2026-07-30T18:14:13,63,נשים,רשפון,language,אידיש,1
2026-07-30T18:14:13,63,נשים,רשפון,language,איטלקית,1
2026-07-30T18:14:13,63,נשים,רשפון,language,אנגלית,37
2026-07-30T18:14:13,63,נשים,רשפון,language,גרמנית,2
2026-07-30T18:14:13,63,נשים,רשפון,language,ספרדית,1
2026-07-30T18:14:13,63,נשים,רשפון,language,עברית,64
2026-07-30T18:14:13,63,נשים,רשפון,language,ערבית,9
2026-07-30T18:14:13,63,נשים,רשפון,language,צרפתית,3
2026-07-30T18:14:13,63,נשים,רשפון,language,רומנית,3
2026-07-30T18:14:13,63,נשים,רשפון,language,רוסית,16
2026-07-30T18:14:38,63,נשים,שדה אליהו,gender,גבר,48
2026-07-30T18:14:38,63,נשים,שדה אליהו,gender,אישה,127
2026-07-30T18:14:38,63,נשים,שדה אליהו,visit_type,ביקור במרפאה,176
2026-07-30T18:14:38,63,נשים,שדה אליהו,visit_type,שיחת טלפון,1
2026-07-30T18:14:38,63,נשים,שדה אליהו,language,איטלקית,1
2026-07-30T18:14:38,63,נשים,שדה אליהו,language,אנגלית,29
2026-07-30T18:14:38,63,נשים,שדה אליהו,language,הונגרית,1
2026-07-30T18:14:38,63,נשים,שדה אליהו,language,עברית,50
2026-07-30T18:14:38,63,נשים,שדה אליהו,language,ערבית,28
2026-07-30T18:14:38,63,נשים,שדה אליהו,language,רומנית,1
2026-07-30T18:14:38,63,נשים,שדה אליהו,language,רוסית,11
2026-07-30T18:15:02,63,נשים,שובה,gender,גבר,68
2026-07-30T18:15:02,63,נשים,שובה,gender,אישה,86
2026-07-30T18:15:02,63,נשים,שובה,visit_type,ביקור במרפאה,156
2026-07-30T18:15:02,63,נשים,שובה,visit_type,שיחת טלפון,1
2026-07-30T18:15:02,63,נשים,שובה,language,אידיש,4
2026-07-30T18:15:02,63,נשים,שובה,language,אנגלית,22
2026-07-30T18:15:02,63,נשים,שובה,language,גרמנית,1
2026-07-30T18:15:02,63,נשים,שובה,language,ליטאית,1
2026-07-30T18:15:02,63,נשים,שובה,language,סינית,1
2026-07-30T18:15:02,63,נשים,שובה,language,עברית,14
2026-07-30T18:15:02,63,נשים,שובה,language,ערבית,4
2026-07-30T18:15:02,63,נשים,שובה,language,רוסית,22
2026-07-30T18:15:26,63,נשים,שחר,gender,גבר,47
2026-07-30T18:15:26,63,נשים,שחר,gender,אישה,61
2026-07-30T18:15:26,63,נשים,שחר,visit_type,ביקור במרפאה,108
2026-07-30T18:15:26,63,נשים,שחר,visit_type,שיחת טלפון,1
2026-07-30T18:15:26,63,נשים,שחר,language,אידיש,4
2026-07-30T18:15:26,63,נשים,שחר,language,אנגלית,13
2026-07-30T18:15:26,63,נשים,שחר,language,גרמנית,1
2026-07-30T18:15:26,63,נשים,שחר,language,ליטאית,1
2026-07-30T18:15:26,63,נשים,שחר,language,סינית,1
2026-07-30T18:15:26,63,נשים,שחר,language,עברית,8
2026-07-30T18:15:26,63,נשים,שחר,language,ערבית,3
2026-07-30T18:15:26,63,נשים,שחר,language,רוסית,14
2026-07-30T18:15:45,63,נשים,שכם,gender,גבר,47
2026-07-30T18:15:45,63,נשים,שכם,gender,אישה,92
2026-07-30T18:15:45,63,נשים,שכם,visit_type,ביקור במרפאה,142
2026-07-30T18:15:45,63,נשים,שכם,visit_type,שיחת טלפון,2
2026-07-30T18:15:45,63,נשים,שכם,language,אידיש,1
2026-07-30T18:15:45,63,נשים,שכם,language,אנגלית,18
2026-07-30T18:15:45,63,נשים,שכם,language,גרמנית,1
2026-07-30T18:15:45,63,נשים,שכם,language,עברית,32
2026-07-30T18:15:45,63,נשים,שכם,language,ערבית,8
2026-07-30T18:15:45,63,נשים,שכם,language,צרפתית,2
2026-07-30T18:15:45,63,נשים,שכם,language,רומנית,2
2026-07-30T18:15:45,63,נשים,שכם,language,רוסית,11
2026-07-30T18:16:09,63,נשים,שמרת,gender,גבר,23
2026-07-30T18:16:09,63,נשים,שמרת,gender,אישה,64
2026-07-30T18:16:09,63,נשים,שמרת,visit_type,ביקור במרפאה,88
2026-07-30T18:16:09,63,נשים,שמרת,visit_type,שיחת טלפון,2
2026-07-30T18:16:09,63,נשים,שמרת,language,איטלקית,4
2026-07-30T18:16:09,63,נשים,שמרת,language,אנגלית,56
2026-07-30T18:16:09,63,נשים,שמרת,language,ספרדית,1
2026-07-30T18:16:09,63,נשים,שמרת,language,עברית,85
2026-07-30T18:16:09,63,נשים,שמרת,language,ערבית,64
2026-07-30T18:16:09,63,נשים,שמרת,language,רומנית,4
2026-07-30T18:16:09,63,נשים,שמרת,language,רוסית,15
2026-07-30T18:16:25,63,נשים,שער מנשה,gender,גבר,47
2026-07-30T18:16:25,63,נשים,שער מנשה,gender,אישה,92
2026-07-30T18:16:25,63,נשים,שער מנשה,visit_type,ביקור במרפאה,142
2026-07-30T18:16:25,63,נשים,שער מנשה,visit_type,שיחת טלפון,2
2026-07-30T18:16:25,63,נשים,שער מנשה,language,אידיש,1
2026-07-30T18:16:25,63,נשים,שער מנשה,language,אנגלית,18
2026-07-30T18:16:25,63,נשים,שער מנשה,language,גרמנית,1
2026-07-30T18:16:25,63,נשים,שער מנשה,language,עברית,32
2026-07-30T18:16:25,63,נשים,שער מנשה,language,ערבית,8
2026-07-30T18:16:25,63,נשים,שער מנשה,language,צרפתית,2
2026-07-30T18:16:25,63,נשים,שער מנשה,language,רומנית,2
2026-07-30T18:16:25,63,נשים,שער מנשה,language,רוסית,11
2026-07-30T18:16:50,63,נשים,שריד,gender,גבר,48
2026-07-30T18:16:50,63,נשים,שריד,gender,אישה,127
2026-07-30T18:16:50,63,נשים,שריד,visit_type,ביקור במרפאה,176
2026-07-30T18:16:50,63,נשים,שריד,visit_type,שיחת טלפון,1
2026-07-30T18:16:50,63,נשים,שריד,language,איטלקית,1
2026-07-30T18:16:50,63,נשים,שריד,language,אנגלית,29
2026-07-30T18:16:50,63,נשים,שריד,language,הונגרית,1
2026-07-30T18:16:50,63,נשים,שריד,language,עברית,50
2026-07-30T18:16:50,63,נשים,שריד,language,ערבית,28
2026-07-30T18:16:50,63,נשים,שריד,language,רומנית,1
2026-07-30T18:16:50,63,נשים,שריד,language,רוסית,11
2026-07-30T18:17:15,63,נשים,תושיה,gender,גבר,68
2026-07-30T18:17:15,63,נשים,תושיה,gender,אישה,86
2026-07-30T18:17:15,63,נשים,תושיה,visit_type,ביקור במרפאה,156
2026-07-30T18:17:15,63,נשים,תושיה,visit_type,שיחת טלפון,1
2026-07-30T18:17:15,63,נשים,תושיה,language,אידיש,4
2026-07-30T18:17:15,63,נשים,תושיה,language,אנגלית,22
2026-07-30T18:17:15,63,נשים,תושיה,language,גרמנית,1
2026-07-30T18:17:15,63,נשים,תושיה,language,ליטאית,1
2026-07-30T18:17:15,63,נשים,תושיה,language,סינית,1
2026-07-30T18:17:15,63,נשים,תושיה,language,עברית,14
2026-07-30T18:17:15,63,נשים,תושיה,language,ערבית,4
2026-07-30T18:17:15,63,נשים,תושיה,language,רוסית,22
2026-07-30T18:17:39,63,נשים,תל יצחק,gender,גבר,47
2026-07-30T18:17:39,63,נשים,תל יצחק,gender,אישה,92
2026-07-30T18:17:39,63,נשים,תל יצחק,visit_type,ביקור במרפאה,142
2026-07-30T18:17:39,63,נשים,תל יצחק,visit_type,שיחת טלפון,2
2026-07-30T18:17:39,63,נשים,תל יצחק,language,אידיש,1
2026-07-30T18:17:39,63,נשים,תל יצחק,language,אנגלית,18
2026-07-30T18:17:39,63,נשים,תל יצחק,language,גרמנית,1
2026-07-30T18:17:39,63,נשים,תל יצחק,language,עברית,32
2026-07-30T18:17:39,63,נשים,תל יצחק,language,ערבית,8
2026-07-30T18:17:39,63,נשים,תל יצחק,language,צרפתית,2
2026-07-30T18:17:39,63,נשים,תל יצחק,language,רומנית,2
2026-07-30T18:17:39,63,נשים,תל יצחק,language,רוסית,11
2026-07-30T18:18:02,63,נשים,תעשיון חצב,gender,גבר,10
2026-07-30T18:18:02,63,נשים,תעשיון חצב,gender,אישה,15
2026-07-30T18:18:02,63,נשים,תעשיון חצב,visit_type,ביקור במרפאה,29
2026-07-30T18:18:02,63,נשים,תעשיון חצב,language,איטלקית,4
2026-07-30T18:18:02,63,נשים,תעשיון חצב,language,אנגלית,12
2026-07-30T18:18:02,63,נשים,תעשיון חצב,language,ספרדית,1
2026-07-30T18:18:02,63,נשים,תעשיון חצב,language,עברית,24
2026-07-30T18:18:02,63,נשים,תעשיון חצב,language,ערבית,1
2026-07-30T18:18:02,63,נשים,תעשיון חצב,language,צרפתית,2
2026-07-30T18:18:02,63,נשים,תעשיון חצב,language,רומנית,4
2026-07-30T18:18:02,63,נשים,תעשיון חצב,language,רוסית,2
2026-07-30T18:18:08,63,נשים,תראבין א צאנה,gender,גבר,43
2026-07-30T18:18:08,63,נשים,תראבין א צאנה,gender,אישה,67
2026-07-30T18:18:08,63,נשים,תראבין א צאנה,visit_type,ביקור במרפאה,112
2026-07-30T18:18:08,63,נשים,תראבין א צאנה,language,אידיש,3
2026-07-30T18:18:08,63,נשים,תראבין א צאנה,language,אנגלית,21
2026-07-30T18:18:08,63,נשים,תראבין א צאנה,language,ליטאית,1
2026-07-30T18:18:08,63,נשים,תראבין א צאנה,language,סינית,1
2026-07-30T18:18:08,63,נשים,תראבין א צאנה,language,עברית,9
2026-07-30T18:18:08,63,נשים,תראבין א צאנה,language,ערבית,4
2026-07-30T18:18:08,63,נשים,תראבין א צאנה,language,רוסית,19
2026-07-30T18:18:27,31,עור,א שויוח,gender,גבר,24
2026-07-30T18:18:27,31,עור,א שויוח,gender,אישה,19
2026-07-30T18:18:27,31,עור,א שויוח,visit_type,ביקור במרפאה,45
2026-07-30T18:18:27,31,עור,א שויוח,language,אנגלית,6
2026-07-30T18:18:27,31,עור,א שויוח,language,ספרדית,1
2026-07-30T18:18:27,31,עור,א שויוח,language,עברית,13
2026-07-30T18:18:27,31,עור,א שויוח,language,צרפתית,4
2026-07-30T18:18:27,31,עור,א שויוח,language,רוסית,7
2026-07-30T18:18:36,31,עור,אבו קורינאת,gender,גבר,22
2026-07-30T18:18:36,31,עור,אבו קורינאת,gender,אישה,10
2026-07-30T18:18:36,31,עור,אבו קורינאת,visit_type,ביקור במרפאה,34
2026-07-30T18:18:36,31,עור,אבו קורינאת,language,אנגלית,4
2026-07-30T18:18:36,31,עור,אבו קורינאת,language,בולגרית,1
2026-07-30T18:18:36,31,עור,אבו קורינאת,language,עברית,6
2026-07-30T18:18:36,31,עור,אבו קורינאת,language,ערבית,1
2026-07-30T18:18:36,31,עור,אבו קורינאת,language,רוסית,2
2026-07-30T18:18:46,31,עור,אוהלו,gender,גבר,47
2026-07-30T18:18:46,31,עור,אוהלו,gender,אישה,6
2026-07-30T18:18:46,31,עור,אוהלו,visit_type,ביקור במרפאה,53
2026-07-30T18:18:46,31,עור,אוהלו,language,אנגלית,21
2026-07-30T18:18:46,31,עור,אוהלו,language,עברית,21
2026-07-30T18:18:46,31,עור,אוהלו,language,ערבית,17
2026-07-30T18:18:46,31,עור,אוהלו,language,רומנית,4
2026-07-30T18:18:46,31,עור,אוהלו,language,רוסית,2
2026-07-30T18:18:56,31,עור,אזור תעשייה נעמן,gender,גבר,63
2026-07-30T18:18:56,31,עור,אזור תעשייה נעמן,gender,אישה,10
2026-07-30T18:18:56,31,עור,אזור תעשייה נעמן,visit_type,ביקור במרפאה,75
2026-07-30T18:18:56,31,עור,אזור תעשייה נעמן,language,אידיש,2
2026-07-30T18:18:56,31,עור,אזור תעשייה נעמן,language,אנגלית,49
2026-07-30T18:18:56,31,עור,אזור תעשייה נעמן,language,גרמנית,7
2026-07-30T18:18:56,31,עור,אזור תעשייה נעמן,language,עברית,72
2026-07-30T18:18:56,31,עור,אזור תעשייה נעמן,language,ערבית,60
2026-07-30T18:18:56,31,עור,אזור תעשייה נעמן,language,צרפתית,1
2026-07-30T18:18:56,31,עור,אזור תעשייה נעמן,language,רומנית,15
2026-07-30T18:18:56,31,עור,אזור תעשייה נעמן,language,רוסית,7
2026-07-30T18:19:12,31,עור,איג'ניסיניא,gender,אישה,15
2026-07-30T18:19:12,31,עור,איג'ניסיניא,gender,גבר,33
2026-07-30T18:19:12,31,עור,איג'ניסיניא,visit_type,ביקור במרפאה,49
2026-07-30T18:19:12,31,עור,איג'ניסיניא,language,איטלקית,1
2026-07-30T18:19:12,31,עור,איג'ניסיניא,language,אנגלית,5
2026-07-30T18:19:12,31,עור,איג'ניסיניא,language,עברית,9
2026-07-30T18:19:12,31,עור,איג'ניסיניא,language,ערבית,1
2026-07-30T18:19:12,31,עור,איג'ניסיניא,language,צרפתית,2
2026-07-30T18:19:12,31,עור,איג'ניסיניא,language,רומנית,1
2026-07-30T18:19:12,31,עור,איג'ניסיניא,language,רוסית,6
2026-07-30T18:19:25,31,עור,אל אסד,gender,גבר,22
2026-07-30T18:19:25,31,עור,אל אסד,gender,אישה,10
2026-07-30T18:19:25,31,עור,אל אסד,visit_type,ביקור במרפאה,34
2026-07-30T18:19:25,31,עור,אל אסד,language,אנגלית,4
2026-07-30T18:19:25,31,עור,אל אסד,language,בולגרית,1
2026-07-30T18:19:25,31,עור,אל אסד,language,עברית,6
2026-07-30T18:19:25,31,עור,אל אסד,language,ערבית,1
2026-07-30T18:19:25,31,עור,אל אסד,language,רוסית,2
2026-07-30T18:19:34,31,עור,אמונים,gender,גבר,18
2026-07-30T18:19:34,31,עור,אמונים,gender,אישה,6
2026-07-30T18:19:34,31,עור,אמונים,visit_type,ביקור במרפאה,24
2026-07-30T18:19:34,31,עור,אמונים,language,אנגלית,7
2026-07-30T18:19:34,31,עור,אמונים,language,אפריקנס,1
2026-07-30T18:19:34,31,עור,אמונים,language,הולנדית,1
2026-07-30T18:19:34,31,עור,אמונים,language,עברית,10
2026-07-30T18:19:34,31,עור,אמונים,language,רוסית,6
2026-07-30T18:19:39,31,עור,אפיקים,gender,גבר,47
2026-07-30T18:19:39,31,עור,אפיקים,gender,אישה,6
2026-07-30T18:19:39,31,עור,אפיקים,visit_type,ביקור במרפאה,53
2026-07-30T18:19:39,31,עור,אפיקים,language,אנגלית,21
2026-07-30T18:19:39,31,עור,אפיקים,language,עברית,21
2026-07-30T18:19:39,31,עור,אפיקים,language,ערבית,17
2026-07-30T18:19:39,31,עור,אפיקים,language,רומנית,4
2026-07-30T18:19:39,31,עור,אפיקים,language,רוסית,2
2026-07-30T18:19:49,31,עור,אשבל,gender,גבר,45
2026-07-30T18:19:49,31,עור,אשבל,gender,אישה,6
2026-07-30T18:19:49,31,עור,אשבל,visit_type,ביקור במרפאה,52
2026-07-30T18:19:49,31,עור,אשבל,language,אידיש,1
2026-07-30T18:19:49,31,עור,אשבל,language,אנגלית,28
2026-07-30T18:19:49,31,עור,אשבל,language,גרמנית,7
2026-07-30T18:19:49,31,עור,אשבל,language,עברית,51
2026-07-30T18:19:49,31,עור,אשבל,language,ערבית,45
2026-07-30T18:19:49,31,עור,אשבל,language,רומנית,12
2026-07-30T18:19:49,31,עור,אשבל,language,רוסית,3
2026-07-30T18:20:00,31,עור,באקה א שרקיה,gender,אישה,15
2026-07-30T18:20:00,31,עור,באקה א שרקיה,gender,גבר,33
2026-07-30T18:20:00,31,עור,באקה א שרקיה,visit_type,ביקור במרפאה,49
2026-07-30T18:20:00,31,עור,באקה א שרקיה,language,איטלקית,1
2026-07-30T18:20:00,31,עור,באקה א שרקיה,language,אנגלית,5
2026-07-30T18:20:00,31,עור,באקה א שרקיה,language,עברית,9
2026-07-30T18:20:00,31,עור,באקה א שרקיה,language,ערבית,1
2026-07-30T18:20:00,31,עור,באקה א שרקיה,language,צרפתית,2
2026-07-30T18:20:00,31,עור,באקה א שרקיה,language,רומנית,1
2026-07-30T18:20:00,31,עור,באקה א שרקיה,language,רוסית,6
2026-07-30T18:20:12,31,עור,בוסתן הגליל,gender,גבר,35
2026-07-30T18:20:12,31,עור,בוסתן הגליל,gender,אישה,3
2026-07-30T18:20:12,31,עור,בוסתן הגליל,visit_type,ביקור במרפאה,38
2026-07-30T18:20:12,31,עור,בוסתן הגליל,language,אנגלית,19
2026-07-30T18:20:12,31,עור,בוסתן הגליל,language,גרמנית,7
2026-07-30T18:20:12,31,עור,בוסתן הגליל,language,עברית,38
2026-07-30T18:20:12,31,עור,בוסתן הגליל,language,ערבית,35
2026-07-30T18:20:12,31,עור,בוסתן הגליל,language,רומנית,10
2026-07-30T18:20:12,31,עור,בוסתן הגליל,language,רוסית,2
2026-07-30T18:20:20,31,עור,בחן,gender,אישה,15
2026-07-30T18:20:20,31,עור,בחן,gender,גבר,33
2026-07-30T18:20:20,31,עור,בחן,visit_type,ביקור במרפאה,49
2026-07-30T18:20:20,31,עור,בחן,language,איטלקית,1
2026-07-30T18:20:20,31,עור,בחן,language,אנגלית,5
2026-07-30T18:20:20,31,עור,בחן,language,עברית,9
2026-07-30T18:20:20,31,עור,בחן,language,ערבית,1
2026-07-30T18:20:20,31,עור,בחן,language,צרפתית,2
2026-07-30T18:20:20,31,עור,בחן,language,רומנית,1
2026-07-30T18:20:20,31,עור,בחן,language,רוסית,6
2026-07-30T18:20:35,31,עור,ביר הדאג',gender,גבר,22
2026-07-30T18:20:35,31,עור,ביר הדאג',gender,אישה,10
2026-07-30T18:20:35,31,עור,ביר הדאג',visit_type,ביקור במרפאה,34
2026-07-30T18:20:35,31,עור,ביר הדאג',language,אנגלית,4
2026-07-30T18:20:35,31,עור,ביר הדאג',language,בולגרית,1
2026-07-30T18:20:35,31,עור,ביר הדאג',language,עברית,6
2026-07-30T18:20:35,31,עור,ביר הדאג',language,ערבית,1
2026-07-30T18:20:35,31,עור,ביר הדאג',language,רוסית,2
2026-07-30T18:20:46,31,עור,בני נעים,gender,גבר,30
2026-07-30T18:20:46,31,עור,בני נעים,gender,אישה,13
2026-07-30T18:20:46,31,עור,בני נעים,visit_type,ביקור במרפאה,45
2026-07-30T18:20:46,31,עור,בני נעים,language,אנגלית,6
2026-07-30T18:20:46,31,עור,בני נעים,language,בולגרית,1
2026-07-30T18:20:46,31,עור,בני נעים,language,עברית,9
2026-07-30T18:20:46,31,עור,בני נעים,language,ערבית,1
2026-07-30T18:20:46,31,עור,בני נעים,language,רוסית,5
2026-07-30T18:20:59,31,עור,בקעות,gender,גבר,24
2026-07-30T18:20:59,31,עור,בקעות,gender,אישה,19
2026-07-30T18:20:59,31,עור,בקעות,visit_type,ביקור במרפאה,45
2026-07-30T18:20:59,31,עור,בקעות,language,אנגלית,6
2026-07-30T18:20:59,31,עור,בקעות,language,ספרדית,1
2026-07-30T18:20:59,31,עור,בקעות,language,עברית,13
2026-07-30T18:20:59,31,עור,בקעות,language,צרפתית,4
2026-07-30T18:20:59,31,עור,בקעות,language,רוסית,7
2026-07-30T18:21:08,31,עור,ברעם,gender,גבר,47
2026-07-30T18:21:08,31,עור,ברעם,gender,אישה,6
2026-07-30T18:21:08,31,עור,ברעם,visit_type,ביקור במרפאה,53
2026-07-30T18:21:08,31,עור,ברעם,language,אנגלית,21
2026-07-30T18:21:08,31,עור,ברעם,language,עברית,21
2026-07-30T18:21:08,31,עור,ברעם,language,ערבית,17
2026-07-30T18:21:08,31,עור,ברעם,language,רומנית,4
2026-07-30T18:21:08,31,עור,ברעם,language,רוסית,2
2026-07-30T18:21:21,31,עור,ג'באליה,gender,גבר,30
2026-07-30T18:21:21,31,עור,ג'באליה,gender,אישה,13
2026-07-30T18:21:21,31,עור,ג'באליה,visit_type,ביקור במרפאה,45
2026-07-30T18:21:21,31,עור,ג'באליה,language,אנגלית,6
2026-07-30T18:21:21,31,עור,ג'באליה,language,בולגרית,1
2026-07-30T18:21:21,31,עור,ג'באליה,language,עברית,9
2026-07-30T18:21:21,31,עור,ג'באליה,language,ערבית,1
2026-07-30T18:21:21,31,עור,ג'באליה,language,רוסית,5
2026-07-30T18:21:36,31,עור,גבעולים,gender,גבר,30
2026-07-30T18:21:36,31,עור,גבעולים,gender,אישה,13
2026-07-30T18:21:36,31,עור,גבעולים,visit_type,ביקור במרפאה,45
2026-07-30T18:21:36,31,עור,גבעולים,language,אנגלית,6
2026-07-30T18:21:36,31,עור,גבעולים,language,בולגרית,1
2026-07-30T18:21:36,31,עור,גבעולים,language,עברית,9
2026-07-30T18:21:36,31,עור,גבעולים,language,ערבית,1
2026-07-30T18:21:36,31,עור,גבעולים,language,רוסית,5
2026-07-30T18:21:49,31,עור,גורן,gender,גבר,35
2026-07-30T18:21:49,31,עור,גורן,gender,אישה,3
2026-07-30T18:21:49,31,עור,גורן,visit_type,ביקור במרפאה,38
2026-07-30T18:21:49,31,עור,גורן,language,אנגלית,19
2026-07-30T18:21:49,31,עור,גורן,language,גרמנית,7
2026-07-30T18:21:49,31,עור,גורן,language,עברית,38
2026-07-30T18:21:49,31,עור,גורן,language,ערבית,35
2026-07-30T18:21:49,31,עור,גורן,language,רומנית,10
2026-07-30T18:21:49,31,עור,גורן,language,רוסית,2
2026-07-30T18:21:56,31,עור,גיניגר,gender,גבר,47
2026-07-30T18:21:56,31,עור,גיניגר,gender,אישה,6
2026-07-30T18:21:56,31,עור,גיניגר,visit_type,ביקור במרפאה,53
2026-07-30T18:21:56,31,עור,גיניגר,language,אנגלית,21
2026-07-30T18:21:56,31,עור,גיניגר,language,עברית,21
2026-07-30T18:21:56,31,עור,גיניגר,language,ערבית,17
2026-07-30T18:21:56,31,עור,גיניגר,language,רומנית,4
2026-07-30T18:21:56,31,עור,גיניגר,language,רוסית,2
2026-07-30T18:22:08,31,עור,גנות הדר,gender,אישה,15
2026-07-30T18:22:08,31,עור,גנות הדר,gender,גבר,33
2026-07-30T18:22:08,31,עור,גנות הדר,visit_type,ביקור במרפאה,49
2026-07-30T18:22:08,31,עור,גנות הדר,language,איטלקית,1
2026-07-30T18:22:08,31,עור,גנות הדר,language,אנגלית,5
2026-07-30T18:22:08,31,עור,גנות הדר,language,עברית,9
2026-07-30T18:22:08,31,עור,גנות הדר,language,ערבית,1
2026-07-30T18:22:08,31,עור,גנות הדר,language,צרפתית,2
2026-07-30T18:22:08,31,עור,גנות הדר,language,רומנית,1
2026-07-30T18:22:08,31,עור,גנות הדר,language,רוסית,6
2026-07-30T18:22:19,31,עור,גרופית,gender,גבר,1
2026-07-30T18:22:19,31,עור,גרופית,gender,אישה,1
2026-07-30T18:22:19,31,עור,גרופית,visit_type,ביקור במרפאה,6
2026-07-30T18:22:19,31,עור,גרופית,visit_type,שיחת טלפון,1
2026-07-30T18:22:22,31,עור,דברת,gender,גבר,73
2026-07-30T18:22:22,31,עור,דברת,gender,אישה,12
2026-07-30T18:22:22,31,עור,דברת,visit_type,ביקור במרפאה,85
2026-07-30T18:22:22,31,עור,דברת,language,איטלקית,1
2026-07-30T18:22:22,31,עור,דברת,language,אנגלית,35
2026-07-30T18:22:22,31,עור,דברת,language,עברית,39
2026-07-30T18:22:22,31,עור,דברת,language,ערבית,28
2026-07-30T18:22:22,31,עור,דברת,language,רומנית,5
2026-07-30T18:22:22,31,עור,דברת,language,רוסית,10
2026-07-30T18:22:39,31,עור,דורא,gender,גבר,30
2026-07-30T18:22:39,31,עור,דורא,gender,אישה,13
2026-07-30T18:22:39,31,עור,דורא,visit_type,ביקור במרפאה,45
2026-07-30T18:22:39,31,עור,דורא,language,אנגלית,6
2026-07-30T18:22:39,31,עור,דורא,language,בולגרית,1
2026-07-30T18:22:39,31,עור,דורא,language,עברית,9
2026-07-30T18:22:39,31,עור,דורא,language,ערבית,1
2026-07-30T18:22:39,31,עור,דורא,language,רוסית,5
2026-07-30T18:22:52,31,עור,דיר אבו משעל,gender,גבר,25
2026-07-30T18:22:52,31,עור,דיר אבו משעל,gender,אישה,13
2026-07-30T18:22:52,31,עור,דיר אבו משעל,visit_type,ביקור במרפאה,46
2026-07-30T18:22:52,31,עור,דיר אבו משעל,language,איטלקית,1
2026-07-30T18:22:52,31,עור,דיר אבו משעל,language,אנגלית,26
2026-07-30T18:22:52,31,עור,דיר אבו משעל,language,גרמנית,2
2026-07-30T18:22:52,31,עור,דיר אבו משעל,language,ספרדית,4
2026-07-30T18:22:52,31,עור,דיר אבו משעל,language,עברית,45
2026-07-30T18:22:52,31,עור,דיר אבו משעל,language,ערבית,7
2026-07-30T18:22:52,31,עור,דיר אבו משעל,language,צרפתית,3
2026-07-30T18:22:52,31,עור,דיר אבו משעל,language,רוסית,5
2026-07-30T18:23:06,31,עור,דריג'את,gender,גבר,22
2026-07-30T18:23:06,31,עור,דריג'את,gender,אישה,10
2026-07-30T18:23:06,31,עור,דריג'את,visit_type,ביקור במרפאה,34
2026-07-30T18:23:06,31,עור,דריג'את,language,אנגלית,4
2026-07-30T18:23:06,31,עור,דריג'את,language,בולגרית,1
2026-07-30T18:23:06,31,עור,דריג'את,language,עברית,6
2026-07-30T18:23:06,31,עור,דריג'את,language,ערבית,1
2026-07-30T18:23:06,31,עור,דריג'את,language,רוסית,2
2026-07-30T18:23:16,31,עור,הוזייל,gender,גבר,22
2026-07-30T18:23:16,31,עור,הוזייל,gender,אישה,10
2026-07-30T18:23:16,31,עור,הוזייל,visit_type,ביקור במרפאה,34
2026-07-30T18:23:16,31,עור,הוזייל,language,אנגלית,4
2026-07-30T18:23:16,31,עור,הוזייל,language,בולגרית,1
2026-07-30T18:23:16,31,עור,הוזייל,language,עברית,6
2026-07-30T18:23:16,31,עור,הוזייל,language,ערבית,1
2026-07-30T18:23:16,31,עור,הוזייל,language,רוסית,2
2026-07-30T18:23:26,31,עור,העוגן,gender,גבר,33
2026-07-30T18:23:26,31,עור,העוגן,gender,אישה,15
2026-07-30T18:23:26,31,עור,העוגן,visit_type,ביקור במרפאה,49
2026-07-30T18:23:26,31,עור,העוגן,language,איטלקית,1
2026-07-30T18:23:26,31,עור,העוגן,language,אנגלית,5
2026-07-30T18:23:26,31,עור,העוגן,language,עברית,9
2026-07-30T18:23:26,31,עור,העוגן,language,ערבית,1
2026-07-30T18:23:26,31,עור,העוגן,language,צרפתית,2
2026-07-30T18:23:26,31,עור,העוגן,language,רומנית,1
2026-07-30T18:23:26,31,עור,העוגן,language,רוסית,6
2026-07-30T18:23:39,31,עור,ורדון,gender,גבר,21
2026-07-30T18:23:39,31,עור,ורדון,gender,אישה,9
2026-07-30T18:23:39,31,עור,ורדון,visit_type,ביקור במרפאה,32
2026-07-30T18:23:39,31,עור,ורדון,language,אנגלית,4
2026-07-30T18:23:39,31,עור,ורדון,language,בולגרית,1
2026-07-30T18:23:39,31,עור,ורדון,language,עברית,7
2026-07-30T18:23:39,31,עור,ורדון,language,רוסית,5
2026-07-30T18:23:51,31,עור,זיקים,gender,גבר,21
2026-07-30T18:23:51,31,עור,זיקים,gender,אישה,9
2026-07-30T18:23:51,31,עור,זיקים,visit_type,ביקור במרפאה,32
2026-07-30T18:23:51,31,עור,זיקים,language,אנגלית,4
2026-07-30T18:23:51,31,עור,זיקים,language,בולגרית,1
2026-07-30T18:23:51,31,עור,זיקים,language,עברית,7
2026-07-30T18:23:51,31,עור,זיקים,language,רוסית,5
2026-07-30T18:24:03,31,עור,זרועה,gender,גבר,30
2026-07-30T18:24:03,31,עור,זרועה,gender,אישה,13
2026-07-30T18:24:03,31,עור,זרועה,visit_type,ביקור במרפאה,45
2026-07-30T18:24:03,31,עור,זרועה,language,אנגלית,6
2026-07-30T18:24:03,31,עור,זרועה,language,בולגרית,1
2026-07-30T18:24:03,31,עור,זרועה,language,עברית,9
2026-07-30T18:24:03,31,עור,זרועה,language,ערבית,1
2026-07-30T18:24:03,31,עור,זרועה,language,רוסית,5
2026-07-30T18:24:16,31,עור,חג'ה,gender,גבר,33
2026-07-30T18:24:16,31,עור,חג'ה,gender,אישה,15
2026-07-30T18:24:16,31,עור,חג'ה,visit_type,ביקור במרפאה,49
2026-07-30T18:24:16,31,עור,חג'ה,language,איטלקית,1
2026-07-30T18:24:16,31,עור,חג'ה,language,אנגלית,5
2026-07-30T18:24:16,31,עור,חג'ה,language,עברית,9
2026-07-30T18:24:16,31,עור,חג'ה,language,ערבית,1
2026-07-30T18:24:16,31,עור,חג'ה,language,צרפתית,2
2026-07-30T18:24:16,31,עור,חג'ה,language,רומנית,1
2026-07-30T18:24:16,31,עור,חג'ה,language,רוסית,6
2026-07-30T18:24:30,31,עור,חולית,gender,גבר,21
2026-07-30T18:24:30,31,עור,חולית,gender,אישה,9
2026-07-30T18:24:30,31,עור,חולית,visit_type,ביקור במרפאה,32
2026-07-30T18:24:30,31,עור,חולית,language,אנגלית,4
2026-07-30T18:24:30,31,עור,חולית,language,בולגרית,1
2026-07-30T18:24:30,31,עור,חולית,language,עברית,7
2026-07-30T18:24:30,31,עור,חולית,language,רוסית,5
2026-07-30T18:24:41,31,עור,חיננית,gender,גבר,59
2026-07-30T18:24:41,31,עור,חיננית,gender,אישה,21
2026-07-30T18:24:41,31,עור,חיננית,visit_type,ביקור במרפאה,81
2026-07-30T18:24:41,31,עור,חיננית,language,איטלקית,1
2026-07-30T18:24:41,31,עור,חיננית,language,אנגלית,23
2026-07-30T18:24:41,31,עור,חיננית,language,עברית,27
2026-07-30T18:24:41,31,עור,חיננית,language,ערבית,14
2026-07-30T18:24:41,31,עור,חיננית,language,צרפתית,2
2026-07-30T18:24:41,31,עור,חיננית,language,רומנית,1
2026-07-30T18:24:41,31,עור,חיננית,language,רוסית,10
2026-07-30T18:24:59,31,עור,חניאל,gender,גבר,33
2026-07-30T18:24:59,31,עור,חניאל,gender,אישה,15
2026-07-30T18:24:59,31,עור,חניאל,visit_type,ביקור במרפאה,49
2026-07-30T18:24:59,31,עור,חניאל,language,איטלקית,1
2026-07-30T18:24:59,31,עור,חניאל,language,אנגלית,5
2026-07-30T18:24:59,31,עור,חניאל,language,עברית,9
2026-07-30T18:24:59,31,עור,חניאל,language,ערבית,1
2026-07-30T18:24:59,31,עור,חניאל,language,צרפתית,2
2026-07-30T18:24:59,31,עור,חניאל,language,רומנית,1
2026-07-30T18:24:59,31,עור,חניאל,language,רוסית,6
2026-07-30T18:25:13,31,עור,חצרים,gender,גבר,30
2026-07-30T18:25:13,31,עור,חצרים,gender,אישה,13
2026-07-30T18:25:13,31,עור,חצרים,visit_type,ביקור במרפאה,45
2026-07-30T18:25:13,31,עור,חצרים,language,אנגלית,6
2026-07-30T18:25:13,31,עור,חצרים,language,בולגרית,1
2026-07-30T18:25:13,31,עור,חצרים,language,עברית,9
2026-07-30T18:25:13,31,עור,חצרים,language,ערבית,1
2026-07-30T18:25:13,31,עור,חצרים,language,רוסית,5
2026-07-30T18:25:26,31,עור,טובאס,gender,גבר,33
2026-07-30T18:25:26,31,עור,טובאס,gender,אישה,15
2026-07-30T18:25:26,31,עור,טובאס,visit_type,ביקור במרפאה,49
2026-07-30T18:25:26,31,עור,טובאס,language,איטלקית,1
2026-07-30T18:25:26,31,עור,טובאס,language,אנגלית,5
2026-07-30T18:25:26,31,עור,טובאס,language,עברית,9
2026-07-30T18:25:26,31,עור,טובאס,language,ערבית,1
2026-07-30T18:25:26,31,עור,טובאס,language,צרפתית,2
2026-07-30T18:25:26,31,עור,טובאס,language,רומנית,1
2026-07-30T18:25:26,31,עור,טובאס,language,רוסית,6
2026-07-30T18:25:40,31,עור,טירת צבי,gender,גבר,73
2026-07-30T18:25:40,31,עור,טירת צבי,gender,אישה,12
2026-07-30T18:25:40,31,עור,טירת צבי,visit_type,ביקור במרפאה,85
2026-07-30T18:25:40,31,עור,טירת צבי,language,איטלקית,1
2026-07-30T18:25:40,31,עור,טירת צבי,language,אנגלית,35
2026-07-30T18:25:40,31,עור,טירת צבי,language,עברית,39
2026-07-30T18:25:40,31,עור,טירת צבי,language,ערבית,28
2026-07-30T18:25:40,31,עור,טירת צבי,language,רומנית,5
2026-07-30T18:25:40,31,עור,טירת צבי,language,רוסית,10
2026-07-30T18:25:57,31,עור,טפחות,gender,גבר,47
2026-07-30T18:25:57,31,עור,טפחות,gender,אישה,6
2026-07-30T18:25:57,31,עור,טפחות,visit_type,ביקור במרפאה,53
2026-07-30T18:25:57,31,עור,טפחות,language,אנגלית,21
2026-07-30T18:25:57,31,עור,טפחות,language,עברית,21
2026-07-30T18:25:57,31,עור,טפחות,language,ערבית,17
2026-07-30T18:25:57,31,עור,טפחות,language,רומנית,4
2026-07-30T18:25:57,31,עור,טפחות,language,רוסית,2
2026-07-30T18:26:06,31,עור,יברוד,gender,אישה,19
2026-07-30T18:26:06,31,עור,יברוד,gender,גבר,24
2026-07-30T18:26:06,31,עור,יברוד,visit_type,ביקור במרפאה,45
2026-07-30T18:26:06,31,עור,יברוד,language,אנגלית,6
2026-07-30T18:26:06,31,עור,יברוד,language,ספרדית,1
2026-07-30T18:26:06,31,עור,יברוד,language,עברית,13
2026-07-30T18:26:06,31,עור,יברוד,language,צרפתית,4
2026-07-30T18:26:06,31,עור,יברוד,language,רוסית,7
2026-07-30T18:26:15,31,עור,יהוד מונוסון,gender,גבר,34
2026-07-30T18:26:15,31,עור,יהוד מונוסון,gender,אישה,19
2026-07-30T18:26:15,31,עור,יהוד מונוסון,visit_type,ביקור במרפאה,62
2026-07-30T18:26:15,31,עור,יהוד מונוסון,language,איטלקית,1
2026-07-30T18:26:15,31,עור,יהוד מונוסון,language,אנגלית,27
2026-07-30T18:26:15,31,עור,יהוד מונוסון,language,גרמנית,2
2026-07-30T18:26:15,31,עור,יהוד מונוסון,language,ספרדית,4
2026-07-30T18:26:15,31,עור,יהוד מונוסון,language,עברית,46
2026-07-30T18:26:15,31,עור,יהוד מונוסון,language,ערבית,7
2026-07-30T18:26:15,31,עור,יהוד מונוסון,language,צרפתית,4
2026-07-30T18:26:15,31,עור,יהוד מונוסון,language,רוסית,5
2026-07-30T18:26:31,31,עור,יטבתה,gender,גבר,1
2026-07-30T18:26:31,31,עור,יטבתה,gender,אישה,1
2026-07-30T18:26:31,31,עור,יטבתה,visit_type,ביקור במרפאה,6
2026-07-30T18:26:31,31,עור,יטבתה,visit_type,שיחת טלפון,1
2026-07-30T18:26:34,31,עור,יעל,gender,גבר,73
2026-07-30T18:26:34,31,עור,יעל,gender,אישה,12
2026-07-30T18:26:34,31,עור,יעל,visit_type,ביקור במרפאה,85
2026-07-30T18:26:34,31,עור,יעל,language,איטלקית,1
2026-07-30T18:26:34,31,עור,יעל,language,אנגלית,35
2026-07-30T18:26:34,31,עור,יעל,language,עברית,39
2026-07-30T18:26:34,31,עור,יעל,language,ערבית,28
2026-07-30T18:26:34,31,עור,יעל,language,רומנית,5
2026-07-30T18:26:34,31,עור,יעל,language,רוסית,10
2026-07-30T18:26:49,31,עור,יקיר,gender,גבר,33
2026-07-30T18:26:49,31,עור,יקיר,gender,אישה,15
2026-07-30T18:26:49,31,עור,יקיר,visit_type,ביקור במרפאה,49
2026-07-30T18:26:49,31,עור,יקיר,language,איטלקית,1
2026-07-30T18:26:49,31,עור,יקיר,language,אנגלית,5
2026-07-30T18:26:49,31,עור,יקיר,language,עברית,9
2026-07-30T18:26:49,31,עור,יקיר,language,ערבית,1
2026-07-30T18:26:49,31,עור,יקיר,language,צרפתית,2
2026-07-30T18:26:49,31,עור,יקיר,language,רומנית,1
2026-07-30T18:26:49,31,עור,יקיר,language,רוסית,6
2026-07-30T18:27:02,31,עור,ירקונה,gender,גבר,34
2026-07-30T18:27:02,31,עור,ירקונה,gender,אישה,19
2026-07-30T18:27:02,31,עור,ירקונה,visit_type,ביקור במרפאה,62
2026-07-30T18:27:02,31,עור,ירקונה,language,איטלקית,1
2026-07-30T18:27:02,31,עור,ירקונה,language,אנגלית,27
2026-07-30T18:27:02,31,עור,ירקונה,language,גרמנית,2
2026-07-30T18:27:02,31,עור,ירקונה,language,ספרדית,4
2026-07-30T18:27:02,31,עור,ירקונה,language,עברית,46
2026-07-30T18:27:02,31,עור,ירקונה,language,ערבית,7
2026-07-30T18:27:02,31,עור,ירקונה,language,צרפתית,4
2026-07-30T18:27:02,31,עור,ירקונה,language,רוסית,5
2026-07-30T18:27:20,31,עור,כדורי,gender,גבר,47
2026-07-30T18:27:20,31,עור,כדורי,gender,אישה,6
2026-07-30T18:27:20,31,עור,כדורי,visit_type,ביקור במרפאה,53
2026-07-30T18:27:20,31,עור,כדורי,language,אנגלית,21
2026-07-30T18:27:20,31,עור,כדורי,language,עברית,21
2026-07-30T18:27:20,31,עור,כדורי,language,ערבית,17
2026-07-30T18:27:20,31,עור,כדורי,language,רומנית,4
2026-07-30T18:27:20,31,עור,כדורי,language,רוסית,2
2026-07-30T18:27:30,31,עור,כורזים,gender,גבר,47
2026-07-30T18:27:30,31,עור,כורזים,gender,אישה,6
2026-07-30T18:27:30,31,עור,כורזים,visit_type,ביקור במרפאה,53
2026-07-30T18:27:30,31,עור,כורזים,language,אנגלית,21
2026-07-30T18:27:30,31,עור,כורזים,language,עברית,21
2026-07-30T18:27:30,31,עור,כורזים,language,ערבית,17
2026-07-30T18:27:30,31,עור,כורזים,language,רומנית,4
2026-07-30T18:27:30,31,עור,כורזים,language,רוסית,2
2026-07-30T18:27:40,31,עור,כמאנה,gender,גבר,63
2026-07-30T18:27:40,31,עור,כמאנה,gender,אישה,10
2026-07-30T18:27:40,31,עור,כמאנה,visit_type,ביקור במרפאה,75
2026-07-30T18:27:40,31,עור,כמאנה,language,אידיש,2
2026-07-30T18:27:40,31,עור,כמאנה,language,אנגלית,49
2026-07-30T18:27:40,31,עור,כמאנה,language,גרמנית,7
2026-07-30T18:27:40,31,עור,כמאנה,language,עברית,72
2026-07-30T18:27:40,31,עור,כמאנה,language,ערבית,60
2026-07-30T18:27:40,31,עור,כמאנה,language,צרפתית,1
2026-07-30T18:27:40,31,עור,כמאנה,language,רומנית,15
2026-07-30T18:27:40,31,עור,כמאנה,language,רוסית,7
2026-07-30T18:27:56,31,עור,כפר א לבד,gender,גבר,33
2026-07-30T18:27:56,31,עור,כפר א לבד,gender,אישה,15
2026-07-30T18:27:56,31,עור,כפר א לבד,visit_type,ביקור במרפאה,49
2026-07-30T18:27:56,31,עור,כפר א לבד,language,איטלקית,1
2026-07-30T18:27:56,31,עור,כפר א לבד,language,אנגלית,5
2026-07-30T18:27:56,31,עור,כפר א לבד,language,עברית,9
2026-07-30T18:27:56,31,עור,כפר א לבד,language,ערבית,1
2026-07-30T18:27:56,31,עור,כפר א לבד,language,צרפתית,2
2026-07-30T18:27:56,31,עור,כפר א לבד,language,רומנית,1
2026-07-30T18:27:56,31,עור,כפר א לבד,language,רוסית,6
2026-07-30T18:28:09,31,עור,כרי דשא,gender,גבר,47
2026-07-30T18:28:09,31,עור,כרי דשא,gender,אישה,6
2026-07-30T18:28:09,31,עור,כרי דשא,visit_type,ביקור במרפאה,53
2026-07-30T18:28:09,31,עור,כרי דשא,language,אנגלית,21
2026-07-30T18:28:09,31,עור,כרי דשא,language,עברית,21
2026-07-30T18:28:09,31,עור,כרי דשא,language,ערבית,17
2026-07-30T18:28:09,31,עור,כרי דשא,language,רומנית,4
2026-07-30T18:28:09,31,עור,כרי דשא,language,רוסית,2
2026-07-30T18:28:21,31,עור,לב יתיר,gender,גבר,30
2026-07-30T18:28:21,31,עור,לב יתיר,gender,אישה,13
2026-07-30T18:28:21,31,עור,לב יתיר,visit_type,ביקור במרפאה,45
2026-07-30T18:28:21,31,עור,לב יתיר,language,אנגלית,6
2026-07-30T18:28:21,31,עור,לב יתיר,language,בולגרית,1
2026-07-30T18:28:21,31,עור,לב יתיר,language,עברית,9
2026-07-30T18:28:21,31,עור,לב יתיר,language,ערבית,1
2026-07-30T18:28:21,31,עור,לב יתיר,language,רוסית,5
2026-07-30T18:28:34,31,עור,לוזית,gender,אישה,19
2026-07-30T18:28:34,31,עור,לוזית,gender,גבר,24
2026-07-30T18:28:34,31,עור,לוזית,visit_type,ביקור במרפאה,45
2026-07-30T18:28:34,31,עור,לוזית,language,אנגלית,6
2026-07-30T18:28:34,31,עור,לוזית,language,ספרדית,1
2026-07-30T18:28:34,31,עור,לוזית,language,עברית,13
2026-07-30T18:28:34,31,עור,לוזית,language,צרפתית,4
2026-07-30T18:28:34,31,עור,לוזית,language,רוסית,7
2026-07-30T18:28:44,31,עור,מאיר שפיה,gender,גבר,59
2026-07-30T18:28:44,31,עור,מאיר שפיה,gender,אישה,21
2026-07-30T18:28:44,31,עור,מאיר שפיה,visit_type,ביקור במרפאה,81
2026-07-30T18:28:44,31,עור,מאיר שפיה,language,איטלקית,1
2026-07-30T18:28:44,31,עור,מאיר שפיה,language,אנגלית,23
2026-07-30T18:28:44,31,עור,מאיר שפיה,language,עברית,27
2026-07-30T18:28:44,31,עור,מאיר שפיה,language,ערבית,14
2026-07-30T18:28:44,31,עור,מאיר שפיה,language,צרפתית,2
2026-07-30T18:28:44,31,עור,מאיר שפיה,language,רומנית,1
2026-07-30T18:28:44,31,עור,מאיר שפיה,language,רוסית,10
2026-07-30T18:29:02,31,עור,מבקיעים,gender,אישה,9
2026-07-30T18:29:02,31,עור,מבקיעים,gender,גבר,21
2026-07-30T18:29:02,31,עור,מבקיעים,visit_type,ביקור במרפאה,32
2026-07-30T18:29:02,31,עור,מבקיעים,language,אנגלית,4
2026-07-30T18:29:02,31,עור,מבקיעים,language,בולגרית,1
2026-07-30T18:29:02,31,עור,מבקיעים,language,עברית,7
2026-07-30T18:29:02,31,עור,מבקיעים,language,רוסית,5
2026-07-30T18:29:15,31,עור,מגדל תפן,gender,גבר,63
2026-07-30T18:29:15,31,עור,מגדל תפן,gender,אישה,10
2026-07-30T18:29:15,31,עור,מגדל תפן,visit_type,ביקור במרפאה,75
2026-07-30T18:29:15,31,עור,מגדל תפן,language,אידיש,2
2026-07-30T18:29:15,31,עור,מגדל תפן,language,אנגלית,49
2026-07-30T18:29:15,31,עור,מגדל תפן,language,גרמנית,7
2026-07-30T18:29:15,31,עור,מגדל תפן,language,עברית,72
2026-07-30T18:29:15,31,עור,מגדל תפן,language,ערבית,60
2026-07-30T18:29:15,31,עור,מגדל תפן,language,צרפתית,1
2026-07-30T18:29:15,31,עור,מגדל תפן,language,רומנית,15
2026-07-30T18:29:15,31,עור,מגדל תפן,language,רוסית,7
2026-07-30T18:29:30,31,עור,מוע'ייר,gender,אישה,19
2026-07-30T18:29:30,31,עור,מוע'ייר,gender,גבר,24
2026-07-30T18:29:30,31,עור,מוע'ייר,visit_type,ביקור במרפאה,45
2026-07-30T18:29:30,31,עור,מוע'ייר,language,אנגלית,6
2026-07-30T18:29:30,31,עור,מוע'ייר,language,ספרדית,1
2026-07-30T18:29:30,31,עור,מוע'ייר,language,עברית,13
2026-07-30T18:29:30,31,עור,מוע'ייר,language,צרפתית,4
2026-07-30T18:29:30,31,עור,מוע'ייר,language,רוסית,7
2026-07-30T18:29:39,31,עור,מזרעה אל קיבליה,gender,אישה,19
2026-07-30T18:29:39,31,עור,מזרעה אל קיבליה,gender,גבר,24
2026-07-30T18:29:39,31,עור,מזרעה אל קיבליה,visit_type,ביקור במרפאה,45
2026-07-30T18:29:39,31,עור,מזרעה אל קיבליה,language,אנגלית,6
2026-07-30T18:29:39,31,עור,מזרעה אל קיבליה,language,ספרדית,1
2026-07-30T18:29:39,31,עור,מזרעה אל קיבליה,language,עברית,13
2026-07-30T18:29:39,31,עור,מזרעה אל קיבליה,language,צרפתית,4
2026-07-30T18:29:39,31,עור,מזרעה אל קיבליה,language,רוסית,7
2026-07-30T18:29:48,31,עור,מיצר,gender,גבר,47
2026-07-30T18:29:48,31,עור,מיצר,gender,אישה,6
2026-07-30T18:29:48,31,עור,מיצר,visit_type,ביקור במרפאה,53
2026-07-30T18:29:48,31,עור,מיצר,language,אנגלית,21
2026-07-30T18:29:48,31,עור,מיצר,language,עברית,21
2026-07-30T18:29:48,31,עור,מיצר,language,ערבית,17
2026-07-30T18:29:48,31,עור,מיצר,language,רומנית,4
2026-07-30T18:29:48,31,עור,מיצר,language,רוסית,2
2026-07-30T18:29:59,31,עור,מלאה,gender,גבר,73
2026-07-30T18:29:59,31,עור,מלאה,gender,אישה,12
2026-07-30T18:29:59,31,עור,מלאה,visit_type,ביקור במרפאה,85
2026-07-30T18:29:59,31,עור,מלאה,language,איטלקית,1
2026-07-30T18:29:59,31,עור,מלאה,language,אנגלית,35
2026-07-30T18:29:59,31,עור,מלאה,language,עברית,39
2026-07-30T18:29:59,31,עור,מלאה,language,ערבית,28
2026-07-30T18:29:59,31,עור,מלאה,language,רומנית,5
2026-07-30T18:29:59,31,עור,מלאה,language,רוסית,10
2026-07-30T18:30:15,31,עור,מסד,gender,גבר,47
2026-07-30T18:30:15,31,עור,מסד,gender,אישה,6
2026-07-30T18:30:15,31,עור,מסד,visit_type,ביקור במרפאה,53
2026-07-30T18:30:15,31,עור,מסד,language,אנגלית,21
2026-07-30T18:30:15,31,עור,מסד,language,עברית,21
2026-07-30T18:30:15,31,עור,מסד,language,ערבית,17
2026-07-30T18:30:15,31,עור,מסד,language,רומנית,4
2026-07-30T18:30:15,31,עור,מסד,language,רוסית,2
2026-07-30T18:30:27,31,עור,מעגלים,gender,גבר,30
2026-07-30T18:30:27,31,עור,מעגלים,gender,אישה,13
2026-07-30T18:30:27,31,עור,מעגלים,visit_type,ביקור במרפאה,45
2026-07-30T18:30:27,31,עור,מעגלים,language,אנגלית,6
2026-07-30T18:30:27,31,עור,מעגלים,language,בולגרית,1
2026-07-30T18:30:27,31,עור,מעגלים,language,עברית,9
2026-07-30T18:30:27,31,עור,מעגלים,language,ערבית,1
2026-07-30T18:30:27,31,עור,מעגלים,language,רוסית,5
2026-07-30T18:30:43,31,עור,מפעלי אבשלום,gender,גבר,30
2026-07-30T18:30:43,31,עור,מפעלי אבשלום,gender,אישה,13
2026-07-30T18:30:43,31,עור,מפעלי אבשלום,visit_type,ביקור במרפאה,45
2026-07-30T18:30:43,31,עור,מפעלי אבשלום,language,אנגלית,6
2026-07-30T18:30:43,31,עור,מפעלי אבשלום,language,בולגרית,1
2026-07-30T18:30:43,31,עור,מפעלי אבשלום,language,עברית,9
2026-07-30T18:30:43,31,עור,מפעלי אבשלום,language,ערבית,1
2026-07-30T18:30:43,31,עור,מפעלי אבשלום,language,רוסית,5
2026-07-30T18:30:57,31,עור,מצדות יהודה,gender,גבר,30
2026-07-30T18:30:57,31,עור,מצדות יהודה,gender,אישה,13
2026-07-30T18:30:57,31,עור,מצדות יהודה,visit_type,ביקור במרפאה,45
2026-07-30T18:30:57,31,עור,מצדות יהודה,language,אנגלית,6
2026-07-30T18:30:57,31,עור,מצדות יהודה,language,בולגרית,1
2026-07-30T18:30:57,31,עור,מצדות יהודה,language,עברית,9
2026-07-30T18:30:57,31,עור,מצדות יהודה,language,ערבית,1
2026-07-30T18:30:57,31,עור,מצדות יהודה,language,רוסית,5
2026-07-30T18:31:10,31,עור,מרג' נעג'ה,gender,אישה,19
2026-07-30T18:31:10,31,עור,מרג' נעג'ה,gender,גבר,24
2026-07-30T18:31:10,31,עור,מרג' נעג'ה,visit_type,ביקור במרפאה,45
2026-07-30T18:31:10,31,עור,מרג' נעג'ה,language,אנגלית,6
2026-07-30T18:31:10,31,עור,מרג' נעג'ה,language,ספרדית,1
2026-07-30T18:31:10,31,עור,מרג' נעג'ה,language,עברית,13
2026-07-30T18:31:10,31,עור,מרג' נעג'ה,language,צרפתית,4
2026-07-30T18:31:10,31,עור,מרג' נעג'ה,language,רוסית,7
2026-07-30T18:31:20,31,עור,משאבי שדה,gender,גבר,22
2026-07-30T18:31:20,31,עור,משאבי שדה,gender,אישה,10
2026-07-30T18:31:20,31,עור,משאבי שדה,visit_type,ביקור במרפאה,34
2026-07-30T18:31:20,31,עור,משאבי שדה,language,אנגלית,4
2026-07-30T18:31:20,31,עור,משאבי שדה,language,בולגרית,1
2026-07-30T18:31:20,31,עור,משאבי שדה,language,עברית,6
2026-07-30T18:31:20,31,עור,משאבי שדה,language,ערבית,1
2026-07-30T18:31:20,31,עור,משאבי שדה,language,רוסית,2
2026-07-30T18:31:29,31,עור,מתן,gender,גבר,34
2026-07-30T18:31:29,31,עור,מתן,gender,אישה,19
2026-07-30T18:31:29,31,עור,מתן,visit_type,ביקור במרפאה,62
2026-07-30T18:31:29,31,עור,מתן,language,איטלקית,1
2026-07-30T18:31:29,31,עור,מתן,language,אנגלית,27
2026-07-30T18:31:29,31,עור,מתן,language,גרמנית,2
2026-07-30T18:31:29,31,עור,מתן,language,ספרדית,4
2026-07-30T18:31:29,31,עור,מתן,language,עברית,46
2026-07-30T18:31:29,31,עור,מתן,language,ערבית,7
2026-07-30T18:31:29,31,עור,מתן,language,צרפתית,4
2026-07-30T18:31:29,31,עור,מתן,language,רוסית,5
2026-07-30T18:31:48,31,עור,נבטים,gender,גבר,30
2026-07-30T18:31:48,31,עור,נבטים,gender,אישה,13
2026-07-30T18:31:48,31,עור,נבטים,visit_type,ביקור במרפאה,45
2026-07-30T18:31:48,31,עור,נבטים,language,אנגלית,6
2026-07-30T18:31:48,31,עור,נבטים,language,בולגרית,1
2026-07-30T18:31:48,31,עור,נבטים,language,עברית,9
2026-07-30T18:31:48,31,עור,נבטים,language,ערבית,1
2026-07-30T18:31:48,31,עור,נבטים,language,רוסית,5
2026-07-30T18:32:02,31,עור,נווה,gender,אישה,9
2026-07-30T18:32:02,31,עור,נווה,gender,גבר,21
2026-07-30T18:32:02,31,עור,נווה,visit_type,ביקור במרפאה,32
2026-07-30T18:32:02,31,עור,נווה,language,אנגלית,4
2026-07-30T18:32:02,31,עור,נווה,language,בולגרית,1
2026-07-30T18:32:02,31,עור,נווה,language,עברית,7
2026-07-30T18:32:02,31,עור,נווה,language,רוסית,5
2026-07-30T18:32:12,31,עור,נזלת זיד,gender,גבר,33
2026-07-30T18:32:12,31,עור,נזלת זיד,gender,אישה,15
2026-07-30T18:32:12,31,עור,נזלת זיד,visit_type,ביקור במרפאה,49
2026-07-30T18:32:12,31,עור,נזלת זיד,language,איטלקית,1
2026-07-30T18:32:12,31,עור,נזלת זיד,language,אנגלית,5
2026-07-30T18:32:12,31,עור,נזלת זיד,language,עברית,9
2026-07-30T18:32:12,31,עור,נזלת זיד,language,ערבית,1
2026-07-30T18:32:12,31,עור,נזלת זיד,language,צרפתית,2
2026-07-30T18:32:12,31,עור,נזלת זיד,language,רומנית,1
2026-07-30T18:32:12,31,עור,נזלת זיד,language,רוסית,6
2026-07-30T18:32:26,31,עור,נחשון,gender,גבר,28
2026-07-30T18:32:26,31,עור,נחשון,gender,אישה,6
2026-07-30T18:32:26,31,עור,נחשון,visit_type,ביקור במרפאה,34
2026-07-30T18:32:26,31,עור,נחשון,visit_type,שיחת טלפון,2
2026-07-30T18:32:26,31,עור,נחשון,language,אנגלית,4
2026-07-30T18:32:26,31,עור,נחשון,language,אפריקנס,1
2026-07-30T18:32:26,31,עור,נחשון,language,הולנדית,1
2026-07-30T18:32:26,31,עור,נחשון,language,עברית,8
2026-07-30T18:32:26,31,עור,נחשון,language,רוסית,3
2026-07-30T18:32:34,31,עור,ניצן,gender,אישה,9
2026-07-30T18:32:34,31,עור,ניצן,gender,גבר,21
2026-07-30T18:32:34,31,עור,ניצן,visit_type,ביקור במרפאה,32
2026-07-30T18:32:34,31,עור,ניצן,language,אנגלית,4
2026-07-30T18:32:34,31,עור,ניצן,language,בולגרית,1
2026-07-30T18:32:34,31,עור,ניצן,language,עברית,7
2026-07-30T18:32:34,31,עור,ניצן,language,רוסית,5
2026-07-30T18:32:44,31,עור,נס ציונה,gender,גבר,38
2026-07-30T18:32:44,31,עור,נס ציונה,gender,אישה,13
2026-07-30T18:32:44,31,עור,נס ציונה,visit_type,ביקור במרפאה,52
2026-07-30T18:32:44,31,עור,נס ציונה,visit_type,שיחת טלפון,2
2026-07-30T18:32:44,31,עור,נס ציונה,language,אנגלית,10
2026-07-30T18:32:44,31,עור,נס ציונה,language,אפריקנס,1
2026-07-30T18:32:44,31,עור,נס ציונה,language,גרמנית,1
2026-07-30T18:32:44,31,עור,נס ציונה,language,הולנדית,1
2026-07-30T18:32:44,31,עור,נס ציונה,language,עברית,16
2026-07-30T18:32:44,31,עור,נס ציונה,language,צרפתית,1
2026-07-30T18:32:44,31,עור,נס ציונה,language,רומנית,1
2026-07-30T18:32:44,31,עור,נס ציונה,language,רוסית,7
2026-07-30T18:32:54,31,עור,נתיב הגדוד,gender,גבר,24
2026-07-30T18:32:54,31,עור,נתיב הגדוד,gender,אישה,19
2026-07-30T18:32:54,31,עור,נתיב הגדוד,visit_type,ביקור במרפאה,45
2026-07-30T18:32:54,31,עור,נתיב הגדוד,language,אנגלית,6
2026-07-30T18:32:54,31,עור,נתיב הגדוד,language,ספרדית,1
2026-07-30T18:32:54,31,עור,נתיב הגדוד,language,עברית,13
2026-07-30T18:32:54,31,עור,נתיב הגדוד,language,צרפתית,4
2026-07-30T18:32:54,31,עור,נתיב הגדוד,language,רוסית,7
2026-07-30T18:33:03,31,עור,סאסא,gender,גבר,47
2026-07-30T18:33:03,31,עור,סאסא,gender,אישה,6
2026-07-30T18:33:03,31,עור,סאסא,visit_type,ביקור במרפאה,53
2026-07-30T18:33:03,31,עור,סאסא,language,אנגלית,21
2026-07-30T18:33:03,31,עור,סאסא,language,עברית,21
2026-07-30T18:33:03,31,עור,סאסא,language,ערבית,17
2026-07-30T18:33:03,31,עור,סאסא,language,רומנית,4
2026-07-30T18:33:03,31,עור,סאסא,language,רוסית,2
2026-07-30T18:33:12,31,עור,סוריף,gender,גבר,24
2026-07-30T18:33:12,31,עור,סוריף,gender,אישה,19
2026-07-30T18:33:12,31,עור,סוריף,visit_type,ביקור במרפאה,45
2026-07-30T18:33:12,31,עור,סוריף,language,אנגלית,6
2026-07-30T18:33:12,31,עור,סוריף,language,ספרדית,1
2026-07-30T18:33:12,31,עור,סוריף,language,עברית,13
2026-07-30T18:33:12,31,עור,סוריף,language,צרפתית,4
2026-07-30T18:33:12,31,עור,סוריף,language,רוסית,7
2026-07-30T18:33:21,31,עור,סיריס,gender,גבר,33
2026-07-30T18:33:21,31,עור,סיריס,gender,אישה,15
2026-07-30T18:33:21,31,עור,סיריס,visit_type,ביקור במרפאה,49
2026-07-30T18:33:21,31,עור,סיריס,language,איטלקית,1
2026-07-30T18:33:21,31,עור,סיריס,language,אנגלית,5
2026-07-30T18:33:21,31,עור,סיריס,language,עברית,9
2026-07-30T18:33:21,31,עור,סיריס,language,ערבית,1
2026-07-30T18:33:21,31,עור,סיריס,language,צרפתית,2
2026-07-30T18:33:21,31,עור,סיריס,language,רומנית,1
2026-07-30T18:33:21,31,עור,סיריס,language,רוסית,6
2026-07-30T18:33:34,31,עור,סער,gender,גבר,35
2026-07-30T18:33:34,31,עור,סער,gender,אישה,3
2026-07-30T18:33:34,31,עור,סער,visit_type,ביקור במרפאה,38
2026-07-30T18:33:34,31,עור,סער,language,אנגלית,19
2026-07-30T18:33:34,31,עור,סער,language,גרמנית,7
2026-07-30T18:33:34,31,עור,סער,language,עברית,38
2026-07-30T18:33:34,31,עור,סער,language,ערבית,35
2026-07-30T18:33:34,31,עור,סער,language,רומנית,10
2026-07-30T18:33:34,31,עור,סער,language,רוסית,2
2026-07-30T18:33:42,31,עור,עבדה,gender,גבר,30
2026-07-30T18:33:42,31,עור,עבדה,gender,אישה,13
2026-07-30T18:33:42,31,עור,עבדה,visit_type,ביקור במרפאה,45
2026-07-30T18:33:42,31,עור,עבדה,language,אנגלית,6
2026-07-30T18:33:42,31,עור,עבדה,language,בולגרית,1
2026-07-30T18:33:42,31,עור,עבדה,language,עברית,9
2026-07-30T18:33:42,31,עור,עבדה,language,ערבית,1
2026-07-30T18:33:42,31,עור,עבדה,language,רוסית,5
2026-07-30T18:33:56,31,עור,עדי,gender,גבר,60
2026-07-30T18:33:56,31,עור,עדי,gender,אישה,17
2026-07-30T18:33:56,31,עור,עדי,visit_type,ביקור במרפאה,79
2026-07-30T18:33:56,31,עור,עדי,language,אידיש,2
2026-07-30T18:33:56,31,עור,עדי,language,איטלקית,1
2026-07-30T18:33:56,31,עור,עדי,language,אנגלית,40
2026-07-30T18:33:56,31,עור,עדי,language,עברית,48
2026-07-30T18:33:56,31,עור,עדי,language,ערבית,29
2026-07-30T18:33:56,31,עור,עדי,language,צרפתית,1
2026-07-30T18:33:56,31,עור,עדי,language,רומנית,6
2026-07-30T18:33:56,31,עור,עדי,language,רוסית,13
2026-07-30T18:34:13,31,עור,עופר,gender,גבר,60
2026-07-30T18:34:13,31,עור,עופר,gender,אישה,17
2026-07-30T18:34:13,31,עור,עופר,visit_type,ביקור במרפאה,79
2026-07-30T18:34:13,31,עור,עופר,language,אידיש,2
2026-07-30T18:34:13,31,עור,עופר,language,איטלקית,1
2026-07-30T18:34:13,31,עור,עופר,language,אנגלית,40
2026-07-30T18:34:13,31,עור,עופר,language,עברית,48
2026-07-30T18:34:13,31,עור,עופר,language,ערבית,29
2026-07-30T18:34:13,31,עור,עופר,language,צרפתית,1
2026-07-30T18:34:13,31,עור,עופר,language,רומנית,6
2026-07-30T18:34:13,31,עור,עופר,language,רוסית,13
2026-07-30T18:34:29,31,עור,עזריקם,gender,גבר,18
2026-07-30T18:34:29,31,עור,עזריקם,gender,אישה,6
2026-07-30T18:34:29,31,עור,עזריקם,visit_type,ביקור במרפאה,24
2026-07-30T18:34:29,31,עור,עזריקם,language,אנגלית,7
2026-07-30T18:34:29,31,עור,עזריקם,language,אפריקנס,1
2026-07-30T18:34:29,31,עור,עזריקם,language,הולנדית,1
2026-07-30T18:34:29,31,עור,עזריקם,language,עברית,10
2026-07-30T18:34:29,31,עור,עזריקם,language,רוסית,6
2026-07-30T18:34:34,31,עור,עין א סולטאן מחנה פליטים,gender,גבר,24
2026-07-30T18:34:34,31,עור,עין א סולטאן מחנה פליטים,gender,אישה,19
2026-07-30T18:34:34,31,עור,עין א סולטאן מחנה פליטים,visit_type,ביקור במרפאה,45
2026-07-30T18:34:34,31,עור,עין א סולטאן מחנה פליטים,language,אנגלית,6
2026-07-30T18:34:34,31,עור,עין א סולטאן מחנה פליטים,language,ספרדית,1
2026-07-30T18:34:34,31,עור,עין א סולטאן מחנה פליטים,language,עברית,13
2026-07-30T18:34:34,31,עור,עין א סולטאן מחנה פליטים,language,צרפתית,4
2026-07-30T18:34:34,31,עור,עין א סולטאן מחנה פליטים,language,רוסית,7
2026-07-30T18:34:42,31,עור,עלמון,gender,גבר,24
2026-07-30T18:34:42,31,עור,עלמון,gender,אישה,19
2026-07-30T18:34:42,31,עור,עלמון,visit_type,ביקור במרפאה,45
2026-07-30T18:34:42,31,עור,עלמון,language,אנגלית,6
2026-07-30T18:34:42,31,עור,עלמון,language,ספרדית,1
2026-07-30T18:34:42,31,עור,עלמון,language,עברית,13
2026-07-30T18:34:42,31,עור,עלמון,language,צרפתית,4
2026-07-30T18:34:42,31,עור,עלמון,language,רוסית,7
2026-07-30T18:34:51,31,עור,עמקה,gender,גבר,35
2026-07-30T18:34:51,31,עור,עמקה,gender,אישה,3
2026-07-30T18:34:51,31,עור,עמקה,visit_type,ביקור במרפאה,38
2026-07-30T18:34:51,31,עור,עמקה,language,אנגלית,19
2026-07-30T18:34:51,31,עור,עמקה,language,גרמנית,7
2026-07-30T18:34:51,31,עור,עמקה,language,עברית,38
2026-07-30T18:34:51,31,עור,עמקה,language,ערבית,35
2026-07-30T18:34:51,31,עור,עמקה,language,רומנית,10
2026-07-30T18:34:51,31,עור,עמקה,language,רוסית,2
2026-07-30T18:34:58,31,עור,עפרה,gender,גבר,25
2026-07-30T18:34:58,31,עור,עפרה,gender,אישה,19
2026-07-30T18:34:58,31,עור,עפרה,visit_type,ביקור במרפאה,46
2026-07-30T18:34:58,31,עור,עפרה,language,אנגלית,6
2026-07-30T18:34:58,31,עור,עפרה,language,ספרדית,1
2026-07-30T18:34:58,31,עור,עפרה,language,עברית,14
2026-07-30T18:34:58,31,עור,עפרה,language,צרפתית,5
2026-07-30T18:34:58,31,עור,עפרה,language,רוסית,7
2026-07-30T18:35:07,31,עור,ערבונה,gender,גבר,33
2026-07-30T18:35:07,31,עור,ערבונה,gender,אישה,15
2026-07-30T18:35:07,31,עור,ערבונה,visit_type,ביקור במרפאה,49
2026-07-30T18:35:07,31,עור,ערבונה,language,איטלקית,1
2026-07-30T18:35:07,31,עור,ערבונה,language,אנגלית,5
2026-07-30T18:35:07,31,עור,ערבונה,language,עברית,9
2026-07-30T18:35:07,31,עור,ערבונה,language,ערבית,1
2026-07-30T18:35:07,31,עור,ערבונה,language,צרפתית,2
2026-07-30T18:35:07,31,עור,ערבונה,language,רומנית,1
2026-07-30T18:35:07,31,עור,ערבונה,language,רוסית,6
2026-07-30T18:35:20,31,עור,פארן,gender,גבר,22
2026-07-30T18:35:20,31,עור,פארן,gender,אישה,10
2026-07-30T18:35:20,31,עור,פארן,visit_type,ביקור במרפאה,34
2026-07-30T18:35:20,31,עור,פארן,language,אנגלית,4
2026-07-30T18:35:20,31,עור,פארן,language,בולגרית,1
2026-07-30T18:35:20,31,עור,פארן,language,עברית,6
2026-07-30T18:35:20,31,עור,פארן,language,ערבית,1
2026-07-30T18:35:20,31,עור,פארן,language,רוסית,2
2026-07-30T18:35:30,31,עור,פוריה כפר עבודה,gender,גבר,47
2026-07-30T18:35:30,31,עור,פוריה כפר עבודה,gender,אישה,6
2026-07-30T18:35:30,31,עור,פוריה כפר עבודה,visit_type,ביקור במרפאה,53
2026-07-30T18:35:30,31,עור,פוריה כפר עבודה,language,אנגלית,21
2026-07-30T18:35:30,31,עור,פוריה כפר עבודה,language,עברית,21
2026-07-30T18:35:30,31,עור,פוריה כפר עבודה,language,ערבית,17
2026-07-30T18:35:30,31,עור,פוריה כפר עבודה,language,רומנית,4
2026-07-30T18:35:30,31,עור,פוריה כפר עבודה,language,רוסית,2
2026-07-30T18:35:40,31,עור,פנדקומיה,gender,גבר,33
2026-07-30T18:35:40,31,עור,פנדקומיה,gender,אישה,15
2026-07-30T18:35:40,31,עור,פנדקומיה,visit_type,ביקור במרפאה,49
2026-07-30T18:35:40,31,עור,פנדקומיה,language,איטלקית,1
2026-07-30T18:35:40,31,עור,פנדקומיה,language,אנגלית,5
2026-07-30T18:35:40,31,עור,פנדקומיה,language,עברית,9
2026-07-30T18:35:40,31,עור,פנדקומיה,language,ערבית,1
2026-07-30T18:35:40,31,עור,פנדקומיה,language,צרפתית,2
2026-07-30T18:35:40,31,עור,פנדקומיה,language,רומנית,1
2026-07-30T18:35:40,31,עור,פנדקומיה,language,רוסית,6
2026-07-30T18:35:53,31,עור,פרדס חנה כרכור,gender,גבר,59
2026-07-30T18:35:53,31,עור,פרדס חנה כרכור,gender,אישה,21
2026-07-30T18:35:53,31,עור,פרדס חנה כרכור,visit_type,ביקור במרפאה,81
2026-07-30T18:35:53,31,עור,פרדס חנה כרכור,language,איטלקית,1
2026-07-30T18:35:53,31,עור,פרדס חנה כרכור,language,אנגלית,23
2026-07-30T18:35:53,31,עור,פרדס חנה כרכור,language,עברית,27
2026-07-30T18:35:53,31,עור,פרדס חנה כרכור,language,ערבית,14
2026-07-30T18:35:53,31,עור,פרדס חנה כרכור,language,צרפתית,2
2026-07-30T18:35:53,31,עור,פרדס חנה כרכור,language,רומנית,1
2026-07-30T18:35:53,31,עור,פרדס חנה כרכור,language,רוסית,10
2026-07-30T18:36:11,31,עור,צאלים,gender,אישה,9
2026-07-30T18:36:11,31,עור,צאלים,gender,גבר,21
2026-07-30T18:36:11,31,עור,צאלים,visit_type,ביקור במרפאה,32
2026-07-30T18:36:11,31,עור,צאלים,language,אנגלית,4
2026-07-30T18:36:11,31,עור,צאלים,language,בולגרית,1
2026-07-30T18:36:11,31,עור,צאלים,language,עברית,7
2026-07-30T18:36:11,31,עור,צאלים,language,רוסית,5
2026-07-30T18:36:22,31,עור,צוקים,gender,גבר,22
2026-07-30T18:36:22,31,עור,צוקים,gender,אישה,10
2026-07-30T18:36:22,31,עור,צוקים,visit_type,ביקור במרפאה,34
2026-07-30T18:36:22,31,עור,צוקים,language,אנגלית,4
2026-07-30T18:36:22,31,עור,צוקים,language,בולגרית,1
2026-07-30T18:36:22,31,עור,צוקים,language,עברית,6
2026-07-30T18:36:22,31,עור,צוקים,language,ערבית,1
2026-07-30T18:36:22,31,עור,צוקים,language,רוסית,2
2026-07-30T18:36:31,31,עור,צרעה,gender,גבר,24
2026-07-30T18:36:31,31,עור,צרעה,gender,אישה,19
2026-07-30T18:36:31,31,עור,צרעה,visit_type,ביקור במרפאה,45
2026-07-30T18:36:31,31,עור,צרעה,language,אנגלית,6
2026-07-30T18:36:31,31,עור,צרעה,language,ספרדית,1
2026-07-30T18:36:31,31,עור,צרעה,language,עברית,13
2026-07-30T18:36:31,31,עור,צרעה,language,צרפתית,4
2026-07-30T18:36:31,31,עור,צרעה,language,רוסית,7
2026-07-30T18:36:40,31,עור,קדר,gender,גבר,24
2026-07-30T18:36:40,31,עור,קדר,gender,אישה,19
2026-07-30T18:36:40,31,עור,קדר,visit_type,ביקור במרפאה,45
2026-07-30T18:36:40,31,עור,קדר,language,אנגלית,6
2026-07-30T18:36:40,31,עור,קדר,language,ספרדית,1
2026-07-30T18:36:40,31,עור,קדר,language,עברית,13
2026-07-30T18:36:40,31,עור,קדר,language,צרפתית,4
2026-07-30T18:36:40,31,עור,קדר,language,רוסית,7
2026-07-30T18:36:48,31,עור,קטורה,gender,גבר,1
2026-07-30T18:36:48,31,עור,קטורה,gender,אישה,1
2026-07-30T18:36:48,31,עור,קטורה,visit_type,ביקור במרפאה,6
2026-07-30T18:36:48,31,עור,קטורה,visit_type,שיחת טלפון,1
2026-07-30T18:36:50,31,עור,קלקיליה,gender,גבר,33
2026-07-30T18:36:50,31,עור,קלקיליה,gender,אישה,15
2026-07-30T18:36:50,31,עור,קלקיליה,visit_type,ביקור במרפאה,49
2026-07-30T18:36:50,31,עור,קלקיליה,language,איטלקית,1
2026-07-30T18:36:50,31,עור,קלקיליה,language,אנגלית,5
2026-07-30T18:36:50,31,עור,קלקיליה,language,עברית,9
2026-07-30T18:36:50,31,עור,קלקיליה,language,ערבית,1
2026-07-30T18:36:50,31,עור,קלקיליה,language,צרפתית,2
2026-07-30T18:36:50,31,עור,קלקיליה,language,רומנית,1
2026-07-30T18:36:50,31,עור,קלקיליה,language,רוסית,6
2026-07-30T18:37:03,31,עור,קרית אתא,gender,גבר,49
2026-07-30T18:37:03,31,עור,קרית אתא,gender,אישה,9
2026-07-30T18:37:03,31,עור,קרית אתא,visit_type,ביקור במרפאה,60
2026-07-30T18:37:03,31,עור,קרית אתא,language,אידיש,2
2026-07-30T18:37:03,31,עור,קרית אתא,language,אנגלית,39
2026-07-30T18:37:03,31,עור,קרית אתא,language,גרמנית,6
2026-07-30T18:37:03,31,עור,קרית אתא,language,עברית,57
2026-07-30T18:37:03,31,עור,קרית אתא,language,ערבית,46
2026-07-30T18:37:03,31,עור,קרית אתא,language,צרפתית,1
2026-07-30T18:37:03,31,עור,קרית אתא,language,רומנית,11
2026-07-30T18:37:03,31,עור,קרית אתא,language,רוסית,6
2026-07-30T18:37:16,31,עור,ראס אל עין,gender,גבר,45
2026-07-30T18:37:16,31,עור,ראס אל עין,gender,אישה,6
2026-07-30T18:37:16,31,עור,ראס אל עין,visit_type,ביקור במרפאה,52
2026-07-30T18:37:16,31,עור,ראס אל עין,language,אידיש,1
2026-07-30T18:37:16,31,עור,ראס אל עין,language,אנגלית,28
2026-07-30T18:37:16,31,עור,ראס אל עין,language,גרמנית,7
2026-07-30T18:37:16,31,עור,ראס אל עין,language,עברית,51
2026-07-30T18:37:16,31,עור,ראס אל עין,language,ערבית,45
2026-07-30T18:37:16,31,עור,ראס אל עין,language,רומנית,12
2026-07-30T18:37:16,31,עור,ראס אל עין,language,רוסית,3
2026-07-30T18:37:27,31,עור,רגבה,gender,גבר,35
2026-07-30T18:37:27,31,עור,רגבה,gender,אישה,3
2026-07-30T18:37:27,31,עור,רגבה,visit_type,ביקור במרפאה,38
2026-07-30T18:37:27,31,עור,רגבה,language,אנגלית,19
2026-07-30T18:37:27,31,עור,רגבה,language,גרמנית,7
2026-07-30T18:37:27,31,עור,רגבה,language,עברית,38
2026-07-30T18:37:27,31,עור,רגבה,language,ערבית,35
2026-07-30T18:37:27,31,עור,רגבה,language,רומנית,10
2026-07-30T18:37:27,31,עור,רגבה,language,רוסית,2
2026-07-30T18:37:35,31,עור,רומת היב,gender,גבר,47
2026-07-30T18:37:35,31,עור,רומת היב,gender,אישה,6
2026-07-30T18:37:35,31,עור,רומת היב,visit_type,ביקור במרפאה,53
2026-07-30T18:37:35,31,עור,רומת היב,language,אנגלית,21
2026-07-30T18:37:35,31,עור,רומת היב,language,עברית,21
2026-07-30T18:37:35,31,עור,רומת היב,language,ערבית,17
2026-07-30T18:37:35,31,עור,רומת היב,language,רומנית,4
2026-07-30T18:37:35,31,עור,רומת היב,language,רוסית,2
2026-07-30T18:37:45,31,עור,רינתיה,gender,אישה,19
2026-07-30T18:37:45,31,עור,רינתיה,gender,גבר,34
2026-07-30T18:37:45,31,עור,רינתיה,visit_type,ביקור במרפאה,62
2026-07-30T18:37:45,31,עור,רינתיה,language,איטלקית,1
2026-07-30T18:37:45,31,עור,רינתיה,language,אנגלית,27
2026-07-30T18:37:45,31,עור,רינתיה,language,גרמנית,2
2026-07-30T18:37:45,31,עור,רינתיה,language,ספרדית,4
2026-07-30T18:37:45,31,עור,רינתיה,language,עברית,46
2026-07-30T18:37:45,31,עור,רינתיה,language,ערבית,7
2026-07-30T18:37:45,31,עור,רינתיה,language,צרפתית,4
2026-07-30T18:37:45,31,עור,רינתיה,language,רוסית,5
2026-07-30T18:38:02,31,עור,רמלה,gender,גבר,28
2026-07-30T18:38:02,31,עור,רמלה,gender,אישה,6
2026-07-30T18:38:02,31,עור,רמלה,visit_type,ביקור במרפאה,34
2026-07-30T18:38:02,31,עור,רמלה,visit_type,שיחת טלפון,2
2026-07-30T18:38:02,31,עור,רמלה,language,אנגלית,4
2026-07-30T18:38:02,31,עור,רמלה,language,אפריקנס,1
2026-07-30T18:38:02,31,עור,רמלה,language,הולנדית,1
2026-07-30T18:38:02,31,עור,רמלה,language,עברית,8
2026-07-30T18:38:02,31,עור,רמלה,language,רוסית,3
2026-07-30T18:38:09,31,עור,רשפון,gender,גבר,52
2026-07-30T18:38:09,31,עור,רשפון,gender,אישה,30
2026-07-30T18:38:09,31,עור,רשפון,visit_type,ביקור במרפאה,85
2026-07-30T18:38:09,31,עור,רשפון,language,אידיש,1
2026-07-30T18:38:09,31,עור,רשפון,language,איטלקית,1
2026-07-30T18:38:09,31,עור,רשפון,language,אנגלית,18
2026-07-30T18:38:09,31,עור,רשפון,language,אפריקנס,1
2026-07-30T18:38:09,31,עור,רשפון,language,גרמנית,1
2026-07-30T18:38:09,31,עור,רשפון,language,הולנדית,1
2026-07-30T18:38:09,31,עור,רשפון,language,ספרדית,2
2026-07-30T18:38:09,31,עור,רשפון,language,עברית,30
2026-07-30T18:38:09,31,עור,רשפון,language,ערבית,5
2026-07-30T18:38:09,31,עור,רשפון,language,צרפתית,2
2026-07-30T18:38:09,31,עור,רשפון,language,רומנית,1
2026-07-30T18:38:09,31,עור,רשפון,language,רוסית,8
2026-07-30T18:38:31,31,עור,שדה אליהו,gender,גבר,73
2026-07-30T18:38:31,31,עור,שדה אליהו,gender,אישה,12
2026-07-30T18:38:31,31,עור,שדה אליהו,visit_type,ביקור במרפאה,85
2026-07-30T18:38:31,31,עור,שדה אליהו,language,איטלקית,1
2026-07-30T18:38:31,31,עור,שדה אליהו,language,אנגלית,35
2026-07-30T18:38:31,31,עור,שדה אליהו,language,עברית,39
2026-07-30T18:38:31,31,עור,שדה אליהו,language,ערבית,28
2026-07-30T18:38:31,31,עור,שדה אליהו,language,רומנית,5
2026-07-30T18:38:31,31,עור,שדה אליהו,language,רוסית,10
2026-07-30T18:38:48,31,עור,שובה,gender,גבר,30
2026-07-30T18:38:48,31,עור,שובה,gender,אישה,13
2026-07-30T18:38:48,31,עור,שובה,visit_type,ביקור במרפאה,45
2026-07-30T18:38:48,31,עור,שובה,language,אנגלית,6
2026-07-30T18:38:48,31,עור,שובה,language,בולגרית,1
2026-07-30T18:38:48,31,עור,שובה,language,עברית,9
2026-07-30T18:38:48,31,עור,שובה,language,ערבית,1
2026-07-30T18:38:48,31,עור,שובה,language,רוסית,5
2026-07-30T18:39:02,31,עור,שחר,gender,אישה,9
2026-07-30T18:39:02,31,עור,שחר,gender,גבר,21
2026-07-30T18:39:02,31,עור,שחר,visit_type,ביקור במרפאה,32
2026-07-30T18:39:02,31,עור,שחר,language,אנגלית,4
2026-07-30T18:39:02,31,עור,שחר,language,בולגרית,1
2026-07-30T18:39:02,31,עור,שחר,language,עברית,7
2026-07-30T18:39:02,31,עור,שחר,language,רוסית,5
2026-07-30T18:39:13,31,עור,שכם,gender,גבר,33
2026-07-30T18:39:13,31,עור,שכם,gender,אישה,15
2026-07-30T18:39:13,31,עור,שכם,visit_type,ביקור במרפאה,49
2026-07-30T18:39:13,31,עור,שכם,language,איטלקית,1
2026-07-30T18:39:13,31,עור,שכם,language,אנגלית,5
2026-07-30T18:39:13,31,עור,שכם,language,עברית,9
2026-07-30T18:39:13,31,עור,שכם,language,ערבית,1
2026-07-30T18:39:13,31,עור,שכם,language,צרפתית,2
2026-07-30T18:39:13,31,עור,שכם,language,רומנית,1
2026-07-30T18:39:13,31,עור,שכם,language,רוסית,6
2026-07-30T18:39:25,31,עור,שמרת,gender,גבר,35
2026-07-30T18:39:25,31,עור,שמרת,gender,אישה,3
2026-07-30T18:39:25,31,עור,שמרת,visit_type,ביקור במרפאה,38
2026-07-30T18:39:25,31,עור,שמרת,language,אנגלית,19
2026-07-30T18:39:25,31,עור,שמרת,language,גרמנית,7
2026-07-30T18:39:25,31,עור,שמרת,language,עברית,38
2026-07-30T18:39:25,31,עור,שמרת,language,ערבית,35
2026-07-30T18:39:25,31,עור,שמרת,language,רומנית,10
2026-07-30T18:39:25,31,עור,שמרת,language,רוסית,2
2026-07-30T18:39:32,31,עור,שער מנשה,gender,גבר,33
2026-07-30T18:39:32,31,עור,שער מנשה,gender,אישה,15
2026-07-30T18:39:32,31,עור,שער מנשה,visit_type,ביקור במרפאה,49
2026-07-30T18:39:32,31,עור,שער מנשה,language,איטלקית,1
2026-07-30T18:39:32,31,עור,שער מנשה,language,אנגלית,5
2026-07-30T18:39:32,31,עור,שער מנשה,language,עברית,9
2026-07-30T18:39:32,31,עור,שער מנשה,language,ערבית,1
2026-07-30T18:39:32,31,עור,שער מנשה,language,צרפתית,2
2026-07-30T18:39:32,31,עור,שער מנשה,language,רומנית,1
2026-07-30T18:39:32,31,עור,שער מנשה,language,רוסית,6
2026-07-30T18:39:46,31,עור,שריד,gender,גבר,73
2026-07-30T18:39:46,31,עור,שריד,gender,אישה,12
2026-07-30T18:39:46,31,עור,שריד,visit_type,ביקור במרפאה,85
2026-07-30T18:39:46,31,עור,שריד,language,איטלקית,1
2026-07-30T18:39:46,31,עור,שריד,language,אנגלית,35
2026-07-30T18:39:46,31,עור,שריד,language,עברית,39
2026-07-30T18:39:46,31,עור,שריד,language,ערבית,28
2026-07-30T18:39:46,31,עור,שריד,language,רומנית,5
2026-07-30T18:39:46,31,עור,שריד,language,רוסית,10
2026-07-30T18:40:03,31,עור,תושיה,gender,גבר,30
2026-07-30T18:40:03,31,עור,תושיה,gender,אישה,13
2026-07-30T18:40:03,31,עור,תושיה,visit_type,ביקור במרפאה,45
2026-07-30T18:40:03,31,עור,תושיה,language,אנגלית,6
2026-07-30T18:40:03,31,עור,תושיה,language,בולגרית,1
2026-07-30T18:40:03,31,עור,תושיה,language,עברית,9
2026-07-30T18:40:03,31,עור,תושיה,language,ערבית,1
2026-07-30T18:40:03,31,עור,תושיה,language,רוסית,5
2026-07-30T18:40:16,31,עור,תל יצחק,gender,גבר,33
2026-07-30T18:40:16,31,עור,תל יצחק,gender,אישה,15
2026-07-30T18:40:16,31,עור,תל יצחק,visit_type,ביקור במרפאה,49
2026-07-30T18:40:16,31,עור,תל יצחק,language,איטלקית,1
2026-07-30T18:40:16,31,עור,תל יצחק,language,אנגלית,5
2026-07-30T18:40:16,31,עור,תל יצחק,language,עברית,9
2026-07-30T18:40:16,31,עור,תל יצחק,language,ערבית,1
2026-07-30T18:40:16,31,עור,תל יצחק,language,צרפתית,2
2026-07-30T18:40:16,31,עור,תל יצחק,language,רומנית,1
2026-07-30T18:40:16,31,עור,תל יצחק,language,רוסית,6
2026-07-30T18:40:29,31,עור,תעשיון חצב,gender,גבר,25
2026-07-30T18:40:29,31,עור,תעשיון חצב,gender,אישה,13
2026-07-30T18:40:29,31,עור,תעשיון חצב,visit_type,ביקור במרפאה,46
2026-07-30T18:40:29,31,עור,תעשיון חצב,language,איטלקית,1
2026-07-30T18:40:29,31,עור,תעשיון חצב,language,אנגלית,26
2026-07-30T18:40:29,31,עור,תעשיון חצב,language,גרמנית,2
2026-07-30T18:40:29,31,עור,תעשיון חצב,language,ספרדית,4
2026-07-30T18:40:29,31,עור,תעשיון חצב,language,עברית,45
2026-07-30T18:40:29,31,עור,תעשיון חצב,language,ערבית,7
2026-07-30T18:40:29,31,עור,תעשיון חצב,language,צרפתית,3
2026-07-30T18:40:29,31,עור,תעשיון חצב,language,רוסית,5
2026-07-30T18:40:43,31,עור,תראבין א צאנה,gender,גבר,22
2026-07-30T18:40:43,31,עור,תראבין א צאנה,gender,אישה,10
2026-07-30T18:40:43,31,עור,תראבין א צאנה,visit_type,ביקור במרפאה,34
2026-07-30T18:40:43,31,עור,תראבין א צאנה,language,אנגלית,4
2026-07-30T18:40:43,31,עור,תראבין א צאנה,language,בולגרית,1
2026-07-30T18:40:43,31,עור,תראבין א צאנה,language,עברית,6
2026-07-30T18:40:43,31,עור,תראבין א צאנה,language,ערבית,1
2026-07-30T18:40:43,31,עור,תראבין א צאנה,language,רוסית,2
2026-07-30T18:40:52,61,עיניים,א שויוח,gender,אישה,13
2026-07-30T18:40:52,61,עיניים,א שויוח,gender,גבר,17
2026-07-30T18:40:52,61,עיניים,א שויוח,visit_type,ביקור במרפאה,30
2026-07-30T18:40:52,61,עיניים,א שויוח,language,אנגלית,4
2026-07-30T18:40:52,61,עיניים,א שויוח,language,עברית,6
2026-07-30T18:40:52,61,עיניים,א שויוח,language,ערבית,6
2026-07-30T18:40:52,61,עיניים,א שויוח,language,צרפתית,1
2026-07-30T18:40:52,61,עיניים,א שויוח,language,רומנית,1
2026-07-30T18:41:01,61,עיניים,אבו קורינאת,gender,גבר,44
2026-07-30T18:41:01,61,עיניים,אבו קורינאת,gender,אישה,6
2026-07-30T18:41:01,61,עיניים,אבו קורינאת,visit_type,ביקור במרפאה,51
2026-07-30T18:41:01,61,עיניים,אבו קורינאת,visit_type,שיחת טלפון,1
2026-07-30T18:41:01,61,עיניים,אבו קורינאת,language,איטלקית,1
2026-07-30T18:41:01,61,עיניים,אבו קורינאת,language,אנגלית,2
2026-07-30T18:41:01,61,עיניים,אבו קורינאת,language,עברית,5
2026-07-30T18:41:01,61,עיניים,אבו קורינאת,language,רוסית,5
2026-07-30T18:41:13,61,עיניים,אוהלו,gender,גבר,62
2026-07-30T18:41:13,61,עיניים,אוהלו,gender,אישה,12
2026-07-30T18:41:13,61,עיניים,אוהלו,visit_type,ביקור במרפאה,79
2026-07-30T18:41:13,61,עיניים,אוהלו,language,אנגלית,19
2026-07-30T18:41:13,61,עיניים,אוהלו,language,עברית,27
2026-07-30T18:41:13,61,עיניים,אוהלו,language,ערבית,17
2026-07-30T18:41:13,61,עיניים,אוהלו,language,רוסית,4
2026-07-30T18:41:28,61,עיניים,אזור תעשייה נעמן,gender,גבר,79
2026-07-30T18:41:28,61,עיניים,אזור תעשייה נעמן,gender,אישה,33
2026-07-30T18:41:28,61,עיניים,אזור תעשייה נעמן,visit_type,ביקור במרפאה,117
2026-07-30T18:41:28,61,עיניים,אזור תעשייה נעמן,visit_type,שיחת טלפון,2
2026-07-30T18:41:28,61,עיניים,אזור תעשייה נעמן,language,אוקראינית,1
2026-07-30T18:41:28,61,עיניים,אזור תעשייה נעמן,language,אידיש,3
2026-07-30T18:41:28,61,עיניים,אזור תעשייה נעמן,language,איטלקית,2
2026-07-30T18:41:28,61,עיניים,אזור תעשייה נעמן,language,אנגלית,77
2026-07-30T18:41:28,61,עיניים,אזור תעשייה נעמן,language,בולגרית,8
2026-07-30T18:41:28,61,עיניים,אזור תעשייה נעמן,language,גרמנית,3
2026-07-30T18:41:28,61,עיניים,אזור תעשייה נעמן,language,הונגרית,1
2026-07-30T18:41:28,61,עיניים,אזור תעשייה נעמן,language,ספרדית,1
2026-07-30T18:41:28,61,עיניים,אזור תעשייה נעמן,language,עברית,110
2026-07-30T18:41:28,61,עיניים,אזור תעשייה נעמן,language,ערבית,61
2026-07-30T18:41:28,61,עיניים,אזור תעשייה נעמן,language,פולנית,1
2026-07-30T18:41:28,61,עיניים,אזור תעשייה נעמן,language,פרסית,1
2026-07-30T18:41:28,61,עיניים,אזור תעשייה נעמן,language,צרפתית,2
2026-07-30T18:41:28,61,עיניים,אזור תעשייה נעמן,language,רומנית,15
2026-07-30T18:41:28,61,עיניים,אזור תעשייה נעמן,language,רוסית,27
2026-07-30T18:41:50,61,עיניים,איג'ניסיניא,gender,גבר,54
2026-07-30T18:41:50,61,עיניים,איג'ניסיניא,gender,אישה,14
2026-07-30T18:41:50,61,עיניים,איג'ניסיניא,visit_type,ביקור במרפאה,70
2026-07-30T18:41:50,61,עיניים,איג'ניסיניא,visit_type,שיחת טלפון,1
2026-07-30T18:41:50,61,עיניים,איג'ניסיניא,language,אידיש,2
2026-07-30T18:41:50,61,עיניים,איג'ניסיניא,language,איטלקית,1
2026-07-30T18:41:50,61,עיניים,איג'ניסיניא,language,אנגלית,10
2026-07-30T18:41:50,61,עיניים,איג'ניסיניא,language,ספרדית,3
2026-07-30T18:41:50,61,עיניים,איג'ניסיניא,language,עברית,13
2026-07-30T18:41:50,61,עיניים,איג'ניסיניא,language,ערבית,2
2026-07-30T18:41:50,61,עיניים,איג'ניסיניא,language,צרפתית,2
2026-07-30T18:41:50,61,עיניים,איג'ניסיניא,language,רוסית,1
2026-07-30T18:42:06,61,עיניים,אל אסד,gender,גבר,44
2026-07-30T18:42:06,61,עיניים,אל אסד,gender,אישה,6
2026-07-30T18:42:06,61,עיניים,אל אסד,visit_type,ביקור במרפאה,51
2026-07-30T18:42:06,61,עיניים,אל אסד,visit_type,שיחת טלפון,1
2026-07-30T18:42:06,61,עיניים,אל אסד,language,איטלקית,1
2026-07-30T18:42:06,61,עיניים,אל אסד,language,אנגלית,2
2026-07-30T18:42:06,61,עיניים,אל אסד,language,עברית,5
2026-07-30T18:42:06,61,עיניים,אל אסד,language,רוסית,5
2026-07-30T18:42:17,61,עיניים,אמונים,gender,גבר,14
2026-07-30T18:42:17,61,עיניים,אמונים,gender,אישה,16
2026-07-30T18:42:17,61,עיניים,אמונים,visit_type,ביקור במרפאה,36
2026-07-30T18:42:17,61,עיניים,אמונים,language,אנגלית,9
2026-07-30T18:42:17,61,עיניים,אמונים,language,הונגרית,1
2026-07-30T18:42:17,61,עיניים,אמונים,language,עברית,9
2026-07-30T18:42:17,61,עיניים,אמונים,language,ערבית,2
2026-07-30T18:42:17,61,עיניים,אמונים,language,רומנית,3
2026-07-30T18:42:17,61,עיניים,אמונים,language,רוסית,5
2026-07-30T18:42:25,61,עיניים,אפיקים,gender,גבר,62
2026-07-30T18:42:25,61,עיניים,אפיקים,gender,אישה,12
2026-07-30T18:42:25,61,עיניים,אפיקים,visit_type,ביקור במרפאה,79
2026-07-30T18:42:25,61,עיניים,אפיקים,language,אנגלית,19
2026-07-30T18:42:25,61,עיניים,אפיקים,language,עברית,27
2026-07-30T18:42:25,61,עיניים,אפיקים,language,ערבית,17
2026-07-30T18:42:25,61,עיניים,אפיקים,language,רוסית,4
2026-07-30T18:42:41,61,עיניים,אשבל,gender,גבר,56
2026-07-30T18:42:41,61,עיניים,אשבל,gender,אישה,17
2026-07-30T18:42:41,61,עיניים,אשבל,visit_type,ביקור במרפאה,77
2026-07-30T18:42:41,61,עיניים,אשבל,visit_type,שיחת טלפון,1
2026-07-30T18:42:41,61,עיניים,אשבל,language,אוקראינית,1
2026-07-30T18:42:41,61,עיניים,אשבל,language,אידיש,1
2026-07-30T18:42:41,61,עיניים,אשבל,language,אנגלית,47
2026-07-30T18:42:41,61,עיניים,אשבל,language,בולגרית,7
2026-07-30T18:42:41,61,עיניים,אשבל,language,גרמנית,1
2026-07-30T18:42:41,61,עיניים,אשבל,language,עברית,71
2026-07-30T18:42:41,61,עיניים,אשבל,language,ערבית,48
2026-07-30T18:42:41,61,עיניים,אשבל,language,צרפתית,1
2026-07-30T18:42:41,61,עיניים,אשבל,language,רומנית,14
2026-07-30T18:42:41,61,עיניים,אשבל,language,רוסית,18
2026-07-30T18:42:55,61,עיניים,באקה א שרקיה,gender,גבר,54
2026-07-30T18:42:55,61,עיניים,באקה א שרקיה,gender,אישה,14
2026-07-30T18:42:55,61,עיניים,באקה א שרקיה,visit_type,ביקור במרפאה,70
2026-07-30T18:42:55,61,עיניים,באקה א שרקיה,visit_type,שיחת טלפון,1
2026-07-30T18:42:55,61,עיניים,באקה א שרקיה,language,אידיש,2
2026-07-30T18:42:55,61,עיניים,באקה א שרקיה,language,איטלקית,1
2026-07-30T18:42:55,61,עיניים,באקה א שרקיה,language,אנגלית,10
2026-07-30T18:42:55,61,עיניים,באקה א שרקיה,language,ספרדית,3
2026-07-30T18:42:55,61,עיניים,באקה א שרקיה,language,עברית,13
2026-07-30T18:42:55,61,עיניים,באקה א שרקיה,language,ערבית,2
2026-07-30T18:42:55,61,עיניים,באקה א שרקיה,language,צרפתית,2
2026-07-30T18:42:55,61,עיניים,באקה א שרקיה,language,רוסית,1
2026-07-30T18:43:10,61,עיניים,בוסתן הגליל,gender,גבר,47
2026-07-30T18:43:10,61,עיניים,בוסתן הגליל,gender,אישה,6
2026-07-30T18:43:10,61,עיניים,בוסתן הגליל,visit_type,ביקור במרפאה,54
2026-07-30T18:43:10,61,עיניים,בוסתן הגליל,visit_type,שיחת טלפון,1
2026-07-30T18:43:10,61,עיניים,בוסתן הגליל,language,אנגלית,37
2026-07-30T18:43:10,61,עיניים,בוסתן הגליל,language,בולגרית,7
2026-07-30T18:43:10,61,עיניים,בוסתן הגליל,language,גרמנית,1
2026-07-30T18:43:10,61,עיניים,בוסתן הגליל,language,עברית,52
2026-07-30T18:43:10,61,עיניים,בוסתן הגליל,language,ערבית,41
2026-07-30T18:43:10,61,עיניים,בוסתן הגליל,language,רומנית,14
2026-07-30T18:43:10,61,עיניים,בוסתן הגליל,language,רוסית,8
2026-07-30T18:43:20,61,עיניים,בחן,gender,גבר,54
2026-07-30T18:43:20,61,עיניים,בחן,gender,אישה,14
2026-07-30T18:43:20,61,עיניים,בחן,visit_type,ביקור במרפאה,70
2026-07-30T18:43:20,61,עיניים,בחן,visit_type,שיחת טלפון,1
2026-07-30T18:43:20,61,עיניים,בחן,language,אידיש,2
2026-07-30T18:43:20,61,עיניים,בחן,language,איטלקית,1
2026-07-30T18:43:20,61,עיניים,בחן,language,אנגלית,10
2026-07-30T18:43:20,61,עיניים,בחן,language,ספרדית,3
2026-07-30T18:43:20,61,עיניים,בחן,language,עברית,13
2026-07-30T18:43:20,61,עיניים,בחן,language,ערבית,2
2026-07-30T18:43:20,61,עיניים,בחן,language,צרפתית,2
2026-07-30T18:43:20,61,עיניים,בחן,language,רוסית,1
2026-07-30T18:43:37,61,עיניים,ביר הדאג',gender,גבר,44
2026-07-30T18:43:37,61,עיניים,ביר הדאג',gender,אישה,6
2026-07-30T18:43:37,61,עיניים,ביר הדאג',visit_type,ביקור במרפאה,51
2026-07-30T18:43:37,61,עיניים,ביר הדאג',visit_type,שיחת טלפון,1
2026-07-30T18:43:37,61,עיניים,ביר הדאג',language,איטלקית,1
2026-07-30T18:43:37,61,עיניים,ביר הדאג',language,אנגלית,2
2026-07-30T18:43:37,61,עיניים,ביר הדאג',language,עברית,5
2026-07-30T18:43:37,61,עיניים,ביר הדאג',language,רוסית,5
2026-07-30T18:43:51,61,עיניים,בני נעים,gender,גבר,56
2026-07-30T18:43:51,61,עיניים,בני נעים,gender,אישה,13
2026-07-30T18:43:51,61,עיניים,בני נעים,visit_type,ביקור במרפאה,71
2026-07-30T18:43:51,61,עיניים,בני נעים,visit_type,שיחת טלפון,1
2026-07-30T18:43:51,61,עיניים,בני נעים,language,איטלקית,2
2026-07-30T18:43:51,61,עיניים,בני נעים,language,אנגלית,3
2026-07-30T18:43:51,61,עיניים,בני נעים,language,ספרדית,1
2026-07-30T18:43:51,61,עיניים,בני נעים,language,עברית,6
2026-07-30T18:43:51,61,עיניים,בני נעים,language,צרפתית,1
2026-07-30T18:43:51,61,עיניים,בני נעים,language,רומנית,1
2026-07-30T18:43:51,61,עיניים,בני נעים,language,רוסית,5
2026-07-30T18:44:06,61,עיניים,בקעות,gender,אישה,13
2026-07-30T18:44:06,61,עיניים,בקעות,gender,גבר,17
2026-07-30T18:44:06,61,עיניים,בקעות,visit_type,ביקור במרפאה,30
2026-07-30T18:44:06,61,עיניים,בקעות,language,אנגלית,4
2026-07-30T18:44:06,61,עיניים,בקעות,language,עברית,6
2026-07-30T18:44:06,61,עיניים,בקעות,language,ערבית,6
2026-07-30T18:44:06,61,עיניים,בקעות,language,צרפתית,1
2026-07-30T18:44:06,61,עיניים,בקעות,language,רומנית,1
2026-07-30T18:44:14,61,עיניים,ברעם,gender,גבר,62
2026-07-30T18:44:14,61,עיניים,ברעם,gender,אישה,12
2026-07-30T18:44:14,61,עיניים,ברעם,visit_type,ביקור במרפאה,79
2026-07-30T18:44:14,61,עיניים,ברעם,language,אנגלית,19
2026-07-30T18:44:14,61,עיניים,ברעם,language,עברית,27
2026-07-30T18:44:14,61,עיניים,ברעם,language,ערבית,17
2026-07-30T18:44:14,61,עיניים,ברעם,language,רוסית,4
2026-07-30T18:44:32,61,עיניים,ג'באליה,gender,גבר,56
2026-07-30T18:44:32,61,עיניים,ג'באליה,gender,אישה,13
2026-07-30T18:44:32,61,עיניים,ג'באליה,visit_type,ביקור במרפאה,71
2026-07-30T18:44:32,61,עיניים,ג'באליה,visit_type,שיחת טלפון,1
2026-07-30T18:44:32,61,עיניים,ג'באליה,language,איטלקית,2
2026-07-30T18:44:32,61,עיניים,ג'באליה,language,אנגלית,3
2026-07-30T18:44:32,61,עיניים,ג'באליה,language,ספרדית,1
2026-07-30T18:44:32,61,עיניים,ג'באליה,language,עברית,6
2026-07-30T18:44:32,61,עיניים,ג'באליה,language,צרפתית,1
2026-07-30T18:44:32,61,עיניים,ג'באליה,language,רומנית,1
2026-07-30T18:44:32,61,עיניים,ג'באליה,language,רוסית,5
2026-07-30T18:44:50,61,עיניים,גבעולים,gender,גבר,56
2026-07-30T18:44:50,61,עיניים,גבעולים,gender,אישה,13
2026-07-30T18:44:50,61,עיניים,גבעולים,visit_type,ביקור במרפאה,71
2026-07-30T18:44:50,61,עיניים,גבעולים,visit_type,שיחת טלפון,1
2026-07-30T18:44:50,61,עיניים,גבעולים,language,איטלקית,2
2026-07-30T18:44:50,61,עיניים,גבעולים,language,אנגלית,3
2026-07-30T18:44:50,61,עיניים,גבעולים,language,ספרדית,1
2026-07-30T18:44:50,61,עיניים,גבעולים,language,עברית,6
2026-07-30T18:44:50,61,עיניים,גבעולים,language,צרפתית,1
2026-07-30T18:44:50,61,עיניים,גבעולים,language,רומנית,1
2026-07-30T18:44:50,61,עיניים,גבעולים,language,רוסית,5
2026-07-30T18:45:05,61,עיניים,גורן,gender,גבר,47
2026-07-30T18:45:05,61,עיניים,גורן,gender,אישה,6
2026-07-30T18:45:05,61,עיניים,גורן,visit_type,ביקור במרפאה,54
2026-07-30T18:45:05,61,עיניים,גורן,visit_type,שיחת טלפון,1
2026-07-30T18:45:05,61,עיניים,גורן,language,אנגלית,37
2026-07-30T18:45:05,61,עיניים,גורן,language,בולגרית,7
2026-07-30T18:45:05,61,עיניים,גורן,language,גרמנית,1
2026-07-30T18:45:05,61,עיניים,גורן,language,עברית,52
2026-07-30T18:45:05,61,עיניים,גורן,language,ערבית,41
2026-07-30T18:45:05,61,עיניים,גורן,language,רומנית,14
2026-07-30T18:45:05,61,עיניים,גורן,language,רוסית,8
2026-07-30T18:45:15,61,עיניים,גיניגר,gender,גבר,62
2026-07-30T18:45:15,61,עיניים,גיניגר,gender,אישה,12
2026-07-30T18:45:15,61,עיניים,גיניגר,visit_type,ביקור במרפאה,79
2026-07-30T18:45:15,61,עיניים,גיניגר,language,אנגלית,19
2026-07-30T18:45:15,61,עיניים,גיניגר,language,עברית,27
2026-07-30T18:45:15,61,עיניים,גיניגר,language,ערבית,17
2026-07-30T18:45:15,61,עיניים,גיניגר,language,רוסית,4
2026-07-30T18:45:30,61,עיניים,גנות הדר,gender,גבר,54
2026-07-30T18:45:30,61,עיניים,גנות הדר,gender,אישה,14
2026-07-30T18:45:30,61,עיניים,גנות הדר,visit_type,ביקור במרפאה,70
2026-07-30T18:45:30,61,עיניים,גנות הדר,visit_type,שיחת טלפון,1
2026-07-30T18:45:30,61,עיניים,גנות הדר,language,אידיש,2
2026-07-30T18:45:30,61,עיניים,גנות הדר,language,איטלקית,1
2026-07-30T18:45:30,61,עיניים,גנות הדר,language,אנגלית,10
2026-07-30T18:45:30,61,עיניים,גנות הדר,language,ספרדית,3
2026-07-30T18:45:30,61,עיניים,גנות הדר,language,עברית,13
2026-07-30T18:45:30,61,עיניים,גנות הדר,language,ערבית,2
2026-07-30T18:45:30,61,עיניים,גנות הדר,language,צרפתית,2
2026-07-30T18:45:30,61,עיניים,גנות הדר,language,רוסית,1
2026-07-30T18:45:43,61,עיניים,גרופית,gender,גבר,3
2026-07-30T18:45:43,61,עיניים,גרופית,visit_type,ביקור במרפאה,4
2026-07-30T18:45:43,61,עיניים,גרופית,language,איטלקית,1
2026-07-30T18:45:43,61,עיניים,גרופית,language,אנגלית,1
2026-07-30T18:45:43,61,עיניים,גרופית,language,ספרדית,1
2026-07-30T18:45:43,61,עיניים,גרופית,language,עברית,2
2026-07-30T18:45:43,61,עיניים,גרופית,language,רוסית,2
2026-07-30T18:45:47,61,עיניים,דברת,gender,גבר,104
2026-07-30T18:45:47,61,עיניים,דברת,gender,אישה,16
2026-07-30T18:45:47,61,עיניים,דברת,visit_type,ביקור במרפאה,125
2026-07-30T18:45:47,61,עיניים,דברת,visit_type,שיחת טלפון,1
2026-07-30T18:45:47,61,עיניים,דברת,language,אידיש,1
2026-07-30T18:45:47,61,עיניים,דברת,language,איטלקית,1
2026-07-30T18:45:47,61,עיניים,דברת,language,אנגלית,31
2026-07-30T18:45:47,61,עיניים,דברת,language,גרמנית,1
2026-07-30T18:45:47,61,עיניים,דברת,language,ספרדית,1
2026-07-30T18:45:47,61,עיניים,דברת,language,עברית,44
2026-07-30T18:45:47,61,עיניים,דברת,language,ערבית,25
2026-07-30T18:45:47,61,עיניים,דברת,language,פולנית,1
2026-07-30T18:45:47,61,עיניים,דברת,language,פרסית,1
2026-07-30T18:45:47,61,עיניים,דברת,language,צרפתית,1
2026-07-30T18:45:47,61,עיניים,דברת,language,רומנית,1
2026-07-30T18:45:47,61,עיניים,דברת,language,רוסית,5
