scraped_at,spec_code,spec_name,search_city,facet_type,facet_value,count
2026-07-30T16:51:10,58,אורתופדיה,א ראם,gender,גבר,47
2026-07-30T16:51:10,58,אורתופדיה,א ראם,visit_type,ביקור במרפאה,49
2026-07-30T16:51:10,58,אורתופדיה,א ראם,language,אנגלית,7
2026-07-30T16:51:10,58,אורתופדיה,א ראם,language,עברית,12
2026-07-30T16:51:10,58,אורתופדיה,א ראם,language,ערבית,6
2026-07-30T16:51:10,58,אורתופדיה,א ראם,language,צרפתית,1
2026-07-30T16:51:10,58,אורתופדיה,א ראם,language,רוסית,3
2026-07-30T16:51:19,58,אורתופדיה,אבו עבדון,gender,גבר,36
2026-07-30T16:51:19,58,אורתופדיה,אבו עבדון,gender,אישה,2
2026-07-30T16:51:19,58,אורתופדיה,אבו עבדון,visit_type,ביקור במרפאה,43
2026-07-30T16:51:19,58,אורתופדיה,אבו עבדון,language,עברית,1
2026-07-30T16:51:19,58,אורתופדיה,אבו עבדון,language,רוסית,1
2026-07-30T16:51:31,58,אורתופדיה,אודלה,gender,גבר,86
2026-07-30T16:51:31,58,אורתופדיה,אודלה,visit_type,ביקור במרפאה,89
2026-07-30T16:51:31,58,אורתופדיה,אודלה,visit_type,שיחת טלפון,3
2026-07-30T16:51:31,58,אורתופדיה,אודלה,language,אידיש,1
2026-07-30T16:51:31,58,אורתופדיה,אודלה,language,איטלקית,1
2026-07-30T16:51:31,58,אורתופדיה,אודלה,language,אנגלית,8
2026-07-30T16:51:31,58,אורתופדיה,אודלה,language,עברית,15
2026-07-30T16:51:31,58,אורתופדיה,אודלה,language,ערבית,10
2026-07-30T16:51:31,58,אורתופדיה,אודלה,language,רומנית,3
2026-07-30T16:51:31,58,אורתופדיה,אודלה,language,רוסית,2
2026-07-30T16:51:47,58,אורתופדיה,אזור תעסוקה מיתרים,gender,גבר,52
2026-07-30T16:51:47,58,אורתופדיה,אזור תעסוקה מיתרים,gender,אישה,3
2026-07-30T16:51:47,58,אורתופדיה,אזור תעסוקה מיתרים,visit_type,ביקור במרפאה,63
2026-07-30T16:51:47,58,אורתופדיה,אזור תעסוקה מיתרים,language,עברית,1
2026-07-30T16:51:47,58,אורתופדיה,אזור תעסוקה מיתרים,language,רוסית,1
2026-07-30T16:52:04,58,אורתופדיה,אחיעזר,gender,גבר,54
2026-07-30T16:52:04,58,אורתופדיה,אחיעזר,gender,אישה,1
2026-07-30T16:52:04,58,אורתופדיה,אחיעזר,visit_type,ביקור במרפאה,61
2026-07-30T16:52:04,58,אורתופדיה,אחיעזר,visit_type,שיחת טלפון,1
2026-07-30T16:52:04,58,אורתופדיה,אחיעזר,language,איטלקית,2
2026-07-30T16:52:04,58,אורתופדיה,אחיעזר,language,אנגלית,6
2026-07-30T16:52:04,58,אורתופדיה,אחיעזר,language,גרמנית,1
2026-07-30T16:52:04,58,אורתופדיה,אחיעזר,language,עברית,9
2026-07-30T16:52:04,58,אורתופדיה,אחיעזר,language,צרפתית,2
2026-07-30T16:52:04,58,אורתופדיה,אחיעזר,language,רוסית,4
2026-07-30T16:52:15,58,אורתופדיה,אילניה,gender,גבר,97
2026-07-30T16:52:15,58,אורתופדיה,אילניה,visit_type,ביקור במרפאה,98
2026-07-30T16:52:15,58,אורתופדיה,אילניה,visit_type,שיחת טלפון,1
2026-07-30T16:52:15,58,אורתופדיה,אילניה,language,איטלקית,1
2026-07-30T16:52:15,58,אורתופדיה,אילניה,language,אנגלית,9
2026-07-30T16:52:15,58,אורתופדיה,אילניה,language,עברית,12
2026-07-30T16:52:15,58,אורתופדיה,אילניה,language,ערבית,5
2026-07-30T16:52:15,58,אורתופדיה,אילניה,language,רוסית,6
2026-07-30T16:52:32,58,אורתופדיה,אל עטאונה,gender,גבר,36
2026-07-30T16:52:32,58,אורתופדיה,אל עטאונה,gender,אישה,2
2026-07-30T16:52:32,58,אורתופדיה,אל עטאונה,visit_type,ביקור במרפאה,43
2026-07-30T16:52:32,58,אורתופדיה,אל עטאונה,language,עברית,1
2026-07-30T16:52:32,58,אורתופדיה,אל עטאונה,language,רוסית,1
2026-07-30T16:52:45,58,אורתופדיה,אעצם,gender,גבר,36
2026-07-30T16:52:45,58,אורתופדיה,אעצם,gender,אישה,2
2026-07-30T16:52:45,58,אורתופדיה,אעצם,visit_type,ביקור במרפאה,43
2026-07-30T16:52:45,58,אורתופדיה,אעצם,language,עברית,1
2026-07-30T16:52:45,58,אורתופדיה,אעצם,language,רוסית,1
2026-07-30T16:52:57,58,אורתופדיה,אריאל,gender,גבר,67
2026-07-30T16:52:57,58,אורתופדיה,אריאל,gender,אישה,1
2026-07-30T16:52:57,58,אורתופדיה,אריאל,visit_type,ביקור במרפאה,77
2026-07-30T16:52:57,58,אורתופדיה,אריאל,visit_type,שיחת טלפון,2
2026-07-30T16:52:57,58,אורתופדיה,אריאל,language,אידיש,1
2026-07-30T16:52:57,58,אורתופדיה,אריאל,language,איטלקית,5
2026-07-30T16:52:57,58,אורתופדיה,אריאל,language,אנגלית,35
2026-07-30T16:52:57,58,אורתופדיה,אריאל,language,גרמנית,6
2026-07-30T16:52:57,58,אורתופדיה,אריאל,language,ספרדית,2
2026-07-30T16:52:57,58,אורתופדיה,אריאל,language,עברית,56
2026-07-30T16:52:57,58,אורתופדיה,אריאל,language,ערבית,6
2026-07-30T16:52:57,58,אורתופדיה,אריאל,language,רומנית,5
2026-07-30T16:52:57,58,אורתופדיה,אריאל,language,רוסית,6
2026-07-30T16:53:12,58,אורתופדיה,אשלים,gender,גבר,36
2026-07-30T16:53:12,58,אורתופדיה,אשלים,gender,אישה,2
2026-07-30T16:53:12,58,אורתופדיה,אשלים,visit_type,ביקור במרפאה,43
2026-07-30T16:53:12,58,אורתופדיה,אשלים,language,עברית,1
2026-07-30T16:53:12,58,אורתופדיה,אשלים,language,רוסית,1
2026-07-30T16:53:24,58,אורתופדיה,באר שבע,gender,גבר,52
2026-07-30T16:53:24,58,אורתופדיה,באר שבע,gender,אישה,3
2026-07-30T16:53:24,58,אורתופדיה,באר שבע,visit_type,ביקור במרפאה,63
2026-07-30T16:53:24,58,אורתופדיה,באר שבע,language,עברית,1
2026-07-30T16:53:24,58,אורתופדיה,באר שבע,language,רוסית,1
2026-07-30T16:53:42,58,אורתופדיה,בורייג',gender,גבר,52
2026-07-30T16:53:42,58,אורתופדיה,בורייג',gender,אישה,3
2026-07-30T16:53:42,58,אורתופדיה,בורייג',visit_type,ביקור במרפאה,63
2026-07-30T16:53:42,58,אורתופדיה,בורייג',language,עברית,1
2026-07-30T16:53:42,58,אורתופדיה,בורייג',language,רוסית,1
2026-07-30T16:53:57,58,אורתופדיה,ביענה,gender,גבר,89
2026-07-30T16:53:57,58,אורתופדיה,ביענה,gender,אישה,2
2026-07-30T16:53:57,58,אורתופדיה,ביענה,visit_type,ביקור במרפאה,91
2026-07-30T16:53:57,58,אורתופדיה,ביענה,visit_type,שיחת טלפון,2
2026-07-30T16:53:57,58,אורתופדיה,ביענה,language,איטלקית,1
2026-07-30T16:53:57,58,אורתופדיה,ביענה,language,אנגלית,53
2026-07-30T16:53:57,58,אורתופדיה,ביענה,language,בולגרית,1
2026-07-30T16:53:57,58,אורתופדיה,ביענה,language,גרמנית,3
2026-07-30T16:53:57,58,אורתופדיה,ביענה,language,ספרדית,2
2026-07-30T16:53:57,58,אורתופדיה,ביענה,language,עברית,90
2026-07-30T16:53:57,58,אורתופדיה,ביענה,language,ערבית,67
2026-07-30T16:53:57,58,אורתופדיה,ביענה,language,צכית,1
2026-07-30T16:53:57,58,אורתופדיה,ביענה,language,צרפתית,1
2026-07-30T16:53:57,58,אורתופדיה,ביענה,language,רומנית,8
2026-07-30T16:53:57,58,אורתופדיה,ביענה,language,רוסית,19
2026-07-30T16:54:11,58,אורתופדיה,בני דרום,gender,גבר,32
2026-07-30T16:54:11,58,אורתופדיה,בני דרום,gender,אישה,1
2026-07-30T16:54:11,58,אורתופדיה,בני דרום,visit_type,ביקור במרפאה,37
2026-07-30T16:54:11,58,אורתופדיה,בני דרום,visit_type,שיחת טלפון,1
2026-07-30T16:54:11,58,אורתופדיה,בני דרום,visit_type,שיחת וידאו,1
2026-07-30T16:54:11,58,אורתופדיה,בני דרום,language,איטלקית,1
2026-07-30T16:54:11,58,אורתופדיה,בני דרום,language,אנגלית,3
2026-07-30T16:54:11,58,אורתופדיה,בני דרום,language,גרמנית,1
2026-07-30T16:54:11,58,אורתופדיה,בני דרום,language,עברית,7
2026-07-30T16:54:11,58,אורתופדיה,בני דרום,language,ערבית,1
2026-07-30T16:54:11,58,אורתופדיה,בני דרום,language,צרפתית,1
2026-07-30T16:54:11,58,אורתופדיה,בני דרום,language,רומנית,1
2026-07-30T16:54:11,58,אורתופדיה,בני דרום,language,רוסית,3
2026-07-30T16:54:21,58,אורתופדיה,בצרה,gender,גבר,116
2026-07-30T16:54:21,58,אורתופדיה,בצרה,gender,אישה,4
2026-07-30T16:54:21,58,אורתופדיה,בצרה,visit_type,ביקור במרפאה,130
2026-07-30T16:54:21,58,אורתופדיה,בצרה,visit_type,שיחת טלפון,3
2026-07-30T16:54:21,58,אורתופדיה,בצרה,language,אידיש,1
2026-07-30T16:54:21,58,אורתופדיה,בצרה,language,איטלקית,6
2026-07-30T16:54:21,58,אורתופדיה,בצרה,language,אנגלית,28
2026-07-30T16:54:21,58,אורתופדיה,בצרה,language,גרמנית,1
2026-07-30T16:54:21,58,אורתופדיה,בצרה,language,עברית,46
2026-07-30T16:54:21,58,אורתופדיה,בצרה,language,ערבית,15
2026-07-30T16:54:21,58,אורתופדיה,בצרה,language,רומנית,8
2026-07-30T16:54:21,58,אורתופדיה,בצרה,language,רוסית,6
2026-07-30T16:54:42,58,אורתופדיה,ברוש,gender,גבר,52
2026-07-30T16:54:42,58,אורתופדיה,ברוש,gender,אישה,3
2026-07-30T16:54:42,58,אורתופדיה,ברוש,visit_type,ביקור במרפאה,63
2026-07-30T16:54:42,58,אורתופדיה,ברוש,language,עברית,1
2026-07-30T16:54:42,58,אורתופדיה,ברוש,language,רוסית,1
2026-07-30T16:54:58,58,אורתופדיה,בתיר,gender,גבר,47
2026-07-30T16:54:58,58,אורתופדיה,בתיר,visit_type,ביקור במרפאה,49
2026-07-30T16:54:58,58,אורתופדיה,בתיר,language,אנגלית,7
2026-07-30T16:54:58,58,אורתופדיה,בתיר,language,עברית,12
2026-07-30T16:54:58,58,אורתופדיה,בתיר,language,ערבית,6
2026-07-30T16:54:58,58,אורתופדיה,בתיר,language,צרפתית,1
2026-07-30T16:54:58,58,אורתופדיה,בתיר,language,רוסית,3
2026-07-30T16:55:07,58,אורתופדיה,גבע,gender,גבר,145
2026-07-30T16:55:07,58,אורתופדיה,גבע,visit_type,ביקור במרפאה,146
2026-07-30T16:55:07,58,אורתופדיה,גבע,visit_type,שיחת טלפון,2
2026-07-30T16:55:07,58,אורתופדיה,גבע,language,איטלקית,1
2026-07-30T16:55:07,58,אורתופדיה,גבע,language,אנגלית,19
2026-07-30T16:55:07,58,אורתופדיה,גבע,language,גרמנית,1
2026-07-30T16:55:07,58,אורתופדיה,גבע,language,עברית,31
2026-07-30T16:55:07,58,אורתופדיה,גבע,language,ערבית,21
2026-07-30T16:55:07,58,אורתופדיה,גבע,language,רומנית,7
2026-07-30T16:55:07,58,אורתופדיה,גבע,language,רוסית,6
2026-07-30T16:55:28,58,אורתופדיה,גדעונה,gender,גבר,145
2026-07-30T16:55:28,58,אורתופדיה,גדעונה,visit_type,ביקור במרפאה,146
2026-07-30T16:55:28,58,אורתופדיה,גדעונה,visit_type,שיחת טלפון,2
2026-07-30T16:55:28,58,אורתופדיה,גדעונה,language,איטלקית,1
2026-07-30T16:55:28,58,אורתופדיה,גדעונה,language,אנגלית,19
2026-07-30T16:55:28,58,אורתופדיה,גדעונה,language,גרמנית,1
2026-07-30T16:55:28,58,אורתופדיה,גדעונה,language,עברית,31
2026-07-30T16:55:28,58,אורתופדיה,גדעונה,language,ערבית,21
2026-07-30T16:55:28,58,אורתופדיה,גדעונה,language,רומנית,7
2026-07-30T16:55:28,58,אורתופדיה,גדעונה,language,רוסית,6
2026-07-30T16:55:49,58,אורתופדיה,גילון,gender,גבר,89
2026-07-30T16:55:49,58,אורתופדיה,גילון,gender,אישה,2
2026-07-30T16:55:49,58,אורתופדיה,גילון,visit_type,ביקור במרפאה,91
2026-07-30T16:55:49,58,אורתופדיה,גילון,visit_type,שיחת טלפון,2
2026-07-30T16:55:49,58,אורתופדיה,גילון,language,איטלקית,1
2026-07-30T16:55:49,58,אורתופדיה,גילון,language,אנגלית,53
2026-07-30T16:55:49,58,אורתופדיה,גילון,language,בולגרית,1
2026-07-30T16:55:49,58,אורתופדיה,גילון,language,גרמנית,3
2026-07-30T16:55:49,58,אורתופדיה,גילון,language,ספרדית,2
2026-07-30T16:55:49,58,אורתופדיה,גילון,language,עברית,90
2026-07-30T16:55:49,58,אורתופדיה,גילון,language,ערבית,67
2026-07-30T16:55:49,58,אורתופדיה,גילון,language,צכית,1
2026-07-30T16:55:49,58,אורתופדיה,גילון,language,צרפתית,1
2026-07-30T16:55:49,58,אורתופדיה,גילון,language,רומנית,8
2026-07-30T16:55:49,58,אורתופדיה,גילון,language,רוסית,19
2026-07-30T16:56:05,58,אורתופדיה,גלעד,gender,גבר,115
2026-07-30T16:56:05,58,אורתופדיה,גלעד,visit_type,ביקור במרפאה,116
2026-07-30T16:56:05,58,אורתופדיה,גלעד,visit_type,שיחת טלפון,2
2026-07-30T16:56:05,58,אורתופדיה,גלעד,language,אידיש,1
2026-07-30T16:56:05,58,אורתופדיה,גלעד,language,אנגלית,41
2026-07-30T16:56:05,58,אורתופדיה,גלעד,language,גרמנית,5
2026-07-30T16:56:05,58,אורתופדיה,גלעד,language,הונגרית,1
2026-07-30T16:56:05,58,אורתופדיה,גלעד,language,ספרדית,2
2026-07-30T16:56:05,58,אורתופדיה,גלעד,language,עברית,57
2026-07-30T16:56:05,58,אורתופדיה,גלעד,language,ערבית,29
2026-07-30T16:56:05,58,אורתופדיה,גלעד,language,צרפתית,1
2026-07-30T16:56:05,58,אורתופדיה,גלעד,language,רומנית,14
2026-07-30T16:56:05,58,אורתופדיה,גלעד,language,רוסית,12
2026-07-30T16:56:25,58,אורתופדיה,געש,gender,גבר,116
2026-07-30T16:56:25,58,אורתופדיה,געש,gender,אישה,4
2026-07-30T16:56:25,58,אורתופדיה,געש,visit_type,ביקור במרפאה,130
2026-07-30T16:56:25,58,אורתופדיה,געש,visit_type,שיחת טלפון,3
2026-07-30T16:56:25,58,אורתופדיה,געש,language,אידיש,1
2026-07-30T16:56:25,58,אורתופדיה,געש,language,איטלקית,6
2026-07-30T16:56:25,58,אורתופדיה,געש,language,אנגלית,28
2026-07-30T16:56:25,58,אורתופדיה,געש,language,גרמנית,1
2026-07-30T16:56:25,58,אורתופדיה,געש,language,עברית,46
2026-07-30T16:56:25,58,אורתופדיה,געש,language,ערבית,15
2026-07-30T16:56:25,58,אורתופדיה,געש,language,רומנית,8
2026-07-30T16:56:25,58,אורתופדיה,געש,language,רוסית,6
2026-07-30T16:56:47,58,אורתופדיה,דבורה,gender,גבר,145
2026-07-30T16:56:47,58,אורתופדיה,דבורה,visit_type,ביקור במרפאה,146
2026-07-30T16:56:47,58,אורתופדיה,דבורה,visit_type,שיחת טלפון,2
2026-07-30T16:56:47,58,אורתופדיה,דבורה,language,איטלקית,1
2026-07-30T16:56:47,58,אורתופדיה,דבורה,language,אנגלית,19
2026-07-30T16:56:47,58,אורתופדיה,דבורה,language,גרמנית,1
2026-07-30T16:56:47,58,אורתופדיה,דבורה,language,עברית,31
2026-07-30T16:56:47,58,אורתופדיה,דבורה,language,ערבית,21
2026-07-30T16:56:47,58,אורתופדיה,דבורה,language,רומנית,7
2026-07-30T16:56:47,58,אורתופדיה,דבורה,language,רוסית,6
2026-07-30T16:57:06,58,אורתופדיה,דומא,gender,גבר,47
2026-07-30T16:57:06,58,אורתופדיה,דומא,visit_type,ביקור במרפאה,49
2026-07-30T16:57:06,58,אורתופדיה,דומא,language,אנגלית,7
2026-07-30T16:57:06,58,אורתופדיה,דומא,language,עברית,12
2026-07-30T16:57:06,58,אורתופדיה,דומא,language,ערבית,6
2026-07-30T16:57:06,58,אורתופדיה,דומא,language,צרפתית,1
2026-07-30T16:57:06,58,אורתופדיה,דומא,language,רוסית,3
2026-07-30T16:57:15,58,אורתופדיה,דימונה,gender,גבר,36
2026-07-30T16:57:15,58,אורתופדיה,דימונה,gender,אישה,2
2026-07-30T16:57:15,58,אורתופדיה,דימונה,visit_type,ביקור במרפאה,43
2026-07-30T16:57:15,58,אורתופדיה,דימונה,language,עברית,1
2026-07-30T16:57:15,58,אורתופדיה,דימונה,language,רוסית,1
2026-07-30T16:57:27,58,אורתופדיה,דנאבה,gender,גבר,86
2026-07-30T16:57:27,58,אורתופדיה,דנאבה,visit_type,ביקור במרפאה,89
2026-07-30T16:57:27,58,אורתופדיה,דנאבה,visit_type,שיחת טלפון,3
2026-07-30T16:57:27,58,אורתופדיה,דנאבה,language,אידיש,1
2026-07-30T16:57:27,58,אורתופדיה,דנאבה,language,איטלקית,1
2026-07-30T16:57:27,58,אורתופדיה,דנאבה,language,אנגלית,8
2026-07-30T16:57:27,58,אורתופדיה,דנאבה,language,עברית,15
2026-07-30T16:57:27,58,אורתופדיה,דנאבה,language,ערבית,10
2026-07-30T16:57:27,58,אורתופדיה,דנאבה,language,רומנית,3
2026-07-30T16:57:27,58,אורתופדיה,דנאבה,language,רוסית,2
2026-07-30T16:57:43,58,אורתופדיה,הודיה,gender,גבר,41
2026-07-30T16:57:43,58,אורתופדיה,הודיה,gender,אישה,2
2026-07-30T16:57:43,58,אורתופדיה,הודיה,visit_type,ביקור במרפאה,47
2026-07-30T16:57:43,58,אורתופדיה,הודיה,language,עברית,1
2026-07-30T16:57:43,58,אורתופדיה,הודיה,language,רוסית,1
2026-07-30T16:57:55,58,אורתופדיה,המעפיל,gender,גבר,125
2026-07-30T16:57:55,58,אורתופדיה,המעפיל,visit_type,ביקור במרפאה,128
2026-07-30T16:57:55,58,אורתופדיה,המעפיל,visit_type,שיחת טלפון,4
2026-07-30T16:57:55,58,אורתופדיה,המעפיל,language,אידיש,1
2026-07-30T16:57:55,58,אורתופדיה,המעפיל,language,איטלקית,1
2026-07-30T16:57:55,58,אורתופדיה,המעפיל,language,אנגלית,15
2026-07-30T16:57:55,58,אורתופדיה,המעפיל,language,גרמנית,1
2026-07-30T16:57:55,58,אורתופדיה,המעפיל,language,עברית,26
2026-07-30T16:57:55,58,אורתופדיה,המעפיל,language,ערבית,18
2026-07-30T16:57:55,58,אורתופדיה,המעפיל,language,רומנית,7
2026-07-30T16:57:55,58,אורתופדיה,המעפיל,language,רוסית,3
2026-07-30T16:58:17,58,אורתופדיה,הררית,gender,גבר,89
2026-07-30T16:58:17,58,אורתופדיה,הררית,gender,אישה,2
2026-07-30T16:58:17,58,אורתופדיה,הררית,visit_type,ביקור במרפאה,91
2026-07-30T16:58:17,58,אורתופדיה,הררית,visit_type,שיחת טלפון,2
2026-07-30T16:58:17,58,אורתופדיה,הררית,language,איטלקית,1
2026-07-30T16:58:17,58,אורתופדיה,הררית,language,אנגלית,53
2026-07-30T16:58:17,58,אורתופדיה,הררית,language,בולגרית,1
2026-07-30T16:58:17,58,אורתופדיה,הררית,language,גרמנית,3
2026-07-30T16:58:17,58,אורתופדיה,הררית,language,ספרדית,2
2026-07-30T16:58:17,58,אורתופדיה,הררית,language,עברית,90
2026-07-30T16:58:17,58,אורתופדיה,הררית,language,ערבית,67
2026-07-30T16:58:17,58,אורתופדיה,הררית,language,צכית,1
2026-07-30T16:58:17,58,אורתופדיה,הררית,language,צרפתית,1
2026-07-30T16:58:17,58,אורתופדיה,הררית,language,רומנית,8
2026-07-30T16:58:17,58,אורתופדיה,הררית,language,רוסית,19
2026-07-30T16:58:33,58,אורתופדיה,זוהר,gender,גבר,41
2026-07-30T16:58:33,58,אורתופדיה,זוהר,gender,אישה,2
2026-07-30T16:58:33,58,אורתופדיה,זוהר,visit_type,ביקור במרפאה,47
2026-07-30T16:58:33,58,אורתופדיה,זוהר,language,עברית,1
2026-07-30T16:58:33,58,אורתופדיה,זוהר,language,רוסית,1
2026-07-30T16:58:47,58,אורתופדיה,זמרת,gender,גבר,52
2026-07-30T16:58:47,58,אורתופדיה,זמרת,gender,אישה,3
2026-07-30T16:58:47,58,אורתופדיה,זמרת,visit_type,ביקור במרפאה,63
2026-07-30T16:58:47,58,אורתופדיה,זמרת,language,עברית,1
2026-07-30T16:58:47,58,אורתופדיה,זמרת,language,רוסית,1
2026-07-30T16:59:03,58,אורתופדיה,חבצלת השרון,gender,גבר,86
2026-07-30T16:59:03,58,אורתופדיה,חבצלת השרון,visit_type,ביקור במרפאה,89
2026-07-30T16:59:03,58,אורתופדיה,חבצלת השרון,visit_type,שיחת טלפון,3
2026-07-30T16:59:03,58,אורתופדיה,חבצלת השרון,language,אידיש,1
2026-07-30T16:59:03,58,אורתופדיה,חבצלת השרון,language,איטלקית,1
2026-07-30T16:59:03,58,אורתופדיה,חבצלת השרון,language,אנגלית,8
2026-07-30T16:59:03,58,אורתופדיה,חבצלת השרון,language,עברית,15
2026-07-30T16:59:03,58,אורתופדיה,חבצלת השרון,language,ערבית,10
2026-07-30T16:59:03,58,אורתופדיה,חבצלת השרון,language,רומנית,3
2026-07-30T16:59:03,58,אורתופדיה,חבצלת השרון,language,רוסית,2
2026-07-30T16:59:18,58,אורתופדיה,חוג'ייראת,gender,גבר,115
2026-07-30T16:59:18,58,אורתופדיה,חוג'ייראת,visit_type,ביקור במרפאה,116
2026-07-30T16:59:18,58,אורתופדיה,חוג'ייראת,visit_type,שיחת טלפון,2
2026-07-30T16:59:18,58,אורתופדיה,חוג'ייראת,language,אידיש,1
2026-07-30T16:59:18,58,אורתופדיה,חוג'ייראת,language,אנגלית,41
2026-07-30T16:59:18,58,אורתופדיה,חוג'ייראת,language,גרמנית,5
2026-07-30T16:59:18,58,אורתופדיה,חוג'ייראת,language,הונגרית,1
2026-07-30T16:59:18,58,אורתופדיה,חוג'ייראת,language,ספרדית,2
2026-07-30T16:59:18,58,אורתופדיה,חוג'ייראת,language,עברית,57
2026-07-30T16:59:18,58,אורתופדיה,חוג'ייראת,language,ערבית,29
2026-07-30T16:59:18,58,אורתופדיה,חוג'ייראת,language,צרפתית,1
2026-07-30T16:59:18,58,אורתופדיה,חוג'ייראת,language,רומנית,14
2026-07-30T16:59:18,58,אורתופדיה,חוג'ייראת,language,רוסית,12
2026-07-30T16:59:37,58,אורתופדיה,חזון,gender,גבר,97
2026-07-30T16:59:37,58,אורתופדיה,חזון,visit_type,ביקור במרפאה,98
2026-07-30T16:59:37,58,אורתופדיה,חזון,visit_type,שיחת טלפון,1
2026-07-30T16:59:37,58,אורתופדיה,חזון,language,איטלקית,1
2026-07-30T16:59:37,58,אורתופדיה,חזון,language,אנגלית,9
2026-07-30T16:59:37,58,אורתופדיה,חזון,language,עברית,12
2026-07-30T16:59:37,58,אורתופדיה,חזון,language,ערבית,5
2026-07-30T16:59:37,58,אורתופדיה,חזון,language,רוסית,6
2026-07-30T16:59:56,58,אורתופדיה,חמדיה,gender,גבר,145
2026-07-30T16:59:56,58,אורתופדיה,חמדיה,visit_type,ביקור במרפאה,146
2026-07-30T16:59:56,58,אורתופדיה,חמדיה,visit_type,שיחת טלפון,2
2026-07-30T16:59:56,58,אורתופדיה,חמדיה,language,איטלקית,1
2026-07-30T16:59:56,58,אורתופדיה,חמדיה,language,אנגלית,19
2026-07-30T16:59:56,58,אורתופדיה,חמדיה,language,גרמנית,1
2026-07-30T16:59:56,58,אורתופדיה,חמדיה,language,עברית,31
2026-07-30T16:59:56,58,אורתופדיה,חמדיה,language,ערבית,21
2026-07-30T16:59:56,58,אורתופדיה,חמדיה,language,רומנית,7
2026-07-30T16:59:56,58,אורתופדיה,חמדיה,language,רוסית,6
2026-07-30T17:00:17,58,אורתופדיה,חצבה,gender,גבר,36
2026-07-30T17:00:17,58,אורתופדיה,חצבה,gender,אישה,2
2026-07-30T17:00:17,58,אורתופדיה,חצבה,visit_type,ביקור במרפאה,43
2026-07-30T17:00:17,58,אורתופדיה,חצבה,language,עברית,1
2026-07-30T17:00:17,58,אורתופדיה,חצבה,language,רוסית,1
2026-07-30T17:00:29,58,אורתופדיה,חשמונאים,gender,גבר,54
2026-07-30T17:00:29,58,אורתופדיה,חשמונאים,gender,אישה,1
2026-07-30T17:00:29,58,אורתופדיה,חשמונאים,visit_type,ביקור במרפאה,61
2026-07-30T17:00:29,58,אורתופדיה,חשמונאים,visit_type,שיחת טלפון,1
2026-07-30T17:00:29,58,אורתופדיה,חשמונאים,language,איטלקית,2
2026-07-30T17:00:29,58,אורתופדיה,חשמונאים,language,אנגלית,6
2026-07-30T17:00:29,58,אורתופדיה,חשמונאים,language,גרמנית,1
2026-07-30T17:00:29,58,אורתופדיה,חשמונאים,language,עברית,9
2026-07-30T17:00:29,58,אורתופדיה,חשמונאים,language,צרפתית,2
2026-07-30T17:00:29,58,אורתופדיה,חשמונאים,language,רוסית,4
2026-07-30T17:00:39,58,אורתופדיה,טירה ליד בית חורון,gender,גבר,47
2026-07-30T17:00:39,58,אורתופדיה,טירה ליד בית חורון,visit_type,ביקור במרפאה,49
2026-07-30T17:00:39,58,אורתופדיה,טירה ליד בית חורון,language,אנגלית,7
2026-07-30T17:00:39,58,אורתופדיה,טירה ליד בית חורון,language,עברית,12
2026-07-30T17:00:39,58,אורתופדיה,טירה ליד בית חורון,language,ערבית,6
2026-07-30T17:00:39,58,אורתופדיה,טירה ליד בית חורון,language,צרפתית,1
2026-07-30T17:00:39,58,אורתופדיה,טירה ליד בית חורון,language,רוסית,3
2026-07-30T17:00:48,58,אורתופדיה,טמרה,gender,גבר,89
2026-07-30T17:00:48,58,אורתופדיה,טמרה,gender,אישה,2
2026-07-30T17:00:48,58,אורתופדיה,טמרה,visit_type,ביקור במרפאה,91
2026-07-30T17:00:48,58,אורתופדיה,טמרה,visit_type,שיחת טלפון,2
2026-07-30T17:00:48,58,אורתופדיה,טמרה,language,איטלקית,1
2026-07-30T17:00:48,58,אורתופדיה,טמרה,language,אנגלית,53
2026-07-30T17:00:48,58,אורתופדיה,טמרה,language,בולגרית,1
2026-07-30T17:00:48,58,אורתופדיה,טמרה,language,גרמנית,3
2026-07-30T17:00:48,58,אורתופדיה,טמרה,language,ספרדית,2
2026-07-30T17:00:48,58,אורתופדיה,טמרה,language,עברית,90
2026-07-30T17:00:48,58,אורתופדיה,טמרה,language,ערבית,67
2026-07-30T17:00:48,58,אורתופדיה,טמרה,language,צכית,1
2026-07-30T17:00:48,58,אורתופדיה,טמרה,language,צרפתית,1
2026-07-30T17:00:48,58,אורתופדיה,טמרה,language,רומנית,8
2026-07-30T17:00:48,58,אורתופדיה,טמרה,language,רוסית,19
2026-07-30T17:01:03,58,אורתופדיה,יבור,gender,גבר,89
2026-07-30T17:01:03,58,אורתופדיה,יבור,gender,אישה,2
2026-07-30T17:01:03,58,אורתופדיה,יבור,visit_type,ביקור במרפאה,91
2026-07-30T17:01:03,58,אורתופדיה,יבור,visit_type,שיחת טלפון,2
2026-07-30T17:01:03,58,אורתופדיה,יבור,language,איטלקית,1
2026-07-30T17:01:03,58,אורתופדיה,יבור,language,אנגלית,53
2026-07-30T17:01:03,58,אורתופדיה,יבור,language,בולגרית,1
2026-07-30T17:01:03,58,אורתופדיה,יבור,language,גרמנית,3
2026-07-30T17:01:03,58,אורתופדיה,יבור,language,ספרדית,2
2026-07-30T17:01:03,58,אורתופדיה,יבור,language,עברית,90
2026-07-30T17:01:03,58,אורתופדיה,יבור,language,ערבית,67
2026-07-30T17:01:03,58,אורתופדיה,יבור,language,צכית,1
2026-07-30T17:01:03,58,אורתופדיה,יבור,language,צרפתית,1
2026-07-30T17:01:03,58,אורתופדיה,יבור,language,רומנית,8
2026-07-30T17:01:03,58,אורתופדיה,יבור,language,רוסית,19
2026-07-30T17:01:19,58,אורתופדיה,יד נתן,gender,גבר,41
2026-07-30T17:01:19,58,אורתופדיה,יד נתן,gender,אישה,2
2026-07-30T17:01:19,58,אורתופדיה,יד נתן,visit_type,ביקור במרפאה,47
2026-07-30T17:01:19,58,אורתופדיה,יד נתן,language,עברית,1
2026-07-30T17:01:19,58,אורתופדיה,יד נתן,language,רוסית,1
2026-07-30T17:01:33,58,אורתופדיה,יזרעאל,gender,גבר,145
2026-07-30T17:01:33,58,אורתופדיה,יזרעאל,visit_type,ביקור במרפאה,146
2026-07-30T17:01:33,58,אורתופדיה,יזרעאל,visit_type,שיחת טלפון,2
2026-07-30T17:01:33,58,אורתופדיה,יזרעאל,language,איטלקית,1
2026-07-30T17:01:33,58,אורתופדיה,יזרעאל,language,אנגלית,19
2026-07-30T17:01:33,58,אורתופדיה,יזרעאל,language,גרמנית,1
2026-07-30T17:01:33,58,אורתופדיה,יזרעאל,language,עברית,31
2026-07-30T17:01:33,58,אורתופדיה,יזרעאל,language,ערבית,21
2026-07-30T17:01:33,58,אורתופדיה,יזרעאל,language,רומנית,7
2026-07-30T17:01:33,58,אורתופדיה,יזרעאל,language,רוסית,6
2026-07-30T17:01:54,58,אורתופדיה,יסעור,gender,גבר,89
2026-07-30T17:01:54,58,אורתופדיה,יסעור,gender,אישה,2
2026-07-30T17:01:54,58,אורתופדיה,יסעור,visit_type,ביקור במרפאה,91
2026-07-30T17:01:54,58,אורתופדיה,יסעור,visit_type,שיחת טלפון,2
2026-07-30T17:01:54,58,אורתופדיה,יסעור,language,איטלקית,1
2026-07-30T17:01:54,58,אורתופדיה,יסעור,language,אנגלית,53
2026-07-30T17:01:54,58,אורתופדיה,יסעור,language,בולגרית,1
2026-07-30T17:01:54,58,אורתופדיה,יסעור,language,גרמנית,3
2026-07-30T17:01:54,58,אורתופדיה,יסעור,language,ספרדית,2
2026-07-30T17:01:54,58,אורתופדיה,יסעור,language,עברית,90
2026-07-30T17:01:54,58,אורתופדיה,יסעור,language,ערבית,67
2026-07-30T17:01:54,58,אורתופדיה,יסעור,language,צכית,1
2026-07-30T17:01:54,58,אורתופדיה,יסעור,language,צרפתית,1
2026-07-30T17:01:54,58,אורתופדיה,יסעור,language,רומנית,8
2026-07-30T17:01:54,58,אורתופדיה,יסעור,language,רוסית,19
2026-07-30T17:02:09,58,אורתופדיה,יצהר,gender,גבר,86
2026-07-30T17:02:09,58,אורתופדיה,יצהר,visit_type,ביקור במרפאה,89
2026-07-30T17:02:09,58,אורתופדיה,יצהר,visit_type,שיחת טלפון,3
2026-07-30T17:02:09,58,אורתופדיה,יצהר,language,אידיש,1
2026-07-30T17:02:09,58,אורתופדיה,יצהר,language,איטלקית,1
2026-07-30T17:02:09,58,אורתופדיה,יצהר,language,אנגלית,8
2026-07-30T17:02:09,58,אורתופדיה,יצהר,language,עברית,15
2026-07-30T17:02:09,58,אורתופדיה,יצהר,language,ערבית,10
2026-07-30T17:02:09,58,אורתופדיה,יצהר,language,רומנית,3
2026-07-30T17:02:09,58,אורתופדיה,יצהר,language,רוסית,2
2026-07-30T17:02:24,58,אורתופדיה,ירחיב,gender,גבר,67
2026-07-30T17:02:24,58,אורתופדיה,ירחיב,gender,אישה,1
2026-07-30T17:02:24,58,אורתופדיה,ירחיב,visit_type,ביקור במרפאה,77
2026-07-30T17:02:24,58,אורתופדיה,ירחיב,visit_type,שיחת טלפון,2
2026-07-30T17:02:24,58,אורתופדיה,ירחיב,language,אידיש,1
2026-07-30T17:02:24,58,אורתופדיה,ירחיב,language,איטלקית,5
2026-07-30T17:02:24,58,אורתופדיה,ירחיב,language,אנגלית,35
2026-07-30T17:02:24,58,אורתופדיה,ירחיב,language,גרמנית,6
2026-07-30T17:02:24,58,אורתופדיה,ירחיב,language,ספרדית,2
2026-07-30T17:02:24,58,אורתופדיה,ירחיב,language,עברית,56
2026-07-30T17:02:24,58,אורתופדיה,ירחיב,language,ערבית,6
2026-07-30T17:02:24,58,אורתופדיה,ירחיב,language,רומנית,5
2026-07-30T17:02:24,58,אורתופדיה,ירחיב,language,רוסית,6
2026-07-30T17:02:39,58,אורתופדיה,כאבול,gender,גבר,89
2026-07-30T17:02:39,58,אורתופדיה,כאבול,gender,אישה,2
2026-07-30T17:02:39,58,אורתופדיה,כאבול,visit_type,ביקור במרפאה,91
2026-07-30T17:02:39,58,אורתופדיה,כאבול,visit_type,שיחת טלפון,2
2026-07-30T17:02:39,58,אורתופדיה,כאבול,language,איטלקית,1
2026-07-30T17:02:39,58,אורתופדיה,כאבול,language,אנגלית,53
2026-07-30T17:02:39,58,אורתופדיה,כאבול,language,בולגרית,1
2026-07-30T17:02:39,58,אורתופדיה,כאבול,language,גרמנית,3
2026-07-30T17:02:39,58,אורתופדיה,כאבול,language,ספרדית,2
2026-07-30T17:02:39,58,אורתופדיה,כאבול,language,עברית,90
2026-07-30T17:02:39,58,אורתופדיה,כאבול,language,ערבית,67
2026-07-30T17:02:39,58,אורתופדיה,כאבול,language,צכית,1
2026-07-30T17:02:39,58,אורתופדיה,כאבול,language,צרפתית,1
2026-07-30T17:02:39,58,אורתופדיה,כאבול,language,רומנית,8
2026-07-30T17:02:39,58,אורתופדיה,כאבול,language,רוסית,19
2026-07-30T17:02:54,58,אורתופדיה,כופיר,gender,גבר,86
2026-07-30T17:02:54,58,אורתופדיה,כופיר,visit_type,ביקור במרפאה,89
2026-07-30T17:02:54,58,אורתופדיה,כופיר,visit_type,שיחת טלפון,3
2026-07-30T17:02:54,58,אורתופדיה,כופיר,language,אידיש,1
2026-07-30T17:02:54,58,אורתופדיה,כופיר,language,איטלקית,1
2026-07-30T17:02:54,58,אורתופדיה,כופיר,language,אנגלית,8
2026-07-30T17:02:54,58,אורתופדיה,כופיר,language,עברית,15
2026-07-30T17:02:54,58,אורתופדיה,כופיר,language,ערבית,10
2026-07-30T17:02:54,58,אורתופדיה,כופיר,language,רומנית,3
2026-07-30T17:02:54,58,אורתופדיה,כופיר,language,רוסית,2
2026-07-30T17:03:09,58,אורתופדיה,כישור,gender,גבר,89
2026-07-30T17:03:09,58,אורתופדיה,כישור,gender,אישה,2
2026-07-30T17:03:09,58,אורתופדיה,כישור,visit_type,ביקור במרפאה,91
2026-07-30T17:03:09,58,אורתופדיה,כישור,visit_type,שיחת טלפון,2
2026-07-30T17:03:09,58,אורתופדיה,כישור,language,איטלקית,1
2026-07-30T17:03:09,58,אורתופדיה,כישור,language,אנגלית,53
2026-07-30T17:03:09,58,אורתופדיה,כישור,language,בולגרית,1
2026-07-30T17:03:09,58,אורתופדיה,כישור,language,גרמנית,3
2026-07-30T17:03:09,58,אורתופדיה,כישור,language,ספרדית,2
2026-07-30T17:03:09,58,אורתופדיה,כישור,language,עברית,90
2026-07-30T17:03:09,58,אורתופדיה,כישור,language,ערבית,67
2026-07-30T17:03:09,58,אורתופדיה,כישור,language,צכית,1
2026-07-30T17:03:09,58,אורתופדיה,כישור,language,צרפתית,1
2026-07-30T17:03:09,58,אורתופדיה,כישור,language,רומנית,8
2026-07-30T17:03:09,58,אורתופדיה,כישור,language,רוסית,19
2026-07-30T17:03:24,58,אורתופדיה,כסלון,gender,גבר,47
2026-07-30T17:03:24,58,אורתופדיה,כסלון,visit_type,ביקור במרפאה,49
2026-07-30T17:03:24,58,אורתופדיה,כסלון,language,אנגלית,7
2026-07-30T17:03:24,58,אורתופדיה,כסלון,language,עברית,12
2026-07-30T17:03:24,58,אורתופדיה,כסלון,language,ערבית,6
2026-07-30T17:03:24,58,אורתופדיה,כסלון,language,צרפתית,1
2026-07-30T17:03:24,58,אורתופדיה,כסלון,language,רוסית,3
2026-07-30T17:03:33,58,אורתופדיה,כפר בלום,gender,גבר,97
2026-07-30T17:03:33,58,אורתופדיה,כפר בלום,visit_type,ביקור במרפאה,98
2026-07-30T17:03:33,58,אורתופדיה,כפר בלום,visit_type,שיחת טלפון,1
2026-07-30T17:03:33,58,אורתופדיה,כפר בלום,language,איטלקית,1
2026-07-30T17:03:33,58,אורתופדיה,כפר בלום,language,אנגלית,9
2026-07-30T17:03:33,58,אורתופדיה,כפר בלום,language,עברית,12
2026-07-30T17:03:33,58,אורתופדיה,כפר בלום,language,ערבית,5
2026-07-30T17:03:33,58,אורתופדיה,כפר בלום,language,רוסית,6
2026-07-30T17:03:48,58,אורתופדיה,כרמי יוסף,gender,גבר,54
2026-07-30T17:03:48,58,אורתופדיה,כרמי יוסף,gender,אישה,1
2026-07-30T17:03:48,58,אורתופדיה,כרמי יוסף,visit_type,ביקור במרפאה,61
2026-07-30T17:03:48,58,אורתופדיה,כרמי יוסף,visit_type,שיחת טלפון,1
2026-07-30T17:03:48,58,אורתופדיה,כרמי יוסף,language,איטלקית,2
2026-07-30T17:03:48,58,אורתופדיה,כרמי יוסף,language,אנגלית,6
2026-07-30T17:03:48,58,אורתופדיה,כרמי יוסף,language,גרמנית,1
2026-07-30T17:03:48,58,אורתופדיה,כרמי יוסף,language,עברית,9
2026-07-30T17:03:48,58,אורתופדיה,כרמי יוסף,language,צרפתית,2
2026-07-30T17:03:48,58,אורתופדיה,כרמי יוסף,language,רוסית,4
2026-07-30T17:04:02,58,אורתופדיה,להבים,gender,גבר,52
2026-07-30T17:04:02,58,אורתופדיה,להבים,gender,אישה,3
2026-07-30T17:04:02,58,אורתופדיה,להבים,visit_type,ביקור במרפאה,63
2026-07-30T17:04:02,58,אורתופדיה,להבים,language,עברית,1
2026-07-30T17:04:02,58,אורתופדיה,להבים,language,רוסית,1
2026-07-30T17:04:19,58,אורתופדיה,לפידות,gender,גבר,69
2026-07-30T17:04:19,58,אורתופדיה,לפידות,gender,אישה,2
2026-07-30T17:04:19,58,אורתופדיה,לפידות,visit_type,ביקור במרפאה,71
2026-07-30T17:04:19,58,אורתופדיה,לפידות,visit_type,שיחת טלפון,2
2026-07-30T17:04:19,58,אורתופדיה,לפידות,language,איטלקית,1
2026-07-30T17:04:19,58,אורתופדיה,לפידות,language,אנגלית,35
2026-07-30T17:04:19,58,אורתופדיה,לפידות,language,בולגרית,1
2026-07-30T17:04:19,58,אורתופדיה,לפידות,language,גרמנית,1
2026-07-30T17:04:19,58,אורתופדיה,לפידות,language,ספרדית,2
2026-07-30T17:04:19,58,אורתופדיה,לפידות,language,עברית,70
2026-07-30T17:04:19,58,אורתופדיה,לפידות,language,ערבית,60
2026-07-30T17:04:19,58,אורתופדיה,לפידות,language,צכית,1
2026-07-30T17:04:19,58,אורתופדיה,לפידות,language,צרפתית,1
2026-07-30T17:04:19,58,אורתופדיה,לפידות,language,רומנית,4
2026-07-30T17:04:19,58,אורתופדיה,לפידות,language,רוסית,15
2026-07-30T17:04:29,58,אורתופדיה,מבואות יריחו,gender,גבר,47
2026-07-30T17:04:29,58,אורתופדיה,מבואות יריחו,visit_type,ביקור במרפאה,49
2026-07-30T17:04:29,58,אורתופדיה,מבואות יריחו,language,אנגלית,7
2026-07-30T17:04:29,58,אורתופדיה,מבואות יריחו,language,עברית,12
2026-07-30T17:04:29,58,אורתופדיה,מבואות יריחו,language,ערבית,6
2026-07-30T17:04:29,58,אורתופדיה,מבואות יריחו,language,צרפתית,1
2026-07-30T17:04:29,58,אורתופדיה,מבואות יריחו,language,רוסית,3
2026-07-30T17:04:38,58,אורתופדיה,מגדל,gender,גבר,97
2026-07-30T17:04:38,58,אורתופדיה,מגדל,visit_type,ביקור במרפאה,98
2026-07-30T17:04:38,58,אורתופדיה,מגדל,visit_type,שיחת טלפון,1
2026-07-30T17:04:38,58,אורתופדיה,מגדל,language,איטלקית,1
2026-07-30T17:04:38,58,אורתופדיה,מגדל,language,אנגלית,9
2026-07-30T17:04:38,58,אורתופדיה,מגדל,language,עברית,12
2026-07-30T17:04:38,58,אורתופדיה,מגדל,language,ערבית,5
2026-07-30T17:04:38,58,אורתופדיה,מגדל,language,רוסית,6
2026-07-30T17:04:53,58,אורתופדיה,מוח'מאס,gender,גבר,47
2026-07-30T17:04:53,58,אורתופדיה,מוח'מאס,visit_type,ביקור במרפאה,49
2026-07-30T17:04:53,58,אורתופדיה,מוח'מאס,language,אנגלית,7
2026-07-30T17:04:53,58,אורתופדיה,מוח'מאס,language,עברית,12
2026-07-30T17:04:53,58,אורתופדיה,מוח'מאס,language,ערבית,6
2026-07-30T17:04:53,58,אורתופדיה,מוח'מאס,language,צרפתית,1
2026-07-30T17:04:53,58,אורתופדיה,מוח'מאס,language,רוסית,3
2026-07-30T17:05:03,58,אורתופדיה,מזרע,gender,גבר,145
2026-07-30T17:05:03,58,אורתופדיה,מזרע,visit_type,ביקור במרפאה,146
2026-07-30T17:05:03,58,אורתופדיה,מזרע,visit_type,שיחת טלפון,2
2026-07-30T17:05:03,58,אורתופדיה,מזרע,language,איטלקית,1
2026-07-30T17:05:03,58,אורתופדיה,מזרע,language,אנגלית,19
2026-07-30T17:05:03,58,אורתופדיה,מזרע,language,גרמנית,1
2026-07-30T17:05:03,58,אורתופדיה,מזרע,language,עברית,31
2026-07-30T17:05:03,58,אורתופדיה,מזרע,language,ערבית,21
2026-07-30T17:05:03,58,אורתופדיה,מזרע,language,רומנית,7
2026-07-30T17:05:03,58,אורתופדיה,מזרע,language,רוסית,6
2026-07-30T17:05:24,58,אורתופדיה,מידיה,gender,גבר,64
2026-07-30T17:05:24,58,אורתופדיה,מידיה,gender,אישה,1
2026-07-30T17:05:24,58,אורתופדיה,מידיה,visit_type,ביקור במרפאה,73
2026-07-30T17:05:24,58,אורתופדיה,מידיה,visit_type,שיחת טלפון,2
2026-07-30T17:05:24,58,אורתופדיה,מידיה,visit_type,שיחת וידאו,1
2026-07-30T17:05:24,58,אורתופדיה,מידיה,language,איטלקית,3
2026-07-30T17:05:24,58,אורתופדיה,מידיה,language,אנגלית,7
2026-07-30T17:05:24,58,אורתופדיה,מידיה,language,גרמנית,1
2026-07-30T17:05:24,58,אורתופדיה,מידיה,language,עברית,13
2026-07-30T17:05:24,58,אורתופדיה,מידיה,language,ערבית,1
2026-07-30T17:05:24,58,אורתופדיה,מידיה,language,צרפתית,3
2026-07-30T17:05:24,58,אורתופדיה,מידיה,language,רומנית,1
2026-07-30T17:05:24,58,אורתופדיה,מידיה,language,רוסית,5
2026-07-30T17:05:39,58,אורתופדיה,מכחול,gender,גבר,36
2026-07-30T17:05:39,58,אורתופדיה,מכחול,gender,אישה,2
2026-07-30T17:05:39,58,אורתופדיה,מכחול,visit_type,ביקור במרפאה,43
2026-07-30T17:05:39,58,אורתופדיה,מכחול,language,עברית,1
2026-07-30T17:05:39,58,אורתופדיה,מכחול,language,רוסית,1
2026-07-30T17:05:51,58,אורתופדיה,מנחמיה,gender,גבר,97
2026-07-30T17:05:51,58,אורתופדיה,מנחמיה,visit_type,ביקור במרפאה,98
2026-07-30T17:05:51,58,אורתופדיה,מנחמיה,visit_type,שיחת טלפון,1
2026-07-30T17:05:51,58,אורתופדיה,מנחמיה,language,איטלקית,1
2026-07-30T17:05:51,58,אורתופדיה,מנחמיה,language,אנגלית,9
2026-07-30T17:05:51,58,אורתופדיה,מנחמיה,language,עברית,12
2026-07-30T17:05:51,58,אורתופדיה,מנחמיה,language,ערבית,5
2026-07-30T17:05:51,58,אורתופדיה,מנחמיה,language,רוסית,6
2026-07-30T17:06:07,58,אורתופדיה,מסעדה,gender,גבר,97
2026-07-30T17:06:07,58,אורתופדיה,מסעדה,visit_type,ביקור במרפאה,98
2026-07-30T17:06:07,58,אורתופדיה,מסעדה,visit_type,שיחת טלפון,1
2026-07-30T17:06:07,58,אורתופדיה,מסעדה,language,איטלקית,1
2026-07-30T17:06:07,58,אורתופדיה,מסעדה,language,אנגלית,9
2026-07-30T17:06:07,58,אורתופדיה,מסעדה,language,עברית,12
2026-07-30T17:06:07,58,אורתופדיה,מסעדה,language,ערבית,5
2026-07-30T17:06:07,58,אורתופדיה,מסעדה,language,רוסית,6
2026-07-30T17:06:23,58,אורתופדיה,מעיין צבי,gender,גבר,125
2026-07-30T17:06:23,58,אורתופדיה,מעיין צבי,visit_type,ביקור במרפאה,128
2026-07-30T17:06:23,58,אורתופדיה,מעיין צבי,visit_type,שיחת טלפון,4
2026-07-30T17:06:23,58,אורתופדיה,מעיין צבי,language,אידיש,1
2026-07-30T17:06:23,58,אורתופדיה,מעיין צבי,language,איטלקית,1
2026-07-30T17:06:23,58,אורתופדיה,מעיין צבי,language,אנגלית,15
2026-07-30T17:06:23,58,אורתופדיה,מעיין צבי,language,גרמנית,1
2026-07-30T17:06:23,58,אורתופדיה,מעיין צבי,language,עברית,26
2026-07-30T17:06:23,58,אורתופדיה,מעיין צבי,language,ערבית,18
2026-07-30T17:06:23,58,אורתופדיה,מעיין צבי,language,רומנית,7
2026-07-30T17:06:23,58,אורתופדיה,מעיין צבי,language,רוסית,3
2026-07-30T17:06:45,58,אורתופדיה,מפעלי ים המלח,gender,גבר,52
2026-07-30T17:06:45,58,אורתופדיה,מפעלי ים המלח,gender,אישה,3
2026-07-30T17:06:45,58,אורתופדיה,מפעלי ים המלח,visit_type,ביקור במרפאה,63
2026-07-30T17:06:45,58,אורתופדיה,מפעלי ים המלח,language,עברית,1
2026-07-30T17:06:45,58,אורתופדיה,מפעלי ים המלח,language,רוסית,1
2026-07-30T17:07:01,58,אורתופדיה,מצפה נטופה,gender,גבר,97
2026-07-30T17:07:01,58,אורתופדיה,מצפה נטופה,visit_type,ביקור במרפאה,98
2026-07-30T17:07:01,58,אורתופדיה,מצפה נטופה,visit_type,שיחת טלפון,1
2026-07-30T17:07:01,58,אורתופדיה,מצפה נטופה,language,איטלקית,1
2026-07-30T17:07:01,58,אורתופדיה,מצפה נטופה,language,אנגלית,9
2026-07-30T17:07:01,58,אורתופדיה,מצפה נטופה,language,עברית,12
2026-07-30T17:07:01,58,אורתופדיה,מצפה נטופה,language,ערבית,5
2026-07-30T17:07:01,58,אורתופדיה,מצפה נטופה,language,רוסית,6
2026-07-30T17:07:17,58,אורתופדיה,מרכז אזורי כדורי,gender,גבר,97
2026-07-30T17:07:17,58,אורתופדיה,מרכז אזורי כדורי,visit_type,ביקור במרפאה,98
2026-07-30T17:07:17,58,אורתופדיה,מרכז אזורי כדורי,visit_type,שיחת טלפון,1
2026-07-30T17:07:17,58,אורתופדיה,מרכז אזורי כדורי,language,איטלקית,1
2026-07-30T17:07:17,58,אורתופדיה,מרכז אזורי כדורי,language,אנגלית,9
2026-07-30T17:07:17,58,אורתופדיה,מרכז אזורי כדורי,language,עברית,12
2026-07-30T17:07:17,58,אורתופדיה,מרכז אזורי כדורי,language,ערבית,5
2026-07-30T17:07:17,58,אורתופדיה,מרכז אזורי כדורי,language,רוסית,6
2026-07-30T17:07:32,58,אורתופדיה,משמר איילון,gender,גבר,54
2026-07-30T17:07:32,58,אורתופדיה,משמר איילון,gender,אישה,1
2026-07-30T17:07:32,58,אורתופדיה,משמר איילון,visit_type,ביקור במרפאה,61
2026-07-30T17:07:32,58,אורתופדיה,משמר איילון,visit_type,שיחת טלפון,1
2026-07-30T17:07:32,58,אורתופדיה,משמר איילון,language,איטלקית,2
2026-07-30T17:07:32,58,אורתופדיה,משמר איילון,language,אנגלית,6
2026-07-30T17:07:32,58,אורתופדיה,משמר איילון,language,גרמנית,1
2026-07-30T17:07:32,58,אורתופדיה,משמר איילון,language,עברית,9
2026-07-30T17:07:32,58,אורתופדיה,משמר איילון,language,צרפתית,2
2026-07-30T17:07:32,58,אורתופדיה,משמר איילון,language,רוסית,4
2026-07-30T17:07:42,58,אורתופדיה,נאות סמדר,gender,גבר,4
2026-07-30T17:07:42,58,אורתופדיה,נאות סמדר,visit_type,ביקור במרפאה,6
2026-07-30T17:07:42,58,אורתופדיה,נאות סמדר,visit_type,שיחת טלפון,2
2026-07-30T17:07:42,58,אורתופדיה,נאות סמדר,language,איטלקית,1
2026-07-30T17:07:42,58,אורתופדיה,נאות סמדר,language,אנגלית,1
2026-07-30T17:07:42,58,אורתופדיה,נאות סמדר,language,עברית,1
2026-07-30T17:07:45,58,אורתופדיה,נוב,gender,גבר,97
2026-07-30T17:07:45,58,אורתופדיה,נוב,visit_type,ביקור במרפאה,98
2026-07-30T17:07:45,58,אורתופדיה,נוב,visit_type,שיחת טלפון,1
2026-07-30T17:07:45,58,אורתופדיה,נוב,language,איטלקית,1
2026-07-30T17:07:45,58,אורתופדיה,נוב,language,אנגלית,9
2026-07-30T17:07:45,58,אורתופדיה,נוב,language,עברית,12
2026-07-30T17:07:45,58,אורתופדיה,נוב,language,ערבית,5
2026-07-30T17:07:45,58,אורתופדיה,נוב,language,רוסית,6
2026-07-30T17:08:01,58,אורתופדיה,נזלה א שרקיה,gender,גבר,86
2026-07-30T17:08:01,58,אורתופדיה,נזלה א שרקיה,visit_type,ביקור במרפאה,89
2026-07-30T17:08:01,58,אורתופדיה,נזלה א שרקיה,visit_type,שיחת טלפון,3
2026-07-30T17:08:01,58,אורתופדיה,נזלה א שרקיה,language,אידיש,1
2026-07-30T17:08:01,58,אורתופדיה,נזלה א שרקיה,language,איטלקית,1
2026-07-30T17:08:01,58,אורתופדיה,נזלה א שרקיה,language,אנגלית,8
2026-07-30T17:08:01,58,אורתופדיה,נזלה א שרקיה,language,עברית,15
2026-07-30T17:08:01,58,אורתופדיה,נזלה א שרקיה,language,ערבית,10
2026-07-30T17:08:01,58,אורתופדיה,נזלה א שרקיה,language,רומנית,3
2026-07-30T17:08:01,58,אורתופדיה,נזלה א שרקיה,language,רוסית,2
2026-07-30T17:08:15,58,אורתופדיה,נחם,gender,גבר,47
2026-07-30T17:08:15,58,אורתופדיה,נחם,visit_type,ביקור במרפאה,49
2026-07-30T17:08:15,58,אורתופדיה,נחם,language,אנגלית,7
2026-07-30T17:08:15,58,אורתופדיה,נחם,language,עברית,12
2026-07-30T17:08:15,58,אורתופדיה,נחם,language,ערבית,6
2026-07-30T17:08:15,58,אורתופדיה,נחם,language,צרפתית,1
2026-07-30T17:08:15,58,אורתופדיה,נחם,language,רוסית,3
2026-07-30T17:08:25,58,אורתופדיה,נין,gender,גבר,145
2026-07-30T17:08:25,58,אורתופדיה,נין,visit_type,ביקור במרפאה,146
2026-07-30T17:08:25,58,אורתופדיה,נין,visit_type,שיחת טלפון,2
2026-07-30T17:08:25,58,אורתופדיה,נין,language,איטלקית,1
2026-07-30T17:08:25,58,אורתופדיה,נין,language,אנגלית,19
2026-07-30T17:08:25,58,אורתופדיה,נין,language,גרמנית,1
2026-07-30T17:08:25,58,אורתופדיה,נין,language,עברית,31
2026-07-30T17:08:25,58,אורתופדיה,נין,language,ערבית,21
2026-07-30T17:08:25,58,אורתופדיה,נין,language,רומנית,7
2026-07-30T17:08:25,58,אורתופדיה,נין,language,רוסית,6
2026-07-30T17:08:45,58,אורתופדיה,נמרוד,gender,גבר,97
2026-07-30T17:08:45,58,אורתופדיה,נמרוד,visit_type,ביקור במרפאה,98
2026-07-30T17:08:45,58,אורתופדיה,נמרוד,visit_type,שיחת טלפון,1
2026-07-30T17:08:45,58,אורתופדיה,נמרוד,language,איטלקית,1
2026-07-30T17:08:45,58,אורתופדיה,נמרוד,language,אנגלית,9
2026-07-30T17:08:45,58,אורתופדיה,נמרוד,language,עברית,12
2026-07-30T17:08:45,58,אורתופדיה,נמרוד,language,ערבית,5
2026-07-30T17:08:45,58,אורתופדיה,נמרוד,language,רוסית,6
2026-07-30T17:09:01,58,אורתופדיה,נצר סרני,gender,גבר,54
2026-07-30T17:09:01,58,אורתופדיה,נצר סרני,gender,אישה,1
2026-07-30T17:09:01,58,אורתופדיה,נצר סרני,visit_type,ביקור במרפאה,61
2026-07-30T17:09:01,58,אורתופדיה,נצר סרני,visit_type,שיחת טלפון,1
2026-07-30T17:09:01,58,אורתופדיה,נצר סרני,language,איטלקית,2
2026-07-30T17:09:01,58,אורתופדיה,נצר סרני,language,אנגלית,6
2026-07-30T17:09:01,58,אורתופדיה,נצר סרני,language,גרמנית,1
2026-07-30T17:09:01,58,אורתופדיה,נצר סרני,language,עברית,9
2026-07-30T17:09:01,58,אורתופדיה,נצר סרני,language,צרפתית,2
2026-07-30T17:09:01,58,אורתופדיה,נצר סרני,language,רוסית,4
2026-07-30T17:09:11,58,אורתופדיה,סאוויה,gender,גבר,47
2026-07-30T17:09:11,58,אורתופדיה,סאוויה,visit_type,ביקור במרפאה,49
2026-07-30T17:09:11,58,אורתופדיה,סאוויה,language,אנגלית,7
2026-07-30T17:09:11,58,אורתופדיה,סאוויה,language,עברית,12
2026-07-30T17:09:11,58,אורתופדיה,סאוויה,language,ערבית,6
2026-07-30T17:09:11,58,אורתופדיה,סאוויה,language,צרפתית,1
2026-07-30T17:09:11,58,אורתופדיה,סאוויה,language,רוסית,3
2026-07-30T17:09:22,58,אורתופדיה,סוסיה,gender,גבר,52
2026-07-30T17:09:22,58,אורתופדיה,סוסיה,gender,אישה,3
2026-07-30T17:09:22,58,אורתופדיה,סוסיה,visit_type,ביקור במרפאה,63
2026-07-30T17:09:22,58,אורתופדיה,סוסיה,language,עברית,1
2026-07-30T17:09:22,58,אורתופדיה,סוסיה,language,רוסית,1
2026-07-30T17:09:37,58,אורתופדיה,סינג'יל,gender,גבר,47
2026-07-30T17:09:37,58,אורתופדיה,סינג'יל,visit_type,ביקור במרפאה,49
2026-07-30T17:09:37,58,אורתופדיה,סינג'יל,language,אנגלית,7
2026-07-30T17:09:37,58,אורתופדיה,סינג'יל,language,עברית,12
2026-07-30T17:09:37,58,אורתופדיה,סינג'יל,language,ערבית,6
2026-07-30T17:09:37,58,אורתופדיה,סינג'יל,language,צרפתית,1
2026-07-30T17:09:37,58,אורתופדיה,סינג'יל,language,רוסית,3
2026-07-30T17:09:48,58,אורתופדיה,סנסנה,gender,גבר,52
2026-07-30T17:09:48,58,אורתופדיה,סנסנה,gender,אישה,3
2026-07-30T17:09:48,58,אורתופדיה,סנסנה,visit_type,ביקור במרפאה,63
2026-07-30T17:09:48,58,אורתופדיה,סנסנה,language,עברית,1
2026-07-30T17:09:48,58,אורתופדיה,סנסנה,language,רוסית,1
2026-07-30T17:10:04,58,אורתופדיה,סתריה,gender,גבר,54
2026-07-30T17:10:04,58,אורתופדיה,סתריה,gender,אישה,1
2026-07-30T17:10:04,58,אורתופדיה,סתריה,visit_type,ביקור במרפאה,61
2026-07-30T17:10:04,58,אורתופדיה,סתריה,visit_type,שיחת טלפון,1
2026-07-30T17:10:04,58,אורתופדיה,סתריה,language,איטלקית,2
2026-07-30T17:10:04,58,אורתופדיה,סתריה,language,אנגלית,6
2026-07-30T17:10:04,58,אורתופדיה,סתריה,language,גרמנית,1
2026-07-30T17:10:04,58,אורתופדיה,סתריה,language,עברית,9
2026-07-30T17:10:04,58,אורתופדיה,סתריה,language,צרפתית,2
2026-07-30T17:10:04,58,אורתופדיה,סתריה,language,רוסית,4
2026-07-30T17:10:16,58,אורתופדיה,עג'ול,gender,גבר,47
2026-07-30T17:10:16,58,אורתופדיה,עג'ול,visit_type,ביקור במרפאה,49
2026-07-30T17:10:16,58,אורתופדיה,עג'ול,language,אנגלית,7
2026-07-30T17:10:16,58,אורתופדיה,עג'ול,language,עברית,12
2026-07-30T17:10:16,58,אורתופדיה,עג'ול,language,ערבית,6
2026-07-30T17:10:16,58,אורתופדיה,עג'ול,language,צרפתית,1
2026-07-30T17:10:16,58,אורתופדיה,עג'ול,language,רוסית,3
2026-07-30T17:10:25,58,אורתופדיה,עולש,gender,גבר,86
2026-07-30T17:10:25,58,אורתופדיה,עולש,visit_type,ביקור במרפאה,89
2026-07-30T17:10:25,58,אורתופדיה,עולש,visit_type,שיחת טלפון,3
2026-07-30T17:10:25,58,אורתופדיה,עולש,language,אידיש,1
2026-07-30T17:10:25,58,אורתופדיה,עולש,language,איטלקית,1
2026-07-30T17:10:25,58,אורתופדיה,עולש,language,אנגלית,8
2026-07-30T17:10:25,58,אורתופדיה,עולש,language,עברית,15
2026-07-30T17:10:25,58,אורתופדיה,עולש,language,ערבית,10
2026-07-30T17:10:25,58,אורתופדיה,עולש,language,רומנית,3
2026-07-30T17:10:25,58,אורתופדיה,עולש,language,רוסית,2
2026-07-30T17:10:38,58,אורתופדיה,עזר,gender,גבר,32
2026-07-30T17:10:38,58,אורתופדיה,עזר,gender,אישה,1
2026-07-30T17:10:38,58,אורתופדיה,עזר,visit_type,ביקור במרפאה,37
2026-07-30T17:10:38,58,אורתופדיה,עזר,visit_type,שיחת טלפון,1
2026-07-30T17:10:38,58,אורתופדיה,עזר,visit_type,שיחת וידאו,1
2026-07-30T17:10:38,58,אורתופדיה,עזר,language,איטלקית,1
2026-07-30T17:10:38,58,אורתופדיה,עזר,language,אנגלית,3
2026-07-30T17:10:38,58,אורתופדיה,עזר,language,גרמנית,1
2026-07-30T17:10:38,58,אורתופדיה,עזר,language,עברית,7
2026-07-30T17:10:38,58,אורתופדיה,עזר,language,ערבית,1
2026-07-30T17:10:38,58,אורתופדיה,עזר,language,צרפתית,1
2026-07-30T17:10:38,58,אורתופדיה,עזר,language,רומנית,1
2026-07-30T17:10:38,58,אורתופדיה,עזר,language,רוסית,3
2026-07-30T17:10:48,58,אורתופדיה,עיינות,gender,גבר,84
2026-07-30T17:10:48,58,אורתופדיה,עיינות,gender,אישה,1
2026-07-30T17:10:48,58,אורתופדיה,עיינות,visit_type,ביקור במרפאה,97
2026-07-30T17:10:48,58,אורתופדיה,עיינות,visit_type,שיחת טלפון,2
2026-07-30T17:10:48,58,אורתופדיה,עיינות,visit_type,שיחת וידאו,1
2026-07-30T17:10:48,58,אורתופדיה,עיינות,language,איטלקית,4
2026-07-30T17:10:48,58,אורתופדיה,עיינות,language,אנגלית,13
2026-07-30T17:10:48,58,אורתופדיה,עיינות,language,גרמנית,1
2026-07-30T17:10:48,58,אורתופדיה,עיינות,language,עברית,24
2026-07-30T17:10:48,58,אורתופדיה,עיינות,language,ערבית,2
2026-07-30T17:10:48,58,אורתופדיה,עיינות,language,צרפתית,3
2026-07-30T17:10:48,58,אורתופדיה,עיינות,language,רומנית,2
2026-07-30T17:10:48,58,אורתופדיה,עיינות,language,רוסית,9
2026-07-30T17:11:04,58,אורתופדיה,עלי,gender,גבר,47
2026-07-30T17:11:04,58,אורתופדיה,עלי,visit_type,ביקור במרפאה,49
2026-07-30T17:11:04,58,אורתופדיה,עלי,language,אנגלית,7
2026-07-30T17:11:04,58,אורתופדיה,עלי,language,עברית,12
2026-07-30T17:11:04,58,אורתופדיה,עלי,language,ערבית,6
2026-07-30T17:11:04,58,אורתופדיה,עלי,language,צרפתית,1
2026-07-30T17:11:04,58,אורתופדיה,עלי,language,רוסית,3
2026-07-30T17:11:15,58,אורתופדיה,עמיקם,gender,גבר,125
2026-07-30T17:11:15,58,אורתופדיה,עמיקם,visit_type,ביקור במרפאה,128
2026-07-30T17:11:15,58,אורתופדיה,עמיקם,visit_type,שיחת טלפון,4
2026-07-30T17:11:15,58,אורתופדיה,עמיקם,language,אידיש,1
2026-07-30T17:11:15,58,אורתופדיה,עמיקם,language,איטלקית,1
2026-07-30T17:11:15,58,אורתופדיה,עמיקם,language,אנגלית,15
2026-07-30T17:11:15,58,אורתופדיה,עמיקם,language,גרמנית,1
2026-07-30T17:11:15,58,אורתופדיה,עמיקם,language,עברית,26
2026-07-30T17:11:15,58,אורתופדיה,עמיקם,language,ערבית,18
2026-07-30T17:11:15,58,אורתופדיה,עמיקם,language,רומנית,7
2026-07-30T17:11:15,58,אורתופדיה,עמיקם,language,רוסית,3
2026-07-30T17:11:35,58,אורתופדיה,עסכר,gender,גבר,86
2026-07-30T17:11:35,58,אורתופדיה,עסכר,visit_type,ביקור במרפאה,89
2026-07-30T17:11:35,58,אורתופדיה,עסכר,visit_type,שיחת טלפון,3
2026-07-30T17:11:35,58,אורתופדיה,עסכר,language,אידיש,1
2026-07-30T17:11:35,58,אורתופדיה,עסכר,language,איטלקית,1
2026-07-30T17:11:35,58,אורתופדיה,עסכר,language,אנגלית,8
2026-07-30T17:11:35,58,אורתופדיה,עסכר,language,עברית,15
2026-07-30T17:11:35,58,אורתופדיה,עסכר,language,ערבית,10
2026-07-30T17:11:35,58,אורתופדיה,עסכר,language,רומנית,3
2026-07-30T17:11:35,58,אורתופדיה,עסכר,language,רוסית,2
2026-07-30T17:11:49,58,אורתופדיה,עראמשה,gender,גבר,69
2026-07-30T17:11:49,58,אורתופדיה,עראמשה,gender,אישה,2
2026-07-30T17:11:49,58,אורתופדיה,עראמשה,visit_type,ביקור במרפאה,71
2026-07-30T17:11:49,58,אורתופדיה,עראמשה,visit_type,שיחת טלפון,2
2026-07-30T17:11:49,58,אורתופדיה,עראמשה,language,איטלקית,1
2026-07-30T17:11:49,58,אורתופדיה,עראמשה,language,אנגלית,35
2026-07-30T17:11:49,58,אורתופדיה,עראמשה,language,בולגרית,1
2026-07-30T17:11:49,58,אורתופדיה,עראמשה,language,גרמנית,1
2026-07-30T17:11:49,58,אורתופדיה,עראמשה,language,ספרדית,2
2026-07-30T17:11:49,58,אורתופדיה,עראמשה,language,עברית,70
2026-07-30T17:11:49,58,אורתופדיה,עראמשה,language,ערבית,60
2026-07-30T17:11:49,58,אורתופדיה,עראמשה,language,צכית,1
2026-07-30T17:11:49,58,אורתופדיה,עראמשה,language,צרפתית,1
2026-07-30T17:11:49,58,אורתופדיה,עראמשה,language,רומנית,4
2026-07-30T17:11:49,58,אורתופדיה,עראמשה,language,רוסית,15
2026-07-30T17:12:01,58,אורתופדיה,עתיל,gender,גבר,86
2026-07-30T17:12:01,58,אורתופדיה,עתיל,visit_type,ביקור במרפאה,89
2026-07-30T17:12:01,58,אורתופדיה,עתיל,visit_type,שיחת טלפון,3
2026-07-30T17:12:01,58,אורתופדיה,עתיל,language,אידיש,1
2026-07-30T17:12:01,58,אורתופדיה,עתיל,language,איטלקית,1
2026-07-30T17:12:01,58,אורתופדיה,עתיל,language,אנגלית,8
2026-07-30T17:12:01,58,אורתופדיה,עתיל,language,עברית,15
2026-07-30T17:12:01,58,אורתופדיה,עתיל,language,ערבית,10
2026-07-30T17:12:01,58,אורתופדיה,עתיל,language,רומנית,3
2026-07-30T17:12:01,58,אורתופדיה,עתיל,language,רוסית,2
2026-07-30T17:12:16,58,אורתופדיה,פדואל,gender,גבר,49
2026-07-30T17:12:16,58,אורתופדיה,פדואל,gender,אישה,1
2026-07-30T17:12:16,58,אורתופדיה,פדואל,visit_type,ביקור במרפאה,58
2026-07-30T17:12:16,58,אורתופדיה,פדואל,visit_type,שיחת טלפון,1
2026-07-30T17:12:16,58,אורתופדיה,פדואל,language,איטלקית,4
2026-07-30T17:12:16,58,אורתופדיה,פדואל,language,אנגלית,33
2026-07-30T17:12:16,58,אורתופדיה,פדואל,language,גרמנית,6
2026-07-30T17:12:16,58,אורתופדיה,פדואל,language,ספרדית,2
2026-07-30T17:12:16,58,אורתופדיה,פדואל,language,עברית,54
2026-07-30T17:12:16,58,אורתופדיה,פדואל,language,ערבית,6
2026-07-30T17:12:16,58,אורתופדיה,פדואל,language,רומנית,5
2026-07-30T17:12:16,58,אורתופדיה,פדואל,language,רוסית,6
2026-07-30T17:12:26,58,אורתופדיה,פלאמה,gender,גבר,86
2026-07-30T17:12:26,58,אורתופדיה,פלאמה,visit_type,ביקור במרפאה,89
2026-07-30T17:12:26,58,אורתופדיה,פלאמה,visit_type,שיחת טלפון,3
2026-07-30T17:12:26,58,אורתופדיה,פלאמה,language,אידיש,1
2026-07-30T17:12:26,58,אורתופדיה,פלאמה,language,איטלקית,1
2026-07-30T17:12:26,58,אורתופדיה,פלאמה,language,אנגלית,8
2026-07-30T17:12:26,58,אורתופדיה,פלאמה,language,עברית,15
2026-07-30T17:12:26,58,אורתופדיה,פלאמה,language,ערבית,10
2026-07-30T17:12:26,58,אורתופדיה,פלאמה,language,רומנית,3
2026-07-30T17:12:26,58,אורתופדיה,פלאמה,language,רוסית,2
2026-07-30T17:12:41,58,אורתופדיה,פקועה,gender,גבר,86
2026-07-30T17:12:41,58,אורתופדיה,פקועה,visit_type,ביקור במרפאה,89
2026-07-30T17:12:41,58,אורתופדיה,פקועה,visit_type,שיחת טלפון,3
2026-07-30T17:12:41,58,אורתופדיה,פקועה,language,אידיש,1
2026-07-30T17:12:41,58,אורתופדיה,פקועה,language,איטלקית,1
2026-07-30T17:12:41,58,אורתופדיה,פקועה,language,אנגלית,8
2026-07-30T17:12:41,58,אורתופדיה,פקועה,language,עברית,15
2026-07-30T17:12:41,58,אורתופדיה,פקועה,language,ערבית,10
2026-07-30T17:12:41,58,אורתופדיה,פקועה,language,רומנית,3
2026-07-30T17:12:41,58,אורתופדיה,פקועה,language,רוסית,2
2026-07-30T17:12:55,58,אורתופדיה,פרעתה,gender,גבר,86
2026-07-30T17:12:55,58,אורתופדיה,פרעתה,visit_type,ביקור במרפאה,89
2026-07-30T17:12:55,58,אורתופדיה,פרעתה,visit_type,שיחת טלפון,3
2026-07-30T17:12:55,58,אורתופדיה,פרעתה,language,אידיש,1
2026-07-30T17:12:55,58,אורתופדיה,פרעתה,language,איטלקית,1
2026-07-30T17:12:55,58,אורתופדיה,פרעתה,language,אנגלית,8
2026-07-30T17:12:55,58,אורתופדיה,פרעתה,language,עברית,15
2026-07-30T17:12:55,58,אורתופדיה,פרעתה,language,ערבית,10
2026-07-30T17:12:55,58,אורתופדיה,פרעתה,language,רומנית,3
2026-07-30T17:12:55,58,אורתופדיה,פרעתה,language,רוסית,2
2026-07-30T17:13:11,58,אורתופדיה,צופית,gender,גבר,116
2026-07-30T17:13:11,58,אורתופדיה,צופית,gender,אישה,4
2026-07-30T17:13:11,58,אורתופדיה,צופית,visit_type,ביקור במרפאה,130
2026-07-30T17:13:11,58,אורתופדיה,צופית,visit_type,שיחת טלפון,3
2026-07-30T17:13:11,58,אורתופדיה,צופית,language,אידיש,1
2026-07-30T17:13:11,58,אורתופדיה,צופית,language,איטלקית,6
2026-07-30T17:13:11,58,אורתופדיה,צופית,language,אנגלית,28
2026-07-30T17:13:11,58,אורתופדיה,צופית,language,גרמנית,1
2026-07-30T17:13:11,58,אורתופדיה,צופית,language,עברית,46
2026-07-30T17:13:11,58,אורתופדיה,צופית,language,ערבית,15
2026-07-30T17:13:11,58,אורתופדיה,צופית,language,רומנית,8
2026-07-30T17:13:11,58,אורתופדיה,צופית,language,רוסית,6
2026-07-30T17:13:29,58,אורתופדיה,צפרירים,gender,גבר,47
2026-07-30T17:13:29,58,אורתופדיה,צפרירים,visit_type,ביקור במרפאה,49
2026-07-30T17:13:29,58,אורתופדיה,צפרירים,language,אנגלית,7
2026-07-30T17:13:29,58,אורתופדיה,צפרירים,language,עברית,12
2026-07-30T17:13:29,58,אורתופדיה,צפרירים,language,ערבית,6
2026-07-30T17:13:29,58,אורתופדיה,צפרירים,language,צרפתית,1
2026-07-30T17:13:29,58,אורתופדיה,צפרירים,language,רוסית,3
2026-07-30T17:13:39,58,אורתופדיה,קדיתא,gender,גבר,97
2026-07-30T17:13:39,58,אורתופדיה,קדיתא,visit_type,ביקור במרפאה,98
2026-07-30T17:13:39,58,אורתופדיה,קדיתא,visit_type,שיחת טלפון,1
2026-07-30T17:13:39,58,אורתופדיה,קדיתא,language,איטלקית,1
2026-07-30T17:13:39,58,אורתופדיה,קדיתא,language,אנגלית,9
2026-07-30T17:13:39,58,אורתופדיה,קדיתא,language,עברית,12
2026-07-30T17:13:39,58,אורתופדיה,קדיתא,language,ערבית,5
2026-07-30T17:13:39,58,אורתופדיה,קדיתא,language,רוסית,6
2026-07-30T17:13:55,58,אורתופדיה,קוסין,gender,גבר,86
2026-07-30T17:13:55,58,אורתופדיה,קוסין,visit_type,ביקור במרפאה,89
2026-07-30T17:13:55,58,אורתופדיה,קוסין,visit_type,שיחת טלפון,3
2026-07-30T17:13:55,58,אורתופדיה,קוסין,language,אידיש,1
2026-07-30T17:13:55,58,אורתופדיה,קוסין,language,איטלקית,1
2026-07-30T17:13:55,58,אורתופדיה,קוסין,language,אנגלית,8
2026-07-30T17:13:55,58,אורתופדיה,קוסין,language,עברית,15
2026-07-30T17:13:55,58,אורתופדיה,קוסין,language,ערבית,10
2026-07-30T17:13:55,58,אורתופדיה,קוסין,language,רומנית,3
2026-07-30T17:13:55,58,אורתופדיה,קוסין,language,רוסית,2
2026-07-30T17:14:09,58,אורתופדיה,קלנדיה,gender,גבר,47
2026-07-30T17:14:09,58,אורתופדיה,קלנדיה,visit_type,ביקור במרפאה,49
2026-07-30T17:14:09,58,אורתופדיה,קלנדיה,language,אנגלית,7
2026-07-30T17:14:09,58,אורתופדיה,קלנדיה,language,עברית,12
2026-07-30T17:14:09,58,אורתופדיה,קלנדיה,language,ערבית,6
2026-07-30T17:14:09,58,אורתופדיה,קלנדיה,language,צרפתית,1
2026-07-30T17:14:09,58,אורתופדיה,קלנדיה,language,רוסית,3
2026-07-30T17:14:16,58,אורתופדיה,קריות,gender,גבר,47
2026-07-30T17:14:16,58,אורתופדיה,קריות,visit_type,ביקור במרפאה,49
2026-07-30T17:14:16,58,אורתופדיה,קריות,language,אנגלית,7
2026-07-30T17:14:16,58,אורתופדיה,קריות,language,עברית,12
2026-07-30T17:14:16,58,אורתופדיה,קריות,language,ערבית,6
2026-07-30T17:14:16,58,אורתופדיה,קריות,language,צרפתית,1
2026-07-30T17:14:16,58,אורתופדיה,קריות,language,רוסית,3
2026-07-30T17:14:27,58,אורתופדיה,ראבוד,gender,גבר,52
2026-07-30T17:14:27,58,אורתופדיה,ראבוד,gender,אישה,3
2026-07-30T17:14:27,58,אורתופדיה,ראבוד,visit_type,ביקור במרפאה,63
2026-07-30T17:14:27,58,אורתופדיה,ראבוד,language,עברית,1
2026-07-30T17:14:27,58,אורתופדיה,ראבוד,language,רוסית,1
2026-07-30T17:14:43,58,אורתופדיה,רבדים,gender,גבר,32
2026-07-30T17:14:43,58,אורתופדיה,רבדים,gender,אישה,1
2026-07-30T17:14:43,58,אורתופדיה,רבדים,visit_type,ביקור במרפאה,37
2026-07-30T17:14:43,58,אורתופדיה,רבדים,visit_type,שיחת טלפון,1
2026-07-30T17:14:43,58,אורתופדיה,רבדים,visit_type,שיחת וידאו,1
2026-07-30T17:14:43,58,אורתופדיה,רבדים,language,איטלקית,1
2026-07-30T17:14:43,58,אורתופדיה,רבדים,language,אנגלית,3
2026-07-30T17:14:43,58,אורתופדיה,רבדים,language,גרמנית,1
2026-07-30T17:14:43,58,אורתופדיה,רבדים,language,עברית,7
2026-07-30T17:14:43,58,אורתופדיה,רבדים,language,ערבית,1
2026-07-30T17:14:43,58,אורתופדיה,רבדים,language,צרפתית,1
2026-07-30T17:14:43,58,אורתופדיה,רבדים,language,רומנית,1
2026-07-30T17:14:43,58,אורתופדיה,רבדים,language,רוסית,3
2026-07-30T17:14:53,58,אורתופדיה,רוחמה,gender,גבר,41
2026-07-30T17:14:53,58,אורתופדיה,רוחמה,gender,אישה,2
2026-07-30T17:14:53,58,אורתופדיה,רוחמה,visit_type,ביקור במרפאה,47
2026-07-30T17:14:53,58,אורתופדיה,רוחמה,language,עברית,1
2026-07-30T17:14:53,58,אורתופדיה,רוחמה,language,רוסית,1
2026-07-30T17:15:06,58,אורתופדיה,ריחן,gender,גבר,125
2026-07-30T17:15:06,58,אורתופדיה,ריחן,visit_type,ביקור במרפאה,128
2026-07-30T17:15:06,58,אורתופדיה,ריחן,visit_type,שיחת טלפון,4
2026-07-30T17:15:06,58,אורתופדיה,ריחן,language,אידיש,1
2026-07-30T17:15:06,58,אורתופדיה,ריחן,language,איטלקית,1
2026-07-30T17:15:06,58,אורתופדיה,ריחן,language,אנגלית,15
2026-07-30T17:15:06,58,אורתופדיה,ריחן,language,גרמנית,1
2026-07-30T17:15:06,58,אורתופדיה,ריחן,language,עברית,26
2026-07-30T17:15:06,58,אורתופדיה,ריחן,language,ערבית,18
2026-07-30T17:15:06,58,אורתופדיה,ריחן,language,רומנית,7
2026-07-30T17:15:06,58,אורתופדיה,ריחן,language,רוסית,3
2026-07-30T17:15:26,58,אורתופדיה,רמות מאיר,gender,גבר,54
2026-07-30T17:15:26,58,אורתופדיה,רמות מאיר,gender,אישה,1
2026-07-30T17:15:26,58,אורתופדיה,רמות מאיר,visit_type,ביקור במרפאה,61
2026-07-30T17:15:26,58,אורתופדיה,רמות מאיר,visit_type,שיחת טלפון,1
2026-07-30T17:15:26,58,אורתופדיה,רמות מאיר,language,איטלקית,2
2026-07-30T17:15:26,58,אורתופדיה,רמות מאיר,language,אנגלית,6
2026-07-30T17:15:26,58,אורתופדיה,רמות מאיר,language,גרמנית,1
2026-07-30T17:15:26,58,אורתופדיה,רמות מאיר,language,עברית,9
2026-07-30T17:15:26,58,אורתופדיה,רמות מאיר,language,צרפתית,2
2026-07-30T17:15:26,58,אורתופדיה,רמות מאיר,language,רוסית,4
2026-07-30T17:15:39,58,אורתופדיה,רפידיה,gender,גבר,86
2026-07-30T17:15:39,58,אורתופדיה,רפידיה,visit_type,ביקור במרפאה,89
2026-07-30T17:15:39,58,אורתופדיה,רפידיה,visit_type,שיחת טלפון,3
2026-07-30T17:15:39,58,אורתופדיה,רפידיה,language,אידיש,1
2026-07-30T17:15:39,58,אורתופדיה,רפידיה,language,איטלקית,1
2026-07-30T17:15:39,58,אורתופדיה,רפידיה,language,אנגלית,8
2026-07-30T17:15:39,58,אורתופדיה,רפידיה,language,עברית,15
2026-07-30T17:15:39,58,אורתופדיה,רפידיה,language,ערבית,10
2026-07-30T17:15:39,58,אורתופדיה,רפידיה,language,רומנית,3
2026-07-30T17:15:39,58,אורתופדיה,רפידיה,language,רוסית,2
2026-07-30T17:15:53,58,אורתופדיה,שבתין,gender,גבר,49
2026-07-30T17:15:53,58,אורתופדיה,שבתין,gender,אישה,1
2026-07-30T17:15:53,58,אורתופדיה,שבתין,visit_type,ביקור במרפאה,58
2026-07-30T17:15:53,58,אורתופדיה,שבתין,visit_type,שיחת טלפון,1
2026-07-30T17:15:53,58,אורתופדיה,שבתין,language,איטלקית,4
2026-07-30T17:15:53,58,אורתופדיה,שבתין,language,אנגלית,33
2026-07-30T17:15:53,58,אורתופדיה,שבתין,language,גרמנית,6
2026-07-30T17:15:53,58,אורתופדיה,שבתין,language,ספרדית,2
2026-07-30T17:15:53,58,אורתופדיה,שבתין,language,עברית,54
2026-07-30T17:15:53,58,אורתופדיה,שבתין,language,ערבית,6
2026-07-30T17:15:53,58,אורתופדיה,שבתין,language,רומנית,5
2026-07-30T17:15:53,58,אורתופדיה,שבתין,language,רוסית,6
2026-07-30T17:16:05,58,אורתופדיה,שדה יצחק,gender,גבר,125
2026-07-30T17:16:05,58,אורתופדיה,שדה יצחק,visit_type,ביקור במרפאה,128
2026-07-30T17:16:05,58,אורתופדיה,שדה יצחק,visit_type,שיחת טלפון,4
2026-07-30T17:16:05,58,אורתופדיה,שדה יצחק,language,אידיש,1
2026-07-30T17:16:05,58,אורתופדיה,שדה יצחק,language,איטלקית,1
2026-07-30T17:16:05,58,אורתופדיה,שדה יצחק,language,אנגלית,15
2026-07-30T17:16:05,58,אורתופדיה,שדה יצחק,language,גרמנית,1
2026-07-30T17:16:05,58,אורתופדיה,שדה יצחק,language,עברית,26
2026-07-30T17:16:05,58,אורתופדיה,שדה יצחק,language,ערבית,18
2026-07-30T17:16:05,58,אורתופדיה,שדה יצחק,language,רומנית,7
2026-07-30T17:16:05,58,אורתופדיה,שדה יצחק,language,רוסית,3
2026-07-30T17:16:24,58,אורתופדיה,שוקבא,gender,גבר,49
2026-07-30T17:16:24,58,אורתופדיה,שוקבא,gender,אישה,1
2026-07-30T17:16:24,58,אורתופדיה,שוקבא,visit_type,ביקור במרפאה,58
2026-07-30T17:16:24,58,אורתופדיה,שוקבא,visit_type,שיחת טלפון,1
2026-07-30T17:16:24,58,אורתופדיה,שוקבא,language,איטלקית,4
2026-07-30T17:16:24,58,אורתופדיה,שוקבא,language,אנגלית,33
2026-07-30T17:16:24,58,אורתופדיה,שוקבא,language,גרמנית,6
2026-07-30T17:16:24,58,אורתופדיה,שוקבא,language,ספרדית,2
2026-07-30T17:16:24,58,אורתופדיה,שוקבא,language,עברית,54
2026-07-30T17:16:24,58,אורתופדיה,שוקבא,language,ערבית,6
2026-07-30T17:16:24,58,אורתופדיה,שוקבא,language,רומנית,5
2026-07-30T17:16:24,58,אורתופדיה,שוקבא,language,רוסית,6
2026-07-30T17:16:34,58,אורתופדיה,שייח' דנון,gender,גבר,69
2026-07-30T17:16:34,58,אורתופדיה,שייח' דנון,gender,אישה,2
2026-07-30T17:16:34,58,אורתופדיה,שייח' דנון,visit_type,ביקור במרפאה,71
2026-07-30T17:16:34,58,אורתופדיה,שייח' דנון,visit_type,שיחת טלפון,2
2026-07-30T17:16:34,58,אורתופדיה,שייח' דנון,language,איטלקית,1
2026-07-30T17:16:34,58,אורתופדיה,שייח' דנון,language,אנגלית,35
2026-07-30T17:16:34,58,אורתופדיה,שייח' דנון,language,בולגרית,1
2026-07-30T17:16:34,58,אורתופדיה,שייח' דנון,language,גרמנית,1
2026-07-30T17:16:34,58,אורתופדיה,שייח' דנון,language,ספרדית,2
2026-07-30T17:16:34,58,אורתופדיה,שייח' דנון,language,עברית,70
2026-07-30T17:16:34,58,אורתופדיה,שייח' דנון,language,ערבית,60
2026-07-30T17:16:34,58,אורתופדיה,שייח' דנון,language,צכית,1
2026-07-30T17:16:34,58,אורתופדיה,שייח' דנון,language,צרפתית,1
2026-07-30T17:16:34,58,אורתופדיה,שייח' דנון,language,רומנית,4
2026-07-30T17:16:34,58,אורתופדיה,שייח' דנון,language,רוסית,15
2026-07-30T17:16:45,58,אורתופדיה,שלומציון,gender,גבר,47
2026-07-30T17:16:45,58,אורתופדיה,שלומציון,visit_type,ביקור במרפאה,49
2026-07-30T17:16:45,58,אורתופדיה,שלומציון,language,אנגלית,7
2026-07-30T17:16:45,58,אורתופדיה,שלומציון,language,עברית,12
2026-07-30T17:16:45,58,אורתופדיה,שלומציון,language,ערבית,6
2026-07-30T17:16:45,58,אורתופדיה,שלומציון,language,צרפתית,1
2026-07-30T17:16:45,58,אורתופדיה,שלומציון,language,רוסית,3
2026-07-30T17:16:55,58,אורתופדיה,שער אפרים,gender,גבר,86
2026-07-30T17:16:55,58,אורתופדיה,שער אפרים,visit_type,ביקור במרפאה,89
2026-07-30T17:16:55,58,אורתופדיה,שער אפרים,visit_type,שיחת טלפון,3
2026-07-30T17:16:55,58,אורתופדיה,שער אפרים,language,אידיש,1
2026-07-30T17:16:55,58,אורתופדיה,שער אפרים,language,איטלקית,1
2026-07-30T17:16:55,58,אורתופדיה,שער אפרים,language,אנגלית,8
2026-07-30T17:16:55,58,אורתופדיה,שער אפרים,language,עברית,15
2026-07-30T17:16:55,58,אורתופדיה,שער אפרים,language,ערבית,10
2026-07-30T17:16:55,58,אורתופדיה,שער אפרים,language,רומנית,3
2026-07-30T17:16:55,58,אורתופדיה,שער אפרים,language,רוסית,2
2026-07-30T17:17:11,58,אורתופדיה,שקף,gender,גבר,41
2026-07-30T17:17:11,58,אורתופדיה,שקף,gender,אישה,2
2026-07-30T17:17:11,58,אורתופדיה,שקף,visit_type,ביקור במרפאה,47
2026-07-30T17:17:11,58,אורתופדיה,שקף,language,עברית,1
2026-07-30T17:17:11,58,אורתופדיה,שקף,language,רוסית,1
2026-07-30T17:17:22,58,אורתופדיה,תומר,gender,גבר,47
2026-07-30T17:17:22,58,אורתופדיה,תומר,visit_type,ביקור במרפאה,49
2026-07-30T17:17:22,58,אורתופדיה,תומר,language,אנגלית,7
2026-07-30T17:17:22,58,אורתופדיה,תומר,language,עברית,12
2026-07-30T17:17:22,58,אורתופדיה,תומר,language,ערבית,6
2026-07-30T17:17:22,58,אורתופדיה,תומר,language,צרפתית,1
2026-07-30T17:17:22,58,אורתופדיה,תומר,language,רוסית,3
2026-07-30T17:17:31,58,אורתופדיה,תל אל בידה,gender,גבר,97
2026-07-30T17:17:31,58,אורתופדיה,תל אל בידה,visit_type,ביקור במרפאה,98
2026-07-30T17:17:31,58,אורתופדיה,תל אל בידה,visit_type,שיחת טלפון,1
2026-07-30T17:17:31,58,אורתופדיה,תל אל בידה,language,איטלקית,1
2026-07-30T17:17:31,58,אורתופדיה,תל אל בידה,language,אנגלית,9
2026-07-30T17:17:31,58,אורתופדיה,תל אל בידה,language,עברית,12
2026-07-30T17:17:31,58,אורתופדיה,תל אל בידה,language,ערבית,5
2026-07-30T17:17:31,58,אורתופדיה,תל אל בידה,language,רוסית,6
2026-07-30T17:17:46,58,אורתופדיה,תעוז,gender,גבר,47
2026-07-30T17:17:46,58,אורתופדיה,תעוז,visit_type,ביקור במרפאה,49
2026-07-30T17:17:46,58,אורתופדיה,תעוז,language,אנגלית,7
2026-07-30T17:17:46,58,אורתופדיה,תעוז,language,עברית,12
2026-07-30T17:17:46,58,אורתופדיה,תעוז,language,ערבית,6
2026-07-30T17:17:46,58,אורתופדיה,תעוז,language,צרפתית,1
2026-07-30T17:17:46,58,אורתופדיה,תעוז,language,רוסית,3
2026-07-30T17:17:57,58,אורתופדיה,תפרח,gender,גבר,52
2026-07-30T17:17:57,58,אורתופדיה,תפרח,gender,אישה,3
2026-07-30T17:17:57,58,אורתופדיה,תפרח,visit_type,ביקור במרפאה,63
2026-07-30T17:17:57,58,אורתופדיה,תפרח,language,עברית,1
2026-07-30T17:17:57,58,אורתופדיה,תפרח,language,רוסית,1
2026-07-30T17:18:12,62,אף אוזן גרון,א ראם,gender,גבר,36
2026-07-30T17:18:12,62,אף אוזן גרון,א ראם,gender,אישה,4
2026-07-30T17:18:12,62,אף אוזן גרון,א ראם,visit_type,ביקור במרפאה,41
2026-07-30T17:18:12,62,אף אוזן גרון,א ראם,language,אידיש,4
2026-07-30T17:18:12,62,אף אוזן גרון,א ראם,language,איטלקית,1
2026-07-30T17:18:12,62,אף אוזן גרון,א ראם,language,אנגלית,10
2026-07-30T17:18:12,62,אף אוזן גרון,א ראם,language,עברית,10
2026-07-30T17:18:12,62,אף אוזן גרון,א ראם,language,ערבית,4
2026-07-30T17:18:12,62,אף אוזן גרון,א ראם,language,רוסית,4
2026-07-30T17:18:20,62,אף אוזן גרון,אבו עבדון,gender,גבר,38
2026-07-30T17:18:20,62,אף אוזן גרון,אבו עבדון,gender,אישה,6
2026-07-30T17:18:20,62,אף אוזן גרון,אבו עבדון,visit_type,ביקור במרפאה,47
2026-07-30T17:18:20,62,אף אוזן גרון,אבו עבדון,language,אוקראינית,1
2026-07-30T17:18:20,62,אף אוזן גרון,אבו עבדון,language,אידיש,3
2026-07-30T17:18:20,62,אף אוזן גרון,אבו עבדון,language,אנגלית,3
2026-07-30T17:18:20,62,אף אוזן גרון,אבו עבדון,language,הונגרית,1
2026-07-30T17:18:20,62,אף אוזן גרון,אבו עבדון,language,ספרדית,3
2026-07-30T17:18:20,62,אף אוזן גרון,אבו עבדון,language,עברית,10
2026-07-30T17:18:20,62,אף אוזן גרון,אבו עבדון,language,ערבית,4
2026-07-30T17:18:20,62,אף אוזן גרון,אבו עבדון,language,צכית,1
2026-07-30T17:18:20,62,אף אוזן גרון,אבו עבדון,language,רוסית,1
2026-07-30T17:18:31,62,אף אוזן גרון,אודלה,gender,גבר,48
2026-07-30T17:18:31,62,אף אוזן גרון,אודלה,gender,אישה,14
2026-07-30T17:18:31,62,אף אוזן גרון,אודלה,visit_type,ביקור במרפאה,67
2026-07-30T17:18:31,62,אף אוזן גרון,אודלה,visit_type,שיחת טלפון,1
2026-07-30T17:18:31,62,אף אוזן גרון,אודלה,language,אוקראינית,1
2026-07-30T17:18:31,62,אף אוזן גרון,אודלה,language,אידיש,4
2026-07-30T17:18:31,62,אף אוזן גרון,אודלה,language,איטלקית,1
2026-07-30T17:18:31,62,אף אוזן גרון,אודלה,language,אנגלית,12
2026-07-30T17:18:31,62,אף אוזן גרון,אודלה,language,גרמנית,1
2026-07-30T17:18:31,62,אף אוזן גרון,אודלה,language,עברית,16
2026-07-30T17:18:31,62,אף אוזן גרון,אודלה,language,ערבית,3
2026-07-30T17:18:31,62,אף אוזן גרון,אודלה,language,רומנית,2
2026-07-30T17:18:31,62,אף אוזן גרון,אודלה,language,רוסית,6
2026-07-30T17:18:43,62,אף אוזן גרון,אזור תעסוקה מיתרים,gender,גבר,50
2026-07-30T17:18:43,62,אף אוזן גרון,אזור תעסוקה מיתרים,gender,אישה,7
2026-07-30T17:18:43,62,אף אוזן גרון,אזור תעסוקה מיתרים,visit_type,ביקור במרפאה,63
2026-07-30T17:18:43,62,אף אוזן גרון,אזור תעסוקה מיתרים,language,אוקראינית,1
2026-07-30T17:18:43,62,אף אוזן גרון,אזור תעסוקה מיתרים,language,אידיש,3
2026-07-30T17:18:43,62,אף אוזן גרון,אזור תעסוקה מיתרים,language,אנגלית,3
2026-07-30T17:18:43,62,אף אוזן גרון,אזור תעסוקה מיתרים,language,הונגרית,1
2026-07-30T17:18:43,62,אף אוזן גרון,אזור תעסוקה מיתרים,language,ספרדית,3
2026-07-30T17:18:43,62,אף אוזן גרון,אזור תעסוקה מיתרים,language,עברית,11
2026-07-30T17:18:43,62,אף אוזן גרון,אזור תעסוקה מיתרים,language,ערבית,5
2026-07-30T17:18:43,62,אף אוזן גרון,אזור תעסוקה מיתרים,language,צכית,1
2026-07-30T17:18:43,62,אף אוזן גרון,אזור תעסוקה מיתרים,language,רוסית,1
2026-07-30T17:18:56,62,אף אוזן גרון,אחיעזר,gender,גבר,22
2026-07-30T17:18:56,62,אף אוזן גרון,אחיעזר,gender,אישה,1
2026-07-30T17:18:56,62,אף אוזן גרון,אחיעזר,visit_type,ביקור במרפאה,32
2026-07-30T17:18:56,62,אף אוזן גרון,אחיעזר,language,איטלקית,1
2026-07-30T17:18:56,62,אף אוזן גרון,אחיעזר,language,אנגלית,9
2026-07-30T17:18:56,62,אף אוזן גרון,אחיעזר,language,עברית,14
2026-07-30T17:18:56,62,אף אוזן גרון,אחיעזר,language,ערבית,2
2026-07-30T17:18:56,62,אף אוזן גרון,אחיעזר,language,צרפתית,1
2026-07-30T17:18:56,62,אף אוזן גרון,אחיעזר,language,רוסית,4
2026-07-30T17:19:03,62,אף אוזן גרון,אילניה,gender,גבר,54
2026-07-30T17:19:03,62,אף אוזן גרון,אילניה,gender,אישה,5
2026-07-30T17:19:03,62,אף אוזן גרון,אילניה,visit_type,ביקור במרפאה,59
2026-07-30T17:19:03,62,אף אוזן גרון,אילניה,language,אנגלית,11
2026-07-30T17:19:03,62,אף אוזן גרון,אילניה,language,עברית,14
2026-07-30T17:19:03,62,אף אוזן גרון,אילניה,language,ערבית,14
2026-07-30T17:19:03,62,אף אוזן גרון,אילניה,language,רוסית,2
2026-07-30T17:19:14,62,אף אוזן גרון,אל עטאונה,gender,גבר,38
2026-07-30T17:19:14,62,אף אוזן גרון,אל עטאונה,gender,אישה,6
2026-07-30T17:19:14,62,אף אוזן גרון,אל עטאונה,visit_type,ביקור במרפאה,47
2026-07-30T17:19:14,62,אף אוזן גרון,אל עטאונה,language,אוקראינית,1
2026-07-30T17:19:14,62,אף אוזן גרון,אל עטאונה,language,אידיש,3
2026-07-30T17:19:14,62,אף אוזן גרון,אל עטאונה,language,אנגלית,3
2026-07-30T17:19:14,62,אף אוזן גרון,אל עטאונה,language,הונגרית,1
2026-07-30T17:19:14,62,אף אוזן גרון,אל עטאונה,language,ספרדית,3
2026-07-30T17:19:14,62,אף אוזן גרון,אל עטאונה,language,עברית,10
2026-07-30T17:19:14,62,אף אוזן גרון,אל עטאונה,language,ערבית,4
2026-07-30T17:19:14,62,אף אוזן גרון,אל עטאונה,language,צכית,1
2026-07-30T17:19:14,62,אף אוזן גרון,אל עטאונה,language,רוסית,1
2026-07-30T17:19:26,62,אף אוזן גרון,אעצם,gender,גבר,38
2026-07-30T17:19:26,62,אף אוזן גרון,אעצם,gender,אישה,6
2026-07-30T17:19:26,62,אף אוזן גרון,אעצם,visit_type,ביקור במרפאה,47
2026-07-30T17:19:26,62,אף אוזן גרון,אעצם,language,אוקראינית,1
2026-07-30T17:19:26,62,אף אוזן גרון,אעצם,language,אידיש,3
2026-07-30T17:19:26,62,אף אוזן גרון,אעצם,language,אנגלית,3
2026-07-30T17:19:26,62,אף אוזן גרון,אעצם,language,הונגרית,1
2026-07-30T17:19:26,62,אף אוזן גרון,אעצם,language,ספרדית,3
2026-07-30T17:19:26,62,אף אוזן גרון,אעצם,language,עברית,10
2026-07-30T17:19:26,62,אף אוזן גרון,אעצם,language,ערבית,4
2026-07-30T17:19:26,62,אף אוזן גרון,אעצם,language,צכית,1
2026-07-30T17:19:26,62,אף אוזן גרון,אעצם,language,רוסית,1
2026-07-30T17:19:36,62,אף אוזן גרון,אריאל,gender,גבר,34
2026-07-30T17:19:36,62,אף אוזן גרון,אריאל,gender,אישה,20
2026-07-30T17:19:36,62,אף אוזן גרון,אריאל,visit_type,ביקור במרפאה,59
2026-07-30T17:19:36,62,אף אוזן גרון,אריאל,visit_type,שיחת טלפון,1
2026-07-30T17:19:36,62,אף אוזן גרון,אריאל,language,אוקראינית,1
2026-07-30T17:19:36,62,אף אוזן גרון,אריאל,language,אידיש,1
2026-07-30T17:19:36,62,אף אוזן גרון,אריאל,language,איטלקית,1
2026-07-30T17:19:36,62,אף אוזן גרון,אריאל,language,אנגלית,18
2026-07-30T17:19:36,62,אף אוזן גרון,אריאל,language,גרמנית,1
2026-07-30T17:19:36,62,אף אוזן גרון,אריאל,language,ספרדית,2
2026-07-30T17:19:36,62,אף אוזן גרון,אריאל,language,עברית,44
2026-07-30T17:19:36,62,אף אוזן גרון,אריאל,language,ערבית,3
2026-07-30T17:19:36,62,אף אוזן גרון,אריאל,language,רומנית,1
2026-07-30T17:19:36,62,אף אוזן גרון,אריאל,language,רוסית,11
2026-07-30T17:19:48,62,אף אוזן גרון,אשלים,gender,גבר,38
2026-07-30T17:19:48,62,אף אוזן גרון,אשלים,gender,אישה,6
2026-07-30T17:19:48,62,אף אוזן גרון,אשלים,visit_type,ביקור במרפאה,47
2026-07-30T17:19:48,62,אף אוזן גרון,אשלים,language,אוקראינית,1
2026-07-30T17:19:48,62,אף אוזן גרון,אשלים,language,אידיש,3
2026-07-30T17:19:48,62,אף אוזן גרון,אשלים,language,אנגלית,3
2026-07-30T17:19:48,62,אף אוזן גרון,אשלים,language,הונגרית,1
2026-07-30T17:19:48,62,אף אוזן גרון,אשלים,language,ספרדית,3
2026-07-30T17:19:48,62,אף אוזן גרון,אשלים,language,עברית,10
2026-07-30T17:19:48,62,אף אוזן גרון,אשלים,language,ערבית,4
2026-07-30T17:19:48,62,אף אוזן גרון,אשלים,language,צכית,1
2026-07-30T17:19:48,62,אף אוזן גרון,אשלים,language,רוסית,1
2026-07-30T17:20:00,62,אף אוזן גרון,באר שבע,gender,גבר,50
2026-07-30T17:20:00,62,אף אוזן גרון,באר שבע,gender,אישה,7
2026-07-30T17:20:00,62,אף אוזן גרון,באר שבע,visit_type,ביקור במרפאה,63
2026-07-30T17:20:00,62,אף אוזן גרון,באר שבע,language,אוקראינית,1
2026-07-30T17:20:00,62,אף אוזן גרון,באר שבע,language,אידיש,3
2026-07-30T17:20:00,62,אף אוזן גרון,באר שבע,language,אנגלית,3
2026-07-30T17:20:00,62,אף אוזן גרון,באר שבע,language,הונגרית,1
2026-07-30T17:20:00,62,אף אוזן גרון,באר שבע,language,ספרדית,3
2026-07-30T17:20:00,62,אף אוזן גרון,באר שבע,language,עברית,11
2026-07-30T17:20:00,62,אף אוזן גרון,באר שבע,language,ערבית,5
2026-07-30T17:20:00,62,אף אוזן גרון,באר שבע,language,צכית,1
2026-07-30T17:20:00,62,אף אוזן גרון,באר שבע,language,רוסית,1
2026-07-30T17:20:15,62,אף אוזן גרון,בורייג',gender,גבר,50
2026-07-30T17:20:15,62,אף אוזן גרון,בורייג',gender,אישה,7
2026-07-30T17:20:15,62,אף אוזן גרון,בורייג',visit_type,ביקור במרפאה,63
2026-07-30T17:20:15,62,אף אוזן גרון,בורייג',language,אוקראינית,1
2026-07-30T17:20:15,62,אף אוזן גרון,בורייג',language,אידיש,3
2026-07-30T17:20:15,62,אף אוזן גרון,בורייג',language,אנגלית,3
2026-07-30T17:20:15,62,אף אוזן גרון,בורייג',language,הונגרית,1
2026-07-30T17:20:15,62,אף אוזן גרון,בורייג',language,ספרדית,3
2026-07-30T17:20:15,62,אף אוזן גרון,בורייג',language,עברית,11
2026-07-30T17:20:15,62,אף אוזן גרון,בורייג',language,ערבית,5
2026-07-30T17:20:15,62,אף אוזן גרון,בורייג',language,צכית,1
2026-07-30T17:20:15,62,אף אוזן גרון,בורייג',language,רוסית,1
2026-07-30T17:20:29,62,אף אוזן גרון,ביענה,gender,גבר,47
2026-07-30T17:20:29,62,אף אוזן גרון,ביענה,gender,אישה,8
2026-07-30T17:20:29,62,אף אוזן גרון,ביענה,visit_type,ביקור במרפאה,55
2026-07-30T17:20:29,62,אף אוזן גרון,ביענה,visit_type,שיחת טלפון,2
2026-07-30T17:20:29,62,אף אוזן גרון,ביענה,language,איטלקית,5
2026-07-30T17:20:29,62,אף אוזן גרון,ביענה,language,אנגלית,40
2026-07-30T17:20:29,62,אף אוזן גרון,ביענה,language,גרמנית,4
2026-07-30T17:20:29,62,אף אוזן גרון,ביענה,language,הולנדית,1
2026-07-30T17:20:29,62,אף אוזן גרון,ביענה,language,הונגרית,1
2026-07-30T17:20:29,62,אף אוזן גרון,ביענה,language,ספרדית,1
2026-07-30T17:20:29,62,אף אוזן גרון,ביענה,language,עברית,55
2026-07-30T17:20:29,62,אף אוזן גרון,ביענה,language,ערבית,40
2026-07-30T17:20:29,62,אף אוזן גרון,ביענה,language,צרפתית,1
2026-07-30T17:20:29,62,אף אוזן גרון,ביענה,language,רומנית,7
2026-07-30T17:20:29,62,אף אוזן גרון,ביענה,language,רוסית,10
2026-07-30T17:20:37,62,אף אוזן גרון,בני דרום,gender,גבר,21
2026-07-30T17:20:37,62,אף אוזן גרון,בני דרום,gender,אישה,2
2026-07-30T17:20:37,62,אף אוזן גרון,בני דרום,visit_type,ביקור במרפאה,27
2026-07-30T17:20:37,62,אף אוזן גרון,בני דרום,language,איטלקית,1
2026-07-30T17:20:37,62,אף אוזן גרון,בני דרום,language,אנגלית,8
2026-07-30T17:20:37,62,אף אוזן גרון,בני דרום,language,ספרדית,1
2026-07-30T17:20:37,62,אף אוזן גרון,בני דרום,language,עברית,10
2026-07-30T17:20:37,62,אף אוזן גרון,בני דרום,language,צרפתית,2
2026-07-30T17:20:37,62,אף אוזן גרון,בני דרום,language,רוסית,4
2026-07-30T17:20:44,62,אף אוזן גרון,בצרה,gender,גבר,67
2026-07-30T17:20:44,62,אף אוזן גרון,בצרה,gender,אישה,18
2026-07-30T17:20:44,62,אף אוזן גרון,בצרה,visit_type,ביקור במרפאה,91
2026-07-30T17:20:44,62,אף אוזן גרון,בצרה,visit_type,שיחת טלפון,1
2026-07-30T17:20:44,62,אף אוזן גרון,בצרה,language,אוקראינית,1
2026-07-30T17:20:44,62,אף אוזן גרון,בצרה,language,אידיש,4
2026-07-30T17:20:44,62,אף אוזן גרון,בצרה,language,איטלקית,1
2026-07-30T17:20:44,62,אף אוזן גרון,בצרה,language,אנגלית,24
2026-07-30T17:20:44,62,אף אוזן גרון,בצרה,language,גרמנית,2
2026-07-30T17:20:44,62,אף אוזן גרון,בצרה,language,ספרדית,1
2026-07-30T17:20:44,62,אף אוזן גרון,בצרה,language,עברית,35
2026-07-30T17:20:44,62,אף אוזן גרון,בצרה,language,ערבית,6
2026-07-30T17:20:44,62,אף אוזן גרון,בצרה,language,צרפתית,1
2026-07-30T17:20:44,62,אף אוזן גרון,בצרה,language,רומנית,2
2026-07-30T17:20:44,62,אף אוזן גרון,בצרה,language,רוסית,10
2026-07-30T17:21:00,62,אף אוזן גרון,ברוש,gender,גבר,50
2026-07-30T17:21:00,62,אף אוזן גרון,ברוש,gender,אישה,7
2026-07-30T17:21:00,62,אף אוזן גרון,ברוש,visit_type,ביקור במרפאה,63
2026-07-30T17:21:00,62,אף אוזן גרון,ברוש,language,אוקראינית,1
2026-07-30T17:21:00,62,אף אוזן גרון,ברוש,language,אידיש,3
2026-07-30T17:21:00,62,אף אוזן גרון,ברוש,language,אנגלית,3
2026-07-30T17:21:00,62,אף אוזן גרון,ברוש,language,הונגרית,1
2026-07-30T17:21:00,62,אף אוזן גרון,ברוש,language,ספרדית,3
2026-07-30T17:21:00,62,אף אוזן גרון,ברוש,language,עברית,11
2026-07-30T17:21:00,62,אף אוזן גרון,ברוש,language,ערבית,5
2026-07-30T17:21:00,62,אף אוזן גרון,ברוש,language,צכית,1
2026-07-30T17:21:00,62,אף אוזן גרון,ברוש,language,רוסית,1
2026-07-30T17:21:13,62,אף אוזן גרון,בתיר,gender,גבר,36
2026-07-30T17:21:13,62,אף אוזן גרון,בתיר,gender,אישה,4
2026-07-30T17:21:13,62,אף אוזן גרון,בתיר,visit_type,ביקור במרפאה,41
2026-07-30T17:21:13,62,אף אוזן גרון,בתיר,language,אידיש,4
2026-07-30T17:21:13,62,אף אוזן גרון,בתיר,language,איטלקית,1
2026-07-30T17:21:13,62,אף אוזן גרון,בתיר,language,אנגלית,10
2026-07-30T17:21:13,62,אף אוזן גרון,בתיר,language,עברית,10
2026-07-30T17:21:13,62,אף אוזן גרון,בתיר,language,ערבית,4
2026-07-30T17:21:13,62,אף אוזן גרון,בתיר,language,רוסית,4
2026-07-30T17:21:22,62,אף אוזן גרון,גבע,gender,גבר,86
2026-07-30T17:21:22,62,אף אוזן גרון,גבע,gender,אישה,8
2026-07-30T17:21:22,62,אף אוזן גרון,גבע,visit_type,ביקור במרפאה,95
2026-07-30T17:21:22,62,אף אוזן גרון,גבע,language,אנגלית,17
2026-07-30T17:21:22,62,אף אוזן גרון,גבע,language,ספרדית,1
2026-07-30T17:21:22,62,אף אוזן גרון,גבע,language,עברית,23
2026-07-30T17:21:22,62,אף אוזן גרון,גבע,language,ערבית,19
2026-07-30T17:21:22,62,אף אוזן גרון,גבע,language,רוסית,5
2026-07-30T17:21:37,62,אף אוזן גרון,גדעונה,gender,גבר,86
2026-07-30T17:21:37,62,אף אוזן גרון,גדעונה,gender,אישה,8
2026-07-30T17:21:37,62,אף אוזן גרון,גדעונה,visit_type,ביקור במרפאה,95
2026-07-30T17:21:37,62,אף אוזן גרון,גדעונה,language,אנגלית,17
2026-07-30T17:21:37,62,אף אוזן גרון,גדעונה,language,ספרדית,1
2026-07-30T17:21:37,62,אף אוזן גרון,גדעונה,language,עברית,23
2026-07-30T17:21:37,62,אף אוזן גרון,גדעונה,language,ערבית,19
2026-07-30T17:21:37,62,אף אוזן גרון,גדעונה,language,רוסית,5
2026-07-30T17:21:52,62,אף אוזן גרון,גילון,gender,גבר,47
2026-07-30T17:21:52,62,אף אוזן גרון,גילון,gender,אישה,8
2026-07-30T17:21:52,62,אף אוזן גרון,גילון,visit_type,ביקור במרפאה,55
2026-07-30T17:21:52,62,אף אוזן גרון,גילון,visit_type,שיחת טלפון,2
2026-07-30T17:21:52,62,אף אוזן גרון,גילון,language,איטלקית,5
2026-07-30T17:21:52,62,אף אוזן גרון,גילון,language,אנגלית,40
2026-07-30T17:21:52,62,אף אוזן גרון,גילון,language,גרמנית,4
2026-07-30T17:21:52,62,אף אוזן גרון,גילון,language,הולנדית,1
2026-07-30T17:21:52,62,אף אוזן גרון,גילון,language,הונגרית,1
2026-07-30T17:21:52,62,אף אוזן גרון,גילון,language,ספרדית,1
2026-07-30T17:21:52,62,אף אוזן גרון,גילון,language,עברית,55
2026-07-30T17:21:52,62,אף אוזן גרון,גילון,language,ערבית,40
2026-07-30T17:21:52,62,אף אוזן גרון,גילון,language,צרפתית,1
2026-07-30T17:21:52,62,אף אוזן גרון,גילון,language,רומנית,7
2026-07-30T17:21:52,62,אף אוזן גרון,גילון,language,רוסית,10
2026-07-30T17:22:03,62,אף אוזן גרון,גלעד,gender,גבר,66
2026-07-30T17:22:03,62,אף אוזן גרון,גלעד,gender,אישה,13
2026-07-30T17:22:03,62,אף אוזן גרון,גלעד,visit_type,ביקור במרפאה,82
2026-07-30T17:22:03,62,אף אוזן גרון,גלעד,visit_type,שיחת טלפון,4
2026-07-30T17:22:03,62,אף אוזן גרון,גלעד,language,איטלקית,1
2026-07-30T17:22:03,62,אף אוזן גרון,גלעד,language,אנגלית,24
2026-07-30T17:22:03,62,אף אוזן גרון,גלעד,language,גרמנית,4
2026-07-30T17:22:03,62,אף אוזן גרון,גלעד,language,הונגרית,1
2026-07-30T17:22:03,62,אף אוזן גרון,גלעד,language,ספרדית,1
2026-07-30T17:22:03,62,אף אוזן גרון,גלעד,language,עברית,39
2026-07-30T17:22:03,62,אף אוזן גרון,גלעד,language,ערבית,18
2026-07-30T17:22:03,62,אף אוזן גרון,גלעד,language,רוסית,11
2026-07-30T17:22:17,62,אף אוזן גרון,געש,gender,גבר,67
2026-07-30T17:22:17,62,אף אוזן גרון,געש,gender,אישה,18
2026-07-30T17:22:17,62,אף אוזן גרון,געש,visit_type,ביקור במרפאה,91
2026-07-30T17:22:17,62,אף אוזן גרון,געש,visit_type,שיחת טלפון,1
2026-07-30T17:22:17,62,אף אוזן גרון,געש,language,אוקראינית,1
2026-07-30T17:22:17,62,אף אוזן גרון,געש,language,אידיש,4
2026-07-30T17:22:17,62,אף אוזן גרון,געש,language,איטלקית,1
2026-07-30T17:22:17,62,אף אוזן גרון,געש,language,אנגלית,24
2026-07-30T17:22:17,62,אף אוזן גרון,געש,language,גרמנית,2
2026-07-30T17:22:17,62,אף אוזן גרון,געש,language,ספרדית,1
2026-07-30T17:22:17,62,אף אוזן גרון,געש,language,עברית,35
2026-07-30T17:22:17,62,אף אוזן גרון,געש,language,ערבית,6
2026-07-30T17:22:17,62,אף אוזן גרון,געש,language,צרפתית,1
2026-07-30T17:22:17,62,אף אוזן גרון,געש,language,רומנית,2
2026-07-30T17:22:17,62,אף אוזן גרון,געש,language,רוסית,10
2026-07-30T17:22:33,62,אף אוזן גרון,דבורה,gender,גבר,86
2026-07-30T17:22:33,62,אף אוזן גרון,דבורה,gender,אישה,8
2026-07-30T17:22:33,62,אף אוזן גרון,דבורה,visit_type,ביקור במרפאה,95
2026-07-30T17:22:33,62,אף אוזן גרון,דבורה,language,אנגלית,17
2026-07-30T17:22:33,62,אף אוזן גרון,דבורה,language,ספרדית,1
2026-07-30T17:22:33,62,אף אוזן גרון,דבורה,language,עברית,23
2026-07-30T17:22:33,62,אף אוזן גרון,דבורה,language,ערבית,19
2026-07-30T17:22:33,62,אף אוזן גרון,דבורה,language,רוסית,5
2026-07-30T17:22:48,62,אף אוזן גרון,דומא,gender,גבר,36
2026-07-30T17:22:48,62,אף אוזן גרון,דומא,gender,אישה,4
2026-07-30T17:22:48,62,אף אוזן גרון,דומא,visit_type,ביקור במרפאה,41
2026-07-30T17:22:48,62,אף אוזן גרון,דומא,language,אידיש,4
2026-07-30T17:22:48,62,אף אוזן גרון,דומא,language,איטלקית,1
2026-07-30T17:22:48,62,אף אוזן גרון,דומא,language,אנגלית,10
2026-07-30T17:22:48,62,אף אוזן גרון,דומא,language,עברית,10
2026-07-30T17:22:48,62,אף אוזן גרון,דומא,language,ערבית,4
2026-07-30T17:22:48,62,אף אוזן גרון,דומא,language,רוסית,4
2026-07-30T17:22:56,62,אף אוזן גרון,דימונה,gender,גבר,38
2026-07-30T17:22:56,62,אף אוזן גרון,דימונה,gender,אישה,6
2026-07-30T17:22:56,62,אף אוזן גרון,דימונה,visit_type,ביקור במרפאה,47
2026-07-30T17:22:56,62,אף אוזן גרון,דימונה,language,אוקראינית,1
2026-07-30T17:22:56,62,אף אוזן גרון,דימונה,language,אידיש,3
2026-07-30T17:22:56,62,אף אוזן גרון,דימונה,language,אנגלית,3
2026-07-30T17:22:56,62,אף אוזן גרון,דימונה,language,הונגרית,1
2026-07-30T17:22:56,62,אף אוזן גרון,דימונה,language,ספרדית,3
2026-07-30T17:22:56,62,אף אוזן גרון,דימונה,language,עברית,10
2026-07-30T17:22:56,62,אף אוזן גרון,דימונה,language,ערבית,4
2026-07-30T17:22:56,62,אף אוזן גרון,דימונה,language,צכית,1
2026-07-30T17:22:56,62,אף אוזן גרון,דימונה,language,רוסית,1
2026-07-30T17:23:07,62,אף אוזן גרון,דנאבה,gender,גבר,48
2026-07-30T17:23:07,62,אף אוזן גרון,דנאבה,gender,אישה,14
2026-07-30T17:23:07,62,אף אוזן גרון,דנאבה,visit_type,ביקור במרפאה,67
2026-07-30T17:23:07,62,אף אוזן גרון,דנאבה,visit_type,שיחת טלפון,1
2026-07-30T17:23:07,62,אף אוזן גרון,דנאבה,language,אוקראינית,1
2026-07-30T17:23:07,62,אף אוזן גרון,דנאבה,language,אידיש,4
2026-07-30T17:23:07,62,אף אוזן גרון,דנאבה,language,איטלקית,1
2026-07-30T17:23:07,62,אף אוזן גרון,דנאבה,language,אנגלית,12
2026-07-30T17:23:07,62,אף אוזן גרון,דנאבה,language,גרמנית,1
2026-07-30T17:23:07,62,אף אוזן גרון,דנאבה,language,עברית,16
2026-07-30T17:23:07,62,אף אוזן גרון,דנאבה,language,ערבית,3
2026-07-30T17:23:07,62,אף אוזן גרון,דנאבה,language,רומנית,2
2026-07-30T17:23:07,62,אף אוזן גרון,דנאבה,language,רוסית,6
2026-07-30T17:23:20,62,אף אוזן גרון,הודיה,gender,גבר,32
2026-07-30T17:23:20,62,אף אוזן גרון,הודיה,gender,אישה,3
2026-07-30T17:23:20,62,אף אוזן גרון,הודיה,visit_type,ביקור במרפאה,41
2026-07-30T17:23:20,62,אף אוזן גרון,הודיה,language,אוקראינית,1
2026-07-30T17:23:20,62,אף אוזן גרון,הודיה,language,אנגלית,3
2026-07-30T17:23:20,62,אף אוזן גרון,הודיה,language,הונגרית,1
2026-07-30T17:23:20,62,אף אוזן גרון,הודיה,language,עברית,4
2026-07-30T17:23:20,62,אף אוזן גרון,הודיה,language,ערבית,1
2026-07-30T17:23:20,62,אף אוזן גרון,הודיה,language,צכית,1
2026-07-30T17:23:20,62,אף אוזן גרון,הודיה,language,רוסית,1
2026-07-30T17:23:30,62,אף אוזן גרון,המעפיל,gender,גבר,67
2026-07-30T17:23:30,62,אף אוזן גרון,המעפיל,gender,אישה,20
2026-07-30T17:23:30,62,אף אוזן גרון,המעפיל,visit_type,ביקור במרפאה,92
2026-07-30T17:23:30,62,אף אוזן גרון,המעפיל,visit_type,שיחת טלפון,1
2026-07-30T17:23:30,62,אף אוזן גרון,המעפיל,language,אוקראינית,1
2026-07-30T17:23:30,62,אף אוזן גרון,המעפיל,language,אידיש,4
2026-07-30T17:23:30,62,אף אוזן גרון,המעפיל,language,איטלקית,1
2026-07-30T17:23:30,62,אף אוזן גרון,המעפיל,language,אנגלית,19
2026-07-30T17:23:30,62,אף אוזן גרון,המעפיל,language,גרמנית,1
2026-07-30T17:23:30,62,אף אוזן גרון,המעפיל,language,ספרדית,1
2026-07-30T17:23:30,62,אף אוזן גרון,המעפיל,language,עברית,26
2026-07-30T17:23:30,62,אף אוזן גרון,המעפיל,language,ערבית,9
2026-07-30T17:23:30,62,אף אוזן גרון,המעפיל,language,רומנית,2
2026-07-30T17:23:30,62,אף אוזן גרון,המעפיל,language,רוסית,9
2026-07-30T17:23:45,62,אף אוזן גרון,הררית,gender,גבר,47
2026-07-30T17:23:45,62,אף אוזן גרון,הררית,gender,אישה,8
2026-07-30T17:23:45,62,אף אוזן גרון,הררית,visit_type,ביקור במרפאה,55
2026-07-30T17:23:45,62,אף אוזן גרון,הררית,visit_type,שיחת טלפון,2
2026-07-30T17:23:45,62,אף אוזן גרון,הררית,language,איטלקית,5
2026-07-30T17:23:45,62,אף אוזן גרון,הררית,language,אנגלית,40
2026-07-30T17:23:45,62,אף אוזן גרון,הררית,language,גרמנית,4
2026-07-30T17:23:45,62,אף אוזן גרון,הררית,language,הולנדית,1
2026-07-30T17:23:45,62,אף אוזן גרון,הררית,language,הונגרית,1
2026-07-30T17:23:45,62,אף אוזן גרון,הררית,language,ספרדית,1
2026-07-30T17:23:45,62,אף אוזן גרון,הררית,language,עברית,55
2026-07-30T17:23:45,62,אף אוזן גרון,הררית,language,ערבית,40
2026-07-30T17:23:45,62,אף אוזן גרון,הררית,language,צרפתית,1
2026-07-30T17:23:45,62,אף אוזן גרון,הררית,language,רומנית,7
2026-07-30T17:23:45,62,אף אוזן גרון,הררית,language,רוסית,10
2026-07-30T17:23:56,62,אף אוזן גרון,זוהר,gender,גבר,32
2026-07-30T17:23:56,62,אף אוזן גרון,זוהר,gender,אישה,3
2026-07-30T17:23:56,62,אף אוזן גרון,זוהר,visit_type,ביקור במרפאה,41
2026-07-30T17:23:56,62,אף אוזן גרון,זוהר,language,אוקראינית,1
2026-07-30T17:23:56,62,אף אוזן גרון,זוהר,language,אנגלית,3
2026-07-30T17:23:56,62,אף אוזן גרון,זוהר,language,הונגרית,1
2026-07-30T17:23:56,62,אף אוזן גרון,זוהר,language,עברית,4
2026-07-30T17:23:56,62,אף אוזן גרון,זוהר,language,ערבית,1
2026-07-30T17:23:56,62,אף אוזן גרון,זוהר,language,צכית,1
2026-07-30T17:23:56,62,אף אוזן גרון,זוהר,language,רוסית,1
2026-07-30T17:24:07,62,אף אוזן גרון,זמרת,gender,גבר,50
2026-07-30T17:24:07,62,אף אוזן גרון,זמרת,gender,אישה,7
2026-07-30T17:24:07,62,אף אוזן גרון,זמרת,visit_type,ביקור במרפאה,63
2026-07-30T17:24:07,62,אף אוזן גרון,זמרת,language,אוקראינית,1
2026-07-30T17:24:07,62,אף אוזן גרון,זמרת,language,אידיש,3
2026-07-30T17:24:07,62,אף אוזן גרון,זמרת,language,אנגלית,3
2026-07-30T17:24:07,62,אף אוזן גרון,זמרת,language,הונגרית,1
2026-07-30T17:24:07,62,אף אוזן גרון,זמרת,language,ספרדית,3
2026-07-30T17:24:07,62,אף אוזן גרון,זמרת,language,עברית,11
2026-07-30T17:24:07,62,אף אוזן גרון,זמרת,language,ערבית,5
2026-07-30T17:24:07,62,אף אוזן גרון,זמרת,language,צכית,1
2026-07-30T17:24:07,62,אף אוזן גרון,זמרת,language,רוסית,1
2026-07-30T17:24:22,62,אף אוזן גרון,חבצלת השרון,gender,גבר,48
2026-07-30T17:24:22,62,אף אוזן גרון,חבצלת השרון,gender,אישה,14
2026-07-30T17:24:22,62,אף אוזן גרון,חבצלת השרון,visit_type,ביקור במרפאה,67
2026-07-30T17:24:22,62,אף אוזן גרון,חבצלת השרון,visit_type,שיחת טלפון,1
2026-07-30T17:24:22,62,אף אוזן גרון,חבצלת השרון,language,אוקראינית,1
2026-07-30T17:24:22,62,אף אוזן גרון,חבצלת השרון,language,אידיש,4
2026-07-30T17:24:22,62,אף אוזן גרון,חבצלת השרון,language,איטלקית,1
2026-07-30T17:24:22,62,אף אוזן גרון,חבצלת השרון,language,אנגלית,12
2026-07-30T17:24:22,62,אף אוזן גרון,חבצלת השרון,language,גרמנית,1
2026-07-30T17:24:22,62,אף אוזן גרון,חבצלת השרון,language,עברית,16
2026-07-30T17:24:22,62,אף אוזן גרון,חבצלת השרון,language,ערבית,3
2026-07-30T17:24:22,62,אף אוזן גרון,חבצלת השרון,language,רומנית,2
2026-07-30T17:24:22,62,אף אוזן גרון,חבצלת השרון,language,רוסית,6
2026-07-30T17:24:34,62,אף אוזן גרון,חוג'ייראת,gender,גבר,66
2026-07-30T17:24:34,62,אף אוזן גרון,חוג'ייראת,gender,אישה,13
2026-07-30T17:24:34,62,אף אוזן גרון,חוג'ייראת,visit_type,ביקור במרפאה,82
2026-07-30T17:24:34,62,אף אוזן גרון,חוג'ייראת,visit_type,שיחת טלפון,4
2026-07-30T17:24:34,62,אף אוזן גרון,חוג'ייראת,language,איטלקית,1
2026-07-30T17:24:34,62,אף אוזן גרון,חוג'ייראת,language,אנגלית,24
2026-07-30T17:24:34,62,אף אוזן גרון,חוג'ייראת,language,גרמנית,4
2026-07-30T17:24:34,62,אף אוזן גרון,חוג'ייראת,language,הונגרית,1
2026-07-30T17:24:34,62,אף אוזן גרון,חוג'ייראת,language,ספרדית,1
2026-07-30T17:24:34,62,אף אוזן גרון,חוג'ייראת,language,עברית,39
2026-07-30T17:24:34,62,אף אוזן גרון,חוג'ייראת,language,ערבית,18
2026-07-30T17:24:34,62,אף אוזן גרון,חוג'ייראת,language,רוסית,11
2026-07-30T17:24:47,62,אף אוזן גרון,חזון,gender,גבר,54
2026-07-30T17:24:47,62,אף אוזן גרון,חזון,gender,אישה,5
2026-07-30T17:24:47,62,אף אוזן גרון,חזון,visit_type,ביקור במרפאה,59
2026-07-30T17:24:47,62,אף אוזן גרון,חזון,language,אנגלית,11
2026-07-30T17:24:47,62,אף אוזן גרון,חזון,language,עברית,14
2026-07-30T17:24:47,62,אף אוזן גרון,חזון,language,ערבית,14
2026-07-30T17:24:47,62,אף אוזן גרון,חזון,language,רוסית,2
2026-07-30T17:24:58,62,אף אוזן גרון,חמדיה,gender,גבר,86
2026-07-30T17:24:58,62,אף אוזן גרון,חמדיה,gender,אישה,8
2026-07-30T17:24:58,62,אף אוזן גרון,חמדיה,visit_type,ביקור במרפאה,95
2026-07-30T17:24:58,62,אף אוזן גרון,חמדיה,language,אנגלית,17
2026-07-30T17:24:58,62,אף אוזן גרון,חמדיה,language,ספרדית,1
2026-07-30T17:24:58,62,אף אוזן גרון,חמדיה,language,עברית,23
2026-07-30T17:24:58,62,אף אוזן גרון,חמדיה,language,ערבית,19
2026-07-30T17:24:58,62,אף אוזן גרון,חמדיה,language,רוסית,5
2026-07-30T17:25:14,62,אף אוזן גרון,חצבה,gender,גבר,38
2026-07-30T17:25:14,62,אף אוזן גרון,חצבה,gender,אישה,6
2026-07-30T17:25:14,62,אף אוזן גרון,חצבה,visit_type,ביקור במרפאה,47
2026-07-30T17:25:14,62,אף אוזן גרון,חצבה,language,אוקראינית,1
2026-07-30T17:25:14,62,אף אוזן גרון,חצבה,language,אידיש,3
2026-07-30T17:25:14,62,אף אוזן גרון,חצבה,language,אנגלית,3
2026-07-30T17:25:14,62,אף אוזן גרון,חצבה,language,הונגרית,1
2026-07-30T17:25:14,62,אף אוזן גרון,חצבה,language,ספרדית,3
2026-07-30T17:25:14,62,אף אוזן גרון,חצבה,language,עברית,10
2026-07-30T17:25:14,62,אף אוזן גרון,חצבה,language,ערבית,4
2026-07-30T17:25:14,62,אף אוזן גרון,חצבה,language,צכית,1
2026-07-30T17:25:14,62,אף אוזן גרון,חצבה,language,רוסית,1
2026-07-30T17:25:24,62,אף אוזן גרון,חשמונאים,gender,גבר,22
2026-07-30T17:25:24,62,אף אוזן גרון,חשמונאים,gender,אישה,1
2026-07-30T17:25:24,62,אף אוזן גרון,חשמונאים,visit_type,ביקור במרפאה,32
2026-07-30T17:25:24,62,אף אוזן גרון,חשמונאים,language,איטלקית,1
2026-07-30T17:25:24,62,אף אוזן גרון,חשמונאים,language,אנגלית,9
2026-07-30T17:25:24,62,אף אוזן גרון,חשמונאים,language,עברית,14
2026-07-30T17:25:24,62,אף אוזן גרון,חשמונאים,language,ערבית,2
2026-07-30T17:25:24,62,אף אוזן גרון,חשמונאים,language,צרפתית,1
2026-07-30T17:25:24,62,אף אוזן גרון,חשמונאים,language,רוסית,4
2026-07-30T17:25:31,62,אף אוזן גרון,טירה ליד בית חורון,gender,גבר,36
2026-07-30T17:25:31,62,אף אוזן גרון,טירה ליד בית חורון,gender,אישה,4
2026-07-30T17:25:31,62,אף אוזן גרון,טירה ליד בית חורון,visit_type,ביקור במרפאה,41
2026-07-30T17:25:31,62,אף אוזן גרון,טירה ליד בית חורון,language,אידיש,4
2026-07-30T17:25:31,62,אף אוזן גרון,טירה ליד בית חורון,language,איטלקית,1
2026-07-30T17:25:31,62,אף אוזן גרון,טירה ליד בית חורון,language,אנגלית,10
2026-07-30T17:25:31,62,אף אוזן גרון,טירה ליד בית חורון,language,עברית,10
2026-07-30T17:25:31,62,אף אוזן גרון,טירה ליד בית חורון,language,ערבית,4
2026-07-30T17:25:31,62,אף אוזן גרון,טירה ליד בית חורון,language,רוסית,4
2026-07-30T17:25:39,62,אף אוזן גרון,טמרה,gender,גבר,47
2026-07-30T17:25:39,62,אף אוזן גרון,טמרה,gender,אישה,8
2026-07-30T17:25:39,62,אף אוזן גרון,טמרה,visit_type,ביקור במרפאה,55
2026-07-30T17:25:39,62,אף אוזן גרון,טמרה,visit_type,שיחת טלפון,2
2026-07-30T17:25:39,62,אף אוזן גרון,טמרה,language,איטלקית,5
2026-07-30T17:25:39,62,אף אוזן גרון,טמרה,language,אנגלית,40
2026-07-30T17:25:39,62,אף אוזן גרון,טמרה,language,גרמנית,4
2026-07-30T17:25:39,62,אף אוזן גרון,טמרה,language,הולנדית,1
2026-07-30T17:25:39,62,אף אוזן גרון,טמרה,language,הונגרית,1
2026-07-30T17:25:39,62,אף אוזן גרון,טמרה,language,ספרדית,1
2026-07-30T17:25:39,62,אף אוזן גרון,טמרה,language,עברית,55
2026-07-30T17:25:39,62,אף אוזן גרון,טמרה,language,ערבית,40
2026-07-30T17:25:39,62,אף אוזן גרון,טמרה,language,צרפתית,1
2026-07-30T17:25:39,62,אף אוזן גרון,טמרה,language,רומנית,7
2026-07-30T17:25:39,62,אף אוזן גרון,טמרה,language,רוסית,10
2026-07-30T17:25:49,62,אף אוזן גרון,יבור,gender,גבר,47
2026-07-30T17:25:49,62,אף אוזן גרון,יבור,gender,אישה,8
2026-07-30T17:25:49,62,אף אוזן גרון,יבור,visit_type,ביקור במרפאה,55
2026-07-30T17:25:49,62,אף אוזן גרון,יבור,visit_type,שיחת טלפון,2
2026-07-30T17:25:49,62,אף אוזן גרון,יבור,language,איטלקית,5
2026-07-30T17:25:49,62,אף אוזן גרון,יבור,language,אנגלית,40
2026-07-30T17:25:49,62,אף אוזן גרון,יבור,language,גרמנית,4
2026-07-30T17:25:49,62,אף אוזן גרון,יבור,language,הולנדית,1
2026-07-30T17:25:49,62,אף אוזן גרון,יבור,language,הונגרית,1
2026-07-30T17:25:49,62,אף אוזן גרון,יבור,language,ספרדית,1
2026-07-30T17:25:49,62,אף אוזן גרון,יבור,language,עברית,55
2026-07-30T17:25:49,62,אף אוזן גרון,יבור,language,ערבית,40
2026-07-30T17:25:49,62,אף אוזן גרון,יבור,language,צרפתית,1
2026-07-30T17:25:49,62,אף אוזן גרון,יבור,language,רומנית,7
2026-07-30T17:25:49,62,אף אוזן גרון,יבור,language,רוסית,10
2026-07-30T17:26:00,62,אף אוזן גרון,יד נתן,gender,גבר,32
2026-07-30T17:26:00,62,אף אוזן גרון,יד נתן,gender,אישה,3
2026-07-30T17:26:00,62,אף אוזן גרון,יד נתן,visit_type,ביקור במרפאה,41
2026-07-30T17:26:00,62,אף אוזן גרון,יד נתן,language,אוקראינית,1
2026-07-30T17:26:00,62,אף אוזן גרון,יד נתן,language,אנגלית,3
2026-07-30T17:26:00,62,אף אוזן גרון,יד נתן,language,הונגרית,1
2026-07-30T17:26:00,62,אף אוזן גרון,יד נתן,language,עברית,4
2026-07-30T17:26:00,62,אף אוזן גרון,יד נתן,language,ערבית,1
2026-07-30T17:26:00,62,אף אוזן גרון,יד נתן,language,צכית,1
2026-07-30T17:26:00,62,אף אוזן גרון,יד נתן,language,רוסית,1
2026-07-30T17:26:10,62,אף אוזן גרון,יזרעאל,gender,גבר,86
2026-07-30T17:26:10,62,אף אוזן גרון,יזרעאל,gender,אישה,8
2026-07-30T17:26:10,62,אף אוזן גרון,יזרעאל,visit_type,ביקור במרפאה,95
2026-07-30T17:26:10,62,אף אוזן גרון,יזרעאל,language,אנגלית,17
2026-07-30T17:26:10,62,אף אוזן גרון,יזרעאל,language,ספרדית,1
2026-07-30T17:26:10,62,אף אוזן גרון,יזרעאל,language,עברית,23
2026-07-30T17:26:10,62,אף אוזן גרון,יזרעאל,language,ערבית,19
2026-07-30T17:26:10,62,אף אוזן גרון,יזרעאל,language,רוסית,5
2026-07-30T17:26:27,62,אף אוזן גרון,יסעור,gender,גבר,47
2026-07-30T17:26:27,62,אף אוזן גרון,יסעור,gender,אישה,8
2026-07-30T17:26:27,62,אף אוזן גרון,יסעור,visit_type,ביקור במרפאה,55
2026-07-30T17:26:27,62,אף אוזן גרון,יסעור,visit_type,שיחת טלפון,2
2026-07-30T17:26:27,62,אף אוזן גרון,יסעור,language,איטלקית,5
2026-07-30T17:26:27,62,אף אוזן גרון,יסעור,language,אנגלית,40
2026-07-30T17:26:27,62,אף אוזן גרון,יסעור,language,גרמנית,4
2026-07-30T17:26:27,62,אף אוזן גרון,יסעור,language,הולנדית,1
2026-07-30T17:26:27,62,אף אוזן גרון,יסעור,language,הונגרית,1
2026-07-30T17:26:27,62,אף אוזן גרון,יסעור,language,ספרדית,1
2026-07-30T17:26:27,62,אף אוזן גרון,יסעור,language,עברית,55
2026-07-30T17:26:27,62,אף אוזן גרון,יסעור,language,ערבית,40
2026-07-30T17:26:27,62,אף אוזן גרון,יסעור,language,צרפתית,1
2026-07-30T17:26:27,62,אף אוזן גרון,יסעור,language,רומנית,7
2026-07-30T17:26:27,62,אף אוזן גרון,יסעור,language,רוסית,10
2026-07-30T17:26:36,62,אף אוזן גרון,יצהר,gender,גבר,48
2026-07-30T17:26:36,62,אף אוזן גרון,יצהר,gender,אישה,14
2026-07-30T17:26:36,62,אף אוזן גרון,יצהר,visit_type,ביקור במרפאה,67
2026-07-30T17:26:36,62,אף אוזן גרון,יצהר,visit_type,שיחת טלפון,1
2026-07-30T17:26:36,62,אף אוזן גרון,יצהר,language,אוקראינית,1
2026-07-30T17:26:36,62,אף אוזן גרון,יצהר,language,אידיש,4
2026-07-30T17:26:36,62,אף אוזן גרון,יצהר,language,איטלקית,1
2026-07-30T17:26:36,62,אף אוזן גרון,יצהר,language,אנגלית,12
2026-07-30T17:26:36,62,אף אוזן גרון,יצהר,language,גרמנית,1
2026-07-30T17:26:36,62,אף אוזן גרון,יצהר,language,עברית,16
2026-07-30T17:26:36,62,אף אוזן גרון,יצהר,language,ערבית,3
2026-07-30T17:26:36,62,אף אוזן גרון,יצהר,language,רומנית,2
2026-07-30T17:26:36,62,אף אוזן גרון,יצהר,language,רוסית,6
2026-07-30T17:26:48,62,אף אוזן גרון,ירחיב,gender,גבר,34
2026-07-30T17:26:48,62,אף אוזן גרון,ירחיב,gender,אישה,20
2026-07-30T17:26:48,62,אף אוזן גרון,ירחיב,visit_type,ביקור במרפאה,59
2026-07-30T17:26:48,62,אף אוזן גרון,ירחיב,visit_type,שיחת טלפון,1
2026-07-30T17:26:48,62,אף אוזן גרון,ירחיב,language,אוקראינית,1
2026-07-30T17:26:48,62,אף אוזן גרון,ירחיב,language,אידיש,1
2026-07-30T17:26:48,62,אף אוזן גרון,ירחיב,language,איטלקית,1
2026-07-30T17:26:48,62,אף אוזן גרון,ירחיב,language,אנגלית,18
2026-07-30T17:26:48,62,אף אוזן גרון,ירחיב,language,גרמנית,1
2026-07-30T17:26:48,62,אף אוזן גרון,ירחיב,language,ספרדית,2
2026-07-30T17:26:48,62,אף אוזן גרון,ירחיב,language,עברית,44
2026-07-30T17:26:48,62,אף אוזן גרון,ירחיב,language,ערבית,3
2026-07-30T17:26:48,62,אף אוזן גרון,ירחיב,language,רומנית,1
2026-07-30T17:26:48,62,אף אוזן גרון,ירחיב,language,רוסית,11
2026-07-30T17:27:00,62,אף אוזן גרון,כאבול,gender,גבר,47
2026-07-30T17:27:00,62,אף אוזן גרון,כאבול,gender,אישה,8
2026-07-30T17:27:00,62,אף אוזן גרון,כאבול,visit_type,ביקור במרפאה,55
2026-07-30T17:27:00,62,אף אוזן גרון,כאבול,visit_type,שיחת טלפון,2
2026-07-30T17:27:00,62,אף אוזן גרון,כאבול,language,איטלקית,5
2026-07-30T17:27:00,62,אף אוזן גרון,כאבול,language,אנגלית,40
2026-07-30T17:27:00,62,אף אוזן גרון,כאבול,language,גרמנית,4
2026-07-30T17:27:00,62,אף אוזן גרון,כאבול,language,הולנדית,1
2026-07-30T17:27:00,62,אף אוזן גרון,כאבול,language,הונגרית,1
2026-07-30T17:27:00,62,אף אוזן גרון,כאבול,language,ספרדית,1
2026-07-30T17:27:00,62,אף אוזן גרון,כאבול,language,עברית,55
2026-07-30T17:27:00,62,אף אוזן גרון,כאבול,language,ערבית,40
2026-07-30T17:27:00,62,אף אוזן גרון,כאבול,language,צרפתית,1
2026-07-30T17:27:00,62,אף אוזן גרון,כאבול,language,רומנית,7
2026-07-30T17:27:00,62,אף אוזן גרון,כאבול,language,רוסית,10
2026-07-30T17:27:09,62,אף אוזן גרון,כופיר,gender,גבר,48
2026-07-30T17:27:09,62,אף אוזן גרון,כופיר,gender,אישה,14
2026-07-30T17:27:09,62,אף אוזן גרון,כופיר,visit_type,ביקור במרפאה,67
2026-07-30T17:27:09,62,אף אוזן גרון,כופיר,visit_type,שיחת טלפון,1
2026-07-30T17:27:09,62,אף אוזן גרון,כופיר,language,אוקראינית,1
2026-07-30T17:27:09,62,אף אוזן גרון,כופיר,language,אידיש,4
2026-07-30T17:27:09,62,אף אוזן גרון,כופיר,language,איטלקית,1
2026-07-30T17:27:09,62,אף אוזן גרון,כופיר,language,אנגלית,12
2026-07-30T17:27:09,62,אף אוזן גרון,כופיר,language,גרמנית,1
2026-07-30T17:27:09,62,אף אוזן גרון,כופיר,language,עברית,16
2026-07-30T17:27:09,62,אף אוזן גרון,כופיר,language,ערבית,3
2026-07-30T17:27:09,62,אף אוזן גרון,כופיר,language,רומנית,2
2026-07-30T17:27:09,62,אף אוזן גרון,כופיר,language,רוסית,6
2026-07-30T17:27:21,62,אף אוזן גרון,כישור,gender,גבר,47
2026-07-30T17:27:21,62,אף אוזן גרון,כישור,gender,אישה,8
2026-07-30T17:27:21,62,אף אוזן גרון,כישור,visit_type,ביקור במרפאה,55
2026-07-30T17:27:21,62,אף אוזן גרון,כישור,visit_type,שיחת טלפון,2
2026-07-30T17:27:21,62,אף אוזן גרון,כישור,language,איטלקית,5
2026-07-30T17:27:21,62,אף אוזן גרון,כישור,language,אנגלית,40
2026-07-30T17:27:21,62,אף אוזן גרון,כישור,language,גרמנית,4
2026-07-30T17:27:21,62,אף אוזן גרון,כישור,language,הולנדית,1
2026-07-30T17:27:21,62,אף אוזן גרון,כישור,language,הונגרית,1
2026-07-30T17:27:21,62,אף אוזן גרון,כישור,language,ספרדית,1
2026-07-30T17:27:21,62,אף אוזן גרון,כישור,language,עברית,55
2026-07-30T17:27:21,62,אף אוזן גרון,כישור,language,ערבית,40
2026-07-30T17:27:21,62,אף אוזן גרון,כישור,language,צרפתית,1
2026-07-30T17:27:21,62,אף אוזן גרון,כישור,language,רומנית,7
2026-07-30T17:27:21,62,אף אוזן גרון,כישור,language,רוסית,10
2026-07-30T17:27:29,62,אף אוזן גרון,כסלון,gender,גבר,36
2026-07-30T17:27:29,62,אף אוזן גרון,כסלון,gender,אישה,4
2026-07-30T17:27:29,62,אף אוזן גרון,כסלון,visit_type,ביקור במרפאה,41
2026-07-30T17:27:29,62,אף אוזן גרון,כסלון,language,אידיש,4
2026-07-30T17:27:29,62,אף אוזן גרון,כסלון,language,איטלקית,1
2026-07-30T17:27:29,62,אף אוזן גרון,כסלון,language,אנגלית,10
2026-07-30T17:27:29,62,אף אוזן גרון,כסלון,language,עברית,10
2026-07-30T17:27:29,62,אף אוזן גרון,כסלון,language,ערבית,4
2026-07-30T17:27:29,62,אף אוזן גרון,כסלון,language,רוסית,4
2026-07-30T17:27:37,62,אף אוזן גרון,כפר בלום,gender,גבר,54
2026-07-30T17:27:37,62,אף אוזן גרון,כפר בלום,gender,אישה,5
2026-07-30T17:27:37,62,אף אוזן גרון,כפר בלום,visit_type,ביקור במרפאה,59
2026-07-30T17:27:37,62,אף אוזן גרון,כפר בלום,language,אנגלית,11
2026-07-30T17:27:37,62,אף אוזן גרון,כפר בלום,language,עברית,14
2026-07-30T17:27:37,62,אף אוזן גרון,כפר בלום,language,ערבית,14
2026-07-30T17:27:37,62,אף אוזן גרון,כפר בלום,language,רוסית,2
2026-07-30T17:27:46,62,אף אוזן גרון,כרמי יוסף,gender,גבר,22
2026-07-30T17:27:46,62,אף אוזן גרון,כרמי יוסף,gender,אישה,1
2026-07-30T17:27:46,62,אף אוזן גרון,כרמי יוסף,visit_type,ביקור במרפאה,32
2026-07-30T17:27:46,62,אף אוזן גרון,כרמי יוסף,language,איטלקית,1
2026-07-30T17:27:46,62,אף אוזן גרון,כרמי יוסף,language,אנגלית,9
2026-07-30T17:27:46,62,אף אוזן גרון,כרמי יוסף,language,עברית,14
2026-07-30T17:27:46,62,אף אוזן גרון,כרמי יוסף,language,ערבית,2
2026-07-30T17:27:46,62,אף אוזן גרון,כרמי יוסף,language,צרפתית,1
2026-07-30T17:27:46,62,אף אוזן גרון,כרמי יוסף,language,רוסית,4
2026-07-30T17:27:55,62,אף אוזן גרון,להבים,gender,גבר,50
2026-07-30T17:27:55,62,אף אוזן גרון,להבים,gender,אישה,7
2026-07-30T17:27:55,62,אף אוזן גרון,להבים,visit_type,ביקור במרפאה,63
2026-07-30T17:27:55,62,אף אוזן גרון,להבים,language,אוקראינית,1
2026-07-30T17:27:55,62,אף אוזן גרון,להבים,language,אידיש,3
2026-07-30T17:27:55,62,אף אוזן גרון,להבים,language,אנגלית,3
2026-07-30T17:27:55,62,אף אוזן גרון,להבים,language,הונגרית,1
2026-07-30T17:27:55,62,אף אוזן גרון,להבים,language,ספרדית,3
2026-07-30T17:27:55,62,אף אוזן גרון,להבים,language,עברית,11
2026-07-30T17:27:55,62,אף אוזן גרון,להבים,language,ערבית,5
2026-07-30T17:27:55,62,אף אוזן גרון,להבים,language,צכית,1
2026-07-30T17:27:55,62,אף אוזן גרון,להבים,language,רוסית,1
2026-07-30T17:28:10,62,אף אוזן גרון,לפידות,gender,גבר,35
2026-07-30T17:28:10,62,אף אוזן גרון,לפידות,gender,אישה,3
2026-07-30T17:28:10,62,אף אוזן גרון,לפידות,visit_type,ביקור במרפאה,38
2026-07-30T17:28:10,62,אף אוזן גרון,לפידות,visit_type,שיחת טלפון,1
2026-07-30T17:28:10,62,אף אוזן גרון,לפידות,language,איטלקית,5
2026-07-30T17:28:10,62,אף אוזן גרון,לפידות,language,אנגלית,29
2026-07-30T17:28:10,62,אף אוזן גרון,לפידות,language,גרמנית,2
2026-07-30T17:28:10,62,אף אוזן גרון,לפידות,language,הולנדית,1
2026-07-30T17:28:10,62,אף אוזן גרון,לפידות,language,ספרדית,1
2026-07-30T17:28:10,62,אף אוזן גרון,לפידות,language,עברית,38
2026-07-30T17:28:10,62,אף אוזן גרון,לפידות,language,ערבית,34
2026-07-30T17:28:10,62,אף אוזן גרון,לפידות,language,צרפתית,1
2026-07-30T17:28:10,62,אף אוזן גרון,לפידות,language,רומנית,7
2026-07-30T17:28:10,62,אף אוזן גרון,לפידות,language,רוסית,5
2026-07-30T17:28:16,62,אף אוזן גרון,מבואות יריחו,gender,גבר,36
2026-07-30T17:28:16,62,אף אוזן גרון,מבואות יריחו,gender,אישה,4
2026-07-30T17:28:16,62,אף אוזן גרון,מבואות יריחו,visit_type,ביקור במרפאה,41
2026-07-30T17:28:16,62,אף אוזן גרון,מבואות יריחו,language,אידיש,4
2026-07-30T17:28:16,62,אף אוזן גרון,מבואות יריחו,language,איטלקית,1
2026-07-30T17:28:16,62,אף אוזן גרון,מבואות יריחו,language,אנגלית,10
2026-07-30T17:28:16,62,אף אוזן גרון,מבואות יריחו,language,עברית,10
2026-07-30T17:28:16,62,אף אוזן גרון,מבואות יריחו,language,ערבית,4
2026-07-30T17:28:16,62,אף אוזן גרון,מבואות יריחו,language,רוסית,4
2026-07-30T17:28:26,62,אף אוזן גרון,מגדל,gender,גבר,54
2026-07-30T17:28:26,62,אף אוזן גרון,מגדל,gender,אישה,5
2026-07-30T17:28:26,62,אף אוזן גרון,מגדל,visit_type,ביקור במרפאה,59
2026-07-30T17:28:26,62,אף אוזן גרון,מגדל,language,אנגלית,11
2026-07-30T17:28:26,62,אף אוזן גרון,מגדל,language,עברית,14
2026-07-30T17:28:26,62,אף אוזן גרון,מגדל,language,ערבית,14
2026-07-30T17:28:26,62,אף אוזן גרון,מגדל,language,רוסית,2
2026-07-30T17:28:34,62,אף אוזן גרון,מוח'מאס,gender,גבר,36
2026-07-30T17:28:34,62,אף אוזן גרון,מוח'מאס,gender,אישה,4
2026-07-30T17:28:34,62,אף אוזן גרון,מוח'מאס,visit_type,ביקור במרפאה,41
2026-07-30T17:28:34,62,אף אוזן גרון,מוח'מאס,language,אידיש,4
2026-07-30T17:28:34,62,אף אוזן גרון,מוח'מאס,language,איטלקית,1
2026-07-30T17:28:34,62,אף אוזן גרון,מוח'מאס,language,אנגלית,10
2026-07-30T17:28:34,62,אף אוזן גרון,מוח'מאס,language,עברית,10
2026-07-30T17:28:34,62,אף אוזן גרון,מוח'מאס,language,ערבית,4
2026-07-30T17:28:34,62,אף אוזן גרון,מוח'מאס,language,רוסית,4
2026-07-30T17:28:44,62,אף אוזן גרון,מזרע,gender,גבר,86
2026-07-30T17:28:44,62,אף אוזן גרון,מזרע,gender,אישה,8
2026-07-30T17:28:44,62,אף אוזן גרון,מזרע,visit_type,ביקור במרפאה,95
2026-07-30T17:28:44,62,אף אוזן גרון,מזרע,language,אנגלית,17
2026-07-30T17:28:44,62,אף אוזן גרון,מזרע,language,ספרדית,1
2026-07-30T17:28:44,62,אף אוזן גרון,מזרע,language,עברית,23
2026-07-30T17:28:44,62,אף אוזן גרון,מזרע,language,ערבית,19
2026-07-30T17:28:44,62,אף אוזן גרון,מזרע,language,רוסית,5
2026-07-30T17:28:58,62,אף אוזן גרון,מידיה,gender,גבר,30
2026-07-30T17:28:58,62,אף אוזן גרון,מידיה,gender,אישה,2
2026-07-30T17:28:58,62,אף אוזן גרון,מידיה,visit_type,ביקור במרפאה,44
2026-07-30T17:28:58,62,אף אוזן גרון,מידיה,language,איטלקית,1
2026-07-30T17:28:58,62,אף אוזן גרון,מידיה,language,אנגלית,12
2026-07-30T17:28:58,62,אף אוזן גרון,מידיה,language,ספרדית,1
2026-07-30T17:28:58,62,אף אוזן גרון,מידיה,language,עברית,18
2026-07-30T17:28:58,62,אף אוזן גרון,מידיה,language,ערבית,2
2026-07-30T17:28:58,62,אף אוזן גרון,מידיה,language,צרפתית,2
2026-07-30T17:28:58,62,אף אוזן גרון,מידיה,language,רוסית,7
2026-07-30T17:29:09,62,אף אוזן גרון,מכחול,gender,גבר,38
2026-07-30T17:29:09,62,אף אוזן גרון,מכחול,gender,אישה,6
2026-07-30T17:29:09,62,אף אוזן גרון,מכחול,visit_type,ביקור במרפאה,47
2026-07-30T17:29:09,62,אף אוזן גרון,מכחול,language,אוקראינית,1
2026-07-30T17:29:09,62,אף אוזן גרון,מכחול,language,אידיש,3
2026-07-30T17:29:09,62,אף אוזן גרון,מכחול,language,אנגלית,3
2026-07-30T17:29:09,62,אף אוזן גרון,מכחול,language,הונגרית,1
2026-07-30T17:29:09,62,אף אוזן גרון,מכחול,language,ספרדית,3
2026-07-30T17:29:09,62,אף אוזן גרון,מכחול,language,עברית,10
2026-07-30T17:29:09,62,אף אוזן גרון,מכחול,language,ערבית,4
2026-07-30T17:29:09,62,אף אוזן גרון,מכחול,language,צכית,1
2026-07-30T17:29:09,62,אף אוזן גרון,מכחול,language,רוסית,1
2026-07-30T17:29:21,62,אף אוזן גרון,מנחמיה,gender,גבר,54
2026-07-30T17:29:21,62,אף אוזן גרון,מנחמיה,gender,אישה,5
2026-07-30T17:29:21,62,אף אוזן גרון,מנחמיה,visit_type,ביקור במרפאה,59
2026-07-30T17:29:21,62,אף אוזן גרון,מנחמיה,language,אנגלית,11
2026-07-30T17:29:21,62,אף אוזן גרון,מנחמיה,language,עברית,14
2026-07-30T17:29:21,62,אף אוזן גרון,מנחמיה,language,ערבית,14
2026-07-30T17:29:21,62,אף אוזן גרון,מנחמיה,language,רוסית,2
2026-07-30T17:29:33,62,אף אוזן גרון,מסעדה,gender,גבר,54
2026-07-30T17:29:33,62,אף אוזן גרון,מסעדה,gender,אישה,5
2026-07-30T17:29:33,62,אף אוזן גרון,מסעדה,visit_type,ביקור במרפאה,59
2026-07-30T17:29:33,62,אף אוזן גרון,מסעדה,language,אנגלית,11
2026-07-30T17:29:33,62,אף אוזן גרון,מסעדה,language,עברית,14
2026-07-30T17:29:33,62,אף אוזן גרון,מסעדה,language,ערבית,14
2026-07-30T17:29:33,62,אף אוזן גרון,מסעדה,language,רוסית,2
2026-07-30T17:29:44,62,אף אוזן גרון,מעיין צבי,gender,גבר,67
2026-07-30T17:29:44,62,אף אוזן גרון,מעיין צבי,gender,אישה,20
2026-07-30T17:29:44,62,אף אוזן גרון,מעיין צבי,visit_type,ביקור במרפאה,92
2026-07-30T17:29:44,62,אף אוזן גרון,מעיין צבי,visit_type,שיחת טלפון,1
2026-07-30T17:29:44,62,אף אוזן גרון,מעיין צבי,language,אוקראינית,1
2026-07-30T17:29:44,62,אף אוזן גרון,מעיין צבי,language,אידיש,4
2026-07-30T17:29:44,62,אף אוזן גרון,מעיין צבי,language,איטלקית,1
2026-07-30T17:29:44,62,אף אוזן גרון,מעיין צבי,language,אנגלית,19
2026-07-30T17:29:44,62,אף אוזן גרון,מעיין צבי,language,גרמנית,1
2026-07-30T17:29:44,62,אף אוזן גרון,מעיין צבי,language,ספרדית,1
2026-07-30T17:29:44,62,אף אוזן גרון,מעיין צבי,language,עברית,26
2026-07-30T17:29:44,62,אף אוזן גרון,מעיין צבי,language,ערבית,9
2026-07-30T17:29:44,62,אף אוזן גרון,מעיין צבי,language,רומנית,2
2026-07-30T17:29:44,62,אף אוזן גרון,מעיין צבי,language,רוסית,9
2026-07-30T17:30:01,62,אף אוזן גרון,מפעלי ים המלח,gender,גבר,50
2026-07-30T17:30:01,62,אף אוזן גרון,מפעלי ים המלח,gender,אישה,7
2026-07-30T17:30:01,62,אף אוזן גרון,מפעלי ים המלח,visit_type,ביקור במרפאה,63
2026-07-30T17:30:01,62,אף אוזן גרון,מפעלי ים המלח,language,אוקראינית,1
2026-07-30T17:30:01,62,אף אוזן גרון,מפעלי ים המלח,language,אידיש,3
2026-07-30T17:30:01,62,אף אוזן גרון,מפעלי ים המלח,language,אנגלית,3
2026-07-30T17:30:01,62,אף אוזן גרון,מפעלי ים המלח,language,הונגרית,1
2026-07-30T17:30:01,62,אף אוזן גרון,מפעלי ים המלח,language,ספרדית,3
2026-07-30T17:30:01,62,אף אוזן גרון,מפעלי ים המלח,language,עברית,11
2026-07-30T17:30:01,62,אף אוזן גרון,מפעלי ים המלח,language,ערבית,5
2026-07-30T17:30:01,62,אף אוזן גרון,מפעלי ים המלח,language,צכית,1
2026-07-30T17:30:01,62,אף אוזן גרון,מפעלי ים המלח,language,רוסית,1
2026-07-30T17:30:16,62,אף אוזן גרון,מצפה נטופה,gender,גבר,54
2026-07-30T17:30:16,62,אף אוזן גרון,מצפה נטופה,gender,אישה,5
2026-07-30T17:30:16,62,אף אוזן גרון,מצפה נטופה,visit_type,ביקור במרפאה,59
2026-07-30T17:30:16,62,אף אוזן גרון,מצפה נטופה,language,אנגלית,11
2026-07-30T17:30:16,62,אף אוזן גרון,מצפה נטופה,language,עברית,14
2026-07-30T17:30:16,62,אף אוזן גרון,מצפה נטופה,language,ערבית,14
2026-07-30T17:30:16,62,אף אוזן גרון,מצפה נטופה,language,רוסית,2
2026-07-30T17:30:26,62,אף אוזן גרון,מרכז אזורי כדורי,gender,גבר,54
2026-07-30T17:30:26,62,אף אוזן גרון,מרכז אזורי כדורי,gender,אישה,5
2026-07-30T17:30:26,62,אף אוזן גרון,מרכז אזורי כדורי,visit_type,ביקור במרפאה,59
2026-07-30T17:30:26,62,אף אוזן גרון,מרכז אזורי כדורי,language,אנגלית,11
2026-07-30T17:30:26,62,אף אוזן גרון,מרכז אזורי כדורי,language,עברית,14
2026-07-30T17:30:26,62,אף אוזן גרון,מרכז אזורי כדורי,language,ערבית,14
2026-07-30T17:30:26,62,אף אוזן גרון,מרכז אזורי כדורי,language,רוסית,2
2026-07-30T17:30:35,62,אף אוזן גרון,משמר איילון,gender,גבר,22
2026-07-30T17:30:35,62,אף אוזן גרון,משמר איילון,gender,אישה,1
2026-07-30T17:30:35,62,אף אוזן גרון,משמר איילון,visit_type,ביקור במרפאה,32
2026-07-30T17:30:35,62,אף אוזן גרון,משמר איילון,language,איטלקית,1
2026-07-30T17:30:35,62,אף אוזן גרון,משמר איילון,language,אנגלית,9
2026-07-30T17:30:35,62,אף אוזן גרון,משמר איילון,language,עברית,14
2026-07-30T17:30:35,62,אף אוזן גרון,משמר איילון,language,ערבית,2
2026-07-30T17:30:35,62,אף אוזן גרון,משמר איילון,language,צרפתית,1
2026-07-30T17:30:35,62,אף אוזן גרון,משמר איילון,language,רוסית,4
2026-07-30T17:30:42,62,אף אוזן גרון,נאות סמדר,gender,גבר,1
2026-07-30T17:30:42,62,אף אוזן גרון,נאות סמדר,visit_type,ביקור במרפאה,4
2026-07-30T17:30:42,62,אף אוזן גרון,נאות סמדר,language,אנגלית,1
2026-07-30T17:30:42,62,אף אוזן גרון,נאות סמדר,language,עברית,1
2026-07-30T17:30:42,62,אף אוזן גרון,נאות סמדר,language,פרסית,1
2026-07-30T17:30:42,62,אף אוזן גרון,נאות סמדר,language,צרפתית,1
2026-07-30T17:30:44,62,אף אוזן גרון,נוב,gender,גבר,54
2026-07-30T17:30:44,62,אף אוזן גרון,נוב,gender,אישה,5
2026-07-30T17:30:44,62,אף אוזן גרון,נוב,visit_type,ביקור במרפאה,59
2026-07-30T17:30:44,62,אף אוזן גרון,נוב,language,אנגלית,11
2026-07-30T17:30:44,62,אף אוזן גרון,נוב,language,עברית,14
2026-07-30T17:30:44,62,אף אוזן גרון,נוב,language,ערבית,14
2026-07-30T17:30:44,62,אף אוזן גרון,נוב,language,רוסית,2
2026-07-30T17:30:54,62,אף אוזן גרון,נזלה א שרקיה,gender,גבר,48
2026-07-30T17:30:54,62,אף אוזן גרון,נזלה א שרקיה,gender,אישה,14
2026-07-30T17:30:54,62,אף אוזן גרון,נזלה א שרקיה,visit_type,ביקור במרפאה,67
2026-07-30T17:30:54,62,אף אוזן גרון,נזלה א שרקיה,visit_type,שיחת טלפון,1
2026-07-30T17:30:54,62,אף אוזן גרון,נזלה א שרקיה,language,אוקראינית,1
2026-07-30T17:30:54,62,אף אוזן גרון,נזלה א שרקיה,language,אידיש,4
2026-07-30T17:30:54,62,אף אוזן גרון,נזלה א שרקיה,language,איטלקית,1
2026-07-30T17:30:54,62,אף אוזן גרון,נזלה א שרקיה,language,אנגלית,12
2026-07-30T17:30:54,62,אף אוזן גרון,נזלה א שרקיה,language,גרמנית,1
2026-07-30T17:30:54,62,אף אוזן גרון,נזלה א שרקיה,language,עברית,16
2026-07-30T17:30:54,62,אף אוזן גרון,נזלה א שרקיה,language,ערבית,3
2026-07-30T17:30:54,62,אף אוזן גרון,נזלה א שרקיה,language,רומנית,2
2026-07-30T17:30:54,62,אף אוזן גרון,נזלה א שרקיה,language,רוסית,6
2026-07-30T17:31:04,62,אף אוזן גרון,נחם,gender,גבר,36
2026-07-30T17:31:04,62,אף אוזן גרון,נחם,gender,אישה,4
2026-07-30T17:31:04,62,אף אוזן גרון,נחם,visit_type,ביקור במרפאה,41
2026-07-30T17:31:04,62,אף אוזן גרון,נחם,language,אידיש,4
2026-07-30T17:31:04,62,אף אוזן גרון,נחם,language,איטלקית,1
2026-07-30T17:31:04,62,אף אוזן גרון,נחם,language,אנגלית,10
2026-07-30T17:31:04,62,אף אוזן גרון,נחם,language,עברית,10
2026-07-30T17:31:04,62,אף אוזן גרון,נחם,language,ערבית,4
2026-07-30T17:31:04,62,אף אוזן גרון,נחם,language,רוסית,4
2026-07-30T17:31:12,62,אף אוזן גרון,נין,gender,גבר,86
2026-07-30T17:31:12,62,אף אוזן גרון,נין,gender,אישה,8
2026-07-30T17:31:12,62,אף אוזן גרון,נין,visit_type,ביקור במרפאה,95
2026-07-30T17:31:12,62,אף אוזן גרון,נין,language,אנגלית,17
2026-07-30T17:31:12,62,אף אוזן גרון,נין,language,ספרדית,1
2026-07-30T17:31:12,62,אף אוזן גרון,נין,language,עברית,23
2026-07-30T17:31:12,62,אף אוזן גרון,נין,language,ערבית,19
2026-07-30T17:31:12,62,אף אוזן גרון,נין,language,רוסית,5
2026-07-30T17:31:27,62,אף אוזן גרון,נמרוד,gender,גבר,54
2026-07-30T17:31:27,62,אף אוזן גרון,נמרוד,gender,אישה,5
2026-07-30T17:31:27,62,אף אוזן גרון,נמרוד,visit_type,ביקור במרפאה,59
2026-07-30T17:31:27,62,אף אוזן גרון,נמרוד,language,אנגלית,11
2026-07-30T17:31:27,62,אף אוזן גרון,נמרוד,language,עברית,14
2026-07-30T17:31:27,62,אף אוזן גרון,נמרוד,language,ערבית,14
2026-07-30T17:31:27,62,אף אוזן גרון,נמרוד,language,רוסית,2
2026-07-30T17:31:36,62,אף אוזן גרון,נצר סרני,gender,גבר,22
2026-07-30T17:31:36,62,אף אוזן גרון,נצר סרני,gender,אישה,1
2026-07-30T17:31:36,62,אף אוזן גרון,נצר סרני,visit_type,ביקור במרפאה,32
2026-07-30T17:31:36,62,אף אוזן גרון,נצר סרני,language,איטלקית,1
2026-07-30T17:31:36,62,אף אוזן גרון,נצר סרני,language,אנגלית,9
2026-07-30T17:31:36,62,אף אוזן גרון,נצר סרני,language,עברית,14
2026-07-30T17:31:36,62,אף אוזן גרון,נצר סרני,language,ערבית,2
2026-07-30T17:31:36,62,אף אוזן גרון,נצר סרני,language,צרפתית,1
2026-07-30T17:31:36,62,אף אוזן גרון,נצר סרני,language,רוסית,4
2026-07-30T17:31:41,62,אף אוזן גרון,סאוויה,gender,גבר,36
2026-07-30T17:31:41,62,אף אוזן גרון,סאוויה,gender,אישה,4
2026-07-30T17:31:41,62,אף אוזן גרון,סאוויה,visit_type,ביקור במרפאה,41
2026-07-30T17:31:41,62,אף אוזן גרון,סאוויה,language,אידיש,4
2026-07-30T17:31:41,62,אף אוזן גרון,סאוויה,language,איטלקית,1
2026-07-30T17:31:41,62,אף אוזן גרון,סאוויה,language,אנגלית,10
2026-07-30T17:31:41,62,אף אוזן גרון,סאוויה,language,עברית,10
2026-07-30T17:31:41,62,אף אוזן גרון,סאוויה,language,ערבית,4
2026-07-30T17:31:41,62,אף אוזן גרון,סאוויה,language,רוסית,4
2026-07-30T17:31:51,62,אף אוזן גרון,סוסיה,gender,גבר,50
2026-07-30T17:31:51,62,אף אוזן גרון,סוסיה,gender,אישה,7
2026-07-30T17:31:51,62,אף אוזן גרון,סוסיה,visit_type,ביקור במרפאה,63
2026-07-30T17:31:51,62,אף אוזן גרון,סוסיה,language,אוקראינית,1
2026-07-30T17:31:51,62,אף אוזן גרון,סוסיה,language,אידיש,3
2026-07-30T17:31:51,62,אף אוזן גרון,סוסיה,language,אנגלית,3
2026-07-30T17:31:51,62,אף אוזן גרון,סוסיה,language,הונגרית,1
2026-07-30T17:31:51,62,אף אוזן גרון,סוסיה,language,ספרדית,3
2026-07-30T17:31:51,62,אף אוזן גרון,סוסיה,language,עברית,11
2026-07-30T17:31:51,62,אף אוזן גרון,סוסיה,language,ערבית,5
2026-07-30T17:31:51,62,אף אוזן גרון,סוסיה,language,צכית,1
2026-07-30T17:31:51,62,אף אוזן גרון,סוסיה,language,רוסית,1
2026-07-30T17:32:04,62,אף אוזן גרון,סינג'יל,gender,גבר,36
2026-07-30T17:32:04,62,אף אוזן גרון,סינג'יל,gender,אישה,4
2026-07-30T17:32:04,62,אף אוזן גרון,סינג'יל,visit_type,ביקור במרפאה,41
2026-07-30T17:32:04,62,אף אוזן גרון,סינג'יל,language,אידיש,4
2026-07-30T17:32:04,62,אף אוזן גרון,סינג'יל,language,איטלקית,1
2026-07-30T17:32:04,62,אף אוזן גרון,סינג'יל,language,אנגלית,10
2026-07-30T17:32:04,62,אף אוזן גרון,סינג'יל,language,עברית,10
2026-07-30T17:32:04,62,אף אוזן גרון,סינג'יל,language,ערבית,4
2026-07-30T17:32:04,62,אף אוזן גרון,סינג'יל,language,רוסית,4
2026-07-30T17:32:14,62,אף אוזן גרון,סנסנה,gender,גבר,50
2026-07-30T17:32:14,62,אף אוזן גרון,סנסנה,gender,אישה,7
2026-07-30T17:32:14,62,אף אוזן גרון,סנסנה,visit_type,ביקור במרפאה,63
2026-07-30T17:32:14,62,אף אוזן גרון,סנסנה,language,אוקראינית,1
2026-07-30T17:32:14,62,אף אוזן גרון,סנסנה,language,אידיש,3
2026-07-30T17:32:14,62,אף אוזן גרון,סנסנה,language,אנגלית,3
2026-07-30T17:32:14,62,אף אוזן גרון,סנסנה,language,הונגרית,1
2026-07-30T17:32:14,62,אף אוזן גרון,סנסנה,language,ספרדית,3
2026-07-30T17:32:14,62,אף אוזן גרון,סנסנה,language,עברית,11
2026-07-30T17:32:14,62,אף אוזן גרון,סנסנה,language,ערבית,5
2026-07-30T17:32:14,62,אף אוזן גרון,סנסנה,language,צכית,1
2026-07-30T17:32:14,62,אף אוזן גרון,סנסנה,language,רוסית,1
2026-07-30T17:32:27,62,אף אוזן גרון,סתריה,gender,גבר,22
2026-07-30T17:32:27,62,אף אוזן גרון,סתריה,gender,אישה,1
2026-07-30T17:32:27,62,אף אוזן גרון,סתריה,visit_type,ביקור במרפאה,32
2026-07-30T17:32:27,62,אף אוזן גרון,סתריה,language,איטלקית,1
2026-07-30T17:32:27,62,אף אוזן גרון,סתריה,language,אנגלית,9
2026-07-30T17:32:27,62,אף אוזן גרון,סתריה,language,עברית,14
2026-07-30T17:32:27,62,אף אוזן גרון,סתריה,language,ערבית,2
2026-07-30T17:32:27,62,אף אוזן גרון,סתריה,language,צרפתית,1
2026-07-30T17:32:27,62,אף אוזן גרון,סתריה,language,רוסית,4
2026-07-30T17:32:34,62,אף אוזן גרון,עג'ול,gender,גבר,36
2026-07-30T17:32:34,62,אף אוזן גרון,עג'ול,gender,אישה,4
2026-07-30T17:32:34,62,אף אוזן גרון,עג'ול,visit_type,ביקור במרפאה,41
2026-07-30T17:32:34,62,אף אוזן גרון,עג'ול,language,אידיש,4
2026-07-30T17:32:34,62,אף אוזן גרון,עג'ול,language,איטלקית,1
2026-07-30T17:32:34,62,אף אוזן גרון,עג'ול,language,אנגלית,10
2026-07-30T17:32:34,62,אף אוזן גרון,עג'ול,language,עברית,10
2026-07-30T17:32:34,62,אף אוזן גרון,עג'ול,language,ערבית,4
2026-07-30T17:32:34,62,אף אוזן גרון,עג'ול,language,רוסית,4
2026-07-30T17:32:41,62,אף אוזן גרון,עולש,gender,גבר,48
2026-07-30T17:32:41,62,אף אוזן גרון,עולש,gender,אישה,14
2026-07-30T17:32:41,62,אף אוזן גרון,עולש,visit_type,ביקור במרפאה,67
2026-07-30T17:32:41,62,אף אוזן גרון,עולש,visit_type,שיחת טלפון,1
2026-07-30T17:32:41,62,אף אוזן גרון,עולש,language,אוקראינית,1
2026-07-30T17:32:41,62,אף אוזן גרון,עולש,language,אידיש,4
2026-07-30T17:32:41,62,אף אוזן גרון,עולש,language,איטלקית,1
2026-07-30T17:32:41,62,אף אוזן גרון,עולש,language,אנגלית,12
2026-07-30T17:32:41,62,אף אוזן גרון,עולש,language,גרמנית,1
2026-07-30T17:32:41,62,אף אוזן גרון,עולש,language,עברית,16
2026-07-30T17:32:41,62,אף אוזן גרון,עולש,language,ערבית,3
2026-07-30T17:32:41,62,אף אוזן גרון,עולש,language,רומנית,2
2026-07-30T17:32:41,62,אף אוזן גרון,עולש,language,רוסית,6
2026-07-30T17:32:51,62,אף אוזן גרון,עזר,gender,גבר,21
2026-07-30T17:32:51,62,אף אוזן גרון,עזר,gender,אישה,2
2026-07-30T17:32:51,62,אף אוזן גרון,עזר,visit_type,ביקור במרפאה,27
2026-07-30T17:32:51,62,אף אוזן גרון,עזר,language,איטלקית,1
2026-07-30T17:32:51,62,אף אוזן גרון,עזר,language,אנגלית,8
2026-07-30T17:32:51,62,אף אוזן גרון,עזר,language,ספרדית,1
2026-07-30T17:32:51,62,אף אוזן גרון,עזר,language,עברית,10
2026-07-30T17:32:51,62,אף אוזן גרון,עזר,language,צרפתית,2
2026-07-30T17:32:51,62,אף אוזן גרון,עזר,language,רוסית,4
2026-07-30T17:32:58,62,אף אוזן גרון,עיינות,gender,גבר,46
2026-07-30T17:32:58,62,אף אוזן גרון,עיינות,gender,אישה,4
2026-07-30T17:32:58,62,אף אוזן גרון,עיינות,visit_type,ביקור במרפאה,62
2026-07-30T17:32:58,62,אף אוזן גרון,עיינות,language,איטלקית,1
2026-07-30T17:32:58,62,אף אוזן גרון,עיינות,language,אנגלית,19
2026-07-30T17:32:58,62,אף אוזן גרון,עיינות,language,ספרדית,1
2026-07-30T17:32:58,62,אף אוזן גרון,עיינות,language,עברית,25
2026-07-30T17:32:58,62,אף אוזן גרון,עיינות,language,ערבית,3
2026-07-30T17:32:58,62,אף אוזן גרון,עיינות,language,צרפתית,2
2026-07-30T17:32:58,62,אף אוזן גרון,עיינות,language,רוסית,7
2026-07-30T17:33:08,62,אף אוזן גרון,עלי,gender,גבר,36
2026-07-30T17:33:08,62,אף אוזן גרון,עלי,gender,אישה,4
2026-07-30T17:33:08,62,אף אוזן גרון,עלי,visit_type,ביקור במרפאה,41
2026-07-30T17:33:08,62,אף אוזן גרון,עלי,language,אידיש,4
2026-07-30T17:33:08,62,אף אוזן גרון,עלי,language,איטלקית,1
2026-07-30T17:33:08,62,אף אוזן גרון,עלי,language,אנגלית,10
2026-07-30T17:33:08,62,אף אוזן גרון,עלי,language,עברית,10
2026-07-30T17:33:08,62,אף אוזן גרון,עלי,language,ערבית,4
2026-07-30T17:33:08,62,אף אוזן גרון,עלי,language,רוסית,4
2026-07-30T17:33:16,62,אף אוזן גרון,עמיקם,gender,גבר,67
2026-07-30T17:33:16,62,אף אוזן גרון,עמיקם,gender,אישה,20
2026-07-30T17:33:16,62,אף אוזן גרון,עמיקם,visit_type,ביקור במרפאה,92
2026-07-30T17:33:16,62,אף אוזן גרון,עמיקם,visit_type,שיחת טלפון,1
2026-07-30T17:33:16,62,אף אוזן גרון,עמיקם,language,אוקראינית,1
2026-07-30T17:33:16,62,אף אוזן גרון,עמיקם,language,אידיש,4
2026-07-30T17:33:16,62,אף אוזן גרון,עמיקם,language,איטלקית,1
2026-07-30T17:33:16,62,אף אוזן גרון,עמיקם,language,אנגלית,19
2026-07-30T17:33:16,62,אף אוזן גרון,עמיקם,language,גרמנית,1
2026-07-30T17:33:16,62,אף אוזן גרון,עמיקם,language,ספרדית,1
2026-07-30T17:33:16,62,אף אוזן גרון,עמיקם,language,עברית,26
2026-07-30T17:33:16,62,אף אוזן גרון,עמיקם,language,ערבית,9
2026-07-30T17:33:16,62,אף אוזן גרון,עמיקם,language,רומנית,2
2026-07-30T17:33:16,62,אף אוזן גרון,עמיקם,language,רוסית,9
2026-07-30T17:33:31,62,אף אוזן גרון,עסכר,gender,גבר,48
2026-07-30T17:33:31,62,אף אוזן גרון,עסכר,gender,אישה,14
2026-07-30T17:33:31,62,אף אוזן גרון,עסכר,visit_type,ביקור במרפאה,67
2026-07-30T17:33:31,62,אף אוזן גרון,עסכר,visit_type,שיחת טלפון,1
2026-07-30T17:33:31,62,אף אוזן גרון,עסכר,language,אוקראינית,1
2026-07-30T17:33:31,62,אף אוזן גרון,עסכר,language,אידיש,4
2026-07-30T17:33:31,62,אף אוזן גרון,עסכר,language,איטלקית,1
2026-07-30T17:33:31,62,אף אוזן גרון,עסכר,language,אנגלית,12
2026-07-30T17:33:31,62,אף אוזן גרון,עסכר,language,גרמנית,1
2026-07-30T17:33:31,62,אף אוזן גרון,עסכר,language,עברית,16
2026-07-30T17:33:31,62,אף אוזן גרון,עסכר,language,ערבית,3
2026-07-30T17:33:31,62,אף אוזן גרון,עסכר,language,רומנית,2
2026-07-30T17:33:31,62,אף אוזן גרון,עסכר,language,רוסית,6
2026-07-30T17:33:41,62,אף אוזן גרון,עראמשה,gender,גבר,35
2026-07-30T17:33:41,62,אף אוזן גרון,עראמשה,gender,אישה,3
2026-07-30T17:33:41,62,אף אוזן גרון,עראמשה,visit_type,ביקור במרפאה,38
2026-07-30T17:33:41,62,אף אוזן גרון,עראמשה,visit_type,שיחת טלפון,1
2026-07-30T17:33:41,62,אף אוזן גרון,עראמשה,language,איטלקית,5
2026-07-30T17:33:41,62,אף אוזן גרון,עראמשה,language,אנגלית,29
2026-07-30T17:33:41,62,אף אוזן גרון,עראמשה,language,גרמנית,2
2026-07-30T17:33:41,62,אף אוזן גרון,עראמשה,language,הולנדית,1
2026-07-30T17:33:41,62,אף אוזן גרון,עראמשה,language,ספרדית,1
2026-07-30T17:33:41,62,אף אוזן גרון,עראמשה,language,עברית,38
2026-07-30T17:33:41,62,אף אוזן גרון,עראמשה,language,ערבית,34
2026-07-30T17:33:41,62,אף אוזן גרון,עראמשה,language,צרפתית,1
2026-07-30T17:33:41,62,אף אוזן גרון,עראמשה,language,רומנית,7
2026-07-30T17:33:41,62,אף אוזן גרון,עראמשה,language,רוסית,5
2026-07-30T17:33:49,62,אף אוזן גרון,עתיל,gender,גבר,48
2026-07-30T17:33:49,62,אף אוזן גרון,עתיל,gender,אישה,14
2026-07-30T17:33:49,62,אף אוזן גרון,עתיל,visit_type,ביקור במרפאה,67
2026-07-30T17:33:49,62,אף אוזן גרון,עתיל,visit_type,שיחת טלפון,1
2026-07-30T17:33:49,62,אף אוזן גרון,עתיל,language,אוקראינית,1
2026-07-30T17:33:49,62,אף אוזן גרון,עתיל,language,אידיש,4
2026-07-30T17:33:49,62,אף אוזן גרון,עתיל,language,איטלקית,1
2026-07-30T17:33:49,62,אף אוזן גרון,עתיל,language,אנגלית,12
2026-07-30T17:33:49,62,אף אוזן גרון,עתיל,language,גרמנית,1
2026-07-30T17:33:49,62,אף אוזן גרון,עתיל,language,עברית,16
2026-07-30T17:33:49,62,אף אוזן גרון,עתיל,language,ערבית,3
2026-07-30T17:33:49,62,אף אוזן גרון,עתיל,language,רומנית,2
2026-07-30T17:33:49,62,אף אוזן גרון,עתיל,language,רוסית,6
2026-07-30T17:33:59,62,אף אוזן גרון,פדואל,gender,גבר,26
2026-07-30T17:33:59,62,אף אוזן גרון,פדואל,gender,אישה,10
2026-07-30T17:33:59,62,אף אוזן גרון,פדואל,visit_type,ביקור במרפאה,38
2026-07-30T17:33:59,62,אף אוזן גרון,פדואל,visit_type,שיחת טלפון,1
2026-07-30T17:33:59,62,אף אוזן גרון,פדואל,language,אנגלית,14
2026-07-30T17:33:59,62,אף אוזן גרון,פדואל,language,ספרדית,2
2026-07-30T17:33:59,62,אף אוזן גרון,פדואל,language,עברית,37
2026-07-30T17:33:59,62,אף אוזן גרון,פדואל,language,ערבית,2
2026-07-30T17:33:59,62,אף אוזן גרון,פדואל,language,רוסית,9
2026-07-30T17:34:07,62,אף אוזן גרון,פלאמה,gender,גבר,48
2026-07-30T17:34:07,62,אף אוזן גרון,פלאמה,gender,אישה,14
2026-07-30T17:34:07,62,אף אוזן גרון,פלאמה,visit_type,ביקור במרפאה,67
2026-07-30T17:34:07,62,אף אוזן גרון,פלאמה,visit_type,שיחת טלפון,1
2026-07-30T17:34:07,62,אף אוזן גרון,פלאמה,language,אוקראינית,1
2026-07-30T17:34:07,62,אף אוזן גרון,פלאמה,language,אידיש,4
2026-07-30T17:34:07,62,אף אוזן גרון,פלאמה,language,איטלקית,1
2026-07-30T17:34:07,62,אף אוזן גרון,פלאמה,language,אנגלית,12
2026-07-30T17:34:07,62,אף אוזן גרון,פלאמה,language,גרמנית,1
2026-07-30T17:34:07,62,אף אוזן גרון,פלאמה,language,עברית,16
2026-07-30T17:34:07,62,אף אוזן גרון,פלאמה,language,ערבית,3
2026-07-30T17:34:07,62,אף אוזן גרון,פלאמה,language,רומנית,2
2026-07-30T17:34:07,62,אף אוזן גרון,פלאמה,language,רוסית,6
2026-07-30T17:34:19,62,אף אוזן גרון,פקועה,gender,גבר,48
2026-07-30T17:34:19,62,אף אוזן גרון,פקועה,gender,אישה,14
2026-07-30T17:34:19,62,אף אוזן גרון,פקועה,visit_type,ביקור במרפאה,67
2026-07-30T17:34:19,62,אף אוזן גרון,פקועה,visit_type,שיחת טלפון,1
2026-07-30T17:34:19,62,אף אוזן גרון,פקועה,language,אוקראינית,1
2026-07-30T17:34:19,62,אף אוזן גרון,פקועה,language,אידיש,4
2026-07-30T17:34:19,62,אף אוזן גרון,פקועה,language,איטלקית,1
2026-07-30T17:34:19,62,אף אוזן גרון,פקועה,language,אנגלית,12
2026-07-30T17:34:19,62,אף אוזן גרון,פקועה,language,גרמנית,1
2026-07-30T17:34:19,62,אף אוזן גרון,פקועה,language,עברית,16
2026-07-30T17:34:19,62,אף אוזן גרון,פקועה,language,ערבית,3
2026-07-30T17:34:19,62,אף אוזן גרון,פקועה,language,רומנית,2
2026-07-30T17:34:19,62,אף אוזן גרון,פקועה,language,רוסית,6
2026-07-30T17:34:30,62,אף אוזן גרון,פרעתה,gender,גבר,48
2026-07-30T17:34:30,62,אף אוזן גרון,פרעתה,gender,אישה,14
2026-07-30T17:34:30,62,אף אוזן גרון,פרעתה,visit_type,ביקור במרפאה,67
2026-07-30T17:34:30,62,אף אוזן גרון,פרעתה,visit_type,שיחת טלפון,1
2026-07-30T17:34:30,62,אף אוזן גרון,פרעתה,language,אוקראינית,1
2026-07-30T17:34:30,62,אף אוזן גרון,פרעתה,language,אידיש,4
2026-07-30T17:34:30,62,אף אוזן גרון,פרעתה,language,איטלקית,1
2026-07-30T17:34:30,62,אף אוזן גרון,פרעתה,language,אנגלית,12
2026-07-30T17:34:30,62,אף אוזן גרון,פרעתה,language,גרמנית,1
2026-07-30T17:34:30,62,אף אוזן גרון,פרעתה,language,עברית,16
2026-07-30T17:34:30,62,אף אוזן גרון,פרעתה,language,ערבית,3
2026-07-30T17:34:30,62,אף אוזן גרון,פרעתה,language,רומנית,2
2026-07-30T17:34:30,62,אף אוזן גרון,פרעתה,language,רוסית,6
2026-07-30T17:34:41,62,אף אוזן גרון,צופית,gender,גבר,67
2026-07-30T17:34:41,62,אף אוזן גרון,צופית,gender,אישה,18
2026-07-30T17:34:41,62,אף אוזן גרון,צופית,visit_type,ביקור במרפאה,91
2026-07-30T17:34:41,62,אף אוזן גרון,צופית,visit_type,שיחת טלפון,1
2026-07-30T17:34:41,62,אף אוזן גרון,צופית,language,אוקראינית,1
2026-07-30T17:34:41,62,אף אוזן גרון,צופית,language,אידיש,4
2026-07-30T17:34:41,62,אף אוזן גרון,צופית,language,איטלקית,1
2026-07-30T17:34:41,62,אף אוזן גרון,צופית,language,אנגלית,24
2026-07-30T17:34:41,62,אף אוזן גרון,צופית,language,גרמנית,2
2026-07-30T17:34:41,62,אף אוזן גרון,צופית,language,ספרדית,1
2026-07-30T17:34:41,62,אף אוזן גרון,צופית,language,עברית,35
2026-07-30T17:34:41,62,אף אוזן גרון,צופית,language,ערבית,6
2026-07-30T17:34:41,62,אף אוזן גרון,צופית,language,צרפתית,1
2026-07-30T17:34:41,62,אף אוזן גרון,צופית,language,רומנית,2
2026-07-30T17:34:41,62,אף אוזן גרון,צופית,language,רוסית,10
2026-07-30T17:34:55,62,אף אוזן גרון,צפרירים,gender,גבר,36
2026-07-30T17:34:55,62,אף אוזן גרון,צפרירים,gender,אישה,4
2026-07-30T17:34:55,62,אף אוזן גרון,צפרירים,visit_type,ביקור במרפאה,41
2026-07-30T17:34:55,62,אף אוזן גרון,צפרירים,language,אידיש,4
2026-07-30T17:34:55,62,אף אוזן גרון,צפרירים,language,איטלקית,1
2026-07-30T17:34:55,62,אף אוזן גרון,צפרירים,language,אנגלית,10
2026-07-30T17:34:55,62,אף אוזן גרון,צפרירים,language,עברית,10
2026-07-30T17:34:55,62,אף אוזן גרון,צפרירים,language,ערבית,4
2026-07-30T17:34:55,62,אף אוזן גרון,צפרירים,language,רוסית,4
2026-07-30T17:35:02,62,אף אוזן גרון,קדיתא,gender,גבר,54
2026-07-30T17:35:02,62,אף אוזן גרון,קדיתא,gender,אישה,5
2026-07-30T17:35:02,62,אף אוזן גרון,קדיתא,visit_type,ביקור במרפאה,59
2026-07-30T17:35:02,62,אף אוזן גרון,קדיתא,language,אנגלית,11
2026-07-30T17:35:02,62,אף אוזן גרון,קדיתא,language,עברית,14
2026-07-30T17:35:02,62,אף אוזן גרון,קדיתא,language,ערבית,14
2026-07-30T17:35:02,62,אף אוזן גרון,קדיתא,language,רוסית,2
2026-07-30T17:35:12,62,אף אוזן גרון,קוסין,gender,גבר,48
2026-07-30T17:35:12,62,אף אוזן גרון,קוסין,gender,אישה,14
2026-07-30T17:35:12,62,אף אוזן גרון,קוסין,visit_type,ביקור במרפאה,67
2026-07-30T17:35:12,62,אף אוזן גרון,קוסין,visit_type,שיחת טלפון,1
2026-07-30T17:35:12,62,אף אוזן גרון,קוסין,language,אוקראינית,1
2026-07-30T17:35:12,62,אף אוזן גרון,קוסין,language,אידיש,4
2026-07-30T17:35:12,62,אף אוזן גרון,קוסין,language,איטלקית,1
2026-07-30T17:35:12,62,אף אוזן גרון,קוסין,language,אנגלית,12
2026-07-30T17:35:12,62,אף אוזן גרון,קוסין,language,גרמנית,1
2026-07-30T17:35:12,62,אף אוזן גרון,קוסין,language,עברית,16
2026-07-30T17:35:12,62,אף אוזן גרון,קוסין,language,ערבית,3
2026-07-30T17:35:12,62,אף אוזן גרון,קוסין,language,רומנית,2
2026-07-30T17:35:12,62,אף אוזן גרון,קוסין,language,רוסית,6
2026-07-30T17:35:22,62,אף אוזן גרון,קלנדיה,gender,גבר,36
2026-07-30T17:35:22,62,אף אוזן גרון,קלנדיה,gender,אישה,4
2026-07-30T17:35:22,62,אף אוזן גרון,קלנדיה,visit_type,ביקור במרפאה,41
2026-07-30T17:35:22,62,אף אוזן גרון,קלנדיה,language,אידיש,4
2026-07-30T17:35:22,62,אף אוזן גרון,קלנדיה,language,איטלקית,1
2026-07-30T17:35:22,62,אף אוזן גרון,קלנדיה,language,אנגלית,10
2026-07-30T17:35:22,62,אף אוזן גרון,קלנדיה,language,עברית,10
2026-07-30T17:35:22,62,אף אוזן גרון,קלנדיה,language,ערבית,4
2026-07-30T17:35:22,62,אף אוזן גרון,קלנדיה,language,רוסית,4
2026-07-30T17:35:29,62,אף אוזן גרון,קריות,gender,גבר,36
2026-07-30T17:35:29,62,אף אוזן גרון,קריות,gender,אישה,4
2026-07-30T17:35:29,62,אף אוזן גרון,קריות,visit_type,ביקור במרפאה,41
2026-07-30T17:35:29,62,אף אוזן גרון,קריות,language,אידיש,4
2026-07-30T17:35:29,62,אף אוזן גרון,קריות,language,איטלקית,1
2026-07-30T17:35:29,62,אף אוזן גרון,קריות,language,אנגלית,10
2026-07-30T17:35:29,62,אף אוזן גרון,קריות,language,עברית,10
2026-07-30T17:35:29,62,אף אוזן גרון,קריות,language,ערבית,4
2026-07-30T17:35:29,62,אף אוזן גרון,קריות,language,רוסית,4
2026-07-30T17:35:39,62,אף אוזן גרון,ראבוד,gender,גבר,50
2026-07-30T17:35:39,62,אף אוזן גרון,ראבוד,gender,אישה,7
2026-07-30T17:35:39,62,אף אוזן גרון,ראבוד,visit_type,ביקור במרפאה,63
2026-07-30T17:35:39,62,אף אוזן גרון,ראבוד,language,אוקראינית,1
2026-07-30T17:35:39,62,אף אוזן גרון,ראבוד,language,אידיש,3
2026-07-30T17:35:39,62,אף אוזן גרון,ראבוד,language,אנגלית,3
2026-07-30T17:35:39,62,אף אוזן גרון,ראבוד,language,הונגרית,1
2026-07-30T17:35:39,62,אף אוזן גרון,ראבוד,language,ספרדית,3
2026-07-30T17:35:39,62,אף אוזן גרון,ראבוד,language,עברית,11
2026-07-30T17:35:39,62,אף אוזן גרון,ראבוד,language,ערבית,5
2026-07-30T17:35:39,62,אף אוזן גרון,ראבוד,language,צכית,1
2026-07-30T17:35:39,62,אף אוזן גרון,ראבוד,language,רוסית,1
2026-07-30T17:35:52,62,אף אוזן גרון,רבדים,gender,גבר,21
2026-07-30T17:35:52,62,אף אוזן גרון,רבדים,gender,אישה,2
2026-07-30T17:35:52,62,אף אוזן גרון,רבדים,visit_type,ביקור במרפאה,27
2026-07-30T17:35:52,62,אף אוזן גרון,רבדים,language,איטלקית,1
2026-07-30T17:35:52,62,אף אוזן גרון,רבדים,language,אנגלית,8
2026-07-30T17:35:52,62,אף אוזן גרון,רבדים,language,ספרדית,1
2026-07-30T17:35:52,62,אף אוזן גרון,רבדים,language,עברית,10
2026-07-30T17:35:52,62,אף אוזן גרון,רבדים,language,צרפתית,2
2026-07-30T17:35:52,62,אף אוזן גרון,רבדים,language,רוסית,4
2026-07-30T17:35:59,62,אף אוזן גרון,רוחמה,gender,גבר,32
2026-07-30T17:35:59,62,אף אוזן גרון,רוחמה,gender,אישה,3
2026-07-30T17:35:59,62,אף אוזן גרון,רוחמה,visit_type,ביקור במרפאה,41
2026-07-30T17:35:59,62,אף אוזן גרון,רוחמה,language,אוקראינית,1
2026-07-30T17:35:59,62,אף אוזן גרון,רוחמה,language,אנגלית,3
2026-07-30T17:35:59,62,אף אוזן גרון,רוחמה,language,הונגרית,1
2026-07-30T17:35:59,62,אף אוזן גרון,רוחמה,language,עברית,4
2026-07-30T17:35:59,62,אף אוזן גרון,רוחמה,language,ערבית,1
2026-07-30T17:35:59,62,אף אוזן גרון,רוחמה,language,צכית,1
2026-07-30T17:35:59,62,אף אוזן גרון,רוחמה,language,רוסית,1
2026-07-30T17:36:09,62,אף אוזן גרון,ריחן,gender,גבר,67
2026-07-30T17:36:09,62,אף אוזן גרון,ריחן,gender,אישה,20
2026-07-30T17:36:09,62,אף אוזן גרון,ריחן,visit_type,ביקור במרפאה,92
2026-07-30T17:36:09,62,אף אוזן גרון,ריחן,visit_type,שיחת טלפון,1
2026-07-30T17:36:09,62,אף אוזן גרון,ריחן,language,אוקראינית,1
2026-07-30T17:36:09,62,אף אוזן גרון,ריחן,language,אידיש,4
2026-07-30T17:36:09,62,אף אוזן גרון,ריחן,language,איטלקית,1
2026-07-30T17:36:09,62,אף אוזן גרון,ריחן,language,אנגלית,19
2026-07-30T17:36:09,62,אף אוזן גרון,ריחן,language,גרמנית,1
2026-07-30T17:36:09,62,אף אוזן גרון,ריחן,language,ספרדית,1
2026-07-30T17:36:09,62,אף אוזן גרון,ריחן,language,עברית,26
2026-07-30T17:36:09,62,אף אוזן גרון,ריחן,language,ערבית,9
2026-07-30T17:36:09,62,אף אוזן גרון,ריחן,language,רומנית,2
2026-07-30T17:36:09,62,אף אוזן גרון,ריחן,language,רוסית,9
2026-07-30T17:36:24,62,אף אוזן גרון,רמות מאיר,gender,גבר,22
2026-07-30T17:36:24,62,אף אוזן גרון,רמות מאיר,gender,אישה,1
2026-07-30T17:36:24,62,אף אוזן גרון,רמות מאיר,visit_type,ביקור במרפאה,32
2026-07-30T17:36:24,62,אף אוזן גרון,רמות מאיר,language,איטלקית,1
2026-07-30T17:36:24,62,אף אוזן גרון,רמות מאיר,language,אנגלית,9
2026-07-30T17:36:24,62,אף אוזן גרון,רמות מאיר,language,עברית,14
2026-07-30T17:36:24,62,אף אוזן גרון,רמות מאיר,language,ערבית,2
2026-07-30T17:36:24,62,אף אוזן גרון,רמות מאיר,language,צרפתית,1
2026-07-30T17:36:24,62,אף אוזן גרון,רמות מאיר,language,רוסית,4
2026-07-30T17:36:31,62,אף אוזן גרון,רפידיה,gender,גבר,48
2026-07-30T17:36:31,62,אף אוזן גרון,רפידיה,gender,אישה,14
2026-07-30T17:36:31,62,אף אוזן גרון,רפידיה,visit_type,ביקור במרפאה,67
2026-07-30T17:36:31,62,אף אוזן גרון,רפידיה,visit_type,שיחת טלפון,1
2026-07-30T17:36:31,62,אף אוזן גרון,רפידיה,language,אוקראינית,1
2026-07-30T17:36:31,62,אף אוזן גרון,רפידיה,language,אידיש,4
2026-07-30T17:36:31,62,אף אוזן גרון,רפידיה,language,איטלקית,1
2026-07-30T17:36:31,62,אף אוזן גרון,רפידיה,language,אנגלית,12
2026-07-30T17:36:31,62,אף אוזן גרון,רפידיה,language,גרמנית,1
2026-07-30T17:36:31,62,אף אוזן גרון,רפידיה,language,עברית,16
2026-07-30T17:36:31,62,אף אוזן גרון,רפידיה,language,ערבית,3
2026-07-30T17:36:31,62,אף אוזן גרון,רפידיה,language,רומנית,2
2026-07-30T17:36:31,62,אף אוזן גרון,רפידיה,language,רוסית,6
2026-07-30T17:36:41,62,אף אוזן גרון,שבתין,gender,גבר,26
2026-07-30T17:36:41,62,אף אוזן גרון,שבתין,gender,אישה,10
2026-07-30T17:36:41,62,אף אוזן גרון,שבתין,visit_type,ביקור במרפאה,38
2026-07-30T17:36:41,62,אף אוזן גרון,שבתין,visit_type,שיחת טלפון,1
2026-07-30T17:36:41,62,אף אוזן גרון,שבתין,language,אנגלית,14
2026-07-30T17:36:41,62,אף אוזן גרון,שבתין,language,ספרדית,2
2026-07-30T17:36:41,62,אף אוזן גרון,שבתין,language,עברית,37
2026-07-30T17:36:41,62,אף אוזן גרון,שבתין,language,ערבית,2
2026-07-30T17:36:41,62,אף אוזן גרון,שבתין,language,רוסית,9
2026-07-30T17:36:50,62,אף אוזן גרון,שדה יצחק,gender,גבר,67
2026-07-30T17:36:50,62,אף אוזן גרון,שדה יצחק,gender,אישה,20
2026-07-30T17:36:50,62,אף אוזן גרון,שדה יצחק,visit_type,ביקור במרפאה,92
2026-07-30T17:36:50,62,אף אוזן גרון,שדה יצחק,visit_type,שיחת טלפון,1
2026-07-30T17:36:50,62,אף אוזן גרון,שדה יצחק,language,אוקראינית,1
2026-07-30T17:36:50,62,אף אוזן גרון,שדה יצחק,language,אידיש,4
2026-07-30T17:36:50,62,אף אוזן גרון,שדה יצחק,language,איטלקית,1
2026-07-30T17:36:50,62,אף אוזן גרון,שדה יצחק,language,אנגלית,19
2026-07-30T17:36:50,62,אף אוזן גרון,שדה יצחק,language,גרמנית,1
2026-07-30T17:36:50,62,אף אוזן גרון,שדה יצחק,language,ספרדית,1
2026-07-30T17:36:50,62,אף אוזן גרון,שדה יצחק,language,עברית,26
2026-07-30T17:36:50,62,אף אוזן גרון,שדה יצחק,language,ערבית,9
2026-07-30T17:36:50,62,אף אוזן גרון,שדה יצחק,language,רומנית,2
2026-07-30T17:36:50,62,אף אוזן גרון,שדה יצחק,language,רוסית,9
2026-07-30T17:37:04,62,אף אוזן גרון,שוקבא,gender,גבר,26
2026-07-30T17:37:04,62,אף אוזן גרון,שוקבא,gender,אישה,10
2026-07-30T17:37:04,62,אף אוזן גרון,שוקבא,visit_type,ביקור במרפאה,38
2026-07-30T17:37:04,62,אף אוזן גרון,שוקבא,visit_type,שיחת טלפון,1
2026-07-30T17:37:04,62,אף אוזן גרון,שוקבא,language,אנגלית,14
2026-07-30T17:37:04,62,אף אוזן גרון,שוקבא,language,ספרדית,2
2026-07-30T17:37:04,62,אף אוזן גרון,שוקבא,language,עברית,37
2026-07-30T17:37:04,62,אף אוזן גרון,שוקבא,language,ערבית,2
2026-07-30T17:37:04,62,אף אוזן גרון,שוקבא,language,רוסית,9
2026-07-30T17:37:11,62,אף אוזן גרון,שייח' דנון,gender,גבר,35
2026-07-30T17:37:11,62,אף אוזן גרון,שייח' דנון,gender,אישה,3
2026-07-30T17:37:11,62,אף אוזן גרון,שייח' דנון,visit_type,ביקור במרפאה,38
2026-07-30T17:37:11,62,אף אוזן גרון,שייח' דנון,visit_type,שיחת טלפון,1
2026-07-30T17:37:11,62,אף אוזן גרון,שייח' דנון,language,איטלקית,5
2026-07-30T17:37:11,62,אף אוזן גרון,שייח' דנון,language,אנגלית,29
2026-07-30T17:37:11,62,אף אוזן גרון,שייח' דנון,language,גרמנית,2
2026-07-30T17:37:11,62,אף אוזן גרון,שייח' דנון,language,הולנדית,1
2026-07-30T17:37:11,62,אף אוזן גרון,שייח' דנון,language,ספרדית,1
2026-07-30T17:37:11,62,אף אוזן גרון,שייח' דנון,language,עברית,38
2026-07-30T17:37:11,62,אף אוזן גרון,שייח' דנון,language,ערבית,34
2026-07-30T17:37:11,62,אף אוזן גרון,שייח' דנון,language,צרפתית,1
2026-07-30T17:37:11,62,אף אוזן גרון,שייח' דנון,language,רומנית,7
2026-07-30T17:37:11,62,אף אוזן גרון,שייח' דנון,language,רוסית,5
2026-07-30T17:37:17,62,אף אוזן גרון,שלומציון,gender,גבר,36
2026-07-30T17:37:17,62,אף אוזן גרון,שלומציון,gender,אישה,4
2026-07-30T17:37:17,62,אף אוזן גרון,שלומציון,visit_type,ביקור במרפאה,41
2026-07-30T17:37:17,62,אף אוזן גרון,שלומציון,language,אידיש,4
2026-07-30T17:37:17,62,אף אוזן גרון,שלומציון,language,איטלקית,1
2026-07-30T17:37:17,62,אף אוזן גרון,שלומציון,language,אנגלית,10
2026-07-30T17:37:17,62,אף אוזן גרון,שלומציון,language,עברית,10
2026-07-30T17:37:17,62,אף אוזן גרון,שלומציון,language,ערבית,4
2026-07-30T17:37:17,62,אף אוזן גרון,שלומציון,language,רוסית,4
2026-07-30T17:37:25,62,אף אוזן גרון,שער אפרים,gender,גבר,48
2026-07-30T17:37:25,62,אף אוזן גרון,שער אפרים,gender,אישה,14
2026-07-30T17:37:25,62,אף אוזן גרון,שער אפרים,visit_type,ביקור במרפאה,67
2026-07-30T17:37:25,62,אף אוזן גרון,שער אפרים,visit_type,שיחת טלפון,1
2026-07-30T17:37:25,62,אף אוזן גרון,שער אפרים,language,אוקראינית,1
2026-07-30T17:37:25,62,אף אוזן גרון,שער אפרים,language,אידיש,4
2026-07-30T17:37:25,62,אף אוזן גרון,שער אפרים,language,איטלקית,1
2026-07-30T17:37:25,62,אף אוזן גרון,שער אפרים,language,אנגלית,12
2026-07-30T17:37:25,62,אף אוזן גרון,שער אפרים,language,גרמנית,1
2026-07-30T17:37:25,62,אף אוזן גרון,שער אפרים,language,עברית,16
2026-07-30T17:37:25,62,אף אוזן גרון,שער אפרים,language,ערבית,3
2026-07-30T17:37:25,62,אף אוזן גרון,שער אפרים,language,רומנית,2
2026-07-30T17:37:25,62,אף אוזן גרון,שער אפרים,language,רוסית,6
2026-07-30T17:37:37,62,אף אוזן גרון,שקף,gender,גבר,32
2026-07-30T17:37:37,62,אף אוזן גרון,שקף,gender,אישה,3
2026-07-30T17:37:37,62,אף אוזן גרון,שקף,visit_type,ביקור במרפאה,41
2026-07-30T17:37:37,62,אף אוזן גרון,שקף,language,אוקראינית,1
2026-07-30T17:37:37,62,אף אוזן גרון,שקף,language,אנגלית,3
2026-07-30T17:37:37,62,אף אוזן גרון,שקף,language,הונגרית,1
2026-07-30T17:37:37,62,אף אוזן גרון,שקף,language,עברית,4
2026-07-30T17:37:37,62,אף אוזן גרון,שקף,language,ערבית,1
2026-07-30T17:37:37,62,אף אוזן גרון,שקף,language,צכית,1
2026-07-30T17:37:37,62,אף אוזן גרון,שקף,language,רוסית,1
2026-07-30T17:37:46,62,אף אוזן גרון,תומר,gender,גבר,36
2026-07-30T17:37:46,62,אף אוזן גרון,תומר,gender,אישה,4
2026-07-30T17:37:46,62,אף אוזן גרון,תומר,visit_type,ביקור במרפאה,41
2026-07-30T17:37:46,62,אף אוזן גרון,תומר,language,אידיש,4
2026-07-30T17:37:46,62,אף אוזן גרון,תומר,language,איטלקית,1
2026-07-30T17:37:46,62,אף אוזן גרון,תומר,language,אנגלית,10
2026-07-30T17:37:46,62,אף אוזן גרון,תומר,language,עברית,10
2026-07-30T17:37:46,62,אף אוזן גרון,תומר,language,ערבית,4
2026-07-30T17:37:46,62,אף אוזן גרון,תומר,language,רוסית,4
2026-07-30T17:37:53,62,אף אוזן גרון,תל אל בידה,gender,גבר,54
2026-07-30T17:37:53,62,אף אוזן גרון,תל אל בידה,gender,אישה,5
2026-07-30T17:37:53,62,אף אוזן גרון,תל אל בידה,visit_type,ביקור במרפאה,59
2026-07-30T17:37:53,62,אף אוזן גרון,תל אל בידה,language,אנגלית,11
2026-07-30T17:37:53,62,אף אוזן גרון,תל אל בידה,language,עברית,14
2026-07-30T17:37:53,62,אף אוזן גרון,תל אל בידה,language,ערבית,14
2026-07-30T17:37:53,62,אף אוזן גרון,תל אל בידה,language,רוסית,2
2026-07-30T17:38:01,62,אף אוזן גרון,תעוז,gender,גבר,36
2026-07-30T17:38:01,62,אף אוזן גרון,תעוז,gender,אישה,4
2026-07-30T17:38:01,62,אף אוזן גרון,תעוז,visit_type,ביקור במרפאה,41
2026-07-30T17:38:01,62,אף אוזן גרון,תעוז,language,אידיש,4
2026-07-30T17:38:01,62,אף אוזן גרון,תעוז,language,איטלקית,1
2026-07-30T17:38:01,62,אף אוזן גרון,תעוז,language,אנגלית,10
2026-07-30T17:38:01,62,אף אוזן גרון,תעוז,language,עברית,10
2026-07-30T17:38:01,62,אף אוזן גרון,תעוז,language,ערבית,4
2026-07-30T17:38:01,62,אף אוזן גרון,תעוז,language,רוסית,4
2026-07-30T17:38:10,62,אף אוזן גרון,תפרח,gender,גבר,50
2026-07-30T17:38:10,62,אף אוזן גרון,תפרח,gender,אישה,7
2026-07-30T17:38:10,62,אף אוזן גרון,תפרח,visit_type,ביקור במרפאה,63
2026-07-30T17:38:10,62,אף אוזן גרון,תפרח,language,אוקראינית,1
2026-07-30T17:38:10,62,אף אוזן גרון,תפרח,language,אידיש,3
2026-07-30T17:38:10,62,אף אוזן גרון,תפרח,language,אנגלית,3
2026-07-30T17:38:10,62,אף אוזן גרון,תפרח,language,הונגרית,1
2026-07-30T17:38:10,62,אף אוזן גרון,תפרח,language,ספרדית,3
2026-07-30T17:38:10,62,אף אוזן גרון,תפרח,language,עברית,11
2026-07-30T17:38:10,62,אף אוזן גרון,תפרח,language,ערבית,5
2026-07-30T17:38:10,62,אף אוזן גרון,תפרח,language,צכית,1
2026-07-30T17:38:10,62,אף אוזן גרון,תפרח,language,רוסית,1
2026-07-30T17:38:23,63,נשים,א ראם,gender,גבר,47
2026-07-30T17:38:23,63,נשים,א ראם,gender,אישה,79
2026-07-30T17:38:23,63,נשים,א ראם,visit_type,ביקור במרפאה,131
2026-07-30T17:38:23,63,נשים,א ראם,visit_type,שיחת טלפון,16
2026-07-30T17:38:23,63,נשים,א ראם,visit_type,שיחת וידאו,1
2026-07-30T17:38:23,63,נשים,א ראם,language,אידיש,2
2026-07-30T17:38:23,63,נשים,א ראם,language,אנגלית,20
2026-07-30T17:38:23,63,נשים,א ראם,language,עברית,24
2026-07-30T17:38:23,63,נשים,א ראם,language,ערבית,3
2026-07-30T17:38:23,63,נשים,א ראם,language,צרפתית,2
2026-07-30T17:38:23,63,נשים,א ראם,language,רוסית,3
2026-07-30T17:38:42,63,נשים,אבו עבדון,gender,גבר,43
2026-07-30T17:38:42,63,נשים,אבו עבדון,gender,אישה,67
2026-07-30T17:38:42,63,נשים,אבו עבדון,visit_type,ביקור במרפאה,112
2026-07-30T17:38:42,63,נשים,אבו עבדון,language,אידיש,3
2026-07-30T17:38:42,63,נשים,אבו עבדון,language,אנגלית,21
2026-07-30T17:38:42,63,נשים,אבו עבדון,language,ליטאית,1
2026-07-30T17:38:42,63,נשים,אבו עבדון,language,סינית,1
2026-07-30T17:38:42,63,נשים,אבו עבדון,language,עברית,9
2026-07-30T17:38:42,63,נשים,אבו עבדון,language,ערבית,4
2026-07-30T17:38:42,63,נשים,אבו עבדון,language,רוסית,19
2026-07-30T17:39:01,63,נשים,אודלה,gender,גבר,47
2026-07-30T17:39:01,63,נשים,אודלה,gender,אישה,92
2026-07-30T17:39:01,63,נשים,אודלה,visit_type,ביקור במרפאה,142
2026-07-30T17:39:01,63,נשים,אודלה,visit_type,שיחת טלפון,2
2026-07-30T17:39:01,63,נשים,אודלה,language,אידיש,1
2026-07-30T17:39:01,63,נשים,אודלה,language,אנגלית,18
2026-07-30T17:39:01,63,נשים,אודלה,language,גרמנית,1
2026-07-30T17:39:01,63,נשים,אודלה,language,עברית,32
2026-07-30T17:39:01,63,נשים,אודלה,language,ערבית,8
2026-07-30T17:39:01,63,נשים,אודלה,language,צרפתית,2
2026-07-30T17:39:01,63,נשים,אודלה,language,רומנית,2
2026-07-30T17:39:01,63,נשים,אודלה,language,רוסית,11
2026-07-30T17:39:22,63,נשים,אזור תעסוקה מיתרים,gender,גבר,68
2026-07-30T17:39:22,63,נשים,אזור תעסוקה מיתרים,gender,אישה,86
2026-07-30T17:39:22,63,נשים,אזור תעסוקה מיתרים,visit_type,ביקור במרפאה,156
2026-07-30T17:39:22,63,נשים,אזור תעסוקה מיתרים,visit_type,שיחת טלפון,1
2026-07-30T17:39:22,63,נשים,אזור תעסוקה מיתרים,language,אידיש,4
2026-07-30T17:39:22,63,נשים,אזור תעסוקה מיתרים,language,אנגלית,22
2026-07-30T17:39:22,63,נשים,אזור תעסוקה מיתרים,language,גרמנית,1
2026-07-30T17:39:22,63,נשים,אזור תעסוקה מיתרים,language,ליטאית,1
2026-07-30T17:39:22,63,נשים,אזור תעסוקה מיתרים,language,סינית,1
2026-07-30T17:39:22,63,נשים,אזור תעסוקה מיתרים,language,עברית,14
2026-07-30T17:39:22,63,נשים,אזור תעסוקה מיתרים,language,ערבית,4
2026-07-30T17:39:22,63,נשים,אזור תעסוקה מיתרים,language,רוסית,22
2026-07-30T17:39:43,63,נשים,אחיעזר,gender,גבר,40
2026-07-30T17:39:43,63,נשים,אחיעזר,gender,אישה,46
2026-07-30T17:39:43,63,נשים,אחיעזר,visit_type,ביקור במרפאה,88
2026-07-30T17:39:43,63,נשים,אחיעזר,language,אוקראינית,3
2026-07-30T17:39:43,63,נשים,אחיעזר,language,אידיש,1
2026-07-30T17:39:43,63,נשים,אחיעזר,language,איטלקית,2
2026-07-30T17:39:43,63,נשים,אחיעזר,language,אנגלית,21
2026-07-30T17:39:43,63,נשים,אחיעזר,language,הונגרית,1
2026-07-30T17:39:43,63,נשים,אחיעזר,language,ספרדית,1
2026-07-30T17:39:43,63,נשים,אחיעזר,language,עברית,29
2026-07-30T17:39:43,63,נשים,אחיעזר,language,צרפתית,1
2026-07-30T17:39:43,63,נשים,אחיעזר,language,רוסית,12
2026-07-30T17:39:56,63,נשים,אילניה,gender,גבר,29
2026-07-30T17:39:56,63,נשים,אילניה,gender,אישה,58
2026-07-30T17:39:56,63,נשים,אילניה,visit_type,ביקור במרפאה,87
2026-07-30T17:39:56,63,נשים,אילניה,language,אנגלית,9
2026-07-30T17:39:56,63,נשים,אילניה,language,עברית,13
2026-07-30T17:39:56,63,נשים,אילניה,language,ערבית,4
2026-07-30T17:39:56,63,נשים,אילניה,language,רוסית,3
2026-07-30T17:40:10,63,נשים,אל עטאונה,gender,גבר,43
2026-07-30T17:40:10,63,נשים,אל עטאונה,gender,אישה,67
2026-07-30T17:40:10,63,נשים,אל עטאונה,visit_type,ביקור במרפאה,112
2026-07-30T17:40:10,63,נשים,אל עטאונה,language,אידיש,3
2026-07-30T17:40:10,63,נשים,אל עטאונה,language,אנגלית,21
2026-07-30T17:40:10,63,נשים,אל עטאונה,language,ליטאית,1
2026-07-30T17:40:10,63,נשים,אל עטאונה,language,סינית,1
2026-07-30T17:40:10,63,נשים,אל עטאונה,language,עברית,9
2026-07-30T17:40:10,63,נשים,אל עטאונה,language,ערבית,4
2026-07-30T17:40:10,63,נשים,אל עטאונה,language,רוסית,19
2026-07-30T17:40:28,63,נשים,אעצם,gender,גבר,43
2026-07-30T17:40:28,63,נשים,אעצם,gender,אישה,67
2026-07-30T17:40:28,63,נשים,אעצם,visit_type,ביקור במרפאה,112
2026-07-30T17:40:28,63,נשים,אעצם,language,אידיש,3
2026-07-30T17:40:28,63,נשים,אעצם,language,אנגלית,21
2026-07-30T17:40:28,63,נשים,אעצם,language,ליטאית,1
2026-07-30T17:40:28,63,נשים,אעצם,language,סינית,1
2026-07-30T17:40:28,63,נשים,אעצם,language,עברית,9
2026-07-30T17:40:28,63,נשים,אעצם,language,ערבית,4
2026-07-30T17:40:28,63,נשים,אעצם,language,רוסית,19
2026-07-30T17:40:45,63,נשים,אריאל,gender,גבר,26
2026-07-30T17:40:45,63,נשים,אריאל,gender,אישה,39
2026-07-30T17:40:45,63,נשים,אריאל,visit_type,ביקור במרפאה,70
2026-07-30T17:40:45,63,נשים,אריאל,language,אידיש,1
2026-07-30T17:40:45,63,נשים,אריאל,language,איטלקית,4
2026-07-30T17:40:45,63,נשים,אריאל,language,אנגלית,19
2026-07-30T17:40:45,63,נשים,אריאל,language,ספרדית,1
2026-07-30T17:40:45,63,נשים,אריאל,language,עברית,35
2026-07-30T17:40:45,63,נשים,אריאל,language,ערבית,1
2026-07-30T17:40:45,63,נשים,אריאל,language,צרפתית,2
2026-07-30T17:40:45,63,נשים,אריאל,language,רומנית,6
2026-07-30T17:40:45,63,נשים,אריאל,language,רוסית,5
2026-07-30T17:40:58,63,נשים,אשלים,gender,גבר,43
2026-07-30T17:40:58,63,נשים,אשלים,gender,אישה,67
2026-07-30T17:40:58,63,נשים,אשלים,visit_type,ביקור במרפאה,112
2026-07-30T17:40:58,63,נשים,אשלים,language,אידיש,3
2026-07-30T17:40:58,63,נשים,אשלים,language,אנגלית,21
2026-07-30T17:40:58,63,נשים,אשלים,language,ליטאית,1
2026-07-30T17:40:58,63,נשים,אשלים,language,סינית,1
2026-07-30T17:40:58,63,נשים,אשלים,language,עברית,9
2026-07-30T17:40:58,63,נשים,אשלים,language,ערבית,4
2026-07-30T17:40:58,63,נשים,אשלים,language,רוסית,19
2026-07-30T17:41:17,63,נשים,באר שבע,gender,גבר,68
2026-07-30T17:41:17,63,נשים,באר שבע,gender,אישה,86
2026-07-30T17:41:17,63,נשים,באר שבע,visit_type,ביקור במרפאה,156
2026-07-30T17:41:17,63,נשים,באר שבע,visit_type,שיחת טלפון,1
2026-07-30T17:41:17,63,נשים,באר שבע,language,אידיש,4
2026-07-30T17:41:17,63,נשים,באר שבע,language,אנגלית,22
2026-07-30T17:41:17,63,נשים,באר שבע,language,גרמנית,1
2026-07-30T17:41:17,63,נשים,באר שבע,language,ליטאית,1
2026-07-30T17:41:17,63,נשים,באר שבע,language,סינית,1
2026-07-30T17:41:17,63,נשים,באר שבע,language,עברית,14
2026-07-30T17:41:17,63,נשים,באר שבע,language,ערבית,4
2026-07-30T17:41:17,63,נשים,באר שבע,language,רוסית,22
2026-07-30T17:41:38,63,נשים,בורייג',gender,גבר,68
2026-07-30T17:41:38,63,נשים,בורייג',gender,אישה,86
2026-07-30T17:41:38,63,נשים,בורייג',visit_type,ביקור במרפאה,156
2026-07-30T17:41:38,63,נשים,בורייג',visit_type,שיחת טלפון,1
2026-07-30T17:41:38,63,נשים,בורייג',language,אידיש,4
2026-07-30T17:41:38,63,נשים,בורייג',language,אנגלית,22
2026-07-30T17:41:38,63,נשים,בורייג',language,גרמנית,1
2026-07-30T17:41:38,63,נשים,בורייג',language,ליטאית,1
2026-07-30T17:41:38,63,נשים,בורייג',language,סינית,1
2026-07-30T17:41:38,63,נשים,בורייג',language,עברית,14
2026-07-30T17:41:38,63,נשים,בורייג',language,ערבית,4
2026-07-30T17:41:38,63,נשים,בורייג',language,רוסית,22
2026-07-30T17:41:59,63,נשים,ביענה,gender,אישה,82
2026-07-30T17:41:59,63,נשים,ביענה,gender,גבר,37
2026-07-30T17:41:59,63,נשים,ביענה,visit_type,ביקור במרפאה,120
2026-07-30T17:41:59,63,נשים,ביענה,visit_type,שיחת טלפון,2
2026-07-30T17:41:59,63,נשים,ביענה,language,אידיש,1
2026-07-30T17:41:59,63,נשים,ביענה,language,איטלקית,4
2026-07-30T17:41:59,63,נשים,ביענה,language,אנגלית,75
2026-07-30T17:41:59,63,נשים,ביענה,language,ספרדית,1
2026-07-30T17:41:59,63,נשים,ביענה,language,עברית,115
2026-07-30T17:41:59,63,נשים,ביענה,language,ערבית,74
2026-07-30T17:41:59,63,נשים,ביענה,language,צרפתית,2
2026-07-30T17:41:59,63,נשים,ביענה,language,רומנית,6
2026-07-30T17:41:59,63,נשים,ביענה,language,רוסית,24
2026-07-30T17:41:59,63,נשים,ביענה,language,שוודית,1
2026-07-30T17:42:17,63,נשים,בני דרום,gender,גבר,28
2026-07-30T17:42:17,63,נשים,בני דרום,gender,אישה,31
2026-07-30T17:42:17,63,נשים,בני דרום,visit_type,ביקור במרפאה,63
2026-07-30T17:42:17,63,נשים,בני דרום,language,אוקראינית,2
2026-07-30T17:42:17,63,נשים,בני דרום,language,איטלקית,1
2026-07-30T17:42:17,63,נשים,בני דרום,language,אנגלית,13
2026-07-30T17:42:17,63,נשים,בני דרום,language,גרוזינית,1
2026-07-30T17:42:17,63,נשים,בני דרום,language,הונגרית,1
2026-07-30T17:42:17,63,נשים,בני דרום,language,ספרדית,1
2026-07-30T17:42:17,63,נשים,בני דרום,language,עברית,20
2026-07-30T17:42:17,63,נשים,בני דרום,language,צרפתית,2
2026-07-30T17:42:17,63,נשים,בני דרום,language,רוסית,10
2026-07-30T17:42:29,63,נשים,בצרה,gender,גבר,72
2026-07-30T17:42:29,63,נשים,בצרה,gender,אישה,113
2026-07-30T17:42:29,63,נשים,בצרה,visit_type,ביקור במרפאה,189
2026-07-30T17:42:29,63,נשים,בצרה,visit_type,שיחת טלפון,2
2026-07-30T17:42:29,63,נשים,בצרה,language,אידיש,1
2026-07-30T17:42:29,63,נשים,בצרה,language,איטלקית,1
2026-07-30T17:42:29,63,נשים,בצרה,language,אנגלית,37
2026-07-30T17:42:29,63,נשים,בצרה,language,גרמנית,2
2026-07-30T17:42:29,63,נשים,בצרה,language,ספרדית,1
2026-07-30T17:42:29,63,נשים,בצרה,language,עברית,64
2026-07-30T17:42:29,63,נשים,בצרה,language,ערבית,9
2026-07-30T17:42:29,63,נשים,בצרה,language,צרפתית,3
2026-07-30T17:42:29,63,נשים,בצרה,language,רומנית,3
2026-07-30T17:42:29,63,נשים,בצרה,language,רוסית,16
2026-07-30T17:42:51,63,נשים,ברוש,gender,גבר,68
2026-07-30T17:42:51,63,נשים,ברוש,gender,אישה,86
2026-07-30T17:42:51,63,נשים,ברוש,visit_type,ביקור במרפאה,156
2026-07-30T17:42:51,63,נשים,ברוש,visit_type,שיחת טלפון,1
2026-07-30T17:42:51,63,נשים,ברוש,language,אידיש,4
2026-07-30T17:42:51,63,נשים,ברוש,language,אנגלית,22
2026-07-30T17:42:51,63,נשים,ברוש,language,גרמנית,1
2026-07-30T17:42:51,63,נשים,ברוש,language,ליטאית,1
2026-07-30T17:42:51,63,נשים,ברוש,language,סינית,1
2026-07-30T17:42:51,63,נשים,ברוש,language,עברית,14
2026-07-30T17:42:51,63,נשים,ברוש,language,ערבית,4
2026-07-30T17:42:51,63,נשים,ברוש,language,רוסית,22
2026-07-30T17:43:10,63,נשים,בתיר,gender,גבר,47
2026-07-30T17:43:10,63,נשים,בתיר,gender,אישה,79
2026-07-30T17:43:10,63,נשים,בתיר,visit_type,ביקור במרפאה,131
2026-07-30T17:43:10,63,נשים,בתיר,visit_type,שיחת טלפון,16
2026-07-30T17:43:10,63,נשים,בתיר,visit_type,שיחת וידאו,1
2026-07-30T17:43:10,63,נשים,בתיר,language,אידיש,2
2026-07-30T17:43:10,63,נשים,בתיר,language,אנגלית,20
2026-07-30T17:43:10,63,נשים,בתיר,language,עברית,24
2026-07-30T17:43:10,63,נשים,בתיר,language,ערבית,3
2026-07-30T17:43:10,63,נשים,בתיר,language,צרפתית,2
2026-07-30T17:43:10,63,נשים,בתיר,language,רוסית,3
2026-07-30T17:43:32,63,נשים,גבע,gender,גבר,48
2026-07-30T17:43:32,63,נשים,גבע,gender,אישה,127
2026-07-30T17:43:32,63,נשים,גבע,visit_type,ביקור במרפאה,176
2026-07-30T17:43:32,63,נשים,גבע,visit_type,שיחת טלפון,1
2026-07-30T17:43:32,63,נשים,גבע,language,איטלקית,1
2026-07-30T17:43:32,63,נשים,גבע,language,אנגלית,29
2026-07-30T17:43:32,63,נשים,גבע,language,הונגרית,1
2026-07-30T17:43:32,63,נשים,גבע,language,עברית,50
2026-07-30T17:43:32,63,נשים,גבע,language,ערבית,28
2026-07-30T17:43:32,63,נשים,גבע,language,רומנית,1
2026-07-30T17:43:32,63,נשים,גבע,language,רוסית,11
2026-07-30T17:43:54,63,נשים,גדעונה,gender,גבר,48
2026-07-30T17:43:54,63,נשים,גדעונה,gender,אישה,127
2026-07-30T17:43:54,63,נשים,גדעונה,visit_type,ביקור במרפאה,176
2026-07-30T17:43:54,63,נשים,גדעונה,visit_type,שיחת טלפון,1
2026-07-30T17:43:54,63,נשים,גדעונה,language,איטלקית,1
2026-07-30T17:43:54,63,נשים,גדעונה,language,אנגלית,29
2026-07-30T17:43:54,63,נשים,גדעונה,language,הונגרית,1
2026-07-30T17:43:54,63,נשים,גדעונה,language,עברית,50
2026-07-30T17:43:54,63,נשים,גדעונה,language,ערבית,28
2026-07-30T17:43:54,63,נשים,גדעונה,language,רומנית,1
2026-07-30T17:43:54,63,נשים,גדעונה,language,רוסית,11
2026-07-30T17:44:16,63,נשים,גילון,gender,גבר,37
2026-07-30T17:44:16,63,נשים,גילון,gender,אישה,82
2026-07-30T17:44:16,63,נשים,גילון,visit_type,ביקור במרפאה,120
2026-07-30T17:44:16,63,נשים,גילון,visit_type,שיחת טלפון,2
2026-07-30T17:44:16,63,נשים,גילון,language,אידיש,1
2026-07-30T17:44:16,63,נשים,גילון,language,איטלקית,4
2026-07-30T17:44:16,63,נשים,גילון,language,אנגלית,75
2026-07-30T17:44:16,63,נשים,גילון,language,ספרדית,1
2026-07-30T17:44:16,63,נשים,גילון,language,עברית,115
2026-07-30T17:44:16,63,נשים,גילון,language,ערבית,74
2026-07-30T17:44:16,63,נשים,גילון,language,צרפתית,2
2026-07-30T17:44:16,63,נשים,גילון,language,רומנית,6
2026-07-30T17:44:16,63,נשים,גילון,language,רוסית,24
2026-07-30T17:44:16,63,נשים,גילון,language,שוודית,1
2026-07-30T17:44:37,63,נשים,גלעד,gender,אישה,136
2026-07-30T17:44:37,63,נשים,גלעד,gender,גבר,48
2026-07-30T17:44:37,63,נשים,גלעד,visit_type,ביקור במרפאה,185
2026-07-30T17:44:37,63,נשים,גלעד,visit_type,שיחת טלפון,1
2026-07-30T17:44:37,63,נשים,גלעד,language,אידיש,1
2026-07-30T17:44:37,63,נשים,גלעד,language,איטלקית,3
2026-07-30T17:44:37,63,נשים,גלעד,language,אנגלית,68
2026-07-30T17:44:37,63,נשים,גלעד,language,הונגרית,3
2026-07-30T17:44:37,63,נשים,גלעד,language,עברית,100
2026-07-30T17:44:37,63,נשים,גלעד,language,ערבית,40
2026-07-30T17:44:37,63,נשים,גלעד,language,צרפתית,5
2026-07-30T17:44:37,63,נשים,גלעד,language,רומנית,5
2026-07-30T17:44:37,63,נשים,גלעד,language,רוסית,27
2026-07-30T17:44:37,63,נשים,גלעד,language,שוודית,1
2026-07-30T17:45:00,63,נשים,געש,gender,גבר,72
2026-07-30T17:45:00,63,נשים,געש,gender,אישה,113
2026-07-30T17:45:00,63,נשים,געש,visit_type,ביקור במרפאה,189
2026-07-30T17:45:00,63,נשים,געש,visit_type,שיחת טלפון,2
2026-07-30T17:45:00,63,נשים,געש,language,אידיש,1
2026-07-30T17:45:00,63,נשים,געש,language,איטלקית,1
2026-07-30T17:45:00,63,נשים,געש,language,אנגלית,37
2026-07-30T17:45:00,63,נשים,געש,language,גרמנית,2
2026-07-30T17:45:00,63,נשים,געש,language,ספרדית,1
2026-07-30T17:45:00,63,נשים,געש,language,עברית,64
2026-07-30T17:45:00,63,נשים,געש,language,ערבית,9
2026-07-30T17:45:00,63,נשים,געש,language,צרפתית,3
2026-07-30T17:45:00,63,נשים,געש,language,רומנית,3
2026-07-30T17:45:00,63,נשים,געש,language,רוסית,16
2026-07-30T17:45:23,63,נשים,דבורה,gender,גבר,48
2026-07-30T17:45:23,63,נשים,דבורה,gender,אישה,127
2026-07-30T17:45:23,63,נשים,דבורה,visit_type,ביקור במרפאה,176
2026-07-30T17:45:23,63,נשים,דבורה,visit_type,שיחת טלפון,1
2026-07-30T17:45:23,63,נשים,דבורה,language,איטלקית,1
2026-07-30T17:45:23,63,נשים,דבורה,language,אנגלית,29
2026-07-30T17:45:23,63,נשים,דבורה,language,הונגרית,1
2026-07-30T17:45:23,63,נשים,דבורה,language,עברית,50
2026-07-30T17:45:23,63,נשים,דבורה,language,ערבית,28
2026-07-30T17:45:23,63,נשים,דבורה,language,רומנית,1
2026-07-30T17:45:23,63,נשים,דבורה,language,רוסית,11
2026-07-30T17:45:41,63,נשים,דומא,gender,גבר,47
2026-07-30T17:45:41,63,נשים,דומא,gender,אישה,79
2026-07-30T17:45:41,63,נשים,דומא,visit_type,ביקור במרפאה,131
2026-07-30T17:45:41,63,נשים,דומא,visit_type,שיחת טלפון,16
2026-07-30T17:45:41,63,נשים,דומא,visit_type,שיחת וידאו,1
2026-07-30T17:45:41,63,נשים,דומא,language,אידיש,2
2026-07-30T17:45:41,63,נשים,דומא,language,אנגלית,20
2026-07-30T17:45:41,63,נשים,דומא,language,עברית,24
2026-07-30T17:45:41,63,נשים,דומא,language,ערבית,3
2026-07-30T17:45:41,63,נשים,דומא,language,צרפתית,2
2026-07-30T17:45:41,63,נשים,דומא,language,רוסית,3
2026-07-30T17:46:01,63,נשים,דימונה,gender,גבר,43
2026-07-30T17:46:01,63,נשים,דימונה,gender,אישה,67
2026-07-30T17:46:01,63,נשים,דימונה,visit_type,ביקור במרפאה,112
2026-07-30T17:46:01,63,נשים,דימונה,language,אידיש,3
2026-07-30T17:46:01,63,נשים,דימונה,language,אנגלית,21
2026-07-30T17:46:01,63,נשים,דימונה,language,ליטאית,1
2026-07-30T17:46:01,63,נשים,דימונה,language,סינית,1
2026-07-30T17:46:01,63,נשים,דימונה,language,עברית,9
2026-07-30T17:46:01,63,נשים,דימונה,language,ערבית,4
2026-07-30T17:46:01,63,נשים,דימונה,language,רוסית,19
2026-07-30T17:46:19,63,נשים,דנאבה,gender,גבר,47
2026-07-30T17:46:19,63,נשים,דנאבה,gender,אישה,92
2026-07-30T17:46:19,63,נשים,דנאבה,visit_type,ביקור במרפאה,142
2026-07-30T17:46:19,63,נשים,דנאבה,visit_type,שיחת טלפון,2
2026-07-30T17:46:19,63,נשים,דנאבה,language,אידיש,1
2026-07-30T17:46:19,63,נשים,דנאבה,language,אנגלית,18
2026-07-30T17:46:19,63,נשים,דנאבה,language,גרמנית,1
2026-07-30T17:46:19,63,נשים,דנאבה,language,עברית,32
2026-07-30T17:46:19,63,נשים,דנאבה,language,ערבית,8
2026-07-30T17:46:19,63,נשים,דנאבה,language,צרפתית,2
2026-07-30T17:46:19,63,נשים,דנאבה,language,רומנית,2
2026-07-30T17:46:19,63,נשים,דנאבה,language,רוסית,11
2026-07-30T17:46:40,63,נשים,הודיה,gender,גבר,47
2026-07-30T17:46:40,63,נשים,הודיה,gender,אישה,61
2026-07-30T17:46:40,63,נשים,הודיה,visit_type,ביקור במרפאה,108
2026-07-30T17:46:40,63,נשים,הודיה,visit_type,שיחת טלפון,1
2026-07-30T17:46:40,63,נשים,הודיה,language,אידיש,4
2026-07-30T17:46:40,63,נשים,הודיה,language,אנגלית,13
2026-07-30T17:46:40,63,נשים,הודיה,language,גרמנית,1
2026-07-30T17:46:40,63,נשים,הודיה,language,ליטאית,1
2026-07-30T17:46:40,63,נשים,הודיה,language,סינית,1
2026-07-30T17:46:40,63,נשים,הודיה,language,עברית,8
2026-07-30T17:46:40,63,נשים,הודיה,language,ערבית,3
2026-07-30T17:46:40,63,נשים,הודיה,language,רוסית,14
2026-07-30T17:47:00,63,נשים,המעפיל,gender,גבר,62
2026-07-30T17:47:00,63,נשים,המעפיל,gender,אישה,138
2026-07-30T17:47:00,63,נשים,המעפיל,visit_type,ביקור במרפאה,203
2026-07-30T17:47:00,63,נשים,המעפיל,visit_type,שיחת טלפון,2
2026-07-30T17:47:00,63,נשים,המעפיל,language,אידיש,1
2026-07-30T17:47:00,63,נשים,המעפיל,language,איטלקית,1
2026-07-30T17:47:00,63,נשים,המעפיל,language,אנגלית,38
2026-07-30T17:47:00,63,נשים,המעפיל,language,גרמנית,1
2026-07-30T17:47:00,63,נשים,המעפיל,language,הונגרית,1
2026-07-30T17:47:00,63,נשים,המעפיל,language,עברית,63
2026-07-30T17:47:00,63,נשים,המעפיל,language,ערבית,28
2026-07-30T17:47:00,63,נשים,המעפיל,language,צרפתית,2
2026-07-30T17:47:00,63,נשים,המעפיל,language,רומנית,3
2026-07-30T17:47:00,63,נשים,המעפיל,language,רוסית,15
2026-07-30T17:47:20,63,נשים,הררית,gender,גבר,37
2026-07-30T17:47:20,63,נשים,הררית,gender,אישה,82
2026-07-30T17:47:20,63,נשים,הררית,visit_type,ביקור במרפאה,120
2026-07-30T17:47:20,63,נשים,הררית,visit_type,שיחת טלפון,2
2026-07-30T17:47:20,63,נשים,הררית,language,אידיש,1
2026-07-30T17:47:20,63,נשים,הררית,language,איטלקית,4
2026-07-30T17:47:20,63,נשים,הררית,language,אנגלית,75
2026-07-30T17:47:20,63,נשים,הררית,language,ספרדית,1
2026-07-30T17:47:20,63,נשים,הררית,language,עברית,115
2026-07-30T17:47:20,63,נשים,הררית,language,ערבית,74
2026-07-30T17:47:20,63,נשים,הררית,language,צרפתית,2
2026-07-30T17:47:20,63,נשים,הררית,language,רומנית,6
2026-07-30T17:47:20,63,נשים,הררית,language,רוסית,24
2026-07-30T17:47:20,63,נשים,הררית,language,שוודית,1
2026-07-30T17:47:38,63,נשים,זוהר,gender,גבר,47
2026-07-30T17:47:38,63,נשים,זוהר,gender,אישה,61
2026-07-30T17:47:38,63,נשים,זוהר,visit_type,ביקור במרפאה,108
2026-07-30T17:47:38,63,נשים,זוהר,visit_type,שיחת טלפון,1
2026-07-30T17:47:38,63,נשים,זוהר,language,אידיש,4
2026-07-30T17:47:38,63,נשים,זוהר,language,אנגלית,13
2026-07-30T17:47:38,63,נשים,זוהר,language,גרמנית,1
2026-07-30T17:47:38,63,נשים,זוהר,language,ליטאית,1
2026-07-30T17:47:38,63,נשים,זוהר,language,סינית,1
2026-07-30T17:47:38,63,נשים,זוהר,language,עברית,8
2026-07-30T17:47:38,63,נשים,זוהר,language,ערבית,3
2026-07-30T17:47:38,63,נשים,זוהר,language,רוסית,14
2026-07-30T17:47:57,63,נשים,זמרת,gender,גבר,68
2026-07-30T17:47:57,63,נשים,זמרת,gender,אישה,86
2026-07-30T17:47:57,63,נשים,זמרת,visit_type,ביקור במרפאה,156
2026-07-30T17:47:57,63,נשים,זמרת,visit_type,שיחת טלפון,1
2026-07-30T17:47:57,63,נשים,זמרת,language,אידיש,4
2026-07-30T17:47:57,63,נשים,זמרת,language,אנגלית,22
2026-07-30T17:47:57,63,נשים,זמרת,language,גרמנית,1
2026-07-30T17:47:57,63,נשים,זמרת,language,ליטאית,1
2026-07-30T17:47:57,63,נשים,זמרת,language,סינית,1
2026-07-30T17:47:57,63,נשים,זמרת,language,עברית,14
2026-07-30T17:47:57,63,נשים,זמרת,language,ערבית,4
2026-07-30T17:47:57,63,נשים,זמרת,language,רוסית,22
2026-07-30T17:48:18,63,נשים,חבצלת השרון,gender,גבר,47
2026-07-30T17:48:18,63,נשים,חבצלת השרון,gender,אישה,92
2026-07-30T17:48:18,63,נשים,חבצלת השרון,visit_type,ביקור במרפאה,142
2026-07-30T17:48:18,63,נשים,חבצלת השרון,visit_type,שיחת טלפון,2
2026-07-30T17:48:18,63,נשים,חבצלת השרון,language,אידיש,1
2026-07-30T17:48:18,63,נשים,חבצלת השרון,language,אנגלית,18
2026-07-30T17:48:18,63,נשים,חבצלת השרון,language,גרמנית,1
2026-07-30T17:48:18,63,נשים,חבצלת השרון,language,עברית,32
2026-07-30T17:48:18,63,נשים,חבצלת השרון,language,ערבית,8
2026-07-30T17:48:18,63,נשים,חבצלת השרון,language,צרפתית,2
2026-07-30T17:48:18,63,נשים,חבצלת השרון,language,רומנית,2
2026-07-30T17:48:18,63,נשים,חבצלת השרון,language,רוסית,11
2026-07-30T17:48:40,63,נשים,חוג'ייראת,gender,אישה,136
2026-07-30T17:48:40,63,נשים,חוג'ייראת,gender,גבר,48
2026-07-30T17:48:40,63,נשים,חוג'ייראת,visit_type,ביקור במרפאה,185
2026-07-30T17:48:40,63,נשים,חוג'ייראת,visit_type,שיחת טלפון,1
2026-07-30T17:48:40,63,נשים,חוג'ייראת,language,אידיש,1
2026-07-30T17:48:40,63,נשים,חוג'ייראת,language,איטלקית,3
2026-07-30T17:48:40,63,נשים,חוג'ייראת,language,אנגלית,68
2026-07-30T17:48:40,63,נשים,חוג'ייראת,language,הונגרית,3
2026-07-30T17:48:40,63,נשים,חוג'ייראת,language,עברית,100
2026-07-30T17:48:40,63,נשים,חוג'ייראת,language,ערבית,40
2026-07-30T17:48:40,63,נשים,חוג'ייראת,language,צרפתית,5
2026-07-30T17:48:40,63,נשים,חוג'ייראת,language,רומנית,5
2026-07-30T17:48:40,63,נשים,חוג'ייראת,language,רוסית,27
2026-07-30T17:48:40,63,נשים,חוג'ייראת,language,שוודית,1
2026-07-30T17:49:02,63,נשים,חזון,gender,גבר,29
2026-07-30T17:49:02,63,נשים,חזון,gender,אישה,58
2026-07-30T17:49:02,63,נשים,חזון,visit_type,ביקור במרפאה,87
2026-07-30T17:49:02,63,נשים,חזון,language,אנגלית,9
2026-07-30T17:49:02,63,נשים,חזון,language,עברית,13
2026-07-30T17:49:02,63,נשים,חזון,language,ערבית,4
2026-07-30T17:49:02,63,נשים,חזון,language,רוסית,3
2026-07-30T17:49:17,63,נשים,חמדיה,gender,גבר,48
2026-07-30T17:49:17,63,נשים,חמדיה,gender,אישה,127
2026-07-30T17:49:17,63,נשים,חמדיה,visit_type,ביקור במרפאה,176
2026-07-30T17:49:17,63,נשים,חמדיה,visit_type,שיחת טלפון,1
2026-07-30T17:49:17,63,נשים,חמדיה,language,איטלקית,1
2026-07-30T17:49:17,63,נשים,חמדיה,language,אנגלית,29
2026-07-30T17:49:17,63,נשים,חמדיה,language,הונגרית,1
2026-07-30T17:49:17,63,נשים,חמדיה,language,עברית,50
2026-07-30T17:49:17,63,נשים,חמדיה,language,ערבית,28
2026-07-30T17:49:17,63,נשים,חמדיה,language,רומנית,1
2026-07-30T17:49:17,63,נשים,חמדיה,language,רוסית,11
2026-07-30T17:49:38,63,נשים,חצבה,gender,גבר,43
2026-07-30T17:49:38,63,נשים,חצבה,gender,אישה,67
2026-07-30T17:49:38,63,נשים,חצבה,visit_type,ביקור במרפאה,112
2026-07-30T17:49:38,63,נשים,חצבה,language,אידיש,3
2026-07-30T17:49:38,63,נשים,חצבה,language,אנגלית,21
2026-07-30T17:49:38,63,נשים,חצבה,language,ליטאית,1
2026-07-30T17:49:38,63,נשים,חצבה,language,סינית,1
2026-07-30T17:49:38,63,נשים,חצבה,language,עברית,9
2026-07-30T17:49:38,63,נשים,חצבה,language,ערבית,4
2026-07-30T17:49:38,63,נשים,חצבה,language,רוסית,19
2026-07-30T17:49:56,63,נשים,חשמונאים,gender,גבר,40
2026-07-30T17:49:56,63,נשים,חשמונאים,gender,אישה,46
2026-07-30T17:49:56,63,נשים,חשמונאים,visit_type,ביקור במרפאה,88
2026-07-30T17:49:56,63,נשים,חשמונאים,language,אוקראינית,3
2026-07-30T17:49:56,63,נשים,חשמונאים,language,אידיש,1
2026-07-30T17:49:56,63,נשים,חשמונאים,language,איטלקית,2
2026-07-30T17:49:56,63,נשים,חשמונאים,language,אנגלית,21
2026-07-30T17:49:56,63,נשים,חשמונאים,language,הונגרית,1
2026-07-30T17:49:56,63,נשים,חשמונאים,language,ספרדית,1
2026-07-30T17:49:56,63,נשים,חשמונאים,language,עברית,29
2026-07-30T17:49:56,63,נשים,חשמונאים,language,צרפתית,1
2026-07-30T17:49:56,63,נשים,חשמונאים,language,רוסית,12
2026-07-30T17:50:09,63,נשים,טירה ליד בית חורון,gender,גבר,47
2026-07-30T17:50:09,63,נשים,טירה ליד בית חורון,gender,אישה,79
2026-07-30T17:50:09,63,נשים,טירה ליד בית חורון,visit_type,ביקור במרפאה,131
2026-07-30T17:50:09,63,נשים,טירה ליד בית חורון,visit_type,שיחת טלפון,16
2026-07-30T17:50:09,63,נשים,טירה ליד בית חורון,visit_type,שיחת וידאו,1
2026-07-30T17:50:09,63,נשים,טירה ליד בית חורון,language,אידיש,2
2026-07-30T17:50:09,63,נשים,טירה ליד בית חורון,language,אנגלית,20
2026-07-30T17:50:09,63,נשים,טירה ליד בית חורון,language,עברית,24
2026-07-30T17:50:09,63,נשים,טירה ליד בית חורון,language,ערבית,3
2026-07-30T17:50:09,63,נשים,טירה ליד בית חורון,language,צרפתית,2
2026-07-30T17:50:09,63,נשים,טירה ליד בית חורון,language,רוסית,3
2026-07-30T17:50:30,63,נשים,טמרה,gender,גבר,37
2026-07-30T17:50:30,63,נשים,טמרה,gender,אישה,82
2026-07-30T17:50:30,63,נשים,טמרה,visit_type,ביקור במרפאה,120
2026-07-30T17:50:30,63,נשים,טמרה,visit_type,שיחת טלפון,2
2026-07-30T17:50:30,63,נשים,טמרה,language,אידיש,1
2026-07-30T17:50:30,63,נשים,טמרה,language,איטלקית,4
2026-07-30T17:50:30,63,נשים,טמרה,language,אנגלית,75
2026-07-30T17:50:30,63,נשים,טמרה,language,ספרדית,1
2026-07-30T17:50:30,63,נשים,טמרה,language,עברית,115
2026-07-30T17:50:30,63,נשים,טמרה,language,ערבית,74
2026-07-30T17:50:30,63,נשים,טמרה,language,צרפתית,2
2026-07-30T17:50:30,63,נשים,טמרה,language,רומנית,6
2026-07-30T17:50:30,63,נשים,טמרה,language,רוסית,24
2026-07-30T17:50:30,63,נשים,טמרה,language,שוודית,1
2026-07-30T17:50:50,63,נשים,יבור,gender,גבר,37
2026-07-30T17:50:50,63,נשים,יבור,gender,אישה,82
2026-07-30T17:50:50,63,נשים,יבור,visit_type,ביקור במרפאה,120
2026-07-30T17:50:50,63,נשים,יבור,visit_type,שיחת טלפון,2
2026-07-30T17:50:50,63,נשים,יבור,language,אידיש,1
2026-07-30T17:50:50,63,נשים,יבור,language,איטלקית,4
2026-07-30T17:50:50,63,נשים,יבור,language,אנגלית,75
2026-07-30T17:50:50,63,נשים,יבור,language,ספרדית,1
2026-07-30T17:50:50,63,נשים,יבור,language,עברית,115
2026-07-30T17:50:50,63,נשים,יבור,language,ערבית,74
2026-07-30T17:50:50,63,נשים,יבור,language,צרפתית,2
2026-07-30T17:50:50,63,נשים,יבור,language,רומנית,6
2026-07-30T17:50:50,63,נשים,יבור,language,רוסית,24
2026-07-30T17:50:50,63,נשים,יבור,language,שוודית,1
2026-07-30T17:51:09,63,נשים,יד נתן,gender,גבר,47
2026-07-30T17:51:09,63,נשים,יד נתן,gender,אישה,61
2026-07-30T17:51:09,63,נשים,יד נתן,visit_type,ביקור במרפאה,108
2026-07-30T17:51:09,63,נשים,יד נתן,visit_type,שיחת טלפון,1
2026-07-30T17:51:09,63,נשים,יד נתן,language,אידיש,4
2026-07-30T17:51:09,63,נשים,יד נתן,language,אנגלית,13
2026-07-30T17:51:09,63,נשים,יד נתן,language,גרמנית,1
2026-07-30T17:51:09,63,נשים,יד נתן,language,ליטאית,1
2026-07-30T17:51:09,63,נשים,יד נתן,language,סינית,1
2026-07-30T17:51:09,63,נשים,יד נתן,language,עברית,8
2026-07-30T17:51:09,63,נשים,יד נתן,language,ערבית,3
2026-07-30T17:51:09,63,נשים,יד נתן,language,רוסית,14
2026-07-30T17:51:28,63,נשים,יזרעאל,gender,גבר,48
2026-07-30T17:51:28,63,נשים,יזרעאל,gender,אישה,127
2026-07-30T17:51:28,63,נשים,יזרעאל,visit_type,ביקור במרפאה,176
2026-07-30T17:51:28,63,נשים,יזרעאל,visit_type,שיחת טלפון,1
2026-07-30T17:51:28,63,נשים,יזרעאל,language,איטלקית,1
2026-07-30T17:51:28,63,נשים,יזרעאל,language,אנגלית,29
2026-07-30T17:51:28,63,נשים,יזרעאל,language,הונגרית,1
2026-07-30T17:51:28,63,נשים,יזרעאל,language,עברית,50
2026-07-30T17:51:28,63,נשים,יזרעאל,language,ערבית,28
2026-07-30T17:51:28,63,נשים,יזרעאל,language,רומנית,1
2026-07-30T17:51:28,63,נשים,יזרעאל,language,רוסית,11
2026-07-30T17:51:48,63,נשים,יסעור,gender,גבר,37
2026-07-30T17:51:48,63,נשים,יסעור,gender,אישה,82
2026-07-30T17:51:48,63,נשים,יסעור,visit_type,ביקור במרפאה,120
2026-07-30T17:51:48,63,נשים,יסעור,visit_type,שיחת טלפון,2
2026-07-30T17:51:48,63,נשים,יסעור,language,אידיש,1
2026-07-30T17:51:48,63,נשים,יסעור,language,איטלקית,4
2026-07-30T17:51:48,63,נשים,יסעור,language,אנגלית,75
2026-07-30T17:51:48,63,נשים,יסעור,language,ספרדית,1
2026-07-30T17:51:48,63,נשים,יסעור,language,עברית,115
2026-07-30T17:51:48,63,נשים,יסעור,language,ערבית,74
2026-07-30T17:51:48,63,נשים,יסעור,language,צרפתית,2
2026-07-30T17:51:48,63,נשים,יסעור,language,רומנית,6
2026-07-30T17:51:48,63,נשים,יסעור,language,רוסית,24
2026-07-30T17:51:48,63,נשים,יסעור,language,שוודית,1
2026-07-30T17:52:07,63,נשים,יצהר,gender,גבר,47
2026-07-30T17:52:07,63,נשים,יצהר,gender,אישה,92
2026-07-30T17:52:07,63,נשים,יצהר,visit_type,ביקור במרפאה,142
2026-07-30T17:52:07,63,נשים,יצהר,visit_type,שיחת טלפון,2
2026-07-30T17:52:07,63,נשים,יצהר,language,אידיש,1
2026-07-30T17:52:07,63,נשים,יצהר,language,אנגלית,18
2026-07-30T17:52:07,63,נשים,יצהר,language,גרמנית,1
2026-07-30T17:52:07,63,נשים,יצהר,language,עברית,32
2026-07-30T17:52:07,63,נשים,יצהר,language,ערבית,8
2026-07-30T17:52:07,63,נשים,יצהר,language,צרפתית,2
2026-07-30T17:52:07,63,נשים,יצהר,language,רומנית,2
2026-07-30T17:52:07,63,נשים,יצהר,language,רוסית,11
2026-07-30T17:52:29,63,נשים,ירחיב,gender,גבר,26
2026-07-30T17:52:29,63,נשים,ירחיב,gender,אישה,39
2026-07-30T17:52:29,63,נשים,ירחיב,visit_type,ביקור במרפאה,70
2026-07-30T17:52:29,63,נשים,ירחיב,language,אידיש,1
2026-07-30T17:52:29,63,נשים,ירחיב,language,איטלקית,4
2026-07-30T17:52:29,63,נשים,ירחיב,language,אנגלית,19
2026-07-30T17:52:29,63,נשים,ירחיב,language,ספרדית,1
2026-07-30T17:52:29,63,נשים,ירחיב,language,עברית,35
2026-07-30T17:52:29,63,נשים,ירחיב,language,ערבית,1
2026-07-30T17:52:29,63,נשים,ירחיב,language,צרפתית,2
2026-07-30T17:52:29,63,נשים,ירחיב,language,רומנית,6
2026-07-30T17:52:29,63,נשים,ירחיב,language,רוסית,5
2026-07-30T17:52:41,63,נשים,כאבול,gender,אישה,82
2026-07-30T17:52:41,63,נשים,כאבול,gender,גבר,37
2026-07-30T17:52:41,63,נשים,כאבול,visit_type,ביקור במרפאה,120
2026-07-30T17:52:41,63,נשים,כאבול,visit_type,שיחת טלפון,2
2026-07-30T17:52:41,63,נשים,כאבול,language,אידיש,1
2026-07-30T17:52:41,63,נשים,כאבול,language,איטלקית,4
2026-07-30T17:52:41,63,נשים,כאבול,language,אנגלית,75
2026-07-30T17:52:41,63,נשים,כאבול,language,ספרדית,1
2026-07-30T17:52:41,63,נשים,כאבול,language,עברית,115
2026-07-30T17:52:41,63,נשים,כאבול,language,ערבית,74
2026-07-30T17:52:41,63,נשים,כאבול,language,צרפתית,2
2026-07-30T17:52:41,63,נשים,כאבול,language,רומנית,6
2026-07-30T17:52:41,63,נשים,כאבול,language,רוסית,24
2026-07-30T17:52:41,63,נשים,כאבול,language,שוודית,1
2026-07-30T17:53:01,63,נשים,כופיר,gender,אישה,92
2026-07-30T17:53:01,63,נשים,כופיר,gender,גבר,47
2026-07-30T17:53:01,63,נשים,כופיר,visit_type,ביקור במרפאה,142
2026-07-30T17:53:01,63,נשים,כופיר,visit_type,שיחת טלפון,2
2026-07-30T17:53:01,63,נשים,כופיר,language,אידיש,1
2026-07-30T17:53:01,63,נשים,כופיר,language,אנגלית,18
2026-07-30T17:53:01,63,נשים,כופיר,language,גרמנית,1
2026-07-30T17:53:01,63,נשים,כופיר,language,עברית,32
2026-07-30T17:53:01,63,נשים,כופיר,language,ערבית,8
2026-07-30T17:53:01,63,נשים,כופיר,language,צרפתית,2
2026-07-30T17:53:01,63,נשים,כופיר,language,רומנית,2
2026-07-30T17:53:01,63,נשים,כופיר,language,רוסית,11
2026-07-30T17:53:21,63,נשים,כישור,gender,גבר,37
2026-07-30T17:53:21,63,נשים,כישור,gender,אישה,82
2026-07-30T17:53:21,63,נשים,כישור,visit_type,ביקור במרפאה,120
2026-07-30T17:53:21,63,נשים,כישור,visit_type,שיחת טלפון,2
2026-07-30T17:53:21,63,נשים,כישור,language,אידיש,1
2026-07-30T17:53:21,63,נשים,כישור,language,איטלקית,4
2026-07-30T17:53:21,63,נשים,כישור,language,אנגלית,75
2026-07-30T17:53:21,63,נשים,כישור,language,ספרדית,1
2026-07-30T17:53:21,63,נשים,כישור,language,עברית,115
2026-07-30T17:53:21,63,נשים,כישור,language,ערבית,74
2026-07-30T17:53:21,63,נשים,כישור,language,צרפתית,2
2026-07-30T17:53:21,63,נשים,כישור,language,רומנית,6
2026-07-30T17:53:21,63,נשים,כישור,language,רוסית,24
2026-07-30T17:53:21,63,נשים,כישור,language,שוודית,1
2026-07-30T17:53:39,63,נשים,כסלון,gender,גבר,47
2026-07-30T17:53:39,63,נשים,כסלון,gender,אישה,79
2026-07-30T17:53:39,63,נשים,כסלון,visit_type,ביקור במרפאה,131
2026-07-30T17:53:39,63,נשים,כסלון,visit_type,שיחת טלפון,16
2026-07-30T17:53:39,63,נשים,כסלון,visit_type,שיחת וידאו,1
2026-07-30T17:53:39,63,נשים,כסלון,language,אידיש,2
2026-07-30T17:53:39,63,נשים,כסלון,language,אנגלית,20
2026-07-30T17:53:39,63,נשים,כסלון,language,עברית,24
2026-07-30T17:53:39,63,נשים,כסלון,language,ערבית,3
2026-07-30T17:53:39,63,נשים,כסלון,language,צרפתית,2
2026-07-30T17:53:39,63,נשים,כסלון,language,רוסית,3
2026-07-30T17:53:58,63,נשים,כפר בלום,gender,גבר,29
2026-07-30T17:53:58,63,נשים,כפר בלום,gender,אישה,58
2026-07-30T17:53:58,63,נשים,כפר בלום,visit_type,ביקור במרפאה,87
2026-07-30T17:53:58,63,נשים,כפר בלום,language,אנגלית,9
2026-07-30T17:53:58,63,נשים,כפר בלום,language,עברית,13
2026-07-30T17:53:58,63,נשים,כפר בלום,language,ערבית,4
2026-07-30T17:53:58,63,נשים,כפר בלום,language,רוסית,3
2026-07-30T17:54:12,63,נשים,כרמי יוסף,gender,גבר,40
2026-07-30T17:54:12,63,נשים,כרמי יוסף,gender,אישה,46
2026-07-30T17:54:12,63,נשים,כרמי יוסף,visit_type,ביקור במרפאה,88
2026-07-30T17:54:12,63,נשים,כרמי יוסף,language,אוקראינית,3
2026-07-30T17:54:12,63,נשים,כרמי יוסף,language,אידיש,1
2026-07-30T17:54:12,63,נשים,כרמי יוסף,language,איטלקית,2
2026-07-30T17:54:12,63,נשים,כרמי יוסף,language,אנגלית,21
2026-07-30T17:54:12,63,נשים,כרמי יוסף,language,הונגרית,1
2026-07-30T17:54:12,63,נשים,כרמי יוסף,language,ספרדית,1
2026-07-30T17:54:12,63,נשים,כרמי יוסף,language,עברית,29
2026-07-30T17:54:12,63,נשים,כרמי יוסף,language,צרפתית,1
2026-07-30T17:54:12,63,נשים,כרמי יוסף,language,רוסית,12
2026-07-30T17:54:27,63,נשים,להבים,gender,גבר,68
2026-07-30T17:54:27,63,נשים,להבים,gender,אישה,86
2026-07-30T17:54:27,63,נשים,להבים,visit_type,ביקור במרפאה,156
2026-07-30T17:54:27,63,נשים,להבים,visit_type,שיחת טלפון,1
2026-07-30T17:54:27,63,נשים,להבים,language,אידיש,4
2026-07-30T17:54:27,63,נשים,להבים,language,אנגלית,22
2026-07-30T17:54:27,63,נשים,להבים,language,גרמנית,1
2026-07-30T17:54:27,63,נשים,להבים,language,ליטאית,1
2026-07-30T17:54:27,63,נשים,להבים,language,סינית,1
2026-07-30T17:54:27,63,נשים,להבים,language,עברית,14
2026-07-30T17:54:27,63,נשים,להבים,language,ערבית,4
2026-07-30T17:54:27,63,נשים,להבים,language,רוסית,22
2026-07-30T17:54:48,63,נשים,לפידות,gender,גבר,23
2026-07-30T17:54:48,63,נשים,לפידות,gender,אישה,64
2026-07-30T17:54:48,63,נשים,לפידות,visit_type,ביקור במרפאה,88
2026-07-30T17:54:48,63,נשים,לפידות,visit_type,שיחת טלפון,2
2026-07-30T17:54:48,63,נשים,לפידות,language,איטלקית,4
2026-07-30T17:54:48,63,נשים,לפידות,language,אנגלית,56
2026-07-30T17:54:48,63,נשים,לפידות,language,ספרדית,1
2026-07-30T17:54:48,63,נשים,לפידות,language,עברית,85
2026-07-30T17:54:48,63,נשים,לפידות,language,ערבית,64
2026-07-30T17:54:48,63,נשים,לפידות,language,רומנית,4
2026-07-30T17:54:48,63,נשים,לפידות,language,רוסית,15
2026-07-30T17:55:01,63,נשים,מבואות יריחו,gender,גבר,47
2026-07-30T17:55:01,63,נשים,מבואות יריחו,gender,אישה,79
2026-07-30T17:55:01,63,נשים,מבואות יריחו,visit_type,ביקור במרפאה,131
2026-07-30T17:55:01,63,נשים,מבואות יריחו,visit_type,שיחת טלפון,16
2026-07-30T17:55:01,63,נשים,מבואות יריחו,visit_type,שיחת וידאו,1
2026-07-30T17:55:01,63,נשים,מבואות יריחו,language,אידיש,2
2026-07-30T17:55:01,63,נשים,מבואות יריחו,language,אנגלית,20
2026-07-30T17:55:01,63,נשים,מבואות יריחו,language,עברית,24
2026-07-30T17:55:01,63,נשים,מבואות יריחו,language,ערבית,3
2026-07-30T17:55:01,63,נשים,מבואות יריחו,language,צרפתית,2
2026-07-30T17:55:01,63,נשים,מבואות יריחו,language,רוסית,3
2026-07-30T17:55:21,63,נשים,מגדל,gender,גבר,29
2026-07-30T17:55:21,63,נשים,מגדל,gender,אישה,58
2026-07-30T17:55:21,63,נשים,מגדל,visit_type,ביקור במרפאה,87
2026-07-30T17:55:21,63,נשים,מגדל,language,אנגלית,9
2026-07-30T17:55:21,63,נשים,מגדל,language,עברית,13
2026-07-30T17:55:21,63,נשים,מגדל,language,ערבית,4
2026-07-30T17:55:21,63,נשים,מגדל,language,רוסית,3
2026-07-30T17:55:34,63,נשים,מוח'מאס,gender,גבר,47
2026-07-30T17:55:34,63,נשים,מוח'מאס,gender,אישה,79
2026-07-30T17:55:34,63,נשים,מוח'מאס,visit_type,ביקור במרפאה,131
2026-07-30T17:55:34,63,נשים,מוח'מאס,visit_type,שיחת טלפון,16
2026-07-30T17:55:34,63,נשים,מוח'מאס,visit_type,שיחת וידאו,1
2026-07-30T17:55:34,63,נשים,מוח'מאס,language,אידיש,2
2026-07-30T17:55:34,63,נשים,מוח'מאס,language,אנגלית,20
2026-07-30T17:55:34,63,נשים,מוח'מאס,language,עברית,24
2026-07-30T17:55:34,63,נשים,מוח'מאס,language,ערבית,3
2026-07-30T17:55:34,63,נשים,מוח'מאס,language,צרפתית,2
2026-07-30T17:55:34,63,נשים,מוח'מאס,language,רוסית,3
2026-07-30T17:55:56,63,נשים,מזרע,gender,גבר,48
2026-07-30T17:55:56,63,נשים,מזרע,gender,אישה,127
2026-07-30T17:55:56,63,נשים,מזרע,visit_type,ביקור במרפאה,176
2026-07-30T17:55:56,63,נשים,מזרע,visit_type,שיחת טלפון,1
2026-07-30T17:55:56,63,נשים,מזרע,language,איטלקית,1
2026-07-30T17:55:56,63,נשים,מזרע,language,אנגלית,29
2026-07-30T17:55:56,63,נשים,מזרע,language,הונגרית,1
2026-07-30T17:55:56,63,נשים,מזרע,language,עברית,50
2026-07-30T17:55:56,63,נשים,מזרע,language,ערבית,28
2026-07-30T17:55:56,63,נשים,מזרע,language,רומנית,1
2026-07-30T17:55:56,63,נשים,מזרע,language,רוסית,11
2026-07-30T17:56:17,63,נשים,מידיה,gender,גבר,52
2026-07-30T17:56:17,63,נשים,מידיה,gender,אישה,56
2026-07-30T17:56:17,63,נשים,מידיה,visit_type,ביקור במרפאה,113
2026-07-30T17:56:17,63,נשים,מידיה,language,אוקראינית,3
2026-07-30T17:56:17,63,נשים,מידיה,language,אידיש,1
2026-07-30T17:56:17,63,נשים,מידיה,language,איטלקית,2
2026-07-30T17:56:17,63,נשים,מידיה,language,אנגלית,26
2026-07-30T17:56:17,63,נשים,מידיה,language,גרוזינית,1
2026-07-30T17:56:17,63,נשים,מידיה,language,הונגרית,2
2026-07-30T17:56:17,63,נשים,מידיה,language,ספרדית,1
2026-07-30T17:56:17,63,נשים,מידיה,language,עברית,37
2026-07-30T17:56:17,63,נשים,מידיה,language,צרפתית,2
2026-07-30T17:56:17,63,נשים,מידיה,language,רוסית,17
2026-07-30T17:56:35,63,נשים,מכחול,gender,גבר,43
2026-07-30T17:56:35,63,נשים,מכחול,gender,אישה,67
2026-07-30T17:56:35,63,נשים,מכחול,visit_type,ביקור במרפאה,112
2026-07-30T17:56:35,63,נשים,מכחול,language,אידיש,3
2026-07-30T17:56:35,63,נשים,מכחול,language,אנגלית,21
2026-07-30T17:56:35,63,נשים,מכחול,language,ליטאית,1
2026-07-30T17:56:35,63,נשים,מכחול,language,סינית,1
2026-07-30T17:56:35,63,נשים,מכחול,language,עברית,9
2026-07-30T17:56:35,63,נשים,מכחול,language,ערבית,4
2026-07-30T17:56:35,63,נשים,מכחול,language,רוסית,19
2026-07-30T17:56:52,63,נשים,מנחמיה,gender,גבר,29
2026-07-30T17:56:52,63,נשים,מנחמיה,gender,אישה,58
2026-07-30T17:56:52,63,נשים,מנחמיה,visit_type,ביקור במרפאה,87
2026-07-30T17:56:52,63,נשים,מנחמיה,language,אנגלית,9
2026-07-30T17:56:52,63,נשים,מנחמיה,language,עברית,13
2026-07-30T17:56:52,63,נשים,מנחמיה,language,ערבית,4
2026-07-30T17:56:52,63,נשים,מנחמיה,language,רוסית,3
2026-07-30T17:57:05,63,נשים,מסעדה,gender,גבר,29
2026-07-30T17:57:05,63,נשים,מסעדה,gender,אישה,58
2026-07-30T17:57:05,63,נשים,מסעדה,visit_type,ביקור במרפאה,87
2026-07-30T17:57:05,63,נשים,מסעדה,language,אנגלית,9
2026-07-30T17:57:05,63,נשים,מסעדה,language,עברית,13
2026-07-30T17:57:05,63,נשים,מסעדה,language,ערבית,4
2026-07-30T17:57:05,63,נשים,מסעדה,language,רוסית,3
2026-07-30T17:57:21,63,נשים,מעיין צבי,gender,גבר,62
2026-07-30T17:57:21,63,נשים,מעיין צבי,gender,אישה,138
2026-07-30T17:57:21,63,נשים,מעיין צבי,visit_type,ביקור במרפאה,203
2026-07-30T17:57:21,63,נשים,מעיין צבי,visit_type,שיחת טלפון,2
2026-07-30T17:57:21,63,נשים,מעיין צבי,language,אידיש,1
2026-07-30T17:57:21,63,נשים,מעיין צבי,language,איטלקית,1
2026-07-30T17:57:21,63,נשים,מעיין צבי,language,אנגלית,38
2026-07-30T17:57:21,63,נשים,מעיין צבי,language,גרמנית,1
2026-07-30T17:57:21,63,נשים,מעיין צבי,language,הונגרית,1
2026-07-30T17:57:21,63,נשים,מעיין צבי,language,עברית,63
2026-07-30T17:57:21,63,נשים,מעיין צבי,language,ערבית,28
2026-07-30T17:57:21,63,נשים,מעיין צבי,language,צרפתית,2
2026-07-30T17:57:21,63,נשים,מעיין צבי,language,רומנית,3
2026-07-30T17:57:21,63,נשים,מעיין צבי,language,רוסית,15
2026-07-30T17:57:42,63,נשים,מפעלי ים המלח,gender,גבר,68
2026-07-30T17:57:42,63,נשים,מפעלי ים המלח,gender,אישה,86
2026-07-30T17:57:42,63,נשים,מפעלי ים המלח,visit_type,ביקור במרפאה,156
2026-07-30T17:57:42,63,נשים,מפעלי ים המלח,visit_type,שיחת טלפון,1
2026-07-30T17:57:42,63,נשים,מפעלי ים המלח,language,אידיש,4
2026-07-30T17:57:42,63,נשים,מפעלי ים המלח,language,אנגלית,22
2026-07-30T17:57:42,63,נשים,מפעלי ים המלח,language,גרמנית,1
2026-07-30T17:57:42,63,נשים,מפעלי ים המלח,language,ליטאית,1
2026-07-30T17:57:42,63,נשים,מפעלי ים המלח,language,סינית,1
2026-07-30T17:57:42,63,נשים,מפעלי ים המלח,language,עברית,14
2026-07-30T17:57:42,63,נשים,מפעלי ים המלח,language,ערבית,4
2026-07-30T17:57:42,63,נשים,מפעלי ים המלח,language,רוסית,22
2026-07-30T17:58:03,63,נשים,מצפה נטופה,gender,גבר,29
2026-07-30T17:58:03,63,נשים,מצפה נטופה,gender,אישה,58
2026-07-30T17:58:03,63,נשים,מצפה נטופה,visit_type,ביקור במרפאה,87
2026-07-30T17:58:03,63,נשים,מצפה נטופה,language,אנגלית,9
2026-07-30T17:58:03,63,נשים,מצפה נטופה,language,עברית,13
2026-07-30T17:58:03,63,נשים,מצפה נטופה,language,ערבית,4
2026-07-30T17:58:03,63,נשים,מצפה נטופה,language,רוסית,3
2026-07-30T17:58:17,63,נשים,מרכז אזורי כדורי,gender,גבר,29
2026-07-30T17:58:17,63,נשים,מרכז אזורי כדורי,gender,אישה,58
2026-07-30T17:58:17,63,נשים,מרכז אזורי כדורי,visit_type,ביקור במרפאה,87
2026-07-30T17:58:17,63,נשים,מרכז אזורי כדורי,language,אנגלית,9
2026-07-30T17:58:17,63,נשים,מרכז אזורי כדורי,language,עברית,13
2026-07-30T17:58:17,63,נשים,מרכז אזורי כדורי,language,ערבית,4
2026-07-30T17:58:17,63,נשים,מרכז אזורי כדורי,language,רוסית,3
2026-07-30T17:58:31,63,נשים,משמר איילון,gender,גבר,40
2026-07-30T17:58:31,63,נשים,משמר איילון,gender,אישה,46
2026-07-30T17:58:31,63,נשים,משמר איילון,visit_type,ביקור במרפאה,88
2026-07-30T17:58:31,63,נשים,משמר איילון,language,אוקראינית,3
2026-07-30T17:58:31,63,נשים,משמר איילון,language,אידיש,1
2026-07-30T17:58:31,63,נשים,משמר איילון,language,איטלקית,2
2026-07-30T17:58:31,63,נשים,משמר איילון,language,אנגלית,21
2026-07-30T17:58:31,63,נשים,משמר איילון,language,הונגרית,1
2026-07-30T17:58:31,63,נשים,משמר איילון,language,ספרדית,1
2026-07-30T17:58:31,63,נשים,משמר איילון,language,עברית,29
2026-07-30T17:58:31,63,נשים,משמר איילון,language,צרפתית,1
2026-07-30T17:58:31,63,נשים,משמר איילון,language,רוסית,12
2026-07-30T17:58:44,63,נשים,נאות סמדר,gender,גבר,5
2026-07-30T17:58:44,63,נשים,נאות סמדר,gender,אישה,2
2026-07-30T17:58:44,63,נשים,נאות סמדר,visit_type,ביקור במרפאה,10
2026-07-30T17:58:44,63,נשים,נאות סמדר,visit_type,שיחת טלפון,8
2026-07-30T17:58:44,63,נשים,נאות סמדר,language,אנגלית,2
2026-07-30T17:58:44,63,נשים,נאות סמדר,language,עברית,2
2026-07-30T17:58:44,63,נשים,נאות סמדר,language,רוסית,1
2026-07-30T17:58:48,63,נשים,נוב,gender,גבר,29
2026-07-30T17:58:48,63,נשים,נוב,gender,אישה,58
2026-07-30T17:58:48,63,נשים,נוב,visit_type,ביקור במרפאה,87
2026-07-30T17:58:48,63,נשים,נוב,language,אנגלית,9
2026-07-30T17:58:48,63,נשים,נוב,language,עברית,13
2026-07-30T17:58:48,63,נשים,נוב,language,ערבית,4
2026-07-30T17:58:48,63,נשים,נוב,language,רוסית,3
2026-07-30T17:59:04,63,נשים,נזלה א שרקיה,gender,גבר,47
2026-07-30T17:59:04,63,נשים,נזלה א שרקיה,gender,אישה,92
2026-07-30T17:59:04,63,נשים,נזלה א שרקיה,visit_type,ביקור במרפאה,142
2026-07-30T17:59:04,63,נשים,נזלה א שרקיה,visit_type,שיחת טלפון,2
2026-07-30T17:59:04,63,נשים,נזלה א שרקיה,language,אידיש,1
2026-07-30T17:59:04,63,נשים,נזלה א שרקיה,language,אנגלית,18
2026-07-30T17:59:04,63,נשים,נזלה א שרקיה,language,גרמנית,1
2026-07-30T17:59:04,63,נשים,נזלה א שרקיה,language,עברית,32
2026-07-30T17:59:04,63,נשים,נזלה א שרקיה,language,ערבית,8
2026-07-30T17:59:04,63,נשים,נזלה א שרקיה,language,צרפתית,2
2026-07-30T17:59:04,63,נשים,נזלה א שרקיה,language,רומנית,2
2026-07-30T17:59:04,63,נשים,נזלה א שרקיה,language,רוסית,11
2026-07-30T17:59:25,63,נשים,נחם,gender,גבר,47
2026-07-30T17:59:25,63,נשים,נחם,gender,אישה,79
2026-07-30T17:59:25,63,נשים,נחם,visit_type,ביקור במרפאה,131
2026-07-30T17:59:25,63,נשים,נחם,visit_type,שיחת טלפון,16
2026-07-30T17:59:25,63,נשים,נחם,visit_type,שיחת וידאו,1
2026-07-30T17:59:25,63,נשים,נחם,language,אידיש,2
2026-07-30T17:59:25,63,נשים,נחם,language,אנגלית,20
2026-07-30T17:59:25,63,נשים,נחם,language,עברית,24
2026-07-30T17:59:25,63,נשים,נחם,language,ערבית,3
2026-07-30T17:59:25,63,נשים,נחם,language,צרפתית,2
2026-07-30T17:59:25,63,נשים,נחם,language,רוסית,3
2026-07-30T17:59:46,63,נשים,נין,gender,גבר,48
2026-07-30T17:59:46,63,נשים,נין,gender,אישה,127
2026-07-30T17:59:46,63,נשים,נין,visit_type,ביקור במרפאה,176
2026-07-30T17:59:46,63,נשים,נין,visit_type,שיחת טלפון,1
2026-07-30T17:59:46,63,נשים,נין,language,איטלקית,1
2026-07-30T17:59:46,63,נשים,נין,language,אנגלית,29
2026-07-30T17:59:46,63,נשים,נין,language,הונגרית,1
2026-07-30T17:59:46,63,נשים,נין,language,עברית,50
2026-07-30T17:59:46,63,נשים,נין,language,ערבית,28
2026-07-30T17:59:46,63,נשים,נין,language,רומנית,1
2026-07-30T17:59:46,63,נשים,נין,language,רוסית,11
2026-07-30T18:00:07,63,נשים,נמרוד,gender,גבר,29
2026-07-30T18:00:07,63,נשים,נמרוד,gender,אישה,58
2026-07-30T18:00:07,63,נשים,נמרוד,visit_type,ביקור במרפאה,87
2026-07-30T18:00:07,63,נשים,נמרוד,language,אנגלית,9
2026-07-30T18:00:07,63,נשים,נמרוד,language,עברית,13
2026-07-30T18:00:07,63,נשים,נמרוד,language,ערבית,4
2026-07-30T18:00:07,63,נשים,נמרוד,language,רוסית,3
2026-07-30T18:00:21,63,נשים,נצר סרני,gender,גבר,40
2026-07-30T18:00:21,63,נשים,נצר סרני,gender,אישה,46
2026-07-30T18:00:21,63,נשים,נצר סרני,visit_type,ביקור במרפאה,88
2026-07-30T18:00:21,63,נשים,נצר סרני,language,אוקראינית,3
2026-07-30T18:00:21,63,נשים,נצר סרני,language,אידיש,1
2026-07-30T18:00:21,63,נשים,נצר סרני,language,איטלקית,2
2026-07-30T18:00:21,63,נשים,נצר סרני,language,אנגלית,21
2026-07-30T18:00:21,63,נשים,נצר סרני,language,הונגרית,1
2026-07-30T18:00:21,63,נשים,נצר סרני,language,ספרדית,1
2026-07-30T18:00:21,63,נשים,נצר סרני,language,עברית,29
2026-07-30T18:00:21,63,נשים,נצר סרני,language,צרפתית,1
2026-07-30T18:00:21,63,נשים,נצר סרני,language,רוסית,12
2026-07-30T18:00:34,63,נשים,סאוויה,gender,גבר,47
2026-07-30T18:00:34,63,נשים,סאוויה,gender,אישה,79
2026-07-30T18:00:34,63,נשים,סאוויה,visit_type,ביקור במרפאה,131
2026-07-30T18:00:34,63,נשים,סאוויה,visit_type,שיחת טלפון,16
2026-07-30T18:00:34,63,נשים,סאוויה,visit_type,שיחת וידאו,1
2026-07-30T18:00:34,63,נשים,סאוויה,language,אידיש,2
2026-07-30T18:00:34,63,נשים,סאוויה,language,אנגלית,20
2026-07-30T18:00:34,63,נשים,סאוויה,language,עברית,24
2026-07-30T18:00:34,63,נשים,סאוויה,language,ערבית,3
2026-07-30T18:00:34,63,נשים,סאוויה,language,צרפתית,2
2026-07-30T18:00:34,63,נשים,סאוויה,language,רוסית,3
2026-07-30T18:00:54,63,נשים,סוסיה,gender,גבר,68
2026-07-30T18:00:54,63,נשים,סוסיה,gender,אישה,86
2026-07-30T18:00:54,63,נשים,סוסיה,visit_type,ביקור במרפאה,156
2026-07-30T18:00:54,63,נשים,סוסיה,visit_type,שיחת טלפון,1
2026-07-30T18:00:54,63,נשים,סוסיה,language,אידיש,4
2026-07-30T18:00:54,63,נשים,סוסיה,language,אנגלית,22
2026-07-30T18:00:54,63,נשים,סוסיה,language,גרמנית,1
2026-07-30T18:00:54,63,נשים,סוסיה,language,ליטאית,1
2026-07-30T18:00:54,63,נשים,סוסיה,language,סינית,1
2026-07-30T18:00:54,63,נשים,סוסיה,language,עברית,14
2026-07-30T18:00:54,63,נשים,סוסיה,language,ערבית,4
2026-07-30T18:00:54,63,נשים,סוסיה,language,רוסית,22
2026-07-30T18:01:14,63,נשים,סינג'יל,gender,גבר,47
2026-07-30T18:01:14,63,נשים,סינג'יל,gender,אישה,79
2026-07-30T18:01:14,63,נשים,סינג'יל,visit_type,ביקור במרפאה,131
2026-07-30T18:01:14,63,נשים,סינג'יל,visit_type,שיחת טלפון,16
2026-07-30T18:01:14,63,נשים,סינג'יל,visit_type,שיחת וידאו,1
2026-07-30T18:01:14,63,נשים,סינג'יל,language,אידיש,2
2026-07-30T18:01:14,63,נשים,סינג'יל,language,אנגלית,20
2026-07-30T18:01:14,63,נשים,סינג'יל,language,עברית,24
2026-07-30T18:01:14,63,נשים,סינג'יל,language,ערבית,3
2026-07-30T18:01:14,63,נשים,סינג'יל,language,צרפתית,2
2026-07-30T18:01:14,63,נשים,סינג'יל,language,רוסית,3
2026-07-30T18:01:35,63,נשים,סנסנה,gender,גבר,68
2026-07-30T18:01:35,63,נשים,סנסנה,gender,אישה,86
2026-07-30T18:01:35,63,נשים,סנסנה,visit_type,ביקור במרפאה,156
2026-07-30T18:01:35,63,נשים,סנסנה,visit_type,שיחת טלפון,1
2026-07-30T18:01:35,63,נשים,סנסנה,language,אידיש,4
2026-07-30T18:01:35,63,נשים,סנסנה,language,אנגלית,22
2026-07-30T18:01:35,63,נשים,סנסנה,language,גרמנית,1
2026-07-30T18:01:35,63,נשים,סנסנה,language,ליטאית,1
2026-07-30T18:01:35,63,נשים,סנסנה,language,סינית,1
2026-07-30T18:01:35,63,נשים,סנסנה,language,עברית,14
2026-07-30T18:01:35,63,נשים,סנסנה,language,ערבית,4
2026-07-30T18:01:35,63,נשים,סנסנה,language,רוסית,22
2026-07-30T18:01:55,63,נשים,סתריה,gender,גבר,40
2026-07-30T18:01:55,63,נשים,סתריה,gender,אישה,46
2026-07-30T18:01:55,63,נשים,סתריה,visit_type,ביקור במרפאה,88
2026-07-30T18:01:55,63,נשים,סתריה,language,אוקראינית,3
2026-07-30T18:01:55,63,נשים,סתריה,language,אידיש,1
2026-07-30T18:01:55,63,נשים,סתריה,language,איטלקית,2
2026-07-30T18:01:55,63,נשים,סתריה,language,אנגלית,21
2026-07-30T18:01:55,63,נשים,סתריה,language,הונגרית,1
2026-07-30T18:01:55,63,נשים,סתריה,language,ספרדית,1
2026-07-30T18:01:55,63,נשים,סתריה,language,עברית,29
2026-07-30T18:01:55,63,נשים,סתריה,language,צרפתית,1
2026-07-30T18:01:55,63,נשים,סתריה,language,רוסית,12
2026-07-30T18:02:09,63,נשים,עג'ול,gender,גבר,47
2026-07-30T18:02:09,63,נשים,עג'ול,gender,אישה,79
2026-07-30T18:02:09,63,נשים,עג'ול,visit_type,ביקור במרפאה,131
2026-07-30T18:02:09,63,נשים,עג'ול,visit_type,שיחת טלפון,16
2026-07-30T18:02:09,63,נשים,עג'ול,visit_type,שיחת וידאו,1
2026-07-30T18:02:09,63,נשים,עג'ול,language,אידיש,2
2026-07-30T18:02:09,63,נשים,עג'ול,language,אנגלית,20
2026-07-30T18:02:09,63,נשים,עג'ול,language,עברית,24
2026-07-30T18:02:09,63,נשים,עג'ול,language,ערבית,3
2026-07-30T18:02:09,63,נשים,עג'ול,language,צרפתית,2
2026-07-30T18:02:09,63,נשים,עג'ול,language,רוסית,3
2026-07-30T18:02:29,63,נשים,עולש,gender,גבר,47
2026-07-30T18:02:29,63,נשים,עולש,gender,אישה,92
2026-07-30T18:02:29,63,נשים,עולש,visit_type,ביקור במרפאה,142
2026-07-30T18:02:29,63,נשים,עולש,visit_type,שיחת טלפון,2
2026-07-30T18:02:29,63,נשים,עולש,language,אידיש,1
2026-07-30T18:02:29,63,נשים,עולש,language,אנגלית,18
2026-07-30T18:02:29,63,נשים,עולש,language,גרמנית,1
2026-07-30T18:02:29,63,נשים,עולש,language,עברית,32
2026-07-30T18:02:29,63,נשים,עולש,language,ערבית,8
2026-07-30T18:02:29,63,נשים,עולש,language,צרפתית,2
2026-07-30T18:02:29,63,נשים,עולש,language,רומנית,2
2026-07-30T18:02:29,63,נשים,עולש,language,רוסית,11
2026-07-30T18:02:49,63,נשים,עזר,gender,גבר,28
2026-07-30T18:02:49,63,נשים,עזר,gender,אישה,31
2026-07-30T18:02:49,63,נשים,עזר,visit_type,ביקור במרפאה,63
2026-07-30T18:02:49,63,נשים,עזר,language,אוקראינית,2
2026-07-30T18:02:49,63,נשים,עזר,language,איטלקית,1
2026-07-30T18:02:49,63,נשים,עזר,language,אנגלית,13
2026-07-30T18:02:49,63,נשים,עזר,language,גרוזינית,1
2026-07-30T18:02:49,63,נשים,עזר,language,הונגרית,1
2026-07-30T18:02:49,63,נשים,עזר,language,ספרדית,1
2026-07-30T18:02:49,63,נשים,עזר,language,עברית,20
2026-07-30T18:02:49,63,נשים,עזר,language,צרפתית,2
2026-07-30T18:02:49,63,נשים,עזר,language,רוסית,10
2026-07-30T18:03:01,63,נשים,עיינות,gender,גבר,63
2026-07-30T18:03:01,63,נשים,עיינות,gender,אישה,70
2026-07-30T18:03:01,63,נשים,עיינות,visit_type,ביקור במרפאה,138
2026-07-30T18:03:01,63,נשים,עיינות,language,אוקראינית,3
2026-07-30T18:03:01,63,נשים,עיינות,language,אידיש,1
2026-07-30T18:03:01,63,נשים,עיינות,language,איטלקית,2
2026-07-30T18:03:01,63,נשים,עיינות,language,אנגלית,29
2026-07-30T18:03:01,63,נשים,עיינות,language,גרוזינית,1
2026-07-30T18:03:01,63,נשים,עיינות,language,הונגרית,2
2026-07-30T18:03:01,63,נשים,עיינות,language,ספרדית,2
2026-07-30T18:03:01,63,נשים,עיינות,language,עברית,48
2026-07-30T18:03:01,63,נשים,עיינות,language,צרפתית,2
2026-07-30T18:03:01,63,נשים,עיינות,language,רוסית,20
2026-07-30T18:03:20,63,נשים,עלי,gender,גבר,47
2026-07-30T18:03:20,63,נשים,עלי,gender,אישה,79
2026-07-30T18:03:20,63,נשים,עלי,visit_type,ביקור במרפאה,131
2026-07-30T18:03:20,63,נשים,עלי,visit_type,שיחת טלפון,16
2026-07-30T18:03:20,63,נשים,עלי,visit_type,שיחת וידאו,1
2026-07-30T18:03:20,63,נשים,עלי,language,אידיש,2
2026-07-30T18:03:20,63,נשים,עלי,language,אנגלית,20
2026-07-30T18:03:20,63,נשים,עלי,language,עברית,24
2026-07-30T18:03:20,63,נשים,עלי,language,ערבית,3
2026-07-30T18:03:20,63,נשים,עלי,language,צרפתית,2
2026-07-30T18:03:20,63,נשים,עלי,language,רוסית,3
2026-07-30T18:03:43,63,נשים,עמיקם,gender,גבר,62
2026-07-30T18:03:43,63,נשים,עמיקם,gender,אישה,138
2026-07-30T18:03:43,63,נשים,עמיקם,visit_type,ביקור במרפאה,203
2026-07-30T18:03:43,63,נשים,עמיקם,visit_type,שיחת טלפון,2
2026-07-30T18:03:43,63,נשים,עמיקם,language,אידיש,1
2026-07-30T18:03:43,63,נשים,עמיקם,language,איטלקית,1
2026-07-30T18:03:43,63,נשים,עמיקם,language,אנגלית,38
2026-07-30T18:03:43,63,נשים,עמיקם,language,גרמנית,1
2026-07-30T18:03:43,63,נשים,עמיקם,language,הונגרית,1
2026-07-30T18:03:43,63,נשים,עמיקם,language,עברית,63
2026-07-30T18:03:43,63,נשים,עמיקם,language,ערבית,28
2026-07-30T18:03:43,63,נשים,עמיקם,language,צרפתית,2
2026-07-30T18:03:43,63,נשים,עמיקם,language,רומנית,3
2026-07-30T18:03:43,63,נשים,עמיקם,language,רוסית,15
2026-07-30T18:04:04,63,נשים,עסכר,gender,גבר,47
2026-07-30T18:04:04,63,נשים,עסכר,gender,אישה,92
2026-07-30T18:04:04,63,נשים,עסכר,visit_type,ביקור במרפאה,142
2026-07-30T18:04:04,63,נשים,עסכר,visit_type,שיחת טלפון,2
2026-07-30T18:04:04,63,נשים,עסכר,language,אידיש,1
2026-07-30T18:04:04,63,נשים,עסכר,language,אנגלית,18
2026-07-30T18:04:04,63,נשים,עסכר,language,גרמנית,1
2026-07-30T18:04:04,63,נשים,עסכר,language,עברית,32
2026-07-30T18:04:04,63,נשים,עסכר,language,ערבית,8
2026-07-30T18:04:04,63,נשים,עסכר,language,צרפתית,2
2026-07-30T18:04:04,63,נשים,עסכר,language,רומנית,2
2026-07-30T18:04:04,63,נשים,עסכר,language,רוסית,11
2026-07-30T18:04:25,63,נשים,עראמשה,gender,גבר,23
2026-07-30T18:04:25,63,נשים,עראמשה,gender,אישה,64
2026-07-30T18:04:25,63,נשים,עראמשה,visit_type,ביקור במרפאה,88
2026-07-30T18:04:25,63,נשים,עראמשה,visit_type,שיחת טלפון,2
2026-07-30T18:04:25,63,נשים,עראמשה,language,איטלקית,4
2026-07-30T18:04:25,63,נשים,עראמשה,language,אנגלית,56
2026-07-30T18:04:25,63,נשים,עראמשה,language,ספרדית,1
2026-07-30T18:04:25,63,נשים,עראמשה,language,עברית,85
2026-07-30T18:04:25,63,נשים,עראמשה,language,ערבית,64
2026-07-30T18:04:25,63,נשים,עראמשה,language,רומנית,4
2026-07-30T18:04:25,63,נשים,עראמשה,language,רוסית,15
2026-07-30T18:04:41,63,נשים,עתיל,gender,גבר,47
2026-07-30T18:04:41,63,נשים,עתיל,gender,אישה,92
2026-07-30T18:04:41,63,נשים,עתיל,visit_type,ביקור במרפאה,142
2026-07-30T18:04:41,63,נשים,עתיל,visit_type,שיחת טלפון,2
2026-07-30T18:04:41,63,נשים,עתיל,language,אידיש,1
2026-07-30T18:04:41,63,נשים,עתיל,language,אנגלית,18
2026-07-30T18:04:41,63,נשים,עתיל,language,גרמנית,1
2026-07-30T18:04:41,63,נשים,עתיל,language,עברית,32
2026-07-30T18:04:41,63,נשים,עתיל,language,ערבית,8
2026-07-30T18:04:41,63,נשים,עתיל,language,צרפתית,2
2026-07-30T18:04:41,63,נשים,עתיל,language,רומנית,2
2026-07-30T18:04:41,63,נשים,עתיל,language,רוסית,11
2026-07-30T18:05:02,63,נשים,פדואל,gender,גבר,10
2026-07-30T18:05:02,63,נשים,פדואל,gender,אישה,15
2026-07-30T18:05:02,63,נשים,פדואל,visit_type,ביקור במרפאה,29
2026-07-30T18:05:02,63,נשים,פדואל,language,איטלקית,4
2026-07-30T18:05:02,63,נשים,פדואל,language,אנגלית,12
2026-07-30T18:05:02,63,נשים,פדואל,language,ספרדית,1
2026-07-30T18:05:02,63,נשים,פדואל,language,עברית,24
2026-07-30T18:05:02,63,נשים,פדואל,language,ערבית,1
2026-07-30T18:05:02,63,נשים,פדואל,language,צרפתית,2
2026-07-30T18:05:02,63,נשים,פדואל,language,רומנית,4
2026-07-30T18:05:02,63,נשים,פדואל,language,רוסית,2
2026-07-30T18:05:10,63,נשים,פלאמה,gender,גבר,47
2026-07-30T18:05:10,63,נשים,פלאמה,gender,אישה,92
2026-07-30T18:05:10,63,נשים,פלאמה,visit_type,ביקור במרפאה,142
2026-07-30T18:05:10,63,נשים,פלאמה,visit_type,שיחת טלפון,2
2026-07-30T18:05:10,63,נשים,פלאמה,language,אידיש,1
2026-07-30T18:05:10,63,נשים,פלאמה,language,אנגלית,18
2026-07-30T18:05:10,63,נשים,פלאמה,language,גרמנית,1
2026-07-30T18:05:10,63,נשים,פלאמה,language,עברית,32
2026-07-30T18:05:10,63,נשים,פלאמה,language,ערבית,8
2026-07-30T18:05:10,63,נשים,פלאמה,language,צרפתית,2
2026-07-30T18:05:10,63,נשים,פלאמה,language,רומנית,2
2026-07-30T18:05:10,63,נשים,פלאמה,language,רוסית,11
2026-07-30T18:05:32,63,נשים,פקועה,gender,גבר,47
2026-07-30T18:05:32,63,נשים,פקועה,gender,אישה,92
2026-07-30T18:05:32,63,נשים,פקועה,visit_type,ביקור במרפאה,142
2026-07-30T18:05:32,63,נשים,פקועה,visit_type,שיחת טלפון,2
2026-07-30T18:05:32,63,נשים,פקועה,language,אידיש,1
2026-07-30T18:05:32,63,נשים,פקועה,language,אנגלית,18
2026-07-30T18:05:32,63,נשים,פקועה,language,גרמנית,1
2026-07-30T18:05:32,63,נשים,פקועה,language,עברית,32
2026-07-30T18:05:32,63,נשים,פקועה,language,ערבית,8
2026-07-30T18:05:32,63,נשים,פקועה,language,צרפתית,2
2026-07-30T18:05:32,63,נשים,פקועה,language,רומנית,2
2026-07-30T18:05:32,63,נשים,פקועה,language,רוסית,11
2026-07-30T18:05:53,63,נשים,פרעתה,gender,גבר,47
2026-07-30T18:05:53,63,נשים,פרעתה,gender,אישה,92
2026-07-30T18:05:53,63,נשים,פרעתה,visit_type,ביקור במרפאה,142
2026-07-30T18:05:53,63,נשים,פרעתה,visit_type,שיחת טלפון,2
2026-07-30T18:05:53,63,נשים,פרעתה,language,אידיש,1
2026-07-30T18:05:53,63,נשים,פרעתה,language,אנגלית,18
2026-07-30T18:05:53,63,נשים,פרעתה,language,גרמנית,1
2026-07-30T18:05:53,63,נשים,פרעתה,language,עברית,32
2026-07-30T18:05:53,63,נשים,פרעתה,language,ערבית,8
2026-07-30T18:05:53,63,נשים,פרעתה,language,צרפתית,2
2026-07-30T18:05:53,63,נשים,פרעתה,language,רומנית,2
2026-07-30T18:05:53,63,נשים,פרעתה,language,רוסית,11
2026-07-30T18:06:15,63,נשים,צופית,gender,גבר,72
2026-07-30T18:06:15,63,נשים,צופית,gender,אישה,113
2026-07-30T18:06:15,63,נשים,צופית,visit_type,ביקור במרפאה,189
2026-07-30T18:06:15,63,נשים,צופית,visit_type,שיחת טלפון,2
2026-07-30T18:06:15,63,נשים,צופית,language,אידיש,1
2026-07-30T18:06:15,63,נשים,צופית,language,איטלקית,1
2026-07-30T18:06:15,63,נשים,צופית,language,אנגלית,37
2026-07-30T18:06:15,63,נשים,צופית,language,גרמנית,2
2026-07-30T18:06:15,63,נשים,צופית,language,ספרדית,1
2026-07-30T18:06:15,63,נשים,צופית,language,עברית,64
2026-07-30T18:06:15,63,נשים,צופית,language,ערבית,9
2026-07-30T18:06:15,63,נשים,צופית,language,צרפתית,3
2026-07-30T18:06:15,63,נשים,צופית,language,רומנית,3
2026-07-30T18:06:15,63,נשים,צופית,language,רוסית,16
2026-07-30T18:06:35,63,נשים,צפרירים,gender,גבר,47
2026-07-30T18:06:35,63,נשים,צפרירים,gender,אישה,79
2026-07-30T18:06:35,63,נשים,צפרירים,visit_type,ביקור במרפאה,131
2026-07-30T18:06:35,63,נשים,צפרירים,visit_type,שיחת טלפון,16
2026-07-30T18:06:35,63,נשים,צפרירים,visit_type,שיחת וידאו,1
2026-07-30T18:06:35,63,נשים,צפרירים,language,אידיש,2
2026-07-30T18:06:35,63,נשים,צפרירים,language,אנגלית,20
2026-07-30T18:06:35,63,נשים,צפרירים,language,עברית,24
2026-07-30T18:06:35,63,נשים,צפרירים,language,ערבית,3
2026-07-30T18:06:35,63,נשים,צפרירים,language,צרפתית,2
2026-07-30T18:06:35,63,נשים,צפרירים,language,רוסית,3
2026-07-30T18:06:55,63,נשים,קדיתא,gender,גבר,29
2026-07-30T18:06:55,63,נשים,קדיתא,gender,אישה,58
2026-07-30T18:06:55,63,נשים,קדיתא,visit_type,ביקור במרפאה,87
2026-07-30T18:06:55,63,נשים,קדיתא,language,אנגלית,9
2026-07-30T18:06:55,63,נשים,קדיתא,language,עברית,13
2026-07-30T18:06:55,63,נשים,קדיתא,language,ערבית,4
2026-07-30T18:06:55,63,נשים,קדיתא,language,רוסית,3
2026-07-30T18:07:10,63,נשים,קוסין,gender,גבר,47
2026-07-30T18:07:10,63,נשים,קוסין,gender,אישה,92
2026-07-30T18:07:10,63,נשים,קוסין,visit_type,ביקור במרפאה,142
2026-07-30T18:07:10,63,נשים,קוסין,visit_type,שיחת טלפון,2
2026-07-30T18:07:10,63,נשים,קוסין,language,אידיש,1
2026-07-30T18:07:10,63,נשים,קוסין,language,אנגלית,18
2026-07-30T18:07:10,63,נשים,קוסין,language,גרמנית,1
2026-07-30T18:07:10,63,נשים,קוסין,language,עברית,32
2026-07-30T18:07:10,63,נשים,קוסין,language,ערבית,8
2026-07-30T18:07:10,63,נשים,קוסין,language,צרפתית,2
2026-07-30T18:07:10,63,נשים,קוסין,language,רומנית,2
2026-07-30T18:07:10,63,נשים,קוסין,language,רוסית,11
2026-07-30T18:07:30,63,נשים,קלנדיה,gender,גבר,47
2026-07-30T18:07:30,63,נשים,קלנדיה,gender,אישה,79
2026-07-30T18:07:30,63,נשים,קלנדיה,visit_type,ביקור במרפאה,131
2026-07-30T18:07:30,63,נשים,קלנדיה,visit_type,שיחת טלפון,16
2026-07-30T18:07:30,63,נשים,קלנדיה,visit_type,שיחת וידאו,1
2026-07-30T18:07:30,63,נשים,קלנדיה,language,אידיש,2
2026-07-30T18:07:30,63,נשים,קלנדיה,language,אנגלית,20
2026-07-30T18:07:30,63,נשים,קלנדיה,language,עברית,24
2026-07-30T18:07:30,63,נשים,קלנדיה,language,ערבית,3
2026-07-30T18:07:30,63,נשים,קלנדיה,language,צרפתית,2
2026-07-30T18:07:30,63,נשים,קלנדיה,language,רוסית,3
2026-07-30T18:07:49,63,נשים,קריות,gender,גבר,47
2026-07-30T18:07:49,63,נשים,קריות,gender,אישה,79
2026-07-30T18:07:49,63,נשים,קריות,visit_type,ביקור במרפאה,131
2026-07-30T18:07:49,63,נשים,קריות,visit_type,שיחת טלפון,16
2026-07-30T18:07:49,63,נשים,קריות,visit_type,שיחת וידאו,1
2026-07-30T18:07:49,63,נשים,קריות,language,אידיש,2
2026-07-30T18:07:49,63,נשים,קריות,language,אנגלית,20
2026-07-30T18:07:49,63,נשים,קריות,language,עברית,24
2026-07-30T18:07:49,63,נשים,קריות,language,ערבית,3
2026-07-30T18:07:49,63,נשים,קריות,language,צרפתית,2
2026-07-30T18:07:49,63,נשים,קריות,language,רוסית,3
2026-07-30T18:08:09,63,נשים,ראבוד,gender,גבר,68
2026-07-30T18:08:09,63,נשים,ראבוד,gender,אישה,86
2026-07-30T18:08:09,63,נשים,ראבוד,visit_type,ביקור במרפאה,156
2026-07-30T18:08:09,63,נשים,ראבוד,visit_type,שיחת טלפון,1
2026-07-30T18:08:09,63,נשים,ראבוד,language,אידיש,4
2026-07-30T18:08:09,63,נשים,ראבוד,language,אנגלית,22
2026-07-30T18:08:09,63,נשים,ראבוד,language,גרמנית,1
2026-07-30T18:08:09,63,נשים,ראבוד,language,ליטאית,1
2026-07-30T18:08:09,63,נשים,ראבוד,language,סינית,1
2026-07-30T18:08:09,63,נשים,ראבוד,language,עברית,14
2026-07-30T18:08:09,63,נשים,ראבוד,language,ערבית,4
2026-07-30T18:08:09,63,נשים,ראבוד,language,רוסית,22
2026-07-30T18:08:29,63,נשים,רבדים,gender,גבר,28
2026-07-30T18:08:29,63,נשים,רבדים,gender,אישה,31
2026-07-30T18:08:29,63,נשים,רבדים,visit_type,ביקור במרפאה,63
2026-07-30T18:08:29,63,נשים,רבדים,language,אוקראינית,2
2026-07-30T18:08:29,63,נשים,רבדים,language,איטלקית,1
2026-07-30T18:08:29,63,נשים,רבדים,language,אנגלית,13
2026-07-30T18:08:29,63,נשים,רבדים,language,גרוזינית,1
2026-07-30T18:08:29,63,נשים,רבדים,language,הונגרית,1
2026-07-30T18:08:29,63,נשים,רבדים,language,ספרדית,1
2026-07-30T18:08:29,63,נשים,רבדים,language,עברית,20
2026-07-30T18:08:29,63,נשים,רבדים,language,צרפתית,2
2026-07-30T18:08:29,63,נשים,רבדים,language,רוסית,10
2026-07-30T18:08:39,63,נשים,רוחמה,gender,גבר,47
2026-07-30T18:08:39,63,נשים,רוחמה,gender,אישה,61
2026-07-30T18:08:39,63,נשים,רוחמה,visit_type,ביקור במרפאה,108
2026-07-30T18:08:39,63,נשים,רוחמה,visit_type,שיחת טלפון,1
2026-07-30T18:08:39,63,נשים,רוחמה,language,אידיש,4
2026-07-30T18:08:39,63,נשים,רוחמה,language,אנגלית,13
2026-07-30T18:08:39,63,נשים,רוחמה,language,גרמנית,1
2026-07-30T18:08:39,63,נשים,רוחמה,language,ליטאית,1
2026-07-30T18:08:39,63,נשים,רוחמה,language,סינית,1
2026-07-30T18:08:39,63,נשים,רוחמה,language,עברית,8
2026-07-30T18:08:39,63,נשים,רוחמה,language,ערבית,3
2026-07-30T18:08:39,63,נשים,רוחמה,language,רוסית,14
2026-07-30T18:08:58,63,נשים,ריחן,gender,גבר,62
2026-07-30T18:08:58,63,נשים,ריחן,gender,אישה,138
2026-07-30T18:08:58,63,נשים,ריחן,visit_type,ביקור במרפאה,203
2026-07-30T18:08:58,63,נשים,ריחן,visit_type,שיחת טלפון,2
2026-07-30T18:08:58,63,נשים,ריחן,language,אידיש,1
2026-07-30T18:08:58,63,נשים,ריחן,language,איטלקית,1
2026-07-30T18:08:58,63,נשים,ריחן,language,אנגלית,38
2026-07-30T18:08:58,63,נשים,ריחן,language,גרמנית,1
2026-07-30T18:08:58,63,נשים,ריחן,language,הונגרית,1
2026-07-30T18:08:58,63,נשים,ריחן,language,עברית,63
2026-07-30T18:08:58,63,נשים,ריחן,language,ערבית,28
2026-07-30T18:08:58,63,נשים,ריחן,language,צרפתית,2
2026-07-30T18:08:58,63,נשים,ריחן,language,רומנית,3
2026-07-30T18:08:58,63,נשים,ריחן,language,רוסית,15
2026-07-30T18:09:18,63,נשים,רמות מאיר,gender,גבר,40
2026-07-30T18:09:18,63,נשים,רמות מאיר,gender,אישה,46
2026-07-30T18:09:18,63,נשים,רמות מאיר,visit_type,ביקור במרפאה,88
2026-07-30T18:09:18,63,נשים,רמות מאיר,language,אוקראינית,3
2026-07-30T18:09:18,63,נשים,רמות מאיר,language,אידיש,1
2026-07-30T18:09:18,63,נשים,רמות מאיר,language,איטלקית,2
2026-07-30T18:09:18,63,נשים,רמות מאיר,language,אנגלית,21
2026-07-30T18:09:18,63,נשים,רמות מאיר,language,הונגרית,1
2026-07-30T18:09:18,63,נשים,רמות מאיר,language,ספרדית,1
2026-07-30T18:09:18,63,נשים,רמות מאיר,language,עברית,29
2026-07-30T18:09:18,63,נשים,רמות מאיר,language,צרפתית,1
2026-07-30T18:09:18,63,נשים,רמות מאיר,language,רוסית,12
2026-07-30T18:09:34,63,נשים,רפידיה,gender,גבר,47
2026-07-30T18:09:34,63,נשים,רפידיה,gender,אישה,92
2026-07-30T18:09:34,63,נשים,רפידיה,visit_type,ביקור במרפאה,142
2026-07-30T18:09:34,63,נשים,רפידיה,visit_type,שיחת טלפון,2
2026-07-30T18:09:34,63,נשים,רפידיה,language,אידיש,1
2026-07-30T18:09:34,63,נשים,רפידיה,language,אנגלית,18
2026-07-30T18:09:34,63,נשים,רפידיה,language,גרמנית,1
2026-07-30T18:09:34,63,נשים,רפידיה,language,עברית,32
2026-07-30T18:09:34,63,נשים,רפידיה,language,ערבית,8
2026-07-30T18:09:34,63,נשים,רפידיה,language,צרפתית,2
2026-07-30T18:09:34,63,נשים,רפידיה,language,רומנית,2
2026-07-30T18:09:34,63,נשים,רפידיה,language,רוסית,11
2026-07-30T18:09:54,63,נשים,שבתין,gender,גבר,10
2026-07-30T18:09:54,63,נשים,שבתין,gender,אישה,15
2026-07-30T18:09:54,63,נשים,שבתין,visit_type,ביקור במרפאה,29
2026-07-30T18:09:54,63,נשים,שבתין,language,איטלקית,4
2026-07-30T18:09:54,63,נשים,שבתין,language,אנגלית,12
2026-07-30T18:09:54,63,נשים,שבתין,language,ספרדית,1
2026-07-30T18:09:54,63,נשים,שבתין,language,עברית,24
2026-07-30T18:09:54,63,נשים,שבתין,language,ערבית,1
2026-07-30T18:09:54,63,נשים,שבתין,language,צרפתית,2
2026-07-30T18:09:54,63,נשים,שבתין,language,רומנית,4
2026-07-30T18:09:54,63,נשים,שבתין,language,רוסית,2
2026-07-30T18:10:02,63,נשים,שדה יצחק,gender,גבר,62
2026-07-30T18:10:02,63,נשים,שדה יצחק,gender,אישה,138
2026-07-30T18:10:02,63,נשים,שדה יצחק,visit_type,ביקור במרפאה,203
2026-07-30T18:10:02,63,נשים,שדה יצחק,visit_type,שיחת טלפון,2
2026-07-30T18:10:02,63,נשים,שדה יצחק,language,אידיש,1
2026-07-30T18:10:02,63,נשים,שדה יצחק,language,איטלקית,1
2026-07-30T18:10:02,63,נשים,שדה יצחק,language,אנגלית,38
2026-07-30T18:10:02,63,נשים,שדה יצחק,language,גרמנית,1
2026-07-30T18:10:02,63,נשים,שדה יצחק,language,הונגרית,1
2026-07-30T18:10:02,63,נשים,שדה יצחק,language,עברית,63
2026-07-30T18:10:02,63,נשים,שדה יצחק,language,ערבית,28
2026-07-30T18:10:02,63,נשים,שדה יצחק,language,צרפתית,2
2026-07-30T18:10:02,63,נשים,שדה יצחק,language,רומנית,3
2026-07-30T18:10:02,63,נשים,שדה יצחק,language,רוסית,15
2026-07-30T18:10:22,63,נשים,שוקבא,gender,גבר,10
2026-07-30T18:10:22,63,נשים,שוקבא,gender,אישה,15
2026-07-30T18:10:22,63,נשים,שוקבא,visit_type,ביקור במרפאה,29
2026-07-30T18:10:22,63,נשים,שוקבא,language,איטלקית,4
2026-07-30T18:10:22,63,נשים,שוקבא,language,אנגלית,12
2026-07-30T18:10:22,63,נשים,שוקבא,language,ספרדית,1
2026-07-30T18:10:22,63,נשים,שוקבא,language,עברית,24
2026-07-30T18:10:22,63,נשים,שוקבא,language,ערבית,1
2026-07-30T18:10:22,63,נשים,שוקבא,language,צרפתית,2
2026-07-30T18:10:22,63,נשים,שוקבא,language,רומנית,4
2026-07-30T18:10:22,63,נשים,שוקבא,language,רוסית,2
2026-07-30T18:10:29,63,נשים,שייח' דנון,gender,אישה,64
2026-07-30T18:10:29,63,נשים,שייח' דנון,gender,גבר,23
2026-07-30T18:10:29,63,נשים,שייח' דנון,visit_type,ביקור במרפאה,88
2026-07-30T18:10:29,63,נשים,שייח' דנון,visit_type,שיחת טלפון,2
2026-07-30T18:10:29,63,נשים,שייח' דנון,language,איטלקית,4
2026-07-30T18:10:29,63,נשים,שייח' דנון,language,אנגלית,56
2026-07-30T18:10:29,63,נשים,שייח' דנון,language,ספרדית,1
2026-07-30T18:10:29,63,נשים,שייח' דנון,language,עברית,85
2026-07-30T18:10:29,63,נשים,שייח' דנון,language,ערבית,64
2026-07-30T18:10:29,63,נשים,שייח' דנון,language,רומנית,4
2026-07-30T18:10:29,63,נשים,שייח' דנון,language,רוסית,15
2026-07-30T18:10:41,63,נשים,שלומציון,gender,גבר,47
2026-07-30T18:10:41,63,נשים,שלומציון,gender,אישה,79
2026-07-30T18:10:41,63,נשים,שלומציון,visit_type,ביקור במרפאה,131
2026-07-30T18:10:41,63,נשים,שלומציון,visit_type,שיחת טלפון,16
2026-07-30T18:10:41,63,נשים,שלומציון,visit_type,שיחת וידאו,1
2026-07-30T18:10:41,63,נשים,שלומציון,language,אידיש,2
2026-07-30T18:10:41,63,נשים,שלומציון,language,אנגלית,20
2026-07-30T18:10:41,63,נשים,שלומציון,language,עברית,24
2026-07-30T18:10:41,63,נשים,שלומציון,language,ערבית,3
2026-07-30T18:10:41,63,נשים,שלומציון,language,צרפתית,2
2026-07-30T18:10:41,63,נשים,שלומציון,language,רוסית,3
2026-07-30T18:11:02,63,נשים,שער אפרים,gender,גבר,47
2026-07-30T18:11:02,63,נשים,שער אפרים,gender,אישה,92
2026-07-30T18:11:02,63,נשים,שער אפרים,visit_type,ביקור במרפאה,142
2026-07-30T18:11:02,63,נשים,שער אפרים,visit_type,שיחת טלפון,2
2026-07-30T18:11:02,63,נשים,שער אפרים,language,אידיש,1
2026-07-30T18:11:02,63,נשים,שער אפרים,language,אנגלית,18
2026-07-30T18:11:02,63,נשים,שער אפרים,language,גרמנית,1
2026-07-30T18:11:02,63,נשים,שער אפרים,language,עברית,32
2026-07-30T18:11:02,63,נשים,שער אפרים,language,ערבית,8
2026-07-30T18:11:02,63,נשים,שער אפרים,language,צרפתית,2
2026-07-30T18:11:02,63,נשים,שער אפרים,language,רומנית,2
2026-07-30T18:11:02,63,נשים,שער אפרים,language,רוסית,11
2026-07-30T18:11:23,63,נשים,שקף,gender,גבר,47
2026-07-30T18:11:23,63,נשים,שקף,gender,אישה,61
2026-07-30T18:11:23,63,נשים,שקף,visit_type,ביקור במרפאה,108
2026-07-30T18:11:23,63,נשים,שקף,visit_type,שיחת טלפון,1
2026-07-30T18:11:23,63,נשים,שקף,language,אידיש,4
2026-07-30T18:11:23,63,נשים,שקף,language,אנגלית,13
2026-07-30T18:11:23,63,נשים,שקף,language,גרמנית,1
2026-07-30T18:11:23,63,נשים,שקף,language,ליטאית,1
2026-07-30T18:11:23,63,נשים,שקף,language,סינית,1
2026-07-30T18:11:23,63,נשים,שקף,language,עברית,8
2026-07-30T18:11:23,63,נשים,שקף,language,ערבית,3
2026-07-30T18:11:23,63,נשים,שקף,language,רוסית,14
2026-07-30T18:11:39,63,נשים,תומר,gender,גבר,47
2026-07-30T18:11:39,63,נשים,תומר,gender,אישה,79
2026-07-30T18:11:39,63,נשים,תומר,visit_type,ביקור במרפאה,131
2026-07-30T18:11:39,63,נשים,תומר,visit_type,שיחת טלפון,16
2026-07-30T18:11:39,63,נשים,תומר,visit_type,שיחת וידאו,1
2026-07-30T18:11:39,63,נשים,תומר,language,אידיש,2
2026-07-30T18:11:39,63,נשים,תומר,language,אנגלית,20
2026-07-30T18:11:39,63,נשים,תומר,language,עברית,24
2026-07-30T18:11:39,63,נשים,תומר,language,ערבית,3
2026-07-30T18:11:39,63,נשים,תומר,language,צרפתית,2
2026-07-30T18:11:39,63,נשים,תומר,language,רוסית,3
2026-07-30T18:11:58,63,נשים,תל אל בידה,gender,גבר,29
2026-07-30T18:11:58,63,נשים,תל אל בידה,gender,אישה,58
2026-07-30T18:11:58,63,נשים,תל אל בידה,visit_type,ביקור במרפאה,87
2026-07-30T18:11:58,63,נשים,תל אל בידה,language,אנגלית,9
2026-07-30T18:11:58,63,נשים,תל אל בידה,language,עברית,13
2026-07-30T18:11:58,63,נשים,תל אל בידה,language,ערבית,4
2026-07-30T18:11:58,63,נשים,תל אל בידה,language,רוסית,3
2026-07-30T18:12:11,63,נשים,תעוז,gender,גבר,47
2026-07-30T18:12:11,63,נשים,תעוז,gender,אישה,79
2026-07-30T18:12:11,63,נשים,תעוז,visit_type,ביקור במרפאה,131
2026-07-30T18:12:11,63,נשים,תעוז,visit_type,שיחת טלפון,16
2026-07-30T18:12:11,63,נשים,תעוז,visit_type,שיחת וידאו,1
2026-07-30T18:12:11,63,נשים,תעוז,language,אידיש,2
2026-07-30T18:12:11,63,נשים,תעוז,language,אנגלית,20
2026-07-30T18:12:11,63,נשים,תעוז,language,עברית,24
2026-07-30T18:12:11,63,נשים,תעוז,language,ערבית,3
2026-07-30T18:12:11,63,נשים,תעוז,language,צרפתית,2
2026-07-30T18:12:11,63,נשים,תעוז,language,רוסית,3
2026-07-30T18:12:31,63,נשים,תפרח,gender,גבר,68
2026-07-30T18:12:31,63,נשים,תפרח,gender,אישה,86
2026-07-30T18:12:31,63,נשים,תפרח,visit_type,ביקור במרפאה,156
2026-07-30T18:12:31,63,נשים,תפרח,visit_type,שיחת טלפון,1
2026-07-30T18:12:31,63,נשים,תפרח,language,אידיש,4
2026-07-30T18:12:31,63,נשים,תפרח,language,אנגלית,22
2026-07-30T18:12:31,63,נשים,תפרח,language,גרמנית,1
2026-07-30T18:12:31,63,נשים,תפרח,language,ליטאית,1
2026-07-30T18:12:31,63,נשים,תפרח,language,סינית,1
2026-07-30T18:12:31,63,נשים,תפרח,language,עברית,14
2026-07-30T18:12:31,63,נשים,תפרח,language,ערבית,4
2026-07-30T18:12:31,63,נשים,תפרח,language,רוסית,22
2026-07-30T18:12:50,31,עור,א ראם,gender,גבר,24
2026-07-30T18:12:50,31,עור,א ראם,gender,אישה,19
2026-07-30T18:12:50,31,עור,א ראם,visit_type,ביקור במרפאה,45
2026-07-30T18:12:50,31,עור,א ראם,language,אנגלית,6
2026-07-30T18:12:50,31,עור,א ראם,language,ספרדית,1
2026-07-30T18:12:50,31,עור,א ראם,language,עברית,13
2026-07-30T18:12:50,31,עור,א ראם,language,צרפתית,4
2026-07-30T18:12:50,31,עור,א ראם,language,רוסית,7
2026-07-30T18:12:59,31,עור,אבו עבדון,gender,גבר,22
2026-07-30T18:12:59,31,עור,אבו עבדון,gender,אישה,10
2026-07-30T18:12:59,31,עור,אבו עבדון,visit_type,ביקור במרפאה,34
2026-07-30T18:12:59,31,עור,אבו עבדון,language,אנגלית,4
2026-07-30T18:12:59,31,עור,אבו עבדון,language,בולגרית,1
2026-07-30T18:12:59,31,עור,אבו עבדון,language,עברית,6
2026-07-30T18:12:59,31,עור,אבו עבדון,language,ערבית,1
2026-07-30T18:12:59,31,עור,אבו עבדון,language,רוסית,2
2026-07-30T18:13:09,31,עור,אודלה,gender,אישה,15
2026-07-30T18:13:09,31,עור,אודלה,gender,גבר,33
2026-07-30T18:13:09,31,עור,אודלה,visit_type,ביקור במרפאה,49
2026-07-30T18:13:09,31,עור,אודלה,language,איטלקית,1
2026-07-30T18:13:09,31,עור,אודלה,language,אנגלית,5
2026-07-30T18:13:09,31,עור,אודלה,language,עברית,9
2026-07-30T18:13:09,31,עור,אודלה,language,ערבית,1
2026-07-30T18:13:09,31,עור,אודלה,language,צרפתית,2
2026-07-30T18:13:09,31,עור,אודלה,language,רומנית,1
2026-07-30T18:13:09,31,עור,אודלה,language,רוסית,6
2026-07-30T18:13:22,31,עור,אזור תעסוקה מיתרים,gender,גבר,30
2026-07-30T18:13:22,31,עור,אזור תעסוקה מיתרים,gender,אישה,13
2026-07-30T18:13:22,31,עור,אזור תעסוקה מיתרים,visit_type,ביקור במרפאה,45
2026-07-30T18:13:22,31,עור,אזור תעסוקה מיתרים,language,אנגלית,6
2026-07-30T18:13:22,31,עור,אזור תעסוקה מיתרים,language,בולגרית,1
2026-07-30T18:13:22,31,עור,אזור תעסוקה מיתרים,language,עברית,9
2026-07-30T18:13:22,31,עור,אזור תעסוקה מיתרים,language,ערבית,1
2026-07-30T18:13:22,31,עור,אזור תעסוקה מיתרים,language,רוסית,5
2026-07-30T18:13:34,31,עור,אחיעזר,gender,גבר,28
2026-07-30T18:13:34,31,עור,אחיעזר,gender,אישה,6
2026-07-30T18:13:34,31,עור,אחיעזר,visit_type,ביקור במרפאה,34
2026-07-30T18:13:34,31,עור,אחיעזר,visit_type,שיחת טלפון,2
2026-07-30T18:13:34,31,עור,אחיעזר,language,אנגלית,4
2026-07-30T18:13:34,31,עור,אחיעזר,language,אפריקנס,1
2026-07-30T18:13:34,31,עור,אחיעזר,language,הולנדית,1
2026-07-30T18:13:34,31,עור,אחיעזר,language,עברית,8
2026-07-30T18:13:34,31,עור,אחיעזר,language,רוסית,3
2026-07-30T18:13:40,31,עור,אילניה,gender,גבר,47
2026-07-30T18:13:40,31,עור,אילניה,gender,אישה,6
2026-07-30T18:13:40,31,עור,אילניה,visit_type,ביקור במרפאה,53
2026-07-30T18:13:40,31,עור,אילניה,language,אנגלית,21
2026-07-30T18:13:40,31,עור,אילניה,language,עברית,21
2026-07-30T18:13:40,31,עור,אילניה,language,ערבית,17
2026-07-30T18:13:40,31,עור,אילניה,language,רומנית,4
2026-07-30T18:13:40,31,עור,אילניה,language,רוסית,2
2026-07-30T18:13:49,31,עור,אל עטאונה,gender,גבר,22
2026-07-30T18:13:49,31,עור,אל עטאונה,gender,אישה,10
2026-07-30T18:13:49,31,עור,אל עטאונה,visit_type,ביקור במרפאה,34
2026-07-30T18:13:49,31,עור,אל עטאונה,language,אנגלית,4
2026-07-30T18:13:49,31,עור,אל עטאונה,language,בולגרית,1
2026-07-30T18:13:49,31,עור,אל עטאונה,language,עברית,6
2026-07-30T18:13:49,31,עור,אל עטאונה,language,ערבית,1
2026-07-30T18:13:49,31,עור,אל עטאונה,language,רוסית,2
2026-07-30T18:13:59,31,עור,אעצם,gender,גבר,22
2026-07-30T18:13:59,31,עור,אעצם,gender,אישה,10
2026-07-30T18:13:59,31,עור,אעצם,visit_type,ביקור במרפאה,34
2026-07-30T18:13:59,31,עור,אעצם,language,אנגלית,4
2026-07-30T18:13:59,31,עור,אעצם,language,בולגרית,1
2026-07-30T18:13:59,31,עור,אעצם,language,עברית,6
2026-07-30T18:13:59,31,עור,אעצם,language,ערבית,1
2026-07-30T18:13:59,31,עור,אעצם,language,רוסית,2
2026-07-30T18:14:09,31,עור,אריאל,gender,גבר,34
2026-07-30T18:14:09,31,עור,אריאל,gender,אישה,19
2026-07-30T18:14:09,31,עור,אריאל,visit_type,ביקור במרפאה,62
2026-07-30T18:14:09,31,עור,אריאל,language,איטלקית,1
2026-07-30T18:14:09,31,עור,אריאל,language,אנגלית,27
2026-07-30T18:14:09,31,עור,אריאל,language,גרמנית,2
2026-07-30T18:14:09,31,עור,אריאל,language,ספרדית,4
2026-07-30T18:14:09,31,עור,אריאל,language,עברית,46
2026-07-30T18:14:09,31,עור,אריאל,language,ערבית,7
2026-07-30T18:14:09,31,עור,אריאל,language,צרפתית,4
2026-07-30T18:14:09,31,עור,אריאל,language,רוסית,5
2026-07-30T18:14:26,31,עור,אשלים,gender,גבר,22
2026-07-30T18:14:26,31,עור,אשלים,gender,אישה,10
2026-07-30T18:14:26,31,עור,אשלים,visit_type,ביקור במרפאה,34
2026-07-30T18:14:26,31,עור,אשלים,language,אנגלית,4
2026-07-30T18:14:26,31,עור,אשלים,language,בולגרית,1
2026-07-30T18:14:26,31,עור,אשלים,language,עברית,6
2026-07-30T18:14:26,31,עור,אשלים,language,ערבית,1
2026-07-30T18:14:26,31,עור,אשלים,language,רוסית,2
2026-07-30T18:14:37,31,עור,באר שבע,gender,אישה,13
2026-07-30T18:14:37,31,עור,באר שבע,gender,גבר,30
2026-07-30T18:14:37,31,עור,באר שבע,visit_type,ביקור במרפאה,45
2026-07-30T18:14:37,31,עור,באר שבע,language,אנגלית,6
2026-07-30T18:14:37,31,עור,באר שבע,language,בולגרית,1
2026-07-30T18:14:37,31,עור,באר שבע,language,עברית,9
2026-07-30T18:14:37,31,עור,באר שבע,language,ערבית,1
2026-07-30T18:14:37,31,עור,באר שבע,language,רוסית,5
2026-07-30T18:14:51,31,עור,בורייג',gender,גבר,30
2026-07-30T18:14:51,31,עור,בורייג',gender,אישה,13
2026-07-30T18:14:51,31,עור,בורייג',visit_type,ביקור במרפאה,45
2026-07-30T18:14:51,31,עור,בורייג',language,אנגלית,6
2026-07-30T18:14:51,31,עור,בורייג',language,בולגרית,1
2026-07-30T18:14:51,31,עור,בורייג',language,עברית,9
2026-07-30T18:14:51,31,עור,בורייג',language,ערבית,1
2026-07-30T18:14:51,31,עור,בורייג',language,רוסית,5
2026-07-30T18:15:04,31,עור,ביענה,gender,גבר,45
2026-07-30T18:15:04,31,עור,ביענה,gender,אישה,6
2026-07-30T18:15:04,31,עור,ביענה,visit_type,ביקור במרפאה,52
2026-07-30T18:15:04,31,עור,ביענה,language,אידיש,1
2026-07-30T18:15:04,31,עור,ביענה,language,אנגלית,28
2026-07-30T18:15:04,31,עור,ביענה,language,גרמנית,7
2026-07-30T18:15:04,31,עור,ביענה,language,עברית,51
2026-07-30T18:15:04,31,עור,ביענה,language,ערבית,45
2026-07-30T18:15:04,31,עור,ביענה,language,רומנית,12
2026-07-30T18:15:04,31,עור,ביענה,language,רוסית,3
2026-07-30T18:15:14,31,עור,בני דרום,gender,גבר,18
2026-07-30T18:15:14,31,עור,בני דרום,gender,אישה,6
2026-07-30T18:15:14,31,עור,בני דרום,visit_type,ביקור במרפאה,24
2026-07-30T18:15:14,31,עור,בני דרום,language,אנגלית,7
2026-07-30T18:15:14,31,עור,בני דרום,language,אפריקנס,1
2026-07-30T18:15:14,31,עור,בני דרום,language,הולנדית,1
2026-07-30T18:15:14,31,עור,בני דרום,language,עברית,10
2026-07-30T18:15:14,31,עור,בני דרום,language,רוסית,6
2026-07-30T18:15:20,31,עור,בצרה,gender,גבר,52
2026-07-30T18:15:20,31,עור,בצרה,gender,אישה,30
2026-07-30T18:15:20,31,עור,בצרה,visit_type,ביקור במרפאה,85
2026-07-30T18:15:20,31,עור,בצרה,language,אידיש,1
2026-07-30T18:15:20,31,עור,בצרה,language,איטלקית,1
2026-07-30T18:15:20,31,עור,בצרה,language,אנגלית,18
2026-07-30T18:15:20,31,עור,בצרה,language,אפריקנס,1
2026-07-30T18:15:20,31,עור,בצרה,language,גרמנית,1
2026-07-30T18:15:20,31,עור,בצרה,language,הולנדית,1
2026-07-30T18:15:20,31,עור,בצרה,language,ספרדית,2
2026-07-30T18:15:20,31,עור,בצרה,language,עברית,30
2026-07-30T18:15:20,31,עור,בצרה,language,ערבית,5
2026-07-30T18:15:20,31,עור,בצרה,language,צרפתית,2
2026-07-30T18:15:20,31,עור,בצרה,language,רומנית,1
2026-07-30T18:15:20,31,עור,בצרה,language,רוסית,8
2026-07-30T18:15:43,31,עור,ברוש,gender,גבר,30
2026-07-30T18:15:43,31,עור,ברוש,gender,אישה,13
2026-07-30T18:15:43,31,עור,ברוש,visit_type,ביקור במרפאה,45
2026-07-30T18:15:43,31,עור,ברוש,language,אנגלית,6
2026-07-30T18:15:43,31,עור,ברוש,language,בולגרית,1
2026-07-30T18:15:43,31,עור,ברוש,language,עברית,9
2026-07-30T18:15:43,31,עור,ברוש,language,ערבית,1
2026-07-30T18:15:43,31,עור,ברוש,language,רוסית,5
2026-07-30T18:15:55,31,עור,בתיר,gender,גבר,24
2026-07-30T18:15:55,31,עור,בתיר,gender,אישה,19
2026-07-30T18:15:55,31,עור,בתיר,visit_type,ביקור במרפאה,45
2026-07-30T18:15:55,31,עור,בתיר,language,אנגלית,6
2026-07-30T18:15:55,31,עור,בתיר,language,ספרדית,1
2026-07-30T18:15:55,31,עור,בתיר,language,עברית,13
2026-07-30T18:15:55,31,עור,בתיר,language,צרפתית,4
2026-07-30T18:15:55,31,עור,בתיר,language,רוסית,7
2026-07-30T18:16:04,31,עור,גבע,gender,גבר,73
2026-07-30T18:16:04,31,עור,גבע,gender,אישה,12
2026-07-30T18:16:04,31,עור,גבע,visit_type,ביקור במרפאה,85
2026-07-30T18:16:04,31,עור,גבע,language,איטלקית,1
2026-07-30T18:16:04,31,עור,גבע,language,אנגלית,35
2026-07-30T18:16:04,31,עור,גבע,language,עברית,39
2026-07-30T18:16:04,31,עור,גבע,language,ערבית,28
2026-07-30T18:16:04,31,עור,גבע,language,רומנית,5
2026-07-30T18:16:04,31,עור,גבע,language,רוסית,10
2026-07-30T18:16:19,31,עור,גדעונה,gender,גבר,73
2026-07-30T18:16:19,31,עור,גדעונה,gender,אישה,12
2026-07-30T18:16:19,31,עור,גדעונה,visit_type,ביקור במרפאה,85
2026-07-30T18:16:19,31,עור,גדעונה,language,איטלקית,1
2026-07-30T18:16:19,31,עור,גדעונה,language,אנגלית,35
2026-07-30T18:16:19,31,עור,גדעונה,language,עברית,39
2026-07-30T18:16:19,31,עור,גדעונה,language,ערבית,28
2026-07-30T18:16:19,31,עור,גדעונה,language,רומנית,5
2026-07-30T18:16:19,31,עור,גדעונה,language,רוסית,10
2026-07-30T18:16:33,31,עור,גילון,gender,גבר,45
2026-07-30T18:16:33,31,עור,גילון,gender,אישה,6
2026-07-30T18:16:33,31,עור,גילון,visit_type,ביקור במרפאה,52
2026-07-30T18:16:33,31,עור,גילון,language,אידיש,1
2026-07-30T18:16:33,31,עור,גילון,language,אנגלית,28
2026-07-30T18:16:33,31,עור,גילון,language,גרמנית,7
2026-07-30T18:16:33,31,עור,גילון,language,עברית,51
2026-07-30T18:16:33,31,עור,גילון,language,ערבית,45
2026-07-30T18:16:33,31,עור,גילון,language,רומנית,12
2026-07-30T18:16:33,31,עור,גילון,language,רוסית,3
2026-07-30T18:16:46,31,עור,גלעד,gender,גבר,60
2026-07-30T18:16:46,31,עור,גלעד,gender,אישה,17
2026-07-30T18:16:46,31,עור,גלעד,visit_type,ביקור במרפאה,79
2026-07-30T18:16:46,31,עור,גלעד,language,אידיש,2
2026-07-30T18:16:46,31,עור,גלעד,language,איטלקית,1
2026-07-30T18:16:46,31,עור,גלעד,language,אנגלית,40
2026-07-30T18:16:46,31,עור,גלעד,language,עברית,48
2026-07-30T18:16:46,31,עור,גלעד,language,ערבית,29
2026-07-30T18:16:46,31,עור,גלעד,language,צרפתית,1
2026-07-30T18:16:46,31,עור,גלעד,language,רומנית,6
2026-07-30T18:16:46,31,עור,גלעד,language,רוסית,13
2026-07-30T18:17:01,31,עור,געש,gender,גבר,52
2026-07-30T18:17:01,31,עור,געש,gender,אישה,30
2026-07-30T18:17:01,31,עור,געש,visit_type,ביקור במרפאה,85
2026-07-30T18:17:01,31,עור,געש,language,אידיש,1
2026-07-30T18:17:01,31,עור,געש,language,איטלקית,1
2026-07-30T18:17:01,31,עור,געש,language,אנגלית,18
2026-07-30T18:17:01,31,עור,געש,language,אפריקנס,1
2026-07-30T18:17:01,31,עור,געש,language,גרמנית,1
2026-07-30T18:17:01,31,עור,געש,language,הולנדית,1
2026-07-30T18:17:01,31,עור,געש,language,ספרדית,2
2026-07-30T18:17:01,31,עור,געש,language,עברית,30
2026-07-30T18:17:01,31,עור,געש,language,ערבית,5
2026-07-30T18:17:01,31,עור,געש,language,צרפתית,2
2026-07-30T18:17:01,31,עור,געש,language,רומנית,1
2026-07-30T18:17:01,31,עור,געש,language,רוסית,8
2026-07-30T18:17:23,31,עור,דבורה,gender,גבר,73
2026-07-30T18:17:23,31,עור,דבורה,gender,אישה,12
2026-07-30T18:17:23,31,עור,דבורה,visit_type,ביקור במרפאה,85
2026-07-30T18:17:23,31,עור,דבורה,language,איטלקית,1
2026-07-30T18:17:23,31,עור,דבורה,language,אנגלית,35
2026-07-30T18:17:23,31,עור,דבורה,language,עברית,39
2026-07-30T18:17:23,31,עור,דבורה,language,ערבית,28
2026-07-30T18:17:23,31,עור,דבורה,language,רומנית,5
2026-07-30T18:17:23,31,עור,דבורה,language,רוסית,10
2026-07-30T18:17:36,31,עור,דומא,gender,גבר,24
2026-07-30T18:17:36,31,עור,דומא,gender,אישה,19
2026-07-30T18:17:36,31,עור,דומא,visit_type,ביקור במרפאה,45
2026-07-30T18:17:36,31,עור,דומא,language,אנגלית,6
2026-07-30T18:17:36,31,עור,דומא,language,ספרדית,1
2026-07-30T18:17:36,31,עור,דומא,language,עברית,13
2026-07-30T18:17:36,31,עור,דומא,language,צרפתית,4
2026-07-30T18:17:36,31,עור,דומא,language,רוסית,7
2026-07-30T18:17:45,31,עור,דימונה,gender,גבר,22
2026-07-30T18:17:45,31,עור,דימונה,gender,אישה,10
2026-07-30T18:17:45,31,עור,דימונה,visit_type,ביקור במרפאה,34
2026-07-30T18:17:45,31,עור,דימונה,language,אנגלית,4
2026-07-30T18:17:45,31,עור,דימונה,language,בולגרית,1
2026-07-30T18:17:45,31,עור,דימונה,language,עברית,6
2026-07-30T18:17:45,31,עור,דימונה,language,ערבית,1
2026-07-30T18:17:45,31,עור,דימונה,language,רוסית,2
2026-07-30T18:17:55,31,עור,דנאבה,gender,אישה,15
2026-07-30T18:17:55,31,עור,דנאבה,gender,גבר,33
2026-07-30T18:17:55,31,עור,דנאבה,visit_type,ביקור במרפאה,49
2026-07-30T18:17:55,31,עור,דנאבה,language,איטלקית,1
2026-07-30T18:17:55,31,עור,דנאבה,language,אנגלית,5
2026-07-30T18:17:55,31,עור,דנאבה,language,עברית,9
2026-07-30T18:17:55,31,עור,דנאבה,language,ערבית,1
2026-07-30T18:17:55,31,עור,דנאבה,language,צרפתית,2
2026-07-30T18:17:55,31,עור,דנאבה,language,רומנית,1
2026-07-30T18:17:55,31,עור,דנאבה,language,רוסית,6
2026-07-30T18:18:08,31,עור,הודיה,gender,אישה,9
2026-07-30T18:18:08,31,עור,הודיה,gender,גבר,21
2026-07-30T18:18:08,31,עור,הודיה,visit_type,ביקור במרפאה,32
2026-07-30T18:18:08,31,עור,הודיה,language,אנגלית,4
2026-07-30T18:18:08,31,עור,הודיה,language,בולגרית,1
2026-07-30T18:18:08,31,עור,הודיה,language,עברית,7
2026-07-30T18:18:08,31,עור,הודיה,language,רוסית,5
2026-07-30T18:18:18,31,עור,המעפיל,gender,גבר,59
2026-07-30T18:18:18,31,עור,המעפיל,gender,אישה,21
2026-07-30T18:18:18,31,עור,המעפיל,visit_type,ביקור במרפאה,81
2026-07-30T18:18:18,31,עור,המעפיל,language,איטלקית,1
2026-07-30T18:18:18,31,עור,המעפיל,language,אנגלית,23
2026-07-30T18:18:18,31,עור,המעפיל,language,עברית,27
2026-07-30T18:18:18,31,עור,המעפיל,language,ערבית,14
2026-07-30T18:18:18,31,עור,המעפיל,language,צרפתית,2
2026-07-30T18:18:18,31,עור,המעפיל,language,רומנית,1
2026-07-30T18:18:18,31,עור,המעפיל,language,רוסית,10
2026-07-30T18:18:35,31,עור,הררית,gender,גבר,45
2026-07-30T18:18:35,31,עור,הררית,gender,אישה,6
2026-07-30T18:18:35,31,עור,הררית,visit_type,ביקור במרפאה,52
2026-07-30T18:18:35,31,עור,הררית,language,אידיש,1
2026-07-30T18:18:35,31,עור,הררית,language,אנגלית,28
2026-07-30T18:18:35,31,עור,הררית,language,גרמנית,7
2026-07-30T18:18:35,31,עור,הררית,language,עברית,51
2026-07-30T18:18:35,31,עור,הררית,language,ערבית,45
2026-07-30T18:18:35,31,עור,הררית,language,רומנית,12
2026-07-30T18:18:35,31,עור,הררית,language,רוסית,3
2026-07-30T18:18:46,31,עור,זוהר,gender,אישה,9
2026-07-30T18:18:46,31,עור,זוהר,gender,גבר,21
2026-07-30T18:18:46,31,עור,זוהר,visit_type,ביקור במרפאה,32
2026-07-30T18:18:46,31,עור,זוהר,language,אנגלית,4
2026-07-30T18:18:46,31,עור,זוהר,language,בולגרית,1
2026-07-30T18:18:46,31,עור,זוהר,language,עברית,7
2026-07-30T18:18:46,31,עור,זוהר,language,רוסית,5
2026-07-30T18:18:58,31,עור,זמרת,gender,גבר,30
2026-07-30T18:18:58,31,עור,זמרת,gender,אישה,13
2026-07-30T18:18:58,31,עור,זמרת,visit_type,ביקור במרפאה,45
2026-07-30T18:18:58,31,עור,זמרת,language,אנגלית,6
2026-07-30T18:18:58,31,עור,זמרת,language,בולגרית,1
2026-07-30T18:18:58,31,עור,זמרת,language,עברית,9
2026-07-30T18:18:58,31,עור,זמרת,language,ערבית,1
2026-07-30T18:18:58,31,עור,זמרת,language,רוסית,5
2026-07-30T18:19:11,31,עור,חבצלת השרון,gender,אישה,15
2026-07-30T18:19:11,31,עור,חבצלת השרון,gender,גבר,33
2026-07-30T18:19:11,31,עור,חבצלת השרון,visit_type,ביקור במרפאה,49
2026-07-30T18:19:11,31,עור,חבצלת השרון,language,איטלקית,1
2026-07-30T18:19:11,31,עור,חבצלת השרון,language,אנגלית,5
2026-07-30T18:19:11,31,עור,חבצלת השרון,language,עברית,9
2026-07-30T18:19:11,31,עור,חבצלת השרון,language,ערבית,1
2026-07-30T18:19:11,31,עור,חבצלת השרון,language,צרפתית,2
2026-07-30T18:19:11,31,עור,חבצלת השרון,language,רומנית,1
2026-07-30T18:19:11,31,עור,חבצלת השרון,language,רוסית,6
2026-07-30T18:19:23,31,עור,חוג'ייראת,gender,גבר,60
2026-07-30T18:19:23,31,עור,חוג'ייראת,gender,אישה,17
2026-07-30T18:19:23,31,עור,חוג'ייראת,visit_type,ביקור במרפאה,79
2026-07-30T18:19:23,31,עור,חוג'ייראת,language,אידיש,2
2026-07-30T18:19:23,31,עור,חוג'ייראת,language,איטלקית,1
2026-07-30T18:19:23,31,עור,חוג'ייראת,language,אנגלית,40
2026-07-30T18:19:23,31,עור,חוג'ייראת,language,עברית,48
2026-07-30T18:19:23,31,עור,חוג'ייראת,language,ערבית,29
2026-07-30T18:19:23,31,עור,חוג'ייראת,language,צרפתית,1
2026-07-30T18:19:23,31,עור,חוג'ייראת,language,רומנית,6
2026-07-30T18:19:23,31,עור,חוג'ייראת,language,רוסית,13
2026-07-30T18:19:39,31,עור,חזון,gender,גבר,47
2026-07-30T18:19:39,31,עור,חזון,gender,אישה,6
2026-07-30T18:19:39,31,עור,חזון,visit_type,ביקור במרפאה,53
2026-07-30T18:19:39,31,עור,חזון,language,אנגלית,21
2026-07-30T18:19:39,31,עור,חזון,language,עברית,21
2026-07-30T18:19:39,31,עור,חזון,language,ערבית,17
2026-07-30T18:19:39,31,עור,חזון,language,רומנית,4
2026-07-30T18:19:39,31,עור,חזון,language,רוסית,2
2026-07-30T18:19:48,31,עור,חמדיה,gender,גבר,73
2026-07-30T18:19:48,31,עור,חמדיה,gender,אישה,12
2026-07-30T18:19:48,31,עור,חמדיה,visit_type,ביקור במרפאה,85
2026-07-30T18:19:48,31,עור,חמדיה,language,איטלקית,1
2026-07-30T18:19:48,31,עור,חמדיה,language,אנגלית,35
2026-07-30T18:19:48,31,עור,חמדיה,language,עברית,39
2026-07-30T18:19:48,31,עור,חמדיה,language,ערבית,28
2026-07-30T18:19:48,31,עור,חמדיה,language,רומנית,5
2026-07-30T18:19:48,31,עור,חמדיה,language,רוסית,10
2026-07-30T18:20:03,31,עור,חצבה,gender,גבר,22
2026-07-30T18:20:03,31,עור,חצבה,gender,אישה,10
2026-07-30T18:20:03,31,עור,חצבה,visit_type,ביקור במרפאה,34
2026-07-30T18:20:03,31,עור,חצבה,language,אנגלית,4
2026-07-30T18:20:03,31,עור,חצבה,language,בולגרית,1
2026-07-30T18:20:03,31,עור,חצבה,language,עברית,6
2026-07-30T18:20:03,31,עור,חצבה,language,ערבית,1
2026-07-30T18:20:03,31,עור,חצבה,language,רוסית,2
2026-07-30T18:20:13,31,עור,חשמונאים,gender,גבר,28
2026-07-30T18:20:13,31,עור,חשמונאים,gender,אישה,6
2026-07-30T18:20:13,31,עור,חשמונאים,visit_type,ביקור במרפאה,34
2026-07-30T18:20:13,31,עור,חשמונאים,visit_type,שיחת טלפון,2
2026-07-30T18:20:13,31,עור,חשמונאים,language,אנגלית,4
2026-07-30T18:20:13,31,עור,חשמונאים,language,אפריקנס,1
2026-07-30T18:20:13,31,עור,חשמונאים,language,הולנדית,1
2026-07-30T18:20:13,31,עור,חשמונאים,language,עברית,8
2026-07-30T18:20:13,31,עור,חשמונאים,language,רוסית,3
2026-07-30T18:20:17,31,עור,טירה ליד בית חורון,gender,גבר,24
2026-07-30T18:20:17,31,עור,טירה ליד בית חורון,gender,אישה,19
2026-07-30T18:20:17,31,עור,טירה ליד בית חורון,visit_type,ביקור במרפאה,45
2026-07-30T18:20:17,31,עור,טירה ליד בית חורון,language,אנגלית,6
2026-07-30T18:20:17,31,עור,טירה ליד בית חורון,language,ספרדית,1
2026-07-30T18:20:17,31,עור,טירה ליד בית חורון,language,עברית,13
2026-07-30T18:20:17,31,עור,טירה ליד בית חורון,language,צרפתית,4
2026-07-30T18:20:17,31,עור,טירה ליד בית חורון,language,רוסית,7
2026-07-30T18:20:26,31,עור,טמרה,gender,גבר,45
2026-07-30T18:20:26,31,עור,טמרה,gender,אישה,6
2026-07-30T18:20:26,31,עור,טמרה,visit_type,ביקור במרפאה,52
2026-07-30T18:20:26,31,עור,טמרה,language,אידיש,1
2026-07-30T18:20:26,31,עור,טמרה,language,אנגלית,28
2026-07-30T18:20:26,31,עור,טמרה,language,גרמנית,7
2026-07-30T18:20:26,31,עור,טמרה,language,עברית,51
2026-07-30T18:20:26,31,עור,טמרה,language,ערבית,45
2026-07-30T18:20:26,31,עור,טמרה,language,רומנית,12
2026-07-30T18:20:26,31,עור,טמרה,language,רוסית,3
2026-07-30T18:20:37,31,עור,יבור,gender,גבר,45
2026-07-30T18:20:37,31,עור,יבור,gender,אישה,6
2026-07-30T18:20:37,31,עור,יבור,visit_type,ביקור במרפאה,52
2026-07-30T18:20:37,31,עור,יבור,language,אידיש,1
2026-07-30T18:20:37,31,עור,יבור,language,אנגלית,28
2026-07-30T18:20:37,31,עור,יבור,language,גרמנית,7
2026-07-30T18:20:37,31,עור,יבור,language,עברית,51
2026-07-30T18:20:37,31,עור,יבור,language,ערבית,45
2026-07-30T18:20:37,31,עור,יבור,language,רומנית,12
2026-07-30T18:20:37,31,עור,יבור,language,רוסית,3
2026-07-30T18:20:49,31,עור,יד נתן,gender,אישה,9
2026-07-30T18:20:49,31,עור,יד נתן,gender,גבר,21
2026-07-30T18:20:49,31,עור,יד נתן,visit_type,ביקור במרפאה,32
2026-07-30T18:20:49,31,עור,יד נתן,language,אנגלית,4
2026-07-30T18:20:49,31,עור,יד נתן,language,בולגרית,1
2026-07-30T18:20:49,31,עור,יד נתן,language,עברית,7
2026-07-30T18:20:49,31,עור,יד נתן,language,רוסית,5
2026-07-30T18:21:01,31,עור,יזרעאל,gender,גבר,73
2026-07-30T18:21:01,31,עור,יזרעאל,gender,אישה,12
2026-07-30T18:21:01,31,עור,יזרעאל,visit_type,ביקור במרפאה,85
2026-07-30T18:21:01,31,עור,יזרעאל,language,איטלקית,1
2026-07-30T18:21:01,31,עור,יזרעאל,language,אנגלית,35
2026-07-30T18:21:01,31,עור,יזרעאל,language,עברית,39
2026-07-30T18:21:01,31,עור,יזרעאל,language,ערבית,28
2026-07-30T18:21:01,31,עור,יזרעאל,language,רומנית,5
2026-07-30T18:21:01,31,עור,יזרעאל,language,רוסית,10
2026-07-30T18:21:15,31,עור,יסעור,gender,גבר,45
2026-07-30T18:21:15,31,עור,יסעור,gender,אישה,6
2026-07-30T18:21:15,31,עור,יסעור,visit_type,ביקור במרפאה,52
2026-07-30T18:21:15,31,עור,יסעור,language,אידיש,1
2026-07-30T18:21:15,31,עור,יסעור,language,אנגלית,28
2026-07-30T18:21:15,31,עור,יסעור,language,גרמנית,7
2026-07-30T18:21:15,31,עור,יסעור,language,עברית,51
2026-07-30T18:21:15,31,עור,יסעור,language,ערבית,45
2026-07-30T18:21:15,31,עור,יסעור,language,רומנית,12
2026-07-30T18:21:15,31,עור,יסעור,language,רוסית,3
2026-07-30T18:21:26,31,עור,יצהר,gender,אישה,15
2026-07-30T18:21:26,31,עור,יצהר,gender,גבר,33
2026-07-30T18:21:26,31,עור,יצהר,visit_type,ביקור במרפאה,49
2026-07-30T18:21:26,31,עור,יצהר,language,איטלקית,1
2026-07-30T18:21:26,31,עור,יצהר,language,אנגלית,5
2026-07-30T18:21:26,31,עור,יצהר,language,עברית,9
2026-07-30T18:21:26,31,עור,יצהר,language,ערבית,1
2026-07-30T18:21:26,31,עור,יצהר,language,צרפתית,2
2026-07-30T18:21:26,31,עור,יצהר,language,רומנית,1
2026-07-30T18:21:26,31,עור,יצהר,language,רוסית,6
2026-07-30T18:21:38,31,עור,ירחיב,gender,גבר,34
2026-07-30T18:21:38,31,עור,ירחיב,gender,אישה,19
2026-07-30T18:21:38,31,עור,ירחיב,visit_type,ביקור במרפאה,62
2026-07-30T18:21:38,31,עור,ירחיב,language,איטלקית,1
2026-07-30T18:21:38,31,עור,ירחיב,language,אנגלית,27
2026-07-30T18:21:38,31,עור,ירחיב,language,גרמנית,2
2026-07-30T18:21:38,31,עור,ירחיב,language,ספרדית,4
2026-07-30T18:21:38,31,עור,ירחיב,language,עברית,46
2026-07-30T18:21:38,31,עור,ירחיב,language,ערבית,7
2026-07-30T18:21:38,31,עור,ירחיב,language,צרפתית,4
2026-07-30T18:21:38,31,עור,ירחיב,language,רוסית,5
2026-07-30T18:21:55,31,עור,כאבול,gender,גבר,45
2026-07-30T18:21:55,31,עור,כאבול,gender,אישה,6
2026-07-30T18:21:55,31,עור,כאבול,visit_type,ביקור במרפאה,52
2026-07-30T18:21:55,31,עור,כאבול,language,אידיש,1
2026-07-30T18:21:55,31,עור,כאבול,language,אנגלית,28
2026-07-30T18:21:55,31,עור,כאבול,language,גרמנית,7
2026-07-30T18:21:55,31,עור,כאבול,language,עברית,51
2026-07-30T18:21:55,31,עור,כאבול,language,ערבית,45
2026-07-30T18:21:55,31,עור,כאבול,language,רומנית,12
2026-07-30T18:21:55,31,עור,כאבול,language,רוסית,3
2026-07-30T18:22:05,31,עור,כופיר,gender,אישה,15
2026-07-30T18:22:05,31,עור,כופיר,gender,גבר,33
2026-07-30T18:22:05,31,עור,כופיר,visit_type,ביקור במרפאה,49
2026-07-30T18:22:05,31,עור,כופיר,language,איטלקית,1
2026-07-30T18:22:05,31,עור,כופיר,language,אנגלית,5
2026-07-30T18:22:05,31,עור,כופיר,language,עברית,9
2026-07-30T18:22:05,31,עור,כופיר,language,ערבית,1
2026-07-30T18:22:05,31,עור,כופיר,language,צרפתית,2
2026-07-30T18:22:05,31,עור,כופיר,language,רומנית,1
2026-07-30T18:22:05,31,עור,כופיר,language,רוסית,6
2026-07-30T18:22:17,31,עור,כישור,gender,גבר,45
2026-07-30T18:22:17,31,עור,כישור,gender,אישה,6
2026-07-30T18:22:17,31,עור,כישור,visit_type,ביקור במרפאה,52
2026-07-30T18:22:17,31,עור,כישור,language,אידיש,1
2026-07-30T18:22:17,31,עור,כישור,language,אנגלית,28
2026-07-30T18:22:17,31,עור,כישור,language,גרמנית,7
2026-07-30T18:22:17,31,עור,כישור,language,עברית,51
2026-07-30T18:22:17,31,עור,כישור,language,ערבית,45
2026-07-30T18:22:17,31,עור,כישור,language,רומנית,12
2026-07-30T18:22:17,31,עור,כישור,language,רוסית,3
2026-07-30T18:22:27,31,עור,כסלון,gender,גבר,24
2026-07-30T18:22:27,31,עור,כסלון,gender,אישה,19
2026-07-30T18:22:27,31,עור,כסלון,visit_type,ביקור במרפאה,45
2026-07-30T18:22:27,31,עור,כסלון,language,אנגלית,6
2026-07-30T18:22:27,31,עור,כסלון,language,ספרדית,1
2026-07-30T18:22:27,31,עור,כסלון,language,עברית,13
2026-07-30T18:22:27,31,עור,כסלון,language,צרפתית,4
2026-07-30T18:22:27,31,עור,כסלון,language,רוסית,7
2026-07-30T18:22:35,31,עור,כפר בלום,gender,גבר,47
2026-07-30T18:22:35,31,עור,כפר בלום,gender,אישה,6
2026-07-30T18:22:35,31,עור,כפר בלום,visit_type,ביקור במרפאה,53
2026-07-30T18:22:35,31,עור,כפר בלום,language,אנגלית,21
2026-07-30T18:22:35,31,עור,כפר בלום,language,עברית,21
2026-07-30T18:22:35,31,עור,כפר בלום,language,ערבית,17
2026-07-30T18:22:35,31,עור,כפר בלום,language,רומנית,4
2026-07-30T18:22:35,31,עור,כפר בלום,language,רוסית,2
2026-07-30T18:22:44,31,עור,כרמי יוסף,gender,גבר,28
2026-07-30T18:22:44,31,עור,כרמי יוסף,gender,אישה,6
2026-07-30T18:22:44,31,עור,כרמי יוסף,visit_type,ביקור במרפאה,34
2026-07-30T18:22:44,31,עור,כרמי יוסף,visit_type,שיחת טלפון,2
2026-07-30T18:22:44,31,עור,כרמי יוסף,language,אנגלית,4
2026-07-30T18:22:44,31,עור,כרמי יוסף,language,אפריקנס,1
2026-07-30T18:22:44,31,עור,כרמי יוסף,language,הולנדית,1
2026-07-30T18:22:44,31,עור,כרמי יוסף,language,עברית,8
2026-07-30T18:22:44,31,עור,כרמי יוסף,language,רוסית,3
2026-07-30T18:22:51,31,עור,להבים,gender,גבר,30
2026-07-30T18:22:51,31,עור,להבים,gender,אישה,13
2026-07-30T18:22:51,31,עור,להבים,visit_type,ביקור במרפאה,45
2026-07-30T18:22:51,31,עור,להבים,language,אנגלית,6
2026-07-30T18:22:51,31,עור,להבים,language,בולגרית,1
2026-07-30T18:22:51,31,עור,להבים,language,עברית,9
2026-07-30T18:22:51,31,עור,להבים,language,ערבית,1
2026-07-30T18:22:51,31,עור,להבים,language,רוסית,5
2026-07-30T18:23:05,31,עור,לפידות,gender,גבר,35
2026-07-30T18:23:05,31,עור,לפידות,gender,אישה,3
2026-07-30T18:23:05,31,עור,לפידות,visit_type,ביקור במרפאה,38
2026-07-30T18:23:05,31,עור,לפידות,language,אנגלית,19
2026-07-30T18:23:05,31,עור,לפידות,language,גרמנית,7
2026-07-30T18:23:05,31,עור,לפידות,language,עברית,38
2026-07-30T18:23:05,31,עור,לפידות,language,ערבית,35
2026-07-30T18:23:05,31,עור,לפידות,language,רומנית,10
2026-07-30T18:23:05,31,עור,לפידות,language,רוסית,2
2026-07-30T18:23:11,31,עור,מבואות יריחו,gender,גבר,24
2026-07-30T18:23:11,31,עור,מבואות יריחו,gender,אישה,19
2026-07-30T18:23:11,31,עור,מבואות יריחו,visit_type,ביקור במרפאה,45
2026-07-30T18:23:11,31,עור,מבואות יריחו,language,אנגלית,6
2026-07-30T18:23:11,31,עור,מבואות יריחו,language,ספרדית,1
2026-07-30T18:23:11,31,עור,מבואות יריחו,language,עברית,13
2026-07-30T18:23:11,31,עור,מבואות יריחו,language,צרפתית,4
2026-07-30T18:23:11,31,עור,מבואות יריחו,language,רוסית,7
2026-07-30T18:23:19,31,עור,מגדל,gender,גבר,47
2026-07-30T18:23:19,31,עור,מגדל,gender,אישה,6
2026-07-30T18:23:19,31,עור,מגדל,visit_type,ביקור במרפאה,53
2026-07-30T18:23:19,31,עור,מגדל,language,אנגלית,21
2026-07-30T18:23:19,31,עור,מגדל,language,עברית,21
2026-07-30T18:23:19,31,עור,מגדל,language,ערבית,17
2026-07-30T18:23:19,31,עור,מגדל,language,רומנית,4
2026-07-30T18:23:19,31,עור,מגדל,language,רוסית,2
2026-07-30T18:23:27,31,עור,מוח'מאס,gender,גבר,24
2026-07-30T18:23:27,31,עור,מוח'מאס,gender,אישה,19
2026-07-30T18:23:27,31,עור,מוח'מאס,visit_type,ביקור במרפאה,45
2026-07-30T18:23:27,31,עור,מוח'מאס,language,אנגלית,6
2026-07-30T18:23:27,31,עור,מוח'מאס,language,ספרדית,1
2026-07-30T18:23:27,31,עור,מוח'מאס,language,עברית,13
2026-07-30T18:23:27,31,עור,מוח'מאס,language,צרפתית,4
2026-07-30T18:23:27,31,עור,מוח'מאס,language,רוסית,7
2026-07-30T18:23:36,31,עור,מזרע,gender,גבר,73
2026-07-30T18:23:36,31,עור,מזרע,gender,אישה,12
2026-07-30T18:23:36,31,עור,מזרע,visit_type,ביקור במרפאה,85
2026-07-30T18:23:36,31,עור,מזרע,language,איטלקית,1
2026-07-30T18:23:36,31,עור,מזרע,language,אנגלית,35
2026-07-30T18:23:36,31,עור,מזרע,language,עברית,39
2026-07-30T18:23:36,31,עור,מזרע,language,ערבית,28
2026-07-30T18:23:36,31,עור,מזרע,language,רומנית,5
2026-07-30T18:23:36,31,עור,מזרע,language,רוסית,10
2026-07-30T18:23:50,31,עור,מידיה,gender,גבר,34
2026-07-30T18:23:50,31,עור,מידיה,gender,אישה,9
2026-07-30T18:23:50,31,עור,מידיה,visit_type,ביקור במרפאה,43
2026-07-30T18:23:50,31,עור,מידיה,visit_type,שיחת טלפון,2
2026-07-30T18:23:50,31,עור,מידיה,language,אנגלית,7
2026-07-30T18:23:50,31,עור,מידיה,language,אפריקנס,1
2026-07-30T18:23:50,31,עור,מידיה,language,הולנדית,1
2026-07-30T18:23:50,31,עור,מידיה,language,עברית,12
2026-07-30T18:23:50,31,עור,מידיה,language,רוסית,6
2026-07-30T18:23:59,31,עור,מכחול,gender,גבר,22
2026-07-30T18:23:59,31,עור,מכחול,gender,אישה,10
2026-07-30T18:23:59,31,עור,מכחול,visit_type,ביקור במרפאה,34
2026-07-30T18:23:59,31,עור,מכחול,language,אנגלית,4
2026-07-30T18:23:59,31,עור,מכחול,language,בולגרית,1
2026-07-30T18:23:59,31,עור,מכחול,language,עברית,6
2026-07-30T18:23:59,31,עור,מכחול,language,ערבית,1
2026-07-30T18:23:59,31,עור,מכחול,language,רוסית,2
2026-07-30T18:24:08,31,עור,מנחמיה,gender,גבר,47
2026-07-30T18:24:08,31,עור,מנחמיה,gender,אישה,6
2026-07-30T18:24:08,31,עור,מנחמיה,visit_type,ביקור במרפאה,53
2026-07-30T18:24:08,31,עור,מנחמיה,language,אנגלית,21
2026-07-30T18:24:08,31,עור,מנחמיה,language,עברית,21
2026-07-30T18:24:08,31,עור,מנחמיה,language,ערבית,17
2026-07-30T18:24:08,31,עור,מנחמיה,language,רומנית,4
2026-07-30T18:24:08,31,עור,מנחמיה,language,רוסית,2
2026-07-30T18:24:17,31,עור,מסעדה,gender,גבר,47
2026-07-30T18:24:17,31,עור,מסעדה,gender,אישה,6
2026-07-30T18:24:17,31,עור,מסעדה,visit_type,ביקור במרפאה,53
2026-07-30T18:24:17,31,עור,מסעדה,language,אנגלית,21
2026-07-30T18:24:17,31,עור,מסעדה,language,עברית,21
2026-07-30T18:24:17,31,עור,מסעדה,language,ערבית,17
2026-07-30T18:24:17,31,עור,מסעדה,language,רומנית,4
2026-07-30T18:24:17,31,עור,מסעדה,language,רוסית,2
2026-07-30T18:24:26,31,עור,מעיין צבי,gender,גבר,59
2026-07-30T18:24:26,31,עור,מעיין צבי,gender,אישה,21
2026-07-30T18:24:26,31,עור,מעיין צבי,visit_type,ביקור במרפאה,81
2026-07-30T18:24:26,31,עור,מעיין צבי,language,איטלקית,1
2026-07-30T18:24:26,31,עור,מעיין צבי,language,אנגלית,23
2026-07-30T18:24:26,31,עור,מעיין צבי,language,עברית,27
2026-07-30T18:24:26,31,עור,מעיין צבי,language,ערבית,14
2026-07-30T18:24:26,31,עור,מעיין צבי,language,צרפתית,2
2026-07-30T18:24:26,31,עור,מעיין צבי,language,רומנית,1
2026-07-30T18:24:26,31,עור,מעיין צבי,language,רוסית,10
2026-07-30T18:24:43,31,עור,מפעלי ים המלח,gender,גבר,30
2026-07-30T18:24:43,31,עור,מפעלי ים המלח,gender,אישה,13
2026-07-30T18:24:43,31,עור,מפעלי ים המלח,visit_type,ביקור במרפאה,45
2026-07-30T18:24:43,31,עור,מפעלי ים המלח,language,אנגלית,6
2026-07-30T18:24:43,31,עור,מפעלי ים המלח,language,בולגרית,1
2026-07-30T18:24:43,31,עור,מפעלי ים המלח,language,עברית,9
2026-07-30T18:24:43,31,עור,מפעלי ים המלח,language,ערבית,1
2026-07-30T18:24:43,31,עור,מפעלי ים המלח,language,רוסית,5
2026-07-30T18:24:56,31,עור,מצפה נטופה,gender,גבר,47
2026-07-30T18:24:56,31,עור,מצפה נטופה,gender,אישה,6
2026-07-30T18:24:56,31,עור,מצפה נטופה,visit_type,ביקור במרפאה,53
2026-07-30T18:24:56,31,עור,מצפה נטופה,language,אנגלית,21
2026-07-30T18:24:56,31,עור,מצפה נטופה,language,עברית,21
2026-07-30T18:24:56,31,עור,מצפה נטופה,language,ערבית,17
2026-07-30T18:24:56,31,עור,מצפה נטופה,language,רומנית,4
2026-07-30T18:24:56,31,עור,מצפה נטופה,language,רוסית,2
2026-07-30T18:25:05,31,עור,מרכז אזורי כדורי,gender,גבר,47
2026-07-30T18:25:05,31,עור,מרכז אזורי כדורי,gender,אישה,6
2026-07-30T18:25:05,31,עור,מרכז אזורי כדורי,visit_type,ביקור במרפאה,53
2026-07-30T18:25:05,31,עור,מרכז אזורי כדורי,language,אנגלית,21
2026-07-30T18:25:05,31,עור,מרכז אזורי כדורי,language,עברית,21
2026-07-30T18:25:05,31,עור,מרכז אזורי כדורי,language,ערבית,17
2026-07-30T18:25:05,31,עור,מרכז אזורי כדורי,language,רומנית,4
2026-07-30T18:25:05,31,עור,מרכז אזורי כדורי,language,רוסית,2
2026-07-30T18:25:13,31,עור,משמר איילון,gender,גבר,28
2026-07-30T18:25:13,31,עור,משמר איילון,gender,אישה,6
2026-07-30T18:25:13,31,עור,משמר איילון,visit_type,ביקור במרפאה,34
2026-07-30T18:25:13,31,עור,משמר איילון,visit_type,שיחת טלפון,2
2026-07-30T18:25:13,31,עור,משמר איילון,language,אנגלית,4
2026-07-30T18:25:13,31,עור,משמר איילון,language,אפריקנס,1
2026-07-30T18:25:13,31,עור,משמר איילון,language,הולנדית,1
2026-07-30T18:25:13,31,עור,משמר איילון,language,עברית,8
2026-07-30T18:25:13,31,עור,משמר איילון,language,רוסית,3
2026-07-30T18:25:18,31,עור,נאות סמדר,gender,גבר,1
2026-07-30T18:25:18,31,עור,נאות סמדר,gender,אישה,1
2026-07-30T18:25:18,31,עור,נאות סמדר,visit_type,ביקור במרפאה,6
2026-07-30T18:25:18,31,עור,נאות סמדר,visit_type,שיחת טלפון,1
2026-07-30T18:25:20,31,עור,נוב,gender,גבר,47
2026-07-30T18:25:20,31,עור,נוב,gender,אישה,6
2026-07-30T18:25:20,31,עור,נוב,visit_type,ביקור במרפאה,53
2026-07-30T18:25:20,31,עור,נוב,language,אנגלית,21
2026-07-30T18:25:20,31,עור,נוב,language,עברית,21
2026-07-30T18:25:20,31,עור,נוב,language,ערבית,17
2026-07-30T18:25:20,31,עור,נוב,language,רומנית,4
2026-07-30T18:25:20,31,עור,נוב,language,רוסית,2
2026-07-30T18:25:29,31,עור,נזלה א שרקיה,gender,גבר,33
2026-07-30T18:25:29,31,עור,נזלה א שרקיה,gender,אישה,15
2026-07-30T18:25:29,31,עור,נזלה א שרקיה,visit_type,ביקור במרפאה,49
2026-07-30T18:25:29,31,עור,נזלה א שרקיה,language,איטלקית,1
2026-07-30T18:25:29,31,עור,נזלה א שרקיה,language,אנגלית,5
2026-07-30T18:25:29,31,עור,נזלה א שרקיה,language,עברית,9
2026-07-30T18:25:29,31,עור,נזלה א שרקיה,language,ערבית,1
2026-07-30T18:25:29,31,עור,נזלה א שרקיה,language,צרפתית,2
2026-07-30T18:25:29,31,עור,נזלה א שרקיה,language,רומנית,1
2026-07-30T18:25:29,31,עור,נזלה א שרקיה,language,רוסית,6
2026-07-30T18:25:41,31,עור,נחם,gender,אישה,19
2026-07-30T18:25:41,31,עור,נחם,gender,גבר,24
2026-07-30T18:25:41,31,עור,נחם,visit_type,ביקור במרפאה,45
2026-07-30T18:25:41,31,עור,נחם,language,אנגלית,6
2026-07-30T18:25:41,31,עור,נחם,language,ספרדית,1
2026-07-30T18:25:41,31,עור,נחם,language,עברית,13
2026-07-30T18:25:41,31,עור,נחם,language,צרפתית,4
2026-07-30T18:25:41,31,עור,נחם,language,רוסית,7
2026-07-30T18:25:50,31,עור,נין,gender,גבר,73
2026-07-30T18:25:50,31,עור,נין,gender,אישה,12
2026-07-30T18:25:50,31,עור,נין,visit_type,ביקור במרפאה,85
2026-07-30T18:25:50,31,עור,נין,language,איטלקית,1
2026-07-30T18:25:50,31,עור,נין,language,אנגלית,35
2026-07-30T18:25:50,31,עור,נין,language,עברית,39
2026-07-30T18:25:50,31,עור,נין,language,ערבית,28
2026-07-30T18:25:50,31,עור,נין,language,רומנית,5
2026-07-30T18:25:50,31,עור,נין,language,רוסית,10
2026-07-30T18:26:05,31,עור,נמרוד,gender,גבר,47
2026-07-30T18:26:05,31,עור,נמרוד,gender,אישה,6
2026-07-30T18:26:05,31,עור,נמרוד,visit_type,ביקור במרפאה,53
2026-07-30T18:26:05,31,עור,נמרוד,language,אנגלית,21
2026-07-30T18:26:05,31,עור,נמרוד,language,עברית,21
2026-07-30T18:26:05,31,עור,נמרוד,language,ערבית,17
2026-07-30T18:26:05,31,עור,נמרוד,language,רומנית,4
2026-07-30T18:26:05,31,עור,נמרוד,language,רוסית,2
2026-07-30T18:26:13,31,עור,נצר סרני,gender,גבר,28
2026-07-30T18:26:13,31,עור,נצר סרני,gender,אישה,6
2026-07-30T18:26:13,31,עור,נצר סרני,visit_type,ביקור במרפאה,34
2026-07-30T18:26:13,31,עור,נצר סרני,visit_type,שיחת טלפון,2
2026-07-30T18:26:13,31,עור,נצר סרני,language,אנגלית,4
2026-07-30T18:26:13,31,עור,נצר סרני,language,אפריקנס,1
2026-07-30T18:26:13,31,עור,נצר סרני,language,הולנדית,1
2026-07-30T18:26:13,31,עור,נצר סרני,language,עברית,8
2026-07-30T18:26:13,31,עור,נצר סרני,language,רוסית,3
2026-07-30T18:26:18,31,עור,סאוויה,gender,אישה,19
2026-07-30T18:26:18,31,עור,סאוויה,gender,גבר,24
2026-07-30T18:26:18,31,עור,סאוויה,visit_type,ביקור במרפאה,45
2026-07-30T18:26:18,31,עור,סאוויה,language,אנגלית,6
2026-07-30T18:26:18,31,עור,סאוויה,language,ספרדית,1
2026-07-30T18:26:18,31,עור,סאוויה,language,עברית,13
2026-07-30T18:26:18,31,עור,סאוויה,language,צרפתית,4
2026-07-30T18:26:18,31,עור,סאוויה,language,רוסית,7
2026-07-30T18:26:29,31,עור,סוסיה,gender,גבר,30
2026-07-30T18:26:29,31,עור,סוסיה,gender,אישה,13
2026-07-30T18:26:29,31,עור,סוסיה,visit_type,ביקור במרפאה,45
2026-07-30T18:26:29,31,עור,סוסיה,language,אנגלית,6
2026-07-30T18:26:29,31,עור,סוסיה,language,בולגרית,1
2026-07-30T18:26:29,31,עור,סוסיה,language,עברית,9
2026-07-30T18:26:29,31,עור,סוסיה,language,ערבית,1
2026-07-30T18:26:29,31,עור,סוסיה,language,רוסית,5
2026-07-30T18:26:41,31,עור,סינג'יל,gender,אישה,19
2026-07-30T18:26:41,31,עור,סינג'יל,gender,גבר,24
2026-07-30T18:26:41,31,עור,סינג'יל,visit_type,ביקור במרפאה,45
2026-07-30T18:26:41,31,עור,סינג'יל,language,אנגלית,6
2026-07-30T18:26:41,31,עור,סינג'יל,language,ספרדית,1
2026-07-30T18:26:41,31,עור,סינג'יל,language,עברית,13
2026-07-30T18:26:41,31,עור,סינג'יל,language,צרפתית,4
2026-07-30T18:26:41,31,עור,סינג'יל,language,רוסית,7
2026-07-30T18:26:50,31,עור,סנסנה,gender,גבר,30
2026-07-30T18:26:50,31,עור,סנסנה,gender,אישה,13
2026-07-30T18:26:50,31,עור,סנסנה,visit_type,ביקור במרפאה,45
2026-07-30T18:26:50,31,עור,סנסנה,language,אנגלית,6
2026-07-30T18:26:50,31,עור,סנסנה,language,בולגרית,1
2026-07-30T18:26:50,31,עור,סנסנה,language,עברית,9
2026-07-30T18:26:50,31,עור,סנסנה,language,ערבית,1
2026-07-30T18:26:50,31,עור,סנסנה,language,רוסית,5
2026-07-30T18:27:03,31,עור,סתריה,gender,גבר,28
2026-07-30T18:27:03,31,עור,סתריה,gender,אישה,6
2026-07-30T18:27:03,31,עור,סתריה,visit_type,ביקור במרפאה,34
2026-07-30T18:27:03,31,עור,סתריה,visit_type,שיחת טלפון,2
2026-07-30T18:27:03,31,עור,סתריה,language,אנגלית,4
2026-07-30T18:27:03,31,עור,סתריה,language,אפריקנס,1
2026-07-30T18:27:03,31,עור,סתריה,language,הולנדית,1
2026-07-30T18:27:03,31,עור,סתריה,language,עברית,8
2026-07-30T18:27:03,31,עור,סתריה,language,רוסית,3
2026-07-30T18:27:08,31,עור,עג'ול,gender,אישה,19
2026-07-30T18:27:08,31,עור,עג'ול,gender,גבר,24
2026-07-30T18:27:08,31,עור,עג'ול,visit_type,ביקור במרפאה,45
2026-07-30T18:27:08,31,עור,עג'ול,language,אנגלית,6
2026-07-30T18:27:08,31,עור,עג'ול,language,ספרדית,1
2026-07-30T18:27:08,31,עור,עג'ול,language,עברית,13
2026-07-30T18:27:08,31,עור,עג'ול,language,צרפתית,4
2026-07-30T18:27:08,31,עור,עג'ול,language,רוסית,7
2026-07-30T18:27:16,31,עור,עולש,gender,גבר,33
2026-07-30T18:27:16,31,עור,עולש,gender,אישה,15
2026-07-30T18:27:16,31,עור,עולש,visit_type,ביקור במרפאה,49
2026-07-30T18:27:16,31,עור,עולש,language,איטלקית,1
2026-07-30T18:27:16,31,עור,עולש,language,אנגלית,5
2026-07-30T18:27:16,31,עור,עולש,language,עברית,9
2026-07-30T18:27:16,31,עור,עולש,language,ערבית,1
2026-07-30T18:27:16,31,עור,עולש,language,צרפתית,2
2026-07-30T18:27:16,31,עור,עולש,language,רומנית,1
2026-07-30T18:27:16,31,עור,עולש,language,רוסית,6
2026-07-30T18:27:28,31,עור,עזר,gender,גבר,18
2026-07-30T18:27:28,31,עור,עזר,gender,אישה,6
2026-07-30T18:27:28,31,עור,עזר,visit_type,ביקור במרפאה,24
2026-07-30T18:27:28,31,עור,עזר,language,אנגלית,7
2026-07-30T18:27:28,31,עור,עזר,language,אפריקנס,1
2026-07-30T18:27:28,31,עור,עזר,language,הולנדית,1
2026-07-30T18:27:28,31,עור,עזר,language,עברית,10
2026-07-30T18:27:28,31,עור,עזר,language,רוסית,6
2026-07-30T18:27:33,31,עור,עיינות,gender,גבר,38
2026-07-30T18:27:33,31,עור,עיינות,gender,אישה,13
2026-07-30T18:27:33,31,עור,עיינות,visit_type,ביקור במרפאה,52
2026-07-30T18:27:33,31,עור,עיינות,visit_type,שיחת טלפון,2
2026-07-30T18:27:33,31,עור,עיינות,language,אנגלית,10
2026-07-30T18:27:33,31,עור,עיינות,language,אפריקנס,1
2026-07-30T18:27:33,31,עור,עיינות,language,גרמנית,1
2026-07-30T18:27:33,31,עור,עיינות,language,הולנדית,1
2026-07-30T18:27:33,31,עור,עיינות,language,עברית,16
2026-07-30T18:27:33,31,עור,עיינות,language,צרפתית,1
2026-07-30T18:27:33,31,עור,עיינות,language,רומנית,1
2026-07-30T18:27:33,31,עור,עיינות,language,רוסית,7
2026-07-30T18:27:42,31,עור,עלי,gender,אישה,19
2026-07-30T18:27:42,31,עור,עלי,gender,גבר,25
2026-07-30T18:27:42,31,עור,עלי,visit_type,ביקור במרפאה,46
2026-07-30T18:27:42,31,עור,עלי,language,אנגלית,6
2026-07-30T18:27:42,31,עור,עלי,language,ספרדית,1
2026-07-30T18:27:42,31,עור,עלי,language,עברית,14
2026-07-30T18:27:42,31,עור,עלי,language,צרפתית,5
2026-07-30T18:27:42,31,עור,עלי,language,רוסית,7
2026-07-30T18:27:52,31,עור,עמיקם,gender,גבר,59
2026-07-30T18:27:52,31,עור,עמיקם,gender,אישה,21
2026-07-30T18:27:52,31,עור,עמיקם,visit_type,ביקור במרפאה,81
2026-07-30T18:27:52,31,עור,עמיקם,language,איטלקית,1
2026-07-30T18:27:52,31,עור,עמיקם,language,אנגלית,23
2026-07-30T18:27:52,31,עור,עמיקם,language,עברית,27
2026-07-30T18:27:52,31,עור,עמיקם,language,ערבית,14
2026-07-30T18:27:52,31,עור,עמיקם,language,צרפתית,2
2026-07-30T18:27:52,31,עור,עמיקם,language,רומנית,1
2026-07-30T18:27:52,31,עור,עמיקם,language,רוסית,10
2026-07-30T18:28:08,31,עור,עסכר,gender,גבר,33
2026-07-30T18:28:08,31,עור,עסכר,gender,אישה,15
2026-07-30T18:28:08,31,עור,עסכר,visit_type,ביקור במרפאה,49
2026-07-30T18:28:08,31,עור,עסכר,language,איטלקית,1
2026-07-30T18:28:08,31,עור,עסכר,language,אנגלית,5
2026-07-30T18:28:08,31,עור,עסכר,language,עברית,9
2026-07-30T18:28:08,31,עור,עסכר,language,ערבית,1
2026-07-30T18:28:08,31,עור,עסכר,language,צרפתית,2
2026-07-30T18:28:08,31,עור,עסכר,language,רומנית,1
2026-07-30T18:28:08,31,עור,עסכר,language,רוסית,6
2026-07-30T18:28:20,31,עור,עראמשה,gender,גבר,35
2026-07-30T18:28:20,31,עור,עראמשה,gender,אישה,3
2026-07-30T18:28:20,31,עור,עראמשה,visit_type,ביקור במרפאה,38
2026-07-30T18:28:20,31,עור,עראמשה,language,אנגלית,19
2026-07-30T18:28:20,31,עור,עראמשה,language,גרמנית,7
2026-07-30T18:28:20,31,עור,עראמשה,language,עברית,38
2026-07-30T18:28:20,31,עור,עראמשה,language,ערבית,35
2026-07-30T18:28:20,31,עור,עראמשה,language,רומנית,10
2026-07-30T18:28:20,31,עור,עראמשה,language,רוסית,2
2026-07-30T18:28:28,31,עור,עתיל,gender,גבר,33
2026-07-30T18:28:28,31,עור,עתיל,gender,אישה,15
2026-07-30T18:28:28,31,עור,עתיל,visit_type,ביקור במרפאה,49
2026-07-30T18:28:28,31,עור,עתיל,language,איטלקית,1
2026-07-30T18:28:28,31,עור,עתיל,language,אנגלית,5
2026-07-30T18:28:28,31,עור,עתיל,language,עברית,9
2026-07-30T18:28:28,31,עור,עתיל,language,ערבית,1
2026-07-30T18:28:28,31,עור,עתיל,language,צרפתית,2
2026-07-30T18:28:28,31,עור,עתיל,language,רומנית,1
2026-07-30T18:28:28,31,עור,עתיל,language,רוסית,6
2026-07-30T18:28:40,31,עור,פדואל,gender,גבר,25
2026-07-30T18:28:40,31,עור,פדואל,gender,אישה,13
2026-07-30T18:28:40,31,עור,פדואל,visit_type,ביקור במרפאה,46
2026-07-30T18:28:40,31,עור,פדואל,language,איטלקית,1
2026-07-30T18:28:40,31,עור,פדואל,language,אנגלית,26
2026-07-30T18:28:40,31,עור,פדואל,language,גרמנית,2
2026-07-30T18:28:40,31,עור,פדואל,language,ספרדית,4
2026-07-30T18:28:40,31,עור,פדואל,language,עברית,45
2026-07-30T18:28:40,31,עור,פדואל,language,ערבית,7
2026-07-30T18:28:40,31,עור,פדואל,language,צרפתית,3
2026-07-30T18:28:40,31,עור,פדואל,language,רוסית,5
2026-07-30T18:28:52,31,עור,פלאמה,gender,גבר,33
2026-07-30T18:28:52,31,עור,פלאמה,gender,אישה,15
2026-07-30T18:28:52,31,עור,פלאמה,visit_type,ביקור במרפאה,49
2026-07-30T18:28:52,31,עור,פלאמה,language,איטלקית,1
2026-07-30T18:28:52,31,עור,פלאמה,language,אנגלית,5
2026-07-30T18:28:52,31,עור,פלאמה,language,עברית,9
2026-07-30T18:28:52,31,עור,פלאמה,language,ערבית,1
2026-07-30T18:28:52,31,עור,פלאמה,language,צרפתית,2
2026-07-30T18:28:52,31,עור,פלאמה,language,רומנית,1
2026-07-30T18:28:52,31,עור,פלאמה,language,רוסית,6
2026-07-30T18:29:05,31,עור,פקועה,gender,גבר,33
2026-07-30T18:29:05,31,עור,פקועה,gender,אישה,15
2026-07-30T18:29:05,31,עור,פקועה,visit_type,ביקור במרפאה,49
2026-07-30T18:29:05,31,עור,פקועה,language,איטלקית,1
2026-07-30T18:29:05,31,עור,פקועה,language,אנגלית,5
2026-07-30T18:29:05,31,עור,פקועה,language,עברית,9
2026-07-30T18:29:05,31,עור,פקועה,language,ערבית,1
2026-07-30T18:29:05,31,עור,פקועה,language,צרפתית,2
2026-07-30T18:29:05,31,עור,פקועה,language,רומנית,1
2026-07-30T18:29:05,31,עור,פקועה,language,רוסית,6
2026-07-30T18:29:16,31,עור,פרעתה,gender,גבר,33
2026-07-30T18:29:16,31,עור,פרעתה,gender,אישה,15
2026-07-30T18:29:16,31,עור,פרעתה,visit_type,ביקור במרפאה,49
2026-07-30T18:29:16,31,עור,פרעתה,language,איטלקית,1
2026-07-30T18:29:16,31,עור,פרעתה,language,אנגלית,5
2026-07-30T18:29:16,31,עור,פרעתה,language,עברית,9
2026-07-30T18:29:16,31,עור,פרעתה,language,ערבית,1
2026-07-30T18:29:16,31,עור,פרעתה,language,צרפתית,2
2026-07-30T18:29:16,31,עור,פרעתה,language,רומנית,1
2026-07-30T18:29:16,31,עור,פרעתה,language,רוסית,6
2026-07-30T18:29:28,31,עור,צופית,gender,גבר,52
2026-07-30T18:29:28,31,עור,צופית,gender,אישה,30
2026-07-30T18:29:28,31,עור,צופית,visit_type,ביקור במרפאה,85
2026-07-30T18:29:28,31,עור,צופית,language,אידיש,1
2026-07-30T18:29:28,31,עור,צופית,language,איטלקית,1
2026-07-30T18:29:28,31,עור,צופית,language,אנגלית,18
2026-07-30T18:29:28,31,עור,צופית,language,אפריקנס,1
2026-07-30T18:29:28,31,עור,צופית,language,גרמנית,1
2026-07-30T18:29:28,31,עור,צופית,language,הולנדית,1
2026-07-30T18:29:28,31,עור,צופית,language,ספרדית,2
2026-07-30T18:29:28,31,עור,צופית,language,עברית,30
2026-07-30T18:29:28,31,עור,צופית,language,ערבית,5
2026-07-30T18:29:28,31,עור,צופית,language,צרפתית,2
2026-07-30T18:29:28,31,עור,צופית,language,רומנית,1
2026-07-30T18:29:28,31,עור,צופית,language,רוסית,8
2026-07-30T18:29:49,31,עור,צפרירים,gender,אישה,19
2026-07-30T18:29:49,31,עור,צפרירים,gender,גבר,24
2026-07-30T18:29:49,31,עור,צפרירים,visit_type,ביקור במרפאה,45
2026-07-30T18:29:49,31,עור,צפרירים,language,אנגלית,6
2026-07-30T18:29:49,31,עור,צפרירים,language,ספרדית,1
2026-07-30T18:29:49,31,עור,צפרירים,language,עברית,13
2026-07-30T18:29:49,31,עור,צפרירים,language,צרפתית,4
2026-07-30T18:29:49,31,עור,צפרירים,language,רוסית,7
2026-07-30T18:29:57,31,עור,קדיתא,gender,גבר,47
2026-07-30T18:29:57,31,עור,קדיתא,gender,אישה,6
2026-07-30T18:29:57,31,עור,קדיתא,visit_type,ביקור במרפאה,53
2026-07-30T18:29:57,31,עור,קדיתא,language,אנגלית,21
2026-07-30T18:29:57,31,עור,קדיתא,language,עברית,21
2026-07-30T18:29:57,31,עור,קדיתא,language,ערבית,17
2026-07-30T18:29:57,31,עור,קדיתא,language,רומנית,4
2026-07-30T18:29:57,31,עור,קדיתא,language,רוסית,2
2026-07-30T18:30:06,31,עור,קוסין,gender,גבר,33
2026-07-30T18:30:06,31,עור,קוסין,gender,אישה,15
2026-07-30T18:30:06,31,עור,קוסין,visit_type,ביקור במרפאה,49
2026-07-30T18:30:06,31,עור,קוסין,language,איטלקית,1
2026-07-30T18:30:06,31,עור,קוסין,language,אנגלית,5
2026-07-30T18:30:06,31,עור,קוסין,language,עברית,9
2026-07-30T18:30:06,31,עור,קוסין,language,ערבית,1
2026-07-30T18:30:06,31,עור,קוסין,language,צרפתית,2
2026-07-30T18:30:06,31,עור,קוסין,language,רומנית,1
2026-07-30T18:30:06,31,עור,קוסין,language,רוסית,6
2026-07-30T18:30:18,31,עור,קלנדיה,gender,אישה,19
2026-07-30T18:30:18,31,עור,קלנדיה,gender,גבר,24
2026-07-30T18:30:18,31,עור,קלנדיה,visit_type,ביקור במרפאה,45
2026-07-30T18:30:18,31,עור,קלנדיה,language,אנגלית,6
2026-07-30T18:30:18,31,עור,קלנדיה,language,ספרדית,1
2026-07-30T18:30:18,31,עור,קלנדיה,language,עברית,13
2026-07-30T18:30:18,31,עור,קלנדיה,language,צרפתית,4
2026-07-30T18:30:18,31,עור,קלנדיה,language,רוסית,7
2026-07-30T18:30:26,31,עור,קריות,gender,אישה,19
2026-07-30T18:30:26,31,עור,קריות,gender,גבר,24
2026-07-30T18:30:26,31,עור,קריות,visit_type,ביקור במרפאה,45
2026-07-30T18:30:26,31,עור,קריות,language,אנגלית,6
2026-07-30T18:30:26,31,עור,קריות,language,ספרדית,1
2026-07-30T18:30:26,31,עור,קריות,language,עברית,13
2026-07-30T18:30:26,31,עור,קריות,language,צרפתית,4
2026-07-30T18:30:26,31,עור,קריות,language,רוסית,7
2026-07-30T18:30:36,31,עור,ראבוד,gender,גבר,30
2026-07-30T18:30:36,31,עור,ראבוד,gender,אישה,13
2026-07-30T18:30:36,31,עור,ראבוד,visit_type,ביקור במרפאה,45
2026-07-30T18:30:36,31,עור,ראבוד,language,אנגלית,6
2026-07-30T18:30:36,31,עור,ראבוד,language,בולגרית,1
2026-07-30T18:30:36,31,עור,ראבוד,language,עברית,9
2026-07-30T18:30:36,31,עור,ראבוד,language,ערבית,1
2026-07-30T18:30:36,31,עור,ראבוד,language,רוסית,5
2026-07-30T18:30:47,31,עור,רבדים,gender,גבר,18
2026-07-30T18:30:47,31,עור,רבדים,gender,אישה,6
2026-07-30T18:30:47,31,עור,רבדים,visit_type,ביקור במרפאה,24
2026-07-30T18:30:47,31,עור,רבדים,language,אנגלית,7
2026-07-30T18:30:47,31,עור,רבדים,language,אפריקנס,1
2026-07-30T18:30:47,31,עור,רבדים,language,הולנדית,1
2026-07-30T18:30:47,31,עור,רבדים,language,עברית,10
2026-07-30T18:30:47,31,עור,רבדים,language,רוסית,6
2026-07-30T18:30:53,31,עור,רוחמה,gender,אישה,9
2026-07-30T18:30:53,31,עור,רוחמה,gender,גבר,21
2026-07-30T18:30:53,31,עור,רוחמה,visit_type,ביקור במרפאה,32
2026-07-30T18:30:53,31,עור,רוחמה,language,אנגלית,4
2026-07-30T18:30:53,31,עור,רוחמה,language,בולגרית,1
2026-07-30T18:30:53,31,עור,רוחמה,language,עברית,7
2026-07-30T18:30:53,31,עור,רוחמה,language,רוסית,5
2026-07-30T18:31:04,31,עור,ריחן,gender,גבר,59
2026-07-30T18:31:04,31,עור,ריחן,gender,אישה,21
2026-07-30T18:31:04,31,עור,ריחן,visit_type,ביקור במרפאה,81
2026-07-30T18:31:04,31,עור,ריחן,language,איטלקית,1
2026-07-30T18:31:04,31,עור,ריחן,language,אנגלית,23
2026-07-30T18:31:04,31,עור,ריחן,language,עברית,27
2026-07-30T18:31:04,31,עור,ריחן,language,ערבית,14
2026-07-30T18:31:04,31,עור,ריחן,language,צרפתית,2
2026-07-30T18:31:04,31,עור,ריחן,language,רומנית,1
2026-07-30T18:31:04,31,עור,ריחן,language,רוסית,10
2026-07-30T18:31:19,31,עור,רמות מאיר,gender,גבר,28
2026-07-30T18:31:19,31,עור,רמות מאיר,gender,אישה,6
2026-07-30T18:31:19,31,עור,רמות מאיר,visit_type,ביקור במרפאה,34
2026-07-30T18:31:19,31,עור,רמות מאיר,visit_type,שיחת טלפון,2
2026-07-30T18:31:19,31,עור,רמות מאיר,language,אנגלית,4
2026-07-30T18:31:19,31,עור,רמות מאיר,language,אפריקנס,1
2026-07-30T18:31:19,31,עור,רמות מאיר,language,הולנדית,1
2026-07-30T18:31:19,31,עור,רמות מאיר,language,עברית,8
2026-07-30T18:31:19,31,עור,רמות מאיר,language,רוסית,3
2026-07-30T18:31:25,31,עור,רפידיה,gender,גבר,33
2026-07-30T18:31:25,31,עור,רפידיה,gender,אישה,15
2026-07-30T18:31:25,31,עור,רפידיה,visit_type,ביקור במרפאה,49
2026-07-30T18:31:25,31,עור,רפידיה,language,איטלקית,1
2026-07-30T18:31:25,31,עור,רפידיה,language,אנגלית,5
2026-07-30T18:31:25,31,עור,רפידיה,language,עברית,9
2026-07-30T18:31:25,31,עור,רפידיה,language,ערבית,1
2026-07-30T18:31:25,31,עור,רפידיה,language,צרפתית,2
2026-07-30T18:31:25,31,עור,רפידיה,language,רומנית,1
2026-07-30T18:31:25,31,עור,רפידיה,language,רוסית,6
2026-07-30T18:31:37,31,עור,שבתין,gender,גבר,25
2026-07-30T18:31:37,31,עור,שבתין,gender,אישה,13
2026-07-30T18:31:37,31,עור,שבתין,visit_type,ביקור במרפאה,46
2026-07-30T18:31:37,31,עור,שבתין,language,איטלקית,1
2026-07-30T18:31:37,31,עור,שבתין,language,אנגלית,26
2026-07-30T18:31:37,31,עור,שבתין,language,גרמנית,2
2026-07-30T18:31:37,31,עור,שבתין,language,ספרדית,4
2026-07-30T18:31:37,31,עור,שבתין,language,עברית,45
2026-07-30T18:31:37,31,עור,שבתין,language,ערבית,7
2026-07-30T18:31:37,31,עור,שבתין,language,צרפתית,3
2026-07-30T18:31:37,31,עור,שבתין,language,רוסית,5
2026-07-30T18:31:50,31,עור,שדה יצחק,gender,גבר,59
2026-07-30T18:31:50,31,עור,שדה יצחק,gender,אישה,21
2026-07-30T18:31:50,31,עור,שדה יצחק,visit_type,ביקור במרפאה,81
2026-07-30T18:31:50,31,עור,שדה יצחק,language,איטלקית,1
2026-07-30T18:31:50,31,עור,שדה יצחק,language,אנגלית,23
2026-07-30T18:31:50,31,עור,שדה יצחק,language,עברית,27
2026-07-30T18:31:50,31,עור,שדה יצחק,language,ערבית,14
2026-07-30T18:31:50,31,עור,שדה יצחק,language,צרפתית,2
2026-07-30T18:31:50,31,עור,שדה יצחק,language,רומנית,1
2026-07-30T18:31:50,31,עור,שדה יצחק,language,רוסית,10
2026-07-30T18:32:06,31,עור,שוקבא,gender,גבר,25
2026-07-30T18:32:06,31,עור,שוקבא,gender,אישה,13
2026-07-30T18:32:06,31,עור,שוקבא,visit_type,ביקור במרפאה,46
2026-07-30T18:32:06,31,עור,שוקבא,language,איטלקית,1
2026-07-30T18:32:06,31,עור,שוקבא,language,אנגלית,26
2026-07-30T18:32:06,31,עור,שוקבא,language,גרמנית,2
2026-07-30T18:32:06,31,עור,שוקבא,language,ספרדית,4
2026-07-30T18:32:06,31,עור,שוקבא,language,עברית,45
2026-07-30T18:32:06,31,עור,שוקבא,language,ערבית,7
2026-07-30T18:32:06,31,עור,שוקבא,language,צרפתית,3
2026-07-30T18:32:06,31,עור,שוקבא,language,רוסית,5
2026-07-30T18:32:18,31,עור,שייח' דנון,gender,גבר,35
2026-07-30T18:32:18,31,עור,שייח' דנון,gender,אישה,3
2026-07-30T18:32:18,31,עור,שייח' דנון,visit_type,ביקור במרפאה,38
2026-07-30T18:32:18,31,עור,שייח' דנון,language,אנגלית,19
2026-07-30T18:32:18,31,עור,שייח' דנון,language,גרמנית,7
2026-07-30T18:32:18,31,עור,שייח' דנון,language,עברית,38
2026-07-30T18:32:18,31,עור,שייח' דנון,language,ערבית,35
2026-07-30T18:32:18,31,עור,שייח' דנון,language,רומנית,10
2026-07-30T18:32:18,31,עור,שייח' דנון,language,רוסית,2
2026-07-30T18:32:25,31,עור,שלומציון,gender,גבר,24
2026-07-30T18:32:25,31,עור,שלומציון,gender,אישה,19
2026-07-30T18:32:25,31,עור,שלומציון,visit_type,ביקור במרפאה,45
2026-07-30T18:32:25,31,עור,שלומציון,language,אנגלית,6
2026-07-30T18:32:25,31,עור,שלומציון,language,ספרדית,1
2026-07-30T18:32:25,31,עור,שלומציון,language,עברית,13
2026-07-30T18:32:25,31,עור,שלומציון,language,צרפתית,4
2026-07-30T18:32:25,31,עור,שלומציון,language,רוסית,7
2026-07-30T18:32:34,31,עור,שער אפרים,gender,גבר,33
2026-07-30T18:32:34,31,עור,שער אפרים,gender,אישה,15
2026-07-30T18:32:34,31,עור,שער אפרים,visit_type,ביקור במרפאה,49
2026-07-30T18:32:34,31,עור,שער אפרים,language,איטלקית,1
2026-07-30T18:32:34,31,עור,שער אפרים,language,אנגלית,5
2026-07-30T18:32:34,31,עור,שער אפרים,language,עברית,9
2026-07-30T18:32:34,31,עור,שער אפרים,language,ערבית,1
2026-07-30T18:32:34,31,עור,שער אפרים,language,צרפתית,2
2026-07-30T18:32:34,31,עור,שער אפרים,language,רומנית,1
2026-07-30T18:32:34,31,עור,שער אפרים,language,רוסית,6
2026-07-30T18:32:48,31,עור,שקף,gender,אישה,9
2026-07-30T18:32:48,31,עור,שקף,gender,גבר,21
2026-07-30T18:32:48,31,עור,שקף,visit_type,ביקור במרפאה,32
2026-07-30T18:32:48,31,עור,שקף,language,אנגלית,4
2026-07-30T18:32:48,31,עור,שקף,language,בולגרית,1
2026-07-30T18:32:48,31,עור,שקף,language,עברית,7
2026-07-30T18:32:48,31,עור,שקף,language,רוסית,5
2026-07-30T18:32:58,31,עור,תומר,gender,גבר,24
2026-07-30T18:32:58,31,עור,תומר,gender,אישה,19
2026-07-30T18:32:58,31,עור,תומר,visit_type,ביקור במרפאה,45
2026-07-30T18:32:58,31,עור,תומר,language,אנגלית,6
2026-07-30T18:32:58,31,עור,תומר,language,ספרדית,1
2026-07-30T18:32:58,31,עור,תומר,language,עברית,13
2026-07-30T18:32:58,31,עור,תומר,language,צרפתית,4
2026-07-30T18:32:58,31,עור,תומר,language,רוסית,7
2026-07-30T18:33:06,31,עור,תל אל בידה,gender,גבר,47
2026-07-30T18:33:06,31,עור,תל אל בידה,gender,אישה,6
2026-07-30T18:33:06,31,עור,תל אל בידה,visit_type,ביקור במרפאה,53
2026-07-30T18:33:06,31,עור,תל אל בידה,language,אנגלית,21
2026-07-30T18:33:06,31,עור,תל אל בידה,language,עברית,21
2026-07-30T18:33:06,31,עור,תל אל בידה,language,ערבית,17
2026-07-30T18:33:06,31,עור,תל אל בידה,language,רומנית,4
2026-07-30T18:33:06,31,עור,תל אל בידה,language,רוסית,2
2026-07-30T18:33:14,31,עור,תעוז,gender,גבר,24
2026-07-30T18:33:14,31,עור,תעוז,gender,אישה,19
2026-07-30T18:33:14,31,עור,תעוז,visit_type,ביקור במרפאה,45
2026-07-30T18:33:14,31,עור,תעוז,language,אנגלית,6
2026-07-30T18:33:14,31,עור,תעוז,language,ספרדית,1
2026-07-30T18:33:14,31,עור,תעוז,language,עברית,13
2026-07-30T18:33:14,31,עור,תעוז,language,צרפתית,4
2026-07-30T18:33:14,31,עור,תעוז,language,רוסית,7
2026-07-30T18:33:24,31,עור,תפרח,gender,גבר,30
2026-07-30T18:33:24,31,עור,תפרח,gender,אישה,13
2026-07-30T18:33:24,31,עור,תפרח,visit_type,ביקור במרפאה,45
2026-07-30T18:33:24,31,עור,תפרח,language,אנגלית,6
2026-07-30T18:33:24,31,עור,תפרח,language,בולגרית,1
2026-07-30T18:33:24,31,עור,תפרח,language,עברית,9
2026-07-30T18:33:24,31,עור,תפרח,language,ערבית,1
2026-07-30T18:33:24,31,עור,תפרח,language,רוסית,5
2026-07-30T18:33:36,61,עיניים,א ראם,gender,אישה,13
2026-07-30T18:33:36,61,עיניים,א ראם,gender,גבר,17
2026-07-30T18:33:36,61,עיניים,א ראם,visit_type,ביקור במרפאה,30
2026-07-30T18:33:36,61,עיניים,א ראם,language,אנגלית,4
2026-07-30T18:33:36,61,עיניים,א ראם,language,עברית,6
2026-07-30T18:33:36,61,עיניים,א ראם,language,ערבית,6
2026-07-30T18:33:36,61,עיניים,א ראם,language,צרפתית,1
2026-07-30T18:33:36,61,עיניים,א ראם,language,רומנית,1
2026-07-30T18:33:44,61,עיניים,אבו עבדון,gender,גבר,44
2026-07-30T18:33:44,61,עיניים,אבו עבדון,gender,אישה,6
2026-07-30T18:33:44,61,עיניים,אבו עבדון,visit_type,ביקור במרפאה,51
2026-07-30T18:33:44,61,עיניים,אבו עבדון,visit_type,שיחת טלפון,1
2026-07-30T18:33:44,61,עיניים,אבו עבדון,language,איטלקית,1
2026-07-30T18:33:44,61,עיניים,אבו עבדון,language,אנגלית,2
2026-07-30T18:33:44,61,עיניים,אבו עבדון,language,עברית,5
2026-07-30T18:33:44,61,עיניים,אבו עבדון,language,רוסית,5
2026-07-30T18:33:56,61,עיניים,אודלה,gender,גבר,54
2026-07-30T18:33:56,61,עיניים,אודלה,gender,אישה,14
2026-07-30T18:33:56,61,עיניים,אודלה,visit_type,ביקור במרפאה,70
2026-07-30T18:33:56,61,עיניים,אודלה,visit_type,שיחת טלפון,1
2026-07-30T18:33:56,61,עיניים,אודלה,language,אידיש,2
2026-07-30T18:33:56,61,עיניים,אודלה,language,איטלקית,1
2026-07-30T18:33:56,61,עיניים,אודלה,language,אנגלית,10
2026-07-30T18:33:56,61,עיניים,אודלה,language,ספרדית,3
2026-07-30T18:33:56,61,עיניים,אודלה,language,עברית,13
2026-07-30T18:33:56,61,עיניים,אודלה,language,ערבית,2
2026-07-30T18:33:56,61,עיניים,אודלה,language,צרפתית,2
2026-07-30T18:33:56,61,עיניים,אודלה,language,רוסית,1
2026-07-30T18:34:11,61,עיניים,אזור תעסוקה מיתרים,gender,גבר,56
2026-07-30T18:34:11,61,עיניים,אזור תעסוקה מיתרים,gender,אישה,13
2026-07-30T18:34:11,61,עיניים,אזור תעסוקה מיתרים,visit_type,ביקור במרפאה,71
2026-07-30T18:34:11,61,עיניים,אזור תעסוקה מיתרים,visit_type,שיחת טלפון,1
2026-07-30T18:34:11,61,עיניים,אזור תעסוקה מיתרים,language,איטלקית,2
2026-07-30T18:34:11,61,עיניים,אזור תעסוקה מיתרים,language,אנגלית,3
2026-07-30T18:34:11,61,עיניים,אזור תעסוקה מיתרים,language,ספרדית,1
2026-07-30T18:34:11,61,עיניים,אזור תעסוקה מיתרים,language,עברית,6
2026-07-30T18:34:11,61,עיניים,אזור תעסוקה מיתרים,language,צרפתית,1
2026-07-30T18:34:11,61,עיניים,אזור תעסוקה מיתרים,language,רומנית,1
2026-07-30T18:34:11,61,עיניים,אזור תעסוקה מיתרים,language,רוסית,5
2026-07-30T18:34:25,61,עיניים,אחיעזר,gender,אישה,15
2026-07-30T18:34:25,61,עיניים,אחיעזר,gender,גבר,22
2026-07-30T18:34:25,61,עיניים,אחיעזר,visit_type,ביקור במרפאה,41
2026-07-30T18:34:25,61,עיניים,אחיעזר,language,אנגלית,6
2026-07-30T18:34:25,61,עיניים,אחיעזר,language,הונגרית,1
2026-07-30T18:34:25,61,עיניים,אחיעזר,language,עברית,6
2026-07-30T18:34:25,61,עיניים,אחיעזר,language,ערבית,1
2026-07-30T18:34:25,61,עיניים,אחיעזר,language,צרפתית,1
2026-07-30T18:34:25,61,עיניים,אחיעזר,language,רומנית,1
2026-07-30T18:34:25,61,עיניים,אחיעזר,language,רוסית,1
2026-07-30T18:34:32,61,עיניים,אילניה,gender,גבר,62
2026-07-30T18:34:32,61,עיניים,אילניה,gender,אישה,12
2026-07-30T18:34:32,61,עיניים,אילניה,visit_type,ביקור במרפאה,79
2026-07-30T18:34:32,61,עיניים,אילניה,language,אנגלית,19
2026-07-30T18:34:32,61,עיניים,אילניה,language,עברית,27
2026-07-30T18:34:32,61,עיניים,אילניה,language,ערבית,17
2026-07-30T18:34:32,61,עיניים,אילניה,language,רוסית,4
2026-07-30T18:34:46,61,עיניים,אל עטאונה,gender,גבר,44
2026-07-30T18:34:46,61,עיניים,אל עטאונה,gender,אישה,6
2026-07-30T18:34:46,61,עיניים,אל עטאונה,visit_type,ביקור במרפאה,51
2026-07-30T18:34:46,61,עיניים,אל עטאונה,visit_type,שיחת טלפון,1
2026-07-30T18:34:46,61,עיניים,אל עטאונה,language,איטלקית,1
2026-07-30T18:34:46,61,עיניים,אל עטאונה,language,אנגלית,2
2026-07-30T18:34:46,61,עיניים,אל עטאונה,language,עברית,5
2026-07-30T18:34:46,61,עיניים,אל עטאונה,language,רוסית,5
2026-07-30T18:34:58,61,עיניים,אעצם,gender,גבר,44
2026-07-30T18:34:58,61,עיניים,אעצם,gender,אישה,6
2026-07-30T18:34:58,61,עיניים,אעצם,visit_type,ביקור במרפאה,51
2026-07-30T18:34:58,61,עיניים,אעצם,visit_type,שיחת טלפון,1
2026-07-30T18:34:58,61,עיניים,אעצם,language,איטלקית,1
2026-07-30T18:34:58,61,עיניים,אעצם,language,אנגלית,2
2026-07-30T18:34:58,61,עיניים,אעצם,language,עברית,5
2026-07-30T18:34:58,61,עיניים,אעצם,language,רוסית,5
2026-07-30T18:35:09,61,עיניים,אריאל,gender,גבר,46
2026-07-30T18:35:09,61,עיניים,אריאל,gender,אישה,23
2026-07-30T18:35:09,61,עיניים,אריאל,visit_type,ביקור במרפאה,75
2026-07-30T18:35:09,61,עיניים,אריאל,language,אידיש,2
2026-07-30T18:35:09,61,עיניים,אריאל,language,איטלקית,2
2026-07-30T18:35:09,61,עיניים,אריאל,language,אנגלית,30
2026-07-30T18:35:09,61,עיניים,אריאל,language,גרוזינית,2
2026-07-30T18:35:09,61,עיניים,אריאל,language,ספרדית,3
2026-07-30T18:35:09,61,עיניים,אריאל,language,עברית,57
2026-07-30T18:35:09,61,עיניים,אריאל,language,ערבית,5
2026-07-30T18:35:09,61,עיניים,אריאל,language,פולנית,1
2026-07-30T18:35:09,61,עיניים,אריאל,language,צרפתית,2
2026-07-30T18:35:09,61,עיניים,אריאל,language,רומנית,2
2026-07-30T18:35:09,61,עיניים,אריאל,language,רוסית,13
2026-07-30T18:35:24,61,עיניים,אשלים,gender,גבר,44
2026-07-30T18:35:24,61,עיניים,אשלים,gender,אישה,6
2026-07-30T18:35:24,61,עיניים,אשלים,visit_type,ביקור במרפאה,51
2026-07-30T18:35:24,61,עיניים,אשלים,visit_type,שיחת טלפון,1
2026-07-30T18:35:24,61,עיניים,אשלים,language,איטלקית,1
2026-07-30T18:35:24,61,עיניים,אשלים,language,אנגלית,2
2026-07-30T18:35:24,61,עיניים,אשלים,language,עברית,5
2026-07-30T18:35:24,61,עיניים,אשלים,language,רוסית,5
2026-07-30T18:35:37,61,עיניים,באר שבע,gender,גבר,56
2026-07-30T18:35:37,61,עיניים,באר שבע,gender,אישה,13
2026-07-30T18:35:37,61,עיניים,באר שבע,visit_type,ביקור במרפאה,71
2026-07-30T18:35:37,61,עיניים,באר שבע,visit_type,שיחת טלפון,1
2026-07-30T18:35:37,61,עיניים,באר שבע,language,איטלקית,2
2026-07-30T18:35:37,61,עיניים,באר שבע,language,אנגלית,3
2026-07-30T18:35:37,61,עיניים,באר שבע,language,ספרדית,1
2026-07-30T18:35:37,61,עיניים,באר שבע,language,עברית,6
2026-07-30T18:35:37,61,עיניים,באר שבע,language,צרפתית,1
2026-07-30T18:35:37,61,עיניים,באר שבע,language,רומנית,1
2026-07-30T18:35:37,61,עיניים,באר שבע,language,רוסית,5
2026-07-30T18:35:54,61,עיניים,בורייג',gender,גבר,56
2026-07-30T18:35:54,61,עיניים,בורייג',gender,אישה,13
2026-07-30T18:35:54,61,עיניים,בורייג',visit_type,ביקור במרפאה,71
2026-07-30T18:35:54,61,עיניים,בורייג',visit_type,שיחת טלפון,1
2026-07-30T18:35:54,61,עיניים,בורייג',language,איטלקית,2
2026-07-30T18:35:54,61,עיניים,בורייג',language,אנגלית,3
2026-07-30T18:35:54,61,עיניים,בורייג',language,ספרדית,1
2026-07-30T18:35:54,61,עיניים,בורייג',language,עברית,6
2026-07-30T18:35:54,61,עיניים,בורייג',language,צרפתית,1
2026-07-30T18:35:54,61,עיניים,בורייג',language,רומנית,1
2026-07-30T18:35:54,61,עיניים,בורייג',language,רוסית,5
2026-07-30T18:36:09,61,עיניים,ביענה,gender,גבר,56
2026-07-30T18:36:09,61,עיניים,ביענה,gender,אישה,17
2026-07-30T18:36:09,61,עיניים,ביענה,visit_type,ביקור במרפאה,77
2026-07-30T18:36:09,61,עיניים,ביענה,visit_type,שיחת טלפון,1
2026-07-30T18:36:09,61,עיניים,ביענה,language,אוקראינית,1
2026-07-30T18:36:09,61,עיניים,ביענה,language,אידיש,1
2026-07-30T18:36:09,61,עיניים,ביענה,language,אנגלית,47
2026-07-30T18:36:09,61,עיניים,ביענה,language,בולגרית,7
2026-07-30T18:36:09,61,עיניים,ביענה,language,גרמנית,1
2026-07-30T18:36:09,61,עיניים,ביענה,language,עברית,71
2026-07-30T18:36:09,61,עיניים,ביענה,language,ערבית,48
2026-07-30T18:36:09,61,עיניים,ביענה,language,צרפתית,1
2026-07-30T18:36:09,61,עיניים,ביענה,language,רומנית,14
2026-07-30T18:36:09,61,עיניים,ביענה,language,רוסית,18
2026-07-30T18:36:21,61,עיניים,בני דרום,gender,גבר,14
2026-07-30T18:36:21,61,עיניים,בני דרום,gender,אישה,16
2026-07-30T18:36:21,61,עיניים,בני דרום,visit_type,ביקור במרפאה,36
2026-07-30T18:36:21,61,עיניים,בני דרום,language,אנגלית,9
2026-07-30T18:36:21,61,עיניים,בני דרום,language,הונגרית,1
2026-07-30T18:36:21,61,עיניים,בני דרום,language,עברית,9
2026-07-30T18:36:21,61,עיניים,בני דרום,language,ערבית,2
2026-07-30T18:36:21,61,עיניים,בני דרום,language,רומנית,3
2026-07-30T18:36:21,61,עיניים,בני דרום,language,רוסית,5
2026-07-30T18:36:28,61,עיניים,בצרה,gender,גבר,80
2026-07-30T18:36:28,61,עיניים,בצרה,gender,אישה,24
2026-07-30T18:36:28,61,עיניים,בצרה,visit_type,ביקור במרפאה,110
2026-07-30T18:36:28,61,עיניים,בצרה,visit_type,שיחת טלפון,1
2026-07-30T18:36:28,61,עיניים,בצרה,language,אידיש,2
2026-07-30T18:36:28,61,עיניים,בצרה,language,איטלקית,1
2026-07-30T18:36:28,61,עיניים,בצרה,language,אנגלית,24
2026-07-30T18:36:28,61,עיניים,בצרה,language,גרוזינית,1
2026-07-30T18:36:28,61,עיניים,בצרה,language,גרמנית,1
2026-07-30T18:36:28,61,עיניים,בצרה,language,ספרדית,3
2026-07-30T18:36:28,61,עיניים,בצרה,language,עברית,46
2026-07-30T18:36:28,61,עיניים,בצרה,language,ערבית,5
2026-07-30T18:36:28,61,עיניים,בצרה,language,צרפתית,5
2026-07-30T18:36:28,61,עיניים,בצרה,language,רומנית,2
2026-07-30T18:36:28,61,עיניים,בצרה,language,רוסית,9
2026-07-30T18:36:49,61,עיניים,ברוש,gender,גבר,56
2026-07-30T18:36:49,61,עיניים,ברוש,gender,אישה,13
2026-07-30T18:36:49,61,עיניים,ברוש,visit_type,ביקור במרפאה,71
2026-07-30T18:36:49,61,עיניים,ברוש,visit_type,שיחת טלפון,1
2026-07-30T18:36:49,61,עיניים,ברוש,language,איטלקית,2
2026-07-30T18:36:49,61,עיניים,ברוש,language,אנגלית,3
2026-07-30T18:36:49,61,עיניים,ברוש,language,ספרדית,1
2026-07-30T18:36:49,61,עיניים,ברוש,language,עברית,6
2026-07-30T18:36:49,61,עיניים,ברוש,language,צרפתית,1
2026-07-30T18:36:49,61,עיניים,ברוש,language,רומנית,1
2026-07-30T18:36:49,61,עיניים,ברוש,language,רוסית,5
2026-07-30T18:37:02,61,עיניים,בתיר,gender,אישה,13
2026-07-30T18:37:02,61,עיניים,בתיר,gender,גבר,17
2026-07-30T18:37:02,61,עיניים,בתיר,visit_type,ביקור במרפאה,30
2026-07-30T18:37:02,61,עיניים,בתיר,language,אנגלית,4
2026-07-30T18:37:02,61,עיניים,בתיר,language,עברית,6
2026-07-30T18:37:02,61,עיניים,בתיר,language,ערבית,6
2026-07-30T18:37:02,61,עיניים,בתיר,language,צרפתית,1
2026-07-30T18:37:02,61,עיניים,בתיר,language,רומנית,1
2026-07-30T18:37:09,61,עיניים,גבע,gender,גבר,104
2026-07-30T18:37:09,61,עיניים,גבע,gender,אישה,16
2026-07-30T18:37:09,61,עיניים,גבע,visit_type,ביקור במרפאה,125
2026-07-30T18:37:09,61,עיניים,גבע,visit_type,שיחת טלפון,1
2026-07-30T18:37:09,61,עיניים,גבע,language,אידיש,1
2026-07-30T18:37:09,61,עיניים,גבע,language,איטלקית,1
2026-07-30T18:37:09,61,עיניים,גבע,language,אנגלית,31
2026-07-30T18:37:09,61,עיניים,גבע,language,גרמנית,1
2026-07-30T18:37:09,61,עיניים,גבע,language,ספרדית,1
2026-07-30T18:37:09,61,עיניים,גבע,language,עברית,44
2026-07-30T18:37:09,61,עיניים,גבע,language,ערבית,25
2026-07-30T18:37:09,61,עיניים,גבע,language,פולנית,1
2026-07-30T18:37:09,61,עיניים,גבע,language,פרסית,1
2026-07-30T18:37:09,61,עיניים,גבע,language,צרפתית,1
2026-07-30T18:37:09,61,עיניים,גבע,language,רומנית,1
2026-07-30T18:37:09,61,עיניים,גבע,language,רוסית,5
2026-07-30T18:37:29,61,עיניים,גדעונה,gender,גבר,104
2026-07-30T18:37:29,61,עיניים,גדעונה,gender,אישה,16
2026-07-30T18:37:29,61,עיניים,גדעונה,visit_type,ביקור במרפאה,125
2026-07-30T18:37:29,61,עיניים,גדעונה,visit_type,שיחת טלפון,1
2026-07-30T18:37:29,61,עיניים,גדעונה,language,אידיש,1
2026-07-30T18:37:29,61,עיניים,גדעונה,language,איטלקית,1
2026-07-30T18:37:29,61,עיניים,גדעונה,language,אנגלית,31
2026-07-30T18:37:29,61,עיניים,גדעונה,language,גרמנית,1
2026-07-30T18:37:29,61,עיניים,גדעונה,language,ספרדית,1
2026-07-30T18:37:29,61,עיניים,גדעונה,language,עברית,44
2026-07-30T18:37:29,61,עיניים,גדעונה,language,ערבית,25
2026-07-30T18:37:29,61,עיניים,גדעונה,language,פולנית,1
2026-07-30T18:37:29,61,עיניים,גדעונה,language,פרסית,1
2026-07-30T18:37:29,61,עיניים,גדעונה,language,צרפתית,1
2026-07-30T18:37:29,61,עיניים,גדעונה,language,רומנית,1
2026-07-30T18:37:29,61,עיניים,גדעונה,language,רוסית,5
2026-07-30T18:37:48,61,עיניים,גילון,gender,גבר,56
2026-07-30T18:37:48,61,עיניים,גילון,gender,אישה,17
2026-07-30T18:37:48,61,עיניים,גילון,visit_type,ביקור במרפאה,77
2026-07-30T18:37:48,61,עיניים,גילון,visit_type,שיחת טלפון,1
2026-07-30T18:37:48,61,עיניים,גילון,language,אוקראינית,1
2026-07-30T18:37:48,61,עיניים,גילון,language,אידיש,1
2026-07-30T18:37:48,61,עיניים,גילון,language,אנגלית,47
2026-07-30T18:37:48,61,עיניים,גילון,language,בולגרית,7
2026-07-30T18:37:48,61,עיניים,גילון,language,גרמנית,1
2026-07-30T18:37:48,61,עיניים,גילון,language,עברית,71
2026-07-30T18:37:48,61,עיניים,גילון,language,ערבית,48
2026-07-30T18:37:48,61,עיניים,גילון,language,צרפתית,1
2026-07-30T18:37:48,61,עיניים,גילון,language,רומנית,14
2026-07-30T18:37:48,61,עיניים,גילון,language,רוסית,18
2026-07-30T18:38:03,61,עיניים,גלעד,gender,גבר,78
2026-07-30T18:38:03,61,עיניים,גלעד,gender,אישה,38
2026-07-30T18:38:03,61,עיניים,גלעד,visit_type,ביקור במרפאה,122
2026-07-30T18:38:03,61,עיניים,גלעד,visit_type,שיחת טלפון,2
2026-07-30T18:38:03,61,עיניים,גלעד,language,אוקראינית,1
2026-07-30T18:38:03,61,עיניים,גלעד,language,אידיש,4
2026-07-30T18:38:03,61,עיניים,גלעד,language,איטלקית,2
2026-07-30T18:38:03,61,עיניים,גלעד,language,אנגלית,47
2026-07-30T18:38:03,61,עיניים,גלעד,language,בולגרית,1
2026-07-30T18:38:03,61,עיניים,גלעד,language,גרמנית,2
2026-07-30T18:38:03,61,עיניים,גלעד,language,הונגרית,1
2026-07-30T18:38:03,61,עיניים,גלעד,language,ספרדית,2
2026-07-30T18:38:03,61,עיניים,גלעד,language,עברית,69
2026-07-30T18:38:03,61,עיניים,גלעד,language,ערבית,24
2026-07-30T18:38:03,61,עיניים,גלעד,language,פולנית,1
2026-07-30T18:38:03,61,עיניים,גלעד,language,פרסית,1
2026-07-30T18:38:03,61,עיניים,גלעד,language,צרפתית,3
2026-07-30T18:38:03,61,עיניים,גלעד,language,רומנית,1
2026-07-30T18:38:03,61,עיניים,גלעד,language,רוסית,21
2026-07-30T18:38:23,61,עיניים,געש,gender,גבר,80
2026-07-30T18:38:23,61,עיניים,געש,gender,אישה,24
2026-07-30T18:38:23,61,עיניים,געש,visit_type,ביקור במרפאה,110
2026-07-30T18:38:23,61,עיניים,געש,visit_type,שיחת טלפון,1
2026-07-30T18:38:23,61,עיניים,געש,language,אידיש,2
2026-07-30T18:38:23,61,עיניים,געש,language,איטלקית,1
2026-07-30T18:38:23,61,עיניים,געש,language,אנגלית,24
2026-07-30T18:38:23,61,עיניים,געש,language,גרוזינית,1
2026-07-30T18:38:23,61,עיניים,געש,language,גרמנית,1
2026-07-30T18:38:23,61,עיניים,געש,language,ספרדית,3
2026-07-30T18:38:23,61,עיניים,געש,language,עברית,46
2026-07-30T18:38:23,61,עיניים,געש,language,ערבית,5
2026-07-30T18:38:23,61,עיניים,געש,language,צרפתית,5
2026-07-30T18:38:23,61,עיניים,געש,language,רומנית,2
2026-07-30T18:38:23,61,עיניים,געש,language,רוסית,9
2026-07-30T18:38:42,61,עיניים,דבורה,gender,גבר,104
2026-07-30T18:38:42,61,עיניים,דבורה,gender,אישה,16
2026-07-30T18:38:42,61,עיניים,דבורה,visit_type,ביקור במרפאה,125
2026-07-30T18:38:42,61,עיניים,דבורה,visit_type,שיחת טלפון,1
2026-07-30T18:38:42,61,עיניים,דבורה,language,אידיש,1
2026-07-30T18:38:42,61,עיניים,דבורה,language,איטלקית,1
2026-07-30T18:38:42,61,עיניים,דבורה,language,אנגלית,31
2026-07-30T18:38:42,61,עיניים,דבורה,language,גרמנית,1
2026-07-30T18:38:42,61,עיניים,דבורה,language,ספרדית,1
2026-07-30T18:38:42,61,עיניים,דבורה,language,עברית,44
2026-07-30T18:38:42,61,עיניים,דבורה,language,ערבית,25
2026-07-30T18:38:42,61,עיניים,דבורה,language,פולנית,1
2026-07-30T18:38:42,61,עיניים,דבורה,language,פרסית,1
2026-07-30T18:38:42,61,עיניים,דבורה,language,צרפתית,1
2026-07-30T18:38:42,61,עיניים,דבורה,language,רומנית,1
2026-07-30T18:38:42,61,עיניים,דבורה,language,רוסית,5
2026-07-30T18:38:59,61,עיניים,דומא,gender,אישה,13
2026-07-30T18:38:59,61,עיניים,דומא,gender,גבר,17
2026-07-30T18:38:59,61,עיניים,דומא,visit_type,ביקור במרפאה,30
2026-07-30T18:38:59,61,עיניים,דומא,language,אנגלית,4
2026-07-30T18:38:59,61,עיניים,דומא,language,עברית,6
2026-07-30T18:38:59,61,עיניים,דומא,language,ערבית,6
2026-07-30T18:38:59,61,עיניים,דומא,language,צרפתית,1
2026-07-30T18:38:59,61,עיניים,דומא,language,רומנית,1
2026-07-30T18:39:07,61,עיניים,דימונה,gender,גבר,44
2026-07-30T18:39:07,61,עיניים,דימונה,gender,אישה,6
2026-07-30T18:39:07,61,עיניים,דימונה,visit_type,ביקור במרפאה,51
2026-07-30T18:39:07,61,עיניים,דימונה,visit_type,שיחת טלפון,1
2026-07-30T18:39:07,61,עיניים,דימונה,language,איטלקית,1
2026-07-30T18:39:07,61,עיניים,דימונה,language,אנגלית,2
2026-07-30T18:39:07,61,עיניים,דימונה,language,עברית,5
2026-07-30T18:39:07,61,עיניים,דימונה,language,רוסית,5
2026-07-30T18:39:19,61,עיניים,דנאבה,gender,גבר,54
2026-07-30T18:39:19,61,עיניים,דנאבה,gender,אישה,14
2026-07-30T18:39:19,61,עיניים,דנאבה,visit_type,ביקור במרפאה,70
2026-07-30T18:39:19,61,עיניים,דנאבה,visit_type,שיחת טלפון,1
2026-07-30T18:39:19,61,עיניים,דנאבה,language,אידיש,2
2026-07-30T18:39:19,61,עיניים,דנאבה,language,איטלקית,1
2026-07-30T18:39:19,61,עיניים,דנאבה,language,אנגלית,10
2026-07-30T18:39:19,61,עיניים,דנאבה,language,ספרדית,3
2026-07-30T18:39:19,61,עיניים,דנאבה,language,עברית,13
2026-07-30T18:39:19,61,עיניים,דנאבה,language,ערבית,2
2026-07-30T18:39:19,61,עיניים,דנאבה,language,צרפתית,2
2026-07-30T18:39:19,61,עיניים,דנאבה,language,רוסית,1
2026-07-30T18:39:33,61,עיניים,הודיה,gender,גבר,36
2026-07-30T18:39:33,61,עיניים,הודיה,gender,אישה,13
2026-07-30T18:39:33,61,עיניים,הודיה,visit_type,ביקור במרפאה,51
2026-07-30T18:39:33,61,עיניים,הודיה,visit_type,שיחת טלפון,1
2026-07-30T18:39:33,61,עיניים,הודיה,language,איטלקית,2
2026-07-30T18:39:33,61,עיניים,הודיה,language,אנגלית,3
2026-07-30T18:39:33,61,עיניים,הודיה,language,ספרדית,1
2026-07-30T18:39:33,61,עיניים,הודיה,language,עברית,5
2026-07-30T18:39:33,61,עיניים,הודיה,language,צרפתית,1
2026-07-30T18:39:33,61,עיניים,הודיה,language,רומנית,1
2026-07-30T18:39:33,61,עיניים,הודיה,language,רוסית,4
2026-07-30T18:39:46,61,עיניים,המעפיל,gender,גבר,78
2026-07-30T18:39:46,61,עיניים,המעפיל,gender,אישה,23
2026-07-30T18:39:46,61,עיניים,המעפיל,visit_type,ביקור במרפאה,105
2026-07-30T18:39:46,61,עיניים,המעפיל,visit_type,שיחת טלפון,1
2026-07-30T18:39:46,61,עיניים,המעפיל,language,אידיש,2
2026-07-30T18:39:46,61,עיניים,המעפיל,language,איטלקית,2
2026-07-30T18:39:46,61,עיניים,המעפיל,language,אנגלית,21
2026-07-30T18:39:46,61,עיניים,המעפיל,language,גרמנית,1
2026-07-30T18:39:46,61,עיניים,המעפיל,language,ספרדית,3
2026-07-30T18:39:46,61,עיניים,המעפיל,language,עברית,29
2026-07-30T18:39:46,61,עיניים,המעפיל,language,ערבית,10
2026-07-30T18:39:46,61,עיניים,המעפיל,language,פולנית,1
2026-07-30T18:39:46,61,עיניים,המעפיל,language,פרסית,1
2026-07-30T18:39:46,61,עיניים,המעפיל,language,צרפתית,2
2026-07-30T18:39:46,61,עיניים,המעפיל,language,רומנית,1
2026-07-30T18:39:46,61,עיניים,המעפיל,language,רוסית,4
2026-07-30T18:40:04,61,עיניים,הררית,gender,גבר,56
2026-07-30T18:40:04,61,עיניים,הררית,gender,אישה,17
2026-07-30T18:40:04,61,עיניים,הררית,visit_type,ביקור במרפאה,77
2026-07-30T18:40:04,61,עיניים,הררית,visit_type,שיחת טלפון,1
2026-07-30T18:40:04,61,עיניים,הררית,language,אוקראינית,1
2026-07-30T18:40:04,61,עיניים,הררית,language,אידיש,1
2026-07-30T18:40:04,61,עיניים,הררית,language,אנגלית,47
2026-07-30T18:40:04,61,עיניים,הררית,language,בולגרית,7
2026-07-30T18:40:04,61,עיניים,הררית,language,גרמנית,1
2026-07-30T18:40:04,61,עיניים,הררית,language,עברית,71
2026-07-30T18:40:04,61,עיניים,הררית,language,ערבית,48
2026-07-30T18:40:04,61,עיניים,הררית,language,צרפתית,1
2026-07-30T18:40:04,61,עיניים,הררית,language,רומנית,14
2026-07-30T18:40:04,61,עיניים,הררית,language,רוסית,18
2026-07-30T18:40:19,61,עיניים,זוהר,gender,גבר,36
2026-07-30T18:40:19,61,עיניים,זוהר,gender,אישה,13
2026-07-30T18:40:19,61,עיניים,זוהר,visit_type,ביקור במרפאה,51
2026-07-30T18:40:19,61,עיניים,זוהר,visit_type,שיחת טלפון,1
2026-07-30T18:40:19,61,עיניים,זוהר,language,איטלקית,2
2026-07-30T18:40:19,61,עיניים,זוהר,language,אנגלית,3
2026-07-30T18:40:19,61,עיניים,זוהר,language,ספרדית,1
2026-07-30T18:40:19,61,עיניים,זוהר,language,עברית,5
2026-07-30T18:40:19,61,עיניים,זוהר,language,צרפתית,1
2026-07-30T18:40:19,61,עיניים,זוהר,language,רומנית,1
2026-07-30T18:40:19,61,עיניים,זוהר,language,רוסית,4
2026-07-30T18:40:33,61,עיניים,זמרת,gender,גבר,56
2026-07-30T18:40:33,61,עיניים,זמרת,gender,אישה,13
2026-07-30T18:40:33,61,עיניים,זמרת,visit_type,ביקור במרפאה,71
2026-07-30T18:40:33,61,עיניים,זמרת,visit_type,שיחת טלפון,1
2026-07-30T18:40:33,61,עיניים,זמרת,language,איטלקית,2
2026-07-30T18:40:33,61,עיניים,זמרת,language,אנגלית,3
2026-07-30T18:40:33,61,עיניים,זמרת,language,ספרדית,1
2026-07-30T18:40:33,61,עיניים,זמרת,language,עברית,6
2026-07-30T18:40:33,61,עיניים,זמרת,language,צרפתית,1
2026-07-30T18:40:33,61,עיניים,זמרת,language,רומנית,1
2026-07-30T18:40:33,61,עיניים,זמרת,language,רוסית,5
2026-07-30T18:40:47,61,עיניים,חבצלת השרון,gender,גבר,54
2026-07-30T18:40:47,61,עיניים,חבצלת השרון,gender,אישה,14
2026-07-30T18:40:47,61,עיניים,חבצלת השרון,visit_type,ביקור במרפאה,70
2026-07-30T18:40:47,61,עיניים,חבצלת השרון,visit_type,שיחת טלפון,1
2026-07-30T18:40:47,61,עיניים,חבצלת השרון,language,אידיש,2
2026-07-30T18:40:47,61,עיניים,חבצלת השרון,language,איטלקית,1
2026-07-30T18:40:47,61,עיניים,חבצלת השרון,language,אנגלית,10
2026-07-30T18:40:47,61,עיניים,חבצלת השרון,language,ספרדית,3
2026-07-30T18:40:47,61,עיניים,חבצלת השרון,language,עברית,13
2026-07-30T18:40:47,61,עיניים,חבצלת השרון,language,ערבית,2
2026-07-30T18:40:47,61,עיניים,חבצלת השרון,language,צרפתית,2
2026-07-30T18:40:47,61,עיניים,חבצלת השרון,language,רוסית,1
2026-07-30T18:41:02,61,עיניים,חוג'ייראת,gender,גבר,78
2026-07-30T18:41:02,61,עיניים,חוג'ייראת,gender,אישה,38
2026-07-30T18:41:02,61,עיניים,חוג'ייראת,visit_type,ביקור במרפאה,122
2026-07-30T18:41:02,61,עיניים,חוג'ייראת,visit_type,שיחת טלפון,2
2026-07-30T18:41:02,61,עיניים,חוג'ייראת,language,אוקראינית,1
2026-07-30T18:41:02,61,עיניים,חוג'ייראת,language,אידיש,4
2026-07-30T18:41:02,61,עיניים,חוג'ייראת,language,איטלקית,2
2026-07-30T18:41:02,61,עיניים,חוג'ייראת,language,אנגלית,47
2026-07-30T18:41:02,61,עיניים,חוג'ייראת,language,בולגרית,1
2026-07-30T18:41:02,61,עיניים,חוג'ייראת,language,גרמנית,2
2026-07-30T18:41:02,61,עיניים,חוג'ייראת,language,הונגרית,1
2026-07-30T18:41:02,61,עיניים,חוג'ייראת,language,ספרדית,2
2026-07-30T18:41:02,61,עיניים,חוג'ייראת,language,עברית,69
2026-07-30T18:41:02,61,עיניים,חוג'ייראת,language,ערבית,24
2026-07-30T18:41:02,61,עיניים,חוג'ייראת,language,פולנית,1
2026-07-30T18:41:02,61,עיניים,חוג'ייראת,language,פרסית,1
2026-07-30T18:41:02,61,עיניים,חוג'ייראת,language,צרפתית,3
2026-07-30T18:41:02,61,עיניים,חוג'ייראת,language,רומנית,1
2026-07-30T18:41:02,61,עיניים,חוג'ייראת,language,רוסית,21
2026-07-30T18:41:22,61,עיניים,חזון,gender,גבר,62
2026-07-30T18:41:22,61,עיניים,חזון,gender,אישה,12
2026-07-30T18:41:22,61,עיניים,חזון,visit_type,ביקור במרפאה,79
2026-07-30T18:41:22,61,עיניים,חזון,language,אנגלית,19
2026-07-30T18:41:22,61,עיניים,חזון,language,עברית,27
2026-07-30T18:41:22,61,עיניים,חזון,language,ערבית,17
2026-07-30T18:41:22,61,עיניים,חזון,language,רוסית,4
2026-07-30T18:41:39,61,עיניים,חמדיה,gender,גבר,104
2026-07-30T18:41:39,61,עיניים,חמדיה,gender,אישה,16
2026-07-30T18:41:39,61,עיניים,חמדיה,visit_type,ביקור במרפאה,125
2026-07-30T18:41:39,61,עיניים,חמדיה,visit_type,שיחת טלפון,1
2026-07-30T18:41:39,61,עיניים,חמדיה,language,אידיש,1
2026-07-30T18:41:39,61,עיניים,חמדיה,language,איטלקית,1
2026-07-30T18:41:39,61,עיניים,חמדיה,language,אנגלית,31
2026-07-30T18:41:39,61,עיניים,חמדיה,language,גרמנית,1
2026-07-30T18:41:39,61,עיניים,חמדיה,language,ספרדית,1
2026-07-30T18:41:39,61,עיניים,חמדיה,language,עברית,44
2026-07-30T18:41:39,61,עיניים,חמדיה,language,ערבית,25
2026-07-30T18:41:39,61,עיניים,חמדיה,language,פולנית,1
2026-07-30T18:41:39,61,עיניים,חמדיה,language,פרסית,1
2026-07-30T18:41:39,61,עיניים,חמדיה,language,צרפתית,1
2026-07-30T18:41:39,61,עיניים,חמדיה,language,רומנית,1
2026-07-30T18:41:39,61,עיניים,חמדיה,language,רוסית,5
2026-07-30T18:42:00,61,עיניים,חצבה,gender,גבר,44
2026-07-30T18:42:00,61,עיניים,חצבה,gender,אישה,6
2026-07-30T18:42:00,61,עיניים,חצבה,visit_type,ביקור במרפאה,51
2026-07-30T18:42:00,61,עיניים,חצבה,visit_type,שיחת טלפון,1
2026-07-30T18:42:00,61,עיניים,חצבה,language,איטלקית,1
2026-07-30T18:42:00,61,עיניים,חצבה,language,אנגלית,2
2026-07-30T18:42:00,61,עיניים,חצבה,language,עברית,5
2026-07-30T18:42:00,61,עיניים,חצבה,language,רוסית,5
2026-07-30T18:42:11,61,עיניים,חשמונאים,gender,אישה,15
2026-07-30T18:42:11,61,עיניים,חשמונאים,gender,גבר,22
2026-07-30T18:42:11,61,עיניים,חשמונאים,visit_type,ביקור במרפאה,41
2026-07-30T18:42:11,61,עיניים,חשמונאים,language,אנגלית,6
2026-07-30T18:42:11,61,עיניים,חשמונאים,language,הונגרית,1
2026-07-30T18:42:11,61,עיניים,חשמונאים,language,עברית,6
2026-07-30T18:42:11,61,עיניים,חשמונאים,language,ערבית,1
2026-07-30T18:42:11,61,עיניים,חשמונאים,language,צרפתית,1
2026-07-30T18:42:11,61,עיניים,חשמונאים,language,רומנית,1
2026-07-30T18:42:11,61,עיניים,חשמונאים,language,רוסית,1
2026-07-30T18:42:17,61,עיניים,טירה ליד בית חורון,gender,אישה,13
2026-07-30T18:42:17,61,עיניים,טירה ליד בית חורון,gender,גבר,17
2026-07-30T18:42:17,61,עיניים,טירה ליד בית חורון,visit_type,ביקור במרפאה,30
2026-07-30T18:42:17,61,עיניים,טירה ליד בית חורון,language,אנגלית,4
2026-07-30T18:42:17,61,עיניים,טירה ליד בית חורון,language,עברית,6
2026-07-30T18:42:17,61,עיניים,טירה ליד בית חורון,language,ערבית,6
2026-07-30T18:42:17,61,עיניים,טירה ליד בית חורון,language,צרפתית,1
2026-07-30T18:42:17,61,עיניים,טירה ליד בית חורון,language,רומנית,1
2026-07-30T18:42:24,61,עיניים,טמרה,gender,אישה,17
2026-07-30T18:42:24,61,עיניים,טמרה,gender,גבר,56
2026-07-30T18:42:24,61,עיניים,טמרה,visit_type,ביקור במרפאה,77
2026-07-30T18:42:24,61,עיניים,טמרה,visit_type,שיחת טלפון,1
2026-07-30T18:42:24,61,עיניים,טמרה,language,אוקראינית,1
2026-07-30T18:42:24,61,עיניים,טמרה,language,אידיש,1
2026-07-30T18:42:24,61,עיניים,טמרה,language,אנגלית,47
2026-07-30T18:42:24,61,עיניים,טמרה,language,בולגרית,7
2026-07-30T18:42:24,61,עיניים,טמרה,language,גרמנית,1
2026-07-30T18:42:24,61,עיניים,טמרה,language,עברית,71
2026-07-30T18:42:24,61,עיניים,טמרה,language,ערבית,48
2026-07-30T18:42:24,61,עיניים,טמרה,language,צרפתית,1
2026-07-30T18:42:24,61,עיניים,טמרה,language,רומנית,14
2026-07-30T18:42:24,61,עיניים,טמרה,language,רוסית,18
2026-07-30T18:42:37,61,עיניים,יבור,gender,גבר,56
2026-07-30T18:42:37,61,עיניים,יבור,gender,אישה,17
2026-07-30T18:42:37,61,עיניים,יבור,visit_type,ביקור במרפאה,77
2026-07-30T18:42:37,61,עיניים,יבור,visit_type,שיחת טלפון,1
2026-07-30T18:42:37,61,עיניים,יבור,language,אוקראינית,1
2026-07-30T18:42:37,61,עיניים,יבור,language,אידיש,1
2026-07-30T18:42:37,61,עיניים,יבור,language,אנגלית,47
2026-07-30T18:42:37,61,עיניים,יבור,language,בולגרית,7
2026-07-30T18:42:37,61,עיניים,יבור,language,גרמנית,1
2026-07-30T18:42:37,61,עיניים,יבור,language,עברית,71
2026-07-30T18:42:37,61,עיניים,יבור,language,ערבית,48
2026-07-30T18:42:37,61,עיניים,יבור,language,צרפתית,1
2026-07-30T18:42:37,61,עיניים,יבור,language,רומנית,14
2026-07-30T18:42:37,61,עיניים,יבור,language,רוסית,18
2026-07-30T18:42:53,61,עיניים,יד נתן,gender,גבר,36
2026-07-30T18:42:53,61,עיניים,יד נתן,gender,אישה,13
2026-07-30T18:42:53,61,עיניים,יד נתן,visit_type,ביקור במרפאה,51
2026-07-30T18:42:53,61,עיניים,יד נתן,visit_type,שיחת טלפון,1
2026-07-30T18:42:53,61,עיניים,יד נתן,language,איטלקית,2
2026-07-30T18:42:53,61,עיניים,יד נתן,language,אנגלית,3
2026-07-30T18:42:53,61,עיניים,יד נתן,language,ספרדית,1
2026-07-30T18:42:53,61,עיניים,יד נתן,language,עברית,5
2026-07-30T18:42:53,61,עיניים,יד נתן,language,צרפתית,1
2026-07-30T18:42:53,61,עיניים,יד נתן,language,רומנית,1
2026-07-30T18:42:53,61,עיניים,יד נתן,language,רוסית,4
2026-07-30T18:43:06,61,עיניים,יזרעאל,gender,גבר,104
2026-07-30T18:43:06,61,עיניים,יזרעאל,gender,אישה,16
2026-07-30T18:43:06,61,עיניים,יזרעאל,visit_type,ביקור במרפאה,125
2026-07-30T18:43:06,61,עיניים,יזרעאל,visit_type,שיחת טלפון,1
2026-07-30T18:43:06,61,עיניים,יזרעאל,language,אידיש,1
2026-07-30T18:43:06,61,עיניים,יזרעאל,language,איטלקית,1
2026-07-30T18:43:06,61,עיניים,יזרעאל,language,אנגלית,31
2026-07-30T18:43:06,61,עיניים,יזרעאל,language,גרמנית,1
2026-07-30T18:43:06,61,עיניים,יזרעאל,language,ספרדית,1
2026-07-30T18:43:06,61,עיניים,יזרעאל,language,עברית,44
2026-07-30T18:43:06,61,עיניים,יזרעאל,language,ערבית,25
2026-07-30T18:43:06,61,עיניים,יזרעאל,language,פולנית,1
2026-07-30T18:43:06,61,עיניים,יזרעאל,language,פרסית,1
2026-07-30T18:43:06,61,עיניים,יזרעאל,language,צרפתית,1
2026-07-30T18:43:06,61,עיניים,יזרעאל,language,רומנית,1
2026-07-30T18:43:06,61,עיניים,יזרעאל,language,רוסית,5
2026-07-30T18:43:26,61,עיניים,יסעור,gender,גבר,56
2026-07-30T18:43:26,61,עיניים,יסעור,gender,אישה,17
2026-07-30T18:43:26,61,עיניים,יסעור,visit_type,ביקור במרפאה,77
2026-07-30T18:43:26,61,עיניים,יסעור,visit_type,שיחת טלפון,1
2026-07-30T18:43:26,61,עיניים,יסעור,language,אוקראינית,1
2026-07-30T18:43:26,61,עיניים,יסעור,language,אידיש,1
2026-07-30T18:43:26,61,עיניים,יסעור,language,אנגלית,47
2026-07-30T18:43:26,61,עיניים,יסעור,language,בולגרית,7
2026-07-30T18:43:26,61,עיניים,יסעור,language,גרמנית,1
2026-07-30T18:43:26,61,עיניים,יסעור,language,עברית,71
2026-07-30T18:43:26,61,עיניים,יסעור,language,ערבית,48
2026-07-30T18:43:26,61,עיניים,יסעור,language,צרפתית,1
2026-07-30T18:43:26,61,עיניים,יסעור,language,רומנית,14
2026-07-30T18:43:26,61,עיניים,יסעור,language,רוסית,18
2026-07-30T18:43:40,61,עיניים,יצהר,gender,גבר,54
2026-07-30T18:43:40,61,עיניים,יצהר,gender,אישה,14
2026-07-30T18:43:40,61,עיניים,יצהר,visit_type,ביקור במרפאה,70
2026-07-30T18:43:40,61,עיניים,יצהר,visit_type,שיחת טלפון,1
2026-07-30T18:43:40,61,עיניים,יצהר,language,אידיש,2
2026-07-30T18:43:40,61,עיניים,יצהר,language,איטלקית,1
2026-07-30T18:43:40,61,עיניים,יצהר,language,אנגלית,10
2026-07-30T18:43:40,61,עיניים,יצהר,language,ספרדית,3
2026-07-30T18:43:40,61,עיניים,יצהר,language,עברית,13
2026-07-30T18:43:40,61,עיניים,יצהר,language,ערבית,2
2026-07-30T18:43:40,61,עיניים,יצהר,language,צרפתית,2
2026-07-30T18:43:40,61,עיניים,יצהר,language,רוסית,1
2026-07-30T18:43:53,61,עיניים,ירחיב,gender,גבר,46
2026-07-30T18:43:53,61,עיניים,ירחיב,gender,אישה,23
2026-07-30T18:43:53,61,עיניים,ירחיב,visit_type,ביקור במרפאה,75
2026-07-30T18:43:53,61,עיניים,ירחיב,language,אידיש,2
2026-07-30T18:43:53,61,עיניים,ירחיב,language,איטלקית,2
2026-07-30T18:43:53,61,עיניים,ירחיב,language,אנגלית,30
2026-07-30T18:43:53,61,עיניים,ירחיב,language,גרוזינית,2
2026-07-30T18:43:53,61,עיניים,ירחיב,language,ספרדית,3
2026-07-30T18:43:53,61,עיניים,ירחיב,language,עברית,57
2026-07-30T18:43:53,61,עיניים,ירחיב,language,ערבית,5
2026-07-30T18:43:53,61,עיניים,ירחיב,language,פולנית,1
2026-07-30T18:43:53,61,עיניים,ירחיב,language,צרפתית,2
2026-07-30T18:43:53,61,עיניים,ירחיב,language,רומנית,2
2026-07-30T18:43:53,61,עיניים,ירחיב,language,רוסית,13
2026-07-30T18:44:07,61,עיניים,כאבול,gender,גבר,56
2026-07-30T18:44:07,61,עיניים,כאבול,gender,אישה,17
2026-07-30T18:44:07,61,עיניים,כאבול,visit_type,ביקור במרפאה,77
2026-07-30T18:44:07,61,עיניים,כאבול,visit_type,שיחת טלפון,1
2026-07-30T18:44:07,61,עיניים,כאבול,language,אוקראינית,1
2026-07-30T18:44:07,61,עיניים,כאבול,language,אידיש,1
2026-07-30T18:44:07,61,עיניים,כאבול,language,אנגלית,47
2026-07-30T18:44:07,61,עיניים,כאבול,language,בולגרית,7
2026-07-30T18:44:07,61,עיניים,כאבול,language,גרמנית,1
2026-07-30T18:44:07,61,עיניים,כאבול,language,עברית,71
2026-07-30T18:44:07,61,עיניים,כאבול,language,ערבית,48
2026-07-30T18:44:07,61,עיניים,כאבול,language,צרפתית,1
2026-07-30T18:44:07,61,עיניים,כאבול,language,רומנית,14
2026-07-30T18:44:07,61,עיניים,כאבול,language,רוסית,18
2026-07-30T18:44:21,61,עיניים,כופיר,gender,גבר,54
2026-07-30T18:44:21,61,עיניים,כופיר,gender,אישה,14
2026-07-30T18:44:21,61,עיניים,כופיר,visit_type,ביקור במרפאה,70
2026-07-30T18:44:21,61,עיניים,כופיר,visit_type,שיחת טלפון,1
2026-07-30T18:44:21,61,עיניים,כופיר,language,אידיש,2
2026-07-30T18:44:21,61,עיניים,כופיר,language,איטלקית,1
2026-07-30T18:44:21,61,עיניים,כופיר,language,אנגלית,10
2026-07-30T18:44:21,61,עיניים,כופיר,language,ספרדית,3
2026-07-30T18:44:21,61,עיניים,כופיר,language,עברית,13
2026-07-30T18:44:21,61,עיניים,כופיר,language,ערבית,2
2026-07-30T18:44:21,61,עיניים,כופיר,language,צרפתית,2
2026-07-30T18:44:21,61,עיניים,כופיר,language,רוסית,1
2026-07-30T18:44:34,61,עיניים,כישור,gender,גבר,56
2026-07-30T18:44:34,61,עיניים,כישור,gender,אישה,17
2026-07-30T18:44:34,61,עיניים,כישור,visit_type,ביקור במרפאה,77
2026-07-30T18:44:34,61,עיניים,כישור,visit_type,שיחת טלפון,1
2026-07-30T18:44:34,61,עיניים,כישור,language,אוקראינית,1
2026-07-30T18:44:34,61,עיניים,כישור,language,אידיש,1
2026-07-30T18:44:34,61,עיניים,כישור,language,אנגלית,47
2026-07-30T18:44:34,61,עיניים,כישור,language,בולגרית,7
2026-07-30T18:44:34,61,עיניים,כישור,language,גרמנית,1
2026-07-30T18:44:34,61,עיניים,כישור,language,עברית,71
2026-07-30T18:44:34,61,עיניים,כישור,language,ערבית,48
2026-07-30T18:44:34,61,עיניים,כישור,language,צרפתית,1
2026-07-30T18:44:34,61,עיניים,כישור,language,רומנית,14
2026-07-30T18:44:34,61,עיניים,כישור,language,רוסית,18
2026-07-30T18:44:46,61,עיניים,כסלון,gender,אישה,13
2026-07-30T18:44:46,61,עיניים,כסלון,gender,גבר,17
2026-07-30T18:44:46,61,עיניים,כסלון,visit_type,ביקור במרפאה,30
2026-07-30T18:44:46,61,עיניים,כסלון,language,אנגלית,4
2026-07-30T18:44:46,61,עיניים,כסלון,language,עברית,6
2026-07-30T18:44:46,61,עיניים,כסלון,language,ערבית,6
2026-07-30T18:44:46,61,עיניים,כסלון,language,צרפתית,1
2026-07-30T18:44:46,61,עיניים,כסלון,language,רומנית,1
2026-07-30T18:44:52,61,עיניים,כפר בלום,gender,גבר,62
2026-07-30T18:44:52,61,עיניים,כפר בלום,gender,אישה,12
2026-07-30T18:44:52,61,עיניים,כפר בלום,visit_type,ביקור במרפאה,79
2026-07-30T18:44:52,61,עיניים,כפר בלום,language,אנגלית,19
2026-07-30T18:44:52,61,עיניים,כפר בלום,language,עברית,27
2026-07-30T18:44:52,61,עיניים,כפר בלום,language,ערבית,17
2026-07-30T18:44:52,61,עיניים,כפר בלום,language,רוסית,4
2026-07-30T18:45:04,61,עיניים,כרמי יוסף,gender,אישה,15
2026-07-30T18:45:04,61,עיניים,כרמי יוסף,gender,גבר,22
2026-07-30T18:45:04,61,עיניים,כרמי יוסף,visit_type,ביקור במרפאה,41
2026-07-30T18:45:04,61,עיניים,כרמי יוסף,language,אנגלית,6
2026-07-30T18:45:04,61,עיניים,כרמי יוסף,language,הונגרית,1
2026-07-30T18:45:04,61,עיניים,כרמי יוסף,language,עברית,6
2026-07-30T18:45:04,61,עיניים,כרמי יוסף,language,ערבית,1
2026-07-30T18:45:04,61,עיניים,כרמי יוסף,language,צרפתית,1
2026-07-30T18:45:04,61,עיניים,כרמי יוסף,language,רומנית,1
2026-07-30T18:45:04,61,עיניים,כרמי יוסף,language,רוסית,1
2026-07-30T18:45:15,61,עיניים,להבים,gender,גבר,56
2026-07-30T18:45:15,61,עיניים,להבים,gender,אישה,13
2026-07-30T18:45:15,61,עיניים,להבים,visit_type,ביקור במרפאה,71
2026-07-30T18:45:15,61,עיניים,להבים,visit_type,שיחת טלפון,1
2026-07-30T18:45:15,61,עיניים,להבים,language,איטלקית,2
2026-07-30T18:45:15,61,עיניים,להבים,language,אנגלית,3
2026-07-30T18:45:15,61,עיניים,להבים,language,ספרדית,1
2026-07-30T18:45:15,61,עיניים,להבים,language,עברית,6
2026-07-30T18:45:15,61,עיניים,להבים,language,צרפתית,1
2026-07-30T18:45:15,61,עיניים,להבים,language,רומנית,1
2026-07-30T18:45:15,61,עיניים,להבים,language,רוסית,5
2026-07-30T18:45:31,61,עיניים,לפידות,gender,גבר,47
2026-07-30T18:45:31,61,עיניים,לפידות,gender,אישה,6
2026-07-30T18:45:31,61,עיניים,לפידות,visit_type,ביקור במרפאה,54
2026-07-30T18:45:31,61,עיניים,לפידות,visit_type,שיחת טלפון,1
2026-07-30T18:45:31,61,עיניים,לפידות,language,אנגלית,37
2026-07-30T18:45:31,61,עיניים,לפידות,language,בולגרית,7
2026-07-30T18:45:31,61,עיניים,לפידות,language,גרמנית,1
2026-07-30T18:45:31,61,עיניים,לפידות,language,עברית,52
2026-07-30T18:45:31,61,עיניים,לפידות,language,ערבית,41
2026-07-30T18:45:31,61,עיניים,לפידות,language,רומנית,14
2026-07-30T18:45:31,61,עיניים,לפידות,language,רוסית,8
2026-07-30T18:45:39,61,עיניים,מבואות יריחו,gender,אישה,13
2026-07-30T18:45:39,61,עיניים,מבואות יריחו,gender,גבר,17
2026-07-30T18:45:39,61,עיניים,מבואות יריחו,visit_type,ביקור במרפאה,30
2026-07-30T18:45:39,61,עיניים,מבואות יריחו,language,אנגלית,4
2026-07-30T18:45:39,61,עיניים,מבואות יריחו,language,עברית,6
2026-07-30T18:45:39,61,עיניים,מבואות יריחו,language,ערבית,6
2026-07-30T18:45:39,61,עיניים,מבואות יריחו,language,צרפתית,1
2026-07-30T18:45:39,61,עיניים,מבואות יריחו,language,רומנית,1
2026-07-30T18:45:46,61,עיניים,מגדל,gender,גבר,62
2026-07-30T18:45:46,61,עיניים,מגדל,gender,אישה,12
2026-07-30T18:45:46,61,עיניים,מגדל,visit_type,ביקור במרפאה,79
2026-07-30T18:45:46,61,עיניים,מגדל,language,אנגלית,19
2026-07-30T18:45:46,61,עיניים,מגדל,language,עברית,27
2026-07-30T18:45:46,61,עיניים,מגדל,language,ערבית,17
2026-07-30T18:45:46,61,עיניים,מגדל,language,רוסית,4
2026-07-30T18:45:58,61,עיניים,מוח'מאס,gender,אישה,13
2026-07-30T18:45:58,61,עיניים,מוח'מאס,gender,גבר,17
2026-07-30T18:45:58,61,עיניים,מוח'מאס,visit_type,ביקור במרפאה,30
2026-07-30T18:45:58,61,עיניים,מוח'מאס,language,אנגלית,4
2026-07-30T18:45:58,61,עיניים,מוח'מאס,language,עברית,6
2026-07-30T18:45:58,61,עיניים,מוח'מאס,language,ערבית,6
2026-07-30T18:45:58,61,עיניים,מוח'מאס,language,צרפתית,1
2026-07-30T18:45:58,61,עיניים,מוח'מאס,language,רומנית,1
