scraped_at,spec_code,spec_name,search_city,facet_type,facet_value,count
2026-07-30T16:51:12,58,אורתופדיה,א ראס,gender,גבר,86
2026-07-30T16:51:12,58,אורתופדיה,א ראס,visit_type,ביקור במרפאה,89
2026-07-30T16:51:12,58,אורתופדיה,א ראס,visit_type,שיחת טלפון,3
2026-07-30T16:51:12,58,אורתופדיה,א ראס,language,אידיש,1
2026-07-30T16:51:12,58,אורתופדיה,א ראס,language,איטלקית,1
2026-07-30T16:51:12,58,אורתופדיה,א ראס,language,אנגלית,8
2026-07-30T16:51:12,58,אורתופדיה,א ראס,language,עברית,15
2026-07-30T16:51:12,58,אורתופדיה,א ראס,language,ערבית,10
2026-07-30T16:51:12,58,אורתופדיה,א ראס,language,רומנית,3
2026-07-30T16:51:12,58,אורתופדיה,א ראס,language,רוסית,2
2026-07-30T16:51:27,58,אורתופדיה,אבו עמאר,gender,גבר,36
2026-07-30T16:51:27,58,אורתופדיה,אבו עמאר,gender,אישה,2
2026-07-30T16:51:27,58,אורתופדיה,אבו עמאר,visit_type,ביקור במרפאה,43
2026-07-30T16:51:27,58,אורתופדיה,אבו עמאר,language,עברית,1
2026-07-30T16:51:27,58,אורתופדיה,אבו עמאר,language,רוסית,1
2026-07-30T16:51:38,58,אורתופדיה,אודם,gender,גבר,97
2026-07-30T16:51:38,58,אורתופדיה,אודם,visit_type,ביקור במרפאה,98
2026-07-30T16:51:38,58,אורתופדיה,אודם,visit_type,שיחת טלפון,1
2026-07-30T16:51:38,58,אורתופדיה,אודם,language,איטלקית,1
2026-07-30T16:51:38,58,אורתופדיה,אודם,language,אנגלית,9
2026-07-30T16:51:38,58,אורתופדיה,אודם,language,עברית,12
2026-07-30T16:51:38,58,אורתופדיה,אודם,language,ערבית,5
2026-07-30T16:51:38,58,אורתופדיה,אודם,language,רוסית,6
2026-07-30T16:51:54,58,אורתופדיה,אזור תעשייה אכזיב מילואות,gender,גבר,113
2026-07-30T16:51:54,58,אורתופדיה,אזור תעשייה אכזיב מילואות,gender,אישה,2
2026-07-30T16:51:54,58,אורתופדיה,אזור תעשייה אכזיב מילואות,visit_type,ביקור במרפאה,116
2026-07-30T16:51:54,58,אורתופדיה,אזור תעשייה אכזיב מילואות,visit_type,שיחת טלפון,2
2026-07-30T16:51:54,58,אורתופדיה,אזור תעשייה אכזיב מילואות,language,אידיש,1
2026-07-30T16:51:54,58,אורתופדיה,אזור תעשייה אכזיב מילואות,language,איטלקית,1
2026-07-30T16:51:54,58,אורתופדיה,אזור תעשייה אכזיב מילואות,language,אנגלית,71
2026-07-30T16:51:54,58,אורתופדיה,אזור תעשייה אכזיב מילואות,language,בולגרית,1
2026-07-30T16:51:54,58,אורתופדיה,אזור תעשייה אכזיב מילואות,language,גרמנית,6
2026-07-30T16:51:54,58,אורתופדיה,אזור תעשייה אכזיב מילואות,language,הונגרית,1
2026-07-30T16:51:54,58,אורתופדיה,אזור תעשייה אכזיב מילואות,language,ספרדית,4
2026-07-30T16:51:54,58,אורתופדיה,אזור תעשייה אכזיב מילואות,language,עברית,113
2026-07-30T16:51:54,58,אורתופדיה,אזור תעשייה אכזיב מילואות,language,ערבית,77
2026-07-30T16:51:54,58,אורתופדיה,אזור תעשייה אכזיב מילואות,language,צכית,1
2026-07-30T16:51:54,58,אורתופדיה,אזור תעשייה אכזיב מילואות,language,צרפתית,2
2026-07-30T16:51:54,58,אורתופדיה,אזור תעשייה אכזיב מילואות,language,רומנית,15
2026-07-30T16:51:54,58,אורתופדיה,אזור תעשייה אכזיב מילואות,language,רוסית,26
2026-07-30T16:52:12,58,אורתופדיה,אטרש,gender,גבר,36
2026-07-30T16:52:12,58,אורתופדיה,אטרש,gender,אישה,2
2026-07-30T16:52:12,58,אורתופדיה,אטרש,visit_type,ביקור במרפאה,43
2026-07-30T16:52:12,58,אורתופדיה,אטרש,language,עברית,1
2026-07-30T16:52:12,58,אורתופדיה,אטרש,language,רוסית,1
2026-07-30T16:52:23,58,אורתופדיה,אילת,gender,גבר,4
2026-07-30T16:52:23,58,אורתופדיה,אילת,visit_type,ביקור במרפאה,6
2026-07-30T16:52:23,58,אורתופדיה,אילת,visit_type,שיחת טלפון,2
2026-07-30T16:52:23,58,אורתופדיה,אילת,language,איטלקית,1
2026-07-30T16:52:23,58,אורתופדיה,אילת,language,אנגלית,1
2026-07-30T16:52:23,58,אורתופדיה,אילת,language,עברית,1
2026-07-30T16:52:24,58,אורתופדיה,אל ערוב,gender,גבר,47
2026-07-30T16:52:24,58,אורתופדיה,אל ערוב,visit_type,ביקור במרפאה,49
2026-07-30T16:52:24,58,אורתופדיה,אל ערוב,language,אנגלית,7
2026-07-30T16:52:24,58,אורתופדיה,אל ערוב,language,עברית,12
2026-07-30T16:52:24,58,אורתופדיה,אל ערוב,language,ערבית,6
2026-07-30T16:52:24,58,אורתופדיה,אל ערוב,language,צרפתית,1
2026-07-30T16:52:24,58,אורתופדיה,אל ערוב,language,רוסית,3
2026-07-30T16:52:35,58,אורתופדיה,אפיניש,gender,גבר,36
2026-07-30T16:52:35,58,אורתופדיה,אפיניש,gender,אישה,2
2026-07-30T16:52:35,58,אורתופדיה,אפיניש,visit_type,ביקור במרפאה,43
2026-07-30T16:52:35,58,אורתופדיה,אפיניש,language,עברית,1
2026-07-30T16:52:35,58,אורתופדיה,אפיניש,language,רוסית,1
2026-07-30T16:52:46,58,אורתופדיה,ארסוף,gender,גבר,86
2026-07-30T16:52:46,58,אורתופדיה,ארסוף,visit_type,ביקור במרפאה,89
2026-07-30T16:52:46,58,אורתופדיה,ארסוף,visit_type,שיחת טלפון,3
2026-07-30T16:52:46,58,אורתופדיה,ארסוף,language,אידיש,1
2026-07-30T16:52:46,58,אורתופדיה,ארסוף,language,איטלקית,1
2026-07-30T16:52:46,58,אורתופדיה,ארסוף,language,אנגלית,8
2026-07-30T16:52:46,58,אורתופדיה,ארסוף,language,עברית,15
2026-07-30T16:52:46,58,אורתופדיה,ארסוף,language,ערבית,10
2026-07-30T16:52:46,58,אורתופדיה,ארסוף,language,רומנית,3
2026-07-30T16:52:46,58,אורתופדיה,ארסוף,language,רוסית,2
2026-07-30T16:53:02,58,אורתופדיה,אשקלון,gender,גבר,41
2026-07-30T16:53:02,58,אורתופדיה,אשקלון,gender,אישה,2
2026-07-30T16:53:02,58,אורתופדיה,אשקלון,visit_type,ביקור במרפאה,47
2026-07-30T16:53:02,58,אורתופדיה,אשקלון,language,עברית,1
2026-07-30T16:53:02,58,אורתופדיה,אשקלון,language,רוסית,1
2026-07-30T16:53:14,58,אורתופדיה,בארות יצחק,gender,גבר,67
2026-07-30T16:53:14,58,אורתופדיה,בארות יצחק,gender,אישה,1
2026-07-30T16:53:14,58,אורתופדיה,בארות יצחק,visit_type,ביקור במרפאה,77
2026-07-30T16:53:14,58,אורתופדיה,בארות יצחק,visit_type,שיחת טלפון,2
2026-07-30T16:53:14,58,אורתופדיה,בארות יצחק,language,אידיש,1
2026-07-30T16:53:14,58,אורתופדיה,בארות יצחק,language,איטלקית,5
2026-07-30T16:53:14,58,אורתופדיה,בארות יצחק,language,אנגלית,35
2026-07-30T16:53:14,58,אורתופדיה,בארות יצחק,language,גרמנית,6
2026-07-30T16:53:14,58,אורתופדיה,בארות יצחק,language,ספרדית,2
2026-07-30T16:53:14,58,אורתופדיה,בארות יצחק,language,עברית,56
2026-07-30T16:53:14,58,אורתופדיה,בארות יצחק,language,ערבית,6
2026-07-30T16:53:14,58,אורתופדיה,בארות יצחק,language,רומנית,5
2026-07-30T16:53:14,58,אורתופדיה,בארות יצחק,language,רוסית,6
2026-07-30T16:53:28,58,אורתופדיה,בורין,gender,גבר,86
2026-07-30T16:53:28,58,אורתופדיה,בורין,visit_type,ביקור במרפאה,89
2026-07-30T16:53:28,58,אורתופדיה,בורין,visit_type,שיחת טלפון,3
2026-07-30T16:53:28,58,אורתופדיה,בורין,language,אידיש,1
2026-07-30T16:53:28,58,אורתופדיה,בורין,language,איטלקית,1
2026-07-30T16:53:28,58,אורתופדיה,בורין,language,אנגלית,8
2026-07-30T16:53:28,58,אורתופדיה,בורין,language,עברית,15
2026-07-30T16:53:28,58,אורתופדיה,בורין,language,ערבית,10
2026-07-30T16:53:28,58,אורתופדיה,בורין,language,רומנית,3
2026-07-30T16:53:28,58,אורתופדיה,בורין,language,רוסית,2
2026-07-30T16:53:42,58,אורתופדיה,ביצרון,gender,גבר,32
2026-07-30T16:53:42,58,אורתופדיה,ביצרון,gender,אישה,1
2026-07-30T16:53:42,58,אורתופדיה,ביצרון,visit_type,ביקור במרפאה,37
2026-07-30T16:53:42,58,אורתופדיה,ביצרון,visit_type,שיחת טלפון,1
2026-07-30T16:53:42,58,אורתופדיה,ביצרון,visit_type,שיחת וידאו,1
2026-07-30T16:53:42,58,אורתופדיה,ביצרון,language,איטלקית,1
2026-07-30T16:53:42,58,אורתופדיה,ביצרון,language,אנגלית,3
2026-07-30T16:53:42,58,אורתופדיה,ביצרון,language,גרמנית,1
2026-07-30T16:53:42,58,אורתופדיה,ביצרון,language,עברית,7
2026-07-30T16:53:42,58,אורתופדיה,ביצרון,language,ערבית,1
2026-07-30T16:53:42,58,אורתופדיה,ביצרון,language,צרפתית,1
2026-07-30T16:53:42,58,אורתופדיה,ביצרון,language,רומנית,1
2026-07-30T16:53:42,58,אורתופדיה,ביצרון,language,רוסית,3
2026-07-30T16:53:51,58,אורתופדיה,בני דרור,gender,גבר,86
2026-07-30T16:53:51,58,אורתופדיה,בני דרור,visit_type,ביקור במרפאה,89
2026-07-30T16:53:51,58,אורתופדיה,בני דרור,visit_type,שיחת טלפון,3
2026-07-30T16:53:51,58,אורתופדיה,בני דרור,language,אידיש,1
2026-07-30T16:53:51,58,אורתופדיה,בני דרור,language,איטלקית,1
2026-07-30T16:53:51,58,אורתופדיה,בני דרור,language,אנגלית,8
2026-07-30T16:53:51,58,אורתופדיה,בני דרור,language,עברית,15
2026-07-30T16:53:51,58,אורתופדיה,בני דרור,language,ערבית,10
2026-07-30T16:53:51,58,אורתופדיה,בני דרור,language,רומנית,3
2026-07-30T16:53:51,58,אורתופדיה,בני דרור,language,רוסית,2
2026-07-30T16:54:05,58,אורתופדיה,בצת,gender,גבר,69
2026-07-30T16:54:05,58,אורתופדיה,בצת,gender,אישה,2
2026-07-30T16:54:05,58,אורתופדיה,בצת,visit_type,ביקור במרפאה,71
2026-07-30T16:54:05,58,אורתופדיה,בצת,visit_type,שיחת טלפון,2
2026-07-30T16:54:05,58,אורתופדיה,בצת,language,איטלקית,1
2026-07-30T16:54:05,58,אורתופדיה,בצת,language,אנגלית,35
2026-07-30T16:54:05,58,אורתופדיה,בצת,language,בולגרית,1
2026-07-30T16:54:05,58,אורתופדיה,בצת,language,גרמנית,1
2026-07-30T16:54:05,58,אורתופדיה,בצת,language,ספרדית,2
2026-07-30T16:54:05,58,אורתופדיה,בצת,language,עברית,70
2026-07-30T16:54:05,58,אורתופדיה,בצת,language,ערבית,60
2026-07-30T16:54:05,58,אורתופדיה,בצת,language,צכית,1
2026-07-30T16:54:05,58,אורתופדיה,בצת,language,צרפתית,1
2026-07-30T16:54:05,58,אורתופדיה,בצת,language,רומנית,4
2026-07-30T16:54:05,58,אורתופדיה,בצת,language,רוסית,15
2026-07-30T16:54:17,58,אורתופדיה,ברכה,gender,גבר,86
2026-07-30T16:54:17,58,אורתופדיה,ברכה,visit_type,ביקור במרפאה,89
2026-07-30T16:54:17,58,אורתופדיה,ברכה,visit_type,שיחת טלפון,3
2026-07-30T16:54:17,58,אורתופדיה,ברכה,language,אידיש,1
2026-07-30T16:54:17,58,אורתופדיה,ברכה,language,איטלקית,1
2026-07-30T16:54:17,58,אורתופדיה,ברכה,language,אנגלית,8
2026-07-30T16:54:17,58,אורתופדיה,ברכה,language,עברית,15
2026-07-30T16:54:17,58,אורתופדיה,ברכה,language,ערבית,10
2026-07-30T16:54:17,58,אורתופדיה,ברכה,language,רומנית,3
2026-07-30T16:54:17,58,אורתופדיה,ברכה,language,רוסית,2
2026-07-30T16:54:30,58,אורתופדיה,ג'אלוד,gender,גבר,47
2026-07-30T16:54:30,58,אורתופדיה,ג'אלוד,visit_type,ביקור במרפאה,49
2026-07-30T16:54:30,58,אורתופדיה,ג'אלוד,language,אנגלית,7
2026-07-30T16:54:30,58,אורתופדיה,ג'אלוד,language,עברית,12
2026-07-30T16:54:30,58,אורתופדיה,ג'אלוד,language,ערבית,6
2026-07-30T16:54:30,58,אורתופדיה,ג'אלוד,language,צרפתית,1
2026-07-30T16:54:30,58,אורתופדיה,ג'אלוד,language,רוסית,3
2026-07-30T16:54:38,58,אורתופדיה,גבע בנימין,gender,גבר,47
2026-07-30T16:54:38,58,אורתופדיה,גבע בנימין,visit_type,ביקור במרפאה,49
2026-07-30T16:54:38,58,אורתופדיה,גבע בנימין,language,אנגלית,7
2026-07-30T16:54:38,58,אורתופדיה,גבע בנימין,language,עברית,12
2026-07-30T16:54:38,58,אורתופדיה,גבע בנימין,language,ערבית,6
2026-07-30T16:54:38,58,אורתופדיה,גבע בנימין,language,צרפתית,1
2026-07-30T16:54:38,58,אורתופדיה,גבע בנימין,language,רוסית,3
2026-07-30T16:54:47,58,אורתופדיה,גדרה,gender,גבר,32
2026-07-30T16:54:47,58,אורתופדיה,גדרה,gender,אישה,1
2026-07-30T16:54:47,58,אורתופדיה,גדרה,visit_type,ביקור במרפאה,37
2026-07-30T16:54:47,58,אורתופדיה,גדרה,visit_type,שיחת טלפון,1
2026-07-30T16:54:47,58,אורתופדיה,גדרה,visit_type,שיחת וידאו,1
2026-07-30T16:54:47,58,אורתופדיה,גדרה,language,איטלקית,1
2026-07-30T16:54:47,58,אורתופדיה,גדרה,language,אנגלית,3
2026-07-30T16:54:47,58,אורתופדיה,גדרה,language,גרמנית,1
2026-07-30T16:54:47,58,אורתופדיה,גדרה,language,עברית,7
2026-07-30T16:54:47,58,אורתופדיה,גדרה,language,ערבית,1
2026-07-30T16:54:47,58,אורתופדיה,גדרה,language,צרפתית,1
2026-07-30T16:54:47,58,אורתופדיה,גדרה,language,רומנית,1
2026-07-30T16:54:47,58,אורתופדיה,גדרה,language,רוסית,3
2026-07-30T16:54:57,58,אורתופדיה,גילת,gender,גבר,52
2026-07-30T16:54:57,58,אורתופדיה,גילת,gender,אישה,3
2026-07-30T16:54:57,58,אורתופדיה,גילת,visit_type,ביקור במרפאה,63
2026-07-30T16:54:57,58,אורתופדיה,גילת,language,עברית,1
2026-07-30T16:54:57,58,אורתופדיה,גילת,language,רוסית,1
2026-07-30T16:55:12,58,אורתופדיה,גמזו,gender,גבר,54
2026-07-30T16:55:12,58,אורתופדיה,גמזו,gender,אישה,1
2026-07-30T16:55:12,58,אורתופדיה,גמזו,visit_type,ביקור במרפאה,61
2026-07-30T16:55:12,58,אורתופדיה,גמזו,visit_type,שיחת טלפון,1
2026-07-30T16:55:12,58,אורתופדיה,גמזו,language,איטלקית,2
2026-07-30T16:55:12,58,אורתופדיה,גמזו,language,אנגלית,6
2026-07-30T16:55:12,58,אורתופדיה,גמזו,language,גרמנית,1
2026-07-30T16:55:12,58,אורתופדיה,גמזו,language,עברית,9
2026-07-30T16:55:12,58,אורתופדיה,גמזו,language,צרפתית,2
2026-07-30T16:55:12,58,אורתופדיה,גמזו,language,רוסית,4
2026-07-30T16:55:24,58,אורתופדיה,געתון,gender,גבר,69
2026-07-30T16:55:24,58,אורתופדיה,געתון,gender,אישה,2
2026-07-30T16:55:24,58,אורתופדיה,געתון,visit_type,ביקור במרפאה,71
2026-07-30T16:55:24,58,אורתופדיה,געתון,visit_type,שיחת טלפון,2
2026-07-30T16:55:24,58,אורתופדיה,געתון,language,איטלקית,1
2026-07-30T16:55:24,58,אורתופדיה,געתון,language,אנגלית,35
2026-07-30T16:55:24,58,אורתופדיה,געתון,language,בולגרית,1
2026-07-30T16:55:24,58,אורתופדיה,געתון,language,גרמנית,1
2026-07-30T16:55:24,58,אורתופדיה,געתון,language,ספרדית,2
2026-07-30T16:55:24,58,אורתופדיה,געתון,language,עברית,70
2026-07-30T16:55:24,58,אורתופדיה,געתון,language,ערבית,60
2026-07-30T16:55:24,58,אורתופדיה,געתון,language,צכית,1
2026-07-30T16:55:24,58,אורתופדיה,געתון,language,צרפתית,1
2026-07-30T16:55:24,58,אורתופדיה,געתון,language,רומנית,4
2026-07-30T16:55:24,58,אורתופדיה,געתון,language,רוסית,15
2026-07-30T16:55:37,58,אורתופדיה,דבוריה,gender,גבר,145
2026-07-30T16:55:37,58,אורתופדיה,דבוריה,visit_type,ביקור במרפאה,146
2026-07-30T16:55:37,58,אורתופדיה,דבוריה,visit_type,שיחת טלפון,2
2026-07-30T16:55:37,58,אורתופדיה,דבוריה,language,איטלקית,1
2026-07-30T16:55:37,58,אורתופדיה,דבוריה,language,אנגלית,19
2026-07-30T16:55:37,58,אורתופדיה,דבוריה,language,גרמנית,1
2026-07-30T16:55:37,58,אורתופדיה,דבוריה,language,עברית,31
2026-07-30T16:55:37,58,אורתופדיה,דבוריה,language,ערבית,21
2026-07-30T16:55:37,58,אורתופדיה,דבוריה,language,רומנית,7
2026-07-30T16:55:37,58,אורתופדיה,דבוריה,language,רוסית,6
2026-07-30T16:55:58,58,אורתופדיה,דומא במרכז שומרון,gender,גבר,52
2026-07-30T16:55:58,58,אורתופדיה,דומא במרכז שומרון,gender,אישה,3
2026-07-30T16:55:58,58,אורתופדיה,דומא במרכז שומרון,visit_type,ביקור במרפאה,63
2026-07-30T16:55:58,58,אורתופדיה,דומא במרכז שומרון,language,עברית,1
2026-07-30T16:55:58,58,אורתופדיה,דומא במרכז שומרון,language,רוסית,1
2026-07-30T16:56:14,58,אורתופדיה,דיר א סודאן,gender,גבר,49
2026-07-30T16:56:14,58,אורתופדיה,דיר א סודאן,gender,אישה,1
2026-07-30T16:56:14,58,אורתופדיה,דיר א סודאן,visit_type,ביקור במרפאה,58
2026-07-30T16:56:14,58,אורתופדיה,דיר א סודאן,visit_type,שיחת טלפון,1
2026-07-30T16:56:14,58,אורתופדיה,דיר א סודאן,language,איטלקית,4
2026-07-30T16:56:14,58,אורתופדיה,דיר א סודאן,language,אנגלית,33
2026-07-30T16:56:14,58,אורתופדיה,דיר א סודאן,language,גרמנית,6
2026-07-30T16:56:14,58,אורתופדיה,דיר א סודאן,language,ספרדית,2
2026-07-30T16:56:14,58,אורתופדיה,דיר א סודאן,language,עברית,54
2026-07-30T16:56:14,58,אורתופדיה,דיר א סודאן,language,ערבית,6
2026-07-30T16:56:14,58,אורתופדיה,דיר א סודאן,language,רומנית,5
2026-07-30T16:56:14,58,אורתופדיה,דיר א סודאן,language,רוסית,6
2026-07-30T16:56:25,58,אורתופדיה,דפנה,gender,גבר,97
2026-07-30T16:56:25,58,אורתופדיה,דפנה,visit_type,ביקור במרפאה,98
2026-07-30T16:56:25,58,אורתופדיה,דפנה,visit_type,שיחת טלפון,1
2026-07-30T16:56:25,58,אורתופדיה,דפנה,language,איטלקית,1
2026-07-30T16:56:25,58,אורתופדיה,דפנה,language,אנגלית,9
2026-07-30T16:56:25,58,אורתופדיה,דפנה,language,עברית,12
2026-07-30T16:56:25,58,אורתופדיה,דפנה,language,ערבית,5
2026-07-30T16:56:25,58,אורתופדיה,דפנה,language,רוסית,6
2026-07-30T16:56:40,58,אורתופדיה,הודיות מוסד חינוכי,gender,גבר,97
2026-07-30T16:56:40,58,אורתופדיה,הודיות מוסד חינוכי,visit_type,ביקור במרפאה,98
2026-07-30T16:56:40,58,אורתופדיה,הודיות מוסד חינוכי,visit_type,שיחת טלפון,1
2026-07-30T16:56:40,58,אורתופדיה,הודיות מוסד חינוכי,language,איטלקית,1
2026-07-30T16:56:40,58,אורתופדיה,הודיות מוסד חינוכי,language,אנגלית,9
2026-07-30T16:56:40,58,אורתופדיה,הודיות מוסד חינוכי,language,עברית,12
2026-07-30T16:56:40,58,אורתופדיה,הודיות מוסד חינוכי,language,ערבית,5
2026-07-30T16:56:40,58,אורתופדיה,הודיות מוסד חינוכי,language,רוסית,6
2026-07-30T16:56:55,58,אורתופדיה,המרכז האקדמי רופין,gender,גבר,86
2026-07-30T16:56:55,58,אורתופדיה,המרכז האקדמי רופין,visit_type,ביקור במרפאה,89
2026-07-30T16:56:55,58,אורתופדיה,המרכז האקדמי רופין,visit_type,שיחת טלפון,3
2026-07-30T16:56:55,58,אורתופדיה,המרכז האקדמי רופין,language,אידיש,1
2026-07-30T16:56:55,58,אורתופדיה,המרכז האקדמי רופין,language,איטלקית,1
2026-07-30T16:56:55,58,אורתופדיה,המרכז האקדמי רופין,language,אנגלית,8
2026-07-30T16:56:55,58,אורתופדיה,המרכז האקדמי רופין,language,עברית,15
2026-07-30T16:56:55,58,אורתופדיה,המרכז האקדמי רופין,language,ערבית,10
2026-07-30T16:56:55,58,אורתופדיה,המרכז האקדמי רופין,language,רומנית,3
2026-07-30T16:56:55,58,אורתופדיה,המרכז האקדמי רופין,language,רוסית,2
2026-07-30T16:57:11,58,אורתופדיה,ורד הגליל,gender,גבר,97
2026-07-30T16:57:11,58,אורתופדיה,ורד הגליל,visit_type,ביקור במרפאה,98
2026-07-30T16:57:11,58,אורתופדיה,ורד הגליל,visit_type,שיחת טלפון,1
2026-07-30T16:57:11,58,אורתופדיה,ורד הגליל,language,איטלקית,1
2026-07-30T16:57:11,58,אורתופדיה,ורד הגליל,language,אנגלית,9
2026-07-30T16:57:11,58,אורתופדיה,ורד הגליל,language,עברית,12
2026-07-30T16:57:11,58,אורתופדיה,ורד הגליל,language,ערבית,5
2026-07-30T16:57:11,58,אורתופדיה,ורד הגליל,language,רוסית,6
2026-07-30T16:57:26,58,אורתופדיה,זוואתא,gender,גבר,86
2026-07-30T16:57:26,58,אורתופדיה,זוואתא,visit_type,ביקור במרפאה,89
2026-07-30T16:57:26,58,אורתופדיה,זוואתא,visit_type,שיחת טלפון,3
2026-07-30T16:57:26,58,אורתופדיה,זוואתא,language,אידיש,1
2026-07-30T16:57:26,58,אורתופדיה,זוואתא,language,איטלקית,1
2026-07-30T16:57:26,58,אורתופדיה,זוואתא,language,אנגלית,8
2026-07-30T16:57:26,58,אורתופדיה,זוואתא,language,עברית,15
2026-07-30T16:57:26,58,אורתופדיה,זוואתא,language,ערבית,10
2026-07-30T16:57:26,58,אורתופדיה,זוואתא,language,רומנית,3
2026-07-30T16:57:26,58,אורתופדיה,זוואתא,language,רוסית,2
2026-07-30T16:57:39,58,אורתופדיה,זנוח,gender,גבר,47
2026-07-30T16:57:39,58,אורתופדיה,זנוח,visit_type,ביקור במרפאה,49
2026-07-30T16:57:39,58,אורתופדיה,זנוח,language,אנגלית,7
2026-07-30T16:57:39,58,אורתופדיה,זנוח,language,עברית,12
2026-07-30T16:57:39,58,אורתופדיה,זנוח,language,ערבית,6
2026-07-30T16:57:39,58,אורתופדיה,זנוח,language,צרפתית,1
2026-07-30T16:57:39,58,אורתופדיה,זנוח,language,רוסית,3
2026-07-30T16:57:50,58,אורתופדיה,חבר,gender,גבר,145
2026-07-30T16:57:50,58,אורתופדיה,חבר,visit_type,ביקור במרפאה,146
2026-07-30T16:57:50,58,אורתופדיה,חבר,visit_type,שיחת טלפון,2
2026-07-30T16:57:50,58,אורתופדיה,חבר,language,איטלקית,1
2026-07-30T16:57:50,58,אורתופדיה,חבר,language,אנגלית,19
2026-07-30T16:57:50,58,אורתופדיה,חבר,language,גרמנית,1
2026-07-30T16:57:50,58,אורתופדיה,חבר,language,עברית,31
2026-07-30T16:57:50,58,אורתופדיה,חבר,language,ערבית,21
2026-07-30T16:57:50,58,אורתופדיה,חבר,language,רומנית,7
2026-07-30T16:57:50,58,אורתופדיה,חבר,language,רוסית,6
2026-07-30T16:58:11,58,אורתופדיה,חולדה,gender,גבר,54
2026-07-30T16:58:11,58,אורתופדיה,חולדה,gender,אישה,1
2026-07-30T16:58:11,58,אורתופדיה,חולדה,visit_type,ביקור במרפאה,61
2026-07-30T16:58:11,58,אורתופדיה,חולדה,visit_type,שיחת טלפון,1
2026-07-30T16:58:11,58,אורתופדיה,חולדה,language,איטלקית,2
2026-07-30T16:58:11,58,אורתופדיה,חולדה,language,אנגלית,6
2026-07-30T16:58:11,58,אורתופדיה,חולדה,language,גרמנית,1
2026-07-30T16:58:11,58,אורתופדיה,חולדה,language,עברית,9
2026-07-30T16:58:11,58,אורתופדיה,חולדה,language,צרפתית,2
2026-07-30T16:58:11,58,אורתופדיה,חולדה,language,רוסית,4
2026-07-30T16:58:24,58,אורתופדיה,חיבת ציון,gender,גבר,125
2026-07-30T16:58:24,58,אורתופדיה,חיבת ציון,visit_type,ביקור במרפאה,128
2026-07-30T16:58:24,58,אורתופדיה,חיבת ציון,visit_type,שיחת טלפון,4
2026-07-30T16:58:24,58,אורתופדיה,חיבת ציון,language,אידיש,1
2026-07-30T16:58:24,58,אורתופדיה,חיבת ציון,language,איטלקית,1
2026-07-30T16:58:24,58,אורתופדיה,חיבת ציון,language,אנגלית,15
2026-07-30T16:58:24,58,אורתופדיה,חיבת ציון,language,גרמנית,1
2026-07-30T16:58:24,58,אורתופדיה,חיבת ציון,language,עברית,26
2026-07-30T16:58:24,58,אורתופדיה,חיבת ציון,language,ערבית,18
2026-07-30T16:58:24,58,אורתופדיה,חיבת ציון,language,רומנית,7
2026-07-30T16:58:24,58,אורתופדיה,חיבת ציון,language,רוסית,3
2026-07-30T16:58:42,58,אורתופדיה,חמדת,gender,גבר,47
2026-07-30T16:58:42,58,אורתופדיה,חמדת,visit_type,ביקור במרפאה,49
2026-07-30T16:58:42,58,אורתופדיה,חמדת,language,אנגלית,7
2026-07-30T16:58:42,58,אורתופדיה,חמדת,language,עברית,12
2026-07-30T16:58:42,58,אורתופדיה,חמדת,language,ערבית,6
2026-07-30T16:58:42,58,אורתופדיה,חמדת,language,צרפתית,1
2026-07-30T16:58:42,58,אורתופדיה,חמדת,language,רוסית,3
2026-07-30T16:58:50,58,אורתופדיה,חצור אשדוד,gender,גבר,32
2026-07-30T16:58:50,58,אורתופדיה,חצור אשדוד,gender,אישה,1
2026-07-30T16:58:50,58,אורתופדיה,חצור אשדוד,visit_type,ביקור במרפאה,37
2026-07-30T16:58:50,58,אורתופדיה,חצור אשדוד,visit_type,שיחת טלפון,1
2026-07-30T16:58:50,58,אורתופדיה,חצור אשדוד,visit_type,שיחת וידאו,1
2026-07-30T16:58:50,58,אורתופדיה,חצור אשדוד,language,איטלקית,1
2026-07-30T16:58:50,58,אורתופדיה,חצור אשדוד,language,אנגלית,3
2026-07-30T16:58:50,58,אורתופדיה,חצור אשדוד,language,גרמנית,1
2026-07-30T16:58:50,58,אורתופדיה,חצור אשדוד,language,עברית,7
2026-07-30T16:58:50,58,אורתופדיה,חצור אשדוד,language,ערבית,1
2026-07-30T16:58:50,58,אורתופדיה,חצור אשדוד,language,צרפתית,1
2026-07-30T16:58:50,58,אורתופדיה,חצור אשדוד,language,רומנית,1
2026-07-30T16:58:50,58,אורתופדיה,חצור אשדוד,language,רוסית,3
2026-07-30T16:58:59,58,אורתופדיה,טבריה,gender,גבר,97
2026-07-30T16:58:59,58,אורתופדיה,טבריה,visit_type,ביקור במרפאה,98
2026-07-30T16:58:59,58,אורתופדיה,טבריה,visit_type,שיחת טלפון,1
2026-07-30T16:58:59,58,אורתופדיה,טבריה,language,איטלקית,1
2026-07-30T16:58:59,58,אורתופדיה,טבריה,language,אנגלית,9
2026-07-30T16:58:59,58,אורתופדיה,טבריה,language,עברית,12
2026-07-30T16:58:59,58,אורתופדיה,טבריה,language,ערבית,5
2026-07-30T16:58:59,58,אורתופדיה,טבריה,language,רוסית,6
2026-07-30T16:59:14,58,אורתופדיה,טירת יהודה,gender,גבר,67
2026-07-30T16:59:14,58,אורתופדיה,טירת יהודה,gender,אישה,1
2026-07-30T16:59:14,58,אורתופדיה,טירת יהודה,visit_type,ביקור במרפאה,77
2026-07-30T16:59:14,58,אורתופדיה,טירת יהודה,visit_type,שיחת טלפון,2
2026-07-30T16:59:14,58,אורתופדיה,טירת יהודה,language,אידיש,1
2026-07-30T16:59:14,58,אורתופדיה,טירת יהודה,language,איטלקית,5
2026-07-30T16:59:14,58,אורתופדיה,טירת יהודה,language,אנגלית,35
2026-07-30T16:59:14,58,אורתופדיה,טירת יהודה,language,גרמנית,6
2026-07-30T16:59:14,58,אורתופדיה,טירת יהודה,language,ספרדית,2
2026-07-30T16:59:14,58,אורתופדיה,טירת יהודה,language,עברית,56
2026-07-30T16:59:14,58,אורתופדיה,טירת יהודה,language,ערבית,6
2026-07-30T16:59:14,58,אורתופדיה,טירת יהודה,language,רומנית,5
2026-07-30T16:59:14,58,אורתופדיה,טירת יהודה,language,רוסית,6
2026-07-30T16:59:29,58,אורתופדיה,טמרה יזרעאל,gender,גבר,97
2026-07-30T16:59:29,58,אורתופדיה,טמרה יזרעאל,visit_type,ביקור במרפאה,98
2026-07-30T16:59:29,58,אורתופדיה,טמרה יזרעאל,visit_type,שיחת טלפון,1
2026-07-30T16:59:29,58,אורתופדיה,טמרה יזרעאל,language,איטלקית,1
2026-07-30T16:59:29,58,אורתופדיה,טמרה יזרעאל,language,אנגלית,9
2026-07-30T16:59:29,58,אורתופדיה,טמרה יזרעאל,language,עברית,12
2026-07-30T16:59:29,58,אורתופדיה,טמרה יזרעאל,language,ערבית,5
2026-07-30T16:59:29,58,אורתופדיה,טמרה יזרעאל,language,רוסית,6
2026-07-30T16:59:46,58,אורתופדיה,יבנאל,gender,גבר,97
2026-07-30T16:59:46,58,אורתופדיה,יבנאל,visit_type,ביקור במרפאה,98
2026-07-30T16:59:46,58,אורתופדיה,יבנאל,visit_type,שיחת טלפון,1
2026-07-30T16:59:46,58,אורתופדיה,יבנאל,language,איטלקית,1
2026-07-30T16:59:46,58,אורתופדיה,יבנאל,language,אנגלית,9
2026-07-30T16:59:46,58,אורתופדיה,יבנאל,language,עברית,12
2026-07-30T16:59:46,58,אורתופדיה,יבנאל,language,ערבית,5
2026-07-30T16:59:46,58,אורתופדיה,יבנאל,language,רוסית,6
2026-07-30T17:00:01,58,אורתופדיה,יד רמב''ם,gender,גבר,54
2026-07-30T17:00:01,58,אורתופדיה,יד רמב''ם,gender,אישה,1
2026-07-30T17:00:01,58,אורתופדיה,יד רמב''ם,visit_type,ביקור במרפאה,61
2026-07-30T17:00:01,58,אורתופדיה,יד רמב''ם,visit_type,שיחת טלפון,1
2026-07-30T17:00:01,58,אורתופדיה,יד רמב''ם,language,איטלקית,2
2026-07-30T17:00:01,58,אורתופדיה,יד רמב''ם,language,אנגלית,6
2026-07-30T17:00:01,58,אורתופדיה,יד רמב''ם,language,גרמנית,1
2026-07-30T17:00:01,58,אורתופדיה,יד רמב''ם,language,עברית,9
2026-07-30T17:00:01,58,אורתופדיה,יד רמב''ם,language,צרפתית,2
2026-07-30T17:00:01,58,אורתופדיה,יד רמב''ם,language,רוסית,4
2026-07-30T17:00:13,58,אורתופדיה,יחיעם,gender,גבר,69
2026-07-30T17:00:13,58,אורתופדיה,יחיעם,gender,אישה,2
2026-07-30T17:00:13,58,אורתופדיה,יחיעם,visit_type,ביקור במרפאה,71
2026-07-30T17:00:13,58,אורתופדיה,יחיעם,visit_type,שיחת טלפון,2
2026-07-30T17:00:13,58,אורתופדיה,יחיעם,language,איטלקית,1
2026-07-30T17:00:13,58,אורתופדיה,יחיעם,language,אנגלית,35
2026-07-30T17:00:13,58,אורתופדיה,יחיעם,language,בולגרית,1
2026-07-30T17:00:13,58,אורתופדיה,יחיעם,language,גרמנית,1
2026-07-30T17:00:13,58,אורתופדיה,יחיעם,language,ספרדית,2
2026-07-30T17:00:13,58,אורתופדיה,יחיעם,language,עברית,70
2026-07-30T17:00:13,58,אורתופדיה,יחיעם,language,ערבית,60
2026-07-30T17:00:13,58,אורתופדיה,יחיעם,language,צכית,1
2026-07-30T17:00:13,58,אורתופדיה,יחיעם,language,צרפתית,1
2026-07-30T17:00:13,58,אורתופדיה,יחיעם,language,רומנית,4
2026-07-30T17:00:13,58,אורתופדיה,יחיעם,language,רוסית,15
2026-07-30T17:00:25,58,אורתופדיה,יעבד,gender,גבר,86
2026-07-30T17:00:25,58,אורתופדיה,יעבד,visit_type,ביקור במרפאה,89
2026-07-30T17:00:25,58,אורתופדיה,יעבד,visit_type,שיחת טלפון,3
2026-07-30T17:00:25,58,אורתופדיה,יעבד,language,אידיש,1
2026-07-30T17:00:25,58,אורתופדיה,יעבד,language,איטלקית,1
2026-07-30T17:00:25,58,אורתופדיה,יעבד,language,אנגלית,8
2026-07-30T17:00:25,58,אורתופדיה,יעבד,language,עברית,15
2026-07-30T17:00:25,58,אורתופדיה,יעבד,language,ערבית,10
2026-07-30T17:00:25,58,אורתופדיה,יעבד,language,רומנית,3
2026-07-30T17:00:25,58,אורתופדיה,יעבד,language,רוסית,2
2026-07-30T17:00:40,58,אורתופדיה,יציץ,gender,גבר,84
2026-07-30T17:00:40,58,אורתופדיה,יציץ,gender,אישה,1
2026-07-30T17:00:40,58,אורתופדיה,יציץ,visit_type,ביקור במרפאה,97
2026-07-30T17:00:40,58,אורתופדיה,יציץ,visit_type,שיחת טלפון,2
2026-07-30T17:00:40,58,אורתופדיה,יציץ,visit_type,שיחת וידאו,1
2026-07-30T17:00:40,58,אורתופדיה,יציץ,language,איטלקית,4
2026-07-30T17:00:40,58,אורתופדיה,יציץ,language,אנגלית,13
2026-07-30T17:00:40,58,אורתופדיה,יציץ,language,גרמנית,1
2026-07-30T17:00:40,58,אורתופדיה,יציץ,language,עברית,24
2026-07-30T17:00:40,58,אורתופדיה,יציץ,language,ערבית,2
2026-07-30T17:00:40,58,אורתופדיה,יציץ,language,צרפתית,3
2026-07-30T17:00:40,58,אורתופדיה,יציץ,language,רומנית,2
2026-07-30T17:00:40,58,אורתופדיה,יציץ,language,רוסית,9
2026-07-30T17:00:56,58,אורתופדיה,יריחו,gender,גבר,47
2026-07-30T17:00:56,58,אורתופדיה,יריחו,visit_type,ביקור במרפאה,49
2026-07-30T17:00:56,58,אורתופדיה,יריחו,language,אנגלית,7
2026-07-30T17:00:56,58,אורתופדיה,יריחו,language,עברית,12
2026-07-30T17:00:56,58,אורתופדיה,יריחו,language,ערבית,6
2026-07-30T17:00:56,58,אורתופדיה,יריחו,language,צרפתית,1
2026-07-30T17:00:56,58,אורתופדיה,יריחו,language,רוסית,3
2026-07-30T17:01:05,58,אורתופדיה,כאוכב אבו אל היגא,gender,גבר,89
2026-07-30T17:01:05,58,אורתופדיה,כאוכב אבו אל היגא,gender,אישה,2
2026-07-30T17:01:05,58,אורתופדיה,כאוכב אבו אל היגא,visit_type,ביקור במרפאה,91
2026-07-30T17:01:05,58,אורתופדיה,כאוכב אבו אל היגא,visit_type,שיחת טלפון,2
2026-07-30T17:01:05,58,אורתופדיה,כאוכב אבו אל היגא,language,איטלקית,1
2026-07-30T17:01:05,58,אורתופדיה,כאוכב אבו אל היגא,language,אנגלית,53
2026-07-30T17:01:05,58,אורתופדיה,כאוכב אבו אל היגא,language,בולגרית,1
2026-07-30T17:01:05,58,אורתופדיה,כאוכב אבו אל היגא,language,גרמנית,3
2026-07-30T17:01:05,58,אורתופדיה,כאוכב אבו אל היגא,language,ספרדית,2
2026-07-30T17:01:05,58,אורתופדיה,כאוכב אבו אל היגא,language,עברית,90
2026-07-30T17:01:05,58,אורתופדיה,כאוכב אבו אל היגא,language,ערבית,67
2026-07-30T17:01:05,58,אורתופדיה,כאוכב אבו אל היגא,language,צכית,1
2026-07-30T17:01:05,58,אורתופדיה,כאוכב אבו אל היגא,language,צרפתית,1
2026-07-30T17:01:05,58,אורתופדיה,כאוכב אבו אל היגא,language,רומנית,8
2026-07-30T17:01:05,58,אורתופדיה,כאוכב אבו אל היגא,language,רוסית,19
2026-07-30T17:01:20,58,אורתופדיה,כופיראת,gender,גבר,86
2026-07-30T17:01:20,58,אורתופדיה,כופיראת,visit_type,ביקור במרפאה,89
2026-07-30T17:01:20,58,אורתופדיה,כופיראת,visit_type,שיחת טלפון,3
2026-07-30T17:01:20,58,אורתופדיה,כופיראת,language,אידיש,1
2026-07-30T17:01:20,58,אורתופדיה,כופיראת,language,איטלקית,1
2026-07-30T17:01:20,58,אורתופדיה,כופיראת,language,אנגלית,8
2026-07-30T17:01:20,58,אורתופדיה,כופיראת,language,עברית,15
2026-07-30T17:01:20,58,אורתופדיה,כופיראת,language,ערבית,10
2026-07-30T17:01:20,58,אורתופדיה,כופיראת,language,רומנית,3
2026-07-30T17:01:20,58,אורתופדיה,כופיראת,language,רוסית,2
2026-07-30T17:01:34,58,אורתופדיה,כליל,gender,גבר,89
2026-07-30T17:01:34,58,אורתופדיה,כליל,gender,אישה,2
2026-07-30T17:01:34,58,אורתופדיה,כליל,visit_type,ביקור במרפאה,91
2026-07-30T17:01:34,58,אורתופדיה,כליל,visit_type,שיחת טלפון,2
2026-07-30T17:01:34,58,אורתופדיה,כליל,language,איטלקית,1
2026-07-30T17:01:34,58,אורתופדיה,כליל,language,אנגלית,53
2026-07-30T17:01:34,58,אורתופדיה,כליל,language,בולגרית,1
2026-07-30T17:01:34,58,אורתופדיה,כליל,language,גרמנית,3
2026-07-30T17:01:34,58,אורתופדיה,כליל,language,ספרדית,2
2026-07-30T17:01:34,58,אורתופדיה,כליל,language,עברית,90
2026-07-30T17:01:34,58,אורתופדיה,כליל,language,ערבית,67
2026-07-30T17:01:34,58,אורתופדיה,כליל,language,צכית,1
2026-07-30T17:01:34,58,אורתופדיה,כליל,language,צרפתית,1
2026-07-30T17:01:34,58,אורתופדיה,כליל,language,רומנית,8
2026-07-30T17:01:34,58,אורתופדיה,כליל,language,רוסית,19
2026-07-30T17:01:51,58,אורתופדיה,כעביה טבאש חג'אג'רה,gender,גבר,145
2026-07-30T17:01:51,58,אורתופדיה,כעביה טבאש חג'אג'רה,visit_type,ביקור במרפאה,146
2026-07-30T17:01:51,58,אורתופדיה,כעביה טבאש חג'אג'רה,visit_type,שיחת טלפון,2
2026-07-30T17:01:51,58,אורתופדיה,כעביה טבאש חג'אג'רה,language,איטלקית,1
2026-07-30T17:01:51,58,אורתופדיה,כעביה טבאש חג'אג'רה,language,אנגלית,19
2026-07-30T17:01:51,58,אורתופדיה,כעביה טבאש חג'אג'רה,language,גרמנית,1
2026-07-30T17:01:51,58,אורתופדיה,כעביה טבאש חג'אג'רה,language,עברית,31
2026-07-30T17:01:51,58,אורתופדיה,כעביה טבאש חג'אג'רה,language,ערבית,21
2026-07-30T17:01:51,58,אורתופדיה,כעביה טבאש חג'אג'רה,language,רומנית,7
2026-07-30T17:01:51,58,אורתופדיה,כעביה טבאש חג'אג'רה,language,רוסית,6
2026-07-30T17:02:11,58,אורתופדיה,כפר בן נון,gender,גבר,54
2026-07-30T17:02:11,58,אורתופדיה,כפר בן נון,gender,אישה,1
2026-07-30T17:02:11,58,אורתופדיה,כפר בן נון,visit_type,ביקור במרפאה,61
2026-07-30T17:02:11,58,אורתופדיה,כפר בן נון,visit_type,שיחת טלפון,1
2026-07-30T17:02:11,58,אורתופדיה,כפר בן נון,language,איטלקית,2
2026-07-30T17:02:11,58,אורתופדיה,כפר בן נון,language,אנגלית,6
2026-07-30T17:02:11,58,אורתופדיה,כפר בן נון,language,גרמנית,1
2026-07-30T17:02:11,58,אורתופדיה,כפר בן נון,language,עברית,9
2026-07-30T17:02:11,58,אורתופדיה,כפר בן נון,language,צרפתית,2
2026-07-30T17:02:11,58,אורתופדיה,כפר בן נון,language,רוסית,4
2026-07-30T17:02:21,58,אורתופדיה,כרמי צור,gender,גבר,47
2026-07-30T17:02:21,58,אורתופדיה,כרמי צור,visit_type,ביקור במרפאה,49
2026-07-30T17:02:21,58,אורתופדיה,כרמי צור,language,אנגלית,7
2026-07-30T17:02:21,58,אורתופדיה,כרמי צור,language,עברית,12
2026-07-30T17:02:21,58,אורתופדיה,כרמי צור,language,ערבית,6
2026-07-30T17:02:21,58,אורתופדיה,כרמי צור,language,צרפתית,1
2026-07-30T17:02:21,58,אורתופדיה,כרמי צור,language,רוסית,3
2026-07-30T17:02:29,58,אורתופדיה,לובאן שרקיה,gender,גבר,47
2026-07-30T17:02:29,58,אורתופדיה,לובאן שרקיה,visit_type,ביקור במרפאה,49
2026-07-30T17:02:29,58,אורתופדיה,לובאן שרקיה,language,אנגלית,7
2026-07-30T17:02:29,58,אורתופדיה,לובאן שרקיה,language,עברית,12
2026-07-30T17:02:29,58,אורתופדיה,לובאן שרקיה,language,ערבית,6
2026-07-30T17:02:29,58,אורתופדיה,לובאן שרקיה,language,צרפתית,1
2026-07-30T17:02:29,58,אורתופדיה,לובאן שרקיה,language,רוסית,3
2026-07-30T17:02:39,58,אורתופדיה,לקיה,gender,גבר,36
2026-07-30T17:02:39,58,אורתופדיה,לקיה,gender,אישה,2
2026-07-30T17:02:39,58,אורתופדיה,לקיה,visit_type,ביקור במרפאה,43
2026-07-30T17:02:39,58,אורתופדיה,לקיה,language,עברית,1
2026-07-30T17:02:39,58,אורתופדיה,לקיה,language,רוסית,1
2026-07-30T17:02:53,58,אורתופדיה,מבועים,gender,גבר,52
2026-07-30T17:02:53,58,אורתופדיה,מבועים,gender,אישה,3
2026-07-30T17:02:53,58,אורתופדיה,מבועים,visit_type,ביקור במרפאה,63
2026-07-30T17:02:53,58,אורתופדיה,מבועים,language,עברית,1
2026-07-30T17:02:53,58,אורתופדיה,מבועים,language,רוסית,1
2026-07-30T17:03:11,58,אורתופדיה,מגדל העמק,gender,גבר,145
2026-07-30T17:03:11,58,אורתופדיה,מגדל העמק,visit_type,ביקור במרפאה,146
2026-07-30T17:03:11,58,אורתופדיה,מגדל העמק,visit_type,שיחת טלפון,2
2026-07-30T17:03:11,58,אורתופדיה,מגדל העמק,language,איטלקית,1
2026-07-30T17:03:11,58,אורתופדיה,מגדל העמק,language,אנגלית,19
2026-07-30T17:03:11,58,אורתופדיה,מגדל העמק,language,גרמנית,1
2026-07-30T17:03:11,58,אורתופדיה,מגדל העמק,language,עברית,31
2026-07-30T17:03:11,58,אורתופדיה,מגדל העמק,language,ערבית,21
2026-07-30T17:03:11,58,אורתופדיה,מגדל העמק,language,רומנית,7
2026-07-30T17:03:11,58,אורתופדיה,מגדל העמק,language,רוסית,6
2026-07-30T17:03:33,58,אורתופדיה,מולדת,gender,גבר,145
2026-07-30T17:03:33,58,אורתופדיה,מולדת,visit_type,ביקור במרפאה,146
2026-07-30T17:03:33,58,אורתופדיה,מולדת,visit_type,שיחת טלפון,2
2026-07-30T17:03:33,58,אורתופדיה,מולדת,language,איטלקית,1
2026-07-30T17:03:33,58,אורתופדיה,מולדת,language,אנגלית,19
2026-07-30T17:03:33,58,אורתופדיה,מולדת,language,גרמנית,1
2026-07-30T17:03:33,58,אורתופדיה,מולדת,language,עברית,31
2026-07-30T17:03:33,58,אורתופדיה,מולדת,language,ערבית,21
2026-07-30T17:03:33,58,אורתופדיה,מולדת,language,רומנית,7
2026-07-30T17:03:33,58,אורתופדיה,מולדת,language,רוסית,6
2026-07-30T17:03:54,58,אורתופדיה,מזרעה,gender,גבר,69
2026-07-30T17:03:54,58,אורתופדיה,מזרעה,gender,אישה,2
2026-07-30T17:03:54,58,אורתופדיה,מזרעה,visit_type,ביקור במרפאה,71
2026-07-30T17:03:54,58,אורתופדיה,מזרעה,visit_type,שיחת טלפון,2
2026-07-30T17:03:54,58,אורתופדיה,מזרעה,language,איטלקית,1
2026-07-30T17:03:54,58,אורתופדיה,מזרעה,language,אנגלית,35
2026-07-30T17:03:54,58,אורתופדיה,מזרעה,language,בולגרית,1
2026-07-30T17:03:54,58,אורתופדיה,מזרעה,language,גרמנית,1
2026-07-30T17:03:54,58,אורתופדיה,מזרעה,language,ספרדית,2
2026-07-30T17:03:54,58,אורתופדיה,מזרעה,language,עברית,70
2026-07-30T17:03:54,58,אורתופדיה,מזרעה,language,ערבית,60
2026-07-30T17:03:54,58,אורתופדיה,מזרעה,language,צכית,1
2026-07-30T17:03:54,58,אורתופדיה,מזרעה,language,צרפתית,1
2026-07-30T17:03:54,58,אורתופדיה,מזרעה,language,רומנית,4
2026-07-30T17:03:54,58,אורתופדיה,מזרעה,language,רוסית,15
2026-07-30T17:04:07,58,אורתופדיה,מיטב,gender,גבר,145
2026-07-30T17:04:07,58,אורתופדיה,מיטב,visit_type,ביקור במרפאה,146
2026-07-30T17:04:07,58,אורתופדיה,מיטב,visit_type,שיחת טלפון,2
2026-07-30T17:04:07,58,אורתופדיה,מיטב,language,איטלקית,1
2026-07-30T17:04:07,58,אורתופדיה,מיטב,language,אנגלית,19
2026-07-30T17:04:07,58,אורתופדיה,מיטב,language,גרמנית,1
2026-07-30T17:04:07,58,אורתופדיה,מיטב,language,עברית,31
2026-07-30T17:04:07,58,אורתופדיה,מיטב,language,ערבית,21
2026-07-30T17:04:07,58,אורתופדיה,מיטב,language,רומנית,7
2026-07-30T17:04:07,58,אורתופדיה,מיטב,language,רוסית,6
2026-07-30T17:04:27,58,אורתופדיה,מכמורת,gender,גבר,86
2026-07-30T17:04:27,58,אורתופדיה,מכמורת,visit_type,ביקור במרפאה,89
2026-07-30T17:04:27,58,אורתופדיה,מכמורת,visit_type,שיחת טלפון,3
2026-07-30T17:04:27,58,אורתופדיה,מכמורת,language,אידיש,1
2026-07-30T17:04:27,58,אורתופדיה,מכמורת,language,איטלקית,1
2026-07-30T17:04:27,58,אורתופדיה,מכמורת,language,אנגלית,8
2026-07-30T17:04:27,58,אורתופדיה,מכמורת,language,עברית,15
2026-07-30T17:04:27,58,אורתופדיה,מכמורת,language,ערבית,10
2026-07-30T17:04:27,58,אורתופדיה,מכמורת,language,רומנית,3
2026-07-30T17:04:27,58,אורתופדיה,מכמורת,language,רוסית,2
2026-07-30T17:04:42,58,אורתופדיה,מנרה,gender,גבר,97
2026-07-30T17:04:42,58,אורתופדיה,מנרה,visit_type,ביקור במרפאה,98
2026-07-30T17:04:42,58,אורתופדיה,מנרה,visit_type,שיחת טלפון,1
2026-07-30T17:04:42,58,אורתופדיה,מנרה,language,איטלקית,1
2026-07-30T17:04:42,58,אורתופדיה,מנרה,language,אנגלית,9
2026-07-30T17:04:42,58,אורתופדיה,מנרה,language,עברית,12
2026-07-30T17:04:42,58,אורתופדיה,מנרה,language,ערבית,5
2026-07-30T17:04:42,58,אורתופדיה,מנרה,language,רוסית,6
2026-07-30T17:04:58,58,אורתופדיה,מסעודין אל עזאזמה,gender,גבר,36
2026-07-30T17:04:58,58,אורתופדיה,מסעודין אל עזאזמה,gender,אישה,2
2026-07-30T17:04:58,58,אורתופדיה,מסעודין אל עזאזמה,visit_type,ביקור במרפאה,43
2026-07-30T17:04:58,58,אורתופדיה,מסעודין אל עזאזמה,language,עברית,1
2026-07-30T17:04:58,58,אורתופדיה,מסעודין אל עזאזמה,language,רוסית,1
2026-07-30T17:05:09,58,אורתופדיה,מעיליא,gender,גבר,69
2026-07-30T17:05:09,58,אורתופדיה,מעיליא,gender,אישה,2
2026-07-30T17:05:09,58,אורתופדיה,מעיליא,visit_type,ביקור במרפאה,71
2026-07-30T17:05:09,58,אורתופדיה,מעיליא,visit_type,שיחת טלפון,2
2026-07-30T17:05:09,58,אורתופדיה,מעיליא,language,איטלקית,1
2026-07-30T17:05:09,58,אורתופדיה,מעיליא,language,אנגלית,35
2026-07-30T17:05:09,58,אורתופדיה,מעיליא,language,בולגרית,1
2026-07-30T17:05:09,58,אורתופדיה,מעיליא,language,גרמנית,1
2026-07-30T17:05:09,58,אורתופדיה,מעיליא,language,ספרדית,2
2026-07-30T17:05:09,58,אורתופדיה,מעיליא,language,עברית,70
2026-07-30T17:05:09,58,אורתופדיה,מעיליא,language,ערבית,60
2026-07-30T17:05:09,58,אורתופדיה,מעיליא,language,צכית,1
2026-07-30T17:05:09,58,אורתופדיה,מעיליא,language,צרפתית,1
2026-07-30T17:05:09,58,אורתופדיה,מעיליא,language,רומנית,4
2026-07-30T17:05:09,58,אורתופדיה,מעיליא,language,רוסית,15
2026-07-30T17:05:21,58,אורתופדיה,מפעלי כנות,gender,גבר,64
2026-07-30T17:05:21,58,אורתופדיה,מפעלי כנות,gender,אישה,1
2026-07-30T17:05:21,58,אורתופדיה,מפעלי כנות,visit_type,ביקור במרפאה,73
2026-07-30T17:05:21,58,אורתופדיה,מפעלי כנות,visit_type,שיחת טלפון,2
2026-07-30T17:05:21,58,אורתופדיה,מפעלי כנות,visit_type,שיחת וידאו,1
2026-07-30T17:05:21,58,אורתופדיה,מפעלי כנות,language,איטלקית,3
2026-07-30T17:05:21,58,אורתופדיה,מפעלי כנות,language,אנגלית,7
2026-07-30T17:05:21,58,אורתופדיה,מפעלי כנות,language,גרמנית,1
2026-07-30T17:05:21,58,אורתופדיה,מפעלי כנות,language,עברית,13
2026-07-30T17:05:21,58,אורתופדיה,מפעלי כנות,language,ערבית,1
2026-07-30T17:05:21,58,אורתופדיה,מפעלי כנות,language,צרפתית,3
2026-07-30T17:05:21,58,אורתופדיה,מפעלי כנות,language,רומנית,1
2026-07-30T17:05:21,58,אורתופדיה,מפעלי כנות,language,רוסית,5
2026-07-30T17:05:36,58,אורתופדיה,מצפה רמון,gender,גבר,36
2026-07-30T17:05:36,58,אורתופדיה,מצפה רמון,gender,אישה,2
2026-07-30T17:05:36,58,אורתופדיה,מצפה רמון,visit_type,ביקור במרפאה,43
2026-07-30T17:05:36,58,אורתופדיה,מצפה רמון,language,עברית,1
2026-07-30T17:05:36,58,אורתופדיה,מצפה רמון,language,רוסית,1
2026-07-30T17:05:48,58,אורתופדיה,מרכז אזורי מרום הגליל,gender,גבר,97
2026-07-30T17:05:48,58,אורתופדיה,מרכז אזורי מרום הגליל,visit_type,ביקור במרפאה,98
2026-07-30T17:05:48,58,אורתופדיה,מרכז אזורי מרום הגליל,visit_type,שיחת טלפון,1
2026-07-30T17:05:48,58,אורתופדיה,מרכז אזורי מרום הגליל,language,איטלקית,1
2026-07-30T17:05:48,58,אורתופדיה,מרכז אזורי מרום הגליל,language,אנגלית,9
2026-07-30T17:05:48,58,אורתופדיה,מרכז אזורי מרום הגליל,language,עברית,12
2026-07-30T17:05:48,58,אורתופדיה,מרכז אזורי מרום הגליל,language,ערבית,5
2026-07-30T17:05:48,58,אורתופדיה,מרכז אזורי מרום הגליל,language,רוסית,6
2026-07-30T17:06:03,58,אורתופדיה,משמר דוד,gender,גבר,54
2026-07-30T17:06:03,58,אורתופדיה,משמר דוד,gender,אישה,1
2026-07-30T17:06:03,58,אורתופדיה,משמר דוד,visit_type,ביקור במרפאה,61
2026-07-30T17:06:03,58,אורתופדיה,משמר דוד,visit_type,שיחת טלפון,1
2026-07-30T17:06:03,58,אורתופדיה,משמר דוד,language,איטלקית,2
2026-07-30T17:06:03,58,אורתופדיה,משמר דוד,language,אנגלית,6
2026-07-30T17:06:03,58,אורתופדיה,משמר דוד,language,גרמנית,1
2026-07-30T17:06:03,58,אורתופדיה,משמר דוד,language,עברית,9
2026-07-30T17:06:03,58,אורתופדיה,משמר דוד,language,צרפתית,2
2026-07-30T17:06:03,58,אורתופדיה,משמר דוד,language,רוסית,4
2026-07-30T17:06:16,58,אורתופדיה,נאעורה,gender,גבר,145
2026-07-30T17:06:16,58,אורתופדיה,נאעורה,visit_type,ביקור במרפאה,146
2026-07-30T17:06:16,58,אורתופדיה,נאעורה,visit_type,שיחת טלפון,2
2026-07-30T17:06:16,58,אורתופדיה,נאעורה,language,איטלקית,1
2026-07-30T17:06:16,58,אורתופדיה,נאעורה,language,אנגלית,19
2026-07-30T17:06:16,58,אורתופדיה,נאעורה,language,גרמנית,1
2026-07-30T17:06:16,58,אורתופדיה,נאעורה,language,עברית,31
2026-07-30T17:06:16,58,אורתופדיה,נאעורה,language,ערבית,21
2026-07-30T17:06:16,58,אורתופדיה,נאעורה,language,רומנית,7
2026-07-30T17:06:16,58,אורתופדיה,נאעורה,language,רוסית,6
2026-07-30T17:06:35,58,אורתופדיה,נובא,gender,גבר,47
2026-07-30T17:06:35,58,אורתופדיה,נובא,visit_type,ביקור במרפאה,49
2026-07-30T17:06:35,58,אורתופדיה,נובא,language,אנגלית,7
2026-07-30T17:06:35,58,אורתופדיה,נובא,language,עברית,12
2026-07-30T17:06:35,58,אורתופדיה,נובא,language,ערבית,6
2026-07-30T17:06:35,58,אורתופדיה,נובא,language,צרפתית,1
2026-07-30T17:06:35,58,אורתופדיה,נובא,language,רוסית,3
2026-07-30T17:06:44,58,אורתופדיה,נזלה אל ווסטא,gender,גבר,86
2026-07-30T17:06:44,58,אורתופדיה,נזלה אל ווסטא,visit_type,ביקור במרפאה,89
2026-07-30T17:06:44,58,אורתופדיה,נזלה אל ווסטא,visit_type,שיחת טלפון,3
2026-07-30T17:06:44,58,אורתופדיה,נזלה אל ווסטא,language,אידיש,1
2026-07-30T17:06:44,58,אורתופדיה,נזלה אל ווסטא,language,איטלקית,1
2026-07-30T17:06:44,58,אורתופדיה,נזלה אל ווסטא,language,אנגלית,8
2026-07-30T17:06:44,58,אורתופדיה,נזלה אל ווסטא,language,עברית,15
2026-07-30T17:06:44,58,אורתופדיה,נזלה אל ווסטא,language,ערבית,10
2026-07-30T17:06:44,58,אורתופדיה,נזלה אל ווסטא,language,רומנית,3
2026-07-30T17:06:44,58,אורתופדיה,נזלה אל ווסטא,language,רוסית,2
2026-07-30T17:06:59,58,אורתופדיה,נחף,gender,גבר,89
2026-07-30T17:06:59,58,אורתופדיה,נחף,gender,אישה,2
2026-07-30T17:06:59,58,אורתופדיה,נחף,visit_type,ביקור במרפאה,91
2026-07-30T17:06:59,58,אורתופדיה,נחף,visit_type,שיחת טלפון,2
2026-07-30T17:06:59,58,אורתופדיה,נחף,language,איטלקית,1
2026-07-30T17:06:59,58,אורתופדיה,נחף,language,אנגלית,53
2026-07-30T17:06:59,58,אורתופדיה,נחף,language,בולגרית,1
2026-07-30T17:06:59,58,אורתופדיה,נחף,language,גרמנית,3
2026-07-30T17:06:59,58,אורתופדיה,נחף,language,ספרדית,2
2026-07-30T17:06:59,58,אורתופדיה,נחף,language,עברית,90
2026-07-30T17:06:59,58,אורתופדיה,נחף,language,ערבית,67
2026-07-30T17:06:59,58,אורתופדיה,נחף,language,צכית,1
2026-07-30T17:06:59,58,אורתופדיה,נחף,language,צרפתית,1
2026-07-30T17:06:59,58,אורתופדיה,נחף,language,רומנית,8
2026-07-30T17:06:59,58,אורתופדיה,נחף,language,רוסית,19
2026-07-30T17:07:13,58,אורתופדיה,ניסף ג'וביל,gender,גבר,86
2026-07-30T17:07:13,58,אורתופדיה,ניסף ג'וביל,visit_type,ביקור במרפאה,89
2026-07-30T17:07:13,58,אורתופדיה,ניסף ג'וביל,visit_type,שיחת טלפון,3
2026-07-30T17:07:13,58,אורתופדיה,ניסף ג'וביל,language,אידיש,1
2026-07-30T17:07:13,58,אורתופדיה,ניסף ג'וביל,language,איטלקית,1
2026-07-30T17:07:13,58,אורתופדיה,ניסף ג'וביל,language,אנגלית,8
2026-07-30T17:07:13,58,אורתופדיה,ניסף ג'וביל,language,עברית,15
2026-07-30T17:07:13,58,אורתופדיה,ניסף ג'וביל,language,ערבית,10
2026-07-30T17:07:13,58,אורתופדיה,ניסף ג'וביל,language,רומנית,3
2026-07-30T17:07:13,58,אורתופדיה,ניסף ג'וביל,language,רוסית,2
2026-07-30T17:07:26,58,אורתופדיה,נס הרים,gender,גבר,47
2026-07-30T17:07:26,58,אורתופדיה,נס הרים,visit_type,ביקור במרפאה,49
2026-07-30T17:07:26,58,אורתופדיה,נס הרים,language,אנגלית,7
2026-07-30T17:07:26,58,אורתופדיה,נס הרים,language,עברית,12
2026-07-30T17:07:26,58,אורתופדיה,נס הרים,language,ערבית,6
2026-07-30T17:07:26,58,אורתופדיה,נס הרים,language,צרפתית,1
2026-07-30T17:07:26,58,אורתופדיה,נס הרים,language,רוסית,3
2026-07-30T17:07:34,58,אורתופדיה,נצרת,gender,גבר,97
2026-07-30T17:07:34,58,אורתופדיה,נצרת,visit_type,ביקור במרפאה,98
2026-07-30T17:07:34,58,אורתופדיה,נצרת,visit_type,שיחת טלפון,1
2026-07-30T17:07:34,58,אורתופדיה,נצרת,language,איטלקית,1
2026-07-30T17:07:34,58,אורתופדיה,נצרת,language,אנגלית,9
2026-07-30T17:07:34,58,אורתופדיה,נצרת,language,עברית,12
2026-07-30T17:07:34,58,אורתופדיה,נצרת,language,ערבית,5
2026-07-30T17:07:34,58,אורתופדיה,נצרת,language,רוסית,6
2026-07-30T17:07:49,58,אורתופדיה,סאלם ליד אלון מורה,gender,גבר,86
2026-07-30T17:07:49,58,אורתופדיה,סאלם ליד אלון מורה,visit_type,ביקור במרפאה,89
2026-07-30T17:07:49,58,אורתופדיה,סאלם ליד אלון מורה,visit_type,שיחת טלפון,3
2026-07-30T17:07:49,58,אורתופדיה,סאלם ליד אלון מורה,language,אידיש,1
2026-07-30T17:07:49,58,אורתופדיה,סאלם ליד אלון מורה,language,איטלקית,1
2026-07-30T17:07:49,58,אורתופדיה,סאלם ליד אלון מורה,language,אנגלית,8
2026-07-30T17:07:49,58,אורתופדיה,סאלם ליד אלון מורה,language,עברית,15
2026-07-30T17:07:49,58,אורתופדיה,סאלם ליד אלון מורה,language,ערבית,10
2026-07-30T17:07:49,58,אורתופדיה,סאלם ליד אלון מורה,language,רומנית,3
2026-07-30T17:07:49,58,אורתופדיה,סאלם ליד אלון מורה,language,רוסית,2
2026-07-30T17:08:05,58,אורתופדיה,סופה,gender,גבר,41
2026-07-30T17:08:05,58,אורתופדיה,סופה,gender,אישה,2
2026-07-30T17:08:05,58,אורתופדיה,סופה,visit_type,ביקור במרפאה,47
2026-07-30T17:08:05,58,אורתופדיה,סופה,language,עברית,1
2026-07-30T17:08:05,58,אורתופדיה,סופה,language,רוסית,1
2026-07-30T17:08:16,58,אורתופדיה,סיעיר,gender,גבר,47
2026-07-30T17:08:16,58,אורתופדיה,סיעיר,visit_type,ביקור במרפאה,49
2026-07-30T17:08:16,58,אורתופדיה,סיעיר,language,אנגלית,7
2026-07-30T17:08:16,58,אורתופדיה,סיעיר,language,עברית,12
2026-07-30T17:08:16,58,אורתופדיה,סיעיר,language,ערבית,6
2026-07-30T17:08:16,58,אורתופדיה,סיעיר,language,צרפתית,1
2026-07-30T17:08:16,58,אורתופדיה,סיעיר,language,רוסית,3
2026-07-30T17:08:27,58,אורתופדיה,סעד,gender,גבר,41
2026-07-30T17:08:27,58,אורתופדיה,סעד,gender,אישה,2
2026-07-30T17:08:27,58,אורתופדיה,סעד,visit_type,ביקור במרפאה,47
2026-07-30T17:08:27,58,אורתופדיה,סעד,language,עברית,1
2026-07-30T17:08:27,58,אורתופדיה,סעד,language,רוסית,1
2026-07-30T17:08:39,58,אורתופדיה,עאבוד,gender,גבר,49
2026-07-30T17:08:39,58,אורתופדיה,עאבוד,gender,אישה,1
2026-07-30T17:08:39,58,אורתופדיה,עאבוד,visit_type,ביקור במרפאה,58
2026-07-30T17:08:39,58,אורתופדיה,עאבוד,visit_type,שיחת טלפון,1
2026-07-30T17:08:39,58,אורתופדיה,עאבוד,language,איטלקית,4
2026-07-30T17:08:39,58,אורתופדיה,עאבוד,language,אנגלית,33
2026-07-30T17:08:39,58,אורתופדיה,עאבוד,language,גרמנית,6
2026-07-30T17:08:39,58,אורתופדיה,עאבוד,language,ספרדית,2
2026-07-30T17:08:39,58,אורתופדיה,עאבוד,language,עברית,54
2026-07-30T17:08:39,58,אורתופדיה,עאבוד,language,ערבית,6
2026-07-30T17:08:39,58,אורתופדיה,עאבוד,language,רומנית,5
2026-07-30T17:08:39,58,אורתופדיה,עאבוד,language,רוסית,6
2026-07-30T17:08:47,58,אורתופדיה,עגור,gender,גבר,47
2026-07-30T17:08:47,58,אורתופדיה,עגור,visit_type,ביקור במרפאה,49
2026-07-30T17:08:47,58,אורתופדיה,עגור,language,אנגלית,7
2026-07-30T17:08:47,58,אורתופדיה,עגור,language,עברית,12
2026-07-30T17:08:47,58,אורתופדיה,עגור,language,ערבית,6
2026-07-30T17:08:47,58,אורתופדיה,עגור,language,צרפתית,1
2026-07-30T17:08:47,58,אורתופדיה,עגור,language,רוסית,3
2026-07-30T17:08:58,58,אורתופדיה,עומר,gender,גבר,52
2026-07-30T17:08:58,58,אורתופדיה,עומר,gender,אישה,3
2026-07-30T17:08:58,58,אורתופדיה,עומר,visit_type,ביקור במרפאה,63
2026-07-30T17:08:58,58,אורתופדיה,עומר,language,עברית,1
2026-07-30T17:08:58,58,אורתופדיה,עומר,language,רוסית,1
2026-07-30T17:09:15,58,אורתופדיה,עזריאל,gender,גבר,86
2026-07-30T17:09:15,58,אורתופדיה,עזריאל,visit_type,ביקור במרפאה,89
2026-07-30T17:09:15,58,אורתופדיה,עזריאל,visit_type,שיחת טלפון,3
2026-07-30T17:09:15,58,אורתופדיה,עזריאל,language,אידיש,1
2026-07-30T17:09:15,58,אורתופדיה,עזריאל,language,איטלקית,1
2026-07-30T17:09:15,58,אורתופדיה,עזריאל,language,אנגלית,8
2026-07-30T17:09:15,58,אורתופדיה,עזריאל,language,עברית,15
2026-07-30T17:09:15,58,אורתופדיה,עזריאל,language,ערבית,10
2026-07-30T17:09:15,58,אורתופדיה,עזריאל,language,רומנית,3
2026-07-30T17:09:15,58,אורתופדיה,עזריאל,language,רוסית,2
2026-07-30T17:09:29,58,אורתופדיה,עילאר,gender,גבר,86
2026-07-30T17:09:29,58,אורתופדיה,עילאר,visit_type,ביקור במרפאה,89
2026-07-30T17:09:29,58,אורתופדיה,עילאר,visit_type,שיחת טלפון,3
2026-07-30T17:09:29,58,אורתופדיה,עילאר,language,אידיש,1
2026-07-30T17:09:29,58,אורתופדיה,עילאר,language,איטלקית,1
2026-07-30T17:09:29,58,אורתופדיה,עילאר,language,אנגלית,8
2026-07-30T17:09:29,58,אורתופדיה,עילאר,language,עברית,15
2026-07-30T17:09:29,58,אורתופדיה,עילאר,language,ערבית,10
2026-07-30T17:09:29,58,אורתופדיה,עילאר,language,רומנית,3
2026-07-30T17:09:29,58,אורתופדיה,עילאר,language,רוסית,2
2026-07-30T17:09:43,58,אורתופדיה,עלי זהב,gender,גבר,49
2026-07-30T17:09:43,58,אורתופדיה,עלי זהב,gender,אישה,1
2026-07-30T17:09:43,58,אורתופדיה,עלי זהב,visit_type,ביקור במרפאה,58
2026-07-30T17:09:43,58,אורתופדיה,עלי זהב,visit_type,שיחת טלפון,1
2026-07-30T17:09:43,58,אורתופדיה,עלי זהב,language,איטלקית,4
2026-07-30T17:09:43,58,אורתופדיה,עלי זהב,language,אנגלית,33
2026-07-30T17:09:43,58,אורתופדיה,עלי זהב,language,גרמנית,6
2026-07-30T17:09:43,58,אורתופדיה,עלי זהב,language,ספרדית,2
2026-07-30T17:09:43,58,אורתופדיה,עלי זהב,language,עברית,54
2026-07-30T17:09:43,58,אורתופדיה,עלי זהב,language,ערבית,6
2026-07-30T17:09:43,58,אורתופדיה,עלי זהב,language,רומנית,5
2026-07-30T17:09:43,58,אורתופדיה,עלי זהב,language,רוסית,6
2026-07-30T17:09:54,58,אורתופדיה,עמיר,gender,גבר,97
2026-07-30T17:09:54,58,אורתופדיה,עמיר,visit_type,ביקור במרפאה,98
2026-07-30T17:09:54,58,אורתופדיה,עמיר,visit_type,שיחת טלפון,1
2026-07-30T17:09:54,58,אורתופדיה,עמיר,language,איטלקית,1
2026-07-30T17:09:54,58,אורתופדיה,עמיר,language,אנגלית,9
2026-07-30T17:09:54,58,אורתופדיה,עמיר,language,עברית,12
2026-07-30T17:09:54,58,אורתופדיה,עמיר,language,ערבית,5
2026-07-30T17:09:54,58,אורתופדיה,עמיר,language,רוסית,6
2026-07-30T17:10:10,58,אורתופדיה,עספיא,gender,גבר,115
2026-07-30T17:10:10,58,אורתופדיה,עספיא,visit_type,ביקור במרפאה,116
2026-07-30T17:10:10,58,אורתופדיה,עספיא,visit_type,שיחת טלפון,2
2026-07-30T17:10:10,58,אורתופדיה,עספיא,language,אידיש,1
2026-07-30T17:10:10,58,אורתופדיה,עספיא,language,אנגלית,41
2026-07-30T17:10:10,58,אורתופדיה,עספיא,language,גרמנית,5
2026-07-30T17:10:10,58,אורתופדיה,עספיא,language,הונגרית,1
2026-07-30T17:10:10,58,אורתופדיה,עספיא,language,ספרדית,2
2026-07-30T17:10:10,58,אורתופדיה,עספיא,language,עברית,57
2026-07-30T17:10:10,58,אורתופדיה,עספיא,language,ערבית,29
2026-07-30T17:10:10,58,אורתופדיה,עספיא,language,צרפתית,1
2026-07-30T17:10:10,58,אורתופדיה,עספיא,language,רומנית,14
2026-07-30T17:10:10,58,אורתופדיה,עספיא,language,רוסית,12
2026-07-30T17:10:28,58,אורתופדיה,עראנה,gender,גבר,86
2026-07-30T17:10:28,58,אורתופדיה,עראנה,visit_type,ביקור במרפאה,89
2026-07-30T17:10:28,58,אורתופדיה,עראנה,visit_type,שיחת טלפון,3
2026-07-30T17:10:28,58,אורתופדיה,עראנה,language,אידיש,1
2026-07-30T17:10:28,58,אורתופדיה,עראנה,language,איטלקית,1
2026-07-30T17:10:28,58,אורתופדיה,עראנה,language,אנגלית,8
2026-07-30T17:10:28,58,אורתופדיה,עראנה,language,עברית,15
2026-07-30T17:10:28,58,אורתופדיה,עראנה,language,ערבית,10
2026-07-30T17:10:28,58,אורתופדיה,עראנה,language,רומנית,3
2026-07-30T17:10:28,58,אורתופדיה,עראנה,language,רוסית,2
2026-07-30T17:10:43,58,אורתופדיה,עתלית,gender,גבר,115
2026-07-30T17:10:43,58,אורתופדיה,עתלית,visit_type,ביקור במרפאה,116
2026-07-30T17:10:43,58,אורתופדיה,עתלית,visit_type,שיחת טלפון,2
2026-07-30T17:10:43,58,אורתופדיה,עתלית,language,אידיש,1
2026-07-30T17:10:43,58,אורתופדיה,עתלית,language,אנגלית,41
2026-07-30T17:10:43,58,אורתופדיה,עתלית,language,גרמנית,5
2026-07-30T17:10:43,58,אורתופדיה,עתלית,language,הונגרית,1
2026-07-30T17:10:43,58,אורתופדיה,עתלית,language,ספרדית,2
2026-07-30T17:10:43,58,אורתופדיה,עתלית,language,עברית,57
2026-07-30T17:10:43,58,אורתופדיה,עתלית,language,ערבית,29
2026-07-30T17:10:43,58,אורתופדיה,עתלית,language,צרפתית,1
2026-07-30T17:10:43,58,אורתופדיה,עתלית,language,רומנית,14
2026-07-30T17:10:43,58,אורתופדיה,עתלית,language,רוסית,12
2026-07-30T17:11:03,58,אורתופדיה,פדויים,gender,גבר,52
2026-07-30T17:11:03,58,אורתופדיה,פדויים,gender,אישה,3
2026-07-30T17:11:03,58,אורתופדיה,פדויים,visit_type,ביקור במרפאה,63
2026-07-30T17:11:03,58,אורתופדיה,פדויים,language,עברית,1
2026-07-30T17:11:03,58,אורתופדיה,פדויים,language,רוסית,1
2026-07-30T17:11:19,58,אורתופדיה,פלך,gender,גבר,113
2026-07-30T17:11:19,58,אורתופדיה,פלך,gender,אישה,2
2026-07-30T17:11:19,58,אורתופדיה,פלך,visit_type,ביקור במרפאה,116
2026-07-30T17:11:19,58,אורתופדיה,פלך,visit_type,שיחת טלפון,2
2026-07-30T17:11:19,58,אורתופדיה,פלך,language,אידיש,1
2026-07-30T17:11:19,58,אורתופדיה,פלך,language,איטלקית,1
2026-07-30T17:11:19,58,אורתופדיה,פלך,language,אנגלית,71
2026-07-30T17:11:19,58,אורתופדיה,פלך,language,בולגרית,1
2026-07-30T17:11:19,58,אורתופדיה,פלך,language,גרמנית,6
2026-07-30T17:11:19,58,אורתופדיה,פלך,language,הונגרית,1
2026-07-30T17:11:19,58,אורתופדיה,פלך,language,ספרדית,4
2026-07-30T17:11:19,58,אורתופדיה,פלך,language,עברית,113
2026-07-30T17:11:19,58,אורתופדיה,פלך,language,ערבית,77
2026-07-30T17:11:19,58,אורתופדיה,פלך,language,צכית,1
2026-07-30T17:11:19,58,אורתופדיה,פלך,language,צרפתית,2
2026-07-30T17:11:19,58,אורתופדיה,פלך,language,רומנית,15
2026-07-30T17:11:19,58,אורתופדיה,פלך,language,רוסית,26
2026-07-30T17:11:37,58,אורתופדיה,פקיעין,gender,גבר,69
2026-07-30T17:11:37,58,אורתופדיה,פקיעין,gender,אישה,2
2026-07-30T17:11:37,58,אורתופדיה,פקיעין,visit_type,ביקור במרפאה,71
2026-07-30T17:11:37,58,אורתופדיה,פקיעין,visit_type,שיחת טלפון,2
2026-07-30T17:11:37,58,אורתופדיה,פקיעין,language,איטלקית,1
2026-07-30T17:11:37,58,אורתופדיה,פקיעין,language,אנגלית,35
2026-07-30T17:11:37,58,אורתופדיה,פקיעין,language,בולגרית,1
2026-07-30T17:11:37,58,אורתופדיה,פקיעין,language,גרמנית,1
2026-07-30T17:11:37,58,אורתופדיה,פקיעין,language,ספרדית,2
2026-07-30T17:11:37,58,אורתופדיה,פקיעין,language,עברית,70
2026-07-30T17:11:37,58,אורתופדיה,פקיעין,language,ערבית,60
2026-07-30T17:11:37,58,אורתופדיה,פקיעין,language,צכית,1
2026-07-30T17:11:37,58,אורתופדיה,פקיעין,language,צרפתית,1
2026-07-30T17:11:37,58,אורתופדיה,פקיעין,language,רומנית,4
2026-07-30T17:11:37,58,אורתופדיה,פקיעין,language,רוסית,15
2026-07-30T17:11:48,58,אורתופדיה,פתח תקווה,gender,גבר,49
2026-07-30T17:11:48,58,אורתופדיה,פתח תקווה,gender,אישה,1
2026-07-30T17:11:48,58,אורתופדיה,פתח תקווה,visit_type,ביקור במרפאה,58
2026-07-30T17:11:48,58,אורתופדיה,פתח תקווה,visit_type,שיחת טלפון,1
2026-07-30T17:11:48,58,אורתופדיה,פתח תקווה,language,איטלקית,4
2026-07-30T17:11:48,58,אורתופדיה,פתח תקווה,language,אנגלית,33
2026-07-30T17:11:48,58,אורתופדיה,פתח תקווה,language,גרמנית,6
2026-07-30T17:11:48,58,אורתופדיה,פתח תקווה,language,ספרדית,2
2026-07-30T17:11:48,58,אורתופדיה,פתח תקווה,language,עברית,54
2026-07-30T17:11:48,58,אורתופדיה,פתח תקווה,language,ערבית,6
2026-07-30T17:11:48,58,אורתופדיה,פתח תקווה,language,רומנית,5
2026-07-30T17:11:48,58,אורתופדיה,פתח תקווה,language,רוסית,6
2026-07-30T17:11:59,58,אורתופדיה,צופר,gender,גבר,36
2026-07-30T17:11:59,58,אורתופדיה,צופר,gender,אישה,2
2026-07-30T17:11:59,58,אורתופדיה,צופר,visit_type,ביקור במרפאה,43
2026-07-30T17:11:59,58,אורתופדיה,צופר,language,עברית,1
2026-07-30T17:11:59,58,אורתופדיה,צופר,language,רוסית,1
2026-07-30T17:12:12,58,אורתופדיה,צפת,gender,גבר,97
2026-07-30T17:12:12,58,אורתופדיה,צפת,visit_type,ביקור במרפאה,98
2026-07-30T17:12:12,58,אורתופדיה,צפת,visit_type,שיחת טלפון,1
2026-07-30T17:12:12,58,אורתופדיה,צפת,language,איטלקית,1
2026-07-30T17:12:12,58,אורתופדיה,צפת,language,אנגלית,9
2026-07-30T17:12:12,58,אורתופדיה,צפת,language,עברית,12
2026-07-30T17:12:12,58,אורתופדיה,צפת,language,ערבית,5
2026-07-30T17:12:12,58,אורתופדיה,צפת,language,רוסית,6
2026-07-30T17:12:27,58,אורתופדיה,קדמה,gender,גבר,64
2026-07-30T17:12:27,58,אורתופדיה,קדמה,gender,אישה,1
2026-07-30T17:12:27,58,אורתופדיה,קדמה,visit_type,ביקור במרפאה,73
2026-07-30T17:12:27,58,אורתופדיה,קדמה,visit_type,שיחת טלפון,2
2026-07-30T17:12:27,58,אורתופדיה,קדמה,visit_type,שיחת וידאו,1
2026-07-30T17:12:27,58,אורתופדיה,קדמה,language,איטלקית,3
2026-07-30T17:12:27,58,אורתופדיה,קדמה,language,אנגלית,7
2026-07-30T17:12:27,58,אורתופדיה,קדמה,language,גרמנית,1
2026-07-30T17:12:27,58,אורתופדיה,קדמה,language,עברית,13
2026-07-30T17:12:27,58,אורתופדיה,קדמה,language,ערבית,1
2026-07-30T17:12:27,58,אורתופדיה,קדמה,language,צרפתית,3
2026-07-30T17:12:27,58,אורתופדיה,קדמה,language,רומנית,1
2026-07-30T17:12:27,58,אורתופדיה,קדמה,language,רוסית,5
2026-07-30T17:12:41,58,אורתופדיה,קוסרה,gender,גבר,47
2026-07-30T17:12:41,58,אורתופדיה,קוסרה,visit_type,ביקור במרפאה,49
2026-07-30T17:12:41,58,אורתופדיה,קוסרה,language,אנגלית,7
2026-07-30T17:12:41,58,אורתופדיה,קוסרה,language,עברית,12
2026-07-30T17:12:41,58,אורתופדיה,קוסרה,language,ערבית,6
2026-07-30T17:12:41,58,אורתופדיה,קוסרה,language,צרפתית,1
2026-07-30T17:12:41,58,אורתופדיה,קוסרה,language,רוסית,3
2026-07-30T17:12:50,58,אורתופדיה,קלנסווה,gender,גבר,86
2026-07-30T17:12:50,58,אורתופדיה,קלנסווה,visit_type,ביקור במרפאה,89
2026-07-30T17:12:50,58,אורתופדיה,קלנסווה,visit_type,שיחת טלפון,3
2026-07-30T17:12:50,58,אורתופדיה,קלנסווה,language,אידיש,1
2026-07-30T17:12:50,58,אורתופדיה,קלנסווה,language,איטלקית,1
2026-07-30T17:12:50,58,אורתופדיה,קלנסווה,language,אנגלית,8
2026-07-30T17:12:50,58,אורתופדיה,קלנסווה,language,עברית,15
2026-07-30T17:12:50,58,אורתופדיה,קלנסווה,language,ערבית,10
2026-07-30T17:12:50,58,אורתופדיה,קלנסווה,language,רומנית,3
2026-07-30T17:12:50,58,אורתופדיה,קלנסווה,language,רוסית,2
2026-07-30T17:13:04,58,אורתופדיה,קרית אונו,gender,גבר,49
2026-07-30T17:13:04,58,אורתופדיה,קרית אונו,gender,אישה,1
2026-07-30T17:13:04,58,אורתופדיה,קרית אונו,visit_type,ביקור במרפאה,58
2026-07-30T17:13:04,58,אורתופדיה,קרית אונו,visit_type,שיחת טלפון,1
2026-07-30T17:13:04,58,אורתופדיה,קרית אונו,language,איטלקית,4
2026-07-30T17:13:04,58,אורתופדיה,קרית אונו,language,אנגלית,33
2026-07-30T17:13:04,58,אורתופדיה,קרית אונו,language,גרמנית,6
2026-07-30T17:13:04,58,אורתופדיה,קרית אונו,language,ספרדית,2
2026-07-30T17:13:04,58,אורתופדיה,קרית אונו,language,עברית,54
2026-07-30T17:13:04,58,אורתופדיה,קרית אונו,language,ערבית,6
2026-07-30T17:13:04,58,אורתופדיה,קרית אונו,language,רומנית,5
2026-07-30T17:13:04,58,אורתופדיה,קרית אונו,language,רוסית,6
2026-07-30T17:13:14,58,אורתופדיה,ראמה,gender,גבר,89
2026-07-30T17:13:14,58,אורתופדיה,ראמה,gender,אישה,2
2026-07-30T17:13:14,58,אורתופדיה,ראמה,visit_type,ביקור במרפאה,91
2026-07-30T17:13:14,58,אורתופדיה,ראמה,visit_type,שיחת טלפון,2
2026-07-30T17:13:14,58,אורתופדיה,ראמה,language,איטלקית,1
2026-07-30T17:13:14,58,אורתופדיה,ראמה,language,אנגלית,53
2026-07-30T17:13:14,58,אורתופדיה,ראמה,language,בולגרית,1
2026-07-30T17:13:14,58,אורתופדיה,ראמה,language,גרמנית,3
2026-07-30T17:13:14,58,אורתופדיה,ראמה,language,ספרדית,2
2026-07-30T17:13:14,58,אורתופדיה,ראמה,language,עברית,90
2026-07-30T17:13:14,58,אורתופדיה,ראמה,language,ערבית,67
2026-07-30T17:13:14,58,אורתופדיה,ראמה,language,צכית,1
2026-07-30T17:13:14,58,אורתופדיה,ראמה,language,צרפתית,1
2026-07-30T17:13:14,58,אורתופדיה,ראמה,language,רומנית,8
2026-07-30T17:13:14,58,אורתופדיה,ראמה,language,רוסית,19
2026-07-30T17:13:29,58,אורתופדיה,רביבים,gender,גבר,36
2026-07-30T17:13:29,58,אורתופדיה,רביבים,gender,אישה,2
2026-07-30T17:13:29,58,אורתופדיה,רביבים,visit_type,ביקור במרפאה,43
2026-07-30T17:13:29,58,אורתופדיה,רביבים,language,עברית,1
2026-07-30T17:13:29,58,אורתופדיה,רביבים,language,רוסית,1
2026-07-30T17:13:41,58,אורתופדיה,רומאנה,gender,גבר,97
2026-07-30T17:13:41,58,אורתופדיה,רומאנה,visit_type,ביקור במרפאה,98
2026-07-30T17:13:41,58,אורתופדיה,רומאנה,visit_type,שיחת טלפון,1
2026-07-30T17:13:41,58,אורתופדיה,רומאנה,language,איטלקית,1
2026-07-30T17:13:41,58,אורתופדיה,רומאנה,language,אנגלית,9
2026-07-30T17:13:41,58,אורתופדיה,רומאנה,language,עברית,12
2026-07-30T17:13:41,58,אורתופדיה,רומאנה,language,ערבית,5
2026-07-30T17:13:41,58,אורתופדיה,רומאנה,language,רוסית,6
2026-07-30T17:13:56,58,אורתופדיה,ריינה,gender,גבר,97
2026-07-30T17:13:56,58,אורתופדיה,ריינה,visit_type,ביקור במרפאה,98
2026-07-30T17:13:56,58,אורתופדיה,ריינה,visit_type,שיחת טלפון,1
2026-07-30T17:13:56,58,אורתופדיה,ריינה,language,איטלקית,1
2026-07-30T17:13:56,58,אורתופדיה,ריינה,language,אנגלית,9
2026-07-30T17:13:56,58,אורתופדיה,ריינה,language,עברית,12
2026-07-30T17:13:56,58,אורתופדיה,ריינה,language,ערבית,5
2026-07-30T17:13:56,58,אורתופדיה,ריינה,language,רוסית,6
2026-07-30T17:14:12,58,אורתופדיה,רמות מנשה,gender,גבר,115
2026-07-30T17:14:12,58,אורתופדיה,רמות מנשה,visit_type,ביקור במרפאה,116
2026-07-30T17:14:12,58,אורתופדיה,רמות מנשה,visit_type,שיחת טלפון,2
2026-07-30T17:14:12,58,אורתופדיה,רמות מנשה,language,אידיש,1
2026-07-30T17:14:12,58,אורתופדיה,רמות מנשה,language,אנגלית,41
2026-07-30T17:14:12,58,אורתופדיה,רמות מנשה,language,גרמנית,5
2026-07-30T17:14:12,58,אורתופדיה,רמות מנשה,language,הונגרית,1
2026-07-30T17:14:12,58,אורתופדיה,רמות מנשה,language,ספרדית,2
2026-07-30T17:14:12,58,אורתופדיה,רמות מנשה,language,עברית,57
2026-07-30T17:14:12,58,אורתופדיה,רמות מנשה,language,ערבית,29
2026-07-30T17:14:12,58,אורתופדיה,רמות מנשה,language,צרפתית,1
2026-07-30T17:14:12,58,אורתופדיה,רמות מנשה,language,רומנית,14
2026-07-30T17:14:12,58,אורתופדיה,רמות מנשה,language,רוסית,12
2026-07-30T17:14:31,58,אורתופדיה,רפיח,gender,גבר,52
2026-07-30T17:14:31,58,אורתופדיה,רפיח,gender,אישה,3
2026-07-30T17:14:31,58,אורתופדיה,רפיח,visit_type,ביקור במרפאה,63
2026-07-30T17:14:31,58,אורתופדיה,רפיח,language,עברית,1
2026-07-30T17:14:31,58,אורתופדיה,רפיח,language,רוסית,1
2026-07-30T17:14:47,58,אורתופדיה,שגב שלום,gender,גבר,36
2026-07-30T17:14:47,58,אורתופדיה,שגב שלום,gender,אישה,2
2026-07-30T17:14:47,58,אורתופדיה,שגב שלום,visit_type,ביקור במרפאה,43
2026-07-30T17:14:47,58,אורתופדיה,שגב שלום,language,עברית,1
2026-07-30T17:14:47,58,אורתופדיה,שגב שלום,language,רוסית,1
2026-07-30T17:15:00,58,אורתופדיה,שדה משה,gender,גבר,41
2026-07-30T17:15:00,58,אורתופדיה,שדה משה,gender,אישה,2
2026-07-30T17:15:00,58,אורתופדיה,שדה משה,visit_type,ביקור במרפאה,47
2026-07-30T17:15:00,58,אורתופדיה,שדה משה,language,עברית,1
2026-07-30T17:15:00,58,אורתופדיה,שדה משה,language,רוסית,1
2026-07-30T17:15:14,58,אורתופדיה,שוקדה,gender,גבר,52
2026-07-30T17:15:14,58,אורתופדיה,שוקדה,gender,אישה,3
2026-07-30T17:15:14,58,אורתופדיה,שוקדה,visit_type,ביקור במרפאה,63
2026-07-30T17:15:14,58,אורתופדיה,שוקדה,language,עברית,1
2026-07-30T17:15:14,58,אורתופדיה,שוקדה,language,רוסית,1
2026-07-30T17:15:30,58,אורתופדיה,שילה,gender,גבר,47
2026-07-30T17:15:30,58,אורתופדיה,שילה,visit_type,ביקור במרפאה,49
2026-07-30T17:15:30,58,אורתופדיה,שילה,language,אנגלית,7
2026-07-30T17:15:30,58,אורתופדיה,שילה,language,עברית,12
2026-07-30T17:15:30,58,אורתופדיה,שילה,language,ערבית,6
2026-07-30T17:15:30,58,אורתופדיה,שילה,language,צרפתית,1
2026-07-30T17:15:30,58,אורתופדיה,שילה,language,רוסית,3
2026-07-30T17:15:39,58,אורתופדיה,שמיר,gender,גבר,97
2026-07-30T17:15:39,58,אורתופדיה,שמיר,visit_type,ביקור במרפאה,98
2026-07-30T17:15:39,58,אורתופדיה,שמיר,visit_type,שיחת טלפון,1
2026-07-30T17:15:39,58,אורתופדיה,שמיר,language,איטלקית,1
2026-07-30T17:15:39,58,אורתופדיה,שמיר,language,אנגלית,9
2026-07-30T17:15:39,58,אורתופדיה,שמיר,language,עברית,12
2026-07-30T17:15:39,58,אורתופדיה,שמיר,language,ערבית,5
2026-07-30T17:15:39,58,אורתופדיה,שמיר,language,רוסית,6
2026-07-30T17:15:54,58,אורתופדיה,שער הגולן,gender,גבר,97
2026-07-30T17:15:54,58,אורתופדיה,שער הגולן,visit_type,ביקור במרפאה,98
2026-07-30T17:15:54,58,אורתופדיה,שער הגולן,visit_type,שיחת טלפון,1
2026-07-30T17:15:54,58,אורתופדיה,שער הגולן,language,איטלקית,1
2026-07-30T17:15:54,58,אורתופדיה,שער הגולן,language,אנגלית,9
2026-07-30T17:15:54,58,אורתופדיה,שער הגולן,language,עברית,12
2026-07-30T17:15:54,58,אורתופדיה,שער הגולן,language,ערבית,5
2026-07-30T17:15:54,58,אורתופדיה,שער הגולן,language,רוסית,6
2026-07-30T17:16:10,58,אורתופדיה,שרונה,gender,גבר,97
2026-07-30T17:16:10,58,אורתופדיה,שרונה,visit_type,ביקור במרפאה,98
2026-07-30T17:16:10,58,אורתופדיה,שרונה,visit_type,שיחת טלפון,1
2026-07-30T17:16:10,58,אורתופדיה,שרונה,language,איטלקית,1
2026-07-30T17:16:10,58,אורתופדיה,שרונה,language,אנגלית,9
2026-07-30T17:16:10,58,אורתופדיה,שרונה,language,עברית,12
2026-07-30T17:16:10,58,אורתופדיה,שרונה,language,ערבית,5
2026-07-30T17:16:10,58,אורתופדיה,שרונה,language,רוסית,6
2026-07-30T17:16:24,58,אורתופדיה,תוקוע,gender,גבר,47
2026-07-30T17:16:24,58,אורתופדיה,תוקוע,visit_type,ביקור במרפאה,49
2026-07-30T17:16:24,58,אורתופדיה,תוקוע,language,אנגלית,7
2026-07-30T17:16:24,58,אורתופדיה,תוקוע,language,עברית,12
2026-07-30T17:16:24,58,אורתופדיה,תוקוע,language,ערבית,6
2026-07-30T17:16:24,58,אורתופדיה,תוקוע,language,צרפתית,1
2026-07-30T17:16:24,58,אורתופדיה,תוקוע,language,רוסית,3
2026-07-30T17:16:33,58,אורתופדיה,תל חי,gender,גבר,97
2026-07-30T17:16:33,58,אורתופדיה,תל חי,visit_type,ביקור במרפאה,98
2026-07-30T17:16:33,58,אורתופדיה,תל חי,visit_type,שיחת טלפון,1
2026-07-30T17:16:33,58,אורתופדיה,תל חי,language,איטלקית,1
2026-07-30T17:16:33,58,אורתופדיה,תל חי,language,אנגלית,9
2026-07-30T17:16:33,58,אורתופדיה,תל חי,language,עברית,12
2026-07-30T17:16:33,58,אורתופדיה,תל חי,language,ערבית,5
2026-07-30T17:16:33,58,אורתופדיה,תל חי,language,רוסית,6
2026-07-30T17:16:49,58,אורתופדיה,תעשיון בר לב,gender,גבר,113
2026-07-30T17:16:49,58,אורתופדיה,תעשיון בר לב,gender,אישה,2
2026-07-30T17:16:49,58,אורתופדיה,תעשיון בר לב,visit_type,ביקור במרפאה,116
2026-07-30T17:16:49,58,אורתופדיה,תעשיון בר לב,visit_type,שיחת טלפון,2
2026-07-30T17:16:49,58,אורתופדיה,תעשיון בר לב,language,אידיש,1
2026-07-30T17:16:49,58,אורתופדיה,תעשיון בר לב,language,איטלקית,1
2026-07-30T17:16:49,58,אורתופדיה,תעשיון בר לב,language,אנגלית,71
2026-07-30T17:16:49,58,אורתופדיה,תעשיון בר לב,language,בולגרית,1
2026-07-30T17:16:49,58,אורתופדיה,תעשיון בר לב,language,גרמנית,6
2026-07-30T17:16:49,58,אורתופדיה,תעשיון בר לב,language,הונגרית,1
2026-07-30T17:16:49,58,אורתופדיה,תעשיון בר לב,language,ספרדית,4
2026-07-30T17:16:49,58,אורתופדיה,תעשיון בר לב,language,עברית,113
2026-07-30T17:16:49,58,אורתופדיה,תעשיון בר לב,language,ערבית,77
2026-07-30T17:16:49,58,אורתופדיה,תעשיון בר לב,language,צכית,1
2026-07-30T17:16:49,58,אורתופדיה,תעשיון בר לב,language,צרפתית,2
2026-07-30T17:16:49,58,אורתופדיה,תעשיון בר לב,language,רומנית,15
2026-07-30T17:16:49,58,אורתופדיה,תעשיון בר לב,language,רוסית,26
2026-07-30T17:17:09,58,אורתופדיה,תקומה,gender,גבר,52
2026-07-30T17:17:09,58,אורתופדיה,תקומה,gender,אישה,3
2026-07-30T17:17:09,58,אורתופדיה,תקומה,visit_type,ביקור במרפאה,63
2026-07-30T17:17:09,58,אורתופדיה,תקומה,language,עברית,1
2026-07-30T17:17:09,58,אורתופדיה,תקומה,language,רוסית,1
2026-07-30T17:17:25,62,אף אוזן גרון,א ראס,gender,גבר,48
2026-07-30T17:17:25,62,אף אוזן גרון,א ראס,gender,אישה,14
2026-07-30T17:17:25,62,אף אוזן גרון,א ראס,visit_type,ביקור במרפאה,67
2026-07-30T17:17:25,62,אף אוזן גרון,א ראס,visit_type,שיחת טלפון,1
2026-07-30T17:17:25,62,אף אוזן גרון,א ראס,language,אוקראינית,1
2026-07-30T17:17:25,62,אף אוזן גרון,א ראס,language,אידיש,4
2026-07-30T17:17:25,62,אף אוזן גרון,א ראס,language,איטלקית,1
2026-07-30T17:17:25,62,אף אוזן גרון,א ראס,language,אנגלית,12
2026-07-30T17:17:25,62,אף אוזן גרון,א ראס,language,גרמנית,1
2026-07-30T17:17:25,62,אף אוזן גרון,א ראס,language,עברית,16
2026-07-30T17:17:25,62,אף אוזן גרון,א ראס,language,ערבית,3
2026-07-30T17:17:25,62,אף אוזן גרון,א ראס,language,רומנית,2
2026-07-30T17:17:25,62,אף אוזן גרון,א ראס,language,רוסית,6
2026-07-30T17:17:37,62,אף אוזן גרון,אבו עמאר,gender,גבר,38
2026-07-30T17:17:37,62,אף אוזן גרון,אבו עמאר,gender,אישה,6
2026-07-30T17:17:37,62,אף אוזן גרון,אבו עמאר,visit_type,ביקור במרפאה,47
2026-07-30T17:17:37,62,אף אוזן גרון,אבו עמאר,language,אוקראינית,1
2026-07-30T17:17:37,62,אף אוזן גרון,אבו עמאר,language,אידיש,3
2026-07-30T17:17:37,62,אף אוזן גרון,אבו עמאר,language,אנגלית,3
2026-07-30T17:17:37,62,אף אוזן גרון,אבו עמאר,language,הונגרית,1
2026-07-30T17:17:37,62,אף אוזן גרון,אבו עמאר,language,ספרדית,3
2026-07-30T17:17:37,62,אף אוזן גרון,אבו עמאר,language,עברית,10
2026-07-30T17:17:37,62,אף אוזן גרון,אבו עמאר,language,ערבית,4
2026-07-30T17:17:37,62,אף אוזן גרון,אבו עמאר,language,צכית,1
2026-07-30T17:17:37,62,אף אוזן גרון,אבו עמאר,language,רוסית,1
2026-07-30T17:17:48,62,אף אוזן גרון,אודם,gender,גבר,54
2026-07-30T17:17:48,62,אף אוזן גרון,אודם,gender,אישה,5
2026-07-30T17:17:48,62,אף אוזן גרון,אודם,visit_type,ביקור במרפאה,59
2026-07-30T17:17:48,62,אף אוזן גרון,אודם,language,אנגלית,11
2026-07-30T17:17:48,62,אף אוזן גרון,אודם,language,עברית,14
2026-07-30T17:17:48,62,אף אוזן גרון,אודם,language,ערבית,14
2026-07-30T17:17:48,62,אף אוזן גרון,אודם,language,רוסית,2
2026-07-30T17:17:58,62,אף אוזן גרון,אזור תעשייה אכזיב מילואות,gender,גבר,62
2026-07-30T17:17:58,62,אף אוזן גרון,אזור תעשייה אכזיב מילואות,gender,אישה,13
2026-07-30T17:17:58,62,אף אוזן גרון,אזור תעשייה אכזיב מילואות,visit_type,ביקור במרפאה,77
2026-07-30T17:17:58,62,אף אוזן גרון,אזור תעשייה אכזיב מילואות,visit_type,שיחת טלפון,5
2026-07-30T17:17:58,62,אף אוזן גרון,אזור תעשייה אכזיב מילואות,language,איטלקית,6
2026-07-30T17:17:58,62,אף אוזן גרון,אזור תעשייה אכזיב מילואות,language,אנגלית,52
2026-07-30T17:17:58,62,אף אוזן גרון,אזור תעשייה אכזיב מילואות,language,גרמנית,6
2026-07-30T17:17:58,62,אף אוזן גרון,אזור תעשייה אכזיב מילואות,language,הולנדית,1
2026-07-30T17:17:58,62,אף אוזן גרון,אזור תעשייה אכזיב מילואות,language,הונגרית,1
2026-07-30T17:17:58,62,אף אוזן גרון,אזור תעשייה אכזיב מילואות,language,ספרדית,2
2026-07-30T17:17:58,62,אף אוזן גרון,אזור תעשייה אכזיב מילואות,language,עברית,76
2026-07-30T17:17:58,62,אף אוזן גרון,אזור תעשייה אכזיב מילואות,language,ערבית,51
2026-07-30T17:17:58,62,אף אוזן גרון,אזור תעשייה אכזיב מילואות,language,צרפתית,1
2026-07-30T17:17:58,62,אף אוזן גרון,אזור תעשייה אכזיב מילואות,language,רומנית,7
2026-07-30T17:17:58,62,אף אוזן גרון,אזור תעשייה אכזיב מילואות,language,רוסית,16
2026-07-30T17:18:12,62,אף אוזן גרון,אטרש,gender,גבר,38
2026-07-30T17:18:12,62,אף אוזן גרון,אטרש,gender,אישה,6
2026-07-30T17:18:12,62,אף אוזן גרון,אטרש,visit_type,ביקור במרפאה,47
2026-07-30T17:18:12,62,אף אוזן גרון,אטרש,language,אוקראינית,1
2026-07-30T17:18:12,62,אף אוזן גרון,אטרש,language,אידיש,3
2026-07-30T17:18:12,62,אף אוזן גרון,אטרש,language,אנגלית,3
2026-07-30T17:18:12,62,אף אוזן גרון,אטרש,language,הונגרית,1
2026-07-30T17:18:12,62,אף אוזן גרון,אטרש,language,ספרדית,3
2026-07-30T17:18:12,62,אף אוזן גרון,אטרש,language,עברית,10
2026-07-30T17:18:12,62,אף אוזן גרון,אטרש,language,ערבית,4
2026-07-30T17:18:12,62,אף אוזן גרון,אטרש,language,צכית,1
2026-07-30T17:18:12,62,אף אוזן גרון,אטרש,language,רוסית,1
2026-07-30T17:18:21,62,אף אוזן גרון,אילת,gender,גבר,1
2026-07-30T17:18:21,62,אף אוזן גרון,אילת,visit_type,ביקור במרפאה,4
2026-07-30T17:18:21,62,אף אוזן גרון,אילת,language,אנגלית,1
2026-07-30T17:18:21,62,אף אוזן גרון,אילת,language,עברית,1
2026-07-30T17:18:21,62,אף אוזן גרון,אילת,language,פרסית,1
2026-07-30T17:18:21,62,אף אוזן גרון,אילת,language,צרפתית,1
2026-07-30T17:18:22,62,אף אוזן גרון,אל ערוב,gender,גבר,36
2026-07-30T17:18:22,62,אף אוזן גרון,אל ערוב,gender,אישה,4
2026-07-30T17:18:22,62,אף אוזן גרון,אל ערוב,visit_type,ביקור במרפאה,41
2026-07-30T17:18:22,62,אף אוזן גרון,אל ערוב,language,אידיש,4
2026-07-30T17:18:22,62,אף אוזן גרון,אל ערוב,language,איטלקית,1
2026-07-30T17:18:22,62,אף אוזן גרון,אל ערוב,language,אנגלית,10
2026-07-30T17:18:22,62,אף אוזן גרון,אל ערוב,language,עברית,10
2026-07-30T17:18:22,62,אף אוזן גרון,אל ערוב,language,ערבית,4
2026-07-30T17:18:22,62,אף אוזן גרון,אל ערוב,language,רוסית,4
2026-07-30T17:18:31,62,אף אוזן גרון,אפיניש,gender,גבר,38
2026-07-30T17:18:31,62,אף אוזן גרון,אפיניש,gender,אישה,6
2026-07-30T17:18:31,62,אף אוזן גרון,אפיניש,visit_type,ביקור במרפאה,47
2026-07-30T17:18:31,62,אף אוזן גרון,אפיניש,language,אוקראינית,1
2026-07-30T17:18:31,62,אף אוזן גרון,אפיניש,language,אידיש,3
2026-07-30T17:18:31,62,אף אוזן גרון,אפיניש,language,אנגלית,3
2026-07-30T17:18:31,62,אף אוזן גרון,אפיניש,language,הונגרית,1
2026-07-30T17:18:31,62,אף אוזן גרון,אפיניש,language,ספרדית,3
2026-07-30T17:18:31,62,אף אוזן גרון,אפיניש,language,עברית,10
2026-07-30T17:18:31,62,אף אוזן גרון,אפיניש,language,ערבית,4
2026-07-30T17:18:31,62,אף אוזן גרון,אפיניש,language,צכית,1
2026-07-30T17:18:31,62,אף אוזן גרון,אפיניש,language,רוסית,1
2026-07-30T17:18:42,62,אף אוזן גרון,ארסוף,gender,גבר,48
2026-07-30T17:18:42,62,אף אוזן גרון,ארסוף,gender,אישה,14
2026-07-30T17:18:42,62,אף אוזן גרון,ארסוף,visit_type,ביקור במרפאה,67
2026-07-30T17:18:42,62,אף אוזן גרון,ארסוף,visit_type,שיחת טלפון,1
2026-07-30T17:18:42,62,אף אוזן גרון,ארסוף,language,אוקראינית,1
2026-07-30T17:18:42,62,אף אוזן גרון,ארסוף,language,אידיש,4
2026-07-30T17:18:42,62,אף אוזן גרון,ארסוף,language,איטלקית,1
2026-07-30T17:18:42,62,אף אוזן גרון,ארסוף,language,אנגלית,12
2026-07-30T17:18:42,62,אף אוזן גרון,ארסוף,language,גרמנית,1
2026-07-30T17:18:42,62,אף אוזן גרון,ארסוף,language,עברית,16
2026-07-30T17:18:42,62,אף אוזן גרון,ארסוף,language,ערבית,3
2026-07-30T17:18:42,62,אף אוזן גרון,ארסוף,language,רומנית,2
2026-07-30T17:18:42,62,אף אוזן גרון,ארסוף,language,רוסית,6
2026-07-30T17:18:54,62,אף אוזן גרון,אשקלון,gender,גבר,32
2026-07-30T17:18:54,62,אף אוזן גרון,אשקלון,gender,אישה,3
2026-07-30T17:18:54,62,אף אוזן גרון,אשקלון,visit_type,ביקור במרפאה,41
2026-07-30T17:18:54,62,אף אוזן גרון,אשקלון,language,אוקראינית,1
2026-07-30T17:18:54,62,אף אוזן גרון,אשקלון,language,אנגלית,3
2026-07-30T17:18:54,62,אף אוזן גרון,אשקלון,language,הונגרית,1
2026-07-30T17:18:54,62,אף אוזן גרון,אשקלון,language,עברית,4
2026-07-30T17:18:54,62,אף אוזן גרון,אשקלון,language,ערבית,1
2026-07-30T17:18:54,62,אף אוזן גרון,אשקלון,language,צכית,1
2026-07-30T17:18:54,62,אף אוזן גרון,אשקלון,language,רוסית,1
2026-07-30T17:19:04,62,אף אוזן גרון,בארות יצחק,gender,גבר,34
2026-07-30T17:19:04,62,אף אוזן גרון,בארות יצחק,gender,אישה,20
2026-07-30T17:19:04,62,אף אוזן גרון,בארות יצחק,visit_type,ביקור במרפאה,59
2026-07-30T17:19:04,62,אף אוזן גרון,בארות יצחק,visit_type,שיחת טלפון,1
2026-07-30T17:19:04,62,אף אוזן גרון,בארות יצחק,language,אוקראינית,1
2026-07-30T17:19:04,62,אף אוזן גרון,בארות יצחק,language,אידיש,1
2026-07-30T17:19:04,62,אף אוזן גרון,בארות יצחק,language,איטלקית,1
2026-07-30T17:19:04,62,אף אוזן גרון,בארות יצחק,language,אנגלית,18
2026-07-30T17:19:04,62,אף אוזן גרון,בארות יצחק,language,גרמנית,1
2026-07-30T17:19:04,62,אף אוזן גרון,בארות יצחק,language,ספרדית,2
2026-07-30T17:19:04,62,אף אוזן גרון,בארות יצחק,language,עברית,44
2026-07-30T17:19:04,62,אף אוזן גרון,בארות יצחק,language,ערבית,3
2026-07-30T17:19:04,62,אף אוזן גרון,בארות יצחק,language,רומנית,1
2026-07-30T17:19:04,62,אף אוזן גרון,בארות יצחק,language,רוסית,11
2026-07-30T17:19:15,62,אף אוזן גרון,בורין,gender,גבר,48
2026-07-30T17:19:15,62,אף אוזן גרון,בורין,gender,אישה,14
2026-07-30T17:19:15,62,אף אוזן גרון,בורין,visit_type,ביקור במרפאה,67
2026-07-30T17:19:15,62,אף אוזן גרון,בורין,visit_type,שיחת טלפון,1
2026-07-30T17:19:15,62,אף אוזן גרון,בורין,language,אוקראינית,1
2026-07-30T17:19:15,62,אף אוזן גרון,בורין,language,אידיש,4
2026-07-30T17:19:15,62,אף אוזן גרון,בורין,language,איטלקית,1
2026-07-30T17:19:15,62,אף אוזן גרון,בורין,language,אנגלית,12
2026-07-30T17:19:15,62,אף אוזן גרון,בורין,language,גרמנית,1
2026-07-30T17:19:15,62,אף אוזן גרון,בורין,language,עברית,16
2026-07-30T17:19:15,62,אף אוזן גרון,בורין,language,ערבית,3
2026-07-30T17:19:15,62,אף אוזן גרון,בורין,language,רומנית,2
2026-07-30T17:19:15,62,אף אוזן גרון,בורין,language,רוסית,6
2026-07-30T17:19:25,62,אף אוזן גרון,ביצרון,gender,גבר,21
2026-07-30T17:19:25,62,אף אוזן גרון,ביצרון,gender,אישה,2
2026-07-30T17:19:25,62,אף אוזן גרון,ביצרון,visit_type,ביקור במרפאה,27
2026-07-30T17:19:25,62,אף אוזן גרון,ביצרון,language,איטלקית,1
2026-07-30T17:19:25,62,אף אוזן גרון,ביצרון,language,אנגלית,8
2026-07-30T17:19:25,62,אף אוזן גרון,ביצרון,language,ספרדית,1
2026-07-30T17:19:25,62,אף אוזן גרון,ביצרון,language,עברית,10
2026-07-30T17:19:25,62,אף אוזן גרון,ביצרון,language,צרפתית,2
2026-07-30T17:19:25,62,אף אוזן גרון,ביצרון,language,רוסית,4
2026-07-30T17:19:31,62,אף אוזן גרון,בני דרור,gender,גבר,48
2026-07-30T17:19:31,62,אף אוזן גרון,בני דרור,gender,אישה,14
2026-07-30T17:19:31,62,אף אוזן גרון,בני דרור,visit_type,ביקור במרפאה,67
2026-07-30T17:19:31,62,אף אוזן גרון,בני דרור,visit_type,שיחת טלפון,1
2026-07-30T17:19:31,62,אף אוזן גרון,בני דרור,language,אוקראינית,1
2026-07-30T17:19:31,62,אף אוזן גרון,בני דרור,language,אידיש,4
2026-07-30T17:19:31,62,אף אוזן גרון,בני דרור,language,איטלקית,1
2026-07-30T17:19:31,62,אף אוזן גרון,בני דרור,language,אנגלית,12
2026-07-30T17:19:31,62,אף אוזן גרון,בני דרור,language,גרמנית,1
2026-07-30T17:19:31,62,אף אוזן גרון,בני דרור,language,עברית,16
2026-07-30T17:19:31,62,אף אוזן גרון,בני דרור,language,ערבית,3
2026-07-30T17:19:31,62,אף אוזן גרון,בני דרור,language,רומנית,2
2026-07-30T17:19:31,62,אף אוזן גרון,בני דרור,language,רוסית,6
2026-07-30T17:19:41,62,אף אוזן גרון,בצת,gender,גבר,35
2026-07-30T17:19:41,62,אף אוזן גרון,בצת,gender,אישה,3
2026-07-30T17:19:41,62,אף אוזן גרון,בצת,visit_type,ביקור במרפאה,38
2026-07-30T17:19:41,62,אף אוזן גרון,בצת,visit_type,שיחת טלפון,1
2026-07-30T17:19:41,62,אף אוזן גרון,בצת,language,איטלקית,5
2026-07-30T17:19:41,62,אף אוזן גרון,בצת,language,אנגלית,29
2026-07-30T17:19:41,62,אף אוזן גרון,בצת,language,גרמנית,2
2026-07-30T17:19:41,62,אף אוזן גרון,בצת,language,הולנדית,1
2026-07-30T17:19:41,62,אף אוזן גרון,בצת,language,ספרדית,1
2026-07-30T17:19:41,62,אף אוזן גרון,בצת,language,עברית,38
2026-07-30T17:19:41,62,אף אוזן גרון,בצת,language,ערבית,34
2026-07-30T17:19:41,62,אף אוזן גרון,בצת,language,צרפתית,1
2026-07-30T17:19:41,62,אף אוזן גרון,בצת,language,רומנית,7
2026-07-30T17:19:41,62,אף אוזן גרון,בצת,language,רוסית,5
2026-07-30T17:19:47,62,אף אוזן גרון,ברכה,gender,גבר,48
2026-07-30T17:19:47,62,אף אוזן גרון,ברכה,gender,אישה,14
2026-07-30T17:19:47,62,אף אוזן גרון,ברכה,visit_type,ביקור במרפאה,67
2026-07-30T17:19:47,62,אף אוזן גרון,ברכה,visit_type,שיחת טלפון,1
2026-07-30T17:19:47,62,אף אוזן גרון,ברכה,language,אוקראינית,1
2026-07-30T17:19:47,62,אף אוזן גרון,ברכה,language,אידיש,4
2026-07-30T17:19:47,62,אף אוזן גרון,ברכה,language,איטלקית,1
2026-07-30T17:19:47,62,אף אוזן גרון,ברכה,language,אנגלית,12
2026-07-30T17:19:47,62,אף אוזן גרון,ברכה,language,גרמנית,1
2026-07-30T17:19:47,62,אף אוזן גרון,ברכה,language,עברית,16
2026-07-30T17:19:47,62,אף אוזן גרון,ברכה,language,ערבית,3
2026-07-30T17:19:47,62,אף אוזן גרון,ברכה,language,רומנית,2
2026-07-30T17:19:47,62,אף אוזן גרון,ברכה,language,רוסית,6
2026-07-30T17:19:58,62,אף אוזן גרון,ג'אלוד,gender,גבר,36
2026-07-30T17:19:58,62,אף אוזן גרון,ג'אלוד,gender,אישה,4
2026-07-30T17:19:58,62,אף אוזן גרון,ג'אלוד,visit_type,ביקור במרפאה,41
2026-07-30T17:19:58,62,אף אוזן גרון,ג'אלוד,language,אידיש,4
2026-07-30T17:19:58,62,אף אוזן גרון,ג'אלוד,language,איטלקית,1
2026-07-30T17:19:58,62,אף אוזן גרון,ג'אלוד,language,אנגלית,10
2026-07-30T17:19:58,62,אף אוזן גרון,ג'אלוד,language,עברית,10
2026-07-30T17:19:58,62,אף אוזן גרון,ג'אלוד,language,ערבית,4
2026-07-30T17:19:58,62,אף אוזן גרון,ג'אלוד,language,רוסית,4
2026-07-30T17:20:05,62,אף אוזן גרון,גבע בנימין,gender,גבר,36
2026-07-30T17:20:05,62,אף אוזן גרון,גבע בנימין,gender,אישה,4
2026-07-30T17:20:05,62,אף אוזן גרון,גבע בנימין,visit_type,ביקור במרפאה,41
2026-07-30T17:20:05,62,אף אוזן גרון,גבע בנימין,language,אידיש,4
2026-07-30T17:20:05,62,אף אוזן גרון,גבע בנימין,language,איטלקית,1
2026-07-30T17:20:05,62,אף אוזן גרון,גבע בנימין,language,אנגלית,10
2026-07-30T17:20:05,62,אף אוזן גרון,גבע בנימין,language,עברית,10
2026-07-30T17:20:05,62,אף אוזן גרון,גבע בנימין,language,ערבית,4
2026-07-30T17:20:05,62,אף אוזן גרון,גבע בנימין,language,רוסית,4
2026-07-30T17:20:12,62,אף אוזן גרון,גדרה,gender,גבר,21
2026-07-30T17:20:12,62,אף אוזן גרון,גדרה,gender,אישה,2
2026-07-30T17:20:12,62,אף אוזן גרון,גדרה,visit_type,ביקור במרפאה,27
2026-07-30T17:20:12,62,אף אוזן גרון,גדרה,language,איטלקית,1
2026-07-30T17:20:12,62,אף אוזן גרון,גדרה,language,אנגלית,8
2026-07-30T17:20:12,62,אף אוזן גרון,גדרה,language,ספרדית,1
2026-07-30T17:20:12,62,אף אוזן גרון,גדרה,language,עברית,10
2026-07-30T17:20:12,62,אף אוזן גרון,גדרה,language,צרפתית,2
2026-07-30T17:20:12,62,אף אוזן גרון,גדרה,language,רוסית,4
2026-07-30T17:20:20,62,אף אוזן גרון,גילת,gender,גבר,50
2026-07-30T17:20:20,62,אף אוזן גרון,גילת,gender,אישה,7
2026-07-30T17:20:20,62,אף אוזן גרון,גילת,visit_type,ביקור במרפאה,63
2026-07-30T17:20:20,62,אף אוזן גרון,גילת,language,אוקראינית,1
2026-07-30T17:20:20,62,אף אוזן גרון,גילת,language,אידיש,3
2026-07-30T17:20:20,62,אף אוזן גרון,גילת,language,אנגלית,3
2026-07-30T17:20:20,62,אף אוזן גרון,גילת,language,הונגרית,1
2026-07-30T17:20:20,62,אף אוזן גרון,גילת,language,ספרדית,3
2026-07-30T17:20:20,62,אף אוזן גרון,גילת,language,עברית,11
2026-07-30T17:20:20,62,אף אוזן גרון,גילת,language,ערבית,5
2026-07-30T17:20:20,62,אף אוזן גרון,גילת,language,צכית,1
2026-07-30T17:20:20,62,אף אוזן גרון,גילת,language,רוסית,1
2026-07-30T17:20:33,62,אף אוזן גרון,גמזו,gender,גבר,22
2026-07-30T17:20:33,62,אף אוזן גרון,גמזו,gender,אישה,1
2026-07-30T17:20:33,62,אף אוזן גרון,גמזו,visit_type,ביקור במרפאה,32
2026-07-30T17:20:33,62,אף אוזן גרון,גמזו,language,איטלקית,1
2026-07-30T17:20:33,62,אף אוזן גרון,גמזו,language,אנגלית,9
2026-07-30T17:20:33,62,אף אוזן גרון,גמזו,language,עברית,14
2026-07-30T17:20:33,62,אף אוזן גרון,גמזו,language,ערבית,2
2026-07-30T17:20:33,62,אף אוזן גרון,גמזו,language,צרפתית,1
2026-07-30T17:20:33,62,אף אוזן גרון,גמזו,language,רוסית,4
2026-07-30T17:20:39,62,אף אוזן גרון,געתון,gender,גבר,35
2026-07-30T17:20:39,62,אף אוזן גרון,געתון,gender,אישה,3
2026-07-30T17:20:39,62,אף אוזן גרון,געתון,visit_type,ביקור במרפאה,38
2026-07-30T17:20:39,62,אף אוזן גרון,געתון,visit_type,שיחת טלפון,1
2026-07-30T17:20:39,62,אף אוזן גרון,געתון,language,איטלקית,5
2026-07-30T17:20:39,62,אף אוזן גרון,געתון,language,אנגלית,29
2026-07-30T17:20:39,62,אף אוזן גרון,געתון,language,גרמנית,2
2026-07-30T17:20:39,62,אף אוזן גרון,געתון,language,הולנדית,1
2026-07-30T17:20:39,62,אף אוזן גרון,געתון,language,ספרדית,1
2026-07-30T17:20:39,62,אף אוזן גרון,געתון,language,עברית,38
2026-07-30T17:20:39,62,אף אוזן גרון,געתון,language,ערבית,34
2026-07-30T17:20:39,62,אף אוזן גרון,געתון,language,צרפתית,1
2026-07-30T17:20:39,62,אף אוזן גרון,געתון,language,רומנית,7
2026-07-30T17:20:39,62,אף אוזן גרון,געתון,language,רוסית,5
2026-07-30T17:20:46,62,אף אוזן גרון,דבוריה,gender,גבר,86
2026-07-30T17:20:46,62,אף אוזן גרון,דבוריה,gender,אישה,8
2026-07-30T17:20:46,62,אף אוזן גרון,דבוריה,visit_type,ביקור במרפאה,95
2026-07-30T17:20:46,62,אף אוזן גרון,דבוריה,language,אנגלית,17
2026-07-30T17:20:46,62,אף אוזן גרון,דבוריה,language,ספרדית,1
2026-07-30T17:20:46,62,אף אוזן גרון,דבוריה,language,עברית,23
2026-07-30T17:20:46,62,אף אוזן גרון,דבוריה,language,ערבית,19
2026-07-30T17:20:46,62,אף אוזן גרון,דבוריה,language,רוסית,5
2026-07-30T17:21:03,62,אף אוזן גרון,דומא במרכז שומרון,gender,גבר,50
2026-07-30T17:21:03,62,אף אוזן גרון,דומא במרכז שומרון,gender,אישה,7
2026-07-30T17:21:03,62,אף אוזן גרון,דומא במרכז שומרון,visit_type,ביקור במרפאה,63
2026-07-30T17:21:03,62,אף אוזן גרון,דומא במרכז שומרון,language,אוקראינית,1
2026-07-30T17:21:03,62,אף אוזן גרון,דומא במרכז שומרון,language,אידיש,3
2026-07-30T17:21:03,62,אף אוזן גרון,דומא במרכז שומרון,language,אנגלית,3
2026-07-30T17:21:03,62,אף אוזן גרון,דומא במרכז שומרון,language,הונגרית,1
2026-07-30T17:21:03,62,אף אוזן גרון,דומא במרכז שומרון,language,ספרדית,3
2026-07-30T17:21:03,62,אף אוזן גרון,דומא במרכז שומרון,language,עברית,11
2026-07-30T17:21:03,62,אף אוזן גרון,דומא במרכז שומרון,language,ערבית,5
2026-07-30T17:21:03,62,אף אוזן גרון,דומא במרכז שומרון,language,צכית,1
2026-07-30T17:21:03,62,אף אוזן גרון,דומא במרכז שומרון,language,רוסית,1
2026-07-30T17:21:16,62,אף אוזן גרון,דיר א סודאן,gender,גבר,26
2026-07-30T17:21:16,62,אף אוזן גרון,דיר א סודאן,gender,אישה,10
2026-07-30T17:21:16,62,אף אוזן גרון,דיר א סודאן,visit_type,ביקור במרפאה,38
2026-07-30T17:21:16,62,אף אוזן גרון,דיר א סודאן,visit_type,שיחת טלפון,1
2026-07-30T17:21:16,62,אף אוזן גרון,דיר א סודאן,language,אנגלית,14
2026-07-30T17:21:16,62,אף אוזן גרון,דיר א סודאן,language,ספרדית,2
2026-07-30T17:21:16,62,אף אוזן גרון,דיר א סודאן,language,עברית,37
2026-07-30T17:21:16,62,אף אוזן גרון,דיר א סודאן,language,ערבית,2
2026-07-30T17:21:16,62,אף אוזן גרון,דיר א סודאן,language,רוסית,9
2026-07-30T17:21:24,62,אף אוזן גרון,דפנה,gender,גבר,54
2026-07-30T17:21:24,62,אף אוזן גרון,דפנה,gender,אישה,5
2026-07-30T17:21:24,62,אף אוזן גרון,דפנה,visit_type,ביקור במרפאה,59
2026-07-30T17:21:24,62,אף אוזן גרון,דפנה,language,אנגלית,11
2026-07-30T17:21:24,62,אף אוזן גרון,דפנה,language,עברית,14
2026-07-30T17:21:24,62,אף אוזן גרון,דפנה,language,ערבית,14
2026-07-30T17:21:24,62,אף אוזן גרון,דפנה,language,רוסית,2
2026-07-30T17:21:34,62,אף אוזן גרון,הודיות מוסד חינוכי,gender,גבר,54
2026-07-30T17:21:34,62,אף אוזן גרון,הודיות מוסד חינוכי,gender,אישה,5
2026-07-30T17:21:34,62,אף אוזן גרון,הודיות מוסד חינוכי,visit_type,ביקור במרפאה,59
2026-07-30T17:21:34,62,אף אוזן גרון,הודיות מוסד חינוכי,language,אנגלית,11
2026-07-30T17:21:34,62,אף אוזן גרון,הודיות מוסד חינוכי,language,עברית,14
2026-07-30T17:21:34,62,אף אוזן גרון,הודיות מוסד חינוכי,language,ערבית,14
2026-07-30T17:21:34,62,אף אוזן גרון,הודיות מוסד חינוכי,language,רוסית,2
2026-07-30T17:21:44,62,אף אוזן גרון,המרכז האקדמי רופין,gender,גבר,48
2026-07-30T17:21:44,62,אף אוזן גרון,המרכז האקדמי רופין,gender,אישה,14
2026-07-30T17:21:44,62,אף אוזן גרון,המרכז האקדמי רופין,visit_type,ביקור במרפאה,67
2026-07-30T17:21:44,62,אף אוזן גרון,המרכז האקדמי רופין,visit_type,שיחת טלפון,1
2026-07-30T17:21:44,62,אף אוזן גרון,המרכז האקדמי רופין,language,אוקראינית,1
2026-07-30T17:21:44,62,אף אוזן גרון,המרכז האקדמי רופין,language,אידיש,4
2026-07-30T17:21:44,62,אף אוזן גרון,המרכז האקדמי רופין,language,איטלקית,1
2026-07-30T17:21:44,62,אף אוזן גרון,המרכז האקדמי רופין,language,אנגלית,12
2026-07-30T17:21:44,62,אף אוזן גרון,המרכז האקדמי רופין,language,גרמנית,1
2026-07-30T17:21:44,62,אף אוזן גרון,המרכז האקדמי רופין,language,עברית,16
2026-07-30T17:21:44,62,אף אוזן גרון,המרכז האקדמי רופין,language,ערבית,3
2026-07-30T17:21:44,62,אף אוזן גרון,המרכז האקדמי רופין,language,רומנית,2
2026-07-30T17:21:44,62,אף אוזן גרון,המרכז האקדמי רופין,language,רוסית,6
2026-07-30T17:21:55,62,אף אוזן גרון,ורד הגליל,gender,גבר,54
2026-07-30T17:21:55,62,אף אוזן גרון,ורד הגליל,gender,אישה,5
2026-07-30T17:21:55,62,אף אוזן גרון,ורד הגליל,visit_type,ביקור במרפאה,59
2026-07-30T17:21:55,62,אף אוזן גרון,ורד הגליל,language,אנגלית,11
2026-07-30T17:21:55,62,אף אוזן גרון,ורד הגליל,language,עברית,14
2026-07-30T17:21:55,62,אף אוזן גרון,ורד הגליל,language,ערבית,14
2026-07-30T17:21:55,62,אף אוזן גרון,ורד הגליל,language,רוסית,2
2026-07-30T17:22:05,62,אף אוזן גרון,זוואתא,gender,גבר,48
2026-07-30T17:22:05,62,אף אוזן גרון,זוואתא,gender,אישה,14
2026-07-30T17:22:05,62,אף אוזן גרון,זוואתא,visit_type,ביקור במרפאה,67
2026-07-30T17:22:05,62,אף אוזן גרון,זוואתא,visit_type,שיחת טלפון,1
2026-07-30T17:22:05,62,אף אוזן גרון,זוואתא,language,אוקראינית,1
2026-07-30T17:22:05,62,אף אוזן גרון,זוואתא,language,אידיש,4
2026-07-30T17:22:05,62,אף אוזן גרון,זוואתא,language,איטלקית,1
2026-07-30T17:22:05,62,אף אוזן גרון,זוואתא,language,אנגלית,12
2026-07-30T17:22:05,62,אף אוזן גרון,זוואתא,language,גרמנית,1
2026-07-30T17:22:05,62,אף אוזן גרון,זוואתא,language,עברית,16
2026-07-30T17:22:05,62,אף אוזן גרון,זוואתא,language,ערבית,3
2026-07-30T17:22:05,62,אף אוזן גרון,זוואתא,language,רומנית,2
2026-07-30T17:22:05,62,אף אוזן גרון,זוואתא,language,רוסית,6
2026-07-30T17:22:15,62,אף אוזן גרון,זנוח,gender,גבר,36
2026-07-30T17:22:15,62,אף אוזן גרון,זנוח,gender,אישה,4
2026-07-30T17:22:15,62,אף אוזן גרון,זנוח,visit_type,ביקור במרפאה,41
2026-07-30T17:22:15,62,אף אוזן גרון,זנוח,language,אידיש,4
2026-07-30T17:22:15,62,אף אוזן גרון,זנוח,language,איטלקית,1
2026-07-30T17:22:15,62,אף אוזן גרון,זנוח,language,אנגלית,10
2026-07-30T17:22:15,62,אף אוזן גרון,זנוח,language,עברית,10
2026-07-30T17:22:15,62,אף אוזן גרון,זנוח,language,ערבית,4
2026-07-30T17:22:15,62,אף אוזן גרון,זנוח,language,רוסית,4
2026-07-30T17:22:24,62,אף אוזן גרון,חבר,gender,גבר,86
2026-07-30T17:22:24,62,אף אוזן גרון,חבר,gender,אישה,8
2026-07-30T17:22:24,62,אף אוזן גרון,חבר,visit_type,ביקור במרפאה,95
2026-07-30T17:22:24,62,אף אוזן גרון,חבר,language,אנגלית,17
2026-07-30T17:22:24,62,אף אוזן גרון,חבר,language,ספרדית,1
2026-07-30T17:22:24,62,אף אוזן גרון,חבר,language,עברית,23
2026-07-30T17:22:24,62,אף אוזן גרון,חבר,language,ערבית,19
2026-07-30T17:22:24,62,אף אוזן גרון,חבר,language,רוסית,5
2026-07-30T17:22:38,62,אף אוזן גרון,חולדה,gender,גבר,22
2026-07-30T17:22:38,62,אף אוזן גרון,חולדה,gender,אישה,1
2026-07-30T17:22:38,62,אף אוזן גרון,חולדה,visit_type,ביקור במרפאה,32
2026-07-30T17:22:38,62,אף אוזן גרון,חולדה,language,איטלקית,1
2026-07-30T17:22:38,62,אף אוזן גרון,חולדה,language,אנגלית,9
2026-07-30T17:22:38,62,אף אוזן גרון,חולדה,language,עברית,14
2026-07-30T17:22:38,62,אף אוזן גרון,חולדה,language,ערבית,2
2026-07-30T17:22:38,62,אף אוזן גרון,חולדה,language,צרפתית,1
2026-07-30T17:22:38,62,אף אוזן גרון,חולדה,language,רוסית,4
2026-07-30T17:22:47,62,אף אוזן גרון,חיבת ציון,gender,גבר,67
2026-07-30T17:22:47,62,אף אוזן גרון,חיבת ציון,gender,אישה,20
2026-07-30T17:22:47,62,אף אוזן גרון,חיבת ציון,visit_type,ביקור במרפאה,92
2026-07-30T17:22:47,62,אף אוזן גרון,חיבת ציון,visit_type,שיחת טלפון,1
2026-07-30T17:22:47,62,אף אוזן גרון,חיבת ציון,language,אוקראינית,1
2026-07-30T17:22:47,62,אף אוזן גרון,חיבת ציון,language,אידיש,4
2026-07-30T17:22:47,62,אף אוזן גרון,חיבת ציון,language,איטלקית,1
2026-07-30T17:22:47,62,אף אוזן גרון,חיבת ציון,language,אנגלית,19
2026-07-30T17:22:47,62,אף אוזן גרון,חיבת ציון,language,גרמנית,1
2026-07-30T17:22:47,62,אף אוזן גרון,חיבת ציון,language,ספרדית,1
2026-07-30T17:22:47,62,אף אוזן גרון,חיבת ציון,language,עברית,26
2026-07-30T17:22:47,62,אף אוזן גרון,חיבת ציון,language,ערבית,9
2026-07-30T17:22:47,62,אף אוזן גרון,חיבת ציון,language,רומנית,2
2026-07-30T17:22:47,62,אף אוזן גרון,חיבת ציון,language,רוסית,9
2026-07-30T17:23:01,62,אף אוזן גרון,חמדת,gender,גבר,36
2026-07-30T17:23:01,62,אף אוזן גרון,חמדת,gender,אישה,4
2026-07-30T17:23:01,62,אף אוזן גרון,חמדת,visit_type,ביקור במרפאה,41
2026-07-30T17:23:01,62,אף אוזן גרון,חמדת,language,אידיש,4
2026-07-30T17:23:01,62,אף אוזן גרון,חמדת,language,איטלקית,1
2026-07-30T17:23:01,62,אף אוזן גרון,חמדת,language,אנגלית,10
2026-07-30T17:23:01,62,אף אוזן גרון,חמדת,language,עברית,10
2026-07-30T17:23:01,62,אף אוזן גרון,חמדת,language,ערבית,4
2026-07-30T17:23:01,62,אף אוזן גרון,חמדת,language,רוסית,4
2026-07-30T17:23:08,62,אף אוזן גרון,חצור אשדוד,gender,גבר,21
2026-07-30T17:23:08,62,אף אוזן גרון,חצור אשדוד,gender,אישה,2
2026-07-30T17:23:08,62,אף אוזן גרון,חצור אשדוד,visit_type,ביקור במרפאה,27
2026-07-30T17:23:08,62,אף אוזן גרון,חצור אשדוד,language,איטלקית,1
2026-07-30T17:23:08,62,אף אוזן גרון,חצור אשדוד,language,אנגלית,8
2026-07-30T17:23:08,62,אף אוזן גרון,חצור אשדוד,language,ספרדית,1
2026-07-30T17:23:08,62,אף אוזן גרון,חצור אשדוד,language,עברית,10
2026-07-30T17:23:08,62,אף אוזן גרון,חצור אשדוד,language,צרפתית,2
2026-07-30T17:23:08,62,אף אוזן גרון,חצור אשדוד,language,רוסית,4
2026-07-30T17:23:14,62,אף אוזן גרון,טבריה,gender,גבר,54
2026-07-30T17:23:14,62,אף אוזן גרון,טבריה,gender,אישה,5
2026-07-30T17:23:14,62,אף אוזן גרון,טבריה,visit_type,ביקור במרפאה,59
2026-07-30T17:23:14,62,אף אוזן גרון,טבריה,language,אנגלית,11
2026-07-30T17:23:14,62,אף אוזן גרון,טבריה,language,עברית,14
2026-07-30T17:23:14,62,אף אוזן גרון,טבריה,language,ערבית,14
2026-07-30T17:23:14,62,אף אוזן גרון,טבריה,language,רוסית,2
2026-07-30T17:23:24,62,אף אוזן גרון,טירת יהודה,gender,גבר,34
2026-07-30T17:23:24,62,אף אוזן גרון,טירת יהודה,gender,אישה,20
2026-07-30T17:23:24,62,אף אוזן גרון,טירת יהודה,visit_type,ביקור במרפאה,59
2026-07-30T17:23:24,62,אף אוזן גרון,טירת יהודה,visit_type,שיחת טלפון,1
2026-07-30T17:23:24,62,אף אוזן גרון,טירת יהודה,language,אוקראינית,1
2026-07-30T17:23:24,62,אף אוזן גרון,טירת יהודה,language,אידיש,1
2026-07-30T17:23:24,62,אף אוזן גרון,טירת יהודה,language,איטלקית,1
2026-07-30T17:23:24,62,אף אוזן גרון,טירת יהודה,language,אנגלית,18
2026-07-30T17:23:24,62,אף אוזן גרון,טירת יהודה,language,גרמנית,1
2026-07-30T17:23:24,62,אף אוזן גרון,טירת יהודה,language,ספרדית,2
2026-07-30T17:23:24,62,אף אוזן גרון,טירת יהודה,language,עברית,44
2026-07-30T17:23:24,62,אף אוזן גרון,טירת יהודה,language,ערבית,3
2026-07-30T17:23:24,62,אף אוזן גרון,טירת יהודה,language,רומנית,1
2026-07-30T17:23:24,62,אף אוזן גרון,טירת יהודה,language,רוסית,11
2026-07-30T17:23:35,62,אף אוזן גרון,טמרה יזרעאל,gender,גבר,54
2026-07-30T17:23:35,62,אף אוזן גרון,טמרה יזרעאל,gender,אישה,5
2026-07-30T17:23:35,62,אף אוזן גרון,טמרה יזרעאל,visit_type,ביקור במרפאה,59
2026-07-30T17:23:35,62,אף אוזן גרון,טמרה יזרעאל,language,אנגלית,11
2026-07-30T17:23:35,62,אף אוזן גרון,טמרה יזרעאל,language,עברית,14
2026-07-30T17:23:35,62,אף אוזן גרון,טמרה יזרעאל,language,ערבית,14
2026-07-30T17:23:35,62,אף אוזן גרון,טמרה יזרעאל,language,רוסית,2
2026-07-30T17:23:45,62,אף אוזן גרון,יבנאל,gender,גבר,54
2026-07-30T17:23:45,62,אף אוזן גרון,יבנאל,gender,אישה,5
2026-07-30T17:23:45,62,אף אוזן גרון,יבנאל,visit_type,ביקור במרפאה,59
2026-07-30T17:23:45,62,אף אוזן גרון,יבנאל,language,אנגלית,11
2026-07-30T17:23:45,62,אף אוזן גרון,יבנאל,language,עברית,14
2026-07-30T17:23:45,62,אף אוזן גרון,יבנאל,language,ערבית,14
2026-07-30T17:23:45,62,אף אוזן גרון,יבנאל,language,רוסית,2
2026-07-30T17:23:55,62,אף אוזן גרון,יד רמב''ם,gender,גבר,22
2026-07-30T17:23:55,62,אף אוזן גרון,יד רמב''ם,gender,אישה,1
2026-07-30T17:23:55,62,אף אוזן גרון,יד רמב''ם,visit_type,ביקור במרפאה,32
2026-07-30T17:23:55,62,אף אוזן גרון,יד רמב''ם,language,איטלקית,1
2026-07-30T17:23:55,62,אף אוזן גרון,יד רמב''ם,language,אנגלית,9
2026-07-30T17:23:55,62,אף אוזן גרון,יד רמב''ם,language,עברית,14
2026-07-30T17:23:55,62,אף אוזן גרון,יד רמב''ם,language,ערבית,2
2026-07-30T17:23:55,62,אף אוזן גרון,יד רמב''ם,language,צרפתית,1
2026-07-30T17:23:55,62,אף אוזן גרון,יד רמב''ם,language,רוסית,4
2026-07-30T17:24:02,62,אף אוזן גרון,יחיעם,gender,גבר,35
2026-07-30T17:24:02,62,אף אוזן גרון,יחיעם,gender,אישה,3
2026-07-30T17:24:02,62,אף אוזן גרון,יחיעם,visit_type,ביקור במרפאה,38
2026-07-30T17:24:02,62,אף אוזן גרון,יחיעם,visit_type,שיחת טלפון,1
2026-07-30T17:24:02,62,אף אוזן גרון,יחיעם,language,איטלקית,5
2026-07-30T17:24:02,62,אף אוזן גרון,יחיעם,language,אנגלית,29
2026-07-30T17:24:02,62,אף אוזן גרון,יחיעם,language,גרמנית,2
2026-07-30T17:24:02,62,אף אוזן גרון,יחיעם,language,הולנדית,1
2026-07-30T17:24:02,62,אף אוזן גרון,יחיעם,language,ספרדית,1
2026-07-30T17:24:02,62,אף אוזן גרון,יחיעם,language,עברית,38
2026-07-30T17:24:02,62,אף אוזן גרון,יחיעם,language,ערבית,34
2026-07-30T17:24:02,62,אף אוזן גרון,יחיעם,language,צרפתית,1
2026-07-30T17:24:02,62,אף אוזן גרון,יחיעם,language,רומנית,7
2026-07-30T17:24:02,62,אף אוזן גרון,יחיעם,language,רוסית,5
2026-07-30T17:24:09,62,אף אוזן גרון,יעבד,gender,גבר,48
2026-07-30T17:24:09,62,אף אוזן גרון,יעבד,gender,אישה,14
2026-07-30T17:24:09,62,אף אוזן גרון,יעבד,visit_type,ביקור במרפאה,67
2026-07-30T17:24:09,62,אף אוזן גרון,יעבד,visit_type,שיחת טלפון,1
2026-07-30T17:24:09,62,אף אוזן גרון,יעבד,language,אוקראינית,1
2026-07-30T17:24:09,62,אף אוזן גרון,יעבד,language,אידיש,4
2026-07-30T17:24:09,62,אף אוזן גרון,יעבד,language,איטלקית,1
2026-07-30T17:24:09,62,אף אוזן גרון,יעבד,language,אנגלית,12
2026-07-30T17:24:09,62,אף אוזן גרון,יעבד,language,גרמנית,1
2026-07-30T17:24:09,62,אף אוזן גרון,יעבד,language,עברית,16
2026-07-30T17:24:09,62,אף אוזן גרון,יעבד,language,ערבית,3
2026-07-30T17:24:09,62,אף אוזן גרון,יעבד,language,רומנית,2
2026-07-30T17:24:09,62,אף אוזן גרון,יעבד,language,רוסית,6
2026-07-30T17:24:21,62,אף אוזן גרון,יציץ,gender,גבר,46
2026-07-30T17:24:21,62,אף אוזן גרון,יציץ,gender,אישה,4
2026-07-30T17:24:21,62,אף אוזן גרון,יציץ,visit_type,ביקור במרפאה,62
2026-07-30T17:24:21,62,אף אוזן גרון,יציץ,language,איטלקית,1
2026-07-30T17:24:21,62,אף אוזן גרון,יציץ,language,אנגלית,19
2026-07-30T17:24:21,62,אף אוזן גרון,יציץ,language,ספרדית,1
2026-07-30T17:24:21,62,אף אוזן גרון,יציץ,language,עברית,25
2026-07-30T17:24:21,62,אף אוזן גרון,יציץ,language,ערבית,3
2026-07-30T17:24:21,62,אף אוזן גרון,יציץ,language,צרפתית,2
2026-07-30T17:24:21,62,אף אוזן גרון,יציץ,language,רוסית,7
2026-07-30T17:24:32,62,אף אוזן גרון,יריחו,gender,גבר,36
2026-07-30T17:24:32,62,אף אוזן גרון,יריחו,gender,אישה,4
2026-07-30T17:24:32,62,אף אוזן גרון,יריחו,visit_type,ביקור במרפאה,41
2026-07-30T17:24:32,62,אף אוזן גרון,יריחו,language,אידיש,4
2026-07-30T17:24:32,62,אף אוזן גרון,יריחו,language,איטלקית,1
2026-07-30T17:24:32,62,אף אוזן גרון,יריחו,language,אנגלית,10
2026-07-30T17:24:32,62,אף אוזן גרון,יריחו,language,עברית,10
2026-07-30T17:24:32,62,אף אוזן גרון,יריחו,language,ערבית,4
2026-07-30T17:24:32,62,אף אוזן גרון,יריחו,language,רוסית,4
2026-07-30T17:24:40,62,אף אוזן גרון,כאוכב אבו אל היגא,gender,גבר,47
2026-07-30T17:24:40,62,אף אוזן גרון,כאוכב אבו אל היגא,gender,אישה,8
2026-07-30T17:24:40,62,אף אוזן גרון,כאוכב אבו אל היגא,visit_type,ביקור במרפאה,55
2026-07-30T17:24:40,62,אף אוזן גרון,כאוכב אבו אל היגא,visit_type,שיחת טלפון,2
2026-07-30T17:24:40,62,אף אוזן גרון,כאוכב אבו אל היגא,language,איטלקית,5
2026-07-30T17:24:40,62,אף אוזן גרון,כאוכב אבו אל היגא,language,אנגלית,40
2026-07-30T17:24:40,62,אף אוזן גרון,כאוכב אבו אל היגא,language,גרמנית,4
2026-07-30T17:24:40,62,אף אוזן גרון,כאוכב אבו אל היגא,language,הולנדית,1
2026-07-30T17:24:40,62,אף אוזן גרון,כאוכב אבו אל היגא,language,הונגרית,1
2026-07-30T17:24:40,62,אף אוזן גרון,כאוכב אבו אל היגא,language,ספרדית,1
2026-07-30T17:24:40,62,אף אוזן גרון,כאוכב אבו אל היגא,language,עברית,55
2026-07-30T17:24:40,62,אף אוזן גרון,כאוכב אבו אל היגא,language,ערבית,40
2026-07-30T17:24:40,62,אף אוזן גרון,כאוכב אבו אל היגא,language,צרפתית,1
2026-07-30T17:24:40,62,אף אוזן גרון,כאוכב אבו אל היגא,language,רומנית,7
2026-07-30T17:24:40,62,אף אוזן גרון,כאוכב אבו אל היגא,language,רוסית,10
2026-07-30T17:24:49,62,אף אוזן גרון,כופיראת,gender,גבר,48
2026-07-30T17:24:49,62,אף אוזן גרון,כופיראת,gender,אישה,14
2026-07-30T17:24:49,62,אף אוזן גרון,כופיראת,visit_type,ביקור במרפאה,67
2026-07-30T17:24:49,62,אף אוזן גרון,כופיראת,visit_type,שיחת טלפון,1
2026-07-30T17:24:49,62,אף אוזן גרון,כופיראת,language,אוקראינית,1
2026-07-30T17:24:49,62,אף אוזן גרון,כופיראת,language,אידיש,4
2026-07-30T17:24:49,62,אף אוזן גרון,כופיראת,language,איטלקית,1
2026-07-30T17:24:49,62,אף אוזן גרון,כופיראת,language,אנגלית,12
2026-07-30T17:24:49,62,אף אוזן גרון,כופיראת,language,גרמנית,1
2026-07-30T17:24:49,62,אף אוזן גרון,כופיראת,language,עברית,16
2026-07-30T17:24:49,62,אף אוזן גרון,כופיראת,language,ערבית,3
2026-07-30T17:24:49,62,אף אוזן גרון,כופיראת,language,רומנית,2
2026-07-30T17:24:49,62,אף אוזן גרון,כופיראת,language,רוסית,6
2026-07-30T17:25:01,62,אף אוזן גרון,כליל,gender,גבר,47
2026-07-30T17:25:01,62,אף אוזן גרון,כליל,gender,אישה,8
2026-07-30T17:25:01,62,אף אוזן גרון,כליל,visit_type,ביקור במרפאה,55
2026-07-30T17:25:01,62,אף אוזן גרון,כליל,visit_type,שיחת טלפון,2
2026-07-30T17:25:01,62,אף אוזן גרון,כליל,language,איטלקית,5
2026-07-30T17:25:01,62,אף אוזן גרון,כליל,language,אנגלית,40
2026-07-30T17:25:01,62,אף אוזן גרון,כליל,language,גרמנית,4
2026-07-30T17:25:01,62,אף אוזן גרון,כליל,language,הולנדית,1
2026-07-30T17:25:01,62,אף אוזן גרון,כליל,language,הונגרית,1
2026-07-30T17:25:01,62,אף אוזן גרון,כליל,language,ספרדית,1
2026-07-30T17:25:01,62,אף אוזן גרון,כליל,language,עברית,55
2026-07-30T17:25:01,62,אף אוזן גרון,כליל,language,ערבית,40
2026-07-30T17:25:01,62,אף אוזן גרון,כליל,language,צרפתית,1
2026-07-30T17:25:01,62,אף אוזן גרון,כליל,language,רומנית,7
2026-07-30T17:25:01,62,אף אוזן גרון,כליל,language,רוסית,10
2026-07-30T17:25:11,62,אף אוזן גרון,כעביה טבאש חג'אג'רה,gender,גבר,86
2026-07-30T17:25:11,62,אף אוזן גרון,כעביה טבאש חג'אג'רה,gender,אישה,8
2026-07-30T17:25:11,62,אף אוזן גרון,כעביה טבאש חג'אג'רה,visit_type,ביקור במרפאה,95
2026-07-30T17:25:11,62,אף אוזן גרון,כעביה טבאש חג'אג'רה,language,אנגלית,17
2026-07-30T17:25:11,62,אף אוזן גרון,כעביה טבאש חג'אג'רה,language,ספרדית,1
2026-07-30T17:25:11,62,אף אוזן גרון,כעביה טבאש חג'אג'רה,language,עברית,23
2026-07-30T17:25:11,62,אף אוזן גרון,כעביה טבאש חג'אג'רה,language,ערבית,19
2026-07-30T17:25:11,62,אף אוזן גרון,כעביה טבאש חג'אג'רה,language,רוסית,5
2026-07-30T17:25:26,62,אף אוזן גרון,כפר בן נון,gender,גבר,22
2026-07-30T17:25:26,62,אף אוזן גרון,כפר בן נון,gender,אישה,1
2026-07-30T17:25:26,62,אף אוזן גרון,כפר בן נון,visit_type,ביקור במרפאה,32
2026-07-30T17:25:26,62,אף אוזן גרון,כפר בן נון,language,איטלקית,1
2026-07-30T17:25:26,62,אף אוזן גרון,כפר בן נון,language,אנגלית,9
2026-07-30T17:25:26,62,אף אוזן גרון,כפר בן נון,language,עברית,14
2026-07-30T17:25:26,62,אף אוזן גרון,כפר בן נון,language,ערבית,2
2026-07-30T17:25:26,62,אף אוזן גרון,כפר בן נון,language,צרפתית,1
2026-07-30T17:25:26,62,אף אוזן גרון,כפר בן נון,language,רוסית,4
2026-07-30T17:25:32,62,אף אוזן גרון,כרמי צור,gender,גבר,36
2026-07-30T17:25:32,62,אף אוזן גרון,כרמי צור,gender,אישה,4
2026-07-30T17:25:32,62,אף אוזן גרון,כרמי צור,visit_type,ביקור במרפאה,41
2026-07-30T17:25:32,62,אף אוזן גרון,כרמי צור,language,אידיש,4
2026-07-30T17:25:32,62,אף אוזן גרון,כרמי צור,language,איטלקית,1
2026-07-30T17:25:32,62,אף אוזן גרון,כרמי צור,language,אנגלית,10
2026-07-30T17:25:32,62,אף אוזן גרון,כרמי צור,language,עברית,10
2026-07-30T17:25:32,62,אף אוזן גרון,כרמי צור,language,ערבית,4
2026-07-30T17:25:32,62,אף אוזן גרון,כרמי צור,language,רוסית,4
2026-07-30T17:25:39,62,אף אוזן גרון,לובאן שרקיה,gender,גבר,36
2026-07-30T17:25:39,62,אף אוזן גרון,לובאן שרקיה,gender,אישה,4
2026-07-30T17:25:39,62,אף אוזן גרון,לובאן שרקיה,visit_type,ביקור במרפאה,41
2026-07-30T17:25:39,62,אף אוזן גרון,לובאן שרקיה,language,אידיש,4
2026-07-30T17:25:39,62,אף אוזן גרון,לובאן שרקיה,language,איטלקית,1
2026-07-30T17:25:39,62,אף אוזן גרון,לובאן שרקיה,language,אנגלית,10
2026-07-30T17:25:39,62,אף אוזן גרון,לובאן שרקיה,language,עברית,10
2026-07-30T17:25:39,62,אף אוזן גרון,לובאן שרקיה,language,ערבית,4
2026-07-30T17:25:39,62,אף אוזן גרון,לובאן שרקיה,language,רוסית,4
2026-07-30T17:25:48,62,אף אוזן גרון,לקיה,gender,גבר,38
2026-07-30T17:25:48,62,אף אוזן גרון,לקיה,gender,אישה,6
2026-07-30T17:25:48,62,אף אוזן גרון,לקיה,visit_type,ביקור במרפאה,47
2026-07-30T17:25:48,62,אף אוזן גרון,לקיה,language,אוקראינית,1
2026-07-30T17:25:48,62,אף אוזן גרון,לקיה,language,אידיש,3
2026-07-30T17:25:48,62,אף אוזן גרון,לקיה,language,אנגלית,3
2026-07-30T17:25:48,62,אף אוזן גרון,לקיה,language,הונגרית,1
2026-07-30T17:25:48,62,אף אוזן גרון,לקיה,language,ספרדית,3
2026-07-30T17:25:48,62,אף אוזן גרון,לקיה,language,עברית,10
2026-07-30T17:25:48,62,אף אוזן גרון,לקיה,language,ערבית,4
2026-07-30T17:25:48,62,אף אוזן גרון,לקיה,language,צכית,1
2026-07-30T17:25:48,62,אף אוזן גרון,לקיה,language,רוסית,1
2026-07-30T17:26:00,62,אף אוזן גרון,מבועים,gender,גבר,50
2026-07-30T17:26:00,62,אף אוזן גרון,מבועים,gender,אישה,7
2026-07-30T17:26:00,62,אף אוזן גרון,מבועים,visit_type,ביקור במרפאה,63
2026-07-30T17:26:00,62,אף אוזן גרון,מבועים,language,אוקראינית,1
2026-07-30T17:26:00,62,אף אוזן גרון,מבועים,language,אידיש,3
2026-07-30T17:26:00,62,אף אוזן גרון,מבועים,language,אנגלית,3
2026-07-30T17:26:00,62,אף אוזן גרון,מבועים,language,הונגרית,1
2026-07-30T17:26:00,62,אף אוזן גרון,מבועים,language,ספרדית,3
2026-07-30T17:26:00,62,אף אוזן גרון,מבועים,language,עברית,11
2026-07-30T17:26:00,62,אף אוזן גרון,מבועים,language,ערבית,5
2026-07-30T17:26:00,62,אף אוזן גרון,מבועים,language,צכית,1
2026-07-30T17:26:00,62,אף אוזן גרון,מבועים,language,רוסית,1
2026-07-30T17:26:15,62,אף אוזן גרון,מגדל העמק,gender,גבר,86
2026-07-30T17:26:15,62,אף אוזן גרון,מגדל העמק,gender,אישה,8
2026-07-30T17:26:15,62,אף אוזן גרון,מגדל העמק,visit_type,ביקור במרפאה,95
2026-07-30T17:26:15,62,אף אוזן גרון,מגדל העמק,language,אנגלית,17
2026-07-30T17:26:15,62,אף אוזן גרון,מגדל העמק,language,ספרדית,1
2026-07-30T17:26:15,62,אף אוזן גרון,מגדל העמק,language,עברית,23
2026-07-30T17:26:15,62,אף אוזן גרון,מגדל העמק,language,ערבית,19
2026-07-30T17:26:15,62,אף אוזן גרון,מגדל העמק,language,רוסית,5
2026-07-30T17:26:32,62,אף אוזן גרון,מולדת,gender,גבר,86
2026-07-30T17:26:32,62,אף אוזן גרון,מולדת,gender,אישה,8
2026-07-30T17:26:32,62,אף אוזן גרון,מולדת,visit_type,ביקור במרפאה,95
2026-07-30T17:26:32,62,אף אוזן גרון,מולדת,language,אנגלית,17
2026-07-30T17:26:32,62,אף אוזן גרון,מולדת,language,ספרדית,1
2026-07-30T17:26:32,62,אף אוזן גרון,מולדת,language,עברית,23
2026-07-30T17:26:32,62,אף אוזן גרון,מולדת,language,ערבית,19
2026-07-30T17:26:32,62,אף אוזן גרון,מולדת,language,רוסית,5
2026-07-30T17:26:46,62,אף אוזן גרון,מזרעה,gender,גבר,35
2026-07-30T17:26:46,62,אף אוזן גרון,מזרעה,gender,אישה,3
2026-07-30T17:26:46,62,אף אוזן גרון,מזרעה,visit_type,ביקור במרפאה,38
2026-07-30T17:26:46,62,אף אוזן גרון,מזרעה,visit_type,שיחת טלפון,1
2026-07-30T17:26:46,62,אף אוזן גרון,מזרעה,language,איטלקית,5
2026-07-30T17:26:46,62,אף אוזן גרון,מזרעה,language,אנגלית,29
2026-07-30T17:26:46,62,אף אוזן גרון,מזרעה,language,גרמנית,2
2026-07-30T17:26:46,62,אף אוזן גרון,מזרעה,language,הולנדית,1
2026-07-30T17:26:46,62,אף אוזן גרון,מזרעה,language,ספרדית,1
2026-07-30T17:26:46,62,אף אוזן גרון,מזרעה,language,עברית,38
2026-07-30T17:26:46,62,אף אוזן גרון,מזרעה,language,ערבית,34
2026-07-30T17:26:46,62,אף אוזן גרון,מזרעה,language,צרפתית,1
2026-07-30T17:26:46,62,אף אוזן גרון,מזרעה,language,רומנית,7
2026-07-30T17:26:46,62,אף אוזן גרון,מזרעה,language,רוסית,5
2026-07-30T17:26:54,62,אף אוזן גרון,מיטב,gender,גבר,86
2026-07-30T17:26:54,62,אף אוזן גרון,מיטב,gender,אישה,8
2026-07-30T17:26:54,62,אף אוזן גרון,מיטב,visit_type,ביקור במרפאה,95
2026-07-30T17:26:54,62,אף אוזן גרון,מיטב,language,אנגלית,17
2026-07-30T17:26:54,62,אף אוזן גרון,מיטב,language,ספרדית,1
2026-07-30T17:26:54,62,אף אוזן גרון,מיטב,language,עברית,23
2026-07-30T17:26:54,62,אף אוזן גרון,מיטב,language,ערבית,19
2026-07-30T17:26:54,62,אף אוזן גרון,מיטב,language,רוסית,5
2026-07-30T17:27:09,62,אף אוזן גרון,מכמורת,gender,גבר,48
2026-07-30T17:27:09,62,אף אוזן גרון,מכמורת,gender,אישה,14
2026-07-30T17:27:09,62,אף אוזן גרון,מכמורת,visit_type,ביקור במרפאה,67
2026-07-30T17:27:09,62,אף אוזן גרון,מכמורת,visit_type,שיחת טלפון,1
2026-07-30T17:27:09,62,אף אוזן גרון,מכמורת,language,אוקראינית,1
2026-07-30T17:27:09,62,אף אוזן גרון,מכמורת,language,אידיש,4
2026-07-30T17:27:09,62,אף אוזן גרון,מכמורת,language,איטלקית,1
2026-07-30T17:27:09,62,אף אוזן גרון,מכמורת,language,אנגלית,12
2026-07-30T17:27:09,62,אף אוזן גרון,מכמורת,language,גרמנית,1
2026-07-30T17:27:09,62,אף אוזן גרון,מכמורת,language,עברית,16
2026-07-30T17:27:09,62,אף אוזן גרון,מכמורת,language,ערבית,3
2026-07-30T17:27:09,62,אף אוזן גרון,מכמורת,language,רומנית,2
2026-07-30T17:27:09,62,אף אוזן גרון,מכמורת,language,רוסית,6
2026-07-30T17:27:20,62,אף אוזן גרון,מנרה,gender,גבר,54
2026-07-30T17:27:20,62,אף אוזן גרון,מנרה,gender,אישה,5
2026-07-30T17:27:20,62,אף אוזן גרון,מנרה,visit_type,ביקור במרפאה,59
2026-07-30T17:27:20,62,אף אוזן גרון,מנרה,language,אנגלית,11
2026-07-30T17:27:20,62,אף אוזן גרון,מנרה,language,עברית,14
2026-07-30T17:27:20,62,אף אוזן גרון,מנרה,language,ערבית,14
2026-07-30T17:27:20,62,אף אוזן גרון,מנרה,language,רוסית,2
2026-07-30T17:27:31,62,אף אוזן גרון,מסעודין אל עזאזמה,gender,גבר,38
2026-07-30T17:27:31,62,אף אוזן גרון,מסעודין אל עזאזמה,gender,אישה,6
2026-07-30T17:27:31,62,אף אוזן גרון,מסעודין אל עזאזמה,visit_type,ביקור במרפאה,47
2026-07-30T17:27:31,62,אף אוזן גרון,מסעודין אל עזאזמה,language,אוקראינית,1
2026-07-30T17:27:31,62,אף אוזן גרון,מסעודין אל עזאזמה,language,אידיש,3
2026-07-30T17:27:31,62,אף אוזן גרון,מסעודין אל עזאזמה,language,אנגלית,3
2026-07-30T17:27:31,62,אף אוזן גרון,מסעודין אל עזאזמה,language,הונגרית,1
2026-07-30T17:27:31,62,אף אוזן גרון,מסעודין אל עזאזמה,language,ספרדית,3
2026-07-30T17:27:31,62,אף אוזן גרון,מסעודין אל עזאזמה,language,עברית,10
2026-07-30T17:27:31,62,אף אוזן גרון,מסעודין אל עזאזמה,language,ערבית,4
2026-07-30T17:27:31,62,אף אוזן גרון,מסעודין אל עזאזמה,language,צכית,1
2026-07-30T17:27:31,62,אף אוזן גרון,מסעודין אל עזאזמה,language,רוסית,1
2026-07-30T17:27:42,62,אף אוזן גרון,מעיליא,gender,גבר,35
2026-07-30T17:27:42,62,אף אוזן גרון,מעיליא,gender,אישה,3
2026-07-30T17:27:42,62,אף אוזן גרון,מעיליא,visit_type,ביקור במרפאה,38
2026-07-30T17:27:42,62,אף אוזן גרון,מעיליא,visit_type,שיחת טלפון,1
2026-07-30T17:27:42,62,אף אוזן גרון,מעיליא,language,איטלקית,5
2026-07-30T17:27:42,62,אף אוזן גרון,מעיליא,language,אנגלית,29
2026-07-30T17:27:42,62,אף אוזן גרון,מעיליא,language,גרמנית,2
2026-07-30T17:27:42,62,אף אוזן גרון,מעיליא,language,הולנדית,1
2026-07-30T17:27:42,62,אף אוזן גרון,מעיליא,language,ספרדית,1
2026-07-30T17:27:42,62,אף אוזן גרון,מעיליא,language,עברית,38
2026-07-30T17:27:42,62,אף אוזן גרון,מעיליא,language,ערבית,34
2026-07-30T17:27:42,62,אף אוזן גרון,מעיליא,language,צרפתית,1
2026-07-30T17:27:42,62,אף אוזן גרון,מעיליא,language,רומנית,7
2026-07-30T17:27:42,62,אף אוזן גרון,מעיליא,language,רוסית,5
2026-07-30T17:27:48,62,אף אוזן גרון,מפעלי כנות,gender,גבר,30
2026-07-30T17:27:48,62,אף אוזן גרון,מפעלי כנות,gender,אישה,2
2026-07-30T17:27:48,62,אף אוזן גרון,מפעלי כנות,visit_type,ביקור במרפאה,44
2026-07-30T17:27:48,62,אף אוזן גרון,מפעלי כנות,language,איטלקית,1
2026-07-30T17:27:48,62,אף אוזן גרון,מפעלי כנות,language,אנגלית,12
2026-07-30T17:27:48,62,אף אוזן גרון,מפעלי כנות,language,ספרדית,1
2026-07-30T17:27:48,62,אף אוזן גרון,מפעלי כנות,language,עברית,18
2026-07-30T17:27:48,62,אף אוזן גרון,מפעלי כנות,language,ערבית,2
2026-07-30T17:27:48,62,אף אוזן גרון,מפעלי כנות,language,צרפתית,2
2026-07-30T17:27:48,62,אף אוזן גרון,מפעלי כנות,language,רוסית,7
2026-07-30T17:28:00,62,אף אוזן גרון,מצפה רמון,gender,גבר,38
2026-07-30T17:28:00,62,אף אוזן גרון,מצפה רמון,gender,אישה,6
2026-07-30T17:28:00,62,אף אוזן גרון,מצפה רמון,visit_type,ביקור במרפאה,47
2026-07-30T17:28:00,62,אף אוזן גרון,מצפה רמון,language,אוקראינית,1
2026-07-30T17:28:00,62,אף אוזן גרון,מצפה רמון,language,אידיש,3
2026-07-30T17:28:00,62,אף אוזן גרון,מצפה רמון,language,אנגלית,3
2026-07-30T17:28:00,62,אף אוזן גרון,מצפה רמון,language,הונגרית,1
2026-07-30T17:28:00,62,אף אוזן גרון,מצפה רמון,language,ספרדית,3
2026-07-30T17:28:00,62,אף אוזן גרון,מצפה רמון,language,עברית,10
2026-07-30T17:28:00,62,אף אוזן גרון,מצפה רמון,language,ערבית,4
2026-07-30T17:28:00,62,אף אוזן גרון,מצפה רמון,language,צכית,1
2026-07-30T17:28:00,62,אף אוזן גרון,מצפה רמון,language,רוסית,1
2026-07-30T17:28:11,62,אף אוזן גרון,מרכז אזורי מרום הגליל,gender,גבר,54
2026-07-30T17:28:11,62,אף אוזן גרון,מרכז אזורי מרום הגליל,gender,אישה,5
2026-07-30T17:28:11,62,אף אוזן גרון,מרכז אזורי מרום הגליל,visit_type,ביקור במרפאה,59
2026-07-30T17:28:11,62,אף אוזן גרון,מרכז אזורי מרום הגליל,language,אנגלית,11
2026-07-30T17:28:11,62,אף אוזן גרון,מרכז אזורי מרום הגליל,language,עברית,14
2026-07-30T17:28:11,62,אף אוזן גרון,מרכז אזורי מרום הגליל,language,ערבית,14
2026-07-30T17:28:11,62,אף אוזן גרון,מרכז אזורי מרום הגליל,language,רוסית,2
2026-07-30T17:28:20,62,אף אוזן גרון,משמר דוד,gender,גבר,22
2026-07-30T17:28:20,62,אף אוזן גרון,משמר דוד,gender,אישה,1
2026-07-30T17:28:20,62,אף אוזן גרון,משמר דוד,visit_type,ביקור במרפאה,32
2026-07-30T17:28:20,62,אף אוזן גרון,משמר דוד,language,איטלקית,1
2026-07-30T17:28:20,62,אף אוזן גרון,משמר דוד,language,אנגלית,9
2026-07-30T17:28:20,62,אף אוזן גרון,משמר דוד,language,עברית,14
2026-07-30T17:28:20,62,אף אוזן גרון,משמר דוד,language,ערבית,2
2026-07-30T17:28:20,62,אף אוזן גרון,משמר דוד,language,צרפתית,1
2026-07-30T17:28:20,62,אף אוזן גרון,משמר דוד,language,רוסית,4
2026-07-30T17:28:28,62,אף אוזן גרון,נאעורה,gender,גבר,86
2026-07-30T17:28:28,62,אף אוזן גרון,נאעורה,gender,אישה,8
2026-07-30T17:28:28,62,אף אוזן גרון,נאעורה,visit_type,ביקור במרפאה,95
2026-07-30T17:28:28,62,אף אוזן גרון,נאעורה,language,אנגלית,17
2026-07-30T17:28:28,62,אף אוזן גרון,נאעורה,language,ספרדית,1
2026-07-30T17:28:28,62,אף אוזן גרון,נאעורה,language,עברית,23
2026-07-30T17:28:28,62,אף אוזן גרון,נאעורה,language,ערבית,19
2026-07-30T17:28:28,62,אף אוזן גרון,נאעורה,language,רוסית,5
2026-07-30T17:28:41,62,אף אוזן גרון,נובא,gender,גבר,36
2026-07-30T17:28:41,62,אף אוזן גרון,נובא,gender,אישה,4
2026-07-30T17:28:41,62,אף אוזן גרון,נובא,visit_type,ביקור במרפאה,41
2026-07-30T17:28:41,62,אף אוזן גרון,נובא,language,אידיש,4
2026-07-30T17:28:41,62,אף אוזן גרון,נובא,language,איטלקית,1
2026-07-30T17:28:41,62,אף אוזן גרון,נובא,language,אנגלית,10
2026-07-30T17:28:41,62,אף אוזן גרון,נובא,language,עברית,10
2026-07-30T17:28:41,62,אף אוזן גרון,נובא,language,ערבית,4
2026-07-30T17:28:41,62,אף אוזן גרון,נובא,language,רוסית,4
2026-07-30T17:28:49,62,אף אוזן גרון,נזלה אל ווסטא,gender,גבר,48
2026-07-30T17:28:49,62,אף אוזן גרון,נזלה אל ווסטא,gender,אישה,14
2026-07-30T17:28:49,62,אף אוזן גרון,נזלה אל ווסטא,visit_type,ביקור במרפאה,67
2026-07-30T17:28:49,62,אף אוזן גרון,נזלה אל ווסטא,visit_type,שיחת טלפון,1
2026-07-30T17:28:49,62,אף אוזן גרון,נזלה אל ווסטא,language,אוקראינית,1
2026-07-30T17:28:49,62,אף אוזן גרון,נזלה אל ווסטא,language,אידיש,4
2026-07-30T17:28:49,62,אף אוזן גרון,נזלה אל ווסטא,language,איטלקית,1
2026-07-30T17:28:49,62,אף אוזן גרון,נזלה אל ווסטא,language,אנגלית,12
2026-07-30T17:28:49,62,אף אוזן גרון,נזלה אל ווסטא,language,גרמנית,1
2026-07-30T17:28:49,62,אף אוזן גרון,נזלה אל ווסטא,language,עברית,16
2026-07-30T17:28:49,62,אף אוזן גרון,נזלה אל ווסטא,language,ערבית,3
2026-07-30T17:28:49,62,אף אוזן גרון,נזלה אל ווסטא,language,רומנית,2
2026-07-30T17:28:49,62,אף אוזן גרון,נזלה אל ווסטא,language,רוסית,6
2026-07-30T17:29:01,62,אף אוזן גרון,נחף,gender,גבר,47
2026-07-30T17:29:01,62,אף אוזן גרון,נחף,gender,אישה,8
2026-07-30T17:29:01,62,אף אוזן גרון,נחף,visit_type,ביקור במרפאה,55
2026-07-30T17:29:01,62,אף אוזן גרון,נחף,visit_type,שיחת טלפון,2
2026-07-30T17:29:01,62,אף אוזן גרון,נחף,language,איטלקית,5
2026-07-30T17:29:01,62,אף אוזן גרון,נחף,language,אנגלית,40
2026-07-30T17:29:01,62,אף אוזן גרון,נחף,language,גרמנית,4
2026-07-30T17:29:01,62,אף אוזן גרון,נחף,language,הולנדית,1
2026-07-30T17:29:01,62,אף אוזן גרון,נחף,language,הונגרית,1
2026-07-30T17:29:01,62,אף אוזן גרון,נחף,language,ספרדית,1
2026-07-30T17:29:01,62,אף אוזן גרון,נחף,language,עברית,55
2026-07-30T17:29:01,62,אף אוזן גרון,נחף,language,ערבית,40
2026-07-30T17:29:01,62,אף אוזן גרון,נחף,language,צרפתית,1
2026-07-30T17:29:01,62,אף אוזן גרון,נחף,language,רומנית,7
2026-07-30T17:29:01,62,אף אוזן גרון,נחף,language,רוסית,10
2026-07-30T17:29:10,62,אף אוזן גרון,ניסף ג'וביל,gender,גבר,48
2026-07-30T17:29:10,62,אף אוזן גרון,ניסף ג'וביל,gender,אישה,14
2026-07-30T17:29:10,62,אף אוזן גרון,ניסף ג'וביל,visit_type,ביקור במרפאה,67
2026-07-30T17:29:10,62,אף אוזן גרון,ניסף ג'וביל,visit_type,שיחת טלפון,1
2026-07-30T17:29:10,62,אף אוזן גרון,ניסף ג'וביל,language,אוקראינית,1
2026-07-30T17:29:10,62,אף אוזן גרון,ניסף ג'וביל,language,אידיש,4
2026-07-30T17:29:10,62,אף אוזן גרון,ניסף ג'וביל,language,איטלקית,1
2026-07-30T17:29:10,62,אף אוזן גרון,ניסף ג'וביל,language,אנגלית,12
2026-07-30T17:29:10,62,אף אוזן גרון,ניסף ג'וביל,language,גרמנית,1
2026-07-30T17:29:10,62,אף אוזן גרון,ניסף ג'וביל,language,עברית,16
2026-07-30T17:29:10,62,אף אוזן גרון,ניסף ג'וביל,language,ערבית,3
2026-07-30T17:29:10,62,אף אוזן גרון,ניסף ג'וביל,language,רומנית,2
2026-07-30T17:29:10,62,אף אוזן גרון,ניסף ג'וביל,language,רוסית,6
2026-07-30T17:29:21,62,אף אוזן גרון,נס הרים,gender,גבר,36
2026-07-30T17:29:21,62,אף אוזן גרון,נס הרים,gender,אישה,4
2026-07-30T17:29:21,62,אף אוזן גרון,נס הרים,visit_type,ביקור במרפאה,41
2026-07-30T17:29:21,62,אף אוזן גרון,נס הרים,language,אידיש,4
2026-07-30T17:29:21,62,אף אוזן גרון,נס הרים,language,איטלקית,1
2026-07-30T17:29:21,62,אף אוזן גרון,נס הרים,language,אנגלית,10
2026-07-30T17:29:21,62,אף אוזן גרון,נס הרים,language,עברית,10
2026-07-30T17:29:21,62,אף אוזן גרון,נס הרים,language,ערבית,4
2026-07-30T17:29:21,62,אף אוזן גרון,נס הרים,language,רוסית,4
2026-07-30T17:29:29,62,אף אוזן גרון,נצרת,gender,גבר,54
2026-07-30T17:29:29,62,אף אוזן גרון,נצרת,gender,אישה,5
2026-07-30T17:29:29,62,אף אוזן גרון,נצרת,visit_type,ביקור במרפאה,59
2026-07-30T17:29:29,62,אף אוזן גרון,נצרת,language,אנגלית,11
2026-07-30T17:29:29,62,אף אוזן גרון,נצרת,language,עברית,14
2026-07-30T17:29:29,62,אף אוזן גרון,נצרת,language,ערבית,14
2026-07-30T17:29:29,62,אף אוזן גרון,נצרת,language,רוסית,2
2026-07-30T17:29:38,62,אף אוזן גרון,סאלם ליד אלון מורה,gender,גבר,48
2026-07-30T17:29:38,62,אף אוזן גרון,סאלם ליד אלון מורה,gender,אישה,14
2026-07-30T17:29:38,62,אף אוזן גרון,סאלם ליד אלון מורה,visit_type,ביקור במרפאה,67
2026-07-30T17:29:38,62,אף אוזן גרון,סאלם ליד אלון מורה,visit_type,שיחת טלפון,1
2026-07-30T17:29:38,62,אף אוזן גרון,סאלם ליד אלון מורה,language,אוקראינית,1
2026-07-30T17:29:38,62,אף אוזן גרון,סאלם ליד אלון מורה,language,אידיש,4
2026-07-30T17:29:38,62,אף אוזן גרון,סאלם ליד אלון מורה,language,איטלקית,1
2026-07-30T17:29:38,62,אף אוזן גרון,סאלם ליד אלון מורה,language,אנגלית,12
2026-07-30T17:29:38,62,אף אוזן גרון,סאלם ליד אלון מורה,language,גרמנית,1
2026-07-30T17:29:38,62,אף אוזן גרון,סאלם ליד אלון מורה,language,עברית,16
2026-07-30T17:29:38,62,אף אוזן גרון,סאלם ליד אלון מורה,language,ערבית,3
2026-07-30T17:29:38,62,אף אוזן גרון,סאלם ליד אלון מורה,language,רומנית,2
2026-07-30T17:29:38,62,אף אוזן גרון,סאלם ליד אלון מורה,language,רוסית,6
2026-07-30T17:29:51,62,אף אוזן גרון,סופה,gender,גבר,32
2026-07-30T17:29:51,62,אף אוזן גרון,סופה,gender,אישה,3
2026-07-30T17:29:51,62,אף אוזן גרון,סופה,visit_type,ביקור במרפאה,41
2026-07-30T17:29:51,62,אף אוזן גרון,סופה,language,אוקראינית,1
2026-07-30T17:29:51,62,אף אוזן גרון,סופה,language,אנגלית,3
2026-07-30T17:29:51,62,אף אוזן גרון,סופה,language,הונגרית,1
2026-07-30T17:29:51,62,אף אוזן גרון,סופה,language,עברית,4
2026-07-30T17:29:51,62,אף אוזן גרון,סופה,language,ערבית,1
2026-07-30T17:29:51,62,אף אוזן גרון,סופה,language,צכית,1
2026-07-30T17:29:51,62,אף אוזן גרון,סופה,language,רוסית,1
2026-07-30T17:29:59,62,אף אוזן גרון,סיעיר,gender,גבר,36
2026-07-30T17:29:59,62,אף אוזן גרון,סיעיר,gender,אישה,4
2026-07-30T17:29:59,62,אף אוזן גרון,סיעיר,visit_type,ביקור במרפאה,41
2026-07-30T17:29:59,62,אף אוזן גרון,סיעיר,language,אידיש,4
2026-07-30T17:29:59,62,אף אוזן גרון,סיעיר,language,איטלקית,1
2026-07-30T17:29:59,62,אף אוזן גרון,סיעיר,language,אנגלית,10
2026-07-30T17:29:59,62,אף אוזן גרון,סיעיר,language,עברית,10
2026-07-30T17:29:59,62,אף אוזן גרון,סיעיר,language,ערבית,4
2026-07-30T17:29:59,62,אף אוזן גרון,סיעיר,language,רוסית,4
2026-07-30T17:30:08,62,אף אוזן גרון,סעד,gender,גבר,32
2026-07-30T17:30:08,62,אף אוזן גרון,סעד,gender,אישה,3
2026-07-30T17:30:08,62,אף אוזן גרון,סעד,visit_type,ביקור במרפאה,41
2026-07-30T17:30:08,62,אף אוזן גרון,סעד,language,אוקראינית,1
2026-07-30T17:30:08,62,אף אוזן גרון,סעד,language,אנגלית,3
2026-07-30T17:30:08,62,אף אוזן גרון,סעד,language,הונגרית,1
2026-07-30T17:30:08,62,אף אוזן גרון,סעד,language,עברית,4
2026-07-30T17:30:08,62,אף אוזן גרון,סעד,language,ערבית,1
2026-07-30T17:30:08,62,אף אוזן גרון,סעד,language,צכית,1
2026-07-30T17:30:08,62,אף אוזן גרון,סעד,language,רוסית,1
2026-07-30T17:30:17,62,אף אוזן גרון,עאבוד,gender,גבר,26
2026-07-30T17:30:17,62,אף אוזן גרון,עאבוד,gender,אישה,10
2026-07-30T17:30:17,62,אף אוזן גרון,עאבוד,visit_type,ביקור במרפאה,38
2026-07-30T17:30:17,62,אף אוזן גרון,עאבוד,visit_type,שיחת טלפון,1
2026-07-30T17:30:17,62,אף אוזן גרון,עאבוד,language,אנגלית,14
2026-07-30T17:30:17,62,אף אוזן גרון,עאבוד,language,ספרדית,2
2026-07-30T17:30:17,62,אף אוזן גרון,עאבוד,language,עברית,37
2026-07-30T17:30:17,62,אף אוזן גרון,עאבוד,language,ערבית,2
2026-07-30T17:30:17,62,אף אוזן גרון,עאבוד,language,רוסית,9
2026-07-30T17:30:25,62,אף אוזן גרון,עגור,gender,גבר,36
2026-07-30T17:30:25,62,אף אוזן גרון,עגור,gender,אישה,4
2026-07-30T17:30:25,62,אף אוזן גרון,עגור,visit_type,ביקור במרפאה,41
2026-07-30T17:30:25,62,אף אוזן גרון,עגור,language,אידיש,4
2026-07-30T17:30:25,62,אף אוזן גרון,עגור,language,איטלקית,1
2026-07-30T17:30:25,62,אף אוזן גרון,עגור,language,אנגלית,10
2026-07-30T17:30:25,62,אף אוזן גרון,עגור,language,עברית,10
2026-07-30T17:30:25,62,אף אוזן גרון,עגור,language,ערבית,4
2026-07-30T17:30:25,62,אף אוזן גרון,עגור,language,רוסית,4
2026-07-30T17:30:34,62,אף אוזן גרון,עומר,gender,גבר,50
2026-07-30T17:30:34,62,אף אוזן גרון,עומר,gender,אישה,7
2026-07-30T17:30:34,62,אף אוזן גרון,עומר,visit_type,ביקור במרפאה,63
2026-07-30T17:30:34,62,אף אוזן גרון,עומר,language,אוקראינית,1
2026-07-30T17:30:34,62,אף אוזן גרון,עומר,language,אידיש,3
2026-07-30T17:30:34,62,אף אוזן גרון,עומר,language,אנגלית,3
2026-07-30T17:30:34,62,אף אוזן גרון,עומר,language,הונגרית,1
2026-07-30T17:30:34,62,אף אוזן גרון,עומר,language,ספרדית,3
2026-07-30T17:30:34,62,אף אוזן גרון,עומר,language,עברית,11
2026-07-30T17:30:34,62,אף אוזן גרון,עומר,language,ערבית,5
2026-07-30T17:30:34,62,אף אוזן גרון,עומר,language,צכית,1
2026-07-30T17:30:34,62,אף אוזן גרון,עומר,language,רוסית,1
2026-07-30T17:30:48,62,אף אוזן גרון,עזריאל,gender,גבר,48
2026-07-30T17:30:48,62,אף אוזן גרון,עזריאל,gender,אישה,14
2026-07-30T17:30:48,62,אף אוזן גרון,עזריאל,visit_type,ביקור במרפאה,67
2026-07-30T17:30:48,62,אף אוזן גרון,עזריאל,visit_type,שיחת טלפון,1
2026-07-30T17:30:48,62,אף אוזן גרון,עזריאל,language,אוקראינית,1
2026-07-30T17:30:48,62,אף אוזן גרון,עזריאל,language,אידיש,4
2026-07-30T17:30:48,62,אף אוזן גרון,עזריאל,language,איטלקית,1
2026-07-30T17:30:48,62,אף אוזן גרון,עזריאל,language,אנגלית,12
2026-07-30T17:30:48,62,אף אוזן גרון,עזריאל,language,גרמנית,1
2026-07-30T17:30:48,62,אף אוזן גרון,עזריאל,language,עברית,16
2026-07-30T17:30:48,62,אף אוזן גרון,עזריאל,language,ערבית,3
2026-07-30T17:30:48,62,אף אוזן גרון,עזריאל,language,רומנית,2
2026-07-30T17:30:48,62,אף אוזן גרון,עזריאל,language,רוסית,6
2026-07-30T17:30:59,62,אף אוזן גרון,עילאר,gender,גבר,48
2026-07-30T17:30:59,62,אף אוזן גרון,עילאר,gender,אישה,14
2026-07-30T17:30:59,62,אף אוזן גרון,עילאר,visit_type,ביקור במרפאה,67
2026-07-30T17:30:59,62,אף אוזן גרון,עילאר,visit_type,שיחת טלפון,1
2026-07-30T17:30:59,62,אף אוזן גרון,עילאר,language,אוקראינית,1
2026-07-30T17:30:59,62,אף אוזן גרון,עילאר,language,אידיש,4
2026-07-30T17:30:59,62,אף אוזן גרון,עילאר,language,איטלקית,1
2026-07-30T17:30:59,62,אף אוזן גרון,עילאר,language,אנגלית,12
2026-07-30T17:30:59,62,אף אוזן גרון,עילאר,language,גרמנית,1
2026-07-30T17:30:59,62,אף אוזן גרון,עילאר,language,עברית,16
2026-07-30T17:30:59,62,אף אוזן גרון,עילאר,language,ערבית,3
2026-07-30T17:30:59,62,אף אוזן גרון,עילאר,language,רומנית,2
2026-07-30T17:30:59,62,אף אוזן גרון,עילאר,language,רוסית,6
2026-07-30T17:31:10,62,אף אוזן גרון,עלי זהב,gender,גבר,26
2026-07-30T17:31:10,62,אף אוזן גרון,עלי זהב,gender,אישה,10
2026-07-30T17:31:10,62,אף אוזן גרון,עלי זהב,visit_type,ביקור במרפאה,38
2026-07-30T17:31:10,62,אף אוזן גרון,עלי זהב,visit_type,שיחת טלפון,1
2026-07-30T17:31:10,62,אף אוזן גרון,עלי זהב,language,אנגלית,14
2026-07-30T17:31:10,62,אף אוזן גרון,עלי זהב,language,ספרדית,2
2026-07-30T17:31:10,62,אף אוזן גרון,עלי זהב,language,עברית,37
2026-07-30T17:31:10,62,אף אוזן גרון,עלי זהב,language,ערבית,2
2026-07-30T17:31:10,62,אף אוזן גרון,עלי זהב,language,רוסית,9
2026-07-30T17:31:17,62,אף אוזן גרון,עמיר,gender,גבר,54
2026-07-30T17:31:17,62,אף אוזן גרון,עמיר,gender,אישה,5
2026-07-30T17:31:17,62,אף אוזן גרון,עמיר,visit_type,ביקור במרפאה,59
2026-07-30T17:31:17,62,אף אוזן גרון,עמיר,language,אנגלית,11
2026-07-30T17:31:17,62,אף אוזן גרון,עמיר,language,עברית,14
2026-07-30T17:31:17,62,אף אוזן גרון,עמיר,language,ערבית,14
2026-07-30T17:31:17,62,אף אוזן גרון,עמיר,language,רוסית,2
2026-07-30T17:31:28,62,אף אוזן גרון,עספיא,gender,גבר,66
2026-07-30T17:31:28,62,אף אוזן גרון,עספיא,gender,אישה,13
2026-07-30T17:31:28,62,אף אוזן גרון,עספיא,visit_type,ביקור במרפאה,82
2026-07-30T17:31:28,62,אף אוזן גרון,עספיא,visit_type,שיחת טלפון,4
2026-07-30T17:31:28,62,אף אוזן גרון,עספיא,language,איטלקית,1
2026-07-30T17:31:28,62,אף אוזן גרון,עספיא,language,אנגלית,24
2026-07-30T17:31:28,62,אף אוזן גרון,עספיא,language,גרמנית,4
2026-07-30T17:31:28,62,אף אוזן גרון,עספיא,language,הונגרית,1
2026-07-30T17:31:28,62,אף אוזן גרון,עספיא,language,ספרדית,1
2026-07-30T17:31:28,62,אף אוזן גרון,עספיא,language,עברית,39
2026-07-30T17:31:28,62,אף אוזן גרון,עספיא,language,ערבית,18
2026-07-30T17:31:28,62,אף אוזן גרון,עספיא,language,רוסית,11
2026-07-30T17:31:41,62,אף אוזן גרון,עראנה,gender,גבר,48
2026-07-30T17:31:41,62,אף אוזן גרון,עראנה,gender,אישה,14
2026-07-30T17:31:41,62,אף אוזן גרון,עראנה,visit_type,ביקור במרפאה,67
2026-07-30T17:31:41,62,אף אוזן גרון,עראנה,visit_type,שיחת טלפון,1
2026-07-30T17:31:41,62,אף אוזן גרון,עראנה,language,אוקראינית,1
2026-07-30T17:31:41,62,אף אוזן גרון,עראנה,language,אידיש,4
2026-07-30T17:31:41,62,אף אוזן גרון,עראנה,language,איטלקית,1
2026-07-30T17:31:41,62,אף אוזן גרון,עראנה,language,אנגלית,12
2026-07-30T17:31:41,62,אף אוזן גרון,עראנה,language,גרמנית,1
2026-07-30T17:31:41,62,אף אוזן גרון,עראנה,language,עברית,16
2026-07-30T17:31:41,62,אף אוזן גרון,עראנה,language,ערבית,3
2026-07-30T17:31:41,62,אף אוזן גרון,עראנה,language,רומנית,2
2026-07-30T17:31:41,62,אף אוזן גרון,עראנה,language,רוסית,6
2026-07-30T17:31:53,62,אף אוזן גרון,עתלית,gender,גבר,66
2026-07-30T17:31:53,62,אף אוזן גרון,עתלית,gender,אישה,13
2026-07-30T17:31:53,62,אף אוזן גרון,עתלית,visit_type,ביקור במרפאה,82
2026-07-30T17:31:53,62,אף אוזן גרון,עתלית,visit_type,שיחת טלפון,4
2026-07-30T17:31:53,62,אף אוזן גרון,עתלית,language,איטלקית,1
2026-07-30T17:31:53,62,אף אוזן גרון,עתלית,language,אנגלית,24
2026-07-30T17:31:53,62,אף אוזן גרון,עתלית,language,גרמנית,4
2026-07-30T17:31:53,62,אף אוזן גרון,עתלית,language,הונגרית,1
2026-07-30T17:31:53,62,אף אוזן גרון,עתלית,language,ספרדית,1
2026-07-30T17:31:53,62,אף אוזן גרון,עתלית,language,עברית,39
2026-07-30T17:31:53,62,אף אוזן גרון,עתלית,language,ערבית,18
2026-07-30T17:31:53,62,אף אוזן גרון,עתלית,language,רוסית,11
2026-07-30T17:32:07,62,אף אוזן גרון,פדויים,gender,גבר,50
2026-07-30T17:32:07,62,אף אוזן גרון,פדויים,gender,אישה,7
2026-07-30T17:32:07,62,אף אוזן גרון,פדויים,visit_type,ביקור במרפאה,63
2026-07-30T17:32:07,62,אף אוזן גרון,פדויים,language,אוקראינית,1
2026-07-30T17:32:07,62,אף אוזן גרון,פדויים,language,אידיש,3
2026-07-30T17:32:07,62,אף אוזן גרון,פדויים,language,אנגלית,3
2026-07-30T17:32:07,62,אף אוזן גרון,פדויים,language,הונגרית,1
2026-07-30T17:32:07,62,אף אוזן גרון,פדויים,language,ספרדית,3
2026-07-30T17:32:07,62,אף אוזן גרון,פדויים,language,עברית,11
2026-07-30T17:32:07,62,אף אוזן גרון,פדויים,language,ערבית,5
2026-07-30T17:32:07,62,אף אוזן גרון,פדויים,language,צכית,1
2026-07-30T17:32:07,62,אף אוזן גרון,פדויים,language,רוסית,1
2026-07-30T17:32:21,62,אף אוזן גרון,פלך,gender,גבר,62
2026-07-30T17:32:21,62,אף אוזן גרון,פלך,gender,אישה,13
2026-07-30T17:32:21,62,אף אוזן גרון,פלך,visit_type,ביקור במרפאה,77
2026-07-30T17:32:21,62,אף אוזן גרון,פלך,visit_type,שיחת טלפון,5
2026-07-30T17:32:21,62,אף אוזן גרון,פלך,language,איטלקית,6
2026-07-30T17:32:21,62,אף אוזן גרון,פלך,language,אנגלית,52
2026-07-30T17:32:21,62,אף אוזן גרון,פלך,language,גרמנית,6
2026-07-30T17:32:21,62,אף אוזן גרון,פלך,language,הולנדית,1
2026-07-30T17:32:21,62,אף אוזן גרון,פלך,language,הונגרית,1
2026-07-30T17:32:21,62,אף אוזן גרון,פלך,language,ספרדית,2
2026-07-30T17:32:21,62,אף אוזן גרון,פלך,language,עברית,76
2026-07-30T17:32:21,62,אף אוזן גרון,פלך,language,ערבית,51
2026-07-30T17:32:21,62,אף אוזן גרון,פלך,language,צרפתית,1
2026-07-30T17:32:21,62,אף אוזן גרון,פלך,language,רומנית,7
2026-07-30T17:32:21,62,אף אוזן גרון,פלך,language,רוסית,16
2026-07-30T17:32:33,62,אף אוזן גרון,פקיעין,gender,גבר,35
2026-07-30T17:32:33,62,אף אוזן גרון,פקיעין,gender,אישה,3
2026-07-30T17:32:33,62,אף אוזן גרון,פקיעין,visit_type,ביקור במרפאה,38
2026-07-30T17:32:33,62,אף אוזן גרון,פקיעין,visit_type,שיחת טלפון,1
2026-07-30T17:32:33,62,אף אוזן גרון,פקיעין,language,איטלקית,5
2026-07-30T17:32:33,62,אף אוזן גרון,פקיעין,language,אנגלית,29
2026-07-30T17:32:33,62,אף אוזן גרון,פקיעין,language,גרמנית,2
2026-07-30T17:32:33,62,אף אוזן גרון,פקיעין,language,הולנדית,1
2026-07-30T17:32:33,62,אף אוזן גרון,פקיעין,language,ספרדית,1
2026-07-30T17:32:33,62,אף אוזן גרון,פקיעין,language,עברית,38
2026-07-30T17:32:33,62,אף אוזן גרון,פקיעין,language,ערבית,34
2026-07-30T17:32:33,62,אף אוזן גרון,פקיעין,language,צרפתית,1
2026-07-30T17:32:33,62,אף אוזן גרון,פקיעין,language,רומנית,7
2026-07-30T17:32:33,62,אף אוזן גרון,פקיעין,language,רוסית,5
2026-07-30T17:32:39,62,אף אוזן גרון,פתח תקווה,gender,גבר,26
2026-07-30T17:32:39,62,אף אוזן גרון,פתח תקווה,gender,אישה,10
2026-07-30T17:32:39,62,אף אוזן גרון,פתח תקווה,visit_type,ביקור במרפאה,38
2026-07-30T17:32:39,62,אף אוזן גרון,פתח תקווה,visit_type,שיחת טלפון,1
2026-07-30T17:32:39,62,אף אוזן גרון,פתח תקווה,language,אנגלית,14
2026-07-30T17:32:39,62,אף אוזן גרון,פתח תקווה,language,ספרדית,2
2026-07-30T17:32:39,62,אף אוזן גרון,פתח תקווה,language,עברית,37
2026-07-30T17:32:39,62,אף אוזן גרון,פתח תקווה,language,ערבית,2
2026-07-30T17:32:39,62,אף אוזן גרון,פתח תקווה,language,רוסית,9
2026-07-30T17:32:47,62,אף אוזן גרון,צופר,gender,גבר,38
2026-07-30T17:32:47,62,אף אוזן גרון,צופר,gender,אישה,6
2026-07-30T17:32:47,62,אף אוזן גרון,צופר,visit_type,ביקור במרפאה,47
2026-07-30T17:32:47,62,אף אוזן גרון,צופר,language,אוקראינית,1
2026-07-30T17:32:47,62,אף אוזן גרון,צופר,language,אידיש,3
2026-07-30T17:32:47,62,אף אוזן גרון,צופר,language,אנגלית,3
2026-07-30T17:32:47,62,אף אוזן גרון,צופר,language,הונגרית,1
2026-07-30T17:32:47,62,אף אוזן גרון,צופר,language,ספרדית,3
2026-07-30T17:32:47,62,אף אוזן גרון,צופר,language,עברית,10
2026-07-30T17:32:47,62,אף אוזן גרון,צופר,language,ערבית,4
2026-07-30T17:32:47,62,אף אוזן גרון,צופר,language,צכית,1
2026-07-30T17:32:47,62,אף אוזן גרון,צופר,language,רוסית,1
2026-07-30T17:32:58,62,אף אוזן גרון,צפת,gender,גבר,54
2026-07-30T17:32:58,62,אף אוזן גרון,צפת,gender,אישה,5
2026-07-30T17:32:58,62,אף אוזן גרון,צפת,visit_type,ביקור במרפאה,59
2026-07-30T17:32:58,62,אף אוזן גרון,צפת,language,אנגלית,11
2026-07-30T17:32:58,62,אף אוזן גרון,צפת,language,עברית,14
2026-07-30T17:32:58,62,אף אוזן גרון,צפת,language,ערבית,14
2026-07-30T17:32:58,62,אף אוזן גרון,צפת,language,רוסית,2
2026-07-30T17:33:08,62,אף אוזן גרון,קדמה,gender,גבר,30
2026-07-30T17:33:08,62,אף אוזן גרון,קדמה,gender,אישה,2
2026-07-30T17:33:08,62,אף אוזן גרון,קדמה,visit_type,ביקור במרפאה,44
2026-07-30T17:33:08,62,אף אוזן גרון,קדמה,language,איטלקית,1
2026-07-30T17:33:08,62,אף אוזן גרון,קדמה,language,אנגלית,12
2026-07-30T17:33:08,62,אף אוזן גרון,קדמה,language,ספרדית,1
2026-07-30T17:33:08,62,אף אוזן גרון,קדמה,language,עברית,18
2026-07-30T17:33:08,62,אף אוזן גרון,קדמה,language,ערבית,2
2026-07-30T17:33:08,62,אף אוזן גרון,קדמה,language,צרפתית,2
2026-07-30T17:33:08,62,אף אוזן גרון,קדמה,language,רוסית,7
2026-07-30T17:33:16,62,אף אוזן גרון,קוסרה,gender,גבר,36
2026-07-30T17:33:16,62,אף אוזן גרון,קוסרה,gender,אישה,4
2026-07-30T17:33:16,62,אף אוזן גרון,קוסרה,visit_type,ביקור במרפאה,41
2026-07-30T17:33:16,62,אף אוזן גרון,קוסרה,language,אידיש,4
2026-07-30T17:33:16,62,אף אוזן גרון,קוסרה,language,איטלקית,1
2026-07-30T17:33:16,62,אף אוזן גרון,קוסרה,language,אנגלית,10
2026-07-30T17:33:16,62,אף אוזן גרון,קוסרה,language,עברית,10
2026-07-30T17:33:16,62,אף אוזן גרון,קוסרה,language,ערבית,4
2026-07-30T17:33:16,62,אף אוזן גרון,קוסרה,language,רוסית,4
2026-07-30T17:33:24,62,אף אוזן גרון,קלנסווה,gender,גבר,48
2026-07-30T17:33:24,62,אף אוזן גרון,קלנסווה,gender,אישה,14
2026-07-30T17:33:24,62,אף אוזן גרון,קלנסווה,visit_type,ביקור במרפאה,67
2026-07-30T17:33:24,62,אף אוזן גרון,קלנסווה,visit_type,שיחת טלפון,1
2026-07-30T17:33:24,62,אף אוזן גרון,קלנסווה,language,אוקראינית,1
2026-07-30T17:33:24,62,אף אוזן גרון,קלנסווה,language,אידיש,4
2026-07-30T17:33:24,62,אף אוזן גרון,קלנסווה,language,איטלקית,1
2026-07-30T17:33:24,62,אף אוזן גרון,קלנסווה,language,אנגלית,12
2026-07-30T17:33:24,62,אף אוזן גרון,קלנסווה,language,גרמנית,1
2026-07-30T17:33:24,62,אף אוזן גרון,קלנסווה,language,עברית,16
2026-07-30T17:33:24,62,אף אוזן גרון,קלנסווה,language,ערבית,3
2026-07-30T17:33:24,62,אף אוזן גרון,קלנסווה,language,רומנית,2
2026-07-30T17:33:24,62,אף אוזן גרון,קלנסווה,language,רוסית,6
2026-07-30T17:33:34,62,אף אוזן גרון,קרית אונו,gender,גבר,26
2026-07-30T17:33:34,62,אף אוזן גרון,קרית אונו,gender,אישה,10
2026-07-30T17:33:34,62,אף אוזן גרון,קרית אונו,visit_type,ביקור במרפאה,38
2026-07-30T17:33:34,62,אף אוזן גרון,קרית אונו,visit_type,שיחת טלפון,1
2026-07-30T17:33:34,62,אף אוזן גרון,קרית אונו,language,אנגלית,14
2026-07-30T17:33:34,62,אף אוזן גרון,קרית אונו,language,ספרדית,2
2026-07-30T17:33:34,62,אף אוזן גרון,קרית אונו,language,עברית,37
2026-07-30T17:33:34,62,אף אוזן גרון,קרית אונו,language,ערבית,2
2026-07-30T17:33:34,62,אף אוזן גרון,קרית אונו,language,רוסית,9
2026-07-30T17:33:42,62,אף אוזן גרון,ראמה,gender,גבר,47
2026-07-30T17:33:42,62,אף אוזן גרון,ראמה,gender,אישה,8
2026-07-30T17:33:42,62,אף אוזן גרון,ראמה,visit_type,ביקור במרפאה,55
2026-07-30T17:33:42,62,אף אוזן גרון,ראמה,visit_type,שיחת טלפון,2
2026-07-30T17:33:42,62,אף אוזן גרון,ראמה,language,איטלקית,5
2026-07-30T17:33:42,62,אף אוזן גרון,ראמה,language,אנגלית,40
2026-07-30T17:33:42,62,אף אוזן גרון,ראמה,language,גרמנית,4
2026-07-30T17:33:42,62,אף אוזן גרון,ראמה,language,הולנדית,1
2026-07-30T17:33:42,62,אף אוזן גרון,ראמה,language,הונגרית,1
2026-07-30T17:33:42,62,אף אוזן גרון,ראמה,language,ספרדית,1
2026-07-30T17:33:42,62,אף אוזן גרון,ראמה,language,עברית,55
2026-07-30T17:33:42,62,אף אוזן גרון,ראמה,language,ערבית,40
2026-07-30T17:33:42,62,אף אוזן גרון,ראמה,language,צרפתית,1
2026-07-30T17:33:42,62,אף אוזן גרון,ראמה,language,רומנית,7
2026-07-30T17:33:42,62,אף אוזן גרון,ראמה,language,רוסית,10
2026-07-30T17:33:52,62,אף אוזן גרון,רביבים,gender,גבר,38
2026-07-30T17:33:52,62,אף אוזן גרון,רביבים,gender,אישה,6
2026-07-30T17:33:52,62,אף אוזן גרון,רביבים,visit_type,ביקור במרפאה,47
2026-07-30T17:33:52,62,אף אוזן גרון,רביבים,language,אוקראינית,1
2026-07-30T17:33:52,62,אף אוזן גרון,רביבים,language,אידיש,3
2026-07-30T17:33:52,62,אף אוזן גרון,רביבים,language,אנגלית,3
2026-07-30T17:33:52,62,אף אוזן גרון,רביבים,language,הונגרית,1
2026-07-30T17:33:52,62,אף אוזן גרון,רביבים,language,ספרדית,3
2026-07-30T17:33:52,62,אף אוזן גרון,רביבים,language,עברית,10
2026-07-30T17:33:52,62,אף אוזן גרון,רביבים,language,ערבית,4
2026-07-30T17:33:52,62,אף אוזן גרון,רביבים,language,צכית,1
2026-07-30T17:33:52,62,אף אוזן גרון,רביבים,language,רוסית,1
2026-07-30T17:34:03,62,אף אוזן גרון,רומאנה,gender,גבר,54
2026-07-30T17:34:03,62,אף אוזן גרון,רומאנה,gender,אישה,5
2026-07-30T17:34:03,62,אף אוזן גרון,רומאנה,visit_type,ביקור במרפאה,59
2026-07-30T17:34:03,62,אף אוזן גרון,רומאנה,language,אנגלית,11
2026-07-30T17:34:03,62,אף אוזן גרון,רומאנה,language,עברית,14
2026-07-30T17:34:03,62,אף אוזן גרון,רומאנה,language,ערבית,14
2026-07-30T17:34:03,62,אף אוזן גרון,רומאנה,language,רוסית,2
2026-07-30T17:34:13,62,אף אוזן גרון,ריינה,gender,גבר,54
2026-07-30T17:34:13,62,אף אוזן גרון,ריינה,gender,אישה,5
2026-07-30T17:34:13,62,אף אוזן גרון,ריינה,visit_type,ביקור במרפאה,59
2026-07-30T17:34:13,62,אף אוזן גרון,ריינה,language,אנגלית,11
2026-07-30T17:34:13,62,אף אוזן גרון,ריינה,language,עברית,14
2026-07-30T17:34:13,62,אף אוזן גרון,ריינה,language,ערבית,14
2026-07-30T17:34:13,62,אף אוזן גרון,ריינה,language,רוסית,2
2026-07-30T17:34:25,62,אף אוזן גרון,רמות מנשה,gender,גבר,66
2026-07-30T17:34:25,62,אף אוזן גרון,רמות מנשה,gender,אישה,13
2026-07-30T17:34:25,62,אף אוזן גרון,רמות מנשה,visit_type,ביקור במרפאה,82
2026-07-30T17:34:25,62,אף אוזן גרון,רמות מנשה,visit_type,שיחת טלפון,4
2026-07-30T17:34:25,62,אף אוזן גרון,רמות מנשה,language,איטלקית,1
2026-07-30T17:34:25,62,אף אוזן גרון,רמות מנשה,language,אנגלית,24
2026-07-30T17:34:25,62,אף אוזן גרון,רמות מנשה,language,גרמנית,4
2026-07-30T17:34:25,62,אף אוזן גרון,רמות מנשה,language,הונגרית,1
2026-07-30T17:34:25,62,אף אוזן גרון,רמות מנשה,language,ספרדית,1
2026-07-30T17:34:25,62,אף אוזן גרון,רמות מנשה,language,עברית,39
2026-07-30T17:34:25,62,אף אוזן גרון,רמות מנשה,language,ערבית,18
2026-07-30T17:34:25,62,אף אוזן גרון,רמות מנשה,language,רוסית,11
2026-07-30T17:34:39,62,אף אוזן גרון,רפיח,gender,גבר,50
2026-07-30T17:34:39,62,אף אוזן גרון,רפיח,gender,אישה,7
2026-07-30T17:34:39,62,אף אוזן גרון,רפיח,visit_type,ביקור במרפאה,63
2026-07-30T17:34:39,62,אף אוזן גרון,רפיח,language,אוקראינית,1
2026-07-30T17:34:39,62,אף אוזן גרון,רפיח,language,אידיש,3
2026-07-30T17:34:39,62,אף אוזן גרון,רפיח,language,אנגלית,3
2026-07-30T17:34:39,62,אף אוזן גרון,רפיח,language,הונגרית,1
2026-07-30T17:34:39,62,אף אוזן גרון,רפיח,language,ספרדית,3
2026-07-30T17:34:39,62,אף אוזן גרון,רפיח,language,עברית,11
2026-07-30T17:34:39,62,אף אוזן גרון,רפיח,language,ערבית,5
2026-07-30T17:34:39,62,אף אוזן גרון,רפיח,language,צכית,1
2026-07-30T17:34:39,62,אף אוזן גרון,רפיח,language,רוסית,1
2026-07-30T17:34:54,62,אף אוזן גרון,שגב שלום,gender,גבר,38
2026-07-30T17:34:54,62,אף אוזן גרון,שגב שלום,gender,אישה,6
2026-07-30T17:34:54,62,אף אוזן גרון,שגב שלום,visit_type,ביקור במרפאה,47
2026-07-30T17:34:54,62,אף אוזן גרון,שגב שלום,language,אוקראינית,1
2026-07-30T17:34:54,62,אף אוזן גרון,שגב שלום,language,אידיש,3
2026-07-30T17:34:54,62,אף אוזן גרון,שגב שלום,language,אנגלית,3
2026-07-30T17:34:54,62,אף אוזן גרון,שגב שלום,language,הונגרית,1
2026-07-30T17:34:54,62,אף אוזן גרון,שגב שלום,language,ספרדית,3
2026-07-30T17:34:54,62,אף אוזן גרון,שגב שלום,language,עברית,10
2026-07-30T17:34:54,62,אף אוזן גרון,שגב שלום,language,ערבית,4
2026-07-30T17:34:54,62,אף אוזן גרון,שגב שלום,language,צכית,1
2026-07-30T17:34:54,62,אף אוזן גרון,שגב שלום,language,רוסית,1
2026-07-30T17:35:06,62,אף אוזן גרון,שדה משה,gender,גבר,32
2026-07-30T17:35:06,62,אף אוזן גרון,שדה משה,gender,אישה,3
2026-07-30T17:35:06,62,אף אוזן גרון,שדה משה,visit_type,ביקור במרפאה,41
2026-07-30T17:35:06,62,אף אוזן גרון,שדה משה,language,אוקראינית,1
2026-07-30T17:35:06,62,אף אוזן גרון,שדה משה,language,אנגלית,3
2026-07-30T17:35:06,62,אף אוזן גרון,שדה משה,language,הונגרית,1
2026-07-30T17:35:06,62,אף אוזן גרון,שדה משה,language,עברית,4
2026-07-30T17:35:06,62,אף אוזן גרון,שדה משה,language,ערבית,1
2026-07-30T17:35:06,62,אף אוזן גרון,שדה משה,language,צכית,1
2026-07-30T17:35:06,62,אף אוזן גרון,שדה משה,language,רוסית,1
2026-07-30T17:35:17,62,אף אוזן גרון,שוקדה,gender,גבר,50
2026-07-30T17:35:17,62,אף אוזן גרון,שוקדה,gender,אישה,7
2026-07-30T17:35:17,62,אף אוזן גרון,שוקדה,visit_type,ביקור במרפאה,63
2026-07-30T17:35:17,62,אף אוזן גרון,שוקדה,language,אוקראינית,1
2026-07-30T17:35:17,62,אף אוזן גרון,שוקדה,language,אידיש,3
2026-07-30T17:35:17,62,אף אוזן גרון,שוקדה,language,אנגלית,3
2026-07-30T17:35:17,62,אף אוזן גרון,שוקדה,language,הונגרית,1
2026-07-30T17:35:17,62,אף אוזן גרון,שוקדה,language,ספרדית,3
2026-07-30T17:35:17,62,אף אוזן גרון,שוקדה,language,עברית,11
2026-07-30T17:35:17,62,אף אוזן גרון,שוקדה,language,ערבית,5
2026-07-30T17:35:17,62,אף אוזן גרון,שוקדה,language,צכית,1
2026-07-30T17:35:17,62,אף אוזן גרון,שוקדה,language,רוסית,1
2026-07-30T17:35:30,62,אף אוזן גרון,שילה,gender,גבר,36
2026-07-30T17:35:30,62,אף אוזן גרון,שילה,gender,אישה,4
2026-07-30T17:35:30,62,אף אוזן גרון,שילה,visit_type,ביקור במרפאה,41
2026-07-30T17:35:30,62,אף אוזן גרון,שילה,language,אידיש,4
2026-07-30T17:35:30,62,אף אוזן גרון,שילה,language,איטלקית,1
2026-07-30T17:35:30,62,אף אוזן גרון,שילה,language,אנגלית,10
2026-07-30T17:35:30,62,אף אוזן גרון,שילה,language,עברית,10
2026-07-30T17:35:30,62,אף אוזן גרון,שילה,language,ערבית,4
2026-07-30T17:35:30,62,אף אוזן גרון,שילה,language,רוסית,4
2026-07-30T17:35:38,62,אף אוזן גרון,שמיר,gender,גבר,54
2026-07-30T17:35:38,62,אף אוזן גרון,שמיר,gender,אישה,5
2026-07-30T17:35:38,62,אף אוזן גרון,שמיר,visit_type,ביקור במרפאה,59
2026-07-30T17:35:38,62,אף אוזן גרון,שמיר,language,אנגלית,11
2026-07-30T17:35:38,62,אף אוזן גרון,שמיר,language,עברית,14
2026-07-30T17:35:38,62,אף אוזן גרון,שמיר,language,ערבית,14
2026-07-30T17:35:38,62,אף אוזן גרון,שמיר,language,רוסית,2
2026-07-30T17:35:47,62,אף אוזן גרון,שער הגולן,gender,גבר,54
2026-07-30T17:35:47,62,אף אוזן גרון,שער הגולן,gender,אישה,5
2026-07-30T17:35:47,62,אף אוזן גרון,שער הגולן,visit_type,ביקור במרפאה,59
2026-07-30T17:35:47,62,אף אוזן גרון,שער הגולן,language,אנגלית,11
2026-07-30T17:35:47,62,אף אוזן גרון,שער הגולן,language,עברית,14
2026-07-30T17:35:47,62,אף אוזן גרון,שער הגולן,language,ערבית,14
2026-07-30T17:35:47,62,אף אוזן גרון,שער הגולן,language,רוסית,2
2026-07-30T17:35:57,62,אף אוזן גרון,שרונה,gender,גבר,54
2026-07-30T17:35:57,62,אף אוזן גרון,שרונה,gender,אישה,5
2026-07-30T17:35:57,62,אף אוזן גרון,שרונה,visit_type,ביקור במרפאה,59
2026-07-30T17:35:57,62,אף אוזן גרון,שרונה,language,אנגלית,11
2026-07-30T17:35:57,62,אף אוזן גרון,שרונה,language,עברית,14
2026-07-30T17:35:57,62,אף אוזן גרון,שרונה,language,ערבית,14
2026-07-30T17:35:57,62,אף אוזן גרון,שרונה,language,רוסית,2
2026-07-30T17:36:07,62,אף אוזן גרון,תוקוע,gender,גבר,36
2026-07-30T17:36:07,62,אף אוזן גרון,תוקוע,gender,אישה,4
2026-07-30T17:36:07,62,אף אוזן גרון,תוקוע,visit_type,ביקור במרפאה,41
2026-07-30T17:36:07,62,אף אוזן גרון,תוקוע,language,אידיש,4
2026-07-30T17:36:07,62,אף אוזן גרון,תוקוע,language,איטלקית,1
2026-07-30T17:36:07,62,אף אוזן גרון,תוקוע,language,אנגלית,10
2026-07-30T17:36:07,62,אף אוזן גרון,תוקוע,language,עברית,10
2026-07-30T17:36:07,62,אף אוזן גרון,תוקוע,language,ערבית,4
2026-07-30T17:36:07,62,אף אוזן גרון,תוקוע,language,רוסית,4
2026-07-30T17:36:15,62,אף אוזן גרון,תל חי,gender,גבר,54
2026-07-30T17:36:15,62,אף אוזן גרון,תל חי,gender,אישה,5
2026-07-30T17:36:15,62,אף אוזן גרון,תל חי,visit_type,ביקור במרפאה,59
2026-07-30T17:36:15,62,אף אוזן גרון,תל חי,language,אנגלית,11
2026-07-30T17:36:15,62,אף אוזן גרון,תל חי,language,עברית,14
2026-07-30T17:36:15,62,אף אוזן גרון,תל חי,language,ערבית,14
2026-07-30T17:36:15,62,אף אוזן גרון,תל חי,language,רוסית,2
2026-07-30T17:36:26,62,אף אוזן גרון,תעשיון בר לב,gender,גבר,62
2026-07-30T17:36:26,62,אף אוזן גרון,תעשיון בר לב,gender,אישה,13
2026-07-30T17:36:26,62,אף אוזן גרון,תעשיון בר לב,visit_type,ביקור במרפאה,77
2026-07-30T17:36:26,62,אף אוזן גרון,תעשיון בר לב,visit_type,שיחת טלפון,5
2026-07-30T17:36:26,62,אף אוזן גרון,תעשיון בר לב,language,איטלקית,6
2026-07-30T17:36:26,62,אף אוזן גרון,תעשיון בר לב,language,אנגלית,52
2026-07-30T17:36:26,62,אף אוזן גרון,תעשיון בר לב,language,גרמנית,6
2026-07-30T17:36:26,62,אף אוזן גרון,תעשיון בר לב,language,הולנדית,1
2026-07-30T17:36:26,62,אף אוזן גרון,תעשיון בר לב,language,הונגרית,1
2026-07-30T17:36:26,62,אף אוזן גרון,תעשיון בר לב,language,ספרדית,2
2026-07-30T17:36:26,62,אף אוזן גרון,תעשיון בר לב,language,עברית,76
2026-07-30T17:36:26,62,אף אוזן גרון,תעשיון בר לב,language,ערבית,51
2026-07-30T17:36:26,62,אף אוזן גרון,תעשיון בר לב,language,צרפתית,1
2026-07-30T17:36:26,62,אף אוזן גרון,תעשיון בר לב,language,רומנית,7
2026-07-30T17:36:26,62,אף אוזן גרון,תעשיון בר לב,language,רוסית,16
2026-07-30T17:36:39,62,אף אוזן גרון,תקומה,gender,גבר,50
2026-07-30T17:36:39,62,אף אוזן גרון,תקומה,gender,אישה,7
2026-07-30T17:36:39,62,אף אוזן גרון,תקומה,visit_type,ביקור במרפאה,63
2026-07-30T17:36:39,62,אף אוזן גרון,תקומה,language,אוקראינית,1
2026-07-30T17:36:39,62,אף אוזן גרון,תקומה,language,אידיש,3
2026-07-30T17:36:39,62,אף אוזן גרון,תקומה,language,אנגלית,3
2026-07-30T17:36:39,62,אף אוזן גרון,תקומה,language,הונגרית,1
2026-07-30T17:36:39,62,אף אוזן גרון,תקומה,language,ספרדית,3
2026-07-30T17:36:39,62,אף אוזן גרון,תקומה,language,עברית,11
2026-07-30T17:36:39,62,אף אוזן גרון,תקומה,language,ערבית,5
2026-07-30T17:36:39,62,אף אוזן גרון,תקומה,language,צכית,1
2026-07-30T17:36:39,62,אף אוזן גרון,תקומה,language,רוסית,1
2026-07-30T17:36:54,63,נשים,א ראס,gender,גבר,47
2026-07-30T17:36:54,63,נשים,א ראס,gender,אישה,92
2026-07-30T17:36:54,63,נשים,א ראס,visit_type,ביקור במרפאה,142
2026-07-30T17:36:54,63,נשים,א ראס,visit_type,שיחת טלפון,2
2026-07-30T17:36:54,63,נשים,א ראס,language,אידיש,1
2026-07-30T17:36:54,63,נשים,א ראס,language,אנגלית,18
2026-07-30T17:36:54,63,נשים,א ראס,language,גרמנית,1
2026-07-30T17:36:54,63,נשים,א ראס,language,עברית,32
2026-07-30T17:36:54,63,נשים,א ראס,language,ערבית,8
2026-07-30T17:36:54,63,נשים,א ראס,language,צרפתית,2
2026-07-30T17:36:54,63,נשים,א ראס,language,רומנית,2
2026-07-30T17:36:54,63,נשים,א ראס,language,רוסית,11
2026-07-30T17:37:16,63,נשים,אבו עמאר,gender,גבר,43
2026-07-30T17:37:16,63,נשים,אבו עמאר,gender,אישה,67
2026-07-30T17:37:16,63,נשים,אבו עמאר,visit_type,ביקור במרפאה,112
2026-07-30T17:37:16,63,נשים,אבו עמאר,language,אידיש,3
2026-07-30T17:37:16,63,נשים,אבו עמאר,language,אנגלית,21
2026-07-30T17:37:16,63,נשים,אבו עמאר,language,ליטאית,1
2026-07-30T17:37:16,63,נשים,אבו עמאר,language,סינית,1
2026-07-30T17:37:16,63,נשים,אבו עמאר,language,עברית,9
2026-07-30T17:37:16,63,נשים,אבו עמאר,language,ערבית,4
2026-07-30T17:37:16,63,נשים,אבו עמאר,language,רוסית,19
2026-07-30T17:37:34,63,נשים,אודם,gender,גבר,29
2026-07-30T17:37:34,63,נשים,אודם,gender,אישה,58
2026-07-30T17:37:34,63,נשים,אודם,visit_type,ביקור במרפאה,87
2026-07-30T17:37:34,63,נשים,אודם,language,אנגלית,9
2026-07-30T17:37:34,63,נשים,אודם,language,עברית,13
2026-07-30T17:37:34,63,נשים,אודם,language,ערבית,4
2026-07-30T17:37:34,63,נשים,אודם,language,רוסית,3
2026-07-30T17:37:49,63,נשים,אזור תעשייה אכזיב מילואות,gender,גבר,47
2026-07-30T17:37:49,63,נשים,אזור תעשייה אכזיב מילואות,gender,אישה,127
2026-07-30T17:37:49,63,נשים,אזור תעשייה אכזיב מילואות,visit_type,ביקור במרפאה,175
2026-07-30T17:37:49,63,נשים,אזור תעשייה אכזיב מילואות,visit_type,שיחת טלפון,2
2026-07-30T17:37:49,63,נשים,אזור תעשייה אכזיב מילואות,language,אידיש,1
2026-07-30T17:37:49,63,נשים,אזור תעשייה אכזיב מילואות,language,איטלקית,7
2026-07-30T17:37:49,63,נשים,אזור תעשייה אכזיב מילואות,language,אנגלית,116
2026-07-30T17:37:49,63,נשים,אזור תעשייה אכזיב מילואות,language,הונגרית,3
2026-07-30T17:37:49,63,נשים,אזור תעשייה אכזיב מילואות,language,ספרדית,1
2026-07-30T17:37:49,63,נשים,אזור תעשייה אכזיב מילואות,language,עברית,169
2026-07-30T17:37:49,63,נשים,אזור תעשייה אכזיב מילואות,language,ערבית,98
2026-07-30T17:37:49,63,נשים,אזור תעשייה אכזיב מילואות,language,צרפתית,5
2026-07-30T17:37:49,63,נשים,אזור תעשייה אכזיב מילואות,language,רומנית,9
2026-07-30T17:37:49,63,נשים,אזור תעשייה אכזיב מילואות,language,רוסית,34
2026-07-30T17:37:49,63,נשים,אזור תעשייה אכזיב מילואות,language,שוודית,1
2026-07-30T17:38:09,63,נשים,אטרש,gender,גבר,43
2026-07-30T17:38:09,63,נשים,אטרש,gender,אישה,67
2026-07-30T17:38:09,63,נשים,אטרש,visit_type,ביקור במרפאה,112
2026-07-30T17:38:09,63,נשים,אטרש,language,אידיש,3
2026-07-30T17:38:09,63,נשים,אטרש,language,אנגלית,21
2026-07-30T17:38:09,63,נשים,אטרש,language,ליטאית,1
2026-07-30T17:38:09,63,נשים,אטרש,language,סינית,1
2026-07-30T17:38:09,63,נשים,אטרש,language,עברית,9
2026-07-30T17:38:09,63,נשים,אטרש,language,ערבית,4
2026-07-30T17:38:09,63,נשים,אטרש,language,רוסית,19
2026-07-30T17:38:25,63,נשים,אילת,gender,גבר,5
2026-07-30T17:38:25,63,נשים,אילת,gender,אישה,2
2026-07-30T17:38:25,63,נשים,אילת,visit_type,ביקור במרפאה,10
2026-07-30T17:38:25,63,נשים,אילת,visit_type,שיחת טלפון,8
2026-07-30T17:38:25,63,נשים,אילת,language,אנגלית,2
2026-07-30T17:38:25,63,נשים,אילת,language,עברית,2
2026-07-30T17:38:25,63,נשים,אילת,language,רוסית,1
2026-07-30T17:38:28,63,נשים,אל ערוב,gender,גבר,47
2026-07-30T17:38:28,63,נשים,אל ערוב,gender,אישה,79
2026-07-30T17:38:28,63,נשים,אל ערוב,visit_type,ביקור במרפאה,131
2026-07-30T17:38:28,63,נשים,אל ערוב,visit_type,שיחת טלפון,16
2026-07-30T17:38:28,63,נשים,אל ערוב,visit_type,שיחת וידאו,1
2026-07-30T17:38:28,63,נשים,אל ערוב,language,אידיש,2
2026-07-30T17:38:28,63,נשים,אל ערוב,language,אנגלית,20
2026-07-30T17:38:28,63,נשים,אל ערוב,language,עברית,24
2026-07-30T17:38:28,63,נשים,אל ערוב,language,ערבית,3
2026-07-30T17:38:28,63,נשים,אל ערוב,language,צרפתית,2
2026-07-30T17:38:28,63,נשים,אל ערוב,language,רוסית,3
2026-07-30T17:38:47,63,נשים,אפיניש,gender,גבר,43
2026-07-30T17:38:47,63,נשים,אפיניש,gender,אישה,67
2026-07-30T17:38:47,63,נשים,אפיניש,visit_type,ביקור במרפאה,112
2026-07-30T17:38:47,63,נשים,אפיניש,language,אידיש,3
2026-07-30T17:38:47,63,נשים,אפיניש,language,אנגלית,21
2026-07-30T17:38:47,63,נשים,אפיניש,language,ליטאית,1
2026-07-30T17:38:47,63,נשים,אפיניש,language,סינית,1
2026-07-30T17:38:47,63,נשים,אפיניש,language,עברית,9
2026-07-30T17:38:47,63,נשים,אפיניש,language,ערבית,4
2026-07-30T17:38:47,63,נשים,אפיניש,language,רוסית,19
2026-07-30T17:39:06,63,נשים,ארסוף,gender,גבר,47
2026-07-30T17:39:06,63,נשים,ארסוף,gender,אישה,92
2026-07-30T17:39:06,63,נשים,ארסוף,visit_type,ביקור במרפאה,142
2026-07-30T17:39:06,63,נשים,ארסוף,visit_type,שיחת טלפון,2
2026-07-30T17:39:06,63,נשים,ארסוף,language,אידיש,1
2026-07-30T17:39:06,63,נשים,ארסוף,language,אנגלית,18
2026-07-30T17:39:06,63,נשים,ארסוף,language,גרמנית,1
2026-07-30T17:39:06,63,נשים,ארסוף,language,עברית,32
2026-07-30T17:39:06,63,נשים,ארסוף,language,ערבית,8
2026-07-30T17:39:06,63,נשים,ארסוף,language,צרפתית,2
2026-07-30T17:39:06,63,נשים,ארסוף,language,רומנית,2
2026-07-30T17:39:06,63,נשים,ארסוף,language,רוסית,11
2026-07-30T17:39:26,63,נשים,אשקלון,gender,גבר,47
2026-07-30T17:39:26,63,נשים,אשקלון,gender,אישה,61
2026-07-30T17:39:26,63,נשים,אשקלון,visit_type,ביקור במרפאה,108
2026-07-30T17:39:26,63,נשים,אשקלון,visit_type,שיחת טלפון,1
2026-07-30T17:39:26,63,נשים,אשקלון,language,אידיש,4
2026-07-30T17:39:26,63,נשים,אשקלון,language,אנגלית,13
2026-07-30T17:39:26,63,נשים,אשקלון,language,גרמנית,1
2026-07-30T17:39:26,63,נשים,אשקלון,language,ליטאית,1
2026-07-30T17:39:26,63,נשים,אשקלון,language,סינית,1
2026-07-30T17:39:26,63,נשים,אשקלון,language,עברית,8
2026-07-30T17:39:26,63,נשים,אשקלון,language,ערבית,3
2026-07-30T17:39:26,63,נשים,אשקלון,language,רוסית,14
2026-07-30T17:39:42,63,נשים,בארות יצחק,gender,גבר,26
2026-07-30T17:39:42,63,נשים,בארות יצחק,gender,אישה,39
2026-07-30T17:39:42,63,נשים,בארות יצחק,visit_type,ביקור במרפאה,70
2026-07-30T17:39:42,63,נשים,בארות יצחק,language,אידיש,1
2026-07-30T17:39:42,63,נשים,בארות יצחק,language,איטלקית,4
2026-07-30T17:39:42,63,נשים,בארות יצחק,language,אנגלית,19
2026-07-30T17:39:42,63,נשים,בארות יצחק,language,ספרדית,1
2026-07-30T17:39:42,63,נשים,בארות יצחק,language,עברית,35
2026-07-30T17:39:42,63,נשים,בארות יצחק,language,ערבית,1
2026-07-30T17:39:42,63,נשים,בארות יצחק,language,צרפתית,2
2026-07-30T17:39:42,63,נשים,בארות יצחק,language,רומנית,6
2026-07-30T17:39:42,63,נשים,בארות יצחק,language,רוסית,5
2026-07-30T17:39:56,63,נשים,בורין,gender,גבר,47
2026-07-30T17:39:56,63,נשים,בורין,gender,אישה,92
2026-07-30T17:39:56,63,נשים,בורין,visit_type,ביקור במרפאה,142
2026-07-30T17:39:56,63,נשים,בורין,visit_type,שיחת טלפון,2
2026-07-30T17:39:56,63,נשים,בורין,language,אידיש,1
2026-07-30T17:39:56,63,נשים,בורין,language,אנגלית,18
2026-07-30T17:39:56,63,נשים,בורין,language,גרמנית,1
2026-07-30T17:39:56,63,נשים,בורין,language,עברית,32
2026-07-30T17:39:56,63,נשים,בורין,language,ערבית,8
2026-07-30T17:39:56,63,נשים,בורין,language,צרפתית,2
2026-07-30T17:39:56,63,נשים,בורין,language,רומנית,2
2026-07-30T17:39:56,63,נשים,בורין,language,רוסית,11
2026-07-30T17:40:16,63,נשים,ביצרון,gender,גבר,28
2026-07-30T17:40:16,63,נשים,ביצרון,gender,אישה,31
2026-07-30T17:40:16,63,נשים,ביצרון,visit_type,ביקור במרפאה,63
2026-07-30T17:40:16,63,נשים,ביצרון,language,אוקראינית,2
2026-07-30T17:40:16,63,נשים,ביצרון,language,איטלקית,1
2026-07-30T17:40:16,63,נשים,ביצרון,language,אנגלית,13
2026-07-30T17:40:16,63,נשים,ביצרון,language,גרוזינית,1
2026-07-30T17:40:16,63,נשים,ביצרון,language,הונגרית,1
2026-07-30T17:40:16,63,נשים,ביצרון,language,ספרדית,1
2026-07-30T17:40:16,63,נשים,ביצרון,language,עברית,20
2026-07-30T17:40:16,63,נשים,ביצרון,language,צרפתית,2
2026-07-30T17:40:16,63,נשים,ביצרון,language,רוסית,10
2026-07-30T17:40:28,63,נשים,בני דרור,gender,גבר,47
2026-07-30T17:40:28,63,נשים,בני דרור,gender,אישה,92
2026-07-30T17:40:28,63,נשים,בני דרור,visit_type,ביקור במרפאה,142
2026-07-30T17:40:28,63,נשים,בני דרור,visit_type,שיחת טלפון,2
2026-07-30T17:40:28,63,נשים,בני דרור,language,אידיש,1
2026-07-30T17:40:28,63,נשים,בני דרור,language,אנגלית,18
2026-07-30T17:40:28,63,נשים,בני דרור,language,גרמנית,1
2026-07-30T17:40:28,63,נשים,בני דרור,language,עברית,32
2026-07-30T17:40:28,63,נשים,בני דרור,language,ערבית,8
2026-07-30T17:40:28,63,נשים,בני דרור,language,צרפתית,2
2026-07-30T17:40:28,63,נשים,בני דרור,language,רומנית,2
2026-07-30T17:40:28,63,נשים,בני דרור,language,רוסית,11
2026-07-30T17:40:48,63,נשים,בצת,gender,גבר,23
2026-07-30T17:40:48,63,נשים,בצת,gender,אישה,64
2026-07-30T17:40:48,63,נשים,בצת,visit_type,ביקור במרפאה,88
2026-07-30T17:40:48,63,נשים,בצת,visit_type,שיחת טלפון,2
2026-07-30T17:40:48,63,נשים,בצת,language,איטלקית,4
2026-07-30T17:40:48,63,נשים,בצת,language,אנגלית,56
2026-07-30T17:40:48,63,נשים,בצת,language,ספרדית,1
2026-07-30T17:40:48,63,נשים,בצת,language,עברית,85
2026-07-30T17:40:48,63,נשים,בצת,language,ערבית,64
2026-07-30T17:40:48,63,נשים,בצת,language,רומנית,4
2026-07-30T17:40:48,63,נשים,בצת,language,רוסית,15
2026-07-30T17:41:03,63,נשים,ברכה,gender,גבר,47
2026-07-30T17:41:03,63,נשים,ברכה,gender,אישה,92
2026-07-30T17:41:03,63,נשים,ברכה,visit_type,ביקור במרפאה,142
2026-07-30T17:41:03,63,נשים,ברכה,visit_type,שיחת טלפון,2
2026-07-30T17:41:03,63,נשים,ברכה,language,אידיש,1
2026-07-30T17:41:03,63,נשים,ברכה,language,אנגלית,18
2026-07-30T17:41:03,63,נשים,ברכה,language,גרמנית,1
2026-07-30T17:41:03,63,נשים,ברכה,language,עברית,32
2026-07-30T17:41:03,63,נשים,ברכה,language,ערבית,8
2026-07-30T17:41:03,63,נשים,ברכה,language,צרפתית,2
2026-07-30T17:41:03,63,נשים,ברכה,language,רומנית,2
2026-07-30T17:41:03,63,נשים,ברכה,language,רוסית,11
2026-07-30T17:41:23,63,נשים,ג'אלוד,gender,גבר,47
2026-07-30T17:41:23,63,נשים,ג'אלוד,gender,אישה,79
2026-07-30T17:41:23,63,נשים,ג'אלוד,visit_type,ביקור במרפאה,131
2026-07-30T17:41:23,63,נשים,ג'אלוד,visit_type,שיחת טלפון,16
2026-07-30T17:41:23,63,נשים,ג'אלוד,visit_type,שיחת וידאו,1
2026-07-30T17:41:23,63,נשים,ג'אלוד,language,אידיש,2
2026-07-30T17:41:23,63,נשים,ג'אלוד,language,אנגלית,20
2026-07-30T17:41:23,63,נשים,ג'אלוד,language,עברית,24
2026-07-30T17:41:23,63,נשים,ג'אלוד,language,ערבית,3
2026-07-30T17:41:23,63,נשים,ג'אלוד,language,צרפתית,2
2026-07-30T17:41:23,63,נשים,ג'אלוד,language,רוסית,3
2026-07-30T17:41:41,63,נשים,גבע בנימין,gender,גבר,47
2026-07-30T17:41:41,63,נשים,גבע בנימין,gender,אישה,79
2026-07-30T17:41:41,63,נשים,גבע בנימין,visit_type,ביקור במרפאה,131
2026-07-30T17:41:41,63,נשים,גבע בנימין,visit_type,שיחת טלפון,16
2026-07-30T17:41:41,63,נשים,גבע בנימין,visit_type,שיחת וידאו,1
2026-07-30T17:41:41,63,נשים,גבע בנימין,language,אידיש,2
2026-07-30T17:41:41,63,נשים,גבע בנימין,language,אנגלית,20
2026-07-30T17:41:41,63,נשים,גבע בנימין,language,עברית,24
2026-07-30T17:41:41,63,נשים,גבע בנימין,language,ערבית,3
2026-07-30T17:41:41,63,נשים,גבע בנימין,language,צרפתית,2
2026-07-30T17:41:41,63,נשים,גבע בנימין,language,רוסית,3
2026-07-30T17:42:00,63,נשים,גדרה,gender,גבר,28
2026-07-30T17:42:00,63,נשים,גדרה,gender,אישה,31
2026-07-30T17:42:00,63,נשים,גדרה,visit_type,ביקור במרפאה,63
2026-07-30T17:42:00,63,נשים,גדרה,language,אוקראינית,2
2026-07-30T17:42:00,63,נשים,גדרה,language,איטלקית,1
2026-07-30T17:42:00,63,נשים,גדרה,language,אנגלית,13
2026-07-30T17:42:00,63,נשים,גדרה,language,גרוזינית,1
2026-07-30T17:42:00,63,נשים,גדרה,language,הונגרית,1
2026-07-30T17:42:00,63,נשים,גדרה,language,ספרדית,1
2026-07-30T17:42:00,63,נשים,גדרה,language,עברית,20
2026-07-30T17:42:00,63,נשים,גדרה,language,צרפתית,2
2026-07-30T17:42:00,63,נשים,גדרה,language,רוסית,10
2026-07-30T17:42:11,63,נשים,גילת,gender,גבר,68
2026-07-30T17:42:11,63,נשים,גילת,gender,אישה,86
2026-07-30T17:42:11,63,נשים,גילת,visit_type,ביקור במרפאה,156
2026-07-30T17:42:11,63,נשים,גילת,visit_type,שיחת טלפון,1
2026-07-30T17:42:11,63,נשים,גילת,language,אידיש,4
2026-07-30T17:42:11,63,נשים,גילת,language,אנגלית,22
2026-07-30T17:42:11,63,נשים,גילת,language,גרמנית,1
2026-07-30T17:42:11,63,נשים,גילת,language,ליטאית,1
2026-07-30T17:42:11,63,נשים,גילת,language,סינית,1
2026-07-30T17:42:11,63,נשים,גילת,language,עברית,14
2026-07-30T17:42:11,63,נשים,גילת,language,ערבית,4
2026-07-30T17:42:11,63,נשים,גילת,language,רוסית,22
2026-07-30T17:42:31,63,נשים,גמזו,gender,גבר,40
2026-07-30T17:42:31,63,נשים,גמזו,gender,אישה,46
2026-07-30T17:42:31,63,נשים,גמזו,visit_type,ביקור במרפאה,88
2026-07-30T17:42:31,63,נשים,גמזו,language,אוקראינית,3
2026-07-30T17:42:31,63,נשים,גמזו,language,אידיש,1
2026-07-30T17:42:31,63,נשים,גמזו,language,איטלקית,2
2026-07-30T17:42:31,63,נשים,גמזו,language,אנגלית,21
2026-07-30T17:42:31,63,נשים,גמזו,language,הונגרית,1
2026-07-30T17:42:31,63,נשים,גמזו,language,ספרדית,1
2026-07-30T17:42:31,63,נשים,גמזו,language,עברית,29
2026-07-30T17:42:31,63,נשים,גמזו,language,צרפתית,1
2026-07-30T17:42:31,63,נשים,גמזו,language,רוסית,12
2026-07-30T17:42:44,63,נשים,געתון,gender,גבר,23
2026-07-30T17:42:44,63,נשים,געתון,gender,אישה,64
2026-07-30T17:42:44,63,נשים,געתון,visit_type,ביקור במרפאה,88
2026-07-30T17:42:44,63,נשים,געתון,visit_type,שיחת טלפון,2
2026-07-30T17:42:44,63,נשים,געתון,language,איטלקית,4
2026-07-30T17:42:44,63,נשים,געתון,language,אנגלית,56
2026-07-30T17:42:44,63,נשים,געתון,language,ספרדית,1
2026-07-30T17:42:44,63,נשים,געתון,language,עברית,85
2026-07-30T17:42:44,63,נשים,געתון,language,ערבית,64
2026-07-30T17:42:44,63,נשים,געתון,language,רומנית,4
2026-07-30T17:42:44,63,נשים,געתון,language,רוסית,15
2026-07-30T17:42:59,63,נשים,דבוריה,gender,אישה,127
2026-07-30T17:42:59,63,נשים,דבוריה,gender,גבר,48
2026-07-30T17:42:59,63,נשים,דבוריה,visit_type,ביקור במרפאה,176
2026-07-30T17:42:59,63,נשים,דבוריה,visit_type,שיחת טלפון,1
2026-07-30T17:42:59,63,נשים,דבוריה,language,איטלקית,1
2026-07-30T17:42:59,63,נשים,דבוריה,language,אנגלית,29
2026-07-30T17:42:59,63,נשים,דבוריה,language,הונגרית,1
2026-07-30T17:42:59,63,נשים,דבוריה,language,עברית,50
2026-07-30T17:42:59,63,נשים,דבוריה,language,ערבית,28
2026-07-30T17:42:59,63,נשים,דבוריה,language,רומנית,1
2026-07-30T17:42:59,63,נשים,דבוריה,language,רוסית,11
2026-07-30T17:43:19,63,נשים,דומא במרכז שומרון,gender,גבר,68
2026-07-30T17:43:19,63,נשים,דומא במרכז שומרון,gender,אישה,86
2026-07-30T17:43:19,63,נשים,דומא במרכז שומרון,visit_type,ביקור במרפאה,156
2026-07-30T17:43:19,63,נשים,דומא במרכז שומרון,visit_type,שיחת טלפון,1
2026-07-30T17:43:19,63,נשים,דומא במרכז שומרון,language,אידיש,4
2026-07-30T17:43:19,63,נשים,דומא במרכז שומרון,language,אנגלית,22
2026-07-30T17:43:19,63,נשים,דומא במרכז שומרון,language,גרמנית,1
2026-07-30T17:43:19,63,נשים,דומא במרכז שומרון,language,ליטאית,1
2026-07-30T17:43:19,63,נשים,דומא במרכז שומרון,language,סינית,1
2026-07-30T17:43:19,63,נשים,דומא במרכז שומרון,language,עברית,14
2026-07-30T17:43:19,63,נשים,דומא במרכז שומרון,language,ערבית,4
2026-07-30T17:43:19,63,נשים,דומא במרכז שומרון,language,רוסית,22
2026-07-30T17:43:38,63,נשים,דיר א סודאן,gender,גבר,10
2026-07-30T17:43:38,63,נשים,דיר א סודאן,gender,אישה,15
2026-07-30T17:43:38,63,נשים,דיר א סודאן,visit_type,ביקור במרפאה,29
2026-07-30T17:43:38,63,נשים,דיר א סודאן,language,איטלקית,4
2026-07-30T17:43:38,63,נשים,דיר א סודאן,language,אנגלית,12
2026-07-30T17:43:38,63,נשים,דיר א סודאן,language,ספרדית,1
2026-07-30T17:43:38,63,נשים,דיר א סודאן,language,עברית,24
2026-07-30T17:43:38,63,נשים,דיר א סודאן,language,ערבית,1
2026-07-30T17:43:38,63,נשים,דיר א סודאן,language,צרפתית,2
2026-07-30T17:43:38,63,נשים,דיר א סודאן,language,רומנית,4
2026-07-30T17:43:38,63,נשים,דיר א סודאן,language,רוסית,2
2026-07-30T17:43:45,63,נשים,דפנה,gender,גבר,29
2026-07-30T17:43:45,63,נשים,דפנה,gender,אישה,58
2026-07-30T17:43:45,63,נשים,דפנה,visit_type,ביקור במרפאה,87
2026-07-30T17:43:45,63,נשים,דפנה,language,אנגלית,9
2026-07-30T17:43:45,63,נשים,דפנה,language,עברית,13
2026-07-30T17:43:45,63,נשים,דפנה,language,ערבית,4
2026-07-30T17:43:45,63,נשים,דפנה,language,רוסית,3
2026-07-30T17:43:58,63,נשים,הודיות מוסד חינוכי,gender,גבר,29
2026-07-30T17:43:58,63,נשים,הודיות מוסד חינוכי,gender,אישה,58
2026-07-30T17:43:58,63,נשים,הודיות מוסד חינוכי,visit_type,ביקור במרפאה,87
2026-07-30T17:43:58,63,נשים,הודיות מוסד חינוכי,language,אנגלית,9
2026-07-30T17:43:58,63,נשים,הודיות מוסד חינוכי,language,עברית,13
2026-07-30T17:43:58,63,נשים,הודיות מוסד חינוכי,language,ערבית,4
2026-07-30T17:43:58,63,נשים,הודיות מוסד חינוכי,language,רוסית,3
2026-07-30T17:44:13,63,נשים,המרכז האקדמי רופין,gender,גבר,47
2026-07-30T17:44:13,63,נשים,המרכז האקדמי רופין,gender,אישה,92
2026-07-30T17:44:13,63,נשים,המרכז האקדמי רופין,visit_type,ביקור במרפאה,142
2026-07-30T17:44:13,63,נשים,המרכז האקדמי רופין,visit_type,שיחת טלפון,2
2026-07-30T17:44:13,63,נשים,המרכז האקדמי רופין,language,אידיש,1
2026-07-30T17:44:13,63,נשים,המרכז האקדמי רופין,language,אנגלית,18
2026-07-30T17:44:13,63,נשים,המרכז האקדמי רופין,language,גרמנית,1
2026-07-30T17:44:13,63,נשים,המרכז האקדמי רופין,language,עברית,32
2026-07-30T17:44:13,63,נשים,המרכז האקדמי רופין,language,ערבית,8
2026-07-30T17:44:13,63,נשים,המרכז האקדמי רופין,language,צרפתית,2
2026-07-30T17:44:13,63,נשים,המרכז האקדמי רופין,language,רומנית,2
2026-07-30T17:44:13,63,נשים,המרכז האקדמי רופין,language,רוסית,11
2026-07-30T17:44:34,63,נשים,ורד הגליל,gender,גבר,29
2026-07-30T17:44:34,63,נשים,ורד הגליל,gender,אישה,58
2026-07-30T17:44:34,63,נשים,ורד הגליל,visit_type,ביקור במרפאה,87
2026-07-30T17:44:34,63,נשים,ורד הגליל,language,אנגלית,9
2026-07-30T17:44:34,63,נשים,ורד הגליל,language,עברית,13
2026-07-30T17:44:34,63,נשים,ורד הגליל,language,ערבית,4
2026-07-30T17:44:34,63,נשים,ורד הגליל,language,רוסית,3
2026-07-30T17:44:49,63,נשים,זוואתא,gender,גבר,47
2026-07-30T17:44:49,63,נשים,זוואתא,gender,אישה,92
2026-07-30T17:44:49,63,נשים,זוואתא,visit_type,ביקור במרפאה,142
2026-07-30T17:44:49,63,נשים,זוואתא,visit_type,שיחת טלפון,2
2026-07-30T17:44:49,63,נשים,זוואתא,language,אידיש,1
2026-07-30T17:44:49,63,נשים,זוואתא,language,אנגלית,18
2026-07-30T17:44:49,63,נשים,זוואתא,language,גרמנית,1
2026-07-30T17:44:49,63,נשים,זוואתא,language,עברית,32
2026-07-30T17:44:49,63,נשים,זוואתא,language,ערבית,8
2026-07-30T17:44:49,63,נשים,זוואתא,language,צרפתית,2
2026-07-30T17:44:49,63,נשים,זוואתא,language,רומנית,2
2026-07-30T17:44:49,63,נשים,זוואתא,language,רוסית,11
2026-07-30T17:45:08,63,נשים,זנוח,gender,גבר,47
2026-07-30T17:45:08,63,נשים,זנוח,gender,אישה,79
2026-07-30T17:45:08,63,נשים,זנוח,visit_type,ביקור במרפאה,131
2026-07-30T17:45:08,63,נשים,זנוח,visit_type,שיחת טלפון,16
2026-07-30T17:45:08,63,נשים,זנוח,visit_type,שיחת וידאו,1
2026-07-30T17:45:08,63,נשים,זנוח,language,אידיש,2
2026-07-30T17:45:08,63,נשים,זנוח,language,אנגלית,20
2026-07-30T17:45:08,63,נשים,זנוח,language,עברית,24
2026-07-30T17:45:08,63,נשים,זנוח,language,ערבית,3
2026-07-30T17:45:08,63,נשים,זנוח,language,צרפתית,2
2026-07-30T17:45:08,63,נשים,זנוח,language,רוסית,3
2026-07-30T17:45:29,63,נשים,חבר,gender,גבר,48
2026-07-30T17:45:29,63,נשים,חבר,gender,אישה,127
2026-07-30T17:45:29,63,נשים,חבר,visit_type,ביקור במרפאה,176
2026-07-30T17:45:29,63,נשים,חבר,visit_type,שיחת טלפון,1
2026-07-30T17:45:29,63,נשים,חבר,language,איטלקית,1
2026-07-30T17:45:29,63,נשים,חבר,language,אנגלית,29
2026-07-30T17:45:29,63,נשים,חבר,language,הונגרית,1
2026-07-30T17:45:29,63,נשים,חבר,language,עברית,50
2026-07-30T17:45:29,63,נשים,חבר,language,ערבית,28
2026-07-30T17:45:29,63,נשים,חבר,language,רומנית,1
2026-07-30T17:45:29,63,נשים,חבר,language,רוסית,11
2026-07-30T17:45:49,63,נשים,חולדה,gender,גבר,40
2026-07-30T17:45:49,63,נשים,חולדה,gender,אישה,46
2026-07-30T17:45:49,63,נשים,חולדה,visit_type,ביקור במרפאה,88
2026-07-30T17:45:49,63,נשים,חולדה,language,אוקראינית,3
2026-07-30T17:45:49,63,נשים,חולדה,language,אידיש,1
2026-07-30T17:45:49,63,נשים,חולדה,language,איטלקית,2
2026-07-30T17:45:49,63,נשים,חולדה,language,אנגלית,21
2026-07-30T17:45:49,63,נשים,חולדה,language,הונגרית,1
2026-07-30T17:45:49,63,נשים,חולדה,language,ספרדית,1
2026-07-30T17:45:49,63,נשים,חולדה,language,עברית,29
2026-07-30T17:45:49,63,נשים,חולדה,language,צרפתית,1
2026-07-30T17:45:49,63,נשים,חולדה,language,רוסית,12
2026-07-30T17:46:05,63,נשים,חיבת ציון,gender,גבר,62
2026-07-30T17:46:05,63,נשים,חיבת ציון,gender,אישה,138
2026-07-30T17:46:05,63,נשים,חיבת ציון,visit_type,ביקור במרפאה,203
2026-07-30T17:46:05,63,נשים,חיבת ציון,visit_type,שיחת טלפון,2
2026-07-30T17:46:05,63,נשים,חיבת ציון,language,אידיש,1
2026-07-30T17:46:05,63,נשים,חיבת ציון,language,איטלקית,1
2026-07-30T17:46:05,63,נשים,חיבת ציון,language,אנגלית,38
2026-07-30T17:46:05,63,נשים,חיבת ציון,language,גרמנית,1
2026-07-30T17:46:05,63,נשים,חיבת ציון,language,הונגרית,1
2026-07-30T17:46:05,63,נשים,חיבת ציון,language,עברית,63
2026-07-30T17:46:05,63,נשים,חיבת ציון,language,ערבית,28
2026-07-30T17:46:05,63,נשים,חיבת ציון,language,צרפתית,2
2026-07-30T17:46:05,63,נשים,חיבת ציון,language,רומנית,3
2026-07-30T17:46:05,63,נשים,חיבת ציון,language,רוסית,15
2026-07-30T17:46:24,63,נשים,חמדת,gender,גבר,47
2026-07-30T17:46:24,63,נשים,חמדת,gender,אישה,79
2026-07-30T17:46:24,63,נשים,חמדת,visit_type,ביקור במרפאה,131
2026-07-30T17:46:24,63,נשים,חמדת,visit_type,שיחת טלפון,16
2026-07-30T17:46:24,63,נשים,חמדת,visit_type,שיחת וידאו,1
2026-07-30T17:46:24,63,נשים,חמדת,language,אידיש,2
2026-07-30T17:46:24,63,נשים,חמדת,language,אנגלית,20
2026-07-30T17:46:24,63,נשים,חמדת,language,עברית,24
2026-07-30T17:46:24,63,נשים,חמדת,language,ערבית,3
2026-07-30T17:46:24,63,נשים,חמדת,language,צרפתית,2
2026-07-30T17:46:24,63,נשים,חמדת,language,רוסית,3
2026-07-30T17:46:42,63,נשים,חצור אשדוד,gender,גבר,28
2026-07-30T17:46:42,63,נשים,חצור אשדוד,gender,אישה,31
2026-07-30T17:46:42,63,נשים,חצור אשדוד,visit_type,ביקור במרפאה,63
2026-07-30T17:46:42,63,נשים,חצור אשדוד,language,אוקראינית,2
2026-07-30T17:46:42,63,נשים,חצור אשדוד,language,איטלקית,1
2026-07-30T17:46:42,63,נשים,חצור אשדוד,language,אנגלית,13
2026-07-30T17:46:42,63,נשים,חצור אשדוד,language,גרוזינית,1
2026-07-30T17:46:42,63,נשים,חצור אשדוד,language,הונגרית,1
2026-07-30T17:46:42,63,נשים,חצור אשדוד,language,ספרדית,1
2026-07-30T17:46:42,63,נשים,חצור אשדוד,language,עברית,20
2026-07-30T17:46:42,63,נשים,חצור אשדוד,language,צרפתית,2
2026-07-30T17:46:42,63,נשים,חצור אשדוד,language,רוסית,10
2026-07-30T17:46:53,63,נשים,טבריה,gender,גבר,29
2026-07-30T17:46:53,63,נשים,טבריה,gender,אישה,58
2026-07-30T17:46:53,63,נשים,טבריה,visit_type,ביקור במרפאה,87
2026-07-30T17:46:53,63,נשים,טבריה,language,אנגלית,9
2026-07-30T17:46:53,63,נשים,טבריה,language,עברית,13
2026-07-30T17:46:53,63,נשים,טבריה,language,ערבית,4
2026-07-30T17:46:53,63,נשים,טבריה,language,רוסית,3
2026-07-30T17:47:07,63,נשים,טירת יהודה,gender,גבר,26
2026-07-30T17:47:07,63,נשים,טירת יהודה,gender,אישה,39
2026-07-30T17:47:07,63,נשים,טירת יהודה,visit_type,ביקור במרפאה,70
2026-07-30T17:47:07,63,נשים,טירת יהודה,language,אידיש,1
2026-07-30T17:47:07,63,נשים,טירת יהודה,language,איטלקית,4
2026-07-30T17:47:07,63,נשים,טירת יהודה,language,אנגלית,19
2026-07-30T17:47:07,63,נשים,טירת יהודה,language,ספרדית,1
2026-07-30T17:47:07,63,נשים,טירת יהודה,language,עברית,35
2026-07-30T17:47:07,63,נשים,טירת יהודה,language,ערבית,1
2026-07-30T17:47:07,63,נשים,טירת יהודה,language,צרפתית,2
2026-07-30T17:47:07,63,נשים,טירת יהודה,language,רומנית,6
2026-07-30T17:47:07,63,נשים,טירת יהודה,language,רוסית,5
2026-07-30T17:47:18,63,נשים,טמרה יזרעאל,gender,גבר,29
2026-07-30T17:47:18,63,נשים,טמרה יזרעאל,gender,אישה,58
2026-07-30T17:47:18,63,נשים,טמרה יזרעאל,visit_type,ביקור במרפאה,87
2026-07-30T17:47:18,63,נשים,טמרה יזרעאל,language,אנגלית,9
2026-07-30T17:47:18,63,נשים,טמרה יזרעאל,language,עברית,13
2026-07-30T17:47:18,63,נשים,טמרה יזרעאל,language,ערבית,4
2026-07-30T17:47:18,63,נשים,טמרה יזרעאל,language,רוסית,3
2026-07-30T17:47:32,63,נשים,יבנאל,gender,אישה,58
2026-07-30T17:47:32,63,נשים,יבנאל,gender,גבר,29
2026-07-30T17:47:32,63,נשים,יבנאל,visit_type,ביקור במרפאה,87
2026-07-30T17:47:32,63,נשים,יבנאל,language,אנגלית,9
2026-07-30T17:47:32,63,נשים,יבנאל,language,עברית,13
2026-07-30T17:47:32,63,נשים,יבנאל,language,ערבית,4
2026-07-30T17:47:32,63,נשים,יבנאל,language,רוסית,3
2026-07-30T17:47:46,63,נשים,יד רמב''ם,gender,גבר,40
2026-07-30T17:47:46,63,נשים,יד רמב''ם,gender,אישה,46
2026-07-30T17:47:46,63,נשים,יד רמב''ם,visit_type,ביקור במרפאה,88
2026-07-30T17:47:46,63,נשים,יד רמב''ם,language,אוקראינית,3
2026-07-30T17:47:46,63,נשים,יד רמב''ם,language,אידיש,1
2026-07-30T17:47:46,63,נשים,יד רמב''ם,language,איטלקית,2
2026-07-30T17:47:46,63,נשים,יד רמב''ם,language,אנגלית,21
2026-07-30T17:47:46,63,נשים,יד רמב''ם,language,הונגרית,1
2026-07-30T17:47:46,63,נשים,יד רמב''ם,language,ספרדית,1
2026-07-30T17:47:46,63,נשים,יד רמב''ם,language,עברית,29
2026-07-30T17:47:46,63,נשים,יד רמב''ם,language,צרפתית,1
2026-07-30T17:47:46,63,נשים,יד רמב''ם,language,רוסית,12
2026-07-30T17:48:00,63,נשים,יחיעם,gender,גבר,23
2026-07-30T17:48:00,63,נשים,יחיעם,gender,אישה,64
2026-07-30T17:48:00,63,נשים,יחיעם,visit_type,ביקור במרפאה,88
2026-07-30T17:48:00,63,נשים,יחיעם,visit_type,שיחת טלפון,2
2026-07-30T17:48:00,63,נשים,יחיעם,language,איטלקית,4
2026-07-30T17:48:00,63,נשים,יחיעם,language,אנגלית,56
2026-07-30T17:48:00,63,נשים,יחיעם,language,ספרדית,1
2026-07-30T17:48:00,63,נשים,יחיעם,language,עברית,85
2026-07-30T17:48:00,63,נשים,יחיעם,language,ערבית,64
2026-07-30T17:48:00,63,נשים,יחיעם,language,רומנית,4
2026-07-30T17:48:00,63,נשים,יחיעם,language,רוסית,15
2026-07-30T17:48:15,63,נשים,יעבד,gender,גבר,47
2026-07-30T17:48:15,63,נשים,יעבד,gender,אישה,92
2026-07-30T17:48:15,63,נשים,יעבד,visit_type,ביקור במרפאה,142
2026-07-30T17:48:15,63,נשים,יעבד,visit_type,שיחת טלפון,2
2026-07-30T17:48:15,63,נשים,יעבד,language,אידיש,1
2026-07-30T17:48:15,63,נשים,יעבד,language,אנגלית,18
2026-07-30T17:48:15,63,נשים,יעבד,language,גרמנית,1
2026-07-30T17:48:15,63,נשים,יעבד,language,עברית,32
2026-07-30T17:48:15,63,נשים,יעבד,language,ערבית,8
2026-07-30T17:48:15,63,נשים,יעבד,language,צרפתית,2
2026-07-30T17:48:15,63,נשים,יעבד,language,רומנית,2
2026-07-30T17:48:15,63,נשים,יעבד,language,רוסית,11
2026-07-30T17:48:35,63,נשים,יציץ,gender,גבר,63
2026-07-30T17:48:35,63,נשים,יציץ,gender,אישה,70
2026-07-30T17:48:35,63,נשים,יציץ,visit_type,ביקור במרפאה,138
2026-07-30T17:48:35,63,נשים,יציץ,language,אוקראינית,3
2026-07-30T17:48:35,63,נשים,יציץ,language,אידיש,1
2026-07-30T17:48:35,63,נשים,יציץ,language,איטלקית,2
2026-07-30T17:48:35,63,נשים,יציץ,language,אנגלית,29
2026-07-30T17:48:35,63,נשים,יציץ,language,גרוזינית,1
2026-07-30T17:48:35,63,נשים,יציץ,language,הונגרית,2
2026-07-30T17:48:35,63,נשים,יציץ,language,ספרדית,2
2026-07-30T17:48:35,63,נשים,יציץ,language,עברית,48
2026-07-30T17:48:35,63,נשים,יציץ,language,צרפתית,2
2026-07-30T17:48:35,63,נשים,יציץ,language,רוסית,20
2026-07-30T17:48:54,63,נשים,יריחו,gender,גבר,47
2026-07-30T17:48:54,63,נשים,יריחו,gender,אישה,79
2026-07-30T17:48:54,63,נשים,יריחו,visit_type,ביקור במרפאה,131
2026-07-30T17:48:54,63,נשים,יריחו,visit_type,שיחת טלפון,16
2026-07-30T17:48:54,63,נשים,יריחו,visit_type,שיחת וידאו,1
2026-07-30T17:48:54,63,נשים,יריחו,language,אידיש,2
2026-07-30T17:48:54,63,נשים,יריחו,language,אנגלית,20
2026-07-30T17:48:54,63,נשים,יריחו,language,עברית,24
2026-07-30T17:48:54,63,נשים,יריחו,language,ערבית,3
2026-07-30T17:48:54,63,נשים,יריחו,language,צרפתית,2
2026-07-30T17:48:54,63,נשים,יריחו,language,רוסית,3
2026-07-30T17:49:15,63,נשים,כאוכב אבו אל היגא,gender,אישה,82
2026-07-30T17:49:15,63,נשים,כאוכב אבו אל היגא,gender,גבר,37
2026-07-30T17:49:15,63,נשים,כאוכב אבו אל היגא,visit_type,ביקור במרפאה,120
2026-07-30T17:49:15,63,נשים,כאוכב אבו אל היגא,visit_type,שיחת טלפון,2
2026-07-30T17:49:15,63,נשים,כאוכב אבו אל היגא,language,אידיש,1
2026-07-30T17:49:15,63,נשים,כאוכב אבו אל היגא,language,איטלקית,4
2026-07-30T17:49:15,63,נשים,כאוכב אבו אל היגא,language,אנגלית,75
2026-07-30T17:49:15,63,נשים,כאוכב אבו אל היגא,language,ספרדית,1
2026-07-30T17:49:15,63,נשים,כאוכב אבו אל היגא,language,עברית,115
2026-07-30T17:49:15,63,נשים,כאוכב אבו אל היגא,language,ערבית,74
2026-07-30T17:49:15,63,נשים,כאוכב אבו אל היגא,language,צרפתית,2
2026-07-30T17:49:15,63,נשים,כאוכב אבו אל היגא,language,רומנית,6
2026-07-30T17:49:15,63,נשים,כאוכב אבו אל היגא,language,רוסית,24
2026-07-30T17:49:15,63,נשים,כאוכב אבו אל היגא,language,שוודית,1
2026-07-30T17:49:35,63,נשים,כופיראת,gender,גבר,47
2026-07-30T17:49:35,63,נשים,כופיראת,gender,אישה,92
2026-07-30T17:49:35,63,נשים,כופיראת,visit_type,ביקור במרפאה,142
2026-07-30T17:49:35,63,נשים,כופיראת,visit_type,שיחת טלפון,2
2026-07-30T17:49:35,63,נשים,כופיראת,language,אידיש,1
2026-07-30T17:49:35,63,נשים,כופיראת,language,אנגלית,18
2026-07-30T17:49:35,63,נשים,כופיראת,language,גרמנית,1
2026-07-30T17:49:35,63,נשים,כופיראת,language,עברית,32
2026-07-30T17:49:35,63,נשים,כופיראת,language,ערבית,8
2026-07-30T17:49:35,63,נשים,כופיראת,language,צרפתית,2
2026-07-30T17:49:35,63,נשים,כופיראת,language,רומנית,2
2026-07-30T17:49:35,63,נשים,כופיראת,language,רוסית,11
2026-07-30T17:49:56,63,נשים,כליל,gender,גבר,37
2026-07-30T17:49:56,63,נשים,כליל,gender,אישה,82
2026-07-30T17:49:56,63,נשים,כליל,visit_type,ביקור במרפאה,120
2026-07-30T17:49:56,63,נשים,כליל,visit_type,שיחת טלפון,2
2026-07-30T17:49:56,63,נשים,כליל,language,אידיש,1
2026-07-30T17:49:56,63,נשים,כליל,language,איטלקית,4
2026-07-30T17:49:56,63,נשים,כליל,language,אנגלית,75
2026-07-30T17:49:56,63,נשים,כליל,language,ספרדית,1
2026-07-30T17:49:56,63,נשים,כליל,language,עברית,115
2026-07-30T17:49:56,63,נשים,כליל,language,ערבית,74
2026-07-30T17:49:56,63,נשים,כליל,language,צרפתית,2
2026-07-30T17:49:56,63,נשים,כליל,language,רומנית,6
2026-07-30T17:49:56,63,נשים,כליל,language,רוסית,24
2026-07-30T17:49:56,63,נשים,כליל,language,שוודית,1
2026-07-30T17:50:16,63,נשים,כעביה טבאש חג'אג'רה,gender,גבר,48
2026-07-30T17:50:16,63,נשים,כעביה טבאש חג'אג'רה,gender,אישה,127
2026-07-30T17:50:16,63,נשים,כעביה טבאש חג'אג'רה,visit_type,ביקור במרפאה,176
2026-07-30T17:50:16,63,נשים,כעביה טבאש חג'אג'רה,visit_type,שיחת טלפון,1
2026-07-30T17:50:16,63,נשים,כעביה טבאש חג'אג'רה,language,איטלקית,1
2026-07-30T17:50:16,63,נשים,כעביה טבאש חג'אג'רה,language,אנגלית,29
2026-07-30T17:50:16,63,נשים,כעביה טבאש חג'אג'רה,language,הונגרית,1
2026-07-30T17:50:16,63,נשים,כעביה טבאש חג'אג'רה,language,עברית,50
2026-07-30T17:50:16,63,נשים,כעביה טבאש חג'אג'רה,language,ערבית,28
2026-07-30T17:50:16,63,נשים,כעביה טבאש חג'אג'רה,language,רומנית,1
2026-07-30T17:50:16,63,נשים,כעביה טבאש חג'אג'רה,language,רוסית,11
2026-07-30T17:50:38,63,נשים,כפר בן נון,gender,גבר,40
2026-07-30T17:50:38,63,נשים,כפר בן נון,gender,אישה,46
2026-07-30T17:50:38,63,נשים,כפר בן נון,visit_type,ביקור במרפאה,88
2026-07-30T17:50:38,63,נשים,כפר בן נון,language,אוקראינית,3
2026-07-30T17:50:38,63,נשים,כפר בן נון,language,אידיש,1
2026-07-30T17:50:38,63,נשים,כפר בן נון,language,איטלקית,2
2026-07-30T17:50:38,63,נשים,כפר בן נון,language,אנגלית,21
2026-07-30T17:50:38,63,נשים,כפר בן נון,language,הונגרית,1
2026-07-30T17:50:38,63,נשים,כפר בן נון,language,ספרדית,1
2026-07-30T17:50:38,63,נשים,כפר בן נון,language,עברית,29
2026-07-30T17:50:38,63,נשים,כפר בן נון,language,צרפתית,1
2026-07-30T17:50:38,63,נשים,כפר בן נון,language,רוסית,12
2026-07-30T17:50:51,63,נשים,כרמי צור,gender,גבר,47
2026-07-30T17:50:51,63,נשים,כרמי צור,gender,אישה,79
2026-07-30T17:50:51,63,נשים,כרמי צור,visit_type,ביקור במרפאה,131
2026-07-30T17:50:51,63,נשים,כרמי צור,visit_type,שיחת טלפון,16
2026-07-30T17:50:51,63,נשים,כרמי צור,visit_type,שיחת וידאו,1
2026-07-30T17:50:51,63,נשים,כרמי צור,language,אידיש,2
2026-07-30T17:50:51,63,נשים,כרמי צור,language,אנגלית,20
2026-07-30T17:50:51,63,נשים,כרמי צור,language,עברית,24
2026-07-30T17:50:51,63,נשים,כרמי צור,language,ערבית,3
2026-07-30T17:50:51,63,נשים,כרמי צור,language,צרפתית,2
2026-07-30T17:50:51,63,נשים,כרמי צור,language,רוסית,3
2026-07-30T17:51:10,63,נשים,לובאן שרקיה,gender,גבר,47
2026-07-30T17:51:10,63,נשים,לובאן שרקיה,gender,אישה,79
2026-07-30T17:51:10,63,נשים,לובאן שרקיה,visit_type,ביקור במרפאה,131
2026-07-30T17:51:10,63,נשים,לובאן שרקיה,visit_type,שיחת טלפון,16
2026-07-30T17:51:10,63,נשים,לובאן שרקיה,visit_type,שיחת וידאו,1
2026-07-30T17:51:10,63,נשים,לובאן שרקיה,language,אידיש,2
2026-07-30T17:51:10,63,נשים,לובאן שרקיה,language,אנגלית,20
2026-07-30T17:51:10,63,נשים,לובאן שרקיה,language,עברית,24
2026-07-30T17:51:10,63,נשים,לובאן שרקיה,language,ערבית,3
2026-07-30T17:51:10,63,נשים,לובאן שרקיה,language,צרפתית,2
2026-07-30T17:51:10,63,נשים,לובאן שרקיה,language,רוסית,3
2026-07-30T17:51:30,63,נשים,לקיה,gender,אישה,67
2026-07-30T17:51:30,63,נשים,לקיה,gender,גבר,43
2026-07-30T17:51:30,63,נשים,לקיה,visit_type,ביקור במרפאה,112
2026-07-30T17:51:30,63,נשים,לקיה,language,אידיש,3
2026-07-30T17:51:30,63,נשים,לקיה,language,אנגלית,21
2026-07-30T17:51:30,63,נשים,לקיה,language,ליטאית,1
2026-07-30T17:51:30,63,נשים,לקיה,language,סינית,1
2026-07-30T17:51:30,63,נשים,לקיה,language,עברית,9
2026-07-30T17:51:30,63,נשים,לקיה,language,ערבית,4
2026-07-30T17:51:30,63,נשים,לקיה,language,רוסית,19
2026-07-30T17:51:49,63,נשים,מבועים,gender,גבר,68
2026-07-30T17:51:49,63,נשים,מבועים,gender,אישה,86
2026-07-30T17:51:49,63,נשים,מבועים,visit_type,ביקור במרפאה,156
2026-07-30T17:51:49,63,נשים,מבועים,visit_type,שיחת טלפון,1
2026-07-30T17:51:49,63,נשים,מבועים,language,אידיש,4
2026-07-30T17:51:49,63,נשים,מבועים,language,אנגלית,22
2026-07-30T17:51:49,63,נשים,מבועים,language,גרמנית,1
2026-07-30T17:51:49,63,נשים,מבועים,language,ליטאית,1
2026-07-30T17:51:49,63,נשים,מבועים,language,סינית,1
2026-07-30T17:51:49,63,נשים,מבועים,language,עברית,14
2026-07-30T17:51:49,63,נשים,מבועים,language,ערבית,4
2026-07-30T17:51:49,63,נשים,מבועים,language,רוסית,22
2026-07-30T17:52:12,63,נשים,מגדל העמק,gender,גבר,48
2026-07-30T17:52:12,63,נשים,מגדל העמק,gender,אישה,127
2026-07-30T17:52:12,63,נשים,מגדל העמק,visit_type,ביקור במרפאה,176
2026-07-30T17:52:12,63,נשים,מגדל העמק,visit_type,שיחת טלפון,1
2026-07-30T17:52:12,63,נשים,מגדל העמק,language,איטלקית,1
2026-07-30T17:52:12,63,נשים,מגדל העמק,language,אנגלית,29
2026-07-30T17:52:12,63,נשים,מגדל העמק,language,הונגרית,1
2026-07-30T17:52:12,63,נשים,מגדל העמק,language,עברית,50
2026-07-30T17:52:12,63,נשים,מגדל העמק,language,ערבית,28
2026-07-30T17:52:12,63,נשים,מגדל העמק,language,רומנית,1
2026-07-30T17:52:12,63,נשים,מגדל העמק,language,רוסית,11
2026-07-30T17:52:34,63,נשים,מולדת,gender,גבר,48
2026-07-30T17:52:34,63,נשים,מולדת,gender,אישה,127
2026-07-30T17:52:34,63,נשים,מולדת,visit_type,ביקור במרפאה,176
2026-07-30T17:52:34,63,נשים,מולדת,visit_type,שיחת טלפון,1
2026-07-30T17:52:34,63,נשים,מולדת,language,איטלקית,1
2026-07-30T17:52:34,63,נשים,מולדת,language,אנגלית,29
2026-07-30T17:52:34,63,נשים,מולדת,language,הונגרית,1
2026-07-30T17:52:34,63,נשים,מולדת,language,עברית,50
2026-07-30T17:52:34,63,נשים,מולדת,language,ערבית,28
2026-07-30T17:52:34,63,נשים,מולדת,language,רומנית,1
2026-07-30T17:52:34,63,נשים,מולדת,language,רוסית,11
2026-07-30T17:52:55,63,נשים,מזרעה,gender,גבר,23
2026-07-30T17:52:55,63,נשים,מזרעה,gender,אישה,64
2026-07-30T17:52:55,63,נשים,מזרעה,visit_type,ביקור במרפאה,88
2026-07-30T17:52:55,63,נשים,מזרעה,visit_type,שיחת טלפון,2
2026-07-30T17:52:55,63,נשים,מזרעה,language,איטלקית,4
2026-07-30T17:52:55,63,נשים,מזרעה,language,אנגלית,56
2026-07-30T17:52:55,63,נשים,מזרעה,language,ספרדית,1
2026-07-30T17:52:55,63,נשים,מזרעה,language,עברית,85
2026-07-30T17:52:55,63,נשים,מזרעה,language,ערבית,64
2026-07-30T17:52:55,63,נשים,מזרעה,language,רומנית,4
2026-07-30T17:52:55,63,נשים,מזרעה,language,רוסית,15
2026-07-30T17:53:10,63,נשים,מיטב,gender,גבר,48
2026-07-30T17:53:10,63,נשים,מיטב,gender,אישה,127
2026-07-30T17:53:10,63,נשים,מיטב,visit_type,ביקור במרפאה,176
2026-07-30T17:53:10,63,נשים,מיטב,visit_type,שיחת טלפון,1
2026-07-30T17:53:10,63,נשים,מיטב,language,איטלקית,1
2026-07-30T17:53:10,63,נשים,מיטב,language,אנגלית,29
2026-07-30T17:53:10,63,נשים,מיטב,language,הונגרית,1
2026-07-30T17:53:10,63,נשים,מיטב,language,עברית,50
2026-07-30T17:53:10,63,נשים,מיטב,language,ערבית,28
2026-07-30T17:53:10,63,נשים,מיטב,language,רומנית,1
2026-07-30T17:53:10,63,נשים,מיטב,language,רוסית,11
2026-07-30T17:53:31,63,נשים,מכמורת,gender,גבר,47
2026-07-30T17:53:31,63,נשים,מכמורת,gender,אישה,92
2026-07-30T17:53:31,63,נשים,מכמורת,visit_type,ביקור במרפאה,142
2026-07-30T17:53:31,63,נשים,מכמורת,visit_type,שיחת טלפון,2
2026-07-30T17:53:31,63,נשים,מכמורת,language,אידיש,1
2026-07-30T17:53:31,63,נשים,מכמורת,language,אנגלית,18
2026-07-30T17:53:31,63,נשים,מכמורת,language,גרמנית,1
2026-07-30T17:53:31,63,נשים,מכמורת,language,עברית,32
2026-07-30T17:53:31,63,נשים,מכמורת,language,ערבית,8
2026-07-30T17:53:31,63,נשים,מכמורת,language,צרפתית,2
2026-07-30T17:53:31,63,נשים,מכמורת,language,רומנית,2
2026-07-30T17:53:31,63,נשים,מכמורת,language,רוסית,11
2026-07-30T17:53:51,63,נשים,מנרה,gender,גבר,29
2026-07-30T17:53:51,63,נשים,מנרה,gender,אישה,58
2026-07-30T17:53:51,63,נשים,מנרה,visit_type,ביקור במרפאה,87
2026-07-30T17:53:51,63,נשים,מנרה,language,אנגלית,9
2026-07-30T17:53:51,63,נשים,מנרה,language,עברית,13
2026-07-30T17:53:51,63,נשים,מנרה,language,ערבית,4
2026-07-30T17:53:51,63,נשים,מנרה,language,רוסית,3
2026-07-30T17:54:04,63,נשים,מסעודין אל עזאזמה,gender,אישה,67
2026-07-30T17:54:04,63,נשים,מסעודין אל עזאזמה,gender,גבר,43
2026-07-30T17:54:04,63,נשים,מסעודין אל עזאזמה,visit_type,ביקור במרפאה,112
2026-07-30T17:54:04,63,נשים,מסעודין אל עזאזמה,language,אידיש,3
2026-07-30T17:54:04,63,נשים,מסעודין אל עזאזמה,language,אנגלית,21
2026-07-30T17:54:04,63,נשים,מסעודין אל עזאזמה,language,ליטאית,1
2026-07-30T17:54:04,63,נשים,מסעודין אל עזאזמה,language,סינית,1
2026-07-30T17:54:04,63,נשים,מסעודין אל עזאזמה,language,עברית,9
2026-07-30T17:54:04,63,נשים,מסעודין אל עזאזמה,language,ערבית,4
2026-07-30T17:54:04,63,נשים,מסעודין אל עזאזמה,language,רוסית,19
2026-07-30T17:54:21,63,נשים,מעיליא,gender,אישה,64
2026-07-30T17:54:21,63,נשים,מעיליא,gender,גבר,23
2026-07-30T17:54:21,63,נשים,מעיליא,visit_type,ביקור במרפאה,88
2026-07-30T17:54:21,63,נשים,מעיליא,visit_type,שיחת טלפון,2
2026-07-30T17:54:21,63,נשים,מעיליא,language,איטלקית,4
2026-07-30T17:54:21,63,נשים,מעיליא,language,אנגלית,56
2026-07-30T17:54:21,63,נשים,מעיליא,language,ספרדית,1
2026-07-30T17:54:21,63,נשים,מעיליא,language,עברית,85
2026-07-30T17:54:21,63,נשים,מעיליא,language,ערבית,64
2026-07-30T17:54:21,63,נשים,מעיליא,language,רומנית,4
2026-07-30T17:54:21,63,נשים,מעיליא,language,רוסית,15
2026-07-30T17:54:35,63,נשים,מפעלי כנות,gender,גבר,52
2026-07-30T17:54:35,63,נשים,מפעלי כנות,gender,אישה,56
2026-07-30T17:54:35,63,נשים,מפעלי כנות,visit_type,ביקור במרפאה,113
2026-07-30T17:54:35,63,נשים,מפעלי כנות,language,אוקראינית,3
2026-07-30T17:54:35,63,נשים,מפעלי כנות,language,אידיש,1
2026-07-30T17:54:35,63,נשים,מפעלי כנות,language,איטלקית,2
2026-07-30T17:54:35,63,נשים,מפעלי כנות,language,אנגלית,26
2026-07-30T17:54:35,63,נשים,מפעלי כנות,language,גרוזינית,1
2026-07-30T17:54:35,63,נשים,מפעלי כנות,language,הונגרית,2
2026-07-30T17:54:35,63,נשים,מפעלי כנות,language,ספרדית,1
2026-07-30T17:54:35,63,נשים,מפעלי כנות,language,עברית,37
2026-07-30T17:54:35,63,נשים,מפעלי כנות,language,צרפתית,2
2026-07-30T17:54:35,63,נשים,מפעלי כנות,language,רוסית,17
2026-07-30T17:54:53,63,נשים,מצפה רמון,gender,אישה,67
2026-07-30T17:54:53,63,נשים,מצפה רמון,gender,גבר,43
2026-07-30T17:54:53,63,נשים,מצפה רמון,visit_type,ביקור במרפאה,112
2026-07-30T17:54:53,63,נשים,מצפה רמון,language,אידיש,3
2026-07-30T17:54:53,63,נשים,מצפה רמון,language,אנגלית,21
2026-07-30T17:54:53,63,נשים,מצפה רמון,language,ליטאית,1
2026-07-30T17:54:53,63,נשים,מצפה רמון,language,סינית,1
2026-07-30T17:54:53,63,נשים,מצפה רמון,language,עברית,9
2026-07-30T17:54:53,63,נשים,מצפה רמון,language,ערבית,4
2026-07-30T17:54:53,63,נשים,מצפה רמון,language,רוסית,19
2026-07-30T17:55:11,63,נשים,מרכז אזורי מרום הגליל,gender,גבר,29
2026-07-30T17:55:11,63,נשים,מרכז אזורי מרום הגליל,gender,אישה,58
2026-07-30T17:55:11,63,נשים,מרכז אזורי מרום הגליל,visit_type,ביקור במרפאה,87
2026-07-30T17:55:11,63,נשים,מרכז אזורי מרום הגליל,language,אנגלית,9
2026-07-30T17:55:11,63,נשים,מרכז אזורי מרום הגליל,language,עברית,13
2026-07-30T17:55:11,63,נשים,מרכז אזורי מרום הגליל,language,ערבית,4
2026-07-30T17:55:11,63,נשים,מרכז אזורי מרום הגליל,language,רוסית,3
2026-07-30T17:55:25,63,נשים,משמר דוד,gender,גבר,40
2026-07-30T17:55:25,63,נשים,משמר דוד,gender,אישה,46
2026-07-30T17:55:25,63,נשים,משמר דוד,visit_type,ביקור במרפאה,88
2026-07-30T17:55:25,63,נשים,משמר דוד,language,אוקראינית,3
2026-07-30T17:55:25,63,נשים,משמר דוד,language,אידיש,1
2026-07-30T17:55:25,63,נשים,משמר דוד,language,איטלקית,2
2026-07-30T17:55:25,63,נשים,משמר דוד,language,אנגלית,21
2026-07-30T17:55:25,63,נשים,משמר דוד,language,הונגרית,1
2026-07-30T17:55:25,63,נשים,משמר דוד,language,ספרדית,1
2026-07-30T17:55:25,63,נשים,משמר דוד,language,עברית,29
2026-07-30T17:55:25,63,נשים,משמר דוד,language,צרפתית,1
2026-07-30T17:55:25,63,נשים,משמר דוד,language,רוסית,12
2026-07-30T17:55:40,63,נשים,נאעורה,gender,גבר,48
2026-07-30T17:55:40,63,נשים,נאעורה,gender,אישה,127
2026-07-30T17:55:40,63,נשים,נאעורה,visit_type,ביקור במרפאה,176
2026-07-30T17:55:40,63,נשים,נאעורה,visit_type,שיחת טלפון,1
2026-07-30T17:55:40,63,נשים,נאעורה,language,איטלקית,1
2026-07-30T17:55:40,63,נשים,נאעורה,language,אנגלית,29
2026-07-30T17:55:40,63,נשים,נאעורה,language,הונגרית,1
2026-07-30T17:55:40,63,נשים,נאעורה,language,עברית,50
2026-07-30T17:55:40,63,נשים,נאעורה,language,ערבית,28
2026-07-30T17:55:40,63,נשים,נאעורה,language,רומנית,1
2026-07-30T17:55:40,63,נשים,נאעורה,language,רוסית,11
2026-07-30T17:55:59,63,נשים,נובא,gender,גבר,47
2026-07-30T17:55:59,63,נשים,נובא,gender,אישה,79
2026-07-30T17:55:59,63,נשים,נובא,visit_type,ביקור במרפאה,131
2026-07-30T17:55:59,63,נשים,נובא,visit_type,שיחת טלפון,16
2026-07-30T17:55:59,63,נשים,נובא,visit_type,שיחת וידאו,1
2026-07-30T17:55:59,63,נשים,נובא,language,אידיש,2
2026-07-30T17:55:59,63,נשים,נובא,language,אנגלית,20
2026-07-30T17:55:59,63,נשים,נובא,language,עברית,24
2026-07-30T17:55:59,63,נשים,נובא,language,ערבית,3
2026-07-30T17:55:59,63,נשים,נובא,language,צרפתית,2
2026-07-30T17:55:59,63,נשים,נובא,language,רוסית,3
2026-07-30T17:56:19,63,נשים,נזלה אל ווסטא,gender,גבר,47
2026-07-30T17:56:19,63,נשים,נזלה אל ווסטא,gender,אישה,92
2026-07-30T17:56:19,63,נשים,נזלה אל ווסטא,visit_type,ביקור במרפאה,142
2026-07-30T17:56:19,63,נשים,נזלה אל ווסטא,visit_type,שיחת טלפון,2
2026-07-30T17:56:19,63,נשים,נזלה אל ווסטא,language,אידיש,1
2026-07-30T17:56:19,63,נשים,נזלה אל ווסטא,language,אנגלית,18
2026-07-30T17:56:19,63,נשים,נזלה אל ווסטא,language,גרמנית,1
2026-07-30T17:56:19,63,נשים,נזלה אל ווסטא,language,עברית,32
2026-07-30T17:56:19,63,נשים,נזלה אל ווסטא,language,ערבית,8
2026-07-30T17:56:19,63,נשים,נזלה אל ווסטא,language,צרפתית,2
2026-07-30T17:56:19,63,נשים,נזלה אל ווסטא,language,רומנית,2
2026-07-30T17:56:19,63,נשים,נזלה אל ווסטא,language,רוסית,11
2026-07-30T17:56:40,63,נשים,נחף,gender,גבר,37
2026-07-30T17:56:40,63,נשים,נחף,gender,אישה,82
2026-07-30T17:56:40,63,נשים,נחף,visit_type,ביקור במרפאה,120
2026-07-30T17:56:40,63,נשים,נחף,visit_type,שיחת טלפון,2
2026-07-30T17:56:40,63,נשים,נחף,language,אידיש,1
2026-07-30T17:56:40,63,נשים,נחף,language,איטלקית,4
2026-07-30T17:56:40,63,נשים,נחף,language,אנגלית,75
2026-07-30T17:56:40,63,נשים,נחף,language,ספרדית,1
2026-07-30T17:56:40,63,נשים,נחף,language,עברית,115
2026-07-30T17:56:40,63,נשים,נחף,language,ערבית,74
2026-07-30T17:56:40,63,נשים,נחף,language,צרפתית,2
2026-07-30T17:56:40,63,נשים,נחף,language,רומנית,6
2026-07-30T17:56:40,63,נשים,נחף,language,רוסית,24
2026-07-30T17:56:40,63,נשים,נחף,language,שוודית,1
2026-07-30T17:56:58,63,נשים,ניסף ג'וביל,gender,גבר,47
2026-07-30T17:56:58,63,נשים,ניסף ג'וביל,gender,אישה,92
2026-07-30T17:56:58,63,נשים,ניסף ג'וביל,visit_type,ביקור במרפאה,142
2026-07-30T17:56:58,63,נשים,ניסף ג'וביל,visit_type,שיחת טלפון,2
2026-07-30T17:56:58,63,נשים,ניסף ג'וביל,language,אידיש,1
2026-07-30T17:56:58,63,נשים,ניסף ג'וביל,language,אנגלית,18
2026-07-30T17:56:58,63,נשים,ניסף ג'וביל,language,גרמנית,1
2026-07-30T17:56:58,63,נשים,ניסף ג'וביל,language,עברית,32
2026-07-30T17:56:58,63,נשים,ניסף ג'וביל,language,ערבית,8
2026-07-30T17:56:58,63,נשים,ניסף ג'וביל,language,צרפתית,2
2026-07-30T17:56:58,63,נשים,ניסף ג'וביל,language,רומנית,2
2026-07-30T17:56:58,63,נשים,ניסף ג'וביל,language,רוסית,11
2026-07-30T17:57:18,63,נשים,נס הרים,gender,גבר,47
2026-07-30T17:57:18,63,נשים,נס הרים,gender,אישה,79
2026-07-30T17:57:18,63,נשים,נס הרים,visit_type,ביקור במרפאה,131
2026-07-30T17:57:18,63,נשים,נס הרים,visit_type,שיחת טלפון,16
2026-07-30T17:57:18,63,נשים,נס הרים,visit_type,שיחת וידאו,1
2026-07-30T17:57:18,63,נשים,נס הרים,language,אידיש,2
2026-07-30T17:57:18,63,נשים,נס הרים,language,אנגלית,20
2026-07-30T17:57:18,63,נשים,נס הרים,language,עברית,24
2026-07-30T17:57:18,63,נשים,נס הרים,language,ערבית,3
2026-07-30T17:57:18,63,נשים,נס הרים,language,צרפתית,2
2026-07-30T17:57:18,63,נשים,נס הרים,language,רוסית,3
2026-07-30T17:57:37,63,נשים,נצרת,gender,אישה,58
2026-07-30T17:57:37,63,נשים,נצרת,gender,גבר,29
2026-07-30T17:57:37,63,נשים,נצרת,visit_type,ביקור במרפאה,87
2026-07-30T17:57:37,63,נשים,נצרת,language,אנגלית,9
2026-07-30T17:57:37,63,נשים,נצרת,language,עברית,13
2026-07-30T17:57:37,63,נשים,נצרת,language,ערבית,4
2026-07-30T17:57:37,63,נשים,נצרת,language,רוסית,3
2026-07-30T17:57:51,63,נשים,סאלם ליד אלון מורה,gender,גבר,47
2026-07-30T17:57:51,63,נשים,סאלם ליד אלון מורה,gender,אישה,92
2026-07-30T17:57:51,63,נשים,סאלם ליד אלון מורה,visit_type,ביקור במרפאה,142
2026-07-30T17:57:51,63,נשים,סאלם ליד אלון מורה,visit_type,שיחת טלפון,2
2026-07-30T17:57:51,63,נשים,סאלם ליד אלון מורה,language,אידיש,1
2026-07-30T17:57:51,63,נשים,סאלם ליד אלון מורה,language,אנגלית,18
2026-07-30T17:57:51,63,נשים,סאלם ליד אלון מורה,language,גרמנית,1
2026-07-30T17:57:51,63,נשים,סאלם ליד אלון מורה,language,עברית,32
2026-07-30T17:57:51,63,נשים,סאלם ליד אלון מורה,language,ערבית,8
2026-07-30T17:57:51,63,נשים,סאלם ליד אלון מורה,language,צרפתית,2
2026-07-30T17:57:51,63,נשים,סאלם ליד אלון מורה,language,רומנית,2
2026-07-30T17:57:51,63,נשים,סאלם ליד אלון מורה,language,רוסית,11
2026-07-30T17:58:12,63,נשים,סופה,gender,גבר,47
2026-07-30T17:58:12,63,נשים,סופה,gender,אישה,61
2026-07-30T17:58:12,63,נשים,סופה,visit_type,ביקור במרפאה,108
2026-07-30T17:58:12,63,נשים,סופה,visit_type,שיחת טלפון,1
2026-07-30T17:58:12,63,נשים,סופה,language,אידיש,4
2026-07-30T17:58:12,63,נשים,סופה,language,אנגלית,13
2026-07-30T17:58:12,63,נשים,סופה,language,גרמנית,1
2026-07-30T17:58:12,63,נשים,סופה,language,ליטאית,1
2026-07-30T17:58:12,63,נשים,סופה,language,סינית,1
2026-07-30T17:58:12,63,נשים,סופה,language,עברית,8
2026-07-30T17:58:12,63,נשים,סופה,language,ערבית,3
2026-07-30T17:58:12,63,נשים,סופה,language,רוסית,14
2026-07-30T17:58:27,63,נשים,סיעיר,gender,גבר,47
2026-07-30T17:58:27,63,נשים,סיעיר,gender,אישה,79
2026-07-30T17:58:27,63,נשים,סיעיר,visit_type,ביקור במרפאה,131
2026-07-30T17:58:27,63,נשים,סיעיר,visit_type,שיחת טלפון,16
2026-07-30T17:58:27,63,נשים,סיעיר,visit_type,שיחת וידאו,1
2026-07-30T17:58:27,63,נשים,סיעיר,language,אידיש,2
2026-07-30T17:58:27,63,נשים,סיעיר,language,אנגלית,20
2026-07-30T17:58:27,63,נשים,סיעיר,language,עברית,24
2026-07-30T17:58:27,63,נשים,סיעיר,language,ערבית,3
2026-07-30T17:58:27,63,נשים,סיעיר,language,צרפתית,2
2026-07-30T17:58:27,63,נשים,סיעיר,language,רוסית,3
2026-07-30T17:58:48,63,נשים,סעד,gender,גבר,47
2026-07-30T17:58:48,63,נשים,סעד,gender,אישה,61
2026-07-30T17:58:48,63,נשים,סעד,visit_type,ביקור במרפאה,108
2026-07-30T17:58:48,63,נשים,סעד,visit_type,שיחת טלפון,1
2026-07-30T17:58:48,63,נשים,סעד,language,אידיש,4
2026-07-30T17:58:48,63,נשים,סעד,language,אנגלית,13
2026-07-30T17:58:48,63,נשים,סעד,language,גרמנית,1
2026-07-30T17:58:48,63,נשים,סעד,language,ליטאית,1
2026-07-30T17:58:48,63,נשים,סעד,language,סינית,1
2026-07-30T17:58:48,63,נשים,סעד,language,עברית,8
2026-07-30T17:58:48,63,נשים,סעד,language,ערבית,3
2026-07-30T17:58:48,63,נשים,סעד,language,רוסית,14
2026-07-30T17:59:03,63,נשים,עאבוד,gender,גבר,10
2026-07-30T17:59:03,63,נשים,עאבוד,gender,אישה,15
2026-07-30T17:59:03,63,נשים,עאבוד,visit_type,ביקור במרפאה,29
2026-07-30T17:59:03,63,נשים,עאבוד,language,איטלקית,4
2026-07-30T17:59:03,63,נשים,עאבוד,language,אנגלית,12
2026-07-30T17:59:03,63,נשים,עאבוד,language,ספרדית,1
2026-07-30T17:59:03,63,נשים,עאבוד,language,עברית,24
2026-07-30T17:59:03,63,נשים,עאבוד,language,ערבית,1
2026-07-30T17:59:03,63,נשים,עאבוד,language,צרפתית,2
2026-07-30T17:59:03,63,נשים,עאבוד,language,רומנית,4
2026-07-30T17:59:03,63,נשים,עאבוד,language,רוסית,2
2026-07-30T17:59:09,63,נשים,עגור,gender,גבר,47
2026-07-30T17:59:09,63,נשים,עגור,gender,אישה,79
2026-07-30T17:59:09,63,נשים,עגור,visit_type,ביקור במרפאה,131
2026-07-30T17:59:09,63,נשים,עגור,visit_type,שיחת טלפון,16
2026-07-30T17:59:09,63,נשים,עגור,visit_type,שיחת וידאו,1
2026-07-30T17:59:09,63,נשים,עגור,language,אידיש,2
2026-07-30T17:59:09,63,נשים,עגור,language,אנגלית,20
2026-07-30T17:59:09,63,נשים,עגור,language,עברית,24
2026-07-30T17:59:09,63,נשים,עגור,language,ערבית,3
2026-07-30T17:59:09,63,נשים,עגור,language,צרפתית,2
2026-07-30T17:59:09,63,נשים,עגור,language,רוסית,3
2026-07-30T17:59:31,63,נשים,עומר,gender,גבר,68
2026-07-30T17:59:31,63,נשים,עומר,gender,אישה,86
2026-07-30T17:59:31,63,נשים,עומר,visit_type,ביקור במרפאה,156
2026-07-30T17:59:31,63,נשים,עומר,visit_type,שיחת טלפון,1
2026-07-30T17:59:31,63,נשים,עומר,language,אידיש,4
2026-07-30T17:59:31,63,נשים,עומר,language,אנגלית,22
2026-07-30T17:59:31,63,נשים,עומר,language,גרמנית,1
2026-07-30T17:59:31,63,נשים,עומר,language,ליטאית,1
2026-07-30T17:59:31,63,נשים,עומר,language,סינית,1
2026-07-30T17:59:31,63,נשים,עומר,language,עברית,14
2026-07-30T17:59:31,63,נשים,עומר,language,ערבית,4
2026-07-30T17:59:31,63,נשים,עומר,language,רוסית,22
2026-07-30T17:59:53,63,נשים,עזריאל,gender,גבר,47
2026-07-30T17:59:53,63,נשים,עזריאל,gender,אישה,92
2026-07-30T17:59:53,63,נשים,עזריאל,visit_type,ביקור במרפאה,142
2026-07-30T17:59:53,63,נשים,עזריאל,visit_type,שיחת טלפון,2
2026-07-30T17:59:53,63,נשים,עזריאל,language,אידיש,1
2026-07-30T17:59:53,63,נשים,עזריאל,language,אנגלית,18
2026-07-30T17:59:53,63,נשים,עזריאל,language,גרמנית,1
2026-07-30T17:59:53,63,נשים,עזריאל,language,עברית,32
2026-07-30T17:59:53,63,נשים,עזריאל,language,ערבית,8
2026-07-30T17:59:53,63,נשים,עזריאל,language,צרפתית,2
2026-07-30T17:59:53,63,נשים,עזריאל,language,רומנית,2
2026-07-30T17:59:53,63,נשים,עזריאל,language,רוסית,11
2026-07-30T18:00:15,63,נשים,עילאר,gender,גבר,47
2026-07-30T18:00:15,63,נשים,עילאר,gender,אישה,92
2026-07-30T18:00:15,63,נשים,עילאר,visit_type,ביקור במרפאה,142
2026-07-30T18:00:15,63,נשים,עילאר,visit_type,שיחת טלפון,2
2026-07-30T18:00:15,63,נשים,עילאר,language,אידיש,1
2026-07-30T18:00:15,63,נשים,עילאר,language,אנגלית,18
2026-07-30T18:00:15,63,נשים,עילאר,language,גרמנית,1
2026-07-30T18:00:15,63,נשים,עילאר,language,עברית,32
2026-07-30T18:00:15,63,נשים,עילאר,language,ערבית,8
2026-07-30T18:00:15,63,נשים,עילאר,language,צרפתית,2
2026-07-30T18:00:15,63,נשים,עילאר,language,רומנית,2
2026-07-30T18:00:15,63,נשים,עילאר,language,רוסית,11
2026-07-30T18:00:34,63,נשים,עלי זהב,gender,גבר,10
2026-07-30T18:00:34,63,נשים,עלי זהב,gender,אישה,15
2026-07-30T18:00:34,63,נשים,עלי זהב,visit_type,ביקור במרפאה,29
2026-07-30T18:00:34,63,נשים,עלי זהב,language,איטלקית,4
2026-07-30T18:00:34,63,נשים,עלי זהב,language,אנגלית,12
2026-07-30T18:00:34,63,נשים,עלי זהב,language,ספרדית,1
2026-07-30T18:00:34,63,נשים,עלי זהב,language,עברית,24
2026-07-30T18:00:34,63,נשים,עלי זהב,language,ערבית,1
2026-07-30T18:00:34,63,נשים,עלי זהב,language,צרפתית,2
2026-07-30T18:00:34,63,נשים,עלי זהב,language,רומנית,4
2026-07-30T18:00:34,63,נשים,עלי זהב,language,רוסית,2
2026-07-30T18:00:40,63,נשים,עמיר,gender,גבר,29
2026-07-30T18:00:40,63,נשים,עמיר,gender,אישה,58
2026-07-30T18:00:40,63,נשים,עמיר,visit_type,ביקור במרפאה,87
2026-07-30T18:00:40,63,נשים,עמיר,language,אנגלית,9
2026-07-30T18:00:40,63,נשים,עמיר,language,עברית,13
2026-07-30T18:00:40,63,נשים,עמיר,language,ערבית,4
2026-07-30T18:00:40,63,נשים,עמיר,language,רוסית,3
2026-07-30T18:00:56,63,נשים,עספיא,gender,אישה,136
2026-07-30T18:00:56,63,נשים,עספיא,gender,גבר,48
2026-07-30T18:00:56,63,נשים,עספיא,visit_type,ביקור במרפאה,185
2026-07-30T18:00:56,63,נשים,עספיא,visit_type,שיחת טלפון,1
2026-07-30T18:00:56,63,נשים,עספיא,language,אידיש,1
2026-07-30T18:00:56,63,נשים,עספיא,language,איטלקית,3
2026-07-30T18:00:56,63,נשים,עספיא,language,אנגלית,68
2026-07-30T18:00:56,63,נשים,עספיא,language,הונגרית,3
2026-07-30T18:00:56,63,נשים,עספיא,language,עברית,100
2026-07-30T18:00:56,63,נשים,עספיא,language,ערבית,40
2026-07-30T18:00:56,63,נשים,עספיא,language,צרפתית,5
2026-07-30T18:00:56,63,נשים,עספיא,language,רומנית,5
2026-07-30T18:00:56,63,נשים,עספיא,language,רוסית,27
2026-07-30T18:00:56,63,נשים,עספיא,language,שוודית,1
2026-07-30T18:01:16,63,נשים,עראנה,gender,גבר,47
2026-07-30T18:01:16,63,נשים,עראנה,gender,אישה,92
2026-07-30T18:01:16,63,נשים,עראנה,visit_type,ביקור במרפאה,142
2026-07-30T18:01:16,63,נשים,עראנה,visit_type,שיחת טלפון,2
2026-07-30T18:01:16,63,נשים,עראנה,language,אידיש,1
2026-07-30T18:01:16,63,נשים,עראנה,language,אנגלית,18
2026-07-30T18:01:16,63,נשים,עראנה,language,גרמנית,1
2026-07-30T18:01:16,63,נשים,עראנה,language,עברית,32
2026-07-30T18:01:16,63,נשים,עראנה,language,ערבית,8
2026-07-30T18:01:16,63,נשים,עראנה,language,צרפתית,2
2026-07-30T18:01:16,63,נשים,עראנה,language,רומנית,2
2026-07-30T18:01:16,63,נשים,עראנה,language,רוסית,11
2026-07-30T18:01:39,63,נשים,עתלית,gender,גבר,48
2026-07-30T18:01:39,63,נשים,עתלית,gender,אישה,136
2026-07-30T18:01:39,63,נשים,עתלית,visit_type,ביקור במרפאה,185
2026-07-30T18:01:39,63,נשים,עתלית,visit_type,שיחת טלפון,1
2026-07-30T18:01:39,63,נשים,עתלית,language,אידיש,1
2026-07-30T18:01:39,63,נשים,עתלית,language,איטלקית,3
2026-07-30T18:01:39,63,נשים,עתלית,language,אנגלית,68
2026-07-30T18:01:39,63,נשים,עתלית,language,הונגרית,3
2026-07-30T18:01:39,63,נשים,עתלית,language,עברית,100
2026-07-30T18:01:39,63,נשים,עתלית,language,ערבית,40
2026-07-30T18:01:39,63,נשים,עתלית,language,צרפתית,5
2026-07-30T18:01:39,63,נשים,עתלית,language,רומנית,5
2026-07-30T18:01:39,63,נשים,עתלית,language,רוסית,27
2026-07-30T18:01:39,63,נשים,עתלית,language,שוודית,1
2026-07-30T18:02:00,63,נשים,פדויים,gender,גבר,68
2026-07-30T18:02:00,63,נשים,פדויים,gender,אישה,86
2026-07-30T18:02:00,63,נשים,פדויים,visit_type,ביקור במרפאה,156
2026-07-30T18:02:00,63,נשים,פדויים,visit_type,שיחת טלפון,1
2026-07-30T18:02:00,63,נשים,פדויים,language,אידיש,4
2026-07-30T18:02:00,63,נשים,פדויים,language,אנגלית,22
2026-07-30T18:02:00,63,נשים,פדויים,language,גרמנית,1
2026-07-30T18:02:00,63,נשים,פדויים,language,ליטאית,1
2026-07-30T18:02:00,63,נשים,פדויים,language,סינית,1
2026-07-30T18:02:00,63,נשים,פדויים,language,עברית,14
2026-07-30T18:02:00,63,נשים,פדויים,language,ערבית,4
2026-07-30T18:02:00,63,נשים,פדויים,language,רוסית,22
2026-07-30T18:02:21,63,נשים,פלך,gender,גבר,47
2026-07-30T18:02:21,63,נשים,פלך,gender,אישה,127
2026-07-30T18:02:21,63,נשים,פלך,visit_type,ביקור במרפאה,175
2026-07-30T18:02:21,63,נשים,פלך,visit_type,שיחת טלפון,2
2026-07-30T18:02:21,63,נשים,פלך,language,אידיש,1
2026-07-30T18:02:21,63,נשים,פלך,language,איטלקית,7
2026-07-30T18:02:21,63,נשים,פלך,language,אנגלית,116
2026-07-30T18:02:21,63,נשים,פלך,language,הונגרית,3
2026-07-30T18:02:21,63,נשים,פלך,language,ספרדית,1
2026-07-30T18:02:21,63,נשים,פלך,language,עברית,169
2026-07-30T18:02:21,63,נשים,פלך,language,ערבית,98
2026-07-30T18:02:21,63,נשים,פלך,language,צרפתית,5
2026-07-30T18:02:21,63,נשים,פלך,language,רומנית,9
2026-07-30T18:02:21,63,נשים,פלך,language,רוסית,34
2026-07-30T18:02:21,63,נשים,פלך,language,שוודית,1
2026-07-30T18:02:42,63,נשים,פקיעין,gender,גבר,23
2026-07-30T18:02:42,63,נשים,פקיעין,gender,אישה,64
2026-07-30T18:02:42,63,נשים,פקיעין,visit_type,ביקור במרפאה,88
2026-07-30T18:02:42,63,נשים,פקיעין,visit_type,שיחת טלפון,2
2026-07-30T18:02:42,63,נשים,פקיעין,language,איטלקית,4
2026-07-30T18:02:42,63,נשים,פקיעין,language,אנגלית,56
2026-07-30T18:02:42,63,נשים,פקיעין,language,ספרדית,1
2026-07-30T18:02:42,63,נשים,פקיעין,language,עברית,85
2026-07-30T18:02:42,63,נשים,פקיעין,language,ערבית,64
2026-07-30T18:02:42,63,נשים,פקיעין,language,רומנית,4
2026-07-30T18:02:42,63,נשים,פקיעין,language,רוסית,15
2026-07-30T18:02:54,63,נשים,פתח תקווה,gender,אישה,15
2026-07-30T18:02:54,63,נשים,פתח תקווה,gender,גבר,10
2026-07-30T18:02:54,63,נשים,פתח תקווה,visit_type,ביקור במרפאה,29
2026-07-30T18:02:54,63,נשים,פתח תקווה,language,איטלקית,4
2026-07-30T18:02:54,63,נשים,פתח תקווה,language,אנגלית,12
2026-07-30T18:02:54,63,נשים,פתח תקווה,language,ספרדית,1
2026-07-30T18:02:54,63,נשים,פתח תקווה,language,עברית,24
2026-07-30T18:02:54,63,נשים,פתח תקווה,language,ערבית,1
2026-07-30T18:02:54,63,נשים,פתח תקווה,language,צרפתית,2
2026-07-30T18:02:54,63,נשים,פתח תקווה,language,רומנית,4
2026-07-30T18:02:54,63,נשים,פתח תקווה,language,רוסית,2
2026-07-30T18:03:01,63,נשים,צופר,gender,גבר,43
2026-07-30T18:03:01,63,נשים,צופר,gender,אישה,67
2026-07-30T18:03:01,63,נשים,צופר,visit_type,ביקור במרפאה,112
2026-07-30T18:03:01,63,נשים,צופר,language,אידיש,3
2026-07-30T18:03:01,63,נשים,צופר,language,אנגלית,21
2026-07-30T18:03:01,63,נשים,צופר,language,ליטאית,1
2026-07-30T18:03:01,63,נשים,צופר,language,סינית,1
2026-07-30T18:03:01,63,נשים,צופר,language,עברית,9
2026-07-30T18:03:01,63,נשים,צופר,language,ערבית,4
2026-07-30T18:03:01,63,נשים,צופר,language,רוסית,19
2026-07-30T18:03:19,63,נשים,צפת,gender,גבר,29
2026-07-30T18:03:19,63,נשים,צפת,gender,אישה,58
2026-07-30T18:03:19,63,נשים,צפת,visit_type,ביקור במרפאה,87
2026-07-30T18:03:19,63,נשים,צפת,language,אנגלית,9
2026-07-30T18:03:19,63,נשים,צפת,language,עברית,13
2026-07-30T18:03:19,63,נשים,צפת,language,ערבית,4
2026-07-30T18:03:19,63,נשים,צפת,language,רוסית,3
2026-07-30T18:03:32,63,נשים,קדמה,gender,גבר,52
2026-07-30T18:03:32,63,נשים,קדמה,gender,אישה,56
2026-07-30T18:03:32,63,נשים,קדמה,visit_type,ביקור במרפאה,113
2026-07-30T18:03:32,63,נשים,קדמה,language,אוקראינית,3
2026-07-30T18:03:32,63,נשים,קדמה,language,אידיש,1
2026-07-30T18:03:32,63,נשים,קדמה,language,איטלקית,2
2026-07-30T18:03:32,63,נשים,קדמה,language,אנגלית,26
2026-07-30T18:03:32,63,נשים,קדמה,language,גרוזינית,1
2026-07-30T18:03:32,63,נשים,קדמה,language,הונגרית,2
2026-07-30T18:03:32,63,נשים,קדמה,language,ספרדית,1
2026-07-30T18:03:32,63,נשים,קדמה,language,עברית,37
2026-07-30T18:03:32,63,נשים,קדמה,language,צרפתית,2
2026-07-30T18:03:32,63,נשים,קדמה,language,רוסית,17
2026-07-30T18:03:48,63,נשים,קוסרה,gender,גבר,47
2026-07-30T18:03:48,63,נשים,קוסרה,gender,אישה,79
2026-07-30T18:03:48,63,נשים,קוסרה,visit_type,ביקור במרפאה,131
2026-07-30T18:03:48,63,נשים,קוסרה,visit_type,שיחת טלפון,16
2026-07-30T18:03:48,63,נשים,קוסרה,visit_type,שיחת וידאו,1
2026-07-30T18:03:48,63,נשים,קוסרה,language,אידיש,2
2026-07-30T18:03:48,63,נשים,קוסרה,language,אנגלית,20
2026-07-30T18:03:48,63,נשים,קוסרה,language,עברית,24
2026-07-30T18:03:48,63,נשים,קוסרה,language,ערבית,3
2026-07-30T18:03:48,63,נשים,קוסרה,language,צרפתית,2
2026-07-30T18:03:48,63,נשים,קוסרה,language,רוסית,3
2026-07-30T18:04:10,63,נשים,קלנסווה,gender,אישה,92
2026-07-30T18:04:10,63,נשים,קלנסווה,gender,גבר,47
2026-07-30T18:04:10,63,נשים,קלנסווה,visit_type,ביקור במרפאה,142
2026-07-30T18:04:10,63,נשים,קלנסווה,visit_type,שיחת טלפון,2
2026-07-30T18:04:10,63,נשים,קלנסווה,language,אידיש,1
2026-07-30T18:04:10,63,נשים,קלנסווה,language,אנגלית,18
2026-07-30T18:04:10,63,נשים,קלנסווה,language,גרמנית,1
2026-07-30T18:04:10,63,נשים,קלנסווה,language,עברית,32
2026-07-30T18:04:10,63,נשים,קלנסווה,language,ערבית,8
2026-07-30T18:04:10,63,נשים,קלנסווה,language,צרפתית,2
2026-07-30T18:04:10,63,נשים,קלנסווה,language,רומנית,2
2026-07-30T18:04:10,63,נשים,קלנסווה,language,רוסית,11
2026-07-30T18:04:30,63,נשים,קרית אונו,gender,גבר,10
2026-07-30T18:04:30,63,נשים,קרית אונו,gender,אישה,15
2026-07-30T18:04:30,63,נשים,קרית אונו,visit_type,ביקור במרפאה,29
2026-07-30T18:04:30,63,נשים,קרית אונו,language,איטלקית,4
2026-07-30T18:04:30,63,נשים,קרית אונו,language,אנגלית,12
2026-07-30T18:04:30,63,נשים,קרית אונו,language,ספרדית,1
2026-07-30T18:04:30,63,נשים,קרית אונו,language,עברית,24
2026-07-30T18:04:30,63,נשים,קרית אונו,language,ערבית,1
2026-07-30T18:04:30,63,נשים,קרית אונו,language,צרפתית,2
2026-07-30T18:04:30,63,נשים,קרית אונו,language,רומנית,4
2026-07-30T18:04:30,63,נשים,קרית אונו,language,רוסית,2
2026-07-30T18:04:37,63,נשים,ראמה,gender,גבר,37
2026-07-30T18:04:37,63,נשים,ראמה,gender,אישה,82
2026-07-30T18:04:37,63,נשים,ראמה,visit_type,ביקור במרפאה,120
2026-07-30T18:04:37,63,נשים,ראמה,visit_type,שיחת טלפון,2
2026-07-30T18:04:37,63,נשים,ראמה,language,אידיש,1
2026-07-30T18:04:37,63,נשים,ראמה,language,איטלקית,4
2026-07-30T18:04:37,63,נשים,ראמה,language,אנגלית,75
2026-07-30T18:04:37,63,נשים,ראמה,language,ספרדית,1
2026-07-30T18:04:37,63,נשים,ראמה,language,עברית,115
2026-07-30T18:04:37,63,נשים,ראמה,language,ערבית,74
2026-07-30T18:04:37,63,נשים,ראמה,language,צרפתית,2
2026-07-30T18:04:37,63,נשים,ראמה,language,רומנית,6
2026-07-30T18:04:37,63,נשים,ראמה,language,רוסית,24
2026-07-30T18:04:37,63,נשים,ראמה,language,שוודית,1
2026-07-30T18:04:56,63,נשים,רביבים,gender,גבר,43
2026-07-30T18:04:56,63,נשים,רביבים,gender,אישה,67
2026-07-30T18:04:56,63,נשים,רביבים,visit_type,ביקור במרפאה,112
2026-07-30T18:04:56,63,נשים,רביבים,language,אידיש,3
2026-07-30T18:04:56,63,נשים,רביבים,language,אנגלית,21
2026-07-30T18:04:56,63,נשים,רביבים,language,ליטאית,1
2026-07-30T18:04:56,63,נשים,רביבים,language,סינית,1
2026-07-30T18:04:56,63,נשים,רביבים,language,עברית,9
2026-07-30T18:04:56,63,נשים,רביבים,language,ערבית,4
2026-07-30T18:04:56,63,נשים,רביבים,language,רוסית,19
2026-07-30T18:05:13,63,נשים,רומאנה,gender,גבר,29
2026-07-30T18:05:13,63,נשים,רומאנה,gender,אישה,58
2026-07-30T18:05:13,63,נשים,רומאנה,visit_type,ביקור במרפאה,87
2026-07-30T18:05:13,63,נשים,רומאנה,language,אנגלית,9
2026-07-30T18:05:13,63,נשים,רומאנה,language,עברית,13
2026-07-30T18:05:13,63,נשים,רומאנה,language,ערבית,4
2026-07-30T18:05:13,63,נשים,רומאנה,language,רוסית,3
2026-07-30T18:05:26,63,נשים,ריינה,gender,גבר,29
2026-07-30T18:05:26,63,נשים,ריינה,gender,אישה,58
2026-07-30T18:05:26,63,נשים,ריינה,visit_type,ביקור במרפאה,87
2026-07-30T18:05:26,63,נשים,ריינה,language,אנגלית,9
2026-07-30T18:05:26,63,נשים,ריינה,language,עברית,13
2026-07-30T18:05:26,63,נשים,ריינה,language,ערבית,4
2026-07-30T18:05:26,63,נשים,ריינה,language,רוסית,3
2026-07-30T18:05:45,63,נשים,רפיח,gender,גבר,68
2026-07-30T18:05:45,63,נשים,רפיח,gender,אישה,86
2026-07-30T18:05:45,63,נשים,רפיח,visit_type,ביקור במרפאה,156
2026-07-30T18:05:45,63,נשים,רפיח,visit_type,שיחת טלפון,1
2026-07-30T18:05:45,63,נשים,רפיח,language,אידיש,4
2026-07-30T18:05:45,63,נשים,רפיח,language,אנגלית,22
2026-07-30T18:05:45,63,נשים,רפיח,language,גרמנית,1
2026-07-30T18:05:45,63,נשים,רפיח,language,ליטאית,1
2026-07-30T18:05:45,63,נשים,רפיח,language,סינית,1
2026-07-30T18:05:45,63,נשים,רפיח,language,עברית,14
2026-07-30T18:05:45,63,נשים,רפיח,language,ערבית,4
2026-07-30T18:05:45,63,נשים,רפיח,language,רוסית,22
2026-07-30T18:06:06,63,נשים,שגב שלום,gender,אישה,67
2026-07-30T18:06:06,63,נשים,שגב שלום,gender,גבר,43
2026-07-30T18:06:06,63,נשים,שגב שלום,visit_type,ביקור במרפאה,112
2026-07-30T18:06:06,63,נשים,שגב שלום,language,אידיש,3
2026-07-30T18:06:06,63,נשים,שגב שלום,language,אנגלית,21
2026-07-30T18:06:06,63,נשים,שגב שלום,language,ליטאית,1
2026-07-30T18:06:06,63,נשים,שגב שלום,language,סינית,1
2026-07-30T18:06:06,63,נשים,שגב שלום,language,עברית,9
2026-07-30T18:06:06,63,נשים,שגב שלום,language,ערבית,4
2026-07-30T18:06:06,63,נשים,שגב שלום,language,רוסית,19
2026-07-30T18:06:23,63,נשים,שדה משה,gender,גבר,47
2026-07-30T18:06:23,63,נשים,שדה משה,gender,אישה,61
2026-07-30T18:06:23,63,נשים,שדה משה,visit_type,ביקור במרפאה,108
2026-07-30T18:06:23,63,נשים,שדה משה,visit_type,שיחת טלפון,1
2026-07-30T18:06:23,63,נשים,שדה משה,language,אידיש,4
2026-07-30T18:06:23,63,נשים,שדה משה,language,אנגלית,13
2026-07-30T18:06:23,63,נשים,שדה משה,language,גרמנית,1
2026-07-30T18:06:23,63,נשים,שדה משה,language,ליטאית,1
2026-07-30T18:06:23,63,נשים,שדה משה,language,סינית,1
2026-07-30T18:06:23,63,נשים,שדה משה,language,עברית,8
2026-07-30T18:06:23,63,נשים,שדה משה,language,ערבית,3
2026-07-30T18:06:23,63,נשים,שדה משה,language,רוסית,14
2026-07-30T18:06:40,63,נשים,שוקדה,gender,גבר,68
2026-07-30T18:06:40,63,נשים,שוקדה,gender,אישה,86
2026-07-30T18:06:40,63,נשים,שוקדה,visit_type,ביקור במרפאה,156
2026-07-30T18:06:40,63,נשים,שוקדה,visit_type,שיחת טלפון,1
2026-07-30T18:06:40,63,נשים,שוקדה,language,אידיש,4
2026-07-30T18:06:40,63,נשים,שוקדה,language,אנגלית,22
2026-07-30T18:06:40,63,נשים,שוקדה,language,גרמנית,1
2026-07-30T18:06:40,63,נשים,שוקדה,language,ליטאית,1
2026-07-30T18:06:40,63,נשים,שוקדה,language,סינית,1
2026-07-30T18:06:40,63,נשים,שוקדה,language,עברית,14
2026-07-30T18:06:40,63,נשים,שוקדה,language,ערבית,4
2026-07-30T18:06:40,63,נשים,שוקדה,language,רוסית,22
2026-07-30T18:07:00,63,נשים,שילה,gender,גבר,47
2026-07-30T18:07:00,63,נשים,שילה,gender,אישה,79
2026-07-30T18:07:00,63,נשים,שילה,visit_type,ביקור במרפאה,131
2026-07-30T18:07:00,63,נשים,שילה,visit_type,שיחת טלפון,16
2026-07-30T18:07:00,63,נשים,שילה,visit_type,שיחת וידאו,1
2026-07-30T18:07:00,63,נשים,שילה,language,אידיש,2
2026-07-30T18:07:00,63,נשים,שילה,language,אנגלית,20
2026-07-30T18:07:00,63,נשים,שילה,language,עברית,24
2026-07-30T18:07:00,63,נשים,שילה,language,ערבית,3
2026-07-30T18:07:00,63,נשים,שילה,language,צרפתית,2
2026-07-30T18:07:00,63,נשים,שילה,language,רוסית,3
2026-07-30T18:07:19,63,נשים,שמיר,gender,גבר,29
2026-07-30T18:07:19,63,נשים,שמיר,gender,אישה,58
2026-07-30T18:07:19,63,נשים,שמיר,visit_type,ביקור במרפאה,87
2026-07-30T18:07:19,63,נשים,שמיר,language,אנגלית,9
2026-07-30T18:07:19,63,נשים,שמיר,language,עברית,13
2026-07-30T18:07:19,63,נשים,שמיר,language,ערבית,4
2026-07-30T18:07:19,63,נשים,שמיר,language,רוסית,3
2026-07-30T18:07:33,63,נשים,שער הגולן,gender,גבר,29
2026-07-30T18:07:33,63,נשים,שער הגולן,gender,אישה,58
2026-07-30T18:07:33,63,נשים,שער הגולן,visit_type,ביקור במרפאה,87
2026-07-30T18:07:33,63,נשים,שער הגולן,language,אנגלית,9
2026-07-30T18:07:33,63,נשים,שער הגולן,language,עברית,13
2026-07-30T18:07:33,63,נשים,שער הגולן,language,ערבית,4
2026-07-30T18:07:33,63,נשים,שער הגולן,language,רוסית,3
2026-07-30T18:07:46,63,נשים,שרונה,gender,גבר,29
2026-07-30T18:07:46,63,נשים,שרונה,gender,אישה,58
2026-07-30T18:07:46,63,נשים,שרונה,visit_type,ביקור במרפאה,87
2026-07-30T18:07:46,63,נשים,שרונה,language,אנגלית,9
2026-07-30T18:07:46,63,נשים,שרונה,language,עברית,13
2026-07-30T18:07:46,63,נשים,שרונה,language,ערבית,4
2026-07-30T18:07:46,63,נשים,שרונה,language,רוסית,3
2026-07-30T18:07:59,63,נשים,תוקוע,gender,גבר,47
2026-07-30T18:07:59,63,נשים,תוקוע,gender,אישה,79
2026-07-30T18:07:59,63,נשים,תוקוע,visit_type,ביקור במרפאה,131
2026-07-30T18:07:59,63,נשים,תוקוע,visit_type,שיחת טלפון,16
2026-07-30T18:07:59,63,נשים,תוקוע,visit_type,שיחת וידאו,1
2026-07-30T18:07:59,63,נשים,תוקוע,language,אידיש,2
2026-07-30T18:07:59,63,נשים,תוקוע,language,אנגלית,20
2026-07-30T18:07:59,63,נשים,תוקוע,language,עברית,24
2026-07-30T18:07:59,63,נשים,תוקוע,language,ערבית,3
2026-07-30T18:07:59,63,נשים,תוקוע,language,צרפתית,2
2026-07-30T18:07:59,63,נשים,תוקוע,language,רוסית,3
2026-07-30T18:08:18,63,נשים,תל חי,gender,גבר,29
2026-07-30T18:08:18,63,נשים,תל חי,gender,אישה,58
2026-07-30T18:08:18,63,נשים,תל חי,visit_type,ביקור במרפאה,87
2026-07-30T18:08:18,63,נשים,תל חי,language,אנגלית,9
2026-07-30T18:08:18,63,נשים,תל חי,language,עברית,13
2026-07-30T18:08:18,63,נשים,תל חי,language,ערבית,4
2026-07-30T18:08:18,63,נשים,תל חי,language,רוסית,3
2026-07-30T18:08:34,63,נשים,תעשיון בר לב,gender,גבר,47
2026-07-30T18:08:34,63,נשים,תעשיון בר לב,gender,אישה,127
2026-07-30T18:08:34,63,נשים,תעשיון בר לב,visit_type,ביקור במרפאה,175
2026-07-30T18:08:34,63,נשים,תעשיון בר לב,visit_type,שיחת טלפון,2
2026-07-30T18:08:34,63,נשים,תעשיון בר לב,language,אידיש,1
2026-07-30T18:08:34,63,נשים,תעשיון בר לב,language,איטלקית,7
2026-07-30T18:08:34,63,נשים,תעשיון בר לב,language,אנגלית,116
2026-07-30T18:08:34,63,נשים,תעשיון בר לב,language,הונגרית,3
2026-07-30T18:08:34,63,נשים,תעשיון בר לב,language,ספרדית,1
2026-07-30T18:08:34,63,נשים,תעשיון בר לב,language,עברית,169
2026-07-30T18:08:34,63,נשים,תעשיון בר לב,language,ערבית,98
2026-07-30T18:08:34,63,נשים,תעשיון בר לב,language,צרפתית,5
2026-07-30T18:08:34,63,נשים,תעשיון בר לב,language,רומנית,9
2026-07-30T18:08:34,63,נשים,תעשיון בר לב,language,רוסית,34
2026-07-30T18:08:34,63,נשים,תעשיון בר לב,language,שוודית,1
2026-07-30T18:08:55,63,נשים,תקומה,gender,גבר,68
2026-07-30T18:08:55,63,נשים,תקומה,gender,אישה,86
2026-07-30T18:08:55,63,נשים,תקומה,visit_type,ביקור במרפאה,156
2026-07-30T18:08:55,63,נשים,תקומה,visit_type,שיחת טלפון,1
2026-07-30T18:08:55,63,נשים,תקומה,language,אידיש,4
2026-07-30T18:08:55,63,נשים,תקומה,language,אנגלית,22
2026-07-30T18:08:55,63,נשים,תקומה,language,גרמנית,1
2026-07-30T18:08:55,63,נשים,תקומה,language,ליטאית,1
2026-07-30T18:08:55,63,נשים,תקומה,language,סינית,1
2026-07-30T18:08:55,63,נשים,תקומה,language,עברית,14
2026-07-30T18:08:55,63,נשים,תקומה,language,ערבית,4
2026-07-30T18:08:55,63,נשים,תקומה,language,רוסית,22
2026-07-30T18:09:14,31,עור,א ראס,gender,גבר,33
2026-07-30T18:09:14,31,עור,א ראס,gender,אישה,15
2026-07-30T18:09:14,31,עור,א ראס,visit_type,ביקור במרפאה,49
2026-07-30T18:09:14,31,עור,א ראס,language,איטלקית,1
2026-07-30T18:09:14,31,עור,א ראס,language,אנגלית,5
2026-07-30T18:09:14,31,עור,א ראס,language,עברית,9
2026-07-30T18:09:14,31,עור,א ראס,language,ערבית,1
2026-07-30T18:09:14,31,עור,א ראס,language,צרפתית,2
2026-07-30T18:09:14,31,עור,א ראס,language,רומנית,1
2026-07-30T18:09:14,31,עור,א ראס,language,רוסית,6
2026-07-30T18:09:27,31,עור,אבו עמאר,gender,גבר,22
2026-07-30T18:09:27,31,עור,אבו עמאר,gender,אישה,10
2026-07-30T18:09:27,31,עור,אבו עמאר,visit_type,ביקור במרפאה,34
2026-07-30T18:09:27,31,עור,אבו עמאר,language,אנגלית,4
2026-07-30T18:09:27,31,עור,אבו עמאר,language,בולגרית,1
2026-07-30T18:09:27,31,עור,אבו עמאר,language,עברית,6
2026-07-30T18:09:27,31,עור,אבו עמאר,language,ערבית,1
2026-07-30T18:09:27,31,עור,אבו עמאר,language,רוסית,2
2026-07-30T18:09:36,31,עור,אודם,gender,גבר,47
2026-07-30T18:09:36,31,עור,אודם,gender,אישה,6
2026-07-30T18:09:36,31,עור,אודם,visit_type,ביקור במרפאה,53
2026-07-30T18:09:36,31,עור,אודם,language,אנגלית,21
2026-07-30T18:09:36,31,עור,אודם,language,עברית,21
2026-07-30T18:09:36,31,עור,אודם,language,ערבית,17
2026-07-30T18:09:36,31,עור,אודם,language,רומנית,4
2026-07-30T18:09:36,31,עור,אודם,language,רוסית,2
2026-07-30T18:09:45,31,עור,אזור תעשייה אכזיב מילואות,gender,גבר,63
2026-07-30T18:09:45,31,עור,אזור תעשייה אכזיב מילואות,gender,אישה,10
2026-07-30T18:09:45,31,עור,אזור תעשייה אכזיב מילואות,visit_type,ביקור במרפאה,75
2026-07-30T18:09:45,31,עור,אזור תעשייה אכזיב מילואות,language,אידיש,2
2026-07-30T18:09:45,31,עור,אזור תעשייה אכזיב מילואות,language,אנגלית,49
2026-07-30T18:09:45,31,עור,אזור תעשייה אכזיב מילואות,language,גרמנית,7
2026-07-30T18:09:45,31,עור,אזור תעשייה אכזיב מילואות,language,עברית,72
2026-07-30T18:09:45,31,עור,אזור תעשייה אכזיב מילואות,language,ערבית,60
2026-07-30T18:09:45,31,עור,אזור תעשייה אכזיב מילואות,language,צרפתית,1
2026-07-30T18:09:45,31,עור,אזור תעשייה אכזיב מילואות,language,רומנית,15
2026-07-30T18:09:45,31,עור,אזור תעשייה אכזיב מילואות,language,רוסית,7
2026-07-30T18:10:00,31,עור,אטרש,gender,גבר,22
2026-07-30T18:10:00,31,עור,אטרש,gender,אישה,10
2026-07-30T18:10:00,31,עור,אטרש,visit_type,ביקור במרפאה,34
2026-07-30T18:10:00,31,עור,אטרש,language,אנגלית,4
2026-07-30T18:10:00,31,עור,אטרש,language,בולגרית,1
2026-07-30T18:10:00,31,עור,אטרש,language,עברית,6
2026-07-30T18:10:00,31,עור,אטרש,language,ערבית,1
2026-07-30T18:10:00,31,עור,אטרש,language,רוסית,2
2026-07-30T18:10:08,31,עור,אילת,gender,אישה,1
2026-07-30T18:10:08,31,עור,אילת,gender,גבר,1
2026-07-30T18:10:08,31,עור,אילת,visit_type,ביקור במרפאה,6
2026-07-30T18:10:08,31,עור,אילת,visit_type,שיחת טלפון,1
2026-07-30T18:10:10,31,עור,אל ערוב,gender,גבר,24
2026-07-30T18:10:10,31,עור,אל ערוב,gender,אישה,19
2026-07-30T18:10:10,31,עור,אל ערוב,visit_type,ביקור במרפאה,45
2026-07-30T18:10:10,31,עור,אל ערוב,language,אנגלית,6
2026-07-30T18:10:10,31,עור,אל ערוב,language,ספרדית,1
2026-07-30T18:10:10,31,עור,אל ערוב,language,עברית,13
2026-07-30T18:10:10,31,עור,אל ערוב,language,צרפתית,4
2026-07-30T18:10:10,31,עור,אל ערוב,language,רוסית,7
2026-07-30T18:10:19,31,עור,אפיניש,gender,גבר,22
2026-07-30T18:10:19,31,עור,אפיניש,gender,אישה,10
2026-07-30T18:10:19,31,עור,אפיניש,visit_type,ביקור במרפאה,34
2026-07-30T18:10:19,31,עור,אפיניש,language,אנגלית,4
2026-07-30T18:10:19,31,עור,אפיניש,language,בולגרית,1
2026-07-30T18:10:19,31,עור,אפיניש,language,עברית,6
2026-07-30T18:10:19,31,עור,אפיניש,language,ערבית,1
2026-07-30T18:10:19,31,עור,אפיניש,language,רוסית,2
2026-07-30T18:10:28,31,עור,ארסוף,gender,גבר,33
2026-07-30T18:10:28,31,עור,ארסוף,gender,אישה,15
2026-07-30T18:10:28,31,עור,ארסוף,visit_type,ביקור במרפאה,49
2026-07-30T18:10:28,31,עור,ארסוף,language,איטלקית,1
2026-07-30T18:10:28,31,עור,ארסוף,language,אנגלית,5
2026-07-30T18:10:28,31,עור,ארסוף,language,עברית,9
2026-07-30T18:10:28,31,עור,ארסוף,language,ערבית,1
2026-07-30T18:10:28,31,עור,ארסוף,language,צרפתית,2
2026-07-30T18:10:28,31,עור,ארסוף,language,רומנית,1
2026-07-30T18:10:28,31,עור,ארסוף,language,רוסית,6
2026-07-30T18:10:42,31,עור,אשקלון,gender,אישה,9
2026-07-30T18:10:42,31,עור,אשקלון,gender,גבר,21
2026-07-30T18:10:42,31,עור,אשקלון,visit_type,ביקור במרפאה,32
2026-07-30T18:10:42,31,עור,אשקלון,language,אנגלית,4
2026-07-30T18:10:42,31,עור,אשקלון,language,בולגרית,1
2026-07-30T18:10:42,31,עור,אשקלון,language,עברית,7
2026-07-30T18:10:42,31,עור,אשקלון,language,רוסית,5
2026-07-30T18:10:51,31,עור,בארות יצחק,gender,אישה,19
2026-07-30T18:10:51,31,עור,בארות יצחק,gender,גבר,34
2026-07-30T18:10:51,31,עור,בארות יצחק,visit_type,ביקור במרפאה,62
2026-07-30T18:10:51,31,עור,בארות יצחק,language,איטלקית,1
2026-07-30T18:10:51,31,עור,בארות יצחק,language,אנגלית,27
2026-07-30T18:10:51,31,עור,בארות יצחק,language,גרמנית,2
2026-07-30T18:10:51,31,עור,בארות יצחק,language,ספרדית,4
2026-07-30T18:10:51,31,עור,בארות יצחק,language,עברית,46
2026-07-30T18:10:51,31,עור,בארות יצחק,language,ערבית,7
2026-07-30T18:10:51,31,עור,בארות יצחק,language,צרפתית,4
2026-07-30T18:10:51,31,עור,בארות יצחק,language,רוסית,5
2026-07-30T18:11:07,31,עור,בורין,gender,גבר,33
2026-07-30T18:11:07,31,עור,בורין,gender,אישה,15
2026-07-30T18:11:07,31,עור,בורין,visit_type,ביקור במרפאה,49
2026-07-30T18:11:07,31,עור,בורין,language,איטלקית,1
2026-07-30T18:11:07,31,עור,בורין,language,אנגלית,5
2026-07-30T18:11:07,31,עור,בורין,language,עברית,9
2026-07-30T18:11:07,31,עור,בורין,language,ערבית,1
2026-07-30T18:11:07,31,עור,בורין,language,צרפתית,2
2026-07-30T18:11:07,31,עור,בורין,language,רומנית,1
2026-07-30T18:11:07,31,עור,בורין,language,רוסית,6
2026-07-30T18:11:18,31,עור,ביצרון,gender,גבר,18
2026-07-30T18:11:18,31,עור,ביצרון,gender,אישה,6
2026-07-30T18:11:18,31,עור,ביצרון,visit_type,ביקור במרפאה,24
2026-07-30T18:11:18,31,עור,ביצרון,language,אנגלית,7
2026-07-30T18:11:18,31,עור,ביצרון,language,אפריקנס,1
2026-07-30T18:11:18,31,עור,ביצרון,language,הולנדית,1
2026-07-30T18:11:18,31,עור,ביצרון,language,עברית,10
2026-07-30T18:11:18,31,עור,ביצרון,language,רוסית,6
2026-07-30T18:11:22,31,עור,בני דרור,gender,אישה,15
2026-07-30T18:11:22,31,עור,בני דרור,gender,גבר,33
2026-07-30T18:11:22,31,עור,בני דרור,visit_type,ביקור במרפאה,49
2026-07-30T18:11:22,31,עור,בני דרור,language,איטלקית,1
2026-07-30T18:11:22,31,עור,בני דרור,language,אנגלית,5
2026-07-30T18:11:22,31,עור,בני דרור,language,עברית,9
2026-07-30T18:11:22,31,עור,בני דרור,language,ערבית,1
2026-07-30T18:11:22,31,עור,בני דרור,language,צרפתית,2
2026-07-30T18:11:22,31,עור,בני דרור,language,רומנית,1
2026-07-30T18:11:22,31,עור,בני דרור,language,רוסית,6
2026-07-30T18:11:35,31,עור,בצת,gender,גבר,35
2026-07-30T18:11:35,31,עור,בצת,gender,אישה,3
2026-07-30T18:11:35,31,עור,בצת,visit_type,ביקור במרפאה,38
2026-07-30T18:11:35,31,עור,בצת,language,אנגלית,19
2026-07-30T18:11:35,31,עור,בצת,language,גרמנית,7
2026-07-30T18:11:35,31,עור,בצת,language,עברית,38
2026-07-30T18:11:35,31,עור,בצת,language,ערבית,35
2026-07-30T18:11:35,31,עור,בצת,language,רומנית,10
2026-07-30T18:11:35,31,עור,בצת,language,רוסית,2
2026-07-30T18:11:42,31,עור,ברכה,gender,אישה,15
2026-07-30T18:11:42,31,עור,ברכה,gender,גבר,33
2026-07-30T18:11:42,31,עור,ברכה,visit_type,ביקור במרפאה,49
2026-07-30T18:11:42,31,עור,ברכה,language,איטלקית,1
2026-07-30T18:11:42,31,עור,ברכה,language,אנגלית,5
2026-07-30T18:11:42,31,עור,ברכה,language,עברית,9
2026-07-30T18:11:42,31,עור,ברכה,language,ערבית,1
2026-07-30T18:11:42,31,עור,ברכה,language,צרפתית,2
2026-07-30T18:11:42,31,עור,ברכה,language,רומנית,1
2026-07-30T18:11:42,31,עור,ברכה,language,רוסית,6
2026-07-30T18:11:52,31,עור,ג'אלוד,gender,גבר,24
2026-07-30T18:11:52,31,עור,ג'אלוד,gender,אישה,19
2026-07-30T18:11:52,31,עור,ג'אלוד,visit_type,ביקור במרפאה,45
2026-07-30T18:11:52,31,עור,ג'אלוד,language,אנגלית,6
2026-07-30T18:11:52,31,עור,ג'אלוד,language,ספרדית,1
2026-07-30T18:11:52,31,עור,ג'אלוד,language,עברית,13
2026-07-30T18:11:52,31,עור,ג'אלוד,language,צרפתית,4
2026-07-30T18:11:52,31,עור,ג'אלוד,language,רוסית,7
2026-07-30T18:12:00,31,עור,גבע בנימין,gender,גבר,25
2026-07-30T18:12:00,31,עור,גבע בנימין,gender,אישה,19
2026-07-30T18:12:00,31,עור,גבע בנימין,visit_type,ביקור במרפאה,46
2026-07-30T18:12:00,31,עור,גבע בנימין,language,אנגלית,6
2026-07-30T18:12:00,31,עור,גבע בנימין,language,ספרדית,1
2026-07-30T18:12:00,31,עור,גבע בנימין,language,עברית,14
2026-07-30T18:12:00,31,עור,גבע בנימין,language,צרפתית,5
2026-07-30T18:12:00,31,עור,גבע בנימין,language,רוסית,7
2026-07-30T18:12:07,31,עור,גדרה,gender,גבר,18
2026-07-30T18:12:07,31,עור,גדרה,gender,אישה,6
2026-07-30T18:12:07,31,עור,גדרה,visit_type,ביקור במרפאה,24
2026-07-30T18:12:07,31,עור,גדרה,language,אנגלית,7
2026-07-30T18:12:07,31,עור,גדרה,language,אפריקנס,1
2026-07-30T18:12:07,31,עור,גדרה,language,הולנדית,1
2026-07-30T18:12:07,31,עור,גדרה,language,עברית,10
2026-07-30T18:12:07,31,עור,גדרה,language,רוסית,6
2026-07-30T18:12:13,31,עור,גילת,gender,גבר,30
2026-07-30T18:12:13,31,עור,גילת,gender,אישה,13
2026-07-30T18:12:13,31,עור,גילת,visit_type,ביקור במרפאה,45
2026-07-30T18:12:13,31,עור,גילת,language,אנגלית,6
2026-07-30T18:12:13,31,עור,גילת,language,בולגרית,1
2026-07-30T18:12:13,31,עור,גילת,language,עברית,9
2026-07-30T18:12:13,31,עור,גילת,language,ערבית,1
2026-07-30T18:12:13,31,עור,גילת,language,רוסית,5
2026-07-30T18:12:27,31,עור,גמזו,gender,גבר,28
2026-07-30T18:12:27,31,עור,גמזו,gender,אישה,6
2026-07-30T18:12:27,31,עור,גמזו,visit_type,ביקור במרפאה,34
2026-07-30T18:12:27,31,עור,גמזו,visit_type,שיחת טלפון,2
2026-07-30T18:12:27,31,עור,גמזו,language,אנגלית,4
2026-07-30T18:12:27,31,עור,גמזו,language,אפריקנס,1
2026-07-30T18:12:27,31,עור,גמזו,language,הולנדית,1
2026-07-30T18:12:27,31,עור,גמזו,language,עברית,8
2026-07-30T18:12:27,31,עור,גמזו,language,רוסית,3
2026-07-30T18:12:32,31,עור,געתון,gender,גבר,35
2026-07-30T18:12:32,31,עור,געתון,gender,אישה,3
2026-07-30T18:12:32,31,עור,געתון,visit_type,ביקור במרפאה,38
2026-07-30T18:12:32,31,עור,געתון,language,אנגלית,19
2026-07-30T18:12:32,31,עור,געתון,language,גרמנית,7
2026-07-30T18:12:32,31,עור,געתון,language,עברית,38
2026-07-30T18:12:32,31,עור,געתון,language,ערבית,35
2026-07-30T18:12:32,31,עור,געתון,language,רומנית,10
2026-07-30T18:12:32,31,עור,געתון,language,רוסית,2
2026-07-30T18:12:39,31,עור,דבוריה,gender,גבר,73
2026-07-30T18:12:39,31,עור,דבוריה,gender,אישה,12
2026-07-30T18:12:39,31,עור,דבוריה,visit_type,ביקור במרפאה,85
2026-07-30T18:12:39,31,עור,דבוריה,language,איטלקית,1
2026-07-30T18:12:39,31,עור,דבוריה,language,אנגלית,35
2026-07-30T18:12:39,31,עור,דבוריה,language,עברית,39
2026-07-30T18:12:39,31,עור,דבוריה,language,ערבית,28
2026-07-30T18:12:39,31,עור,דבוריה,language,רומנית,5
2026-07-30T18:12:39,31,עור,דבוריה,language,רוסית,10
2026-07-30T18:12:55,31,עור,דומא במרכז שומרון,gender,גבר,30
2026-07-30T18:12:55,31,עור,דומא במרכז שומרון,gender,אישה,13
2026-07-30T18:12:55,31,עור,דומא במרכז שומרון,visit_type,ביקור במרפאה,45
2026-07-30T18:12:55,31,עור,דומא במרכז שומרון,language,אנגלית,6
2026-07-30T18:12:55,31,עור,דומא במרכז שומרון,language,בולגרית,1
2026-07-30T18:12:55,31,עור,דומא במרכז שומרון,language,עברית,9
2026-07-30T18:12:55,31,עור,דומא במרכז שומרון,language,ערבית,1
2026-07-30T18:12:55,31,עור,דומא במרכז שומרון,language,רוסית,5
2026-07-30T18:13:08,31,עור,דיר א סודאן,gender,גבר,25
2026-07-30T18:13:08,31,עור,דיר א סודאן,gender,אישה,13
2026-07-30T18:13:08,31,עור,דיר א סודאן,visit_type,ביקור במרפאה,46
2026-07-30T18:13:08,31,עור,דיר א סודאן,language,איטלקית,1
2026-07-30T18:13:08,31,עור,דיר א סודאן,language,אנגלית,26
2026-07-30T18:13:08,31,עור,דיר א סודאן,language,גרמנית,2
2026-07-30T18:13:08,31,עור,דיר א סודאן,language,ספרדית,4
2026-07-30T18:13:08,31,עור,דיר א סודאן,language,עברית,45
2026-07-30T18:13:08,31,עור,דיר א סודאן,language,ערבית,7
2026-07-30T18:13:08,31,עור,דיר א סודאן,language,צרפתית,3
2026-07-30T18:13:08,31,עור,דיר א סודאן,language,רוסית,5
2026-07-30T18:13:20,31,עור,דפנה,gender,גבר,47
2026-07-30T18:13:20,31,עור,דפנה,gender,אישה,6
2026-07-30T18:13:20,31,עור,דפנה,visit_type,ביקור במרפאה,53
2026-07-30T18:13:20,31,עור,דפנה,language,אנגלית,21
2026-07-30T18:13:20,31,עור,דפנה,language,עברית,21
2026-07-30T18:13:20,31,עור,דפנה,language,ערבית,17
2026-07-30T18:13:20,31,עור,דפנה,language,רומנית,4
2026-07-30T18:13:20,31,עור,דפנה,language,רוסית,2
2026-07-30T18:13:29,31,עור,הודיות מוסד חינוכי,gender,גבר,47
2026-07-30T18:13:29,31,עור,הודיות מוסד חינוכי,gender,אישה,6
2026-07-30T18:13:29,31,עור,הודיות מוסד חינוכי,visit_type,ביקור במרפאה,53
2026-07-30T18:13:29,31,עור,הודיות מוסד חינוכי,language,אנגלית,21
2026-07-30T18:13:29,31,עור,הודיות מוסד חינוכי,language,עברית,21
2026-07-30T18:13:29,31,עור,הודיות מוסד חינוכי,language,ערבית,17
2026-07-30T18:13:29,31,עור,הודיות מוסד חינוכי,language,רומנית,4
2026-07-30T18:13:29,31,עור,הודיות מוסד חינוכי,language,רוסית,2
2026-07-30T18:13:37,31,עור,המרכז האקדמי רופין,gender,אישה,15
2026-07-30T18:13:37,31,עור,המרכז האקדמי רופין,gender,גבר,33
2026-07-30T18:13:37,31,עור,המרכז האקדמי רופין,visit_type,ביקור במרפאה,49
2026-07-30T18:13:37,31,עור,המרכז האקדמי רופין,language,איטלקית,1
2026-07-30T18:13:37,31,עור,המרכז האקדמי רופין,language,אנגלית,5
2026-07-30T18:13:37,31,עור,המרכז האקדמי רופין,language,עברית,9
2026-07-30T18:13:37,31,עור,המרכז האקדמי רופין,language,ערבית,1
2026-07-30T18:13:37,31,עור,המרכז האקדמי רופין,language,צרפתית,2
2026-07-30T18:13:37,31,עור,המרכז האקדמי רופין,language,רומנית,1
2026-07-30T18:13:37,31,עור,המרכז האקדמי רופין,language,רוסית,6
2026-07-30T18:13:48,31,עור,ורד הגליל,gender,גבר,47
2026-07-30T18:13:48,31,עור,ורד הגליל,gender,אישה,6
2026-07-30T18:13:48,31,עור,ורד הגליל,visit_type,ביקור במרפאה,53
2026-07-30T18:13:48,31,עור,ורד הגליל,language,אנגלית,21
2026-07-30T18:13:48,31,עור,ורד הגליל,language,עברית,21
2026-07-30T18:13:48,31,עור,ורד הגליל,language,ערבית,17
2026-07-30T18:13:48,31,עור,ורד הגליל,language,רומנית,4
2026-07-30T18:13:48,31,עור,ורד הגליל,language,רוסית,2
2026-07-30T18:13:57,31,עור,זוואתא,gender,אישה,15
2026-07-30T18:13:57,31,עור,זוואתא,gender,גבר,33
2026-07-30T18:13:57,31,עור,זוואתא,visit_type,ביקור במרפאה,49
2026-07-30T18:13:57,31,עור,זוואתא,language,איטלקית,1
2026-07-30T18:13:57,31,עור,זוואתא,language,אנגלית,5
2026-07-30T18:13:57,31,עור,זוואתא,language,עברית,9
2026-07-30T18:13:57,31,עור,זוואתא,language,ערבית,1
2026-07-30T18:13:57,31,עור,זוואתא,language,צרפתית,2
2026-07-30T18:13:57,31,עור,זוואתא,language,רומנית,1
2026-07-30T18:13:57,31,עור,זוואתא,language,רוסית,6
2026-07-30T18:14:08,31,עור,זנוח,gender,גבר,24
2026-07-30T18:14:08,31,עור,זנוח,gender,אישה,19
2026-07-30T18:14:08,31,עור,זנוח,visit_type,ביקור במרפאה,45
2026-07-30T18:14:08,31,עור,זנוח,language,אנגלית,6
2026-07-30T18:14:08,31,עור,זנוח,language,ספרדית,1
2026-07-30T18:14:08,31,עור,זנוח,language,עברית,13
2026-07-30T18:14:08,31,עור,זנוח,language,צרפתית,4
2026-07-30T18:14:08,31,עור,זנוח,language,רוסית,7
2026-07-30T18:14:17,31,עור,חבר,gender,גבר,73
2026-07-30T18:14:17,31,עור,חבר,gender,אישה,12
2026-07-30T18:14:17,31,עור,חבר,visit_type,ביקור במרפאה,85
2026-07-30T18:14:17,31,עור,חבר,language,איטלקית,1
2026-07-30T18:14:17,31,עור,חבר,language,אנגלית,35
2026-07-30T18:14:17,31,עור,חבר,language,עברית,39
2026-07-30T18:14:17,31,עור,חבר,language,ערבית,28
2026-07-30T18:14:17,31,עור,חבר,language,רומנית,5
2026-07-30T18:14:17,31,עור,חבר,language,רוסית,10
2026-07-30T18:14:29,31,עור,חולדה,gender,גבר,28
2026-07-30T18:14:29,31,עור,חולדה,gender,אישה,6
2026-07-30T18:14:29,31,עור,חולדה,visit_type,ביקור במרפאה,34
2026-07-30T18:14:29,31,עור,חולדה,visit_type,שיחת טלפון,2
2026-07-30T18:14:29,31,עור,חולדה,language,אנגלית,4
2026-07-30T18:14:29,31,עור,חולדה,language,אפריקנס,1
2026-07-30T18:14:29,31,עור,חולדה,language,הולנדית,1
2026-07-30T18:14:29,31,עור,חולדה,language,עברית,8
2026-07-30T18:14:29,31,עור,חולדה,language,רוסית,3
2026-07-30T18:14:36,31,עור,חיבת ציון,gender,גבר,59
2026-07-30T18:14:36,31,עור,חיבת ציון,gender,אישה,21
2026-07-30T18:14:36,31,עור,חיבת ציון,visit_type,ביקור במרפאה,81
2026-07-30T18:14:36,31,עור,חיבת ציון,language,איטלקית,1
2026-07-30T18:14:36,31,עור,חיבת ציון,language,אנגלית,23
2026-07-30T18:14:36,31,עור,חיבת ציון,language,עברית,27
2026-07-30T18:14:36,31,עור,חיבת ציון,language,ערבית,14
2026-07-30T18:14:36,31,עור,חיבת ציון,language,צרפתית,2
2026-07-30T18:14:36,31,עור,חיבת ציון,language,רומנית,1
2026-07-30T18:14:36,31,עור,חיבת ציון,language,רוסית,10
2026-07-30T18:14:50,31,עור,חמדת,gender,גבר,24
2026-07-30T18:14:50,31,עור,חמדת,gender,אישה,19
2026-07-30T18:14:50,31,עור,חמדת,visit_type,ביקור במרפאה,45
2026-07-30T18:14:50,31,עור,חמדת,language,אנגלית,6
2026-07-30T18:14:50,31,עור,חמדת,language,ספרדית,1
2026-07-30T18:14:50,31,עור,חמדת,language,עברית,13
2026-07-30T18:14:50,31,עור,חמדת,language,צרפתית,4
2026-07-30T18:14:50,31,עור,חמדת,language,רוסית,7
2026-07-30T18:14:58,31,עור,חצור אשדוד,gender,גבר,18
2026-07-30T18:14:58,31,עור,חצור אשדוד,gender,אישה,6
2026-07-30T18:14:58,31,עור,חצור אשדוד,visit_type,ביקור במרפאה,24
2026-07-30T18:14:58,31,עור,חצור אשדוד,language,אנגלית,7
2026-07-30T18:14:58,31,עור,חצור אשדוד,language,אפריקנס,1
2026-07-30T18:14:58,31,עור,חצור אשדוד,language,הולנדית,1
2026-07-30T18:14:58,31,עור,חצור אשדוד,language,עברית,10
2026-07-30T18:14:58,31,עור,חצור אשדוד,language,רוסית,6
2026-07-30T18:15:02,31,עור,טבריה,gender,גבר,47
2026-07-30T18:15:02,31,עור,טבריה,gender,אישה,6
2026-07-30T18:15:02,31,עור,טבריה,visit_type,ביקור במרפאה,53
2026-07-30T18:15:02,31,עור,טבריה,language,אנגלית,21
2026-07-30T18:15:02,31,עור,טבריה,language,עברית,21
2026-07-30T18:15:02,31,עור,טבריה,language,ערבית,17
2026-07-30T18:15:02,31,עור,טבריה,language,רומנית,4
2026-07-30T18:15:02,31,עור,טבריה,language,רוסית,2
2026-07-30T18:15:12,31,עור,טירת יהודה,gender,אישה,19
2026-07-30T18:15:12,31,עור,טירת יהודה,gender,גבר,34
2026-07-30T18:15:12,31,עור,טירת יהודה,visit_type,ביקור במרפאה,62
2026-07-30T18:15:12,31,עור,טירת יהודה,language,איטלקית,1
2026-07-30T18:15:12,31,עור,טירת יהודה,language,אנגלית,27
2026-07-30T18:15:12,31,עור,טירת יהודה,language,גרמנית,2
2026-07-30T18:15:12,31,עור,טירת יהודה,language,ספרדית,4
2026-07-30T18:15:12,31,עור,טירת יהודה,language,עברית,46
2026-07-30T18:15:12,31,עור,טירת יהודה,language,ערבית,7
2026-07-30T18:15:12,31,עור,טירת יהודה,language,צרפתית,4
2026-07-30T18:15:12,31,עור,טירת יהודה,language,רוסית,5
2026-07-30T18:15:28,31,עור,טמרה יזרעאל,gender,גבר,47
2026-07-30T18:15:28,31,עור,טמרה יזרעאל,gender,אישה,6
2026-07-30T18:15:28,31,עור,טמרה יזרעאל,visit_type,ביקור במרפאה,53
2026-07-30T18:15:28,31,עור,טמרה יזרעאל,language,אנגלית,21
2026-07-30T18:15:28,31,עור,טמרה יזרעאל,language,עברית,21
2026-07-30T18:15:28,31,עור,טמרה יזרעאל,language,ערבית,17
2026-07-30T18:15:28,31,עור,טמרה יזרעאל,language,רומנית,4
2026-07-30T18:15:28,31,עור,טמרה יזרעאל,language,רוסית,2
2026-07-30T18:15:38,31,עור,יבנאל,gender,גבר,47
2026-07-30T18:15:38,31,עור,יבנאל,gender,אישה,6
2026-07-30T18:15:38,31,עור,יבנאל,visit_type,ביקור במרפאה,53
2026-07-30T18:15:38,31,עור,יבנאל,language,אנגלית,21
2026-07-30T18:15:38,31,עור,יבנאל,language,עברית,21
2026-07-30T18:15:38,31,עור,יבנאל,language,ערבית,17
2026-07-30T18:15:38,31,עור,יבנאל,language,רומנית,4
2026-07-30T18:15:38,31,עור,יבנאל,language,רוסית,2
2026-07-30T18:15:46,31,עור,יד רמב''ם,gender,גבר,28
2026-07-30T18:15:46,31,עור,יד רמב''ם,gender,אישה,6
2026-07-30T18:15:46,31,עור,יד רמב''ם,visit_type,ביקור במרפאה,34
2026-07-30T18:15:46,31,עור,יד רמב''ם,visit_type,שיחת טלפון,2
2026-07-30T18:15:46,31,עור,יד רמב''ם,language,אנגלית,4
2026-07-30T18:15:46,31,עור,יד רמב''ם,language,אפריקנס,1
2026-07-30T18:15:46,31,עור,יד רמב''ם,language,הולנדית,1
2026-07-30T18:15:46,31,עור,יד רמב''ם,language,עברית,8
2026-07-30T18:15:46,31,עור,יד רמב''ם,language,רוסית,3
2026-07-30T18:15:51,31,עור,יחיעם,gender,גבר,35
2026-07-30T18:15:51,31,עור,יחיעם,gender,אישה,3
2026-07-30T18:15:51,31,עור,יחיעם,visit_type,ביקור במרפאה,38
2026-07-30T18:15:51,31,עור,יחיעם,language,אנגלית,19
2026-07-30T18:15:51,31,עור,יחיעם,language,גרמנית,7
2026-07-30T18:15:51,31,עור,יחיעם,language,עברית,38
2026-07-30T18:15:51,31,עור,יחיעם,language,ערבית,35
2026-07-30T18:15:51,31,עור,יחיעם,language,רומנית,10
2026-07-30T18:15:51,31,עור,יחיעם,language,רוסית,2
2026-07-30T18:15:58,31,עור,יעבד,gender,אישה,15
2026-07-30T18:15:58,31,עור,יעבד,gender,גבר,33
2026-07-30T18:15:58,31,עור,יעבד,visit_type,ביקור במרפאה,49
2026-07-30T18:15:58,31,עור,יעבד,language,איטלקית,1
2026-07-30T18:15:58,31,עור,יעבד,language,אנגלית,5
2026-07-30T18:15:58,31,עור,יעבד,language,עברית,9
2026-07-30T18:15:58,31,עור,יעבד,language,ערבית,1
2026-07-30T18:15:58,31,עור,יעבד,language,צרפתית,2
2026-07-30T18:15:58,31,עור,יעבד,language,רומנית,1
2026-07-30T18:15:58,31,עור,יעבד,language,רוסית,6
2026-07-30T18:16:10,31,עור,יציץ,gender,גבר,38
2026-07-30T18:16:10,31,עור,יציץ,gender,אישה,13
2026-07-30T18:16:10,31,עור,יציץ,visit_type,ביקור במרפאה,52
2026-07-30T18:16:10,31,עור,יציץ,visit_type,שיחת טלפון,2
2026-07-30T18:16:10,31,עור,יציץ,language,אנגלית,10
2026-07-30T18:16:10,31,עור,יציץ,language,אפריקנס,1
2026-07-30T18:16:10,31,עור,יציץ,language,גרמנית,1
2026-07-30T18:16:10,31,עור,יציץ,language,הולנדית,1
2026-07-30T18:16:10,31,עור,יציץ,language,עברית,16
2026-07-30T18:16:10,31,עור,יציץ,language,צרפתית,1
2026-07-30T18:16:10,31,עור,יציץ,language,רומנית,1
2026-07-30T18:16:10,31,עור,יציץ,language,רוסית,7
2026-07-30T18:16:18,31,עור,יריחו,gender,גבר,24
2026-07-30T18:16:18,31,עור,יריחו,gender,אישה,19
2026-07-30T18:16:18,31,עור,יריחו,visit_type,ביקור במרפאה,45
2026-07-30T18:16:18,31,עור,יריחו,language,אנגלית,6
2026-07-30T18:16:18,31,עור,יריחו,language,ספרדית,1
2026-07-30T18:16:18,31,עור,יריחו,language,עברית,13
2026-07-30T18:16:18,31,עור,יריחו,language,צרפתית,4
2026-07-30T18:16:18,31,עור,יריחו,language,רוסית,7
2026-07-30T18:16:26,31,עור,כאוכב אבו אל היגא,gender,גבר,45
2026-07-30T18:16:26,31,עור,כאוכב אבו אל היגא,gender,אישה,6
2026-07-30T18:16:26,31,עור,כאוכב אבו אל היגא,visit_type,ביקור במרפאה,52
2026-07-30T18:16:26,31,עור,כאוכב אבו אל היגא,language,אידיש,1
2026-07-30T18:16:26,31,עור,כאוכב אבו אל היגא,language,אנגלית,28
2026-07-30T18:16:26,31,עור,כאוכב אבו אל היגא,language,גרמנית,7
2026-07-30T18:16:26,31,עור,כאוכב אבו אל היגא,language,עברית,51
2026-07-30T18:16:26,31,עור,כאוכב אבו אל היגא,language,ערבית,45
2026-07-30T18:16:26,31,עור,כאוכב אבו אל היגא,language,רומנית,12
2026-07-30T18:16:26,31,עור,כאוכב אבו אל היגא,language,רוסית,3
2026-07-30T18:16:36,31,עור,כופיראת,gender,אישה,15
2026-07-30T18:16:36,31,עור,כופיראת,gender,גבר,33
2026-07-30T18:16:36,31,עור,כופיראת,visit_type,ביקור במרפאה,49
2026-07-30T18:16:36,31,עור,כופיראת,language,איטלקית,1
2026-07-30T18:16:36,31,עור,כופיראת,language,אנגלית,5
2026-07-30T18:16:36,31,עור,כופיראת,language,עברית,9
2026-07-30T18:16:36,31,עור,כופיראת,language,ערבית,1
2026-07-30T18:16:36,31,עור,כופיראת,language,צרפתית,2
2026-07-30T18:16:36,31,עור,כופיראת,language,רומנית,1
2026-07-30T18:16:36,31,עור,כופיראת,language,רוסית,6
2026-07-30T18:16:48,31,עור,כליל,gender,גבר,45
2026-07-30T18:16:48,31,עור,כליל,gender,אישה,6
2026-07-30T18:16:48,31,עור,כליל,visit_type,ביקור במרפאה,52
2026-07-30T18:16:48,31,עור,כליל,language,אידיש,1
2026-07-30T18:16:48,31,עור,כליל,language,אנגלית,28
2026-07-30T18:16:48,31,עור,כליל,language,גרמנית,7
2026-07-30T18:16:48,31,עור,כליל,language,עברית,51
2026-07-30T18:16:48,31,עור,כליל,language,ערבית,45
2026-07-30T18:16:48,31,עור,כליל,language,רומנית,12
2026-07-30T18:16:48,31,עור,כליל,language,רוסית,3
2026-07-30T18:16:59,31,עור,כעביה טבאש חג'אג'רה,gender,גבר,73
2026-07-30T18:16:59,31,עור,כעביה טבאש חג'אג'רה,gender,אישה,12
2026-07-30T18:16:59,31,עור,כעביה טבאש חג'אג'רה,visit_type,ביקור במרפאה,85
2026-07-30T18:16:59,31,עור,כעביה טבאש חג'אג'רה,language,איטלקית,1
2026-07-30T18:16:59,31,עור,כעביה טבאש חג'אג'רה,language,אנגלית,35
2026-07-30T18:16:59,31,עור,כעביה טבאש חג'אג'רה,language,עברית,39
2026-07-30T18:16:59,31,עור,כעביה טבאש חג'אג'רה,language,ערבית,28
2026-07-30T18:16:59,31,עור,כעביה טבאש חג'אג'רה,language,רומנית,5
2026-07-30T18:16:59,31,עור,כעביה טבאש חג'אג'רה,language,רוסית,10
2026-07-30T18:17:14,31,עור,כפר בן נון,gender,גבר,28
2026-07-30T18:17:14,31,עור,כפר בן נון,gender,אישה,6
2026-07-30T18:17:14,31,עור,כפר בן נון,visit_type,ביקור במרפאה,34
2026-07-30T18:17:14,31,עור,כפר בן נון,visit_type,שיחת טלפון,2
2026-07-30T18:17:14,31,עור,כפר בן נון,language,אנגלית,4
2026-07-30T18:17:14,31,עור,כפר בן נון,language,אפריקנס,1
2026-07-30T18:17:14,31,עור,כפר בן נון,language,הולנדית,1
2026-07-30T18:17:14,31,עור,כפר בן נון,language,עברית,8
2026-07-30T18:17:14,31,עור,כפר בן נון,language,רוסית,3
2026-07-30T18:17:19,31,עור,כרמי צור,gender,גבר,24
2026-07-30T18:17:19,31,עור,כרמי צור,gender,אישה,19
2026-07-30T18:17:19,31,עור,כרמי צור,visit_type,ביקור במרפאה,45
2026-07-30T18:17:19,31,עור,כרמי צור,language,אנגלית,6
2026-07-30T18:17:19,31,עור,כרמי צור,language,ספרדית,1
2026-07-30T18:17:19,31,עור,כרמי צור,language,עברית,13
2026-07-30T18:17:19,31,עור,כרמי צור,language,צרפתית,4
2026-07-30T18:17:19,31,עור,כרמי צור,language,רוסית,7
2026-07-30T18:17:26,31,עור,לובאן שרקיה,gender,גבר,24
2026-07-30T18:17:26,31,עור,לובאן שרקיה,gender,אישה,19
2026-07-30T18:17:26,31,עור,לובאן שרקיה,visit_type,ביקור במרפאה,45
2026-07-30T18:17:26,31,עור,לובאן שרקיה,language,אנגלית,6
2026-07-30T18:17:26,31,עור,לובאן שרקיה,language,ספרדית,1
2026-07-30T18:17:26,31,עור,לובאן שרקיה,language,עברית,13
2026-07-30T18:17:26,31,עור,לובאן שרקיה,language,צרפתית,4
2026-07-30T18:17:26,31,עור,לובאן שרקיה,language,רוסית,7
2026-07-30T18:17:36,31,עור,לקיה,gender,גבר,22
2026-07-30T18:17:36,31,עור,לקיה,gender,אישה,10
2026-07-30T18:17:36,31,עור,לקיה,visit_type,ביקור במרפאה,34
2026-07-30T18:17:36,31,עור,לקיה,language,אנגלית,4
2026-07-30T18:17:36,31,עור,לקיה,language,בולגרית,1
2026-07-30T18:17:36,31,עור,לקיה,language,עברית,6
2026-07-30T18:17:36,31,עור,לקיה,language,ערבית,1
2026-07-30T18:17:36,31,עור,לקיה,language,רוסית,2
2026-07-30T18:17:47,31,עור,מבועים,gender,גבר,30
2026-07-30T18:17:47,31,עור,מבועים,gender,אישה,13
2026-07-30T18:17:47,31,עור,מבועים,visit_type,ביקור במרפאה,45
2026-07-30T18:17:47,31,עור,מבועים,language,אנגלית,6
2026-07-30T18:17:47,31,עור,מבועים,language,בולגרית,1
2026-07-30T18:17:47,31,עור,מבועים,language,עברית,9
2026-07-30T18:17:47,31,עור,מבועים,language,ערבית,1
2026-07-30T18:17:47,31,עור,מבועים,language,רוסית,5
2026-07-30T18:18:01,31,עור,מגדל העמק,gender,גבר,73
2026-07-30T18:18:01,31,עור,מגדל העמק,gender,אישה,12
2026-07-30T18:18:01,31,עור,מגדל העמק,visit_type,ביקור במרפאה,85
2026-07-30T18:18:01,31,עור,מגדל העמק,language,איטלקית,1
2026-07-30T18:18:01,31,עור,מגדל העמק,language,אנגלית,35
2026-07-30T18:18:01,31,עור,מגדל העמק,language,עברית,39
2026-07-30T18:18:01,31,עור,מגדל העמק,language,ערבית,28
2026-07-30T18:18:01,31,עור,מגדל העמק,language,רומנית,5
2026-07-30T18:18:01,31,עור,מגדל העמק,language,רוסית,10
2026-07-30T18:18:15,31,עור,מולדת,gender,גבר,73
2026-07-30T18:18:15,31,עור,מולדת,gender,אישה,12
2026-07-30T18:18:15,31,עור,מולדת,visit_type,ביקור במרפאה,85
2026-07-30T18:18:15,31,עור,מולדת,language,איטלקית,1
2026-07-30T18:18:15,31,עור,מולדת,language,אנגלית,35
2026-07-30T18:18:15,31,עור,מולדת,language,עברית,39
2026-07-30T18:18:15,31,עור,מולדת,language,ערבית,28
2026-07-30T18:18:15,31,עור,מולדת,language,רומנית,5
2026-07-30T18:18:15,31,עור,מולדת,language,רוסית,10
2026-07-30T18:18:29,31,עור,מזרעה,gender,גבר,35
2026-07-30T18:18:29,31,עור,מזרעה,gender,אישה,3
2026-07-30T18:18:29,31,עור,מזרעה,visit_type,ביקור במרפאה,38
2026-07-30T18:18:29,31,עור,מזרעה,language,אנגלית,19
2026-07-30T18:18:29,31,עור,מזרעה,language,גרמנית,7
2026-07-30T18:18:29,31,עור,מזרעה,language,עברית,38
2026-07-30T18:18:29,31,עור,מזרעה,language,ערבית,35
2026-07-30T18:18:29,31,עור,מזרעה,language,רומנית,10
2026-07-30T18:18:29,31,עור,מזרעה,language,רוסית,2
2026-07-30T18:18:37,31,עור,מיטב,gender,גבר,73
2026-07-30T18:18:37,31,עור,מיטב,gender,אישה,12
2026-07-30T18:18:37,31,עור,מיטב,visit_type,ביקור במרפאה,85
2026-07-30T18:18:37,31,עור,מיטב,language,איטלקית,1
2026-07-30T18:18:37,31,עור,מיטב,language,אנגלית,35
2026-07-30T18:18:37,31,עור,מיטב,language,עברית,39
2026-07-30T18:18:37,31,עור,מיטב,language,ערבית,28
2026-07-30T18:18:37,31,עור,מיטב,language,רומנית,5
2026-07-30T18:18:37,31,עור,מיטב,language,רוסית,10
2026-07-30T18:18:51,31,עור,מכמורת,gender,אישה,15
2026-07-30T18:18:51,31,עור,מכמורת,gender,גבר,33
2026-07-30T18:18:51,31,עור,מכמורת,visit_type,ביקור במרפאה,49
2026-07-30T18:18:51,31,עור,מכמורת,language,איטלקית,1
2026-07-30T18:18:51,31,עור,מכמורת,language,אנגלית,5
2026-07-30T18:18:51,31,עור,מכמורת,language,עברית,9
2026-07-30T18:18:51,31,עור,מכמורת,language,ערבית,1
2026-07-30T18:18:51,31,עור,מכמורת,language,צרפתית,2
2026-07-30T18:18:51,31,עור,מכמורת,language,רומנית,1
2026-07-30T18:18:51,31,עור,מכמורת,language,רוסית,6
2026-07-30T18:19:03,31,עור,מנרה,gender,גבר,47
2026-07-30T18:19:03,31,עור,מנרה,gender,אישה,6
2026-07-30T18:19:03,31,עור,מנרה,visit_type,ביקור במרפאה,53
2026-07-30T18:19:03,31,עור,מנרה,language,אנגלית,21
2026-07-30T18:19:03,31,עור,מנרה,language,עברית,21
2026-07-30T18:19:03,31,עור,מנרה,language,ערבית,17
2026-07-30T18:19:03,31,עור,מנרה,language,רומנית,4
2026-07-30T18:19:03,31,עור,מנרה,language,רוסית,2
2026-07-30T18:19:12,31,עור,מסעודין אל עזאזמה,gender,גבר,22
2026-07-30T18:19:12,31,עור,מסעודין אל עזאזמה,gender,אישה,10
2026-07-30T18:19:12,31,עור,מסעודין אל עזאזמה,visit_type,ביקור במרפאה,34
2026-07-30T18:19:12,31,עור,מסעודין אל עזאזמה,language,אנגלית,4
2026-07-30T18:19:12,31,עור,מסעודין אל עזאזמה,language,בולגרית,1
2026-07-30T18:19:12,31,עור,מסעודין אל עזאזמה,language,עברית,6
2026-07-30T18:19:12,31,עור,מסעודין אל עזאזמה,language,ערבית,1
2026-07-30T18:19:12,31,עור,מסעודין אל עזאזמה,language,רוסית,2
2026-07-30T18:19:22,31,עור,מעיליא,gender,גבר,35
2026-07-30T18:19:22,31,עור,מעיליא,gender,אישה,3
2026-07-30T18:19:22,31,עור,מעיליא,visit_type,ביקור במרפאה,38
2026-07-30T18:19:22,31,עור,מעיליא,language,אנגלית,19
2026-07-30T18:19:22,31,עור,מעיליא,language,גרמנית,7
2026-07-30T18:19:22,31,עור,מעיליא,language,עברית,38
2026-07-30T18:19:22,31,עור,מעיליא,language,ערבית,35
2026-07-30T18:19:22,31,עור,מעיליא,language,רומנית,10
2026-07-30T18:19:22,31,עור,מעיליא,language,רוסית,2
2026-07-30T18:19:29,31,עור,מפעלי כנות,gender,גבר,34
2026-07-30T18:19:29,31,עור,מפעלי כנות,gender,אישה,9
2026-07-30T18:19:29,31,עור,מפעלי כנות,visit_type,ביקור במרפאה,43
2026-07-30T18:19:29,31,עור,מפעלי כנות,visit_type,שיחת טלפון,2
2026-07-30T18:19:29,31,עור,מפעלי כנות,language,אנגלית,7
2026-07-30T18:19:29,31,עור,מפעלי כנות,language,אפריקנס,1
2026-07-30T18:19:29,31,עור,מפעלי כנות,language,הולנדית,1
2026-07-30T18:19:29,31,עור,מפעלי כנות,language,עברית,12
2026-07-30T18:19:29,31,עור,מפעלי כנות,language,רוסית,6
2026-07-30T18:19:37,31,עור,מצפה רמון,gender,גבר,22
2026-07-30T18:19:37,31,עור,מצפה רמון,gender,אישה,10
2026-07-30T18:19:37,31,עור,מצפה רמון,visit_type,ביקור במרפאה,34
2026-07-30T18:19:37,31,עור,מצפה רמון,language,אנגלית,4
2026-07-30T18:19:37,31,עור,מצפה רמון,language,בולגרית,1
2026-07-30T18:19:37,31,עור,מצפה רמון,language,עברית,6
2026-07-30T18:19:37,31,עור,מצפה רמון,language,ערבית,1
2026-07-30T18:19:37,31,עור,מצפה רמון,language,רוסית,2
2026-07-30T18:19:46,31,עור,מרכז אזורי מרום הגליל,gender,גבר,47
2026-07-30T18:19:46,31,עור,מרכז אזורי מרום הגליל,gender,אישה,6
2026-07-30T18:19:46,31,עור,מרכז אזורי מרום הגליל,visit_type,ביקור במרפאה,53
2026-07-30T18:19:46,31,עור,מרכז אזורי מרום הגליל,language,אנגלית,21
2026-07-30T18:19:46,31,עור,מרכז אזורי מרום הגליל,language,עברית,21
2026-07-30T18:19:46,31,עור,מרכז אזורי מרום הגליל,language,ערבית,17
2026-07-30T18:19:46,31,עור,מרכז אזורי מרום הגליל,language,רומנית,4
2026-07-30T18:19:46,31,עור,מרכז אזורי מרום הגליל,language,רוסית,2
2026-07-30T18:19:56,31,עור,משמר דוד,gender,גבר,28
2026-07-30T18:19:56,31,עור,משמר דוד,gender,אישה,6
2026-07-30T18:19:56,31,עור,משמר דוד,visit_type,ביקור במרפאה,34
2026-07-30T18:19:56,31,עור,משמר דוד,visit_type,שיחת טלפון,2
2026-07-30T18:19:56,31,עור,משמר דוד,language,אנגלית,4
2026-07-30T18:19:56,31,עור,משמר דוד,language,אפריקנס,1
2026-07-30T18:19:56,31,עור,משמר דוד,language,הולנדית,1
2026-07-30T18:19:56,31,עור,משמר דוד,language,עברית,8
2026-07-30T18:19:56,31,עור,משמר דוד,language,רוסית,3
2026-07-30T18:20:02,31,עור,נאעורה,gender,גבר,73
2026-07-30T18:20:02,31,עור,נאעורה,gender,אישה,12
2026-07-30T18:20:02,31,עור,נאעורה,visit_type,ביקור במרפאה,85
2026-07-30T18:20:02,31,עור,נאעורה,language,איטלקית,1
2026-07-30T18:20:02,31,עור,נאעורה,language,אנגלית,35
2026-07-30T18:20:02,31,עור,נאעורה,language,עברית,39
2026-07-30T18:20:02,31,עור,נאעורה,language,ערבית,28
2026-07-30T18:20:02,31,עור,נאעורה,language,רומנית,5
2026-07-30T18:20:02,31,עור,נאעורה,language,רוסית,10
2026-07-30T18:20:15,31,עור,נובא,gender,גבר,24
2026-07-30T18:20:15,31,עור,נובא,gender,אישה,19
2026-07-30T18:20:15,31,עור,נובא,visit_type,ביקור במרפאה,45
2026-07-30T18:20:15,31,עור,נובא,language,אנגלית,6
2026-07-30T18:20:15,31,עור,נובא,language,ספרדית,1
2026-07-30T18:20:15,31,עור,נובא,language,עברית,13
2026-07-30T18:20:15,31,עור,נובא,language,צרפתית,4
2026-07-30T18:20:15,31,עור,נובא,language,רוסית,7
2026-07-30T18:20:24,31,עור,נזלה אל ווסטא,gender,אישה,15
2026-07-30T18:20:24,31,עור,נזלה אל ווסטא,gender,גבר,33
2026-07-30T18:20:24,31,עור,נזלה אל ווסטא,visit_type,ביקור במרפאה,49
2026-07-30T18:20:24,31,עור,נזלה אל ווסטא,language,איטלקית,1
2026-07-30T18:20:24,31,עור,נזלה אל ווסטא,language,אנגלית,5
2026-07-30T18:20:24,31,עור,נזלה אל ווסטא,language,עברית,9
2026-07-30T18:20:24,31,עור,נזלה אל ווסטא,language,ערבית,1
2026-07-30T18:20:24,31,עור,נזלה אל ווסטא,language,צרפתית,2
2026-07-30T18:20:24,31,עור,נזלה אל ווסטא,language,רומנית,1
2026-07-30T18:20:24,31,עור,נזלה אל ווסטא,language,רוסית,6
2026-07-30T18:20:35,31,עור,נחף,gender,גבר,45
2026-07-30T18:20:35,31,עור,נחף,gender,אישה,6
2026-07-30T18:20:35,31,עור,נחף,visit_type,ביקור במרפאה,52
2026-07-30T18:20:35,31,עור,נחף,language,אידיש,1
2026-07-30T18:20:35,31,עור,נחף,language,אנגלית,28
2026-07-30T18:20:35,31,עור,נחף,language,גרמנית,7
2026-07-30T18:20:35,31,עור,נחף,language,עברית,51
2026-07-30T18:20:35,31,עור,נחף,language,ערבית,45
2026-07-30T18:20:35,31,עור,נחף,language,רומנית,12
2026-07-30T18:20:35,31,עור,נחף,language,רוסית,3
2026-07-30T18:20:46,31,עור,ניסף ג'וביל,gender,אישה,15
2026-07-30T18:20:46,31,עור,ניסף ג'וביל,gender,גבר,33
2026-07-30T18:20:46,31,עור,ניסף ג'וביל,visit_type,ביקור במרפאה,49
2026-07-30T18:20:46,31,עור,ניסף ג'וביל,language,איטלקית,1
2026-07-30T18:20:46,31,עור,ניסף ג'וביל,language,אנגלית,5
2026-07-30T18:20:46,31,עור,ניסף ג'וביל,language,עברית,9
2026-07-30T18:20:46,31,עור,ניסף ג'וביל,language,ערבית,1
2026-07-30T18:20:46,31,עור,ניסף ג'וביל,language,צרפתית,2
2026-07-30T18:20:46,31,עור,ניסף ג'וביל,language,רומנית,1
2026-07-30T18:20:46,31,עור,ניסף ג'וביל,language,רוסית,6
2026-07-30T18:20:58,31,עור,נס הרים,gender,גבר,24
2026-07-30T18:20:58,31,עור,נס הרים,gender,אישה,19
2026-07-30T18:20:58,31,עור,נס הרים,visit_type,ביקור במרפאה,45
2026-07-30T18:20:58,31,עור,נס הרים,language,אנגלית,6
2026-07-30T18:20:58,31,עור,נס הרים,language,ספרדית,1
2026-07-30T18:20:58,31,עור,נס הרים,language,עברית,13
2026-07-30T18:20:58,31,עור,נס הרים,language,צרפתית,4
2026-07-30T18:20:58,31,עור,נס הרים,language,רוסית,7
2026-07-30T18:21:06,31,עור,נצרת,gender,גבר,47
2026-07-30T18:21:06,31,עור,נצרת,gender,אישה,6
2026-07-30T18:21:06,31,עור,נצרת,visit_type,ביקור במרפאה,53
2026-07-30T18:21:06,31,עור,נצרת,language,אנגלית,21
2026-07-30T18:21:06,31,עור,נצרת,language,עברית,21
2026-07-30T18:21:06,31,עור,נצרת,language,ערבית,17
2026-07-30T18:21:06,31,עור,נצרת,language,רומנית,4
2026-07-30T18:21:06,31,עור,נצרת,language,רוסית,2
2026-07-30T18:21:15,31,עור,סאלם ליד אלון מורה,gender,אישה,15
2026-07-30T18:21:15,31,עור,סאלם ליד אלון מורה,gender,גבר,33
2026-07-30T18:21:15,31,עור,סאלם ליד אלון מורה,visit_type,ביקור במרפאה,49
2026-07-30T18:21:15,31,עור,סאלם ליד אלון מורה,language,איטלקית,1
2026-07-30T18:21:15,31,עור,סאלם ליד אלון מורה,language,אנגלית,5
2026-07-30T18:21:15,31,עור,סאלם ליד אלון מורה,language,עברית,9
2026-07-30T18:21:15,31,עור,סאלם ליד אלון מורה,language,ערבית,1
2026-07-30T18:21:15,31,עור,סאלם ליד אלון מורה,language,צרפתית,2
2026-07-30T18:21:15,31,עור,סאלם ליד אלון מורה,language,רומנית,1
2026-07-30T18:21:15,31,עור,סאלם ליד אלון מורה,language,רוסית,6
2026-07-30T18:21:27,31,עור,סופה,gender,אישה,9
2026-07-30T18:21:27,31,עור,סופה,gender,גבר,21
2026-07-30T18:21:27,31,עור,סופה,visit_type,ביקור במרפאה,32
2026-07-30T18:21:27,31,עור,סופה,language,אנגלית,4
2026-07-30T18:21:27,31,עור,סופה,language,בולגרית,1
2026-07-30T18:21:27,31,עור,סופה,language,עברית,7
2026-07-30T18:21:27,31,עור,סופה,language,רוסית,5
2026-07-30T18:21:38,31,עור,סיעיר,gender,גבר,24
2026-07-30T18:21:38,31,עור,סיעיר,gender,אישה,19
2026-07-30T18:21:38,31,עור,סיעיר,visit_type,ביקור במרפאה,45
2026-07-30T18:21:38,31,עור,סיעיר,language,אנגלית,6
2026-07-30T18:21:38,31,עור,סיעיר,language,ספרדית,1
2026-07-30T18:21:38,31,עור,סיעיר,language,עברית,13
2026-07-30T18:21:38,31,עור,סיעיר,language,צרפתית,4
2026-07-30T18:21:38,31,עור,סיעיר,language,רוסית,7
2026-07-30T18:21:47,31,עור,סעד,gender,גבר,21
2026-07-30T18:21:47,31,עור,סעד,gender,אישה,9
2026-07-30T18:21:47,31,עור,סעד,visit_type,ביקור במרפאה,32
2026-07-30T18:21:47,31,עור,סעד,language,אנגלית,4
2026-07-30T18:21:47,31,עור,סעד,language,בולגרית,1
2026-07-30T18:21:47,31,עור,סעד,language,עברית,7
2026-07-30T18:21:47,31,עור,סעד,language,רוסית,5
2026-07-30T18:21:57,31,עור,עאבוד,gender,גבר,25
2026-07-30T18:21:57,31,עור,עאבוד,gender,אישה,13
2026-07-30T18:21:57,31,עור,עאבוד,visit_type,ביקור במרפאה,46
2026-07-30T18:21:57,31,עור,עאבוד,language,איטלקית,1
2026-07-30T18:21:57,31,עור,עאבוד,language,אנגלית,26
2026-07-30T18:21:57,31,עור,עאבוד,language,גרמנית,2
2026-07-30T18:21:57,31,עור,עאבוד,language,ספרדית,4
2026-07-30T18:21:57,31,עור,עאבוד,language,עברית,45
2026-07-30T18:21:57,31,עור,עאבוד,language,ערבית,7
2026-07-30T18:21:57,31,עור,עאבוד,language,צרפתית,3
2026-07-30T18:21:57,31,עור,עאבוד,language,רוסית,5
2026-07-30T18:22:09,31,עור,עגור,gender,גבר,24
2026-07-30T18:22:09,31,עור,עגור,gender,אישה,19
2026-07-30T18:22:09,31,עור,עגור,visit_type,ביקור במרפאה,45
2026-07-30T18:22:09,31,עור,עגור,language,אנגלית,6
2026-07-30T18:22:09,31,עור,עגור,language,ספרדית,1
2026-07-30T18:22:09,31,עור,עגור,language,עברית,13
2026-07-30T18:22:09,31,עור,עגור,language,צרפתית,4
2026-07-30T18:22:09,31,עור,עגור,language,רוסית,7
2026-07-30T18:22:18,31,עור,עומר,gender,גבר,30
2026-07-30T18:22:18,31,עור,עומר,gender,אישה,13
2026-07-30T18:22:18,31,עור,עומר,visit_type,ביקור במרפאה,45
2026-07-30T18:22:18,31,עור,עומר,language,אנגלית,6
2026-07-30T18:22:18,31,עור,עומר,language,בולגרית,1
2026-07-30T18:22:18,31,עור,עומר,language,עברית,9
2026-07-30T18:22:18,31,עור,עומר,language,ערבית,1
2026-07-30T18:22:18,31,עור,עומר,language,רוסית,5
2026-07-30T18:22:32,31,עור,עזריאל,gender,גבר,33
2026-07-30T18:22:32,31,עור,עזריאל,gender,אישה,15
2026-07-30T18:22:32,31,עור,עזריאל,visit_type,ביקור במרפאה,49
2026-07-30T18:22:32,31,עור,עזריאל,language,איטלקית,1
2026-07-30T18:22:32,31,עור,עזריאל,language,אנגלית,5
2026-07-30T18:22:32,31,עור,עזריאל,language,עברית,9
2026-07-30T18:22:32,31,עור,עזריאל,language,ערבית,1
2026-07-30T18:22:32,31,עור,עזריאל,language,צרפתית,2
2026-07-30T18:22:32,31,עור,עזריאל,language,רומנית,1
2026-07-30T18:22:32,31,עור,עזריאל,language,רוסית,6
2026-07-30T18:22:44,31,עור,עילאר,gender,גבר,33
2026-07-30T18:22:44,31,עור,עילאר,gender,אישה,15
2026-07-30T18:22:44,31,עור,עילאר,visit_type,ביקור במרפאה,49
2026-07-30T18:22:44,31,עור,עילאר,language,איטלקית,1
2026-07-30T18:22:44,31,עור,עילאר,language,אנגלית,5
2026-07-30T18:22:44,31,עור,עילאר,language,עברית,9
2026-07-30T18:22:44,31,עור,עילאר,language,ערבית,1
2026-07-30T18:22:44,31,עור,עילאר,language,צרפתית,2
2026-07-30T18:22:44,31,עור,עילאר,language,רומנית,1
2026-07-30T18:22:44,31,עור,עילאר,language,רוסית,6
2026-07-30T18:22:55,31,עור,עלי זהב,gender,גבר,25
2026-07-30T18:22:55,31,עור,עלי זהב,gender,אישה,13
2026-07-30T18:22:55,31,עור,עלי זהב,visit_type,ביקור במרפאה,46
2026-07-30T18:22:55,31,עור,עלי זהב,language,איטלקית,1
2026-07-30T18:22:55,31,עור,עלי זהב,language,אנגלית,26
2026-07-30T18:22:55,31,עור,עלי זהב,language,גרמנית,2
2026-07-30T18:22:55,31,עור,עלי זהב,language,ספרדית,4
2026-07-30T18:22:55,31,עור,עלי זהב,language,עברית,45
2026-07-30T18:22:55,31,עור,עלי זהב,language,ערבית,7
2026-07-30T18:22:55,31,עור,עלי זהב,language,צרפתית,3
2026-07-30T18:22:55,31,עור,עלי זהב,language,רוסית,5
2026-07-30T18:23:07,31,עור,עמיר,gender,גבר,47
2026-07-30T18:23:07,31,עור,עמיר,gender,אישה,6
2026-07-30T18:23:07,31,עור,עמיר,visit_type,ביקור במרפאה,53
2026-07-30T18:23:07,31,עור,עמיר,language,אנגלית,21
2026-07-30T18:23:07,31,עור,עמיר,language,עברית,21
2026-07-30T18:23:07,31,עור,עמיר,language,ערבית,17
2026-07-30T18:23:07,31,עור,עמיר,language,רומנית,4
2026-07-30T18:23:07,31,עור,עמיר,language,רוסית,2
2026-07-30T18:23:16,31,עור,עספיא,gender,גבר,60
2026-07-30T18:23:16,31,עור,עספיא,gender,אישה,17
2026-07-30T18:23:16,31,עור,עספיא,visit_type,ביקור במרפאה,79
2026-07-30T18:23:16,31,עור,עספיא,language,אידיש,2
2026-07-30T18:23:16,31,עור,עספיא,language,איטלקית,1
2026-07-30T18:23:16,31,עור,עספיא,language,אנגלית,40
2026-07-30T18:23:16,31,עור,עספיא,language,עברית,48
2026-07-30T18:23:16,31,עור,עספיא,language,ערבית,29
2026-07-30T18:23:16,31,עור,עספיא,language,צרפתית,1
2026-07-30T18:23:16,31,עור,עספיא,language,רומנית,6
2026-07-30T18:23:16,31,עור,עספיא,language,רוסית,13
2026-07-30T18:23:31,31,עור,עראנה,gender,גבר,33
2026-07-30T18:23:31,31,עור,עראנה,gender,אישה,15
2026-07-30T18:23:31,31,עור,עראנה,visit_type,ביקור במרפאה,49
2026-07-30T18:23:31,31,עור,עראנה,language,איטלקית,1
2026-07-30T18:23:31,31,עור,עראנה,language,אנגלית,5
2026-07-30T18:23:31,31,עור,עראנה,language,עברית,9
2026-07-30T18:23:31,31,עור,עראנה,language,ערבית,1
2026-07-30T18:23:31,31,עור,עראנה,language,צרפתית,2
2026-07-30T18:23:31,31,עור,עראנה,language,רומנית,1
2026-07-30T18:23:31,31,עור,עראנה,language,רוסית,6
2026-07-30T18:23:43,31,עור,עתלית,gender,גבר,60
2026-07-30T18:23:43,31,עור,עתלית,gender,אישה,17
2026-07-30T18:23:43,31,עור,עתלית,visit_type,ביקור במרפאה,79
2026-07-30T18:23:43,31,עור,עתלית,language,אידיש,2
2026-07-30T18:23:43,31,עור,עתלית,language,איטלקית,1
2026-07-30T18:23:43,31,עור,עתלית,language,אנגלית,40
2026-07-30T18:23:43,31,עור,עתלית,language,עברית,48
2026-07-30T18:23:43,31,עור,עתלית,language,ערבית,29
2026-07-30T18:23:43,31,עור,עתלית,language,צרפתית,1
2026-07-30T18:23:43,31,עור,עתלית,language,רומנית,6
2026-07-30T18:23:43,31,עור,עתלית,language,רוסית,13
2026-07-30T18:23:59,31,עור,פדויים,gender,גבר,30
2026-07-30T18:23:59,31,עור,פדויים,gender,אישה,13
2026-07-30T18:23:59,31,עור,פדויים,visit_type,ביקור במרפאה,45
2026-07-30T18:23:59,31,עור,פדויים,language,אנגלית,6
2026-07-30T18:23:59,31,עור,פדויים,language,בולגרית,1
2026-07-30T18:23:59,31,עור,פדויים,language,עברית,9
2026-07-30T18:23:59,31,עור,פדויים,language,ערבית,1
2026-07-30T18:23:59,31,עור,פדויים,language,רוסית,5
2026-07-30T18:24:12,31,עור,פלך,gender,גבר,63
2026-07-30T18:24:12,31,עור,פלך,gender,אישה,10
2026-07-30T18:24:12,31,עור,פלך,visit_type,ביקור במרפאה,75
2026-07-30T18:24:12,31,עור,פלך,language,אידיש,2
2026-07-30T18:24:12,31,עור,פלך,language,אנגלית,49
2026-07-30T18:24:12,31,עור,פלך,language,גרמנית,7
2026-07-30T18:24:12,31,עור,פלך,language,עברית,72
2026-07-30T18:24:12,31,עור,פלך,language,ערבית,60
2026-07-30T18:24:12,31,עור,פלך,language,צרפתית,1
2026-07-30T18:24:12,31,עור,פלך,language,רומנית,15
2026-07-30T18:24:12,31,עור,פלך,language,רוסית,7
2026-07-30T18:24:25,31,עור,פקיעין,gender,גבר,35
2026-07-30T18:24:25,31,עור,פקיעין,gender,אישה,3
2026-07-30T18:24:25,31,עור,פקיעין,visit_type,ביקור במרפאה,38
2026-07-30T18:24:25,31,עור,פקיעין,language,אנגלית,19
2026-07-30T18:24:25,31,עור,פקיעין,language,גרמנית,7
2026-07-30T18:24:25,31,עור,פקיעין,language,עברית,38
2026-07-30T18:24:25,31,עור,פקיעין,language,ערבית,35
2026-07-30T18:24:25,31,עור,פקיעין,language,רומנית,10
2026-07-30T18:24:25,31,עור,פקיעין,language,רוסית,2
2026-07-30T18:24:33,31,עור,פתח תקווה,gender,אישה,13
2026-07-30T18:24:33,31,עור,פתח תקווה,gender,גבר,25
2026-07-30T18:24:33,31,עור,פתח תקווה,visit_type,ביקור במרפאה,46
2026-07-30T18:24:33,31,עור,פתח תקווה,language,איטלקית,1
2026-07-30T18:24:33,31,עור,פתח תקווה,language,אנגלית,26
2026-07-30T18:24:33,31,עור,פתח תקווה,language,גרמנית,2
2026-07-30T18:24:33,31,עור,פתח תקווה,language,ספרדית,4
2026-07-30T18:24:33,31,עור,פתח תקווה,language,עברית,45
2026-07-30T18:24:33,31,עור,פתח תקווה,language,ערבית,7
2026-07-30T18:24:33,31,עור,פתח תקווה,language,צרפתית,3
2026-07-30T18:24:33,31,עור,פתח תקווה,language,רוסית,5
2026-07-30T18:24:45,31,עור,צופר,gender,גבר,22
2026-07-30T18:24:45,31,עור,צופר,gender,אישה,10
2026-07-30T18:24:45,31,עור,צופר,visit_type,ביקור במרפאה,34
2026-07-30T18:24:45,31,עור,צופר,language,אנגלית,4
2026-07-30T18:24:45,31,עור,צופר,language,בולגרית,1
2026-07-30T18:24:45,31,עור,צופר,language,עברית,6
2026-07-30T18:24:45,31,עור,צופר,language,ערבית,1
2026-07-30T18:24:45,31,עור,צופר,language,רוסית,2
2026-07-30T18:24:54,31,עור,צפת,gender,גבר,47
2026-07-30T18:24:54,31,עור,צפת,gender,אישה,6
2026-07-30T18:24:54,31,עור,צפת,visit_type,ביקור במרפאה,53
2026-07-30T18:24:54,31,עור,צפת,language,אנגלית,21
2026-07-30T18:24:54,31,עור,צפת,language,עברית,21
2026-07-30T18:24:54,31,עור,צפת,language,ערבית,17
2026-07-30T18:24:54,31,עור,צפת,language,רומנית,4
2026-07-30T18:24:54,31,עור,צפת,language,רוסית,2
2026-07-30T18:25:03,31,עור,קדמה,gender,גבר,34
2026-07-30T18:25:03,31,עור,קדמה,gender,אישה,9
2026-07-30T18:25:03,31,עור,קדמה,visit_type,ביקור במרפאה,43
2026-07-30T18:25:03,31,עור,קדמה,visit_type,שיחת טלפון,2
2026-07-30T18:25:03,31,עור,קדמה,language,אנגלית,7
2026-07-30T18:25:03,31,עור,קדמה,language,אפריקנס,1
2026-07-30T18:25:03,31,עור,קדמה,language,הולנדית,1
2026-07-30T18:25:03,31,עור,קדמה,language,עברית,12
2026-07-30T18:25:03,31,עור,קדמה,language,רוסית,6
2026-07-30T18:25:09,31,עור,קוסרה,gender,אישה,19
2026-07-30T18:25:09,31,עור,קוסרה,gender,גבר,24
2026-07-30T18:25:09,31,עור,קוסרה,visit_type,ביקור במרפאה,45
2026-07-30T18:25:09,31,עור,קוסרה,language,אנגלית,6
2026-07-30T18:25:09,31,עור,קוסרה,language,ספרדית,1
2026-07-30T18:25:09,31,עור,קוסרה,language,עברית,13
2026-07-30T18:25:09,31,עור,קוסרה,language,צרפתית,4
2026-07-30T18:25:09,31,עור,קוסרה,language,רוסית,7
2026-07-30T18:25:17,31,עור,קלנסווה,gender,גבר,33
2026-07-30T18:25:17,31,עור,קלנסווה,gender,אישה,15
2026-07-30T18:25:17,31,עור,קלנסווה,visit_type,ביקור במרפאה,49
2026-07-30T18:25:17,31,עור,קלנסווה,language,איטלקית,1
2026-07-30T18:25:17,31,עור,קלנסווה,language,אנגלית,5
2026-07-30T18:25:17,31,עור,קלנסווה,language,עברית,9
2026-07-30T18:25:17,31,עור,קלנסווה,language,ערבית,1
2026-07-30T18:25:17,31,עור,קלנסווה,language,צרפתית,2
2026-07-30T18:25:17,31,עור,קלנסווה,language,רומנית,1
2026-07-30T18:25:17,31,עור,קלנסווה,language,רוסית,6
2026-07-30T18:25:28,31,עור,קרית אונו,gender,גבר,25
2026-07-30T18:25:28,31,עור,קרית אונו,gender,אישה,13
2026-07-30T18:25:28,31,עור,קרית אונו,visit_type,ביקור במרפאה,46
2026-07-30T18:25:28,31,עור,קרית אונו,language,איטלקית,1
2026-07-30T18:25:28,31,עור,קרית אונו,language,אנגלית,26
2026-07-30T18:25:28,31,עור,קרית אונו,language,גרמנית,2
2026-07-30T18:25:28,31,עור,קרית אונו,language,ספרדית,4
2026-07-30T18:25:28,31,עור,קרית אונו,language,עברית,45
2026-07-30T18:25:28,31,עור,קרית אונו,language,ערבית,7
2026-07-30T18:25:28,31,עור,קרית אונו,language,צרפתית,3
2026-07-30T18:25:28,31,עור,קרית אונו,language,רוסית,5
2026-07-30T18:25:41,31,עור,ראמה,gender,גבר,45
2026-07-30T18:25:41,31,עור,ראמה,gender,אישה,6
2026-07-30T18:25:41,31,עור,ראמה,visit_type,ביקור במרפאה,52
2026-07-30T18:25:41,31,עור,ראמה,language,אידיש,1
2026-07-30T18:25:41,31,עור,ראמה,language,אנגלית,28
2026-07-30T18:25:41,31,עור,ראמה,language,גרמנית,7
2026-07-30T18:25:41,31,עור,ראמה,language,עברית,51
2026-07-30T18:25:41,31,עור,ראמה,language,ערבית,45
2026-07-30T18:25:41,31,עור,ראמה,language,רומנית,12
2026-07-30T18:25:41,31,עור,ראמה,language,רוסית,3
2026-07-30T18:25:52,31,עור,רביבים,gender,גבר,22
2026-07-30T18:25:52,31,עור,רביבים,gender,אישה,10
2026-07-30T18:25:52,31,עור,רביבים,visit_type,ביקור במרפאה,34
2026-07-30T18:25:52,31,עור,רביבים,language,אנגלית,4
2026-07-30T18:25:52,31,עור,רביבים,language,בולגרית,1
2026-07-30T18:25:52,31,עור,רביבים,language,עברית,6
2026-07-30T18:25:52,31,עור,רביבים,language,ערבית,1
2026-07-30T18:25:52,31,עור,רביבים,language,רוסית,2
2026-07-30T18:26:02,31,עור,רומאנה,gender,גבר,47
2026-07-30T18:26:02,31,עור,רומאנה,gender,אישה,6
2026-07-30T18:26:02,31,עור,רומאנה,visit_type,ביקור במרפאה,53
2026-07-30T18:26:02,31,עור,רומאנה,language,אנגלית,21
2026-07-30T18:26:02,31,עור,רומאנה,language,עברית,21
2026-07-30T18:26:02,31,עור,רומאנה,language,ערבית,17
2026-07-30T18:26:02,31,עור,רומאנה,language,רומנית,4
2026-07-30T18:26:02,31,עור,רומאנה,language,רוסית,2
2026-07-30T18:26:11,31,עור,ריינה,gender,גבר,47
2026-07-30T18:26:11,31,עור,ריינה,gender,אישה,6
2026-07-30T18:26:11,31,עור,ריינה,visit_type,ביקור במרפאה,53
2026-07-30T18:26:11,31,עור,ריינה,language,אנגלית,21
2026-07-30T18:26:11,31,עור,ריינה,language,עברית,21
2026-07-30T18:26:11,31,עור,ריינה,language,ערבית,17
2026-07-30T18:26:11,31,עור,ריינה,language,רומנית,4
2026-07-30T18:26:11,31,עור,ריינה,language,רוסית,2
2026-07-30T18:26:20,31,עור,רמות מנשה,gender,גבר,60
2026-07-30T18:26:20,31,עור,רמות מנשה,gender,אישה,17
2026-07-30T18:26:20,31,עור,רמות מנשה,visit_type,ביקור במרפאה,79
2026-07-30T18:26:20,31,עור,רמות מנשה,language,אידיש,2
2026-07-30T18:26:20,31,עור,רמות מנשה,language,איטלקית,1
2026-07-30T18:26:20,31,עור,רמות מנשה,language,אנגלית,40
2026-07-30T18:26:20,31,עור,רמות מנשה,language,עברית,48
2026-07-30T18:26:20,31,עור,רמות מנשה,language,ערבית,29
2026-07-30T18:26:20,31,עור,רמות מנשה,language,צרפתית,1
2026-07-30T18:26:20,31,עור,רמות מנשה,language,רומנית,6
2026-07-30T18:26:20,31,עור,רמות מנשה,language,רוסית,13
2026-07-30T18:26:37,31,עור,רפיח,gender,גבר,30
2026-07-30T18:26:37,31,עור,רפיח,gender,אישה,13
2026-07-30T18:26:37,31,עור,רפיח,visit_type,ביקור במרפאה,45
2026-07-30T18:26:37,31,עור,רפיח,language,אנגלית,6
2026-07-30T18:26:37,31,עור,רפיח,language,בולגרית,1
2026-07-30T18:26:37,31,עור,רפיח,language,עברית,9
2026-07-30T18:26:37,31,עור,רפיח,language,ערבית,1
2026-07-30T18:26:37,31,עור,רפיח,language,רוסית,5
2026-07-30T18:26:50,31,עור,שגב שלום,gender,גבר,22
2026-07-30T18:26:50,31,עור,שגב שלום,gender,אישה,10
2026-07-30T18:26:50,31,עור,שגב שלום,visit_type,ביקור במרפאה,34
2026-07-30T18:26:50,31,עור,שגב שלום,language,אנגלית,4
2026-07-30T18:26:50,31,עור,שגב שלום,language,בולגרית,1
2026-07-30T18:26:50,31,עור,שגב שלום,language,עברית,6
2026-07-30T18:26:50,31,עור,שגב שלום,language,ערבית,1
2026-07-30T18:26:50,31,עור,שגב שלום,language,רוסית,2
2026-07-30T18:27:00,31,עור,שדה משה,gender,אישה,9
2026-07-30T18:27:00,31,עור,שדה משה,gender,גבר,21
2026-07-30T18:27:00,31,עור,שדה משה,visit_type,ביקור במרפאה,32
2026-07-30T18:27:00,31,עור,שדה משה,language,אנגלית,4
2026-07-30T18:27:00,31,עור,שדה משה,language,בולגרית,1
2026-07-30T18:27:00,31,עור,שדה משה,language,עברית,7
2026-07-30T18:27:00,31,עור,שדה משה,language,רוסית,5
2026-07-30T18:27:13,31,עור,שוקדה,gender,גבר,30
2026-07-30T18:27:13,31,עור,שוקדה,gender,אישה,13
2026-07-30T18:27:13,31,עור,שוקדה,visit_type,ביקור במרפאה,45
2026-07-30T18:27:13,31,עור,שוקדה,language,אנגלית,6
2026-07-30T18:27:13,31,עור,שוקדה,language,בולגרית,1
2026-07-30T18:27:13,31,עור,שוקדה,language,עברית,9
2026-07-30T18:27:13,31,עור,שוקדה,language,ערבית,1
2026-07-30T18:27:13,31,עור,שוקדה,language,רוסית,5
2026-07-30T18:27:25,31,עור,שילה,gender,אישה,19
2026-07-30T18:27:25,31,עור,שילה,gender,גבר,25
2026-07-30T18:27:25,31,עור,שילה,visit_type,ביקור במרפאה,46
2026-07-30T18:27:25,31,עור,שילה,language,אנגלית,6
2026-07-30T18:27:25,31,עור,שילה,language,ספרדית,1
2026-07-30T18:27:25,31,עור,שילה,language,עברית,14
2026-07-30T18:27:25,31,עור,שילה,language,צרפתית,5
2026-07-30T18:27:25,31,עור,שילה,language,רוסית,7
2026-07-30T18:27:34,31,עור,שמיר,gender,גבר,47
2026-07-30T18:27:34,31,עור,שמיר,gender,אישה,6
2026-07-30T18:27:34,31,עור,שמיר,visit_type,ביקור במרפאה,53
2026-07-30T18:27:34,31,עור,שמיר,language,אנגלית,21
2026-07-30T18:27:34,31,עור,שמיר,language,עברית,21
2026-07-30T18:27:34,31,עור,שמיר,language,ערבית,17
2026-07-30T18:27:34,31,עור,שמיר,language,רומנית,4
2026-07-30T18:27:34,31,עור,שמיר,language,רוסית,2
2026-07-30T18:27:43,31,עור,שער הגולן,gender,גבר,47
2026-07-30T18:27:43,31,עור,שער הגולן,gender,אישה,6
2026-07-30T18:27:43,31,עור,שער הגולן,visit_type,ביקור במרפאה,53
2026-07-30T18:27:43,31,עור,שער הגולן,language,אנגלית,21
2026-07-30T18:27:43,31,עור,שער הגולן,language,עברית,21
2026-07-30T18:27:43,31,עור,שער הגולן,language,ערבית,17
2026-07-30T18:27:43,31,עור,שער הגולן,language,רומנית,4
2026-07-30T18:27:43,31,עור,שער הגולן,language,רוסית,2
2026-07-30T18:27:52,31,עור,שרונה,gender,גבר,47
2026-07-30T18:27:52,31,עור,שרונה,gender,אישה,6
2026-07-30T18:27:52,31,עור,שרונה,visit_type,ביקור במרפאה,53
2026-07-30T18:27:52,31,עור,שרונה,language,אנגלית,21
2026-07-30T18:27:52,31,עור,שרונה,language,עברית,21
2026-07-30T18:27:52,31,עור,שרונה,language,ערבית,17
2026-07-30T18:27:52,31,עור,שרונה,language,רומנית,4
2026-07-30T18:27:52,31,עור,שרונה,language,רוסית,2
2026-07-30T18:28:00,31,עור,תוקוע,gender,אישה,19
2026-07-30T18:28:00,31,עור,תוקוע,gender,גבר,24
2026-07-30T18:28:00,31,עור,תוקוע,visit_type,ביקור במרפאה,45
2026-07-30T18:28:00,31,עור,תוקוע,language,אנגלית,6
2026-07-30T18:28:00,31,עור,תוקוע,language,ספרדית,1
2026-07-30T18:28:00,31,עור,תוקוע,language,עברית,13
2026-07-30T18:28:00,31,עור,תוקוע,language,צרפתית,4
2026-07-30T18:28:00,31,עור,תוקוע,language,רוסית,7
2026-07-30T18:28:09,31,עור,תל חי,gender,גבר,47
2026-07-30T18:28:09,31,עור,תל חי,gender,אישה,6
2026-07-30T18:28:09,31,עור,תל חי,visit_type,ביקור במרפאה,53
2026-07-30T18:28:09,31,עור,תל חי,language,אנגלית,21
2026-07-30T18:28:09,31,עור,תל חי,language,עברית,21
2026-07-30T18:28:09,31,עור,תל חי,language,ערבית,17
2026-07-30T18:28:09,31,עור,תל חי,language,רומנית,4
2026-07-30T18:28:09,31,עור,תל חי,language,רוסית,2
2026-07-30T18:28:19,31,עור,תעשיון בר לב,gender,גבר,63
2026-07-30T18:28:19,31,עור,תעשיון בר לב,gender,אישה,10
2026-07-30T18:28:19,31,עור,תעשיון בר לב,visit_type,ביקור במרפאה,75
2026-07-30T18:28:19,31,עור,תעשיון בר לב,language,אידיש,2
2026-07-30T18:28:19,31,עור,תעשיון בר לב,language,אנגלית,49
2026-07-30T18:28:19,31,עור,תעשיון בר לב,language,גרמנית,7
2026-07-30T18:28:19,31,עור,תעשיון בר לב,language,עברית,72
2026-07-30T18:28:19,31,עור,תעשיון בר לב,language,ערבית,60
2026-07-30T18:28:19,31,עור,תעשיון בר לב,language,צרפתית,1
2026-07-30T18:28:19,31,עור,תעשיון בר לב,language,רומנית,15
2026-07-30T18:28:19,31,עור,תעשיון בר לב,language,רוסית,7
2026-07-30T18:28:34,31,עור,תקומה,gender,גבר,30
2026-07-30T18:28:34,31,עור,תקומה,gender,אישה,13
2026-07-30T18:28:34,31,עור,תקומה,visit_type,ביקור במרפאה,45
2026-07-30T18:28:34,31,עור,תקומה,language,אנגלית,6
2026-07-30T18:28:34,31,עור,תקומה,language,בולגרית,1
2026-07-30T18:28:34,31,עור,תקומה,language,עברית,9
2026-07-30T18:28:34,31,עור,תקומה,language,ערבית,1
2026-07-30T18:28:34,31,עור,תקומה,language,רוסית,5
2026-07-30T18:28:49,61,עיניים,א ראס,gender,גבר,54
2026-07-30T18:28:49,61,עיניים,א ראס,gender,אישה,14
2026-07-30T18:28:49,61,עיניים,א ראס,visit_type,ביקור במרפאה,70
2026-07-30T18:28:49,61,עיניים,א ראס,visit_type,שיחת טלפון,1
2026-07-30T18:28:49,61,עיניים,א ראס,language,אידיש,2
2026-07-30T18:28:49,61,עיניים,א ראס,language,איטלקית,1
2026-07-30T18:28:49,61,עיניים,א ראס,language,אנגלית,10
2026-07-30T18:28:49,61,עיניים,א ראס,language,ספרדית,3
2026-07-30T18:28:49,61,עיניים,א ראס,language,עברית,13
2026-07-30T18:28:49,61,עיניים,א ראס,language,ערבית,2
2026-07-30T18:28:49,61,עיניים,א ראס,language,צרפתית,2
2026-07-30T18:28:49,61,עיניים,א ראס,language,רוסית,1
2026-07-30T18:29:03,61,עיניים,אבו עמאר,gender,גבר,44
2026-07-30T18:29:03,61,עיניים,אבו עמאר,gender,אישה,6
2026-07-30T18:29:03,61,עיניים,אבו עמאר,visit_type,ביקור במרפאה,51
2026-07-30T18:29:03,61,עיניים,אבו עמאר,visit_type,שיחת טלפון,1
2026-07-30T18:29:03,61,עיניים,אבו עמאר,language,איטלקית,1
2026-07-30T18:29:03,61,עיניים,אבו עמאר,language,אנגלית,2
2026-07-30T18:29:03,61,עיניים,אבו עמאר,language,עברית,5
2026-07-30T18:29:03,61,עיניים,אבו עמאר,language,רוסית,5
2026-07-30T18:29:15,61,עיניים,אודם,gender,גבר,62
2026-07-30T18:29:15,61,עיניים,אודם,gender,אישה,12
2026-07-30T18:29:15,61,עיניים,אודם,visit_type,ביקור במרפאה,79
2026-07-30T18:29:15,61,עיניים,אודם,language,אנגלית,19
2026-07-30T18:29:15,61,עיניים,אודם,language,עברית,27
2026-07-30T18:29:15,61,עיניים,אודם,language,ערבית,17
2026-07-30T18:29:15,61,עיניים,אודם,language,רוסית,4
2026-07-30T18:29:28,61,עיניים,אזור תעשייה אכזיב מילואות,gender,גבר,79
2026-07-30T18:29:28,61,עיניים,אזור תעשייה אכזיב מילואות,gender,אישה,33
2026-07-30T18:29:28,61,עיניים,אזור תעשייה אכזיב מילואות,visit_type,ביקור במרפאה,117
2026-07-30T18:29:28,61,עיניים,אזור תעשייה אכזיב מילואות,visit_type,שיחת טלפון,2
2026-07-30T18:29:28,61,עיניים,אזור תעשייה אכזיב מילואות,language,אוקראינית,1
2026-07-30T18:29:28,61,עיניים,אזור תעשייה אכזיב מילואות,language,אידיש,3
2026-07-30T18:29:28,61,עיניים,אזור תעשייה אכזיב מילואות,language,איטלקית,2
2026-07-30T18:29:28,61,עיניים,אזור תעשייה אכזיב מילואות,language,אנגלית,77
2026-07-30T18:29:28,61,עיניים,אזור תעשייה אכזיב מילואות,language,בולגרית,8
2026-07-30T18:29:28,61,עיניים,אזור תעשייה אכזיב מילואות,language,גרמנית,3
2026-07-30T18:29:28,61,עיניים,אזור תעשייה אכזיב מילואות,language,הונגרית,1
2026-07-30T18:29:28,61,עיניים,אזור תעשייה אכזיב מילואות,language,ספרדית,1
2026-07-30T18:29:28,61,עיניים,אזור תעשייה אכזיב מילואות,language,עברית,110
2026-07-30T18:29:28,61,עיניים,אזור תעשייה אכזיב מילואות,language,ערבית,61
2026-07-30T18:29:28,61,עיניים,אזור תעשייה אכזיב מילואות,language,פולנית,1
2026-07-30T18:29:28,61,עיניים,אזור תעשייה אכזיב מילואות,language,פרסית,1
2026-07-30T18:29:28,61,עיניים,אזור תעשייה אכזיב מילואות,language,צרפתית,2
2026-07-30T18:29:28,61,עיניים,אזור תעשייה אכזיב מילואות,language,רומנית,15
2026-07-30T18:29:28,61,עיניים,אזור תעשייה אכזיב מילואות,language,רוסית,27
2026-07-30T18:29:48,61,עיניים,אטרש,gender,גבר,44
2026-07-30T18:29:48,61,עיניים,אטרש,gender,אישה,6
2026-07-30T18:29:48,61,עיניים,אטרש,visit_type,ביקור במרפאה,51
2026-07-30T18:29:48,61,עיניים,אטרש,visit_type,שיחת טלפון,1
2026-07-30T18:29:48,61,עיניים,אטרש,language,איטלקית,1
2026-07-30T18:29:48,61,עיניים,אטרש,language,אנגלית,2
2026-07-30T18:29:48,61,עיניים,אטרש,language,עברית,5
2026-07-30T18:29:48,61,עיניים,אטרש,language,רוסית,5
2026-07-30T18:29:58,61,עיניים,אילת,gender,גבר,3
2026-07-30T18:29:58,61,עיניים,אילת,visit_type,ביקור במרפאה,4
2026-07-30T18:29:58,61,עיניים,אילת,language,איטלקית,1
2026-07-30T18:29:58,61,עיניים,אילת,language,אנגלית,1
2026-07-30T18:29:58,61,עיניים,אילת,language,ספרדית,1
2026-07-30T18:29:58,61,עיניים,אילת,language,עברית,2
2026-07-30T18:29:58,61,עיניים,אילת,language,רוסית,2
2026-07-30T18:29:59,61,עיניים,אל ערוב,gender,אישה,13
2026-07-30T18:29:59,61,עיניים,אל ערוב,gender,גבר,17
2026-07-30T18:29:59,61,עיניים,אל ערוב,visit_type,ביקור במרפאה,30
2026-07-30T18:29:59,61,עיניים,אל ערוב,language,אנגלית,4
2026-07-30T18:29:59,61,עיניים,אל ערוב,language,עברית,6
2026-07-30T18:29:59,61,עיניים,אל ערוב,language,ערבית,6
2026-07-30T18:29:59,61,עיניים,אל ערוב,language,צרפתית,1
2026-07-30T18:29:59,61,עיניים,אל ערוב,language,רומנית,1
2026-07-30T18:30:07,61,עיניים,אפיניש,gender,גבר,44
2026-07-30T18:30:07,61,עיניים,אפיניש,gender,אישה,6
2026-07-30T18:30:07,61,עיניים,אפיניש,visit_type,ביקור במרפאה,51
2026-07-30T18:30:07,61,עיניים,אפיניש,visit_type,שיחת טלפון,1
2026-07-30T18:30:07,61,עיניים,אפיניש,language,איטלקית,1
2026-07-30T18:30:07,61,עיניים,אפיניש,language,אנגלית,2
2026-07-30T18:30:07,61,עיניים,אפיניש,language,עברית,5
2026-07-30T18:30:07,61,עיניים,אפיניש,language,רוסית,5
2026-07-30T18:30:19,61,עיניים,ארסוף,gender,גבר,54
2026-07-30T18:30:19,61,עיניים,ארסוף,gender,אישה,14
2026-07-30T18:30:19,61,עיניים,ארסוף,visit_type,ביקור במרפאה,70
2026-07-30T18:30:19,61,עיניים,ארסוף,visit_type,שיחת טלפון,1
2026-07-30T18:30:19,61,עיניים,ארסוף,language,אידיש,2
2026-07-30T18:30:19,61,עיניים,ארסוף,language,איטלקית,1
2026-07-30T18:30:19,61,עיניים,ארסוף,language,אנגלית,10
2026-07-30T18:30:19,61,עיניים,ארסוף,language,ספרדית,3
2026-07-30T18:30:19,61,עיניים,ארסוף,language,עברית,13
2026-07-30T18:30:19,61,עיניים,ארסוף,language,ערבית,2
2026-07-30T18:30:19,61,עיניים,ארסוף,language,צרפתית,2
2026-07-30T18:30:19,61,עיניים,ארסוף,language,רוסית,1
2026-07-30T18:30:34,61,עיניים,אשקלון,gender,אישה,13
2026-07-30T18:30:34,61,עיניים,אשקלון,gender,גבר,36
2026-07-30T18:30:34,61,עיניים,אשקלון,visit_type,ביקור במרפאה,51
2026-07-30T18:30:34,61,עיניים,אשקלון,visit_type,שיחת טלפון,1
2026-07-30T18:30:34,61,עיניים,אשקלון,language,איטלקית,2
2026-07-30T18:30:34,61,עיניים,אשקלון,language,אנגלית,3
2026-07-30T18:30:34,61,עיניים,אשקלון,language,ספרדית,1
2026-07-30T18:30:34,61,עיניים,אשקלון,language,עברית,5
2026-07-30T18:30:34,61,עיניים,אשקלון,language,צרפתית,1
2026-07-30T18:30:34,61,עיניים,אשקלון,language,רומנית,1
2026-07-30T18:30:34,61,עיניים,אשקלון,language,רוסית,4
2026-07-30T18:30:45,61,עיניים,בארות יצחק,gender,גבר,46
2026-07-30T18:30:45,61,עיניים,בארות יצחק,gender,אישה,23
2026-07-30T18:30:45,61,עיניים,בארות יצחק,visit_type,ביקור במרפאה,75
2026-07-30T18:30:45,61,עיניים,בארות יצחק,language,אידיש,2
2026-07-30T18:30:45,61,עיניים,בארות יצחק,language,איטלקית,2
2026-07-30T18:30:45,61,עיניים,בארות יצחק,language,אנגלית,30
2026-07-30T18:30:45,61,עיניים,בארות יצחק,language,גרוזינית,2
2026-07-30T18:30:45,61,עיניים,בארות יצחק,language,ספרדית,3
2026-07-30T18:30:45,61,עיניים,בארות יצחק,language,עברית,57
2026-07-30T18:30:45,61,עיניים,בארות יצחק,language,ערבית,5
2026-07-30T18:30:45,61,עיניים,בארות יצחק,language,פולנית,1
2026-07-30T18:30:45,61,עיניים,בארות יצחק,language,צרפתית,2
2026-07-30T18:30:45,61,עיניים,בארות יצחק,language,רומנית,2
2026-07-30T18:30:45,61,עיניים,בארות יצחק,language,רוסית,13
2026-07-30T18:30:58,61,עיניים,בורין,gender,גבר,54
2026-07-30T18:30:58,61,עיניים,בורין,gender,אישה,14
2026-07-30T18:30:58,61,עיניים,בורין,visit_type,ביקור במרפאה,70
2026-07-30T18:30:58,61,עיניים,בורין,visit_type,שיחת טלפון,1
2026-07-30T18:30:58,61,עיניים,בורין,language,אידיש,2
2026-07-30T18:30:58,61,עיניים,בורין,language,איטלקית,1
2026-07-30T18:30:58,61,עיניים,בורין,language,אנגלית,10
2026-07-30T18:30:58,61,עיניים,בורין,language,ספרדית,3
2026-07-30T18:30:58,61,עיניים,בורין,language,עברית,13
2026-07-30T18:30:58,61,עיניים,בורין,language,ערבית,2
2026-07-30T18:30:58,61,עיניים,בורין,language,צרפתית,2
2026-07-30T18:30:58,61,עיניים,בורין,language,רוסית,1
2026-07-30T18:31:09,61,עיניים,ביצרון,gender,גבר,14
2026-07-30T18:31:09,61,עיניים,ביצרון,gender,אישה,16
2026-07-30T18:31:09,61,עיניים,ביצרון,visit_type,ביקור במרפאה,36
2026-07-30T18:31:09,61,עיניים,ביצרון,language,אנגלית,9
2026-07-30T18:31:09,61,עיניים,ביצרון,language,הונגרית,1
2026-07-30T18:31:09,61,עיניים,ביצרון,language,עברית,9
2026-07-30T18:31:09,61,עיניים,ביצרון,language,ערבית,2
2026-07-30T18:31:09,61,עיניים,ביצרון,language,רומנית,3
2026-07-30T18:31:09,61,עיניים,ביצרון,language,רוסית,5
2026-07-30T18:31:17,61,עיניים,בני דרור,gender,גבר,54
2026-07-30T18:31:17,61,עיניים,בני דרור,gender,אישה,14
2026-07-30T18:31:17,61,עיניים,בני דרור,visit_type,ביקור במרפאה,70
2026-07-30T18:31:17,61,עיניים,בני דרור,visit_type,שיחת טלפון,1
2026-07-30T18:31:17,61,עיניים,בני דרור,language,אידיש,2
2026-07-30T18:31:17,61,עיניים,בני דרור,language,איטלקית,1
2026-07-30T18:31:17,61,עיניים,בני דרור,language,אנגלית,10
2026-07-30T18:31:17,61,עיניים,בני דרור,language,ספרדית,3
2026-07-30T18:31:17,61,עיניים,בני דרור,language,עברית,13
2026-07-30T18:31:17,61,עיניים,בני דרור,language,ערבית,2
2026-07-30T18:31:17,61,עיניים,בני דרור,language,צרפתית,2
2026-07-30T18:31:17,61,עיניים,בני דרור,language,רוסית,1
2026-07-30T18:31:29,61,עיניים,בצת,gender,גבר,47
2026-07-30T18:31:29,61,עיניים,בצת,gender,אישה,6
2026-07-30T18:31:29,61,עיניים,בצת,visit_type,ביקור במרפאה,54
2026-07-30T18:31:29,61,עיניים,בצת,visit_type,שיחת טלפון,1
2026-07-30T18:31:29,61,עיניים,בצת,language,אנגלית,37
2026-07-30T18:31:29,61,עיניים,בצת,language,בולגרית,7
2026-07-30T18:31:29,61,עיניים,בצת,language,גרמנית,1
2026-07-30T18:31:29,61,עיניים,בצת,language,עברית,52
2026-07-30T18:31:29,61,עיניים,בצת,language,ערבית,41
2026-07-30T18:31:29,61,עיניים,בצת,language,רומנית,14
2026-07-30T18:31:29,61,עיניים,בצת,language,רוסית,8
2026-07-30T18:31:37,61,עיניים,ברכה,gender,גבר,54
2026-07-30T18:31:37,61,עיניים,ברכה,gender,אישה,14
2026-07-30T18:31:37,61,עיניים,ברכה,visit_type,ביקור במרפאה,70
2026-07-30T18:31:37,61,עיניים,ברכה,visit_type,שיחת טלפון,1
2026-07-30T18:31:37,61,עיניים,ברכה,language,אידיש,2
2026-07-30T18:31:37,61,עיניים,ברכה,language,איטלקית,1
2026-07-30T18:31:37,61,עיניים,ברכה,language,אנגלית,10
2026-07-30T18:31:37,61,עיניים,ברכה,language,ספרדית,3
2026-07-30T18:31:37,61,עיניים,ברכה,language,עברית,13
2026-07-30T18:31:37,61,עיניים,ברכה,language,ערבית,2
2026-07-30T18:31:37,61,עיניים,ברכה,language,צרפתית,2
2026-07-30T18:31:37,61,עיניים,ברכה,language,רוסית,1
2026-07-30T18:31:49,61,עיניים,ג'אלוד,gender,אישה,13
2026-07-30T18:31:49,61,עיניים,ג'אלוד,gender,גבר,17
2026-07-30T18:31:49,61,עיניים,ג'אלוד,visit_type,ביקור במרפאה,30
2026-07-30T18:31:49,61,עיניים,ג'אלוד,language,אנגלית,4
2026-07-30T18:31:49,61,עיניים,ג'אלוד,language,עברית,6
2026-07-30T18:31:49,61,עיניים,ג'אלוד,language,ערבית,6
2026-07-30T18:31:49,61,עיניים,ג'אלוד,language,צרפתית,1
2026-07-30T18:31:49,61,עיניים,ג'אלוד,language,רומנית,1
2026-07-30T18:31:54,61,עיניים,גבע בנימין,gender,אישה,13
2026-07-30T18:31:54,61,עיניים,גבע בנימין,gender,גבר,17
2026-07-30T18:31:54,61,עיניים,גבע בנימין,visit_type,ביקור במרפאה,30
2026-07-30T18:31:54,61,עיניים,גבע בנימין,language,אנגלית,4
2026-07-30T18:31:54,61,עיניים,גבע בנימין,language,עברית,6
2026-07-30T18:31:54,61,עיניים,גבע בנימין,language,ערבית,6
2026-07-30T18:31:54,61,עיניים,גבע בנימין,language,צרפתית,1
2026-07-30T18:31:54,61,עיניים,גבע בנימין,language,רומנית,1
2026-07-30T18:32:00,61,עיניים,גדרה,gender,גבר,14
2026-07-30T18:32:00,61,עיניים,גדרה,gender,אישה,16
2026-07-30T18:32:00,61,עיניים,גדרה,visit_type,ביקור במרפאה,36
2026-07-30T18:32:00,61,עיניים,גדרה,language,אנגלית,9
2026-07-30T18:32:00,61,עיניים,גדרה,language,הונגרית,1
2026-07-30T18:32:00,61,עיניים,גדרה,language,עברית,9
2026-07-30T18:32:00,61,עיניים,גדרה,language,ערבית,2
2026-07-30T18:32:00,61,עיניים,גדרה,language,רומנית,3
2026-07-30T18:32:00,61,עיניים,גדרה,language,רוסית,5
2026-07-30T18:32:08,61,עיניים,גילת,gender,גבר,56
2026-07-30T18:32:08,61,עיניים,גילת,gender,אישה,13
2026-07-30T18:32:08,61,עיניים,גילת,visit_type,ביקור במרפאה,71
2026-07-30T18:32:08,61,עיניים,גילת,visit_type,שיחת טלפון,1
2026-07-30T18:32:08,61,עיניים,גילת,language,איטלקית,2
2026-07-30T18:32:08,61,עיניים,גילת,language,אנגלית,3
2026-07-30T18:32:08,61,עיניים,גילת,language,ספרדית,1
2026-07-30T18:32:08,61,עיניים,גילת,language,עברית,6
2026-07-30T18:32:08,61,עיניים,גילת,language,צרפתית,1
2026-07-30T18:32:08,61,עיניים,גילת,language,רומנית,1
2026-07-30T18:32:08,61,עיניים,גילת,language,רוסית,5
2026-07-30T18:32:22,61,עיניים,גמזו,gender,אישה,15
2026-07-30T18:32:22,61,עיניים,גמזו,gender,גבר,22
2026-07-30T18:32:22,61,עיניים,גמזו,visit_type,ביקור במרפאה,41
2026-07-30T18:32:22,61,עיניים,גמזו,language,אנגלית,6
2026-07-30T18:32:22,61,עיניים,גמזו,language,הונגרית,1
2026-07-30T18:32:22,61,עיניים,גמזו,language,עברית,6
2026-07-30T18:32:22,61,עיניים,גמזו,language,ערבית,1
2026-07-30T18:32:22,61,עיניים,גמזו,language,צרפתית,1
2026-07-30T18:32:22,61,עיניים,גמזו,language,רומנית,1
2026-07-30T18:32:22,61,עיניים,גמזו,language,רוסית,1
2026-07-30T18:32:29,61,עיניים,געתון,gender,גבר,47
2026-07-30T18:32:29,61,עיניים,געתון,gender,אישה,6
2026-07-30T18:32:29,61,עיניים,געתון,visit_type,ביקור במרפאה,54
2026-07-30T18:32:29,61,עיניים,געתון,visit_type,שיחת טלפון,1
2026-07-30T18:32:29,61,עיניים,געתון,language,אנגלית,37
2026-07-30T18:32:29,61,עיניים,געתון,language,בולגרית,7
2026-07-30T18:32:29,61,עיניים,געתון,language,גרמנית,1
2026-07-30T18:32:29,61,עיניים,געתון,language,עברית,52
2026-07-30T18:32:29,61,עיניים,געתון,language,ערבית,41
2026-07-30T18:32:29,61,עיניים,געתון,language,רומנית,14
2026-07-30T18:32:29,61,עיניים,געתון,language,רוסית,8
2026-07-30T18:32:39,61,עיניים,דבוריה,gender,גבר,104
2026-07-30T18:32:39,61,עיניים,דבוריה,gender,אישה,16
2026-07-30T18:32:39,61,עיניים,דבוריה,visit_type,ביקור במרפאה,125
2026-07-30T18:32:39,61,עיניים,דבוריה,visit_type,שיחת טלפון,1
2026-07-30T18:32:39,61,עיניים,דבוריה,language,אידיש,1
2026-07-30T18:32:39,61,עיניים,דבוריה,language,איטלקית,1
2026-07-30T18:32:39,61,עיניים,דבוריה,language,אנגלית,31
2026-07-30T18:32:39,61,עיניים,דבוריה,language,גרמנית,1
2026-07-30T18:32:39,61,עיניים,דבוריה,language,ספרדית,1
2026-07-30T18:32:39,61,עיניים,דבוריה,language,עברית,44
2026-07-30T18:32:39,61,עיניים,דבוריה,language,ערבית,25
2026-07-30T18:32:39,61,עיניים,דבוריה,language,פולנית,1
2026-07-30T18:32:39,61,עיניים,דבוריה,language,פרסית,1
2026-07-30T18:32:39,61,עיניים,דבוריה,language,צרפתית,1
2026-07-30T18:32:39,61,עיניים,דבוריה,language,רומנית,1
2026-07-30T18:32:39,61,עיניים,דבוריה,language,רוסית,5
2026-07-30T18:32:59,61,עיניים,דומא במרכז שומרון,gender,גבר,56
2026-07-30T18:32:59,61,עיניים,דומא במרכז שומרון,gender,אישה,13
2026-07-30T18:32:59,61,עיניים,דומא במרכז שומרון,visit_type,ביקור במרפאה,71
2026-07-30T18:32:59,61,עיניים,דומא במרכז שומרון,visit_type,שיחת טלפון,1
2026-07-30T18:32:59,61,עיניים,דומא במרכז שומרון,language,איטלקית,2
2026-07-30T18:32:59,61,עיניים,דומא במרכז שומרון,language,אנגלית,3
2026-07-30T18:32:59,61,עיניים,דומא במרכז שומרון,language,ספרדית,1
2026-07-30T18:32:59,61,עיניים,דומא במרכז שומרון,language,עברית,6
2026-07-30T18:32:59,61,עיניים,דומא במרכז שומרון,language,צרפתית,1
2026-07-30T18:32:59,61,עיניים,דומא במרכז שומרון,language,רומנית,1
2026-07-30T18:32:59,61,עיניים,דומא במרכז שומרון,language,רוסית,5
2026-07-30T18:33:13,61,עיניים,דיר א סודאן,gender,גבר,38
2026-07-30T18:33:13,61,עיניים,דיר א סודאן,gender,אישה,15
2026-07-30T18:33:13,61,עיניים,דיר א סודאן,visit_type,ביקור במרפאה,58
2026-07-30T18:33:13,61,עיניים,דיר א סודאן,language,אידיש,1
2026-07-30T18:33:13,61,עיניים,דיר א סודאן,language,איטלקית,1
2026-07-30T18:33:13,61,עיניים,דיר א סודאן,language,אנגלית,26
2026-07-30T18:33:13,61,עיניים,דיר א סודאן,language,גרוזינית,2
2026-07-30T18:33:13,61,עיניים,דיר א סודאן,language,ספרדית,1
2026-07-30T18:33:13,61,עיניים,דיר א סודאן,language,עברית,53
2026-07-30T18:33:13,61,עיניים,דיר א סודאן,language,ערבית,5
2026-07-30T18:33:13,61,עיניים,דיר א סודאן,language,פולנית,1
2026-07-30T18:33:13,61,עיניים,דיר א סודאן,language,צרפתית,1
2026-07-30T18:33:13,61,עיניים,דיר א סודאן,language,רומנית,2
2026-07-30T18:33:13,61,עיניים,דיר א סודאן,language,רוסית,13
2026-07-30T18:33:23,61,עיניים,דפנה,gender,גבר,62
2026-07-30T18:33:23,61,עיניים,דפנה,gender,אישה,12
2026-07-30T18:33:23,61,עיניים,דפנה,visit_type,ביקור במרפאה,79
2026-07-30T18:33:23,61,עיניים,דפנה,language,אנגלית,19
2026-07-30T18:33:23,61,עיניים,דפנה,language,עברית,27
2026-07-30T18:33:23,61,עיניים,דפנה,language,ערבית,17
2026-07-30T18:33:23,61,עיניים,דפנה,language,רוסית,4
2026-07-30T18:33:36,61,עיניים,הודיות מוסד חינוכי,gender,גבר,62
2026-07-30T18:33:36,61,עיניים,הודיות מוסד חינוכי,gender,אישה,12
2026-07-30T18:33:36,61,עיניים,הודיות מוסד חינוכי,visit_type,ביקור במרפאה,79
2026-07-30T18:33:36,61,עיניים,הודיות מוסד חינוכי,language,אנגלית,19
2026-07-30T18:33:36,61,עיניים,הודיות מוסד חינוכי,language,עברית,27
2026-07-30T18:33:36,61,עיניים,הודיות מוסד חינוכי,language,ערבית,17
2026-07-30T18:33:36,61,עיניים,הודיות מוסד חינוכי,language,רוסית,4
2026-07-30T18:33:48,61,עיניים,המרכז האקדמי רופין,gender,גבר,54
2026-07-30T18:33:48,61,עיניים,המרכז האקדמי רופין,gender,אישה,14
2026-07-30T18:33:48,61,עיניים,המרכז האקדמי רופין,visit_type,ביקור במרפאה,70
2026-07-30T18:33:48,61,עיניים,המרכז האקדמי רופין,visit_type,שיחת טלפון,1
2026-07-30T18:33:48,61,עיניים,המרכז האקדמי רופין,language,אידיש,2
2026-07-30T18:33:48,61,עיניים,המרכז האקדמי רופין,language,איטלקית,1
2026-07-30T18:33:48,61,עיניים,המרכז האקדמי רופין,language,אנגלית,10
2026-07-30T18:33:48,61,עיניים,המרכז האקדמי רופין,language,ספרדית,3
2026-07-30T18:33:48,61,עיניים,המרכז האקדמי רופין,language,עברית,13
2026-07-30T18:33:48,61,עיניים,המרכז האקדמי רופין,language,ערבית,2
2026-07-30T18:33:48,61,עיניים,המרכז האקדמי רופין,language,צרפתית,2
2026-07-30T18:33:48,61,עיניים,המרכז האקדמי רופין,language,רוסית,1
2026-07-30T18:34:00,61,עיניים,ורד הגליל,gender,גבר,62
2026-07-30T18:34:00,61,עיניים,ורד הגליל,gender,אישה,12
2026-07-30T18:34:00,61,עיניים,ורד הגליל,visit_type,ביקור במרפאה,79
2026-07-30T18:34:00,61,עיניים,ורד הגליל,language,אנגלית,19
2026-07-30T18:34:00,61,עיניים,ורד הגליל,language,עברית,27
2026-07-30T18:34:00,61,עיניים,ורד הגליל,language,ערבית,17
2026-07-30T18:34:00,61,עיניים,ורד הגליל,language,רוסית,4
2026-07-30T18:34:12,61,עיניים,זוואתא,gender,גבר,54
2026-07-30T18:34:12,61,עיניים,זוואתא,gender,אישה,14
2026-07-30T18:34:12,61,עיניים,זוואתא,visit_type,ביקור במרפאה,70
2026-07-30T18:34:12,61,עיניים,זוואתא,visit_type,שיחת טלפון,1
2026-07-30T18:34:12,61,עיניים,זוואתא,language,אידיש,2
2026-07-30T18:34:12,61,עיניים,זוואתא,language,איטלקית,1
2026-07-30T18:34:12,61,עיניים,זוואתא,language,אנגלית,10
2026-07-30T18:34:12,61,עיניים,זוואתא,language,ספרדית,3
2026-07-30T18:34:12,61,עיניים,זוואתא,language,עברית,13
2026-07-30T18:34:12,61,עיניים,זוואתא,language,ערבית,2
2026-07-30T18:34:12,61,עיניים,זוואתא,language,צרפתית,2
2026-07-30T18:34:12,61,עיניים,זוואתא,language,רוסית,1
2026-07-30T18:34:24,61,עיניים,זנוח,gender,אישה,13
2026-07-30T18:34:24,61,עיניים,זנוח,gender,גבר,17
2026-07-30T18:34:24,61,עיניים,זנוח,visit_type,ביקור במרפאה,30
2026-07-30T18:34:24,61,עיניים,זנוח,language,אנגלית,4
2026-07-30T18:34:24,61,עיניים,זנוח,language,עברית,6
2026-07-30T18:34:24,61,עיניים,זנוח,language,ערבית,6
2026-07-30T18:34:24,61,עיניים,זנוח,language,צרפתית,1
2026-07-30T18:34:24,61,עיניים,זנוח,language,רומנית,1
2026-07-30T18:34:31,61,עיניים,חבר,gender,גבר,104
2026-07-30T18:34:31,61,עיניים,חבר,gender,אישה,16
2026-07-30T18:34:31,61,עיניים,חבר,visit_type,ביקור במרפאה,125
2026-07-30T18:34:31,61,עיניים,חבר,visit_type,שיחת טלפון,1
2026-07-30T18:34:31,61,עיניים,חבר,language,אידיש,1
2026-07-30T18:34:31,61,עיניים,חבר,language,איטלקית,1
2026-07-30T18:34:31,61,עיניים,חבר,language,אנגלית,31
2026-07-30T18:34:31,61,עיניים,חבר,language,גרמנית,1
2026-07-30T18:34:31,61,עיניים,חבר,language,ספרדית,1
2026-07-30T18:34:31,61,עיניים,חבר,language,עברית,44
2026-07-30T18:34:31,61,עיניים,חבר,language,ערבית,25
2026-07-30T18:34:31,61,עיניים,חבר,language,פולנית,1
2026-07-30T18:34:31,61,עיניים,חבר,language,פרסית,1
2026-07-30T18:34:31,61,עיניים,חבר,language,צרפתית,1
2026-07-30T18:34:31,61,עיניים,חבר,language,רומנית,1
2026-07-30T18:34:31,61,עיניים,חבר,language,רוסית,5
2026-07-30T18:34:49,61,עיניים,חולדה,gender,אישה,15
2026-07-30T18:34:49,61,עיניים,חולדה,gender,גבר,22
2026-07-30T18:34:49,61,עיניים,חולדה,visit_type,ביקור במרפאה,41
2026-07-30T18:34:49,61,עיניים,חולדה,language,אנגלית,6
2026-07-30T18:34:49,61,עיניים,חולדה,language,הונגרית,1
2026-07-30T18:34:49,61,עיניים,חולדה,language,עברית,6
2026-07-30T18:34:49,61,עיניים,חולדה,language,ערבית,1
2026-07-30T18:34:49,61,עיניים,חולדה,language,צרפתית,1
2026-07-30T18:34:49,61,עיניים,חולדה,language,רומנית,1
2026-07-30T18:34:49,61,עיניים,חולדה,language,רוסית,1
2026-07-30T18:34:57,61,עיניים,חיבת ציון,gender,גבר,78
2026-07-30T18:34:57,61,עיניים,חיבת ציון,gender,אישה,23
2026-07-30T18:34:57,61,עיניים,חיבת ציון,visit_type,ביקור במרפאה,105
2026-07-30T18:34:57,61,עיניים,חיבת ציון,visit_type,שיחת טלפון,1
2026-07-30T18:34:57,61,עיניים,חיבת ציון,language,אידיש,2
2026-07-30T18:34:57,61,עיניים,חיבת ציון,language,איטלקית,2
2026-07-30T18:34:57,61,עיניים,חיבת ציון,language,אנגלית,21
2026-07-30T18:34:57,61,עיניים,חיבת ציון,language,גרמנית,1
2026-07-30T18:34:57,61,עיניים,חיבת ציון,language,ספרדית,3
2026-07-30T18:34:57,61,עיניים,חיבת ציון,language,עברית,29
2026-07-30T18:34:57,61,עיניים,חיבת ציון,language,ערבית,10
2026-07-30T18:34:57,61,עיניים,חיבת ציון,language,פולנית,1
2026-07-30T18:34:57,61,עיניים,חיבת ציון,language,פרסית,1
2026-07-30T18:34:57,61,עיניים,חיבת ציון,language,צרפתית,2
2026-07-30T18:34:57,61,עיניים,חיבת ציון,language,רומנית,1
2026-07-30T18:34:57,61,עיניים,חיבת ציון,language,רוסית,4
2026-07-30T18:35:12,61,עיניים,חמדת,gender,אישה,13
2026-07-30T18:35:12,61,עיניים,חמדת,gender,גבר,17
2026-07-30T18:35:12,61,עיניים,חמדת,visit_type,ביקור במרפאה,30
2026-07-30T18:35:12,61,עיניים,חמדת,language,אנגלית,4
2026-07-30T18:35:12,61,עיניים,חמדת,language,עברית,6
2026-07-30T18:35:12,61,עיניים,חמדת,language,ערבית,6
2026-07-30T18:35:12,61,עיניים,חמדת,language,צרפתית,1
2026-07-30T18:35:12,61,עיניים,חמדת,language,רומנית,1
2026-07-30T18:35:19,61,עיניים,חצור אשדוד,gender,גבר,14
2026-07-30T18:35:19,61,עיניים,חצור אשדוד,gender,אישה,16
2026-07-30T18:35:19,61,עיניים,חצור אשדוד,visit_type,ביקור במרפאה,36
2026-07-30T18:35:19,61,עיניים,חצור אשדוד,language,אנגלית,9
2026-07-30T18:35:19,61,עיניים,חצור אשדוד,language,הונגרית,1
2026-07-30T18:35:19,61,עיניים,חצור אשדוד,language,עברית,9
2026-07-30T18:35:19,61,עיניים,חצור אשדוד,language,ערבית,2
2026-07-30T18:35:19,61,עיניים,חצור אשדוד,language,רומנית,3
2026-07-30T18:35:19,61,עיניים,חצור אשדוד,language,רוסית,5
2026-07-30T18:35:26,61,עיניים,טבריה,gender,גבר,62
2026-07-30T18:35:26,61,עיניים,טבריה,gender,אישה,12
2026-07-30T18:35:26,61,עיניים,טבריה,visit_type,ביקור במרפאה,79
2026-07-30T18:35:26,61,עיניים,טבריה,language,אנגלית,19
2026-07-30T18:35:26,61,עיניים,טבריה,language,עברית,27
2026-07-30T18:35:26,61,עיניים,טבריה,language,ערבית,17
2026-07-30T18:35:26,61,עיניים,טבריה,language,רוסית,4
2026-07-30T18:35:39,61,עיניים,טירת יהודה,gender,גבר,46
2026-07-30T18:35:39,61,עיניים,טירת יהודה,gender,אישה,23
2026-07-30T18:35:39,61,עיניים,טירת יהודה,visit_type,ביקור במרפאה,75
2026-07-30T18:35:39,61,עיניים,טירת יהודה,language,אידיש,2
2026-07-30T18:35:39,61,עיניים,טירת יהודה,language,איטלקית,2
2026-07-30T18:35:39,61,עיניים,טירת יהודה,language,אנגלית,30
2026-07-30T18:35:39,61,עיניים,טירת יהודה,language,גרוזינית,2
2026-07-30T18:35:39,61,עיניים,טירת יהודה,language,ספרדית,3
2026-07-30T18:35:39,61,עיניים,טירת יהודה,language,עברית,57
2026-07-30T18:35:39,61,עיניים,טירת יהודה,language,ערבית,5
2026-07-30T18:35:39,61,עיניים,טירת יהודה,language,פולנית,1
2026-07-30T18:35:39,61,עיניים,טירת יהודה,language,צרפתית,2
2026-07-30T18:35:39,61,עיניים,טירת יהודה,language,רומנית,2
2026-07-30T18:35:39,61,עיניים,טירת יהודה,language,רוסית,13
2026-07-30T18:35:51,61,עיניים,טמרה יזרעאל,gender,גבר,62
2026-07-30T18:35:51,61,עיניים,טמרה יזרעאל,gender,אישה,12
2026-07-30T18:35:51,61,עיניים,טמרה יזרעאל,visit_type,ביקור במרפאה,79
2026-07-30T18:35:51,61,עיניים,טמרה יזרעאל,language,אנגלית,19
2026-07-30T18:35:51,61,עיניים,טמרה יזרעאל,language,עברית,27
2026-07-30T18:35:51,61,עיניים,טמרה יזרעאל,language,ערבית,17
2026-07-30T18:35:51,61,עיניים,טמרה יזרעאל,language,רוסית,4
2026-07-30T18:36:04,61,עיניים,יבנאל,gender,גבר,62
2026-07-30T18:36:04,61,עיניים,יבנאל,gender,אישה,12
2026-07-30T18:36:04,61,עיניים,יבנאל,visit_type,ביקור במרפאה,79
2026-07-30T18:36:04,61,עיניים,יבנאל,language,אנגלית,19
2026-07-30T18:36:04,61,עיניים,יבנאל,language,עברית,27
2026-07-30T18:36:04,61,עיניים,יבנאל,language,ערבית,17
2026-07-30T18:36:04,61,עיניים,יבנאל,language,רוסית,4
2026-07-30T18:36:16,61,עיניים,יד רמב''ם,gender,אישה,15
2026-07-30T18:36:16,61,עיניים,יד רמב''ם,gender,גבר,22
2026-07-30T18:36:16,61,עיניים,יד רמב''ם,visit_type,ביקור במרפאה,41
2026-07-30T18:36:16,61,עיניים,יד רמב''ם,language,אנגלית,6
2026-07-30T18:36:16,61,עיניים,יד רמב''ם,language,הונגרית,1
2026-07-30T18:36:16,61,עיניים,יד רמב''ם,language,עברית,6
2026-07-30T18:36:16,61,עיניים,יד רמב''ם,language,ערבית,1
2026-07-30T18:36:16,61,עיניים,יד רמב''ם,language,צרפתית,1
2026-07-30T18:36:16,61,עיניים,יד רמב''ם,language,רומנית,1
2026-07-30T18:36:16,61,עיניים,יד רמב''ם,language,רוסית,1
2026-07-30T18:36:23,61,עיניים,יחיעם,gender,גבר,47
2026-07-30T18:36:23,61,עיניים,יחיעם,gender,אישה,6
2026-07-30T18:36:23,61,עיניים,יחיעם,visit_type,ביקור במרפאה,54
2026-07-30T18:36:23,61,עיניים,יחיעם,visit_type,שיחת טלפון,1
2026-07-30T18:36:23,61,עיניים,יחיעם,language,אנגלית,37
2026-07-30T18:36:23,61,עיניים,יחיעם,language,בולגרית,7
2026-07-30T18:36:23,61,עיניים,יחיעם,language,גרמנית,1
2026-07-30T18:36:23,61,עיניים,יחיעם,language,עברית,52
2026-07-30T18:36:23,61,עיניים,יחיעם,language,ערבית,41
2026-07-30T18:36:23,61,עיניים,יחיעם,language,רומנית,14
2026-07-30T18:36:23,61,עיניים,יחיעם,language,רוסית,8
2026-07-30T18:36:33,61,עיניים,יעבד,gender,גבר,54
2026-07-30T18:36:33,61,עיניים,יעבד,gender,אישה,14
2026-07-30T18:36:33,61,עיניים,יעבד,visit_type,ביקור במרפאה,70
2026-07-30T18:36:33,61,עיניים,יעבד,visit_type,שיחת טלפון,1
2026-07-30T18:36:33,61,עיניים,יעבד,language,אידיש,2
2026-07-30T18:36:33,61,עיניים,יעבד,language,איטלקית,1
2026-07-30T18:36:33,61,עיניים,יעבד,language,אנגלית,10
2026-07-30T18:36:33,61,עיניים,יעבד,language,ספרדית,3
2026-07-30T18:36:33,61,עיניים,יעבד,language,עברית,13
2026-07-30T18:36:33,61,עיניים,יעבד,language,ערבית,2
2026-07-30T18:36:33,61,עיניים,יעבד,language,צרפתית,2
2026-07-30T18:36:33,61,עיניים,יעבד,language,רוסית,1
2026-07-30T18:36:45,61,עיניים,יציץ,gender,גבר,40
2026-07-30T18:36:45,61,עיניים,יציץ,gender,אישה,23
2026-07-30T18:36:45,61,עיניים,יציץ,visit_type,ביקור במרפאה,73
2026-07-30T18:36:45,61,עיניים,יציץ,language,אידיש,1
2026-07-30T18:36:45,61,עיניים,יציץ,language,אנגלית,21
2026-07-30T18:36:45,61,עיניים,יציץ,language,גרמנית,1
2026-07-30T18:36:45,61,עיניים,יציץ,language,הונגרית,1
2026-07-30T18:36:45,61,עיניים,יציץ,language,עברית,28
2026-07-30T18:36:45,61,עיניים,יציץ,language,ערבית,2
2026-07-30T18:36:45,61,עיניים,יציץ,language,צרפתית,1
2026-07-30T18:36:45,61,עיניים,יציץ,language,רומנית,3
2026-07-30T18:36:45,61,עיניים,יציץ,language,רוסית,7
2026-07-30T18:36:56,61,עיניים,יריחו,gender,אישה,13
2026-07-30T18:36:56,61,עיניים,יריחו,gender,גבר,17
2026-07-30T18:36:56,61,עיניים,יריחו,visit_type,ביקור במרפאה,30
2026-07-30T18:36:56,61,עיניים,יריחו,language,אנגלית,4
2026-07-30T18:36:56,61,עיניים,יריחו,language,עברית,6
2026-07-30T18:36:56,61,עיניים,יריחו,language,ערבית,6
2026-07-30T18:36:56,61,עיניים,יריחו,language,צרפתית,1
2026-07-30T18:36:56,61,עיניים,יריחו,language,רומנית,1
2026-07-30T18:37:04,61,עיניים,כאוכב אבו אל היגא,gender,גבר,56
2026-07-30T18:37:04,61,עיניים,כאוכב אבו אל היגא,gender,אישה,17
2026-07-30T18:37:04,61,עיניים,כאוכב אבו אל היגא,visit_type,ביקור במרפאה,77
2026-07-30T18:37:04,61,עיניים,כאוכב אבו אל היגא,visit_type,שיחת טלפון,1
2026-07-30T18:37:04,61,עיניים,כאוכב אבו אל היגא,language,אוקראינית,1
2026-07-30T18:37:04,61,עיניים,כאוכב אבו אל היגא,language,אידיש,1
2026-07-30T18:37:04,61,עיניים,כאוכב אבו אל היגא,language,אנגלית,47
2026-07-30T18:37:04,61,עיניים,כאוכב אבו אל היגא,language,בולגרית,7
2026-07-30T18:37:04,61,עיניים,כאוכב אבו אל היגא,language,גרמנית,1
2026-07-30T18:37:04,61,עיניים,כאוכב אבו אל היגא,language,עברית,71
2026-07-30T18:37:04,61,עיניים,כאוכב אבו אל היגא,language,ערבית,48
2026-07-30T18:37:04,61,עיניים,כאוכב אבו אל היגא,language,צרפתית,1
2026-07-30T18:37:04,61,עיניים,כאוכב אבו אל היגא,language,רומנית,14
2026-07-30T18:37:04,61,עיניים,כאוכב אבו אל היגא,language,רוסית,18
2026-07-30T18:37:17,61,עיניים,כופיראת,gender,גבר,54
2026-07-30T18:37:17,61,עיניים,כופיראת,gender,אישה,14
2026-07-30T18:37:17,61,עיניים,כופיראת,visit_type,ביקור במרפאה,70
2026-07-30T18:37:17,61,עיניים,כופיראת,visit_type,שיחת טלפון,1
2026-07-30T18:37:17,61,עיניים,כופיראת,language,אידיש,2
2026-07-30T18:37:17,61,עיניים,כופיראת,language,איטלקית,1
2026-07-30T18:37:17,61,עיניים,כופיראת,language,אנגלית,10
2026-07-30T18:37:17,61,עיניים,כופיראת,language,ספרדית,3
2026-07-30T18:37:17,61,עיניים,כופיראת,language,עברית,13
2026-07-30T18:37:17,61,עיניים,כופיראת,language,ערבית,2
2026-07-30T18:37:17,61,עיניים,כופיראת,language,צרפתית,2
2026-07-30T18:37:17,61,עיניים,כופיראת,language,רוסית,1
2026-07-30T18:37:29,61,עיניים,כליל,gender,גבר,56
2026-07-30T18:37:29,61,עיניים,כליל,gender,אישה,17
2026-07-30T18:37:29,61,עיניים,כליל,visit_type,ביקור במרפאה,77
2026-07-30T18:37:29,61,עיניים,כליל,visit_type,שיחת טלפון,1
2026-07-30T18:37:29,61,עיניים,כליל,language,אוקראינית,1
2026-07-30T18:37:29,61,עיניים,כליל,language,אידיש,1
2026-07-30T18:37:29,61,עיניים,כליל,language,אנגלית,47
2026-07-30T18:37:29,61,עיניים,כליל,language,בולגרית,7
2026-07-30T18:37:29,61,עיניים,כליל,language,גרמנית,1
2026-07-30T18:37:29,61,עיניים,כליל,language,עברית,71
2026-07-30T18:37:29,61,עיניים,כליל,language,ערבית,48
2026-07-30T18:37:29,61,עיניים,כליל,language,צרפתית,1
2026-07-30T18:37:29,61,עיניים,כליל,language,רומנית,14
2026-07-30T18:37:29,61,עיניים,כליל,language,רוסית,18
2026-07-30T18:37:45,61,עיניים,כעביה טבאש חג'אג'רה,gender,גבר,104
2026-07-30T18:37:45,61,עיניים,כעביה טבאש חג'אג'רה,gender,אישה,16
2026-07-30T18:37:45,61,עיניים,כעביה טבאש חג'אג'רה,visit_type,ביקור במרפאה,125
2026-07-30T18:37:45,61,עיניים,כעביה טבאש חג'אג'רה,visit_type,שיחת טלפון,1
2026-07-30T18:37:45,61,עיניים,כעביה טבאש חג'אג'רה,language,אידיש,1
2026-07-30T18:37:45,61,עיניים,כעביה טבאש חג'אג'רה,language,איטלקית,1
2026-07-30T18:37:45,61,עיניים,כעביה טבאש חג'אג'רה,language,אנגלית,31
2026-07-30T18:37:45,61,עיניים,כעביה טבאש חג'אג'רה,language,גרמנית,1
2026-07-30T18:37:45,61,עיניים,כעביה טבאש חג'אג'רה,language,ספרדית,1
2026-07-30T18:37:45,61,עיניים,כעביה טבאש חג'אג'רה,language,עברית,44
2026-07-30T18:37:45,61,עיניים,כעביה טבאש חג'אג'רה,language,ערבית,25
2026-07-30T18:37:45,61,עיניים,כעביה טבאש חג'אג'רה,language,פולנית,1
2026-07-30T18:37:45,61,עיניים,כעביה טבאש חג'אג'רה,language,פרסית,1
2026-07-30T18:37:45,61,עיניים,כעביה טבאש חג'אג'רה,language,צרפתית,1
2026-07-30T18:37:45,61,עיניים,כעביה טבאש חג'אג'רה,language,רומנית,1
2026-07-30T18:37:45,61,עיניים,כעביה טבאש חג'אג'רה,language,רוסית,5
2026-07-30T18:38:02,61,עיניים,כפר בן נון,gender,אישה,15
2026-07-30T18:38:02,61,עיניים,כפר בן נון,gender,גבר,22
2026-07-30T18:38:02,61,עיניים,כפר בן נון,visit_type,ביקור במרפאה,41
2026-07-30T18:38:02,61,עיניים,כפר בן נון,language,אנגלית,6
2026-07-30T18:38:02,61,עיניים,כפר בן נון,language,הונגרית,1
2026-07-30T18:38:02,61,עיניים,כפר בן נון,language,עברית,6
2026-07-30T18:38:02,61,עיניים,כפר בן נון,language,ערבית,1
2026-07-30T18:38:02,61,עיניים,כפר בן נון,language,צרפתית,1
2026-07-30T18:38:02,61,עיניים,כפר בן נון,language,רומנית,1
2026-07-30T18:38:02,61,עיניים,כפר בן נון,language,רוסית,1
2026-07-30T18:38:08,61,עיניים,כרמי צור,gender,אישה,13
2026-07-30T18:38:08,61,עיניים,כרמי צור,gender,גבר,17
2026-07-30T18:38:08,61,עיניים,כרמי צור,visit_type,ביקור במרפאה,30
2026-07-30T18:38:08,61,עיניים,כרמי צור,language,אנגלית,4
2026-07-30T18:38:08,61,עיניים,כרמי צור,language,עברית,6
2026-07-30T18:38:08,61,עיניים,כרמי צור,language,ערבית,6
2026-07-30T18:38:08,61,עיניים,כרמי צור,language,צרפתית,1
2026-07-30T18:38:08,61,עיניים,כרמי צור,language,רומנית,1
2026-07-30T18:38:14,61,עיניים,לובאן שרקיה,gender,אישה,13
2026-07-30T18:38:14,61,עיניים,לובאן שרקיה,gender,גבר,17
2026-07-30T18:38:14,61,עיניים,לובאן שרקיה,visit_type,ביקור במרפאה,30
2026-07-30T18:38:14,61,עיניים,לובאן שרקיה,language,אנגלית,4
2026-07-30T18:38:14,61,עיניים,לובאן שרקיה,language,עברית,6
2026-07-30T18:38:14,61,עיניים,לובאן שרקיה,language,ערבית,6
2026-07-30T18:38:14,61,עיניים,לובאן שרקיה,language,צרפתית,1
2026-07-30T18:38:14,61,עיניים,לובאן שרקיה,language,רומנית,1
2026-07-30T18:38:22,61,עיניים,לקיה,gender,גבר,44
2026-07-30T18:38:22,61,עיניים,לקיה,gender,אישה,6
2026-07-30T18:38:22,61,עיניים,לקיה,visit_type,ביקור במרפאה,51
2026-07-30T18:38:22,61,עיניים,לקיה,visit_type,שיחת טלפון,1
2026-07-30T18:38:22,61,עיניים,לקיה,language,איטלקית,1
2026-07-30T18:38:22,61,עיניים,לקיה,language,אנגלית,2
2026-07-30T18:38:22,61,עיניים,לקיה,language,עברית,5
2026-07-30T18:38:22,61,עיניים,לקיה,language,רוסית,5
2026-07-30T18:38:35,61,עיניים,מבועים,gender,גבר,56
2026-07-30T18:38:35,61,עיניים,מבועים,gender,אישה,13
2026-07-30T18:38:35,61,עיניים,מבועים,visit_type,ביקור במרפאה,71
2026-07-30T18:38:35,61,עיניים,מבועים,visit_type,שיחת טלפון,1
2026-07-30T18:38:35,61,עיניים,מבועים,language,איטלקית,2
2026-07-30T18:38:35,61,עיניים,מבועים,language,אנגלית,3
2026-07-30T18:38:35,61,עיניים,מבועים,language,ספרדית,1
2026-07-30T18:38:35,61,עיניים,מבועים,language,עברית,6
2026-07-30T18:38:35,61,עיניים,מבועים,language,צרפתית,1
2026-07-30T18:38:35,61,עיניים,מבועים,language,רומנית,1
2026-07-30T18:38:35,61,עיניים,מבועים,language,רוסית,5
2026-07-30T18:38:50,61,עיניים,מגדל העמק,gender,גבר,104
2026-07-30T18:38:50,61,עיניים,מגדל העמק,gender,אישה,16
2026-07-30T18:38:50,61,עיניים,מגדל העמק,visit_type,ביקור במרפאה,125
2026-07-30T18:38:50,61,עיניים,מגדל העמק,visit_type,שיחת טלפון,1
2026-07-30T18:38:50,61,עיניים,מגדל העמק,language,אידיש,1
2026-07-30T18:38:50,61,עיניים,מגדל העמק,language,איטלקית,1
2026-07-30T18:38:50,61,עיניים,מגדל העמק,language,אנגלית,31
2026-07-30T18:38:50,61,עיניים,מגדל העמק,language,גרמנית,1
2026-07-30T18:38:50,61,עיניים,מגדל העמק,language,ספרדית,1
2026-07-30T18:38:50,61,עיניים,מגדל העמק,language,עברית,44
2026-07-30T18:38:50,61,עיניים,מגדל העמק,language,ערבית,25
2026-07-30T18:38:50,61,עיניים,מגדל העמק,language,פולנית,1
2026-07-30T18:38:50,61,עיניים,מגדל העמק,language,פרסית,1
2026-07-30T18:38:50,61,עיניים,מגדל העמק,language,צרפתית,1
2026-07-30T18:38:50,61,עיניים,מגדל העמק,language,רומנית,1
2026-07-30T18:38:50,61,עיניים,מגדל העמק,language,רוסית,5
2026-07-30T18:39:10,61,עיניים,מולדת,gender,גבר,104
2026-07-30T18:39:10,61,עיניים,מולדת,gender,אישה,16
2026-07-30T18:39:10,61,עיניים,מולדת,visit_type,ביקור במרפאה,125
2026-07-30T18:39:10,61,עיניים,מולדת,visit_type,שיחת טלפון,1
2026-07-30T18:39:10,61,עיניים,מולדת,language,אידיש,1
2026-07-30T18:39:10,61,עיניים,מולדת,language,איטלקית,1
2026-07-30T18:39:10,61,עיניים,מולדת,language,אנגלית,31
2026-07-30T18:39:10,61,עיניים,מולדת,language,גרמנית,1
2026-07-30T18:39:10,61,עיניים,מולדת,language,ספרדית,1
2026-07-30T18:39:10,61,עיניים,מולדת,language,עברית,44
2026-07-30T18:39:10,61,עיניים,מולדת,language,ערבית,25
2026-07-30T18:39:10,61,עיניים,מולדת,language,פולנית,1
2026-07-30T18:39:10,61,עיניים,מולדת,language,פרסית,1
2026-07-30T18:39:10,61,עיניים,מולדת,language,צרפתית,1
2026-07-30T18:39:10,61,עיניים,מולדת,language,רומנית,1
2026-07-30T18:39:10,61,עיניים,מולדת,language,רוסית,5
2026-07-30T18:39:28,61,עיניים,מזרעה,gender,גבר,47
2026-07-30T18:39:28,61,עיניים,מזרעה,gender,אישה,6
2026-07-30T18:39:28,61,עיניים,מזרעה,visit_type,ביקור במרפאה,54
2026-07-30T18:39:28,61,עיניים,מזרעה,visit_type,שיחת טלפון,1
2026-07-30T18:39:28,61,עיניים,מזרעה,language,אנגלית,37
2026-07-30T18:39:28,61,עיניים,מזרעה,language,בולגרית,7
2026-07-30T18:39:28,61,עיניים,מזרעה,language,גרמנית,1
2026-07-30T18:39:28,61,עיניים,מזרעה,language,עברית,52
2026-07-30T18:39:28,61,עיניים,מזרעה,language,ערבית,41
2026-07-30T18:39:28,61,עיניים,מזרעה,language,רומנית,14
2026-07-30T18:39:28,61,עיניים,מזרעה,language,רוסית,8
2026-07-30T18:39:37,61,עיניים,מיטב,gender,גבר,104
2026-07-30T18:39:37,61,עיניים,מיטב,gender,אישה,16
2026-07-30T18:39:37,61,עיניים,מיטב,visit_type,ביקור במרפאה,125
2026-07-30T18:39:37,61,עיניים,מיטב,visit_type,שיחת טלפון,1
2026-07-30T18:39:37,61,עיניים,מיטב,language,אידיש,1
2026-07-30T18:39:37,61,עיניים,מיטב,language,איטלקית,1
2026-07-30T18:39:37,61,עיניים,מיטב,language,אנגלית,31
2026-07-30T18:39:37,61,עיניים,מיטב,language,גרמנית,1
2026-07-30T18:39:37,61,עיניים,מיטב,language,ספרדית,1
2026-07-30T18:39:37,61,עיניים,מיטב,language,עברית,44
2026-07-30T18:39:37,61,עיניים,מיטב,language,ערבית,25
2026-07-30T18:39:37,61,עיניים,מיטב,language,פולנית,1
2026-07-30T18:39:37,61,עיניים,מיטב,language,פרסית,1
2026-07-30T18:39:37,61,עיניים,מיטב,language,צרפתית,1
2026-07-30T18:39:37,61,עיניים,מיטב,language,רומנית,1
2026-07-30T18:39:37,61,עיניים,מיטב,language,רוסית,5
2026-07-30T18:39:55,61,עיניים,מכמורת,gender,גבר,54
2026-07-30T18:39:55,61,עיניים,מכמורת,gender,אישה,14
2026-07-30T18:39:55,61,עיניים,מכמורת,visit_type,ביקור במרפאה,70
2026-07-30T18:39:55,61,עיניים,מכמורת,visit_type,שיחת טלפון,1
2026-07-30T18:39:55,61,עיניים,מכמורת,language,אידיש,2
2026-07-30T18:39:55,61,עיניים,מכמורת,language,איטלקית,1
2026-07-30T18:39:55,61,עיניים,מכמורת,language,אנגלית,10
2026-07-30T18:39:55,61,עיניים,מכמורת,language,ספרדית,3
2026-07-30T18:39:55,61,עיניים,מכמורת,language,עברית,13
2026-07-30T18:39:55,61,עיניים,מכמורת,language,ערבית,2
2026-07-30T18:39:55,61,עיניים,מכמורת,language,צרפתית,2
2026-07-30T18:39:55,61,עיניים,מכמורת,language,רוסית,1
2026-07-30T18:40:08,61,עיניים,מנרה,gender,גבר,62
2026-07-30T18:40:08,61,עיניים,מנרה,gender,אישה,12
2026-07-30T18:40:08,61,עיניים,מנרה,visit_type,ביקור במרפאה,79
2026-07-30T18:40:08,61,עיניים,מנרה,language,אנגלית,19
2026-07-30T18:40:08,61,עיניים,מנרה,language,עברית,27
2026-07-30T18:40:08,61,עיניים,מנרה,language,ערבית,17
2026-07-30T18:40:08,61,עיניים,מנרה,language,רוסית,4
2026-07-30T18:40:22,61,עיניים,מסעודין אל עזאזמה,gender,גבר,44
2026-07-30T18:40:22,61,עיניים,מסעודין אל עזאזמה,gender,אישה,6
2026-07-30T18:40:22,61,עיניים,מסעודין אל עזאזמה,visit_type,ביקור במרפאה,51
2026-07-30T18:40:22,61,עיניים,מסעודין אל עזאזמה,visit_type,שיחת טלפון,1
2026-07-30T18:40:22,61,עיניים,מסעודין אל עזאזמה,language,איטלקית,1
2026-07-30T18:40:22,61,עיניים,מסעודין אל עזאזמה,language,אנגלית,2
2026-07-30T18:40:22,61,עיניים,מסעודין אל עזאזמה,language,עברית,5
2026-07-30T18:40:22,61,עיניים,מסעודין אל עזאזמה,language,רוסית,5
2026-07-30T18:40:33,61,עיניים,מעיליא,gender,גבר,47
2026-07-30T18:40:33,61,עיניים,מעיליא,gender,אישה,6
2026-07-30T18:40:33,61,עיניים,מעיליא,visit_type,ביקור במרפאה,54
2026-07-30T18:40:33,61,עיניים,מעיליא,visit_type,שיחת טלפון,1
2026-07-30T18:40:33,61,עיניים,מעיליא,language,אנגלית,37
2026-07-30T18:40:33,61,עיניים,מעיליא,language,בולגרית,7
2026-07-30T18:40:33,61,עיניים,מעיליא,language,גרמנית,1
2026-07-30T18:40:33,61,עיניים,מעיליא,language,עברית,52
2026-07-30T18:40:33,61,עיניים,מעיליא,language,ערבית,41
2026-07-30T18:40:33,61,עיניים,מעיליא,language,רומנית,14
2026-07-30T18:40:33,61,עיניים,מעיליא,language,רוסית,8
2026-07-30T18:40:41,61,עיניים,מפעלי כנות,gender,גבר,28
2026-07-30T18:40:41,61,עיניים,מפעלי כנות,gender,אישה,19
2026-07-30T18:40:41,61,עיניים,מפעלי כנות,visit_type,ביקור במרפאה,54
2026-07-30T18:40:41,61,עיניים,מפעלי כנות,language,אנגלית,12
2026-07-30T18:40:41,61,עיניים,מפעלי כנות,language,הונגרית,1
2026-07-30T18:40:41,61,עיניים,מפעלי כנות,language,עברית,12
2026-07-30T18:40:41,61,עיניים,מפעלי כנות,language,ערבית,2
2026-07-30T18:40:41,61,עיניים,מפעלי כנות,language,צרפתית,1
2026-07-30T18:40:41,61,עיניים,מפעלי כנות,language,רומנית,3
2026-07-30T18:40:41,61,עיניים,מפעלי כנות,language,רוסית,5
2026-07-30T18:40:53,61,עיניים,מצפה רמון,gender,גבר,44
2026-07-30T18:40:53,61,עיניים,מצפה רמון,gender,אישה,6
2026-07-30T18:40:53,61,עיניים,מצפה רמון,visit_type,ביקור במרפאה,51
2026-07-30T18:40:53,61,עיניים,מצפה רמון,visit_type,שיחת טלפון,1
2026-07-30T18:40:53,61,עיניים,מצפה רמון,language,איטלקית,1
2026-07-30T18:40:53,61,עיניים,מצפה רמון,language,אנגלית,2
2026-07-30T18:40:53,61,עיניים,מצפה רמון,language,עברית,5
2026-07-30T18:40:53,61,עיניים,מצפה רמון,language,רוסית,5
2026-07-30T18:41:04,61,עיניים,מרכז אזורי מרום הגליל,gender,גבר,62
2026-07-30T18:41:04,61,עיניים,מרכז אזורי מרום הגליל,gender,אישה,12
2026-07-30T18:41:04,61,עיניים,מרכז אזורי מרום הגליל,visit_type,ביקור במרפאה,79
2026-07-30T18:41:04,61,עיניים,מרכז אזורי מרום הגליל,language,אנגלית,19
2026-07-30T18:41:04,61,עיניים,מרכז אזורי מרום הגליל,language,עברית,27
2026-07-30T18:41:04,61,עיניים,מרכז אזורי מרום הגליל,language,ערבית,17
2026-07-30T18:41:04,61,עיניים,מרכז אזורי מרום הגליל,language,רוסית,4
2026-07-30T18:41:16,61,עיניים,משמר דוד,gender,אישה,15
2026-07-30T18:41:16,61,עיניים,משמר דוד,gender,גבר,22
2026-07-30T18:41:16,61,עיניים,משמר דוד,visit_type,ביקור במרפאה,41
2026-07-30T18:41:16,61,עיניים,משמר דוד,language,אנגלית,6
2026-07-30T18:41:16,61,עיניים,משמר דוד,language,הונגרית,1
2026-07-30T18:41:16,61,עיניים,משמר דוד,language,עברית,6
2026-07-30T18:41:16,61,עיניים,משמר דוד,language,ערבית,1
2026-07-30T18:41:16,61,עיניים,משמר דוד,language,צרפתית,1
2026-07-30T18:41:16,61,עיניים,משמר דוד,language,רומנית,1
2026-07-30T18:41:16,61,עיניים,משמר דוד,language,רוסית,1
2026-07-30T18:41:25,61,עיניים,נאעורה,gender,גבר,104
2026-07-30T18:41:25,61,עיניים,נאעורה,gender,אישה,16
2026-07-30T18:41:25,61,עיניים,נאעורה,visit_type,ביקור במרפאה,125
2026-07-30T18:41:25,61,עיניים,נאעורה,visit_type,שיחת טלפון,1
2026-07-30T18:41:25,61,עיניים,נאעורה,language,אידיש,1
2026-07-30T18:41:25,61,עיניים,נאעורה,language,איטלקית,1
2026-07-30T18:41:25,61,עיניים,נאעורה,language,אנגלית,31
2026-07-30T18:41:25,61,עיניים,נאעורה,language,גרמנית,1
2026-07-30T18:41:25,61,עיניים,נאעורה,language,ספרדית,1
2026-07-30T18:41:25,61,עיניים,נאעורה,language,עברית,44
2026-07-30T18:41:25,61,עיניים,נאעורה,language,ערבית,25
2026-07-30T18:41:25,61,עיניים,נאעורה,language,פולנית,1
2026-07-30T18:41:25,61,עיניים,נאעורה,language,פרסית,1
2026-07-30T18:41:25,61,עיניים,נאעורה,language,צרפתית,1
2026-07-30T18:41:25,61,עיניים,נאעורה,language,רומנית,1
2026-07-30T18:41:25,61,עיניים,נאעורה,language,רוסית,5
2026-07-30T18:41:43,61,עיניים,נובא,gender,אישה,13
2026-07-30T18:41:43,61,עיניים,נובא,gender,גבר,17
2026-07-30T18:41:43,61,עיניים,נובא,visit_type,ביקור במרפאה,30
2026-07-30T18:41:43,61,עיניים,נובא,language,אנגלית,4
2026-07-30T18:41:43,61,עיניים,נובא,language,עברית,6
2026-07-30T18:41:43,61,עיניים,נובא,language,ערבית,6
2026-07-30T18:41:43,61,עיניים,נובא,language,צרפתית,1
2026-07-30T18:41:43,61,עיניים,נובא,language,רומנית,1
2026-07-30T18:41:50,61,עיניים,נזלה אל ווסטא,gender,גבר,54
2026-07-30T18:41:50,61,עיניים,נזלה אל ווסטא,gender,אישה,14
2026-07-30T18:41:50,61,עיניים,נזלה אל ווסטא,visit_type,ביקור במרפאה,70
2026-07-30T18:41:50,61,עיניים,נזלה אל ווסטא,visit_type,שיחת טלפון,1
2026-07-30T18:41:50,61,עיניים,נזלה אל ווסטא,language,אידיש,2
2026-07-30T18:41:50,61,עיניים,נזלה אל ווסטא,language,איטלקית,1
2026-07-30T18:41:50,61,עיניים,נזלה אל ווסטא,language,אנגלית,10
2026-07-30T18:41:50,61,עיניים,נזלה אל ווסטא,language,ספרדית,3
2026-07-30T18:41:50,61,עיניים,נזלה אל ווסטא,language,עברית,13
2026-07-30T18:41:50,61,עיניים,נזלה אל ווסטא,language,ערבית,2
2026-07-30T18:41:50,61,עיניים,נזלה אל ווסטא,language,צרפתית,2
2026-07-30T18:41:50,61,עיניים,נזלה אל ווסטא,language,רוסית,1
2026-07-30T18:42:03,61,עיניים,נחף,gender,גבר,56
2026-07-30T18:42:03,61,עיניים,נחף,gender,אישה,17
2026-07-30T18:42:03,61,עיניים,נחף,visit_type,ביקור במרפאה,77
2026-07-30T18:42:03,61,עיניים,נחף,visit_type,שיחת טלפון,1
2026-07-30T18:42:03,61,עיניים,נחף,language,אוקראינית,1
2026-07-30T18:42:03,61,עיניים,נחף,language,אידיש,1
2026-07-30T18:42:03,61,עיניים,נחף,language,אנגלית,47
2026-07-30T18:42:03,61,עיניים,נחף,language,בולגרית,7
2026-07-30T18:42:03,61,עיניים,נחף,language,גרמנית,1
2026-07-30T18:42:03,61,עיניים,נחף,language,עברית,71
2026-07-30T18:42:03,61,עיניים,נחף,language,ערבית,48
2026-07-30T18:42:03,61,עיניים,נחף,language,צרפתית,1
2026-07-30T18:42:03,61,עיניים,נחף,language,רומנית,14
2026-07-30T18:42:03,61,עיניים,נחף,language,רוסית,18
2026-07-30T18:42:17,61,עיניים,ניסף ג'וביל,gender,גבר,54
2026-07-30T18:42:17,61,עיניים,ניסף ג'וביל,gender,אישה,14
2026-07-30T18:42:17,61,עיניים,ניסף ג'וביל,visit_type,ביקור במרפאה,70
2026-07-30T18:42:17,61,עיניים,ניסף ג'וביל,visit_type,שיחת טלפון,1
2026-07-30T18:42:17,61,עיניים,ניסף ג'וביל,language,אידיש,2
2026-07-30T18:42:17,61,עיניים,ניסף ג'וביל,language,איטלקית,1
2026-07-30T18:42:17,61,עיניים,ניסף ג'וביל,language,אנגלית,10
2026-07-30T18:42:17,61,עיניים,ניסף ג'וביל,language,ספרדית,3
2026-07-30T18:42:17,61,עיניים,ניסף ג'וביל,language,עברית,13
2026-07-30T18:42:17,61,עיניים,ניסף ג'וביל,language,ערבית,2
2026-07-30T18:42:17,61,עיניים,ניסף ג'וביל,language,צרפתית,2
2026-07-30T18:42:17,61,עיניים,ניסף ג'וביל,language,רוסית,1
2026-07-30T18:42:28,61,עיניים,נס הרים,gender,אישה,13
2026-07-30T18:42:28,61,עיניים,נס הרים,gender,גבר,17
2026-07-30T18:42:28,61,עיניים,נס הרים,visit_type,ביקור במרפאה,30
2026-07-30T18:42:28,61,עיניים,נס הרים,language,אנגלית,4
2026-07-30T18:42:28,61,עיניים,נס הרים,language,עברית,6
2026-07-30T18:42:28,61,עיניים,נס הרים,language,ערבית,6
2026-07-30T18:42:28,61,עיניים,נס הרים,language,צרפתית,1
2026-07-30T18:42:28,61,עיניים,נס הרים,language,רומנית,1
2026-07-30T18:42:36,61,עיניים,נצרת,gender,גבר,62
2026-07-30T18:42:36,61,עיניים,נצרת,gender,אישה,12
2026-07-30T18:42:36,61,עיניים,נצרת,visit_type,ביקור במרפאה,79
2026-07-30T18:42:36,61,עיניים,נצרת,language,אנגלית,19
2026-07-30T18:42:36,61,עיניים,נצרת,language,עברית,27
2026-07-30T18:42:36,61,עיניים,נצרת,language,ערבית,17
2026-07-30T18:42:36,61,עיניים,נצרת,language,רוסית,4
2026-07-30T18:42:49,61,עיניים,סאלם ליד אלון מורה,gender,גבר,54
2026-07-30T18:42:49,61,עיניים,סאלם ליד אלון מורה,gender,אישה,14
2026-07-30T18:42:49,61,עיניים,סאלם ליד אלון מורה,visit_type,ביקור במרפאה,70
2026-07-30T18:42:49,61,עיניים,סאלם ליד אלון מורה,visit_type,שיחת טלפון,1
2026-07-30T18:42:49,61,עיניים,סאלם ליד אלון מורה,language,אידיש,2
2026-07-30T18:42:49,61,עיניים,סאלם ליד אלון מורה,language,איטלקית,1
2026-07-30T18:42:49,61,עיניים,סאלם ליד אלון מורה,language,אנגלית,10
2026-07-30T18:42:49,61,עיניים,סאלם ליד אלון מורה,language,ספרדית,3
2026-07-30T18:42:49,61,עיניים,סאלם ליד אלון מורה,language,עברית,13
2026-07-30T18:42:49,61,עיניים,סאלם ליד אלון מורה,language,ערבית,2
2026-07-30T18:42:49,61,עיניים,סאלם ליד אלון מורה,language,צרפתית,2
2026-07-30T18:42:49,61,עיניים,סאלם ליד אלון מורה,language,רוסית,1
2026-07-30T18:43:04,61,עיניים,סופה,gender,גבר,36
2026-07-30T18:43:04,61,עיניים,סופה,gender,אישה,13
2026-07-30T18:43:04,61,עיניים,סופה,visit_type,ביקור במרפאה,51
2026-07-30T18:43:04,61,עיניים,סופה,visit_type,שיחת טלפון,1
2026-07-30T18:43:04,61,עיניים,סופה,language,איטלקית,2
2026-07-30T18:43:04,61,עיניים,סופה,language,אנגלית,3
2026-07-30T18:43:04,61,עיניים,סופה,language,ספרדית,1
2026-07-30T18:43:04,61,עיניים,סופה,language,עברית,5
2026-07-30T18:43:04,61,עיניים,סופה,language,צרפתית,1
2026-07-30T18:43:04,61,עיניים,סופה,language,רומנית,1
2026-07-30T18:43:04,61,עיניים,סופה,language,רוסית,4
2026-07-30T18:43:15,61,עיניים,סיעיר,gender,אישה,13
2026-07-30T18:43:15,61,עיניים,סיעיר,gender,גבר,17
2026-07-30T18:43:15,61,עיניים,סיעיר,visit_type,ביקור במרפאה,30
2026-07-30T18:43:15,61,עיניים,סיעיר,language,אנגלית,4
2026-07-30T18:43:15,61,עיניים,סיעיר,language,עברית,6
2026-07-30T18:43:15,61,עיניים,סיעיר,language,ערבית,6
2026-07-30T18:43:15,61,עיניים,סיעיר,language,צרפתית,1
2026-07-30T18:43:15,61,עיניים,סיעיר,language,רומנית,1
2026-07-30T18:43:23,61,עיניים,סעד,gender,גבר,36
2026-07-30T18:43:23,61,עיניים,סעד,gender,אישה,13
2026-07-30T18:43:23,61,עיניים,סעד,visit_type,ביקור במרפאה,51
2026-07-30T18:43:23,61,עיניים,סעד,visit_type,שיחת טלפון,1
2026-07-30T18:43:23,61,עיניים,סעד,language,איטלקית,2
2026-07-30T18:43:23,61,עיניים,סעד,language,אנגלית,3
2026-07-30T18:43:23,61,עיניים,סעד,language,ספרדית,1
2026-07-30T18:43:23,61,עיניים,סעד,language,עברית,5
2026-07-30T18:43:23,61,עיניים,סעד,language,צרפתית,1
2026-07-30T18:43:23,61,עיניים,סעד,language,רומנית,1
2026-07-30T18:43:23,61,עיניים,סעד,language,רוסית,4
2026-07-30T18:43:36,61,עיניים,עאבוד,gender,גבר,38
2026-07-30T18:43:36,61,עיניים,עאבוד,gender,אישה,15
2026-07-30T18:43:36,61,עיניים,עאבוד,visit_type,ביקור במרפאה,58
2026-07-30T18:43:36,61,עיניים,עאבוד,language,אידיש,1
2026-07-30T18:43:36,61,עיניים,עאבוד,language,איטלקית,1
2026-07-30T18:43:36,61,עיניים,עאבוד,language,אנגלית,26
2026-07-30T18:43:36,61,עיניים,עאבוד,language,גרוזינית,2
2026-07-30T18:43:36,61,עיניים,עאבוד,language,ספרדית,1
2026-07-30T18:43:36,61,עיניים,עאבוד,language,עברית,53
2026-07-30T18:43:36,61,עיניים,עאבוד,language,ערבית,5
2026-07-30T18:43:36,61,עיניים,עאבוד,language,פולנית,1
2026-07-30T18:43:36,61,עיניים,עאבוד,language,צרפתית,1
2026-07-30T18:43:36,61,עיניים,עאבוד,language,רומנית,2
2026-07-30T18:43:36,61,עיניים,עאבוד,language,רוסית,13
2026-07-30T18:43:45,61,עיניים,עגור,gender,אישה,13
2026-07-30T18:43:45,61,עיניים,עגור,gender,גבר,17
2026-07-30T18:43:45,61,עיניים,עגור,visit_type,ביקור במרפאה,30
2026-07-30T18:43:45,61,עיניים,עגור,language,אנגלית,4
2026-07-30T18:43:45,61,עיניים,עגור,language,עברית,6
2026-07-30T18:43:45,61,עיניים,עגור,language,ערבית,6
2026-07-30T18:43:45,61,עיניים,עגור,language,צרפתית,1
2026-07-30T18:43:45,61,עיניים,עגור,language,רומנית,1
2026-07-30T18:43:54,61,עיניים,עומר,gender,גבר,56
2026-07-30T18:43:54,61,עיניים,עומר,gender,אישה,13
2026-07-30T18:43:54,61,עיניים,עומר,visit_type,ביקור במרפאה,71
2026-07-30T18:43:54,61,עיניים,עומר,visit_type,שיחת טלפון,1
2026-07-30T18:43:54,61,עיניים,עומר,language,איטלקית,2
2026-07-30T18:43:54,61,עיניים,עומר,language,אנגלית,3
2026-07-30T18:43:54,61,עיניים,עומר,language,ספרדית,1
2026-07-30T18:43:54,61,עיניים,עומר,language,עברית,6
2026-07-30T18:43:54,61,עיניים,עומר,language,צרפתית,1
2026-07-30T18:43:54,61,עיניים,עומר,language,רומנית,1
2026-07-30T18:43:54,61,עיניים,עומר,language,רוסית,5
2026-07-30T18:44:09,61,עיניים,עזריאל,gender,גבר,54
2026-07-30T18:44:09,61,עיניים,עזריאל,gender,אישה,14
2026-07-30T18:44:09,61,עיניים,עזריאל,visit_type,ביקור במרפאה,70
2026-07-30T18:44:09,61,עיניים,עזריאל,visit_type,שיחת טלפון,1
2026-07-30T18:44:09,61,עיניים,עזריאל,language,אידיש,2
2026-07-30T18:44:09,61,עיניים,עזריאל,language,איטלקית,1
2026-07-30T18:44:09,61,עיניים,עזריאל,language,אנגלית,10
2026-07-30T18:44:09,61,עיניים,עזריאל,language,ספרדית,3
2026-07-30T18:44:09,61,עיניים,עזריאל,language,עברית,13
2026-07-30T18:44:09,61,עיניים,עזריאל,language,ערבית,2
2026-07-30T18:44:09,61,עיניים,עזריאל,language,צרפתית,2
2026-07-30T18:44:09,61,עיניים,עזריאל,language,רוסית,1
2026-07-30T18:44:23,61,עיניים,עילאר,gender,גבר,54
2026-07-30T18:44:23,61,עיניים,עילאר,gender,אישה,14
2026-07-30T18:44:23,61,עיניים,עילאר,visit_type,ביקור במרפאה,70
2026-07-30T18:44:23,61,עיניים,עילאר,visit_type,שיחת טלפון,1
2026-07-30T18:44:23,61,עיניים,עילאר,language,אידיש,2
2026-07-30T18:44:23,61,עיניים,עילאר,language,איטלקית,1
2026-07-30T18:44:23,61,עיניים,עילאר,language,אנגלית,10
2026-07-30T18:44:23,61,עיניים,עילאר,language,ספרדית,3
2026-07-30T18:44:23,61,עיניים,עילאר,language,עברית,13
2026-07-30T18:44:23,61,עיניים,עילאר,language,ערבית,2
2026-07-30T18:44:23,61,עיניים,עילאר,language,צרפתית,2
2026-07-30T18:44:23,61,עיניים,עילאר,language,רוסית,1
2026-07-30T18:44:36,61,עיניים,עלי זהב,gender,גבר,38
2026-07-30T18:44:36,61,עיניים,עלי זהב,gender,אישה,15
2026-07-30T18:44:36,61,עיניים,עלי זהב,visit_type,ביקור במרפאה,58
2026-07-30T18:44:36,61,עיניים,עלי זהב,language,אידיש,1
2026-07-30T18:44:36,61,עיניים,עלי זהב,language,איטלקית,1
2026-07-30T18:44:36,61,עיניים,עלי זהב,language,אנגלית,26
2026-07-30T18:44:36,61,עיניים,עלי זהב,language,גרוזינית,2
2026-07-30T18:44:36,61,עיניים,עלי זהב,language,ספרדית,1
2026-07-30T18:44:36,61,עיניים,עלי זהב,language,עברית,53
2026-07-30T18:44:36,61,עיניים,עלי זהב,language,ערבית,5
2026-07-30T18:44:36,61,עיניים,עלי זהב,language,פולנית,1
2026-07-30T18:44:36,61,עיניים,עלי זהב,language,צרפתית,1
2026-07-30T18:44:36,61,עיניים,עלי זהב,language,רומנית,2
2026-07-30T18:44:36,61,עיניים,עלי זהב,language,רוסית,13
2026-07-30T18:44:46,61,עיניים,עמיר,gender,גבר,62
2026-07-30T18:44:46,61,עיניים,עמיר,gender,אישה,12
2026-07-30T18:44:46,61,עיניים,עמיר,visit_type,ביקור במרפאה,79
2026-07-30T18:44:46,61,עיניים,עמיר,language,אנגלית,19
2026-07-30T18:44:46,61,עיניים,עמיר,language,עברית,27
2026-07-30T18:44:46,61,עיניים,עמיר,language,ערבית,17
2026-07-30T18:44:46,61,עיניים,עמיר,language,רוסית,4
2026-07-30T18:44:59,61,עיניים,עספיא,gender,גבר,78
2026-07-30T18:44:59,61,עיניים,עספיא,gender,אישה,38
2026-07-30T18:44:59,61,עיניים,עספיא,visit_type,ביקור במרפאה,122
2026-07-30T18:44:59,61,עיניים,עספיא,visit_type,שיחת טלפון,2
2026-07-30T18:44:59,61,עיניים,עספיא,language,אוקראינית,1
2026-07-30T18:44:59,61,עיניים,עספיא,language,אידיש,4
2026-07-30T18:44:59,61,עיניים,עספיא,language,איטלקית,2
2026-07-30T18:44:59,61,עיניים,עספיא,language,אנגלית,47
2026-07-30T18:44:59,61,עיניים,עספיא,language,בולגרית,1
2026-07-30T18:44:59,61,עיניים,עספיא,language,גרמנית,2
2026-07-30T18:44:59,61,עיניים,עספיא,language,הונגרית,1
2026-07-30T18:44:59,61,עיניים,עספיא,language,ספרדית,2
2026-07-30T18:44:59,61,עיניים,עספיא,language,עברית,69
2026-07-30T18:44:59,61,עיניים,עספיא,language,ערבית,24
2026-07-30T18:44:59,61,עיניים,עספיא,language,פולנית,1
2026-07-30T18:44:59,61,עיניים,עספיא,language,פרסית,1
2026-07-30T18:44:59,61,עיניים,עספיא,language,צרפתית,3
2026-07-30T18:44:59,61,עיניים,עספיא,language,רומנית,1
2026-07-30T18:44:59,61,עיניים,עספיא,language,רוסית,21
2026-07-30T18:45:19,61,עיניים,עראנה,gender,גבר,54
2026-07-30T18:45:19,61,עיניים,עראנה,gender,אישה,14
2026-07-30T18:45:19,61,עיניים,עראנה,visit_type,ביקור במרפאה,70
2026-07-30T18:45:19,61,עיניים,עראנה,visit_type,שיחת טלפון,1
2026-07-30T18:45:19,61,עיניים,עראנה,language,אידיש,2
2026-07-30T18:45:19,61,עיניים,עראנה,language,איטלקית,1
2026-07-30T18:45:19,61,עיניים,עראנה,language,אנגלית,10
2026-07-30T18:45:19,61,עיניים,עראנה,language,ספרדית,3
2026-07-30T18:45:19,61,עיניים,עראנה,language,עברית,13
2026-07-30T18:45:19,61,עיניים,עראנה,language,ערבית,2
2026-07-30T18:45:19,61,עיניים,עראנה,language,צרפתית,2
2026-07-30T18:45:19,61,עיניים,עראנה,language,רוסית,1
2026-07-30T18:45:33,61,עיניים,עתלית,gender,גבר,78
2026-07-30T18:45:33,61,עיניים,עתלית,gender,אישה,38
2026-07-30T18:45:33,61,עיניים,עתלית,visit_type,ביקור במרפאה,122
2026-07-30T18:45:33,61,עיניים,עתלית,visit_type,שיחת טלפון,2
2026-07-30T18:45:33,61,עיניים,עתלית,language,אוקראינית,1
2026-07-30T18:45:33,61,עיניים,עתלית,language,אידיש,4
2026-07-30T18:45:33,61,עיניים,עתלית,language,איטלקית,2
2026-07-30T18:45:33,61,עיניים,עתלית,language,אנגלית,47
2026-07-30T18:45:33,61,עיניים,עתלית,language,בולגרית,1
2026-07-30T18:45:33,61,עיניים,עתלית,language,גרמנית,2
2026-07-30T18:45:33,61,עיניים,עתלית,language,הונגרית,1
2026-07-30T18:45:33,61,עיניים,עתלית,language,ספרדית,2
2026-07-30T18:45:33,61,עיניים,עתלית,language,עברית,69
2026-07-30T18:45:33,61,עיניים,עתלית,language,ערבית,24
2026-07-30T18:45:33,61,עיניים,עתלית,language,פולנית,1
2026-07-30T18:45:33,61,עיניים,עתלית,language,פרסית,1
2026-07-30T18:45:33,61,עיניים,עתלית,language,צרפתית,3
2026-07-30T18:45:33,61,עיניים,עתלית,language,רומנית,1
2026-07-30T18:45:33,61,עיניים,עתלית,language,רוסית,21
2026-07-30T18:45:54,61,עיניים,פדויים,gender,גבר,56
2026-07-30T18:45:54,61,עיניים,פדויים,gender,אישה,13
2026-07-30T18:45:54,61,עיניים,פדויים,visit_type,ביקור במרפאה,71
2026-07-30T18:45:54,61,עיניים,פדויים,visit_type,שיחת טלפון,1
2026-07-30T18:45:54,61,עיניים,פדויים,language,איטלקית,2
2026-07-30T18:45:54,61,עיניים,פדויים,language,אנגלית,3
2026-07-30T18:45:54,61,עיניים,פדויים,language,ספרדית,1
2026-07-30T18:45:54,61,עיניים,פדויים,language,עברית,6
2026-07-30T18:45:54,61,עיניים,פדויים,language,צרפתית,1
2026-07-30T18:45:54,61,עיניים,פדויים,language,רומנית,1
2026-07-30T18:45:54,61,עיניים,פדויים,language,רוסית,5
