scraped_at,spec_code,spec_name,search_city,facet_type,facet_value,count
2026-07-30T16:51:10,58,אורתופדיה,אבו גוש,gender,גבר,47
2026-07-30T16:51:10,58,אורתופדיה,אבו גוש,visit_type,ביקור במרפאה,49
2026-07-30T16:51:10,58,אורתופדיה,אבו גוש,language,אנגלית,7
2026-07-30T16:51:10,58,אורתופדיה,אבו גוש,language,עברית,12
2026-07-30T16:51:10,58,אורתופדיה,אבו גוש,language,ערבית,6
2026-07-30T16:51:10,58,אורתופדיה,אבו גוש,language,צרפתית,1
2026-07-30T16:51:10,58,אורתופדיה,אבו גוש,language,רוסית,3
2026-07-30T16:51:20,58,אורתופדיה,אדורים,gender,גבר,52
2026-07-30T16:51:20,58,אורתופדיה,אדורים,gender,אישה,3
2026-07-30T16:51:20,58,אורתופדיה,אדורים,visit_type,ביקור במרפאה,63
2026-07-30T16:51:20,58,אורתופדיה,אדורים,language,עברית,1
2026-07-30T16:51:20,58,אורתופדיה,אדורים,language,רוסית,1
2026-07-30T16:51:37,58,אורתופדיה,אום א תות,gender,גבר,86
2026-07-30T16:51:37,58,אורתופדיה,אום א תות,visit_type,ביקור במרפאה,89
2026-07-30T16:51:37,58,אורתופדיה,אום א תות,visit_type,שיחת טלפון,3
2026-07-30T16:51:37,58,אורתופדיה,אום א תות,language,אידיש,1
2026-07-30T16:51:37,58,אורתופדיה,אום א תות,language,איטלקית,1
2026-07-30T16:51:37,58,אורתופדיה,אום א תות,language,אנגלית,8
2026-07-30T16:51:37,58,אורתופדיה,אום א תות,language,עברית,15
2026-07-30T16:51:37,58,אורתופדיה,אום א תות,language,ערבית,10
2026-07-30T16:51:37,58,אורתופדיה,אום א תות,language,רומנית,3
2026-07-30T16:51:37,58,אורתופדיה,אום א תות,language,רוסית,2
2026-07-30T16:51:53,58,אורתופדיה,אחוזם,gender,גבר,41
2026-07-30T16:51:53,58,אורתופדיה,אחוזם,gender,אישה,2
2026-07-30T16:51:53,58,אורתופדיה,אחוזם,visit_type,ביקור במרפאה,47
2026-07-30T16:51:53,58,אורתופדיה,אחוזם,language,עברית,1
2026-07-30T16:51:53,58,אורתופדיה,אחוזם,language,רוסית,1
2026-07-30T16:52:06,58,אורתופדיה,אייל,gender,גבר,116
2026-07-30T16:52:06,58,אורתופדיה,אייל,gender,אישה,4
2026-07-30T16:52:06,58,אורתופדיה,אייל,visit_type,ביקור במרפאה,130
2026-07-30T16:52:06,58,אורתופדיה,אייל,visit_type,שיחת טלפון,3
2026-07-30T16:52:06,58,אורתופדיה,אייל,language,אידיש,1
2026-07-30T16:52:06,58,אורתופדיה,אייל,language,איטלקית,6
2026-07-30T16:52:06,58,אורתופדיה,אייל,language,אנגלית,28
2026-07-30T16:52:06,58,אורתופדיה,אייל,language,גרמנית,1
2026-07-30T16:52:06,58,אורתופדיה,אייל,language,עברית,46
2026-07-30T16:52:06,58,אורתופדיה,אייל,language,ערבית,15
2026-07-30T16:52:06,58,אורתופדיה,אייל,language,רומנית,8
2026-07-30T16:52:06,58,אורתופדיה,אייל,language,רוסית,6
2026-07-30T16:52:27,58,אורתופדיה,אל הג'רה,gender,גבר,52
2026-07-30T16:52:27,58,אורתופדיה,אל הג'רה,gender,אישה,3
2026-07-30T16:52:27,58,אורתופדיה,אל הג'רה,visit_type,ביקור במרפאה,63
2026-07-30T16:52:27,58,אורתופדיה,אל הג'רה,language,עברית,1
2026-07-30T16:52:27,58,אורתופדיה,אל הג'רה,language,רוסית,1
2026-07-30T16:52:44,58,אורתופדיה,אמנון,gender,גבר,97
2026-07-30T16:52:44,58,אורתופדיה,אמנון,visit_type,ביקור במרפאה,98
2026-07-30T16:52:44,58,אורתופדיה,אמנון,visit_type,שיחת טלפון,1
2026-07-30T16:52:44,58,אורתופדיה,אמנון,language,איטלקית,1
2026-07-30T16:52:44,58,אורתופדיה,אמנון,language,אנגלית,9
2026-07-30T16:52:44,58,אורתופדיה,אמנון,language,עברית,12
2026-07-30T16:52:44,58,אורתופדיה,אמנון,language,ערבית,5
2026-07-30T16:52:44,58,אורתופדיה,אמנון,language,רוסית,6
2026-07-30T16:52:59,58,אורתופדיה,אפרת,gender,גבר,47
2026-07-30T16:52:59,58,אורתופדיה,אפרת,visit_type,ביקור במרפאה,49
2026-07-30T16:52:59,58,אורתופדיה,אפרת,language,אנגלית,7
2026-07-30T16:52:59,58,אורתופדיה,אפרת,language,עברית,12
2026-07-30T16:52:59,58,אורתופדיה,אפרת,language,ערבית,6
2026-07-30T16:52:59,58,אורתופדיה,אפרת,language,צרפתית,1
2026-07-30T16:52:59,58,אורתופדיה,אפרת,language,רוסית,3
2026-07-30T16:53:07,58,אורתופדיה,אשדות יעקב איחוד,gender,גבר,97
2026-07-30T16:53:07,58,אורתופדיה,אשדות יעקב איחוד,visit_type,ביקור במרפאה,98
2026-07-30T16:53:07,58,אורתופדיה,אשדות יעקב איחוד,visit_type,שיחת טלפון,1
2026-07-30T16:53:07,58,אורתופדיה,אשדות יעקב איחוד,language,איטלקית,1
2026-07-30T16:53:07,58,אורתופדיה,אשדות יעקב איחוד,language,אנגלית,9
2026-07-30T16:53:07,58,אורתופדיה,אשדות יעקב איחוד,language,עברית,12
2026-07-30T16:53:07,58,אורתופדיה,אשדות יעקב איחוד,language,ערבית,5
2026-07-30T16:53:07,58,אורתופדיה,אשדות יעקב איחוד,language,רוסית,6
2026-07-30T16:53:21,58,אורתופדיה,באר אורה,gender,גבר,4
2026-07-30T16:53:21,58,אורתופדיה,באר אורה,visit_type,ביקור במרפאה,6
2026-07-30T16:53:21,58,אורתופדיה,באר אורה,visit_type,שיחת טלפון,2
2026-07-30T16:53:21,58,אורתופדיה,באר אורה,language,איטלקית,1
2026-07-30T16:53:21,58,אורתופדיה,באר אורה,language,אנגלית,1
2026-07-30T16:53:21,58,אורתופדיה,באר אורה,language,עברית,1
2026-07-30T16:53:24,58,אורתופדיה,בוקעתא,gender,גבר,97
2026-07-30T16:53:24,58,אורתופדיה,בוקעתא,visit_type,ביקור במרפאה,98
2026-07-30T16:53:24,58,אורתופדיה,בוקעתא,visit_type,שיחת טלפון,1
2026-07-30T16:53:24,58,אורתופדיה,בוקעתא,language,איטלקית,1
2026-07-30T16:53:24,58,אורתופדיה,בוקעתא,language,אנגלית,9
2026-07-30T16:53:24,58,אורתופדיה,בוקעתא,language,עברית,12
2026-07-30T16:53:24,58,אורתופדיה,בוקעתא,language,ערבית,5
2026-07-30T16:53:24,58,אורתופדיה,בוקעתא,language,רוסית,6
2026-07-30T16:53:40,58,אורתופדיה,בי''ס אזורי מקיף מטה אשר,gender,גבר,113
2026-07-30T16:53:40,58,אורתופדיה,בי''ס אזורי מקיף מטה אשר,gender,אישה,2
2026-07-30T16:53:40,58,אורתופדיה,בי''ס אזורי מקיף מטה אשר,visit_type,ביקור במרפאה,116
2026-07-30T16:53:40,58,אורתופדיה,בי''ס אזורי מקיף מטה אשר,visit_type,שיחת טלפון,2
2026-07-30T16:53:40,58,אורתופדיה,בי''ס אזורי מקיף מטה אשר,language,אידיש,1
2026-07-30T16:53:40,58,אורתופדיה,בי''ס אזורי מקיף מטה אשר,language,איטלקית,1
2026-07-30T16:53:40,58,אורתופדיה,בי''ס אזורי מקיף מטה אשר,language,אנגלית,71
2026-07-30T16:53:40,58,אורתופדיה,בי''ס אזורי מקיף מטה אשר,language,בולגרית,1
2026-07-30T16:53:40,58,אורתופדיה,בי''ס אזורי מקיף מטה אשר,language,גרמנית,6
2026-07-30T16:53:40,58,אורתופדיה,בי''ס אזורי מקיף מטה אשר,language,הונגרית,1
2026-07-30T16:53:40,58,אורתופדיה,בי''ס אזורי מקיף מטה אשר,language,ספרדית,4
2026-07-30T16:53:40,58,אורתופדיה,בי''ס אזורי מקיף מטה אשר,language,עברית,113
2026-07-30T16:53:40,58,אורתופדיה,בי''ס אזורי מקיף מטה אשר,language,ערבית,77
2026-07-30T16:53:40,58,אורתופדיה,בי''ס אזורי מקיף מטה אשר,language,צכית,1
2026-07-30T16:53:40,58,אורתופדיה,בי''ס אזורי מקיף מטה אשר,language,צרפתית,2
2026-07-30T16:53:40,58,אורתופדיה,בי''ס אזורי מקיף מטה אשר,language,רומנית,15
2026-07-30T16:53:40,58,אורתופדיה,בי''ס אזורי מקיף מטה אשר,language,רוסית,26
2026-07-30T16:53:57,58,אורתופדיה,בלאטה,gender,גבר,86
2026-07-30T16:53:57,58,אורתופדיה,בלאטה,visit_type,ביקור במרפאה,89
2026-07-30T16:53:57,58,אורתופדיה,בלאטה,visit_type,שיחת טלפון,3
2026-07-30T16:53:57,58,אורתופדיה,בלאטה,language,אידיש,1
2026-07-30T16:53:57,58,אורתופדיה,בלאטה,language,איטלקית,1
2026-07-30T16:53:57,58,אורתופדיה,בלאטה,language,אנגלית,8
2026-07-30T16:53:57,58,אורתופדיה,בלאטה,language,עברית,15
2026-07-30T16:53:57,58,אורתופדיה,בלאטה,language,ערבית,10
2026-07-30T16:53:57,58,אורתופדיה,בלאטה,language,רומנית,3
2026-07-30T16:53:57,58,אורתופדיה,בלאטה,language,רוסית,2
2026-07-30T16:54:13,58,אורתופדיה,בני סוהילה,gender,גבר,52
2026-07-30T16:54:13,58,אורתופדיה,בני סוהילה,gender,אישה,3
2026-07-30T16:54:13,58,אורתופדיה,בני סוהילה,visit_type,ביקור במרפאה,63
2026-07-30T16:54:13,58,אורתופדיה,בני סוהילה,language,עברית,1
2026-07-30T16:54:13,58,אורתופדיה,בני סוהילה,language,רוסית,1
2026-07-30T16:54:29,58,אורתופדיה,בר יוחאי,gender,גבר,97
2026-07-30T16:54:29,58,אורתופדיה,בר יוחאי,visit_type,ביקור במרפאה,98
2026-07-30T16:54:29,58,אורתופדיה,בר יוחאי,visit_type,שיחת טלפון,1
2026-07-30T16:54:29,58,אורתופדיה,בר יוחאי,language,איטלקית,1
2026-07-30T16:54:29,58,אורתופדיה,בר יוחאי,language,אנגלית,9
2026-07-30T16:54:29,58,אורתופדיה,בר יוחאי,language,עברית,12
2026-07-30T16:54:29,58,אורתופדיה,בר יוחאי,language,ערבית,5
2026-07-30T16:54:29,58,אורתופדיה,בר יוחאי,language,רוסית,6
2026-07-30T16:54:45,58,אורתופדיה,בת חן,gender,גבר,86
2026-07-30T16:54:45,58,אורתופדיה,בת חן,visit_type,ביקור במרפאה,89
2026-07-30T16:54:45,58,אורתופדיה,בת חן,visit_type,שיחת טלפון,3
2026-07-30T16:54:45,58,אורתופדיה,בת חן,language,אידיש,1
2026-07-30T16:54:45,58,אורתופדיה,בת חן,language,איטלקית,1
2026-07-30T16:54:45,58,אורתופדיה,בת חן,language,אנגלית,8
2026-07-30T16:54:45,58,אורתופדיה,בת חן,language,עברית,15
2026-07-30T16:54:45,58,אורתופדיה,בת חן,language,ערבית,10
2026-07-30T16:54:45,58,אורתופדיה,בת חן,language,רומנית,3
2026-07-30T16:54:45,58,אורתופדיה,בת חן,language,רוסית,2
2026-07-30T16:55:00,58,אורתופדיה,גאולי תימן,gender,גבר,125
2026-07-30T16:55:00,58,אורתופדיה,גאולי תימן,visit_type,ביקור במרפאה,128
2026-07-30T16:55:00,58,אורתופדיה,גאולי תימן,visit_type,שיחת טלפון,4
2026-07-30T16:55:00,58,אורתופדיה,גאולי תימן,language,אידיש,1
2026-07-30T16:55:00,58,אורתופדיה,גאולי תימן,language,איטלקית,1
2026-07-30T16:55:00,58,אורתופדיה,גאולי תימן,language,אנגלית,15
2026-07-30T16:55:00,58,אורתופדיה,גאולי תימן,language,גרמנית,1
2026-07-30T16:55:00,58,אורתופדיה,גאולי תימן,language,עברית,26
2026-07-30T16:55:00,58,אורתופדיה,גאולי תימן,language,ערבית,18
2026-07-30T16:55:00,58,אורתופדיה,גאולי תימן,language,רומנית,7
2026-07-30T16:55:00,58,אורתופדיה,גאולי תימן,language,רוסית,3
2026-07-30T16:55:22,58,אורתופדיה,גבעות בר,gender,גבר,52
2026-07-30T16:55:22,58,אורתופדיה,גבעות בר,gender,אישה,3
2026-07-30T16:55:22,58,אורתופדיה,גבעות בר,visit_type,ביקור במרפאה,63
2026-07-30T16:55:22,58,אורתופדיה,גבעות בר,language,עברית,1
2026-07-30T16:55:22,58,אורתופדיה,גבעות בר,language,רוסית,1
2026-07-30T16:55:39,58,אורתופדיה,גזית,gender,גבר,145
2026-07-30T16:55:39,58,אורתופדיה,גזית,visit_type,ביקור במרפאה,146
2026-07-30T16:55:39,58,אורתופדיה,גזית,visit_type,שיחת טלפון,2
2026-07-30T16:55:39,58,אורתופדיה,גזית,language,איטלקית,1
2026-07-30T16:55:39,58,אורתופדיה,גזית,language,אנגלית,19
2026-07-30T16:55:39,58,אורתופדיה,גזית,language,גרמנית,1
2026-07-30T16:55:39,58,אורתופדיה,גזית,language,עברית,31
2026-07-30T16:55:39,58,אורתופדיה,גזית,language,ערבית,21
2026-07-30T16:55:39,58,אורתופדיה,גזית,language,רומנית,7
2026-07-30T16:55:39,58,אורתופדיה,גזית,language,רוסית,6
2026-07-30T16:56:00,58,אורתופדיה,גיתה,gender,גבר,69
2026-07-30T16:56:00,58,אורתופדיה,גיתה,gender,אישה,2
2026-07-30T16:56:00,58,אורתופדיה,גיתה,visit_type,ביקור במרפאה,71
2026-07-30T16:56:00,58,אורתופדיה,גיתה,visit_type,שיחת טלפון,2
2026-07-30T16:56:00,58,אורתופדיה,גיתה,language,איטלקית,1
2026-07-30T16:56:00,58,אורתופדיה,גיתה,language,אנגלית,35
2026-07-30T16:56:00,58,אורתופדיה,גיתה,language,בולגרית,1
2026-07-30T16:56:00,58,אורתופדיה,גיתה,language,גרמנית,1
2026-07-30T16:56:00,58,אורתופדיה,גיתה,language,ספרדית,2
2026-07-30T16:56:00,58,אורתופדיה,גיתה,language,עברית,70
2026-07-30T16:56:00,58,אורתופדיה,גיתה,language,ערבית,60
2026-07-30T16:56:00,58,אורתופדיה,גיתה,language,צכית,1
2026-07-30T16:56:00,58,אורתופדיה,גיתה,language,צרפתית,1
2026-07-30T16:56:00,58,אורתופדיה,גיתה,language,רומנית,4
2026-07-30T16:56:00,58,אורתופדיה,גיתה,language,רוסית,15
2026-07-30T16:56:11,58,אורתופדיה,גני טל,gender,גבר,64
2026-07-30T16:56:11,58,אורתופדיה,גני טל,gender,אישה,1
2026-07-30T16:56:11,58,אורתופדיה,גני טל,visit_type,ביקור במרפאה,73
2026-07-30T16:56:11,58,אורתופדיה,גני טל,visit_type,שיחת טלפון,2
2026-07-30T16:56:11,58,אורתופדיה,גני טל,visit_type,שיחת וידאו,1
2026-07-30T16:56:11,58,אורתופדיה,גני טל,language,איטלקית,3
2026-07-30T16:56:11,58,אורתופדיה,גני טל,language,אנגלית,7
2026-07-30T16:56:11,58,אורתופדיה,גני טל,language,גרמנית,1
2026-07-30T16:56:11,58,אורתופדיה,גני טל,language,עברית,13
2026-07-30T16:56:11,58,אורתופדיה,גני טל,language,ערבית,1
2026-07-30T16:56:11,58,אורתופדיה,גני טל,language,צרפתית,3
2026-07-30T16:56:11,58,אורתופדיה,גני טל,language,רומנית,1
2026-07-30T16:56:11,58,אורתופדיה,גני טל,language,רוסית,5
2026-07-30T16:56:28,58,אורתופדיה,גשר,gender,גבר,145
2026-07-30T16:56:28,58,אורתופדיה,גשר,visit_type,ביקור במרפאה,146
2026-07-30T16:56:28,58,אורתופדיה,גשר,visit_type,שיחת טלפון,2
2026-07-30T16:56:28,58,אורתופדיה,גשר,language,איטלקית,1
2026-07-30T16:56:28,58,אורתופדיה,גשר,language,אנגלית,19
2026-07-30T16:56:28,58,אורתופדיה,גשר,language,גרמנית,1
2026-07-30T16:56:28,58,אורתופדיה,גשר,language,עברית,31
2026-07-30T16:56:28,58,אורתופדיה,גשר,language,ערבית,21
2026-07-30T16:56:28,58,אורתופדיה,גשר,language,רומנית,7
2026-07-30T16:56:28,58,אורתופדיה,גשר,language,רוסית,6
2026-07-30T16:56:48,58,אורתופדיה,דגניה ב',gender,גבר,97
2026-07-30T16:56:48,58,אורתופדיה,דגניה ב',visit_type,ביקור במרפאה,98
2026-07-30T16:56:48,58,אורתופדיה,דגניה ב',visit_type,שיחת טלפון,1
2026-07-30T16:56:48,58,אורתופדיה,דגניה ב',language,איטלקית,1
2026-07-30T16:56:48,58,אורתופדיה,דגניה ב',language,אנגלית,9
2026-07-30T16:56:48,58,אורתופדיה,דגניה ב',language,עברית,12
2026-07-30T16:56:48,58,אורתופדיה,דגניה ב',language,ערבית,5
2026-07-30T16:56:48,58,אורתופדיה,דגניה ב',language,רוסית,6
2026-07-30T16:57:05,58,אורתופדיה,דורות,gender,גבר,41
2026-07-30T16:57:05,58,אורתופדיה,דורות,gender,אישה,2
2026-07-30T16:57:05,58,אורתופדיה,דורות,visit_type,ביקור במרפאה,47
2026-07-30T16:57:05,58,אורתופדיה,דורות,language,עברית,1
2026-07-30T16:57:05,58,אורתופדיה,דורות,language,רוסית,1
2026-07-30T16:57:18,58,אורתופדיה,דיר איסתיא,gender,גבר,86
2026-07-30T16:57:18,58,אורתופדיה,דיר איסתיא,visit_type,ביקור במרפאה,89
2026-07-30T16:57:18,58,אורתופדיה,דיר איסתיא,visit_type,שיחת טלפון,3
2026-07-30T16:57:18,58,אורתופדיה,דיר איסתיא,language,אידיש,1
2026-07-30T16:57:18,58,אורתופדיה,דיר איסתיא,language,איטלקית,1
2026-07-30T16:57:18,58,אורתופדיה,דיר איסתיא,language,אנגלית,8
2026-07-30T16:57:18,58,אורתופדיה,דיר איסתיא,language,עברית,15
2026-07-30T16:57:18,58,אורתופדיה,דיר איסתיא,language,ערבית,10
2026-07-30T16:57:18,58,אורתופדיה,דיר איסתיא,language,רומנית,3
2026-07-30T16:57:18,58,אורתופדיה,דיר איסתיא,language,רוסית,2
2026-07-30T16:57:32,58,אורתופדיה,האשימיה,gender,גבר,86
2026-07-30T16:57:32,58,אורתופדיה,האשימיה,visit_type,ביקור במרפאה,89
2026-07-30T16:57:32,58,אורתופדיה,האשימיה,visit_type,שיחת טלפון,3
2026-07-30T16:57:32,58,אורתופדיה,האשימיה,language,אידיש,1
2026-07-30T16:57:32,58,אורתופדיה,האשימיה,language,איטלקית,1
2026-07-30T16:57:32,58,אורתופדיה,האשימיה,language,אנגלית,8
2026-07-30T16:57:32,58,אורתופדיה,האשימיה,language,עברית,15
2026-07-30T16:57:32,58,אורתופדיה,האשימיה,language,ערבית,10
2026-07-30T16:57:32,58,אורתופדיה,האשימיה,language,רומנית,3
2026-07-30T16:57:32,58,אורתופדיה,האשימיה,language,רוסית,2
2026-07-30T16:57:47,58,אורתופדיה,הזורע,gender,גבר,115
2026-07-30T16:57:47,58,אורתופדיה,הזורע,visit_type,ביקור במרפאה,116
2026-07-30T16:57:47,58,אורתופדיה,הזורע,visit_type,שיחת טלפון,2
2026-07-30T16:57:47,58,אורתופדיה,הזורע,language,אידיש,1
2026-07-30T16:57:47,58,אורתופדיה,הזורע,language,אנגלית,41
2026-07-30T16:57:47,58,אורתופדיה,הזורע,language,גרמנית,5
2026-07-30T16:57:47,58,אורתופדיה,הזורע,language,הונגרית,1
2026-07-30T16:57:47,58,אורתופדיה,הזורע,language,ספרדית,2
2026-07-30T16:57:47,58,אורתופדיה,הזורע,language,עברית,57
2026-07-30T16:57:47,58,אורתופדיה,הזורע,language,ערבית,29
2026-07-30T16:57:47,58,אורתופדיה,הזורע,language,צרפתית,1
2026-07-30T16:57:47,58,אורתופדיה,הזורע,language,רומנית,14
2026-07-30T16:57:47,58,אורתופדיה,הזורע,language,רוסית,12
2026-07-30T16:58:03,58,אורתופדיה,הר גילה,gender,גבר,47
2026-07-30T16:58:03,58,אורתופדיה,הר גילה,visit_type,ביקור במרפאה,49
2026-07-30T16:58:03,58,אורתופדיה,הר גילה,language,אנגלית,7
2026-07-30T16:58:03,58,אורתופדיה,הר גילה,language,עברית,12
2026-07-30T16:58:03,58,אורתופדיה,הר גילה,language,ערבית,6
2026-07-30T16:58:03,58,אורתופדיה,הר גילה,language,צרפתית,1
2026-07-30T16:58:03,58,אורתופדיה,הר גילה,language,רוסית,3
2026-07-30T16:58:12,58,אורתופדיה,זאוויה בצפון שומרון,gender,גבר,86
2026-07-30T16:58:12,58,אורתופדיה,זאוויה בצפון שומרון,visit_type,ביקור במרפאה,89
2026-07-30T16:58:12,58,אורתופדיה,זאוויה בצפון שומרון,visit_type,שיחת טלפון,3
2026-07-30T16:58:12,58,אורתופדיה,זאוויה בצפון שומרון,language,אידיש,1
2026-07-30T16:58:12,58,אורתופדיה,זאוויה בצפון שומרון,language,איטלקית,1
2026-07-30T16:58:12,58,אורתופדיה,זאוויה בצפון שומרון,language,אנגלית,8
2026-07-30T16:58:12,58,אורתופדיה,זאוויה בצפון שומרון,language,עברית,15
2026-07-30T16:58:12,58,אורתופדיה,זאוויה בצפון שומרון,language,ערבית,10
2026-07-30T16:58:12,58,אורתופדיה,זאוויה בצפון שומרון,language,רומנית,3
2026-07-30T16:58:12,58,אורתופדיה,זאוויה בצפון שומרון,language,רוסית,2
2026-07-30T16:58:27,58,אורתופדיה,זיתא ליד באקה אל ע'רביה,gender,גבר,86
2026-07-30T16:58:27,58,אורתופדיה,זיתא ליד באקה אל ע'רביה,visit_type,ביקור במרפאה,89
2026-07-30T16:58:27,58,אורתופדיה,זיתא ליד באקה אל ע'רביה,visit_type,שיחת טלפון,3
2026-07-30T16:58:27,58,אורתופדיה,זיתא ליד באקה אל ע'רביה,language,אידיש,1
2026-07-30T16:58:27,58,אורתופדיה,זיתא ליד באקה אל ע'רביה,language,איטלקית,1
2026-07-30T16:58:27,58,אורתופדיה,זיתא ליד באקה אל ע'רביה,language,אנגלית,8
2026-07-30T16:58:27,58,אורתופדיה,זיתא ליד באקה אל ע'רביה,language,עברית,15
2026-07-30T16:58:27,58,אורתופדיה,זיתא ליד באקה אל ע'רביה,language,ערבית,10
2026-07-30T16:58:27,58,אורתופדיה,זיתא ליד באקה אל ע'רביה,language,רומנית,3
2026-07-30T16:58:27,58,אורתופדיה,זיתא ליד באקה אל ע'רביה,language,רוסית,2
2026-07-30T16:58:40,58,אורתופדיה,זרחיה,gender,גבר,32
2026-07-30T16:58:40,58,אורתופדיה,זרחיה,gender,אישה,1
2026-07-30T16:58:40,58,אורתופדיה,זרחיה,visit_type,ביקור במרפאה,37
2026-07-30T16:58:40,58,אורתופדיה,זרחיה,visit_type,שיחת טלפון,1
2026-07-30T16:58:40,58,אורתופדיה,זרחיה,visit_type,שיחת וידאו,1
2026-07-30T16:58:40,58,אורתופדיה,זרחיה,language,איטלקית,1
2026-07-30T16:58:40,58,אורתופדיה,זרחיה,language,אנגלית,3
2026-07-30T16:58:40,58,אורתופדיה,זרחיה,language,גרמנית,1
2026-07-30T16:58:40,58,אורתופדיה,זרחיה,language,עברית,7
2026-07-30T16:58:40,58,אורתופדיה,זרחיה,language,ערבית,1
2026-07-30T16:58:40,58,אורתופדיה,זרחיה,language,צרפתית,1
2026-07-30T16:58:40,58,אורתופדיה,זרחיה,language,רומנית,1
2026-07-30T16:58:40,58,אורתופדיה,זרחיה,language,רוסית,3
2026-07-30T16:58:52,58,אורתופדיה,חגי,gender,גבר,52
2026-07-30T16:58:52,58,אורתופדיה,חגי,gender,אישה,3
2026-07-30T16:58:52,58,אורתופדיה,חגי,visit_type,ביקור במרפאה,63
2026-07-30T16:58:52,58,אורתופדיה,חגי,language,עברית,1
2026-07-30T16:58:52,58,אורתופדיה,חגי,language,רוסית,1
2026-07-30T16:59:07,58,אורתופדיה,חוסאן,gender,גבר,47
2026-07-30T16:59:07,58,אורתופדיה,חוסאן,visit_type,ביקור במרפאה,49
2026-07-30T16:59:07,58,אורתופדיה,חוסאן,language,אנגלית,7
2026-07-30T16:59:07,58,אורתופדיה,חוסאן,language,עברית,12
2026-07-30T16:59:07,58,אורתופדיה,חוסאן,language,ערבית,6
2026-07-30T16:59:07,58,אורתופדיה,חוסאן,language,צרפתית,1
2026-07-30T16:59:07,58,אורתופדיה,חוסאן,language,רוסית,3
2026-07-30T16:59:15,58,אורתופדיה,חלוץ,gender,גבר,113
2026-07-30T16:59:15,58,אורתופדיה,חלוץ,gender,אישה,2
2026-07-30T16:59:15,58,אורתופדיה,חלוץ,visit_type,ביקור במרפאה,116
2026-07-30T16:59:15,58,אורתופדיה,חלוץ,visit_type,שיחת טלפון,2
2026-07-30T16:59:15,58,אורתופדיה,חלוץ,language,אידיש,1
2026-07-30T16:59:15,58,אורתופדיה,חלוץ,language,איטלקית,1
2026-07-30T16:59:15,58,אורתופדיה,חלוץ,language,אנגלית,71
2026-07-30T16:59:15,58,אורתופדיה,חלוץ,language,בולגרית,1
2026-07-30T16:59:15,58,אורתופדיה,חלוץ,language,גרמנית,6
2026-07-30T16:59:15,58,אורתופדיה,חלוץ,language,הונגרית,1
2026-07-30T16:59:15,58,אורתופדיה,חלוץ,language,ספרדית,4
2026-07-30T16:59:15,58,אורתופדיה,חלוץ,language,עברית,113
2026-07-30T16:59:15,58,אורתופדיה,חלוץ,language,ערבית,77
2026-07-30T16:59:15,58,אורתופדיה,חלוץ,language,צכית,1
2026-07-30T16:59:15,58,אורתופדיה,חלוץ,language,צרפתית,2
2026-07-30T16:59:15,58,אורתופדיה,חלוץ,language,רומנית,15
2026-07-30T16:59:15,58,אורתופדיה,חלוץ,language,רוסית,26
2026-07-30T16:59:36,58,אורתופדיה,חנתון,gender,גבר,97
2026-07-30T16:59:36,58,אורתופדיה,חנתון,visit_type,ביקור במרפאה,98
2026-07-30T16:59:36,58,אורתופדיה,חנתון,visit_type,שיחת טלפון,1
2026-07-30T16:59:36,58,אורתופדיה,חנתון,language,איטלקית,1
2026-07-30T16:59:36,58,אורתופדיה,חנתון,language,אנגלית,9
2026-07-30T16:59:36,58,אורתופדיה,חנתון,language,עברית,12
2026-07-30T16:59:36,58,אורתופדיה,חנתון,language,ערבית,5
2026-07-30T16:59:36,58,אורתופדיה,חנתון,language,רוסית,6
2026-07-30T16:59:53,58,אורתופדיה,חרוצים,gender,גבר,116
2026-07-30T16:59:53,58,אורתופדיה,חרוצים,gender,אישה,4
2026-07-30T16:59:53,58,אורתופדיה,חרוצים,visit_type,ביקור במרפאה,130
2026-07-30T16:59:53,58,אורתופדיה,חרוצים,visit_type,שיחת טלפון,3
2026-07-30T16:59:53,58,אורתופדיה,חרוצים,language,אידיש,1
2026-07-30T16:59:53,58,אורתופדיה,חרוצים,language,איטלקית,6
2026-07-30T16:59:53,58,אורתופדיה,חרוצים,language,אנגלית,28
2026-07-30T16:59:53,58,אורתופדיה,חרוצים,language,גרמנית,1
2026-07-30T16:59:53,58,אורתופדיה,חרוצים,language,עברית,46
2026-07-30T16:59:53,58,אורתופדיה,חרוצים,language,ערבית,15
2026-07-30T16:59:53,58,אורתופדיה,חרוצים,language,רומנית,8
2026-07-30T16:59:53,58,אורתופדיה,חרוצים,language,רוסית,6
2026-07-30T17:00:13,58,אורתופדיה,טורה על ע'רביה,gender,גבר,86
2026-07-30T17:00:13,58,אורתופדיה,טורה על ע'רביה,visit_type,ביקור במרפאה,89
2026-07-30T17:00:13,58,אורתופדיה,טורה על ע'רביה,visit_type,שיחת טלפון,3
2026-07-30T17:00:13,58,אורתופדיה,טורה על ע'רביה,language,אידיש,1
2026-07-30T17:00:13,58,אורתופדיה,טורה על ע'רביה,language,איטלקית,1
2026-07-30T17:00:13,58,אורתופדיה,טורה על ע'רביה,language,אנגלית,8
2026-07-30T17:00:13,58,אורתופדיה,טורה על ע'רביה,language,עברית,15
2026-07-30T17:00:13,58,אורתופדיה,טורה על ע'רביה,language,ערבית,10
2026-07-30T17:00:13,58,אורתופדיה,טורה על ע'רביה,language,רומנית,3
2026-07-30T17:00:13,58,אורתופדיה,טורה על ע'רביה,language,רוסית,2
2026-07-30T17:00:28,58,אורתופדיה,טל שחר,gender,גבר,54
2026-07-30T17:00:28,58,אורתופדיה,טל שחר,gender,אישה,1
2026-07-30T17:00:28,58,אורתופדיה,טל שחר,visit_type,ביקור במרפאה,61
2026-07-30T17:00:28,58,אורתופדיה,טל שחר,visit_type,שיחת טלפון,1
2026-07-30T17:00:28,58,אורתופדיה,טל שחר,language,איטלקית,2
2026-07-30T17:00:28,58,אורתופדיה,טל שחר,language,אנגלית,6
2026-07-30T17:00:28,58,אורתופדיה,טל שחר,language,גרמנית,1
2026-07-30T17:00:28,58,אורתופדיה,טל שחר,language,עברית,9
2026-07-30T17:00:28,58,אורתופדיה,טל שחר,language,צרפתית,2
2026-07-30T17:00:28,58,אורתופדיה,טל שחר,language,רוסית,4
2026-07-30T17:00:40,58,אורתופדיה,יאנוח ג'ת,gender,גבר,69
2026-07-30T17:00:40,58,אורתופדיה,יאנוח ג'ת,gender,אישה,2
2026-07-30T17:00:40,58,אורתופדיה,יאנוח ג'ת,visit_type,ביקור במרפאה,71
2026-07-30T17:00:40,58,אורתופדיה,יאנוח ג'ת,visit_type,שיחת טלפון,2
2026-07-30T17:00:40,58,אורתופדיה,יאנוח ג'ת,language,איטלקית,1
2026-07-30T17:00:40,58,אורתופדיה,יאנוח ג'ת,language,אנגלית,35
2026-07-30T17:00:40,58,אורתופדיה,יאנוח ג'ת,language,בולגרית,1
2026-07-30T17:00:40,58,אורתופדיה,יאנוח ג'ת,language,גרמנית,1
2026-07-30T17:00:40,58,אורתופדיה,יאנוח ג'ת,language,ספרדית,2
2026-07-30T17:00:40,58,אורתופדיה,יאנוח ג'ת,language,עברית,70
2026-07-30T17:00:40,58,אורתופדיה,יאנוח ג'ת,language,ערבית,60
2026-07-30T17:00:40,58,אורתופדיה,יאנוח ג'ת,language,צכית,1
2026-07-30T17:00:40,58,אורתופדיה,יאנוח ג'ת,language,צרפתית,1
2026-07-30T17:00:40,58,אורתופדיה,יאנוח ג'ת,language,רומנית,4
2026-07-30T17:00:40,58,אורתופדיה,יאנוח ג'ת,language,רוסית,15
2026-07-30T17:00:52,58,אורתופדיה,יגל,gender,גבר,54
2026-07-30T17:00:52,58,אורתופדיה,יגל,gender,אישה,1
2026-07-30T17:00:52,58,אורתופדיה,יגל,visit_type,ביקור במרפאה,61
2026-07-30T17:00:52,58,אורתופדיה,יגל,visit_type,שיחת טלפון,1
2026-07-30T17:00:52,58,אורתופדיה,יגל,language,איטלקית,2
2026-07-30T17:00:52,58,אורתופדיה,יגל,language,אנגלית,6
2026-07-30T17:00:52,58,אורתופדיה,יגל,language,גרמנית,1
2026-07-30T17:00:52,58,אורתופדיה,יגל,language,עברית,9
2026-07-30T17:00:52,58,אורתופדיה,יגל,language,צרפתית,2
2026-07-30T17:00:52,58,אורתופדיה,יגל,language,רוסית,4
2026-07-30T17:01:05,58,אורתופדיה,יובל,gender,גבר,97
2026-07-30T17:01:05,58,אורתופדיה,יובל,visit_type,ביקור במרפאה,98
2026-07-30T17:01:05,58,אורתופדיה,יובל,visit_type,שיחת טלפון,1
2026-07-30T17:01:05,58,אורתופדיה,יובל,language,איטלקית,1
2026-07-30T17:01:05,58,אורתופדיה,יובל,language,אנגלית,9
2026-07-30T17:01:05,58,אורתופדיה,יובל,language,עברית,12
2026-07-30T17:01:05,58,אורתופדיה,יובל,language,ערבית,5
2026-07-30T17:01:05,58,אורתופדיה,יובל,language,רוסית,6
2026-07-30T17:01:22,58,אורתופדיה,יכיני,gender,גבר,41
2026-07-30T17:01:22,58,אורתופדיה,יכיני,gender,אישה,2
2026-07-30T17:01:22,58,אורתופדיה,יכיני,visit_type,ביקור במרפאה,47
2026-07-30T17:01:22,58,אורתופדיה,יכיני,language,עברית,1
2026-07-30T17:01:22,58,אורתופדיה,יכיני,language,רוסית,1
2026-07-30T17:01:34,58,אורתופדיה,יערה,gender,גבר,69
2026-07-30T17:01:34,58,אורתופדיה,יערה,gender,אישה,2
2026-07-30T17:01:34,58,אורתופדיה,יערה,visit_type,ביקור במרפאה,71
2026-07-30T17:01:34,58,אורתופדיה,יערה,visit_type,שיחת טלפון,2
2026-07-30T17:01:34,58,אורתופדיה,יערה,language,איטלקית,1
2026-07-30T17:01:34,58,אורתופדיה,יערה,language,אנגלית,35
2026-07-30T17:01:34,58,אורתופדיה,יערה,language,בולגרית,1
2026-07-30T17:01:34,58,אורתופדיה,יערה,language,גרמנית,1
2026-07-30T17:01:34,58,אורתופדיה,יערה,language,ספרדית,2
2026-07-30T17:01:34,58,אורתופדיה,יערה,language,עברית,70
2026-07-30T17:01:34,58,אורתופדיה,יערה,language,ערבית,60
2026-07-30T17:01:34,58,אורתופדיה,יערה,language,צכית,1
2026-07-30T17:01:34,58,אורתופדיה,יערה,language,צרפתית,1
2026-07-30T17:01:34,58,אורתופדיה,יערה,language,רומנית,4
2026-07-30T17:01:34,58,אורתופדיה,יערה,language,רוסית,15
2026-07-30T17:01:46,58,אורתופדיה,יקנעם עילית,gender,גבר,115
2026-07-30T17:01:46,58,אורתופדיה,יקנעם עילית,visit_type,ביקור במרפאה,116
2026-07-30T17:01:46,58,אורתופדיה,יקנעם עילית,visit_type,שיחת טלפון,2
2026-07-30T17:01:46,58,אורתופדיה,יקנעם עילית,language,אידיש,1
2026-07-30T17:01:46,58,אורתופדיה,יקנעם עילית,language,אנגלית,41
2026-07-30T17:01:46,58,אורתופדיה,יקנעם עילית,language,גרמנית,5
2026-07-30T17:01:46,58,אורתופדיה,יקנעם עילית,language,הונגרית,1
2026-07-30T17:01:46,58,אורתופדיה,יקנעם עילית,language,ספרדית,2
2026-07-30T17:01:46,58,אורתופדיה,יקנעם עילית,language,עברית,57
2026-07-30T17:01:46,58,אורתופדיה,יקנעם עילית,language,ערבית,29
2026-07-30T17:01:46,58,אורתופדיה,יקנעם עילית,language,צרפתית,1
2026-07-30T17:01:46,58,אורתופדיה,יקנעם עילית,language,רומנית,14
2026-07-30T17:01:46,58,אורתופדיה,יקנעם עילית,language,רוסית,12
2026-07-30T17:02:02,58,אורתופדיה,ישעי,gender,גבר,47
2026-07-30T17:02:02,58,אורתופדיה,ישעי,visit_type,ביקור במרפאה,49
2026-07-30T17:02:02,58,אורתופדיה,ישעי,language,אנגלית,7
2026-07-30T17:02:02,58,אורתופדיה,ישעי,language,עברית,12
2026-07-30T17:02:02,58,אורתופדיה,ישעי,language,ערבית,6
2026-07-30T17:02:02,58,אורתופדיה,ישעי,language,צרפתית,1
2026-07-30T17:02:02,58,אורתופדיה,ישעי,language,רוסית,3
2026-07-30T17:02:12,58,אורתופדיה,כוחלה,gender,גבר,36
2026-07-30T17:02:12,58,אורתופדיה,כוחלה,gender,אישה,2
2026-07-30T17:02:12,58,אורתופדיה,כוחלה,visit_type,ביקור במרפאה,43
2026-07-30T17:02:12,58,אורתופדיה,כוחלה,language,עברית,1
2026-07-30T17:02:12,58,אורתופדיה,כוחלה,language,רוסית,1
2026-07-30T17:02:24,58,אורתופדיה,כינרת מושבה,gender,גבר,97
2026-07-30T17:02:24,58,אורתופדיה,כינרת מושבה,visit_type,ביקור במרפאה,98
2026-07-30T17:02:24,58,אורתופדיה,כינרת מושבה,visit_type,שיחת טלפון,1
2026-07-30T17:02:24,58,אורתופדיה,כינרת מושבה,language,איטלקית,1
2026-07-30T17:02:24,58,אורתופדיה,כינרת מושבה,language,אנגלית,9
2026-07-30T17:02:24,58,אורתופדיה,כינרת מושבה,language,עברית,12
2026-07-30T17:02:24,58,אורתופדיה,כינרת מושבה,language,ערבית,5
2026-07-30T17:02:24,58,אורתופדיה,כינרת מושבה,language,רוסית,6
2026-07-30T17:02:40,58,אורתופדיה,כמהין,gender,גבר,36
2026-07-30T17:02:40,58,אורתופדיה,כמהין,gender,אישה,2
2026-07-30T17:02:40,58,אורתופדיה,כמהין,visit_type,ביקור במרפאה,43
2026-07-30T17:02:40,58,אורתופדיה,כמהין,language,עברית,1
2026-07-30T17:02:40,58,אורתופדיה,כמהין,language,רוסית,1
2026-07-30T17:02:51,58,אורתופדיה,כפר אדומים,gender,גבר,47
2026-07-30T17:02:51,58,אורתופדיה,כפר אדומים,visit_type,ביקור במרפאה,49
2026-07-30T17:02:51,58,אורתופדיה,כפר אדומים,language,אנגלית,7
2026-07-30T17:02:51,58,אורתופדיה,כפר אדומים,language,עברית,12
2026-07-30T17:02:51,58,אורתופדיה,כפר אדומים,language,ערבית,6
2026-07-30T17:02:51,58,אורתופדיה,כפר אדומים,language,צרפתית,1
2026-07-30T17:02:51,58,אורתופדיה,כפר אדומים,language,רוסית,3
2026-07-30T17:03:00,58,אורתופדיה,כרם בן זמרה,gender,גבר,97
2026-07-30T17:03:00,58,אורתופדיה,כרם בן זמרה,visit_type,ביקור במרפאה,98
2026-07-30T17:03:00,58,אורתופדיה,כרם בן זמרה,visit_type,שיחת טלפון,1
2026-07-30T17:03:00,58,אורתופדיה,כרם בן זמרה,language,איטלקית,1
2026-07-30T17:03:00,58,אורתופדיה,כרם בן זמרה,language,אנגלית,9
2026-07-30T17:03:00,58,אורתופדיה,כרם בן זמרה,language,עברית,12
2026-07-30T17:03:00,58,אורתופדיה,כרם בן זמרה,language,ערבית,5
2026-07-30T17:03:00,58,אורתופדיה,כרם בן זמרה,language,רוסית,6
2026-07-30T17:03:16,58,אורתופדיה,לביא,gender,גבר,97
2026-07-30T17:03:16,58,אורתופדיה,לביא,visit_type,ביקור במרפאה,98
2026-07-30T17:03:16,58,אורתופדיה,לביא,visit_type,שיחת טלפון,1
2026-07-30T17:03:16,58,אורתופדיה,לביא,language,איטלקית,1
2026-07-30T17:03:16,58,אורתופדיה,לביא,language,אנגלית,9
2026-07-30T17:03:16,58,אורתופדיה,לביא,language,עברית,12
2026-07-30T17:03:16,58,אורתופדיה,לביא,language,ערבית,5
2026-07-30T17:03:16,58,אורתופדיה,לביא,language,רוסית,6
2026-07-30T17:03:32,58,אורתופדיה,לוטם,gender,גבר,89
2026-07-30T17:03:32,58,אורתופדיה,לוטם,gender,אישה,2
2026-07-30T17:03:32,58,אורתופדיה,לוטם,visit_type,ביקור במרפאה,91
2026-07-30T17:03:32,58,אורתופדיה,לוטם,visit_type,שיחת טלפון,2
2026-07-30T17:03:32,58,אורתופדיה,לוטם,language,איטלקית,1
2026-07-30T17:03:32,58,אורתופדיה,לוטם,language,אנגלית,53
2026-07-30T17:03:32,58,אורתופדיה,לוטם,language,בולגרית,1
2026-07-30T17:03:32,58,אורתופדיה,לוטם,language,גרמנית,3
2026-07-30T17:03:32,58,אורתופדיה,לוטם,language,ספרדית,2
2026-07-30T17:03:32,58,אורתופדיה,לוטם,language,עברית,90
2026-07-30T17:03:32,58,אורתופדיה,לוטם,language,ערבית,67
2026-07-30T17:03:32,58,אורתופדיה,לוטם,language,צכית,1
2026-07-30T17:03:32,58,אורתופדיה,לוטם,language,צרפתית,1
2026-07-30T17:03:32,58,אורתופדיה,לוטם,language,רומנית,8
2026-07-30T17:03:32,58,אורתופדיה,לוטם,language,רוסית,19
2026-07-30T17:03:47,58,אורתופדיה,מבוא דותן,gender,גבר,125
2026-07-30T17:03:47,58,אורתופדיה,מבוא דותן,visit_type,ביקור במרפאה,128
2026-07-30T17:03:47,58,אורתופדיה,מבוא דותן,visit_type,שיחת טלפון,4
2026-07-30T17:03:47,58,אורתופדיה,מבוא דותן,language,אידיש,1
2026-07-30T17:03:47,58,אורתופדיה,מבוא דותן,language,איטלקית,1
2026-07-30T17:03:47,58,אורתופדיה,מבוא דותן,language,אנגלית,15
2026-07-30T17:03:47,58,אורתופדיה,מבוא דותן,language,גרמנית,1
2026-07-30T17:03:47,58,אורתופדיה,מבוא דותן,language,עברית,26
2026-07-30T17:03:47,58,אורתופדיה,מבוא דותן,language,ערבית,18
2026-07-30T17:03:47,58,אורתופדיה,מבוא דותן,language,רומנית,7
2026-07-30T17:03:47,58,אורתופדיה,מבוא דותן,language,רוסית,3
2026-07-30T17:04:07,58,אורתופדיה,מג'ד אל כרום,gender,גבר,89
2026-07-30T17:04:07,58,אורתופדיה,מג'ד אל כרום,gender,אישה,2
2026-07-30T17:04:07,58,אורתופדיה,מג'ד אל כרום,visit_type,ביקור במרפאה,91
2026-07-30T17:04:07,58,אורתופדיה,מג'ד אל כרום,visit_type,שיחת טלפון,2
2026-07-30T17:04:07,58,אורתופדיה,מג'ד אל כרום,language,איטלקית,1
2026-07-30T17:04:07,58,אורתופדיה,מג'ד אל כרום,language,אנגלית,53
2026-07-30T17:04:07,58,אורתופדיה,מג'ד אל כרום,language,בולגרית,1
2026-07-30T17:04:07,58,אורתופדיה,מג'ד אל כרום,language,גרמנית,3
2026-07-30T17:04:07,58,אורתופדיה,מג'ד אל כרום,language,ספרדית,2
2026-07-30T17:04:07,58,אורתופדיה,מג'ד אל כרום,language,עברית,90
2026-07-30T17:04:07,58,אורתופדיה,מג'ד אל כרום,language,ערבית,67
2026-07-30T17:04:07,58,אורתופדיה,מג'ד אל כרום,language,צכית,1
2026-07-30T17:04:07,58,אורתופדיה,מג'ד אל כרום,language,צרפתית,1
2026-07-30T17:04:07,58,אורתופדיה,מג'ד אל כרום,language,רומנית,8
2026-07-30T17:04:07,58,אורתופדיה,מג'ד אל כרום,language,רוסית,19
2026-07-30T17:04:23,58,אורתופדיה,מדרך עוז,gender,גבר,115
2026-07-30T17:04:23,58,אורתופדיה,מדרך עוז,visit_type,ביקור במרפאה,116
2026-07-30T17:04:23,58,אורתופדיה,מדרך עוז,visit_type,שיחת טלפון,2
2026-07-30T17:04:23,58,אורתופדיה,מדרך עוז,language,אידיש,1
2026-07-30T17:04:23,58,אורתופדיה,מדרך עוז,language,אנגלית,41
2026-07-30T17:04:23,58,אורתופדיה,מדרך עוז,language,גרמנית,5
2026-07-30T17:04:23,58,אורתופדיה,מדרך עוז,language,הונגרית,1
2026-07-30T17:04:23,58,אורתופדיה,מדרך עוז,language,ספרדית,2
2026-07-30T17:04:23,58,אורתופדיה,מדרך עוז,language,עברית,57
2026-07-30T17:04:23,58,אורתופדיה,מדרך עוז,language,ערבית,29
2026-07-30T17:04:23,58,אורתופדיה,מדרך עוז,language,צרפתית,1
2026-07-30T17:04:23,58,אורתופדיה,מדרך עוז,language,רומנית,14
2026-07-30T17:04:23,58,אורתופדיה,מדרך עוז,language,רוסית,12
2026-07-30T17:04:41,58,אורתופדיה,מוקייבלה,gender,גבר,145
2026-07-30T17:04:41,58,אורתופדיה,מוקייבלה,visit_type,ביקור במרפאה,146
2026-07-30T17:04:41,58,אורתופדיה,מוקייבלה,visit_type,שיחת טלפון,2
2026-07-30T17:04:41,58,אורתופדיה,מוקייבלה,language,איטלקית,1
2026-07-30T17:04:41,58,אורתופדיה,מוקייבלה,language,אנגלית,19
2026-07-30T17:04:41,58,אורתופדיה,מוקייבלה,language,גרמנית,1
2026-07-30T17:04:41,58,אורתופדיה,מוקייבלה,language,עברית,31
2026-07-30T17:04:41,58,אורתופדיה,מוקייבלה,language,ערבית,21
2026-07-30T17:04:41,58,אורתופדיה,מוקייבלה,language,רומנית,7
2026-07-30T17:04:41,58,אורתופדיה,מוקייבלה,language,רוסית,6
2026-07-30T17:05:02,58,אורתופדיה,מחניים,gender,גבר,97
2026-07-30T17:05:02,58,אורתופדיה,מחניים,visit_type,ביקור במרפאה,98
2026-07-30T17:05:02,58,אורתופדיה,מחניים,visit_type,שיחת טלפון,1
2026-07-30T17:05:02,58,אורתופדיה,מחניים,language,איטלקית,1
2026-07-30T17:05:02,58,אורתופדיה,מחניים,language,אנגלית,9
2026-07-30T17:05:02,58,אורתופדיה,מחניים,language,עברית,12
2026-07-30T17:05:02,58,אורתופדיה,מחניים,language,ערבית,5
2026-07-30T17:05:02,58,אורתופדיה,מחניים,language,רוסית,6
2026-07-30T17:05:18,58,אורתופדיה,מירון,gender,גבר,97
2026-07-30T17:05:18,58,אורתופדיה,מירון,visit_type,ביקור במרפאה,98
2026-07-30T17:05:18,58,אורתופדיה,מירון,visit_type,שיחת טלפון,1
2026-07-30T17:05:18,58,אורתופדיה,מירון,language,איטלקית,1
2026-07-30T17:05:18,58,אורתופדיה,מירון,language,אנגלית,9
2026-07-30T17:05:18,58,אורתופדיה,מירון,language,עברית,12
2026-07-30T17:05:18,58,אורתופדיה,מירון,language,ערבית,5
2026-07-30T17:05:18,58,אורתופדיה,מירון,language,רוסית,6
2026-07-30T17:05:33,58,אורתופדיה,מלכיה,gender,גבר,97
2026-07-30T17:05:33,58,אורתופדיה,מלכיה,visit_type,ביקור במרפאה,98
2026-07-30T17:05:33,58,אורתופדיה,מלכיה,visit_type,שיחת טלפון,1
2026-07-30T17:05:33,58,אורתופדיה,מלכיה,language,איטלקית,1
2026-07-30T17:05:33,58,אורתופדיה,מלכיה,language,אנגלית,9
2026-07-30T17:05:33,58,אורתופדיה,מלכיה,language,עברית,12
2026-07-30T17:05:33,58,אורתופדיה,מלכיה,language,ערבית,5
2026-07-30T17:05:33,58,אורתופדיה,מלכיה,language,רוסית,6
2026-07-30T17:05:48,58,אורתופדיה,מסחה,gender,גבר,49
2026-07-30T17:05:48,58,אורתופדיה,מסחה,gender,אישה,1
2026-07-30T17:05:48,58,אורתופדיה,מסחה,visit_type,ביקור במרפאה,58
2026-07-30T17:05:48,58,אורתופדיה,מסחה,visit_type,שיחת טלפון,1
2026-07-30T17:05:48,58,אורתופדיה,מסחה,language,איטלקית,4
2026-07-30T17:05:48,58,אורתופדיה,מסחה,language,אנגלית,33
2026-07-30T17:05:48,58,אורתופדיה,מסחה,language,גרמנית,6
2026-07-30T17:05:48,58,אורתופדיה,מסחה,language,ספרדית,2
2026-07-30T17:05:48,58,אורתופדיה,מסחה,language,עברית,54
2026-07-30T17:05:48,58,אורתופדיה,מסחה,language,ערבית,6
2026-07-30T17:05:48,58,אורתופדיה,מסחה,language,רומנית,5
2026-07-30T17:05:48,58,אורתופדיה,מסחה,language,רוסית,6
2026-07-30T17:06:00,58,אורתופדיה,מעגן מיכאל,gender,גבר,125
2026-07-30T17:06:00,58,אורתופדיה,מעגן מיכאל,visit_type,ביקור במרפאה,128
2026-07-30T17:06:00,58,אורתופדיה,מעגן מיכאל,visit_type,שיחת טלפון,4
2026-07-30T17:06:00,58,אורתופדיה,מעגן מיכאל,language,אידיש,1
2026-07-30T17:06:00,58,אורתופדיה,מעגן מיכאל,language,איטלקית,1
2026-07-30T17:06:00,58,אורתופדיה,מעגן מיכאל,language,אנגלית,15
2026-07-30T17:06:00,58,אורתופדיה,מעגן מיכאל,language,גרמנית,1
2026-07-30T17:06:00,58,אורתופדיה,מעגן מיכאל,language,עברית,26
2026-07-30T17:06:00,58,אורתופדיה,מעגן מיכאל,language,ערבית,18
2026-07-30T17:06:00,58,אורתופדיה,מעגן מיכאל,language,רומנית,7
2026-07-30T17:06:00,58,אורתופדיה,מעגן מיכאל,language,רוסית,3
2026-07-30T17:06:19,58,אורתופדיה,מפעלי ברקן,gender,גבר,49
2026-07-30T17:06:19,58,אורתופדיה,מפעלי ברקן,gender,אישה,1
2026-07-30T17:06:19,58,אורתופדיה,מפעלי ברקן,visit_type,ביקור במרפאה,58
2026-07-30T17:06:19,58,אורתופדיה,מפעלי ברקן,visit_type,שיחת טלפון,1
2026-07-30T17:06:19,58,אורתופדיה,מפעלי ברקן,language,איטלקית,4
2026-07-30T17:06:19,58,אורתופדיה,מפעלי ברקן,language,אנגלית,33
2026-07-30T17:06:19,58,אורתופדיה,מפעלי ברקן,language,גרמנית,6
2026-07-30T17:06:19,58,אורתופדיה,מפעלי ברקן,language,ספרדית,2
2026-07-30T17:06:19,58,אורתופדיה,מפעלי ברקן,language,עברית,54
2026-07-30T17:06:19,58,אורתופדיה,מפעלי ברקן,language,ערבית,6
2026-07-30T17:06:19,58,אורתופדיה,מפעלי ברקן,language,רומנית,5
2026-07-30T17:06:19,58,אורתופדיה,מפעלי ברקן,language,רוסית,6
2026-07-30T17:06:28,58,אורתופדיה,מצליח,gender,גבר,54
2026-07-30T17:06:28,58,אורתופדיה,מצליח,gender,אישה,1
2026-07-30T17:06:28,58,אורתופדיה,מצליח,visit_type,ביקור במרפאה,61
2026-07-30T17:06:28,58,אורתופדיה,מצליח,visit_type,שיחת טלפון,1
2026-07-30T17:06:28,58,אורתופדיה,מצליח,language,איטלקית,2
2026-07-30T17:06:28,58,אורתופדיה,מצליח,language,אנגלית,6
2026-07-30T17:06:28,58,אורתופדיה,מצליח,language,גרמנית,1
2026-07-30T17:06:28,58,אורתופדיה,מצליח,language,עברית,9
2026-07-30T17:06:28,58,אורתופדיה,מצליח,language,צרפתית,2
2026-07-30T17:06:28,58,אורתופדיה,מצליח,language,רוסית,4
2026-07-30T17:06:40,58,אורתופדיה,מרדה,gender,גבר,49
2026-07-30T17:06:40,58,אורתופדיה,מרדה,gender,אישה,1
2026-07-30T17:06:40,58,אורתופדיה,מרדה,visit_type,ביקור במרפאה,58
2026-07-30T17:06:40,58,אורתופדיה,מרדה,visit_type,שיחת טלפון,1
2026-07-30T17:06:40,58,אורתופדיה,מרדה,language,איטלקית,4
2026-07-30T17:06:40,58,אורתופדיה,מרדה,language,אנגלית,33
2026-07-30T17:06:40,58,אורתופדיה,מרדה,language,גרמנית,6
2026-07-30T17:06:40,58,אורתופדיה,מרדה,language,ספרדית,2
2026-07-30T17:06:40,58,אורתופדיה,מרדה,language,עברית,54
2026-07-30T17:06:40,58,אורתופדיה,מרדה,language,ערבית,6
2026-07-30T17:06:40,58,אורתופדיה,מרדה,language,רומנית,5
2026-07-30T17:06:40,58,אורתופדיה,מרדה,language,רוסית,6
2026-07-30T17:06:51,58,אורתופדיה,משגב עם,gender,גבר,97
2026-07-30T17:06:51,58,אורתופדיה,משגב עם,visit_type,ביקור במרפאה,98
2026-07-30T17:06:51,58,אורתופדיה,משגב עם,visit_type,שיחת טלפון,1
2026-07-30T17:06:51,58,אורתופדיה,משגב עם,language,איטלקית,1
2026-07-30T17:06:51,58,אורתופדיה,משגב עם,language,אנגלית,9
2026-07-30T17:06:51,58,אורתופדיה,משגב עם,language,עברית,12
2026-07-30T17:06:51,58,אורתופדיה,משגב עם,language,ערבית,5
2026-07-30T17:06:51,58,אורתופדיה,משגב עם,language,רוסית,6
2026-07-30T17:07:06,58,אורתופדיה,מתתיהו,gender,גבר,54
2026-07-30T17:07:06,58,אורתופדיה,מתתיהו,gender,אישה,1
2026-07-30T17:07:06,58,אורתופדיה,מתתיהו,visit_type,ביקור במרפאה,61
2026-07-30T17:07:06,58,אורתופדיה,מתתיהו,visit_type,שיחת טלפון,1
2026-07-30T17:07:06,58,אורתופדיה,מתתיהו,language,איטלקית,2
2026-07-30T17:07:06,58,אורתופדיה,מתתיהו,language,אנגלית,6
2026-07-30T17:07:06,58,אורתופדיה,מתתיהו,language,גרמנית,1
2026-07-30T17:07:06,58,אורתופדיה,מתתיהו,language,עברית,9
2026-07-30T17:07:06,58,אורתופדיה,מתתיהו,language,צרפתית,2
2026-07-30T17:07:06,58,אורתופדיה,מתתיהו,language,רוסית,4
2026-07-30T17:07:20,58,אורתופדיה,נגבה,gender,גבר,41
2026-07-30T17:07:20,58,אורתופדיה,נגבה,gender,אישה,2
2026-07-30T17:07:20,58,אורתופדיה,נגבה,visit_type,ביקור במרפאה,47
2026-07-30T17:07:20,58,אורתופדיה,נגבה,language,עברית,1
2026-07-30T17:07:20,58,אורתופדיה,נגבה,language,רוסית,1
2026-07-30T17:07:33,58,אורתופדיה,נווה אטי''ב,gender,גבר,97
2026-07-30T17:07:33,58,אורתופדיה,נווה אטי''ב,visit_type,ביקור במרפאה,98
2026-07-30T17:07:33,58,אורתופדיה,נווה אטי''ב,visit_type,שיחת טלפון,1
2026-07-30T17:07:33,58,אורתופדיה,נווה אטי''ב,language,איטלקית,1
2026-07-30T17:07:33,58,אורתופדיה,נווה אטי''ב,language,אנגלית,9
2026-07-30T17:07:33,58,אורתופדיה,נווה אטי''ב,language,עברית,12
2026-07-30T17:07:33,58,אורתופדיה,נווה אטי''ב,language,ערבית,5
2026-07-30T17:07:33,58,אורתופדיה,נווה אטי''ב,language,רוסית,6
2026-07-30T17:07:47,58,אורתופדיה,נחושה,gender,גבר,47
2026-07-30T17:07:47,58,אורתופדיה,נחושה,visit_type,ביקור במרפאה,49
2026-07-30T17:07:47,58,אורתופדיה,נחושה,language,אנגלית,7
2026-07-30T17:07:47,58,אורתופדיה,נחושה,language,עברית,12
2026-07-30T17:07:47,58,אורתופדיה,נחושה,language,ערבית,6
2026-07-30T17:07:47,58,אורתופדיה,נחושה,language,צרפתית,1
2026-07-30T17:07:47,58,אורתופדיה,נחושה,language,רוסית,3
2026-07-30T17:07:57,58,אורתופדיה,נטור,gender,גבר,97
2026-07-30T17:07:57,58,אורתופדיה,נטור,visit_type,ביקור במרפאה,98
2026-07-30T17:07:57,58,אורתופדיה,נטור,visit_type,שיחת טלפון,1
2026-07-30T17:07:57,58,אורתופדיה,נטור,language,איטלקית,1
2026-07-30T17:07:57,58,אורתופדיה,נטור,language,אנגלית,9
2026-07-30T17:07:57,58,אורתופדיה,נטור,language,עברית,12
2026-07-30T17:07:57,58,אורתופדיה,נטור,language,ערבית,5
2026-07-30T17:07:57,58,אורתופדיה,נטור,language,רוסית,6
2026-07-30T17:08:14,58,אורתופדיה,ניצנה קהילה חינוכית,gender,גבר,36
2026-07-30T17:08:14,58,אורתופדיה,ניצנה קהילה חינוכית,gender,אישה,2
2026-07-30T17:08:14,58,אורתופדיה,ניצנה קהילה חינוכית,visit_type,ביקור במרפאה,43
2026-07-30T17:08:14,58,אורתופדיה,ניצנה קהילה חינוכית,language,עברית,1
2026-07-30T17:08:14,58,אורתופדיה,ניצנה קהילה חינוכית,language,רוסית,1
2026-07-30T17:08:25,58,אורתופדיה,נעלה,gender,גבר,49
2026-07-30T17:08:25,58,אורתופדיה,נעלה,gender,אישה,1
2026-07-30T17:08:25,58,אורתופדיה,נעלה,visit_type,ביקור במרפאה,58
2026-07-30T17:08:25,58,אורתופדיה,נעלה,visit_type,שיחת טלפון,1
2026-07-30T17:08:25,58,אורתופדיה,נעלה,language,איטלקית,4
2026-07-30T17:08:25,58,אורתופדיה,נעלה,language,אנגלית,33
2026-07-30T17:08:25,58,אורתופדיה,נעלה,language,גרמנית,6
2026-07-30T17:08:25,58,אורתופדיה,נעלה,language,ספרדית,2
2026-07-30T17:08:25,58,אורתופדיה,נעלה,language,עברית,54
2026-07-30T17:08:25,58,אורתופדיה,נעלה,language,ערבית,6
2026-07-30T17:08:25,58,אורתופדיה,נעלה,language,רומנית,5
2026-07-30T17:08:25,58,אורתופדיה,נעלה,language,רוסית,6
2026-07-30T17:08:36,58,אורתופדיה,נתיב העשרה,gender,גבר,41
2026-07-30T17:08:36,58,אורתופדיה,נתיב העשרה,gender,אישה,2
2026-07-30T17:08:36,58,אורתופדיה,נתיב העשרה,visit_type,ביקור במרפאה,47
2026-07-30T17:08:36,58,אורתופדיה,נתיב העשרה,language,עברית,1
2026-07-30T17:08:36,58,אורתופדיה,נתיב העשרה,language,רוסית,1
2026-07-30T17:08:49,58,אורתופדיה,סבסטיה,gender,גבר,86
2026-07-30T17:08:49,58,אורתופדיה,סבסטיה,visit_type,ביקור במרפאה,89
2026-07-30T17:08:49,58,אורתופדיה,סבסטיה,visit_type,שיחת טלפון,3
2026-07-30T17:08:49,58,אורתופדיה,סבסטיה,language,אידיש,1
2026-07-30T17:08:49,58,אורתופדיה,סבסטיה,language,איטלקית,1
2026-07-30T17:08:49,58,אורתופדיה,סבסטיה,language,אנגלית,8
2026-07-30T17:08:49,58,אורתופדיה,סבסטיה,language,עברית,15
2026-07-30T17:08:49,58,אורתופדיה,סבסטיה,language,ערבית,10
2026-07-30T17:08:49,58,אורתופדיה,סבסטיה,language,רומנית,3
2026-07-30T17:08:49,58,אורתופדיה,סבסטיה,language,רוסית,2
2026-07-30T17:09:03,58,אורתופדיה,סידא,gender,גבר,86
2026-07-30T17:09:03,58,אורתופדיה,סידא,visit_type,ביקור במרפאה,89
2026-07-30T17:09:03,58,אורתופדיה,סידא,visit_type,שיחת טלפון,3
2026-07-30T17:09:03,58,אורתופדיה,סידא,language,אידיש,1
2026-07-30T17:09:03,58,אורתופדיה,סידא,language,איטלקית,1
2026-07-30T17:09:03,58,אורתופדיה,סידא,language,אנגלית,8
2026-07-30T17:09:03,58,אורתופדיה,סידא,language,עברית,15
2026-07-30T17:09:03,58,אורתופדיה,סידא,language,ערבית,10
2026-07-30T17:09:03,58,אורתופדיה,סידא,language,רומנית,3
2026-07-30T17:09:03,58,אורתופדיה,סידא,language,רוסית,2
2026-07-30T17:09:18,58,אורתופדיה,סלעית,gender,גבר,116
2026-07-30T17:09:18,58,אורתופדיה,סלעית,gender,אישה,4
2026-07-30T17:09:18,58,אורתופדיה,סלעית,visit_type,ביקור במרפאה,130
2026-07-30T17:09:18,58,אורתופדיה,סלעית,visit_type,שיחת טלפון,3
2026-07-30T17:09:18,58,אורתופדיה,סלעית,language,אידיש,1
2026-07-30T17:09:18,58,אורתופדיה,סלעית,language,איטלקית,6
2026-07-30T17:09:18,58,אורתופדיה,סלעית,language,אנגלית,28
2026-07-30T17:09:18,58,אורתופדיה,סלעית,language,גרמנית,1
2026-07-30T17:09:18,58,אורתופדיה,סלעית,language,עברית,46
2026-07-30T17:09:18,58,אורתופדיה,סלעית,language,ערבית,15
2026-07-30T17:09:18,58,אורתופדיה,סלעית,language,רומנית,8
2026-07-30T17:09:18,58,אורתופדיה,סלעית,language,רוסית,6
2026-07-30T17:09:39,58,אורתופדיה,ספארין,gender,גבר,86
2026-07-30T17:09:39,58,אורתופדיה,ספארין,visit_type,ביקור במרפאה,89
2026-07-30T17:09:39,58,אורתופדיה,ספארין,visit_type,שיחת טלפון,3
2026-07-30T17:09:39,58,אורתופדיה,ספארין,language,אידיש,1
2026-07-30T17:09:39,58,אורתופדיה,ספארין,language,איטלקית,1
2026-07-30T17:09:39,58,אורתופדיה,ספארין,language,אנגלית,8
2026-07-30T17:09:39,58,אורתופדיה,ספארין,language,עברית,15
2026-07-30T17:09:39,58,אורתופדיה,ספארין,language,ערבית,10
2026-07-30T17:09:39,58,אורתופדיה,ספארין,language,רומנית,3
2026-07-30T17:09:39,58,אורתופדיה,ספארין,language,רוסית,2
2026-07-30T17:09:52,58,אורתופדיה,עבווין,gender,גבר,47
2026-07-30T17:09:52,58,אורתופדיה,עבווין,visit_type,ביקור במרפאה,49
2026-07-30T17:09:52,58,אורתופדיה,עבווין,language,אנגלית,7
2026-07-30T17:09:52,58,אורתופדיה,עבווין,language,עברית,12
2026-07-30T17:09:52,58,אורתופדיה,עבווין,language,ערבית,6
2026-07-30T17:09:52,58,אורתופדיה,עבווין,language,צרפתית,1
2026-07-30T17:09:52,58,אורתופדיה,עבווין,language,רוסית,3
2026-07-30T17:09:59,58,אורתופדיה,עובידייה,gender,גבר,47
2026-07-30T17:09:59,58,אורתופדיה,עובידייה,visit_type,ביקור במרפאה,49
2026-07-30T17:09:59,58,אורתופדיה,עובידייה,language,אנגלית,7
2026-07-30T17:09:59,58,אורתופדיה,עובידייה,language,עברית,12
2026-07-30T17:09:59,58,אורתופדיה,עובידייה,language,ערבית,6
2026-07-30T17:09:59,58,אורתופדיה,עובידייה,language,צרפתית,1
2026-07-30T17:09:59,58,אורתופדיה,עובידייה,language,רוסית,3
2026-07-30T17:10:11,58,אורתופדיה,עזה,gender,גבר,52
2026-07-30T17:10:11,58,אורתופדיה,עזה,gender,אישה,3
2026-07-30T17:10:11,58,אורתופדיה,עזה,visit_type,ביקור במרפאה,63
2026-07-30T17:10:11,58,אורתופדיה,עזה,language,עברית,1
2026-07-30T17:10:11,58,אורתופדיה,עזה,language,רוסית,1
2026-07-30T17:10:27,58,אורתופדיה,עטארה,gender,גבר,86
2026-07-30T17:10:27,58,אורתופדיה,עטארה,visit_type,ביקור במרפאה,89
2026-07-30T17:10:27,58,אורתופדיה,עטארה,visit_type,שיחת טלפון,3
2026-07-30T17:10:27,58,אורתופדיה,עטארה,language,אידיש,1
2026-07-30T17:10:27,58,אורתופדיה,עטארה,language,איטלקית,1
2026-07-30T17:10:27,58,אורתופדיה,עטארה,language,אנגלית,8
2026-07-30T17:10:27,58,אורתופדיה,עטארה,language,עברית,15
2026-07-30T17:10:27,58,אורתופדיה,עטארה,language,ערבית,10
2026-07-30T17:10:27,58,אורתופדיה,עטארה,language,רומנית,3
2026-07-30T17:10:27,58,אורתופדיה,עטארה,language,רוסית,2
2026-07-30T17:10:42,58,אורתופדיה,עין אל אסד,gender,גבר,89
2026-07-30T17:10:42,58,אורתופדיה,עין אל אסד,gender,אישה,2
2026-07-30T17:10:42,58,אורתופדיה,עין אל אסד,visit_type,ביקור במרפאה,91
2026-07-30T17:10:42,58,אורתופדיה,עין אל אסד,visit_type,שיחת טלפון,2
2026-07-30T17:10:42,58,אורתופדיה,עין אל אסד,language,איטלקית,1
2026-07-30T17:10:42,58,אורתופדיה,עין אל אסד,language,אנגלית,53
2026-07-30T17:10:42,58,אורתופדיה,עין אל אסד,language,בולגרית,1
2026-07-30T17:10:42,58,אורתופדיה,עין אל אסד,language,גרמנית,3
2026-07-30T17:10:42,58,אורתופדיה,עין אל אסד,language,ספרדית,2
2026-07-30T17:10:42,58,אורתופדיה,עין אל אסד,language,עברית,90
2026-07-30T17:10:42,58,אורתופדיה,עין אל אסד,language,ערבית,67
2026-07-30T17:10:42,58,אורתופדיה,עין אל אסד,language,צכית,1
2026-07-30T17:10:42,58,אורתופדיה,עין אל אסד,language,צרפתית,1
2026-07-30T17:10:42,58,אורתופדיה,עין אל אסד,language,רומנית,8
2026-07-30T17:10:42,58,אורתופדיה,עין אל אסד,language,רוסית,19
2026-07-30T17:10:56,58,אורתופדיה,עמוריה,gender,גבר,49
2026-07-30T17:10:56,58,אורתופדיה,עמוריה,gender,אישה,1
2026-07-30T17:10:56,58,אורתופדיה,עמוריה,visit_type,ביקור במרפאה,58
2026-07-30T17:10:56,58,אורתופדיה,עמוריה,visit_type,שיחת טלפון,1
2026-07-30T17:10:56,58,אורתופדיה,עמוריה,language,איטלקית,4
2026-07-30T17:10:56,58,אורתופדיה,עמוריה,language,אנגלית,33
2026-07-30T17:10:56,58,אורתופדיה,עמוריה,language,גרמנית,6
2026-07-30T17:10:56,58,אורתופדיה,עמוריה,language,ספרדית,2
2026-07-30T17:10:56,58,אורתופדיה,עמוריה,language,עברית,54
2026-07-30T17:10:56,58,אורתופדיה,עמוריה,language,ערבית,6
2026-07-30T17:10:56,58,אורתופדיה,עמוריה,language,רומנית,5
2026-07-30T17:10:56,58,אורתופדיה,עמוריה,language,רוסית,6
2026-07-30T17:11:08,58,אורתופדיה,ענב,gender,גבר,116
2026-07-30T17:11:08,58,אורתופדיה,ענב,gender,אישה,4
2026-07-30T17:11:08,58,אורתופדיה,ענב,visit_type,ביקור במרפאה,130
2026-07-30T17:11:08,58,אורתופדיה,ענב,visit_type,שיחת טלפון,3
2026-07-30T17:11:08,58,אורתופדיה,ענב,language,אידיש,1
2026-07-30T17:11:08,58,אורתופדיה,ענב,language,איטלקית,6
2026-07-30T17:11:08,58,אורתופדיה,ענב,language,אנגלית,28
2026-07-30T17:11:08,58,אורתופדיה,ענב,language,גרמנית,1
2026-07-30T17:11:08,58,אורתופדיה,ענב,language,עברית,46
2026-07-30T17:11:08,58,אורתופדיה,ענב,language,ערבית,15
2026-07-30T17:11:08,58,אורתופדיה,ענב,language,רומנית,8
2026-07-30T17:11:08,58,אורתופדיה,ענב,language,רוסית,6
2026-07-30T17:11:27,58,אורתופדיה,עקאבת ג'בר מחנה פליטים,gender,גבר,47
2026-07-30T17:11:27,58,אורתופדיה,עקאבת ג'בר מחנה פליטים,visit_type,ביקור במרפאה,49
2026-07-30T17:11:27,58,אורתופדיה,עקאבת ג'בר מחנה פליטים,language,אנגלית,7
2026-07-30T17:11:27,58,אורתופדיה,עקאבת ג'בר מחנה פליטים,language,עברית,12
2026-07-30T17:11:27,58,אורתופדיה,עקאבת ג'בר מחנה פליטים,language,ערבית,6
2026-07-30T17:11:27,58,אורתופדיה,עקאבת ג'בר מחנה פליטים,language,צרפתית,1
2026-07-30T17:11:27,58,אורתופדיה,עקאבת ג'בר מחנה פליטים,language,רוסית,3
2026-07-30T17:11:35,58,אורתופדיה,ערוגות,gender,גבר,32
2026-07-30T17:11:35,58,אורתופדיה,ערוגות,gender,אישה,1
2026-07-30T17:11:35,58,אורתופדיה,ערוגות,visit_type,ביקור במרפאה,37
2026-07-30T17:11:35,58,אורתופדיה,ערוגות,visit_type,שיחת טלפון,1
2026-07-30T17:11:35,58,אורתופדיה,ערוגות,visit_type,שיחת וידאו,1
2026-07-30T17:11:35,58,אורתופדיה,ערוגות,language,איטלקית,1
2026-07-30T17:11:35,58,אורתופדיה,ערוגות,language,אנגלית,3
2026-07-30T17:11:35,58,אורתופדיה,ערוגות,language,גרמנית,1
2026-07-30T17:11:35,58,אורתופדיה,ערוגות,language,עברית,7
2026-07-30T17:11:35,58,אורתופדיה,ערוגות,language,ערבית,1
2026-07-30T17:11:35,58,אורתופדיה,ערוגות,language,צרפתית,1
2026-07-30T17:11:35,58,אורתופדיה,ערוגות,language,רומנית,1
2026-07-30T17:11:35,58,אורתופדיה,ערוגות,language,רוסית,3
2026-07-30T17:11:44,58,אורתופדיה,פארק תעשיות עמק חפר,gender,גבר,86
2026-07-30T17:11:44,58,אורתופדיה,פארק תעשיות עמק חפר,visit_type,ביקור במרפאה,89
2026-07-30T17:11:44,58,אורתופדיה,פארק תעשיות עמק חפר,visit_type,שיחת טלפון,3
2026-07-30T17:11:44,58,אורתופדיה,פארק תעשיות עמק חפר,language,אידיש,1
2026-07-30T17:11:44,58,אורתופדיה,פארק תעשיות עמק חפר,language,איטלקית,1
2026-07-30T17:11:44,58,אורתופדיה,פארק תעשיות עמק חפר,language,אנגלית,8
2026-07-30T17:11:44,58,אורתופדיה,פארק תעשיות עמק חפר,language,עברית,15
2026-07-30T17:11:44,58,אורתופדיה,פארק תעשיות עמק חפר,language,ערבית,10
2026-07-30T17:11:44,58,אורתופדיה,פארק תעשיות עמק חפר,language,רומנית,3
2026-07-30T17:11:44,58,אורתופדיה,פארק תעשיות עמק חפר,language,רוסית,2
2026-07-30T17:11:59,58,אורתופדיה,פוריה עילית,gender,גבר,97
2026-07-30T17:11:59,58,אורתופדיה,פוריה עילית,visit_type,ביקור במרפאה,98
2026-07-30T17:11:59,58,אורתופדיה,פוריה עילית,visit_type,שיחת טלפון,1
2026-07-30T17:11:59,58,אורתופדיה,פוריה עילית,language,איטלקית,1
2026-07-30T17:11:59,58,אורתופדיה,פוריה עילית,language,אנגלית,9
2026-07-30T17:11:59,58,אורתופדיה,פוריה עילית,language,עברית,12
2026-07-30T17:11:59,58,אורתופדיה,פוריה עילית,language,ערבית,5
2026-07-30T17:11:59,58,אורתופדיה,פוריה עילית,language,רוסית,6
2026-07-30T17:12:12,58,אורתופדיה,פסאיל,gender,גבר,47
2026-07-30T17:12:12,58,אורתופדיה,פסאיל,visit_type,ביקור במרפאה,49
2026-07-30T17:12:12,58,אורתופדיה,פסאיל,language,אנגלית,7
2026-07-30T17:12:12,58,אורתופדיה,פסאיל,language,עברית,12
2026-07-30T17:12:12,58,אורתופדיה,פסאיל,language,ערבית,6
2026-07-30T17:12:12,58,אורתופדיה,פסאיל,language,צרפתית,1
2026-07-30T17:12:12,58,אורתופדיה,פסאיל,language,רוסית,3
2026-07-30T17:12:21,58,אורתופדיה,פרוד,gender,גבר,97
2026-07-30T17:12:21,58,אורתופדיה,פרוד,visit_type,ביקור במרפאה,98
2026-07-30T17:12:21,58,אורתופדיה,פרוד,visit_type,שיחת טלפון,1
2026-07-30T17:12:21,58,אורתופדיה,פרוד,language,איטלקית,1
2026-07-30T17:12:21,58,אורתופדיה,פרוד,language,אנגלית,9
2026-07-30T17:12:21,58,אורתופדיה,פרוד,language,עברית,12
2026-07-30T17:12:21,58,אורתופדיה,פרוד,language,ערבית,5
2026-07-30T17:12:21,58,אורתופדיה,פרוד,language,רוסית,6
2026-07-30T17:12:37,58,אורתופדיה,צבעון,gender,גבר,97
2026-07-30T17:12:37,58,אורתופדיה,צבעון,visit_type,ביקור במרפאה,98
2026-07-30T17:12:37,58,אורתופדיה,צבעון,visit_type,שיחת טלפון,1
2026-07-30T17:12:37,58,אורתופדיה,צבעון,language,איטלקית,1
2026-07-30T17:12:37,58,אורתופדיה,צבעון,language,אנגלית,9
2026-07-30T17:12:37,58,אורתופדיה,צבעון,language,עברית,12
2026-07-30T17:12:37,58,אורתופדיה,צבעון,language,ערבית,5
2026-07-30T17:12:37,58,אורתופדיה,צבעון,language,רוסית,6
2026-07-30T17:12:54,58,אורתופדיה,צור יצחק,gender,גבר,116
2026-07-30T17:12:54,58,אורתופדיה,צור יצחק,gender,אישה,4
2026-07-30T17:12:54,58,אורתופדיה,צור יצחק,visit_type,ביקור במרפאה,130
2026-07-30T17:12:54,58,אורתופדיה,צור יצחק,visit_type,שיחת טלפון,3
2026-07-30T17:12:54,58,אורתופדיה,צור יצחק,language,אידיש,1
2026-07-30T17:12:54,58,אורתופדיה,צור יצחק,language,איטלקית,6
2026-07-30T17:12:54,58,אורתופדיה,צור יצחק,language,אנגלית,28
2026-07-30T17:12:54,58,אורתופדיה,צור יצחק,language,גרמנית,1
2026-07-30T17:12:54,58,אורתופדיה,צור יצחק,language,עברית,46
2026-07-30T17:12:54,58,אורתופדיה,צור יצחק,language,ערבית,15
2026-07-30T17:12:54,58,אורתופדיה,צור יצחק,language,רומנית,8
2026-07-30T17:12:54,58,אורתופדיה,צור יצחק,language,רוסית,6
2026-07-30T17:13:14,58,אורתופדיה,קבועה,gender,גבר,36
2026-07-30T17:13:14,58,אורתופדיה,קבועה,gender,אישה,2
2026-07-30T17:13:14,58,אורתופדיה,קבועה,visit_type,ביקור במרפאה,43
2026-07-30T17:13:14,58,אורתופדיה,קבועה,language,עברית,1
2026-07-30T17:13:14,58,אורתופדיה,קבועה,language,רוסית,1
2026-07-30T17:13:27,58,אורתופדיה,קדרים,gender,גבר,97
2026-07-30T17:13:27,58,אורתופדיה,קדרים,visit_type,ביקור במרפאה,98
2026-07-30T17:13:27,58,אורתופדיה,קדרים,visit_type,שיחת טלפון,1
2026-07-30T17:13:27,58,אורתופדיה,קדרים,language,איטלקית,1
2026-07-30T17:13:27,58,אורתופדיה,קדרים,language,אנגלית,9
2026-07-30T17:13:27,58,אורתופדיה,קדרים,language,עברית,12
2026-07-30T17:13:27,58,אורתופדיה,קדרים,language,ערבית,5
2026-07-30T17:13:27,58,אורתופדיה,קדרים,language,רוסית,6
2026-07-30T17:13:41,58,אורתופדיה,קיביא,gender,גבר,49
2026-07-30T17:13:41,58,אורתופדיה,קיביא,gender,אישה,1
2026-07-30T17:13:41,58,אורתופדיה,קיביא,visit_type,ביקור במרפאה,58
2026-07-30T17:13:41,58,אורתופדיה,קיביא,visit_type,שיחת טלפון,1
2026-07-30T17:13:41,58,אורתופדיה,קיביא,language,איטלקית,4
2026-07-30T17:13:41,58,אורתופדיה,קיביא,language,אנגלית,33
2026-07-30T17:13:41,58,אורתופדיה,קיביא,language,גרמנית,6
2026-07-30T17:13:41,58,אורתופדיה,קיביא,language,ספרדית,2
2026-07-30T17:13:41,58,אורתופדיה,קיביא,language,עברית,54
2026-07-30T17:13:41,58,אורתופדיה,קיביא,language,ערבית,6
2026-07-30T17:13:41,58,אורתופדיה,קיביא,language,רומנית,5
2026-07-30T17:13:41,58,אורתופדיה,קיביא,language,רוסית,6
2026-07-30T17:13:52,58,אורתופדיה,קפין,gender,גבר,86
2026-07-30T17:13:52,58,אורתופדיה,קפין,visit_type,ביקור במרפאה,89
2026-07-30T17:13:52,58,אורתופדיה,קפין,visit_type,שיחת טלפון,3
2026-07-30T17:13:52,58,אורתופדיה,קפין,language,אידיש,1
2026-07-30T17:13:52,58,אורתופדיה,קפין,language,איטלקית,1
2026-07-30T17:13:52,58,אורתופדיה,קפין,language,אנגלית,8
2026-07-30T17:13:52,58,אורתופדיה,קפין,language,עברית,15
2026-07-30T17:13:52,58,אורתופדיה,קפין,language,ערבית,10
2026-07-30T17:13:52,58,אורתופדיה,קפין,language,רומנית,3
2026-07-30T17:13:52,58,אורתופדיה,קפין,language,רוסית,2
2026-07-30T17:14:09,58,אורתופדיה,קרית גת,gender,גבר,41
2026-07-30T17:14:09,58,אורתופדיה,קרית גת,gender,אישה,2
2026-07-30T17:14:09,58,אורתופדיה,קרית גת,visit_type,ביקור במרפאה,47
2026-07-30T17:14:09,58,אורתופדיה,קרית גת,language,עברית,1
2026-07-30T17:14:09,58,אורתופדיה,קרית גת,language,רוסית,1
2026-07-30T17:14:22,58,אורתופדיה,ראס עלי,gender,גבר,115
2026-07-30T17:14:22,58,אורתופדיה,ראס עלי,visit_type,ביקור במרפאה,116
2026-07-30T17:14:22,58,אורתופדיה,ראס עלי,visit_type,שיחת טלפון,2
2026-07-30T17:14:22,58,אורתופדיה,ראס עלי,language,אידיש,1
2026-07-30T17:14:22,58,אורתופדיה,ראס עלי,language,אנגלית,41
2026-07-30T17:14:22,58,אורתופדיה,ראס עלי,language,גרמנית,5
2026-07-30T17:14:22,58,אורתופדיה,ראס עלי,language,הונגרית,1
2026-07-30T17:14:22,58,אורתופדיה,ראס עלי,language,ספרדית,2
2026-07-30T17:14:22,58,אורתופדיה,ראס עלי,language,עברית,57
2026-07-30T17:14:22,58,אורתופדיה,ראס עלי,language,ערבית,29
2026-07-30T17:14:22,58,אורתופדיה,ראס עלי,language,צרפתית,1
2026-07-30T17:14:22,58,אורתופדיה,ראס עלי,language,רומנית,14
2026-07-30T17:14:22,58,אורתופדיה,ראס עלי,language,רוסית,12
2026-07-30T17:14:41,58,אורתופדיה,רהט,gender,אישה,2
2026-07-30T17:14:41,58,אורתופדיה,רהט,gender,גבר,36
2026-07-30T17:14:41,58,אורתופדיה,רהט,visit_type,ביקור במרפאה,43
2026-07-30T17:14:41,58,אורתופדיה,רהט,language,עברית,1
2026-07-30T17:14:41,58,אורתופדיה,רהט,language,רוסית,1
2026-07-30T17:14:50,58,אורתופדיה,רותם,gender,גבר,47
2026-07-30T17:14:50,58,אורתופדיה,רותם,visit_type,ביקור במרפאה,49
2026-07-30T17:14:50,58,אורתופדיה,רותם,language,אנגלית,7
2026-07-30T17:14:50,58,אורתופדיה,רותם,language,עברית,12
2026-07-30T17:14:50,58,אורתופדיה,רותם,language,ערבית,6
2026-07-30T17:14:50,58,אורתופדיה,רותם,language,צרפתית,1
2026-07-30T17:14:50,58,אורתופדיה,רותם,language,רוסית,3
2026-07-30T17:14:59,58,אורתופדיה,רמאללה,gender,גבר,47
2026-07-30T17:14:59,58,אורתופדיה,רמאללה,visit_type,ביקור במרפאה,49
2026-07-30T17:14:59,58,אורתופדיה,רמאללה,language,אנגלית,7
2026-07-30T17:14:59,58,אורתופדיה,רמאללה,language,עברית,12
2026-07-30T17:14:59,58,אורתופדיה,רמאללה,language,ערבית,6
2026-07-30T17:14:59,58,אורתופדיה,רמאללה,language,צרפתית,1
2026-07-30T17:14:59,58,אורתופדיה,רמאללה,language,רוסית,3
2026-07-30T17:15:09,58,אורתופדיה,רנן,gender,גבר,52
2026-07-30T17:15:09,58,אורתופדיה,רנן,gender,אישה,3
2026-07-30T17:15:09,58,אורתופדיה,רנן,visit_type,ביקור במרפאה,63
2026-07-30T17:15:09,58,אורתופדיה,רנן,language,עברית,1
2026-07-30T17:15:09,58,אורתופדיה,רנן,language,רוסית,1
2026-07-30T17:15:27,58,אורתופדיה,שאר ישוב,gender,גבר,97
2026-07-30T17:15:27,58,אורתופדיה,שאר ישוב,visit_type,ביקור במרפאה,98
2026-07-30T17:15:27,58,אורתופדיה,שאר ישוב,visit_type,שיחת טלפון,1
2026-07-30T17:15:27,58,אורתופדיה,שאר ישוב,language,איטלקית,1
2026-07-30T17:15:27,58,אורתופדיה,שאר ישוב,language,אנגלית,9
2026-07-30T17:15:27,58,אורתופדיה,שאר ישוב,language,עברית,12
2026-07-30T17:15:27,58,אורתופדיה,שאר ישוב,language,ערבית,5
2026-07-30T17:15:27,58,אורתופדיה,שאר ישוב,language,רוסית,6
2026-07-30T17:15:43,58,אורתופדיה,שדה בוקר,gender,גבר,36
2026-07-30T17:15:43,58,אורתופדיה,שדה בוקר,gender,אישה,2
2026-07-30T17:15:43,58,אורתופדיה,שדה בוקר,visit_type,ביקור במרפאה,43
2026-07-30T17:15:43,58,אורתופדיה,שדה בוקר,language,עברית,1
2026-07-30T17:15:43,58,אורתופדיה,שדה בוקר,language,רוסית,1
2026-07-30T17:15:54,58,אורתופדיה,שוהם,gender,גבר,54
2026-07-30T17:15:54,58,אורתופדיה,שוהם,gender,אישה,1
2026-07-30T17:15:54,58,אורתופדיה,שוהם,visit_type,ביקור במרפאה,61
2026-07-30T17:15:54,58,אורתופדיה,שוהם,visit_type,שיחת טלפון,1
2026-07-30T17:15:54,58,אורתופדיה,שוהם,language,איטלקית,2
2026-07-30T17:15:54,58,אורתופדיה,שוהם,language,אנגלית,6
2026-07-30T17:15:54,58,אורתופדיה,שוהם,language,גרמנית,1
2026-07-30T17:15:54,58,אורתופדיה,שוהם,language,עברית,9
2026-07-30T17:15:54,58,אורתופדיה,שוהם,language,צרפתית,2
2026-07-30T17:15:54,58,אורתופדיה,שוהם,language,רוסית,4
2026-07-30T17:16:06,58,אורתופדיה,שחרית,gender,גבר,49
2026-07-30T17:16:06,58,אורתופדיה,שחרית,gender,אישה,1
2026-07-30T17:16:06,58,אורתופדיה,שחרית,visit_type,ביקור במרפאה,58
2026-07-30T17:16:06,58,אורתופדיה,שחרית,visit_type,שיחת טלפון,1
2026-07-30T17:16:06,58,אורתופדיה,שחרית,language,איטלקית,4
2026-07-30T17:16:06,58,אורתופדיה,שחרית,language,אנגלית,33
2026-07-30T17:16:06,58,אורתופדיה,שחרית,language,גרמנית,6
2026-07-30T17:16:06,58,אורתופדיה,שחרית,language,ספרדית,2
2026-07-30T17:16:06,58,אורתופדיה,שחרית,language,עברית,54
2026-07-30T17:16:06,58,אורתופדיה,שחרית,language,ערבית,6
2026-07-30T17:16:06,58,אורתופדיה,שחרית,language,רומנית,5
2026-07-30T17:16:06,58,אורתופדיה,שחרית,language,רוסית,6
2026-07-30T17:16:18,58,אורתופדיה,שלווה,gender,גבר,41
2026-07-30T17:16:18,58,אורתופדיה,שלווה,gender,אישה,2
2026-07-30T17:16:18,58,אורתופדיה,שלווה,visit_type,ביקור במרפאה,47
2026-07-30T17:16:18,58,אורתופדיה,שלווה,language,עברית,1
2026-07-30T17:16:18,58,אורתופדיה,שלווה,language,רוסית,1
2026-07-30T17:16:31,58,אורתופדיה,שני ליבנה,gender,גבר,36
2026-07-30T17:16:31,58,אורתופדיה,שני ליבנה,gender,אישה,2
2026-07-30T17:16:31,58,אורתופדיה,שני ליבנה,visit_type,ביקור במרפאה,43
2026-07-30T17:16:31,58,אורתופדיה,שני ליבנה,language,עברית,1
2026-07-30T17:16:31,58,אורתופדיה,שני ליבנה,language,רוסית,1
2026-07-30T17:16:43,58,אורתופדיה,שפיים,gender,גבר,116
2026-07-30T17:16:43,58,אורתופדיה,שפיים,gender,אישה,4
2026-07-30T17:16:43,58,אורתופדיה,שפיים,visit_type,ביקור במרפאה,130
2026-07-30T17:16:43,58,אורתופדיה,שפיים,visit_type,שיחת טלפון,3
2026-07-30T17:16:43,58,אורתופדיה,שפיים,language,אידיש,1
2026-07-30T17:16:43,58,אורתופדיה,שפיים,language,איטלקית,6
2026-07-30T17:16:43,58,אורתופדיה,שפיים,language,אנגלית,28
2026-07-30T17:16:43,58,אורתופדיה,שפיים,language,גרמנית,1
2026-07-30T17:16:43,58,אורתופדיה,שפיים,language,עברית,46
2026-07-30T17:16:43,58,אורתופדיה,שפיים,language,ערבית,15
2026-07-30T17:16:43,58,אורתופדיה,שפיים,language,רומנית,8
2026-07-30T17:16:43,58,אורתופדיה,שפיים,language,רוסית,6
2026-07-30T17:17:03,58,אורתופדיה,שתולה,gender,גבר,69
2026-07-30T17:17:03,58,אורתופדיה,שתולה,gender,אישה,2
2026-07-30T17:17:03,58,אורתופדיה,שתולה,visit_type,ביקור במרפאה,71
2026-07-30T17:17:03,58,אורתופדיה,שתולה,visit_type,שיחת טלפון,2
2026-07-30T17:17:03,58,אורתופדיה,שתולה,language,איטלקית,1
2026-07-30T17:17:03,58,אורתופדיה,שתולה,language,אנגלית,35
2026-07-30T17:17:03,58,אורתופדיה,שתולה,language,בולגרית,1
2026-07-30T17:17:03,58,אורתופדיה,שתולה,language,גרמנית,1
2026-07-30T17:17:03,58,אורתופדיה,שתולה,language,ספרדית,2
2026-07-30T17:17:03,58,אורתופדיה,שתולה,language,עברית,70
2026-07-30T17:17:03,58,אורתופדיה,שתולה,language,ערבית,60
2026-07-30T17:17:03,58,אורתופדיה,שתולה,language,צכית,1
2026-07-30T17:17:03,58,אורתופדיה,שתולה,language,צרפתית,1
2026-07-30T17:17:03,58,אורתופדיה,שתולה,language,רומנית,4
2026-07-30T17:17:03,58,אורתופדיה,שתולה,language,רוסית,15
2026-07-30T17:17:14,58,אורתופדיה,תימורים,gender,גבר,32
2026-07-30T17:17:14,58,אורתופדיה,תימורים,gender,אישה,1
2026-07-30T17:17:14,58,אורתופדיה,תימורים,visit_type,ביקור במרפאה,37
2026-07-30T17:17:14,58,אורתופדיה,תימורים,visit_type,שיחת טלפון,1
2026-07-30T17:17:14,58,אורתופדיה,תימורים,visit_type,שיחת וידאו,1
2026-07-30T17:17:14,58,אורתופדיה,תימורים,language,איטלקית,1
2026-07-30T17:17:14,58,אורתופדיה,תימורים,language,אנגלית,3
2026-07-30T17:17:14,58,אורתופדיה,תימורים,language,גרמנית,1
2026-07-30T17:17:14,58,אורתופדיה,תימורים,language,עברית,7
2026-07-30T17:17:14,58,אורתופדיה,תימורים,language,ערבית,1
2026-07-30T17:17:14,58,אורתופדיה,תימורים,language,צרפתית,1
2026-07-30T17:17:14,58,אורתופדיה,תימורים,language,רומנית,1
2026-07-30T17:17:14,58,אורתופדיה,תימורים,language,רוסית,3
2026-07-30T17:17:24,58,אורתופדיה,תל עדשים,gender,גבר,145
2026-07-30T17:17:24,58,אורתופדיה,תל עדשים,visit_type,ביקור במרפאה,146
2026-07-30T17:17:24,58,אורתופדיה,תל עדשים,visit_type,שיחת טלפון,2
2026-07-30T17:17:24,58,אורתופדיה,תל עדשים,language,איטלקית,1
2026-07-30T17:17:24,58,אורתופדיה,תל עדשים,language,אנגלית,19
2026-07-30T17:17:24,58,אורתופדיה,תל עדשים,language,גרמנית,1
2026-07-30T17:17:24,58,אורתופדיה,תל עדשים,language,עברית,31
2026-07-30T17:17:24,58,אורתופדיה,תל עדשים,language,ערבית,21
2026-07-30T17:17:24,58,אורתופדיה,תל עדשים,language,רומנית,7
2026-07-30T17:17:24,58,אורתופדיה,תל עדשים,language,רוסית,6
2026-07-30T17:17:44,58,אורתופדיה,תעשיון ראם,gender,גבר,64
2026-07-30T17:17:44,58,אורתופדיה,תעשיון ראם,gender,אישה,1
2026-07-30T17:17:44,58,אורתופדיה,תעשיון ראם,visit_type,ביקור במרפאה,73
2026-07-30T17:17:44,58,אורתופדיה,תעשיון ראם,visit_type,שיחת טלפון,2
2026-07-30T17:17:44,58,אורתופדיה,תעשיון ראם,visit_type,שיחת וידאו,1
2026-07-30T17:17:44,58,אורתופדיה,תעשיון ראם,language,איטלקית,3
2026-07-30T17:17:44,58,אורתופדיה,תעשיון ראם,language,אנגלית,7
2026-07-30T17:17:44,58,אורתופדיה,תעשיון ראם,language,גרמנית,1
2026-07-30T17:17:44,58,אורתופדיה,תעשיון ראם,language,עברית,13
2026-07-30T17:17:44,58,אורתופדיה,תעשיון ראם,language,ערבית,1
2026-07-30T17:17:44,58,אורתופדיה,תעשיון ראם,language,צרפתית,3
2026-07-30T17:17:44,58,אורתופדיה,תעשיון ראם,language,רומנית,1
2026-07-30T17:17:44,58,אורתופדיה,תעשיון ראם,language,רוסית,5
2026-07-30T17:17:58,58,אורתופדיה,תרדיון,gender,גבר,113
2026-07-30T17:17:58,58,אורתופדיה,תרדיון,gender,אישה,2
2026-07-30T17:17:58,58,אורתופדיה,תרדיון,visit_type,ביקור במרפאה,116
2026-07-30T17:17:58,58,אורתופדיה,תרדיון,visit_type,שיחת טלפון,2
2026-07-30T17:17:58,58,אורתופדיה,תרדיון,language,אידיש,1
2026-07-30T17:17:58,58,אורתופדיה,תרדיון,language,איטלקית,1
2026-07-30T17:17:58,58,אורתופדיה,תרדיון,language,אנגלית,71
2026-07-30T17:17:58,58,אורתופדיה,תרדיון,language,בולגרית,1
2026-07-30T17:17:58,58,אורתופדיה,תרדיון,language,גרמנית,6
2026-07-30T17:17:58,58,אורתופדיה,תרדיון,language,הונגרית,1
2026-07-30T17:17:58,58,אורתופדיה,תרדיון,language,ספרדית,4
2026-07-30T17:17:58,58,אורתופדיה,תרדיון,language,עברית,113
2026-07-30T17:17:58,58,אורתופדיה,תרדיון,language,ערבית,77
2026-07-30T17:17:58,58,אורתופדיה,תרדיון,language,צכית,1
2026-07-30T17:17:58,58,אורתופדיה,תרדיון,language,צרפתית,2
2026-07-30T17:17:58,58,אורתופדיה,תרדיון,language,רומנית,15
2026-07-30T17:17:58,58,אורתופדיה,תרדיון,language,רוסית,26
2026-07-30T17:18:15,62,אף אוזן גרון,אבו גוש,gender,גבר,36
2026-07-30T17:18:15,62,אף אוזן גרון,אבו גוש,gender,אישה,4
2026-07-30T17:18:15,62,אף אוזן גרון,אבו גוש,visit_type,ביקור במרפאה,41
2026-07-30T17:18:15,62,אף אוזן גרון,אבו גוש,language,אידיש,4
2026-07-30T17:18:15,62,אף אוזן גרון,אבו גוש,language,איטלקית,1
2026-07-30T17:18:15,62,אף אוזן גרון,אבו גוש,language,אנגלית,10
2026-07-30T17:18:15,62,אף אוזן גרון,אבו גוש,language,עברית,10
2026-07-30T17:18:15,62,אף אוזן גרון,אבו גוש,language,ערבית,4
2026-07-30T17:18:15,62,אף אוזן גרון,אבו גוש,language,רוסית,4
2026-07-30T17:18:24,62,אף אוזן גרון,אדורים,gender,גבר,50
2026-07-30T17:18:24,62,אף אוזן גרון,אדורים,gender,אישה,7
2026-07-30T17:18:24,62,אף אוזן גרון,אדורים,visit_type,ביקור במרפאה,63
2026-07-30T17:18:24,62,אף אוזן גרון,אדורים,language,אוקראינית,1
2026-07-30T17:18:24,62,אף אוזן גרון,אדורים,language,אידיש,3
2026-07-30T17:18:24,62,אף אוזן גרון,אדורים,language,אנגלית,3
2026-07-30T17:18:24,62,אף אוזן גרון,אדורים,language,הונגרית,1
2026-07-30T17:18:24,62,אף אוזן גרון,אדורים,language,ספרדית,3
2026-07-30T17:18:24,62,אף אוזן גרון,אדורים,language,עברית,11
2026-07-30T17:18:24,62,אף אוזן גרון,אדורים,language,ערבית,5
2026-07-30T17:18:24,62,אף אוזן גרון,אדורים,language,צכית,1
2026-07-30T17:18:24,62,אף אוזן גרון,אדורים,language,רוסית,1
2026-07-30T17:18:38,62,אף אוזן גרון,אום א תות,gender,גבר,48
2026-07-30T17:18:38,62,אף אוזן גרון,אום א תות,gender,אישה,14
2026-07-30T17:18:38,62,אף אוזן גרון,אום א תות,visit_type,ביקור במרפאה,67
2026-07-30T17:18:38,62,אף אוזן גרון,אום א תות,visit_type,שיחת טלפון,1
2026-07-30T17:18:38,62,אף אוזן גרון,אום א תות,language,אוקראינית,1
2026-07-30T17:18:38,62,אף אוזן גרון,אום א תות,language,אידיש,4
2026-07-30T17:18:38,62,אף אוזן גרון,אום א תות,language,איטלקית,1
2026-07-30T17:18:38,62,אף אוזן גרון,אום א תות,language,אנגלית,12
2026-07-30T17:18:38,62,אף אוזן גרון,אום א תות,language,גרמנית,1
2026-07-30T17:18:38,62,אף אוזן גרון,אום א תות,language,עברית,16
2026-07-30T17:18:38,62,אף אוזן גרון,אום א תות,language,ערבית,3
2026-07-30T17:18:38,62,אף אוזן גרון,אום א תות,language,רומנית,2
2026-07-30T17:18:38,62,אף אוזן גרון,אום א תות,language,רוסית,6
2026-07-30T17:18:51,62,אף אוזן גרון,אחוזם,gender,גבר,32
2026-07-30T17:18:51,62,אף אוזן גרון,אחוזם,gender,אישה,3
2026-07-30T17:18:51,62,אף אוזן גרון,אחוזם,visit_type,ביקור במרפאה,41
2026-07-30T17:18:51,62,אף אוזן גרון,אחוזם,language,אוקראינית,1
2026-07-30T17:18:51,62,אף אוזן גרון,אחוזם,language,אנגלית,3
2026-07-30T17:18:51,62,אף אוזן גרון,אחוזם,language,הונגרית,1
2026-07-30T17:18:51,62,אף אוזן גרון,אחוזם,language,עברית,4
2026-07-30T17:18:51,62,אף אוזן גרון,אחוזם,language,ערבית,1
2026-07-30T17:18:51,62,אף אוזן גרון,אחוזם,language,צכית,1
2026-07-30T17:18:51,62,אף אוזן גרון,אחוזם,language,רוסית,1
2026-07-30T17:19:01,62,אף אוזן גרון,אייל,gender,גבר,67
2026-07-30T17:19:01,62,אף אוזן גרון,אייל,gender,אישה,18
2026-07-30T17:19:01,62,אף אוזן גרון,אייל,visit_type,ביקור במרפאה,91
2026-07-30T17:19:01,62,אף אוזן גרון,אייל,visit_type,שיחת טלפון,1
2026-07-30T17:19:01,62,אף אוזן גרון,אייל,language,אוקראינית,1
2026-07-30T17:19:01,62,אף אוזן גרון,אייל,language,אידיש,4
2026-07-30T17:19:01,62,אף אוזן גרון,אייל,language,איטלקית,1
2026-07-30T17:19:01,62,אף אוזן גרון,אייל,language,אנגלית,24
2026-07-30T17:19:01,62,אף אוזן גרון,אייל,language,גרמנית,2
2026-07-30T17:19:01,62,אף אוזן גרון,אייל,language,ספרדית,1
2026-07-30T17:19:01,62,אף אוזן גרון,אייל,language,עברית,35
2026-07-30T17:19:01,62,אף אוזן גרון,אייל,language,ערבית,6
2026-07-30T17:19:01,62,אף אוזן גרון,אייל,language,צרפתית,1
2026-07-30T17:19:01,62,אף אוזן גרון,אייל,language,רומנית,2
2026-07-30T17:19:01,62,אף אוזן גרון,אייל,language,רוסית,10
2026-07-30T17:19:18,62,אף אוזן גרון,אל הג'רה,gender,גבר,50
2026-07-30T17:19:18,62,אף אוזן גרון,אל הג'רה,gender,אישה,7
2026-07-30T17:19:18,62,אף אוזן גרון,אל הג'רה,visit_type,ביקור במרפאה,63
2026-07-30T17:19:18,62,אף אוזן גרון,אל הג'רה,language,אוקראינית,1
2026-07-30T17:19:18,62,אף אוזן גרון,אל הג'רה,language,אידיש,3
2026-07-30T17:19:18,62,אף אוזן גרון,אל הג'רה,language,אנגלית,3
2026-07-30T17:19:18,62,אף אוזן גרון,אל הג'רה,language,הונגרית,1
2026-07-30T17:19:18,62,אף אוזן גרון,אל הג'רה,language,ספרדית,3
2026-07-30T17:19:18,62,אף אוזן גרון,אל הג'רה,language,עברית,11
2026-07-30T17:19:18,62,אף אוזן גרון,אל הג'רה,language,ערבית,5
2026-07-30T17:19:18,62,אף אוזן גרון,אל הג'רה,language,צכית,1
2026-07-30T17:19:18,62,אף אוזן גרון,אל הג'רה,language,רוסית,1
2026-07-30T17:19:31,62,אף אוזן גרון,אמנון,gender,גבר,54
2026-07-30T17:19:31,62,אף אוזן גרון,אמנון,gender,אישה,5
2026-07-30T17:19:31,62,אף אוזן גרון,אמנון,visit_type,ביקור במרפאה,59
2026-07-30T17:19:31,62,אף אוזן גרון,אמנון,language,אנגלית,11
2026-07-30T17:19:31,62,אף אוזן גרון,אמנון,language,עברית,14
2026-07-30T17:19:31,62,אף אוזן גרון,אמנון,language,ערבית,14
2026-07-30T17:19:31,62,אף אוזן גרון,אמנון,language,רוסית,2
2026-07-30T17:19:40,62,אף אוזן גרון,אפרת,gender,גבר,36
2026-07-30T17:19:40,62,אף אוזן גרון,אפרת,gender,אישה,4
2026-07-30T17:19:40,62,אף אוזן גרון,אפרת,visit_type,ביקור במרפאה,41
2026-07-30T17:19:40,62,אף אוזן גרון,אפרת,language,אידיש,4
2026-07-30T17:19:40,62,אף אוזן גרון,אפרת,language,איטלקית,1
2026-07-30T17:19:40,62,אף אוזן גרון,אפרת,language,אנגלית,10
2026-07-30T17:19:40,62,אף אוזן גרון,אפרת,language,עברית,10
2026-07-30T17:19:40,62,אף אוזן גרון,אפרת,language,ערבית,4
2026-07-30T17:19:40,62,אף אוזן גרון,אפרת,language,רוסית,4
2026-07-30T17:19:47,62,אף אוזן גרון,אשדות יעקב איחוד,gender,גבר,54
2026-07-30T17:19:47,62,אף אוזן גרון,אשדות יעקב איחוד,gender,אישה,5
2026-07-30T17:19:47,62,אף אוזן גרון,אשדות יעקב איחוד,visit_type,ביקור במרפאה,59
2026-07-30T17:19:47,62,אף אוזן גרון,אשדות יעקב איחוד,language,אנגלית,11
2026-07-30T17:19:47,62,אף אוזן גרון,אשדות יעקב איחוד,language,עברית,14
2026-07-30T17:19:47,62,אף אוזן גרון,אשדות יעקב איחוד,language,ערבית,14
2026-07-30T17:19:47,62,אף אוזן גרון,אשדות יעקב איחוד,language,רוסית,2
2026-07-30T17:19:56,62,אף אוזן גרון,באר אורה,gender,גבר,1
2026-07-30T17:19:56,62,אף אוזן גרון,באר אורה,visit_type,ביקור במרפאה,4
2026-07-30T17:19:56,62,אף אוזן גרון,באר אורה,language,אנגלית,1
2026-07-30T17:19:56,62,אף אוזן גרון,באר אורה,language,עברית,1
2026-07-30T17:19:56,62,אף אוזן גרון,באר אורה,language,פרסית,1
2026-07-30T17:19:56,62,אף אוזן גרון,באר אורה,language,צרפתית,1
2026-07-30T17:19:58,62,אף אוזן גרון,בוקעתא,gender,גבר,54
2026-07-30T17:19:58,62,אף אוזן גרון,בוקעתא,gender,אישה,5
2026-07-30T17:19:58,62,אף אוזן גרון,בוקעתא,visit_type,ביקור במרפאה,59
2026-07-30T17:19:58,62,אף אוזן גרון,בוקעתא,language,אנגלית,11
2026-07-30T17:19:58,62,אף אוזן גרון,בוקעתא,language,עברית,14
2026-07-30T17:19:58,62,אף אוזן גרון,בוקעתא,language,ערבית,14
2026-07-30T17:19:58,62,אף אוזן גרון,בוקעתא,language,רוסית,2
2026-07-30T17:20:08,62,אף אוזן גרון,בי''ס אזורי מקיף מטה אשר,gender,גבר,62
2026-07-30T17:20:08,62,אף אוזן גרון,בי''ס אזורי מקיף מטה אשר,gender,אישה,13
2026-07-30T17:20:08,62,אף אוזן גרון,בי''ס אזורי מקיף מטה אשר,visit_type,ביקור במרפאה,77
2026-07-30T17:20:08,62,אף אוזן גרון,בי''ס אזורי מקיף מטה אשר,visit_type,שיחת טלפון,5
2026-07-30T17:20:08,62,אף אוזן גרון,בי''ס אזורי מקיף מטה אשר,language,איטלקית,6
2026-07-30T17:20:08,62,אף אוזן גרון,בי''ס אזורי מקיף מטה אשר,language,אנגלית,52
2026-07-30T17:20:08,62,אף אוזן גרון,בי''ס אזורי מקיף מטה אשר,language,גרמנית,6
2026-07-30T17:20:08,62,אף אוזן גרון,בי''ס אזורי מקיף מטה אשר,language,הולנדית,1
2026-07-30T17:20:08,62,אף אוזן גרון,בי''ס אזורי מקיף מטה אשר,language,הונגרית,1
2026-07-30T17:20:08,62,אף אוזן גרון,בי''ס אזורי מקיף מטה אשר,language,ספרדית,2
2026-07-30T17:20:08,62,אף אוזן גרון,בי''ס אזורי מקיף מטה אשר,language,עברית,76
2026-07-30T17:20:08,62,אף אוזן גרון,בי''ס אזורי מקיף מטה אשר,language,ערבית,51
2026-07-30T17:20:08,62,אף אוזן גרון,בי''ס אזורי מקיף מטה אשר,language,צרפתית,1
2026-07-30T17:20:08,62,אף אוזן גרון,בי''ס אזורי מקיף מטה אשר,language,רומנית,7
2026-07-30T17:20:08,62,אף אוזן גרון,בי''ס אזורי מקיף מטה אשר,language,רוסית,16
2026-07-30T17:20:21,62,אף אוזן גרון,בלאטה,gender,גבר,48
2026-07-30T17:20:21,62,אף אוזן גרון,בלאטה,gender,אישה,14
2026-07-30T17:20:21,62,אף אוזן גרון,בלאטה,visit_type,ביקור במרפאה,67
2026-07-30T17:20:21,62,אף אוזן גרון,בלאטה,visit_type,שיחת טלפון,1
2026-07-30T17:20:21,62,אף אוזן גרון,בלאטה,language,אוקראינית,1
2026-07-30T17:20:21,62,אף אוזן גרון,בלאטה,language,אידיש,4
2026-07-30T17:20:21,62,אף אוזן גרון,בלאטה,language,איטלקית,1
2026-07-30T17:20:21,62,אף אוזן גרון,בלאטה,language,אנגלית,12
2026-07-30T17:20:21,62,אף אוזן גרון,בלאטה,language,גרמנית,1
2026-07-30T17:20:21,62,אף אוזן גרון,בלאטה,language,עברית,16
2026-07-30T17:20:21,62,אף אוזן גרון,בלאטה,language,ערבית,3
2026-07-30T17:20:21,62,אף אוזן גרון,בלאטה,language,רומנית,2
2026-07-30T17:20:21,62,אף אוזן גרון,בלאטה,language,רוסית,6
2026-07-30T17:20:34,62,אף אוזן גרון,בני סוהילה,gender,גבר,50
2026-07-30T17:20:34,62,אף אוזן גרון,בני סוהילה,gender,אישה,7
2026-07-30T17:20:34,62,אף אוזן גרון,בני סוהילה,visit_type,ביקור במרפאה,63
2026-07-30T17:20:34,62,אף אוזן גרון,בני סוהילה,language,אוקראינית,1
2026-07-30T17:20:34,62,אף אוזן גרון,בני סוהילה,language,אידיש,3
2026-07-30T17:20:34,62,אף אוזן גרון,בני סוהילה,language,אנגלית,3
2026-07-30T17:20:34,62,אף אוזן גרון,בני סוהילה,language,הונגרית,1
2026-07-30T17:20:34,62,אף אוזן גרון,בני סוהילה,language,ספרדית,3
2026-07-30T17:20:34,62,אף אוזן גרון,בני סוהילה,language,עברית,11
2026-07-30T17:20:34,62,אף אוזן גרון,בני סוהילה,language,ערבית,5
2026-07-30T17:20:34,62,אף אוזן גרון,בני סוהילה,language,צכית,1
2026-07-30T17:20:34,62,אף אוזן גרון,בני סוהילה,language,רוסית,1
2026-07-30T17:20:47,62,אף אוזן גרון,בר יוחאי,gender,גבר,54
2026-07-30T17:20:47,62,אף אוזן גרון,בר יוחאי,gender,אישה,5
2026-07-30T17:20:47,62,אף אוזן גרון,בר יוחאי,visit_type,ביקור במרפאה,59
2026-07-30T17:20:47,62,אף אוזן גרון,בר יוחאי,language,אנגלית,11
2026-07-30T17:20:47,62,אף אוזן גרון,בר יוחאי,language,עברית,14
2026-07-30T17:20:47,62,אף אוזן גרון,בר יוחאי,language,ערבית,14
2026-07-30T17:20:47,62,אף אוזן גרון,בר יוחאי,language,רוסית,2
2026-07-30T17:20:56,62,אף אוזן גרון,בת חן,gender,גבר,48
2026-07-30T17:20:56,62,אף אוזן גרון,בת חן,gender,אישה,14
2026-07-30T17:20:56,62,אף אוזן גרון,בת חן,visit_type,ביקור במרפאה,67
2026-07-30T17:20:56,62,אף אוזן גרון,בת חן,visit_type,שיחת טלפון,1
2026-07-30T17:20:56,62,אף אוזן גרון,בת חן,language,אוקראינית,1
2026-07-30T17:20:56,62,אף אוזן גרון,בת חן,language,אידיש,4
2026-07-30T17:20:56,62,אף אוזן גרון,בת חן,language,איטלקית,1
2026-07-30T17:20:56,62,אף אוזן גרון,בת חן,language,אנגלית,12
2026-07-30T17:20:56,62,אף אוזן גרון,בת חן,language,גרמנית,1
2026-07-30T17:20:56,62,אף אוזן גרון,בת חן,language,עברית,16
2026-07-30T17:20:56,62,אף אוזן גרון,בת חן,language,ערבית,3
2026-07-30T17:20:56,62,אף אוזן גרון,בת חן,language,רומנית,2
2026-07-30T17:20:56,62,אף אוזן גרון,בת חן,language,רוסית,6
2026-07-30T17:21:09,62,אף אוזן גרון,גאולי תימן,gender,גבר,67
2026-07-30T17:21:09,62,אף אוזן גרון,גאולי תימן,gender,אישה,20
2026-07-30T17:21:09,62,אף אוזן גרון,גאולי תימן,visit_type,ביקור במרפאה,92
2026-07-30T17:21:09,62,אף אוזן גרון,גאולי תימן,visit_type,שיחת טלפון,1
2026-07-30T17:21:09,62,אף אוזן גרון,גאולי תימן,language,אוקראינית,1
2026-07-30T17:21:09,62,אף אוזן גרון,גאולי תימן,language,אידיש,4
2026-07-30T17:21:09,62,אף אוזן גרון,גאולי תימן,language,איטלקית,1
2026-07-30T17:21:09,62,אף אוזן גרון,גאולי תימן,language,אנגלית,19
2026-07-30T17:21:09,62,אף אוזן גרון,גאולי תימן,language,גרמנית,1
2026-07-30T17:21:09,62,אף אוזן גרון,גאולי תימן,language,ספרדית,1
2026-07-30T17:21:09,62,אף אוזן גרון,גאולי תימן,language,עברית,26
2026-07-30T17:21:09,62,אף אוזן גרון,גאולי תימן,language,ערבית,9
2026-07-30T17:21:09,62,אף אוזן גרון,גאולי תימן,language,רומנית,2
2026-07-30T17:21:09,62,אף אוזן גרון,גאולי תימן,language,רוסית,9
2026-07-30T17:21:25,62,אף אוזן גרון,גבעות בר,gender,גבר,50
2026-07-30T17:21:25,62,אף אוזן גרון,גבעות בר,gender,אישה,7
2026-07-30T17:21:25,62,אף אוזן גרון,גבעות בר,visit_type,ביקור במרפאה,63
2026-07-30T17:21:25,62,אף אוזן גרון,גבעות בר,language,אוקראינית,1
2026-07-30T17:21:25,62,אף אוזן גרון,גבעות בר,language,אידיש,3
2026-07-30T17:21:25,62,אף אוזן גרון,גבעות בר,language,אנגלית,3
2026-07-30T17:21:25,62,אף אוזן גרון,גבעות בר,language,הונגרית,1
2026-07-30T17:21:25,62,אף אוזן גרון,גבעות בר,language,ספרדית,3
2026-07-30T17:21:25,62,אף אוזן גרון,גבעות בר,language,עברית,11
2026-07-30T17:21:25,62,אף אוזן גרון,גבעות בר,language,ערבית,5
2026-07-30T17:21:25,62,אף אוזן גרון,גבעות בר,language,צכית,1
2026-07-30T17:21:25,62,אף אוזן גרון,גבעות בר,language,רוסית,1
2026-07-30T17:21:39,62,אף אוזן גרון,גזית,gender,גבר,86
2026-07-30T17:21:39,62,אף אוזן גרון,גזית,gender,אישה,8
2026-07-30T17:21:39,62,אף אוזן גרון,גזית,visit_type,ביקור במרפאה,95
2026-07-30T17:21:39,62,אף אוזן גרון,גזית,language,אנגלית,17
2026-07-30T17:21:39,62,אף אוזן גרון,גזית,language,ספרדית,1
2026-07-30T17:21:39,62,אף אוזן גרון,גזית,language,עברית,23
2026-07-30T17:21:39,62,אף אוזן גרון,גזית,language,ערבית,19
2026-07-30T17:21:39,62,אף אוזן גרון,גזית,language,רוסית,5
2026-07-30T17:21:53,62,אף אוזן גרון,גיתה,gender,גבר,35
2026-07-30T17:21:53,62,אף אוזן גרון,גיתה,gender,אישה,3
2026-07-30T17:21:53,62,אף אוזן גרון,גיתה,visit_type,ביקור במרפאה,38
2026-07-30T17:21:53,62,אף אוזן גרון,גיתה,visit_type,שיחת טלפון,1
2026-07-30T17:21:53,62,אף אוזן גרון,גיתה,language,איטלקית,5
2026-07-30T17:21:53,62,אף אוזן גרון,גיתה,language,אנגלית,29
2026-07-30T17:21:53,62,אף אוזן גרון,גיתה,language,גרמנית,2
2026-07-30T17:21:53,62,אף אוזן גרון,גיתה,language,הולנדית,1
2026-07-30T17:21:53,62,אף אוזן גרון,גיתה,language,ספרדית,1
2026-07-30T17:21:53,62,אף אוזן גרון,גיתה,language,עברית,38
2026-07-30T17:21:53,62,אף אוזן גרון,גיתה,language,ערבית,34
2026-07-30T17:21:53,62,אף אוזן גרון,גיתה,language,צרפתית,1
2026-07-30T17:21:53,62,אף אוזן גרון,גיתה,language,רומנית,7
2026-07-30T17:21:53,62,אף אוזן גרון,גיתה,language,רוסית,5
2026-07-30T17:21:59,62,אף אוזן גרון,גני טל,gender,גבר,30
2026-07-30T17:21:59,62,אף אוזן גרון,גני טל,gender,אישה,2
2026-07-30T17:21:59,62,אף אוזן גרון,גני טל,visit_type,ביקור במרפאה,44
2026-07-30T17:21:59,62,אף אוזן גרון,גני טל,language,איטלקית,1
2026-07-30T17:21:59,62,אף אוזן גרון,גני טל,language,אנגלית,12
2026-07-30T17:21:59,62,אף אוזן גרון,גני טל,language,ספרדית,1
2026-07-30T17:21:59,62,אף אוזן גרון,גני טל,language,עברית,18
2026-07-30T17:21:59,62,אף אוזן גרון,גני טל,language,ערבית,2
2026-07-30T17:21:59,62,אף אוזן גרון,גני טל,language,צרפתית,2
2026-07-30T17:21:59,62,אף אוזן גרון,גני טל,language,רוסית,7
2026-07-30T17:22:10,62,אף אוזן גרון,גשר,gender,גבר,86
2026-07-30T17:22:10,62,אף אוזן גרון,גשר,gender,אישה,8
2026-07-30T17:22:10,62,אף אוזן גרון,גשר,visit_type,ביקור במרפאה,95
2026-07-30T17:22:10,62,אף אוזן גרון,גשר,language,אנגלית,17
2026-07-30T17:22:10,62,אף אוזן גרון,גשר,language,ספרדית,1
2026-07-30T17:22:10,62,אף אוזן גרון,גשר,language,עברית,23
2026-07-30T17:22:10,62,אף אוזן גרון,גשר,language,ערבית,19
2026-07-30T17:22:10,62,אף אוזן גרון,גשר,language,רוסית,5
2026-07-30T17:22:25,62,אף אוזן גרון,דגניה ב',gender,גבר,54
2026-07-30T17:22:25,62,אף אוזן גרון,דגניה ב',gender,אישה,5
2026-07-30T17:22:25,62,אף אוזן גרון,דגניה ב',visit_type,ביקור במרפאה,59
2026-07-30T17:22:25,62,אף אוזן גרון,דגניה ב',language,אנגלית,11
2026-07-30T17:22:25,62,אף אוזן גרון,דגניה ב',language,עברית,14
2026-07-30T17:22:25,62,אף אוזן גרון,דגניה ב',language,ערבית,14
2026-07-30T17:22:25,62,אף אוזן גרון,דגניה ב',language,רוסית,2
2026-07-30T17:22:35,62,אף אוזן גרון,דורות,gender,גבר,32
2026-07-30T17:22:35,62,אף אוזן גרון,דורות,gender,אישה,3
2026-07-30T17:22:35,62,אף אוזן גרון,דורות,visit_type,ביקור במרפאה,41
2026-07-30T17:22:35,62,אף אוזן גרון,דורות,language,אוקראינית,1
2026-07-30T17:22:35,62,אף אוזן גרון,דורות,language,אנגלית,3
2026-07-30T17:22:35,62,אף אוזן גרון,דורות,language,הונגרית,1
2026-07-30T17:22:35,62,אף אוזן גרון,דורות,language,עברית,4
2026-07-30T17:22:35,62,אף אוזן גרון,דורות,language,ערבית,1
2026-07-30T17:22:35,62,אף אוזן גרון,דורות,language,צכית,1
2026-07-30T17:22:35,62,אף אוזן גרון,דורות,language,רוסית,1
2026-07-30T17:22:44,62,אף אוזן גרון,דיר איסתיא,gender,גבר,48
2026-07-30T17:22:44,62,אף אוזן גרון,דיר איסתיא,gender,אישה,14
2026-07-30T17:22:44,62,אף אוזן גרון,דיר איסתיא,visit_type,ביקור במרפאה,67
2026-07-30T17:22:44,62,אף אוזן גרון,דיר איסתיא,visit_type,שיחת טלפון,1
2026-07-30T17:22:44,62,אף אוזן גרון,דיר איסתיא,language,אוקראינית,1
2026-07-30T17:22:44,62,אף אוזן גרון,דיר איסתיא,language,אידיש,4
2026-07-30T17:22:44,62,אף אוזן גרון,דיר איסתיא,language,איטלקית,1
2026-07-30T17:22:44,62,אף אוזן גרון,דיר איסתיא,language,אנגלית,12
2026-07-30T17:22:44,62,אף אוזן גרון,דיר איסתיא,language,גרמנית,1
2026-07-30T17:22:44,62,אף אוזן גרון,דיר איסתיא,language,עברית,16
2026-07-30T17:22:44,62,אף אוזן גרון,דיר איסתיא,language,ערבית,3
2026-07-30T17:22:44,62,אף אוזן גרון,דיר איסתיא,language,רומנית,2
2026-07-30T17:22:44,62,אף אוזן גרון,דיר איסתיא,language,רוסית,6
2026-07-30T17:22:56,62,אף אוזן גרון,האשימיה,gender,גבר,48
2026-07-30T17:22:56,62,אף אוזן גרון,האשימיה,gender,אישה,14
2026-07-30T17:22:56,62,אף אוזן גרון,האשימיה,visit_type,ביקור במרפאה,67
2026-07-30T17:22:56,62,אף אוזן גרון,האשימיה,visit_type,שיחת טלפון,1
2026-07-30T17:22:56,62,אף אוזן גרון,האשימיה,language,אוקראינית,1
2026-07-30T17:22:56,62,אף אוזן גרון,האשימיה,language,אידיש,4
2026-07-30T17:22:56,62,אף אוזן גרון,האשימיה,language,איטלקית,1
2026-07-30T17:22:56,62,אף אוזן גרון,האשימיה,language,אנגלית,12
2026-07-30T17:22:56,62,אף אוזן גרון,האשימיה,language,גרמנית,1
2026-07-30T17:22:56,62,אף אוזן גרון,האשימיה,language,עברית,16
2026-07-30T17:22:56,62,אף אוזן גרון,האשימיה,language,ערבית,3
2026-07-30T17:22:56,62,אף אוזן גרון,האשימיה,language,רומנית,2
2026-07-30T17:22:56,62,אף אוזן גרון,האשימיה,language,רוסית,6
2026-07-30T17:23:08,62,אף אוזן גרון,הזורע,gender,גבר,66
2026-07-30T17:23:08,62,אף אוזן גרון,הזורע,gender,אישה,13
2026-07-30T17:23:08,62,אף אוזן גרון,הזורע,visit_type,ביקור במרפאה,82
2026-07-30T17:23:08,62,אף אוזן גרון,הזורע,visit_type,שיחת טלפון,4
2026-07-30T17:23:08,62,אף אוזן גרון,הזורע,language,איטלקית,1
2026-07-30T17:23:08,62,אף אוזן גרון,הזורע,language,אנגלית,24
2026-07-30T17:23:08,62,אף אוזן גרון,הזורע,language,גרמנית,4
2026-07-30T17:23:08,62,אף אוזן גרון,הזורע,language,הונגרית,1
2026-07-30T17:23:08,62,אף אוזן גרון,הזורע,language,ספרדית,1
2026-07-30T17:23:08,62,אף אוזן גרון,הזורע,language,עברית,39
2026-07-30T17:23:08,62,אף אוזן גרון,הזורע,language,ערבית,18
2026-07-30T17:23:08,62,אף אוזן גרון,הזורע,language,רוסית,11
2026-07-30T17:23:21,62,אף אוזן גרון,הר גילה,gender,גבר,36
2026-07-30T17:23:21,62,אף אוזן גרון,הר גילה,gender,אישה,4
2026-07-30T17:23:21,62,אף אוזן גרון,הר גילה,visit_type,ביקור במרפאה,41
2026-07-30T17:23:21,62,אף אוזן גרון,הר גילה,language,אידיש,4
2026-07-30T17:23:21,62,אף אוזן גרון,הר גילה,language,איטלקית,1
2026-07-30T17:23:21,62,אף אוזן גרון,הר גילה,language,אנגלית,10
2026-07-30T17:23:21,62,אף אוזן גרון,הר גילה,language,עברית,10
2026-07-30T17:23:21,62,אף אוזן גרון,הר גילה,language,ערבית,4
2026-07-30T17:23:21,62,אף אוזן גרון,הר גילה,language,רוסית,4
2026-07-30T17:23:29,62,אף אוזן גרון,זאוויה בצפון שומרון,gender,גבר,48
2026-07-30T17:23:29,62,אף אוזן גרון,זאוויה בצפון שומרון,gender,אישה,14
2026-07-30T17:23:29,62,אף אוזן גרון,זאוויה בצפון שומרון,visit_type,ביקור במרפאה,67
2026-07-30T17:23:29,62,אף אוזן גרון,זאוויה בצפון שומרון,visit_type,שיחת טלפון,1
2026-07-30T17:23:29,62,אף אוזן גרון,זאוויה בצפון שומרון,language,אוקראינית,1
2026-07-30T17:23:29,62,אף אוזן גרון,זאוויה בצפון שומרון,language,אידיש,4
2026-07-30T17:23:29,62,אף אוזן גרון,זאוויה בצפון שומרון,language,איטלקית,1
2026-07-30T17:23:29,62,אף אוזן גרון,זאוויה בצפון שומרון,language,אנגלית,12
2026-07-30T17:23:29,62,אף אוזן גרון,זאוויה בצפון שומרון,language,גרמנית,1
2026-07-30T17:23:29,62,אף אוזן גרון,זאוויה בצפון שומרון,language,עברית,16
2026-07-30T17:23:29,62,אף אוזן גרון,זאוויה בצפון שומרון,language,ערבית,3
2026-07-30T17:23:29,62,אף אוזן גרון,זאוויה בצפון שומרון,language,רומנית,2
2026-07-30T17:23:29,62,אף אוזן גרון,זאוויה בצפון שומרון,language,רוסית,6
2026-07-30T17:23:39,62,אף אוזן גרון,זיתא ליד באקה אל ע'רביה,gender,גבר,48
2026-07-30T17:23:39,62,אף אוזן גרון,זיתא ליד באקה אל ע'רביה,gender,אישה,14
2026-07-30T17:23:39,62,אף אוזן גרון,זיתא ליד באקה אל ע'רביה,visit_type,ביקור במרפאה,67
2026-07-30T17:23:39,62,אף אוזן גרון,זיתא ליד באקה אל ע'רביה,visit_type,שיחת טלפון,1
2026-07-30T17:23:39,62,אף אוזן גרון,זיתא ליד באקה אל ע'רביה,language,אוקראינית,1
2026-07-30T17:23:39,62,אף אוזן גרון,זיתא ליד באקה אל ע'רביה,language,אידיש,4
2026-07-30T17:23:39,62,אף אוזן גרון,זיתא ליד באקה אל ע'רביה,language,איטלקית,1
2026-07-30T17:23:39,62,אף אוזן גרון,זיתא ליד באקה אל ע'רביה,language,אנגלית,12
2026-07-30T17:23:39,62,אף אוזן גרון,זיתא ליד באקה אל ע'רביה,language,גרמנית,1
2026-07-30T17:23:39,62,אף אוזן גרון,זיתא ליד באקה אל ע'רביה,language,עברית,16
2026-07-30T17:23:39,62,אף אוזן גרון,זיתא ליד באקה אל ע'רביה,language,ערבית,3
2026-07-30T17:23:39,62,אף אוזן גרון,זיתא ליד באקה אל ע'רביה,language,רומנית,2
2026-07-30T17:23:39,62,אף אוזן גרון,זיתא ליד באקה אל ע'רביה,language,רוסית,6
2026-07-30T17:23:50,62,אף אוזן גרון,זרחיה,gender,גבר,21
2026-07-30T17:23:50,62,אף אוזן גרון,זרחיה,gender,אישה,2
2026-07-30T17:23:50,62,אף אוזן גרון,זרחיה,visit_type,ביקור במרפאה,27
2026-07-30T17:23:50,62,אף אוזן גרון,זרחיה,language,איטלקית,1
2026-07-30T17:23:50,62,אף אוזן גרון,זרחיה,language,אנגלית,8
2026-07-30T17:23:50,62,אף אוזן גרון,זרחיה,language,ספרדית,1
2026-07-30T17:23:50,62,אף אוזן גרון,זרחיה,language,עברית,10
2026-07-30T17:23:50,62,אף אוזן גרון,זרחיה,language,צרפתית,2
2026-07-30T17:23:50,62,אף אוזן גרון,זרחיה,language,רוסית,4
2026-07-30T17:23:57,62,אף אוזן גרון,חגי,gender,גבר,50
2026-07-30T17:23:57,62,אף אוזן גרון,חגי,gender,אישה,7
2026-07-30T17:23:57,62,אף אוזן גרון,חגי,visit_type,ביקור במרפאה,63
2026-07-30T17:23:57,62,אף אוזן גרון,חגי,language,אוקראינית,1
2026-07-30T17:23:57,62,אף אוזן גרון,חגי,language,אידיש,3
2026-07-30T17:23:57,62,אף אוזן גרון,חגי,language,אנגלית,3
2026-07-30T17:23:57,62,אף אוזן גרון,חגי,language,הונגרית,1
2026-07-30T17:23:57,62,אף אוזן גרון,חגי,language,ספרדית,3
2026-07-30T17:23:57,62,אף אוזן גרון,חגי,language,עברית,11
2026-07-30T17:23:57,62,אף אוזן גרון,חגי,language,ערבית,5
2026-07-30T17:23:57,62,אף אוזן גרון,חגי,language,צכית,1
2026-07-30T17:23:57,62,אף אוזן גרון,חגי,language,רוסית,1
2026-07-30T17:24:10,62,אף אוזן גרון,חוסאן,gender,גבר,36
2026-07-30T17:24:10,62,אף אוזן גרון,חוסאן,gender,אישה,4
2026-07-30T17:24:10,62,אף אוזן גרון,חוסאן,visit_type,ביקור במרפאה,41
2026-07-30T17:24:10,62,אף אוזן גרון,חוסאן,language,אידיש,4
2026-07-30T17:24:10,62,אף אוזן גרון,חוסאן,language,איטלקית,1
2026-07-30T17:24:10,62,אף אוזן גרון,חוסאן,language,אנגלית,10
2026-07-30T17:24:10,62,אף אוזן גרון,חוסאן,language,עברית,10
2026-07-30T17:24:10,62,אף אוזן גרון,חוסאן,language,ערבית,4
2026-07-30T17:24:10,62,אף אוזן גרון,חוסאן,language,רוסית,4
2026-07-30T17:24:19,62,אף אוזן גרון,חלוץ,gender,גבר,62
2026-07-30T17:24:19,62,אף אוזן גרון,חלוץ,gender,אישה,13
2026-07-30T17:24:19,62,אף אוזן גרון,חלוץ,visit_type,ביקור במרפאה,77
2026-07-30T17:24:19,62,אף אוזן גרון,חלוץ,visit_type,שיחת טלפון,5
2026-07-30T17:24:19,62,אף אוזן גרון,חלוץ,language,איטלקית,6
2026-07-30T17:24:19,62,אף אוזן גרון,חלוץ,language,אנגלית,52
2026-07-30T17:24:19,62,אף אוזן גרון,חלוץ,language,גרמנית,6
2026-07-30T17:24:19,62,אף אוזן גרון,חלוץ,language,הולנדית,1
2026-07-30T17:24:19,62,אף אוזן גרון,חלוץ,language,הונגרית,1
2026-07-30T17:24:19,62,אף אוזן גרון,חלוץ,language,ספרדית,2
2026-07-30T17:24:19,62,אף אוזן גרון,חלוץ,language,עברית,76
2026-07-30T17:24:19,62,אף אוזן גרון,חלוץ,language,ערבית,51
2026-07-30T17:24:19,62,אף אוזן גרון,חלוץ,language,צרפתית,1
2026-07-30T17:24:19,62,אף אוזן גרון,חלוץ,language,רומנית,7
2026-07-30T17:24:19,62,אף אוזן גרון,חלוץ,language,רוסית,16
2026-07-30T17:24:32,62,אף אוזן גרון,חנתון,gender,גבר,54
2026-07-30T17:24:32,62,אף אוזן גרון,חנתון,gender,אישה,5
2026-07-30T17:24:32,62,אף אוזן גרון,חנתון,visit_type,ביקור במרפאה,59
2026-07-30T17:24:32,62,אף אוזן גרון,חנתון,language,אנגלית,11
2026-07-30T17:24:32,62,אף אוזן גרון,חנתון,language,עברית,14
2026-07-30T17:24:32,62,אף אוזן גרון,חנתון,language,ערבית,14
2026-07-30T17:24:32,62,אף אוזן גרון,חנתון,language,רוסית,2
2026-07-30T17:24:42,62,אף אוזן גרון,חרוצים,gender,גבר,67
2026-07-30T17:24:42,62,אף אוזן גרון,חרוצים,gender,אישה,18
2026-07-30T17:24:42,62,אף אוזן גרון,חרוצים,visit_type,ביקור במרפאה,91
2026-07-30T17:24:42,62,אף אוזן גרון,חרוצים,visit_type,שיחת טלפון,1
2026-07-30T17:24:42,62,אף אוזן גרון,חרוצים,language,אוקראינית,1
2026-07-30T17:24:42,62,אף אוזן גרון,חרוצים,language,אידיש,4
2026-07-30T17:24:42,62,אף אוזן גרון,חרוצים,language,איטלקית,1
2026-07-30T17:24:42,62,אף אוזן גרון,חרוצים,language,אנגלית,24
2026-07-30T17:24:42,62,אף אוזן גרון,חרוצים,language,גרמנית,2
2026-07-30T17:24:42,62,אף אוזן גרון,חרוצים,language,ספרדית,1
2026-07-30T17:24:42,62,אף אוזן גרון,חרוצים,language,עברית,35
2026-07-30T17:24:42,62,אף אוזן גרון,חרוצים,language,ערבית,6
2026-07-30T17:24:42,62,אף אוזן גרון,חרוצים,language,צרפתית,1
2026-07-30T17:24:42,62,אף אוזן גרון,חרוצים,language,רומנית,2
2026-07-30T17:24:42,62,אף אוזן גרון,חרוצים,language,רוסית,10
2026-07-30T17:24:58,62,אף אוזן גרון,טורה על ע'רביה,gender,גבר,48
2026-07-30T17:24:58,62,אף אוזן גרון,טורה על ע'רביה,gender,אישה,14
2026-07-30T17:24:58,62,אף אוזן גרון,טורה על ע'רביה,visit_type,ביקור במרפאה,67
2026-07-30T17:24:58,62,אף אוזן גרון,טורה על ע'רביה,visit_type,שיחת טלפון,1
2026-07-30T17:24:58,62,אף אוזן גרון,טורה על ע'רביה,language,אוקראינית,1
2026-07-30T17:24:58,62,אף אוזן גרון,טורה על ע'רביה,language,אידיש,4
2026-07-30T17:24:58,62,אף אוזן גרון,טורה על ע'רביה,language,איטלקית,1
2026-07-30T17:24:58,62,אף אוזן גרון,טורה על ע'רביה,language,אנגלית,12
2026-07-30T17:24:58,62,אף אוזן גרון,טורה על ע'רביה,language,גרמנית,1
2026-07-30T17:24:58,62,אף אוזן גרון,טורה על ע'רביה,language,עברית,16
2026-07-30T17:24:58,62,אף אוזן גרון,טורה על ע'רביה,language,ערבית,3
2026-07-30T17:24:58,62,אף אוזן גרון,טורה על ע'רביה,language,רומנית,2
2026-07-30T17:24:58,62,אף אוזן גרון,טורה על ע'רביה,language,רוסית,6
2026-07-30T17:25:08,62,אף אוזן גרון,טל שחר,gender,גבר,22
2026-07-30T17:25:08,62,אף אוזן גרון,טל שחר,gender,אישה,1
2026-07-30T17:25:08,62,אף אוזן גרון,טל שחר,visit_type,ביקור במרפאה,32
2026-07-30T17:25:08,62,אף אוזן גרון,טל שחר,language,איטלקית,1
2026-07-30T17:25:08,62,אף אוזן גרון,טל שחר,language,אנגלית,9
2026-07-30T17:25:08,62,אף אוזן גרון,טל שחר,language,עברית,14
2026-07-30T17:25:08,62,אף אוזן גרון,טל שחר,language,ערבית,2
2026-07-30T17:25:08,62,אף אוזן גרון,טל שחר,language,צרפתית,1
2026-07-30T17:25:08,62,אף אוזן גרון,טל שחר,language,רוסית,4
2026-07-30T17:25:15,62,אף אוזן גרון,יאנוח ג'ת,gender,גבר,35
2026-07-30T17:25:15,62,אף אוזן גרון,יאנוח ג'ת,gender,אישה,3
2026-07-30T17:25:15,62,אף אוזן גרון,יאנוח ג'ת,visit_type,ביקור במרפאה,38
2026-07-30T17:25:15,62,אף אוזן גרון,יאנוח ג'ת,visit_type,שיחת טלפון,1
2026-07-30T17:25:15,62,אף אוזן גרון,יאנוח ג'ת,language,איטלקית,5
2026-07-30T17:25:15,62,אף אוזן גרון,יאנוח ג'ת,language,אנגלית,29
2026-07-30T17:25:15,62,אף אוזן גרון,יאנוח ג'ת,language,גרמנית,2
2026-07-30T17:25:15,62,אף אוזן גרון,יאנוח ג'ת,language,הולנדית,1
2026-07-30T17:25:15,62,אף אוזן גרון,יאנוח ג'ת,language,ספרדית,1
2026-07-30T17:25:15,62,אף אוזן גרון,יאנוח ג'ת,language,עברית,38
2026-07-30T17:25:15,62,אף אוזן גרון,יאנוח ג'ת,language,ערבית,34
2026-07-30T17:25:15,62,אף אוזן גרון,יאנוח ג'ת,language,צרפתית,1
2026-07-30T17:25:15,62,אף אוזן גרון,יאנוח ג'ת,language,רומנית,7
2026-07-30T17:25:15,62,אף אוזן גרון,יאנוח ג'ת,language,רוסית,5
2026-07-30T17:25:22,62,אף אוזן גרון,יגל,gender,גבר,22
2026-07-30T17:25:22,62,אף אוזן גרון,יגל,gender,אישה,1
2026-07-30T17:25:22,62,אף אוזן גרון,יגל,visit_type,ביקור במרפאה,32
2026-07-30T17:25:22,62,אף אוזן גרון,יגל,language,איטלקית,1
2026-07-30T17:25:22,62,אף אוזן גרון,יגל,language,אנגלית,9
2026-07-30T17:25:22,62,אף אוזן גרון,יגל,language,עברית,14
2026-07-30T17:25:22,62,אף אוזן גרון,יגל,language,ערבית,2
2026-07-30T17:25:22,62,אף אוזן גרון,יגל,language,צרפתית,1
2026-07-30T17:25:22,62,אף אוזן גרון,יגל,language,רוסית,4
2026-07-30T17:25:29,62,אף אוזן גרון,יובל,gender,גבר,54
2026-07-30T17:25:29,62,אף אוזן גרון,יובל,gender,אישה,5
2026-07-30T17:25:29,62,אף אוזן גרון,יובל,visit_type,ביקור במרפאה,59
2026-07-30T17:25:29,62,אף אוזן גרון,יובל,language,אנגלית,11
2026-07-30T17:25:29,62,אף אוזן גרון,יובל,language,עברית,14
2026-07-30T17:25:29,62,אף אוזן גרון,יובל,language,ערבית,14
2026-07-30T17:25:29,62,אף אוזן גרון,יובל,language,רוסית,2
2026-07-30T17:25:39,62,אף אוזן גרון,יכיני,gender,גבר,32
2026-07-30T17:25:39,62,אף אוזן גרון,יכיני,gender,אישה,3
2026-07-30T17:25:39,62,אף אוזן גרון,יכיני,visit_type,ביקור במרפאה,41
2026-07-30T17:25:39,62,אף אוזן גרון,יכיני,language,אוקראינית,1
2026-07-30T17:25:39,62,אף אוזן גרון,יכיני,language,אנגלית,3
2026-07-30T17:25:39,62,אף אוזן גרון,יכיני,language,הונגרית,1
2026-07-30T17:25:39,62,אף אוזן גרון,יכיני,language,עברית,4
2026-07-30T17:25:39,62,אף אוזן גרון,יכיני,language,ערבית,1
2026-07-30T17:25:39,62,אף אוזן גרון,יכיני,language,צכית,1
2026-07-30T17:25:39,62,אף אוזן גרון,יכיני,language,רוסית,1
2026-07-30T17:25:50,62,אף אוזן גרון,יערה,gender,גבר,35
2026-07-30T17:25:50,62,אף אוזן גרון,יערה,gender,אישה,3
2026-07-30T17:25:50,62,אף אוזן גרון,יערה,visit_type,ביקור במרפאה,38
2026-07-30T17:25:50,62,אף אוזן גרון,יערה,visit_type,שיחת טלפון,1
2026-07-30T17:25:50,62,אף אוזן גרון,יערה,language,איטלקית,5
2026-07-30T17:25:50,62,אף אוזן גרון,יערה,language,אנגלית,29
2026-07-30T17:25:50,62,אף אוזן גרון,יערה,language,גרמנית,2
2026-07-30T17:25:50,62,אף אוזן גרון,יערה,language,הולנדית,1
2026-07-30T17:25:50,62,אף אוזן גרון,יערה,language,ספרדית,1
2026-07-30T17:25:50,62,אף אוזן גרון,יערה,language,עברית,38
2026-07-30T17:25:50,62,אף אוזן גרון,יערה,language,ערבית,34
2026-07-30T17:25:50,62,אף אוזן גרון,יערה,language,צרפתית,1
2026-07-30T17:25:50,62,אף אוזן גרון,יערה,language,רומנית,7
2026-07-30T17:25:50,62,אף אוזן גרון,יערה,language,רוסית,5
2026-07-30T17:25:58,62,אף אוזן גרון,יקנעם עילית,gender,גבר,66
2026-07-30T17:25:58,62,אף אוזן גרון,יקנעם עילית,gender,אישה,13
2026-07-30T17:25:58,62,אף אוזן גרון,יקנעם עילית,visit_type,ביקור במרפאה,82
2026-07-30T17:25:58,62,אף אוזן גרון,יקנעם עילית,visit_type,שיחת טלפון,4
2026-07-30T17:25:58,62,אף אוזן גרון,יקנעם עילית,language,איטלקית,1
2026-07-30T17:25:58,62,אף אוזן גרון,יקנעם עילית,language,אנגלית,24
2026-07-30T17:25:58,62,אף אוזן גרון,יקנעם עילית,language,גרמנית,4
2026-07-30T17:25:58,62,אף אוזן גרון,יקנעם עילית,language,הונגרית,1
2026-07-30T17:25:58,62,אף אוזן גרון,יקנעם עילית,language,ספרדית,1
2026-07-30T17:25:58,62,אף אוזן גרון,יקנעם עילית,language,עברית,39
2026-07-30T17:25:58,62,אף אוזן גרון,יקנעם עילית,language,ערבית,18
2026-07-30T17:25:58,62,אף אוזן גרון,יקנעם עילית,language,רוסית,11
2026-07-30T17:26:09,62,אף אוזן גרון,ישעי,gender,גבר,36
2026-07-30T17:26:09,62,אף אוזן גרון,ישעי,gender,אישה,4
2026-07-30T17:26:09,62,אף אוזן גרון,ישעי,visit_type,ביקור במרפאה,41
2026-07-30T17:26:09,62,אף אוזן גרון,ישעי,language,אידיש,4
2026-07-30T17:26:09,62,אף אוזן גרון,ישעי,language,איטלקית,1
2026-07-30T17:26:09,62,אף אוזן גרון,ישעי,language,אנגלית,10
2026-07-30T17:26:09,62,אף אוזן גרון,ישעי,language,עברית,10
2026-07-30T17:26:09,62,אף אוזן גרון,ישעי,language,ערבית,4
2026-07-30T17:26:09,62,אף אוזן גרון,ישעי,language,רוסית,4
2026-07-30T17:26:18,62,אף אוזן גרון,כוחלה,gender,גבר,38
2026-07-30T17:26:18,62,אף אוזן גרון,כוחלה,gender,אישה,6
2026-07-30T17:26:18,62,אף אוזן גרון,כוחלה,visit_type,ביקור במרפאה,47
2026-07-30T17:26:18,62,אף אוזן גרון,כוחלה,language,אוקראינית,1
2026-07-30T17:26:18,62,אף אוזן גרון,כוחלה,language,אידיש,3
2026-07-30T17:26:18,62,אף אוזן גרון,כוחלה,language,אנגלית,3
2026-07-30T17:26:18,62,אף אוזן גרון,כוחלה,language,הונגרית,1
2026-07-30T17:26:18,62,אף אוזן גרון,כוחלה,language,ספרדית,3
2026-07-30T17:26:18,62,אף אוזן גרון,כוחלה,language,עברית,10
2026-07-30T17:26:18,62,אף אוזן גרון,כוחלה,language,ערבית,4
2026-07-30T17:26:18,62,אף אוזן גרון,כוחלה,language,צכית,1
2026-07-30T17:26:18,62,אף אוזן גרון,כוחלה,language,רוסית,1
2026-07-30T17:26:28,62,אף אוזן גרון,כינרת מושבה,gender,גבר,54
2026-07-30T17:26:28,62,אף אוזן גרון,כינרת מושבה,gender,אישה,5
2026-07-30T17:26:28,62,אף אוזן גרון,כינרת מושבה,visit_type,ביקור במרפאה,59
2026-07-30T17:26:28,62,אף אוזן גרון,כינרת מושבה,language,אנגלית,11
2026-07-30T17:26:28,62,אף אוזן גרון,כינרת מושבה,language,עברית,14
2026-07-30T17:26:28,62,אף אוזן גרון,כינרת מושבה,language,ערבית,14
2026-07-30T17:26:28,62,אף אוזן גרון,כינרת מושבה,language,רוסית,2
2026-07-30T17:26:39,62,אף אוזן גרון,כמהין,gender,גבר,38
2026-07-30T17:26:39,62,אף אוזן גרון,כמהין,gender,אישה,6
2026-07-30T17:26:39,62,אף אוזן גרון,כמהין,visit_type,ביקור במרפאה,47
2026-07-30T17:26:39,62,אף אוזן גרון,כמהין,language,אוקראינית,1
2026-07-30T17:26:39,62,אף אוזן גרון,כמהין,language,אידיש,3
2026-07-30T17:26:39,62,אף אוזן גרון,כמהין,language,אנגלית,3
2026-07-30T17:26:39,62,אף אוזן גרון,כמהין,language,הונגרית,1
2026-07-30T17:26:39,62,אף אוזן גרון,כמהין,language,ספרדית,3
2026-07-30T17:26:39,62,אף אוזן גרון,כמהין,language,עברית,10
2026-07-30T17:26:39,62,אף אוזן גרון,כמהין,language,ערבית,4
2026-07-30T17:26:39,62,אף אוזן גרון,כמהין,language,צכית,1
2026-07-30T17:26:39,62,אף אוזן גרון,כמהין,language,רוסית,1
2026-07-30T17:26:49,62,אף אוזן גרון,כפר אדומים,gender,גבר,36
2026-07-30T17:26:49,62,אף אוזן גרון,כפר אדומים,gender,אישה,4
2026-07-30T17:26:49,62,אף אוזן גרון,כפר אדומים,visit_type,ביקור במרפאה,41
2026-07-30T17:26:49,62,אף אוזן גרון,כפר אדומים,language,אידיש,4
2026-07-30T17:26:49,62,אף אוזן גרון,כפר אדומים,language,איטלקית,1
2026-07-30T17:26:49,62,אף אוזן גרון,כפר אדומים,language,אנגלית,10
2026-07-30T17:26:49,62,אף אוזן גרון,כפר אדומים,language,עברית,10
2026-07-30T17:26:49,62,אף אוזן גרון,כפר אדומים,language,ערבית,4
2026-07-30T17:26:49,62,אף אוזן גרון,כפר אדומים,language,רוסית,4
2026-07-30T17:26:56,62,אף אוזן גרון,כרם בן זמרה,gender,גבר,54
2026-07-30T17:26:56,62,אף אוזן גרון,כרם בן זמרה,gender,אישה,5
2026-07-30T17:26:56,62,אף אוזן גרון,כרם בן זמרה,visit_type,ביקור במרפאה,59
2026-07-30T17:26:56,62,אף אוזן גרון,כרם בן זמרה,language,אנגלית,11
2026-07-30T17:26:56,62,אף אוזן גרון,כרם בן זמרה,language,עברית,14
2026-07-30T17:26:56,62,אף אוזן גרון,כרם בן זמרה,language,ערבית,14
2026-07-30T17:26:56,62,אף אוזן גרון,כרם בן זמרה,language,רוסית,2
2026-07-30T17:27:07,62,אף אוזן גרון,לביא,gender,גבר,54
2026-07-30T17:27:07,62,אף אוזן גרון,לביא,gender,אישה,5
2026-07-30T17:27:07,62,אף אוזן גרון,לביא,visit_type,ביקור במרפאה,59
2026-07-30T17:27:07,62,אף אוזן גרון,לביא,language,אנגלית,11
2026-07-30T17:27:07,62,אף אוזן גרון,לביא,language,עברית,14
2026-07-30T17:27:07,62,אף אוזן גרון,לביא,language,ערבית,14
2026-07-30T17:27:07,62,אף אוזן גרון,לביא,language,רוסית,2
2026-07-30T17:27:16,62,אף אוזן גרון,לוטם,gender,גבר,47
2026-07-30T17:27:16,62,אף אוזן גרון,לוטם,gender,אישה,8
2026-07-30T17:27:16,62,אף אוזן גרון,לוטם,visit_type,ביקור במרפאה,55
2026-07-30T17:27:16,62,אף אוזן גרון,לוטם,visit_type,שיחת טלפון,2
2026-07-30T17:27:16,62,אף אוזן גרון,לוטם,language,איטלקית,5
2026-07-30T17:27:16,62,אף אוזן גרון,לוטם,language,אנגלית,40
2026-07-30T17:27:16,62,אף אוזן גרון,לוטם,language,גרמנית,4
2026-07-30T17:27:16,62,אף אוזן גרון,לוטם,language,הולנדית,1
2026-07-30T17:27:16,62,אף אוזן גרון,לוטם,language,הונגרית,1
2026-07-30T17:27:16,62,אף אוזן גרון,לוטם,language,ספרדית,1
2026-07-30T17:27:16,62,אף אוזן גרון,לוטם,language,עברית,55
2026-07-30T17:27:16,62,אף אוזן גרון,לוטם,language,ערבית,40
2026-07-30T17:27:16,62,אף אוזן גרון,לוטם,language,צרפתית,1
2026-07-30T17:27:16,62,אף אוזן גרון,לוטם,language,רומנית,7
2026-07-30T17:27:16,62,אף אוזן גרון,לוטם,language,רוסית,10
2026-07-30T17:27:27,62,אף אוזן גרון,מבוא דותן,gender,גבר,67
2026-07-30T17:27:27,62,אף אוזן גרון,מבוא דותן,gender,אישה,20
2026-07-30T17:27:27,62,אף אוזן גרון,מבוא דותן,visit_type,ביקור במרפאה,92
2026-07-30T17:27:27,62,אף אוזן גרון,מבוא דותן,visit_type,שיחת טלפון,1
2026-07-30T17:27:27,62,אף אוזן גרון,מבוא דותן,language,אוקראינית,1
2026-07-30T17:27:27,62,אף אוזן גרון,מבוא דותן,language,אידיש,4
2026-07-30T17:27:27,62,אף אוזן גרון,מבוא דותן,language,איטלקית,1
2026-07-30T17:27:27,62,אף אוזן גרון,מבוא דותן,language,אנגלית,19
2026-07-30T17:27:27,62,אף אוזן גרון,מבוא דותן,language,גרמנית,1
2026-07-30T17:27:27,62,אף אוזן גרון,מבוא דותן,language,ספרדית,1
2026-07-30T17:27:27,62,אף אוזן גרון,מבוא דותן,language,עברית,26
2026-07-30T17:27:27,62,אף אוזן גרון,מבוא דותן,language,ערבית,9
2026-07-30T17:27:27,62,אף אוזן גרון,מבוא דותן,language,רומנית,2
2026-07-30T17:27:27,62,אף אוזן גרון,מבוא דותן,language,רוסית,9
2026-07-30T17:27:41,62,אף אוזן גרון,מג'ד אל כרום,gender,גבר,47
2026-07-30T17:27:41,62,אף אוזן גרון,מג'ד אל כרום,gender,אישה,8
2026-07-30T17:27:41,62,אף אוזן גרון,מג'ד אל כרום,visit_type,ביקור במרפאה,55
2026-07-30T17:27:41,62,אף אוזן גרון,מג'ד אל כרום,visit_type,שיחת טלפון,2
2026-07-30T17:27:41,62,אף אוזן גרון,מג'ד אל כרום,language,איטלקית,5
2026-07-30T17:27:41,62,אף אוזן גרון,מג'ד אל כרום,language,אנגלית,40
2026-07-30T17:27:41,62,אף אוזן גרון,מג'ד אל כרום,language,גרמנית,4
2026-07-30T17:27:41,62,אף אוזן גרון,מג'ד אל כרום,language,הולנדית,1
2026-07-30T17:27:41,62,אף אוזן גרון,מג'ד אל כרום,language,הונגרית,1
2026-07-30T17:27:41,62,אף אוזן גרון,מג'ד אל כרום,language,ספרדית,1
2026-07-30T17:27:41,62,אף אוזן גרון,מג'ד אל כרום,language,עברית,55
2026-07-30T17:27:41,62,אף אוזן גרון,מג'ד אל כרום,language,ערבית,40
2026-07-30T17:27:41,62,אף אוזן גרון,מג'ד אל כרום,language,צרפתית,1
2026-07-30T17:27:41,62,אף אוזן גרון,מג'ד אל כרום,language,רומנית,7
2026-07-30T17:27:41,62,אף אוזן גרון,מג'ד אל כרום,language,רוסית,10
2026-07-30T17:27:52,62,אף אוזן גרון,מדרך עוז,gender,גבר,66
2026-07-30T17:27:52,62,אף אוזן גרון,מדרך עוז,gender,אישה,13
2026-07-30T17:27:52,62,אף אוזן גרון,מדרך עוז,visit_type,ביקור במרפאה,82
2026-07-30T17:27:52,62,אף אוזן גרון,מדרך עוז,visit_type,שיחת טלפון,4
2026-07-30T17:27:52,62,אף אוזן גרון,מדרך עוז,language,איטלקית,1
2026-07-30T17:27:52,62,אף אוזן גרון,מדרך עוז,language,אנגלית,24
2026-07-30T17:27:52,62,אף אוזן גרון,מדרך עוז,language,גרמנית,4
2026-07-30T17:27:52,62,אף אוזן גרון,מדרך עוז,language,הונגרית,1
2026-07-30T17:27:52,62,אף אוזן גרון,מדרך עוז,language,ספרדית,1
2026-07-30T17:27:52,62,אף אוזן גרון,מדרך עוז,language,עברית,39
2026-07-30T17:27:52,62,אף אוזן גרון,מדרך עוז,language,ערבית,18
2026-07-30T17:27:52,62,אף אוזן גרון,מדרך עוז,language,רוסית,11
2026-07-30T17:28:06,62,אף אוזן גרון,מוקייבלה,gender,גבר,86
2026-07-30T17:28:06,62,אף אוזן גרון,מוקייבלה,gender,אישה,8
2026-07-30T17:28:06,62,אף אוזן גרון,מוקייבלה,visit_type,ביקור במרפאה,95
2026-07-30T17:28:06,62,אף אוזן גרון,מוקייבלה,language,אנגלית,17
2026-07-30T17:28:06,62,אף אוזן גרון,מוקייבלה,language,ספרדית,1
2026-07-30T17:28:06,62,אף אוזן גרון,מוקייבלה,language,עברית,23
2026-07-30T17:28:06,62,אף אוזן גרון,מוקייבלה,language,ערבית,19
2026-07-30T17:28:06,62,אף אוזן גרון,מוקייבלה,language,רוסית,5
2026-07-30T17:28:21,62,אף אוזן גרון,מחניים,gender,גבר,54
2026-07-30T17:28:21,62,אף אוזן גרון,מחניים,gender,אישה,5
2026-07-30T17:28:21,62,אף אוזן גרון,מחניים,visit_type,ביקור במרפאה,59
2026-07-30T17:28:21,62,אף אוזן גרון,מחניים,language,אנגלית,11
2026-07-30T17:28:21,62,אף אוזן גרון,מחניים,language,עברית,14
2026-07-30T17:28:21,62,אף אוזן גרון,מחניים,language,ערבית,14
2026-07-30T17:28:21,62,אף אוזן גרון,מחניים,language,רוסית,2
2026-07-30T17:28:31,62,אף אוזן גרון,מירון,gender,גבר,54
2026-07-30T17:28:31,62,אף אוזן גרון,מירון,gender,אישה,5
2026-07-30T17:28:31,62,אף אוזן גרון,מירון,visit_type,ביקור במרפאה,59
2026-07-30T17:28:31,62,אף אוזן גרון,מירון,language,אנגלית,11
2026-07-30T17:28:31,62,אף אוזן גרון,מירון,language,עברית,14
2026-07-30T17:28:31,62,אף אוזן גרון,מירון,language,ערבית,14
2026-07-30T17:28:31,62,אף אוזן גרון,מירון,language,רוסית,2
2026-07-30T17:28:40,62,אף אוזן גרון,מלכיה,gender,גבר,54
2026-07-30T17:28:40,62,אף אוזן גרון,מלכיה,gender,אישה,5
2026-07-30T17:28:40,62,אף אוזן גרון,מלכיה,visit_type,ביקור במרפאה,59
2026-07-30T17:28:40,62,אף אוזן גרון,מלכיה,language,אנגלית,11
2026-07-30T17:28:40,62,אף אוזן גרון,מלכיה,language,עברית,14
2026-07-30T17:28:40,62,אף אוזן גרון,מלכיה,language,ערבית,14
2026-07-30T17:28:40,62,אף אוזן גרון,מלכיה,language,רוסית,2
2026-07-30T17:28:49,62,אף אוזן גרון,מסחה,gender,גבר,26
2026-07-30T17:28:49,62,אף אוזן גרון,מסחה,gender,אישה,10
2026-07-30T17:28:49,62,אף אוזן גרון,מסחה,visit_type,ביקור במרפאה,38
2026-07-30T17:28:49,62,אף אוזן גרון,מסחה,visit_type,שיחת טלפון,1
2026-07-30T17:28:49,62,אף אוזן גרון,מסחה,language,אנגלית,14
2026-07-30T17:28:49,62,אף אוזן גרון,מסחה,language,ספרדית,2
2026-07-30T17:28:49,62,אף אוזן גרון,מסחה,language,עברית,37
2026-07-30T17:28:49,62,אף אוזן גרון,מסחה,language,ערבית,2
2026-07-30T17:28:49,62,אף אוזן גרון,מסחה,language,רוסית,9
2026-07-30T17:28:58,62,אף אוזן גרון,מעגן מיכאל,gender,גבר,67
2026-07-30T17:28:58,62,אף אוזן גרון,מעגן מיכאל,gender,אישה,20
2026-07-30T17:28:58,62,אף אוזן גרון,מעגן מיכאל,visit_type,ביקור במרפאה,92
2026-07-30T17:28:58,62,אף אוזן גרון,מעגן מיכאל,visit_type,שיחת טלפון,1
2026-07-30T17:28:58,62,אף אוזן גרון,מעגן מיכאל,language,אוקראינית,1
2026-07-30T17:28:58,62,אף אוזן גרון,מעגן מיכאל,language,אידיש,4
2026-07-30T17:28:58,62,אף אוזן גרון,מעגן מיכאל,language,איטלקית,1
2026-07-30T17:28:58,62,אף אוזן גרון,מעגן מיכאל,language,אנגלית,19
2026-07-30T17:28:58,62,אף אוזן גרון,מעגן מיכאל,language,גרמנית,1
2026-07-30T17:28:58,62,אף אוזן גרון,מעגן מיכאל,language,ספרדית,1
2026-07-30T17:28:58,62,אף אוזן גרון,מעגן מיכאל,language,עברית,26
2026-07-30T17:28:58,62,אף אוזן גרון,מעגן מיכאל,language,ערבית,9
2026-07-30T17:28:58,62,אף אוזן גרון,מעגן מיכאל,language,רומנית,2
2026-07-30T17:28:58,62,אף אוזן גרון,מעגן מיכאל,language,רוסית,9
2026-07-30T17:29:12,62,אף אוזן גרון,מפעלי ברקן,gender,גבר,26
2026-07-30T17:29:12,62,אף אוזן גרון,מפעלי ברקן,gender,אישה,10
2026-07-30T17:29:12,62,אף אוזן גרון,מפעלי ברקן,visit_type,ביקור במרפאה,38
2026-07-30T17:29:12,62,אף אוזן גרון,מפעלי ברקן,visit_type,שיחת טלפון,1
2026-07-30T17:29:12,62,אף אוזן גרון,מפעלי ברקן,language,אנגלית,14
2026-07-30T17:29:12,62,אף אוזן גרון,מפעלי ברקן,language,ספרדית,2
2026-07-30T17:29:12,62,אף אוזן גרון,מפעלי ברקן,language,עברית,37
2026-07-30T17:29:12,62,אף אוזן גרון,מפעלי ברקן,language,ערבית,2
2026-07-30T17:29:12,62,אף אוזן גרון,מפעלי ברקן,language,רוסית,9
2026-07-30T17:29:19,62,אף אוזן גרון,מצליח,gender,גבר,22
2026-07-30T17:29:19,62,אף אוזן גרון,מצליח,gender,אישה,1
2026-07-30T17:29:19,62,אף אוזן גרון,מצליח,visit_type,ביקור במרפאה,32
2026-07-30T17:29:19,62,אף אוזן גרון,מצליח,language,איטלקית,1
2026-07-30T17:29:19,62,אף אוזן גרון,מצליח,language,אנגלית,9
2026-07-30T17:29:19,62,אף אוזן גרון,מצליח,language,עברית,14
2026-07-30T17:29:19,62,אף אוזן גרון,מצליח,language,ערבית,2
2026-07-30T17:29:19,62,אף אוזן גרון,מצליח,language,צרפתית,1
2026-07-30T17:29:19,62,אף אוזן גרון,מצליח,language,רוסית,4
2026-07-30T17:29:26,62,אף אוזן גרון,מרדה,gender,גבר,26
2026-07-30T17:29:26,62,אף אוזן גרון,מרדה,gender,אישה,10
2026-07-30T17:29:26,62,אף אוזן גרון,מרדה,visit_type,ביקור במרפאה,38
2026-07-30T17:29:26,62,אף אוזן גרון,מרדה,visit_type,שיחת טלפון,1
2026-07-30T17:29:26,62,אף אוזן גרון,מרדה,language,אנגלית,14
2026-07-30T17:29:26,62,אף אוזן גרון,מרדה,language,ספרדית,2
2026-07-30T17:29:26,62,אף אוזן גרון,מרדה,language,עברית,37
2026-07-30T17:29:26,62,אף אוזן גרון,מרדה,language,ערבית,2
2026-07-30T17:29:26,62,אף אוזן גרון,מרדה,language,רוסית,9
2026-07-30T17:29:35,62,אף אוזן גרון,משגב עם,gender,גבר,54
2026-07-30T17:29:35,62,אף אוזן גרון,משגב עם,gender,אישה,5
2026-07-30T17:29:35,62,אף אוזן גרון,משגב עם,visit_type,ביקור במרפאה,59
2026-07-30T17:29:35,62,אף אוזן גרון,משגב עם,language,אנגלית,11
2026-07-30T17:29:35,62,אף אוזן גרון,משגב עם,language,עברית,14
2026-07-30T17:29:35,62,אף אוזן גרון,משגב עם,language,ערבית,14
2026-07-30T17:29:35,62,אף אוזן גרון,משגב עם,language,רוסית,2
2026-07-30T17:29:44,62,אף אוזן גרון,מתתיהו,gender,גבר,22
2026-07-30T17:29:44,62,אף אוזן גרון,מתתיהו,gender,אישה,1
2026-07-30T17:29:44,62,אף אוזן גרון,מתתיהו,visit_type,ביקור במרפאה,32
2026-07-30T17:29:44,62,אף אוזן גרון,מתתיהו,language,איטלקית,1
2026-07-30T17:29:44,62,אף אוזן גרון,מתתיהו,language,אנגלית,9
2026-07-30T17:29:44,62,אף אוזן גרון,מתתיהו,language,עברית,14
2026-07-30T17:29:44,62,אף אוזן גרון,מתתיהו,language,ערבית,2
2026-07-30T17:29:44,62,אף אוזן גרון,מתתיהו,language,צרפתית,1
2026-07-30T17:29:44,62,אף אוזן גרון,מתתיהו,language,רוסית,4
2026-07-30T17:29:53,62,אף אוזן גרון,נגבה,gender,גבר,32
2026-07-30T17:29:53,62,אף אוזן גרון,נגבה,gender,אישה,3
2026-07-30T17:29:53,62,אף אוזן גרון,נגבה,visit_type,ביקור במרפאה,41
2026-07-30T17:29:53,62,אף אוזן גרון,נגבה,language,אוקראינית,1
2026-07-30T17:29:53,62,אף אוזן גרון,נגבה,language,אנגלית,3
2026-07-30T17:29:53,62,אף אוזן גרון,נגבה,language,הונגרית,1
2026-07-30T17:29:53,62,אף אוזן גרון,נגבה,language,עברית,4
2026-07-30T17:29:53,62,אף אוזן גרון,נגבה,language,ערבית,1
2026-07-30T17:29:53,62,אף אוזן גרון,נגבה,language,צכית,1
2026-07-30T17:29:53,62,אף אוזן גרון,נגבה,language,רוסית,1
2026-07-30T17:30:05,62,אף אוזן גרון,נווה אטי''ב,gender,גבר,54
2026-07-30T17:30:05,62,אף אוזן גרון,נווה אטי''ב,gender,אישה,5
2026-07-30T17:30:05,62,אף אוזן גרון,נווה אטי''ב,visit_type,ביקור במרפאה,59
2026-07-30T17:30:05,62,אף אוזן גרון,נווה אטי''ב,language,אנגלית,11
2026-07-30T17:30:05,62,אף אוזן גרון,נווה אטי''ב,language,עברית,14
2026-07-30T17:30:05,62,אף אוזן גרון,נווה אטי''ב,language,ערבית,14
2026-07-30T17:30:05,62,אף אוזן גרון,נווה אטי''ב,language,רוסית,2
2026-07-30T17:30:14,62,אף אוזן גרון,נחושה,gender,גבר,36
2026-07-30T17:30:14,62,אף אוזן גרון,נחושה,gender,אישה,4
2026-07-30T17:30:14,62,אף אוזן גרון,נחושה,visit_type,ביקור במרפאה,41
2026-07-30T17:30:14,62,אף אוזן גרון,נחושה,language,אידיש,4
2026-07-30T17:30:14,62,אף אוזן גרון,נחושה,language,איטלקית,1
2026-07-30T17:30:14,62,אף אוזן גרון,נחושה,language,אנגלית,10
2026-07-30T17:30:14,62,אף אוזן גרון,נחושה,language,עברית,10
2026-07-30T17:30:14,62,אף אוזן גרון,נחושה,language,ערבית,4
2026-07-30T17:30:14,62,אף אוזן גרון,נחושה,language,רוסית,4
2026-07-30T17:30:21,62,אף אוזן גרון,נטור,gender,גבר,54
2026-07-30T17:30:21,62,אף אוזן גרון,נטור,gender,אישה,5
2026-07-30T17:30:21,62,אף אוזן גרון,נטור,visit_type,ביקור במרפאה,59
2026-07-30T17:30:21,62,אף אוזן גרון,נטור,language,אנגלית,11
2026-07-30T17:30:21,62,אף אוזן גרון,נטור,language,עברית,14
2026-07-30T17:30:21,62,אף אוזן גרון,נטור,language,ערבית,14
2026-07-30T17:30:21,62,אף אוזן גרון,נטור,language,רוסית,2
2026-07-30T17:30:32,62,אף אוזן גרון,ניצנה קהילה חינוכית,gender,גבר,38
2026-07-30T17:30:32,62,אף אוזן גרון,ניצנה קהילה חינוכית,gender,אישה,6
2026-07-30T17:30:32,62,אף אוזן גרון,ניצנה קהילה חינוכית,visit_type,ביקור במרפאה,47
2026-07-30T17:30:32,62,אף אוזן גרון,ניצנה קהילה חינוכית,language,אוקראינית,1
2026-07-30T17:30:32,62,אף אוזן גרון,ניצנה קהילה חינוכית,language,אידיש,3
2026-07-30T17:30:32,62,אף אוזן גרון,ניצנה קהילה חינוכית,language,אנגלית,3
2026-07-30T17:30:32,62,אף אוזן גרון,ניצנה קהילה חינוכית,language,הונגרית,1
2026-07-30T17:30:32,62,אף אוזן גרון,ניצנה קהילה חינוכית,language,ספרדית,3
2026-07-30T17:30:32,62,אף אוזן גרון,ניצנה קהילה חינוכית,language,עברית,10
2026-07-30T17:30:32,62,אף אוזן גרון,ניצנה קהילה חינוכית,language,ערבית,4
2026-07-30T17:30:32,62,אף אוזן גרון,ניצנה קהילה חינוכית,language,צכית,1
2026-07-30T17:30:32,62,אף אוזן גרון,ניצנה קהילה חינוכית,language,רוסית,1
2026-07-30T17:30:42,62,אף אוזן גרון,נעלה,gender,גבר,26
2026-07-30T17:30:42,62,אף אוזן גרון,נעלה,gender,אישה,10
2026-07-30T17:30:42,62,אף אוזן גרון,נעלה,visit_type,ביקור במרפאה,38
2026-07-30T17:30:42,62,אף אוזן גרון,נעלה,visit_type,שיחת טלפון,1
2026-07-30T17:30:42,62,אף אוזן גרון,נעלה,language,אנגלית,14
2026-07-30T17:30:42,62,אף אוזן גרון,נעלה,language,ספרדית,2
2026-07-30T17:30:42,62,אף אוזן גרון,נעלה,language,עברית,37
2026-07-30T17:30:42,62,אף אוזן גרון,נעלה,language,ערבית,2
2026-07-30T17:30:42,62,אף אוזן גרון,נעלה,language,רוסית,9
2026-07-30T17:30:51,62,אף אוזן גרון,נתיב העשרה,gender,גבר,32
2026-07-30T17:30:51,62,אף אוזן גרון,נתיב העשרה,gender,אישה,3
2026-07-30T17:30:51,62,אף אוזן גרון,נתיב העשרה,visit_type,ביקור במרפאה,41
2026-07-30T17:30:51,62,אף אוזן גרון,נתיב העשרה,language,אוקראינית,1
2026-07-30T17:30:51,62,אף אוזן גרון,נתיב העשרה,language,אנגלית,3
2026-07-30T17:30:51,62,אף אוזן גרון,נתיב העשרה,language,הונגרית,1
2026-07-30T17:30:51,62,אף אוזן גרון,נתיב העשרה,language,עברית,4
2026-07-30T17:30:51,62,אף אוזן גרון,נתיב העשרה,language,ערבית,1
2026-07-30T17:30:51,62,אף אוזן גרון,נתיב העשרה,language,צכית,1
2026-07-30T17:30:51,62,אף אוזן גרון,נתיב העשרה,language,רוסית,1
2026-07-30T17:31:00,62,אף אוזן גרון,סבסטיה,gender,גבר,48
2026-07-30T17:31:00,62,אף אוזן גרון,סבסטיה,gender,אישה,14
2026-07-30T17:31:00,62,אף אוזן גרון,סבסטיה,visit_type,ביקור במרפאה,67
2026-07-30T17:31:00,62,אף אוזן גרון,סבסטיה,visit_type,שיחת טלפון,1
2026-07-30T17:31:00,62,אף אוזן גרון,סבסטיה,language,אוקראינית,1
2026-07-30T17:31:00,62,אף אוזן גרון,סבסטיה,language,אידיש,4
2026-07-30T17:31:00,62,אף אוזן גרון,סבסטיה,language,איטלקית,1
2026-07-30T17:31:00,62,אף אוזן גרון,סבסטיה,language,אנגלית,12
2026-07-30T17:31:00,62,אף אוזן גרון,סבסטיה,language,גרמנית,1
2026-07-30T17:31:00,62,אף אוזן גרון,סבסטיה,language,עברית,16
2026-07-30T17:31:00,62,אף אוזן גרון,סבסטיה,language,ערבית,3
2026-07-30T17:31:00,62,אף אוזן גרון,סבסטיה,language,רומנית,2
2026-07-30T17:31:00,62,אף אוזן גרון,סבסטיה,language,רוסית,6
2026-07-30T17:31:11,62,אף אוזן גרון,סידא,gender,גבר,48
2026-07-30T17:31:11,62,אף אוזן גרון,סידא,gender,אישה,14
2026-07-30T17:31:11,62,אף אוזן גרון,סידא,visit_type,ביקור במרפאה,67
2026-07-30T17:31:11,62,אף אוזן גרון,סידא,visit_type,שיחת טלפון,1
2026-07-30T17:31:11,62,אף אוזן גרון,סידא,language,אוקראינית,1
2026-07-30T17:31:11,62,אף אוזן גרון,סידא,language,אידיש,4
2026-07-30T17:31:11,62,אף אוזן גרון,סידא,language,איטלקית,1
2026-07-30T17:31:11,62,אף אוזן גרון,סידא,language,אנגלית,12
2026-07-30T17:31:11,62,אף אוזן גרון,סידא,language,גרמנית,1
2026-07-30T17:31:11,62,אף אוזן גרון,סידא,language,עברית,16
2026-07-30T17:31:11,62,אף אוזן גרון,סידא,language,ערבית,3
2026-07-30T17:31:11,62,אף אוזן גרון,סידא,language,רומנית,2
2026-07-30T17:31:11,62,אף אוזן גרון,סידא,language,רוסית,6
2026-07-30T17:31:22,62,אף אוזן גרון,סלעית,gender,גבר,67
2026-07-30T17:31:22,62,אף אוזן גרון,סלעית,gender,אישה,18
2026-07-30T17:31:22,62,אף אוזן גרון,סלעית,visit_type,ביקור במרפאה,91
2026-07-30T17:31:22,62,אף אוזן גרון,סלעית,visit_type,שיחת טלפון,1
2026-07-30T17:31:22,62,אף אוזן גרון,סלעית,language,אוקראינית,1
2026-07-30T17:31:22,62,אף אוזן גרון,סלעית,language,אידיש,4
2026-07-30T17:31:22,62,אף אוזן גרון,סלעית,language,איטלקית,1
2026-07-30T17:31:22,62,אף אוזן גרון,סלעית,language,אנגלית,24
2026-07-30T17:31:22,62,אף אוזן גרון,סלעית,language,גרמנית,2
2026-07-30T17:31:22,62,אף אוזן גרון,סלעית,language,ספרדית,1
2026-07-30T17:31:22,62,אף אוזן גרון,סלעית,language,עברית,35
2026-07-30T17:31:22,62,אף אוזן גרון,סלעית,language,ערבית,6
2026-07-30T17:31:22,62,אף אוזן גרון,סלעית,language,צרפתית,1
2026-07-30T17:31:22,62,אף אוזן גרון,סלעית,language,רומנית,2
2026-07-30T17:31:22,62,אף אוזן גרון,סלעית,language,רוסית,10
2026-07-30T17:31:37,62,אף אוזן גרון,ספארין,gender,גבר,48
2026-07-30T17:31:37,62,אף אוזן גרון,ספארין,gender,אישה,14
2026-07-30T17:31:37,62,אף אוזן גרון,ספארין,visit_type,ביקור במרפאה,67
2026-07-30T17:31:37,62,אף אוזן גרון,ספארין,visit_type,שיחת טלפון,1
2026-07-30T17:31:37,62,אף אוזן גרון,ספארין,language,אוקראינית,1
2026-07-30T17:31:37,62,אף אוזן גרון,ספארין,language,אידיש,4
2026-07-30T17:31:37,62,אף אוזן גרון,ספארין,language,איטלקית,1
2026-07-30T17:31:37,62,אף אוזן גרון,ספארין,language,אנגלית,12
2026-07-30T17:31:37,62,אף אוזן גרון,ספארין,language,גרמנית,1
2026-07-30T17:31:37,62,אף אוזן גרון,ספארין,language,עברית,16
2026-07-30T17:31:37,62,אף אוזן גרון,ספארין,language,ערבית,3
2026-07-30T17:31:37,62,אף אוזן גרון,ספארין,language,רומנית,2
2026-07-30T17:31:37,62,אף אוזן גרון,ספארין,language,רוסית,6
2026-07-30T17:31:47,62,אף אוזן גרון,עבווין,gender,גבר,36
2026-07-30T17:31:47,62,אף אוזן גרון,עבווין,gender,אישה,4
2026-07-30T17:31:47,62,אף אוזן גרון,עבווין,visit_type,ביקור במרפאה,41
2026-07-30T17:31:47,62,אף אוזן גרון,עבווין,language,אידיש,4
2026-07-30T17:31:47,62,אף אוזן גרון,עבווין,language,איטלקית,1
2026-07-30T17:31:47,62,אף אוזן גרון,עבווין,language,אנגלית,10
2026-07-30T17:31:47,62,אף אוזן גרון,עבווין,language,עברית,10
2026-07-30T17:31:47,62,אף אוזן גרון,עבווין,language,ערבית,4
2026-07-30T17:31:47,62,אף אוזן גרון,עבווין,language,רוסית,4
2026-07-30T17:31:54,62,אף אוזן גרון,עובידייה,gender,גבר,36
2026-07-30T17:31:54,62,אף אוזן גרון,עובידייה,gender,אישה,4
2026-07-30T17:31:54,62,אף אוזן גרון,עובידייה,visit_type,ביקור במרפאה,41
2026-07-30T17:31:54,62,אף אוזן גרון,עובידייה,language,אידיש,4
2026-07-30T17:31:54,62,אף אוזן גרון,עובידייה,language,איטלקית,1
2026-07-30T17:31:54,62,אף אוזן גרון,עובידייה,language,אנגלית,10
2026-07-30T17:31:54,62,אף אוזן גרון,עובידייה,language,עברית,10
2026-07-30T17:31:54,62,אף אוזן גרון,עובידייה,language,ערבית,4
2026-07-30T17:31:54,62,אף אוזן גרון,עובידייה,language,רוסית,4
2026-07-30T17:32:03,62,אף אוזן גרון,עזה,gender,גבר,50
2026-07-30T17:32:03,62,אף אוזן גרון,עזה,gender,אישה,7
2026-07-30T17:32:03,62,אף אוזן גרון,עזה,visit_type,ביקור במרפאה,63
2026-07-30T17:32:03,62,אף אוזן גרון,עזה,language,אוקראינית,1
2026-07-30T17:32:03,62,אף אוזן גרון,עזה,language,אידיש,3
2026-07-30T17:32:03,62,אף אוזן גרון,עזה,language,אנגלית,3
2026-07-30T17:32:03,62,אף אוזן גרון,עזה,language,הונגרית,1
2026-07-30T17:32:03,62,אף אוזן גרון,עזה,language,ספרדית,3
2026-07-30T17:32:03,62,אף אוזן גרון,עזה,language,עברית,11
2026-07-30T17:32:03,62,אף אוזן גרון,עזה,language,ערבית,5
2026-07-30T17:32:03,62,אף אוזן גרון,עזה,language,צכית,1
2026-07-30T17:32:03,62,אף אוזן גרון,עזה,language,רוסית,1
2026-07-30T17:32:18,62,אף אוזן גרון,עטארה,gender,גבר,48
2026-07-30T17:32:18,62,אף אוזן גרון,עטארה,gender,אישה,14
2026-07-30T17:32:18,62,אף אוזן גרון,עטארה,visit_type,ביקור במרפאה,67
2026-07-30T17:32:18,62,אף אוזן גרון,עטארה,visit_type,שיחת טלפון,1
2026-07-30T17:32:18,62,אף אוזן גרון,עטארה,language,אוקראינית,1
2026-07-30T17:32:18,62,אף אוזן גרון,עטארה,language,אידיש,4
2026-07-30T17:32:18,62,אף אוזן גרון,עטארה,language,איטלקית,1
2026-07-30T17:32:18,62,אף אוזן גרון,עטארה,language,אנגלית,12
2026-07-30T17:32:18,62,אף אוזן גרון,עטארה,language,גרמנית,1
2026-07-30T17:32:18,62,אף אוזן גרון,עטארה,language,עברית,16
2026-07-30T17:32:18,62,אף אוזן גרון,עטארה,language,ערבית,3
2026-07-30T17:32:18,62,אף אוזן גרון,עטארה,language,רומנית,2
2026-07-30T17:32:18,62,אף אוזן גרון,עטארה,language,רוסית,6
2026-07-30T17:32:28,62,אף אוזן גרון,עין אל אסד,gender,גבר,47
2026-07-30T17:32:28,62,אף אוזן גרון,עין אל אסד,gender,אישה,8
2026-07-30T17:32:28,62,אף אוזן גרון,עין אל אסד,visit_type,ביקור במרפאה,55
2026-07-30T17:32:28,62,אף אוזן גרון,עין אל אסד,visit_type,שיחת טלפון,2
2026-07-30T17:32:28,62,אף אוזן גרון,עין אל אסד,language,איטלקית,5
2026-07-30T17:32:28,62,אף אוזן גרון,עין אל אסד,language,אנגלית,40
2026-07-30T17:32:28,62,אף אוזן גרון,עין אל אסד,language,גרמנית,4
2026-07-30T17:32:28,62,אף אוזן גרון,עין אל אסד,language,הולנדית,1
2026-07-30T17:32:28,62,אף אוזן גרון,עין אל אסד,language,הונגרית,1
2026-07-30T17:32:28,62,אף אוזן גרון,עין אל אסד,language,ספרדית,1
2026-07-30T17:32:28,62,אף אוזן גרון,עין אל אסד,language,עברית,55
2026-07-30T17:32:28,62,אף אוזן גרון,עין אל אסד,language,ערבית,40
2026-07-30T17:32:28,62,אף אוזן גרון,עין אל אסד,language,צרפתית,1
2026-07-30T17:32:28,62,אף אוזן גרון,עין אל אסד,language,רומנית,7
2026-07-30T17:32:28,62,אף אוזן גרון,עין אל אסד,language,רוסית,10
2026-07-30T17:32:36,62,אף אוזן גרון,עמוריה,gender,גבר,26
2026-07-30T17:32:36,62,אף אוזן גרון,עמוריה,gender,אישה,10
2026-07-30T17:32:36,62,אף אוזן גרון,עמוריה,visit_type,ביקור במרפאה,38
2026-07-30T17:32:36,62,אף אוזן גרון,עמוריה,visit_type,שיחת טלפון,1
2026-07-30T17:32:36,62,אף אוזן גרון,עמוריה,language,אנגלית,14
2026-07-30T17:32:36,62,אף אוזן גרון,עמוריה,language,ספרדית,2
2026-07-30T17:32:36,62,אף אוזן גרון,עמוריה,language,עברית,37
2026-07-30T17:32:36,62,אף אוזן גרון,עמוריה,language,ערבית,2
2026-07-30T17:32:36,62,אף אוזן גרון,עמוריה,language,רוסית,9
2026-07-30T17:32:46,62,אף אוזן גרון,ענב,gender,גבר,67
2026-07-30T17:32:46,62,אף אוזן גרון,ענב,gender,אישה,18
2026-07-30T17:32:46,62,אף אוזן גרון,ענב,visit_type,ביקור במרפאה,91
2026-07-30T17:32:46,62,אף אוזן גרון,ענב,visit_type,שיחת טלפון,1
2026-07-30T17:32:46,62,אף אוזן גרון,ענב,language,אוקראינית,1
2026-07-30T17:32:46,62,אף אוזן גרון,ענב,language,אידיש,4
2026-07-30T17:32:46,62,אף אוזן גרון,ענב,language,איטלקית,1
2026-07-30T17:32:46,62,אף אוזן גרון,ענב,language,אנגלית,24
2026-07-30T17:32:46,62,אף אוזן גרון,ענב,language,גרמנית,2
2026-07-30T17:32:46,62,אף אוזן גרון,ענב,language,ספרדית,1
2026-07-30T17:32:46,62,אף אוזן גרון,ענב,language,עברית,35
2026-07-30T17:32:46,62,אף אוזן גרון,ענב,language,ערבית,6
2026-07-30T17:32:46,62,אף אוזן גרון,ענב,language,צרפתית,1
2026-07-30T17:32:46,62,אף אוזן גרון,ענב,language,רומנית,2
2026-07-30T17:32:46,62,אף אוזן גרון,ענב,language,רוסית,10
2026-07-30T17:33:00,62,אף אוזן גרון,עקאבת ג'בר מחנה פליטים,gender,גבר,36
2026-07-30T17:33:00,62,אף אוזן גרון,עקאבת ג'בר מחנה פליטים,gender,אישה,4
2026-07-30T17:33:00,62,אף אוזן גרון,עקאבת ג'בר מחנה פליטים,visit_type,ביקור במרפאה,41
2026-07-30T17:33:00,62,אף אוזן גרון,עקאבת ג'בר מחנה פליטים,language,אידיש,4
2026-07-30T17:33:00,62,אף אוזן גרון,עקאבת ג'בר מחנה פליטים,language,איטלקית,1
2026-07-30T17:33:00,62,אף אוזן גרון,עקאבת ג'בר מחנה פליטים,language,אנגלית,10
2026-07-30T17:33:00,62,אף אוזן גרון,עקאבת ג'בר מחנה פליטים,language,עברית,10
2026-07-30T17:33:00,62,אף אוזן גרון,עקאבת ג'בר מחנה פליטים,language,ערבית,4
2026-07-30T17:33:00,62,אף אוזן גרון,עקאבת ג'בר מחנה פליטים,language,רוסית,4
2026-07-30T17:33:07,62,אף אוזן גרון,ערוגות,gender,גבר,21
2026-07-30T17:33:07,62,אף אוזן גרון,ערוגות,gender,אישה,2
2026-07-30T17:33:07,62,אף אוזן גרון,ערוגות,visit_type,ביקור במרפאה,27
2026-07-30T17:33:07,62,אף אוזן גרון,ערוגות,language,איטלקית,1
2026-07-30T17:33:07,62,אף אוזן גרון,ערוגות,language,אנגלית,8
2026-07-30T17:33:07,62,אף אוזן גרון,ערוגות,language,ספרדית,1
2026-07-30T17:33:07,62,אף אוזן גרון,ערוגות,language,עברית,10
2026-07-30T17:33:07,62,אף אוזן גרון,ערוגות,language,צרפתית,2
2026-07-30T17:33:07,62,אף אוזן גרון,ערוגות,language,רוסית,4
2026-07-30T17:33:12,62,אף אוזן גרון,פארק תעשיות עמק חפר,gender,גבר,48
2026-07-30T17:33:12,62,אף אוזן גרון,פארק תעשיות עמק חפר,gender,אישה,14
2026-07-30T17:33:12,62,אף אוזן גרון,פארק תעשיות עמק חפר,visit_type,ביקור במרפאה,67
2026-07-30T17:33:12,62,אף אוזן גרון,פארק תעשיות עמק חפר,visit_type,שיחת טלפון,1
2026-07-30T17:33:12,62,אף אוזן גרון,פארק תעשיות עמק חפר,language,אוקראינית,1
2026-07-30T17:33:12,62,אף אוזן גרון,פארק תעשיות עמק חפר,language,אידיש,4
2026-07-30T17:33:12,62,אף אוזן גרון,פארק תעשיות עמק חפר,language,איטלקית,1
2026-07-30T17:33:12,62,אף אוזן גרון,פארק תעשיות עמק חפר,language,אנגלית,12
2026-07-30T17:33:12,62,אף אוזן גרון,פארק תעשיות עמק חפר,language,גרמנית,1
2026-07-30T17:33:12,62,אף אוזן גרון,פארק תעשיות עמק חפר,language,עברית,16
2026-07-30T17:33:12,62,אף אוזן גרון,פארק תעשיות עמק חפר,language,ערבית,3
2026-07-30T17:33:12,62,אף אוזן גרון,פארק תעשיות עמק חפר,language,רומנית,2
2026-07-30T17:33:12,62,אף אוזן גרון,פארק תעשיות עמק חפר,language,רוסית,6
2026-07-30T17:33:24,62,אף אוזן גרון,פוריה עילית,gender,גבר,54
2026-07-30T17:33:24,62,אף אוזן גרון,פוריה עילית,gender,אישה,5
2026-07-30T17:33:24,62,אף אוזן גרון,פוריה עילית,visit_type,ביקור במרפאה,59
2026-07-30T17:33:24,62,אף אוזן גרון,פוריה עילית,language,אנגלית,11
2026-07-30T17:33:24,62,אף אוזן גרון,פוריה עילית,language,עברית,14
2026-07-30T17:33:24,62,אף אוזן גרון,פוריה עילית,language,ערבית,14
2026-07-30T17:33:24,62,אף אוזן גרון,פוריה עילית,language,רוסית,2
2026-07-30T17:33:32,62,אף אוזן גרון,פסאיל,gender,גבר,36
2026-07-30T17:33:32,62,אף אוזן גרון,פסאיל,gender,אישה,4
2026-07-30T17:33:32,62,אף אוזן גרון,פסאיל,visit_type,ביקור במרפאה,41
2026-07-30T17:33:32,62,אף אוזן גרון,פסאיל,language,אידיש,4
2026-07-30T17:33:32,62,אף אוזן גרון,פסאיל,language,איטלקית,1
2026-07-30T17:33:32,62,אף אוזן גרון,פסאיל,language,אנגלית,10
2026-07-30T17:33:32,62,אף אוזן גרון,פסאיל,language,עברית,10
2026-07-30T17:33:32,62,אף אוזן גרון,פסאיל,language,ערבית,4
2026-07-30T17:33:32,62,אף אוזן גרון,פסאיל,language,רוסית,4
2026-07-30T17:33:40,62,אף אוזן גרון,פרוד,gender,גבר,54
2026-07-30T17:33:40,62,אף אוזן גרון,פרוד,gender,אישה,5
2026-07-30T17:33:40,62,אף אוזן גרון,פרוד,visit_type,ביקור במרפאה,59
2026-07-30T17:33:40,62,אף אוזן גרון,פרוד,language,אנגלית,11
2026-07-30T17:33:40,62,אף אוזן גרון,פרוד,language,עברית,14
2026-07-30T17:33:40,62,אף אוזן גרון,פרוד,language,ערבית,14
2026-07-30T17:33:40,62,אף אוזן גרון,פרוד,language,רוסית,2
2026-07-30T17:33:49,62,אף אוזן גרון,צבעון,gender,גבר,54
2026-07-30T17:33:49,62,אף אוזן גרון,צבעון,gender,אישה,5
2026-07-30T17:33:49,62,אף אוזן גרון,צבעון,visit_type,ביקור במרפאה,59
2026-07-30T17:33:49,62,אף אוזן גרון,צבעון,language,אנגלית,11
2026-07-30T17:33:49,62,אף אוזן גרון,צבעון,language,עברית,14
2026-07-30T17:33:49,62,אף אוזן גרון,צבעון,language,ערבית,14
2026-07-30T17:33:49,62,אף אוזן גרון,צבעון,language,רוסית,2
2026-07-30T17:34:00,62,אף אוזן גרון,צור יצחק,gender,גבר,67
2026-07-30T17:34:00,62,אף אוזן גרון,צור יצחק,gender,אישה,18
2026-07-30T17:34:00,62,אף אוזן גרון,צור יצחק,visit_type,ביקור במרפאה,91
2026-07-30T17:34:00,62,אף אוזן גרון,צור יצחק,visit_type,שיחת טלפון,1
2026-07-30T17:34:00,62,אף אוזן גרון,צור יצחק,language,אוקראינית,1
2026-07-30T17:34:00,62,אף אוזן גרון,צור יצחק,language,אידיש,4
2026-07-30T17:34:00,62,אף אוזן גרון,צור יצחק,language,איטלקית,1
2026-07-30T17:34:00,62,אף אוזן גרון,צור יצחק,language,אנגלית,24
2026-07-30T17:34:00,62,אף אוזן גרון,צור יצחק,language,גרמנית,2
2026-07-30T17:34:00,62,אף אוזן גרון,צור יצחק,language,ספרדית,1
2026-07-30T17:34:00,62,אף אוזן גרון,צור יצחק,language,עברית,35
2026-07-30T17:34:00,62,אף אוזן גרון,צור יצחק,language,ערבית,6
2026-07-30T17:34:00,62,אף אוזן גרון,צור יצחק,language,צרפתית,1
2026-07-30T17:34:00,62,אף אוזן גרון,צור יצחק,language,רומנית,2
2026-07-30T17:34:00,62,אף אוזן גרון,צור יצחק,language,רוסית,10
2026-07-30T17:34:15,62,אף אוזן גרון,קבועה,gender,גבר,38
2026-07-30T17:34:15,62,אף אוזן גרון,קבועה,gender,אישה,6
2026-07-30T17:34:15,62,אף אוזן גרון,קבועה,visit_type,ביקור במרפאה,47
2026-07-30T17:34:15,62,אף אוזן גרון,קבועה,language,אוקראינית,1
2026-07-30T17:34:15,62,אף אוזן גרון,קבועה,language,אידיש,3
2026-07-30T17:34:15,62,אף אוזן גרון,קבועה,language,אנגלית,3
2026-07-30T17:34:15,62,אף אוזן גרון,קבועה,language,הונגרית,1
2026-07-30T17:34:15,62,אף אוזן גרון,קבועה,language,ספרדית,3
2026-07-30T17:34:15,62,אף אוזן גרון,קבועה,language,עברית,10
2026-07-30T17:34:15,62,אף אוזן גרון,קבועה,language,ערבית,4
2026-07-30T17:34:15,62,אף אוזן גרון,קבועה,language,צכית,1
2026-07-30T17:34:15,62,אף אוזן גרון,קבועה,language,רוסית,1
2026-07-30T17:34:26,62,אף אוזן גרון,קדרים,gender,גבר,54
2026-07-30T17:34:26,62,אף אוזן גרון,קדרים,gender,אישה,5
2026-07-30T17:34:26,62,אף אוזן גרון,קדרים,visit_type,ביקור במרפאה,59
2026-07-30T17:34:26,62,אף אוזן גרון,קדרים,language,אנגלית,11
2026-07-30T17:34:26,62,אף אוזן גרון,קדרים,language,עברית,14
2026-07-30T17:34:26,62,אף אוזן גרון,קדרים,language,ערבית,14
2026-07-30T17:34:26,62,אף אוזן גרון,קדרים,language,רוסית,2
2026-07-30T17:34:35,62,אף אוזן גרון,קיביא,gender,גבר,26
2026-07-30T17:34:35,62,אף אוזן גרון,קיביא,gender,אישה,10
2026-07-30T17:34:35,62,אף אוזן גרון,קיביא,visit_type,ביקור במרפאה,38
2026-07-30T17:34:35,62,אף אוזן גרון,קיביא,visit_type,שיחת טלפון,1
2026-07-30T17:34:35,62,אף אוזן גרון,קיביא,language,אנגלית,14
2026-07-30T17:34:35,62,אף אוזן גרון,קיביא,language,ספרדית,2
2026-07-30T17:34:35,62,אף אוזן גרון,קיביא,language,עברית,37
2026-07-30T17:34:35,62,אף אוזן גרון,קיביא,language,ערבית,2
2026-07-30T17:34:35,62,אף אוזן גרון,קיביא,language,רוסית,9
2026-07-30T17:34:43,62,אף אוזן גרון,קפין,gender,גבר,48
2026-07-30T17:34:43,62,אף אוזן גרון,קפין,gender,אישה,14
2026-07-30T17:34:43,62,אף אוזן גרון,קפין,visit_type,ביקור במרפאה,67
2026-07-30T17:34:43,62,אף אוזן גרון,קפין,visit_type,שיחת טלפון,1
2026-07-30T17:34:43,62,אף אוזן גרון,קפין,language,אוקראינית,1
2026-07-30T17:34:43,62,אף אוזן גרון,קפין,language,אידיש,4
2026-07-30T17:34:43,62,אף אוזן גרון,קפין,language,איטלקית,1
2026-07-30T17:34:43,62,אף אוזן גרון,קפין,language,אנגלית,12
2026-07-30T17:34:43,62,אף אוזן גרון,קפין,language,גרמנית,1
2026-07-30T17:34:43,62,אף אוזן גרון,קפין,language,עברית,16
2026-07-30T17:34:43,62,אף אוזן גרון,קפין,language,ערבית,3
2026-07-30T17:34:43,62,אף אוזן גרון,קפין,language,רומנית,2
2026-07-30T17:34:43,62,אף אוזן גרון,קפין,language,רוסית,6
2026-07-30T17:34:55,62,אף אוזן גרון,קרית גת,gender,גבר,32
2026-07-30T17:34:55,62,אף אוזן גרון,קרית גת,gender,אישה,3
2026-07-30T17:34:55,62,אף אוזן גרון,קרית גת,visit_type,ביקור במרפאה,41
2026-07-30T17:34:55,62,אף אוזן גרון,קרית גת,language,אוקראינית,1
2026-07-30T17:34:55,62,אף אוזן גרון,קרית גת,language,אנגלית,3
2026-07-30T17:34:55,62,אף אוזן גרון,קרית גת,language,הונגרית,1
2026-07-30T17:34:55,62,אף אוזן גרון,קרית גת,language,עברית,4
2026-07-30T17:34:55,62,אף אוזן גרון,קרית גת,language,ערבית,1
2026-07-30T17:34:55,62,אף אוזן גרון,קרית גת,language,צכית,1
2026-07-30T17:34:55,62,אף אוזן גרון,קרית גת,language,רוסית,1
2026-07-30T17:35:05,62,אף אוזן גרון,ראס עלי,gender,גבר,66
2026-07-30T17:35:05,62,אף אוזן גרון,ראס עלי,gender,אישה,13
2026-07-30T17:35:05,62,אף אוזן גרון,ראס עלי,visit_type,ביקור במרפאה,82
2026-07-30T17:35:05,62,אף אוזן גרון,ראס עלי,visit_type,שיחת טלפון,4
2026-07-30T17:35:05,62,אף אוזן גרון,ראס עלי,language,איטלקית,1
2026-07-30T17:35:05,62,אף אוזן גרון,ראס עלי,language,אנגלית,24
2026-07-30T17:35:05,62,אף אוזן גרון,ראס עלי,language,גרמנית,4
2026-07-30T17:35:05,62,אף אוזן גרון,ראס עלי,language,הונגרית,1
2026-07-30T17:35:05,62,אף אוזן גרון,ראס עלי,language,ספרדית,1
2026-07-30T17:35:05,62,אף אוזן גרון,ראס עלי,language,עברית,39
2026-07-30T17:35:05,62,אף אוזן גרון,ראס עלי,language,ערבית,18
2026-07-30T17:35:05,62,אף אוזן גרון,ראס עלי,language,רוסית,11
2026-07-30T17:35:19,62,אף אוזן גרון,רהט,gender,גבר,38
2026-07-30T17:35:19,62,אף אוזן גרון,רהט,gender,אישה,6
2026-07-30T17:35:19,62,אף אוזן גרון,רהט,visit_type,ביקור במרפאה,47
2026-07-30T17:35:19,62,אף אוזן גרון,רהט,language,אוקראינית,1
2026-07-30T17:35:19,62,אף אוזן גרון,רהט,language,אידיש,3
2026-07-30T17:35:19,62,אף אוזן גרון,רהט,language,אנגלית,3
2026-07-30T17:35:19,62,אף אוזן גרון,רהט,language,הונגרית,1
2026-07-30T17:35:19,62,אף אוזן גרון,רהט,language,ספרדית,3
2026-07-30T17:35:19,62,אף אוזן גרון,רהט,language,עברית,10
2026-07-30T17:35:19,62,אף אוזן גרון,רהט,language,ערבית,4
2026-07-30T17:35:19,62,אף אוזן גרון,רהט,language,צכית,1
2026-07-30T17:35:19,62,אף אוזן גרון,רהט,language,רוסית,1
2026-07-30T17:35:28,62,אף אוזן גרון,רותם,gender,גבר,36
2026-07-30T17:35:28,62,אף אוזן גרון,רותם,gender,אישה,4
2026-07-30T17:35:28,62,אף אוזן גרון,רותם,visit_type,ביקור במרפאה,41
2026-07-30T17:35:28,62,אף אוזן גרון,רותם,language,אידיש,4
2026-07-30T17:35:28,62,אף אוזן גרון,רותם,language,איטלקית,1
2026-07-30T17:35:28,62,אף אוזן גרון,רותם,language,אנגלית,10
2026-07-30T17:35:28,62,אף אוזן גרון,רותם,language,עברית,10
2026-07-30T17:35:28,62,אף אוזן גרון,רותם,language,ערבית,4
2026-07-30T17:35:28,62,אף אוזן גרון,רותם,language,רוסית,4
2026-07-30T17:35:35,62,אף אוזן גרון,רמאללה,gender,גבר,36
2026-07-30T17:35:35,62,אף אוזן גרון,רמאללה,gender,אישה,4
2026-07-30T17:35:35,62,אף אוזן גרון,רמאללה,visit_type,ביקור במרפאה,41
2026-07-30T17:35:35,62,אף אוזן גרון,רמאללה,language,אידיש,4
2026-07-30T17:35:35,62,אף אוזן גרון,רמאללה,language,איטלקית,1
2026-07-30T17:35:35,62,אף אוזן גרון,רמאללה,language,אנגלית,10
2026-07-30T17:35:35,62,אף אוזן גרון,רמאללה,language,עברית,10
2026-07-30T17:35:35,62,אף אוזן גרון,רמאללה,language,ערבית,4
2026-07-30T17:35:35,62,אף אוזן גרון,רמאללה,language,רוסית,4
2026-07-30T17:35:44,62,אף אוזן גרון,רנן,gender,גבר,50
2026-07-30T17:35:44,62,אף אוזן גרון,רנן,gender,אישה,7
2026-07-30T17:35:44,62,אף אוזן גרון,רנן,visit_type,ביקור במרפאה,63
2026-07-30T17:35:44,62,אף אוזן גרון,רנן,language,אוקראינית,1
2026-07-30T17:35:44,62,אף אוזן גרון,רנן,language,אידיש,3
2026-07-30T17:35:44,62,אף אוזן גרון,רנן,language,אנגלית,3
2026-07-30T17:35:44,62,אף אוזן גרון,רנן,language,הונגרית,1
2026-07-30T17:35:44,62,אף אוזן גרון,רנן,language,ספרדית,3
2026-07-30T17:35:44,62,אף אוזן גרון,רנן,language,עברית,11
2026-07-30T17:35:44,62,אף אוזן גרון,רנן,language,ערבית,5
2026-07-30T17:35:44,62,אף אוזן גרון,רנן,language,צכית,1
2026-07-30T17:35:44,62,אף אוזן גרון,רנן,language,רוסית,1
2026-07-30T17:35:57,62,אף אוזן גרון,שאר ישוב,gender,גבר,54
2026-07-30T17:35:57,62,אף אוזן גרון,שאר ישוב,gender,אישה,5
2026-07-30T17:35:57,62,אף אוזן גרון,שאר ישוב,visit_type,ביקור במרפאה,59
2026-07-30T17:35:57,62,אף אוזן גרון,שאר ישוב,language,אנגלית,11
2026-07-30T17:35:57,62,אף אוזן גרון,שאר ישוב,language,עברית,14
2026-07-30T17:35:57,62,אף אוזן גרון,שאר ישוב,language,ערבית,14
2026-07-30T17:35:57,62,אף אוזן גרון,שאר ישוב,language,רוסית,2
2026-07-30T17:36:08,62,אף אוזן גרון,שדה בוקר,gender,גבר,38
2026-07-30T17:36:08,62,אף אוזן גרון,שדה בוקר,gender,אישה,6
2026-07-30T17:36:08,62,אף אוזן גרון,שדה בוקר,visit_type,ביקור במרפאה,47
2026-07-30T17:36:08,62,אף אוזן גרון,שדה בוקר,language,אוקראינית,1
2026-07-30T17:36:08,62,אף אוזן גרון,שדה בוקר,language,אידיש,3
2026-07-30T17:36:08,62,אף אוזן גרון,שדה בוקר,language,אנגלית,3
2026-07-30T17:36:08,62,אף אוזן גרון,שדה בוקר,language,הונגרית,1
2026-07-30T17:36:08,62,אף אוזן גרון,שדה בוקר,language,ספרדית,3
2026-07-30T17:36:08,62,אף אוזן גרון,שדה בוקר,language,עברית,10
2026-07-30T17:36:08,62,אף אוזן גרון,שדה בוקר,language,ערבית,4
2026-07-30T17:36:08,62,אף אוזן גרון,שדה בוקר,language,צכית,1
2026-07-30T17:36:08,62,אף אוזן גרון,שדה בוקר,language,רוסית,1
2026-07-30T17:36:19,62,אף אוזן גרון,שוהם,gender,גבר,22
2026-07-30T17:36:19,62,אף אוזן גרון,שוהם,gender,אישה,1
2026-07-30T17:36:19,62,אף אוזן גרון,שוהם,visit_type,ביקור במרפאה,32
2026-07-30T17:36:19,62,אף אוזן גרון,שוהם,language,איטלקית,1
2026-07-30T17:36:19,62,אף אוזן גרון,שוהם,language,אנגלית,9
2026-07-30T17:36:19,62,אף אוזן גרון,שוהם,language,עברית,14
2026-07-30T17:36:19,62,אף אוזן גרון,שוהם,language,ערבית,2
2026-07-30T17:36:19,62,אף אוזן גרון,שוהם,language,צרפתית,1
2026-07-30T17:36:19,62,אף אוזן גרון,שוהם,language,רוסית,4
2026-07-30T17:36:25,62,אף אוזן גרון,שחרית,gender,גבר,26
2026-07-30T17:36:25,62,אף אוזן גרון,שחרית,gender,אישה,10
2026-07-30T17:36:25,62,אף אוזן גרון,שחרית,visit_type,ביקור במרפאה,38
2026-07-30T17:36:25,62,אף אוזן גרון,שחרית,visit_type,שיחת טלפון,1
2026-07-30T17:36:25,62,אף אוזן גרון,שחרית,language,אנגלית,14
2026-07-30T17:36:25,62,אף אוזן גרון,שחרית,language,ספרדית,2
2026-07-30T17:36:25,62,אף אוזן גרון,שחרית,language,עברית,37
2026-07-30T17:36:25,62,אף אוזן גרון,שחרית,language,ערבית,2
2026-07-30T17:36:25,62,אף אוזן גרון,שחרית,language,רוסית,9
2026-07-30T17:36:34,62,אף אוזן גרון,שלווה,gender,גבר,32
2026-07-30T17:36:34,62,אף אוזן גרון,שלווה,gender,אישה,3
2026-07-30T17:36:34,62,אף אוזן גרון,שלווה,visit_type,ביקור במרפאה,41
2026-07-30T17:36:34,62,אף אוזן גרון,שלווה,language,אוקראינית,1
2026-07-30T17:36:34,62,אף אוזן גרון,שלווה,language,אנגלית,3
2026-07-30T17:36:34,62,אף אוזן גרון,שלווה,language,הונגרית,1
2026-07-30T17:36:34,62,אף אוזן גרון,שלווה,language,עברית,4
2026-07-30T17:36:34,62,אף אוזן גרון,שלווה,language,ערבית,1
2026-07-30T17:36:34,62,אף אוזן גרון,שלווה,language,צכית,1
2026-07-30T17:36:34,62,אף אוזן גרון,שלווה,language,רוסית,1
2026-07-30T17:36:44,62,אף אוזן גרון,שני ליבנה,gender,גבר,38
2026-07-30T17:36:44,62,אף אוזן גרון,שני ליבנה,gender,אישה,6
2026-07-30T17:36:44,62,אף אוזן גרון,שני ליבנה,visit_type,ביקור במרפאה,47
2026-07-30T17:36:44,62,אף אוזן גרון,שני ליבנה,language,אוקראינית,1
2026-07-30T17:36:44,62,אף אוזן גרון,שני ליבנה,language,אידיש,3
2026-07-30T17:36:44,62,אף אוזן גרון,שני ליבנה,language,אנגלית,3
2026-07-30T17:36:44,62,אף אוזן גרון,שני ליבנה,language,הונגרית,1
2026-07-30T17:36:44,62,אף אוזן גרון,שני ליבנה,language,ספרדית,3
2026-07-30T17:36:44,62,אף אוזן גרון,שני ליבנה,language,עברית,10
2026-07-30T17:36:44,62,אף אוזן גרון,שני ליבנה,language,ערבית,4
2026-07-30T17:36:44,62,אף אוזן גרון,שני ליבנה,language,צכית,1
2026-07-30T17:36:44,62,אף אוזן גרון,שני ליבנה,language,רוסית,1
2026-07-30T17:36:55,62,אף אוזן גרון,שפיים,gender,גבר,67
2026-07-30T17:36:55,62,אף אוזן גרון,שפיים,gender,אישה,18
2026-07-30T17:36:55,62,אף אוזן גרון,שפיים,visit_type,ביקור במרפאה,91
2026-07-30T17:36:55,62,אף אוזן גרון,שפיים,visit_type,שיחת טלפון,1
2026-07-30T17:36:55,62,אף אוזן גרון,שפיים,language,אוקראינית,1
2026-07-30T17:36:55,62,אף אוזן גרון,שפיים,language,אידיש,4
2026-07-30T17:36:55,62,אף אוזן גרון,שפיים,language,איטלקית,1
2026-07-30T17:36:55,62,אף אוזן גרון,שפיים,language,אנגלית,24
2026-07-30T17:36:55,62,אף אוזן גרון,שפיים,language,גרמנית,2
2026-07-30T17:36:55,62,אף אוזן גרון,שפיים,language,ספרדית,1
2026-07-30T17:36:55,62,אף אוזן גרון,שפיים,language,עברית,35
2026-07-30T17:36:55,62,אף אוזן גרון,שפיים,language,ערבית,6
2026-07-30T17:36:55,62,אף אוזן גרון,שפיים,language,צרפתית,1
2026-07-30T17:36:55,62,אף אוזן גרון,שפיים,language,רומנית,2
2026-07-30T17:36:55,62,אף אוזן גרון,שפיים,language,רוסית,10
2026-07-30T17:37:09,62,אף אוזן גרון,שתולה,gender,גבר,35
2026-07-30T17:37:09,62,אף אוזן גרון,שתולה,gender,אישה,3
2026-07-30T17:37:09,62,אף אוזן גרון,שתולה,visit_type,ביקור במרפאה,38
2026-07-30T17:37:09,62,אף אוזן גרון,שתולה,visit_type,שיחת טלפון,1
2026-07-30T17:37:09,62,אף אוזן גרון,שתולה,language,איטלקית,5
2026-07-30T17:37:09,62,אף אוזן גרון,שתולה,language,אנגלית,29
2026-07-30T17:37:09,62,אף אוזן גרון,שתולה,language,גרמנית,2
2026-07-30T17:37:09,62,אף אוזן גרון,שתולה,language,הולנדית,1
2026-07-30T17:37:09,62,אף אוזן גרון,שתולה,language,ספרדית,1
2026-07-30T17:37:09,62,אף אוזן גרון,שתולה,language,עברית,38
2026-07-30T17:37:09,62,אף אוזן גרון,שתולה,language,ערבית,34
2026-07-30T17:37:09,62,אף אוזן גרון,שתולה,language,צרפתית,1
2026-07-30T17:37:09,62,אף אוזן גרון,שתולה,language,רומנית,7
2026-07-30T17:37:09,62,אף אוזן גרון,שתולה,language,רוסית,5
2026-07-30T17:37:16,62,אף אוזן גרון,תימורים,gender,גבר,21
2026-07-30T17:37:16,62,אף אוזן גרון,תימורים,gender,אישה,2
2026-07-30T17:37:16,62,אף אוזן גרון,תימורים,visit_type,ביקור במרפאה,27
2026-07-30T17:37:16,62,אף אוזן גרון,תימורים,language,איטלקית,1
2026-07-30T17:37:16,62,אף אוזן גרון,תימורים,language,אנגלית,8
2026-07-30T17:37:16,62,אף אוזן גרון,תימורים,language,ספרדית,1
2026-07-30T17:37:16,62,אף אוזן גרון,תימורים,language,עברית,10
2026-07-30T17:37:16,62,אף אוזן גרון,תימורים,language,צרפתית,2
2026-07-30T17:37:16,62,אף אוזן גרון,תימורים,language,רוסית,4
2026-07-30T17:37:22,62,אף אוזן גרון,תל עדשים,gender,גבר,86
2026-07-30T17:37:22,62,אף אוזן גרון,תל עדשים,gender,אישה,8
2026-07-30T17:37:22,62,אף אוזן גרון,תל עדשים,visit_type,ביקור במרפאה,95
2026-07-30T17:37:22,62,אף אוזן גרון,תל עדשים,language,אנגלית,17
2026-07-30T17:37:22,62,אף אוזן גרון,תל עדשים,language,ספרדית,1
2026-07-30T17:37:22,62,אף אוזן גרון,תל עדשים,language,עברית,23
2026-07-30T17:37:22,62,אף אוזן גרון,תל עדשים,language,ערבית,19
2026-07-30T17:37:22,62,אף אוזן גרון,תל עדשים,language,רוסית,5
2026-07-30T17:37:37,62,אף אוזן גרון,תעשיון ראם,gender,גבר,30
2026-07-30T17:37:37,62,אף אוזן גרון,תעשיון ראם,gender,אישה,2
2026-07-30T17:37:37,62,אף אוזן גרון,תעשיון ראם,visit_type,ביקור במרפאה,44
2026-07-30T17:37:37,62,אף אוזן גרון,תעשיון ראם,language,איטלקית,1
2026-07-30T17:37:37,62,אף אוזן גרון,תעשיון ראם,language,אנגלית,12
2026-07-30T17:37:37,62,אף אוזן גרון,תעשיון ראם,language,ספרדית,1
2026-07-30T17:37:37,62,אף אוזן גרון,תעשיון ראם,language,עברית,18
2026-07-30T17:37:37,62,אף אוזן גרון,תעשיון ראם,language,ערבית,2
2026-07-30T17:37:37,62,אף אוזן גרון,תעשיון ראם,language,צרפתית,2
2026-07-30T17:37:37,62,אף אוזן גרון,תעשיון ראם,language,רוסית,7
2026-07-30T17:37:46,62,אף אוזן גרון,תרדיון,gender,גבר,62
2026-07-30T17:37:46,62,אף אוזן גרון,תרדיון,gender,אישה,13
2026-07-30T17:37:46,62,אף אוזן גרון,תרדיון,visit_type,ביקור במרפאה,77
2026-07-30T17:37:46,62,אף אוזן גרון,תרדיון,visit_type,שיחת טלפון,5
2026-07-30T17:37:46,62,אף אוזן גרון,תרדיון,language,איטלקית,6
2026-07-30T17:37:46,62,אף אוזן גרון,תרדיון,language,אנגלית,52
2026-07-30T17:37:46,62,אף אוזן גרון,תרדיון,language,גרמנית,6
2026-07-30T17:37:46,62,אף אוזן גרון,תרדיון,language,הולנדית,1
2026-07-30T17:37:46,62,אף אוזן גרון,תרדיון,language,הונגרית,1
2026-07-30T17:37:46,62,אף אוזן גרון,תרדיון,language,ספרדית,2
2026-07-30T17:37:46,62,אף אוזן גרון,תרדיון,language,עברית,76
2026-07-30T17:37:46,62,אף אוזן גרון,תרדיון,language,ערבית,51
2026-07-30T17:37:46,62,אף אוזן גרון,תרדיון,language,צרפתית,1
2026-07-30T17:37:46,62,אף אוזן גרון,תרדיון,language,רומנית,7
2026-07-30T17:37:46,62,אף אוזן גרון,תרדיון,language,רוסית,16
2026-07-30T17:37:58,63,נשים,אבו גוש,gender,גבר,47
2026-07-30T17:37:58,63,נשים,אבו גוש,gender,אישה,79
2026-07-30T17:37:58,63,נשים,אבו גוש,visit_type,ביקור במרפאה,131
2026-07-30T17:37:58,63,נשים,אבו גוש,visit_type,שיחת טלפון,16
2026-07-30T17:37:58,63,נשים,אבו גוש,visit_type,שיחת וידאו,1
2026-07-30T17:37:58,63,נשים,אבו גוש,language,אידיש,2
2026-07-30T17:37:58,63,נשים,אבו גוש,language,אנגלית,20
2026-07-30T17:37:58,63,נשים,אבו גוש,language,עברית,24
2026-07-30T17:37:58,63,נשים,אבו גוש,language,ערבית,3
2026-07-30T17:37:58,63,נשים,אבו גוש,language,צרפתית,2
2026-07-30T17:37:58,63,נשים,אבו גוש,language,רוסית,3
2026-07-30T17:38:18,63,נשים,אדורים,gender,גבר,68
2026-07-30T17:38:18,63,נשים,אדורים,gender,אישה,86
2026-07-30T17:38:18,63,נשים,אדורים,visit_type,ביקור במרפאה,156
2026-07-30T17:38:18,63,נשים,אדורים,visit_type,שיחת טלפון,1
2026-07-30T17:38:18,63,נשים,אדורים,language,אידיש,4
2026-07-30T17:38:18,63,נשים,אדורים,language,אנגלית,22
2026-07-30T17:38:18,63,נשים,אדורים,language,גרמנית,1
2026-07-30T17:38:18,63,נשים,אדורים,language,ליטאית,1
2026-07-30T17:38:18,63,נשים,אדורים,language,סינית,1
2026-07-30T17:38:18,63,נשים,אדורים,language,עברית,14
2026-07-30T17:38:18,63,נשים,אדורים,language,ערבית,4
2026-07-30T17:38:18,63,נשים,אדורים,language,רוסית,22
2026-07-30T17:38:39,63,נשים,אום א תות,gender,גבר,47
2026-07-30T17:38:39,63,נשים,אום א תות,gender,אישה,92
2026-07-30T17:38:39,63,נשים,אום א תות,visit_type,ביקור במרפאה,142
2026-07-30T17:38:39,63,נשים,אום א תות,visit_type,שיחת טלפון,2
2026-07-30T17:38:39,63,נשים,אום א תות,language,אידיש,1
2026-07-30T17:38:39,63,נשים,אום א תות,language,אנגלית,18
2026-07-30T17:38:39,63,נשים,אום א תות,language,גרמנית,1
2026-07-30T17:38:39,63,נשים,אום א תות,language,עברית,32
2026-07-30T17:38:39,63,נשים,אום א תות,language,ערבית,8
2026-07-30T17:38:39,63,נשים,אום א תות,language,צרפתית,2
2026-07-30T17:38:39,63,נשים,אום א תות,language,רומנית,2
2026-07-30T17:38:39,63,נשים,אום א תות,language,רוסית,11
2026-07-30T17:38:59,63,נשים,אחוזם,gender,גבר,47
2026-07-30T17:38:59,63,נשים,אחוזם,gender,אישה,61
2026-07-30T17:38:59,63,נשים,אחוזם,visit_type,ביקור במרפאה,108
2026-07-30T17:38:59,63,נשים,אחוזם,visit_type,שיחת טלפון,1
2026-07-30T17:38:59,63,נשים,אחוזם,language,אידיש,4
2026-07-30T17:38:59,63,נשים,אחוזם,language,אנגלית,13
2026-07-30T17:38:59,63,נשים,אחוזם,language,גרמנית,1
2026-07-30T17:38:59,63,נשים,אחוזם,language,ליטאית,1
2026-07-30T17:38:59,63,נשים,אחוזם,language,סינית,1
2026-07-30T17:38:59,63,נשים,אחוזם,language,עברית,8
2026-07-30T17:38:59,63,נשים,אחוזם,language,ערבית,3
2026-07-30T17:38:59,63,נשים,אחוזם,language,רוסית,14
2026-07-30T17:39:17,63,נשים,אייל,gender,גבר,72
2026-07-30T17:39:17,63,נשים,אייל,gender,אישה,113
2026-07-30T17:39:17,63,נשים,אייל,visit_type,ביקור במרפאה,189
2026-07-30T17:39:17,63,נשים,אייל,visit_type,שיחת טלפון,2
2026-07-30T17:39:17,63,נשים,אייל,language,אידיש,1
2026-07-30T17:39:17,63,נשים,אייל,language,איטלקית,1
2026-07-30T17:39:17,63,נשים,אייל,language,אנגלית,37
2026-07-30T17:39:17,63,נשים,אייל,language,גרמנית,2
2026-07-30T17:39:17,63,נשים,אייל,language,ספרדית,1
2026-07-30T17:39:17,63,נשים,אייל,language,עברית,64
2026-07-30T17:39:17,63,נשים,אייל,language,ערבית,9
2026-07-30T17:39:17,63,נשים,אייל,language,צרפתית,3
2026-07-30T17:39:17,63,נשים,אייל,language,רומנית,3
2026-07-30T17:39:17,63,נשים,אייל,language,רוסית,16
2026-07-30T17:39:38,63,נשים,אל הג'רה,gender,גבר,68
2026-07-30T17:39:38,63,נשים,אל הג'רה,gender,אישה,86
2026-07-30T17:39:38,63,נשים,אל הג'רה,visit_type,ביקור במרפאה,156
2026-07-30T17:39:38,63,נשים,אל הג'רה,visit_type,שיחת טלפון,1
2026-07-30T17:39:38,63,נשים,אל הג'רה,language,אידיש,4
2026-07-30T17:39:38,63,נשים,אל הג'רה,language,אנגלית,22
2026-07-30T17:39:38,63,נשים,אל הג'רה,language,גרמנית,1
2026-07-30T17:39:38,63,נשים,אל הג'רה,language,ליטאית,1
2026-07-30T17:39:38,63,נשים,אל הג'רה,language,סינית,1
2026-07-30T17:39:38,63,נשים,אל הג'רה,language,עברית,14
2026-07-30T17:39:38,63,נשים,אל הג'רה,language,ערבית,4
2026-07-30T17:39:38,63,נשים,אל הג'רה,language,רוסית,22
2026-07-30T17:39:58,63,נשים,אמנון,gender,גבר,29
2026-07-30T17:39:58,63,נשים,אמנון,gender,אישה,58
2026-07-30T17:39:58,63,נשים,אמנון,visit_type,ביקור במרפאה,87
2026-07-30T17:39:58,63,נשים,אמנון,language,אנגלית,9
2026-07-30T17:39:58,63,נשים,אמנון,language,עברית,13
2026-07-30T17:39:58,63,נשים,אמנון,language,ערבית,4
2026-07-30T17:39:58,63,נשים,אמנון,language,רוסית,3
2026-07-30T17:40:12,63,נשים,אפרת,gender,אישה,79
2026-07-30T17:40:12,63,נשים,אפרת,gender,גבר,47
2026-07-30T17:40:12,63,נשים,אפרת,visit_type,ביקור במרפאה,131
2026-07-30T17:40:12,63,נשים,אפרת,visit_type,שיחת טלפון,16
2026-07-30T17:40:12,63,נשים,אפרת,visit_type,שיחת וידאו,1
2026-07-30T17:40:12,63,נשים,אפרת,language,אידיש,2
2026-07-30T17:40:12,63,נשים,אפרת,language,אנגלית,20
2026-07-30T17:40:12,63,נשים,אפרת,language,עברית,24
2026-07-30T17:40:12,63,נשים,אפרת,language,ערבית,3
2026-07-30T17:40:12,63,נשים,אפרת,language,צרפתית,2
2026-07-30T17:40:12,63,נשים,אפרת,language,רוסית,3
2026-07-30T17:40:31,63,נשים,אשדות יעקב איחוד,gender,גבר,29
2026-07-30T17:40:31,63,נשים,אשדות יעקב איחוד,gender,אישה,58
2026-07-30T17:40:31,63,נשים,אשדות יעקב איחוד,visit_type,ביקור במרפאה,87
2026-07-30T17:40:31,63,נשים,אשדות יעקב איחוד,language,אנגלית,9
2026-07-30T17:40:31,63,נשים,אשדות יעקב איחוד,language,עברית,13
2026-07-30T17:40:31,63,נשים,אשדות יעקב איחוד,language,ערבית,4
2026-07-30T17:40:31,63,נשים,אשדות יעקב איחוד,language,רוסית,3
2026-07-30T17:40:44,63,נשים,באר אורה,gender,גבר,5
2026-07-30T17:40:44,63,נשים,באר אורה,gender,אישה,2
2026-07-30T17:40:44,63,נשים,באר אורה,visit_type,ביקור במרפאה,10
2026-07-30T17:40:44,63,נשים,באר אורה,visit_type,שיחת טלפון,8
2026-07-30T17:40:44,63,נשים,באר אורה,language,אנגלית,2
2026-07-30T17:40:44,63,נשים,באר אורה,language,עברית,2
2026-07-30T17:40:44,63,נשים,באר אורה,language,רוסית,1
2026-07-30T17:40:47,63,נשים,בוקעתא,gender,גבר,29
2026-07-30T17:40:47,63,נשים,בוקעתא,gender,אישה,58
2026-07-30T17:40:47,63,נשים,בוקעתא,visit_type,ביקור במרפאה,87
2026-07-30T17:40:47,63,נשים,בוקעתא,language,אנגלית,9
2026-07-30T17:40:47,63,נשים,בוקעתא,language,עברית,13
2026-07-30T17:40:47,63,נשים,בוקעתא,language,ערבית,4
2026-07-30T17:40:47,63,נשים,בוקעתא,language,רוסית,3
2026-07-30T17:41:02,63,נשים,בי''ס אזורי מקיף מטה אשר,gender,גבר,47
2026-07-30T17:41:02,63,נשים,בי''ס אזורי מקיף מטה אשר,gender,אישה,127
2026-07-30T17:41:02,63,נשים,בי''ס אזורי מקיף מטה אשר,visit_type,ביקור במרפאה,175
2026-07-30T17:41:02,63,נשים,בי''ס אזורי מקיף מטה אשר,visit_type,שיחת טלפון,2
2026-07-30T17:41:02,63,נשים,בי''ס אזורי מקיף מטה אשר,language,אידיש,1
2026-07-30T17:41:02,63,נשים,בי''ס אזורי מקיף מטה אשר,language,איטלקית,7
2026-07-30T17:41:02,63,נשים,בי''ס אזורי מקיף מטה אשר,language,אנגלית,116
2026-07-30T17:41:02,63,נשים,בי''ס אזורי מקיף מטה אשר,language,הונגרית,3
2026-07-30T17:41:02,63,נשים,בי''ס אזורי מקיף מטה אשר,language,ספרדית,1
2026-07-30T17:41:02,63,נשים,בי''ס אזורי מקיף מטה אשר,language,עברית,169
2026-07-30T17:41:02,63,נשים,בי''ס אזורי מקיף מטה אשר,language,ערבית,98
2026-07-30T17:41:02,63,נשים,בי''ס אזורי מקיף מטה אשר,language,צרפתית,5
2026-07-30T17:41:02,63,נשים,בי''ס אזורי מקיף מטה אשר,language,רומנית,9
2026-07-30T17:41:02,63,נשים,בי''ס אזורי מקיף מטה אשר,language,רוסית,34
2026-07-30T17:41:02,63,נשים,בי''ס אזורי מקיף מטה אשר,language,שוודית,1
2026-07-30T17:41:23,63,נשים,בלאטה,gender,גבר,47
2026-07-30T17:41:23,63,נשים,בלאטה,gender,אישה,92
2026-07-30T17:41:23,63,נשים,בלאטה,visit_type,ביקור במרפאה,142
2026-07-30T17:41:23,63,נשים,בלאטה,visit_type,שיחת טלפון,2
2026-07-30T17:41:23,63,נשים,בלאטה,language,אידיש,1
2026-07-30T17:41:23,63,נשים,בלאטה,language,אנגלית,18
2026-07-30T17:41:23,63,נשים,בלאטה,language,גרמנית,1
2026-07-30T17:41:23,63,נשים,בלאטה,language,עברית,32
2026-07-30T17:41:23,63,נשים,בלאטה,language,ערבית,8
2026-07-30T17:41:23,63,נשים,בלאטה,language,צרפתית,2
2026-07-30T17:41:23,63,נשים,בלאטה,language,רומנית,2
2026-07-30T17:41:23,63,נשים,בלאטה,language,רוסית,11
2026-07-30T17:41:44,63,נשים,בני סוהילה,gender,גבר,68
2026-07-30T17:41:44,63,נשים,בני סוהילה,gender,אישה,86
2026-07-30T17:41:44,63,נשים,בני סוהילה,visit_type,ביקור במרפאה,156
2026-07-30T17:41:44,63,נשים,בני סוהילה,visit_type,שיחת טלפון,1
2026-07-30T17:41:44,63,נשים,בני סוהילה,language,אידיש,4
2026-07-30T17:41:44,63,נשים,בני סוהילה,language,אנגלית,22
2026-07-30T17:41:44,63,נשים,בני סוהילה,language,גרמנית,1
2026-07-30T17:41:44,63,נשים,בני סוהילה,language,ליטאית,1
2026-07-30T17:41:44,63,נשים,בני סוהילה,language,סינית,1
2026-07-30T17:41:44,63,נשים,בני סוהילה,language,עברית,14
2026-07-30T17:41:44,63,נשים,בני סוהילה,language,ערבית,4
2026-07-30T17:41:44,63,נשים,בני סוהילה,language,רוסית,22
2026-07-30T17:42:05,63,נשים,בר יוחאי,gender,גבר,29
2026-07-30T17:42:05,63,נשים,בר יוחאי,gender,אישה,58
2026-07-30T17:42:05,63,נשים,בר יוחאי,visit_type,ביקור במרפאה,87
2026-07-30T17:42:05,63,נשים,בר יוחאי,language,אנגלית,9
2026-07-30T17:42:05,63,נשים,בר יוחאי,language,עברית,13
2026-07-30T17:42:05,63,נשים,בר יוחאי,language,ערבית,4
2026-07-30T17:42:05,63,נשים,בר יוחאי,language,רוסית,3
2026-07-30T17:42:19,63,נשים,בת חן,gender,גבר,47
2026-07-30T17:42:19,63,נשים,בת חן,gender,אישה,92
2026-07-30T17:42:19,63,נשים,בת חן,visit_type,ביקור במרפאה,142
2026-07-30T17:42:19,63,נשים,בת חן,visit_type,שיחת טלפון,2
2026-07-30T17:42:19,63,נשים,בת חן,language,אידיש,1
2026-07-30T17:42:19,63,נשים,בת חן,language,אנגלית,18
2026-07-30T17:42:19,63,נשים,בת חן,language,גרמנית,1
2026-07-30T17:42:19,63,נשים,בת חן,language,עברית,32
2026-07-30T17:42:19,63,נשים,בת חן,language,ערבית,8
2026-07-30T17:42:19,63,נשים,בת חן,language,צרפתית,2
2026-07-30T17:42:19,63,נשים,בת חן,language,רומנית,2
2026-07-30T17:42:19,63,נשים,בת חן,language,רוסית,11
2026-07-30T17:42:42,63,נשים,גאולי תימן,gender,גבר,62
2026-07-30T17:42:42,63,נשים,גאולי תימן,gender,אישה,138
2026-07-30T17:42:42,63,נשים,גאולי תימן,visit_type,ביקור במרפאה,203
2026-07-30T17:42:42,63,נשים,גאולי תימן,visit_type,שיחת טלפון,2
2026-07-30T17:42:42,63,נשים,גאולי תימן,language,אידיש,1
2026-07-30T17:42:42,63,נשים,גאולי תימן,language,איטלקית,1
2026-07-30T17:42:42,63,נשים,גאולי תימן,language,אנגלית,38
2026-07-30T17:42:42,63,נשים,גאולי תימן,language,גרמנית,1
2026-07-30T17:42:42,63,נשים,גאולי תימן,language,הונגרית,1
2026-07-30T17:42:42,63,נשים,גאולי תימן,language,עברית,63
2026-07-30T17:42:42,63,נשים,גאולי תימן,language,ערבית,28
2026-07-30T17:42:42,63,נשים,גאולי תימן,language,צרפתית,2
2026-07-30T17:42:42,63,נשים,גאולי תימן,language,רומנית,3
2026-07-30T17:42:42,63,נשים,גאולי תימן,language,רוסית,15
2026-07-30T17:43:04,63,נשים,גבעות בר,gender,גבר,68
2026-07-30T17:43:04,63,נשים,גבעות בר,gender,אישה,86
2026-07-30T17:43:04,63,נשים,גבעות בר,visit_type,ביקור במרפאה,156
2026-07-30T17:43:04,63,נשים,גבעות בר,visit_type,שיחת טלפון,1
2026-07-30T17:43:04,63,נשים,גבעות בר,language,אידיש,4
2026-07-30T17:43:04,63,נשים,גבעות בר,language,אנגלית,22
2026-07-30T17:43:04,63,נשים,גבעות בר,language,גרמנית,1
2026-07-30T17:43:04,63,נשים,גבעות בר,language,ליטאית,1
2026-07-30T17:43:04,63,נשים,גבעות בר,language,סינית,1
2026-07-30T17:43:04,63,נשים,גבעות בר,language,עברית,14
2026-07-30T17:43:04,63,נשים,גבעות בר,language,ערבית,4
2026-07-30T17:43:04,63,נשים,גבעות בר,language,רוסית,22
2026-07-30T17:43:27,63,נשים,גזית,gender,גבר,48
2026-07-30T17:43:27,63,נשים,גזית,gender,אישה,127
2026-07-30T17:43:27,63,נשים,גזית,visit_type,ביקור במרפאה,176
2026-07-30T17:43:27,63,נשים,גזית,visit_type,שיחת טלפון,1
2026-07-30T17:43:27,63,נשים,גזית,language,איטלקית,1
2026-07-30T17:43:27,63,נשים,גזית,language,אנגלית,29
2026-07-30T17:43:27,63,נשים,גזית,language,הונגרית,1
2026-07-30T17:43:27,63,נשים,גזית,language,עברית,50
2026-07-30T17:43:27,63,נשים,גזית,language,ערבית,28
2026-07-30T17:43:27,63,נשים,גזית,language,רומנית,1
2026-07-30T17:43:27,63,נשים,גזית,language,רוסית,11
2026-07-30T17:43:48,63,נשים,גיתה,gender,גבר,23
2026-07-30T17:43:48,63,נשים,גיתה,gender,אישה,64
2026-07-30T17:43:48,63,נשים,גיתה,visit_type,ביקור במרפאה,88
2026-07-30T17:43:48,63,נשים,גיתה,visit_type,שיחת טלפון,2
2026-07-30T17:43:48,63,נשים,גיתה,language,איטלקית,4
2026-07-30T17:43:48,63,נשים,גיתה,language,אנגלית,56
2026-07-30T17:43:48,63,נשים,גיתה,language,ספרדית,1
2026-07-30T17:43:48,63,נשים,גיתה,language,עברית,85
2026-07-30T17:43:48,63,נשים,גיתה,language,ערבית,64
2026-07-30T17:43:48,63,נשים,גיתה,language,רומנית,4
2026-07-30T17:43:48,63,נשים,גיתה,language,רוסית,15
2026-07-30T17:44:01,63,נשים,גני טל,gender,גבר,52
2026-07-30T17:44:01,63,נשים,גני טל,gender,אישה,56
2026-07-30T17:44:01,63,נשים,גני טל,visit_type,ביקור במרפאה,113
2026-07-30T17:44:01,63,נשים,גני טל,language,אוקראינית,3
2026-07-30T17:44:01,63,נשים,גני טל,language,אידיש,1
2026-07-30T17:44:01,63,נשים,גני טל,language,איטלקית,2
2026-07-30T17:44:01,63,נשים,גני טל,language,אנגלית,26
2026-07-30T17:44:01,63,נשים,גני טל,language,גרוזינית,1
2026-07-30T17:44:01,63,נשים,גני טל,language,הונגרית,2
2026-07-30T17:44:01,63,נשים,גני טל,language,ספרדית,1
2026-07-30T17:44:01,63,נשים,גני טל,language,עברית,37
2026-07-30T17:44:01,63,נשים,גני טל,language,צרפתית,2
2026-07-30T17:44:01,63,נשים,גני טל,language,רוסית,17
2026-07-30T17:44:21,63,נשים,גשר,gender,גבר,48
2026-07-30T17:44:21,63,נשים,גשר,gender,אישה,127
2026-07-30T17:44:21,63,נשים,גשר,visit_type,ביקור במרפאה,176
2026-07-30T17:44:21,63,נשים,גשר,visit_type,שיחת טלפון,1
2026-07-30T17:44:21,63,נשים,גשר,language,איטלקית,1
2026-07-30T17:44:21,63,נשים,גשר,language,אנגלית,29
2026-07-30T17:44:21,63,נשים,גשר,language,הונגרית,1
2026-07-30T17:44:21,63,נשים,גשר,language,עברית,50
2026-07-30T17:44:21,63,נשים,גשר,language,ערבית,28
2026-07-30T17:44:21,63,נשים,גשר,language,רומנית,1
2026-07-30T17:44:21,63,נשים,גשר,language,רוסית,11
2026-07-30T17:44:41,63,נשים,דגניה ב',gender,גבר,29
2026-07-30T17:44:41,63,נשים,דגניה ב',gender,אישה,58
2026-07-30T17:44:41,63,נשים,דגניה ב',visit_type,ביקור במרפאה,87
2026-07-30T17:44:41,63,נשים,דגניה ב',language,אנגלית,9
2026-07-30T17:44:41,63,נשים,דגניה ב',language,עברית,13
2026-07-30T17:44:41,63,נשים,דגניה ב',language,ערבית,4
2026-07-30T17:44:41,63,נשים,דגניה ב',language,רוסית,3
2026-07-30T17:44:54,63,נשים,דורות,gender,גבר,47
2026-07-30T17:44:54,63,נשים,דורות,gender,אישה,61
2026-07-30T17:44:54,63,נשים,דורות,visit_type,ביקור במרפאה,108
2026-07-30T17:44:54,63,נשים,דורות,visit_type,שיחת טלפון,1
2026-07-30T17:44:54,63,נשים,דורות,language,אידיש,4
2026-07-30T17:44:54,63,נשים,דורות,language,אנגלית,13
2026-07-30T17:44:54,63,נשים,דורות,language,גרמנית,1
2026-07-30T17:44:54,63,נשים,דורות,language,ליטאית,1
2026-07-30T17:44:54,63,נשים,דורות,language,סינית,1
2026-07-30T17:44:54,63,נשים,דורות,language,עברית,8
2026-07-30T17:44:54,63,נשים,דורות,language,ערבית,3
2026-07-30T17:44:54,63,נשים,דורות,language,רוסית,14
2026-07-30T17:45:11,63,נשים,דיר איסתיא,gender,גבר,47
2026-07-30T17:45:11,63,נשים,דיר איסתיא,gender,אישה,92
2026-07-30T17:45:11,63,נשים,דיר איסתיא,visit_type,ביקור במרפאה,142
2026-07-30T17:45:11,63,נשים,דיר איסתיא,visit_type,שיחת טלפון,2
2026-07-30T17:45:11,63,נשים,דיר איסתיא,language,אידיש,1
2026-07-30T17:45:11,63,נשים,דיר איסתיא,language,אנגלית,18
2026-07-30T17:45:11,63,נשים,דיר איסתיא,language,גרמנית,1
2026-07-30T17:45:11,63,נשים,דיר איסתיא,language,עברית,32
2026-07-30T17:45:11,63,נשים,דיר איסתיא,language,ערבית,8
2026-07-30T17:45:11,63,נשים,דיר איסתיא,language,צרפתית,2
2026-07-30T17:45:11,63,נשים,דיר איסתיא,language,רומנית,2
2026-07-30T17:45:11,63,נשים,דיר איסתיא,language,רוסית,11
2026-07-30T17:45:32,63,נשים,האשימיה,gender,גבר,47
2026-07-30T17:45:32,63,נשים,האשימיה,gender,אישה,92
2026-07-30T17:45:32,63,נשים,האשימיה,visit_type,ביקור במרפאה,142
2026-07-30T17:45:32,63,נשים,האשימיה,visit_type,שיחת טלפון,2
2026-07-30T17:45:32,63,נשים,האשימיה,language,אידיש,1
2026-07-30T17:45:32,63,נשים,האשימיה,language,אנגלית,18
2026-07-30T17:45:32,63,נשים,האשימיה,language,גרמנית,1
2026-07-30T17:45:32,63,נשים,האשימיה,language,עברית,32
2026-07-30T17:45:32,63,נשים,האשימיה,language,ערבית,8
2026-07-30T17:45:32,63,נשים,האשימיה,language,צרפתית,2
2026-07-30T17:45:32,63,נשים,האשימיה,language,רומנית,2
2026-07-30T17:45:32,63,נשים,האשימיה,language,רוסית,11
2026-07-30T17:45:55,63,נשים,הזורע,gender,אישה,136
2026-07-30T17:45:55,63,נשים,הזורע,gender,גבר,48
2026-07-30T17:45:55,63,נשים,הזורע,visit_type,ביקור במרפאה,185
2026-07-30T17:45:55,63,נשים,הזורע,visit_type,שיחת טלפון,1
2026-07-30T17:45:55,63,נשים,הזורע,language,אידיש,1
2026-07-30T17:45:55,63,נשים,הזורע,language,איטלקית,3
2026-07-30T17:45:55,63,נשים,הזורע,language,אנגלית,68
2026-07-30T17:45:55,63,נשים,הזורע,language,הונגרית,3
2026-07-30T17:45:55,63,נשים,הזורע,language,עברית,100
2026-07-30T17:45:55,63,נשים,הזורע,language,ערבית,40
2026-07-30T17:45:55,63,נשים,הזורע,language,צרפתית,5
2026-07-30T17:45:55,63,נשים,הזורע,language,רומנית,5
2026-07-30T17:45:55,63,נשים,הזורע,language,רוסית,27
2026-07-30T17:45:55,63,נשים,הזורע,language,שוודית,1
2026-07-30T17:46:14,63,נשים,הר גילה,gender,גבר,47
2026-07-30T17:46:14,63,נשים,הר גילה,gender,אישה,79
2026-07-30T17:46:14,63,נשים,הר גילה,visit_type,ביקור במרפאה,131
2026-07-30T17:46:14,63,נשים,הר גילה,visit_type,שיחת טלפון,16
2026-07-30T17:46:14,63,נשים,הר גילה,visit_type,שיחת וידאו,1
2026-07-30T17:46:14,63,נשים,הר גילה,language,אידיש,2
2026-07-30T17:46:14,63,נשים,הר גילה,language,אנגלית,20
2026-07-30T17:46:14,63,נשים,הר גילה,language,עברית,24
2026-07-30T17:46:14,63,נשים,הר גילה,language,ערבית,3
2026-07-30T17:46:14,63,נשים,הר גילה,language,צרפתית,2
2026-07-30T17:46:14,63,נשים,הר גילה,language,רוסית,3
2026-07-30T17:46:34,63,נשים,זאוויה בצפון שומרון,gender,גבר,47
2026-07-30T17:46:34,63,נשים,זאוויה בצפון שומרון,gender,אישה,92
2026-07-30T17:46:34,63,נשים,זאוויה בצפון שומרון,visit_type,ביקור במרפאה,142
2026-07-30T17:46:34,63,נשים,זאוויה בצפון שומרון,visit_type,שיחת טלפון,2
2026-07-30T17:46:34,63,נשים,זאוויה בצפון שומרון,language,אידיש,1
2026-07-30T17:46:34,63,נשים,זאוויה בצפון שומרון,language,אנגלית,18
2026-07-30T17:46:34,63,נשים,זאוויה בצפון שומרון,language,גרמנית,1
2026-07-30T17:46:34,63,נשים,זאוויה בצפון שומרון,language,עברית,32
2026-07-30T17:46:34,63,נשים,זאוויה בצפון שומרון,language,ערבית,8
2026-07-30T17:46:34,63,נשים,זאוויה בצפון שומרון,language,צרפתית,2
2026-07-30T17:46:34,63,נשים,זאוויה בצפון שומרון,language,רומנית,2
2026-07-30T17:46:34,63,נשים,זאוויה בצפון שומרון,language,רוסית,11
2026-07-30T17:46:55,63,נשים,זיתא ליד באקה אל ע'רביה,gender,גבר,47
2026-07-30T17:46:55,63,נשים,זיתא ליד באקה אל ע'רביה,gender,אישה,92
2026-07-30T17:46:55,63,נשים,זיתא ליד באקה אל ע'רביה,visit_type,ביקור במרפאה,142
2026-07-30T17:46:55,63,נשים,זיתא ליד באקה אל ע'רביה,visit_type,שיחת טלפון,2
2026-07-30T17:46:55,63,נשים,זיתא ליד באקה אל ע'רביה,language,אידיש,1
2026-07-30T17:46:55,63,נשים,זיתא ליד באקה אל ע'רביה,language,אנגלית,18
2026-07-30T17:46:55,63,נשים,זיתא ליד באקה אל ע'רביה,language,גרמנית,1
2026-07-30T17:46:55,63,נשים,זיתא ליד באקה אל ע'רביה,language,עברית,32
2026-07-30T17:46:55,63,נשים,זיתא ליד באקה אל ע'רביה,language,ערבית,8
2026-07-30T17:46:55,63,נשים,זיתא ליד באקה אל ע'רביה,language,צרפתית,2
2026-07-30T17:46:55,63,נשים,זיתא ליד באקה אל ע'רביה,language,רומנית,2
2026-07-30T17:46:55,63,נשים,זיתא ליד באקה אל ע'רביה,language,רוסית,11
2026-07-30T17:47:15,63,נשים,זרחיה,gender,גבר,28
2026-07-30T17:47:15,63,נשים,זרחיה,gender,אישה,31
2026-07-30T17:47:15,63,נשים,זרחיה,visit_type,ביקור במרפאה,63
2026-07-30T17:47:15,63,נשים,זרחיה,language,אוקראינית,2
2026-07-30T17:47:15,63,נשים,זרחיה,language,איטלקית,1
2026-07-30T17:47:15,63,נשים,זרחיה,language,אנגלית,13
2026-07-30T17:47:15,63,נשים,זרחיה,language,גרוזינית,1
2026-07-30T17:47:15,63,נשים,זרחיה,language,הונגרית,1
2026-07-30T17:47:15,63,נשים,זרחיה,language,ספרדית,1
2026-07-30T17:47:15,63,נשים,זרחיה,language,עברית,20
2026-07-30T17:47:15,63,נשים,זרחיה,language,צרפתית,2
2026-07-30T17:47:15,63,נשים,זרחיה,language,רוסית,10
2026-07-30T17:47:26,63,נשים,חגי,gender,גבר,68
2026-07-30T17:47:26,63,נשים,חגי,gender,אישה,86
2026-07-30T17:47:26,63,נשים,חגי,visit_type,ביקור במרפאה,156
2026-07-30T17:47:26,63,נשים,חגי,visit_type,שיחת טלפון,1
2026-07-30T17:47:26,63,נשים,חגי,language,אידיש,4
2026-07-30T17:47:26,63,נשים,חגי,language,אנגלית,22
2026-07-30T17:47:26,63,נשים,חגי,language,גרמנית,1
2026-07-30T17:47:26,63,נשים,חגי,language,ליטאית,1
2026-07-30T17:47:26,63,נשים,חגי,language,סינית,1
2026-07-30T17:47:26,63,נשים,חגי,language,עברית,14
2026-07-30T17:47:26,63,נשים,חגי,language,ערבית,4
2026-07-30T17:47:26,63,נשים,חגי,language,רוסית,22
2026-07-30T17:47:45,63,נשים,חוסאן,gender,גבר,47
2026-07-30T17:47:45,63,נשים,חוסאן,gender,אישה,79
2026-07-30T17:47:45,63,נשים,חוסאן,visit_type,ביקור במרפאה,131
2026-07-30T17:47:45,63,נשים,חוסאן,visit_type,שיחת טלפון,16
2026-07-30T17:47:45,63,נשים,חוסאן,visit_type,שיחת וידאו,1
2026-07-30T17:47:45,63,נשים,חוסאן,language,אידיש,2
2026-07-30T17:47:45,63,נשים,חוסאן,language,אנגלית,20
2026-07-30T17:47:45,63,נשים,חוסאן,language,עברית,24
2026-07-30T17:47:45,63,נשים,חוסאן,language,ערבית,3
2026-07-30T17:47:45,63,נשים,חוסאן,language,צרפתית,2
2026-07-30T17:47:45,63,נשים,חוסאן,language,רוסית,3
2026-07-30T17:48:06,63,נשים,חלוץ,gender,גבר,47
2026-07-30T17:48:06,63,נשים,חלוץ,gender,אישה,127
2026-07-30T17:48:06,63,נשים,חלוץ,visit_type,ביקור במרפאה,175
2026-07-30T17:48:06,63,נשים,חלוץ,visit_type,שיחת טלפון,2
2026-07-30T17:48:06,63,נשים,חלוץ,language,אידיש,1
2026-07-30T17:48:06,63,נשים,חלוץ,language,איטלקית,7
2026-07-30T17:48:06,63,נשים,חלוץ,language,אנגלית,116
2026-07-30T17:48:06,63,נשים,חלוץ,language,הונגרית,3
2026-07-30T17:48:06,63,נשים,חלוץ,language,ספרדית,1
2026-07-30T17:48:06,63,נשים,חלוץ,language,עברית,169
2026-07-30T17:48:06,63,נשים,חלוץ,language,ערבית,98
2026-07-30T17:48:06,63,נשים,חלוץ,language,צרפתית,5
2026-07-30T17:48:06,63,נשים,חלוץ,language,רומנית,9
2026-07-30T17:48:06,63,נשים,חלוץ,language,רוסית,34
2026-07-30T17:48:06,63,נשים,חלוץ,language,שוודית,1
2026-07-30T17:48:25,63,נשים,חנתון,gender,גבר,29
2026-07-30T17:48:25,63,נשים,חנתון,gender,אישה,58
2026-07-30T17:48:25,63,נשים,חנתון,visit_type,ביקור במרפאה,87
2026-07-30T17:48:25,63,נשים,חנתון,language,אנגלית,9
2026-07-30T17:48:25,63,נשים,חנתון,language,עברית,13
2026-07-30T17:48:25,63,נשים,חנתון,language,ערבית,4
2026-07-30T17:48:25,63,נשים,חנתון,language,רוסית,3
2026-07-30T17:48:40,63,נשים,חרוצים,gender,גבר,72
2026-07-30T17:48:40,63,נשים,חרוצים,gender,אישה,113
2026-07-30T17:48:40,63,נשים,חרוצים,visit_type,ביקור במרפאה,189
2026-07-30T17:48:40,63,נשים,חרוצים,visit_type,שיחת טלפון,2
2026-07-30T17:48:40,63,נשים,חרוצים,language,אידיש,1
2026-07-30T17:48:40,63,נשים,חרוצים,language,איטלקית,1
2026-07-30T17:48:40,63,נשים,חרוצים,language,אנגלית,37
2026-07-30T17:48:40,63,נשים,חרוצים,language,גרמנית,2
2026-07-30T17:48:40,63,נשים,חרוצים,language,ספרדית,1
2026-07-30T17:48:40,63,נשים,חרוצים,language,עברית,64
2026-07-30T17:48:40,63,נשים,חרוצים,language,ערבית,9
2026-07-30T17:48:40,63,נשים,חרוצים,language,צרפתית,3
2026-07-30T17:48:40,63,נשים,חרוצים,language,רומנית,3
2026-07-30T17:48:40,63,נשים,חרוצים,language,רוסית,16
2026-07-30T17:49:02,63,נשים,טורה על ע'רביה,gender,גבר,47
2026-07-30T17:49:02,63,נשים,טורה על ע'רביה,gender,אישה,92
2026-07-30T17:49:02,63,נשים,טורה על ע'רביה,visit_type,ביקור במרפאה,142
2026-07-30T17:49:02,63,נשים,טורה על ע'רביה,visit_type,שיחת טלפון,2
2026-07-30T17:49:02,63,נשים,טורה על ע'רביה,language,אידיש,1
2026-07-30T17:49:02,63,נשים,טורה על ע'רביה,language,אנגלית,18
2026-07-30T17:49:02,63,נשים,טורה על ע'רביה,language,גרמנית,1
2026-07-30T17:49:02,63,נשים,טורה על ע'רביה,language,עברית,32
2026-07-30T17:49:02,63,נשים,טורה על ע'רביה,language,ערבית,8
2026-07-30T17:49:02,63,נשים,טורה על ע'רביה,language,צרפתית,2
2026-07-30T17:49:02,63,נשים,טורה על ע'רביה,language,רומנית,2
2026-07-30T17:49:02,63,נשים,טורה על ע'רביה,language,רוסית,11
2026-07-30T17:49:24,63,נשים,טל שחר,gender,גבר,40
2026-07-30T17:49:24,63,נשים,טל שחר,gender,אישה,46
2026-07-30T17:49:24,63,נשים,טל שחר,visit_type,ביקור במרפאה,88
2026-07-30T17:49:24,63,נשים,טל שחר,language,אוקראינית,3
2026-07-30T17:49:24,63,נשים,טל שחר,language,אידיש,1
2026-07-30T17:49:24,63,נשים,טל שחר,language,איטלקית,2
2026-07-30T17:49:24,63,נשים,טל שחר,language,אנגלית,21
2026-07-30T17:49:24,63,נשים,טל שחר,language,הונגרית,1
2026-07-30T17:49:24,63,נשים,טל שחר,language,ספרדית,1
2026-07-30T17:49:24,63,נשים,טל שחר,language,עברית,29
2026-07-30T17:49:24,63,נשים,טל שחר,language,צרפתית,1
2026-07-30T17:49:24,63,נשים,טל שחר,language,רוסית,12
2026-07-30T17:49:38,63,נשים,יאנוח ג'ת,gender,אישה,64
2026-07-30T17:49:38,63,נשים,יאנוח ג'ת,gender,גבר,23
2026-07-30T17:49:38,63,נשים,יאנוח ג'ת,visit_type,ביקור במרפאה,88
2026-07-30T17:49:38,63,נשים,יאנוח ג'ת,visit_type,שיחת טלפון,2
2026-07-30T17:49:38,63,נשים,יאנוח ג'ת,language,איטלקית,4
2026-07-30T17:49:38,63,נשים,יאנוח ג'ת,language,אנגלית,56
2026-07-30T17:49:38,63,נשים,יאנוח ג'ת,language,ספרדית,1
2026-07-30T17:49:38,63,נשים,יאנוח ג'ת,language,עברית,85
2026-07-30T17:49:38,63,נשים,יאנוח ג'ת,language,ערבית,64
2026-07-30T17:49:38,63,נשים,יאנוח ג'ת,language,רומנית,4
2026-07-30T17:49:38,63,נשים,יאנוח ג'ת,language,רוסית,15
2026-07-30T17:49:51,63,נשים,יגל,gender,גבר,40
2026-07-30T17:49:51,63,נשים,יגל,gender,אישה,46
2026-07-30T17:49:51,63,נשים,יגל,visit_type,ביקור במרפאה,88
2026-07-30T17:49:51,63,נשים,יגל,language,אוקראינית,3
2026-07-30T17:49:51,63,נשים,יגל,language,אידיש,1
2026-07-30T17:49:51,63,נשים,יגל,language,איטלקית,2
2026-07-30T17:49:51,63,נשים,יגל,language,אנגלית,21
2026-07-30T17:49:51,63,נשים,יגל,language,הונגרית,1
2026-07-30T17:49:51,63,נשים,יגל,language,ספרדית,1
2026-07-30T17:49:51,63,נשים,יגל,language,עברית,29
2026-07-30T17:49:51,63,נשים,יגל,language,צרפתית,1
2026-07-30T17:49:51,63,נשים,יגל,language,רוסית,12
2026-07-30T17:50:06,63,נשים,יובל,gender,גבר,29
2026-07-30T17:50:06,63,נשים,יובל,gender,אישה,58
2026-07-30T17:50:06,63,נשים,יובל,visit_type,ביקור במרפאה,87
2026-07-30T17:50:06,63,נשים,יובל,language,אנגלית,9
2026-07-30T17:50:06,63,נשים,יובל,language,עברית,13
2026-07-30T17:50:06,63,נשים,יובל,language,ערבית,4
2026-07-30T17:50:06,63,נשים,יובל,language,רוסית,3
2026-07-30T17:50:21,63,נשים,יכיני,gender,גבר,47
2026-07-30T17:50:21,63,נשים,יכיני,gender,אישה,61
2026-07-30T17:50:21,63,נשים,יכיני,visit_type,ביקור במרפאה,108
2026-07-30T17:50:21,63,נשים,יכיני,visit_type,שיחת טלפון,1
2026-07-30T17:50:21,63,נשים,יכיני,language,אידיש,4
2026-07-30T17:50:21,63,נשים,יכיני,language,אנגלית,13
2026-07-30T17:50:21,63,נשים,יכיני,language,גרמנית,1
2026-07-30T17:50:21,63,נשים,יכיני,language,ליטאית,1
2026-07-30T17:50:21,63,נשים,יכיני,language,סינית,1
2026-07-30T17:50:21,63,נשים,יכיני,language,עברית,8
2026-07-30T17:50:21,63,נשים,יכיני,language,ערבית,3
2026-07-30T17:50:21,63,נשים,יכיני,language,רוסית,14
2026-07-30T17:50:37,63,נשים,יערה,gender,גבר,23
2026-07-30T17:50:37,63,נשים,יערה,gender,אישה,64
2026-07-30T17:50:37,63,נשים,יערה,visit_type,ביקור במרפאה,88
2026-07-30T17:50:37,63,נשים,יערה,visit_type,שיחת טלפון,2
2026-07-30T17:50:37,63,נשים,יערה,language,איטלקית,4
2026-07-30T17:50:37,63,נשים,יערה,language,אנגלית,56
2026-07-30T17:50:37,63,נשים,יערה,language,ספרדית,1
2026-07-30T17:50:37,63,נשים,יערה,language,עברית,85
2026-07-30T17:50:37,63,נשים,יערה,language,ערבית,64
2026-07-30T17:50:37,63,נשים,יערה,language,רומנית,4
2026-07-30T17:50:37,63,נשים,יערה,language,רוסית,15
2026-07-30T17:50:53,63,נשים,יקנעם עילית,gender,אישה,136
2026-07-30T17:50:53,63,נשים,יקנעם עילית,gender,גבר,48
2026-07-30T17:50:53,63,נשים,יקנעם עילית,visit_type,ביקור במרפאה,185
2026-07-30T17:50:53,63,נשים,יקנעם עילית,visit_type,שיחת טלפון,1
2026-07-30T17:50:53,63,נשים,יקנעם עילית,language,אידיש,1
2026-07-30T17:50:53,63,נשים,יקנעם עילית,language,איטלקית,3
2026-07-30T17:50:53,63,נשים,יקנעם עילית,language,אנגלית,68
2026-07-30T17:50:53,63,נשים,יקנעם עילית,language,הונגרית,3
2026-07-30T17:50:53,63,נשים,יקנעם עילית,language,עברית,100
2026-07-30T17:50:53,63,נשים,יקנעם עילית,language,ערבית,40
2026-07-30T17:50:53,63,נשים,יקנעם עילית,language,צרפתית,5
2026-07-30T17:50:53,63,נשים,יקנעם עילית,language,רומנית,5
2026-07-30T17:50:53,63,נשים,יקנעם עילית,language,רוסית,27
2026-07-30T17:50:53,63,נשים,יקנעם עילית,language,שוודית,1
2026-07-30T17:51:13,63,נשים,ישעי,gender,גבר,47
2026-07-30T17:51:13,63,נשים,ישעי,gender,אישה,79
2026-07-30T17:51:13,63,נשים,ישעי,visit_type,ביקור במרפאה,131
2026-07-30T17:51:13,63,נשים,ישעי,visit_type,שיחת טלפון,16
2026-07-30T17:51:13,63,נשים,ישעי,visit_type,שיחת וידאו,1
2026-07-30T17:51:13,63,נשים,ישעי,language,אידיש,2
2026-07-30T17:51:13,63,נשים,ישעי,language,אנגלית,20
2026-07-30T17:51:13,63,נשים,ישעי,language,עברית,24
2026-07-30T17:51:13,63,נשים,ישעי,language,ערבית,3
2026-07-30T17:51:13,63,נשים,ישעי,language,צרפתית,2
2026-07-30T17:51:13,63,נשים,ישעי,language,רוסית,3
2026-07-30T17:51:32,63,נשים,כוחלה,gender,גבר,43
2026-07-30T17:51:32,63,נשים,כוחלה,gender,אישה,67
2026-07-30T17:51:32,63,נשים,כוחלה,visit_type,ביקור במרפאה,112
2026-07-30T17:51:32,63,נשים,כוחלה,language,אידיש,3
2026-07-30T17:51:32,63,נשים,כוחלה,language,אנגלית,21
2026-07-30T17:51:32,63,נשים,כוחלה,language,ליטאית,1
2026-07-30T17:51:32,63,נשים,כוחלה,language,סינית,1
2026-07-30T17:51:32,63,נשים,כוחלה,language,עברית,9
2026-07-30T17:51:32,63,נשים,כוחלה,language,ערבית,4
2026-07-30T17:51:32,63,נשים,כוחלה,language,רוסית,19
2026-07-30T17:51:50,63,נשים,כינרת מושבה,gender,גבר,29
2026-07-30T17:51:50,63,נשים,כינרת מושבה,gender,אישה,58
2026-07-30T17:51:50,63,נשים,כינרת מושבה,visit_type,ביקור במרפאה,87
2026-07-30T17:51:50,63,נשים,כינרת מושבה,language,אנגלית,9
2026-07-30T17:51:50,63,נשים,כינרת מושבה,language,עברית,13
2026-07-30T17:51:50,63,נשים,כינרת מושבה,language,ערבית,4
2026-07-30T17:51:50,63,נשים,כינרת מושבה,language,רוסית,3
2026-07-30T17:52:03,63,נשים,כמהין,gender,גבר,43
2026-07-30T17:52:03,63,נשים,כמהין,gender,אישה,67
2026-07-30T17:52:03,63,נשים,כמהין,visit_type,ביקור במרפאה,112
2026-07-30T17:52:03,63,נשים,כמהין,language,אידיש,3
2026-07-30T17:52:03,63,נשים,כמהין,language,אנגלית,21
2026-07-30T17:52:03,63,נשים,כמהין,language,ליטאית,1
2026-07-30T17:52:03,63,נשים,כמהין,language,סינית,1
2026-07-30T17:52:03,63,נשים,כמהין,language,עברית,9
2026-07-30T17:52:03,63,נשים,כמהין,language,ערבית,4
2026-07-30T17:52:03,63,נשים,כמהין,language,רוסית,19
2026-07-30T17:52:20,63,נשים,כפר אדומים,gender,גבר,47
2026-07-30T17:52:20,63,נשים,כפר אדומים,gender,אישה,79
2026-07-30T17:52:20,63,נשים,כפר אדומים,visit_type,ביקור במרפאה,131
2026-07-30T17:52:20,63,נשים,כפר אדומים,visit_type,שיחת טלפון,16
2026-07-30T17:52:20,63,נשים,כפר אדומים,visit_type,שיחת וידאו,1
2026-07-30T17:52:20,63,נשים,כפר אדומים,language,אידיש,2
2026-07-30T17:52:20,63,נשים,כפר אדומים,language,אנגלית,20
2026-07-30T17:52:20,63,נשים,כפר אדומים,language,עברית,24
2026-07-30T17:52:20,63,נשים,כפר אדומים,language,ערבית,3
2026-07-30T17:52:20,63,נשים,כפר אדומים,language,צרפתית,2
2026-07-30T17:52:20,63,נשים,כפר אדומים,language,רוסית,3
2026-07-30T17:52:41,63,נשים,כרם בן זמרה,gender,גבר,29
2026-07-30T17:52:41,63,נשים,כרם בן זמרה,gender,אישה,58
2026-07-30T17:52:41,63,נשים,כרם בן זמרה,visit_type,ביקור במרפאה,87
2026-07-30T17:52:41,63,נשים,כרם בן זמרה,language,אנגלית,9
2026-07-30T17:52:41,63,נשים,כרם בן זמרה,language,עברית,13
2026-07-30T17:52:41,63,נשים,כרם בן זמרה,language,ערבית,4
2026-07-30T17:52:41,63,נשים,כרם בן זמרה,language,רוסית,3
2026-07-30T17:52:55,63,נשים,לביא,gender,גבר,29
2026-07-30T17:52:55,63,נשים,לביא,gender,אישה,58
2026-07-30T17:52:55,63,נשים,לביא,visit_type,ביקור במרפאה,87
2026-07-30T17:52:55,63,נשים,לביא,language,אנגלית,9
2026-07-30T17:52:55,63,נשים,לביא,language,עברית,13
2026-07-30T17:52:55,63,נשים,לביא,language,ערבית,4
2026-07-30T17:52:55,63,נשים,לביא,language,רוסית,3
2026-07-30T17:53:10,63,נשים,לוטם,gender,גבר,37
2026-07-30T17:53:10,63,נשים,לוטם,gender,אישה,82
2026-07-30T17:53:10,63,נשים,לוטם,visit_type,ביקור במרפאה,120
2026-07-30T17:53:10,63,נשים,לוטם,visit_type,שיחת טלפון,2
2026-07-30T17:53:10,63,נשים,לוטם,language,אידיש,1
2026-07-30T17:53:10,63,נשים,לוטם,language,איטלקית,4
2026-07-30T17:53:10,63,נשים,לוטם,language,אנגלית,75
2026-07-30T17:53:10,63,נשים,לוטם,language,ספרדית,1
2026-07-30T17:53:10,63,נשים,לוטם,language,עברית,115
2026-07-30T17:53:10,63,נשים,לוטם,language,ערבית,74
2026-07-30T17:53:10,63,נשים,לוטם,language,צרפתית,2
2026-07-30T17:53:10,63,נשים,לוטם,language,רומנית,6
2026-07-30T17:53:10,63,נשים,לוטם,language,רוסית,24
2026-07-30T17:53:10,63,נשים,לוטם,language,שוודית,1
2026-07-30T17:53:30,63,נשים,מבוא דותן,gender,גבר,62
2026-07-30T17:53:30,63,נשים,מבוא דותן,gender,אישה,138
2026-07-30T17:53:30,63,נשים,מבוא דותן,visit_type,ביקור במרפאה,203
2026-07-30T17:53:30,63,נשים,מבוא דותן,visit_type,שיחת טלפון,2
2026-07-30T17:53:30,63,נשים,מבוא דותן,language,אידיש,1
2026-07-30T17:53:30,63,נשים,מבוא דותן,language,איטלקית,1
2026-07-30T17:53:30,63,נשים,מבוא דותן,language,אנגלית,38
2026-07-30T17:53:30,63,נשים,מבוא דותן,language,גרמנית,1
2026-07-30T17:53:30,63,נשים,מבוא דותן,language,הונגרית,1
2026-07-30T17:53:30,63,נשים,מבוא דותן,language,עברית,63
2026-07-30T17:53:30,63,נשים,מבוא דותן,language,ערבית,28
2026-07-30T17:53:30,63,נשים,מבוא דותן,language,צרפתית,2
2026-07-30T17:53:30,63,נשים,מבוא דותן,language,רומנית,3
2026-07-30T17:53:30,63,נשים,מבוא דותן,language,רוסית,15
2026-07-30T17:53:51,63,נשים,מג'ד אל כרום,gender,גבר,37
2026-07-30T17:53:51,63,נשים,מג'ד אל כרום,gender,אישה,82
2026-07-30T17:53:51,63,נשים,מג'ד אל כרום,visit_type,ביקור במרפאה,120
2026-07-30T17:53:51,63,נשים,מג'ד אל כרום,visit_type,שיחת טלפון,2
2026-07-30T17:53:51,63,נשים,מג'ד אל כרום,language,אידיש,1
2026-07-30T17:53:51,63,נשים,מג'ד אל כרום,language,איטלקית,4
2026-07-30T17:53:51,63,נשים,מג'ד אל כרום,language,אנגלית,75
2026-07-30T17:53:51,63,נשים,מג'ד אל כרום,language,ספרדית,1
2026-07-30T17:53:51,63,נשים,מג'ד אל כרום,language,עברית,115
2026-07-30T17:53:51,63,נשים,מג'ד אל כרום,language,ערבית,74
2026-07-30T17:53:51,63,נשים,מג'ד אל כרום,language,צרפתית,2
2026-07-30T17:53:51,63,נשים,מג'ד אל כרום,language,רומנית,6
2026-07-30T17:53:51,63,נשים,מג'ד אל כרום,language,רוסית,24
2026-07-30T17:53:51,63,נשים,מג'ד אל כרום,language,שוודית,1
2026-07-30T17:54:11,63,נשים,מדרך עוז,gender,אישה,136
2026-07-30T17:54:11,63,נשים,מדרך עוז,gender,גבר,48
2026-07-30T17:54:11,63,נשים,מדרך עוז,visit_type,ביקור במרפאה,185
2026-07-30T17:54:11,63,נשים,מדרך עוז,visit_type,שיחת טלפון,1
2026-07-30T17:54:11,63,נשים,מדרך עוז,language,אידיש,1
2026-07-30T17:54:11,63,נשים,מדרך עוז,language,איטלקית,3
2026-07-30T17:54:11,63,נשים,מדרך עוז,language,אנגלית,68
2026-07-30T17:54:11,63,נשים,מדרך עוז,language,הונגרית,3
2026-07-30T17:54:11,63,נשים,מדרך עוז,language,עברית,100
2026-07-30T17:54:11,63,נשים,מדרך עוז,language,ערבית,40
2026-07-30T17:54:11,63,נשים,מדרך עוז,language,צרפתית,5
2026-07-30T17:54:11,63,נשים,מדרך עוז,language,רומנית,5
2026-07-30T17:54:11,63,נשים,מדרך עוז,language,רוסית,27
2026-07-30T17:54:11,63,נשים,מדרך עוז,language,שוודית,1
2026-07-30T17:54:34,63,נשים,מוקייבלה,gender,אישה,127
2026-07-30T17:54:34,63,נשים,מוקייבלה,gender,גבר,48
2026-07-30T17:54:34,63,נשים,מוקייבלה,visit_type,ביקור במרפאה,176
2026-07-30T17:54:34,63,נשים,מוקייבלה,visit_type,שיחת טלפון,1
2026-07-30T17:54:34,63,נשים,מוקייבלה,language,איטלקית,1
2026-07-30T17:54:34,63,נשים,מוקייבלה,language,אנגלית,29
2026-07-30T17:54:34,63,נשים,מוקייבלה,language,הונגרית,1
2026-07-30T17:54:34,63,נשים,מוקייבלה,language,עברית,50
2026-07-30T17:54:34,63,נשים,מוקייבלה,language,ערבית,28
2026-07-30T17:54:34,63,נשים,מוקייבלה,language,רומנית,1
2026-07-30T17:54:34,63,נשים,מוקייבלה,language,רוסית,11
2026-07-30T17:54:54,63,נשים,מחניים,gender,גבר,29
2026-07-30T17:54:54,63,נשים,מחניים,gender,אישה,58
2026-07-30T17:54:54,63,נשים,מחניים,visit_type,ביקור במרפאה,87
2026-07-30T17:54:54,63,נשים,מחניים,language,אנגלית,9
2026-07-30T17:54:54,63,נשים,מחניים,language,עברית,13
2026-07-30T17:54:54,63,נשים,מחניים,language,ערבית,4
2026-07-30T17:54:54,63,נשים,מחניים,language,רוסית,3
2026-07-30T17:55:07,63,נשים,מירון,gender,גבר,29
2026-07-30T17:55:07,63,נשים,מירון,gender,אישה,58
2026-07-30T17:55:07,63,נשים,מירון,visit_type,ביקור במרפאה,87
2026-07-30T17:55:07,63,נשים,מירון,language,אנגלית,9
2026-07-30T17:55:07,63,נשים,מירון,language,עברית,13
2026-07-30T17:55:07,63,נשים,מירון,language,ערבית,4
2026-07-30T17:55:07,63,נשים,מירון,language,רוסית,3
2026-07-30T17:55:21,63,נשים,מלכיה,gender,גבר,29
2026-07-30T17:55:21,63,נשים,מלכיה,gender,אישה,58
2026-07-30T17:55:21,63,נשים,מלכיה,visit_type,ביקור במרפאה,87
2026-07-30T17:55:21,63,נשים,מלכיה,language,אנגלית,9
2026-07-30T17:55:21,63,נשים,מלכיה,language,עברית,13
2026-07-30T17:55:21,63,נשים,מלכיה,language,ערבית,4
2026-07-30T17:55:21,63,נשים,מלכיה,language,רוסית,3
2026-07-30T17:55:33,63,נשים,מסחה,gender,גבר,10
2026-07-30T17:55:33,63,נשים,מסחה,gender,אישה,15
2026-07-30T17:55:33,63,נשים,מסחה,visit_type,ביקור במרפאה,29
2026-07-30T17:55:33,63,נשים,מסחה,language,איטלקית,4
2026-07-30T17:55:33,63,נשים,מסחה,language,אנגלית,12
2026-07-30T17:55:33,63,נשים,מסחה,language,ספרדית,1
2026-07-30T17:55:33,63,נשים,מסחה,language,עברית,24
2026-07-30T17:55:33,63,נשים,מסחה,language,ערבית,1
2026-07-30T17:55:33,63,נשים,מסחה,language,צרפתית,2
2026-07-30T17:55:33,63,נשים,מסחה,language,רומנית,4
2026-07-30T17:55:33,63,נשים,מסחה,language,רוסית,2
2026-07-30T17:55:42,63,נשים,מעגן מיכאל,gender,גבר,62
2026-07-30T17:55:42,63,נשים,מעגן מיכאל,gender,אישה,138
2026-07-30T17:55:42,63,נשים,מעגן מיכאל,visit_type,ביקור במרפאה,203
2026-07-30T17:55:42,63,נשים,מעגן מיכאל,visit_type,שיחת טלפון,2
2026-07-30T17:55:42,63,נשים,מעגן מיכאל,language,אידיש,1
2026-07-30T17:55:42,63,נשים,מעגן מיכאל,language,איטלקית,1
2026-07-30T17:55:42,63,נשים,מעגן מיכאל,language,אנגלית,38
2026-07-30T17:55:42,63,נשים,מעגן מיכאל,language,גרמנית,1
2026-07-30T17:55:42,63,נשים,מעגן מיכאל,language,הונגרית,1
2026-07-30T17:55:42,63,נשים,מעגן מיכאל,language,עברית,63
2026-07-30T17:55:42,63,נשים,מעגן מיכאל,language,ערבית,28
2026-07-30T17:55:42,63,נשים,מעגן מיכאל,language,צרפתית,2
2026-07-30T17:55:42,63,נשים,מעגן מיכאל,language,רומנית,3
2026-07-30T17:55:42,63,נשים,מעגן מיכאל,language,רוסית,15
2026-07-30T17:56:02,63,נשים,מפעלי ברקן,gender,גבר,10
2026-07-30T17:56:02,63,נשים,מפעלי ברקן,gender,אישה,15
2026-07-30T17:56:02,63,נשים,מפעלי ברקן,visit_type,ביקור במרפאה,29
2026-07-30T17:56:02,63,נשים,מפעלי ברקן,language,איטלקית,4
2026-07-30T17:56:02,63,נשים,מפעלי ברקן,language,אנגלית,12
2026-07-30T17:56:02,63,נשים,מפעלי ברקן,language,ספרדית,1
2026-07-30T17:56:02,63,נשים,מפעלי ברקן,language,עברית,24
2026-07-30T17:56:02,63,נשים,מפעלי ברקן,language,ערבית,1
2026-07-30T17:56:02,63,נשים,מפעלי ברקן,language,צרפתית,2
2026-07-30T17:56:02,63,נשים,מפעלי ברקן,language,רומנית,4
2026-07-30T17:56:02,63,נשים,מפעלי ברקן,language,רוסית,2
2026-07-30T17:56:08,63,נשים,מצליח,gender,גבר,40
2026-07-30T17:56:08,63,נשים,מצליח,gender,אישה,46
2026-07-30T17:56:08,63,נשים,מצליח,visit_type,ביקור במרפאה,88
2026-07-30T17:56:08,63,נשים,מצליח,language,אוקראינית,3
2026-07-30T17:56:08,63,נשים,מצליח,language,אידיש,1
2026-07-30T17:56:08,63,נשים,מצליח,language,איטלקית,2
2026-07-30T17:56:08,63,נשים,מצליח,language,אנגלית,21
2026-07-30T17:56:08,63,נשים,מצליח,language,הונגרית,1
2026-07-30T17:56:08,63,נשים,מצליח,language,ספרדית,1
2026-07-30T17:56:08,63,נשים,מצליח,language,עברית,29
2026-07-30T17:56:08,63,נשים,מצליח,language,צרפתית,1
2026-07-30T17:56:08,63,נשים,מצליח,language,רוסית,12
2026-07-30T17:56:22,63,נשים,מרדה,gender,גבר,10
2026-07-30T17:56:22,63,נשים,מרדה,gender,אישה,15
2026-07-30T17:56:22,63,נשים,מרדה,visit_type,ביקור במרפאה,29
2026-07-30T17:56:22,63,נשים,מרדה,language,איטלקית,4
2026-07-30T17:56:22,63,נשים,מרדה,language,אנגלית,12
2026-07-30T17:56:22,63,נשים,מרדה,language,ספרדית,1
2026-07-30T17:56:22,63,נשים,מרדה,language,עברית,24
2026-07-30T17:56:22,63,נשים,מרדה,language,ערבית,1
2026-07-30T17:56:22,63,נשים,מרדה,language,צרפתית,2
2026-07-30T17:56:22,63,נשים,מרדה,language,רומנית,4
2026-07-30T17:56:22,63,נשים,מרדה,language,רוסית,2
2026-07-30T17:56:28,63,נשים,משגב עם,gender,גבר,29
2026-07-30T17:56:28,63,נשים,משגב עם,gender,אישה,58
2026-07-30T17:56:28,63,נשים,משגב עם,visit_type,ביקור במרפאה,87
2026-07-30T17:56:28,63,נשים,משגב עם,language,אנגלית,9
2026-07-30T17:56:28,63,נשים,משגב עם,language,עברית,13
2026-07-30T17:56:28,63,נשים,משגב עם,language,ערבית,4
2026-07-30T17:56:28,63,נשים,משגב עם,language,רוסית,3
2026-07-30T17:56:42,63,נשים,מתתיהו,gender,גבר,40
2026-07-30T17:56:42,63,נשים,מתתיהו,gender,אישה,46
2026-07-30T17:56:42,63,נשים,מתתיהו,visit_type,ביקור במרפאה,88
2026-07-30T17:56:42,63,נשים,מתתיהו,language,אוקראינית,3
2026-07-30T17:56:42,63,נשים,מתתיהו,language,אידיש,1
2026-07-30T17:56:42,63,נשים,מתתיהו,language,איטלקית,2
2026-07-30T17:56:42,63,נשים,מתתיהו,language,אנגלית,21
2026-07-30T17:56:42,63,נשים,מתתיהו,language,הונגרית,1
2026-07-30T17:56:42,63,נשים,מתתיהו,language,ספרדית,1
2026-07-30T17:56:42,63,נשים,מתתיהו,language,עברית,29
2026-07-30T17:56:42,63,נשים,מתתיהו,language,צרפתית,1
2026-07-30T17:56:42,63,נשים,מתתיהו,language,רוסית,12
2026-07-30T17:56:56,63,נשים,נגבה,gender,גבר,47
2026-07-30T17:56:56,63,נשים,נגבה,gender,אישה,61
2026-07-30T17:56:56,63,נשים,נגבה,visit_type,ביקור במרפאה,108
2026-07-30T17:56:56,63,נשים,נגבה,visit_type,שיחת טלפון,1
2026-07-30T17:56:56,63,נשים,נגבה,language,אידיש,4
2026-07-30T17:56:56,63,נשים,נגבה,language,אנגלית,13
2026-07-30T17:56:56,63,נשים,נגבה,language,גרמנית,1
2026-07-30T17:56:56,63,נשים,נגבה,language,ליטאית,1
2026-07-30T17:56:56,63,נשים,נגבה,language,סינית,1
2026-07-30T17:56:56,63,נשים,נגבה,language,עברית,8
2026-07-30T17:56:56,63,נשים,נגבה,language,ערבית,3
2026-07-30T17:56:56,63,נשים,נגבה,language,רוסית,14
2026-07-30T17:57:12,63,נשים,נווה אטי''ב,gender,גבר,29
2026-07-30T17:57:12,63,נשים,נווה אטי''ב,gender,אישה,58
2026-07-30T17:57:12,63,נשים,נווה אטי''ב,visit_type,ביקור במרפאה,87
2026-07-30T17:57:12,63,נשים,נווה אטי''ב,language,אנגלית,9
2026-07-30T17:57:12,63,נשים,נווה אטי''ב,language,עברית,13
2026-07-30T17:57:12,63,נשים,נווה אטי''ב,language,ערבית,4
2026-07-30T17:57:12,63,נשים,נווה אטי''ב,language,רוסית,3
2026-07-30T17:57:24,63,נשים,נחושה,gender,גבר,47
2026-07-30T17:57:24,63,נשים,נחושה,gender,אישה,79
2026-07-30T17:57:24,63,נשים,נחושה,visit_type,ביקור במרפאה,131
2026-07-30T17:57:24,63,נשים,נחושה,visit_type,שיחת טלפון,16
2026-07-30T17:57:24,63,נשים,נחושה,visit_type,שיחת וידאו,1
2026-07-30T17:57:24,63,נשים,נחושה,language,אידיש,2
2026-07-30T17:57:24,63,נשים,נחושה,language,אנגלית,20
2026-07-30T17:57:24,63,נשים,נחושה,language,עברית,24
2026-07-30T17:57:24,63,נשים,נחושה,language,ערבית,3
2026-07-30T17:57:24,63,נשים,נחושה,language,צרפתית,2
2026-07-30T17:57:24,63,נשים,נחושה,language,רוסית,3
2026-07-30T17:57:44,63,נשים,נטור,gender,גבר,29
2026-07-30T17:57:44,63,נשים,נטור,gender,אישה,58
2026-07-30T17:57:44,63,נשים,נטור,visit_type,ביקור במרפאה,87
2026-07-30T17:57:44,63,נשים,נטור,language,אנגלית,9
2026-07-30T17:57:44,63,נשים,נטור,language,עברית,13
2026-07-30T17:57:44,63,נשים,נטור,language,ערבית,4
2026-07-30T17:57:44,63,נשים,נטור,language,רוסית,3
2026-07-30T17:57:59,63,נשים,ניצנה קהילה חינוכית,gender,גבר,43
2026-07-30T17:57:59,63,נשים,ניצנה קהילה חינוכית,gender,אישה,67
2026-07-30T17:57:59,63,נשים,ניצנה קהילה חינוכית,visit_type,ביקור במרפאה,112
2026-07-30T17:57:59,63,נשים,ניצנה קהילה חינוכית,language,אידיש,3
2026-07-30T17:57:59,63,נשים,ניצנה קהילה חינוכית,language,אנגלית,21
2026-07-30T17:57:59,63,נשים,ניצנה קהילה חינוכית,language,ליטאית,1
2026-07-30T17:57:59,63,נשים,ניצנה קהילה חינוכית,language,סינית,1
2026-07-30T17:57:59,63,נשים,ניצנה קהילה חינוכית,language,עברית,9
2026-07-30T17:57:59,63,נשים,ניצנה קהילה חינוכית,language,ערבית,4
2026-07-30T17:57:59,63,נשים,ניצנה קהילה חינוכית,language,רוסית,19
2026-07-30T17:58:15,63,נשים,נעלה,gender,גבר,10
2026-07-30T17:58:15,63,נשים,נעלה,gender,אישה,15
2026-07-30T17:58:15,63,נשים,נעלה,visit_type,ביקור במרפאה,29
2026-07-30T17:58:15,63,נשים,נעלה,language,איטלקית,4
2026-07-30T17:58:15,63,נשים,נעלה,language,אנגלית,12
2026-07-30T17:58:15,63,נשים,נעלה,language,ספרדית,1
2026-07-30T17:58:15,63,נשים,נעלה,language,עברית,24
2026-07-30T17:58:15,63,נשים,נעלה,language,ערבית,1
2026-07-30T17:58:15,63,נשים,נעלה,language,צרפתית,2
2026-07-30T17:58:15,63,נשים,נעלה,language,רומנית,4
2026-07-30T17:58:15,63,נשים,נעלה,language,רוסית,2
2026-07-30T17:58:21,63,נשים,נתיב העשרה,gender,גבר,47
2026-07-30T17:58:21,63,נשים,נתיב העשרה,gender,אישה,61
2026-07-30T17:58:21,63,נשים,נתיב העשרה,visit_type,ביקור במרפאה,108
2026-07-30T17:58:21,63,נשים,נתיב העשרה,visit_type,שיחת טלפון,1
2026-07-30T17:58:21,63,נשים,נתיב העשרה,language,אידיש,4
2026-07-30T17:58:21,63,נשים,נתיב העשרה,language,אנגלית,13
2026-07-30T17:58:21,63,נשים,נתיב העשרה,language,גרמנית,1
2026-07-30T17:58:21,63,נשים,נתיב העשרה,language,ליטאית,1
2026-07-30T17:58:21,63,נשים,נתיב העשרה,language,סינית,1
2026-07-30T17:58:21,63,נשים,נתיב העשרה,language,עברית,8
2026-07-30T17:58:21,63,נשים,נתיב העשרה,language,ערבית,3
2026-07-30T17:58:21,63,נשים,נתיב העשרה,language,רוסית,14
2026-07-30T17:58:40,63,נשים,סבסטיה,gender,גבר,47
2026-07-30T17:58:40,63,נשים,סבסטיה,gender,אישה,92
2026-07-30T17:58:40,63,נשים,סבסטיה,visit_type,ביקור במרפאה,142
2026-07-30T17:58:40,63,נשים,סבסטיה,visit_type,שיחת טלפון,2
2026-07-30T17:58:40,63,נשים,סבסטיה,language,אידיש,1
2026-07-30T17:58:40,63,נשים,סבסטיה,language,אנגלית,18
2026-07-30T17:58:40,63,נשים,סבסטיה,language,גרמנית,1
2026-07-30T17:58:40,63,נשים,סבסטיה,language,עברית,32
2026-07-30T17:58:40,63,נשים,סבסטיה,language,ערבית,8
2026-07-30T17:58:40,63,נשים,סבסטיה,language,צרפתית,2
2026-07-30T17:58:40,63,נשים,סבסטיה,language,רומנית,2
2026-07-30T17:58:40,63,נשים,סבסטיה,language,רוסית,11
2026-07-30T17:59:01,63,נשים,סידא,gender,גבר,47
2026-07-30T17:59:01,63,נשים,סידא,gender,אישה,92
2026-07-30T17:59:01,63,נשים,סידא,visit_type,ביקור במרפאה,142
2026-07-30T17:59:01,63,נשים,סידא,visit_type,שיחת טלפון,2
2026-07-30T17:59:01,63,נשים,סידא,language,אידיש,1
2026-07-30T17:59:01,63,נשים,סידא,language,אנגלית,18
2026-07-30T17:59:01,63,נשים,סידא,language,גרמנית,1
2026-07-30T17:59:01,63,נשים,סידא,language,עברית,32
2026-07-30T17:59:01,63,נשים,סידא,language,ערבית,8
2026-07-30T17:59:01,63,נשים,סידא,language,צרפתית,2
2026-07-30T17:59:01,63,נשים,סידא,language,רומנית,2
2026-07-30T17:59:01,63,נשים,סידא,language,רוסית,11
2026-07-30T17:59:25,63,נשים,סלעית,gender,גבר,72
2026-07-30T17:59:25,63,נשים,סלעית,gender,אישה,113
2026-07-30T17:59:25,63,נשים,סלעית,visit_type,ביקור במרפאה,189
2026-07-30T17:59:25,63,נשים,סלעית,visit_type,שיחת טלפון,2
2026-07-30T17:59:25,63,נשים,סלעית,language,אידיש,1
2026-07-30T17:59:25,63,נשים,סלעית,language,איטלקית,1
2026-07-30T17:59:25,63,נשים,סלעית,language,אנגלית,37
2026-07-30T17:59:25,63,נשים,סלעית,language,גרמנית,2
2026-07-30T17:59:25,63,נשים,סלעית,language,ספרדית,1
2026-07-30T17:59:25,63,נשים,סלעית,language,עברית,64
2026-07-30T17:59:25,63,נשים,סלעית,language,ערבית,9
2026-07-30T17:59:25,63,נשים,סלעית,language,צרפתית,3
2026-07-30T17:59:25,63,נשים,סלעית,language,רומנית,3
2026-07-30T17:59:25,63,נשים,סלעית,language,רוסית,16
2026-07-30T17:59:47,63,נשים,ספארין,gender,גבר,47
2026-07-30T17:59:47,63,נשים,ספארין,gender,אישה,92
2026-07-30T17:59:47,63,נשים,ספארין,visit_type,ביקור במרפאה,142
2026-07-30T17:59:47,63,נשים,ספארין,visit_type,שיחת טלפון,2
2026-07-30T17:59:47,63,נשים,ספארין,language,אידיש,1
2026-07-30T17:59:47,63,נשים,ספארין,language,אנגלית,18
2026-07-30T17:59:47,63,נשים,ספארין,language,גרמנית,1
2026-07-30T17:59:47,63,נשים,ספארין,language,עברית,32
2026-07-30T17:59:47,63,נשים,ספארין,language,ערבית,8
2026-07-30T17:59:47,63,נשים,ספארין,language,צרפתית,2
2026-07-30T17:59:47,63,נשים,ספארין,language,רומנית,2
2026-07-30T17:59:47,63,נשים,ספארין,language,רוסית,11
2026-07-30T18:00:06,63,נשים,עבווין,gender,גבר,47
2026-07-30T18:00:06,63,נשים,עבווין,gender,אישה,79
2026-07-30T18:00:06,63,נשים,עבווין,visit_type,ביקור במרפאה,131
2026-07-30T18:00:06,63,נשים,עבווין,visit_type,שיחת טלפון,16
2026-07-30T18:00:06,63,נשים,עבווין,visit_type,שיחת וידאו,1
2026-07-30T18:00:06,63,נשים,עבווין,language,אידיש,2
2026-07-30T18:00:06,63,נשים,עבווין,language,אנגלית,20
2026-07-30T18:00:06,63,נשים,עבווין,language,עברית,24
2026-07-30T18:00:06,63,נשים,עבווין,language,ערבית,3
2026-07-30T18:00:06,63,נשים,עבווין,language,צרפתית,2
2026-07-30T18:00:06,63,נשים,עבווין,language,רוסית,3
2026-07-30T18:00:25,63,נשים,עובידייה,gender,גבר,47
2026-07-30T18:00:25,63,נשים,עובידייה,gender,אישה,79
2026-07-30T18:00:25,63,נשים,עובידייה,visit_type,ביקור במרפאה,131
2026-07-30T18:00:25,63,נשים,עובידייה,visit_type,שיחת טלפון,16
2026-07-30T18:00:25,63,נשים,עובידייה,visit_type,שיחת וידאו,1
2026-07-30T18:00:25,63,נשים,עובידייה,language,אידיש,2
2026-07-30T18:00:25,63,נשים,עובידייה,language,אנגלית,20
2026-07-30T18:00:25,63,נשים,עובידייה,language,עברית,24
2026-07-30T18:00:25,63,נשים,עובידייה,language,ערבית,3
2026-07-30T18:00:25,63,נשים,עובידייה,language,צרפתית,2
2026-07-30T18:00:25,63,נשים,עובידייה,language,רוסית,3
2026-07-30T18:00:45,63,נשים,עזה,gender,גבר,68
2026-07-30T18:00:45,63,נשים,עזה,gender,אישה,86
2026-07-30T18:00:45,63,נשים,עזה,visit_type,ביקור במרפאה,156
2026-07-30T18:00:45,63,נשים,עזה,visit_type,שיחת טלפון,1
2026-07-30T18:00:45,63,נשים,עזה,language,אידיש,4
2026-07-30T18:00:45,63,נשים,עזה,language,אנגלית,22
2026-07-30T18:00:45,63,נשים,עזה,language,גרמנית,1
2026-07-30T18:00:45,63,נשים,עזה,language,ליטאית,1
2026-07-30T18:00:45,63,נשים,עזה,language,סינית,1
2026-07-30T18:00:45,63,נשים,עזה,language,עברית,14
2026-07-30T18:00:45,63,נשים,עזה,language,ערבית,4
2026-07-30T18:00:45,63,נשים,עזה,language,רוסית,22
2026-07-30T18:01:06,63,נשים,עטארה,gender,גבר,47
2026-07-30T18:01:06,63,נשים,עטארה,gender,אישה,92
2026-07-30T18:01:06,63,נשים,עטארה,visit_type,ביקור במרפאה,142
2026-07-30T18:01:06,63,נשים,עטארה,visit_type,שיחת טלפון,2
2026-07-30T18:01:06,63,נשים,עטארה,language,אידיש,1
2026-07-30T18:01:06,63,נשים,עטארה,language,אנגלית,18
2026-07-30T18:01:06,63,נשים,עטארה,language,גרמנית,1
2026-07-30T18:01:06,63,נשים,עטארה,language,עברית,32
2026-07-30T18:01:06,63,נשים,עטארה,language,ערבית,8
2026-07-30T18:01:06,63,נשים,עטארה,language,צרפתית,2
2026-07-30T18:01:06,63,נשים,עטארה,language,רומנית,2
2026-07-30T18:01:06,63,נשים,עטארה,language,רוסית,11
2026-07-30T18:01:27,63,נשים,עין אל אסד,gender,גבר,37
2026-07-30T18:01:27,63,נשים,עין אל אסד,gender,אישה,82
2026-07-30T18:01:27,63,נשים,עין אל אסד,visit_type,ביקור במרפאה,120
2026-07-30T18:01:27,63,נשים,עין אל אסד,visit_type,שיחת טלפון,2
2026-07-30T18:01:27,63,נשים,עין אל אסד,language,אידיש,1
2026-07-30T18:01:27,63,נשים,עין אל אסד,language,איטלקית,4
2026-07-30T18:01:27,63,נשים,עין אל אסד,language,אנגלית,75
2026-07-30T18:01:27,63,נשים,עין אל אסד,language,ספרדית,1
2026-07-30T18:01:27,63,נשים,עין אל אסד,language,עברית,115
2026-07-30T18:01:27,63,נשים,עין אל אסד,language,ערבית,74
2026-07-30T18:01:27,63,נשים,עין אל אסד,language,צרפתית,2
2026-07-30T18:01:27,63,נשים,עין אל אסד,language,רומנית,6
2026-07-30T18:01:27,63,נשים,עין אל אסד,language,רוסית,24
2026-07-30T18:01:27,63,נשים,עין אל אסד,language,שוודית,1
2026-07-30T18:01:45,63,נשים,עמוריה,gender,גבר,10
2026-07-30T18:01:45,63,נשים,עמוריה,gender,אישה,15
2026-07-30T18:01:45,63,נשים,עמוריה,visit_type,ביקור במרפאה,29
2026-07-30T18:01:45,63,נשים,עמוריה,language,איטלקית,4
2026-07-30T18:01:45,63,נשים,עמוריה,language,אנגלית,12
2026-07-30T18:01:45,63,נשים,עמוריה,language,ספרדית,1
2026-07-30T18:01:45,63,נשים,עמוריה,language,עברית,24
2026-07-30T18:01:45,63,נשים,עמוריה,language,ערבית,1
2026-07-30T18:01:45,63,נשים,עמוריה,language,צרפתית,2
2026-07-30T18:01:45,63,נשים,עמוריה,language,רומנית,4
2026-07-30T18:01:45,63,נשים,עמוריה,language,רוסית,2
2026-07-30T18:01:52,63,נשים,ענב,gender,גבר,72
2026-07-30T18:01:52,63,נשים,ענב,gender,אישה,113
2026-07-30T18:01:52,63,נשים,ענב,visit_type,ביקור במרפאה,189
2026-07-30T18:01:52,63,נשים,ענב,visit_type,שיחת טלפון,2
2026-07-30T18:01:52,63,נשים,ענב,language,אידיש,1
2026-07-30T18:01:52,63,נשים,ענב,language,איטלקית,1
2026-07-30T18:01:52,63,נשים,ענב,language,אנגלית,37
2026-07-30T18:01:52,63,נשים,ענב,language,גרמנית,2
2026-07-30T18:01:52,63,נשים,ענב,language,ספרדית,1
2026-07-30T18:01:52,63,נשים,ענב,language,עברית,64
2026-07-30T18:01:52,63,נשים,ענב,language,ערבית,9
2026-07-30T18:01:52,63,נשים,ענב,language,צרפתית,3
2026-07-30T18:01:52,63,נשים,ענב,language,רומנית,3
2026-07-30T18:01:52,63,נשים,ענב,language,רוסית,16
2026-07-30T18:02:13,63,נשים,עקאבת ג'בר מחנה פליטים,gender,גבר,47
2026-07-30T18:02:13,63,נשים,עקאבת ג'בר מחנה פליטים,gender,אישה,79
2026-07-30T18:02:13,63,נשים,עקאבת ג'בר מחנה פליטים,visit_type,ביקור במרפאה,131
2026-07-30T18:02:13,63,נשים,עקאבת ג'בר מחנה פליטים,visit_type,שיחת טלפון,16
2026-07-30T18:02:13,63,נשים,עקאבת ג'בר מחנה פליטים,visit_type,שיחת וידאו,1
2026-07-30T18:02:13,63,נשים,עקאבת ג'בר מחנה פליטים,language,אידיש,2
2026-07-30T18:02:13,63,נשים,עקאבת ג'בר מחנה פליטים,language,אנגלית,20
2026-07-30T18:02:13,63,נשים,עקאבת ג'בר מחנה פליטים,language,עברית,24
2026-07-30T18:02:13,63,נשים,עקאבת ג'בר מחנה פליטים,language,ערבית,3
2026-07-30T18:02:13,63,נשים,עקאבת ג'בר מחנה פליטים,language,צרפתית,2
2026-07-30T18:02:13,63,נשים,עקאבת ג'בר מחנה פליטים,language,רוסית,3
2026-07-30T18:02:33,63,נשים,ערוגות,gender,גבר,28
2026-07-30T18:02:33,63,נשים,ערוגות,gender,אישה,31
2026-07-30T18:02:33,63,נשים,ערוגות,visit_type,ביקור במרפאה,63
2026-07-30T18:02:33,63,נשים,ערוגות,language,אוקראינית,2
2026-07-30T18:02:33,63,נשים,ערוגות,language,איטלקית,1
2026-07-30T18:02:33,63,נשים,ערוגות,language,אנגלית,13
2026-07-30T18:02:33,63,נשים,ערוגות,language,גרוזינית,1
2026-07-30T18:02:33,63,נשים,ערוגות,language,הונגרית,1
2026-07-30T18:02:33,63,נשים,ערוגות,language,ספרדית,1
2026-07-30T18:02:33,63,נשים,ערוגות,language,עברית,20
2026-07-30T18:02:33,63,נשים,ערוגות,language,צרפתית,2
2026-07-30T18:02:33,63,נשים,ערוגות,language,רוסית,10
2026-07-30T18:02:46,63,נשים,פארק תעשיות עמק חפר,gender,גבר,47
2026-07-30T18:02:46,63,נשים,פארק תעשיות עמק חפר,gender,אישה,92
2026-07-30T18:02:46,63,נשים,פארק תעשיות עמק חפר,visit_type,ביקור במרפאה,142
2026-07-30T18:02:46,63,נשים,פארק תעשיות עמק חפר,visit_type,שיחת טלפון,2
2026-07-30T18:02:46,63,נשים,פארק תעשיות עמק חפר,language,אידיש,1
2026-07-30T18:02:46,63,נשים,פארק תעשיות עמק חפר,language,אנגלית,18
2026-07-30T18:02:46,63,נשים,פארק תעשיות עמק חפר,language,גרמנית,1
2026-07-30T18:02:46,63,נשים,פארק תעשיות עמק חפר,language,עברית,32
2026-07-30T18:02:46,63,נשים,פארק תעשיות עמק חפר,language,ערבית,8
2026-07-30T18:02:46,63,נשים,פארק תעשיות עמק חפר,language,צרפתית,2
2026-07-30T18:02:46,63,נשים,פארק תעשיות עמק חפר,language,רומנית,2
2026-07-30T18:02:46,63,נשים,פארק תעשיות עמק חפר,language,רוסית,11
2026-07-30T18:03:06,63,נשים,פוריה עילית,gender,גבר,29
2026-07-30T18:03:06,63,נשים,פוריה עילית,gender,אישה,58
2026-07-30T18:03:06,63,נשים,פוריה עילית,visit_type,ביקור במרפאה,87
2026-07-30T18:03:06,63,נשים,פוריה עילית,language,אנגלית,9
2026-07-30T18:03:06,63,נשים,פוריה עילית,language,עברית,13
2026-07-30T18:03:06,63,נשים,פוריה עילית,language,ערבית,4
2026-07-30T18:03:06,63,נשים,פוריה עילית,language,רוסית,3
2026-07-30T18:03:19,63,נשים,פסאיל,gender,גבר,47
2026-07-30T18:03:19,63,נשים,פסאיל,gender,אישה,79
2026-07-30T18:03:19,63,נשים,פסאיל,visit_type,ביקור במרפאה,131
2026-07-30T18:03:19,63,נשים,פסאיל,visit_type,שיחת טלפון,16
2026-07-30T18:03:19,63,נשים,פסאיל,visit_type,שיחת וידאו,1
2026-07-30T18:03:19,63,נשים,פסאיל,language,אידיש,2
2026-07-30T18:03:19,63,נשים,פסאיל,language,אנגלית,20
2026-07-30T18:03:19,63,נשים,פסאיל,language,עברית,24
2026-07-30T18:03:19,63,נשים,פסאיל,language,ערבית,3
2026-07-30T18:03:19,63,נשים,פסאיל,language,צרפתית,2
2026-07-30T18:03:19,63,נשים,פסאיל,language,רוסית,3
2026-07-30T18:03:38,63,נשים,פרוד,gender,גבר,29
2026-07-30T18:03:38,63,נשים,פרוד,gender,אישה,58
2026-07-30T18:03:38,63,נשים,פרוד,visit_type,ביקור במרפאה,87
2026-07-30T18:03:38,63,נשים,פרוד,language,אנגלית,9
2026-07-30T18:03:38,63,נשים,פרוד,language,עברית,13
2026-07-30T18:03:38,63,נשים,פרוד,language,ערבית,4
2026-07-30T18:03:38,63,נשים,פרוד,language,רוסית,3
2026-07-30T18:03:51,63,נשים,צבעון,gender,גבר,29
2026-07-30T18:03:51,63,נשים,צבעון,gender,אישה,58
2026-07-30T18:03:51,63,נשים,צבעון,visit_type,ביקור במרפאה,87
2026-07-30T18:03:51,63,נשים,צבעון,language,אנגלית,9
2026-07-30T18:03:51,63,נשים,צבעון,language,עברית,13
2026-07-30T18:03:51,63,נשים,צבעון,language,ערבית,4
2026-07-30T18:03:51,63,נשים,צבעון,language,רוסית,3
2026-07-30T18:04:08,63,נשים,צור יצחק,gender,גבר,72
2026-07-30T18:04:08,63,נשים,צור יצחק,gender,אישה,113
2026-07-30T18:04:08,63,נשים,צור יצחק,visit_type,ביקור במרפאה,189
2026-07-30T18:04:08,63,נשים,צור יצחק,visit_type,שיחת טלפון,2
2026-07-30T18:04:08,63,נשים,צור יצחק,language,אידיש,1
2026-07-30T18:04:08,63,נשים,צור יצחק,language,איטלקית,1
2026-07-30T18:04:08,63,נשים,צור יצחק,language,אנגלית,37
2026-07-30T18:04:08,63,נשים,צור יצחק,language,גרמנית,2
2026-07-30T18:04:08,63,נשים,צור יצחק,language,ספרדית,1
2026-07-30T18:04:08,63,נשים,צור יצחק,language,עברית,64
2026-07-30T18:04:08,63,נשים,צור יצחק,language,ערבית,9
2026-07-30T18:04:08,63,נשים,צור יצחק,language,צרפתית,3
2026-07-30T18:04:08,63,נשים,צור יצחק,language,רומנית,3
2026-07-30T18:04:08,63,נשים,צור יצחק,language,רוסית,16
2026-07-30T18:04:29,63,נשים,קבועה,gender,גבר,43
2026-07-30T18:04:29,63,נשים,קבועה,gender,אישה,67
2026-07-30T18:04:29,63,נשים,קבועה,visit_type,ביקור במרפאה,112
2026-07-30T18:04:29,63,נשים,קבועה,language,אידיש,3
2026-07-30T18:04:29,63,נשים,קבועה,language,אנגלית,21
2026-07-30T18:04:29,63,נשים,קבועה,language,ליטאית,1
2026-07-30T18:04:29,63,נשים,קבועה,language,סינית,1
2026-07-30T18:04:29,63,נשים,קבועה,language,עברית,9
2026-07-30T18:04:29,63,נשים,קבועה,language,ערבית,4
2026-07-30T18:04:29,63,נשים,קבועה,language,רוסית,19
2026-07-30T18:04:46,63,נשים,קדרים,gender,גבר,29
2026-07-30T18:04:46,63,נשים,קדרים,gender,אישה,58
2026-07-30T18:04:46,63,נשים,קדרים,visit_type,ביקור במרפאה,87
2026-07-30T18:04:46,63,נשים,קדרים,language,אנגלית,9
2026-07-30T18:04:46,63,נשים,קדרים,language,עברית,13
2026-07-30T18:04:46,63,נשים,קדרים,language,ערבית,4
2026-07-30T18:04:46,63,נשים,קדרים,language,רוסית,3
2026-07-30T18:04:59,63,נשים,קיביא,gender,גבר,10
2026-07-30T18:04:59,63,נשים,קיביא,gender,אישה,15
2026-07-30T18:04:59,63,נשים,קיביא,visit_type,ביקור במרפאה,29
2026-07-30T18:04:59,63,נשים,קיביא,language,איטלקית,4
2026-07-30T18:04:59,63,נשים,קיביא,language,אנגלית,12
2026-07-30T18:04:59,63,נשים,קיביא,language,ספרדית,1
2026-07-30T18:04:59,63,נשים,קיביא,language,עברית,24
2026-07-30T18:04:59,63,נשים,קיביא,language,ערבית,1
2026-07-30T18:04:59,63,נשים,קיביא,language,צרפתית,2
2026-07-30T18:04:59,63,נשים,קיביא,language,רומנית,4
2026-07-30T18:04:59,63,נשים,קיביא,language,רוסית,2
2026-07-30T18:05:06,63,נשים,קפין,gender,גבר,47
2026-07-30T18:05:06,63,נשים,קפין,gender,אישה,92
2026-07-30T18:05:06,63,נשים,קפין,visit_type,ביקור במרפאה,142
2026-07-30T18:05:06,63,נשים,קפין,visit_type,שיחת טלפון,2
2026-07-30T18:05:06,63,נשים,קפין,language,אידיש,1
2026-07-30T18:05:06,63,נשים,קפין,language,אנגלית,18
2026-07-30T18:05:06,63,נשים,קפין,language,גרמנית,1
2026-07-30T18:05:06,63,נשים,קפין,language,עברית,32
2026-07-30T18:05:06,63,נשים,קפין,language,ערבית,8
2026-07-30T18:05:06,63,נשים,קפין,language,צרפתית,2
2026-07-30T18:05:06,63,נשים,קפין,language,רומנית,2
2026-07-30T18:05:06,63,נשים,קפין,language,רוסית,11
2026-07-30T18:05:27,63,נשים,קרית גת,gender,גבר,47
2026-07-30T18:05:27,63,נשים,קרית גת,gender,אישה,62
2026-07-30T18:05:27,63,נשים,קרית גת,visit_type,ביקור במרפאה,109
2026-07-30T18:05:27,63,נשים,קרית גת,visit_type,שיחת טלפון,2
2026-07-30T18:05:27,63,נשים,קרית גת,language,אידיש,4
2026-07-30T18:05:27,63,נשים,קרית גת,language,אנגלית,13
2026-07-30T18:05:27,63,נשים,קרית גת,language,גרמנית,1
2026-07-30T18:05:27,63,נשים,קרית גת,language,ליטאית,1
2026-07-30T18:05:27,63,נשים,קרית גת,language,סינית,1
2026-07-30T18:05:27,63,נשים,קרית גת,language,עברית,8
2026-07-30T18:05:27,63,נשים,קרית גת,language,ערבית,3
2026-07-30T18:05:27,63,נשים,קרית גת,language,רוסית,14
2026-07-30T18:05:46,63,נשים,ראס עלי,gender,אישה,136
2026-07-30T18:05:46,63,נשים,ראס עלי,gender,גבר,48
2026-07-30T18:05:46,63,נשים,ראס עלי,visit_type,ביקור במרפאה,185
2026-07-30T18:05:46,63,נשים,ראס עלי,visit_type,שיחת טלפון,1
2026-07-30T18:05:46,63,נשים,ראס עלי,language,אידיש,1
2026-07-30T18:05:46,63,נשים,ראס עלי,language,איטלקית,3
2026-07-30T18:05:46,63,נשים,ראס עלי,language,אנגלית,68
2026-07-30T18:05:46,63,נשים,ראס עלי,language,הונגרית,3
2026-07-30T18:05:46,63,נשים,ראס עלי,language,עברית,100
2026-07-30T18:05:46,63,נשים,ראס עלי,language,ערבית,40
2026-07-30T18:05:46,63,נשים,ראס עלי,language,צרפתית,5
2026-07-30T18:05:46,63,נשים,ראס עלי,language,רומנית,5
2026-07-30T18:05:46,63,נשים,ראס עלי,language,רוסית,27
2026-07-30T18:05:46,63,נשים,ראס עלי,language,שוודית,1
2026-07-30T18:06:07,63,נשים,רהט,gender,גבר,43
2026-07-30T18:06:07,63,נשים,רהט,gender,אישה,67
2026-07-30T18:06:07,63,נשים,רהט,visit_type,ביקור במרפאה,112
2026-07-30T18:06:07,63,נשים,רהט,language,אידיש,3
2026-07-30T18:06:07,63,נשים,רהט,language,אנגלית,21
2026-07-30T18:06:07,63,נשים,רהט,language,ליטאית,1
2026-07-30T18:06:07,63,נשים,רהט,language,סינית,1
2026-07-30T18:06:07,63,נשים,רהט,language,עברית,9
2026-07-30T18:06:07,63,נשים,רהט,language,ערבית,4
2026-07-30T18:06:07,63,נשים,רהט,language,רוסית,19
2026-07-30T18:06:23,63,נשים,רותם,gender,גבר,47
2026-07-30T18:06:23,63,נשים,רותם,gender,אישה,79
2026-07-30T18:06:23,63,נשים,רותם,visit_type,ביקור במרפאה,131
2026-07-30T18:06:23,63,נשים,רותם,visit_type,שיחת טלפון,16
2026-07-30T18:06:23,63,נשים,רותם,visit_type,שיחת וידאו,1
2026-07-30T18:06:23,63,נשים,רותם,language,אידיש,2
2026-07-30T18:06:23,63,נשים,רותם,language,אנגלית,20
2026-07-30T18:06:23,63,נשים,רותם,language,עברית,24
2026-07-30T18:06:23,63,נשים,רותם,language,ערבית,3
2026-07-30T18:06:23,63,נשים,רותם,language,צרפתית,2
2026-07-30T18:06:23,63,נשים,רותם,language,רוסית,3
2026-07-30T18:06:42,63,נשים,רמאללה,gender,גבר,47
2026-07-30T18:06:42,63,נשים,רמאללה,gender,אישה,79
2026-07-30T18:06:42,63,נשים,רמאללה,visit_type,ביקור במרפאה,131
2026-07-30T18:06:42,63,נשים,רמאללה,visit_type,שיחת טלפון,16
2026-07-30T18:06:42,63,נשים,רמאללה,visit_type,שיחת וידאו,1
2026-07-30T18:06:42,63,נשים,רמאללה,language,אידיש,2
2026-07-30T18:06:42,63,נשים,רמאללה,language,אנגלית,20
2026-07-30T18:06:42,63,נשים,רמאללה,language,עברית,24
2026-07-30T18:06:42,63,נשים,רמאללה,language,ערבית,3
2026-07-30T18:06:42,63,נשים,רמאללה,language,צרפתית,2
2026-07-30T18:06:42,63,נשים,רמאללה,language,רוסית,3
2026-07-30T18:07:01,63,נשים,רנן,gender,גבר,68
2026-07-30T18:07:01,63,נשים,רנן,gender,אישה,86
2026-07-30T18:07:01,63,נשים,רנן,visit_type,ביקור במרפאה,156
2026-07-30T18:07:01,63,נשים,רנן,visit_type,שיחת טלפון,1
2026-07-30T18:07:01,63,נשים,רנן,language,אידיש,4
2026-07-30T18:07:01,63,נשים,רנן,language,אנגלית,22
2026-07-30T18:07:01,63,נשים,רנן,language,גרמנית,1
2026-07-30T18:07:01,63,נשים,רנן,language,ליטאית,1
2026-07-30T18:07:01,63,נשים,רנן,language,סינית,1
2026-07-30T18:07:01,63,נשים,רנן,language,עברית,14
2026-07-30T18:07:01,63,נשים,רנן,language,ערבית,4
2026-07-30T18:07:01,63,נשים,רנן,language,רוסית,22
2026-07-30T18:07:21,63,נשים,שאר ישוב,gender,גבר,29
2026-07-30T18:07:21,63,נשים,שאר ישוב,gender,אישה,58
2026-07-30T18:07:21,63,נשים,שאר ישוב,visit_type,ביקור במרפאה,87
2026-07-30T18:07:21,63,נשים,שאר ישוב,language,אנגלית,9
2026-07-30T18:07:21,63,נשים,שאר ישוב,language,עברית,13
2026-07-30T18:07:21,63,נשים,שאר ישוב,language,ערבית,4
2026-07-30T18:07:21,63,נשים,שאר ישוב,language,רוסית,3
2026-07-30T18:07:35,63,נשים,שדה בוקר,gender,גבר,43
2026-07-30T18:07:35,63,נשים,שדה בוקר,gender,אישה,67
2026-07-30T18:07:35,63,נשים,שדה בוקר,visit_type,ביקור במרפאה,112
2026-07-30T18:07:35,63,נשים,שדה בוקר,language,אידיש,3
2026-07-30T18:07:35,63,נשים,שדה בוקר,language,אנגלית,21
2026-07-30T18:07:35,63,נשים,שדה בוקר,language,ליטאית,1
2026-07-30T18:07:35,63,נשים,שדה בוקר,language,סינית,1
2026-07-30T18:07:35,63,נשים,שדה בוקר,language,עברית,9
2026-07-30T18:07:35,63,נשים,שדה בוקר,language,ערבית,4
2026-07-30T18:07:35,63,נשים,שדה בוקר,language,רוסית,19
2026-07-30T18:07:53,63,נשים,שוהם,gender,גבר,40
2026-07-30T18:07:53,63,נשים,שוהם,gender,אישה,46
2026-07-30T18:07:53,63,נשים,שוהם,visit_type,ביקור במרפאה,88
2026-07-30T18:07:53,63,נשים,שוהם,language,אוקראינית,3
2026-07-30T18:07:53,63,נשים,שוהם,language,אידיש,1
2026-07-30T18:07:53,63,נשים,שוהם,language,איטלקית,2
2026-07-30T18:07:53,63,נשים,שוהם,language,אנגלית,21
2026-07-30T18:07:53,63,נשים,שוהם,language,הונגרית,1
2026-07-30T18:07:53,63,נשים,שוהם,language,ספרדית,1
2026-07-30T18:07:53,63,נשים,שוהם,language,עברית,29
2026-07-30T18:07:53,63,נשים,שוהם,language,צרפתית,1
2026-07-30T18:07:53,63,נשים,שוהם,language,רוסית,12
2026-07-30T18:08:05,63,נשים,שחרית,gender,גבר,10
2026-07-30T18:08:05,63,נשים,שחרית,gender,אישה,15
2026-07-30T18:08:05,63,נשים,שחרית,visit_type,ביקור במרפאה,29
2026-07-30T18:08:05,63,נשים,שחרית,language,איטלקית,4
2026-07-30T18:08:05,63,נשים,שחרית,language,אנגלית,12
2026-07-30T18:08:05,63,נשים,שחרית,language,ספרדית,1
2026-07-30T18:08:05,63,נשים,שחרית,language,עברית,24
2026-07-30T18:08:05,63,נשים,שחרית,language,ערבית,1
2026-07-30T18:08:05,63,נשים,שחרית,language,צרפתית,2
2026-07-30T18:08:05,63,נשים,שחרית,language,רומנית,4
2026-07-30T18:08:05,63,נשים,שחרית,language,רוסית,2
2026-07-30T18:08:12,63,נשים,שלווה,gender,גבר,47
2026-07-30T18:08:12,63,נשים,שלווה,gender,אישה,61
2026-07-30T18:08:12,63,נשים,שלווה,visit_type,ביקור במרפאה,108
2026-07-30T18:08:12,63,נשים,שלווה,visit_type,שיחת טלפון,1
2026-07-30T18:08:12,63,נשים,שלווה,language,אידיש,4
2026-07-30T18:08:12,63,נשים,שלווה,language,אנגלית,13
2026-07-30T18:08:12,63,נשים,שלווה,language,גרמנית,1
2026-07-30T18:08:12,63,נשים,שלווה,language,ליטאית,1
2026-07-30T18:08:12,63,נשים,שלווה,language,סינית,1
2026-07-30T18:08:12,63,נשים,שלווה,language,עברית,8
2026-07-30T18:08:12,63,נשים,שלווה,language,ערבית,3
2026-07-30T18:08:12,63,נשים,שלווה,language,רוסית,14
2026-07-30T18:08:28,63,נשים,שני ליבנה,gender,גבר,43
2026-07-30T18:08:28,63,נשים,שני ליבנה,gender,אישה,67
2026-07-30T18:08:28,63,נשים,שני ליבנה,visit_type,ביקור במרפאה,112
2026-07-30T18:08:28,63,נשים,שני ליבנה,language,אידיש,3
2026-07-30T18:08:28,63,נשים,שני ליבנה,language,אנגלית,21
2026-07-30T18:08:28,63,נשים,שני ליבנה,language,ליטאית,1
2026-07-30T18:08:28,63,נשים,שני ליבנה,language,סינית,1
2026-07-30T18:08:28,63,נשים,שני ליבנה,language,עברית,9
2026-07-30T18:08:28,63,נשים,שני ליבנה,language,ערבית,4
2026-07-30T18:08:28,63,נשים,שני ליבנה,language,רוסית,19
2026-07-30T18:08:48,63,נשים,שפיים,gender,גבר,72
2026-07-30T18:08:48,63,נשים,שפיים,gender,אישה,113
2026-07-30T18:08:48,63,נשים,שפיים,visit_type,ביקור במרפאה,189
2026-07-30T18:08:48,63,נשים,שפיים,visit_type,שיחת טלפון,2
2026-07-30T18:08:48,63,נשים,שפיים,language,אידיש,1
2026-07-30T18:08:48,63,נשים,שפיים,language,איטלקית,1
2026-07-30T18:08:48,63,נשים,שפיים,language,אנגלית,37
2026-07-30T18:08:48,63,נשים,שפיים,language,גרמנית,2
2026-07-30T18:08:48,63,נשים,שפיים,language,ספרדית,1
2026-07-30T18:08:48,63,נשים,שפיים,language,עברית,64
2026-07-30T18:08:48,63,נשים,שפיים,language,ערבית,9
2026-07-30T18:08:48,63,נשים,שפיים,language,צרפתית,3
2026-07-30T18:08:48,63,נשים,שפיים,language,רומנית,3
2026-07-30T18:08:48,63,נשים,שפיים,language,רוסית,16
2026-07-30T18:09:09,63,נשים,שתולה,gender,גבר,23
2026-07-30T18:09:09,63,נשים,שתולה,gender,אישה,64
2026-07-30T18:09:09,63,נשים,שתולה,visit_type,ביקור במרפאה,88
2026-07-30T18:09:09,63,נשים,שתולה,visit_type,שיחת טלפון,2
2026-07-30T18:09:09,63,נשים,שתולה,language,איטלקית,4
2026-07-30T18:09:09,63,נשים,שתולה,language,אנגלית,56
2026-07-30T18:09:09,63,נשים,שתולה,language,ספרדית,1
2026-07-30T18:09:09,63,נשים,שתולה,language,עברית,85
2026-07-30T18:09:09,63,נשים,שתולה,language,ערבית,64
2026-07-30T18:09:09,63,נשים,שתולה,language,רומנית,4
2026-07-30T18:09:09,63,נשים,שתולה,language,רוסית,15
2026-07-30T18:09:23,63,נשים,תימורים,gender,גבר,28
2026-07-30T18:09:23,63,נשים,תימורים,gender,אישה,31
2026-07-30T18:09:23,63,נשים,תימורים,visit_type,ביקור במרפאה,63
2026-07-30T18:09:23,63,נשים,תימורים,language,אוקראינית,2
2026-07-30T18:09:23,63,נשים,תימורים,language,איטלקית,1
2026-07-30T18:09:23,63,נשים,תימורים,language,אנגלית,13
2026-07-30T18:09:23,63,נשים,תימורים,language,גרוזינית,1
2026-07-30T18:09:23,63,נשים,תימורים,language,הונגרית,1
2026-07-30T18:09:23,63,נשים,תימורים,language,ספרדית,1
2026-07-30T18:09:23,63,נשים,תימורים,language,עברית,20
2026-07-30T18:09:23,63,נשים,תימורים,language,צרפתית,2
2026-07-30T18:09:23,63,נשים,תימורים,language,רוסית,10
2026-07-30T18:09:35,63,נשים,תל עדשים,gender,גבר,48
2026-07-30T18:09:35,63,נשים,תל עדשים,gender,אישה,127
2026-07-30T18:09:35,63,נשים,תל עדשים,visit_type,ביקור במרפאה,176
2026-07-30T18:09:35,63,נשים,תל עדשים,visit_type,שיחת טלפון,1
2026-07-30T18:09:35,63,נשים,תל עדשים,language,איטלקית,1
2026-07-30T18:09:35,63,נשים,תל עדשים,language,אנגלית,29
2026-07-30T18:09:35,63,נשים,תל עדשים,language,הונגרית,1
2026-07-30T18:09:35,63,נשים,תל עדשים,language,עברית,50
2026-07-30T18:09:35,63,נשים,תל עדשים,language,ערבית,28
2026-07-30T18:09:35,63,נשים,תל עדשים,language,רומנית,1
2026-07-30T18:09:35,63,נשים,תל עדשים,language,רוסית,11
2026-07-30T18:09:56,63,נשים,תעשיון ראם,gender,גבר,52
2026-07-30T18:09:56,63,נשים,תעשיון ראם,gender,אישה,56
2026-07-30T18:09:56,63,נשים,תעשיון ראם,visit_type,ביקור במרפאה,113
2026-07-30T18:09:56,63,נשים,תעשיון ראם,language,אוקראינית,3
2026-07-30T18:09:56,63,נשים,תעשיון ראם,language,אידיש,1
2026-07-30T18:09:56,63,נשים,תעשיון ראם,language,איטלקית,2
2026-07-30T18:09:56,63,נשים,תעשיון ראם,language,אנגלית,26
2026-07-30T18:09:56,63,נשים,תעשיון ראם,language,גרוזינית,1
2026-07-30T18:09:56,63,נשים,תעשיון ראם,language,הונגרית,2
2026-07-30T18:09:56,63,נשים,תעשיון ראם,language,ספרדית,1
2026-07-30T18:09:56,63,נשים,תעשיון ראם,language,עברית,37
2026-07-30T18:09:56,63,נשים,תעשיון ראם,language,צרפתית,2
2026-07-30T18:09:56,63,נשים,תעשיון ראם,language,רוסית,17
2026-07-30T18:10:15,63,נשים,תרדיון,gender,גבר,47
2026-07-30T18:10:15,63,נשים,תרדיון,gender,אישה,127
2026-07-30T18:10:15,63,נשים,תרדיון,visit_type,ביקור במרפאה,175
2026-07-30T18:10:15,63,נשים,תרדיון,visit_type,שיחת טלפון,2
2026-07-30T18:10:15,63,נשים,תרדיון,language,אידיש,1
2026-07-30T18:10:15,63,נשים,תרדיון,language,איטלקית,7
2026-07-30T18:10:15,63,נשים,תרדיון,language,אנגלית,116
2026-07-30T18:10:15,63,נשים,תרדיון,language,הונגרית,3
2026-07-30T18:10:15,63,נשים,תרדיון,language,ספרדית,1
2026-07-30T18:10:15,63,נשים,תרדיון,language,עברית,169
2026-07-30T18:10:15,63,נשים,תרדיון,language,ערבית,98
2026-07-30T18:10:15,63,נשים,תרדיון,language,צרפתית,5
2026-07-30T18:10:15,63,נשים,תרדיון,language,רומנית,9
2026-07-30T18:10:15,63,נשים,תרדיון,language,רוסית,34
2026-07-30T18:10:15,63,נשים,תרדיון,language,שוודית,1
2026-07-30T18:10:33,31,עור,אבו גוש,gender,גבר,24
2026-07-30T18:10:33,31,עור,אבו גוש,gender,אישה,19
2026-07-30T18:10:33,31,עור,אבו גוש,visit_type,ביקור במרפאה,45
2026-07-30T18:10:33,31,עור,אבו גוש,language,אנגלית,6
2026-07-30T18:10:33,31,עור,אבו גוש,language,ספרדית,1
2026-07-30T18:10:33,31,עור,אבו גוש,language,עברית,13
2026-07-30T18:10:33,31,עור,אבו גוש,language,צרפתית,4
2026-07-30T18:10:33,31,עור,אבו גוש,language,רוסית,7
2026-07-30T18:10:43,31,עור,אדורים,gender,גבר,30
2026-07-30T18:10:43,31,עור,אדורים,gender,אישה,13
2026-07-30T18:10:43,31,עור,אדורים,visit_type,ביקור במרפאה,45
2026-07-30T18:10:43,31,עור,אדורים,language,אנגלית,6
2026-07-30T18:10:43,31,עור,אדורים,language,בולגרית,1
2026-07-30T18:10:43,31,עור,אדורים,language,עברית,9
2026-07-30T18:10:43,31,עור,אדורים,language,ערבית,1
2026-07-30T18:10:43,31,עור,אדורים,language,רוסית,5
2026-07-30T18:10:55,31,עור,אום א תות,gender,גבר,33
2026-07-30T18:10:55,31,עור,אום א תות,gender,אישה,15
2026-07-30T18:10:55,31,עור,אום א תות,visit_type,ביקור במרפאה,49
2026-07-30T18:10:55,31,עור,אום א תות,language,איטלקית,1
2026-07-30T18:10:55,31,עור,אום א תות,language,אנגלית,5
2026-07-30T18:10:55,31,עור,אום א תות,language,עברית,9
2026-07-30T18:10:55,31,עור,אום א תות,language,ערבית,1
2026-07-30T18:10:55,31,עור,אום א תות,language,צרפתית,2
2026-07-30T18:10:55,31,עור,אום א תות,language,רומנית,1
2026-07-30T18:10:55,31,עור,אום א תות,language,רוסית,6
2026-07-30T18:11:07,31,עור,אחוזם,gender,אישה,9
2026-07-30T18:11:07,31,עור,אחוזם,gender,גבר,21
2026-07-30T18:11:07,31,עור,אחוזם,visit_type,ביקור במרפאה,32
2026-07-30T18:11:07,31,עור,אחוזם,language,אנגלית,4
2026-07-30T18:11:07,31,עור,אחוזם,language,בולגרית,1
2026-07-30T18:11:07,31,עור,אחוזם,language,עברית,7
2026-07-30T18:11:07,31,עור,אחוזם,language,רוסית,5
2026-07-30T18:11:18,31,עור,אייל,gender,גבר,52
2026-07-30T18:11:18,31,עור,אייל,gender,אישה,30
2026-07-30T18:11:18,31,עור,אייל,visit_type,ביקור במרפאה,85
2026-07-30T18:11:18,31,עור,אייל,language,אידיש,1
2026-07-30T18:11:18,31,עור,אייל,language,איטלקית,1
2026-07-30T18:11:18,31,עור,אייל,language,אנגלית,18
2026-07-30T18:11:18,31,עור,אייל,language,אפריקנס,1
2026-07-30T18:11:18,31,עור,אייל,language,גרמנית,1
2026-07-30T18:11:18,31,עור,אייל,language,הולנדית,1
2026-07-30T18:11:18,31,עור,אייל,language,ספרדית,2
2026-07-30T18:11:18,31,עור,אייל,language,עברית,30
2026-07-30T18:11:18,31,עור,אייל,language,ערבית,5
2026-07-30T18:11:18,31,עור,אייל,language,צרפתית,2
2026-07-30T18:11:18,31,עור,אייל,language,רומנית,1
2026-07-30T18:11:18,31,עור,אייל,language,רוסית,8
2026-07-30T18:11:40,31,עור,אל הג'רה,gender,גבר,30
2026-07-30T18:11:40,31,עור,אל הג'רה,gender,אישה,13
2026-07-30T18:11:40,31,עור,אל הג'רה,visit_type,ביקור במרפאה,45
2026-07-30T18:11:40,31,עור,אל הג'רה,language,אנגלית,6
2026-07-30T18:11:40,31,עור,אל הג'רה,language,בולגרית,1
2026-07-30T18:11:40,31,עור,אל הג'רה,language,עברית,9
2026-07-30T18:11:40,31,עור,אל הג'רה,language,ערבית,1
2026-07-30T18:11:40,31,עור,אל הג'רה,language,רוסית,5
2026-07-30T18:11:52,31,עור,אמנון,gender,גבר,47
2026-07-30T18:11:52,31,עור,אמנון,gender,אישה,6
2026-07-30T18:11:52,31,עור,אמנון,visit_type,ביקור במרפאה,53
2026-07-30T18:11:52,31,עור,אמנון,language,אנגלית,21
2026-07-30T18:11:52,31,עור,אמנון,language,עברית,21
2026-07-30T18:11:52,31,עור,אמנון,language,ערבית,17
2026-07-30T18:11:52,31,עור,אמנון,language,רומנית,4
2026-07-30T18:11:52,31,עור,אמנון,language,רוסית,2
2026-07-30T18:12:00,31,עור,אפרת,gender,גבר,24
2026-07-30T18:12:00,31,עור,אפרת,gender,אישה,19
2026-07-30T18:12:00,31,עור,אפרת,visit_type,ביקור במרפאה,45
2026-07-30T18:12:00,31,עור,אפרת,language,אנגלית,6
2026-07-30T18:12:00,31,עור,אפרת,language,ספרדית,1
2026-07-30T18:12:00,31,עור,אפרת,language,עברית,13
2026-07-30T18:12:00,31,עור,אפרת,language,צרפתית,4
2026-07-30T18:12:00,31,עור,אפרת,language,רוסית,7
2026-07-30T18:12:08,31,עור,אשדות יעקב איחוד,gender,גבר,47
2026-07-30T18:12:08,31,עור,אשדות יעקב איחוד,gender,אישה,6
2026-07-30T18:12:08,31,עור,אשדות יעקב איחוד,visit_type,ביקור במרפאה,53
2026-07-30T18:12:08,31,עור,אשדות יעקב איחוד,language,אנגלית,21
2026-07-30T18:12:08,31,עור,אשדות יעקב איחוד,language,עברית,21
2026-07-30T18:12:08,31,עור,אשדות יעקב איחוד,language,ערבית,17
2026-07-30T18:12:08,31,עור,אשדות יעקב איחוד,language,רומנית,4
2026-07-30T18:12:08,31,עור,אשדות יעקב איחוד,language,רוסית,2
2026-07-30T18:12:16,31,עור,באר אורה,gender,גבר,1
2026-07-30T18:12:16,31,עור,באר אורה,gender,אישה,1
2026-07-30T18:12:16,31,עור,באר אורה,visit_type,ביקור במרפאה,6
2026-07-30T18:12:16,31,עור,באר אורה,visit_type,שיחת טלפון,1
2026-07-30T18:12:18,31,עור,בוקעתא,gender,גבר,47
2026-07-30T18:12:18,31,עור,בוקעתא,gender,אישה,6
2026-07-30T18:12:18,31,עור,בוקעתא,visit_type,ביקור במרפאה,53
2026-07-30T18:12:18,31,עור,בוקעתא,language,אנגלית,21
2026-07-30T18:12:18,31,עור,בוקעתא,language,עברית,21
2026-07-30T18:12:18,31,עור,בוקעתא,language,ערבית,17
2026-07-30T18:12:18,31,עור,בוקעתא,language,רומנית,4
2026-07-30T18:12:18,31,עור,בוקעתא,language,רוסית,2
2026-07-30T18:12:27,31,עור,בי''ס אזורי מקיף מטה אשר,gender,גבר,63
2026-07-30T18:12:27,31,עור,בי''ס אזורי מקיף מטה אשר,gender,אישה,10
2026-07-30T18:12:27,31,עור,בי''ס אזורי מקיף מטה אשר,visit_type,ביקור במרפאה,75
2026-07-30T18:12:27,31,עור,בי''ס אזורי מקיף מטה אשר,language,אידיש,2
2026-07-30T18:12:27,31,עור,בי''ס אזורי מקיף מטה אשר,language,אנגלית,49
2026-07-30T18:12:27,31,עור,בי''ס אזורי מקיף מטה אשר,language,גרמנית,7
2026-07-30T18:12:27,31,עור,בי''ס אזורי מקיף מטה אשר,language,עברית,72
2026-07-30T18:12:27,31,עור,בי''ס אזורי מקיף מטה אשר,language,ערבית,60
2026-07-30T18:12:27,31,עור,בי''ס אזורי מקיף מטה אשר,language,צרפתית,1
2026-07-30T18:12:27,31,עור,בי''ס אזורי מקיף מטה אשר,language,רומנית,15
2026-07-30T18:12:27,31,עור,בי''ס אזורי מקיף מטה אשר,language,רוסית,7
2026-07-30T18:12:41,31,עור,בלאטה,gender,אישה,15
2026-07-30T18:12:41,31,עור,בלאטה,gender,גבר,33
2026-07-30T18:12:41,31,עור,בלאטה,visit_type,ביקור במרפאה,49
2026-07-30T18:12:41,31,עור,בלאטה,language,איטלקית,1
2026-07-30T18:12:41,31,עור,בלאטה,language,אנגלית,5
2026-07-30T18:12:41,31,עור,בלאטה,language,עברית,9
2026-07-30T18:12:41,31,עור,בלאטה,language,ערבית,1
2026-07-30T18:12:41,31,עור,בלאטה,language,צרפתית,2
2026-07-30T18:12:41,31,עור,בלאטה,language,רומנית,1
2026-07-30T18:12:41,31,עור,בלאטה,language,רוסית,6
2026-07-30T18:12:53,31,עור,בני סוהילה,gender,גבר,30
2026-07-30T18:12:53,31,עור,בני סוהילה,gender,אישה,13
2026-07-30T18:12:53,31,עור,בני סוהילה,visit_type,ביקור במרפאה,45
2026-07-30T18:12:53,31,עור,בני סוהילה,language,אנגלית,6
2026-07-30T18:12:53,31,עור,בני סוהילה,language,בולגרית,1
2026-07-30T18:12:53,31,עור,בני סוהילה,language,עברית,9
2026-07-30T18:12:53,31,עור,בני סוהילה,language,ערבית,1
2026-07-30T18:12:53,31,עור,בני סוהילה,language,רוסית,5
2026-07-30T18:13:07,31,עור,בר יוחאי,gender,גבר,47
2026-07-30T18:13:07,31,עור,בר יוחאי,gender,אישה,6
2026-07-30T18:13:07,31,עור,בר יוחאי,visit_type,ביקור במרפאה,53
2026-07-30T18:13:07,31,עור,בר יוחאי,language,אנגלית,21
2026-07-30T18:13:07,31,עור,בר יוחאי,language,עברית,21
2026-07-30T18:13:07,31,עור,בר יוחאי,language,ערבית,17
2026-07-30T18:13:07,31,עור,בר יוחאי,language,רומנית,4
2026-07-30T18:13:07,31,עור,בר יוחאי,language,רוסית,2
2026-07-30T18:13:15,31,עור,בת חן,gender,אישה,15
2026-07-30T18:13:15,31,עור,בת חן,gender,גבר,33
2026-07-30T18:13:15,31,עור,בת חן,visit_type,ביקור במרפאה,49
2026-07-30T18:13:15,31,עור,בת חן,language,איטלקית,1
2026-07-30T18:13:15,31,עור,בת חן,language,אנגלית,5
2026-07-30T18:13:15,31,עור,בת חן,language,עברית,9
2026-07-30T18:13:15,31,עור,בת חן,language,ערבית,1
2026-07-30T18:13:15,31,עור,בת חן,language,צרפתית,2
2026-07-30T18:13:15,31,עור,בת חן,language,רומנית,1
2026-07-30T18:13:15,31,עור,בת חן,language,רוסית,6
2026-07-30T18:13:28,31,עור,גאולי תימן,gender,גבר,59
2026-07-30T18:13:28,31,עור,גאולי תימן,gender,אישה,21
2026-07-30T18:13:28,31,עור,גאולי תימן,visit_type,ביקור במרפאה,81
2026-07-30T18:13:28,31,עור,גאולי תימן,language,איטלקית,1
2026-07-30T18:13:28,31,עור,גאולי תימן,language,אנגלית,23
2026-07-30T18:13:28,31,עור,גאולי תימן,language,עברית,27
2026-07-30T18:13:28,31,עור,גאולי תימן,language,ערבית,14
2026-07-30T18:13:28,31,עור,גאולי תימן,language,צרפתית,2
2026-07-30T18:13:28,31,עור,גאולי תימן,language,רומנית,1
2026-07-30T18:13:28,31,עור,גאולי תימן,language,רוסית,10
2026-07-30T18:13:45,31,עור,גבעות בר,gender,גבר,30
2026-07-30T18:13:45,31,עור,גבעות בר,gender,אישה,13
2026-07-30T18:13:45,31,עור,גבעות בר,visit_type,ביקור במרפאה,45
2026-07-30T18:13:45,31,עור,גבעות בר,language,אנגלית,6
2026-07-30T18:13:45,31,עור,גבעות בר,language,בולגרית,1
2026-07-30T18:13:45,31,עור,גבעות בר,language,עברית,9
2026-07-30T18:13:45,31,עור,גבעות בר,language,ערבית,1
2026-07-30T18:13:45,31,עור,גבעות בר,language,רוסית,5
2026-07-30T18:13:58,31,עור,גזית,gender,גבר,73
2026-07-30T18:13:58,31,עור,גזית,gender,אישה,12
2026-07-30T18:13:58,31,עור,גזית,visit_type,ביקור במרפאה,85
2026-07-30T18:13:58,31,עור,גזית,language,איטלקית,1
2026-07-30T18:13:58,31,עור,גזית,language,אנגלית,35
2026-07-30T18:13:58,31,עור,גזית,language,עברית,39
2026-07-30T18:13:58,31,עור,גזית,language,ערבית,28
2026-07-30T18:13:58,31,עור,גזית,language,רומנית,5
2026-07-30T18:13:58,31,עור,גזית,language,רוסית,10
2026-07-30T18:14:12,31,עור,גיתה,gender,גבר,35
2026-07-30T18:14:12,31,עור,גיתה,gender,אישה,3
2026-07-30T18:14:12,31,עור,גיתה,visit_type,ביקור במרפאה,38
2026-07-30T18:14:12,31,עור,גיתה,language,אנגלית,19
2026-07-30T18:14:12,31,עור,גיתה,language,גרמנית,7
2026-07-30T18:14:12,31,עור,גיתה,language,עברית,38
2026-07-30T18:14:12,31,עור,גיתה,language,ערבית,35
2026-07-30T18:14:12,31,עור,גיתה,language,רומנית,10
2026-07-30T18:14:12,31,עור,גיתה,language,רוסית,2
2026-07-30T18:14:19,31,עור,גני טל,gender,גבר,34
2026-07-30T18:14:19,31,עור,גני טל,gender,אישה,9
2026-07-30T18:14:19,31,עור,גני טל,visit_type,ביקור במרפאה,43
2026-07-30T18:14:19,31,עור,גני טל,visit_type,שיחת טלפון,2
2026-07-30T18:14:19,31,עור,גני טל,language,אנגלית,7
2026-07-30T18:14:19,31,עור,גני טל,language,אפריקנס,1
2026-07-30T18:14:19,31,עור,גני טל,language,הולנדית,1
2026-07-30T18:14:19,31,עור,גני טל,language,עברית,12
2026-07-30T18:14:19,31,עור,גני טל,language,רוסית,6
2026-07-30T18:14:28,31,עור,גשר,gender,גבר,73
2026-07-30T18:14:28,31,עור,גשר,gender,אישה,12
2026-07-30T18:14:28,31,עור,גשר,visit_type,ביקור במרפאה,85
2026-07-30T18:14:28,31,עור,גשר,language,איטלקית,1
2026-07-30T18:14:28,31,עור,גשר,language,אנגלית,35
2026-07-30T18:14:28,31,עור,גשר,language,עברית,39
2026-07-30T18:14:28,31,עור,גשר,language,ערבית,28
2026-07-30T18:14:28,31,עור,גשר,language,רומנית,5
2026-07-30T18:14:28,31,עור,גשר,language,רוסית,10
2026-07-30T18:14:41,31,עור,דגניה ב',gender,גבר,47
2026-07-30T18:14:41,31,עור,דגניה ב',gender,אישה,6
2026-07-30T18:14:41,31,עור,דגניה ב',visit_type,ביקור במרפאה,53
2026-07-30T18:14:41,31,עור,דגניה ב',language,אנגלית,21
2026-07-30T18:14:41,31,עור,דגניה ב',language,עברית,21
2026-07-30T18:14:41,31,עור,דגניה ב',language,ערבית,17
2026-07-30T18:14:41,31,עור,דגניה ב',language,רומנית,4
2026-07-30T18:14:41,31,עור,דגניה ב',language,רוסית,2
2026-07-30T18:14:51,31,עור,דורות,gender,אישה,9
2026-07-30T18:14:51,31,עור,דורות,gender,גבר,21
2026-07-30T18:14:51,31,עור,דורות,visit_type,ביקור במרפאה,32
2026-07-30T18:14:51,31,עור,דורות,language,אנגלית,4
2026-07-30T18:14:51,31,עור,דורות,language,בולגרית,1
2026-07-30T18:14:51,31,עור,דורות,language,עברית,7
2026-07-30T18:14:51,31,עור,דורות,language,רוסית,5
2026-07-30T18:15:02,31,עור,דיר איסתיא,gender,אישה,15
2026-07-30T18:15:02,31,עור,דיר איסתיא,gender,גבר,33
2026-07-30T18:15:02,31,עור,דיר איסתיא,visit_type,ביקור במרפאה,49
2026-07-30T18:15:02,31,עור,דיר איסתיא,language,איטלקית,1
2026-07-30T18:15:02,31,עור,דיר איסתיא,language,אנגלית,5
2026-07-30T18:15:02,31,עור,דיר איסתיא,language,עברית,9
2026-07-30T18:15:02,31,עור,דיר איסתיא,language,ערבית,1
2026-07-30T18:15:02,31,עור,דיר איסתיא,language,צרפתית,2
2026-07-30T18:15:02,31,עור,דיר איסתיא,language,רומנית,1
2026-07-30T18:15:02,31,עור,דיר איסתיא,language,רוסית,6
2026-07-30T18:15:13,31,עור,האשימיה,gender,אישה,15
2026-07-30T18:15:13,31,עור,האשימיה,gender,גבר,33
2026-07-30T18:15:13,31,עור,האשימיה,visit_type,ביקור במרפאה,49
2026-07-30T18:15:13,31,עור,האשימיה,language,איטלקית,1
2026-07-30T18:15:13,31,עור,האשימיה,language,אנגלית,5
2026-07-30T18:15:13,31,עור,האשימיה,language,עברית,9
2026-07-30T18:15:13,31,עור,האשימיה,language,ערבית,1
2026-07-30T18:15:13,31,עור,האשימיה,language,צרפתית,2
2026-07-30T18:15:13,31,עור,האשימיה,language,רומנית,1
2026-07-30T18:15:13,31,עור,האשימיה,language,רוסית,6
2026-07-30T18:15:26,31,עור,הזורע,gender,גבר,60
2026-07-30T18:15:26,31,עור,הזורע,gender,אישה,17
2026-07-30T18:15:26,31,עור,הזורע,visit_type,ביקור במרפאה,79
2026-07-30T18:15:26,31,עור,הזורע,language,אידיש,2
2026-07-30T18:15:26,31,עור,הזורע,language,איטלקית,1
2026-07-30T18:15:26,31,עור,הזורע,language,אנגלית,40
2026-07-30T18:15:26,31,עור,הזורע,language,עברית,48
2026-07-30T18:15:26,31,עור,הזורע,language,ערבית,29
2026-07-30T18:15:26,31,עור,הזורע,language,צרפתית,1
2026-07-30T18:15:26,31,עור,הזורע,language,רומנית,6
2026-07-30T18:15:26,31,עור,הזורע,language,רוסית,13
2026-07-30T18:15:41,31,עור,הר גילה,gender,גבר,24
2026-07-30T18:15:41,31,עור,הר גילה,gender,אישה,19
2026-07-30T18:15:41,31,עור,הר גילה,visit_type,ביקור במרפאה,45
2026-07-30T18:15:41,31,עור,הר גילה,language,אנגלית,6
2026-07-30T18:15:41,31,עור,הר גילה,language,ספרדית,1
2026-07-30T18:15:41,31,עור,הר גילה,language,עברית,13
2026-07-30T18:15:41,31,עור,הר גילה,language,צרפתית,4
2026-07-30T18:15:41,31,עור,הר גילה,language,רוסית,7
2026-07-30T18:15:49,31,עור,זאוויה בצפון שומרון,gender,אישה,15
2026-07-30T18:15:49,31,עור,זאוויה בצפון שומרון,gender,גבר,33
2026-07-30T18:15:49,31,עור,זאוויה בצפון שומרון,visit_type,ביקור במרפאה,49
2026-07-30T18:15:49,31,עור,זאוויה בצפון שומרון,language,איטלקית,1
2026-07-30T18:15:49,31,עור,זאוויה בצפון שומרון,language,אנגלית,5
2026-07-30T18:15:49,31,עור,זאוויה בצפון שומרון,language,עברית,9
2026-07-30T18:15:49,31,עור,זאוויה בצפון שומרון,language,ערבית,1
2026-07-30T18:15:49,31,עור,זאוויה בצפון שומרון,language,צרפתית,2
2026-07-30T18:15:49,31,עור,זאוויה בצפון שומרון,language,רומנית,1
2026-07-30T18:15:49,31,עור,זאוויה בצפון שומרון,language,רוסית,6
2026-07-30T18:16:00,31,עור,זיתא ליד באקה אל ע'רביה,gender,אישה,15
2026-07-30T18:16:00,31,עור,זיתא ליד באקה אל ע'רביה,gender,גבר,33
2026-07-30T18:16:00,31,עור,זיתא ליד באקה אל ע'רביה,visit_type,ביקור במרפאה,49
2026-07-30T18:16:00,31,עור,זיתא ליד באקה אל ע'רביה,language,איטלקית,1
2026-07-30T18:16:00,31,עור,זיתא ליד באקה אל ע'רביה,language,אנגלית,5
2026-07-30T18:16:00,31,עור,זיתא ליד באקה אל ע'רביה,language,עברית,9
2026-07-30T18:16:00,31,עור,זיתא ליד באקה אל ע'רביה,language,ערבית,1
2026-07-30T18:16:00,31,עור,זיתא ליד באקה אל ע'רביה,language,צרפתית,2
2026-07-30T18:16:00,31,עור,זיתא ליד באקה אל ע'רביה,language,רומנית,1
2026-07-30T18:16:00,31,עור,זיתא ליד באקה אל ע'רביה,language,רוסית,6
2026-07-30T18:16:12,31,עור,זרחיה,gender,גבר,18
2026-07-30T18:16:12,31,עור,זרחיה,gender,אישה,6
2026-07-30T18:16:12,31,עור,זרחיה,visit_type,ביקור במרפאה,24
2026-07-30T18:16:12,31,עור,זרחיה,language,אנגלית,7
2026-07-30T18:16:12,31,עור,זרחיה,language,אפריקנס,1
2026-07-30T18:16:12,31,עור,זרחיה,language,הולנדית,1
2026-07-30T18:16:12,31,עור,זרחיה,language,עברית,10
2026-07-30T18:16:12,31,עור,זרחיה,language,רוסית,6
2026-07-30T18:16:18,31,עור,חגי,gender,גבר,30
2026-07-30T18:16:18,31,עור,חגי,gender,אישה,13
2026-07-30T18:16:18,31,עור,חגי,visit_type,ביקור במרפאה,45
2026-07-30T18:16:18,31,עור,חגי,language,אנגלית,6
2026-07-30T18:16:18,31,עור,חגי,language,בולגרית,1
2026-07-30T18:16:18,31,עור,חגי,language,עברית,9
2026-07-30T18:16:18,31,עור,חגי,language,ערבית,1
2026-07-30T18:16:18,31,עור,חגי,language,רוסית,5
2026-07-30T18:16:31,31,עור,חוסאן,gender,גבר,24
2026-07-30T18:16:31,31,עור,חוסאן,gender,אישה,19
2026-07-30T18:16:31,31,עור,חוסאן,visit_type,ביקור במרפאה,45
2026-07-30T18:16:31,31,עור,חוסאן,language,אנגלית,6
2026-07-30T18:16:31,31,עור,חוסאן,language,ספרדית,1
2026-07-30T18:16:31,31,עור,חוסאן,language,עברית,13
2026-07-30T18:16:31,31,עור,חוסאן,language,צרפתית,4
2026-07-30T18:16:31,31,עור,חוסאן,language,רוסית,7
2026-07-30T18:16:39,31,עור,חלוץ,gender,גבר,63
2026-07-30T18:16:39,31,עור,חלוץ,gender,אישה,10
2026-07-30T18:16:39,31,עור,חלוץ,visit_type,ביקור במרפאה,75
2026-07-30T18:16:39,31,עור,חלוץ,language,אידיש,2
2026-07-30T18:16:39,31,עור,חלוץ,language,אנגלית,49
2026-07-30T18:16:39,31,עור,חלוץ,language,גרמנית,7
2026-07-30T18:16:39,31,עור,חלוץ,language,עברית,72
2026-07-30T18:16:39,31,עור,חלוץ,language,ערבית,60
2026-07-30T18:16:39,31,עור,חלוץ,language,צרפתית,1
2026-07-30T18:16:39,31,עור,חלוץ,language,רומנית,15
2026-07-30T18:16:39,31,עור,חלוץ,language,רוסית,7
2026-07-30T18:16:53,31,עור,חנתון,gender,גבר,47
2026-07-30T18:16:53,31,עור,חנתון,gender,אישה,6
2026-07-30T18:16:53,31,עור,חנתון,visit_type,ביקור במרפאה,53
2026-07-30T18:16:53,31,עור,חנתון,language,אנגלית,21
2026-07-30T18:16:53,31,עור,חנתון,language,עברית,21
2026-07-30T18:16:53,31,עור,חנתון,language,ערבית,17
2026-07-30T18:16:53,31,עור,חנתון,language,רומנית,4
2026-07-30T18:16:53,31,עור,חנתון,language,רוסית,2
2026-07-30T18:17:03,31,עור,חרוצים,gender,גבר,52
2026-07-30T18:17:03,31,עור,חרוצים,gender,אישה,30
2026-07-30T18:17:03,31,עור,חרוצים,visit_type,ביקור במרפאה,85
2026-07-30T18:17:03,31,עור,חרוצים,language,אידיש,1
2026-07-30T18:17:03,31,עור,חרוצים,language,איטלקית,1
2026-07-30T18:17:03,31,עור,חרוצים,language,אנגלית,18
2026-07-30T18:17:03,31,עור,חרוצים,language,אפריקנס,1
2026-07-30T18:17:03,31,עור,חרוצים,language,גרמנית,1
2026-07-30T18:17:03,31,עור,חרוצים,language,הולנדית,1
2026-07-30T18:17:03,31,עור,חרוצים,language,ספרדית,2
2026-07-30T18:17:03,31,עור,חרוצים,language,עברית,30
2026-07-30T18:17:03,31,עור,חרוצים,language,ערבית,5
2026-07-30T18:17:03,31,עור,חרוצים,language,צרפתית,2
2026-07-30T18:17:03,31,עור,חרוצים,language,רומנית,1
2026-07-30T18:17:03,31,עור,חרוצים,language,רוסית,8
2026-07-30T18:17:24,31,עור,טורה על ע'רביה,gender,אישה,15
2026-07-30T18:17:24,31,עור,טורה על ע'רביה,gender,גבר,33
2026-07-30T18:17:24,31,עור,טורה על ע'רביה,visit_type,ביקור במרפאה,49
2026-07-30T18:17:24,31,עור,טורה על ע'רביה,language,איטלקית,1
2026-07-30T18:17:24,31,עור,טורה על ע'רביה,language,אנגלית,5
2026-07-30T18:17:24,31,עור,טורה על ע'רביה,language,עברית,9
2026-07-30T18:17:24,31,עור,טורה על ע'רביה,language,ערבית,1
2026-07-30T18:17:24,31,עור,טורה על ע'רביה,language,צרפתית,2
2026-07-30T18:17:24,31,עור,טורה על ע'רביה,language,רומנית,1
2026-07-30T18:17:24,31,עור,טורה על ע'רביה,language,רוסית,6
2026-07-30T18:17:35,31,עור,טל שחר,gender,גבר,28
2026-07-30T18:17:35,31,עור,טל שחר,gender,אישה,6
2026-07-30T18:17:35,31,עור,טל שחר,visit_type,ביקור במרפאה,34
2026-07-30T18:17:35,31,עור,טל שחר,visit_type,שיחת טלפון,2
2026-07-30T18:17:35,31,עור,טל שחר,language,אנגלית,4
2026-07-30T18:17:35,31,עור,טל שחר,language,אפריקנס,1
2026-07-30T18:17:35,31,עור,טל שחר,language,הולנדית,1
2026-07-30T18:17:35,31,עור,טל שחר,language,עברית,8
2026-07-30T18:17:35,31,עור,טל שחר,language,רוסית,3
2026-07-30T18:17:41,31,עור,יאנוח ג'ת,gender,גבר,35
2026-07-30T18:17:41,31,עור,יאנוח ג'ת,gender,אישה,3
2026-07-30T18:17:41,31,עור,יאנוח ג'ת,visit_type,ביקור במרפאה,38
2026-07-30T18:17:41,31,עור,יאנוח ג'ת,language,אנגלית,19
2026-07-30T18:17:41,31,עור,יאנוח ג'ת,language,גרמנית,7
2026-07-30T18:17:41,31,עור,יאנוח ג'ת,language,עברית,38
2026-07-30T18:17:41,31,עור,יאנוח ג'ת,language,ערבית,35
2026-07-30T18:17:41,31,עור,יאנוח ג'ת,language,רומנית,10
2026-07-30T18:17:41,31,עור,יאנוח ג'ת,language,רוסית,2
2026-07-30T18:17:47,31,עור,יגל,gender,גבר,28
2026-07-30T18:17:47,31,עור,יגל,gender,אישה,6
2026-07-30T18:17:47,31,עור,יגל,visit_type,ביקור במרפאה,34
2026-07-30T18:17:47,31,עור,יגל,visit_type,שיחת טלפון,2
2026-07-30T18:17:47,31,עור,יגל,language,אנגלית,4
2026-07-30T18:17:47,31,עור,יגל,language,אפריקנס,1
2026-07-30T18:17:47,31,עור,יגל,language,הולנדית,1
2026-07-30T18:17:47,31,עור,יגל,language,עברית,8
2026-07-30T18:17:47,31,עור,יגל,language,רוסית,3
2026-07-30T18:17:53,31,עור,יובל,gender,גבר,47
2026-07-30T18:17:53,31,עור,יובל,gender,אישה,6
2026-07-30T18:17:53,31,עור,יובל,visit_type,ביקור במרפאה,53
2026-07-30T18:17:53,31,עור,יובל,language,אנגלית,21
2026-07-30T18:17:53,31,עור,יובל,language,עברית,21
2026-07-30T18:17:53,31,עור,יובל,language,ערבית,17
2026-07-30T18:17:53,31,עור,יובל,language,רומנית,4
2026-07-30T18:17:53,31,עור,יובל,language,רוסית,2
2026-07-30T18:18:03,31,עור,יכיני,gender,אישה,9
2026-07-30T18:18:03,31,עור,יכיני,gender,גבר,21
2026-07-30T18:18:03,31,עור,יכיני,visit_type,ביקור במרפאה,32
2026-07-30T18:18:03,31,עור,יכיני,language,אנגלית,4
2026-07-30T18:18:03,31,עור,יכיני,language,בולגרית,1
2026-07-30T18:18:03,31,עור,יכיני,language,עברית,7
2026-07-30T18:18:03,31,עור,יכיני,language,רוסית,5
2026-07-30T18:18:14,31,עור,יערה,gender,גבר,35
2026-07-30T18:18:14,31,עור,יערה,gender,אישה,3
2026-07-30T18:18:14,31,עור,יערה,visit_type,ביקור במרפאה,38
2026-07-30T18:18:14,31,עור,יערה,language,אנגלית,19
2026-07-30T18:18:14,31,עור,יערה,language,גרמנית,7
2026-07-30T18:18:14,31,עור,יערה,language,עברית,38
2026-07-30T18:18:14,31,עור,יערה,language,ערבית,35
2026-07-30T18:18:14,31,עור,יערה,language,רומנית,10
2026-07-30T18:18:14,31,עור,יערה,language,רוסית,2
2026-07-30T18:18:20,31,עור,יקנעם עילית,gender,גבר,60
2026-07-30T18:18:20,31,עור,יקנעם עילית,gender,אישה,17
2026-07-30T18:18:20,31,עור,יקנעם עילית,visit_type,ביקור במרפאה,79
2026-07-30T18:18:20,31,עור,יקנעם עילית,language,אידיש,2
2026-07-30T18:18:20,31,עור,יקנעם עילית,language,איטלקית,1
2026-07-30T18:18:20,31,עור,יקנעם עילית,language,אנגלית,40
2026-07-30T18:18:20,31,עור,יקנעם עילית,language,עברית,48
2026-07-30T18:18:20,31,עור,יקנעם עילית,language,ערבית,29
2026-07-30T18:18:20,31,עור,יקנעם עילית,language,צרפתית,1
2026-07-30T18:18:20,31,עור,יקנעם עילית,language,רומנית,6
2026-07-30T18:18:20,31,עור,יקנעם עילית,language,רוסית,13
2026-07-30T18:18:34,31,עור,ישעי,gender,גבר,24
2026-07-30T18:18:34,31,עור,ישעי,gender,אישה,19
2026-07-30T18:18:34,31,עור,ישעי,visit_type,ביקור במרפאה,45
2026-07-30T18:18:34,31,עור,ישעי,language,אנגלית,6
2026-07-30T18:18:34,31,עור,ישעי,language,ספרדית,1
2026-07-30T18:18:34,31,עור,ישעי,language,עברית,13
2026-07-30T18:18:34,31,עור,ישעי,language,צרפתית,4
2026-07-30T18:18:34,31,עור,ישעי,language,רוסית,7
2026-07-30T18:18:43,31,עור,כוחלה,gender,גבר,22
2026-07-30T18:18:43,31,עור,כוחלה,gender,אישה,10
2026-07-30T18:18:43,31,עור,כוחלה,visit_type,ביקור במרפאה,34
2026-07-30T18:18:43,31,עור,כוחלה,language,אנגלית,4
2026-07-30T18:18:43,31,עור,כוחלה,language,בולגרית,1
2026-07-30T18:18:43,31,עור,כוחלה,language,עברית,6
2026-07-30T18:18:43,31,עור,כוחלה,language,ערבית,1
2026-07-30T18:18:43,31,עור,כוחלה,language,רוסית,2
2026-07-30T18:18:53,31,עור,כינרת מושבה,gender,גבר,47
2026-07-30T18:18:53,31,עור,כינרת מושבה,gender,אישה,6
2026-07-30T18:18:53,31,עור,כינרת מושבה,visit_type,ביקור במרפאה,53
2026-07-30T18:18:53,31,עור,כינרת מושבה,language,אנגלית,21
2026-07-30T18:18:53,31,עור,כינרת מושבה,language,עברית,21
2026-07-30T18:18:53,31,עור,כינרת מושבה,language,ערבית,17
2026-07-30T18:18:53,31,עור,כינרת מושבה,language,רומנית,4
2026-07-30T18:18:53,31,עור,כינרת מושבה,language,רוסית,2
2026-07-30T18:19:03,31,עור,כמהין,gender,גבר,22
2026-07-30T18:19:03,31,עור,כמהין,gender,אישה,10
2026-07-30T18:19:03,31,עור,כמהין,visit_type,ביקור במרפאה,34
2026-07-30T18:19:03,31,עור,כמהין,language,אנגלית,4
2026-07-30T18:19:03,31,עור,כמהין,language,בולגרית,1
2026-07-30T18:19:03,31,עור,כמהין,language,עברית,6
2026-07-30T18:19:03,31,עור,כמהין,language,ערבית,1
2026-07-30T18:19:03,31,עור,כמהין,language,רוסית,2
2026-07-30T18:19:11,31,עור,כפר אדומים,gender,גבר,24
2026-07-30T18:19:11,31,עור,כפר אדומים,gender,אישה,19
2026-07-30T18:19:11,31,עור,כפר אדומים,visit_type,ביקור במרפאה,45
2026-07-30T18:19:11,31,עור,כפר אדומים,language,אנגלית,6
2026-07-30T18:19:11,31,עור,כפר אדומים,language,ספרדית,1
2026-07-30T18:19:11,31,עור,כפר אדומים,language,עברית,13
2026-07-30T18:19:11,31,עור,כפר אדומים,language,צרפתית,4
2026-07-30T18:19:11,31,עור,כפר אדומים,language,רוסית,7
2026-07-30T18:19:19,31,עור,כרם בן זמרה,gender,גבר,47
2026-07-30T18:19:19,31,עור,כרם בן זמרה,gender,אישה,6
2026-07-30T18:19:19,31,עור,כרם בן זמרה,visit_type,ביקור במרפאה,53
2026-07-30T18:19:19,31,עור,כרם בן זמרה,language,אנגלית,21
2026-07-30T18:19:19,31,עור,כרם בן זמרה,language,עברית,21
2026-07-30T18:19:19,31,עור,כרם בן זמרה,language,ערבית,17
2026-07-30T18:19:19,31,עור,כרם בן זמרה,language,רומנית,4
2026-07-30T18:19:19,31,עור,כרם בן זמרה,language,רוסית,2
2026-07-30T18:19:28,31,עור,לביא,gender,גבר,47
2026-07-30T18:19:28,31,עור,לביא,gender,אישה,6
2026-07-30T18:19:28,31,עור,לביא,visit_type,ביקור במרפאה,53
2026-07-30T18:19:28,31,עור,לביא,language,אנגלית,21
2026-07-30T18:19:28,31,עור,לביא,language,עברית,21
2026-07-30T18:19:28,31,עור,לביא,language,ערבית,17
2026-07-30T18:19:28,31,עור,לביא,language,רומנית,4
2026-07-30T18:19:28,31,עור,לביא,language,רוסית,2
2026-07-30T18:19:37,31,עור,לוטם,gender,גבר,45
2026-07-30T18:19:37,31,עור,לוטם,gender,אישה,6
2026-07-30T18:19:37,31,עור,לוטם,visit_type,ביקור במרפאה,52
2026-07-30T18:19:37,31,עור,לוטם,language,אידיש,1
2026-07-30T18:19:37,31,עור,לוטם,language,אנגלית,28
2026-07-30T18:19:37,31,עור,לוטם,language,גרמנית,7
2026-07-30T18:19:37,31,עור,לוטם,language,עברית,51
2026-07-30T18:19:37,31,עור,לוטם,language,ערבית,45
2026-07-30T18:19:37,31,עור,לוטם,language,רומנית,12
2026-07-30T18:19:37,31,עור,לוטם,language,רוסית,3
2026-07-30T18:19:48,31,עור,מבוא דותן,gender,גבר,59
2026-07-30T18:19:48,31,עור,מבוא דותן,gender,אישה,21
2026-07-30T18:19:48,31,עור,מבוא דותן,visit_type,ביקור במרפאה,81
2026-07-30T18:19:48,31,עור,מבוא דותן,language,איטלקית,1
2026-07-30T18:19:48,31,עור,מבוא דותן,language,אנגלית,23
2026-07-30T18:19:48,31,עור,מבוא דותן,language,עברית,27
2026-07-30T18:19:48,31,עור,מבוא דותן,language,ערבית,14
2026-07-30T18:19:48,31,עור,מבוא דותן,language,צרפתית,2
2026-07-30T18:19:48,31,עור,מבוא דותן,language,רומנית,1
2026-07-30T18:19:48,31,עור,מבוא דותן,language,רוסית,10
2026-07-30T18:20:04,31,עור,מג'ד אל כרום,gender,גבר,45
2026-07-30T18:20:04,31,עור,מג'ד אל כרום,gender,אישה,6
2026-07-30T18:20:04,31,עור,מג'ד אל כרום,visit_type,ביקור במרפאה,52
2026-07-30T18:20:04,31,עור,מג'ד אל כרום,language,אידיש,1
2026-07-30T18:20:04,31,עור,מג'ד אל כרום,language,אנגלית,28
2026-07-30T18:20:04,31,עור,מג'ד אל כרום,language,גרמנית,7
2026-07-30T18:20:04,31,עור,מג'ד אל כרום,language,עברית,51
2026-07-30T18:20:04,31,עור,מג'ד אל כרום,language,ערבית,45
2026-07-30T18:20:04,31,עור,מג'ד אל כרום,language,רומנית,12
2026-07-30T18:20:04,31,עור,מג'ד אל כרום,language,רוסית,3
2026-07-30T18:20:15,31,עור,מדרך עוז,gender,גבר,60
2026-07-30T18:20:15,31,עור,מדרך עוז,gender,אישה,17
2026-07-30T18:20:15,31,עור,מדרך עוז,visit_type,ביקור במרפאה,79
2026-07-30T18:20:15,31,עור,מדרך עוז,language,אידיש,2
2026-07-30T18:20:15,31,עור,מדרך עוז,language,איטלקית,1
2026-07-30T18:20:15,31,עור,מדרך עוז,language,אנגלית,40
2026-07-30T18:20:15,31,עור,מדרך עוז,language,עברית,48
2026-07-30T18:20:15,31,עור,מדרך עוז,language,ערבית,29
2026-07-30T18:20:15,31,עור,מדרך עוז,language,צרפתית,1
2026-07-30T18:20:15,31,עור,מדרך עוז,language,רומנית,6
2026-07-30T18:20:15,31,עור,מדרך עוז,language,רוסית,13
2026-07-30T18:20:32,31,עור,מוקייבלה,gender,אישה,12
2026-07-30T18:20:32,31,עור,מוקייבלה,gender,גבר,73
2026-07-30T18:20:32,31,עור,מוקייבלה,visit_type,ביקור במרפאה,85
2026-07-30T18:20:32,31,עור,מוקייבלה,language,איטלקית,1
2026-07-30T18:20:32,31,עור,מוקייבלה,language,אנגלית,35
2026-07-30T18:20:32,31,עור,מוקייבלה,language,עברית,39
2026-07-30T18:20:32,31,עור,מוקייבלה,language,ערבית,28
2026-07-30T18:20:32,31,עור,מוקייבלה,language,רומנית,5
2026-07-30T18:20:32,31,עור,מוקייבלה,language,רוסית,10
2026-07-30T18:20:46,31,עור,מחניים,gender,גבר,47
2026-07-30T18:20:46,31,עור,מחניים,gender,אישה,6
2026-07-30T18:20:46,31,עור,מחניים,visit_type,ביקור במרפאה,53
2026-07-30T18:20:46,31,עור,מחניים,language,אנגלית,21
2026-07-30T18:20:46,31,עור,מחניים,language,עברית,21
2026-07-30T18:20:46,31,עור,מחניים,language,ערבית,17
2026-07-30T18:20:46,31,עור,מחניים,language,רומנית,4
2026-07-30T18:20:46,31,עור,מחניים,language,רוסית,2
2026-07-30T18:20:55,31,עור,מירון,gender,גבר,47
2026-07-30T18:20:55,31,עור,מירון,gender,אישה,6
2026-07-30T18:20:55,31,עור,מירון,visit_type,ביקור במרפאה,53
2026-07-30T18:20:55,31,עור,מירון,language,אנגלית,21
2026-07-30T18:20:55,31,עור,מירון,language,עברית,21
2026-07-30T18:20:55,31,עור,מירון,language,ערבית,17
2026-07-30T18:20:55,31,עור,מירון,language,רומנית,4
2026-07-30T18:20:55,31,עור,מירון,language,רוסית,2
2026-07-30T18:21:04,31,עור,מלכיה,gender,גבר,47
2026-07-30T18:21:04,31,עור,מלכיה,gender,אישה,6
2026-07-30T18:21:04,31,עור,מלכיה,visit_type,ביקור במרפאה,53
2026-07-30T18:21:04,31,עור,מלכיה,language,אנגלית,21
2026-07-30T18:21:04,31,עור,מלכיה,language,עברית,21
2026-07-30T18:21:04,31,עור,מלכיה,language,ערבית,17
2026-07-30T18:21:04,31,עור,מלכיה,language,רומנית,4
2026-07-30T18:21:04,31,עור,מלכיה,language,רוסית,2
2026-07-30T18:21:13,31,עור,מסחה,gender,גבר,25
2026-07-30T18:21:13,31,עור,מסחה,gender,אישה,13
2026-07-30T18:21:13,31,עור,מסחה,visit_type,ביקור במרפאה,46
2026-07-30T18:21:13,31,עור,מסחה,language,איטלקית,1
2026-07-30T18:21:13,31,עור,מסחה,language,אנגלית,26
2026-07-30T18:21:13,31,עור,מסחה,language,גרמנית,2
2026-07-30T18:21:13,31,עור,מסחה,language,ספרדית,4
2026-07-30T18:21:13,31,עור,מסחה,language,עברית,45
2026-07-30T18:21:13,31,עור,מסחה,language,ערבית,7
2026-07-30T18:21:13,31,עור,מסחה,language,צרפתית,3
2026-07-30T18:21:13,31,עור,מסחה,language,רוסית,5
2026-07-30T18:21:27,31,עור,מעגן מיכאל,gender,גבר,59
2026-07-30T18:21:27,31,עור,מעגן מיכאל,gender,אישה,21
2026-07-30T18:21:27,31,עור,מעגן מיכאל,visit_type,ביקור במרפאה,81
2026-07-30T18:21:27,31,עור,מעגן מיכאל,language,איטלקית,1
2026-07-30T18:21:27,31,עור,מעגן מיכאל,language,אנגלית,23
2026-07-30T18:21:27,31,עור,מעגן מיכאל,language,עברית,27
2026-07-30T18:21:27,31,עור,מעגן מיכאל,language,ערבית,14
2026-07-30T18:21:27,31,עור,מעגן מיכאל,language,צרפתית,2
2026-07-30T18:21:27,31,עור,מעגן מיכאל,language,רומנית,1
2026-07-30T18:21:27,31,עור,מעגן מיכאל,language,רוסית,10
2026-07-30T18:21:42,31,עור,מפעלי ברקן,gender,גבר,25
2026-07-30T18:21:42,31,עור,מפעלי ברקן,gender,אישה,13
2026-07-30T18:21:42,31,עור,מפעלי ברקן,visit_type,ביקור במרפאה,46
2026-07-30T18:21:42,31,עור,מפעלי ברקן,language,איטלקית,1
2026-07-30T18:21:42,31,עור,מפעלי ברקן,language,אנגלית,26
2026-07-30T18:21:42,31,עור,מפעלי ברקן,language,גרמנית,2
2026-07-30T18:21:42,31,עור,מפעלי ברקן,language,ספרדית,4
2026-07-30T18:21:42,31,עור,מפעלי ברקן,language,עברית,45
2026-07-30T18:21:42,31,עור,מפעלי ברקן,language,ערבית,7
2026-07-30T18:21:42,31,עור,מפעלי ברקן,language,צרפתית,3
2026-07-30T18:21:42,31,עור,מפעלי ברקן,language,רוסית,5
2026-07-30T18:21:55,31,עור,מצליח,gender,גבר,28
2026-07-30T18:21:55,31,עור,מצליח,gender,אישה,6
2026-07-30T18:21:55,31,עור,מצליח,visit_type,ביקור במרפאה,34
2026-07-30T18:21:55,31,עור,מצליח,visit_type,שיחת טלפון,2
2026-07-30T18:21:55,31,עור,מצליח,language,אנגלית,4
2026-07-30T18:21:55,31,עור,מצליח,language,אפריקנס,1
2026-07-30T18:21:55,31,עור,מצליח,language,הולנדית,1
2026-07-30T18:21:55,31,עור,מצליח,language,עברית,8
2026-07-30T18:21:55,31,עור,מצליח,language,רוסית,3
2026-07-30T18:22:01,31,עור,מרדה,gender,גבר,25
2026-07-30T18:22:01,31,עור,מרדה,gender,אישה,13
2026-07-30T18:22:01,31,עור,מרדה,visit_type,ביקור במרפאה,46
2026-07-30T18:22:01,31,עור,מרדה,language,איטלקית,1
2026-07-30T18:22:01,31,עור,מרדה,language,אנגלית,26
2026-07-30T18:22:01,31,עור,מרדה,language,גרמנית,2
2026-07-30T18:22:01,31,עור,מרדה,language,ספרדית,4
2026-07-30T18:22:01,31,עור,מרדה,language,עברית,45
2026-07-30T18:22:01,31,עור,מרדה,language,ערבית,7
2026-07-30T18:22:01,31,עור,מרדה,language,צרפתית,3
2026-07-30T18:22:01,31,עור,מרדה,language,רוסית,5
2026-07-30T18:22:14,31,עור,משגב עם,gender,גבר,47
2026-07-30T18:22:14,31,עור,משגב עם,gender,אישה,6
2026-07-30T18:22:14,31,עור,משגב עם,visit_type,ביקור במרפאה,53
2026-07-30T18:22:14,31,עור,משגב עם,language,אנגלית,21
2026-07-30T18:22:14,31,עור,משגב עם,language,עברית,21
2026-07-30T18:22:14,31,עור,משגב עם,language,ערבית,17
2026-07-30T18:22:14,31,עור,משגב עם,language,רומנית,4
2026-07-30T18:22:14,31,עור,משגב עם,language,רוסית,2
2026-07-30T18:22:22,31,עור,מתתיהו,gender,גבר,28
2026-07-30T18:22:22,31,עור,מתתיהו,gender,אישה,6
2026-07-30T18:22:22,31,עור,מתתיהו,visit_type,ביקור במרפאה,34
2026-07-30T18:22:22,31,עור,מתתיהו,visit_type,שיחת טלפון,2
2026-07-30T18:22:22,31,עור,מתתיהו,language,אנגלית,4
2026-07-30T18:22:22,31,עור,מתתיהו,language,אפריקנס,1
2026-07-30T18:22:22,31,עור,מתתיהו,language,הולנדית,1
2026-07-30T18:22:22,31,עור,מתתיהו,language,עברית,8
2026-07-30T18:22:22,31,עור,מתתיהו,language,רוסית,3
2026-07-30T18:22:30,31,עור,נגבה,gender,גבר,21
2026-07-30T18:22:30,31,עור,נגבה,gender,אישה,9
2026-07-30T18:22:30,31,עור,נגבה,visit_type,ביקור במרפאה,32
2026-07-30T18:22:30,31,עור,נגבה,language,אנגלית,4
2026-07-30T18:22:30,31,עור,נגבה,language,בולגרית,1
2026-07-30T18:22:30,31,עור,נגבה,language,עברית,7
2026-07-30T18:22:30,31,עור,נגבה,language,רוסית,5
2026-07-30T18:22:40,31,עור,נווה אטי''ב,gender,גבר,47
2026-07-30T18:22:40,31,עור,נווה אטי''ב,gender,אישה,6
2026-07-30T18:22:40,31,עור,נווה אטי''ב,visit_type,ביקור במרפאה,53
2026-07-30T18:22:40,31,עור,נווה אטי''ב,language,אנגלית,21
2026-07-30T18:22:40,31,עור,נווה אטי''ב,language,עברית,21
2026-07-30T18:22:40,31,עור,נווה אטי''ב,language,ערבית,17
2026-07-30T18:22:40,31,עור,נווה אטי''ב,language,רומנית,4
2026-07-30T18:22:40,31,עור,נווה אטי''ב,language,רוסית,2
2026-07-30T18:22:49,31,עור,נחושה,gender,גבר,24
2026-07-30T18:22:49,31,עור,נחושה,gender,אישה,19
2026-07-30T18:22:49,31,עור,נחושה,visit_type,ביקור במרפאה,45
2026-07-30T18:22:49,31,עור,נחושה,language,אנגלית,6
2026-07-30T18:22:49,31,עור,נחושה,language,ספרדית,1
2026-07-30T18:22:49,31,עור,נחושה,language,עברית,13
2026-07-30T18:22:49,31,עור,נחושה,language,צרפתית,4
2026-07-30T18:22:49,31,עור,נחושה,language,רוסית,7
2026-07-30T18:22:57,31,עור,נטור,gender,גבר,47
2026-07-30T18:22:57,31,עור,נטור,gender,אישה,6
2026-07-30T18:22:57,31,עור,נטור,visit_type,ביקור במרפאה,53
2026-07-30T18:22:57,31,עור,נטור,language,אנגלית,21
2026-07-30T18:22:57,31,עור,נטור,language,עברית,21
2026-07-30T18:22:57,31,עור,נטור,language,ערבית,17
2026-07-30T18:22:57,31,עור,נטור,language,רומנית,4
2026-07-30T18:22:57,31,עור,נטור,language,רוסית,2
2026-07-30T18:23:07,31,עור,ניצנה קהילה חינוכית,gender,גבר,22
2026-07-30T18:23:07,31,עור,ניצנה קהילה חינוכית,gender,אישה,10
2026-07-30T18:23:07,31,עור,ניצנה קהילה חינוכית,visit_type,ביקור במרפאה,34
2026-07-30T18:23:07,31,עור,ניצנה קהילה חינוכית,language,אנגלית,4
2026-07-30T18:23:07,31,עור,ניצנה קהילה חינוכית,language,בולגרית,1
2026-07-30T18:23:07,31,עור,ניצנה קהילה חינוכית,language,עברית,6
2026-07-30T18:23:07,31,עור,ניצנה קהילה חינוכית,language,ערבית,1
2026-07-30T18:23:07,31,עור,ניצנה קהילה חינוכית,language,רוסית,2
2026-07-30T18:23:16,31,עור,נעלה,gender,גבר,25
2026-07-30T18:23:16,31,עור,נעלה,gender,אישה,13
2026-07-30T18:23:16,31,עור,נעלה,visit_type,ביקור במרפאה,46
2026-07-30T18:23:16,31,עור,נעלה,language,איטלקית,1
2026-07-30T18:23:16,31,עור,נעלה,language,אנגלית,26
2026-07-30T18:23:16,31,עור,נעלה,language,גרמנית,2
2026-07-30T18:23:16,31,עור,נעלה,language,ספרדית,4
2026-07-30T18:23:16,31,עור,נעלה,language,עברית,45
2026-07-30T18:23:16,31,עור,נעלה,language,ערבית,7
2026-07-30T18:23:16,31,עור,נעלה,language,צרפתית,3
2026-07-30T18:23:16,31,עור,נעלה,language,רוסית,5
2026-07-30T18:23:28,31,עור,נתיב העשרה,gender,גבר,21
2026-07-30T18:23:28,31,עור,נתיב העשרה,gender,אישה,9
2026-07-30T18:23:28,31,עור,נתיב העשרה,visit_type,ביקור במרפאה,32
2026-07-30T18:23:28,31,עור,נתיב העשרה,language,אנגלית,4
2026-07-30T18:23:28,31,עור,נתיב העשרה,language,בולגרית,1
2026-07-30T18:23:28,31,עור,נתיב העשרה,language,עברית,7
2026-07-30T18:23:28,31,עור,נתיב העשרה,language,רוסית,5
2026-07-30T18:23:39,31,עור,סבסטיה,gender,גבר,33
2026-07-30T18:23:39,31,עור,סבסטיה,gender,אישה,15
2026-07-30T18:23:39,31,עור,סבסטיה,visit_type,ביקור במרפאה,49
2026-07-30T18:23:39,31,עור,סבסטיה,language,איטלקית,1
2026-07-30T18:23:39,31,עור,סבסטיה,language,אנגלית,5
2026-07-30T18:23:39,31,עור,סבסטיה,language,עברית,9
2026-07-30T18:23:39,31,עור,סבסטיה,language,ערבית,1
2026-07-30T18:23:39,31,עור,סבסטיה,language,צרפתית,2
2026-07-30T18:23:39,31,עור,סבסטיה,language,רומנית,1
2026-07-30T18:23:39,31,עור,סבסטיה,language,רוסית,6
2026-07-30T18:23:51,31,עור,סידא,gender,גבר,33
2026-07-30T18:23:51,31,עור,סידא,gender,אישה,15
2026-07-30T18:23:51,31,עור,סידא,visit_type,ביקור במרפאה,49
2026-07-30T18:23:51,31,עור,סידא,language,איטלקית,1
2026-07-30T18:23:51,31,עור,סידא,language,אנגלית,5
2026-07-30T18:23:51,31,עור,סידא,language,עברית,9
2026-07-30T18:23:51,31,עור,סידא,language,ערבית,1
2026-07-30T18:23:51,31,עור,סידא,language,צרפתית,2
2026-07-30T18:23:51,31,עור,סידא,language,רומנית,1
2026-07-30T18:23:51,31,עור,סידא,language,רוסית,6
2026-07-30T18:24:03,31,עור,סלעית,gender,גבר,52
2026-07-30T18:24:03,31,עור,סלעית,gender,אישה,30
2026-07-30T18:24:03,31,עור,סלעית,visit_type,ביקור במרפאה,85
2026-07-30T18:24:03,31,עור,סלעית,language,אידיש,1
2026-07-30T18:24:03,31,עור,סלעית,language,איטלקית,1
2026-07-30T18:24:03,31,עור,סלעית,language,אנגלית,18
2026-07-30T18:24:03,31,עור,סלעית,language,אפריקנס,1
2026-07-30T18:24:03,31,עור,סלעית,language,גרמנית,1
2026-07-30T18:24:03,31,עור,סלעית,language,הולנדית,1
2026-07-30T18:24:03,31,עור,סלעית,language,ספרדית,2
2026-07-30T18:24:03,31,עור,סלעית,language,עברית,30
2026-07-30T18:24:03,31,עור,סלעית,language,ערבית,5
2026-07-30T18:24:03,31,עור,סלעית,language,צרפתית,2
2026-07-30T18:24:03,31,עור,סלעית,language,רומנית,1
2026-07-30T18:24:03,31,עור,סלעית,language,רוסית,8
2026-07-30T18:24:24,31,עור,ספארין,gender,גבר,33
2026-07-30T18:24:24,31,עור,ספארין,gender,אישה,15
2026-07-30T18:24:24,31,עור,ספארין,visit_type,ביקור במרפאה,49
2026-07-30T18:24:24,31,עור,ספארין,language,איטלקית,1
2026-07-30T18:24:24,31,עור,ספארין,language,אנגלית,5
2026-07-30T18:24:24,31,עור,ספארין,language,עברית,9
2026-07-30T18:24:24,31,עור,ספארין,language,ערבית,1
2026-07-30T18:24:24,31,עור,ספארין,language,צרפתית,2
2026-07-30T18:24:24,31,עור,ספארין,language,רומנית,1
2026-07-30T18:24:24,31,עור,ספארין,language,רוסית,6
2026-07-30T18:24:35,31,עור,עבווין,gender,אישה,19
2026-07-30T18:24:35,31,עור,עבווין,gender,גבר,24
2026-07-30T18:24:35,31,עור,עבווין,visit_type,ביקור במרפאה,45
2026-07-30T18:24:35,31,עור,עבווין,language,אנגלית,6
2026-07-30T18:24:35,31,עור,עבווין,language,ספרדית,1
2026-07-30T18:24:35,31,עור,עבווין,language,עברית,13
2026-07-30T18:24:35,31,עור,עבווין,language,צרפתית,4
2026-07-30T18:24:35,31,עור,עבווין,language,רוסית,7
2026-07-30T18:24:43,31,עור,עובידייה,gender,אישה,19
2026-07-30T18:24:43,31,עור,עובידייה,gender,גבר,24
2026-07-30T18:24:43,31,עור,עובידייה,visit_type,ביקור במרפאה,45
2026-07-30T18:24:43,31,עור,עובידייה,language,אנגלית,6
2026-07-30T18:24:43,31,עור,עובידייה,language,ספרדית,1
2026-07-30T18:24:43,31,עור,עובידייה,language,עברית,13
2026-07-30T18:24:43,31,עור,עובידייה,language,צרפתית,4
2026-07-30T18:24:43,31,עור,עובידייה,language,רוסית,7
2026-07-30T18:24:53,31,עור,עזה,gender,גבר,30
2026-07-30T18:24:53,31,עור,עזה,gender,אישה,13
2026-07-30T18:24:53,31,עור,עזה,visit_type,ביקור במרפאה,45
2026-07-30T18:24:53,31,עור,עזה,language,אנגלית,6
2026-07-30T18:24:53,31,עור,עזה,language,בולגרית,1
2026-07-30T18:24:53,31,עור,עזה,language,עברית,9
2026-07-30T18:24:53,31,עור,עזה,language,ערבית,1
2026-07-30T18:24:53,31,עור,עזה,language,רוסית,5
2026-07-30T18:25:05,31,עור,עטארה,gender,גבר,33
2026-07-30T18:25:05,31,עור,עטארה,gender,אישה,15
2026-07-30T18:25:05,31,עור,עטארה,visit_type,ביקור במרפאה,49
2026-07-30T18:25:05,31,עור,עטארה,language,איטלקית,1
2026-07-30T18:25:05,31,עור,עטארה,language,אנגלית,5
2026-07-30T18:25:05,31,עור,עטארה,language,עברית,9
2026-07-30T18:25:05,31,עור,עטארה,language,ערבית,1
2026-07-30T18:25:05,31,עור,עטארה,language,צרפתית,2
2026-07-30T18:25:05,31,עור,עטארה,language,רומנית,1
2026-07-30T18:25:05,31,עור,עטארה,language,רוסית,6
2026-07-30T18:25:17,31,עור,עין אל אסד,gender,גבר,45
2026-07-30T18:25:17,31,עור,עין אל אסד,gender,אישה,6
2026-07-30T18:25:17,31,עור,עין אל אסד,visit_type,ביקור במרפאה,52
2026-07-30T18:25:17,31,עור,עין אל אסד,language,אידיש,1
2026-07-30T18:25:17,31,עור,עין אל אסד,language,אנגלית,28
2026-07-30T18:25:17,31,עור,עין אל אסד,language,גרמנית,7
2026-07-30T18:25:17,31,עור,עין אל אסד,language,עברית,51
2026-07-30T18:25:17,31,עור,עין אל אסד,language,ערבית,45
2026-07-30T18:25:17,31,עור,עין אל אסד,language,רומנית,12
2026-07-30T18:25:17,31,עור,עין אל אסד,language,רוסית,3
2026-07-30T18:25:27,31,עור,עמוריה,gender,גבר,25
2026-07-30T18:25:27,31,עור,עמוריה,gender,אישה,13
2026-07-30T18:25:27,31,עור,עמוריה,visit_type,ביקור במרפאה,46
2026-07-30T18:25:27,31,עור,עמוריה,language,איטלקית,1
2026-07-30T18:25:27,31,עור,עמוריה,language,אנגלית,26
2026-07-30T18:25:27,31,עור,עמוריה,language,גרמנית,2
2026-07-30T18:25:27,31,עור,עמוריה,language,ספרדית,4
2026-07-30T18:25:27,31,עור,עמוריה,language,עברית,45
2026-07-30T18:25:27,31,עור,עמוריה,language,ערבית,7
2026-07-30T18:25:27,31,עור,עמוריה,language,צרפתית,3
2026-07-30T18:25:27,31,עור,עמוריה,language,רוסית,5
2026-07-30T18:25:40,31,עור,ענב,gender,גבר,52
2026-07-30T18:25:40,31,עור,ענב,gender,אישה,30
2026-07-30T18:25:40,31,עור,ענב,visit_type,ביקור במרפאה,85
2026-07-30T18:25:40,31,עור,ענב,language,אידיש,1
2026-07-30T18:25:40,31,עור,ענב,language,איטלקית,1
2026-07-30T18:25:40,31,עור,ענב,language,אנגלית,18
2026-07-30T18:25:40,31,עור,ענב,language,אפריקנס,1
2026-07-30T18:25:40,31,עור,ענב,language,גרמנית,1
2026-07-30T18:25:40,31,עור,ענב,language,הולנדית,1
2026-07-30T18:25:40,31,עור,ענב,language,ספרדית,2
2026-07-30T18:25:40,31,עור,ענב,language,עברית,30
2026-07-30T18:25:40,31,עור,ענב,language,ערבית,5
2026-07-30T18:25:40,31,עור,ענב,language,צרפתית,2
2026-07-30T18:25:40,31,עור,ענב,language,רומנית,1
2026-07-30T18:25:40,31,עור,ענב,language,רוסית,8
2026-07-30T18:25:59,31,עור,עקאבת ג'בר מחנה פליטים,gender,אישה,19
2026-07-30T18:25:59,31,עור,עקאבת ג'בר מחנה פליטים,gender,גבר,24
2026-07-30T18:25:59,31,עור,עקאבת ג'בר מחנה פליטים,visit_type,ביקור במרפאה,45
2026-07-30T18:25:59,31,עור,עקאבת ג'בר מחנה פליטים,language,אנגלית,6
2026-07-30T18:25:59,31,עור,עקאבת ג'בר מחנה פליטים,language,ספרדית,1
2026-07-30T18:25:59,31,עור,עקאבת ג'בר מחנה פליטים,language,עברית,13
2026-07-30T18:25:59,31,עור,עקאבת ג'בר מחנה פליטים,language,צרפתית,4
2026-07-30T18:25:59,31,עור,עקאבת ג'בר מחנה פליטים,language,רוסית,7
2026-07-30T18:26:07,31,עור,ערוגות,gender,גבר,18
2026-07-30T18:26:07,31,עור,ערוגות,gender,אישה,6
2026-07-30T18:26:07,31,עור,ערוגות,visit_type,ביקור במרפאה,24
2026-07-30T18:26:07,31,עור,ערוגות,language,אנגלית,7
2026-07-30T18:26:07,31,עור,ערוגות,language,אפריקנס,1
2026-07-30T18:26:07,31,עור,ערוגות,language,הולנדית,1
2026-07-30T18:26:07,31,עור,ערוגות,language,עברית,10
2026-07-30T18:26:07,31,עור,ערוגות,language,רוסית,6
2026-07-30T18:26:12,31,עור,פארק תעשיות עמק חפר,gender,גבר,33
2026-07-30T18:26:12,31,עור,פארק תעשיות עמק חפר,gender,אישה,15
2026-07-30T18:26:12,31,עור,פארק תעשיות עמק חפר,visit_type,ביקור במרפאה,49
2026-07-30T18:26:12,31,עור,פארק תעשיות עמק חפר,language,איטלקית,1
2026-07-30T18:26:12,31,עור,פארק תעשיות עמק חפר,language,אנגלית,5
2026-07-30T18:26:12,31,עור,פארק תעשיות עמק חפר,language,עברית,9
2026-07-30T18:26:12,31,עור,פארק תעשיות עמק חפר,language,ערבית,1
2026-07-30T18:26:12,31,עור,פארק תעשיות עמק חפר,language,צרפתית,2
2026-07-30T18:26:12,31,עור,פארק תעשיות עמק חפר,language,רומנית,1
2026-07-30T18:26:12,31,עור,פארק תעשיות עמק חפר,language,רוסית,6
2026-07-30T18:26:24,31,עור,פוריה עילית,gender,גבר,47
2026-07-30T18:26:24,31,עור,פוריה עילית,gender,אישה,6
2026-07-30T18:26:24,31,עור,פוריה עילית,visit_type,ביקור במרפאה,53
2026-07-30T18:26:24,31,עור,פוריה עילית,language,אנגלית,21
2026-07-30T18:26:24,31,עור,פוריה עילית,language,עברית,21
2026-07-30T18:26:24,31,עור,פוריה עילית,language,ערבית,17
2026-07-30T18:26:24,31,עור,פוריה עילית,language,רומנית,4
2026-07-30T18:26:24,31,עור,פוריה עילית,language,רוסית,2
2026-07-30T18:26:32,31,עור,פסאיל,gender,אישה,19
2026-07-30T18:26:32,31,עור,פסאיל,gender,גבר,24
2026-07-30T18:26:32,31,עור,פסאיל,visit_type,ביקור במרפאה,45
2026-07-30T18:26:32,31,עור,פסאיל,language,אנגלית,6
2026-07-30T18:26:32,31,עור,פסאיל,language,ספרדית,1
2026-07-30T18:26:32,31,עור,פסאיל,language,עברית,13
2026-07-30T18:26:32,31,עור,פסאיל,language,צרפתית,4
2026-07-30T18:26:32,31,עור,פסאיל,language,רוסית,7
2026-07-30T18:26:39,31,עור,פרוד,gender,גבר,47
2026-07-30T18:26:39,31,עור,פרוד,gender,אישה,6
2026-07-30T18:26:39,31,עור,פרוד,visit_type,ביקור במרפאה,53
2026-07-30T18:26:39,31,עור,פרוד,language,אנגלית,21
2026-07-30T18:26:39,31,עור,פרוד,language,עברית,21
2026-07-30T18:26:39,31,עור,פרוד,language,ערבית,17
2026-07-30T18:26:39,31,עור,פרוד,language,רומנית,4
2026-07-30T18:26:39,31,עור,פרוד,language,רוסית,2
2026-07-30T18:26:48,31,עור,צבעון,gender,גבר,47
2026-07-30T18:26:48,31,עור,צבעון,gender,אישה,6
2026-07-30T18:26:48,31,עור,צבעון,visit_type,ביקור במרפאה,53
2026-07-30T18:26:48,31,עור,צבעון,language,אנגלית,21
2026-07-30T18:26:48,31,עור,צבעון,language,עברית,21
2026-07-30T18:26:48,31,עור,צבעון,language,ערבית,17
2026-07-30T18:26:48,31,עור,צבעון,language,רומנית,4
2026-07-30T18:26:48,31,עור,צבעון,language,רוסית,2
2026-07-30T18:26:58,31,עור,צור יצחק,gender,גבר,52
2026-07-30T18:26:58,31,עור,צור יצחק,gender,אישה,30
2026-07-30T18:26:58,31,עור,צור יצחק,visit_type,ביקור במרפאה,85
2026-07-30T18:26:58,31,עור,צור יצחק,language,אידיש,1
2026-07-30T18:26:58,31,עור,צור יצחק,language,איטלקית,1
2026-07-30T18:26:58,31,עור,צור יצחק,language,אנגלית,18
2026-07-30T18:26:58,31,עור,צור יצחק,language,אפריקנס,1
2026-07-30T18:26:58,31,עור,צור יצחק,language,גרמנית,1
2026-07-30T18:26:58,31,עור,צור יצחק,language,הולנדית,1
2026-07-30T18:26:58,31,עור,צור יצחק,language,ספרדית,2
2026-07-30T18:26:58,31,עור,צור יצחק,language,עברית,30
2026-07-30T18:26:58,31,עור,צור יצחק,language,ערבית,5
2026-07-30T18:26:58,31,עור,צור יצחק,language,צרפתית,2
2026-07-30T18:26:58,31,עור,צור יצחק,language,רומנית,1
2026-07-30T18:26:58,31,עור,צור יצחק,language,רוסית,8
2026-07-30T18:27:19,31,עור,קבועה,gender,גבר,22
2026-07-30T18:27:19,31,עור,קבועה,gender,אישה,10
2026-07-30T18:27:19,31,עור,קבועה,visit_type,ביקור במרפאה,34
2026-07-30T18:27:19,31,עור,קבועה,language,אנגלית,4
2026-07-30T18:27:19,31,עור,קבועה,language,בולגרית,1
2026-07-30T18:27:19,31,עור,קבועה,language,עברית,6
2026-07-30T18:27:19,31,עור,קבועה,language,ערבית,1
2026-07-30T18:27:19,31,עור,קבועה,language,רוסית,2
2026-07-30T18:27:29,31,עור,קדרים,gender,גבר,47
2026-07-30T18:27:29,31,עור,קדרים,gender,אישה,6
2026-07-30T18:27:29,31,עור,קדרים,visit_type,ביקור במרפאה,53
2026-07-30T18:27:29,31,עור,קדרים,language,אנגלית,21
2026-07-30T18:27:29,31,עור,קדרים,language,עברית,21
2026-07-30T18:27:29,31,עור,קדרים,language,ערבית,17
2026-07-30T18:27:29,31,עור,קדרים,language,רומנית,4
2026-07-30T18:27:29,31,עור,קדרים,language,רוסית,2
2026-07-30T18:27:37,31,עור,קיביא,gender,גבר,25
2026-07-30T18:27:37,31,עור,קיביא,gender,אישה,13
2026-07-30T18:27:37,31,עור,קיביא,visit_type,ביקור במרפאה,46
2026-07-30T18:27:37,31,עור,קיביא,language,איטלקית,1
2026-07-30T18:27:37,31,עור,קיביא,language,אנגלית,26
2026-07-30T18:27:37,31,עור,קיביא,language,גרמנית,2
2026-07-30T18:27:37,31,עור,קיביא,language,ספרדית,4
2026-07-30T18:27:37,31,עור,קיביא,language,עברית,45
2026-07-30T18:27:37,31,עור,קיביא,language,ערבית,7
2026-07-30T18:27:37,31,עור,קיביא,language,צרפתית,3
2026-07-30T18:27:37,31,עור,קיביא,language,רוסית,5
2026-07-30T18:27:50,31,עור,קפין,gender,גבר,33
2026-07-30T18:27:50,31,עור,קפין,gender,אישה,15
2026-07-30T18:27:50,31,עור,קפין,visit_type,ביקור במרפאה,49
2026-07-30T18:27:50,31,עור,קפין,language,איטלקית,1
2026-07-30T18:27:50,31,עור,קפין,language,אנגלית,5
2026-07-30T18:27:50,31,עור,קפין,language,עברית,9
2026-07-30T18:27:50,31,עור,קפין,language,ערבית,1
2026-07-30T18:27:50,31,עור,קפין,language,צרפתית,2
2026-07-30T18:27:50,31,עור,קפין,language,רומנית,1
2026-07-30T18:27:50,31,עור,קפין,language,רוסית,6
2026-07-30T18:28:03,31,עור,קרית גת,gender,גבר,21
2026-07-30T18:28:03,31,עור,קרית גת,gender,אישה,9
2026-07-30T18:28:03,31,עור,קרית גת,visit_type,ביקור במרפאה,32
2026-07-30T18:28:03,31,עור,קרית גת,language,אנגלית,4
2026-07-30T18:28:03,31,עור,קרית גת,language,בולגרית,1
2026-07-30T18:28:03,31,עור,קרית גת,language,עברית,7
2026-07-30T18:28:03,31,עור,קרית גת,language,רוסית,5
2026-07-30T18:28:15,31,עור,ראס עלי,gender,גבר,60
2026-07-30T18:28:15,31,עור,ראס עלי,gender,אישה,17
2026-07-30T18:28:15,31,עור,ראס עלי,visit_type,ביקור במרפאה,79
2026-07-30T18:28:15,31,עור,ראס עלי,language,אידיש,2
2026-07-30T18:28:15,31,עור,ראס עלי,language,איטלקית,1
2026-07-30T18:28:15,31,עור,ראס עלי,language,אנגלית,40
2026-07-30T18:28:15,31,עור,ראס עלי,language,עברית,48
2026-07-30T18:28:15,31,עור,ראס עלי,language,ערבית,29
2026-07-30T18:28:15,31,עור,ראס עלי,language,צרפתית,1
2026-07-30T18:28:15,31,עור,ראס עלי,language,רומנית,6
2026-07-30T18:28:15,31,עור,ראס עלי,language,רוסית,13
2026-07-30T18:28:32,31,עור,רהט,gender,גבר,22
2026-07-30T18:28:32,31,עור,רהט,gender,אישה,10
2026-07-30T18:28:32,31,עור,רהט,visit_type,ביקור במרפאה,34
2026-07-30T18:28:32,31,עור,רהט,language,אנגלית,4
2026-07-30T18:28:32,31,עור,רהט,language,בולגרית,1
2026-07-30T18:28:32,31,עור,רהט,language,עברית,6
2026-07-30T18:28:32,31,עור,רהט,language,ערבית,1
2026-07-30T18:28:32,31,עור,רהט,language,רוסית,2
2026-07-30T18:28:40,31,עור,רותם,gender,אישה,19
2026-07-30T18:28:40,31,עור,רותם,gender,גבר,24
2026-07-30T18:28:40,31,עור,רותם,visit_type,ביקור במרפאה,45
2026-07-30T18:28:40,31,עור,רותם,language,אנגלית,6
2026-07-30T18:28:40,31,עור,רותם,language,ספרדית,1
2026-07-30T18:28:40,31,עור,רותם,language,עברית,13
2026-07-30T18:28:40,31,עור,רותם,language,צרפתית,4
2026-07-30T18:28:40,31,עור,רותם,language,רוסית,7
2026-07-30T18:28:47,31,עור,רמאללה,gender,אישה,19
2026-07-30T18:28:47,31,עור,רמאללה,gender,גבר,24
2026-07-30T18:28:47,31,עור,רמאללה,visit_type,ביקור במרפאה,45
2026-07-30T18:28:47,31,עור,רמאללה,language,אנגלית,6
2026-07-30T18:28:47,31,עור,רמאללה,language,ספרדית,1
2026-07-30T18:28:47,31,עור,רמאללה,language,עברית,13
2026-07-30T18:28:47,31,עור,רמאללה,language,צרפתית,4
2026-07-30T18:28:47,31,עור,רמאללה,language,רוסית,7
2026-07-30T18:28:58,31,עור,רנן,gender,גבר,30
2026-07-30T18:28:58,31,עור,רנן,gender,אישה,13
2026-07-30T18:28:58,31,עור,רנן,visit_type,ביקור במרפאה,45
2026-07-30T18:28:58,31,עור,רנן,language,אנגלית,6
2026-07-30T18:28:58,31,עור,רנן,language,בולגרית,1
2026-07-30T18:28:58,31,עור,רנן,language,עברית,9
2026-07-30T18:28:58,31,עור,רנן,language,ערבית,1
2026-07-30T18:28:58,31,עור,רנן,language,רוסית,5
2026-07-30T18:29:11,31,עור,שאר ישוב,gender,גבר,47
2026-07-30T18:29:11,31,עור,שאר ישוב,gender,אישה,6
2026-07-30T18:29:11,31,עור,שאר ישוב,visit_type,ביקור במרפאה,53
2026-07-30T18:29:11,31,עור,שאר ישוב,language,אנגלית,21
2026-07-30T18:29:11,31,עור,שאר ישוב,language,עברית,21
2026-07-30T18:29:11,31,עור,שאר ישוב,language,ערבית,17
2026-07-30T18:29:11,31,עור,שאר ישוב,language,רומנית,4
2026-07-30T18:29:11,31,עור,שאר ישוב,language,רוסית,2
2026-07-30T18:29:22,31,עור,שדה בוקר,gender,גבר,22
2026-07-30T18:29:22,31,עור,שדה בוקר,gender,אישה,10
2026-07-30T18:29:22,31,עור,שדה בוקר,visit_type,ביקור במרפאה,34
2026-07-30T18:29:22,31,עור,שדה בוקר,language,אנגלית,4
2026-07-30T18:29:22,31,עור,שדה בוקר,language,בולגרית,1
2026-07-30T18:29:22,31,עור,שדה בוקר,language,עברית,6
2026-07-30T18:29:22,31,עור,שדה בוקר,language,ערבית,1
2026-07-30T18:29:22,31,עור,שדה בוקר,language,רוסית,2
2026-07-30T18:29:31,31,עור,שוהם,gender,אישה,7
2026-07-30T18:29:31,31,עור,שוהם,gender,גבר,28
2026-07-30T18:29:31,31,עור,שוהם,visit_type,ביקור במרפאה,35
2026-07-30T18:29:31,31,עור,שוהם,visit_type,שיחת טלפון,2
2026-07-30T18:29:31,31,עור,שוהם,language,אנגלית,4
2026-07-30T18:29:31,31,עור,שוהם,language,אפריקנס,1
2026-07-30T18:29:31,31,עור,שוהם,language,הולנדית,1
2026-07-30T18:29:31,31,עור,שוהם,language,עברית,8
2026-07-30T18:29:31,31,עור,שוהם,language,רוסית,3
2026-07-30T18:29:37,31,עור,שחרית,gender,גבר,25
2026-07-30T18:29:37,31,עור,שחרית,gender,אישה,13
2026-07-30T18:29:37,31,עור,שחרית,visit_type,ביקור במרפאה,46
2026-07-30T18:29:37,31,עור,שחרית,language,איטלקית,1
2026-07-30T18:29:37,31,עור,שחרית,language,אנגלית,26
2026-07-30T18:29:37,31,עור,שחרית,language,גרמנית,2
2026-07-30T18:29:37,31,עור,שחרית,language,ספרדית,4
2026-07-30T18:29:37,31,עור,שחרית,language,עברית,45
2026-07-30T18:29:37,31,עור,שחרית,language,ערבית,7
2026-07-30T18:29:37,31,עור,שחרית,language,צרפתית,3
2026-07-30T18:29:37,31,עור,שחרית,language,רוסית,5
2026-07-30T18:29:50,31,עור,שלווה,gender,אישה,9
2026-07-30T18:29:50,31,עור,שלווה,gender,גבר,21
2026-07-30T18:29:50,31,עור,שלווה,visit_type,ביקור במרפאה,32
2026-07-30T18:29:50,31,עור,שלווה,language,אנגלית,4
2026-07-30T18:29:50,31,עור,שלווה,language,בולגרית,1
2026-07-30T18:29:50,31,עור,שלווה,language,עברית,7
2026-07-30T18:29:50,31,עור,שלווה,language,רוסית,5
2026-07-30T18:30:02,31,עור,שני ליבנה,gender,גבר,22
2026-07-30T18:30:02,31,עור,שני ליבנה,gender,אישה,10
2026-07-30T18:30:02,31,עור,שני ליבנה,visit_type,ביקור במרפאה,34
2026-07-30T18:30:02,31,עור,שני ליבנה,language,אנגלית,4
2026-07-30T18:30:02,31,עור,שני ליבנה,language,בולגרית,1
2026-07-30T18:30:02,31,עור,שני ליבנה,language,עברית,6
2026-07-30T18:30:02,31,עור,שני ליבנה,language,ערבית,1
2026-07-30T18:30:02,31,עור,שני ליבנה,language,רוסית,2
2026-07-30T18:30:14,31,עור,שפיים,gender,גבר,52
2026-07-30T18:30:14,31,עור,שפיים,gender,אישה,30
2026-07-30T18:30:14,31,עור,שפיים,visit_type,ביקור במרפאה,85
2026-07-30T18:30:14,31,עור,שפיים,language,אידיש,1
2026-07-30T18:30:14,31,עור,שפיים,language,איטלקית,1
2026-07-30T18:30:14,31,עור,שפיים,language,אנגלית,18
2026-07-30T18:30:14,31,עור,שפיים,language,אפריקנס,1
2026-07-30T18:30:14,31,עור,שפיים,language,גרמנית,1
2026-07-30T18:30:14,31,עור,שפיים,language,הולנדית,1
2026-07-30T18:30:14,31,עור,שפיים,language,ספרדית,2
2026-07-30T18:30:14,31,עור,שפיים,language,עברית,30
2026-07-30T18:30:14,31,עור,שפיים,language,ערבית,5
2026-07-30T18:30:14,31,עור,שפיים,language,צרפתית,2
2026-07-30T18:30:14,31,עור,שפיים,language,רומנית,1
2026-07-30T18:30:14,31,עור,שפיים,language,רוסית,8
2026-07-30T18:30:35,31,עור,שתולה,gender,גבר,35
2026-07-30T18:30:35,31,עור,שתולה,gender,אישה,3
2026-07-30T18:30:35,31,עור,שתולה,visit_type,ביקור במרפאה,38
2026-07-30T18:30:35,31,עור,שתולה,language,אנגלית,19
2026-07-30T18:30:35,31,עור,שתולה,language,גרמנית,7
2026-07-30T18:30:35,31,עור,שתולה,language,עברית,38
2026-07-30T18:30:35,31,עור,שתולה,language,ערבית,35
2026-07-30T18:30:35,31,עור,שתולה,language,רומנית,10
2026-07-30T18:30:35,31,עור,שתולה,language,רוסית,2
2026-07-30T18:30:41,31,עור,תימורים,gender,גבר,18
2026-07-30T18:30:41,31,עור,תימורים,gender,אישה,6
2026-07-30T18:30:41,31,עור,תימורים,visit_type,ביקור במרפאה,24
2026-07-30T18:30:41,31,עור,תימורים,language,אנגלית,7
2026-07-30T18:30:41,31,עור,תימורים,language,אפריקנס,1
2026-07-30T18:30:41,31,עור,תימורים,language,הולנדית,1
2026-07-30T18:30:41,31,עור,תימורים,language,עברית,10
2026-07-30T18:30:41,31,עור,תימורים,language,רוסית,6
2026-07-30T18:30:47,31,עור,תל עדשים,gender,גבר,73
2026-07-30T18:30:47,31,עור,תל עדשים,gender,אישה,12
2026-07-30T18:30:47,31,עור,תל עדשים,visit_type,ביקור במרפאה,85
2026-07-30T18:30:47,31,עור,תל עדשים,language,איטלקית,1
2026-07-30T18:30:47,31,עור,תל עדשים,language,אנגלית,35
2026-07-30T18:30:47,31,עור,תל עדשים,language,עברית,39
2026-07-30T18:30:47,31,עור,תל עדשים,language,ערבית,28
2026-07-30T18:30:47,31,עור,תל עדשים,language,רומנית,5
2026-07-30T18:30:47,31,עור,תל עדשים,language,רוסית,10
2026-07-30T18:31:02,31,עור,תעשיון ראם,gender,גבר,34
2026-07-30T18:31:02,31,עור,תעשיון ראם,gender,אישה,9
2026-07-30T18:31:02,31,עור,תעשיון ראם,visit_type,ביקור במרפאה,43
2026-07-30T18:31:02,31,עור,תעשיון ראם,visit_type,שיחת טלפון,2
2026-07-30T18:31:02,31,עור,תעשיון ראם,language,אנגלית,7
2026-07-30T18:31:02,31,עור,תעשיון ראם,language,אפריקנס,1
2026-07-30T18:31:02,31,עור,תעשיון ראם,language,הולנדית,1
2026-07-30T18:31:02,31,עור,תעשיון ראם,language,עברית,12
2026-07-30T18:31:02,31,עור,תעשיון ראם,language,רוסית,6
2026-07-30T18:31:09,31,עור,תרדיון,gender,גבר,63
2026-07-30T18:31:09,31,עור,תרדיון,gender,אישה,10
2026-07-30T18:31:09,31,עור,תרדיון,visit_type,ביקור במרפאה,75
2026-07-30T18:31:09,31,עור,תרדיון,language,אידיש,2
2026-07-30T18:31:09,31,עור,תרדיון,language,אנגלית,49
2026-07-30T18:31:09,31,עור,תרדיון,language,גרמנית,7
2026-07-30T18:31:09,31,עור,תרדיון,language,עברית,72
2026-07-30T18:31:09,31,עור,תרדיון,language,ערבית,60
2026-07-30T18:31:09,31,עור,תרדיון,language,צרפתית,1
2026-07-30T18:31:09,31,עור,תרדיון,language,רומנית,15
2026-07-30T18:31:09,31,עור,תרדיון,language,רוסית,7
2026-07-30T18:31:22,61,עיניים,אבו גוש,gender,גבר,17
2026-07-30T18:31:22,61,עיניים,אבו גוש,gender,אישה,13
2026-07-30T18:31:22,61,עיניים,אבו גוש,visit_type,ביקור במרפאה,30
2026-07-30T18:31:22,61,עיניים,אבו גוש,language,אנגלית,4
2026-07-30T18:31:22,61,עיניים,אבו גוש,language,עברית,6
2026-07-30T18:31:22,61,עיניים,אבו גוש,language,ערבית,6
2026-07-30T18:31:22,61,עיניים,אבו גוש,language,צרפתית,1
2026-07-30T18:31:22,61,עיניים,אבו גוש,language,רומנית,1
2026-07-30T18:31:32,61,עיניים,אדורים,gender,גבר,56
2026-07-30T18:31:32,61,עיניים,אדורים,gender,אישה,13
2026-07-30T18:31:32,61,עיניים,אדורים,visit_type,ביקור במרפאה,71
2026-07-30T18:31:32,61,עיניים,אדורים,visit_type,שיחת טלפון,1
2026-07-30T18:31:32,61,עיניים,אדורים,language,איטלקית,2
2026-07-30T18:31:32,61,עיניים,אדורים,language,אנגלית,3
2026-07-30T18:31:32,61,עיניים,אדורים,language,ספרדית,1
2026-07-30T18:31:32,61,עיניים,אדורים,language,עברית,6
2026-07-30T18:31:32,61,עיניים,אדורים,language,צרפתית,1
2026-07-30T18:31:32,61,עיניים,אדורים,language,רומנית,1
2026-07-30T18:31:32,61,עיניים,אדורים,language,רוסית,5
2026-07-30T18:31:46,61,עיניים,אום א תות,gender,גבר,54
2026-07-30T18:31:46,61,עיניים,אום א תות,gender,אישה,14
2026-07-30T18:31:46,61,עיניים,אום א תות,visit_type,ביקור במרפאה,70
2026-07-30T18:31:46,61,עיניים,אום א תות,visit_type,שיחת טלפון,1
2026-07-30T18:31:46,61,עיניים,אום א תות,language,אידיש,2
2026-07-30T18:31:46,61,עיניים,אום א תות,language,איטלקית,1
2026-07-30T18:31:46,61,עיניים,אום א תות,language,אנגלית,10
2026-07-30T18:31:46,61,עיניים,אום א תות,language,ספרדית,3
2026-07-30T18:31:46,61,עיניים,אום א תות,language,עברית,13
2026-07-30T18:31:46,61,עיניים,אום א תות,language,ערבית,2
2026-07-30T18:31:46,61,עיניים,אום א תות,language,צרפתית,2
2026-07-30T18:31:46,61,עיניים,אום א תות,language,רוסית,1
2026-07-30T18:32:01,61,עיניים,אחוזם,gender,אישה,13
2026-07-30T18:32:01,61,עיניים,אחוזם,gender,גבר,36
2026-07-30T18:32:01,61,עיניים,אחוזם,visit_type,ביקור במרפאה,51
2026-07-30T18:32:01,61,עיניים,אחוזם,visit_type,שיחת טלפון,1
2026-07-30T18:32:01,61,עיניים,אחוזם,language,איטלקית,2
2026-07-30T18:32:01,61,עיניים,אחוזם,language,אנגלית,3
2026-07-30T18:32:01,61,עיניים,אחוזם,language,ספרדית,1
2026-07-30T18:32:01,61,עיניים,אחוזם,language,עברית,5
2026-07-30T18:32:01,61,עיניים,אחוזם,language,צרפתית,1
2026-07-30T18:32:01,61,עיניים,אחוזם,language,רומנית,1
2026-07-30T18:32:01,61,עיניים,אחוזם,language,רוסית,4
2026-07-30T18:32:13,61,עיניים,אייל,gender,גבר,80
2026-07-30T18:32:13,61,עיניים,אייל,gender,אישה,24
2026-07-30T18:32:13,61,עיניים,אייל,visit_type,ביקור במרפאה,110
2026-07-30T18:32:13,61,עיניים,אייל,visit_type,שיחת טלפון,1
2026-07-30T18:32:13,61,עיניים,אייל,language,אידיש,2
2026-07-30T18:32:13,61,עיניים,אייל,language,איטלקית,1
2026-07-30T18:32:13,61,עיניים,אייל,language,אנגלית,24
2026-07-30T18:32:13,61,עיניים,אייל,language,גרוזינית,1
2026-07-30T18:32:13,61,עיניים,אייל,language,גרמנית,1
2026-07-30T18:32:13,61,עיניים,אייל,language,ספרדית,3
2026-07-30T18:32:13,61,עיניים,אייל,language,עברית,46
2026-07-30T18:32:13,61,עיניים,אייל,language,ערבית,5
2026-07-30T18:32:13,61,עיניים,אייל,language,צרפתית,5
2026-07-30T18:32:13,61,עיניים,אייל,language,רומנית,2
2026-07-30T18:32:13,61,עיניים,אייל,language,רוסית,9
2026-07-30T18:32:34,61,עיניים,אל הג'רה,gender,גבר,56
2026-07-30T18:32:34,61,עיניים,אל הג'רה,gender,אישה,13
2026-07-30T18:32:34,61,עיניים,אל הג'רה,visit_type,ביקור במרפאה,71
2026-07-30T18:32:34,61,עיניים,אל הג'רה,visit_type,שיחת טלפון,1
2026-07-30T18:32:34,61,עיניים,אל הג'רה,language,איטלקית,2
2026-07-30T18:32:34,61,עיניים,אל הג'רה,language,אנגלית,3
2026-07-30T18:32:34,61,עיניים,אל הג'רה,language,ספרדית,1
2026-07-30T18:32:34,61,עיניים,אל הג'רה,language,עברית,6
2026-07-30T18:32:34,61,עיניים,אל הג'רה,language,צרפתית,1
2026-07-30T18:32:34,61,עיניים,אל הג'רה,language,רומנית,1
2026-07-30T18:32:34,61,עיניים,אל הג'רה,language,רוסית,5
2026-07-30T18:32:49,61,עיניים,אמנון,gender,גבר,62
2026-07-30T18:32:49,61,עיניים,אמנון,gender,אישה,12
2026-07-30T18:32:49,61,עיניים,אמנון,visit_type,ביקור במרפאה,79
2026-07-30T18:32:49,61,עיניים,אמנון,language,אנגלית,19
2026-07-30T18:32:49,61,עיניים,אמנון,language,עברית,27
2026-07-30T18:32:49,61,עיניים,אמנון,language,ערבית,17
2026-07-30T18:32:49,61,עיניים,אמנון,language,רוסית,4
2026-07-30T18:33:00,61,עיניים,אפרת,gender,גבר,17
2026-07-30T18:33:00,61,עיניים,אפרת,gender,אישה,13
2026-07-30T18:33:00,61,עיניים,אפרת,visit_type,ביקור במרפאה,30
2026-07-30T18:33:00,61,עיניים,אפרת,language,אנגלית,4
2026-07-30T18:33:00,61,עיניים,אפרת,language,עברית,6
2026-07-30T18:33:00,61,עיניים,אפרת,language,ערבית,6
2026-07-30T18:33:00,61,עיניים,אפרת,language,צרפתית,1
2026-07-30T18:33:00,61,עיניים,אפרת,language,רומנית,1
2026-07-30T18:33:07,61,עיניים,אשדות יעקב איחוד,gender,גבר,62
2026-07-30T18:33:07,61,עיניים,אשדות יעקב איחוד,gender,אישה,12
2026-07-30T18:33:07,61,עיניים,אשדות יעקב איחוד,visit_type,ביקור במרפאה,79
2026-07-30T18:33:07,61,עיניים,אשדות יעקב איחוד,language,אנגלית,19
2026-07-30T18:33:07,61,עיניים,אשדות יעקב איחוד,language,עברית,27
2026-07-30T18:33:07,61,עיניים,אשדות יעקב איחוד,language,ערבית,17
2026-07-30T18:33:07,61,עיניים,אשדות יעקב איחוד,language,רוסית,4
2026-07-30T18:33:19,61,עיניים,באר אורה,gender,גבר,3
2026-07-30T18:33:19,61,עיניים,באר אורה,visit_type,ביקור במרפאה,4
2026-07-30T18:33:19,61,עיניים,באר אורה,language,איטלקית,1
2026-07-30T18:33:19,61,עיניים,באר אורה,language,אנגלית,1
2026-07-30T18:33:19,61,עיניים,באר אורה,language,ספרדית,1
2026-07-30T18:33:19,61,עיניים,באר אורה,language,עברית,2
2026-07-30T18:33:19,61,עיניים,באר אורה,language,רוסית,2
2026-07-30T18:33:22,61,עיניים,בוקעתא,gender,גבר,62
2026-07-30T18:33:22,61,עיניים,בוקעתא,gender,אישה,12
2026-07-30T18:33:22,61,עיניים,בוקעתא,visit_type,ביקור במרפאה,79
2026-07-30T18:33:22,61,עיניים,בוקעתא,language,אנגלית,19
2026-07-30T18:33:22,61,עיניים,בוקעתא,language,עברית,27
2026-07-30T18:33:22,61,עיניים,בוקעתא,language,ערבית,17
2026-07-30T18:33:22,61,עיניים,בוקעתא,language,רוסית,4
2026-07-30T18:33:37,61,עיניים,בי''ס אזורי מקיף מטה אשר,gender,גבר,79
2026-07-30T18:33:37,61,עיניים,בי''ס אזורי מקיף מטה אשר,gender,אישה,33
2026-07-30T18:33:37,61,עיניים,בי''ס אזורי מקיף מטה אשר,visit_type,ביקור במרפאה,117
2026-07-30T18:33:37,61,עיניים,בי''ס אזורי מקיף מטה אשר,visit_type,שיחת טלפון,2
2026-07-30T18:33:37,61,עיניים,בי''ס אזורי מקיף מטה אשר,language,אוקראינית,1
2026-07-30T18:33:37,61,עיניים,בי''ס אזורי מקיף מטה אשר,language,אידיש,3
2026-07-30T18:33:37,61,עיניים,בי''ס אזורי מקיף מטה אשר,language,איטלקית,2
2026-07-30T18:33:37,61,עיניים,בי''ס אזורי מקיף מטה אשר,language,אנגלית,77
2026-07-30T18:33:37,61,עיניים,בי''ס אזורי מקיף מטה אשר,language,בולגרית,8
2026-07-30T18:33:37,61,עיניים,בי''ס אזורי מקיף מטה אשר,language,גרמנית,3
2026-07-30T18:33:37,61,עיניים,בי''ס אזורי מקיף מטה אשר,language,הונגרית,1
2026-07-30T18:33:37,61,עיניים,בי''ס אזורי מקיף מטה אשר,language,ספרדית,1
2026-07-30T18:33:37,61,עיניים,בי''ס אזורי מקיף מטה אשר,language,עברית,110
2026-07-30T18:33:37,61,עיניים,בי''ס אזורי מקיף מטה אשר,language,ערבית,61
2026-07-30T18:33:37,61,עיניים,בי''ס אזורי מקיף מטה אשר,language,פולנית,1
2026-07-30T18:33:37,61,עיניים,בי''ס אזורי מקיף מטה אשר,language,פרסית,1
2026-07-30T18:33:37,61,עיניים,בי''ס אזורי מקיף מטה אשר,language,צרפתית,2
2026-07-30T18:33:37,61,עיניים,בי''ס אזורי מקיף מטה אשר,language,רומנית,15
2026-07-30T18:33:37,61,עיניים,בי''ס אזורי מקיף מטה אשר,language,רוסית,27
2026-07-30T18:33:55,61,עיניים,בלאטה,gender,גבר,54
2026-07-30T18:33:55,61,עיניים,בלאטה,gender,אישה,14
2026-07-30T18:33:55,61,עיניים,בלאטה,visit_type,ביקור במרפאה,70
2026-07-30T18:33:55,61,עיניים,בלאטה,visit_type,שיחת טלפון,1
2026-07-30T18:33:55,61,עיניים,בלאטה,language,אידיש,2
2026-07-30T18:33:55,61,עיניים,בלאטה,language,איטלקית,1
2026-07-30T18:33:55,61,עיניים,בלאטה,language,אנגלית,10
2026-07-30T18:33:55,61,עיניים,בלאטה,language,ספרדית,3
2026-07-30T18:33:55,61,עיניים,בלאטה,language,עברית,13
2026-07-30T18:33:55,61,עיניים,בלאטה,language,ערבית,2
2026-07-30T18:33:55,61,עיניים,בלאטה,language,צרפתית,2
2026-07-30T18:33:55,61,עיניים,בלאטה,language,רוסית,1
2026-07-30T18:34:11,61,עיניים,בני סוהילה,gender,גבר,56
2026-07-30T18:34:11,61,עיניים,בני סוהילה,gender,אישה,13
2026-07-30T18:34:11,61,עיניים,בני סוהילה,visit_type,ביקור במרפאה,71
2026-07-30T18:34:11,61,עיניים,בני סוהילה,visit_type,שיחת טלפון,1
2026-07-30T18:34:11,61,עיניים,בני סוהילה,language,איטלקית,2
2026-07-30T18:34:11,61,עיניים,בני סוהילה,language,אנגלית,3
2026-07-30T18:34:11,61,עיניים,בני סוהילה,language,ספרדית,1
2026-07-30T18:34:11,61,עיניים,בני סוהילה,language,עברית,6
2026-07-30T18:34:11,61,עיניים,בני סוהילה,language,צרפתית,1
2026-07-30T18:34:11,61,עיניים,בני סוהילה,language,רומנית,1
2026-07-30T18:34:11,61,עיניים,בני סוהילה,language,רוסית,5
2026-07-30T18:34:25,61,עיניים,בר יוחאי,gender,גבר,62
2026-07-30T18:34:25,61,עיניים,בר יוחאי,gender,אישה,12
2026-07-30T18:34:25,61,עיניים,בר יוחאי,visit_type,ביקור במרפאה,79
2026-07-30T18:34:25,61,עיניים,בר יוחאי,language,אנגלית,19
2026-07-30T18:34:25,61,עיניים,בר יוחאי,language,עברית,27
2026-07-30T18:34:25,61,עיניים,בר יוחאי,language,ערבית,17
2026-07-30T18:34:25,61,עיניים,בר יוחאי,language,רוסית,4
2026-07-30T18:34:37,61,עיניים,בת חן,gender,גבר,54
2026-07-30T18:34:37,61,עיניים,בת חן,gender,אישה,14
2026-07-30T18:34:37,61,עיניים,בת חן,visit_type,ביקור במרפאה,70
2026-07-30T18:34:37,61,עיניים,בת חן,visit_type,שיחת טלפון,1
2026-07-30T18:34:37,61,עיניים,בת חן,language,אידיש,2
2026-07-30T18:34:37,61,עיניים,בת חן,language,איטלקית,1
2026-07-30T18:34:37,61,עיניים,בת חן,language,אנגלית,10
2026-07-30T18:34:37,61,עיניים,בת חן,language,ספרדית,3
2026-07-30T18:34:37,61,עיניים,בת חן,language,עברית,13
2026-07-30T18:34:37,61,עיניים,בת חן,language,ערבית,2
2026-07-30T18:34:37,61,עיניים,בת חן,language,צרפתית,2
2026-07-30T18:34:37,61,עיניים,בת חן,language,רוסית,1
2026-07-30T18:34:51,61,עיניים,גאולי תימן,gender,גבר,78
2026-07-30T18:34:51,61,עיניים,גאולי תימן,gender,אישה,23
2026-07-30T18:34:51,61,עיניים,גאולי תימן,visit_type,ביקור במרפאה,105
2026-07-30T18:34:51,61,עיניים,גאולי תימן,visit_type,שיחת טלפון,1
2026-07-30T18:34:51,61,עיניים,גאולי תימן,language,אידיש,2
2026-07-30T18:34:51,61,עיניים,גאולי תימן,language,איטלקית,2
2026-07-30T18:34:51,61,עיניים,גאולי תימן,language,אנגלית,21
2026-07-30T18:34:51,61,עיניים,גאולי תימן,language,גרמנית,1
2026-07-30T18:34:51,61,עיניים,גאולי תימן,language,ספרדית,3
2026-07-30T18:34:51,61,עיניים,גאולי תימן,language,עברית,29
2026-07-30T18:34:51,61,עיניים,גאולי תימן,language,ערבית,10
2026-07-30T18:34:51,61,עיניים,גאולי תימן,language,פולנית,1
2026-07-30T18:34:51,61,עיניים,גאולי תימן,language,פרסית,1
2026-07-30T18:34:51,61,עיניים,גאולי תימן,language,צרפתית,2
2026-07-30T18:34:51,61,עיניים,גאולי תימן,language,רומנית,1
2026-07-30T18:34:51,61,עיניים,גאולי תימן,language,רוסית,4
2026-07-30T18:35:11,61,עיניים,גבעות בר,gender,גבר,56
2026-07-30T18:35:11,61,עיניים,גבעות בר,gender,אישה,13
2026-07-30T18:35:11,61,עיניים,גבעות בר,visit_type,ביקור במרפאה,71
2026-07-30T18:35:11,61,עיניים,גבעות בר,visit_type,שיחת טלפון,1
2026-07-30T18:35:11,61,עיניים,גבעות בר,language,איטלקית,2
2026-07-30T18:35:11,61,עיניים,גבעות בר,language,אנגלית,3
2026-07-30T18:35:11,61,עיניים,גבעות בר,language,ספרדית,1
2026-07-30T18:35:11,61,עיניים,גבעות בר,language,עברית,6
2026-07-30T18:35:11,61,עיניים,גבעות בר,language,צרפתית,1
2026-07-30T18:35:11,61,עיניים,גבעות בר,language,רומנית,1
2026-07-30T18:35:11,61,עיניים,גבעות בר,language,רוסית,5
2026-07-30T18:35:25,61,עיניים,גזית,gender,גבר,104
2026-07-30T18:35:25,61,עיניים,גזית,gender,אישה,16
2026-07-30T18:35:25,61,עיניים,גזית,visit_type,ביקור במרפאה,125
2026-07-30T18:35:25,61,עיניים,גזית,visit_type,שיחת טלפון,1
2026-07-30T18:35:25,61,עיניים,גזית,language,אידיש,1
2026-07-30T18:35:25,61,עיניים,גזית,language,איטלקית,1
2026-07-30T18:35:25,61,עיניים,גזית,language,אנגלית,31
2026-07-30T18:35:25,61,עיניים,גזית,language,גרמנית,1
2026-07-30T18:35:25,61,עיניים,גזית,language,ספרדית,1
2026-07-30T18:35:25,61,עיניים,גזית,language,עברית,44
2026-07-30T18:35:25,61,עיניים,גזית,language,ערבית,25
2026-07-30T18:35:25,61,עיניים,גזית,language,פולנית,1
2026-07-30T18:35:25,61,עיניים,גזית,language,פרסית,1
2026-07-30T18:35:25,61,עיניים,גזית,language,צרפתית,1
2026-07-30T18:35:25,61,עיניים,גזית,language,רומנית,1
2026-07-30T18:35:25,61,עיניים,גזית,language,רוסית,5
2026-07-30T18:35:43,61,עיניים,גיתה,gender,גבר,47
2026-07-30T18:35:43,61,עיניים,גיתה,gender,אישה,6
2026-07-30T18:35:43,61,עיניים,גיתה,visit_type,ביקור במרפאה,54
2026-07-30T18:35:43,61,עיניים,גיתה,visit_type,שיחת טלפון,1
2026-07-30T18:35:43,61,עיניים,גיתה,language,אנגלית,37
2026-07-30T18:35:43,61,עיניים,גיתה,language,בולגרית,7
2026-07-30T18:35:43,61,עיניים,גיתה,language,גרמנית,1
2026-07-30T18:35:43,61,עיניים,גיתה,language,עברית,52
2026-07-30T18:35:43,61,עיניים,גיתה,language,ערבית,41
2026-07-30T18:35:43,61,עיניים,גיתה,language,רומנית,14
2026-07-30T18:35:43,61,עיניים,גיתה,language,רוסית,8
2026-07-30T18:35:52,61,עיניים,גני טל,gender,גבר,28
2026-07-30T18:35:52,61,עיניים,גני טל,gender,אישה,19
2026-07-30T18:35:52,61,עיניים,גני טל,visit_type,ביקור במרפאה,54
2026-07-30T18:35:52,61,עיניים,גני טל,language,אנגלית,12
2026-07-30T18:35:52,61,עיניים,גני טל,language,הונגרית,1
2026-07-30T18:35:52,61,עיניים,גני טל,language,עברית,12
2026-07-30T18:35:52,61,עיניים,גני טל,language,ערבית,2
2026-07-30T18:35:52,61,עיניים,גני טל,language,צרפתית,1
2026-07-30T18:35:52,61,עיניים,גני טל,language,רומנית,3
2026-07-30T18:35:52,61,עיניים,גני טל,language,רוסית,5
2026-07-30T18:36:02,61,עיניים,גשר,gender,גבר,104
2026-07-30T18:36:02,61,עיניים,גשר,gender,אישה,16
2026-07-30T18:36:02,61,עיניים,גשר,visit_type,ביקור במרפאה,125
2026-07-30T18:36:02,61,עיניים,גשר,visit_type,שיחת טלפון,1
2026-07-30T18:36:02,61,עיניים,גשר,language,אידיש,1
2026-07-30T18:36:02,61,עיניים,גשר,language,איטלקית,1
2026-07-30T18:36:02,61,עיניים,גשר,language,אנגלית,31
2026-07-30T18:36:02,61,עיניים,גשר,language,גרמנית,1
2026-07-30T18:36:02,61,עיניים,גשר,language,ספרדית,1
2026-07-30T18:36:02,61,עיניים,גשר,language,עברית,44
2026-07-30T18:36:02,61,עיניים,גשר,language,ערבית,25
2026-07-30T18:36:02,61,עיניים,גשר,language,פולנית,1
2026-07-30T18:36:02,61,עיניים,גשר,language,פרסית,1
2026-07-30T18:36:02,61,עיניים,גשר,language,צרפתית,1
2026-07-30T18:36:02,61,עיניים,גשר,language,רומנית,1
2026-07-30T18:36:02,61,עיניים,גשר,language,רוסית,5
2026-07-30T18:36:21,61,עיניים,דגניה ב',gender,גבר,62
2026-07-30T18:36:21,61,עיניים,דגניה ב',gender,אישה,12
2026-07-30T18:36:21,61,עיניים,דגניה ב',visit_type,ביקור במרפאה,79
2026-07-30T18:36:21,61,עיניים,דגניה ב',language,אנגלית,19
2026-07-30T18:36:21,61,עיניים,דגניה ב',language,עברית,27
2026-07-30T18:36:21,61,עיניים,דגניה ב',language,ערבית,17
2026-07-30T18:36:21,61,עיניים,דגניה ב',language,רוסית,4
2026-07-30T18:36:35,61,עיניים,דורות,gender,גבר,36
2026-07-30T18:36:35,61,עיניים,דורות,gender,אישה,13
2026-07-30T18:36:35,61,עיניים,דורות,visit_type,ביקור במרפאה,51
2026-07-30T18:36:35,61,עיניים,דורות,visit_type,שיחת טלפון,1
2026-07-30T18:36:35,61,עיניים,דורות,language,איטלקית,2
2026-07-30T18:36:35,61,עיניים,דורות,language,אנגלית,3
2026-07-30T18:36:35,61,עיניים,דורות,language,ספרדית,1
2026-07-30T18:36:35,61,עיניים,דורות,language,עברית,5
2026-07-30T18:36:35,61,עיניים,דורות,language,צרפתית,1
2026-07-30T18:36:35,61,עיניים,דורות,language,רומנית,1
2026-07-30T18:36:35,61,עיניים,דורות,language,רוסית,4
2026-07-30T18:36:47,61,עיניים,דיר איסתיא,gender,גבר,54
2026-07-30T18:36:47,61,עיניים,דיר איסתיא,gender,אישה,14
2026-07-30T18:36:47,61,עיניים,דיר איסתיא,visit_type,ביקור במרפאה,70
2026-07-30T18:36:47,61,עיניים,דיר איסתיא,visit_type,שיחת טלפון,1
2026-07-30T18:36:47,61,עיניים,דיר איסתיא,language,אידיש,2
2026-07-30T18:36:47,61,עיניים,דיר איסתיא,language,איטלקית,1
2026-07-30T18:36:47,61,עיניים,דיר איסתיא,language,אנגלית,10
2026-07-30T18:36:47,61,עיניים,דיר איסתיא,language,ספרדית,3
2026-07-30T18:36:47,61,עיניים,דיר איסתיא,language,עברית,13
2026-07-30T18:36:47,61,עיניים,דיר איסתיא,language,ערבית,2
2026-07-30T18:36:47,61,עיניים,דיר איסתיא,language,צרפתית,2
2026-07-30T18:36:47,61,עיניים,דיר איסתיא,language,רוסית,1
2026-07-30T18:36:59,61,עיניים,האשימיה,gender,גבר,54
2026-07-30T18:36:59,61,עיניים,האשימיה,gender,אישה,14
2026-07-30T18:36:59,61,עיניים,האשימיה,visit_type,ביקור במרפאה,70
2026-07-30T18:36:59,61,עיניים,האשימיה,visit_type,שיחת טלפון,1
2026-07-30T18:36:59,61,עיניים,האשימיה,language,אידיש,2
2026-07-30T18:36:59,61,עיניים,האשימיה,language,איטלקית,1
2026-07-30T18:36:59,61,עיניים,האשימיה,language,אנגלית,10
2026-07-30T18:36:59,61,עיניים,האשימיה,language,ספרדית,3
2026-07-30T18:36:59,61,עיניים,האשימיה,language,עברית,13
2026-07-30T18:36:59,61,עיניים,האשימיה,language,ערבית,2
2026-07-30T18:36:59,61,עיניים,האשימיה,language,צרפתית,2
2026-07-30T18:36:59,61,עיניים,האשימיה,language,רוסית,1
2026-07-30T18:37:15,61,עיניים,הזורע,gender,גבר,78
2026-07-30T18:37:15,61,עיניים,הזורע,gender,אישה,38
2026-07-30T18:37:15,61,עיניים,הזורע,visit_type,ביקור במרפאה,122
2026-07-30T18:37:15,61,עיניים,הזורע,visit_type,שיחת טלפון,2
2026-07-30T18:37:15,61,עיניים,הזורע,language,אוקראינית,1
2026-07-30T18:37:15,61,עיניים,הזורע,language,אידיש,4
2026-07-30T18:37:15,61,עיניים,הזורע,language,איטלקית,2
2026-07-30T18:37:15,61,עיניים,הזורע,language,אנגלית,47
2026-07-30T18:37:15,61,עיניים,הזורע,language,בולגרית,1
2026-07-30T18:37:15,61,עיניים,הזורע,language,גרמנית,2
2026-07-30T18:37:15,61,עיניים,הזורע,language,הונגרית,1
2026-07-30T18:37:15,61,עיניים,הזורע,language,ספרדית,2
2026-07-30T18:37:15,61,עיניים,הזורע,language,עברית,69
2026-07-30T18:37:15,61,עיניים,הזורע,language,ערבית,24
2026-07-30T18:37:15,61,עיניים,הזורע,language,פולנית,1
2026-07-30T18:37:15,61,עיניים,הזורע,language,פרסית,1
2026-07-30T18:37:15,61,עיניים,הזורע,language,צרפתית,3
2026-07-30T18:37:15,61,עיניים,הזורע,language,רומנית,1
2026-07-30T18:37:15,61,עיניים,הזורע,language,רוסית,21
2026-07-30T18:37:32,61,עיניים,הר גילה,gender,אישה,13
2026-07-30T18:37:32,61,עיניים,הר גילה,gender,גבר,17
2026-07-30T18:37:32,61,עיניים,הר גילה,visit_type,ביקור במרפאה,30
2026-07-30T18:37:32,61,עיניים,הר גילה,language,אנגלית,4
2026-07-30T18:37:32,61,עיניים,הר גילה,language,עברית,6
2026-07-30T18:37:32,61,עיניים,הר גילה,language,ערבית,6
2026-07-30T18:37:32,61,עיניים,הר גילה,language,צרפתית,1
2026-07-30T18:37:32,61,עיניים,הר גילה,language,רומנית,1
2026-07-30T18:37:39,61,עיניים,זאוויה בצפון שומרון,gender,גבר,54
2026-07-30T18:37:39,61,עיניים,זאוויה בצפון שומרון,gender,אישה,14
2026-07-30T18:37:39,61,עיניים,זאוויה בצפון שומרון,visit_type,ביקור במרפאה,70
2026-07-30T18:37:39,61,עיניים,זאוויה בצפון שומרון,visit_type,שיחת טלפון,1
2026-07-30T18:37:39,61,עיניים,זאוויה בצפון שומרון,language,אידיש,2
2026-07-30T18:37:39,61,עיניים,זאוויה בצפון שומרון,language,איטלקית,1
2026-07-30T18:37:39,61,עיניים,זאוויה בצפון שומרון,language,אנגלית,10
2026-07-30T18:37:39,61,עיניים,זאוויה בצפון שומרון,language,ספרדית,3
2026-07-30T18:37:39,61,עיניים,זאוויה בצפון שומרון,language,עברית,13
2026-07-30T18:37:39,61,עיניים,זאוויה בצפון שומרון,language,ערבית,2
2026-07-30T18:37:39,61,עיניים,זאוויה בצפון שומרון,language,צרפתית,2
2026-07-30T18:37:39,61,עיניים,זאוויה בצפון שומרון,language,רוסית,1
2026-07-30T18:37:51,61,עיניים,זיתא ליד באקה אל ע'רביה,gender,גבר,54
2026-07-30T18:37:51,61,עיניים,זיתא ליד באקה אל ע'רביה,gender,אישה,14
2026-07-30T18:37:51,61,עיניים,זיתא ליד באקה אל ע'רביה,visit_type,ביקור במרפאה,70
2026-07-30T18:37:51,61,עיניים,זיתא ליד באקה אל ע'רביה,visit_type,שיחת טלפון,1
2026-07-30T18:37:51,61,עיניים,זיתא ליד באקה אל ע'רביה,language,אידיש,2
2026-07-30T18:37:51,61,עיניים,זיתא ליד באקה אל ע'רביה,language,איטלקית,1
2026-07-30T18:37:51,61,עיניים,זיתא ליד באקה אל ע'רביה,language,אנגלית,10
2026-07-30T18:37:51,61,עיניים,זיתא ליד באקה אל ע'רביה,language,ספרדית,3
2026-07-30T18:37:51,61,עיניים,זיתא ליד באקה אל ע'רביה,language,עברית,13
2026-07-30T18:37:51,61,עיניים,זיתא ליד באקה אל ע'רביה,language,ערבית,2
2026-07-30T18:37:51,61,עיניים,זיתא ליד באקה אל ע'רביה,language,צרפתית,2
2026-07-30T18:37:51,61,עיניים,זיתא ליד באקה אל ע'רביה,language,רוסית,1
2026-07-30T18:38:03,61,עיניים,זרחיה,gender,גבר,14
2026-07-30T18:38:03,61,עיניים,זרחיה,gender,אישה,16
2026-07-30T18:38:03,61,עיניים,זרחיה,visit_type,ביקור במרפאה,36
2026-07-30T18:38:03,61,עיניים,זרחיה,language,אנגלית,9
2026-07-30T18:38:03,61,עיניים,זרחיה,language,הונגרית,1
2026-07-30T18:38:03,61,עיניים,זרחיה,language,עברית,9
2026-07-30T18:38:03,61,עיניים,זרחיה,language,ערבית,2
2026-07-30T18:38:03,61,עיניים,זרחיה,language,רומנית,3
2026-07-30T18:38:03,61,עיניים,זרחיה,language,רוסית,5
2026-07-30T18:38:13,61,עיניים,חגי,gender,גבר,56
2026-07-30T18:38:13,61,עיניים,חגי,gender,אישה,13
2026-07-30T18:38:13,61,עיניים,חגי,visit_type,ביקור במרפאה,71
2026-07-30T18:38:13,61,עיניים,חגי,visit_type,שיחת טלפון,1
2026-07-30T18:38:13,61,עיניים,חגי,language,איטלקית,2
2026-07-30T18:38:13,61,עיניים,חגי,language,אנגלית,3
2026-07-30T18:38:13,61,עיניים,חגי,language,ספרדית,1
2026-07-30T18:38:13,61,עיניים,חגי,language,עברית,6
2026-07-30T18:38:13,61,עיניים,חגי,language,צרפתית,1
2026-07-30T18:38:13,61,עיניים,חגי,language,רומנית,1
2026-07-30T18:38:13,61,עיניים,חגי,language,רוסית,5
2026-07-30T18:38:26,61,עיניים,חוסאן,gender,אישה,13
2026-07-30T18:38:26,61,עיניים,חוסאן,gender,גבר,17
2026-07-30T18:38:26,61,עיניים,חוסאן,visit_type,ביקור במרפאה,30
2026-07-30T18:38:26,61,עיניים,חוסאן,language,אנגלית,4
2026-07-30T18:38:26,61,עיניים,חוסאן,language,עברית,6
2026-07-30T18:38:26,61,עיניים,חוסאן,language,ערבית,6
2026-07-30T18:38:26,61,עיניים,חוסאן,language,צרפתית,1
2026-07-30T18:38:26,61,עיניים,חוסאן,language,רומנית,1
2026-07-30T18:38:34,61,עיניים,חלוץ,gender,גבר,79
2026-07-30T18:38:34,61,עיניים,חלוץ,gender,אישה,33
2026-07-30T18:38:34,61,עיניים,חלוץ,visit_type,ביקור במרפאה,117
2026-07-30T18:38:34,61,עיניים,חלוץ,visit_type,שיחת טלפון,2
2026-07-30T18:38:34,61,עיניים,חלוץ,language,אוקראינית,1
2026-07-30T18:38:34,61,עיניים,חלוץ,language,אידיש,3
2026-07-30T18:38:34,61,עיניים,חלוץ,language,איטלקית,2
2026-07-30T18:38:34,61,עיניים,חלוץ,language,אנגלית,77
2026-07-30T18:38:34,61,עיניים,חלוץ,language,בולגרית,8
2026-07-30T18:38:34,61,עיניים,חלוץ,language,גרמנית,3
2026-07-30T18:38:34,61,עיניים,חלוץ,language,הונגרית,1
2026-07-30T18:38:34,61,עיניים,חלוץ,language,ספרדית,1
2026-07-30T18:38:34,61,עיניים,חלוץ,language,עברית,110
2026-07-30T18:38:34,61,עיניים,חלוץ,language,ערבית,61
2026-07-30T18:38:34,61,עיניים,חלוץ,language,פולנית,1
2026-07-30T18:38:34,61,עיניים,חלוץ,language,פרסית,1
2026-07-30T18:38:34,61,עיניים,חלוץ,language,צרפתית,2
2026-07-30T18:38:34,61,עיניים,חלוץ,language,רומנית,15
2026-07-30T18:38:34,61,עיניים,חלוץ,language,רוסית,27
2026-07-30T18:38:53,61,עיניים,חנתון,gender,גבר,62
2026-07-30T18:38:53,61,עיניים,חנתון,gender,אישה,12
2026-07-30T18:38:53,61,עיניים,חנתון,visit_type,ביקור במרפאה,79
2026-07-30T18:38:53,61,עיניים,חנתון,language,אנגלית,19
2026-07-30T18:38:53,61,עיניים,חנתון,language,עברית,27
2026-07-30T18:38:53,61,עיניים,חנתון,language,ערבית,17
2026-07-30T18:38:53,61,עיניים,חנתון,language,רוסית,4
2026-07-30T18:39:06,61,עיניים,חרוצים,gender,גבר,80
2026-07-30T18:39:06,61,עיניים,חרוצים,gender,אישה,24
2026-07-30T18:39:06,61,עיניים,חרוצים,visit_type,ביקור במרפאה,110
2026-07-30T18:39:06,61,עיניים,חרוצים,visit_type,שיחת טלפון,1
2026-07-30T18:39:06,61,עיניים,חרוצים,language,אידיש,2
2026-07-30T18:39:06,61,עיניים,חרוצים,language,איטלקית,1
2026-07-30T18:39:06,61,עיניים,חרוצים,language,אנגלית,24
2026-07-30T18:39:06,61,עיניים,חרוצים,language,גרוזינית,1
2026-07-30T18:39:06,61,עיניים,חרוצים,language,גרמנית,1
2026-07-30T18:39:06,61,עיניים,חרוצים,language,ספרדית,3
2026-07-30T18:39:06,61,עיניים,חרוצים,language,עברית,46
2026-07-30T18:39:06,61,עיניים,חרוצים,language,ערבית,5
2026-07-30T18:39:06,61,עיניים,חרוצים,language,צרפתית,5
2026-07-30T18:39:06,61,עיניים,חרוצים,language,רומנית,2
2026-07-30T18:39:06,61,עיניים,חרוצים,language,רוסית,9
2026-07-30T18:39:25,61,עיניים,טורה על ע'רביה,gender,גבר,54
2026-07-30T18:39:25,61,עיניים,טורה על ע'רביה,gender,אישה,14
2026-07-30T18:39:25,61,עיניים,טורה על ע'רביה,visit_type,ביקור במרפאה,70
2026-07-30T18:39:25,61,עיניים,טורה על ע'רביה,visit_type,שיחת טלפון,1
2026-07-30T18:39:25,61,עיניים,טורה על ע'רביה,language,אידיש,2
2026-07-30T18:39:25,61,עיניים,טורה על ע'רביה,language,איטלקית,1
2026-07-30T18:39:25,61,עיניים,טורה על ע'רביה,language,אנגלית,10
2026-07-30T18:39:25,61,עיניים,טורה על ע'רביה,language,ספרדית,3
2026-07-30T18:39:25,61,עיניים,טורה על ע'רביה,language,עברית,13
2026-07-30T18:39:25,61,עיניים,טורה על ע'רביה,language,ערבית,2
2026-07-30T18:39:25,61,עיניים,טורה על ע'רביה,language,צרפתית,2
2026-07-30T18:39:25,61,עיניים,טורה על ע'רביה,language,רוסית,1
2026-07-30T18:39:37,61,עיניים,טל שחר,gender,אישה,15
2026-07-30T18:39:37,61,עיניים,טל שחר,gender,גבר,22
2026-07-30T18:39:37,61,עיניים,טל שחר,visit_type,ביקור במרפאה,41
2026-07-30T18:39:37,61,עיניים,טל שחר,language,אנגלית,6
2026-07-30T18:39:37,61,עיניים,טל שחר,language,הונגרית,1
2026-07-30T18:39:37,61,עיניים,טל שחר,language,עברית,6
2026-07-30T18:39:37,61,עיניים,טל שחר,language,ערבית,1
2026-07-30T18:39:37,61,עיניים,טל שחר,language,צרפתית,1
2026-07-30T18:39:37,61,עיניים,טל שחר,language,רומנית,1
2026-07-30T18:39:37,61,עיניים,טל שחר,language,רוסית,1
2026-07-30T18:39:45,61,עיניים,יאנוח ג'ת,gender,גבר,47
2026-07-30T18:39:45,61,עיניים,יאנוח ג'ת,gender,אישה,6
2026-07-30T18:39:45,61,עיניים,יאנוח ג'ת,visit_type,ביקור במרפאה,54
2026-07-30T18:39:45,61,עיניים,יאנוח ג'ת,visit_type,שיחת טלפון,1
2026-07-30T18:39:45,61,עיניים,יאנוח ג'ת,language,אנגלית,37
2026-07-30T18:39:45,61,עיניים,יאנוח ג'ת,language,בולגרית,7
2026-07-30T18:39:45,61,עיניים,יאנוח ג'ת,language,גרמנית,1
2026-07-30T18:39:45,61,עיניים,יאנוח ג'ת,language,עברית,52
2026-07-30T18:39:45,61,עיניים,יאנוח ג'ת,language,ערבית,41
2026-07-30T18:39:45,61,עיניים,יאנוח ג'ת,language,רומנית,14
2026-07-30T18:39:45,61,עיניים,יאנוח ג'ת,language,רוסית,8
2026-07-30T18:39:54,61,עיניים,יגל,gender,אישה,15
2026-07-30T18:39:54,61,עיניים,יגל,gender,גבר,22
2026-07-30T18:39:54,61,עיניים,יגל,visit_type,ביקור במרפאה,41
2026-07-30T18:39:54,61,עיניים,יגל,language,אנגלית,6
2026-07-30T18:39:54,61,עיניים,יגל,language,הונגרית,1
2026-07-30T18:39:54,61,עיניים,יגל,language,עברית,6
2026-07-30T18:39:54,61,עיניים,יגל,language,ערבית,1
2026-07-30T18:39:54,61,עיניים,יגל,language,צרפתית,1
2026-07-30T18:39:54,61,עיניים,יגל,language,רומנית,1
2026-07-30T18:39:54,61,עיניים,יגל,language,רוסית,1
2026-07-30T18:40:01,61,עיניים,יובל,gender,גבר,62
2026-07-30T18:40:01,61,עיניים,יובל,gender,אישה,12
2026-07-30T18:40:01,61,עיניים,יובל,visit_type,ביקור במרפאה,79
2026-07-30T18:40:01,61,עיניים,יובל,language,אנגלית,19
2026-07-30T18:40:01,61,עיניים,יובל,language,עברית,27
2026-07-30T18:40:01,61,עיניים,יובל,language,ערבית,17
2026-07-30T18:40:01,61,עיניים,יובל,language,רוסית,4
2026-07-30T18:40:16,61,עיניים,יכיני,gender,גבר,36
2026-07-30T18:40:16,61,עיניים,יכיני,gender,אישה,13
2026-07-30T18:40:16,61,עיניים,יכיני,visit_type,ביקור במרפאה,51
2026-07-30T18:40:16,61,עיניים,יכיני,visit_type,שיחת טלפון,1
2026-07-30T18:40:16,61,עיניים,יכיני,language,איטלקית,2
2026-07-30T18:40:16,61,עיניים,יכיני,language,אנגלית,3
2026-07-30T18:40:16,61,עיניים,יכיני,language,ספרדית,1
2026-07-30T18:40:16,61,עיניים,יכיני,language,עברית,5
2026-07-30T18:40:16,61,עיניים,יכיני,language,צרפתית,1
2026-07-30T18:40:16,61,עיניים,יכיני,language,רומנית,1
2026-07-30T18:40:16,61,עיניים,יכיני,language,רוסית,4
2026-07-30T18:40:27,61,עיניים,יערה,gender,גבר,47
2026-07-30T18:40:27,61,עיניים,יערה,gender,אישה,6
2026-07-30T18:40:27,61,עיניים,יערה,visit_type,ביקור במרפאה,54
2026-07-30T18:40:27,61,עיניים,יערה,visit_type,שיחת טלפון,1
2026-07-30T18:40:27,61,עיניים,יערה,language,אנגלית,37
2026-07-30T18:40:27,61,עיניים,יערה,language,בולגרית,7
2026-07-30T18:40:27,61,עיניים,יערה,language,גרמנית,1
2026-07-30T18:40:27,61,עיניים,יערה,language,עברית,52
2026-07-30T18:40:27,61,עיניים,יערה,language,ערבית,41
2026-07-30T18:40:27,61,עיניים,יערה,language,רומנית,14
2026-07-30T18:40:27,61,עיניים,יערה,language,רוסית,8
2026-07-30T18:40:38,61,עיניים,יקנעם עילית,gender,גבר,78
2026-07-30T18:40:38,61,עיניים,יקנעם עילית,gender,אישה,38
2026-07-30T18:40:38,61,עיניים,יקנעם עילית,visit_type,ביקור במרפאה,122
2026-07-30T18:40:38,61,עיניים,יקנעם עילית,visit_type,שיחת טלפון,2
2026-07-30T18:40:38,61,עיניים,יקנעם עילית,language,אוקראינית,1
2026-07-30T18:40:38,61,עיניים,יקנעם עילית,language,אידיש,4
2026-07-30T18:40:38,61,עיניים,יקנעם עילית,language,איטלקית,2
2026-07-30T18:40:38,61,עיניים,יקנעם עילית,language,אנגלית,47
2026-07-30T18:40:38,61,עיניים,יקנעם עילית,language,בולגרית,1
2026-07-30T18:40:38,61,עיניים,יקנעם עילית,language,גרמנית,2
2026-07-30T18:40:38,61,עיניים,יקנעם עילית,language,הונגרית,1
2026-07-30T18:40:38,61,עיניים,יקנעם עילית,language,ספרדית,2
2026-07-30T18:40:38,61,עיניים,יקנעם עילית,language,עברית,69
2026-07-30T18:40:38,61,עיניים,יקנעם עילית,language,ערבית,24
2026-07-30T18:40:38,61,עיניים,יקנעם עילית,language,פולנית,1
2026-07-30T18:40:38,61,עיניים,יקנעם עילית,language,פרסית,1
2026-07-30T18:40:38,61,עיניים,יקנעם עילית,language,צרפתית,3
2026-07-30T18:40:38,61,עיניים,יקנעם עילית,language,רומנית,1
2026-07-30T18:40:38,61,עיניים,יקנעם עילית,language,רוסית,21
2026-07-30T18:40:57,61,עיניים,ישעי,gender,אישה,13
2026-07-30T18:40:57,61,עיניים,ישעי,gender,גבר,17
2026-07-30T18:40:57,61,עיניים,ישעי,visit_type,ביקור במרפאה,30
2026-07-30T18:40:57,61,עיניים,ישעי,language,אנגלית,4
2026-07-30T18:40:57,61,עיניים,ישעי,language,עברית,6
2026-07-30T18:40:57,61,עיניים,ישעי,language,ערבית,6
2026-07-30T18:40:57,61,עיניים,ישעי,language,צרפתית,1
2026-07-30T18:40:57,61,עיניים,ישעי,language,רומנית,1
2026-07-30T18:41:06,61,עיניים,כוחלה,gender,גבר,44
2026-07-30T18:41:06,61,עיניים,כוחלה,gender,אישה,6
2026-07-30T18:41:06,61,עיניים,כוחלה,visit_type,ביקור במרפאה,51
2026-07-30T18:41:06,61,עיניים,כוחלה,visit_type,שיחת טלפון,1
2026-07-30T18:41:06,61,עיניים,כוחלה,language,איטלקית,1
2026-07-30T18:41:06,61,עיניים,כוחלה,language,אנגלית,2
2026-07-30T18:41:06,61,עיניים,כוחלה,language,עברית,5
2026-07-30T18:41:06,61,עיניים,כוחלה,language,רוסית,5
2026-07-30T18:41:17,61,עיניים,כינרת מושבה,gender,גבר,62
2026-07-30T18:41:17,61,עיניים,כינרת מושבה,gender,אישה,12
2026-07-30T18:41:17,61,עיניים,כינרת מושבה,visit_type,ביקור במרפאה,79
2026-07-30T18:41:17,61,עיניים,כינרת מושבה,language,אנגלית,19
2026-07-30T18:41:17,61,עיניים,כינרת מושבה,language,עברית,27
2026-07-30T18:41:17,61,עיניים,כינרת מושבה,language,ערבית,17
2026-07-30T18:41:17,61,עיניים,כינרת מושבה,language,רוסית,4
2026-07-30T18:41:32,61,עיניים,כמהין,gender,גבר,44
2026-07-30T18:41:32,61,עיניים,כמהין,gender,אישה,6
2026-07-30T18:41:32,61,עיניים,כמהין,visit_type,ביקור במרפאה,51
2026-07-30T18:41:32,61,עיניים,כמהין,visit_type,שיחת טלפון,1
2026-07-30T18:41:32,61,עיניים,כמהין,language,איטלקית,1
2026-07-30T18:41:32,61,עיניים,כמהין,language,אנגלית,2
2026-07-30T18:41:32,61,עיניים,כמהין,language,עברית,5
2026-07-30T18:41:32,61,עיניים,כמהין,language,רוסית,5
2026-07-30T18:41:42,61,עיניים,כפר אדומים,gender,אישה,13
2026-07-30T18:41:42,61,עיניים,כפר אדומים,gender,גבר,17
2026-07-30T18:41:42,61,עיניים,כפר אדומים,visit_type,ביקור במרפאה,30
2026-07-30T18:41:42,61,עיניים,כפר אדומים,language,אנגלית,4
2026-07-30T18:41:42,61,עיניים,כפר אדומים,language,עברית,6
2026-07-30T18:41:42,61,עיניים,כפר אדומים,language,ערבית,6
2026-07-30T18:41:42,61,עיניים,כפר אדומים,language,צרפתית,1
2026-07-30T18:41:42,61,עיניים,כפר אדומים,language,רומנית,1
2026-07-30T18:41:50,61,עיניים,כרם בן זמרה,gender,גבר,62
2026-07-30T18:41:50,61,עיניים,כרם בן זמרה,gender,אישה,12
2026-07-30T18:41:50,61,עיניים,כרם בן זמרה,visit_type,ביקור במרפאה,79
2026-07-30T18:41:50,61,עיניים,כרם בן זמרה,language,אנגלית,19
2026-07-30T18:41:50,61,עיניים,כרם בן זמרה,language,עברית,27
2026-07-30T18:41:50,61,עיניים,כרם בן זמרה,language,ערבית,17
2026-07-30T18:41:50,61,עיניים,כרם בן זמרה,language,רוסית,4
2026-07-30T18:42:03,61,עיניים,לביא,gender,גבר,62
2026-07-30T18:42:03,61,עיניים,לביא,gender,אישה,12
2026-07-30T18:42:03,61,עיניים,לביא,visit_type,ביקור במרפאה,79
2026-07-30T18:42:03,61,עיניים,לביא,language,אנגלית,19
2026-07-30T18:42:03,61,עיניים,לביא,language,עברית,27
2026-07-30T18:42:03,61,עיניים,לביא,language,ערבית,17
2026-07-30T18:42:03,61,עיניים,לביא,language,רוסית,4
2026-07-30T18:42:17,61,עיניים,לוטם,gender,גבר,56
2026-07-30T18:42:17,61,עיניים,לוטם,gender,אישה,17
2026-07-30T18:42:17,61,עיניים,לוטם,visit_type,ביקור במרפאה,77
2026-07-30T18:42:17,61,עיניים,לוטם,visit_type,שיחת טלפון,1
2026-07-30T18:42:17,61,עיניים,לוטם,language,אוקראינית,1
2026-07-30T18:42:17,61,עיניים,לוטם,language,אידיש,1
2026-07-30T18:42:17,61,עיניים,לוטם,language,אנגלית,47
2026-07-30T18:42:17,61,עיניים,לוטם,language,בולגרית,7
2026-07-30T18:42:17,61,עיניים,לוטם,language,גרמנית,1
2026-07-30T18:42:17,61,עיניים,לוטם,language,עברית,71
2026-07-30T18:42:17,61,עיניים,לוטם,language,ערבית,48
2026-07-30T18:42:17,61,עיניים,לוטם,language,צרפתית,1
2026-07-30T18:42:17,61,עיניים,לוטם,language,רומנית,14
2026-07-30T18:42:17,61,עיניים,לוטם,language,רוסית,18
2026-07-30T18:42:30,61,עיניים,מבוא דותן,gender,גבר,78
2026-07-30T18:42:30,61,עיניים,מבוא דותן,gender,אישה,23
2026-07-30T18:42:30,61,עיניים,מבוא דותן,visit_type,ביקור במרפאה,105
2026-07-30T18:42:30,61,עיניים,מבוא דותן,visit_type,שיחת טלפון,1
2026-07-30T18:42:30,61,עיניים,מבוא דותן,language,אידיש,2
2026-07-30T18:42:30,61,עיניים,מבוא דותן,language,איטלקית,2
2026-07-30T18:42:30,61,עיניים,מבוא דותן,language,אנגלית,21
2026-07-30T18:42:30,61,עיניים,מבוא דותן,language,גרמנית,1
2026-07-30T18:42:30,61,עיניים,מבוא דותן,language,ספרדית,3
2026-07-30T18:42:30,61,עיניים,מבוא דותן,language,עברית,29
2026-07-30T18:42:30,61,עיניים,מבוא דותן,language,ערבית,10
2026-07-30T18:42:30,61,עיניים,מבוא דותן,language,פולנית,1
2026-07-30T18:42:30,61,עיניים,מבוא דותן,language,פרסית,1
2026-07-30T18:42:30,61,עיניים,מבוא דותן,language,צרפתית,2
2026-07-30T18:42:30,61,עיניים,מבוא דותן,language,רומנית,1
2026-07-30T18:42:30,61,עיניים,מבוא דותן,language,רוסית,4
2026-07-30T18:42:48,61,עיניים,מג'ד אל כרום,gender,גבר,56
2026-07-30T18:42:48,61,עיניים,מג'ד אל כרום,gender,אישה,17
2026-07-30T18:42:48,61,עיניים,מג'ד אל כרום,visit_type,ביקור במרפאה,77
2026-07-30T18:42:48,61,עיניים,מג'ד אל כרום,visit_type,שיחת טלפון,1
2026-07-30T18:42:48,61,עיניים,מג'ד אל כרום,language,אוקראינית,1
2026-07-30T18:42:48,61,עיניים,מג'ד אל כרום,language,אידיש,1
2026-07-30T18:42:48,61,עיניים,מג'ד אל כרום,language,אנגלית,47
2026-07-30T18:42:48,61,עיניים,מג'ד אל כרום,language,בולגרית,7
2026-07-30T18:42:48,61,עיניים,מג'ד אל כרום,language,גרמנית,1
2026-07-30T18:42:48,61,עיניים,מג'ד אל כרום,language,עברית,71
2026-07-30T18:42:48,61,עיניים,מג'ד אל כרום,language,ערבית,48
2026-07-30T18:42:48,61,עיניים,מג'ד אל כרום,language,צרפתית,1
2026-07-30T18:42:48,61,עיניים,מג'ד אל כרום,language,רומנית,14
2026-07-30T18:42:48,61,עיניים,מג'ד אל כרום,language,רוסית,18
2026-07-30T18:43:03,61,עיניים,מדרך עוז,gender,גבר,78
2026-07-30T18:43:03,61,עיניים,מדרך עוז,gender,אישה,38
2026-07-30T18:43:03,61,עיניים,מדרך עוז,visit_type,ביקור במרפאה,122
2026-07-30T18:43:03,61,עיניים,מדרך עוז,visit_type,שיחת טלפון,2
2026-07-30T18:43:03,61,עיניים,מדרך עוז,language,אוקראינית,1
2026-07-30T18:43:03,61,עיניים,מדרך עוז,language,אידיש,4
2026-07-30T18:43:03,61,עיניים,מדרך עוז,language,איטלקית,2
2026-07-30T18:43:03,61,עיניים,מדרך עוז,language,אנגלית,47
2026-07-30T18:43:03,61,עיניים,מדרך עוז,language,בולגרית,1
2026-07-30T18:43:03,61,עיניים,מדרך עוז,language,גרמנית,2
2026-07-30T18:43:03,61,עיניים,מדרך עוז,language,הונגרית,1
2026-07-30T18:43:03,61,עיניים,מדרך עוז,language,ספרדית,2
2026-07-30T18:43:03,61,עיניים,מדרך עוז,language,עברית,69
2026-07-30T18:43:03,61,עיניים,מדרך עוז,language,ערבית,24
2026-07-30T18:43:03,61,עיניים,מדרך עוז,language,פולנית,1
2026-07-30T18:43:03,61,עיניים,מדרך עוז,language,פרסית,1
2026-07-30T18:43:03,61,עיניים,מדרך עוז,language,צרפתית,3
2026-07-30T18:43:03,61,עיניים,מדרך עוז,language,רומנית,1
2026-07-30T18:43:03,61,עיניים,מדרך עוז,language,רוסית,21
2026-07-30T18:43:25,61,עיניים,מוקייבלה,gender,גבר,104
2026-07-30T18:43:25,61,עיניים,מוקייבלה,gender,אישה,16
2026-07-30T18:43:25,61,עיניים,מוקייבלה,visit_type,ביקור במרפאה,125
2026-07-30T18:43:25,61,עיניים,מוקייבלה,visit_type,שיחת טלפון,1
2026-07-30T18:43:25,61,עיניים,מוקייבלה,language,אידיש,1
2026-07-30T18:43:25,61,עיניים,מוקייבלה,language,איטלקית,1
2026-07-30T18:43:25,61,עיניים,מוקייבלה,language,אנגלית,31
2026-07-30T18:43:25,61,עיניים,מוקייבלה,language,גרמנית,1
2026-07-30T18:43:25,61,עיניים,מוקייבלה,language,ספרדית,1
2026-07-30T18:43:25,61,עיניים,מוקייבלה,language,עברית,44
2026-07-30T18:43:25,61,עיניים,מוקייבלה,language,ערבית,25
2026-07-30T18:43:25,61,עיניים,מוקייבלה,language,פולנית,1
2026-07-30T18:43:25,61,עיניים,מוקייבלה,language,פרסית,1
2026-07-30T18:43:25,61,עיניים,מוקייבלה,language,צרפתית,1
2026-07-30T18:43:25,61,עיניים,מוקייבלה,language,רומנית,1
2026-07-30T18:43:25,61,עיניים,מוקייבלה,language,רוסית,5
2026-07-30T18:43:44,61,עיניים,מחניים,gender,גבר,62
2026-07-30T18:43:44,61,עיניים,מחניים,gender,אישה,12
2026-07-30T18:43:44,61,עיניים,מחניים,visit_type,ביקור במרפאה,79
2026-07-30T18:43:44,61,עיניים,מחניים,language,אנגלית,19
2026-07-30T18:43:44,61,עיניים,מחניים,language,עברית,27
2026-07-30T18:43:44,61,עיניים,מחניים,language,ערבית,17
2026-07-30T18:43:44,61,עיניים,מחניים,language,רוסית,4
2026-07-30T18:43:57,61,עיניים,מירון,gender,גבר,62
2026-07-30T18:43:57,61,עיניים,מירון,gender,אישה,12
2026-07-30T18:43:57,61,עיניים,מירון,visit_type,ביקור במרפאה,79
2026-07-30T18:43:57,61,עיניים,מירון,language,אנגלית,19
2026-07-30T18:43:57,61,עיניים,מירון,language,עברית,27
2026-07-30T18:43:57,61,עיניים,מירון,language,ערבית,17
2026-07-30T18:43:57,61,עיניים,מירון,language,רוסית,4
2026-07-30T18:44:10,61,עיניים,מלכיה,gender,גבר,62
2026-07-30T18:44:10,61,עיניים,מלכיה,gender,אישה,12
2026-07-30T18:44:10,61,עיניים,מלכיה,visit_type,ביקור במרפאה,79
2026-07-30T18:44:10,61,עיניים,מלכיה,language,אנגלית,19
2026-07-30T18:44:10,61,עיניים,מלכיה,language,עברית,27
2026-07-30T18:44:10,61,עיניים,מלכיה,language,ערבית,17
2026-07-30T18:44:10,61,עיניים,מלכיה,language,רוסית,4
2026-07-30T18:44:23,61,עיניים,מסחה,gender,גבר,38
2026-07-30T18:44:23,61,עיניים,מסחה,gender,אישה,15
2026-07-30T18:44:23,61,עיניים,מסחה,visit_type,ביקור במרפאה,58
2026-07-30T18:44:23,61,עיניים,מסחה,language,אידיש,1
2026-07-30T18:44:23,61,עיניים,מסחה,language,איטלקית,1
2026-07-30T18:44:23,61,עיניים,מסחה,language,אנגלית,26
2026-07-30T18:44:23,61,עיניים,מסחה,language,גרוזינית,2
2026-07-30T18:44:23,61,עיניים,מסחה,language,ספרדית,1
2026-07-30T18:44:23,61,עיניים,מסחה,language,עברית,53
2026-07-30T18:44:23,61,עיניים,מסחה,language,ערבית,5
2026-07-30T18:44:23,61,עיניים,מסחה,language,פולנית,1
2026-07-30T18:44:23,61,עיניים,מסחה,language,צרפתית,1
2026-07-30T18:44:23,61,עיניים,מסחה,language,רומנית,2
2026-07-30T18:44:23,61,עיניים,מסחה,language,רוסית,13
2026-07-30T18:44:35,61,עיניים,מעגן מיכאל,gender,גבר,78
2026-07-30T18:44:35,61,עיניים,מעגן מיכאל,gender,אישה,23
2026-07-30T18:44:35,61,עיניים,מעגן מיכאל,visit_type,ביקור במרפאה,105
2026-07-30T18:44:35,61,עיניים,מעגן מיכאל,visit_type,שיחת טלפון,1
2026-07-30T18:44:35,61,עיניים,מעגן מיכאל,language,אידיש,2
2026-07-30T18:44:35,61,עיניים,מעגן מיכאל,language,איטלקית,2
2026-07-30T18:44:35,61,עיניים,מעגן מיכאל,language,אנגלית,21
2026-07-30T18:44:35,61,עיניים,מעגן מיכאל,language,גרמנית,1
2026-07-30T18:44:35,61,עיניים,מעגן מיכאל,language,ספרדית,3
2026-07-30T18:44:35,61,עיניים,מעגן מיכאל,language,עברית,29
2026-07-30T18:44:35,61,עיניים,מעגן מיכאל,language,ערבית,10
2026-07-30T18:44:35,61,עיניים,מעגן מיכאל,language,פולנית,1
2026-07-30T18:44:35,61,עיניים,מעגן מיכאל,language,פרסית,1
2026-07-30T18:44:35,61,עיניים,מעגן מיכאל,language,צרפתית,2
2026-07-30T18:44:35,61,עיניים,מעגן מיכאל,language,רומנית,1
2026-07-30T18:44:35,61,עיניים,מעגן מיכאל,language,רוסית,4
2026-07-30T18:44:52,61,עיניים,מפעלי ברקן,gender,גבר,38
2026-07-30T18:44:52,61,עיניים,מפעלי ברקן,gender,אישה,15
2026-07-30T18:44:52,61,עיניים,מפעלי ברקן,visit_type,ביקור במרפאה,58
2026-07-30T18:44:52,61,עיניים,מפעלי ברקן,language,אידיש,1
2026-07-30T18:44:52,61,עיניים,מפעלי ברקן,language,איטלקית,1
2026-07-30T18:44:52,61,עיניים,מפעלי ברקן,language,אנגלית,26
2026-07-30T18:44:52,61,עיניים,מפעלי ברקן,language,גרוזינית,2
2026-07-30T18:44:52,61,עיניים,מפעלי ברקן,language,ספרדית,1
2026-07-30T18:44:52,61,עיניים,מפעלי ברקן,language,עברית,53
2026-07-30T18:44:52,61,עיניים,מפעלי ברקן,language,ערבית,5
2026-07-30T18:44:52,61,עיניים,מפעלי ברקן,language,פולנית,1
2026-07-30T18:44:52,61,עיניים,מפעלי ברקן,language,צרפתית,1
2026-07-30T18:44:52,61,עיניים,מפעלי ברקן,language,רומנית,2
2026-07-30T18:44:52,61,עיניים,מפעלי ברקן,language,רוסית,13
2026-07-30T18:45:01,61,עיניים,מצליח,gender,אישה,15
2026-07-30T18:45:01,61,עיניים,מצליח,gender,גבר,22
2026-07-30T18:45:01,61,עיניים,מצליח,visit_type,ביקור במרפאה,41
2026-07-30T18:45:01,61,עיניים,מצליח,language,אנגלית,6
2026-07-30T18:45:01,61,עיניים,מצליח,language,הונגרית,1
2026-07-30T18:45:01,61,עיניים,מצליח,language,עברית,6
2026-07-30T18:45:01,61,עיניים,מצליח,language,ערבית,1
2026-07-30T18:45:01,61,עיניים,מצליח,language,צרפתית,1
2026-07-30T18:45:01,61,עיניים,מצליח,language,רומנית,1
2026-07-30T18:45:01,61,עיניים,מצליח,language,רוסית,1
2026-07-30T18:45:08,61,עיניים,מרדה,gender,גבר,38
2026-07-30T18:45:08,61,עיניים,מרדה,gender,אישה,15
2026-07-30T18:45:08,61,עיניים,מרדה,visit_type,ביקור במרפאה,58
2026-07-30T18:45:08,61,עיניים,מרדה,language,אידיש,1
2026-07-30T18:45:08,61,עיניים,מרדה,language,איטלקית,1
2026-07-30T18:45:08,61,עיניים,מרדה,language,אנגלית,26
2026-07-30T18:45:08,61,עיניים,מרדה,language,גרוזינית,2
2026-07-30T18:45:08,61,עיניים,מרדה,language,ספרדית,1
2026-07-30T18:45:08,61,עיניים,מרדה,language,עברית,53
2026-07-30T18:45:08,61,עיניים,מרדה,language,ערבית,5
2026-07-30T18:45:08,61,עיניים,מרדה,language,פולנית,1
2026-07-30T18:45:08,61,עיניים,מרדה,language,צרפתית,1
2026-07-30T18:45:08,61,עיניים,מרדה,language,רומנית,2
2026-07-30T18:45:08,61,עיניים,מרדה,language,רוסית,13
2026-07-30T18:45:19,61,עיניים,משגב עם,gender,גבר,62
2026-07-30T18:45:19,61,עיניים,משגב עם,gender,אישה,12
2026-07-30T18:45:19,61,עיניים,משגב עם,visit_type,ביקור במרפאה,79
2026-07-30T18:45:19,61,עיניים,משגב עם,language,אנגלית,19
2026-07-30T18:45:19,61,עיניים,משגב עם,language,עברית,27
2026-07-30T18:45:19,61,עיניים,משגב עם,language,ערבית,17
2026-07-30T18:45:19,61,עיניים,משגב עם,language,רוסית,4
2026-07-30T18:45:31,61,עיניים,מתתיהו,gender,גבר,22
2026-07-30T18:45:31,61,עיניים,מתתיהו,gender,אישה,15
2026-07-30T18:45:31,61,עיניים,מתתיהו,visit_type,ביקור במרפאה,41
2026-07-30T18:45:31,61,עיניים,מתתיהו,language,אנגלית,6
2026-07-30T18:45:31,61,עיניים,מתתיהו,language,הונגרית,1
2026-07-30T18:45:31,61,עיניים,מתתיהו,language,עברית,6
2026-07-30T18:45:31,61,עיניים,מתתיהו,language,ערבית,1
2026-07-30T18:45:31,61,עיניים,מתתיהו,language,צרפתית,1
2026-07-30T18:45:31,61,עיניים,מתתיהו,language,רומנית,1
2026-07-30T18:45:31,61,עיניים,מתתיהו,language,רוסית,1
2026-07-30T18:45:41,61,עיניים,נגבה,gender,גבר,36
2026-07-30T18:45:41,61,עיניים,נגבה,gender,אישה,13
2026-07-30T18:45:41,61,עיניים,נגבה,visit_type,ביקור במרפאה,51
2026-07-30T18:45:41,61,עיניים,נגבה,visit_type,שיחת טלפון,1
2026-07-30T18:45:41,61,עיניים,נגבה,language,איטלקית,2
2026-07-30T18:45:41,61,עיניים,נגבה,language,אנגלית,3
2026-07-30T18:45:41,61,עיניים,נגבה,language,ספרדית,1
2026-07-30T18:45:41,61,עיניים,נגבה,language,עברית,5
2026-07-30T18:45:41,61,עיניים,נגבה,language,צרפתית,1
2026-07-30T18:45:41,61,עיניים,נגבה,language,רומנית,1
2026-07-30T18:45:41,61,עיניים,נגבה,language,רוסית,4
2026-07-30T18:45:52,61,עיניים,נווה אטי''ב,gender,גבר,62
2026-07-30T18:45:52,61,עיניים,נווה אטי''ב,gender,אישה,12
2026-07-30T18:45:52,61,עיניים,נווה אטי''ב,visit_type,ביקור במרפאה,79
2026-07-30T18:45:52,61,עיניים,נווה אטי''ב,language,אנגלית,19
2026-07-30T18:45:52,61,עיניים,נווה אטי''ב,language,עברית,27
2026-07-30T18:45:52,61,עיניים,נווה אטי''ב,language,ערבית,17
2026-07-30T18:45:52,61,עיניים,נווה אטי''ב,language,רוסית,4
2026-07-30T18:46:04,61,עיניים,נחושה,gender,אישה,13
2026-07-30T18:46:04,61,עיניים,נחושה,gender,גבר,17
2026-07-30T18:46:04,61,עיניים,נחושה,visit_type,ביקור במרפאה,30
2026-07-30T18:46:04,61,עיניים,נחושה,language,אנגלית,4
2026-07-30T18:46:04,61,עיניים,נחושה,language,עברית,6
2026-07-30T18:46:04,61,עיניים,נחושה,language,ערבית,6
2026-07-30T18:46:04,61,עיניים,נחושה,language,צרפתית,1
2026-07-30T18:46:04,61,עיניים,נחושה,language,רומנית,1
