scraped_at,spec_code,spec_name,search_city,facet_type,facet_value,count
2026-07-30T16:51:12,58,אורתופדיה,אבו ג'ווייעד,gender,גבר,36
2026-07-30T16:51:12,58,אורתופדיה,אבו ג'ווייעד,gender,אישה,2
2026-07-30T16:51:12,58,אורתופדיה,אבו ג'ווייעד,visit_type,ביקור במרפאה,43
2026-07-30T16:51:12,58,אורתופדיה,אבו ג'ווייעד,language,עברית,1
2026-07-30T16:51:12,58,אורתופדיה,אבו ג'ווייעד,language,רוסית,1
2026-07-30T16:51:22,58,אורתופדיה,אדורה,gender,גבר,47
2026-07-30T16:51:22,58,אורתופדיה,אדורה,visit_type,ביקור במרפאה,49
2026-07-30T16:51:22,58,אורתופדיה,אדורה,language,אנגלית,7
2026-07-30T16:51:22,58,אורתופדיה,אדורה,language,עברית,12
2026-07-30T16:51:22,58,אורתופדיה,אדורה,language,ערבית,6
2026-07-30T16:51:22,58,אורתופדיה,אדורה,language,צרפתית,1
2026-07-30T16:51:22,58,אורתופדיה,אדורה,language,רוסית,3
2026-07-30T16:51:29,58,אורתופדיה,אולפני נווה אילן,gender,גבר,47
2026-07-30T16:51:29,58,אורתופדיה,אולפני נווה אילן,visit_type,ביקור במרפאה,49
2026-07-30T16:51:29,58,אורתופדיה,אולפני נווה אילן,language,אנגלית,7
2026-07-30T16:51:29,58,אורתופדיה,אולפני נווה אילן,language,עברית,12
2026-07-30T16:51:29,58,אורתופדיה,אולפני נווה אילן,language,ערבית,6
2026-07-30T16:51:29,58,אורתופדיה,אולפני נווה אילן,language,צרפתית,1
2026-07-30T16:51:29,58,אורתופדיה,אולפני נווה אילן,language,רוסית,3
2026-07-30T16:51:37,58,אורתופדיה,אחווה,gender,גבר,32
2026-07-30T16:51:37,58,אורתופדיה,אחווה,gender,אישה,1
2026-07-30T16:51:37,58,אורתופדיה,אחווה,visit_type,ביקור במרפאה,37
2026-07-30T16:51:37,58,אורתופדיה,אחווה,visit_type,שיחת טלפון,1
2026-07-30T16:51:37,58,אורתופדיה,אחווה,visit_type,שיחת וידאו,1
2026-07-30T16:51:37,58,אורתופדיה,אחווה,language,איטלקית,1
2026-07-30T16:51:37,58,אורתופדיה,אחווה,language,אנגלית,3
2026-07-30T16:51:37,58,אורתופדיה,אחווה,language,גרמנית,1
2026-07-30T16:51:37,58,אורתופדיה,אחווה,language,עברית,7
2026-07-30T16:51:37,58,אורתופדיה,אחווה,language,ערבית,1
2026-07-30T16:51:37,58,אורתופדיה,אחווה,language,צרפתית,1
2026-07-30T16:51:37,58,אורתופדיה,אחווה,language,רומנית,1
2026-07-30T16:51:37,58,אורתופדיה,אחווה,language,רוסית,3
2026-07-30T16:51:44,58,אורתופדיה,אידנא,gender,גבר,47
2026-07-30T16:51:44,58,אורתופדיה,אידנא,visit_type,ביקור במרפאה,49
2026-07-30T16:51:44,58,אורתופדיה,אידנא,language,אנגלית,7
2026-07-30T16:51:44,58,אורתופדיה,אידנא,language,עברית,12
2026-07-30T16:51:44,58,אורתופדיה,אידנא,language,ערבית,6
2026-07-30T16:51:44,58,אורתופדיה,אידנא,language,צרפתית,1
2026-07-30T16:51:44,58,אורתופדיה,אידנא,language,רוסית,3
2026-07-30T16:51:52,58,אורתופדיה,אל בירה,gender,גבר,47
2026-07-30T16:51:52,58,אורתופדיה,אל בירה,visit_type,ביקור במרפאה,49
2026-07-30T16:51:52,58,אורתופדיה,אל בירה,language,אנגלית,7
2026-07-30T16:51:52,58,אורתופדיה,אל בירה,language,עברית,12
2026-07-30T16:51:52,58,אורתופדיה,אל בירה,language,ערבית,6
2026-07-30T16:51:52,58,אורתופדיה,אל בירה,language,צרפתית,1
2026-07-30T16:51:52,58,אורתופדיה,אל בירה,language,רוסית,3
2026-07-30T16:52:00,58,אורתופדיה,אמירים,gender,גבר,97
2026-07-30T16:52:00,58,אורתופדיה,אמירים,visit_type,ביקור במרפאה,98
2026-07-30T16:52:00,58,אורתופדיה,אמירים,visit_type,שיחת טלפון,1
2026-07-30T16:52:00,58,אורתופדיה,אמירים,language,איטלקית,1
2026-07-30T16:52:00,58,אורתופדיה,אמירים,language,אנגלית,9
2026-07-30T16:52:00,58,אורתופדיה,אמירים,language,עברית,12
2026-07-30T16:52:00,58,אורתופדיה,אמירים,language,ערבית,5
2026-07-30T16:52:00,58,אורתופדיה,אמירים,language,רוסית,6
2026-07-30T16:52:15,58,אורתופדיה,אפק,gender,גבר,83
2026-07-30T16:52:15,58,אורתופדיה,אפק,visit_type,ביקור במרפאה,84
2026-07-30T16:52:15,58,אורתופדיה,אפק,visit_type,שיחת טלפון,2
2026-07-30T16:52:15,58,אורתופדיה,אפק,language,אידיש,1
2026-07-30T16:52:15,58,אורתופדיה,אפק,language,איטלקית,1
2026-07-30T16:52:15,58,אורתופדיה,אפק,language,אנגלית,59
2026-07-30T16:52:15,58,אורתופדיה,אפק,language,בולגרית,1
2026-07-30T16:52:15,58,אורתופדיה,אפק,language,גרמנית,6
2026-07-30T16:52:15,58,אורתופדיה,אפק,language,הונגרית,1
2026-07-30T16:52:15,58,אורתופדיה,אפק,language,ספרדית,4
2026-07-30T16:52:15,58,אורתופדיה,אפק,language,עברית,81
2026-07-30T16:52:15,58,אורתופדיה,אפק,language,ערבית,53
2026-07-30T16:52:15,58,אורתופדיה,אפק,language,צרפתית,1
2026-07-30T16:52:15,58,אורתופדיה,אפק,language,רומנית,14
2026-07-30T16:52:15,58,אורתופדיה,אפק,language,רוסית,19
2026-07-30T16:52:28,58,אורתופדיה,אשדוד,gender,גבר,32
2026-07-30T16:52:28,58,אורתופדיה,אשדוד,gender,אישה,1
2026-07-30T16:52:28,58,אורתופדיה,אשדוד,visit_type,ביקור במרפאה,37
2026-07-30T16:52:28,58,אורתופדיה,אשדוד,visit_type,שיחת טלפון,1
2026-07-30T16:52:28,58,אורתופדיה,אשדוד,visit_type,שיחת וידאו,1
2026-07-30T16:52:28,58,אורתופדיה,אשדוד,language,איטלקית,1
2026-07-30T16:52:28,58,אורתופדיה,אשדוד,language,אנגלית,3
2026-07-30T16:52:28,58,אורתופדיה,אשדוד,language,גרמנית,1
2026-07-30T16:52:28,58,אורתופדיה,אשדוד,language,עברית,7
2026-07-30T16:52:28,58,אורתופדיה,אשדוד,language,ערבית,1
2026-07-30T16:52:28,58,אורתופדיה,אשדוד,language,צרפתית,1
2026-07-30T16:52:28,58,אורתופדיה,אשדוד,language,רומנית,1
2026-07-30T16:52:28,58,אורתופדיה,אשדוד,language,רוסית,3
2026-07-30T16:52:38,58,אורתופדיה,באקה אל ע'רביה,gender,גבר,125
2026-07-30T16:52:38,58,אורתופדיה,באקה אל ע'רביה,visit_type,ביקור במרפאה,128
2026-07-30T16:52:38,58,אורתופדיה,באקה אל ע'רביה,visit_type,שיחת טלפון,4
2026-07-30T16:52:38,58,אורתופדיה,באקה אל ע'רביה,language,אידיש,1
2026-07-30T16:52:38,58,אורתופדיה,באקה אל ע'רביה,language,איטלקית,1
2026-07-30T16:52:38,58,אורתופדיה,באקה אל ע'רביה,language,אנגלית,15
2026-07-30T16:52:38,58,אורתופדיה,באקה אל ע'רביה,language,גרמנית,1
2026-07-30T16:52:38,58,אורתופדיה,באקה אל ע'רביה,language,עברית,26
2026-07-30T16:52:38,58,אורתופדיה,באקה אל ע'רביה,language,ערבית,18
2026-07-30T16:52:38,58,אורתופדיה,באקה אל ע'רביה,language,רומנית,7
2026-07-30T16:52:38,58,אורתופדיה,באקה אל ע'רביה,language,רוסית,3
2026-07-30T16:52:57,58,אורתופדיה,בועיינה נוג'יידאת,gender,גבר,97
2026-07-30T16:52:57,58,אורתופדיה,בועיינה נוג'יידאת,visit_type,ביקור במרפאה,98
2026-07-30T16:52:57,58,אורתופדיה,בועיינה נוג'יידאת,visit_type,שיחת טלפון,1
2026-07-30T16:52:57,58,אורתופדיה,בועיינה נוג'יידאת,language,איטלקית,1
2026-07-30T16:52:57,58,אורתופדיה,בועיינה נוג'יידאת,language,אנגלית,9
2026-07-30T16:52:57,58,אורתופדיה,בועיינה נוג'יידאת,language,עברית,12
2026-07-30T16:52:57,58,אורתופדיה,בועיינה נוג'יידאת,language,ערבית,5
2026-07-30T16:52:57,58,אורתופדיה,בועיינה נוג'יידאת,language,רוסית,6
2026-07-30T16:53:14,58,אורתופדיה,בטחה,gender,גבר,52
2026-07-30T16:53:14,58,אורתופדיה,בטחה,gender,אישה,3
2026-07-30T16:53:14,58,אורתופדיה,בטחה,visit_type,ביקור במרפאה,63
2026-07-30T16:53:14,58,אורתופדיה,בטחה,language,עברית,1
2026-07-30T16:53:14,58,אורתופדיה,בטחה,language,רוסית,1
2026-07-30T16:53:28,58,אורתופדיה,ביר זית,gender,גבר,47
2026-07-30T16:53:28,58,אורתופדיה,ביר זית,visit_type,ביקור במרפאה,49
2026-07-30T16:53:28,58,אורתופדיה,ביר זית,language,אנגלית,7
2026-07-30T16:53:28,58,אורתופדיה,ביר זית,language,עברית,12
2026-07-30T16:53:28,58,אורתופדיה,ביר זית,language,ערבית,6
2026-07-30T16:53:28,58,אורתופדיה,ביר זית,language,צרפתית,1
2026-07-30T16:53:28,58,אורתופדיה,ביר זית,language,רוסית,3
2026-07-30T16:53:38,58,אורתופדיה,בני נצרים,gender,גבר,41
2026-07-30T16:53:38,58,אורתופדיה,בני נצרים,gender,אישה,2
2026-07-30T16:53:38,58,אורתופדיה,בני נצרים,visit_type,ביקור במרפאה,47
2026-07-30T16:53:38,58,אורתופדיה,בני נצרים,language,עברית,1
2026-07-30T16:53:38,58,אורתופדיה,בני נצרים,language,רוסית,1
2026-07-30T16:53:49,58,אורתופדיה,בר גיורא,gender,גבר,47
2026-07-30T16:53:49,58,אורתופדיה,בר גיורא,visit_type,ביקור במרפאה,49
2026-07-30T16:53:49,58,אורתופדיה,בר גיורא,language,אנגלית,7
2026-07-30T16:53:49,58,אורתופדיה,בר גיורא,language,עברית,12
2026-07-30T16:53:49,58,אורתופדיה,בר גיורא,language,ערבית,6
2026-07-30T16:53:49,58,אורתופדיה,בר גיורא,language,צרפתית,1
2026-07-30T16:53:49,58,אורתופדיה,בר גיורא,language,רוסית,3
2026-07-30T16:53:59,58,אורתופדיה,בת הדר,gender,גבר,41
2026-07-30T16:53:59,58,אורתופדיה,בת הדר,gender,אישה,2
2026-07-30T16:53:59,58,אורתופדיה,בת הדר,visit_type,ביקור במרפאה,47
2026-07-30T16:53:59,58,אורתופדיה,בת הדר,language,עברית,1
2026-07-30T16:53:59,58,אורתופדיה,בת הדר,language,רוסית,1
2026-07-30T16:54:11,58,אורתופדיה,ג'בע,gender,גבר,86
2026-07-30T16:54:11,58,אורתופדיה,ג'בע,visit_type,ביקור במרפאה,89
2026-07-30T16:54:11,58,אורתופדיה,ג'בע,visit_type,שיחת טלפון,3
2026-07-30T16:54:11,58,אורתופדיה,ג'בע,language,אידיש,1
2026-07-30T16:54:11,58,אורתופדיה,ג'בע,language,איטלקית,1
2026-07-30T16:54:11,58,אורתופדיה,ג'בע,language,אנגלית,8
2026-07-30T16:54:11,58,אורתופדיה,ג'בע,language,עברית,15
2026-07-30T16:54:11,58,אורתופדיה,ג'בע,language,ערבית,10
2026-07-30T16:54:11,58,אורתופדיה,ג'בע,language,רומנית,3
2026-07-30T16:54:11,58,אורתופדיה,ג'בע,language,רוסית,2
2026-07-30T16:54:24,58,אורתופדיה,גבעון החדשה,gender,גבר,47
2026-07-30T16:54:24,58,אורתופדיה,גבעון החדשה,visit_type,ביקור במרפאה,49
2026-07-30T16:54:24,58,אורתופדיה,גבעון החדשה,language,אנגלית,7
2026-07-30T16:54:24,58,אורתופדיה,גבעון החדשה,language,עברית,12
2026-07-30T16:54:24,58,אורתופדיה,גבעון החדשה,language,ערבית,6
2026-07-30T16:54:24,58,אורתופדיה,גבעון החדשה,language,צרפתית,1
2026-07-30T16:54:24,58,אורתופדיה,גבעון החדשה,language,רוסית,3
2026-07-30T16:54:32,58,אורתופדיה,גורנות הגליל,gender,גבר,69
2026-07-30T16:54:32,58,אורתופדיה,גורנות הגליל,gender,אישה,2
2026-07-30T16:54:32,58,אורתופדיה,גורנות הגליל,visit_type,ביקור במרפאה,71
2026-07-30T16:54:32,58,אורתופדיה,גורנות הגליל,visit_type,שיחת טלפון,2
2026-07-30T16:54:32,58,אורתופדיה,גורנות הגליל,language,איטלקית,1
2026-07-30T16:54:32,58,אורתופדיה,גורנות הגליל,language,אנגלית,35
2026-07-30T16:54:32,58,אורתופדיה,גורנות הגליל,language,בולגרית,1
2026-07-30T16:54:32,58,אורתופדיה,גורנות הגליל,language,גרמנית,1
2026-07-30T16:54:32,58,אורתופדיה,גורנות הגליל,language,ספרדית,2
2026-07-30T16:54:32,58,אורתופדיה,גורנות הגליל,language,עברית,70
2026-07-30T16:54:32,58,אורתופדיה,גורנות הגליל,language,ערבית,60
2026-07-30T16:54:32,58,אורתופדיה,גורנות הגליל,language,צכית,1
2026-07-30T16:54:32,58,אורתופדיה,גורנות הגליל,language,צרפתית,1
2026-07-30T16:54:32,58,אורתופדיה,גורנות הגליל,language,רומנית,4
2026-07-30T16:54:32,58,אורתופדיה,גורנות הגליל,language,רוסית,15
2026-07-30T16:54:44,58,אורתופדיה,גינתון,gender,גבר,54
2026-07-30T16:54:44,58,אורתופדיה,גינתון,gender,אישה,1
2026-07-30T16:54:44,58,אורתופדיה,גינתון,visit_type,ביקור במרפאה,61
2026-07-30T16:54:44,58,אורתופדיה,גינתון,visit_type,שיחת טלפון,1
2026-07-30T16:54:44,58,אורתופדיה,גינתון,language,איטלקית,2
2026-07-30T16:54:44,58,אורתופדיה,גינתון,language,אנגלית,6
2026-07-30T16:54:44,58,אורתופדיה,גינתון,language,גרמנית,1
2026-07-30T16:54:44,58,אורתופדיה,גינתון,language,עברית,9
2026-07-30T16:54:44,58,אורתופדיה,גינתון,language,צרפתית,2
2026-07-30T16:54:44,58,אורתופדיה,גינתון,language,רוסית,4
2026-07-30T16:54:55,58,אורתופדיה,גני הדר,gender,גבר,64
2026-07-30T16:54:55,58,אורתופדיה,גני הדר,gender,אישה,1
2026-07-30T16:54:55,58,אורתופדיה,גני הדר,visit_type,ביקור במרפאה,73
2026-07-30T16:54:55,58,אורתופדיה,גני הדר,visit_type,שיחת טלפון,2
2026-07-30T16:54:55,58,אורתופדיה,גני הדר,visit_type,שיחת וידאו,1
2026-07-30T16:54:55,58,אורתופדיה,גני הדר,language,איטלקית,3
2026-07-30T16:54:55,58,אורתופדיה,גני הדר,language,אנגלית,7
2026-07-30T16:54:55,58,אורתופדיה,גני הדר,language,גרמנית,1
2026-07-30T16:54:55,58,אורתופדיה,גני הדר,language,עברית,13
2026-07-30T16:54:55,58,אורתופדיה,גני הדר,language,ערבית,1
2026-07-30T16:54:55,58,אורתופדיה,גני הדר,language,צרפתית,3
2026-07-30T16:54:55,58,אורתופדיה,גני הדר,language,רומנית,1
2026-07-30T16:54:55,58,אורתופדיה,גני הדר,language,רוסית,5
2026-07-30T16:55:09,58,אורתופדיה,גשור,gender,גבר,97
2026-07-30T16:55:09,58,אורתופדיה,גשור,visit_type,ביקור במרפאה,98
2026-07-30T16:55:09,58,אורתופדיה,גשור,visit_type,שיחת טלפון,1
2026-07-30T16:55:09,58,אורתופדיה,גשור,language,איטלקית,1
2026-07-30T16:55:09,58,אורתופדיה,גשור,language,אנגלית,9
2026-07-30T16:55:09,58,אורתופדיה,גשור,language,עברית,12
2026-07-30T16:55:09,58,אורתופדיה,גשור,language,ערבית,5
2026-07-30T16:55:09,58,אורתופדיה,גשור,language,רוסית,6
2026-07-30T16:55:24,58,אורתופדיה,דגניה א',gender,גבר,97
2026-07-30T16:55:24,58,אורתופדיה,דגניה א',visit_type,ביקור במרפאה,98
2026-07-30T16:55:24,58,אורתופדיה,דגניה א',visit_type,שיחת טלפון,1
2026-07-30T16:55:24,58,אורתופדיה,דגניה א',language,איטלקית,1
2026-07-30T16:55:24,58,אורתופדיה,דגניה א',language,אנגלית,9
2026-07-30T16:55:24,58,אורתופדיה,דגניה א',language,עברית,12
2026-07-30T16:55:24,58,אורתופדיה,דגניה א',language,ערבית,5
2026-07-30T16:55:24,58,אורתופדיה,דגניה א',language,רוסית,6
2026-07-30T16:55:37,58,אורתופדיה,דורא אל קריע,gender,גבר,47
2026-07-30T16:55:37,58,אורתופדיה,דורא אל קריע,visit_type,ביקור במרפאה,49
2026-07-30T16:55:37,58,אורתופדיה,דורא אל קריע,language,אנגלית,7
2026-07-30T16:55:37,58,אורתופדיה,דורא אל קריע,language,עברית,12
2026-07-30T16:55:37,58,אורתופדיה,דורא אל קריע,language,ערבית,6
2026-07-30T16:55:37,58,אורתופדיה,דורא אל קריע,language,צרפתית,1
2026-07-30T16:55:37,58,אורתופדיה,דורא אל קריע,language,רוסית,3
2026-07-30T16:55:45,58,אורתופדיה,דיר איבזיע,gender,גבר,47
2026-07-30T16:55:45,58,אורתופדיה,דיר איבזיע,visit_type,ביקור במרפאה,49
2026-07-30T16:55:45,58,אורתופדיה,דיר איבזיע,language,אנגלית,7
2026-07-30T16:55:45,58,אורתופדיה,דיר איבזיע,language,עברית,12
2026-07-30T16:55:45,58,אורתופדיה,דיר איבזיע,language,ערבית,6
2026-07-30T16:55:45,58,אורתופדיה,דיר איבזיע,language,צרפתית,1
2026-07-30T16:55:45,58,אורתופדיה,דיר איבזיע,language,רוסית,3
2026-07-30T16:55:55,58,אורתופדיה,האון,gender,גבר,97
2026-07-30T16:55:55,58,אורתופדיה,האון,visit_type,ביקור במרפאה,98
2026-07-30T16:55:55,58,אורתופדיה,האון,visit_type,שיחת טלפון,1
2026-07-30T16:55:55,58,אורתופדיה,האון,language,איטלקית,1
2026-07-30T16:55:55,58,אורתופדיה,האון,language,אנגלית,9
2026-07-30T16:55:55,58,אורתופדיה,האון,language,עברית,12
2026-07-30T16:55:55,58,אורתופדיה,האון,language,ערבית,5
2026-07-30T16:55:55,58,אורתופדיה,האון,language,רוסית,6
2026-07-30T16:56:11,58,אורתופדיה,הושעיה,gender,גבר,97
2026-07-30T16:56:11,58,אורתופדיה,הושעיה,visit_type,ביקור במרפאה,98
2026-07-30T16:56:11,58,אורתופדיה,הושעיה,visit_type,שיחת טלפון,1
2026-07-30T16:56:11,58,אורתופדיה,הושעיה,language,איטלקית,1
2026-07-30T16:56:11,58,אורתופדיה,הושעיה,language,אנגלית,9
2026-07-30T16:56:11,58,אורתופדיה,הושעיה,language,עברית,12
2026-07-30T16:56:11,58,אורתופדיה,הושעיה,language,ערבית,5
2026-07-30T16:56:11,58,אורתופדיה,הושעיה,language,רוסית,6
2026-07-30T16:56:25,58,אורתופדיה,הר אדר,gender,גבר,47
2026-07-30T16:56:25,58,אורתופדיה,הר אדר,visit_type,ביקור במרפאה,49
2026-07-30T16:56:25,58,אורתופדיה,הר אדר,language,אנגלית,7
2026-07-30T16:56:25,58,אורתופדיה,הר אדר,language,עברית,12
2026-07-30T16:56:25,58,אורתופדיה,הר אדר,language,ערבית,6
2026-07-30T16:56:25,58,אורתופדיה,הר אדר,language,צרפתית,1
2026-07-30T16:56:25,58,אורתופדיה,הר אדר,language,רוסית,3
2026-07-30T16:56:33,58,אורתופדיה,זאוויה,gender,גבר,49
2026-07-30T16:56:33,58,אורתופדיה,זאוויה,gender,אישה,1
2026-07-30T16:56:33,58,אורתופדיה,זאוויה,visit_type,ביקור במרפאה,58
2026-07-30T16:56:33,58,אורתופדיה,זאוויה,visit_type,שיחת טלפון,1
2026-07-30T16:56:33,58,אורתופדיה,זאוויה,language,איטלקית,4
2026-07-30T16:56:33,58,אורתופדיה,זאוויה,language,אנגלית,33
2026-07-30T16:56:33,58,אורתופדיה,זאוויה,language,גרמנית,6
2026-07-30T16:56:33,58,אורתופדיה,זאוויה,language,ספרדית,2
2026-07-30T16:56:33,58,אורתופדיה,זאוויה,language,עברית,54
2026-07-30T16:56:33,58,אורתופדיה,זאוויה,language,ערבית,6
2026-07-30T16:56:33,58,אורתופדיה,זאוויה,language,רומנית,5
2026-07-30T16:56:33,58,אורתופדיה,זאוויה,language,רוסית,6
2026-07-30T16:56:44,58,אורתופדיה,זיתא,gender,גבר,86
2026-07-30T16:56:44,58,אורתופדיה,זיתא,visit_type,ביקור במרפאה,89
2026-07-30T16:56:44,58,אורתופדיה,זיתא,visit_type,שיחת טלפון,3
2026-07-30T16:56:44,58,אורתופדיה,זיתא,language,אידיש,1
2026-07-30T16:56:44,58,אורתופדיה,זיתא,language,איטלקית,1
2026-07-30T16:56:44,58,אורתופדיה,זיתא,language,אנגלית,8
2026-07-30T16:56:44,58,אורתופדיה,זיתא,language,עברית,15
2026-07-30T16:56:44,58,אורתופדיה,זיתא,language,ערבית,10
2026-07-30T16:56:44,58,אורתופדיה,זיתא,language,רומנית,3
2026-07-30T16:56:44,58,אורתופדיה,זיתא,language,רוסית,2
2026-07-30T16:56:59,58,אורתופדיה,זרזיר,gender,גבר,145
2026-07-30T16:56:59,58,אורתופדיה,זרזיר,visit_type,ביקור במרפאה,146
2026-07-30T16:56:59,58,אורתופדיה,זרזיר,visit_type,שיחת טלפון,2
2026-07-30T16:56:59,58,אורתופדיה,זרזיר,language,איטלקית,1
2026-07-30T16:56:59,58,אורתופדיה,זרזיר,language,אנגלית,19
2026-07-30T16:56:59,58,אורתופדיה,זרזיר,language,גרמנית,1
2026-07-30T16:56:59,58,אורתופדיה,זרזיר,language,עברית,31
2026-07-30T16:56:59,58,אורתופדיה,זרזיר,language,ערבית,21
2026-07-30T16:56:59,58,אורתופדיה,זרזיר,language,רומנית,7
2026-07-30T16:56:59,58,אורתופדיה,זרזיר,language,רוסית,6
2026-07-30T16:57:19,58,אורתופדיה,חגור,gender,גבר,67
2026-07-30T16:57:19,58,אורתופדיה,חגור,gender,אישה,1
2026-07-30T16:57:19,58,אורתופדיה,חגור,visit_type,ביקור במרפאה,77
2026-07-30T16:57:19,58,אורתופדיה,חגור,visit_type,שיחת טלפון,2
2026-07-30T16:57:19,58,אורתופדיה,חגור,language,אידיש,1
2026-07-30T16:57:19,58,אורתופדיה,חגור,language,איטלקית,5
2026-07-30T16:57:19,58,אורתופדיה,חגור,language,אנגלית,35
2026-07-30T16:57:19,58,אורתופדיה,חגור,language,גרמנית,6
2026-07-30T16:57:19,58,אורתופדיה,חגור,language,ספרדית,2
2026-07-30T16:57:19,58,אורתופדיה,חגור,language,עברית,56
2026-07-30T16:57:19,58,אורתופדיה,חגור,language,ערבית,6
2026-07-30T16:57:19,58,אורתופדיה,חגור,language,רומנית,5
2026-07-30T16:57:19,58,אורתופדיה,חגור,language,רוסית,6
2026-07-30T16:57:33,58,אורתופדיה,חולתה,gender,גבר,97
2026-07-30T16:57:33,58,אורתופדיה,חולתה,visit_type,ביקור במרפאה,98
2026-07-30T16:57:33,58,אורתופדיה,חולתה,visit_type,שיחת טלפון,1
2026-07-30T16:57:33,58,אורתופדיה,חולתה,language,איטלקית,1
2026-07-30T16:57:33,58,אורתופדיה,חולתה,language,אנגלית,9
2026-07-30T16:57:33,58,אורתופדיה,חולתה,language,עברית,12
2026-07-30T16:57:33,58,אורתופדיה,חולתה,language,ערבית,5
2026-07-30T16:57:33,58,אורתופדיה,חולתה,language,רוסית,6
2026-07-30T16:57:48,58,אורתופדיה,חיפה,gender,גבר,44
2026-07-30T16:57:48,58,אורתופדיה,חיפה,visit_type,ביקור במרפאה,45
2026-07-30T16:57:48,58,אורתופדיה,חיפה,language,אידיש,1
2026-07-30T16:57:48,58,אורתופדיה,חיפה,language,אנגלית,36
2026-07-30T16:57:48,58,אורתופדיה,חיפה,language,גרמנית,5
2026-07-30T16:57:48,58,אורתופדיה,חיפה,language,הונגרית,1
2026-07-30T16:57:48,58,אורתופדיה,חיפה,language,ספרדית,2
2026-07-30T16:57:48,58,אורתופדיה,חיפה,language,עברית,43
2026-07-30T16:57:48,58,אורתופדיה,חיפה,language,ערבית,17
2026-07-30T16:57:48,58,אורתופדיה,חיפה,language,צרפתית,1
2026-07-30T16:57:48,58,אורתופדיה,חיפה,language,רומנית,11
2026-07-30T16:57:48,58,אורתופדיה,חיפה,language,רוסית,11
2026-07-30T16:57:56,58,אורתופדיה,חניתה,gender,גבר,69
2026-07-30T16:57:56,58,אורתופדיה,חניתה,gender,אישה,2
2026-07-30T16:57:56,58,אורתופדיה,חניתה,visit_type,ביקור במרפאה,71
2026-07-30T16:57:56,58,אורתופדיה,חניתה,visit_type,שיחת טלפון,2
2026-07-30T16:57:56,58,אורתופדיה,חניתה,language,איטלקית,1
2026-07-30T16:57:56,58,אורתופדיה,חניתה,language,אנגלית,35
2026-07-30T16:57:56,58,אורתופדיה,חניתה,language,בולגרית,1
2026-07-30T16:57:56,58,אורתופדיה,חניתה,language,גרמנית,1
2026-07-30T16:57:56,58,אורתופדיה,חניתה,language,ספרדית,2
2026-07-30T16:57:56,58,אורתופדיה,חניתה,language,עברית,70
2026-07-30T16:57:56,58,אורתופדיה,חניתה,language,ערבית,60
2026-07-30T16:57:56,58,אורתופדיה,חניתה,language,צכית,1
2026-07-30T16:57:56,58,אורתופדיה,חניתה,language,צרפתית,1
2026-07-30T16:57:56,58,אורתופדיה,חניתה,language,רומנית,4
2026-07-30T16:57:56,58,אורתופדיה,חניתה,language,רוסית,15
2026-07-30T16:58:09,58,אורתופדיה,חרב לאת,gender,גבר,125
2026-07-30T16:58:09,58,אורתופדיה,חרב לאת,visit_type,ביקור במרפאה,128
2026-07-30T16:58:09,58,אורתופדיה,חרב לאת,visit_type,שיחת טלפון,4
2026-07-30T16:58:09,58,אורתופדיה,חרב לאת,language,אידיש,1
2026-07-30T16:58:09,58,אורתופדיה,חרב לאת,language,איטלקית,1
2026-07-30T16:58:09,58,אורתופדיה,חרב לאת,language,אנגלית,15
2026-07-30T16:58:09,58,אורתופדיה,חרב לאת,language,גרמנית,1
2026-07-30T16:58:09,58,אורתופדיה,חרב לאת,language,עברית,26
2026-07-30T16:58:09,58,אורתופדיה,חרב לאת,language,ערבית,18
2026-07-30T16:58:09,58,אורתופדיה,חרב לאת,language,רומנית,7
2026-07-30T16:58:09,58,אורתופדיה,חרב לאת,language,רוסית,3
2026-07-30T16:58:29,58,אורתופדיה,טול כרם,gender,גבר,86
2026-07-30T16:58:29,58,אורתופדיה,טול כרם,visit_type,ביקור במרפאה,89
2026-07-30T16:58:29,58,אורתופדיה,טול כרם,visit_type,שיחת טלפון,3
2026-07-30T16:58:29,58,אורתופדיה,טול כרם,language,אידיש,1
2026-07-30T16:58:29,58,אורתופדיה,טול כרם,language,איטלקית,1
2026-07-30T16:58:29,58,אורתופדיה,טול כרם,language,אנגלית,8
2026-07-30T16:58:29,58,אורתופדיה,טול כרם,language,עברית,15
2026-07-30T16:58:29,58,אורתופדיה,טול כרם,language,ערבית,10
2026-07-30T16:58:29,58,אורתופדיה,טול כרם,language,רומנית,3
2026-07-30T16:58:29,58,אורתופדיה,טול כרם,language,רוסית,2
2026-07-30T16:58:44,58,אורתופדיה,טל אל,gender,גבר,113
2026-07-30T16:58:44,58,אורתופדיה,טל אל,gender,אישה,2
2026-07-30T16:58:44,58,אורתופדיה,טל אל,visit_type,ביקור במרפאה,116
2026-07-30T16:58:44,58,אורתופדיה,טל אל,visit_type,שיחת טלפון,2
2026-07-30T16:58:44,58,אורתופדיה,טל אל,language,אידיש,1
2026-07-30T16:58:44,58,אורתופדיה,טל אל,language,איטלקית,1
2026-07-30T16:58:44,58,אורתופדיה,טל אל,language,אנגלית,71
2026-07-30T16:58:44,58,אורתופדיה,טל אל,language,בולגרית,1
2026-07-30T16:58:44,58,אורתופדיה,טל אל,language,גרמנית,6
2026-07-30T16:58:44,58,אורתופדיה,טל אל,language,הונגרית,1
2026-07-30T16:58:44,58,אורתופדיה,טל אל,language,ספרדית,4
2026-07-30T16:58:44,58,אורתופדיה,טל אל,language,עברית,113
2026-07-30T16:58:44,58,אורתופדיה,טל אל,language,ערבית,77
2026-07-30T16:58:44,58,אורתופדיה,טל אל,language,צכית,1
2026-07-30T16:58:44,58,אורתופדיה,טל אל,language,צרפתית,2
2026-07-30T16:58:44,58,אורתופדיה,טל אל,language,רומנית,15
2026-07-30T16:58:44,58,אורתופדיה,טל אל,language,רוסית,26
2026-07-30T16:59:01,58,אורתופדיה,יאמון,gender,גבר,86
2026-07-30T16:59:01,58,אורתופדיה,יאמון,visit_type,ביקור במרפאה,89
2026-07-30T16:59:01,58,אורתופדיה,יאמון,visit_type,שיחת טלפון,3
2026-07-30T16:59:01,58,אורתופדיה,יאמון,language,אידיש,1
2026-07-30T16:59:01,58,אורתופדיה,יאמון,language,איטלקית,1
2026-07-30T16:59:01,58,אורתופדיה,יאמון,language,אנגלית,8
2026-07-30T16:59:01,58,אורתופדיה,יאמון,language,עברית,15
2026-07-30T16:59:01,58,אורתופדיה,יאמון,language,ערבית,10
2026-07-30T16:59:01,58,אורתופדיה,יאמון,language,רומנית,3
2026-07-30T16:59:01,58,אורתופדיה,יאמון,language,רוסית,2
2026-07-30T16:59:16,58,אורתופדיה,יגור,gender,גבר,115
2026-07-30T16:59:16,58,אורתופדיה,יגור,visit_type,ביקור במרפאה,116
2026-07-30T16:59:16,58,אורתופדיה,יגור,visit_type,שיחת טלפון,2
2026-07-30T16:59:16,58,אורתופדיה,יגור,language,אידיש,1
2026-07-30T16:59:16,58,אורתופדיה,יגור,language,אנגלית,41
2026-07-30T16:59:16,58,אורתופדיה,יגור,language,גרמנית,5
2026-07-30T16:59:16,58,אורתופדיה,יגור,language,הונגרית,1
2026-07-30T16:59:16,58,אורתופדיה,יגור,language,ספרדית,2
2026-07-30T16:59:16,58,אורתופדיה,יגור,language,עברית,57
2026-07-30T16:59:16,58,אורתופדיה,יגור,language,ערבית,29
2026-07-30T16:59:16,58,אורתופדיה,יגור,language,צרפתית,1
2026-07-30T16:59:16,58,אורתופדיה,יגור,language,רומנית,14
2026-07-30T16:59:16,58,אורתופדיה,יגור,language,רוסית,12
2026-07-30T16:59:33,58,אורתופדיה,יהל,gender,גבר,4
2026-07-30T16:59:33,58,אורתופדיה,יהל,visit_type,ביקור במרפאה,6
2026-07-30T16:59:33,58,אורתופדיה,יהל,visit_type,שיחת טלפון,2
2026-07-30T16:59:33,58,אורתופדיה,יהל,language,איטלקית,1
2026-07-30T16:59:33,58,אורתופדיה,יהל,language,אנגלית,1
2026-07-30T16:59:33,58,אורתופדיה,יהל,language,עברית,1
2026-07-30T16:59:35,58,אורתופדיה,ייט''ב,gender,גבר,47
2026-07-30T16:59:35,58,אורתופדיה,ייט''ב,visit_type,ביקור במרפאה,49
2026-07-30T16:59:35,58,אורתופדיה,ייט''ב,language,אנגלית,7
2026-07-30T16:59:35,58,אורתופדיה,ייט''ב,language,עברית,12
2026-07-30T16:59:35,58,אורתופדיה,ייט''ב,language,ערבית,6
2026-07-30T16:59:35,58,אורתופדיה,ייט''ב,language,צרפתית,1
2026-07-30T16:59:35,58,אורתופדיה,ייט''ב,language,רוסית,3
2026-07-30T16:59:43,58,אורתופדיה,יעף,gender,גבר,86
2026-07-30T16:59:43,58,אורתופדיה,יעף,visit_type,ביקור במרפאה,89
2026-07-30T16:59:43,58,אורתופדיה,יעף,visit_type,שיחת טלפון,3
2026-07-30T16:59:43,58,אורתופדיה,יעף,language,אידיש,1
2026-07-30T16:59:43,58,אורתופדיה,יעף,language,איטלקית,1
2026-07-30T16:59:43,58,אורתופדיה,יעף,language,אנגלית,8
2026-07-30T16:59:43,58,אורתופדיה,יעף,language,עברית,15
2026-07-30T16:59:43,58,אורתופדיה,יעף,language,ערבית,10
2026-07-30T16:59:43,58,אורתופדיה,יעף,language,רומנית,3
2026-07-30T16:59:43,58,אורתופדיה,יעף,language,רוסית,2
2026-07-30T16:59:59,58,אורתופדיה,יקנעם,gender,גבר,115
2026-07-30T16:59:59,58,אורתופדיה,יקנעם,visit_type,ביקור במרפאה,116
2026-07-30T16:59:59,58,אורתופדיה,יקנעם,visit_type,שיחת טלפון,2
2026-07-30T16:59:59,58,אורתופדיה,יקנעם,language,אידיש,1
2026-07-30T16:59:59,58,אורתופדיה,יקנעם,language,אנגלית,41
2026-07-30T16:59:59,58,אורתופדיה,יקנעם,language,גרמנית,5
2026-07-30T16:59:59,58,אורתופדיה,יקנעם,language,הונגרית,1
2026-07-30T16:59:59,58,אורתופדיה,יקנעם,language,ספרדית,2
2026-07-30T16:59:59,58,אורתופדיה,יקנעם,language,עברית,57
2026-07-30T16:59:59,58,אורתופדיה,יקנעם,language,ערבית,29
2026-07-30T16:59:59,58,אורתופדיה,יקנעם,language,צרפתית,1
2026-07-30T16:59:59,58,אורתופדיה,יקנעם,language,רומנית,14
2026-07-30T16:59:59,58,אורתופדיה,יקנעם,language,רוסית,12
2026-07-30T17:00:18,58,אורתופדיה,ישע,gender,גבר,41
2026-07-30T17:00:18,58,אורתופדיה,ישע,gender,אישה,2
2026-07-30T17:00:18,58,אורתופדיה,ישע,visit_type,ביקור במרפאה,47
2026-07-30T17:00:18,58,אורתופדיה,ישע,language,עברית,1
2026-07-30T17:00:18,58,אורתופדיה,ישע,language,רוסית,1
2026-07-30T17:00:29,58,אורתופדיה,כובר,gender,גבר,47
2026-07-30T17:00:29,58,אורתופדיה,כובר,visit_type,ביקור במרפאה,49
2026-07-30T17:00:29,58,אורתופדיה,כובר,language,אנגלית,7
2026-07-30T17:00:29,58,אורתופדיה,כובר,language,עברית,12
2026-07-30T17:00:29,58,אורתופדיה,כובר,language,ערבית,6
2026-07-30T17:00:29,58,אורתופדיה,כובר,language,צרפתית,1
2026-07-30T17:00:29,58,אורתופדיה,כובר,language,רוסית,3
2026-07-30T17:00:38,58,אורתופדיה,כחל,gender,גבר,97
2026-07-30T17:00:38,58,אורתופדיה,כחל,visit_type,ביקור במרפאה,98
2026-07-30T17:00:38,58,אורתופדיה,כחל,visit_type,שיחת טלפון,1
2026-07-30T17:00:38,58,אורתופדיה,כחל,language,איטלקית,1
2026-07-30T17:00:38,58,אורתופדיה,כחל,language,אנגלית,9
2026-07-30T17:00:38,58,אורתופדיה,כחל,language,עברית,12
2026-07-30T17:00:38,58,אורתופדיה,כחל,language,ערבית,5
2026-07-30T17:00:38,58,אורתופדיה,כחל,language,רוסית,6
2026-07-30T17:00:53,58,אורתופדיה,כמאנה מזרח,gender,גבר,113
2026-07-30T17:00:53,58,אורתופדיה,כמאנה מזרח,gender,אישה,2
2026-07-30T17:00:53,58,אורתופדיה,כמאנה מזרח,visit_type,ביקור במרפאה,116
2026-07-30T17:00:53,58,אורתופדיה,כמאנה מזרח,visit_type,שיחת טלפון,2
2026-07-30T17:00:53,58,אורתופדיה,כמאנה מזרח,language,אידיש,1
2026-07-30T17:00:53,58,אורתופדיה,כמאנה מזרח,language,איטלקית,1
2026-07-30T17:00:53,58,אורתופדיה,כמאנה מזרח,language,אנגלית,71
2026-07-30T17:00:53,58,אורתופדיה,כמאנה מזרח,language,בולגרית,1
2026-07-30T17:00:53,58,אורתופדיה,כמאנה מזרח,language,גרמנית,6
2026-07-30T17:00:53,58,אורתופדיה,כמאנה מזרח,language,הונגרית,1
2026-07-30T17:00:53,58,אורתופדיה,כמאנה מזרח,language,ספרדית,4
2026-07-30T17:00:53,58,אורתופדיה,כמאנה מזרח,language,עברית,113
2026-07-30T17:00:53,58,אורתופדיה,כמאנה מזרח,language,ערבית,77
2026-07-30T17:00:53,58,אורתופדיה,כמאנה מזרח,language,צכית,1
2026-07-30T17:00:53,58,אורתופדיה,כמאנה מזרח,language,צרפתית,2
2026-07-30T17:00:53,58,אורתופדיה,כמאנה מזרח,language,רומנית,15
2026-07-30T17:00:53,58,אורתופדיה,כמאנה מזרח,language,רוסית,26
2026-07-30T17:01:10,58,אורתופדיה,כפר אביב,gender,גבר,32
2026-07-30T17:01:10,58,אורתופדיה,כפר אביב,gender,אישה,1
2026-07-30T17:01:10,58,אורתופדיה,כפר אביב,visit_type,ביקור במרפאה,37
2026-07-30T17:01:10,58,אורתופדיה,כפר אביב,visit_type,שיחת טלפון,1
2026-07-30T17:01:10,58,אורתופדיה,כפר אביב,visit_type,שיחת וידאו,1
2026-07-30T17:01:10,58,אורתופדיה,כפר אביב,language,איטלקית,1
2026-07-30T17:01:10,58,אורתופדיה,כפר אביב,language,אנגלית,3
2026-07-30T17:01:10,58,אורתופדיה,כפר אביב,language,גרמנית,1
2026-07-30T17:01:10,58,אורתופדיה,כפר אביב,language,עברית,7
2026-07-30T17:01:10,58,אורתופדיה,כפר אביב,language,ערבית,1
2026-07-30T17:01:10,58,אורתופדיה,כפר אביב,language,צרפתית,1
2026-07-30T17:01:10,58,אורתופדיה,כפר אביב,language,רומנית,1
2026-07-30T17:01:10,58,אורתופדיה,כפר אביב,language,רוסית,3
2026-07-30T17:01:20,58,אורתופדיה,כרכום,gender,גבר,97
2026-07-30T17:01:20,58,אורתופדיה,כרכום,visit_type,ביקור במרפאה,98
2026-07-30T17:01:20,58,אורתופדיה,כרכום,visit_type,שיחת טלפון,1
2026-07-30T17:01:20,58,אורתופדיה,כרכום,language,איטלקית,1
2026-07-30T17:01:20,58,אורתופדיה,כרכום,language,אנגלית,9
2026-07-30T17:01:20,58,אורתופדיה,כרכום,language,עברית,12
2026-07-30T17:01:20,58,אורתופדיה,כרכום,language,ערבית,5
2026-07-30T17:01:20,58,אורתופדיה,כרכום,language,רוסית,6
2026-07-30T17:01:36,58,אורתופדיה,לבון,gender,גבר,113
2026-07-30T17:01:36,58,אורתופדיה,לבון,gender,אישה,2
2026-07-30T17:01:36,58,אורתופדיה,לבון,visit_type,ביקור במרפאה,116
2026-07-30T17:01:36,58,אורתופדיה,לבון,visit_type,שיחת טלפון,2
2026-07-30T17:01:36,58,אורתופדיה,לבון,language,אידיש,1
2026-07-30T17:01:36,58,אורתופדיה,לבון,language,איטלקית,1
2026-07-30T17:01:36,58,אורתופדיה,לבון,language,אנגלית,71
2026-07-30T17:01:36,58,אורתופדיה,לבון,language,בולגרית,1
2026-07-30T17:01:36,58,אורתופדיה,לבון,language,גרמנית,6
2026-07-30T17:01:36,58,אורתופדיה,לבון,language,הונגרית,1
2026-07-30T17:01:36,58,אורתופדיה,לבון,language,ספרדית,4
2026-07-30T17:01:36,58,אורתופדיה,לבון,language,עברית,113
2026-07-30T17:01:36,58,אורתופדיה,לבון,language,ערבית,77
2026-07-30T17:01:36,58,אורתופדיה,לבון,language,צכית,1
2026-07-30T17:01:36,58,אורתופדיה,לבון,language,צרפתית,2
2026-07-30T17:01:36,58,אורתופדיה,לבון,language,רומנית,15
2026-07-30T17:01:36,58,אורתופדיה,לבון,language,רוסית,26
2026-07-30T17:01:54,58,אורתופדיה,לוחמי הגיטאות,gender,גבר,69
2026-07-30T17:01:54,58,אורתופדיה,לוחמי הגיטאות,gender,אישה,2
2026-07-30T17:01:54,58,אורתופדיה,לוחמי הגיטאות,visit_type,ביקור במרפאה,71
2026-07-30T17:01:54,58,אורתופדיה,לוחמי הגיטאות,visit_type,שיחת טלפון,2
2026-07-30T17:01:54,58,אורתופדיה,לוחמי הגיטאות,language,איטלקית,1
2026-07-30T17:01:54,58,אורתופדיה,לוחמי הגיטאות,language,אנגלית,35
2026-07-30T17:01:54,58,אורתופדיה,לוחמי הגיטאות,language,בולגרית,1
2026-07-30T17:01:54,58,אורתופדיה,לוחמי הגיטאות,language,גרמנית,1
2026-07-30T17:01:54,58,אורתופדיה,לוחמי הגיטאות,language,ספרדית,2
2026-07-30T17:01:54,58,אורתופדיה,לוחמי הגיטאות,language,עברית,70
2026-07-30T17:01:54,58,אורתופדיה,לוחמי הגיטאות,language,ערבית,60
2026-07-30T17:01:54,58,אורתופדיה,לוחמי הגיטאות,language,צכית,1
2026-07-30T17:01:54,58,אורתופדיה,לוחמי הגיטאות,language,צרפתית,1
2026-07-30T17:01:54,58,אורתופדיה,לוחמי הגיטאות,language,רומנית,4
2026-07-30T17:01:54,58,אורתופדיה,לוחמי הגיטאות,language,רוסית,15
2026-07-30T17:02:04,58,אורתופדיה,מבוא ביתר,gender,גבר,47
2026-07-30T17:02:04,58,אורתופדיה,מבוא ביתר,visit_type,ביקור במרפאה,49
2026-07-30T17:02:04,58,אורתופדיה,מבוא ביתר,language,אנגלית,7
2026-07-30T17:02:04,58,אורתופדיה,מבוא ביתר,language,עברית,12
2026-07-30T17:02:04,58,אורתופדיה,מבוא ביתר,language,ערבית,6
2026-07-30T17:02:04,58,אורתופדיה,מבוא ביתר,language,צרפתית,1
2026-07-30T17:02:04,58,אורתופדיה,מבוא ביתר,language,רוסית,3
2026-07-30T17:02:15,58,אורתופדיה,מג'ד,gender,גבר,52
2026-07-30T17:02:15,58,אורתופדיה,מג'ד,gender,אישה,3
2026-07-30T17:02:15,58,אורתופדיה,מג'ד,visit_type,ביקור במרפאה,63
2026-07-30T17:02:15,58,אורתופדיה,מג'ד,language,עברית,1
2026-07-30T17:02:15,58,אורתופדיה,מג'ד,language,רוסית,1
2026-07-30T17:02:32,58,אורתופדיה,מדמא,gender,גבר,86
2026-07-30T17:02:32,58,אורתופדיה,מדמא,visit_type,ביקור במרפאה,89
2026-07-30T17:02:32,58,אורתופדיה,מדמא,visit_type,שיחת טלפון,3
2026-07-30T17:02:32,58,אורתופדיה,מדמא,language,אידיש,1
2026-07-30T17:02:32,58,אורתופדיה,מדמא,language,איטלקית,1
2026-07-30T17:02:32,58,אורתופדיה,מדמא,language,אנגלית,8
2026-07-30T17:02:32,58,אורתופדיה,מדמא,language,עברית,15
2026-07-30T17:02:32,58,אורתופדיה,מדמא,language,ערבית,10
2026-07-30T17:02:32,58,אורתופדיה,מדמא,language,רומנית,3
2026-07-30T17:02:32,58,אורתופדיה,מדמא,language,רוסית,2
2026-07-30T17:02:44,58,אורתופדיה,מוצא עילית,gender,גבר,47
2026-07-30T17:02:44,58,אורתופדיה,מוצא עילית,visit_type,ביקור במרפאה,49
2026-07-30T17:02:44,58,אורתופדיה,מוצא עילית,language,אנגלית,7
2026-07-30T17:02:44,58,אורתופדיה,מוצא עילית,language,עברית,12
2026-07-30T17:02:44,58,אורתופדיה,מוצא עילית,language,ערבית,6
2026-07-30T17:02:44,58,אורתופדיה,מוצא עילית,language,צרפתית,1
2026-07-30T17:02:44,58,אורתופדיה,מוצא עילית,language,רוסית,3
2026-07-30T17:02:56,58,אורתופדיה,מחולה,gender,גבר,145
2026-07-30T17:02:56,58,אורתופדיה,מחולה,visit_type,ביקור במרפאה,146
2026-07-30T17:02:56,58,אורתופדיה,מחולה,visit_type,שיחת טלפון,2
2026-07-30T17:02:56,58,אורתופדיה,מחולה,language,איטלקית,1
2026-07-30T17:02:56,58,אורתופדיה,מחולה,language,אנגלית,19
2026-07-30T17:02:56,58,אורתופדיה,מחולה,language,גרמנית,1
2026-07-30T17:02:56,58,אורתופדיה,מחולה,language,עברית,31
2026-07-30T17:02:56,58,אורתופדיה,מחולה,language,ערבית,21
2026-07-30T17:02:56,58,אורתופדיה,מחולה,language,רומנית,7
2026-07-30T17:02:56,58,אורתופדיה,מחולה,language,רוסית,6
2026-07-30T17:03:17,58,אורתופדיה,מירב,gender,גבר,145
2026-07-30T17:03:17,58,אורתופדיה,מירב,visit_type,ביקור במרפאה,146
2026-07-30T17:03:17,58,אורתופדיה,מירב,visit_type,שיחת טלפון,2
2026-07-30T17:03:17,58,אורתופדיה,מירב,language,איטלקית,1
2026-07-30T17:03:17,58,אורתופדיה,מירב,language,אנגלית,19
2026-07-30T17:03:17,58,אורתופדיה,מירב,language,גרמנית,1
2026-07-30T17:03:17,58,אורתופדיה,מירב,language,עברית,31
2026-07-30T17:03:17,58,אורתופדיה,מירב,language,ערבית,21
2026-07-30T17:03:17,58,אורתופדיה,מירב,language,רומנית,7
2026-07-30T17:03:17,58,אורתופדיה,מירב,language,רוסית,6
2026-07-30T17:03:38,58,אורתופדיה,מלילות,gender,גבר,52
2026-07-30T17:03:38,58,אורתופדיה,מלילות,gender,אישה,3
2026-07-30T17:03:38,58,אורתופדיה,מלילות,visit_type,ביקור במרפאה,63
2026-07-30T17:03:38,58,אורתופדיה,מלילות,language,עברית,1
2026-07-30T17:03:38,58,אורתופדיה,מלילות,language,רוסית,1
2026-07-30T17:03:55,58,אורתופדיה,מסדה,gender,גבר,97
2026-07-30T17:03:55,58,אורתופדיה,מסדה,visit_type,ביקור במרפאה,98
2026-07-30T17:03:55,58,אורתופדיה,מסדה,visit_type,שיחת טלפון,1
2026-07-30T17:03:55,58,אורתופדיה,מסדה,language,איטלקית,1
2026-07-30T17:03:55,58,אורתופדיה,מסדה,language,אנגלית,9
2026-07-30T17:03:55,58,אורתופדיה,מסדה,language,עברית,12
2026-07-30T17:03:55,58,אורתופדיה,מסדה,language,ערבית,5
2026-07-30T17:03:55,58,אורתופדיה,מסדה,language,רוסית,6
2026-07-30T17:04:11,58,אורתופדיה,מעגן,gender,גבר,97
2026-07-30T17:04:11,58,אורתופדיה,מעגן,visit_type,ביקור במרפאה,98
2026-07-30T17:04:11,58,אורתופדיה,מעגן,visit_type,שיחת טלפון,1
2026-07-30T17:04:11,58,אורתופדיה,מעגן,language,איטלקית,1
2026-07-30T17:04:11,58,אורתופדיה,מעגן,language,אנגלית,9
2026-07-30T17:04:11,58,אורתופדיה,מעגן,language,עברית,12
2026-07-30T17:04:11,58,אורתופדיה,מעגן,language,ערבית,5
2026-07-30T17:04:11,58,אורתופדיה,מעגן,language,רוסית,6
2026-07-30T17:04:26,58,אורתופדיה,מפעלי ברנר,gender,גבר,64
2026-07-30T17:04:26,58,אורתופדיה,מפעלי ברנר,gender,אישה,1
2026-07-30T17:04:26,58,אורתופדיה,מפעלי ברנר,visit_type,ביקור במרפאה,73
2026-07-30T17:04:26,58,אורתופדיה,מפעלי ברנר,visit_type,שיחת טלפון,2
2026-07-30T17:04:26,58,אורתופדיה,מפעלי ברנר,visit_type,שיחת וידאו,1
2026-07-30T17:04:26,58,אורתופדיה,מפעלי ברנר,language,איטלקית,3
2026-07-30T17:04:26,58,אורתופדיה,מפעלי ברנר,language,אנגלית,7
2026-07-30T17:04:26,58,אורתופדיה,מפעלי ברנר,language,גרמנית,1
2026-07-30T17:04:26,58,אורתופדיה,מפעלי ברנר,language,עברית,13
2026-07-30T17:04:26,58,אורתופדיה,מפעלי ברנר,language,ערבית,1
2026-07-30T17:04:26,58,אורתופדיה,מפעלי ברנר,language,צרפתית,3
2026-07-30T17:04:26,58,אורתופדיה,מפעלי ברנר,language,רומנית,1
2026-07-30T17:04:26,58,אורתופדיה,מפעלי ברנר,language,רוסית,5
2026-07-30T17:04:40,58,אורתופדיה,מצובה,gender,גבר,69
2026-07-30T17:04:40,58,אורתופדיה,מצובה,gender,אישה,2
2026-07-30T17:04:40,58,אורתופדיה,מצובה,visit_type,ביקור במרפאה,71
2026-07-30T17:04:40,58,אורתופדיה,מצובה,visit_type,שיחת טלפון,2
2026-07-30T17:04:40,58,אורתופדיה,מצובה,language,איטלקית,1
2026-07-30T17:04:40,58,אורתופדיה,מצובה,language,אנגלית,35
2026-07-30T17:04:40,58,אורתופדיה,מצובה,language,בולגרית,1
2026-07-30T17:04:40,58,אורתופדיה,מצובה,language,גרמנית,1
2026-07-30T17:04:40,58,אורתופדיה,מצובה,language,ספרדית,2
2026-07-30T17:04:40,58,אורתופדיה,מצובה,language,עברית,70
2026-07-30T17:04:40,58,אורתופדיה,מצובה,language,ערבית,60
2026-07-30T17:04:40,58,אורתופדיה,מצובה,language,צכית,1
2026-07-30T17:04:40,58,אורתופדיה,מצובה,language,צרפתית,1
2026-07-30T17:04:40,58,אורתופדיה,מצובה,language,רומנית,4
2026-07-30T17:04:40,58,אורתופדיה,מצובה,language,רוסית,15
2026-07-30T17:04:52,58,אורתופדיה,מרגליות,gender,גבר,97
2026-07-30T17:04:52,58,אורתופדיה,מרגליות,visit_type,ביקור במרפאה,98
2026-07-30T17:04:52,58,אורתופדיה,מרגליות,visit_type,שיחת טלפון,1
2026-07-30T17:04:52,58,אורתופדיה,מרגליות,language,איטלקית,1
2026-07-30T17:04:52,58,אורתופדיה,מרגליות,language,אנגלית,9
2026-07-30T17:04:52,58,אורתופדיה,מרגליות,language,עברית,12
2026-07-30T17:04:52,58,אורתופדיה,מרגליות,language,ערבית,5
2026-07-30T17:04:52,58,אורתופדיה,מרגליות,language,רוסית,6
2026-07-30T17:05:07,58,אורתופדיה,משגב דב,gender,גבר,32
2026-07-30T17:05:07,58,אורתופדיה,משגב דב,gender,אישה,1
2026-07-30T17:05:07,58,אורתופדיה,משגב דב,visit_type,ביקור במרפאה,37
2026-07-30T17:05:07,58,אורתופדיה,משגב דב,visit_type,שיחת טלפון,1
2026-07-30T17:05:07,58,אורתופדיה,משגב דב,visit_type,שיחת וידאו,1
2026-07-30T17:05:07,58,אורתופדיה,משגב דב,language,איטלקית,1
2026-07-30T17:05:07,58,אורתופדיה,משגב דב,language,אנגלית,3
2026-07-30T17:05:07,58,אורתופדיה,משגב דב,language,גרמנית,1
2026-07-30T17:05:07,58,אורתופדיה,משגב דב,language,עברית,7
2026-07-30T17:05:07,58,אורתופדיה,משגב דב,language,ערבית,1
2026-07-30T17:05:07,58,אורתופדיה,משגב דב,language,צרפתית,1
2026-07-30T17:05:07,58,אורתופדיה,משגב דב,language,רומנית,1
2026-07-30T17:05:07,58,אורתופדיה,משגב דב,language,רוסית,3
2026-07-30T17:05:16,58,אורתופדיה,מתת,gender,גבר,113
2026-07-30T17:05:16,58,אורתופדיה,מתת,gender,אישה,2
2026-07-30T17:05:16,58,אורתופדיה,מתת,visit_type,ביקור במרפאה,116
2026-07-30T17:05:16,58,אורתופדיה,מתת,visit_type,שיחת טלפון,2
2026-07-30T17:05:16,58,אורתופדיה,מתת,language,אידיש,1
2026-07-30T17:05:16,58,אורתופדיה,מתת,language,איטלקית,1
2026-07-30T17:05:16,58,אורתופדיה,מתת,language,אנגלית,71
2026-07-30T17:05:16,58,אורתופדיה,מתת,language,בולגרית,1
2026-07-30T17:05:16,58,אורתופדיה,מתת,language,גרמנית,6
2026-07-30T17:05:16,58,אורתופדיה,מתת,language,הונגרית,1
2026-07-30T17:05:16,58,אורתופדיה,מתת,language,ספרדית,4
2026-07-30T17:05:16,58,אורתופדיה,מתת,language,עברית,113
2026-07-30T17:05:16,58,אורתופדיה,מתת,language,ערבית,77
2026-07-30T17:05:16,58,אורתופדיה,מתת,language,צכית,1
2026-07-30T17:05:16,58,אורתופדיה,מתת,language,צרפתית,2
2026-07-30T17:05:16,58,אורתופדיה,מתת,language,רומנית,15
2026-07-30T17:05:16,58,אורתופדיה,מתת,language,רוסית,26
2026-07-30T17:05:33,58,אורתופדיה,נבי סאלח,gender,גבר,49
2026-07-30T17:05:33,58,אורתופדיה,נבי סאלח,gender,אישה,1
2026-07-30T17:05:33,58,אורתופדיה,נבי סאלח,visit_type,ביקור במרפאה,58
2026-07-30T17:05:33,58,אורתופדיה,נבי סאלח,visit_type,שיחת טלפון,1
2026-07-30T17:05:33,58,אורתופדיה,נבי סאלח,language,איטלקית,4
2026-07-30T17:05:33,58,אורתופדיה,נבי סאלח,language,אנגלית,33
2026-07-30T17:05:33,58,אורתופדיה,נבי סאלח,language,גרמנית,6
2026-07-30T17:05:33,58,אורתופדיה,נבי סאלח,language,ספרדית,2
2026-07-30T17:05:33,58,אורתופדיה,נבי סאלח,language,עברית,54
2026-07-30T17:05:33,58,אורתופדיה,נבי סאלח,language,ערבית,6
2026-07-30T17:05:33,58,אורתופדיה,נבי סאלח,language,רומנית,5
2026-07-30T17:05:33,58,אורתופדיה,נבי סאלח,language,רוסית,6
2026-07-30T17:05:44,58,אורתופדיה,נווה אור,gender,גבר,145
2026-07-30T17:05:44,58,אורתופדיה,נווה אור,visit_type,ביקור במרפאה,146
2026-07-30T17:05:44,58,אורתופדיה,נווה אור,visit_type,שיחת טלפון,2
2026-07-30T17:05:44,58,אורתופדיה,נווה אור,language,איטלקית,1
2026-07-30T17:05:44,58,אורתופדיה,נווה אור,language,אנגלית,19
2026-07-30T17:05:44,58,אורתופדיה,נווה אור,language,גרמנית,1
2026-07-30T17:05:44,58,אורתופדיה,נווה אור,language,עברית,31
2026-07-30T17:05:44,58,אורתופדיה,נווה אור,language,ערבית,21
2026-07-30T17:05:44,58,אורתופדיה,נווה אור,language,רומנית,7
2026-07-30T17:05:44,58,אורתופדיה,נווה אור,language,רוסית,6
2026-07-30T17:06:02,58,אורתופדיה,נחאלין,gender,גבר,47
2026-07-30T17:06:02,58,אורתופדיה,נחאלין,visit_type,ביקור במרפאה,49
2026-07-30T17:06:02,58,אורתופדיה,נחאלין,language,אנגלית,7
2026-07-30T17:06:02,58,אורתופדיה,נחאלין,language,עברית,12
2026-07-30T17:06:02,58,אורתופדיה,נחאלין,language,ערבית,6
2026-07-30T17:06:02,58,אורתופדיה,נחאלין,language,צרפתית,1
2026-07-30T17:06:02,58,אורתופדיה,נחאלין,language,רוסית,3
2026-07-30T17:06:11,58,אורתופדיה,נטועה,gender,גבר,69
2026-07-30T17:06:11,58,אורתופדיה,נטועה,gender,אישה,2
2026-07-30T17:06:11,58,אורתופדיה,נטועה,visit_type,ביקור במרפאה,71
2026-07-30T17:06:11,58,אורתופדיה,נטועה,visit_type,שיחת טלפון,2
2026-07-30T17:06:11,58,אורתופדיה,נטועה,language,איטלקית,1
2026-07-30T17:06:11,58,אורתופדיה,נטועה,language,אנגלית,35
2026-07-30T17:06:11,58,אורתופדיה,נטועה,language,בולגרית,1
2026-07-30T17:06:11,58,אורתופדיה,נטועה,language,גרמנית,1
2026-07-30T17:06:11,58,אורתופדיה,נטועה,language,ספרדית,2
2026-07-30T17:06:11,58,אורתופדיה,נטועה,language,עברית,70
2026-07-30T17:06:11,58,אורתופדיה,נטועה,language,ערבית,60
2026-07-30T17:06:11,58,אורתופדיה,נטועה,language,צכית,1
2026-07-30T17:06:11,58,אורתופדיה,נטועה,language,צרפתית,1
2026-07-30T17:06:11,58,אורתופדיה,נטועה,language,רומנית,4
2026-07-30T17:06:11,58,אורתופדיה,נטועה,language,רוסית,15
2026-07-30T17:06:22,58,אורתופדיה,ניצן ב',gender,גבר,54
2026-07-30T17:06:22,58,אורתופדיה,ניצן ב',gender,אישה,1
2026-07-30T17:06:22,58,אורתופדיה,ניצן ב',visit_type,ביקור במרפאה,61
2026-07-30T17:06:22,58,אורתופדיה,ניצן ב',visit_type,שיחת טלפון,1
2026-07-30T17:06:22,58,אורתופדיה,ניצן ב',language,איטלקית,2
2026-07-30T17:06:22,58,אורתופדיה,ניצן ב',language,אנגלית,6
2026-07-30T17:06:22,58,אורתופדיה,ניצן ב',language,גרמנית,1
2026-07-30T17:06:22,58,אורתופדיה,ניצן ב',language,עברית,9
2026-07-30T17:06:22,58,אורתופדיה,ניצן ב',language,צרפתית,2
2026-07-30T17:06:22,58,אורתופדיה,ניצן ב',language,רוסית,4
2026-07-30T17:06:33,58,אורתופדיה,נעורים,gender,גבר,86
2026-07-30T17:06:33,58,אורתופדיה,נעורים,visit_type,ביקור במרפאה,89
2026-07-30T17:06:33,58,אורתופדיה,נעורים,visit_type,שיחת טלפון,3
2026-07-30T17:06:33,58,אורתופדיה,נעורים,language,אידיש,1
2026-07-30T17:06:33,58,אורתופדיה,נעורים,language,איטלקית,1
2026-07-30T17:06:33,58,אורתופדיה,נעורים,language,אנגלית,8
2026-07-30T17:06:33,58,אורתופדיה,נעורים,language,עברית,15
2026-07-30T17:06:33,58,אורתופדיה,נעורים,language,ערבית,10
2026-07-30T17:06:33,58,אורתופדיה,נעורים,language,רומנית,3
2026-07-30T17:06:33,58,אורתופדיה,נעורים,language,רוסית,2
2026-07-30T17:06:46,58,אורתופדיה,נתיב הל''ה,gender,גבר,47
2026-07-30T17:06:46,58,אורתופדיה,נתיב הל''ה,visit_type,ביקור במרפאה,49
2026-07-30T17:06:46,58,אורתופדיה,נתיב הל''ה,language,אנגלית,7
2026-07-30T17:06:46,58,אורתופדיה,נתיב הל''ה,language,עברית,12
2026-07-30T17:06:46,58,אורתופדיה,נתיב הל''ה,language,ערבית,6
2026-07-30T17:06:46,58,אורתופדיה,נתיב הל''ה,language,צרפתית,1
2026-07-30T17:06:46,58,אורתופדיה,נתיב הל''ה,language,רוסית,3
2026-07-30T17:06:54,58,אורתופדיה,סביון,gender,גבר,49
2026-07-30T17:06:54,58,אורתופדיה,סביון,gender,אישה,1
2026-07-30T17:06:54,58,אורתופדיה,סביון,visit_type,ביקור במרפאה,58
2026-07-30T17:06:54,58,אורתופדיה,סביון,visit_type,שיחת טלפון,1
2026-07-30T17:06:54,58,אורתופדיה,סביון,language,איטלקית,4
2026-07-30T17:06:54,58,אורתופדיה,סביון,language,אנגלית,33
2026-07-30T17:06:54,58,אורתופדיה,סביון,language,גרמנית,6
2026-07-30T17:06:54,58,אורתופדיה,סביון,language,ספרדית,2
2026-07-30T17:06:54,58,אורתופדיה,סביון,language,עברית,54
2026-07-30T17:06:54,58,אורתופדיה,סביון,language,ערבית,6
2026-07-30T17:06:54,58,אורתופדיה,סביון,language,רומנית,5
2026-07-30T17:06:54,58,אורתופדיה,סביון,language,רוסית,6
2026-07-30T17:07:04,58,אורתופדיה,סח'נין,gender,גבר,89
2026-07-30T17:07:04,58,אורתופדיה,סח'נין,gender,אישה,2
2026-07-30T17:07:04,58,אורתופדיה,סח'נין,visit_type,ביקור במרפאה,91
2026-07-30T17:07:04,58,אורתופדיה,סח'נין,visit_type,שיחת טלפון,2
2026-07-30T17:07:04,58,אורתופדיה,סח'נין,language,איטלקית,1
2026-07-30T17:07:04,58,אורתופדיה,סח'נין,language,אנגלית,53
2026-07-30T17:07:04,58,אורתופדיה,סח'נין,language,בולגרית,1
2026-07-30T17:07:04,58,אורתופדיה,סח'נין,language,גרמנית,3
2026-07-30T17:07:04,58,אורתופדיה,סח'נין,language,ספרדית,2
2026-07-30T17:07:04,58,אורתופדיה,סח'נין,language,עברית,90
2026-07-30T17:07:04,58,אורתופדיה,סח'נין,language,ערבית,67
2026-07-30T17:07:04,58,אורתופדיה,סח'נין,language,צכית,1
2026-07-30T17:07:04,58,אורתופדיה,סח'נין,language,צרפתית,1
2026-07-30T17:07:04,58,אורתופדיה,סח'נין,language,רומנית,8
2026-07-30T17:07:04,58,אורתופדיה,סח'נין,language,רוסית,19
2026-07-30T17:07:20,58,אורתופדיה,סלמה,gender,גבר,89
2026-07-30T17:07:20,58,אורתופדיה,סלמה,gender,אישה,2
2026-07-30T17:07:20,58,אורתופדיה,סלמה,visit_type,ביקור במרפאה,91
2026-07-30T17:07:20,58,אורתופדיה,סלמה,visit_type,שיחת טלפון,2
2026-07-30T17:07:20,58,אורתופדיה,סלמה,language,איטלקית,1
2026-07-30T17:07:20,58,אורתופדיה,סלמה,language,אנגלית,53
2026-07-30T17:07:20,58,אורתופדיה,סלמה,language,בולגרית,1
2026-07-30T17:07:20,58,אורתופדיה,סלמה,language,גרמנית,3
2026-07-30T17:07:20,58,אורתופדיה,סלמה,language,ספרדית,2
2026-07-30T17:07:20,58,אורתופדיה,סלמה,language,עברית,90
2026-07-30T17:07:20,58,אורתופדיה,סלמה,language,ערבית,67
2026-07-30T17:07:20,58,אורתופדיה,סלמה,language,צכית,1
2026-07-30T17:07:20,58,אורתופדיה,סלמה,language,צרפתית,1
2026-07-30T17:07:20,58,אורתופדיה,סלמה,language,רומנית,8
2026-07-30T17:07:20,58,אורתופדיה,סלמה,language,רוסית,19
2026-07-30T17:07:33,58,אורתופדיה,ספא,gender,גבר,47
2026-07-30T17:07:33,58,אורתופדיה,ספא,visit_type,ביקור במרפאה,49
2026-07-30T17:07:33,58,אורתופדיה,ספא,language,אנגלית,7
2026-07-30T17:07:33,58,אורתופדיה,ספא,language,עברית,12
2026-07-30T17:07:33,58,אורתופדיה,ספא,language,ערבית,6
2026-07-30T17:07:33,58,אורתופדיה,ספא,language,צרפתית,1
2026-07-30T17:07:33,58,אורתופדיה,ספא,language,רוסית,3
2026-07-30T17:07:42,58,אורתופדיה,עבדון,gender,גבר,69
2026-07-30T17:07:42,58,אורתופדיה,עבדון,gender,אישה,2
2026-07-30T17:07:42,58,אורתופדיה,עבדון,visit_type,ביקור במרפאה,71
2026-07-30T17:07:42,58,אורתופדיה,עבדון,visit_type,שיחת טלפון,2
2026-07-30T17:07:42,58,אורתופדיה,עבדון,language,איטלקית,1
2026-07-30T17:07:42,58,אורתופדיה,עבדון,language,אנגלית,35
2026-07-30T17:07:42,58,אורתופדיה,עבדון,language,בולגרית,1
2026-07-30T17:07:42,58,אורתופדיה,עבדון,language,גרמנית,1
2026-07-30T17:07:42,58,אורתופדיה,עבדון,language,ספרדית,2
2026-07-30T17:07:42,58,אורתופדיה,עבדון,language,עברית,70
2026-07-30T17:07:42,58,אורתופדיה,עבדון,language,ערבית,60
2026-07-30T17:07:42,58,אורתופדיה,עבדון,language,צכית,1
2026-07-30T17:07:42,58,אורתופדיה,עבדון,language,צרפתית,1
2026-07-30T17:07:42,58,אורתופדיה,עבדון,language,רומנית,4
2026-07-30T17:07:42,58,אורתופדיה,עבדון,language,רוסית,15
2026-07-30T17:07:54,58,אורתופדיה,עדנים,gender,גבר,67
2026-07-30T17:07:54,58,אורתופדיה,עדנים,gender,אישה,1
2026-07-30T17:07:54,58,אורתופדיה,עדנים,visit_type,ביקור במרפאה,77
2026-07-30T17:07:54,58,אורתופדיה,עדנים,visit_type,שיחת טלפון,2
2026-07-30T17:07:54,58,אורתופדיה,עדנים,language,אידיש,1
2026-07-30T17:07:54,58,אורתופדיה,עדנים,language,איטלקית,5
2026-07-30T17:07:54,58,אורתופדיה,עדנים,language,אנגלית,35
2026-07-30T17:07:54,58,אורתופדיה,עדנים,language,גרמנית,6
2026-07-30T17:07:54,58,אורתופדיה,עדנים,language,ספרדית,2
2026-07-30T17:07:54,58,אורתופדיה,עדנים,language,עברית,56
2026-07-30T17:07:54,58,אורתופדיה,עדנים,language,ערבית,6
2026-07-30T17:07:54,58,אורתופדיה,עדנים,language,רומנית,5
2026-07-30T17:07:54,58,אורתופדיה,עדנים,language,רוסית,6
2026-07-30T17:08:09,58,אורתופדיה,עוצם,gender,גבר,41
2026-07-30T17:08:09,58,אורתופדיה,עוצם,gender,אישה,2
2026-07-30T17:08:09,58,אורתופדיה,עוצם,visit_type,ביקור במרפאה,47
2026-07-30T17:08:09,58,אורתופדיה,עוצם,language,עברית,1
2026-07-30T17:08:09,58,אורתופדיה,עוצם,language,רוסית,1
2026-07-30T17:08:23,58,אורתופדיה,עטאטרה,gender,גבר,52
2026-07-30T17:08:23,58,אורתופדיה,עטאטרה,gender,אישה,3
2026-07-30T17:08:23,58,אורתופדיה,עטאטרה,visit_type,ביקור במרפאה,63
2026-07-30T17:08:23,58,אורתופדיה,עטאטרה,language,עברית,1
2026-07-30T17:08:23,58,אורתופדיה,עטאטרה,language,רוסית,1
2026-07-30T17:08:41,58,אורתופדיה,עין איילה,gender,גבר,115
2026-07-30T17:08:41,58,אורתופדיה,עין איילה,visit_type,ביקור במרפאה,116
2026-07-30T17:08:41,58,אורתופדיה,עין איילה,visit_type,שיחת טלפון,2
2026-07-30T17:08:41,58,אורתופדיה,עין איילה,language,אידיש,1
2026-07-30T17:08:41,58,אורתופדיה,עין איילה,language,אנגלית,41
2026-07-30T17:08:41,58,אורתופדיה,עין איילה,language,גרמנית,5
2026-07-30T17:08:41,58,אורתופדיה,עין איילה,language,הונגרית,1
2026-07-30T17:08:41,58,אורתופדיה,עין איילה,language,ספרדית,2
2026-07-30T17:08:41,58,אורתופדיה,עין איילה,language,עברית,57
2026-07-30T17:08:41,58,אורתופדיה,עין איילה,language,ערבית,29
2026-07-30T17:08:41,58,אורתופדיה,עין איילה,language,צרפתית,1
2026-07-30T17:08:41,58,אורתופדיה,עין איילה,language,רומנית,14
2026-07-30T17:08:41,58,אורתופדיה,עין איילה,language,רוסית,12
2026-07-30T17:08:58,58,אורתופדיה,עמוקה,gender,גבר,97
2026-07-30T17:08:58,58,אורתופדיה,עמוקה,visit_type,ביקור במרפאה,98
2026-07-30T17:08:58,58,אורתופדיה,עמוקה,visit_type,שיחת טלפון,1
2026-07-30T17:08:58,58,אורתופדיה,עמוקה,language,איטלקית,1
2026-07-30T17:08:58,58,אורתופדיה,עמוקה,language,אנגלית,9
2026-07-30T17:08:58,58,אורתופדיה,עמוקה,language,עברית,12
2026-07-30T17:08:58,58,אורתופדיה,עמוקה,language,ערבית,5
2026-07-30T17:08:58,58,אורתופדיה,עמוקה,language,רוסית,6
2026-07-30T17:09:12,58,אורתופדיה,ענאתא,gender,גבר,47
2026-07-30T17:09:12,58,אורתופדיה,ענאתא,visit_type,ביקור במרפאה,49
2026-07-30T17:09:12,58,אורתופדיה,ענאתא,language,אנגלית,7
2026-07-30T17:09:12,58,אורתופדיה,ענאתא,language,עברית,12
2026-07-30T17:09:12,58,אורתופדיה,ענאתא,language,ערבית,6
2026-07-30T17:09:12,58,אורתופדיה,ענאתא,language,צרפתית,1
2026-07-30T17:09:12,58,אורתופדיה,ענאתא,language,רוסית,3
2026-07-30T17:09:21,58,אורתופדיה,עצמון שגב,gender,גבר,89
2026-07-30T17:09:21,58,אורתופדיה,עצמון שגב,gender,אישה,2
2026-07-30T17:09:21,58,אורתופדיה,עצמון שגב,visit_type,ביקור במרפאה,91
2026-07-30T17:09:21,58,אורתופדיה,עצמון שגב,visit_type,שיחת טלפון,2
2026-07-30T17:09:21,58,אורתופדיה,עצמון שגב,language,איטלקית,1
2026-07-30T17:09:21,58,אורתופדיה,עצמון שגב,language,אנגלית,53
2026-07-30T17:09:21,58,אורתופדיה,עצמון שגב,language,בולגרית,1
2026-07-30T17:09:21,58,אורתופדיה,עצמון שגב,language,גרמנית,3
2026-07-30T17:09:21,58,אורתופדיה,עצמון שגב,language,ספרדית,2
2026-07-30T17:09:21,58,אורתופדיה,עצמון שגב,language,עברית,90
2026-07-30T17:09:21,58,אורתופדיה,עצמון שגב,language,ערבית,67
2026-07-30T17:09:21,58,אורתופדיה,עצמון שגב,language,צכית,1
2026-07-30T17:09:21,58,אורתופדיה,עצמון שגב,language,צרפתית,1
2026-07-30T17:09:21,58,אורתופדיה,עצמון שגב,language,רומנית,8
2026-07-30T17:09:21,58,אורתופדיה,עצמון שגב,language,רוסית,19
2026-07-30T17:09:37,58,אורתופדיה,ערד,gender,גבר,36
2026-07-30T17:09:37,58,אורתופדיה,ערד,gender,אישה,2
2026-07-30T17:09:37,58,אורתופדיה,ערד,visit_type,ביקור במרפאה,43
2026-07-30T17:09:37,58,אורתופדיה,ערד,language,עברית,1
2026-07-30T17:09:37,58,אורתופדיה,ערד,language,רוסית,1
2026-07-30T17:09:50,58,אורתופדיה,פארק תעשיות עידן הנגב,gender,גבר,52
2026-07-30T17:09:50,58,אורתופדיה,פארק תעשיות עידן הנגב,gender,אישה,3
2026-07-30T17:09:50,58,אורתופדיה,פארק תעשיות עידן הנגב,visit_type,ביקור במרפאה,63
2026-07-30T17:09:50,58,אורתופדיה,פארק תעשיות עידן הנגב,language,עברית,1
2026-07-30T17:09:50,58,אורתופדיה,פארק תעשיות עידן הנגב,language,רוסית,1
2026-07-30T17:10:06,58,אורתופדיה,פוריה נווה עובד,gender,גבר,97
2026-07-30T17:10:06,58,אורתופדיה,פוריה נווה עובד,visit_type,ביקור במרפאה,98
2026-07-30T17:10:06,58,אורתופדיה,פוריה נווה עובד,visit_type,שיחת טלפון,1
2026-07-30T17:10:06,58,אורתופדיה,פוריה נווה עובד,language,איטלקית,1
2026-07-30T17:10:06,58,אורתופדיה,פוריה נווה עובד,language,אנגלית,9
2026-07-30T17:10:06,58,אורתופדיה,פוריה נווה עובד,language,עברית,12
2026-07-30T17:10:06,58,אורתופדיה,פוריה נווה עובד,language,ערבית,5
2026-07-30T17:10:06,58,אורתופדיה,פוריה נווה עובד,language,רוסית,6
2026-07-30T17:10:22,58,אורתופדיה,פני חבר,gender,גבר,52
2026-07-30T17:10:22,58,אורתופדיה,פני חבר,gender,אישה,3
2026-07-30T17:10:22,58,אורתופדיה,פני חבר,visit_type,ביקור במרפאה,63
2026-07-30T17:10:22,58,אורתופדיה,פני חבר,language,עברית,1
2026-07-30T17:10:22,58,אורתופדיה,פני חבר,language,רוסית,1
2026-07-30T17:10:38,58,אורתופדיה,פרדסיה,gender,גבר,86
2026-07-30T17:10:38,58,אורתופדיה,פרדסיה,visit_type,ביקור במרפאה,89
2026-07-30T17:10:38,58,אורתופדיה,פרדסיה,visit_type,שיחת טלפון,3
2026-07-30T17:10:38,58,אורתופדיה,פרדסיה,language,אידיש,1
2026-07-30T17:10:38,58,אורתופדיה,פרדסיה,language,איטלקית,1
2026-07-30T17:10:38,58,אורתופדיה,פרדסיה,language,אנגלית,8
2026-07-30T17:10:38,58,אורתופדיה,פרדסיה,language,עברית,15
2026-07-30T17:10:38,58,אורתופדיה,פרדסיה,language,ערבית,10
2026-07-30T17:10:38,58,אורתופדיה,פרדסיה,language,רומנית,3
2026-07-30T17:10:38,58,אורתופדיה,פרדסיה,language,רוסית,2
2026-07-30T17:10:52,58,אורתופדיה,צביה,gender,גבר,89
2026-07-30T17:10:52,58,אורתופדיה,צביה,gender,אישה,2
2026-07-30T17:10:52,58,אורתופדיה,צביה,visit_type,ביקור במרפאה,91
2026-07-30T17:10:52,58,אורתופדיה,צביה,visit_type,שיחת טלפון,2
2026-07-30T17:10:52,58,אורתופדיה,צביה,language,איטלקית,1
2026-07-30T17:10:52,58,אורתופדיה,צביה,language,אנגלית,53
2026-07-30T17:10:52,58,אורתופדיה,צביה,language,בולגרית,1
2026-07-30T17:10:52,58,אורתופדיה,צביה,language,גרמנית,3
2026-07-30T17:10:52,58,אורתופדיה,צביה,language,ספרדית,2
2026-07-30T17:10:52,58,אורתופדיה,צביה,language,עברית,90
2026-07-30T17:10:52,58,אורתופדיה,צביה,language,ערבית,67
2026-07-30T17:10:52,58,אורתופדיה,צביה,language,צכית,1
2026-07-30T17:10:52,58,אורתופדיה,צביה,language,צרפתית,1
2026-07-30T17:10:52,58,אורתופדיה,צביה,language,רומנית,8
2026-07-30T17:10:52,58,אורתופדיה,צביה,language,רוסית,19
2026-07-30T17:11:05,58,אורתופדיה,צור הדסה,gender,גבר,47
2026-07-30T17:11:05,58,אורתופדיה,צור הדסה,visit_type,ביקור במרפאה,49
2026-07-30T17:11:05,58,אורתופדיה,צור הדסה,language,אנגלית,7
2026-07-30T17:11:05,58,אורתופדיה,צור הדסה,language,עברית,12
2026-07-30T17:11:05,58,אורתופדיה,צור הדסה,language,ערבית,6
2026-07-30T17:11:05,58,אורתופדיה,צור הדסה,language,צרפתית,1
2026-07-30T17:11:05,58,אורתופדיה,צור הדסה,language,רוסית,3
2026-07-30T17:11:14,58,אורתופדיה,קבאטיה,gender,גבר,86
2026-07-30T17:11:14,58,אורתופדיה,קבאטיה,visit_type,ביקור במרפאה,89
2026-07-30T17:11:14,58,אורתופדיה,קבאטיה,visit_type,שיחת טלפון,3
2026-07-30T17:11:14,58,אורתופדיה,קבאטיה,language,אידיש,1
2026-07-30T17:11:14,58,אורתופדיה,קבאטיה,language,איטלקית,1
2026-07-30T17:11:14,58,אורתופדיה,קבאטיה,language,אנגלית,8
2026-07-30T17:11:14,58,אורתופדיה,קבאטיה,language,עברית,15
2026-07-30T17:11:14,58,אורתופדיה,קבאטיה,language,ערבית,10
2026-07-30T17:11:14,58,אורתופדיה,קבאטיה,language,רומנית,3
2026-07-30T17:11:14,58,אורתופדיה,קבאטיה,language,רוסית,2
2026-07-30T17:11:27,58,אורתופדיה,קדרון,gender,גבר,32
2026-07-30T17:11:27,58,אורתופדיה,קדרון,gender,אישה,1
2026-07-30T17:11:27,58,אורתופדיה,קדרון,visit_type,ביקור במרפאה,37
2026-07-30T17:11:27,58,אורתופדיה,קדרון,visit_type,שיחת טלפון,1
2026-07-30T17:11:27,58,אורתופדיה,קדרון,visit_type,שיחת וידאו,1
2026-07-30T17:11:27,58,אורתופדיה,קדרון,language,איטלקית,1
2026-07-30T17:11:27,58,אורתופדיה,קדרון,language,אנגלית,3
2026-07-30T17:11:27,58,אורתופדיה,קדרון,language,גרמנית,1
2026-07-30T17:11:27,58,אורתופדיה,קדרון,language,עברית,7
2026-07-30T17:11:27,58,אורתופדיה,קדרון,language,ערבית,1
2026-07-30T17:11:27,58,אורתופדיה,קדרון,language,צרפתית,1
2026-07-30T17:11:27,58,אורתופדיה,קדרון,language,רומנית,1
2026-07-30T17:11:27,58,אורתופדיה,קדרון,language,רוסית,3
2026-07-30T17:11:36,58,אורתופדיה,קטנה,gender,גבר,47
2026-07-30T17:11:36,58,אורתופדיה,קטנה,visit_type,ביקור במרפאה,49
2026-07-30T17:11:36,58,אורתופדיה,קטנה,language,אנגלית,7
2026-07-30T17:11:36,58,אורתופדיה,קטנה,language,עברית,12
2026-07-30T17:11:36,58,אורתופדיה,קטנה,language,ערבית,6
2026-07-30T17:11:36,58,אורתופדיה,קטנה,language,צרפתית,1
2026-07-30T17:11:36,58,אורתופדיה,קטנה,language,רוסית,3
2026-07-30T17:11:45,58,אורתופדיה,קסר א סיר,gender,גבר,36
2026-07-30T17:11:45,58,אורתופדיה,קסר א סיר,gender,אישה,2
2026-07-30T17:11:45,58,אורתופדיה,קסר א סיר,visit_type,ביקור במרפאה,43
2026-07-30T17:11:45,58,אורתופדיה,קסר א סיר,language,עברית,1
2026-07-30T17:11:45,58,אורתופדיה,קסר א סיר,language,רוסית,1
2026-07-30T17:11:57,58,אורתופדיה,קרית ביאליק,gender,גבר,83
2026-07-30T17:11:57,58,אורתופדיה,קרית ביאליק,visit_type,ביקור במרפאה,84
2026-07-30T17:11:57,58,אורתופדיה,קרית ביאליק,visit_type,שיחת טלפון,2
2026-07-30T17:11:57,58,אורתופדיה,קרית ביאליק,language,אידיש,1
2026-07-30T17:11:57,58,אורתופדיה,קרית ביאליק,language,איטלקית,1
2026-07-30T17:11:57,58,אורתופדיה,קרית ביאליק,language,אנגלית,59
2026-07-30T17:11:57,58,אורתופדיה,קרית ביאליק,language,בולגרית,1
2026-07-30T17:11:57,58,אורתופדיה,קרית ביאליק,language,גרמנית,6
2026-07-30T17:11:57,58,אורתופדיה,קרית ביאליק,language,הונגרית,1
2026-07-30T17:11:57,58,אורתופדיה,קרית ביאליק,language,ספרדית,4
2026-07-30T17:11:57,58,אורתופדיה,קרית ביאליק,language,עברית,81
2026-07-30T17:11:57,58,אורתופדיה,קרית ביאליק,language,ערבית,53
2026-07-30T17:11:57,58,אורתופדיה,קרית ביאליק,language,צרפתית,1
2026-07-30T17:11:57,58,אורתופדיה,קרית ביאליק,language,רומנית,14
2026-07-30T17:11:57,58,אורתופדיה,קרית ביאליק,language,רוסית,19
2026-07-30T17:12:09,58,אורתופדיה,ראס כרכר,gender,גבר,47
2026-07-30T17:12:09,58,אורתופדיה,ראס כרכר,visit_type,ביקור במרפאה,49
2026-07-30T17:12:09,58,אורתופדיה,ראס כרכר,language,אנגלית,7
2026-07-30T17:12:09,58,אורתופדיה,ראס כרכר,language,עברית,12
2026-07-30T17:12:09,58,אורתופדיה,ראס כרכר,language,ערבית,6
2026-07-30T17:12:09,58,אורתופדיה,ראס כרכר,language,צרפתית,1
2026-07-30T17:12:09,58,אורתופדיה,ראס כרכר,language,רוסית,3
2026-07-30T17:12:18,58,אורתופדיה,רגבים,gender,גבר,125
2026-07-30T17:12:18,58,אורתופדיה,רגבים,visit_type,ביקור במרפאה,128
2026-07-30T17:12:18,58,אורתופדיה,רגבים,visit_type,שיחת טלפון,4
2026-07-30T17:12:18,58,אורתופדיה,רגבים,language,אידיש,1
2026-07-30T17:12:18,58,אורתופדיה,רגבים,language,איטלקית,1
2026-07-30T17:12:18,58,אורתופדיה,רגבים,language,אנגלית,15
2026-07-30T17:12:18,58,אורתופדיה,רגבים,language,גרמנית,1
2026-07-30T17:12:18,58,אורתופדיה,רגבים,language,עברית,26
2026-07-30T17:12:18,58,אורתופדיה,רגבים,language,ערבית,18
2026-07-30T17:12:18,58,אורתופדיה,רגבים,language,רומנית,7
2026-07-30T17:12:18,58,אורתופדיה,רגבים,language,רוסית,3
2026-07-30T17:12:38,58,אורתופדיה,רועי,gender,גבר,47
2026-07-30T17:12:38,58,אורתופדיה,רועי,visit_type,ביקור במרפאה,49
2026-07-30T17:12:38,58,אורתופדיה,רועי,language,אנגלית,7
2026-07-30T17:12:38,58,אורתופדיה,רועי,language,עברית,12
2026-07-30T17:12:38,58,אורתופדיה,רועי,language,ערבית,6
2026-07-30T17:12:38,58,אורתופדיה,רועי,language,צרפתית,1
2026-07-30T17:12:38,58,אורתופדיה,רועי,language,רוסית,3
2026-07-30T17:12:47,58,אורתופדיה,רכסים,gender,גבר,115
2026-07-30T17:12:47,58,אורתופדיה,רכסים,visit_type,ביקור במרפאה,116
2026-07-30T17:12:47,58,אורתופדיה,רכסים,visit_type,שיחת טלפון,2
2026-07-30T17:12:47,58,אורתופדיה,רכסים,language,אידיש,1
2026-07-30T17:12:47,58,אורתופדיה,רכסים,language,אנגלית,41
2026-07-30T17:12:47,58,אורתופדיה,רכסים,language,גרמנית,5
2026-07-30T17:12:47,58,אורתופדיה,רכסים,language,הונגרית,1
2026-07-30T17:12:47,58,אורתופדיה,רכסים,language,ספרדית,2
2026-07-30T17:12:47,58,אורתופדיה,רכסים,language,עברית,57
2026-07-30T17:12:47,58,אורתופדיה,רכסים,language,ערבית,29
2026-07-30T17:12:47,58,אורתופדיה,רכסים,language,צרפתית,1
2026-07-30T17:12:47,58,אורתופדיה,רכסים,language,רומנית,14
2026-07-30T17:12:47,58,אורתופדיה,רכסים,language,רוסית,12
2026-07-30T17:13:05,58,אורתופדיה,רמת גן,gender,גבר,61
2026-07-30T17:13:05,58,אורתופדיה,רמת גן,gender,אישה,5
2026-07-30T17:13:05,58,אורתופדיה,רמת גן,visit_type,ביקור במרפאה,78
2026-07-30T17:13:05,58,אורתופדיה,רמת גן,visit_type,שיחת טלפון,1
2026-07-30T17:13:05,58,אורתופדיה,רמת גן,language,איטלקית,7
2026-07-30T17:13:05,58,אורתופדיה,רמת גן,language,אנגלית,40
2026-07-30T17:13:05,58,אורתופדיה,רמת גן,language,גרמנית,6
2026-07-30T17:13:05,58,אורתופדיה,רמת גן,language,ספרדית,2
2026-07-30T17:13:05,58,אורתופדיה,רמת גן,language,עברית,65
2026-07-30T17:13:05,58,אורתופדיה,רמת גן,language,ערבית,7
2026-07-30T17:13:05,58,אורתופדיה,רמת גן,language,רומנית,6
2026-07-30T17:13:05,58,אורתופדיה,רמת גן,language,רוסית,8
2026-07-30T17:13:20,58,אורתופדיה,רשפים,gender,גבר,145
2026-07-30T17:13:20,58,אורתופדיה,רשפים,visit_type,ביקור במרפאה,146
2026-07-30T17:13:20,58,אורתופדיה,רשפים,visit_type,שיחת טלפון,2
2026-07-30T17:13:20,58,אורתופדיה,רשפים,language,איטלקית,1
2026-07-30T17:13:20,58,אורתופדיה,רשפים,language,אנגלית,19
2026-07-30T17:13:20,58,אורתופדיה,רשפים,language,גרמנית,1
2026-07-30T17:13:20,58,אורתופדיה,רשפים,language,עברית,31
2026-07-30T17:13:20,58,אורתופדיה,רשפים,language,ערבית,21
2026-07-30T17:13:20,58,אורתופדיה,רשפים,language,רומנית,7
2026-07-30T17:13:20,58,אורתופדיה,רשפים,language,רוסית,6
2026-07-30T17:13:40,58,אורתופדיה,שדה אליעזר,gender,גבר,97
2026-07-30T17:13:40,58,אורתופדיה,שדה אליעזר,visit_type,ביקור במרפאה,98
2026-07-30T17:13:40,58,אורתופדיה,שדה אליעזר,visit_type,שיחת טלפון,1
2026-07-30T17:13:40,58,אורתופדיה,שדה אליעזר,language,איטלקית,1
2026-07-30T17:13:40,58,אורתופדיה,שדה אליעזר,language,אנגלית,9
2026-07-30T17:13:40,58,אורתופדיה,שדה אליעזר,language,עברית,12
2026-07-30T17:13:40,58,אורתופדיה,שדה אליעזר,language,ערבית,5
2026-07-30T17:13:40,58,אורתופדיה,שדה אליעזר,language,רוסית,6
2026-07-30T17:13:57,58,אורתופדיה,שובל,gender,גבר,52
2026-07-30T17:13:57,58,אורתופדיה,שובל,gender,אישה,3
2026-07-30T17:13:57,58,אורתופדיה,שובל,visit_type,ביקור במרפאה,63
2026-07-30T17:13:57,58,אורתופדיה,שובל,language,עברית,1
2026-07-30T17:13:57,58,אורתופדיה,שובל,language,רוסית,1
2026-07-30T17:14:12,58,אורתופדיה,שחרות,gender,גבר,4
2026-07-30T17:14:12,58,אורתופדיה,שחרות,visit_type,ביקור במרפאה,6
2026-07-30T17:14:12,58,אורתופדיה,שחרות,visit_type,שיחת טלפון,2
2026-07-30T17:14:12,58,אורתופדיה,שחרות,language,איטלקית,1
2026-07-30T17:14:12,58,אורתופדיה,שחרות,language,אנגלית,1
2026-07-30T17:14:12,58,אורתופדיה,שחרות,language,עברית,1
2026-07-30T17:14:15,58,אורתופדיה,שכניה,gender,גבר,69
2026-07-30T17:14:15,58,אורתופדיה,שכניה,gender,אישה,2
2026-07-30T17:14:15,58,אורתופדיה,שכניה,visit_type,ביקור במרפאה,71
2026-07-30T17:14:15,58,אורתופדיה,שכניה,visit_type,שיחת טלפון,2
2026-07-30T17:14:15,58,אורתופדיה,שכניה,language,איטלקית,1
2026-07-30T17:14:15,58,אורתופדיה,שכניה,language,אנגלית,35
2026-07-30T17:14:15,58,אורתופדיה,שכניה,language,בולגרית,1
2026-07-30T17:14:15,58,אורתופדיה,שכניה,language,גרמנית,1
2026-07-30T17:14:15,58,אורתופדיה,שכניה,language,ספרדית,2
2026-07-30T17:14:15,58,אורתופדיה,שכניה,language,עברית,70
2026-07-30T17:14:15,58,אורתופדיה,שכניה,language,ערבית,60
2026-07-30T17:14:15,58,אורתופדיה,שכניה,language,צכית,1
2026-07-30T17:14:15,58,אורתופדיה,שכניה,language,צרפתית,1
2026-07-30T17:14:15,58,אורתופדיה,שכניה,language,רומנית,4
2026-07-30T17:14:15,58,אורתופדיה,שכניה,language,רוסית,15
2026-07-30T17:14:26,58,אורתופדיה,שמשית,gender,גבר,97
2026-07-30T17:14:26,58,אורתופדיה,שמשית,visit_type,ביקור במרפאה,98
2026-07-30T17:14:26,58,אורתופדיה,שמשית,visit_type,שיחת טלפון,1
2026-07-30T17:14:26,58,אורתופדיה,שמשית,language,איטלקית,1
2026-07-30T17:14:26,58,אורתופדיה,שמשית,language,אנגלית,9
2026-07-30T17:14:26,58,אורתופדיה,שמשית,language,עברית,12
2026-07-30T17:14:26,58,אורתופדיה,שמשית,language,ערבית,5
2026-07-30T17:14:26,58,אורתופדיה,שמשית,language,רוסית,6
2026-07-30T17:14:41,58,אורתופדיה,שער שומרון,gender,גבר,67
2026-07-30T17:14:41,58,אורתופדיה,שער שומרון,gender,אישה,1
2026-07-30T17:14:41,58,אורתופדיה,שער שומרון,visit_type,ביקור במרפאה,77
2026-07-30T17:14:41,58,אורתופדיה,שער שומרון,visit_type,שיחת טלפון,2
2026-07-30T17:14:41,58,אורתופדיה,שער שומרון,language,אידיש,1
2026-07-30T17:14:41,58,אורתופדיה,שער שומרון,language,איטלקית,5
2026-07-30T17:14:41,58,אורתופדיה,שער שומרון,language,אנגלית,35
2026-07-30T17:14:41,58,אורתופדיה,שער שומרון,language,גרמנית,6
2026-07-30T17:14:41,58,אורתופדיה,שער שומרון,language,ספרדית,2
2026-07-30T17:14:41,58,אורתופדיה,שער שומרון,language,עברית,56
2026-07-30T17:14:41,58,אורתופדיה,שער שומרון,language,ערבית,6
2026-07-30T17:14:41,58,אורתופדיה,שער שומרון,language,רומנית,5
2026-07-30T17:14:41,58,אורתופדיה,שער שומרון,language,רוסית,6
2026-07-30T17:14:55,58,אורתופדיה,שרשרת,gender,גבר,52
2026-07-30T17:14:55,58,אורתופדיה,שרשרת,gender,אישה,3
2026-07-30T17:14:55,58,אורתופדיה,שרשרת,visit_type,ביקור במרפאה,63
2026-07-30T17:14:55,58,אורתופדיה,שרשרת,language,עברית,1
2026-07-30T17:14:55,58,אורתופדיה,שרשרת,language,רוסית,1
2026-07-30T17:15:12,58,אורתופדיה,תיאסיר,gender,גבר,86
2026-07-30T17:15:12,58,אורתופדיה,תיאסיר,visit_type,ביקור במרפאה,89
2026-07-30T17:15:12,58,אורתופדיה,תיאסיר,visit_type,שיחת טלפון,3
2026-07-30T17:15:12,58,אורתופדיה,תיאסיר,language,אידיש,1
2026-07-30T17:15:12,58,אורתופדיה,תיאסיר,language,איטלקית,1
2026-07-30T17:15:12,58,אורתופדיה,תיאסיר,language,אנגלית,8
2026-07-30T17:15:12,58,אורתופדיה,תיאסיר,language,עברית,15
2026-07-30T17:15:12,58,אורתופדיה,תיאסיר,language,ערבית,10
2026-07-30T17:15:12,58,אורתופדיה,תיאסיר,language,רומנית,3
2026-07-30T17:15:12,58,אורתופדיה,תיאסיר,language,רוסית,2
2026-07-30T17:15:27,58,אורתופדיה,תל מונד,gender,גבר,86
2026-07-30T17:15:27,58,אורתופדיה,תל מונד,visit_type,ביקור במרפאה,89
2026-07-30T17:15:27,58,אורתופדיה,תל מונד,visit_type,שיחת טלפון,3
2026-07-30T17:15:27,58,אורתופדיה,תל מונד,language,אידיש,1
2026-07-30T17:15:27,58,אורתופדיה,תל מונד,language,איטלקית,1
2026-07-30T17:15:27,58,אורתופדיה,תל מונד,language,אנגלית,8
2026-07-30T17:15:27,58,אורתופדיה,תל מונד,language,עברית,15
2026-07-30T17:15:27,58,אורתופדיה,תל מונד,language,ערבית,10
2026-07-30T17:15:27,58,אורתופדיה,תל מונד,language,רומנית,3
2026-07-30T17:15:27,58,אורתופדיה,תל מונד,language,רוסית,2
2026-07-30T17:15:41,58,אורתופדיה,תעשיון צריפין,gender,גבר,64
2026-07-30T17:15:41,58,אורתופדיה,תעשיון צריפין,gender,אישה,1
2026-07-30T17:15:41,58,אורתופדיה,תעשיון צריפין,visit_type,ביקור במרפאה,73
2026-07-30T17:15:41,58,אורתופדיה,תעשיון צריפין,visit_type,שיחת טלפון,2
2026-07-30T17:15:41,58,אורתופדיה,תעשיון צריפין,visit_type,שיחת וידאו,1
2026-07-30T17:15:41,58,אורתופדיה,תעשיון צריפין,language,איטלקית,3
2026-07-30T17:15:41,58,אורתופדיה,תעשיון צריפין,language,אנגלית,7
2026-07-30T17:15:41,58,אורתופדיה,תעשיון צריפין,language,גרמנית,1
2026-07-30T17:15:41,58,אורתופדיה,תעשיון צריפין,language,עברית,13
2026-07-30T17:15:41,58,אורתופדיה,תעשיון צריפין,language,ערבית,1
2026-07-30T17:15:41,58,אורתופדיה,תעשיון צריפין,language,צרפתית,3
2026-07-30T17:15:41,58,אורתופדיה,תעשיון צריפין,language,רומנית,1
2026-07-30T17:15:41,58,אורתופדיה,תעשיון צריפין,language,רוסית,5
2026-07-30T17:15:56,58,אורתופדיה,תראבין א צאנה שבט,gender,גבר,36
2026-07-30T17:15:56,58,אורתופדיה,תראבין א צאנה שבט,gender,אישה,2
2026-07-30T17:15:56,58,אורתופדיה,תראבין א צאנה שבט,visit_type,ביקור במרפאה,43
2026-07-30T17:15:56,58,אורתופדיה,תראבין א צאנה שבט,language,עברית,1
2026-07-30T17:15:56,58,אורתופדיה,תראבין א צאנה שבט,language,רוסית,1
2026-07-30T17:16:08,62,אף אוזן גרון,אבו ג'ווייעד,gender,גבר,38
2026-07-30T17:16:08,62,אף אוזן גרון,אבו ג'ווייעד,gender,אישה,6
2026-07-30T17:16:08,62,אף אוזן גרון,אבו ג'ווייעד,visit_type,ביקור במרפאה,47
2026-07-30T17:16:08,62,אף אוזן גרון,אבו ג'ווייעד,language,אוקראינית,1
2026-07-30T17:16:08,62,אף אוזן גרון,אבו ג'ווייעד,language,אידיש,3
2026-07-30T17:16:08,62,אף אוזן גרון,אבו ג'ווייעד,language,אנגלית,3
2026-07-30T17:16:08,62,אף אוזן גרון,אבו ג'ווייעד,language,הונגרית,1
2026-07-30T17:16:08,62,אף אוזן גרון,אבו ג'ווייעד,language,ספרדית,3
2026-07-30T17:16:08,62,אף אוזן גרון,אבו ג'ווייעד,language,עברית,10
2026-07-30T17:16:08,62,אף אוזן גרון,אבו ג'ווייעד,language,ערבית,4
2026-07-30T17:16:08,62,אף אוזן גרון,אבו ג'ווייעד,language,צכית,1
2026-07-30T17:16:08,62,אף אוזן גרון,אבו ג'ווייעד,language,רוסית,1
2026-07-30T17:16:18,62,אף אוזן גרון,אדורה,gender,גבר,36
2026-07-30T17:16:18,62,אף אוזן גרון,אדורה,gender,אישה,4
2026-07-30T17:16:18,62,אף אוזן גרון,אדורה,visit_type,ביקור במרפאה,41
2026-07-30T17:16:18,62,אף אוזן גרון,אדורה,language,אידיש,4
2026-07-30T17:16:18,62,אף אוזן גרון,אדורה,language,איטלקית,1
2026-07-30T17:16:18,62,אף אוזן גרון,אדורה,language,אנגלית,10
2026-07-30T17:16:18,62,אף אוזן גרון,אדורה,language,עברית,10
2026-07-30T17:16:18,62,אף אוזן גרון,אדורה,language,ערבית,4
2026-07-30T17:16:18,62,אף אוזן גרון,אדורה,language,רוסית,4
2026-07-30T17:16:24,62,אף אוזן גרון,אולפני נווה אילן,gender,גבר,36
2026-07-30T17:16:24,62,אף אוזן גרון,אולפני נווה אילן,gender,אישה,4
2026-07-30T17:16:24,62,אף אוזן גרון,אולפני נווה אילן,visit_type,ביקור במרפאה,41
2026-07-30T17:16:24,62,אף אוזן גרון,אולפני נווה אילן,language,אידיש,4
2026-07-30T17:16:24,62,אף אוזן גרון,אולפני נווה אילן,language,איטלקית,1
2026-07-30T17:16:24,62,אף אוזן גרון,אולפני נווה אילן,language,אנגלית,10
2026-07-30T17:16:24,62,אף אוזן גרון,אולפני נווה אילן,language,עברית,10
2026-07-30T17:16:24,62,אף אוזן גרון,אולפני נווה אילן,language,ערבית,4
2026-07-30T17:16:24,62,אף אוזן גרון,אולפני נווה אילן,language,רוסית,4
2026-07-30T17:16:31,62,אף אוזן גרון,אחווה,gender,גבר,21
2026-07-30T17:16:31,62,אף אוזן גרון,אחווה,gender,אישה,2
2026-07-30T17:16:31,62,אף אוזן גרון,אחווה,visit_type,ביקור במרפאה,27
2026-07-30T17:16:31,62,אף אוזן גרון,אחווה,language,איטלקית,1
2026-07-30T17:16:31,62,אף אוזן גרון,אחווה,language,אנגלית,8
2026-07-30T17:16:31,62,אף אוזן גרון,אחווה,language,ספרדית,1
2026-07-30T17:16:31,62,אף אוזן גרון,אחווה,language,עברית,10
2026-07-30T17:16:31,62,אף אוזן גרון,אחווה,language,צרפתית,2
2026-07-30T17:16:31,62,אף אוזן גרון,אחווה,language,רוסית,4
2026-07-30T17:16:36,62,אף אוזן גרון,אידנא,gender,גבר,36
2026-07-30T17:16:36,62,אף אוזן גרון,אידנא,gender,אישה,4
2026-07-30T17:16:36,62,אף אוזן גרון,אידנא,visit_type,ביקור במרפאה,41
2026-07-30T17:16:36,62,אף אוזן גרון,אידנא,language,אידיש,4
2026-07-30T17:16:36,62,אף אוזן גרון,אידנא,language,איטלקית,1
2026-07-30T17:16:36,62,אף אוזן גרון,אידנא,language,אנגלית,10
2026-07-30T17:16:36,62,אף אוזן גרון,אידנא,language,עברית,10
2026-07-30T17:16:36,62,אף אוזן גרון,אידנא,language,ערבית,4
2026-07-30T17:16:36,62,אף אוזן גרון,אידנא,language,רוסית,4
2026-07-30T17:16:43,62,אף אוזן גרון,אל בירה,gender,גבר,36
2026-07-30T17:16:43,62,אף אוזן גרון,אל בירה,gender,אישה,4
2026-07-30T17:16:43,62,אף אוזן גרון,אל בירה,visit_type,ביקור במרפאה,41
2026-07-30T17:16:43,62,אף אוזן גרון,אל בירה,language,אידיש,4
2026-07-30T17:16:43,62,אף אוזן גרון,אל בירה,language,איטלקית,1
2026-07-30T17:16:43,62,אף אוזן גרון,אל בירה,language,אנגלית,10
2026-07-30T17:16:43,62,אף אוזן גרון,אל בירה,language,עברית,10
2026-07-30T17:16:43,62,אף אוזן גרון,אל בירה,language,ערבית,4
2026-07-30T17:16:43,62,אף אוזן גרון,אל בירה,language,רוסית,4
2026-07-30T17:16:50,62,אף אוזן גרון,אמירים,gender,גבר,54
2026-07-30T17:16:50,62,אף אוזן גרון,אמירים,gender,אישה,5
2026-07-30T17:16:50,62,אף אוזן גרון,אמירים,visit_type,ביקור במרפאה,59
2026-07-30T17:16:50,62,אף אוזן גרון,אמירים,language,אנגלית,11
2026-07-30T17:16:50,62,אף אוזן גרון,אמירים,language,עברית,14
2026-07-30T17:16:50,62,אף אוזן גרון,אמירים,language,ערבית,14
2026-07-30T17:16:50,62,אף אוזן גרון,אמירים,language,רוסית,2
2026-07-30T17:16:59,62,אף אוזן גרון,אפק,gender,גבר,47
2026-07-30T17:16:59,62,אף אוזן גרון,אפק,gender,אישה,12
2026-07-30T17:16:59,62,אף אוזן גרון,אפק,visit_type,ביקור במרפאה,61
2026-07-30T17:16:59,62,אף אוזן גרון,אפק,visit_type,שיחת טלפון,5
2026-07-30T17:16:59,62,אף אוזן גרון,אפק,language,איטלקית,3
2026-07-30T17:16:59,62,אף אוזן גרון,אפק,language,אנגלית,37
2026-07-30T17:16:59,62,אף אוזן גרון,אפק,language,גרמנית,6
2026-07-30T17:16:59,62,אף אוזן גרון,אפק,language,הולנדית,1
2026-07-30T17:16:59,62,אף אוזן גרון,אפק,language,הונגרית,1
2026-07-30T17:16:59,62,אף אוזן גרון,אפק,language,ספרדית,2
2026-07-30T17:16:59,62,אף אוזן גרון,אפק,language,עברית,60
2026-07-30T17:16:59,62,אף אוזן גרון,אפק,language,ערבית,37
2026-07-30T17:16:59,62,אף אוזן גרון,אפק,language,צרפתית,1
2026-07-30T17:16:59,62,אף אוזן גרון,אפק,language,רומנית,1
2026-07-30T17:16:59,62,אף אוזן גרון,אפק,language,רוסית,13
2026-07-30T17:17:09,62,אף אוזן גרון,אשדוד,gender,אישה,2
2026-07-30T17:17:09,62,אף אוזן גרון,אשדוד,gender,גבר,21
2026-07-30T17:17:09,62,אף אוזן גרון,אשדוד,visit_type,ביקור במרפאה,27
2026-07-30T17:17:09,62,אף אוזן גרון,אשדוד,language,איטלקית,1
2026-07-30T17:17:09,62,אף אוזן גרון,אשדוד,language,אנגלית,8
2026-07-30T17:17:09,62,אף אוזן גרון,אשדוד,language,ספרדית,1
2026-07-30T17:17:09,62,אף אוזן גרון,אשדוד,language,עברית,10
2026-07-30T17:17:09,62,אף אוזן גרון,אשדוד,language,צרפתית,2
2026-07-30T17:17:09,62,אף אוזן גרון,אשדוד,language,רוסית,4
2026-07-30T17:17:15,62,אף אוזן גרון,באקה אל ע'רביה,gender,גבר,67
2026-07-30T17:17:15,62,אף אוזן גרון,באקה אל ע'רביה,gender,אישה,20
2026-07-30T17:17:15,62,אף אוזן גרון,באקה אל ע'רביה,visit_type,ביקור במרפאה,92
2026-07-30T17:17:15,62,אף אוזן גרון,באקה אל ע'רביה,visit_type,שיחת טלפון,1
2026-07-30T17:17:15,62,אף אוזן גרון,באקה אל ע'רביה,language,אוקראינית,1
2026-07-30T17:17:15,62,אף אוזן גרון,באקה אל ע'רביה,language,אידיש,4
2026-07-30T17:17:15,62,אף אוזן גרון,באקה אל ע'רביה,language,איטלקית,1
2026-07-30T17:17:15,62,אף אוזן גרון,באקה אל ע'רביה,language,אנגלית,19
2026-07-30T17:17:15,62,אף אוזן גרון,באקה אל ע'רביה,language,גרמנית,1
2026-07-30T17:17:15,62,אף אוזן גרון,באקה אל ע'רביה,language,ספרדית,1
2026-07-30T17:17:15,62,אף אוזן גרון,באקה אל ע'רביה,language,עברית,26
2026-07-30T17:17:15,62,אף אוזן גרון,באקה אל ע'רביה,language,ערבית,9
2026-07-30T17:17:15,62,אף אוזן גרון,באקה אל ע'רביה,language,רומנית,2
2026-07-30T17:17:15,62,אף אוזן גרון,באקה אל ע'רביה,language,רוסית,9
2026-07-30T17:17:30,62,אף אוזן גרון,בועיינה נוג'יידאת,gender,גבר,54
2026-07-30T17:17:30,62,אף אוזן גרון,בועיינה נוג'יידאת,gender,אישה,5
2026-07-30T17:17:30,62,אף אוזן גרון,בועיינה נוג'יידאת,visit_type,ביקור במרפאה,59
2026-07-30T17:17:30,62,אף אוזן גרון,בועיינה נוג'יידאת,language,אנגלית,11
2026-07-30T17:17:30,62,אף אוזן גרון,בועיינה נוג'יידאת,language,עברית,14
2026-07-30T17:17:30,62,אף אוזן גרון,בועיינה נוג'יידאת,language,ערבית,14
2026-07-30T17:17:30,62,אף אוזן גרון,בועיינה נוג'יידאת,language,רוסית,2
2026-07-30T17:17:40,62,אף אוזן גרון,בטחה,gender,גבר,50
2026-07-30T17:17:40,62,אף אוזן גרון,בטחה,gender,אישה,7
2026-07-30T17:17:40,62,אף אוזן גרון,בטחה,visit_type,ביקור במרפאה,63
2026-07-30T17:17:40,62,אף אוזן גרון,בטחה,language,אוקראינית,1
2026-07-30T17:17:40,62,אף אוזן גרון,בטחה,language,אידיש,3
2026-07-30T17:17:40,62,אף אוזן גרון,בטחה,language,אנגלית,3
2026-07-30T17:17:40,62,אף אוזן גרון,בטחה,language,הונגרית,1
2026-07-30T17:17:40,62,אף אוזן גרון,בטחה,language,ספרדית,3
2026-07-30T17:17:40,62,אף אוזן גרון,בטחה,language,עברית,11
2026-07-30T17:17:40,62,אף אוזן גרון,בטחה,language,ערבית,5
2026-07-30T17:17:40,62,אף אוזן גרון,בטחה,language,צכית,1
2026-07-30T17:17:40,62,אף אוזן גרון,בטחה,language,רוסית,1
2026-07-30T17:17:52,62,אף אוזן גרון,ביר זית,gender,גבר,36
2026-07-30T17:17:52,62,אף אוזן גרון,ביר זית,gender,אישה,4
2026-07-30T17:17:52,62,אף אוזן גרון,ביר זית,visit_type,ביקור במרפאה,41
2026-07-30T17:17:52,62,אף אוזן גרון,ביר זית,language,אידיש,4
2026-07-30T17:17:52,62,אף אוזן גרון,ביר זית,language,איטלקית,1
2026-07-30T17:17:52,62,אף אוזן גרון,ביר זית,language,אנגלית,10
2026-07-30T17:17:52,62,אף אוזן גרון,ביר זית,language,עברית,10
2026-07-30T17:17:52,62,אף אוזן גרון,ביר זית,language,ערבית,4
2026-07-30T17:17:52,62,אף אוזן גרון,ביר זית,language,רוסית,4
2026-07-30T17:18:01,62,אף אוזן גרון,בני נצרים,gender,גבר,32
2026-07-30T17:18:01,62,אף אוזן גרון,בני נצרים,gender,אישה,3
2026-07-30T17:18:01,62,אף אוזן גרון,בני נצרים,visit_type,ביקור במרפאה,41
2026-07-30T17:18:01,62,אף אוזן גרון,בני נצרים,language,אוקראינית,1
2026-07-30T17:18:01,62,אף אוזן גרון,בני נצרים,language,אנגלית,3
2026-07-30T17:18:01,62,אף אוזן גרון,בני נצרים,language,הונגרית,1
2026-07-30T17:18:01,62,אף אוזן גרון,בני נצרים,language,עברית,4
2026-07-30T17:18:01,62,אף אוזן גרון,בני נצרים,language,ערבית,1
2026-07-30T17:18:01,62,אף אוזן גרון,בני נצרים,language,צכית,1
2026-07-30T17:18:01,62,אף אוזן גרון,בני נצרים,language,רוסית,1
2026-07-30T17:18:09,62,אף אוזן גרון,בר גיורא,gender,גבר,36
2026-07-30T17:18:09,62,אף אוזן גרון,בר גיורא,gender,אישה,4
2026-07-30T17:18:09,62,אף אוזן גרון,בר גיורא,visit_type,ביקור במרפאה,41
2026-07-30T17:18:09,62,אף אוזן גרון,בר גיורא,language,אידיש,4
2026-07-30T17:18:09,62,אף אוזן גרון,בר גיורא,language,איטלקית,1
2026-07-30T17:18:09,62,אף אוזן גרון,בר גיורא,language,אנגלית,10
2026-07-30T17:18:09,62,אף אוזן גרון,בר גיורא,language,עברית,10
2026-07-30T17:18:09,62,אף אוזן גרון,בר גיורא,language,ערבית,4
2026-07-30T17:18:09,62,אף אוזן גרון,בר גיורא,language,רוסית,4
2026-07-30T17:18:18,62,אף אוזן גרון,בת הדר,gender,גבר,32
2026-07-30T17:18:18,62,אף אוזן גרון,בת הדר,gender,אישה,3
2026-07-30T17:18:18,62,אף אוזן גרון,בת הדר,visit_type,ביקור במרפאה,41
2026-07-30T17:18:18,62,אף אוזן גרון,בת הדר,language,אוקראינית,1
2026-07-30T17:18:18,62,אף אוזן גרון,בת הדר,language,אנגלית,3
2026-07-30T17:18:18,62,אף אוזן גרון,בת הדר,language,הונגרית,1
2026-07-30T17:18:18,62,אף אוזן גרון,בת הדר,language,עברית,4
2026-07-30T17:18:18,62,אף אוזן גרון,בת הדר,language,ערבית,1
2026-07-30T17:18:18,62,אף אוזן גרון,בת הדר,language,צכית,1
2026-07-30T17:18:18,62,אף אוזן גרון,בת הדר,language,רוסית,1
2026-07-30T17:18:27,62,אף אוזן גרון,ג'בע,gender,גבר,48
2026-07-30T17:18:27,62,אף אוזן גרון,ג'בע,gender,אישה,14
2026-07-30T17:18:27,62,אף אוזן גרון,ג'בע,visit_type,ביקור במרפאה,67
2026-07-30T17:18:27,62,אף אוזן גרון,ג'בע,visit_type,שיחת טלפון,1
2026-07-30T17:18:27,62,אף אוזן גרון,ג'בע,language,אוקראינית,1
2026-07-30T17:18:27,62,אף אוזן גרון,ג'בע,language,אידיש,4
2026-07-30T17:18:27,62,אף אוזן גרון,ג'בע,language,איטלקית,1
2026-07-30T17:18:27,62,אף אוזן גרון,ג'בע,language,אנגלית,12
2026-07-30T17:18:27,62,אף אוזן גרון,ג'בע,language,גרמנית,1
2026-07-30T17:18:27,62,אף אוזן גרון,ג'בע,language,עברית,16
2026-07-30T17:18:27,62,אף אוזן גרון,ג'בע,language,ערבית,3
2026-07-30T17:18:27,62,אף אוזן גרון,ג'בע,language,רומנית,2
2026-07-30T17:18:27,62,אף אוזן גרון,ג'בע,language,רוסית,6
2026-07-30T17:18:36,62,אף אוזן גרון,גבעון החדשה,gender,גבר,36
2026-07-30T17:18:36,62,אף אוזן גרון,גבעון החדשה,gender,אישה,4
2026-07-30T17:18:36,62,אף אוזן גרון,גבעון החדשה,visit_type,ביקור במרפאה,41
2026-07-30T17:18:36,62,אף אוזן גרון,גבעון החדשה,language,אידיש,4
2026-07-30T17:18:36,62,אף אוזן גרון,גבעון החדשה,language,איטלקית,1
2026-07-30T17:18:36,62,אף אוזן גרון,גבעון החדשה,language,אנגלית,10
2026-07-30T17:18:36,62,אף אוזן גרון,גבעון החדשה,language,עברית,10
2026-07-30T17:18:36,62,אף אוזן גרון,גבעון החדשה,language,ערבית,4
2026-07-30T17:18:36,62,אף אוזן גרון,גבעון החדשה,language,רוסית,4
2026-07-30T17:18:43,62,אף אוזן גרון,גורנות הגליל,gender,גבר,35
2026-07-30T17:18:43,62,אף אוזן גרון,גורנות הגליל,gender,אישה,3
2026-07-30T17:18:43,62,אף אוזן גרון,גורנות הגליל,visit_type,ביקור במרפאה,38
2026-07-30T17:18:43,62,אף אוזן גרון,גורנות הגליל,visit_type,שיחת טלפון,1
2026-07-30T17:18:43,62,אף אוזן גרון,גורנות הגליל,language,איטלקית,5
2026-07-30T17:18:43,62,אף אוזן גרון,גורנות הגליל,language,אנגלית,29
2026-07-30T17:18:43,62,אף אוזן גרון,גורנות הגליל,language,גרמנית,2
2026-07-30T17:18:43,62,אף אוזן גרון,גורנות הגליל,language,הולנדית,1
2026-07-30T17:18:43,62,אף אוזן גרון,גורנות הגליל,language,ספרדית,1
2026-07-30T17:18:43,62,אף אוזן גרון,גורנות הגליל,language,עברית,38
2026-07-30T17:18:43,62,אף אוזן גרון,גורנות הגליל,language,ערבית,34
2026-07-30T17:18:43,62,אף אוזן גרון,גורנות הגליל,language,צרפתית,1
2026-07-30T17:18:43,62,אף אוזן גרון,גורנות הגליל,language,רומנית,7
2026-07-30T17:18:43,62,אף אוזן גרון,גורנות הגליל,language,רוסית,5
2026-07-30T17:18:49,62,אף אוזן גרון,גינתון,gender,גבר,22
2026-07-30T17:18:49,62,אף אוזן גרון,גינתון,gender,אישה,1
2026-07-30T17:18:49,62,אף אוזן גרון,גינתון,visit_type,ביקור במרפאה,32
2026-07-30T17:18:49,62,אף אוזן גרון,גינתון,language,איטלקית,1
2026-07-30T17:18:49,62,אף אוזן גרון,גינתון,language,אנגלית,9
2026-07-30T17:18:49,62,אף אוזן גרון,גינתון,language,עברית,14
2026-07-30T17:18:49,62,אף אוזן גרון,גינתון,language,ערבית,2
2026-07-30T17:18:49,62,אף אוזן גרון,גינתון,language,צרפתית,1
2026-07-30T17:18:49,62,אף אוזן גרון,גינתון,language,רוסית,4
2026-07-30T17:18:56,62,אף אוזן גרון,גני הדר,gender,גבר,30
2026-07-30T17:18:56,62,אף אוזן גרון,גני הדר,gender,אישה,2
2026-07-30T17:18:56,62,אף אוזן גרון,גני הדר,visit_type,ביקור במרפאה,44
2026-07-30T17:18:56,62,אף אוזן גרון,גני הדר,language,איטלקית,1
2026-07-30T17:18:56,62,אף אוזן גרון,גני הדר,language,אנגלית,12
2026-07-30T17:18:56,62,אף אוזן גרון,גני הדר,language,ספרדית,1
2026-07-30T17:18:56,62,אף אוזן גרון,גני הדר,language,עברית,18
2026-07-30T17:18:56,62,אף אוזן גרון,גני הדר,language,ערבית,2
2026-07-30T17:18:56,62,אף אוזן גרון,גני הדר,language,צרפתית,2
2026-07-30T17:18:56,62,אף אוזן גרון,גני הדר,language,רוסית,7
2026-07-30T17:19:05,62,אף אוזן גרון,גשור,gender,גבר,54
2026-07-30T17:19:05,62,אף אוזן גרון,גשור,gender,אישה,5
2026-07-30T17:19:05,62,אף אוזן גרון,גשור,visit_type,ביקור במרפאה,59
2026-07-30T17:19:05,62,אף אוזן גרון,גשור,language,אנגלית,11
2026-07-30T17:19:05,62,אף אוזן גרון,גשור,language,עברית,14
2026-07-30T17:19:05,62,אף אוזן גרון,גשור,language,ערבית,14
2026-07-30T17:19:05,62,אף אוזן גרון,גשור,language,רוסית,2
2026-07-30T17:19:15,62,אף אוזן גרון,דגניה א',gender,גבר,54
2026-07-30T17:19:15,62,אף אוזן גרון,דגניה א',gender,אישה,5
2026-07-30T17:19:15,62,אף אוזן גרון,דגניה א',visit_type,ביקור במרפאה,59
2026-07-30T17:19:15,62,אף אוזן גרון,דגניה א',language,אנגלית,11
2026-07-30T17:19:15,62,אף אוזן גרון,דגניה א',language,עברית,14
2026-07-30T17:19:15,62,אף אוזן גרון,דגניה א',language,ערבית,14
2026-07-30T17:19:15,62,אף אוזן גרון,דגניה א',language,רוסית,2
2026-07-30T17:19:24,62,אף אוזן גרון,דורא אל קריע,gender,גבר,36
2026-07-30T17:19:24,62,אף אוזן גרון,דורא אל קריע,gender,אישה,4
2026-07-30T17:19:24,62,אף אוזן גרון,דורא אל קריע,visit_type,ביקור במרפאה,41
2026-07-30T17:19:24,62,אף אוזן גרון,דורא אל קריע,language,אידיש,4
2026-07-30T17:19:24,62,אף אוזן גרון,דורא אל קריע,language,איטלקית,1
2026-07-30T17:19:24,62,אף אוזן גרון,דורא אל קריע,language,אנגלית,10
2026-07-30T17:19:24,62,אף אוזן גרון,דורא אל קריע,language,עברית,10
2026-07-30T17:19:24,62,אף אוזן גרון,דורא אל קריע,language,ערבית,4
2026-07-30T17:19:24,62,אף אוזן גרון,דורא אל קריע,language,רוסית,4
2026-07-30T17:19:30,62,אף אוזן גרון,דיר איבזיע,gender,גבר,36
2026-07-30T17:19:30,62,אף אוזן גרון,דיר איבזיע,gender,אישה,4
2026-07-30T17:19:30,62,אף אוזן גרון,דיר איבזיע,visit_type,ביקור במרפאה,41
2026-07-30T17:19:30,62,אף אוזן גרון,דיר איבזיע,language,אידיש,4
2026-07-30T17:19:30,62,אף אוזן גרון,דיר איבזיע,language,איטלקית,1
2026-07-30T17:19:30,62,אף אוזן גרון,דיר איבזיע,language,אנגלית,10
2026-07-30T17:19:30,62,אף אוזן גרון,דיר איבזיע,language,עברית,10
2026-07-30T17:19:30,62,אף אוזן גרון,דיר איבזיע,language,ערבית,4
2026-07-30T17:19:30,62,אף אוזן גרון,דיר איבזיע,language,רוסית,4
2026-07-30T17:19:38,62,אף אוזן גרון,האון,gender,גבר,54
2026-07-30T17:19:38,62,אף אוזן גרון,האון,gender,אישה,5
2026-07-30T17:19:38,62,אף אוזן גרון,האון,visit_type,ביקור במרפאה,59
2026-07-30T17:19:38,62,אף אוזן גרון,האון,language,אנגלית,11
2026-07-30T17:19:38,62,אף אוזן גרון,האון,language,עברית,14
2026-07-30T17:19:38,62,אף אוזן גרון,האון,language,ערבית,14
2026-07-30T17:19:38,62,אף אוזן גרון,האון,language,רוסית,2
2026-07-30T17:19:48,62,אף אוזן גרון,הושעיה,gender,גבר,54
2026-07-30T17:19:48,62,אף אוזן גרון,הושעיה,gender,אישה,5
2026-07-30T17:19:48,62,אף אוזן גרון,הושעיה,visit_type,ביקור במרפאה,59
2026-07-30T17:19:48,62,אף אוזן גרון,הושעיה,language,אנגלית,11
2026-07-30T17:19:48,62,אף אוזן גרון,הושעיה,language,עברית,14
2026-07-30T17:19:48,62,אף אוזן גרון,הושעיה,language,ערבית,14
2026-07-30T17:19:48,62,אף אוזן גרון,הושעיה,language,רוסית,2
2026-07-30T17:19:56,62,אף אוזן גרון,הר אדר,gender,גבר,36
2026-07-30T17:19:56,62,אף אוזן גרון,הר אדר,gender,אישה,4
2026-07-30T17:19:56,62,אף אוזן גרון,הר אדר,visit_type,ביקור במרפאה,41
2026-07-30T17:19:56,62,אף אוזן גרון,הר אדר,language,אידיש,4
2026-07-30T17:19:56,62,אף אוזן גרון,הר אדר,language,איטלקית,1
2026-07-30T17:19:56,62,אף אוזן גרון,הר אדר,language,אנגלית,10
2026-07-30T17:19:56,62,אף אוזן גרון,הר אדר,language,עברית,10
2026-07-30T17:19:56,62,אף אוזן גרון,הר אדר,language,ערבית,4
2026-07-30T17:19:56,62,אף אוזן גרון,הר אדר,language,רוסית,4
2026-07-30T17:20:03,62,אף אוזן גרון,זאוויה,gender,גבר,26
2026-07-30T17:20:03,62,אף אוזן גרון,זאוויה,gender,אישה,10
2026-07-30T17:20:03,62,אף אוזן גרון,זאוויה,visit_type,ביקור במרפאה,38
2026-07-30T17:20:03,62,אף אוזן גרון,זאוויה,visit_type,שיחת טלפון,1
2026-07-30T17:20:03,62,אף אוזן גרון,זאוויה,language,אנגלית,14
2026-07-30T17:20:03,62,אף אוזן גרון,זאוויה,language,ספרדית,2
2026-07-30T17:20:03,62,אף אוזן גרון,זאוויה,language,עברית,37
2026-07-30T17:20:03,62,אף אוזן גרון,זאוויה,language,ערבית,2
2026-07-30T17:20:03,62,אף אוזן גרון,זאוויה,language,רוסית,9
2026-07-30T17:20:10,62,אף אוזן גרון,זיתא,gender,גבר,48
2026-07-30T17:20:10,62,אף אוזן גרון,זיתא,gender,אישה,14
2026-07-30T17:20:10,62,אף אוזן גרון,זיתא,visit_type,ביקור במרפאה,67
2026-07-30T17:20:10,62,אף אוזן גרון,זיתא,visit_type,שיחת טלפון,1
2026-07-30T17:20:10,62,אף אוזן גרון,זיתא,language,אוקראינית,1
2026-07-30T17:20:10,62,אף אוזן גרון,זיתא,language,אידיש,4
2026-07-30T17:20:10,62,אף אוזן גרון,זיתא,language,איטלקית,1
2026-07-30T17:20:10,62,אף אוזן גרון,זיתא,language,אנגלית,12
2026-07-30T17:20:10,62,אף אוזן גרון,זיתא,language,גרמנית,1
2026-07-30T17:20:10,62,אף אוזן גרון,זיתא,language,עברית,16
2026-07-30T17:20:10,62,אף אוזן גרון,זיתא,language,ערבית,3
2026-07-30T17:20:10,62,אף אוזן גרון,זיתא,language,רומנית,2
2026-07-30T17:20:10,62,אף אוזן גרון,זיתא,language,רוסית,6
2026-07-30T17:20:22,62,אף אוזן גרון,זרזיר,gender,גבר,86
2026-07-30T17:20:22,62,אף אוזן גרון,זרזיר,gender,אישה,8
2026-07-30T17:20:22,62,אף אוזן גרון,זרזיר,visit_type,ביקור במרפאה,95
2026-07-30T17:20:22,62,אף אוזן גרון,זרזיר,language,אנגלית,17
2026-07-30T17:20:22,62,אף אוזן גרון,זרזיר,language,ספרדית,1
2026-07-30T17:20:22,62,אף אוזן גרון,זרזיר,language,עברית,23
2026-07-30T17:20:22,62,אף אוזן גרון,זרזיר,language,ערבית,19
2026-07-30T17:20:22,62,אף אוזן גרון,זרזיר,language,רוסית,5
2026-07-30T17:20:36,62,אף אוזן גרון,חגור,gender,גבר,34
2026-07-30T17:20:36,62,אף אוזן גרון,חגור,gender,אישה,20
2026-07-30T17:20:36,62,אף אוזן גרון,חגור,visit_type,ביקור במרפאה,59
2026-07-30T17:20:36,62,אף אוזן גרון,חגור,visit_type,שיחת טלפון,1
2026-07-30T17:20:36,62,אף אוזן גרון,חגור,language,אוקראינית,1
2026-07-30T17:20:36,62,אף אוזן גרון,חגור,language,אידיש,1
2026-07-30T17:20:36,62,אף אוזן גרון,חגור,language,איטלקית,1
2026-07-30T17:20:36,62,אף אוזן גרון,חגור,language,אנגלית,18
2026-07-30T17:20:36,62,אף אוזן גרון,חגור,language,גרמנית,1
2026-07-30T17:20:36,62,אף אוזן גרון,חגור,language,ספרדית,2
2026-07-30T17:20:36,62,אף אוזן גרון,חגור,language,עברית,44
2026-07-30T17:20:36,62,אף אוזן גרון,חגור,language,ערבית,3
2026-07-30T17:20:36,62,אף אוזן גרון,חגור,language,רומנית,1
2026-07-30T17:20:36,62,אף אוזן גרון,חגור,language,רוסית,11
2026-07-30T17:20:46,62,אף אוזן גרון,חולתה,gender,גבר,54
2026-07-30T17:20:46,62,אף אוזן גרון,חולתה,gender,אישה,5
2026-07-30T17:20:46,62,אף אוזן גרון,חולתה,visit_type,ביקור במרפאה,59
2026-07-30T17:20:46,62,אף אוזן גרון,חולתה,language,אנגלית,11
2026-07-30T17:20:46,62,אף אוזן גרון,חולתה,language,עברית,14
2026-07-30T17:20:46,62,אף אוזן גרון,חולתה,language,ערבית,14
2026-07-30T17:20:46,62,אף אוזן גרון,חולתה,language,רוסית,2
2026-07-30T17:20:55,62,אף אוזן גרון,חיפה,gender,גבר,27
2026-07-30T17:20:55,62,אף אוזן גרון,חיפה,gender,אישה,10
2026-07-30T17:20:55,62,אף אוזן גרון,חיפה,visit_type,ביקור במרפאה,39
2026-07-30T17:20:55,62,אף אוזן גרון,חיפה,visit_type,שיחת טלפון,4
2026-07-30T17:20:55,62,אף אוזן גרון,חיפה,language,איטלקית,1
2026-07-30T17:20:55,62,אף אוזן גרון,חיפה,language,אנגלית,23
2026-07-30T17:20:55,62,אף אוזן גרון,חיפה,language,גרמנית,4
2026-07-30T17:20:55,62,אף אוזן גרון,חיפה,language,הונגרית,1
2026-07-30T17:20:55,62,אף אוזן גרון,חיפה,language,ספרדית,1
2026-07-30T17:20:55,62,אף אוזן גרון,חיפה,language,עברית,38
2026-07-30T17:20:55,62,אף אוזן גרון,חיפה,language,ערבית,17
2026-07-30T17:20:55,62,אף אוזן גרון,חיפה,language,רוסית,11
2026-07-30T17:21:02,62,אף אוזן גרון,חניתה,gender,גבר,35
2026-07-30T17:21:02,62,אף אוזן גרון,חניתה,gender,אישה,3
2026-07-30T17:21:02,62,אף אוזן גרון,חניתה,visit_type,ביקור במרפאה,38
2026-07-30T17:21:02,62,אף אוזן גרון,חניתה,visit_type,שיחת טלפון,1
2026-07-30T17:21:02,62,אף אוזן גרון,חניתה,language,איטלקית,5
2026-07-30T17:21:02,62,אף אוזן גרון,חניתה,language,אנגלית,29
2026-07-30T17:21:02,62,אף אוזן גרון,חניתה,language,גרמנית,2
2026-07-30T17:21:02,62,אף אוזן גרון,חניתה,language,הולנדית,1
2026-07-30T17:21:02,62,אף אוזן גרון,חניתה,language,ספרדית,1
2026-07-30T17:21:02,62,אף אוזן גרון,חניתה,language,עברית,38
2026-07-30T17:21:02,62,אף אוזן גרון,חניתה,language,ערבית,34
2026-07-30T17:21:02,62,אף אוזן גרון,חניתה,language,צרפתית,1
2026-07-30T17:21:02,62,אף אוזן גרון,חניתה,language,רומנית,7
2026-07-30T17:21:02,62,אף אוזן גרון,חניתה,language,רוסית,5
2026-07-30T17:21:09,62,אף אוזן גרון,חרב לאת,gender,גבר,67
2026-07-30T17:21:09,62,אף אוזן גרון,חרב לאת,gender,אישה,20
2026-07-30T17:21:09,62,אף אוזן גרון,חרב לאת,visit_type,ביקור במרפאה,92
2026-07-30T17:21:09,62,אף אוזן גרון,חרב לאת,visit_type,שיחת טלפון,1
2026-07-30T17:21:09,62,אף אוזן גרון,חרב לאת,language,אוקראינית,1
2026-07-30T17:21:09,62,אף אוזן גרון,חרב לאת,language,אידיש,4
2026-07-30T17:21:09,62,אף אוזן גרון,חרב לאת,language,איטלקית,1
2026-07-30T17:21:09,62,אף אוזן גרון,חרב לאת,language,אנגלית,19
2026-07-30T17:21:09,62,אף אוזן גרון,חרב לאת,language,גרמנית,1
2026-07-30T17:21:09,62,אף אוזן גרון,חרב לאת,language,ספרדית,1
2026-07-30T17:21:09,62,אף אוזן גרון,חרב לאת,language,עברית,26
2026-07-30T17:21:09,62,אף אוזן גרון,חרב לאת,language,ערבית,9
2026-07-30T17:21:09,62,אף אוזן גרון,חרב לאת,language,רומנית,2
2026-07-30T17:21:09,62,אף אוזן גרון,חרב לאת,language,רוסית,9
2026-07-30T17:21:24,62,אף אוזן גרון,טול כרם,gender,גבר,48
2026-07-30T17:21:24,62,אף אוזן גרון,טול כרם,gender,אישה,14
2026-07-30T17:21:24,62,אף אוזן גרון,טול כרם,visit_type,ביקור במרפאה,67
2026-07-30T17:21:24,62,אף אוזן גרון,טול כרם,visit_type,שיחת טלפון,1
2026-07-30T17:21:24,62,אף אוזן גרון,טול כרם,language,אוקראינית,1
2026-07-30T17:21:24,62,אף אוזן גרון,טול כרם,language,אידיש,4
2026-07-30T17:21:24,62,אף אוזן גרון,טול כרם,language,איטלקית,1
2026-07-30T17:21:24,62,אף אוזן גרון,טול כרם,language,אנגלית,12
2026-07-30T17:21:24,62,אף אוזן גרון,טול כרם,language,גרמנית,1
2026-07-30T17:21:24,62,אף אוזן גרון,טול כרם,language,עברית,16
2026-07-30T17:21:24,62,אף אוזן גרון,טול כרם,language,ערבית,3
2026-07-30T17:21:24,62,אף אוזן גרון,טול כרם,language,רומנית,2
2026-07-30T17:21:24,62,אף אוזן גרון,טול כרם,language,רוסית,6
2026-07-30T17:21:35,62,אף אוזן גרון,טל אל,gender,גבר,62
2026-07-30T17:21:35,62,אף אוזן גרון,טל אל,gender,אישה,13
2026-07-30T17:21:35,62,אף אוזן גרון,טל אל,visit_type,ביקור במרפאה,77
2026-07-30T17:21:35,62,אף אוזן גרון,טל אל,visit_type,שיחת טלפון,5
2026-07-30T17:21:35,62,אף אוזן גרון,טל אל,language,איטלקית,6
2026-07-30T17:21:35,62,אף אוזן גרון,טל אל,language,אנגלית,52
2026-07-30T17:21:35,62,אף אוזן גרון,טל אל,language,גרמנית,6
2026-07-30T17:21:35,62,אף אוזן גרון,טל אל,language,הולנדית,1
2026-07-30T17:21:35,62,אף אוזן גרון,טל אל,language,הונגרית,1
2026-07-30T17:21:35,62,אף אוזן גרון,טל אל,language,ספרדית,2
2026-07-30T17:21:35,62,אף אוזן גרון,טל אל,language,עברית,76
2026-07-30T17:21:35,62,אף אוזן גרון,טל אל,language,ערבית,51
2026-07-30T17:21:35,62,אף אוזן גרון,טל אל,language,צרפתית,1
2026-07-30T17:21:35,62,אף אוזן גרון,טל אל,language,רומנית,7
2026-07-30T17:21:35,62,אף אוזן גרון,טל אל,language,רוסית,16
2026-07-30T17:21:48,62,אף אוזן גרון,יאמון,gender,גבר,48
2026-07-30T17:21:48,62,אף אוזן גרון,יאמון,gender,אישה,14
2026-07-30T17:21:48,62,אף אוזן גרון,יאמון,visit_type,ביקור במרפאה,67
2026-07-30T17:21:48,62,אף אוזן גרון,יאמון,visit_type,שיחת טלפון,1
2026-07-30T17:21:48,62,אף אוזן גרון,יאמון,language,אוקראינית,1
2026-07-30T17:21:48,62,אף אוזן גרון,יאמון,language,אידיש,4
2026-07-30T17:21:48,62,אף אוזן גרון,יאמון,language,איטלקית,1
2026-07-30T17:21:48,62,אף אוזן גרון,יאמון,language,אנגלית,12
2026-07-30T17:21:48,62,אף אוזן גרון,יאמון,language,גרמנית,1
2026-07-30T17:21:48,62,אף אוזן גרון,יאמון,language,עברית,16
2026-07-30T17:21:48,62,אף אוזן גרון,יאמון,language,ערבית,3
2026-07-30T17:21:48,62,אף אוזן גרון,יאמון,language,רומנית,2
2026-07-30T17:21:48,62,אף אוזן גרון,יאמון,language,רוסית,6
2026-07-30T17:21:59,62,אף אוזן גרון,יגור,gender,גבר,66
2026-07-30T17:21:59,62,אף אוזן גרון,יגור,gender,אישה,13
2026-07-30T17:21:59,62,אף אוזן גרון,יגור,visit_type,ביקור במרפאה,82
2026-07-30T17:21:59,62,אף אוזן גרון,יגור,visit_type,שיחת טלפון,4
2026-07-30T17:21:59,62,אף אוזן גרון,יגור,language,איטלקית,1
2026-07-30T17:21:59,62,אף אוזן גרון,יגור,language,אנגלית,24
2026-07-30T17:21:59,62,אף אוזן גרון,יגור,language,גרמנית,4
2026-07-30T17:21:59,62,אף אוזן גרון,יגור,language,הונגרית,1
2026-07-30T17:21:59,62,אף אוזן גרון,יגור,language,ספרדית,1
2026-07-30T17:21:59,62,אף אוזן גרון,יגור,language,עברית,39
2026-07-30T17:21:59,62,אף אוזן גרון,יגור,language,ערבית,18
2026-07-30T17:21:59,62,אף אוזן גרון,יגור,language,רוסית,11
2026-07-30T17:22:10,62,אף אוזן גרון,יהל,gender,גבר,1
2026-07-30T17:22:10,62,אף אוזן גרון,יהל,visit_type,ביקור במרפאה,4
2026-07-30T17:22:10,62,אף אוזן גרון,יהל,language,אנגלית,1
2026-07-30T17:22:10,62,אף אוזן גרון,יהל,language,עברית,1
2026-07-30T17:22:10,62,אף אוזן גרון,יהל,language,פרסית,1
2026-07-30T17:22:10,62,אף אוזן גרון,יהל,language,צרפתית,1
2026-07-30T17:22:12,62,אף אוזן גרון,ייט''ב,gender,גבר,36
2026-07-30T17:22:12,62,אף אוזן גרון,ייט''ב,gender,אישה,4
2026-07-30T17:22:12,62,אף אוזן גרון,ייט''ב,visit_type,ביקור במרפאה,41
2026-07-30T17:22:12,62,אף אוזן גרון,ייט''ב,language,אידיש,4
2026-07-30T17:22:12,62,אף אוזן גרון,ייט''ב,language,איטלקית,1
2026-07-30T17:22:12,62,אף אוזן גרון,ייט''ב,language,אנגלית,10
2026-07-30T17:22:12,62,אף אוזן גרון,ייט''ב,language,עברית,10
2026-07-30T17:22:12,62,אף אוזן גרון,ייט''ב,language,ערבית,4
2026-07-30T17:22:12,62,אף אוזן גרון,ייט''ב,language,רוסית,4
2026-07-30T17:22:19,62,אף אוזן גרון,יעף,gender,גבר,48
2026-07-30T17:22:19,62,אף אוזן גרון,יעף,gender,אישה,14
2026-07-30T17:22:19,62,אף אוזן גרון,יעף,visit_type,ביקור במרפאה,67
2026-07-30T17:22:19,62,אף אוזן גרון,יעף,visit_type,שיחת טלפון,1
2026-07-30T17:22:19,62,אף אוזן גרון,יעף,language,אוקראינית,1
2026-07-30T17:22:19,62,אף אוזן גרון,יעף,language,אידיש,4
2026-07-30T17:22:19,62,אף אוזן גרון,יעף,language,איטלקית,1
2026-07-30T17:22:19,62,אף אוזן גרון,יעף,language,אנגלית,12
2026-07-30T17:22:19,62,אף אוזן גרון,יעף,language,גרמנית,1
2026-07-30T17:22:19,62,אף אוזן גרון,יעף,language,עברית,16
2026-07-30T17:22:19,62,אף אוזן גרון,יעף,language,ערבית,3
2026-07-30T17:22:19,62,אף אוזן גרון,יעף,language,רומנית,2
2026-07-30T17:22:19,62,אף אוזן גרון,יעף,language,רוסית,6
2026-07-30T17:22:31,62,אף אוזן גרון,יקנעם,gender,גבר,66
2026-07-30T17:22:31,62,אף אוזן גרון,יקנעם,gender,אישה,13
2026-07-30T17:22:31,62,אף אוזן גרון,יקנעם,visit_type,ביקור במרפאה,82
2026-07-30T17:22:31,62,אף אוזן גרון,יקנעם,visit_type,שיחת טלפון,4
2026-07-30T17:22:31,62,אף אוזן גרון,יקנעם,language,איטלקית,1
2026-07-30T17:22:31,62,אף אוזן גרון,יקנעם,language,אנגלית,24
2026-07-30T17:22:31,62,אף אוזן גרון,יקנעם,language,גרמנית,4
2026-07-30T17:22:31,62,אף אוזן גרון,יקנעם,language,הונגרית,1
2026-07-30T17:22:31,62,אף אוזן גרון,יקנעם,language,ספרדית,1
2026-07-30T17:22:31,62,אף אוזן גרון,יקנעם,language,עברית,39
2026-07-30T17:22:31,62,אף אוזן גרון,יקנעם,language,ערבית,18
2026-07-30T17:22:31,62,אף אוזן גרון,יקנעם,language,רוסית,11
2026-07-30T17:22:46,62,אף אוזן גרון,ישע,gender,גבר,32
2026-07-30T17:22:46,62,אף אוזן גרון,ישע,gender,אישה,3
2026-07-30T17:22:46,62,אף אוזן גרון,ישע,visit_type,ביקור במרפאה,41
2026-07-30T17:22:46,62,אף אוזן גרון,ישע,language,אוקראינית,1
2026-07-30T17:22:46,62,אף אוזן גרון,ישע,language,אנגלית,3
2026-07-30T17:22:46,62,אף אוזן גרון,ישע,language,הונגרית,1
2026-07-30T17:22:46,62,אף אוזן גרון,ישע,language,עברית,4
2026-07-30T17:22:46,62,אף אוזן גרון,ישע,language,ערבית,1
2026-07-30T17:22:46,62,אף אוזן גרון,ישע,language,צכית,1
2026-07-30T17:22:46,62,אף אוזן גרון,ישע,language,רוסית,1
2026-07-30T17:22:54,62,אף אוזן גרון,כובר,gender,גבר,36
2026-07-30T17:22:54,62,אף אוזן גרון,כובר,gender,אישה,4
2026-07-30T17:22:54,62,אף אוזן גרון,כובר,visit_type,ביקור במרפאה,41
2026-07-30T17:22:54,62,אף אוזן גרון,כובר,language,אידיש,4
2026-07-30T17:22:54,62,אף אוזן גרון,כובר,language,איטלקית,1
2026-07-30T17:22:54,62,אף אוזן גרון,כובר,language,אנגלית,10
2026-07-30T17:22:54,62,אף אוזן גרון,כובר,language,עברית,10
2026-07-30T17:22:54,62,אף אוזן גרון,כובר,language,ערבית,4
2026-07-30T17:22:54,62,אף אוזן גרון,כובר,language,רוסית,4
2026-07-30T17:23:01,62,אף אוזן גרון,כחל,gender,גבר,54
2026-07-30T17:23:01,62,אף אוזן גרון,כחל,gender,אישה,5
2026-07-30T17:23:01,62,אף אוזן גרון,כחל,visit_type,ביקור במרפאה,59
2026-07-30T17:23:01,62,אף אוזן גרון,כחל,language,אנגלית,11
2026-07-30T17:23:01,62,אף אוזן גרון,כחל,language,עברית,14
2026-07-30T17:23:01,62,אף אוזן גרון,כחל,language,ערבית,14
2026-07-30T17:23:01,62,אף אוזן גרון,כחל,language,רוסית,2
2026-07-30T17:23:11,62,אף אוזן גרון,כמאנה מזרח,gender,גבר,62
2026-07-30T17:23:11,62,אף אוזן גרון,כמאנה מזרח,gender,אישה,13
2026-07-30T17:23:11,62,אף אוזן גרון,כמאנה מזרח,visit_type,ביקור במרפאה,77
2026-07-30T17:23:11,62,אף אוזן גרון,כמאנה מזרח,visit_type,שיחת טלפון,5
2026-07-30T17:23:11,62,אף אוזן גרון,כמאנה מזרח,language,איטלקית,6
2026-07-30T17:23:11,62,אף אוזן גרון,כמאנה מזרח,language,אנגלית,52
2026-07-30T17:23:11,62,אף אוזן גרון,כמאנה מזרח,language,גרמנית,6
2026-07-30T17:23:11,62,אף אוזן גרון,כמאנה מזרח,language,הולנדית,1
2026-07-30T17:23:11,62,אף אוזן גרון,כמאנה מזרח,language,הונגרית,1
2026-07-30T17:23:11,62,אף אוזן גרון,כמאנה מזרח,language,ספרדית,2
2026-07-30T17:23:11,62,אף אוזן גרון,כמאנה מזרח,language,עברית,76
2026-07-30T17:23:11,62,אף אוזן גרון,כמאנה מזרח,language,ערבית,51
2026-07-30T17:23:11,62,אף אוזן גרון,כמאנה מזרח,language,צרפתית,1
2026-07-30T17:23:11,62,אף אוזן גרון,כמאנה מזרח,language,רומנית,7
2026-07-30T17:23:11,62,אף אוזן גרון,כמאנה מזרח,language,רוסית,16
2026-07-30T17:23:24,62,אף אוזן גרון,כפר אביב,gender,גבר,21
2026-07-30T17:23:24,62,אף אוזן גרון,כפר אביב,gender,אישה,2
2026-07-30T17:23:24,62,אף אוזן גרון,כפר אביב,visit_type,ביקור במרפאה,27
2026-07-30T17:23:24,62,אף אוזן גרון,כפר אביב,language,איטלקית,1
2026-07-30T17:23:24,62,אף אוזן גרון,כפר אביב,language,אנגלית,8
2026-07-30T17:23:24,62,אף אוזן גרון,כפר אביב,language,ספרדית,1
2026-07-30T17:23:24,62,אף אוזן גרון,כפר אביב,language,עברית,10
2026-07-30T17:23:24,62,אף אוזן גרון,כפר אביב,language,צרפתית,2
2026-07-30T17:23:24,62,אף אוזן גרון,כפר אביב,language,רוסית,4
2026-07-30T17:23:30,62,אף אוזן גרון,כרכום,gender,גבר,54
2026-07-30T17:23:30,62,אף אוזן גרון,כרכום,gender,אישה,5
2026-07-30T17:23:30,62,אף אוזן גרון,כרכום,visit_type,ביקור במרפאה,59
2026-07-30T17:23:30,62,אף אוזן גרון,כרכום,language,אנגלית,11
2026-07-30T17:23:30,62,אף אוזן גרון,כרכום,language,עברית,14
2026-07-30T17:23:30,62,אף אוזן גרון,כרכום,language,ערבית,14
2026-07-30T17:23:30,62,אף אוזן גרון,כרכום,language,רוסית,2
2026-07-30T17:23:41,62,אף אוזן גרון,לבון,gender,גבר,62
2026-07-30T17:23:41,62,אף אוזן גרון,לבון,gender,אישה,13
2026-07-30T17:23:41,62,אף אוזן גרון,לבון,visit_type,ביקור במרפאה,77
2026-07-30T17:23:41,62,אף אוזן גרון,לבון,visit_type,שיחת טלפון,5
2026-07-30T17:23:41,62,אף אוזן גרון,לבון,language,איטלקית,6
2026-07-30T17:23:41,62,אף אוזן גרון,לבון,language,אנגלית,52
2026-07-30T17:23:41,62,אף אוזן גרון,לבון,language,גרמנית,6
2026-07-30T17:23:41,62,אף אוזן גרון,לבון,language,הולנדית,1
2026-07-30T17:23:41,62,אף אוזן גרון,לבון,language,הונגרית,1
2026-07-30T17:23:41,62,אף אוזן גרון,לבון,language,ספרדית,2
2026-07-30T17:23:41,62,אף אוזן גרון,לבון,language,עברית,76
2026-07-30T17:23:41,62,אף אוזן גרון,לבון,language,ערבית,51
2026-07-30T17:23:41,62,אף אוזן גרון,לבון,language,צרפתית,1
2026-07-30T17:23:41,62,אף אוזן גרון,לבון,language,רומנית,7
2026-07-30T17:23:41,62,אף אוזן גרון,לבון,language,רוסית,16
2026-07-30T17:23:53,62,אף אוזן גרון,לוחמי הגיטאות,gender,גבר,35
2026-07-30T17:23:53,62,אף אוזן גרון,לוחמי הגיטאות,gender,אישה,3
2026-07-30T17:23:53,62,אף אוזן גרון,לוחמי הגיטאות,visit_type,ביקור במרפאה,38
2026-07-30T17:23:53,62,אף אוזן גרון,לוחמי הגיטאות,visit_type,שיחת טלפון,1
2026-07-30T17:23:53,62,אף אוזן גרון,לוחמי הגיטאות,language,איטלקית,5
2026-07-30T17:23:53,62,אף אוזן גרון,לוחמי הגיטאות,language,אנגלית,29
2026-07-30T17:23:53,62,אף אוזן גרון,לוחמי הגיטאות,language,גרמנית,2
2026-07-30T17:23:53,62,אף אוזן גרון,לוחמי הגיטאות,language,הולנדית,1
2026-07-30T17:23:53,62,אף אוזן גרון,לוחמי הגיטאות,language,ספרדית,1
2026-07-30T17:23:53,62,אף אוזן גרון,לוחמי הגיטאות,language,עברית,38
2026-07-30T17:23:53,62,אף אוזן גרון,לוחמי הגיטאות,language,ערבית,34
2026-07-30T17:23:53,62,אף אוזן גרון,לוחמי הגיטאות,language,צרפתית,1
2026-07-30T17:23:53,62,אף אוזן גרון,לוחמי הגיטאות,language,רומנית,7
2026-07-30T17:23:53,62,אף אוזן גרון,לוחמי הגיטאות,language,רוסית,5
2026-07-30T17:23:59,62,אף אוזן גרון,מבוא ביתר,gender,גבר,36
2026-07-30T17:23:59,62,אף אוזן גרון,מבוא ביתר,gender,אישה,4
2026-07-30T17:23:59,62,אף אוזן גרון,מבוא ביתר,visit_type,ביקור במרפאה,41
2026-07-30T17:23:59,62,אף אוזן גרון,מבוא ביתר,language,אידיש,4
2026-07-30T17:23:59,62,אף אוזן גרון,מבוא ביתר,language,איטלקית,1
2026-07-30T17:23:59,62,אף אוזן גרון,מבוא ביתר,language,אנגלית,10
2026-07-30T17:23:59,62,אף אוזן גרון,מבוא ביתר,language,עברית,10
2026-07-30T17:23:59,62,אף אוזן גרון,מבוא ביתר,language,ערבית,4
2026-07-30T17:23:59,62,אף אוזן גרון,מבוא ביתר,language,רוסית,4
2026-07-30T17:24:08,62,אף אוזן גרון,מג'ד,gender,גבר,50
2026-07-30T17:24:08,62,אף אוזן גרון,מג'ד,gender,אישה,7
2026-07-30T17:24:08,62,אף אוזן גרון,מג'ד,visit_type,ביקור במרפאה,63
2026-07-30T17:24:08,62,אף אוזן גרון,מג'ד,language,אוקראינית,1
2026-07-30T17:24:08,62,אף אוזן גרון,מג'ד,language,אידיש,3
2026-07-30T17:24:08,62,אף אוזן גרון,מג'ד,language,אנגלית,3
2026-07-30T17:24:08,62,אף אוזן גרון,מג'ד,language,הונגרית,1
2026-07-30T17:24:08,62,אף אוזן גרון,מג'ד,language,ספרדית,3
2026-07-30T17:24:08,62,אף אוזן גרון,מג'ד,language,עברית,11
2026-07-30T17:24:08,62,אף אוזן גרון,מג'ד,language,ערבית,5
2026-07-30T17:24:08,62,אף אוזן גרון,מג'ד,language,צכית,1
2026-07-30T17:24:08,62,אף אוזן גרון,מג'ד,language,רוסית,1
2026-07-30T17:24:22,62,אף אוזן גרון,מדמא,gender,גבר,48
2026-07-30T17:24:22,62,אף אוזן גרון,מדמא,gender,אישה,14
2026-07-30T17:24:22,62,אף אוזן גרון,מדמא,visit_type,ביקור במרפאה,67
2026-07-30T17:24:22,62,אף אוזן גרון,מדמא,visit_type,שיחת טלפון,1
2026-07-30T17:24:22,62,אף אוזן גרון,מדמא,language,אוקראינית,1
2026-07-30T17:24:22,62,אף אוזן גרון,מדמא,language,אידיש,4
2026-07-30T17:24:22,62,אף אוזן גרון,מדמא,language,איטלקית,1
2026-07-30T17:24:22,62,אף אוזן גרון,מדמא,language,אנגלית,12
2026-07-30T17:24:22,62,אף אוזן גרון,מדמא,language,גרמנית,1
2026-07-30T17:24:22,62,אף אוזן גרון,מדמא,language,עברית,16
2026-07-30T17:24:22,62,אף אוזן גרון,מדמא,language,ערבית,3
2026-07-30T17:24:22,62,אף אוזן גרון,מדמא,language,רומנית,2
2026-07-30T17:24:22,62,אף אוזן גרון,מדמא,language,רוסית,6
2026-07-30T17:24:32,62,אף אוזן גרון,מוצא עילית,gender,גבר,36
2026-07-30T17:24:32,62,אף אוזן גרון,מוצא עילית,gender,אישה,4
2026-07-30T17:24:32,62,אף אוזן גרון,מוצא עילית,visit_type,ביקור במרפאה,41
2026-07-30T17:24:32,62,אף אוזן גרון,מוצא עילית,language,אידיש,4
2026-07-30T17:24:32,62,אף אוזן גרון,מוצא עילית,language,איטלקית,1
2026-07-30T17:24:32,62,אף אוזן גרון,מוצא עילית,language,אנגלית,10
2026-07-30T17:24:32,62,אף אוזן גרון,מוצא עילית,language,עברית,10
2026-07-30T17:24:32,62,אף אוזן גרון,מוצא עילית,language,ערבית,4
2026-07-30T17:24:32,62,אף אוזן גרון,מוצא עילית,language,רוסית,4
2026-07-30T17:24:40,62,אף אוזן גרון,מחולה,gender,גבר,86
2026-07-30T17:24:40,62,אף אוזן גרון,מחולה,gender,אישה,8
2026-07-30T17:24:40,62,אף אוזן גרון,מחולה,visit_type,ביקור במרפאה,95
2026-07-30T17:24:40,62,אף אוזן גרון,מחולה,language,אנגלית,17
2026-07-30T17:24:40,62,אף אוזן גרון,מחולה,language,ספרדית,1
2026-07-30T17:24:40,62,אף אוזן גרון,מחולה,language,עברית,23
2026-07-30T17:24:40,62,אף אוזן גרון,מחולה,language,ערבית,19
2026-07-30T17:24:40,62,אף אוזן גרון,מחולה,language,רוסית,5
2026-07-30T17:24:55,62,אף אוזן גרון,מירב,gender,גבר,86
2026-07-30T17:24:55,62,אף אוזן גרון,מירב,gender,אישה,8
2026-07-30T17:24:55,62,אף אוזן גרון,מירב,visit_type,ביקור במרפאה,95
2026-07-30T17:24:55,62,אף אוזן גרון,מירב,language,אנגלית,17
2026-07-30T17:24:55,62,אף אוזן גרון,מירב,language,ספרדית,1
2026-07-30T17:24:55,62,אף אוזן גרון,מירב,language,עברית,23
2026-07-30T17:24:55,62,אף אוזן גרון,מירב,language,ערבית,19
2026-07-30T17:24:55,62,אף אוזן גרון,מירב,language,רוסית,5
2026-07-30T17:25:11,62,אף אוזן גרון,מלילות,gender,גבר,50
2026-07-30T17:25:11,62,אף אוזן גרון,מלילות,gender,אישה,7
2026-07-30T17:25:11,62,אף אוזן גרון,מלילות,visit_type,ביקור במרפאה,63
2026-07-30T17:25:11,62,אף אוזן גרון,מלילות,language,אוקראינית,1
2026-07-30T17:25:11,62,אף אוזן גרון,מלילות,language,אידיש,3
2026-07-30T17:25:11,62,אף אוזן גרון,מלילות,language,אנגלית,3
2026-07-30T17:25:11,62,אף אוזן גרון,מלילות,language,הונגרית,1
2026-07-30T17:25:11,62,אף אוזן גרון,מלילות,language,ספרדית,3
2026-07-30T17:25:11,62,אף אוזן גרון,מלילות,language,עברית,11
2026-07-30T17:25:11,62,אף אוזן גרון,מלילות,language,ערבית,5
2026-07-30T17:25:11,62,אף אוזן גרון,מלילות,language,צכית,1
2026-07-30T17:25:11,62,אף אוזן גרון,מלילות,language,רוסית,1
2026-07-30T17:25:24,62,אף אוזן גרון,מסדה,gender,אישה,5
2026-07-30T17:25:24,62,אף אוזן גרון,מסדה,gender,גבר,54
2026-07-30T17:25:24,62,אף אוזן גרון,מסדה,visit_type,ביקור במרפאה,59
2026-07-30T17:25:24,62,אף אוזן גרון,מסדה,language,אנגלית,11
2026-07-30T17:25:24,62,אף אוזן גרון,מסדה,language,עברית,14
2026-07-30T17:25:24,62,אף אוזן גרון,מסדה,language,ערבית,14
2026-07-30T17:25:24,62,אף אוזן גרון,מסדה,language,רוסית,2
2026-07-30T17:25:34,62,אף אוזן גרון,מעגן,gender,גבר,54
2026-07-30T17:25:34,62,אף אוזן גרון,מעגן,gender,אישה,5
2026-07-30T17:25:34,62,אף אוזן גרון,מעגן,visit_type,ביקור במרפאה,59
2026-07-30T17:25:34,62,אף אוזן גרון,מעגן,language,אנגלית,11
2026-07-30T17:25:34,62,אף אוזן גרון,מעגן,language,עברית,14
2026-07-30T17:25:34,62,אף אוזן גרון,מעגן,language,ערבית,14
2026-07-30T17:25:34,62,אף אוזן גרון,מעגן,language,רוסית,2
2026-07-30T17:25:43,62,אף אוזן גרון,מפעלי ברנר,gender,גבר,30
2026-07-30T17:25:43,62,אף אוזן גרון,מפעלי ברנר,gender,אישה,2
2026-07-30T17:25:43,62,אף אוזן גרון,מפעלי ברנר,visit_type,ביקור במרפאה,44
2026-07-30T17:25:43,62,אף אוזן גרון,מפעלי ברנר,language,איטלקית,1
2026-07-30T17:25:43,62,אף אוזן גרון,מפעלי ברנר,language,אנגלית,12
2026-07-30T17:25:43,62,אף אוזן גרון,מפעלי ברנר,language,ספרדית,1
2026-07-30T17:25:43,62,אף אוזן גרון,מפעלי ברנר,language,עברית,18
2026-07-30T17:25:43,62,אף אוזן גרון,מפעלי ברנר,language,ערבית,2
2026-07-30T17:25:43,62,אף אוזן גרון,מפעלי ברנר,language,צרפתית,2
2026-07-30T17:25:43,62,אף אוזן גרון,מפעלי ברנר,language,רוסית,7
2026-07-30T17:25:54,62,אף אוזן גרון,מצובה,gender,גבר,35
2026-07-30T17:25:54,62,אף אוזן גרון,מצובה,gender,אישה,3
2026-07-30T17:25:54,62,אף אוזן גרון,מצובה,visit_type,ביקור במרפאה,38
2026-07-30T17:25:54,62,אף אוזן גרון,מצובה,visit_type,שיחת טלפון,1
2026-07-30T17:25:54,62,אף אוזן גרון,מצובה,language,איטלקית,5
2026-07-30T17:25:54,62,אף אוזן גרון,מצובה,language,אנגלית,29
2026-07-30T17:25:54,62,אף אוזן גרון,מצובה,language,גרמנית,2
2026-07-30T17:25:54,62,אף אוזן גרון,מצובה,language,הולנדית,1
2026-07-30T17:25:54,62,אף אוזן גרון,מצובה,language,ספרדית,1
2026-07-30T17:25:54,62,אף אוזן גרון,מצובה,language,עברית,38
2026-07-30T17:25:54,62,אף אוזן גרון,מצובה,language,ערבית,34
2026-07-30T17:25:54,62,אף אוזן גרון,מצובה,language,צרפתית,1
2026-07-30T17:25:54,62,אף אוזן גרון,מצובה,language,רומנית,7
2026-07-30T17:25:54,62,אף אוזן גרון,מצובה,language,רוסית,5
2026-07-30T17:26:01,62,אף אוזן גרון,מרגליות,gender,גבר,54
2026-07-30T17:26:01,62,אף אוזן גרון,מרגליות,gender,אישה,5
2026-07-30T17:26:01,62,אף אוזן גרון,מרגליות,visit_type,ביקור במרפאה,59
2026-07-30T17:26:01,62,אף אוזן גרון,מרגליות,language,אנגלית,11
2026-07-30T17:26:01,62,אף אוזן גרון,מרגליות,language,עברית,14
2026-07-30T17:26:01,62,אף אוזן גרון,מרגליות,language,ערבית,14
2026-07-30T17:26:01,62,אף אוזן גרון,מרגליות,language,רוסית,2
2026-07-30T17:26:09,62,אף אוזן גרון,משגב דב,gender,גבר,21
2026-07-30T17:26:09,62,אף אוזן גרון,משגב דב,gender,אישה,2
2026-07-30T17:26:09,62,אף אוזן גרון,משגב דב,visit_type,ביקור במרפאה,27
2026-07-30T17:26:09,62,אף אוזן גרון,משגב דב,language,איטלקית,1
2026-07-30T17:26:09,62,אף אוזן גרון,משגב דב,language,אנגלית,8
2026-07-30T17:26:09,62,אף אוזן גרון,משגב דב,language,ספרדית,1
2026-07-30T17:26:09,62,אף אוזן גרון,משגב דב,language,עברית,10
2026-07-30T17:26:09,62,אף אוזן גרון,משגב דב,language,צרפתית,2
2026-07-30T17:26:09,62,אף אוזן גרון,משגב דב,language,רוסית,4
2026-07-30T17:26:16,62,אף אוזן גרון,מתת,gender,גבר,62
2026-07-30T17:26:16,62,אף אוזן גרון,מתת,gender,אישה,13
2026-07-30T17:26:16,62,אף אוזן גרון,מתת,visit_type,ביקור במרפאה,77
2026-07-30T17:26:16,62,אף אוזן גרון,מתת,visit_type,שיחת טלפון,5
2026-07-30T17:26:16,62,אף אוזן גרון,מתת,language,איטלקית,6
2026-07-30T17:26:16,62,אף אוזן גרון,מתת,language,אנגלית,52
2026-07-30T17:26:16,62,אף אוזן גרון,מתת,language,גרמנית,6
2026-07-30T17:26:16,62,אף אוזן גרון,מתת,language,הולנדית,1
2026-07-30T17:26:16,62,אף אוזן גרון,מתת,language,הונגרית,1
2026-07-30T17:26:16,62,אף אוזן גרון,מתת,language,ספרדית,2
2026-07-30T17:26:16,62,אף אוזן גרון,מתת,language,עברית,76
2026-07-30T17:26:16,62,אף אוזן גרון,מתת,language,ערבית,51
2026-07-30T17:26:16,62,אף אוזן גרון,מתת,language,צרפתית,1
2026-07-30T17:26:16,62,אף אוזן גרון,מתת,language,רומנית,7
2026-07-30T17:26:16,62,אף אוזן גרון,מתת,language,רוסית,16
2026-07-30T17:26:28,62,אף אוזן גרון,נבי סאלח,gender,גבר,26
2026-07-30T17:26:28,62,אף אוזן גרון,נבי סאלח,gender,אישה,10
2026-07-30T17:26:28,62,אף אוזן גרון,נבי סאלח,visit_type,ביקור במרפאה,38
2026-07-30T17:26:28,62,אף אוזן גרון,נבי סאלח,visit_type,שיחת טלפון,1
2026-07-30T17:26:28,62,אף אוזן גרון,נבי סאלח,language,אנגלית,14
2026-07-30T17:26:28,62,אף אוזן גרון,נבי סאלח,language,ספרדית,2
2026-07-30T17:26:28,62,אף אוזן גרון,נבי סאלח,language,עברית,37
2026-07-30T17:26:28,62,אף אוזן גרון,נבי סאלח,language,ערבית,2
2026-07-30T17:26:28,62,אף אוזן גרון,נבי סאלח,language,רוסית,9
2026-07-30T17:26:36,62,אף אוזן גרון,נווה אור,gender,גבר,86
2026-07-30T17:26:36,62,אף אוזן גרון,נווה אור,gender,אישה,8
2026-07-30T17:26:36,62,אף אוזן גרון,נווה אור,visit_type,ביקור במרפאה,95
2026-07-30T17:26:36,62,אף אוזן גרון,נווה אור,language,אנגלית,17
2026-07-30T17:26:36,62,אף אוזן גרון,נווה אור,language,ספרדית,1
2026-07-30T17:26:36,62,אף אוזן גרון,נווה אור,language,עברית,23
2026-07-30T17:26:36,62,אף אוזן גרון,נווה אור,language,ערבית,19
2026-07-30T17:26:36,62,אף אוזן גרון,נווה אור,language,רוסית,5
2026-07-30T17:26:50,62,אף אוזן גרון,נחאלין,gender,גבר,36
2026-07-30T17:26:50,62,אף אוזן גרון,נחאלין,gender,אישה,4
2026-07-30T17:26:50,62,אף אוזן גרון,נחאלין,visit_type,ביקור במרפאה,41
2026-07-30T17:26:50,62,אף אוזן גרון,נחאלין,language,אידיש,4
2026-07-30T17:26:50,62,אף אוזן גרון,נחאלין,language,איטלקית,1
2026-07-30T17:26:50,62,אף אוזן גרון,נחאלין,language,אנגלית,10
2026-07-30T17:26:50,62,אף אוזן גרון,נחאלין,language,עברית,10
2026-07-30T17:26:50,62,אף אוזן גרון,נחאלין,language,ערבית,4
2026-07-30T17:26:50,62,אף אוזן גרון,נחאלין,language,רוסית,4
2026-07-30T17:26:58,62,אף אוזן גרון,נטועה,gender,גבר,35
2026-07-30T17:26:58,62,אף אוזן גרון,נטועה,gender,אישה,3
2026-07-30T17:26:58,62,אף אוזן גרון,נטועה,visit_type,ביקור במרפאה,38
2026-07-30T17:26:58,62,אף אוזן גרון,נטועה,visit_type,שיחת טלפון,1
2026-07-30T17:26:58,62,אף אוזן גרון,נטועה,language,איטלקית,5
2026-07-30T17:26:58,62,אף אוזן גרון,נטועה,language,אנגלית,29
2026-07-30T17:26:58,62,אף אוזן גרון,נטועה,language,גרמנית,2
2026-07-30T17:26:58,62,אף אוזן גרון,נטועה,language,הולנדית,1
2026-07-30T17:26:58,62,אף אוזן גרון,נטועה,language,ספרדית,1
2026-07-30T17:26:58,62,אף אוזן גרון,נטועה,language,עברית,38
2026-07-30T17:26:58,62,אף אוזן גרון,נטועה,language,ערבית,34
2026-07-30T17:26:58,62,אף אוזן גרון,נטועה,language,צרפתית,1
2026-07-30T17:26:58,62,אף אוזן גרון,נטועה,language,רומנית,7
2026-07-30T17:26:58,62,אף אוזן גרון,נטועה,language,רוסית,5
2026-07-30T17:27:04,62,אף אוזן גרון,ניצן ב',gender,גבר,22
2026-07-30T17:27:04,62,אף אוזן גרון,ניצן ב',gender,אישה,1
2026-07-30T17:27:04,62,אף אוזן גרון,ניצן ב',visit_type,ביקור במרפאה,32
2026-07-30T17:27:04,62,אף אוזן גרון,ניצן ב',language,איטלקית,1
2026-07-30T17:27:04,62,אף אוזן גרון,ניצן ב',language,אנגלית,9
2026-07-30T17:27:04,62,אף אוזן גרון,ניצן ב',language,עברית,14
2026-07-30T17:27:04,62,אף אוזן גרון,ניצן ב',language,ערבית,2
2026-07-30T17:27:04,62,אף אוזן גרון,ניצן ב',language,צרפתית,1
2026-07-30T17:27:04,62,אף אוזן גרון,ניצן ב',language,רוסית,4
2026-07-30T17:27:11,62,אף אוזן גרון,נעורים,gender,גבר,48
2026-07-30T17:27:11,62,אף אוזן גרון,נעורים,gender,אישה,14
2026-07-30T17:27:11,62,אף אוזן גרון,נעורים,visit_type,ביקור במרפאה,67
2026-07-30T17:27:11,62,אף אוזן גרון,נעורים,visit_type,שיחת טלפון,1
2026-07-30T17:27:11,62,אף אוזן גרון,נעורים,language,אוקראינית,1
2026-07-30T17:27:11,62,אף אוזן גרון,נעורים,language,אידיש,4
2026-07-30T17:27:11,62,אף אוזן גרון,נעורים,language,איטלקית,1
2026-07-30T17:27:11,62,אף אוזן גרון,נעורים,language,אנגלית,12
2026-07-30T17:27:11,62,אף אוזן גרון,נעורים,language,גרמנית,1
2026-07-30T17:27:11,62,אף אוזן גרון,נעורים,language,עברית,16
2026-07-30T17:27:11,62,אף אוזן גרון,נעורים,language,ערבית,3
2026-07-30T17:27:11,62,אף אוזן גרון,נעורים,language,רומנית,2
2026-07-30T17:27:11,62,אף אוזן גרון,נעורים,language,רוסית,6
2026-07-30T17:27:21,62,אף אוזן גרון,נתיב הל''ה,gender,גבר,36
2026-07-30T17:27:21,62,אף אוזן גרון,נתיב הל''ה,gender,אישה,4
2026-07-30T17:27:21,62,אף אוזן גרון,נתיב הל''ה,visit_type,ביקור במרפאה,41
2026-07-30T17:27:21,62,אף אוזן גרון,נתיב הל''ה,language,אידיש,4
2026-07-30T17:27:21,62,אף אוזן גרון,נתיב הל''ה,language,איטלקית,1
2026-07-30T17:27:21,62,אף אוזן גרון,נתיב הל''ה,language,אנגלית,10
2026-07-30T17:27:21,62,אף אוזן גרון,נתיב הל''ה,language,עברית,10
2026-07-30T17:27:21,62,אף אוזן גרון,נתיב הל''ה,language,ערבית,4
2026-07-30T17:27:21,62,אף אוזן גרון,נתיב הל''ה,language,רוסית,4
2026-07-30T17:27:29,62,אף אוזן גרון,סביון,gender,גבר,26
2026-07-30T17:27:29,62,אף אוזן גרון,סביון,gender,אישה,10
2026-07-30T17:27:29,62,אף אוזן גרון,סביון,visit_type,ביקור במרפאה,38
2026-07-30T17:27:29,62,אף אוזן גרון,סביון,visit_type,שיחת טלפון,1
2026-07-30T17:27:29,62,אף אוזן גרון,סביון,language,אנגלית,14
2026-07-30T17:27:29,62,אף אוזן גרון,סביון,language,ספרדית,2
2026-07-30T17:27:29,62,אף אוזן גרון,סביון,language,עברית,37
2026-07-30T17:27:29,62,אף אוזן גרון,סביון,language,ערבית,2
2026-07-30T17:27:29,62,אף אוזן גרון,סביון,language,רוסית,9
2026-07-30T17:27:36,62,אף אוזן גרון,סח'נין,gender,גבר,47
2026-07-30T17:27:36,62,אף אוזן גרון,סח'נין,gender,אישה,8
2026-07-30T17:27:36,62,אף אוזן גרון,סח'נין,visit_type,ביקור במרפאה,55
2026-07-30T17:27:36,62,אף אוזן גרון,סח'נין,visit_type,שיחת טלפון,2
2026-07-30T17:27:36,62,אף אוזן גרון,סח'נין,language,איטלקית,5
2026-07-30T17:27:36,62,אף אוזן גרון,סח'נין,language,אנגלית,40
2026-07-30T17:27:36,62,אף אוזן גרון,סח'נין,language,גרמנית,4
2026-07-30T17:27:36,62,אף אוזן גרון,סח'נין,language,הולנדית,1
2026-07-30T17:27:36,62,אף אוזן גרון,סח'נין,language,הונגרית,1
2026-07-30T17:27:36,62,אף אוזן גרון,סח'נין,language,ספרדית,1
2026-07-30T17:27:36,62,אף אוזן גרון,סח'נין,language,עברית,55
2026-07-30T17:27:36,62,אף אוזן גרון,סח'נין,language,ערבית,40
2026-07-30T17:27:36,62,אף אוזן גרון,סח'נין,language,צרפתית,1
2026-07-30T17:27:36,62,אף אוזן גרון,סח'נין,language,רומנית,7
2026-07-30T17:27:36,62,אף אוזן גרון,סח'נין,language,רוסית,10
2026-07-30T17:27:45,62,אף אוזן גרון,סלמה,gender,גבר,47
2026-07-30T17:27:45,62,אף אוזן גרון,סלמה,gender,אישה,8
2026-07-30T17:27:45,62,אף אוזן גרון,סלמה,visit_type,ביקור במרפאה,55
2026-07-30T17:27:45,62,אף אוזן גרון,סלמה,visit_type,שיחת טלפון,2
2026-07-30T17:27:45,62,אף אוזן גרון,סלמה,language,איטלקית,5
2026-07-30T17:27:45,62,אף אוזן גרון,סלמה,language,אנגלית,40
2026-07-30T17:27:45,62,אף אוזן גרון,סלמה,language,גרמנית,4
2026-07-30T17:27:45,62,אף אוזן גרון,סלמה,language,הולנדית,1
2026-07-30T17:27:45,62,אף אוזן גרון,סלמה,language,הונגרית,1
2026-07-30T17:27:45,62,אף אוזן גרון,סלמה,language,ספרדית,1
2026-07-30T17:27:45,62,אף אוזן גרון,סלמה,language,עברית,55
2026-07-30T17:27:45,62,אף אוזן גרון,סלמה,language,ערבית,40
2026-07-30T17:27:45,62,אף אוזן גרון,סלמה,language,צרפתית,1
2026-07-30T17:27:45,62,אף אוזן גרון,סלמה,language,רומנית,7
2026-07-30T17:27:45,62,אף אוזן גרון,סלמה,language,רוסית,10
2026-07-30T17:27:54,62,אף אוזן גרון,ספא,gender,גבר,36
2026-07-30T17:27:54,62,אף אוזן גרון,ספא,gender,אישה,4
2026-07-30T17:27:54,62,אף אוזן גרון,ספא,visit_type,ביקור במרפאה,41
2026-07-30T17:27:54,62,אף אוזן גרון,ספא,language,אידיש,4
2026-07-30T17:27:54,62,אף אוזן גרון,ספא,language,איטלקית,1
2026-07-30T17:27:54,62,אף אוזן גרון,ספא,language,אנגלית,10
2026-07-30T17:27:54,62,אף אוזן גרון,ספא,language,עברית,10
2026-07-30T17:27:54,62,אף אוזן גרון,ספא,language,ערבית,4
2026-07-30T17:27:54,62,אף אוזן גרון,ספא,language,רוסית,4
2026-07-30T17:28:01,62,אף אוזן גרון,עבדון,gender,גבר,35
2026-07-30T17:28:01,62,אף אוזן גרון,עבדון,gender,אישה,3
2026-07-30T17:28:01,62,אף אוזן גרון,עבדון,visit_type,ביקור במרפאה,38
2026-07-30T17:28:01,62,אף אוזן גרון,עבדון,visit_type,שיחת טלפון,1
2026-07-30T17:28:01,62,אף אוזן גרון,עבדון,language,איטלקית,5
2026-07-30T17:28:01,62,אף אוזן גרון,עבדון,language,אנגלית,29
2026-07-30T17:28:01,62,אף אוזן גרון,עבדון,language,גרמנית,2
2026-07-30T17:28:01,62,אף אוזן גרון,עבדון,language,הולנדית,1
2026-07-30T17:28:01,62,אף אוזן גרון,עבדון,language,ספרדית,1
2026-07-30T17:28:01,62,אף אוזן גרון,עבדון,language,עברית,38
2026-07-30T17:28:01,62,אף אוזן גרון,עבדון,language,ערבית,34
2026-07-30T17:28:01,62,אף אוזן גרון,עבדון,language,צרפתית,1
2026-07-30T17:28:01,62,אף אוזן גרון,עבדון,language,רומנית,7
2026-07-30T17:28:01,62,אף אוזן גרון,עבדון,language,רוסית,5
2026-07-30T17:28:08,62,אף אוזן גרון,עדנים,gender,גבר,34
2026-07-30T17:28:08,62,אף אוזן גרון,עדנים,gender,אישה,20
2026-07-30T17:28:08,62,אף אוזן גרון,עדנים,visit_type,ביקור במרפאה,59
2026-07-30T17:28:08,62,אף אוזן גרון,עדנים,visit_type,שיחת טלפון,1
2026-07-30T17:28:08,62,אף אוזן גרון,עדנים,language,אוקראינית,1
2026-07-30T17:28:08,62,אף אוזן גרון,עדנים,language,אידיש,1
2026-07-30T17:28:08,62,אף אוזן גרון,עדנים,language,איטלקית,1
2026-07-30T17:28:08,62,אף אוזן גרון,עדנים,language,אנגלית,18
2026-07-30T17:28:08,62,אף אוזן גרון,עדנים,language,גרמנית,1
2026-07-30T17:28:08,62,אף אוזן גרון,עדנים,language,ספרדית,2
2026-07-30T17:28:08,62,אף אוזן גרון,עדנים,language,עברית,44
2026-07-30T17:28:08,62,אף אוזן גרון,עדנים,language,ערבית,3
2026-07-30T17:28:08,62,אף אוזן גרון,עדנים,language,רומנית,1
2026-07-30T17:28:08,62,אף אוזן גרון,עדנים,language,רוסית,11
2026-07-30T17:28:21,62,אף אוזן גרון,עוצם,gender,גבר,32
2026-07-30T17:28:21,62,אף אוזן גרון,עוצם,gender,אישה,3
2026-07-30T17:28:21,62,אף אוזן גרון,עוצם,visit_type,ביקור במרפאה,41
2026-07-30T17:28:21,62,אף אוזן גרון,עוצם,language,אוקראינית,1
2026-07-30T17:28:21,62,אף אוזן גרון,עוצם,language,אנגלית,3
2026-07-30T17:28:21,62,אף אוזן גרון,עוצם,language,הונגרית,1
2026-07-30T17:28:21,62,אף אוזן גרון,עוצם,language,עברית,4
2026-07-30T17:28:21,62,אף אוזן גרון,עוצם,language,ערבית,1
2026-07-30T17:28:21,62,אף אוזן גרון,עוצם,language,צכית,1
2026-07-30T17:28:21,62,אף אוזן גרון,עוצם,language,רוסית,1
2026-07-30T17:28:31,62,אף אוזן גרון,עטאטרה,gender,גבר,50
2026-07-30T17:28:31,62,אף אוזן גרון,עטאטרה,gender,אישה,7
2026-07-30T17:28:31,62,אף אוזן גרון,עטאטרה,visit_type,ביקור במרפאה,63
2026-07-30T17:28:31,62,אף אוזן גרון,עטאטרה,language,אוקראינית,1
2026-07-30T17:28:31,62,אף אוזן גרון,עטאטרה,language,אידיש,3
2026-07-30T17:28:31,62,אף אוזן גרון,עטאטרה,language,אנגלית,3
2026-07-30T17:28:31,62,אף אוזן גרון,עטאטרה,language,הונגרית,1
2026-07-30T17:28:31,62,אף אוזן גרון,עטאטרה,language,ספרדית,3
2026-07-30T17:28:31,62,אף אוזן גרון,עטאטרה,language,עברית,11
2026-07-30T17:28:31,62,אף אוזן גרון,עטאטרה,language,ערבית,5
2026-07-30T17:28:31,62,אף אוזן גרון,עטאטרה,language,צכית,1
2026-07-30T17:28:31,62,אף אוזן גרון,עטאטרה,language,רוסית,1
2026-07-30T17:28:45,62,אף אוזן גרון,עין איילה,gender,גבר,66
2026-07-30T17:28:45,62,אף אוזן גרון,עין איילה,gender,אישה,13
2026-07-30T17:28:45,62,אף אוזן גרון,עין איילה,visit_type,ביקור במרפאה,82
2026-07-30T17:28:45,62,אף אוזן גרון,עין איילה,visit_type,שיחת טלפון,4
2026-07-30T17:28:45,62,אף אוזן גרון,עין איילה,language,איטלקית,1
2026-07-30T17:28:45,62,אף אוזן גרון,עין איילה,language,אנגלית,24
2026-07-30T17:28:45,62,אף אוזן גרון,עין איילה,language,גרמנית,4
2026-07-30T17:28:45,62,אף אוזן גרון,עין איילה,language,הונגרית,1
2026-07-30T17:28:45,62,אף אוזן גרון,עין איילה,language,ספרדית,1
2026-07-30T17:28:45,62,אף אוזן גרון,עין איילה,language,עברית,39
2026-07-30T17:28:45,62,אף אוזן גרון,עין איילה,language,ערבית,18
2026-07-30T17:28:45,62,אף אוזן גרון,עין איילה,language,רוסית,11
2026-07-30T17:28:57,62,אף אוזן גרון,עמוקה,gender,גבר,54
2026-07-30T17:28:57,62,אף אוזן גרון,עמוקה,gender,אישה,5
2026-07-30T17:28:57,62,אף אוזן גרון,עמוקה,visit_type,ביקור במרפאה,59
2026-07-30T17:28:57,62,אף אוזן גרון,עמוקה,language,אנגלית,11
2026-07-30T17:28:57,62,אף אוזן גרון,עמוקה,language,עברית,14
2026-07-30T17:28:57,62,אף אוזן גרון,עמוקה,language,ערבית,14
2026-07-30T17:28:57,62,אף אוזן גרון,עמוקה,language,רוסית,2
2026-07-30T17:29:06,62,אף אוזן גרון,ענאתא,gender,גבר,36
2026-07-30T17:29:06,62,אף אוזן גרון,ענאתא,gender,אישה,4
2026-07-30T17:29:06,62,אף אוזן גרון,ענאתא,visit_type,ביקור במרפאה,41
2026-07-30T17:29:06,62,אף אוזן גרון,ענאתא,language,אידיש,4
2026-07-30T17:29:06,62,אף אוזן גרון,ענאתא,language,איטלקית,1
2026-07-30T17:29:06,62,אף אוזן גרון,ענאתא,language,אנגלית,10
2026-07-30T17:29:06,62,אף אוזן גרון,ענאתא,language,עברית,10
2026-07-30T17:29:06,62,אף אוזן גרון,ענאתא,language,ערבית,4
2026-07-30T17:29:06,62,אף אוזן גרון,ענאתא,language,רוסית,4
2026-07-30T17:29:13,62,אף אוזן גרון,עצמון שגב,gender,גבר,47
2026-07-30T17:29:13,62,אף אוזן גרון,עצמון שגב,gender,אישה,8
2026-07-30T17:29:13,62,אף אוזן גרון,עצמון שגב,visit_type,ביקור במרפאה,55
2026-07-30T17:29:13,62,אף אוזן גרון,עצמון שגב,visit_type,שיחת טלפון,2
2026-07-30T17:29:13,62,אף אוזן גרון,עצמון שגב,language,איטלקית,5
2026-07-30T17:29:13,62,אף אוזן גרון,עצמון שגב,language,אנגלית,40
2026-07-30T17:29:13,62,אף אוזן גרון,עצמון שגב,language,גרמנית,4
2026-07-30T17:29:13,62,אף אוזן גרון,עצמון שגב,language,הולנדית,1
2026-07-30T17:29:13,62,אף אוזן גרון,עצמון שגב,language,הונגרית,1
2026-07-30T17:29:13,62,אף אוזן גרון,עצמון שגב,language,ספרדית,1
2026-07-30T17:29:13,62,אף אוזן גרון,עצמון שגב,language,עברית,55
2026-07-30T17:29:13,62,אף אוזן גרון,עצמון שגב,language,ערבית,40
2026-07-30T17:29:13,62,אף אוזן גרון,עצמון שגב,language,צרפתית,1
2026-07-30T17:29:13,62,אף אוזן גרון,עצמון שגב,language,רומנית,7
2026-07-30T17:29:13,62,אף אוזן גרון,עצמון שגב,language,רוסית,10
2026-07-30T17:29:23,62,אף אוזן גרון,ערד,gender,אישה,6
2026-07-30T17:29:23,62,אף אוזן גרון,ערד,gender,גבר,38
2026-07-30T17:29:23,62,אף אוזן גרון,ערד,visit_type,ביקור במרפאה,47
2026-07-30T17:29:23,62,אף אוזן גרון,ערד,language,אוקראינית,1
2026-07-30T17:29:23,62,אף אוזן גרון,ערד,language,אידיש,3
2026-07-30T17:29:23,62,אף אוזן גרון,ערד,language,אנגלית,3
2026-07-30T17:29:23,62,אף אוזן גרון,ערד,language,הונגרית,1
2026-07-30T17:29:23,62,אף אוזן גרון,ערד,language,ספרדית,3
2026-07-30T17:29:23,62,אף אוזן גרון,ערד,language,עברית,10
2026-07-30T17:29:23,62,אף אוזן גרון,ערד,language,ערבית,4
2026-07-30T17:29:23,62,אף אוזן גרון,ערד,language,צכית,1
2026-07-30T17:29:23,62,אף אוזן גרון,ערד,language,רוסית,1
2026-07-30T17:29:36,62,אף אוזן גרון,פארק תעשיות עידן הנגב,gender,גבר,50
2026-07-30T17:29:36,62,אף אוזן גרון,פארק תעשיות עידן הנגב,gender,אישה,7
2026-07-30T17:29:36,62,אף אוזן גרון,פארק תעשיות עידן הנגב,visit_type,ביקור במרפאה,63
2026-07-30T17:29:36,62,אף אוזן גרון,פארק תעשיות עידן הנגב,language,אוקראינית,1
2026-07-30T17:29:36,62,אף אוזן גרון,פארק תעשיות עידן הנגב,language,אידיש,3
2026-07-30T17:29:36,62,אף אוזן גרון,פארק תעשיות עידן הנגב,language,אנגלית,3
2026-07-30T17:29:36,62,אף אוזן גרון,פארק תעשיות עידן הנגב,language,הונגרית,1
2026-07-30T17:29:36,62,אף אוזן גרון,פארק תעשיות עידן הנגב,language,ספרדית,3
2026-07-30T17:29:36,62,אף אוזן גרון,פארק תעשיות עידן הנגב,language,עברית,11
2026-07-30T17:29:36,62,אף אוזן גרון,פארק תעשיות עידן הנגב,language,ערבית,5
2026-07-30T17:29:36,62,אף אוזן גרון,פארק תעשיות עידן הנגב,language,צכית,1
2026-07-30T17:29:36,62,אף אוזן גרון,פארק תעשיות עידן הנגב,language,רוסית,1
2026-07-30T17:29:49,62,אף אוזן גרון,פוריה נווה עובד,gender,גבר,54
2026-07-30T17:29:49,62,אף אוזן גרון,פוריה נווה עובד,gender,אישה,5
2026-07-30T17:29:49,62,אף אוזן גרון,פוריה נווה עובד,visit_type,ביקור במרפאה,59
2026-07-30T17:29:49,62,אף אוזן גרון,פוריה נווה עובד,language,אנגלית,11
2026-07-30T17:29:49,62,אף אוזן גרון,פוריה נווה עובד,language,עברית,14
2026-07-30T17:29:49,62,אף אוזן גרון,פוריה נווה עובד,language,ערבית,14
2026-07-30T17:29:49,62,אף אוזן גרון,פוריה נווה עובד,language,רוסית,2
2026-07-30T17:30:00,62,אף אוזן גרון,פני חבר,gender,גבר,50
2026-07-30T17:30:00,62,אף אוזן גרון,פני חבר,gender,אישה,7
2026-07-30T17:30:00,62,אף אוזן גרון,פני חבר,visit_type,ביקור במרפאה,63
2026-07-30T17:30:00,62,אף אוזן גרון,פני חבר,language,אוקראינית,1
2026-07-30T17:30:00,62,אף אוזן גרון,פני חבר,language,אידיש,3
2026-07-30T17:30:00,62,אף אוזן גרון,פני חבר,language,אנגלית,3
2026-07-30T17:30:00,62,אף אוזן גרון,פני חבר,language,הונגרית,1
2026-07-30T17:30:00,62,אף אוזן גרון,פני חבר,language,ספרדית,3
2026-07-30T17:30:00,62,אף אוזן גרון,פני חבר,language,עברית,11
2026-07-30T17:30:00,62,אף אוזן גרון,פני חבר,language,ערבית,5
2026-07-30T17:30:00,62,אף אוזן גרון,פני חבר,language,צכית,1
2026-07-30T17:30:00,62,אף אוזן גרון,פני חבר,language,רוסית,1
2026-07-30T17:30:14,62,אף אוזן גרון,פרדסיה,gender,גבר,48
2026-07-30T17:30:14,62,אף אוזן גרון,פרדסיה,gender,אישה,14
2026-07-30T17:30:14,62,אף אוזן גרון,פרדסיה,visit_type,ביקור במרפאה,67
2026-07-30T17:30:14,62,אף אוזן גרון,פרדסיה,visit_type,שיחת טלפון,1
2026-07-30T17:30:14,62,אף אוזן גרון,פרדסיה,language,אוקראינית,1
2026-07-30T17:30:14,62,אף אוזן גרון,פרדסיה,language,אידיש,4
2026-07-30T17:30:14,62,אף אוזן גרון,פרדסיה,language,איטלקית,1
2026-07-30T17:30:14,62,אף אוזן גרון,פרדסיה,language,אנגלית,12
2026-07-30T17:30:14,62,אף אוזן גרון,פרדסיה,language,גרמנית,1
2026-07-30T17:30:14,62,אף אוזן גרון,פרדסיה,language,עברית,16
2026-07-30T17:30:14,62,אף אוזן גרון,פרדסיה,language,ערבית,3
2026-07-30T17:30:14,62,אף אוזן גרון,פרדסיה,language,רומנית,2
2026-07-30T17:30:14,62,אף אוזן גרון,פרדסיה,language,רוסית,6
2026-07-30T17:30:26,62,אף אוזן גרון,צביה,gender,גבר,47
2026-07-30T17:30:26,62,אף אוזן גרון,צביה,gender,אישה,8
2026-07-30T17:30:26,62,אף אוזן גרון,צביה,visit_type,ביקור במרפאה,55
2026-07-30T17:30:26,62,אף אוזן גרון,צביה,visit_type,שיחת טלפון,2
2026-07-30T17:30:26,62,אף אוזן גרון,צביה,language,איטלקית,5
2026-07-30T17:30:26,62,אף אוזן גרון,צביה,language,אנגלית,40
2026-07-30T17:30:26,62,אף אוזן גרון,צביה,language,גרמנית,4
2026-07-30T17:30:26,62,אף אוזן גרון,צביה,language,הולנדית,1
2026-07-30T17:30:26,62,אף אוזן גרון,צביה,language,הונגרית,1
2026-07-30T17:30:26,62,אף אוזן גרון,צביה,language,ספרדית,1
2026-07-30T17:30:26,62,אף אוזן גרון,צביה,language,עברית,55
2026-07-30T17:30:26,62,אף אוזן גרון,צביה,language,ערבית,40
2026-07-30T17:30:26,62,אף אוזן גרון,צביה,language,צרפתית,1
2026-07-30T17:30:26,62,אף אוזן גרון,צביה,language,רומנית,7
2026-07-30T17:30:26,62,אף אוזן גרון,צביה,language,רוסית,10
2026-07-30T17:30:34,62,אף אוזן גרון,צור הדסה,gender,גבר,36
2026-07-30T17:30:34,62,אף אוזן גרון,צור הדסה,gender,אישה,4
2026-07-30T17:30:34,62,אף אוזן גרון,צור הדסה,visit_type,ביקור במרפאה,41
2026-07-30T17:30:34,62,אף אוזן גרון,צור הדסה,language,אידיש,4
2026-07-30T17:30:34,62,אף אוזן גרון,צור הדסה,language,איטלקית,1
2026-07-30T17:30:34,62,אף אוזן גרון,צור הדסה,language,אנגלית,10
2026-07-30T17:30:34,62,אף אוזן גרון,צור הדסה,language,עברית,10
2026-07-30T17:30:34,62,אף אוזן גרון,צור הדסה,language,ערבית,4
2026-07-30T17:30:34,62,אף אוזן גרון,צור הדסה,language,רוסית,4
2026-07-30T17:30:41,62,אף אוזן גרון,קבאטיה,gender,גבר,48
2026-07-30T17:30:41,62,אף אוזן גרון,קבאטיה,gender,אישה,14
2026-07-30T17:30:41,62,אף אוזן גרון,קבאטיה,visit_type,ביקור במרפאה,67
2026-07-30T17:30:41,62,אף אוזן גרון,קבאטיה,visit_type,שיחת טלפון,1
2026-07-30T17:30:41,62,אף אוזן גרון,קבאטיה,language,אוקראינית,1
2026-07-30T17:30:41,62,אף אוזן גרון,קבאטיה,language,אידיש,4
2026-07-30T17:30:41,62,אף אוזן גרון,קבאטיה,language,איטלקית,1
2026-07-30T17:30:41,62,אף אוזן גרון,קבאטיה,language,אנגלית,12
2026-07-30T17:30:41,62,אף אוזן גרון,קבאטיה,language,גרמנית,1
2026-07-30T17:30:41,62,אף אוזן גרון,קבאטיה,language,עברית,16
2026-07-30T17:30:41,62,אף אוזן גרון,קבאטיה,language,ערבית,3
2026-07-30T17:30:41,62,אף אוזן גרון,קבאטיה,language,רומנית,2
2026-07-30T17:30:41,62,אף אוזן גרון,קבאטיה,language,רוסית,6
2026-07-30T17:30:51,62,אף אוזן גרון,קדרון,gender,גבר,21
2026-07-30T17:30:51,62,אף אוזן גרון,קדרון,gender,אישה,2
2026-07-30T17:30:51,62,אף אוזן גרון,קדרון,visit_type,ביקור במרפאה,27
2026-07-30T17:30:51,62,אף אוזן גרון,קדרון,language,איטלקית,1
2026-07-30T17:30:51,62,אף אוזן גרון,קדרון,language,אנגלית,8
2026-07-30T17:30:51,62,אף אוזן גרון,קדרון,language,ספרדית,1
2026-07-30T17:30:51,62,אף אוזן גרון,קדרון,language,עברית,10
2026-07-30T17:30:51,62,אף אוזן גרון,קדרון,language,צרפתית,2
2026-07-30T17:30:51,62,אף אוזן גרון,קדרון,language,רוסית,4
2026-07-30T17:30:56,62,אף אוזן גרון,קטנה,gender,גבר,36
2026-07-30T17:30:56,62,אף אוזן גרון,קטנה,gender,אישה,4
2026-07-30T17:30:56,62,אף אוזן גרון,קטנה,visit_type,ביקור במרפאה,41
2026-07-30T17:30:56,62,אף אוזן גרון,קטנה,language,אידיש,4
2026-07-30T17:30:56,62,אף אוזן גרון,קטנה,language,איטלקית,1
2026-07-30T17:30:56,62,אף אוזן גרון,קטנה,language,אנגלית,10
2026-07-30T17:30:56,62,אף אוזן גרון,קטנה,language,עברית,10
2026-07-30T17:30:56,62,אף אוזן גרון,קטנה,language,ערבית,4
2026-07-30T17:30:56,62,אף אוזן גרון,קטנה,language,רוסית,4
2026-07-30T17:31:04,62,אף אוזן גרון,קסר א סיר,gender,גבר,38
2026-07-30T17:31:04,62,אף אוזן גרון,קסר א סיר,gender,אישה,6
2026-07-30T17:31:04,62,אף אוזן גרון,קסר א סיר,visit_type,ביקור במרפאה,47
2026-07-30T17:31:04,62,אף אוזן גרון,קסר א סיר,language,אוקראינית,1
2026-07-30T17:31:04,62,אף אוזן גרון,קסר א סיר,language,אידיש,3
2026-07-30T17:31:04,62,אף אוזן גרון,קסר א סיר,language,אנגלית,3
2026-07-30T17:31:04,62,אף אוזן גרון,קסר א סיר,language,הונגרית,1
2026-07-30T17:31:04,62,אף אוזן גרון,קסר א סיר,language,ספרדית,3
2026-07-30T17:31:04,62,אף אוזן גרון,קסר א סיר,language,עברית,10
2026-07-30T17:31:04,62,אף אוזן גרון,קסר א סיר,language,ערבית,4
2026-07-30T17:31:04,62,אף אוזן גרון,קסר א סיר,language,צכית,1
2026-07-30T17:31:04,62,אף אוזן גרון,קסר א סיר,language,רוסית,1
2026-07-30T17:31:14,62,אף אוזן גרון,קרית ביאליק,gender,גבר,47
2026-07-30T17:31:14,62,אף אוזן גרון,קרית ביאליק,gender,אישה,12
2026-07-30T17:31:14,62,אף אוזן גרון,קרית ביאליק,visit_type,ביקור במרפאה,61
2026-07-30T17:31:14,62,אף אוזן גרון,קרית ביאליק,visit_type,שיחת טלפון,5
2026-07-30T17:31:14,62,אף אוזן גרון,קרית ביאליק,language,איטלקית,3
2026-07-30T17:31:14,62,אף אוזן גרון,קרית ביאליק,language,אנגלית,37
2026-07-30T17:31:14,62,אף אוזן גרון,קרית ביאליק,language,גרמנית,6
2026-07-30T17:31:14,62,אף אוזן גרון,קרית ביאליק,language,הולנדית,1
2026-07-30T17:31:14,62,אף אוזן גרון,קרית ביאליק,language,הונגרית,1
2026-07-30T17:31:14,62,אף אוזן גרון,קרית ביאליק,language,ספרדית,2
2026-07-30T17:31:14,62,אף אוזן גרון,קרית ביאליק,language,עברית,60
2026-07-30T17:31:14,62,אף אוזן גרון,קרית ביאליק,language,ערבית,37
2026-07-30T17:31:14,62,אף אוזן גרון,קרית ביאליק,language,צרפתית,1
2026-07-30T17:31:14,62,אף אוזן גרון,קרית ביאליק,language,רומנית,1
2026-07-30T17:31:14,62,אף אוזן גרון,קרית ביאליק,language,רוסית,13
2026-07-30T17:31:23,62,אף אוזן גרון,ראס כרכר,gender,גבר,36
2026-07-30T17:31:23,62,אף אוזן גרון,ראס כרכר,gender,אישה,4
2026-07-30T17:31:23,62,אף אוזן גרון,ראס כרכר,visit_type,ביקור במרפאה,41
2026-07-30T17:31:23,62,אף אוזן גרון,ראס כרכר,language,אידיש,4
2026-07-30T17:31:23,62,אף אוזן גרון,ראס כרכר,language,איטלקית,1
2026-07-30T17:31:23,62,אף אוזן גרון,ראס כרכר,language,אנגלית,10
2026-07-30T17:31:23,62,אף אוזן גרון,ראס כרכר,language,עברית,10
2026-07-30T17:31:23,62,אף אוזן גרון,ראס כרכר,language,ערבית,4
2026-07-30T17:31:23,62,אף אוזן גרון,ראס כרכר,language,רוסית,4
2026-07-30T17:31:32,62,אף אוזן גרון,רגבים,gender,גבר,67
2026-07-30T17:31:32,62,אף אוזן גרון,רגבים,gender,אישה,20
2026-07-30T17:31:32,62,אף אוזן גרון,רגבים,visit_type,ביקור במרפאה,92
2026-07-30T17:31:32,62,אף אוזן גרון,רגבים,visit_type,שיחת טלפון,1
2026-07-30T17:31:32,62,אף אוזן גרון,רגבים,language,אוקראינית,1
2026-07-30T17:31:32,62,אף אוזן גרון,רגבים,language,אידיש,4
2026-07-30T17:31:32,62,אף אוזן גרון,רגבים,language,איטלקית,1
2026-07-30T17:31:32,62,אף אוזן גרון,רגבים,language,אנגלית,19
2026-07-30T17:31:32,62,אף אוזן גרון,רגבים,language,גרמנית,1
2026-07-30T17:31:32,62,אף אוזן גרון,רגבים,language,ספרדית,1
2026-07-30T17:31:32,62,אף אוזן גרון,רגבים,language,עברית,26
2026-07-30T17:31:32,62,אף אוזן גרון,רגבים,language,ערבית,9
2026-07-30T17:31:32,62,אף אוזן גרון,רגבים,language,רומנית,2
2026-07-30T17:31:32,62,אף אוזן גרון,רגבים,language,רוסית,9
2026-07-30T17:31:45,62,אף אוזן גרון,רועי,gender,גבר,36
2026-07-30T17:31:45,62,אף אוזן גרון,רועי,gender,אישה,4
2026-07-30T17:31:45,62,אף אוזן גרון,רועי,visit_type,ביקור במרפאה,41
2026-07-30T17:31:45,62,אף אוזן גרון,רועי,language,אידיש,4
2026-07-30T17:31:45,62,אף אוזן גרון,רועי,language,איטלקית,1
2026-07-30T17:31:45,62,אף אוזן גרון,רועי,language,אנגלית,10
2026-07-30T17:31:45,62,אף אוזן גרון,רועי,language,עברית,10
2026-07-30T17:31:45,62,אף אוזן גרון,רועי,language,ערבית,4
2026-07-30T17:31:45,62,אף אוזן גרון,רועי,language,רוסית,4
2026-07-30T17:31:52,62,אף אוזן גרון,רכסים,gender,גבר,66
2026-07-30T17:31:52,62,אף אוזן גרון,רכסים,gender,אישה,13
2026-07-30T17:31:52,62,אף אוזן גרון,רכסים,visit_type,ביקור במרפאה,82
2026-07-30T17:31:52,62,אף אוזן גרון,רכסים,visit_type,שיחת טלפון,4
2026-07-30T17:31:52,62,אף אוזן גרון,רכסים,language,איטלקית,1
2026-07-30T17:31:52,62,אף אוזן גרון,רכסים,language,אנגלית,24
2026-07-30T17:31:52,62,אף אוזן גרון,רכסים,language,גרמנית,4
2026-07-30T17:31:52,62,אף אוזן גרון,רכסים,language,הונגרית,1
2026-07-30T17:31:52,62,אף אוזן גרון,רכסים,language,ספרדית,1
2026-07-30T17:31:52,62,אף אוזן גרון,רכסים,language,עברית,39
2026-07-30T17:31:52,62,אף אוזן גרון,רכסים,language,ערבית,18
2026-07-30T17:31:52,62,אף אוזן גרון,רכסים,language,רוסית,11
2026-07-30T17:32:05,62,אף אוזן גרון,רמת גן,gender,גבר,37
2026-07-30T17:32:05,62,אף אוזן גרון,רמת גן,gender,אישה,13
2026-07-30T17:32:05,62,אף אוזן גרון,רמת גן,visit_type,ביקור במרפאה,53
2026-07-30T17:32:05,62,אף אוזן גרון,רמת גן,visit_type,שיחת טלפון,1
2026-07-30T17:32:05,62,אף אוזן גרון,רמת גן,language,אנגלית,22
2026-07-30T17:32:05,62,אף אוזן גרון,רמת גן,language,גרמנית,1
2026-07-30T17:32:05,62,אף אוזן גרון,רמת גן,language,ספרדית,3
2026-07-30T17:32:05,62,אף אוזן גרון,רמת גן,language,עברית,47
2026-07-30T17:32:05,62,אף אוזן גרון,רמת גן,language,ערבית,3
2026-07-30T17:32:05,62,אף אוזן גרון,רמת גן,language,צרפתית,1
2026-07-30T17:32:05,62,אף אוזן גרון,רמת גן,language,רוסית,10
2026-07-30T17:32:16,62,אף אוזן גרון,רשפים,gender,גבר,86
2026-07-30T17:32:16,62,אף אוזן גרון,רשפים,gender,אישה,8
2026-07-30T17:32:16,62,אף אוזן גרון,רשפים,visit_type,ביקור במרפאה,95
2026-07-30T17:32:16,62,אף אוזן גרון,רשפים,language,אנגלית,17
2026-07-30T17:32:16,62,אף אוזן גרון,רשפים,language,ספרדית,1
2026-07-30T17:32:16,62,אף אוזן גרון,רשפים,language,עברית,23
2026-07-30T17:32:16,62,אף אוזן גרון,רשפים,language,ערבית,19
2026-07-30T17:32:16,62,אף אוזן גרון,רשפים,language,רוסית,5
2026-07-30T17:32:31,62,אף אוזן גרון,שדה אליעזר,gender,גבר,54
2026-07-30T17:32:31,62,אף אוזן גרון,שדה אליעזר,gender,אישה,5
2026-07-30T17:32:31,62,אף אוזן גרון,שדה אליעזר,visit_type,ביקור במרפאה,59
2026-07-30T17:32:31,62,אף אוזן גרון,שדה אליעזר,language,אנגלית,11
2026-07-30T17:32:31,62,אף אוזן גרון,שדה אליעזר,language,עברית,14
2026-07-30T17:32:31,62,אף אוזן גרון,שדה אליעזר,language,ערבית,14
2026-07-30T17:32:31,62,אף אוזן גרון,שדה אליעזר,language,רוסית,2
2026-07-30T17:32:42,62,אף אוזן גרון,שובל,gender,גבר,50
2026-07-30T17:32:42,62,אף אוזן גרון,שובל,gender,אישה,7
2026-07-30T17:32:42,62,אף אוזן גרון,שובל,visit_type,ביקור במרפאה,63
2026-07-30T17:32:42,62,אף אוזן גרון,שובל,language,אוקראינית,1
2026-07-30T17:32:42,62,אף אוזן גרון,שובל,language,אידיש,3
2026-07-30T17:32:42,62,אף אוזן גרון,שובל,language,אנגלית,3
2026-07-30T17:32:42,62,אף אוזן גרון,שובל,language,הונגרית,1
2026-07-30T17:32:42,62,אף אוזן גרון,שובל,language,ספרדית,3
2026-07-30T17:32:42,62,אף אוזן גרון,שובל,language,עברית,11
2026-07-30T17:32:42,62,אף אוזן גרון,שובל,language,ערבית,5
2026-07-30T17:32:42,62,אף אוזן גרון,שובל,language,צכית,1
2026-07-30T17:32:42,62,אף אוזן גרון,שובל,language,רוסית,1
2026-07-30T17:32:54,62,אף אוזן גרון,שחרות,gender,גבר,1
2026-07-30T17:32:54,62,אף אוזן גרון,שחרות,visit_type,ביקור במרפאה,4
2026-07-30T17:32:54,62,אף אוזן גרון,שחרות,language,אנגלית,1
2026-07-30T17:32:54,62,אף אוזן גרון,שחרות,language,עברית,1
2026-07-30T17:32:54,62,אף אוזן גרון,שחרות,language,פרסית,1
2026-07-30T17:32:54,62,אף אוזן גרון,שחרות,language,צרפתית,1
2026-07-30T17:32:55,62,אף אוזן גרון,שכניה,gender,גבר,35
2026-07-30T17:32:55,62,אף אוזן גרון,שכניה,gender,אישה,3
2026-07-30T17:32:55,62,אף אוזן גרון,שכניה,visit_type,ביקור במרפאה,38
2026-07-30T17:32:55,62,אף אוזן גרון,שכניה,visit_type,שיחת טלפון,1
2026-07-30T17:32:55,62,אף אוזן גרון,שכניה,language,איטלקית,5
2026-07-30T17:32:55,62,אף אוזן גרון,שכניה,language,אנגלית,29
2026-07-30T17:32:55,62,אף אוזן גרון,שכניה,language,גרמנית,2
2026-07-30T17:32:55,62,אף אוזן גרון,שכניה,language,הולנדית,1
2026-07-30T17:32:55,62,אף אוזן גרון,שכניה,language,ספרדית,1
2026-07-30T17:32:55,62,אף אוזן גרון,שכניה,language,עברית,38
2026-07-30T17:32:55,62,אף אוזן גרון,שכניה,language,ערבית,34
2026-07-30T17:32:55,62,אף אוזן גרון,שכניה,language,צרפתית,1
2026-07-30T17:32:55,62,אף אוזן גרון,שכניה,language,רומנית,7
2026-07-30T17:32:55,62,אף אוזן גרון,שכניה,language,רוסית,5
2026-07-30T17:33:03,62,אף אוזן גרון,שמשית,gender,גבר,54
2026-07-30T17:33:03,62,אף אוזן גרון,שמשית,gender,אישה,5
2026-07-30T17:33:03,62,אף אוזן גרון,שמשית,visit_type,ביקור במרפאה,59
2026-07-30T17:33:03,62,אף אוזן גרון,שמשית,language,אנגלית,11
2026-07-30T17:33:03,62,אף אוזן גרון,שמשית,language,עברית,14
2026-07-30T17:33:03,62,אף אוזן גרון,שמשית,language,ערבית,14
2026-07-30T17:33:03,62,אף אוזן גרון,שמשית,language,רוסית,2
2026-07-30T17:33:12,62,אף אוזן גרון,שער שומרון,gender,גבר,34
2026-07-30T17:33:12,62,אף אוזן גרון,שער שומרון,gender,אישה,20
2026-07-30T17:33:12,62,אף אוזן גרון,שער שומרון,visit_type,ביקור במרפאה,59
2026-07-30T17:33:12,62,אף אוזן גרון,שער שומרון,visit_type,שיחת טלפון,1
2026-07-30T17:33:12,62,אף אוזן גרון,שער שומרון,language,אוקראינית,1
2026-07-30T17:33:12,62,אף אוזן גרון,שער שומרון,language,אידיש,1
2026-07-30T17:33:12,62,אף אוזן גרון,שער שומרון,language,איטלקית,1
2026-07-30T17:33:12,62,אף אוזן גרון,שער שומרון,language,אנגלית,18
2026-07-30T17:33:12,62,אף אוזן גרון,שער שומרון,language,גרמנית,1
2026-07-30T17:33:12,62,אף אוזן גרון,שער שומרון,language,ספרדית,2
2026-07-30T17:33:12,62,אף אוזן גרון,שער שומרון,language,עברית,44
2026-07-30T17:33:12,62,אף אוזן גרון,שער שומרון,language,ערבית,3
2026-07-30T17:33:12,62,אף אוזן גרון,שער שומרון,language,רומנית,1
2026-07-30T17:33:12,62,אף אוזן גרון,שער שומרון,language,רוסית,11
2026-07-30T17:33:23,62,אף אוזן גרון,שרשרת,gender,גבר,50
2026-07-30T17:33:23,62,אף אוזן גרון,שרשרת,gender,אישה,7
2026-07-30T17:33:23,62,אף אוזן גרון,שרשרת,visit_type,ביקור במרפאה,63
2026-07-30T17:33:23,62,אף אוזן גרון,שרשרת,language,אוקראינית,1
2026-07-30T17:33:23,62,אף אוזן גרון,שרשרת,language,אידיש,3
2026-07-30T17:33:23,62,אף אוזן גרון,שרשרת,language,אנגלית,3
2026-07-30T17:33:23,62,אף אוזן גרון,שרשרת,language,הונגרית,1
2026-07-30T17:33:23,62,אף אוזן גרון,שרשרת,language,ספרדית,3
2026-07-30T17:33:23,62,אף אוזן גרון,שרשרת,language,עברית,11
2026-07-30T17:33:23,62,אף אוזן גרון,שרשרת,language,ערבית,5
2026-07-30T17:33:23,62,אף אוזן גרון,שרשרת,language,צכית,1
2026-07-30T17:33:23,62,אף אוזן גרון,שרשרת,language,רוסית,1
2026-07-30T17:33:36,62,אף אוזן גרון,תיאסיר,gender,גבר,48
2026-07-30T17:33:36,62,אף אוזן גרון,תיאסיר,gender,אישה,14
2026-07-30T17:33:36,62,אף אוזן גרון,תיאסיר,visit_type,ביקור במרפאה,67
2026-07-30T17:33:36,62,אף אוזן גרון,תיאסיר,visit_type,שיחת טלפון,1
2026-07-30T17:33:36,62,אף אוזן גרון,תיאסיר,language,אוקראינית,1
2026-07-30T17:33:36,62,אף אוזן גרון,תיאסיר,language,אידיש,4
2026-07-30T17:33:36,62,אף אוזן גרון,תיאסיר,language,איטלקית,1
2026-07-30T17:33:36,62,אף אוזן גרון,תיאסיר,language,אנגלית,12
2026-07-30T17:33:36,62,אף אוזן גרון,תיאסיר,language,גרמנית,1
2026-07-30T17:33:36,62,אף אוזן גרון,תיאסיר,language,עברית,16
2026-07-30T17:33:36,62,אף אוזן גרון,תיאסיר,language,ערבית,3
2026-07-30T17:33:36,62,אף אוזן גרון,תיאסיר,language,רומנית,2
2026-07-30T17:33:36,62,אף אוזן גרון,תיאסיר,language,רוסית,6
2026-07-30T17:33:47,62,אף אוזן גרון,תל מונד,gender,גבר,48
2026-07-30T17:33:47,62,אף אוזן גרון,תל מונד,gender,אישה,14
2026-07-30T17:33:47,62,אף אוזן גרון,תל מונד,visit_type,ביקור במרפאה,67
2026-07-30T17:33:47,62,אף אוזן גרון,תל מונד,visit_type,שיחת טלפון,1
2026-07-30T17:33:47,62,אף אוזן גרון,תל מונד,language,אוקראינית,1
2026-07-30T17:33:47,62,אף אוזן גרון,תל מונד,language,אידיש,4
2026-07-30T17:33:47,62,אף אוזן גרון,תל מונד,language,איטלקית,1
2026-07-30T17:33:47,62,אף אוזן גרון,תל מונד,language,אנגלית,12
2026-07-30T17:33:47,62,אף אוזן גרון,תל מונד,language,גרמנית,1
2026-07-30T17:33:47,62,אף אוזן גרון,תל מונד,language,עברית,16
2026-07-30T17:33:47,62,אף אוזן גרון,תל מונד,language,ערבית,3
2026-07-30T17:33:47,62,אף אוזן גרון,תל מונד,language,רומנית,2
2026-07-30T17:33:47,62,אף אוזן גרון,תל מונד,language,רוסית,6
2026-07-30T17:33:57,62,אף אוזן גרון,תעשיון צריפין,gender,גבר,30
2026-07-30T17:33:57,62,אף אוזן גרון,תעשיון צריפין,gender,אישה,2
2026-07-30T17:33:57,62,אף אוזן גרון,תעשיון צריפין,visit_type,ביקור במרפאה,44
2026-07-30T17:33:57,62,אף אוזן גרון,תעשיון צריפין,language,איטלקית,1
2026-07-30T17:33:57,62,אף אוזן גרון,תעשיון צריפין,language,אנגלית,12
2026-07-30T17:33:57,62,אף אוזן גרון,תעשיון צריפין,language,ספרדית,1
2026-07-30T17:33:57,62,אף אוזן גרון,תעשיון צריפין,language,עברית,18
2026-07-30T17:33:57,62,אף אוזן גרון,תעשיון צריפין,language,ערבית,2
2026-07-30T17:33:57,62,אף אוזן גרון,תעשיון צריפין,language,צרפתית,2
2026-07-30T17:33:57,62,אף אוזן גרון,תעשיון צריפין,language,רוסית,7
2026-07-30T17:34:08,62,אף אוזן גרון,תראבין א צאנה שבט,gender,גבר,38
2026-07-30T17:34:08,62,אף אוזן גרון,תראבין א צאנה שבט,gender,אישה,6
2026-07-30T17:34:08,62,אף אוזן גרון,תראבין א צאנה שבט,visit_type,ביקור במרפאה,47
2026-07-30T17:34:08,62,אף אוזן גרון,תראבין א צאנה שבט,language,אוקראינית,1
2026-07-30T17:34:08,62,אף אוזן גרון,תראבין א צאנה שבט,language,אידיש,3
2026-07-30T17:34:08,62,אף אוזן גרון,תראבין א צאנה שבט,language,אנגלית,3
2026-07-30T17:34:08,62,אף אוזן גרון,תראבין א צאנה שבט,language,הונגרית,1
2026-07-30T17:34:08,62,אף אוזן גרון,תראבין א צאנה שבט,language,ספרדית,3
2026-07-30T17:34:08,62,אף אוזן גרון,תראבין א צאנה שבט,language,עברית,10
2026-07-30T17:34:08,62,אף אוזן גרון,תראבין א צאנה שבט,language,ערבית,4
2026-07-30T17:34:08,62,אף אוזן גרון,תראבין א צאנה שבט,language,צכית,1
2026-07-30T17:34:08,62,אף אוזן גרון,תראבין א צאנה שבט,language,רוסית,1
2026-07-30T17:34:20,63,נשים,אבו ג'ווייעד,gender,גבר,43
2026-07-30T17:34:20,63,נשים,אבו ג'ווייעד,gender,אישה,67
2026-07-30T17:34:20,63,נשים,אבו ג'ווייעד,visit_type,ביקור במרפאה,112
2026-07-30T17:34:20,63,נשים,אבו ג'ווייעד,language,אידיש,3
2026-07-30T17:34:20,63,נשים,אבו ג'ווייעד,language,אנגלית,21
2026-07-30T17:34:20,63,נשים,אבו ג'ווייעד,language,ליטאית,1
2026-07-30T17:34:20,63,נשים,אבו ג'ווייעד,language,סינית,1
2026-07-30T17:34:20,63,נשים,אבו ג'ווייעד,language,עברית,9
2026-07-30T17:34:20,63,נשים,אבו ג'ווייעד,language,ערבית,4
2026-07-30T17:34:20,63,נשים,אבו ג'ווייעד,language,רוסית,19
2026-07-30T17:34:35,63,נשים,אדורה,gender,גבר,47
2026-07-30T17:34:35,63,נשים,אדורה,gender,אישה,79
2026-07-30T17:34:35,63,נשים,אדורה,visit_type,ביקור במרפאה,131
2026-07-30T17:34:35,63,נשים,אדורה,visit_type,שיחת טלפון,16
2026-07-30T17:34:35,63,נשים,אדורה,visit_type,שיחת וידאו,1
2026-07-30T17:34:35,63,נשים,אדורה,language,אידיש,2
2026-07-30T17:34:35,63,נשים,אדורה,language,אנגלית,20
2026-07-30T17:34:35,63,נשים,אדורה,language,עברית,24
2026-07-30T17:34:35,63,נשים,אדורה,language,ערבית,3
2026-07-30T17:34:35,63,נשים,אדורה,language,צרפתית,2
2026-07-30T17:34:35,63,נשים,אדורה,language,רוסית,3
2026-07-30T17:34:54,63,נשים,אולפני נווה אילן,gender,גבר,47
2026-07-30T17:34:54,63,נשים,אולפני נווה אילן,gender,אישה,79
2026-07-30T17:34:54,63,נשים,אולפני נווה אילן,visit_type,ביקור במרפאה,131
2026-07-30T17:34:54,63,נשים,אולפני נווה אילן,visit_type,שיחת טלפון,16
2026-07-30T17:34:54,63,נשים,אולפני נווה אילן,visit_type,שיחת וידאו,1
2026-07-30T17:34:54,63,נשים,אולפני נווה אילן,language,אידיש,2
2026-07-30T17:34:54,63,נשים,אולפני נווה אילן,language,אנגלית,20
2026-07-30T17:34:54,63,נשים,אולפני נווה אילן,language,עברית,24
2026-07-30T17:34:54,63,נשים,אולפני נווה אילן,language,ערבית,3
2026-07-30T17:34:54,63,נשים,אולפני נווה אילן,language,צרפתית,2
2026-07-30T17:34:54,63,נשים,אולפני נווה אילן,language,רוסית,3
2026-07-30T17:35:12,63,נשים,אחווה,gender,גבר,28
2026-07-30T17:35:12,63,נשים,אחווה,gender,אישה,31
2026-07-30T17:35:12,63,נשים,אחווה,visit_type,ביקור במרפאה,63
2026-07-30T17:35:12,63,נשים,אחווה,language,אוקראינית,2
2026-07-30T17:35:12,63,נשים,אחווה,language,איטלקית,1
2026-07-30T17:35:12,63,נשים,אחווה,language,אנגלית,13
2026-07-30T17:35:12,63,נשים,אחווה,language,גרוזינית,1
2026-07-30T17:35:12,63,נשים,אחווה,language,הונגרית,1
2026-07-30T17:35:12,63,נשים,אחווה,language,ספרדית,1
2026-07-30T17:35:12,63,נשים,אחווה,language,עברית,20
2026-07-30T17:35:12,63,נשים,אחווה,language,צרפתית,2
2026-07-30T17:35:12,63,נשים,אחווה,language,רוסית,10
2026-07-30T17:35:22,63,נשים,אידנא,gender,גבר,47
2026-07-30T17:35:22,63,נשים,אידנא,gender,אישה,79
2026-07-30T17:35:22,63,נשים,אידנא,visit_type,ביקור במרפאה,131
2026-07-30T17:35:22,63,נשים,אידנא,visit_type,שיחת טלפון,16
2026-07-30T17:35:22,63,נשים,אידנא,visit_type,שיחת וידאו,1
2026-07-30T17:35:22,63,נשים,אידנא,language,אידיש,2
2026-07-30T17:35:22,63,נשים,אידנא,language,אנגלית,20
2026-07-30T17:35:22,63,נשים,אידנא,language,עברית,24
2026-07-30T17:35:22,63,נשים,אידנא,language,ערבית,3
2026-07-30T17:35:22,63,נשים,אידנא,language,צרפתית,2
2026-07-30T17:35:22,63,נשים,אידנא,language,רוסית,3
2026-07-30T17:35:41,63,נשים,אל בירה,gender,גבר,47
2026-07-30T17:35:41,63,נשים,אל בירה,gender,אישה,79
2026-07-30T17:35:41,63,נשים,אל בירה,visit_type,ביקור במרפאה,131
2026-07-30T17:35:41,63,נשים,אל בירה,visit_type,שיחת טלפון,16
2026-07-30T17:35:41,63,נשים,אל בירה,visit_type,שיחת וידאו,1
2026-07-30T17:35:41,63,נשים,אל בירה,language,אידיש,2
2026-07-30T17:35:41,63,נשים,אל בירה,language,אנגלית,20
2026-07-30T17:35:41,63,נשים,אל בירה,language,עברית,24
2026-07-30T17:35:41,63,נשים,אל בירה,language,ערבית,3
2026-07-30T17:35:41,63,נשים,אל בירה,language,צרפתית,2
2026-07-30T17:35:41,63,נשים,אל בירה,language,רוסית,3
2026-07-30T17:36:00,63,נשים,אמירים,gender,גבר,29
2026-07-30T17:36:00,63,נשים,אמירים,gender,אישה,58
2026-07-30T17:36:00,63,נשים,אמירים,visit_type,ביקור במרפאה,87
2026-07-30T17:36:00,63,נשים,אמירים,language,אנגלית,9
2026-07-30T17:36:00,63,נשים,אמירים,language,עברית,13
2026-07-30T17:36:00,63,נשים,אמירים,language,ערבית,4
2026-07-30T17:36:00,63,נשים,אמירים,language,רוסית,3
2026-07-30T17:36:14,63,נשים,אפק,gender,גבר,38
2026-07-30T17:36:14,63,נשים,אפק,gender,אישה,94
2026-07-30T17:36:14,63,נשים,אפק,visit_type,ביקור במרפאה,132
2026-07-30T17:36:14,63,נשים,אפק,visit_type,שיחת טלפון,2
2026-07-30T17:36:14,63,נשים,אפק,language,אידיש,1
2026-07-30T17:36:14,63,נשים,אפק,language,איטלקית,4
2026-07-30T17:36:14,63,נשים,אפק,language,אנגלית,90
2026-07-30T17:36:14,63,נשים,אפק,language,הונגרית,3
2026-07-30T17:36:14,63,נשים,אפק,language,עברית,129
2026-07-30T17:36:14,63,נשים,אפק,language,ערבית,70
2026-07-30T17:36:14,63,נשים,אפק,language,צרפתית,5
2026-07-30T17:36:14,63,נשים,אפק,language,רומנית,5
2026-07-30T17:36:14,63,נשים,אפק,language,רוסית,24
2026-07-30T17:36:14,63,נשים,אפק,language,שוודית,1
2026-07-30T17:36:33,63,נשים,אשדוד,gender,גבר,28
2026-07-30T17:36:33,63,נשים,אשדוד,gender,אישה,31
2026-07-30T17:36:33,63,נשים,אשדוד,visit_type,ביקור במרפאה,63
2026-07-30T17:36:33,63,נשים,אשדוד,language,אוקראינית,2
2026-07-30T17:36:33,63,נשים,אשדוד,language,איטלקית,1
2026-07-30T17:36:33,63,נשים,אשדוד,language,אנגלית,13
2026-07-30T17:36:33,63,נשים,אשדוד,language,גרוזינית,1
2026-07-30T17:36:33,63,נשים,אשדוד,language,הונגרית,1
2026-07-30T17:36:33,63,נשים,אשדוד,language,ספרדית,1
2026-07-30T17:36:33,63,נשים,אשדוד,language,עברית,20
2026-07-30T17:36:33,63,נשים,אשדוד,language,צרפתית,2
2026-07-30T17:36:33,63,נשים,אשדוד,language,רוסית,10
2026-07-30T17:36:49,63,נשים,בועיינה נוג'יידאת,gender,גבר,29
2026-07-30T17:36:49,63,נשים,בועיינה נוג'יידאת,gender,אישה,58
2026-07-30T17:36:49,63,נשים,בועיינה נוג'יידאת,visit_type,ביקור במרפאה,87
2026-07-30T17:36:49,63,נשים,בועיינה נוג'יידאת,language,אנגלית,9
2026-07-30T17:36:49,63,נשים,בועיינה נוג'יידאת,language,עברית,13
2026-07-30T17:36:49,63,נשים,בועיינה נוג'יידאת,language,ערבית,4
2026-07-30T17:36:49,63,נשים,בועיינה נוג'יידאת,language,רוסית,3
2026-07-30T17:37:03,63,נשים,בטחה,gender,גבר,68
2026-07-30T17:37:03,63,נשים,בטחה,gender,אישה,86
2026-07-30T17:37:03,63,נשים,בטחה,visit_type,ביקור במרפאה,156
2026-07-30T17:37:03,63,נשים,בטחה,visit_type,שיחת טלפון,1
2026-07-30T17:37:03,63,נשים,בטחה,language,אידיש,4
2026-07-30T17:37:03,63,נשים,בטחה,language,אנגלית,22
2026-07-30T17:37:03,63,נשים,בטחה,language,גרמנית,1
2026-07-30T17:37:03,63,נשים,בטחה,language,ליטאית,1
2026-07-30T17:37:03,63,נשים,בטחה,language,סינית,1
2026-07-30T17:37:03,63,נשים,בטחה,language,עברית,14
2026-07-30T17:37:03,63,נשים,בטחה,language,ערבית,4
2026-07-30T17:37:03,63,נשים,בטחה,language,רוסית,22
2026-07-30T17:37:23,63,נשים,ביר זית,gender,גבר,47
2026-07-30T17:37:23,63,נשים,ביר זית,gender,אישה,79
2026-07-30T17:37:23,63,נשים,ביר זית,visit_type,ביקור במרפאה,131
2026-07-30T17:37:23,63,נשים,ביר זית,visit_type,שיחת טלפון,16
2026-07-30T17:37:23,63,נשים,ביר זית,visit_type,שיחת וידאו,1
2026-07-30T17:37:23,63,נשים,ביר זית,language,אידיש,2
2026-07-30T17:37:23,63,נשים,ביר זית,language,אנגלית,20
2026-07-30T17:37:23,63,נשים,ביר זית,language,עברית,24
2026-07-30T17:37:23,63,נשים,ביר זית,language,ערבית,3
2026-07-30T17:37:23,63,נשים,ביר זית,language,צרפתית,2
2026-07-30T17:37:23,63,נשים,ביר זית,language,רוסית,3
2026-07-30T17:37:42,63,נשים,בני נצרים,gender,גבר,47
2026-07-30T17:37:42,63,נשים,בני נצרים,gender,אישה,61
2026-07-30T17:37:42,63,נשים,בני נצרים,visit_type,ביקור במרפאה,108
2026-07-30T17:37:42,63,נשים,בני נצרים,visit_type,שיחת טלפון,1
2026-07-30T17:37:42,63,נשים,בני נצרים,language,אידיש,4
2026-07-30T17:37:42,63,נשים,בני נצרים,language,אנגלית,13
2026-07-30T17:37:42,63,נשים,בני נצרים,language,גרמנית,1
2026-07-30T17:37:42,63,נשים,בני נצרים,language,ליטאית,1
2026-07-30T17:37:42,63,נשים,בני נצרים,language,סינית,1
2026-07-30T17:37:42,63,נשים,בני נצרים,language,עברית,8
2026-07-30T17:37:42,63,נשים,בני נצרים,language,ערבית,3
2026-07-30T17:37:42,63,נשים,בני נצרים,language,רוסית,14
2026-07-30T17:37:57,63,נשים,בר גיורא,gender,גבר,47
2026-07-30T17:37:57,63,נשים,בר גיורא,gender,אישה,79
2026-07-30T17:37:57,63,נשים,בר גיורא,visit_type,ביקור במרפאה,131
2026-07-30T17:37:57,63,נשים,בר גיורא,visit_type,שיחת טלפון,16
2026-07-30T17:37:57,63,נשים,בר גיורא,visit_type,שיחת וידאו,1
2026-07-30T17:37:57,63,נשים,בר גיורא,language,אידיש,2
2026-07-30T17:37:57,63,נשים,בר גיורא,language,אנגלית,20
2026-07-30T17:37:57,63,נשים,בר גיורא,language,עברית,24
2026-07-30T17:37:57,63,נשים,בר גיורא,language,ערבית,3
2026-07-30T17:37:57,63,נשים,בר גיורא,language,צרפתית,2
2026-07-30T17:37:57,63,נשים,בר גיורא,language,רוסית,3
2026-07-30T17:38:17,63,נשים,בת הדר,gender,גבר,47
2026-07-30T17:38:17,63,נשים,בת הדר,gender,אישה,61
2026-07-30T17:38:17,63,נשים,בת הדר,visit_type,ביקור במרפאה,108
2026-07-30T17:38:17,63,נשים,בת הדר,visit_type,שיחת טלפון,1
2026-07-30T17:38:17,63,נשים,בת הדר,language,אידיש,4
2026-07-30T17:38:17,63,נשים,בת הדר,language,אנגלית,13
2026-07-30T17:38:17,63,נשים,בת הדר,language,גרמנית,1
2026-07-30T17:38:17,63,נשים,בת הדר,language,ליטאית,1
2026-07-30T17:38:17,63,נשים,בת הדר,language,סינית,1
2026-07-30T17:38:17,63,נשים,בת הדר,language,עברית,8
2026-07-30T17:38:17,63,נשים,בת הדר,language,ערבית,3
2026-07-30T17:38:17,63,נשים,בת הדר,language,רוסית,14
2026-07-30T17:38:35,63,נשים,ג'בע,gender,גבר,47
2026-07-30T17:38:35,63,נשים,ג'בע,gender,אישה,92
2026-07-30T17:38:35,63,נשים,ג'בע,visit_type,ביקור במרפאה,142
2026-07-30T17:38:35,63,נשים,ג'בע,visit_type,שיחת טלפון,2
2026-07-30T17:38:35,63,נשים,ג'בע,language,אידיש,1
2026-07-30T17:38:35,63,נשים,ג'בע,language,אנגלית,18
2026-07-30T17:38:35,63,נשים,ג'בע,language,גרמנית,1
2026-07-30T17:38:35,63,נשים,ג'בע,language,עברית,32
2026-07-30T17:38:35,63,נשים,ג'בע,language,ערבית,8
2026-07-30T17:38:35,63,נשים,ג'בע,language,צרפתית,2
2026-07-30T17:38:35,63,נשים,ג'בע,language,רומנית,2
2026-07-30T17:38:35,63,נשים,ג'בע,language,רוסית,11
2026-07-30T17:38:54,63,נשים,גבעון החדשה,gender,גבר,47
2026-07-30T17:38:54,63,נשים,גבעון החדשה,gender,אישה,79
2026-07-30T17:38:54,63,נשים,גבעון החדשה,visit_type,ביקור במרפאה,131
2026-07-30T17:38:54,63,נשים,גבעון החדשה,visit_type,שיחת טלפון,16
2026-07-30T17:38:54,63,נשים,גבעון החדשה,visit_type,שיחת וידאו,1
2026-07-30T17:38:54,63,נשים,גבעון החדשה,language,אידיש,2
2026-07-30T17:38:54,63,נשים,גבעון החדשה,language,אנגלית,20
2026-07-30T17:38:54,63,נשים,גבעון החדשה,language,עברית,24
2026-07-30T17:38:54,63,נשים,גבעון החדשה,language,ערבית,3
2026-07-30T17:38:54,63,נשים,גבעון החדשה,language,צרפתית,2
2026-07-30T17:38:54,63,נשים,גבעון החדשה,language,רוסית,3
2026-07-30T17:39:14,63,נשים,גורנות הגליל,gender,גבר,23
2026-07-30T17:39:14,63,נשים,גורנות הגליל,gender,אישה,64
2026-07-30T17:39:14,63,נשים,גורנות הגליל,visit_type,ביקור במרפאה,88
2026-07-30T17:39:14,63,נשים,גורנות הגליל,visit_type,שיחת טלפון,2
2026-07-30T17:39:14,63,נשים,גורנות הגליל,language,איטלקית,4
2026-07-30T17:39:14,63,נשים,גורנות הגליל,language,אנגלית,56
2026-07-30T17:39:14,63,נשים,גורנות הגליל,language,ספרדית,1
2026-07-30T17:39:14,63,נשים,גורנות הגליל,language,עברית,85
2026-07-30T17:39:14,63,נשים,גורנות הגליל,language,ערבית,64
2026-07-30T17:39:14,63,נשים,גורנות הגליל,language,רומנית,4
2026-07-30T17:39:14,63,נשים,גורנות הגליל,language,רוסית,15
2026-07-30T17:39:27,63,נשים,גינתון,gender,גבר,40
2026-07-30T17:39:27,63,נשים,גינתון,gender,אישה,46
2026-07-30T17:39:27,63,נשים,גינתון,visit_type,ביקור במרפאה,88
2026-07-30T17:39:27,63,נשים,גינתון,language,אוקראינית,3
2026-07-30T17:39:27,63,נשים,גינתון,language,אידיש,1
2026-07-30T17:39:27,63,נשים,גינתון,language,איטלקית,2
2026-07-30T17:39:27,63,נשים,גינתון,language,אנגלית,21
2026-07-30T17:39:27,63,נשים,גינתון,language,הונגרית,1
2026-07-30T17:39:27,63,נשים,גינתון,language,ספרדית,1
2026-07-30T17:39:27,63,נשים,גינתון,language,עברית,29
2026-07-30T17:39:27,63,נשים,גינתון,language,צרפתית,1
2026-07-30T17:39:27,63,נשים,גינתון,language,רוסית,12
2026-07-30T17:39:41,63,נשים,גני הדר,gender,גבר,52
2026-07-30T17:39:41,63,נשים,גני הדר,gender,אישה,56
2026-07-30T17:39:41,63,נשים,גני הדר,visit_type,ביקור במרפאה,113
2026-07-30T17:39:41,63,נשים,גני הדר,language,אוקראינית,3
2026-07-30T17:39:41,63,נשים,גני הדר,language,אידיש,1
2026-07-30T17:39:41,63,נשים,גני הדר,language,איטלקית,2
2026-07-30T17:39:41,63,נשים,גני הדר,language,אנגלית,26
2026-07-30T17:39:41,63,נשים,גני הדר,language,גרוזינית,1
2026-07-30T17:39:41,63,נשים,גני הדר,language,הונגרית,2
2026-07-30T17:39:41,63,נשים,גני הדר,language,ספרדית,1
2026-07-30T17:39:41,63,נשים,גני הדר,language,עברית,37
2026-07-30T17:39:41,63,נשים,גני הדר,language,צרפתית,2
2026-07-30T17:39:41,63,נשים,גני הדר,language,רוסית,17
2026-07-30T17:39:58,63,נשים,גשור,gender,גבר,29
2026-07-30T17:39:58,63,נשים,גשור,gender,אישה,58
2026-07-30T17:39:58,63,נשים,גשור,visit_type,ביקור במרפאה,87
2026-07-30T17:39:58,63,נשים,גשור,language,אנגלית,9
2026-07-30T17:39:58,63,נשים,גשור,language,עברית,13
2026-07-30T17:39:58,63,נשים,גשור,language,ערבית,4
2026-07-30T17:39:58,63,נשים,גשור,language,רוסית,3
2026-07-30T17:40:12,63,נשים,דגניה א',gender,גבר,29
2026-07-30T17:40:12,63,נשים,דגניה א',gender,אישה,58
2026-07-30T17:40:12,63,נשים,דגניה א',visit_type,ביקור במרפאה,87
2026-07-30T17:40:12,63,נשים,דגניה א',language,אנגלית,9
2026-07-30T17:40:12,63,נשים,דגניה א',language,עברית,13
2026-07-30T17:40:12,63,נשים,דגניה א',language,ערבית,4
2026-07-30T17:40:12,63,נשים,דגניה א',language,רוסית,3
2026-07-30T17:40:25,63,נשים,דורא אל קריע,gender,גבר,47
2026-07-30T17:40:25,63,נשים,דורא אל קריע,gender,אישה,79
2026-07-30T17:40:25,63,נשים,דורא אל קריע,visit_type,ביקור במרפאה,131
2026-07-30T17:40:25,63,נשים,דורא אל קריע,visit_type,שיחת טלפון,16
2026-07-30T17:40:25,63,נשים,דורא אל קריע,visit_type,שיחת וידאו,1
2026-07-30T17:40:25,63,נשים,דורא אל קריע,language,אידיש,2
2026-07-30T17:40:25,63,נשים,דורא אל קריע,language,אנגלית,20
2026-07-30T17:40:25,63,נשים,דורא אל קריע,language,עברית,24
2026-07-30T17:40:25,63,נשים,דורא אל קריע,language,ערבית,3
2026-07-30T17:40:25,63,נשים,דורא אל קריע,language,צרפתית,2
2026-07-30T17:40:25,63,נשים,דורא אל קריע,language,רוסית,3
2026-07-30T17:40:43,63,נשים,דיר איבזיע,gender,גבר,47
2026-07-30T17:40:43,63,נשים,דיר איבזיע,gender,אישה,79
2026-07-30T17:40:43,63,נשים,דיר איבזיע,visit_type,ביקור במרפאה,131
2026-07-30T17:40:43,63,נשים,דיר איבזיע,visit_type,שיחת טלפון,16
2026-07-30T17:40:43,63,נשים,דיר איבזיע,visit_type,שיחת וידאו,1
2026-07-30T17:40:43,63,נשים,דיר איבזיע,language,אידיש,2
2026-07-30T17:40:43,63,נשים,דיר איבזיע,language,אנגלית,20
2026-07-30T17:40:43,63,נשים,דיר איבזיע,language,עברית,24
2026-07-30T17:40:43,63,נשים,דיר איבזיע,language,ערבית,3
2026-07-30T17:40:43,63,נשים,דיר איבזיע,language,צרפתית,2
2026-07-30T17:40:43,63,נשים,דיר איבזיע,language,רוסית,3
2026-07-30T17:41:02,63,נשים,האון,gender,גבר,29
2026-07-30T17:41:02,63,נשים,האון,gender,אישה,58
2026-07-30T17:41:02,63,נשים,האון,visit_type,ביקור במרפאה,87
2026-07-30T17:41:02,63,נשים,האון,language,אנגלית,9
2026-07-30T17:41:02,63,נשים,האון,language,עברית,13
2026-07-30T17:41:02,63,נשים,האון,language,ערבית,4
2026-07-30T17:41:02,63,נשים,האון,language,רוסית,3
2026-07-30T17:41:14,63,נשים,הושעיה,gender,גבר,29
2026-07-30T17:41:14,63,נשים,הושעיה,gender,אישה,58
2026-07-30T17:41:14,63,נשים,הושעיה,visit_type,ביקור במרפאה,87
2026-07-30T17:41:14,63,נשים,הושעיה,language,אנגלית,9
2026-07-30T17:41:14,63,נשים,הושעיה,language,עברית,13
2026-07-30T17:41:14,63,נשים,הושעיה,language,ערבית,4
2026-07-30T17:41:14,63,נשים,הושעיה,language,רוסית,3
2026-07-30T17:41:28,63,נשים,הר אדר,gender,גבר,47
2026-07-30T17:41:28,63,נשים,הר אדר,gender,אישה,79
2026-07-30T17:41:28,63,נשים,הר אדר,visit_type,ביקור במרפאה,131
2026-07-30T17:41:28,63,נשים,הר אדר,visit_type,שיחת טלפון,16
2026-07-30T17:41:28,63,נשים,הר אדר,visit_type,שיחת וידאו,1
2026-07-30T17:41:28,63,נשים,הר אדר,language,אידיש,2
2026-07-30T17:41:28,63,נשים,הר אדר,language,אנגלית,20
2026-07-30T17:41:28,63,נשים,הר אדר,language,עברית,24
2026-07-30T17:41:28,63,נשים,הר אדר,language,ערבית,3
2026-07-30T17:41:28,63,נשים,הר אדר,language,צרפתית,2
2026-07-30T17:41:28,63,נשים,הר אדר,language,רוסית,3
2026-07-30T17:41:45,63,נשים,זאוויה,gender,גבר,10
2026-07-30T17:41:45,63,נשים,זאוויה,gender,אישה,15
2026-07-30T17:41:45,63,נשים,זאוויה,visit_type,ביקור במרפאה,29
2026-07-30T17:41:45,63,נשים,זאוויה,language,איטלקית,4
2026-07-30T17:41:45,63,נשים,זאוויה,language,אנגלית,12
2026-07-30T17:41:45,63,נשים,זאוויה,language,ספרדית,1
2026-07-30T17:41:45,63,נשים,זאוויה,language,עברית,24
2026-07-30T17:41:45,63,נשים,זאוויה,language,ערבית,1
2026-07-30T17:41:45,63,נשים,זאוויה,language,צרפתית,2
2026-07-30T17:41:45,63,נשים,זאוויה,language,רומנית,4
2026-07-30T17:41:45,63,נשים,זאוויה,language,רוסית,2
2026-07-30T17:41:52,63,נשים,זיתא,gender,גבר,47
2026-07-30T17:41:52,63,נשים,זיתא,gender,אישה,92
2026-07-30T17:41:52,63,נשים,זיתא,visit_type,ביקור במרפאה,142
2026-07-30T17:41:52,63,נשים,זיתא,visit_type,שיחת טלפון,2
2026-07-30T17:41:52,63,נשים,זיתא,language,אידיש,1
2026-07-30T17:41:52,63,נשים,זיתא,language,אנגלית,18
2026-07-30T17:41:52,63,נשים,זיתא,language,גרמנית,1
2026-07-30T17:41:52,63,נשים,זיתא,language,עברית,32
2026-07-30T17:41:52,63,נשים,זיתא,language,ערבית,8
2026-07-30T17:41:52,63,נשים,זיתא,language,צרפתית,2
2026-07-30T17:41:52,63,נשים,זיתא,language,רומנית,2
2026-07-30T17:41:52,63,נשים,זיתא,language,רוסית,11
2026-07-30T17:42:14,63,נשים,זרזיר,gender,אישה,127
2026-07-30T17:42:14,63,נשים,זרזיר,gender,גבר,48
2026-07-30T17:42:14,63,נשים,זרזיר,visit_type,ביקור במרפאה,176
2026-07-30T17:42:14,63,נשים,זרזיר,visit_type,שיחת טלפון,1
2026-07-30T17:42:14,63,נשים,זרזיר,language,איטלקית,1
2026-07-30T17:42:14,63,נשים,זרזיר,language,אנגלית,29
2026-07-30T17:42:14,63,נשים,זרזיר,language,הונגרית,1
2026-07-30T17:42:14,63,נשים,זרזיר,language,עברית,50
2026-07-30T17:42:14,63,נשים,זרזיר,language,ערבית,28
2026-07-30T17:42:14,63,נשים,זרזיר,language,רומנית,1
2026-07-30T17:42:14,63,נשים,זרזיר,language,רוסית,11
2026-07-30T17:42:34,63,נשים,חגור,gender,גבר,26
2026-07-30T17:42:34,63,נשים,חגור,gender,אישה,39
2026-07-30T17:42:34,63,נשים,חגור,visit_type,ביקור במרפאה,70
2026-07-30T17:42:34,63,נשים,חגור,language,אידיש,1
2026-07-30T17:42:34,63,נשים,חגור,language,איטלקית,4
2026-07-30T17:42:34,63,נשים,חגור,language,אנגלית,19
2026-07-30T17:42:34,63,נשים,חגור,language,ספרדית,1
2026-07-30T17:42:34,63,נשים,חגור,language,עברית,35
2026-07-30T17:42:34,63,נשים,חגור,language,ערבית,1
2026-07-30T17:42:34,63,נשים,חגור,language,צרפתית,2
2026-07-30T17:42:34,63,נשים,חגור,language,רומנית,6
2026-07-30T17:42:34,63,נשים,חגור,language,רוסית,5
2026-07-30T17:42:44,63,נשים,חולתה,gender,גבר,29
2026-07-30T17:42:44,63,נשים,חולתה,gender,אישה,58
2026-07-30T17:42:44,63,נשים,חולתה,visit_type,ביקור במרפאה,87
2026-07-30T17:42:44,63,נשים,חולתה,language,אנגלית,9
2026-07-30T17:42:44,63,נשים,חולתה,language,עברית,13
2026-07-30T17:42:44,63,נשים,חולתה,language,ערבית,4
2026-07-30T17:42:44,63,נשים,חולתה,language,רוסית,3
2026-07-30T17:42:58,63,נשים,חיפה,gender,אישה,63
2026-07-30T17:42:58,63,נשים,חיפה,gender,גבר,24
2026-07-30T17:42:58,63,נשים,חיפה,visit_type,ביקור במרפאה,87
2026-07-30T17:42:58,63,נשים,חיפה,language,אידיש,1
2026-07-30T17:42:58,63,נשים,חיפה,language,איטלקית,3
2026-07-30T17:42:58,63,נשים,חיפה,language,אנגלית,60
2026-07-30T17:42:58,63,נשים,חיפה,language,הונגרית,3
2026-07-30T17:42:58,63,נשים,חיפה,language,עברית,84
2026-07-30T17:42:58,63,נשים,חיפה,language,ערבית,34
2026-07-30T17:42:58,63,נשים,חיפה,language,צרפתית,5
2026-07-30T17:42:58,63,נשים,חיפה,language,רומנית,5
2026-07-30T17:42:58,63,נשים,חיפה,language,רוסית,19
2026-07-30T17:42:58,63,נשים,חיפה,language,שוודית,1
2026-07-30T17:43:11,63,נשים,חניתה,gender,גבר,23
2026-07-30T17:43:11,63,נשים,חניתה,gender,אישה,64
2026-07-30T17:43:11,63,נשים,חניתה,visit_type,ביקור במרפאה,88
2026-07-30T17:43:11,63,נשים,חניתה,visit_type,שיחת טלפון,2
2026-07-30T17:43:11,63,נשים,חניתה,language,איטלקית,4
2026-07-30T17:43:11,63,נשים,חניתה,language,אנגלית,56
2026-07-30T17:43:11,63,נשים,חניתה,language,ספרדית,1
2026-07-30T17:43:11,63,נשים,חניתה,language,עברית,85
2026-07-30T17:43:11,63,נשים,חניתה,language,ערבית,64
2026-07-30T17:43:11,63,נשים,חניתה,language,רומנית,4
2026-07-30T17:43:11,63,נשים,חניתה,language,רוסית,15
2026-07-30T17:43:27,63,נשים,חרב לאת,gender,גבר,62
2026-07-30T17:43:27,63,נשים,חרב לאת,gender,אישה,138
2026-07-30T17:43:27,63,נשים,חרב לאת,visit_type,ביקור במרפאה,203
2026-07-30T17:43:27,63,נשים,חרב לאת,visit_type,שיחת טלפון,2
2026-07-30T17:43:27,63,נשים,חרב לאת,language,אידיש,1
2026-07-30T17:43:27,63,נשים,חרב לאת,language,איטלקית,1
2026-07-30T17:43:27,63,נשים,חרב לאת,language,אנגלית,38
2026-07-30T17:43:27,63,נשים,חרב לאת,language,גרמנית,1
2026-07-30T17:43:27,63,נשים,חרב לאת,language,הונגרית,1
2026-07-30T17:43:27,63,נשים,חרב לאת,language,עברית,63
2026-07-30T17:43:27,63,נשים,חרב לאת,language,ערבית,28
2026-07-30T17:43:27,63,נשים,חרב לאת,language,צרפתית,2
2026-07-30T17:43:27,63,נשים,חרב לאת,language,רומנית,3
2026-07-30T17:43:27,63,נשים,חרב לאת,language,רוסית,15
2026-07-30T17:43:48,63,נשים,טול כרם,gender,גבר,47
2026-07-30T17:43:48,63,נשים,טול כרם,gender,אישה,92
2026-07-30T17:43:48,63,נשים,טול כרם,visit_type,ביקור במרפאה,142
2026-07-30T17:43:48,63,נשים,טול כרם,visit_type,שיחת טלפון,2
2026-07-30T17:43:48,63,נשים,טול כרם,language,אידיש,1
2026-07-30T17:43:48,63,נשים,טול כרם,language,אנגלית,18
2026-07-30T17:43:48,63,נשים,טול כרם,language,גרמנית,1
2026-07-30T17:43:48,63,נשים,טול כרם,language,עברית,32
2026-07-30T17:43:48,63,נשים,טול כרם,language,ערבית,8
2026-07-30T17:43:48,63,נשים,טול כרם,language,צרפתית,2
2026-07-30T17:43:48,63,נשים,טול כרם,language,רומנית,2
2026-07-30T17:43:48,63,נשים,טול כרם,language,רוסית,11
2026-07-30T17:44:08,63,נשים,טל אל,gender,גבר,47
2026-07-30T17:44:08,63,נשים,טל אל,gender,אישה,127
2026-07-30T17:44:08,63,נשים,טל אל,visit_type,ביקור במרפאה,175
2026-07-30T17:44:08,63,נשים,טל אל,visit_type,שיחת טלפון,2
2026-07-30T17:44:08,63,נשים,טל אל,language,אידיש,1
2026-07-30T17:44:08,63,נשים,טל אל,language,איטלקית,7
2026-07-30T17:44:08,63,נשים,טל אל,language,אנגלית,116
2026-07-30T17:44:08,63,נשים,טל אל,language,הונגרית,3
2026-07-30T17:44:08,63,נשים,טל אל,language,ספרדית,1
2026-07-30T17:44:08,63,נשים,טל אל,language,עברית,169
2026-07-30T17:44:08,63,נשים,טל אל,language,ערבית,98
2026-07-30T17:44:08,63,נשים,טל אל,language,צרפתית,5
2026-07-30T17:44:08,63,נשים,טל אל,language,רומנית,9
2026-07-30T17:44:08,63,נשים,טל אל,language,רוסית,34
2026-07-30T17:44:08,63,נשים,טל אל,language,שוודית,1
2026-07-30T17:44:29,63,נשים,יאמון,gender,גבר,47
2026-07-30T17:44:29,63,נשים,יאמון,gender,אישה,92
2026-07-30T17:44:29,63,נשים,יאמון,visit_type,ביקור במרפאה,142
2026-07-30T17:44:29,63,נשים,יאמון,visit_type,שיחת טלפון,2
2026-07-30T17:44:29,63,נשים,יאמון,language,אידיש,1
2026-07-30T17:44:29,63,נשים,יאמון,language,אנגלית,18
2026-07-30T17:44:29,63,נשים,יאמון,language,גרמנית,1
2026-07-30T17:44:29,63,נשים,יאמון,language,עברית,32
2026-07-30T17:44:29,63,נשים,יאמון,language,ערבית,8
2026-07-30T17:44:29,63,נשים,יאמון,language,צרפתית,2
2026-07-30T17:44:29,63,נשים,יאמון,language,רומנית,2
2026-07-30T17:44:29,63,נשים,יאמון,language,רוסית,11
2026-07-30T17:44:51,63,נשים,יגור,gender,אישה,136
2026-07-30T17:44:51,63,נשים,יגור,gender,גבר,48
2026-07-30T17:44:51,63,נשים,יגור,visit_type,ביקור במרפאה,185
2026-07-30T17:44:51,63,נשים,יגור,visit_type,שיחת טלפון,1
2026-07-30T17:44:51,63,נשים,יגור,language,אידיש,1
2026-07-30T17:44:51,63,נשים,יגור,language,איטלקית,3
2026-07-30T17:44:51,63,נשים,יגור,language,אנגלית,68
2026-07-30T17:44:51,63,נשים,יגור,language,הונגרית,3
2026-07-30T17:44:51,63,נשים,יגור,language,עברית,100
2026-07-30T17:44:51,63,נשים,יגור,language,ערבית,40
2026-07-30T17:44:51,63,נשים,יגור,language,צרפתית,5
2026-07-30T17:44:51,63,נשים,יגור,language,רומנית,5
2026-07-30T17:44:51,63,נשים,יגור,language,רוסית,27
2026-07-30T17:44:51,63,נשים,יגור,language,שוודית,1
2026-07-30T17:45:10,63,נשים,יהל,gender,גבר,5
2026-07-30T17:45:10,63,נשים,יהל,gender,אישה,2
2026-07-30T17:45:10,63,נשים,יהל,visit_type,ביקור במרפאה,10
2026-07-30T17:45:10,63,נשים,יהל,visit_type,שיחת טלפון,8
2026-07-30T17:45:10,63,נשים,יהל,language,אנגלית,2
2026-07-30T17:45:10,63,נשים,יהל,language,עברית,2
2026-07-30T17:45:10,63,נשים,יהל,language,רוסית,1
2026-07-30T17:45:13,63,נשים,ייט''ב,gender,גבר,47
2026-07-30T17:45:13,63,נשים,ייט''ב,gender,אישה,79
2026-07-30T17:45:13,63,נשים,ייט''ב,visit_type,ביקור במרפאה,131
2026-07-30T17:45:13,63,נשים,ייט''ב,visit_type,שיחת טלפון,16
2026-07-30T17:45:13,63,נשים,ייט''ב,visit_type,שיחת וידאו,1
2026-07-30T17:45:13,63,נשים,ייט''ב,language,אידיש,2
2026-07-30T17:45:13,63,נשים,ייט''ב,language,אנגלית,20
2026-07-30T17:45:13,63,נשים,ייט''ב,language,עברית,24
2026-07-30T17:45:13,63,נשים,ייט''ב,language,ערבית,3
2026-07-30T17:45:13,63,נשים,ייט''ב,language,צרפתית,2
2026-07-30T17:45:13,63,נשים,ייט''ב,language,רוסית,3
2026-07-30T17:45:33,63,נשים,יעף,gender,גבר,47
2026-07-30T17:45:33,63,נשים,יעף,gender,אישה,92
2026-07-30T17:45:33,63,נשים,יעף,visit_type,ביקור במרפאה,142
2026-07-30T17:45:33,63,נשים,יעף,visit_type,שיחת טלפון,2
2026-07-30T17:45:33,63,נשים,יעף,language,אידיש,1
2026-07-30T17:45:33,63,נשים,יעף,language,אנגלית,18
2026-07-30T17:45:33,63,נשים,יעף,language,גרמנית,1
2026-07-30T17:45:33,63,נשים,יעף,language,עברית,32
2026-07-30T17:45:33,63,נשים,יעף,language,ערבית,8
2026-07-30T17:45:33,63,נשים,יעף,language,צרפתית,2
2026-07-30T17:45:33,63,נשים,יעף,language,רומנית,2
2026-07-30T17:45:33,63,נשים,יעף,language,רוסית,11
2026-07-30T17:45:55,63,נשים,יקנעם,gender,אישה,136
2026-07-30T17:45:55,63,נשים,יקנעם,gender,גבר,48
2026-07-30T17:45:55,63,נשים,יקנעם,visit_type,ביקור במרפאה,185
2026-07-30T17:45:55,63,נשים,יקנעם,visit_type,שיחת טלפון,1
2026-07-30T17:45:55,63,נשים,יקנעם,language,אידיש,1
2026-07-30T17:45:55,63,נשים,יקנעם,language,איטלקית,3
2026-07-30T17:45:55,63,נשים,יקנעם,language,אנגלית,68
2026-07-30T17:45:55,63,נשים,יקנעם,language,הונגרית,3
2026-07-30T17:45:55,63,נשים,יקנעם,language,עברית,100
2026-07-30T17:45:55,63,נשים,יקנעם,language,ערבית,40
2026-07-30T17:45:55,63,נשים,יקנעם,language,צרפתית,5
2026-07-30T17:45:55,63,נשים,יקנעם,language,רומנית,5
2026-07-30T17:45:55,63,נשים,יקנעם,language,רוסית,27
2026-07-30T17:45:55,63,נשים,יקנעם,language,שוודית,1
2026-07-30T17:46:14,63,נשים,ישע,gender,גבר,47
2026-07-30T17:46:14,63,נשים,ישע,gender,אישה,61
2026-07-30T17:46:14,63,נשים,ישע,visit_type,ביקור במרפאה,108
2026-07-30T17:46:14,63,נשים,ישע,visit_type,שיחת טלפון,1
2026-07-30T17:46:14,63,נשים,ישע,language,אידיש,4
2026-07-30T17:46:14,63,נשים,ישע,language,אנגלית,13
2026-07-30T17:46:14,63,נשים,ישע,language,גרמנית,1
2026-07-30T17:46:14,63,נשים,ישע,language,ליטאית,1
2026-07-30T17:46:14,63,נשים,ישע,language,סינית,1
2026-07-30T17:46:14,63,נשים,ישע,language,עברית,8
2026-07-30T17:46:14,63,נשים,ישע,language,ערבית,3
2026-07-30T17:46:14,63,נשים,ישע,language,רוסית,14
2026-07-30T17:46:29,63,נשים,כובר,gender,גבר,47
2026-07-30T17:46:29,63,נשים,כובר,gender,אישה,79
2026-07-30T17:46:29,63,נשים,כובר,visit_type,ביקור במרפאה,131
2026-07-30T17:46:29,63,נשים,כובר,visit_type,שיחת טלפון,16
2026-07-30T17:46:29,63,נשים,כובר,visit_type,שיחת וידאו,1
2026-07-30T17:46:29,63,נשים,כובר,language,אידיש,2
2026-07-30T17:46:29,63,נשים,כובר,language,אנגלית,20
2026-07-30T17:46:29,63,נשים,כובר,language,עברית,24
2026-07-30T17:46:29,63,נשים,כובר,language,ערבית,3
2026-07-30T17:46:29,63,נשים,כובר,language,צרפתית,2
2026-07-30T17:46:29,63,נשים,כובר,language,רוסית,3
2026-07-30T17:46:49,63,נשים,כחל,gender,גבר,29
2026-07-30T17:46:49,63,נשים,כחל,gender,אישה,58
2026-07-30T17:46:49,63,נשים,כחל,visit_type,ביקור במרפאה,87
2026-07-30T17:46:49,63,נשים,כחל,language,אנגלית,9
2026-07-30T17:46:49,63,נשים,כחל,language,עברית,13
2026-07-30T17:46:49,63,נשים,כחל,language,ערבית,4
2026-07-30T17:46:49,63,נשים,כחל,language,רוסית,3
2026-07-30T17:47:05,63,נשים,כמאנה מזרח,gender,גבר,47
2026-07-30T17:47:05,63,נשים,כמאנה מזרח,gender,אישה,127
2026-07-30T17:47:05,63,נשים,כמאנה מזרח,visit_type,ביקור במרפאה,175
2026-07-30T17:47:05,63,נשים,כמאנה מזרח,visit_type,שיחת טלפון,2
2026-07-30T17:47:05,63,נשים,כמאנה מזרח,language,אידיש,1
2026-07-30T17:47:05,63,נשים,כמאנה מזרח,language,איטלקית,7
2026-07-30T17:47:05,63,נשים,כמאנה מזרח,language,אנגלית,116
2026-07-30T17:47:05,63,נשים,כמאנה מזרח,language,הונגרית,3
2026-07-30T17:47:05,63,נשים,כמאנה מזרח,language,ספרדית,1
2026-07-30T17:47:05,63,נשים,כמאנה מזרח,language,עברית,169
2026-07-30T17:47:05,63,נשים,כמאנה מזרח,language,ערבית,98
2026-07-30T17:47:05,63,נשים,כמאנה מזרח,language,צרפתית,5
2026-07-30T17:47:05,63,נשים,כמאנה מזרח,language,רומנית,9
2026-07-30T17:47:05,63,נשים,כמאנה מזרח,language,רוסית,34
2026-07-30T17:47:05,63,נשים,כמאנה מזרח,language,שוודית,1
2026-07-30T17:47:24,63,נשים,כפר אביב,gender,גבר,28
2026-07-30T17:47:24,63,נשים,כפר אביב,gender,אישה,31
2026-07-30T17:47:24,63,נשים,כפר אביב,visit_type,ביקור במרפאה,63
2026-07-30T17:47:24,63,נשים,כפר אביב,language,אוקראינית,2
2026-07-30T17:47:24,63,נשים,כפר אביב,language,איטלקית,1
2026-07-30T17:47:24,63,נשים,כפר אביב,language,אנגלית,13
2026-07-30T17:47:24,63,נשים,כפר אביב,language,גרוזינית,1
2026-07-30T17:47:24,63,נשים,כפר אביב,language,הונגרית,1
2026-07-30T17:47:24,63,נשים,כפר אביב,language,ספרדית,1
2026-07-30T17:47:24,63,נשים,כפר אביב,language,עברית,20
2026-07-30T17:47:24,63,נשים,כפר אביב,language,צרפתית,2
2026-07-30T17:47:24,63,נשים,כפר אביב,language,רוסית,10
2026-07-30T17:47:34,63,נשים,כרכום,gender,גבר,29
2026-07-30T17:47:34,63,נשים,כרכום,gender,אישה,58
2026-07-30T17:47:34,63,נשים,כרכום,visit_type,ביקור במרפאה,87
2026-07-30T17:47:34,63,נשים,כרכום,language,אנגלית,9
2026-07-30T17:47:34,63,נשים,כרכום,language,עברית,13
2026-07-30T17:47:34,63,נשים,כרכום,language,ערבית,4
2026-07-30T17:47:34,63,נשים,כרכום,language,רוסית,3
2026-07-30T17:47:49,63,נשים,לבון,gender,גבר,47
2026-07-30T17:47:49,63,נשים,לבון,gender,אישה,127
2026-07-30T17:47:49,63,נשים,לבון,visit_type,ביקור במרפאה,175
2026-07-30T17:47:49,63,נשים,לבון,visit_type,שיחת טלפון,2
2026-07-30T17:47:49,63,נשים,לבון,language,אידיש,1
2026-07-30T17:47:49,63,נשים,לבון,language,איטלקית,7
2026-07-30T17:47:49,63,נשים,לבון,language,אנגלית,116
2026-07-30T17:47:49,63,נשים,לבון,language,הונגרית,3
2026-07-30T17:47:49,63,נשים,לבון,language,ספרדית,1
2026-07-30T17:47:49,63,נשים,לבון,language,עברית,169
2026-07-30T17:47:49,63,נשים,לבון,language,ערבית,98
2026-07-30T17:47:49,63,נשים,לבון,language,צרפתית,5
2026-07-30T17:47:49,63,נשים,לבון,language,רומנית,9
2026-07-30T17:47:49,63,נשים,לבון,language,רוסית,34
2026-07-30T17:47:49,63,נשים,לבון,language,שוודית,1
2026-07-30T17:48:08,63,נשים,לוחמי הגיטאות,gender,גבר,23
2026-07-30T17:48:08,63,נשים,לוחמי הגיטאות,gender,אישה,64
2026-07-30T17:48:08,63,נשים,לוחמי הגיטאות,visit_type,ביקור במרפאה,88
2026-07-30T17:48:08,63,נשים,לוחמי הגיטאות,visit_type,שיחת טלפון,2
2026-07-30T17:48:08,63,נשים,לוחמי הגיטאות,language,איטלקית,4
2026-07-30T17:48:08,63,נשים,לוחמי הגיטאות,language,אנגלית,56
2026-07-30T17:48:08,63,נשים,לוחמי הגיטאות,language,ספרדית,1
2026-07-30T17:48:08,63,נשים,לוחמי הגיטאות,language,עברית,85
2026-07-30T17:48:08,63,נשים,לוחמי הגיטאות,language,ערבית,64
2026-07-30T17:48:08,63,נשים,לוחמי הגיטאות,language,רומנית,4
2026-07-30T17:48:08,63,נשים,לוחמי הגיטאות,language,רוסית,15
2026-07-30T17:48:21,63,נשים,מבוא ביתר,gender,גבר,47
2026-07-30T17:48:21,63,נשים,מבוא ביתר,gender,אישה,79
2026-07-30T17:48:21,63,נשים,מבוא ביתר,visit_type,ביקור במרפאה,131
2026-07-30T17:48:21,63,נשים,מבוא ביתר,visit_type,שיחת טלפון,16
2026-07-30T17:48:21,63,נשים,מבוא ביתר,visit_type,שיחת וידאו,1
2026-07-30T17:48:21,63,נשים,מבוא ביתר,language,אידיש,2
2026-07-30T17:48:21,63,נשים,מבוא ביתר,language,אנגלית,20
2026-07-30T17:48:21,63,נשים,מבוא ביתר,language,עברית,24
2026-07-30T17:48:21,63,נשים,מבוא ביתר,language,ערבית,3
2026-07-30T17:48:21,63,נשים,מבוא ביתר,language,צרפתית,2
2026-07-30T17:48:21,63,נשים,מבוא ביתר,language,רוסית,3
2026-07-30T17:48:41,63,נשים,מג'ד,gender,גבר,68
2026-07-30T17:48:41,63,נשים,מג'ד,gender,אישה,86
2026-07-30T17:48:41,63,נשים,מג'ד,visit_type,ביקור במרפאה,156
2026-07-30T17:48:41,63,נשים,מג'ד,visit_type,שיחת טלפון,1
2026-07-30T17:48:41,63,נשים,מג'ד,language,אידיש,4
2026-07-30T17:48:41,63,נשים,מג'ד,language,אנגלית,22
2026-07-30T17:48:41,63,נשים,מג'ד,language,גרמנית,1
2026-07-30T17:48:41,63,נשים,מג'ד,language,ליטאית,1
2026-07-30T17:48:41,63,נשים,מג'ד,language,סינית,1
2026-07-30T17:48:41,63,נשים,מג'ד,language,עברית,14
2026-07-30T17:48:41,63,נשים,מג'ד,language,ערבית,4
2026-07-30T17:48:41,63,נשים,מג'ד,language,רוסית,22
2026-07-30T17:49:03,63,נשים,מדמא,gender,גבר,47
2026-07-30T17:49:03,63,נשים,מדמא,gender,אישה,92
2026-07-30T17:49:03,63,נשים,מדמא,visit_type,ביקור במרפאה,142
2026-07-30T17:49:03,63,נשים,מדמא,visit_type,שיחת טלפון,2
2026-07-30T17:49:03,63,נשים,מדמא,language,אידיש,1
2026-07-30T17:49:03,63,נשים,מדמא,language,אנגלית,18
2026-07-30T17:49:03,63,נשים,מדמא,language,גרמנית,1
2026-07-30T17:49:03,63,נשים,מדמא,language,עברית,32
2026-07-30T17:49:03,63,נשים,מדמא,language,ערבית,8
2026-07-30T17:49:03,63,נשים,מדמא,language,צרפתית,2
2026-07-30T17:49:03,63,נשים,מדמא,language,רומנית,2
2026-07-30T17:49:03,63,נשים,מדמא,language,רוסית,11
2026-07-30T17:49:22,63,נשים,מוצא עילית,gender,גבר,47
2026-07-30T17:49:22,63,נשים,מוצא עילית,gender,אישה,79
2026-07-30T17:49:22,63,נשים,מוצא עילית,visit_type,ביקור במרפאה,131
2026-07-30T17:49:22,63,נשים,מוצא עילית,visit_type,שיחת טלפון,16
2026-07-30T17:49:22,63,נשים,מוצא עילית,visit_type,שיחת וידאו,1
2026-07-30T17:49:22,63,נשים,מוצא עילית,language,אידיש,2
2026-07-30T17:49:22,63,נשים,מוצא עילית,language,אנגלית,20
2026-07-30T17:49:22,63,נשים,מוצא עילית,language,עברית,24
2026-07-30T17:49:22,63,נשים,מוצא עילית,language,ערבית,3
2026-07-30T17:49:22,63,נשים,מוצא עילית,language,צרפתית,2
2026-07-30T17:49:22,63,נשים,מוצא עילית,language,רוסית,3
2026-07-30T17:49:43,63,נשים,מחולה,gender,גבר,48
2026-07-30T17:49:43,63,נשים,מחולה,gender,אישה,127
2026-07-30T17:49:43,63,נשים,מחולה,visit_type,ביקור במרפאה,176
2026-07-30T17:49:43,63,נשים,מחולה,visit_type,שיחת טלפון,1
2026-07-30T17:49:43,63,נשים,מחולה,language,איטלקית,1
2026-07-30T17:49:43,63,נשים,מחולה,language,אנגלית,29
2026-07-30T17:49:43,63,נשים,מחולה,language,הונגרית,1
2026-07-30T17:49:43,63,נשים,מחולה,language,עברית,50
2026-07-30T17:49:43,63,נשים,מחולה,language,ערבית,28
2026-07-30T17:49:43,63,נשים,מחולה,language,רומנית,1
2026-07-30T17:49:43,63,נשים,מחולה,language,רוסית,11
2026-07-30T17:50:05,63,נשים,מירב,gender,גבר,48
2026-07-30T17:50:05,63,נשים,מירב,gender,אישה,127
2026-07-30T17:50:05,63,נשים,מירב,visit_type,ביקור במרפאה,176
2026-07-30T17:50:05,63,נשים,מירב,visit_type,שיחת טלפון,1
2026-07-30T17:50:05,63,נשים,מירב,language,איטלקית,1
2026-07-30T17:50:05,63,נשים,מירב,language,אנגלית,29
2026-07-30T17:50:05,63,נשים,מירב,language,הונגרית,1
2026-07-30T17:50:05,63,נשים,מירב,language,עברית,50
2026-07-30T17:50:05,63,נשים,מירב,language,ערבית,28
2026-07-30T17:50:05,63,נשים,מירב,language,רומנית,1
2026-07-30T17:50:05,63,נשים,מירב,language,רוסית,11
2026-07-30T17:50:26,63,נשים,מלילות,gender,גבר,68
2026-07-30T17:50:26,63,נשים,מלילות,gender,אישה,86
2026-07-30T17:50:26,63,נשים,מלילות,visit_type,ביקור במרפאה,156
2026-07-30T17:50:26,63,נשים,מלילות,visit_type,שיחת טלפון,1
2026-07-30T17:50:26,63,נשים,מלילות,language,אידיש,4
2026-07-30T17:50:26,63,נשים,מלילות,language,אנגלית,22
2026-07-30T17:50:26,63,נשים,מלילות,language,גרמנית,1
2026-07-30T17:50:26,63,נשים,מלילות,language,ליטאית,1
2026-07-30T17:50:26,63,נשים,מלילות,language,סינית,1
2026-07-30T17:50:26,63,נשים,מלילות,language,עברית,14
2026-07-30T17:50:26,63,נשים,מלילות,language,ערבית,4
2026-07-30T17:50:26,63,נשים,מלילות,language,רוסית,22
2026-07-30T17:50:46,63,נשים,מסדה,gender,גבר,29
2026-07-30T17:50:46,63,נשים,מסדה,gender,אישה,58
2026-07-30T17:50:46,63,נשים,מסדה,visit_type,ביקור במרפאה,87
2026-07-30T17:50:46,63,נשים,מסדה,language,אנגלית,9
2026-07-30T17:50:46,63,נשים,מסדה,language,עברית,13
2026-07-30T17:50:46,63,נשים,מסדה,language,ערבית,4
2026-07-30T17:50:46,63,נשים,מסדה,language,רוסית,3
2026-07-30T17:51:01,63,נשים,מעגן,gender,גבר,29
2026-07-30T17:51:01,63,נשים,מעגן,gender,אישה,58
2026-07-30T17:51:01,63,נשים,מעגן,visit_type,ביקור במרפאה,87
2026-07-30T17:51:01,63,נשים,מעגן,language,אנגלית,9
2026-07-30T17:51:01,63,נשים,מעגן,language,עברית,13
2026-07-30T17:51:01,63,נשים,מעגן,language,ערבית,4
2026-07-30T17:51:01,63,נשים,מעגן,language,רוסית,3
2026-07-30T17:51:15,63,נשים,מפעלי ברנר,gender,גבר,52
2026-07-30T17:51:15,63,נשים,מפעלי ברנר,gender,אישה,56
2026-07-30T17:51:15,63,נשים,מפעלי ברנר,visit_type,ביקור במרפאה,113
2026-07-30T17:51:15,63,נשים,מפעלי ברנר,language,אוקראינית,3
2026-07-30T17:51:15,63,נשים,מפעלי ברנר,language,אידיש,1
2026-07-30T17:51:15,63,נשים,מפעלי ברנר,language,איטלקית,2
2026-07-30T17:51:15,63,נשים,מפעלי ברנר,language,אנגלית,26
2026-07-30T17:51:15,63,נשים,מפעלי ברנר,language,גרוזינית,1
2026-07-30T17:51:15,63,נשים,מפעלי ברנר,language,הונגרית,2
2026-07-30T17:51:15,63,נשים,מפעלי ברנר,language,ספרדית,1
2026-07-30T17:51:15,63,נשים,מפעלי ברנר,language,עברית,37
2026-07-30T17:51:15,63,נשים,מפעלי ברנר,language,צרפתית,2
2026-07-30T17:51:15,63,נשים,מפעלי ברנר,language,רוסית,17
2026-07-30T17:51:33,63,נשים,מצובה,gender,גבר,23
2026-07-30T17:51:33,63,נשים,מצובה,gender,אישה,64
2026-07-30T17:51:33,63,נשים,מצובה,visit_type,ביקור במרפאה,88
2026-07-30T17:51:33,63,נשים,מצובה,visit_type,שיחת טלפון,2
2026-07-30T17:51:33,63,נשים,מצובה,language,איטלקית,4
2026-07-30T17:51:33,63,נשים,מצובה,language,אנגלית,56
2026-07-30T17:51:33,63,נשים,מצובה,language,ספרדית,1
2026-07-30T17:51:33,63,נשים,מצובה,language,עברית,85
2026-07-30T17:51:33,63,נשים,מצובה,language,ערבית,64
2026-07-30T17:51:33,63,נשים,מצובה,language,רומנית,4
2026-07-30T17:51:33,63,נשים,מצובה,language,רוסית,15
2026-07-30T17:51:46,63,נשים,מרגליות,gender,גבר,29
2026-07-30T17:51:46,63,נשים,מרגליות,gender,אישה,58
2026-07-30T17:51:46,63,נשים,מרגליות,visit_type,ביקור במרפאה,87
2026-07-30T17:51:46,63,נשים,מרגליות,language,אנגלית,9
2026-07-30T17:51:46,63,נשים,מרגליות,language,עברית,13
2026-07-30T17:51:46,63,נשים,מרגליות,language,ערבית,4
2026-07-30T17:51:46,63,נשים,מרגליות,language,רוסית,3
2026-07-30T17:51:59,63,נשים,משגב דב,gender,גבר,28
2026-07-30T17:51:59,63,נשים,משגב דב,gender,אישה,31
2026-07-30T17:51:59,63,נשים,משגב דב,visit_type,ביקור במרפאה,63
2026-07-30T17:51:59,63,נשים,משגב דב,language,אוקראינית,2
2026-07-30T17:51:59,63,נשים,משגב דב,language,איטלקית,1
2026-07-30T17:51:59,63,נשים,משגב דב,language,אנגלית,13
2026-07-30T17:51:59,63,נשים,משגב דב,language,גרוזינית,1
2026-07-30T17:51:59,63,נשים,משגב דב,language,הונגרית,1
2026-07-30T17:51:59,63,נשים,משגב דב,language,ספרדית,1
2026-07-30T17:51:59,63,נשים,משגב דב,language,עברית,20
2026-07-30T17:51:59,63,נשים,משגב דב,language,צרפתית,2
2026-07-30T17:51:59,63,נשים,משגב דב,language,רוסית,10
2026-07-30T17:52:11,63,נשים,מתת,gender,גבר,47
2026-07-30T17:52:11,63,נשים,מתת,gender,אישה,127
2026-07-30T17:52:11,63,נשים,מתת,visit_type,ביקור במרפאה,175
2026-07-30T17:52:11,63,נשים,מתת,visit_type,שיחת טלפון,2
2026-07-30T17:52:11,63,נשים,מתת,language,אידיש,1
2026-07-30T17:52:11,63,נשים,מתת,language,איטלקית,7
2026-07-30T17:52:11,63,נשים,מתת,language,אנגלית,116
2026-07-30T17:52:11,63,נשים,מתת,language,הונגרית,3
2026-07-30T17:52:11,63,נשים,מתת,language,ספרדית,1
2026-07-30T17:52:11,63,נשים,מתת,language,עברית,169
2026-07-30T17:52:11,63,נשים,מתת,language,ערבית,98
2026-07-30T17:52:11,63,נשים,מתת,language,צרפתית,5
2026-07-30T17:52:11,63,נשים,מתת,language,רומנית,9
2026-07-30T17:52:11,63,נשים,מתת,language,רוסית,34
2026-07-30T17:52:11,63,נשים,מתת,language,שוודית,1
2026-07-30T17:52:30,63,נשים,נבי סאלח,gender,גבר,10
2026-07-30T17:52:30,63,נשים,נבי סאלח,gender,אישה,15
2026-07-30T17:52:30,63,נשים,נבי סאלח,visit_type,ביקור במרפאה,29
2026-07-30T17:52:30,63,נשים,נבי סאלח,language,איטלקית,4
2026-07-30T17:52:30,63,נשים,נבי סאלח,language,אנגלית,12
2026-07-30T17:52:30,63,נשים,נבי סאלח,language,ספרדית,1
2026-07-30T17:52:30,63,נשים,נבי סאלח,language,עברית,24
2026-07-30T17:52:30,63,נשים,נבי סאלח,language,ערבית,1
2026-07-30T17:52:30,63,נשים,נבי סאלח,language,צרפתית,2
2026-07-30T17:52:30,63,נשים,נבי סאלח,language,רומנית,4
2026-07-30T17:52:30,63,נשים,נבי סאלח,language,רוסית,2
2026-07-30T17:52:38,63,נשים,נווה אור,gender,גבר,48
2026-07-30T17:52:38,63,נשים,נווה אור,gender,אישה,127
2026-07-30T17:52:38,63,נשים,נווה אור,visit_type,ביקור במרפאה,176
2026-07-30T17:52:38,63,נשים,נווה אור,visit_type,שיחת טלפון,1
2026-07-30T17:52:38,63,נשים,נווה אור,language,איטלקית,1
2026-07-30T17:52:38,63,נשים,נווה אור,language,אנגלית,29
2026-07-30T17:52:38,63,נשים,נווה אור,language,הונגרית,1
2026-07-30T17:52:38,63,נשים,נווה אור,language,עברית,50
2026-07-30T17:52:38,63,נשים,נווה אור,language,ערבית,28
2026-07-30T17:52:38,63,נשים,נווה אור,language,רומנית,1
2026-07-30T17:52:38,63,נשים,נווה אור,language,רוסית,11
2026-07-30T17:52:58,63,נשים,נחאלין,gender,גבר,47
2026-07-30T17:52:58,63,נשים,נחאלין,gender,אישה,79
2026-07-30T17:52:58,63,נשים,נחאלין,visit_type,ביקור במרפאה,131
2026-07-30T17:52:58,63,נשים,נחאלין,visit_type,שיחת טלפון,16
2026-07-30T17:52:58,63,נשים,נחאלין,visit_type,שיחת וידאו,1
2026-07-30T17:52:58,63,נשים,נחאלין,language,אידיש,2
2026-07-30T17:52:58,63,נשים,נחאלין,language,אנגלית,20
2026-07-30T17:52:58,63,נשים,נחאלין,language,עברית,24
2026-07-30T17:52:58,63,נשים,נחאלין,language,ערבית,3
2026-07-30T17:52:58,63,נשים,נחאלין,language,צרפתית,2
2026-07-30T17:52:58,63,נשים,נחאלין,language,רוסית,3
2026-07-30T17:53:17,63,נשים,נטועה,gender,גבר,23
2026-07-30T17:53:17,63,נשים,נטועה,gender,אישה,64
2026-07-30T17:53:17,63,נשים,נטועה,visit_type,ביקור במרפאה,88
2026-07-30T17:53:17,63,נשים,נטועה,visit_type,שיחת טלפון,2
2026-07-30T17:53:17,63,נשים,נטועה,language,איטלקית,4
2026-07-30T17:53:17,63,נשים,נטועה,language,אנגלית,56
2026-07-30T17:53:17,63,נשים,נטועה,language,ספרדית,1
2026-07-30T17:53:17,63,נשים,נטועה,language,עברית,85
2026-07-30T17:53:17,63,נשים,נטועה,language,ערבית,64
2026-07-30T17:53:17,63,נשים,נטועה,language,רומנית,4
2026-07-30T17:53:17,63,נשים,נטועה,language,רוסית,15
2026-07-30T17:53:30,63,נשים,ניצן ב',gender,גבר,40
2026-07-30T17:53:30,63,נשים,ניצן ב',gender,אישה,46
2026-07-30T17:53:30,63,נשים,ניצן ב',visit_type,ביקור במרפאה,88
2026-07-30T17:53:30,63,נשים,ניצן ב',language,אוקראינית,3
2026-07-30T17:53:30,63,נשים,ניצן ב',language,אידיש,1
2026-07-30T17:53:30,63,נשים,ניצן ב',language,איטלקית,2
2026-07-30T17:53:30,63,נשים,ניצן ב',language,אנגלית,21
2026-07-30T17:53:30,63,נשים,ניצן ב',language,הונגרית,1
2026-07-30T17:53:30,63,נשים,ניצן ב',language,ספרדית,1
2026-07-30T17:53:30,63,נשים,ניצן ב',language,עברית,29
2026-07-30T17:53:30,63,נשים,ניצן ב',language,צרפתית,1
2026-07-30T17:53:30,63,נשים,ניצן ב',language,רוסית,12
2026-07-30T17:53:45,63,נשים,נעורים,gender,גבר,47
2026-07-30T17:53:45,63,נשים,נעורים,gender,אישה,92
2026-07-30T17:53:45,63,נשים,נעורים,visit_type,ביקור במרפאה,142
2026-07-30T17:53:45,63,נשים,נעורים,visit_type,שיחת טלפון,2
2026-07-30T17:53:45,63,נשים,נעורים,language,אידיש,1
2026-07-30T17:53:45,63,נשים,נעורים,language,אנגלית,18
2026-07-30T17:53:45,63,נשים,נעורים,language,גרמנית,1
2026-07-30T17:53:45,63,נשים,נעורים,language,עברית,32
2026-07-30T17:53:45,63,נשים,נעורים,language,ערבית,8
2026-07-30T17:53:45,63,נשים,נעורים,language,צרפתית,2
2026-07-30T17:53:45,63,נשים,נעורים,language,רומנית,2
2026-07-30T17:53:45,63,נשים,נעורים,language,רוסית,11
2026-07-30T17:54:04,63,נשים,נתיב הל''ה,gender,גבר,47
2026-07-30T17:54:04,63,נשים,נתיב הל''ה,gender,אישה,79
2026-07-30T17:54:04,63,נשים,נתיב הל''ה,visit_type,ביקור במרפאה,131
2026-07-30T17:54:04,63,נשים,נתיב הל''ה,visit_type,שיחת טלפון,16
2026-07-30T17:54:04,63,נשים,נתיב הל''ה,visit_type,שיחת וידאו,1
2026-07-30T17:54:04,63,נשים,נתיב הל''ה,language,אידיש,2
2026-07-30T17:54:04,63,נשים,נתיב הל''ה,language,אנגלית,20
2026-07-30T17:54:04,63,נשים,נתיב הל''ה,language,עברית,24
2026-07-30T17:54:04,63,נשים,נתיב הל''ה,language,ערבית,3
2026-07-30T17:54:04,63,נשים,נתיב הל''ה,language,צרפתית,2
2026-07-30T17:54:04,63,נשים,נתיב הל''ה,language,רוסית,3
2026-07-30T17:54:23,63,נשים,סביון,gender,גבר,10
2026-07-30T17:54:23,63,נשים,סביון,gender,אישה,15
2026-07-30T17:54:23,63,נשים,סביון,visit_type,ביקור במרפאה,29
2026-07-30T17:54:23,63,נשים,סביון,language,איטלקית,4
2026-07-30T17:54:23,63,נשים,סביון,language,אנגלית,12
2026-07-30T17:54:23,63,נשים,סביון,language,ספרדית,1
2026-07-30T17:54:23,63,נשים,סביון,language,עברית,24
2026-07-30T17:54:23,63,נשים,סביון,language,ערבית,1
2026-07-30T17:54:23,63,נשים,סביון,language,צרפתית,2
2026-07-30T17:54:23,63,נשים,סביון,language,רומנית,4
2026-07-30T17:54:23,63,נשים,סביון,language,רוסית,2
2026-07-30T17:54:29,63,נשים,סח'נין,gender,אישה,82
2026-07-30T17:54:29,63,נשים,סח'נין,gender,גבר,37
2026-07-30T17:54:29,63,נשים,סח'נין,visit_type,ביקור במרפאה,120
2026-07-30T17:54:29,63,נשים,סח'נין,visit_type,שיחת טלפון,2
2026-07-30T17:54:29,63,נשים,סח'נין,language,אידיש,1
2026-07-30T17:54:29,63,נשים,סח'נין,language,איטלקית,4
2026-07-30T17:54:29,63,נשים,סח'נין,language,אנגלית,75
2026-07-30T17:54:29,63,נשים,סח'נין,language,ספרדית,1
2026-07-30T17:54:29,63,נשים,סח'נין,language,עברית,115
2026-07-30T17:54:29,63,נשים,סח'נין,language,ערבית,74
2026-07-30T17:54:29,63,נשים,סח'נין,language,צרפתית,2
2026-07-30T17:54:29,63,נשים,סח'נין,language,רומנית,6
2026-07-30T17:54:29,63,נשים,סח'נין,language,רוסית,24
2026-07-30T17:54:29,63,נשים,סח'נין,language,שוודית,1
2026-07-30T17:54:47,63,נשים,סלמה,gender,גבר,37
2026-07-30T17:54:47,63,נשים,סלמה,gender,אישה,82
2026-07-30T17:54:47,63,נשים,סלמה,visit_type,ביקור במרפאה,120
2026-07-30T17:54:47,63,נשים,סלמה,visit_type,שיחת טלפון,2
2026-07-30T17:54:47,63,נשים,סלמה,language,אידיש,1
2026-07-30T17:54:47,63,נשים,סלמה,language,איטלקית,4
2026-07-30T17:54:47,63,נשים,סלמה,language,אנגלית,75
2026-07-30T17:54:47,63,נשים,סלמה,language,ספרדית,1
2026-07-30T17:54:47,63,נשים,סלמה,language,עברית,115
2026-07-30T17:54:47,63,נשים,סלמה,language,ערבית,74
2026-07-30T17:54:47,63,נשים,סלמה,language,צרפתית,2
2026-07-30T17:54:47,63,נשים,סלמה,language,רומנית,6
2026-07-30T17:54:47,63,נשים,סלמה,language,רוסית,24
2026-07-30T17:54:47,63,נשים,סלמה,language,שוודית,1
2026-07-30T17:55:04,63,נשים,ספא,gender,גבר,47
2026-07-30T17:55:04,63,נשים,ספא,gender,אישה,79
2026-07-30T17:55:04,63,נשים,ספא,visit_type,ביקור במרפאה,131
2026-07-30T17:55:04,63,נשים,ספא,visit_type,שיחת טלפון,16
2026-07-30T17:55:04,63,נשים,ספא,visit_type,שיחת וידאו,1
2026-07-30T17:55:04,63,נשים,ספא,language,אידיש,2
2026-07-30T17:55:04,63,נשים,ספא,language,אנגלית,20
2026-07-30T17:55:04,63,נשים,ספא,language,עברית,24
2026-07-30T17:55:04,63,נשים,ספא,language,ערבית,3
2026-07-30T17:55:04,63,נשים,ספא,language,צרפתית,2
2026-07-30T17:55:04,63,נשים,ספא,language,רוסית,3
2026-07-30T17:55:23,63,נשים,עבדון,gender,גבר,23
2026-07-30T17:55:23,63,נשים,עבדון,gender,אישה,64
2026-07-30T17:55:23,63,נשים,עבדון,visit_type,ביקור במרפאה,88
2026-07-30T17:55:23,63,נשים,עבדון,visit_type,שיחת טלפון,2
2026-07-30T17:55:23,63,נשים,עבדון,language,איטלקית,4
2026-07-30T17:55:23,63,נשים,עבדון,language,אנגלית,56
2026-07-30T17:55:23,63,נשים,עבדון,language,ספרדית,1
2026-07-30T17:55:23,63,נשים,עבדון,language,עברית,85
2026-07-30T17:55:23,63,נשים,עבדון,language,ערבית,64
2026-07-30T17:55:23,63,נשים,עבדון,language,רומנית,4
2026-07-30T17:55:23,63,נשים,עבדון,language,רוסית,15
2026-07-30T17:55:37,63,נשים,עדנים,gender,גבר,26
2026-07-30T17:55:37,63,נשים,עדנים,gender,אישה,39
2026-07-30T17:55:37,63,נשים,עדנים,visit_type,ביקור במרפאה,70
2026-07-30T17:55:37,63,נשים,עדנים,language,אידיש,1
2026-07-30T17:55:37,63,נשים,עדנים,language,איטלקית,4
2026-07-30T17:55:37,63,נשים,עדנים,language,אנגלית,19
2026-07-30T17:55:37,63,נשים,עדנים,language,ספרדית,1
2026-07-30T17:55:37,63,נשים,עדנים,language,עברית,35
2026-07-30T17:55:37,63,נשים,עדנים,language,ערבית,1
2026-07-30T17:55:37,63,נשים,עדנים,language,צרפתית,2
2026-07-30T17:55:37,63,נשים,עדנים,language,רומנית,6
2026-07-30T17:55:37,63,נשים,עדנים,language,רוסית,5
2026-07-30T17:55:48,63,נשים,עוצם,gender,גבר,47
2026-07-30T17:55:48,63,נשים,עוצם,gender,אישה,61
2026-07-30T17:55:48,63,נשים,עוצם,visit_type,ביקור במרפאה,108
2026-07-30T17:55:48,63,נשים,עוצם,visit_type,שיחת טלפון,1
2026-07-30T17:55:48,63,נשים,עוצם,language,אידיש,4
2026-07-30T17:55:48,63,נשים,עוצם,language,אנגלית,13
2026-07-30T17:55:48,63,נשים,עוצם,language,גרמנית,1
2026-07-30T17:55:48,63,נשים,עוצם,language,ליטאית,1
2026-07-30T17:55:48,63,נשים,עוצם,language,סינית,1
2026-07-30T17:55:48,63,נשים,עוצם,language,עברית,8
2026-07-30T17:55:48,63,נשים,עוצם,language,ערבית,3
2026-07-30T17:55:48,63,נשים,עוצם,language,רוסית,14
2026-07-30T17:56:07,63,נשים,עטאטרה,gender,גבר,68
2026-07-30T17:56:07,63,נשים,עטאטרה,gender,אישה,86
2026-07-30T17:56:07,63,נשים,עטאטרה,visit_type,ביקור במרפאה,156
2026-07-30T17:56:07,63,נשים,עטאטרה,visit_type,שיחת טלפון,1
2026-07-30T17:56:07,63,נשים,עטאטרה,language,אידיש,4
2026-07-30T17:56:07,63,נשים,עטאטרה,language,אנגלית,22
2026-07-30T17:56:07,63,נשים,עטאטרה,language,גרמנית,1
2026-07-30T17:56:07,63,נשים,עטאטרה,language,ליטאית,1
2026-07-30T17:56:07,63,נשים,עטאטרה,language,סינית,1
2026-07-30T17:56:07,63,נשים,עטאטרה,language,עברית,14
2026-07-30T17:56:07,63,נשים,עטאטרה,language,ערבית,4
2026-07-30T17:56:07,63,נשים,עטאטרה,language,רוסית,22
2026-07-30T17:56:29,63,נשים,עין איילה,gender,גבר,48
2026-07-30T17:56:29,63,נשים,עין איילה,gender,אישה,136
2026-07-30T17:56:29,63,נשים,עין איילה,visit_type,ביקור במרפאה,185
2026-07-30T17:56:29,63,נשים,עין איילה,visit_type,שיחת טלפון,1
2026-07-30T17:56:29,63,נשים,עין איילה,language,אידיש,1
2026-07-30T17:56:29,63,נשים,עין איילה,language,איטלקית,3
2026-07-30T17:56:29,63,נשים,עין איילה,language,אנגלית,68
2026-07-30T17:56:29,63,נשים,עין איילה,language,הונגרית,3
2026-07-30T17:56:29,63,נשים,עין איילה,language,עברית,100
2026-07-30T17:56:29,63,נשים,עין איילה,language,ערבית,40
2026-07-30T17:56:29,63,נשים,עין איילה,language,צרפתית,5
2026-07-30T17:56:29,63,נשים,עין איילה,language,רומנית,5
2026-07-30T17:56:29,63,נשים,עין איילה,language,רוסית,27
2026-07-30T17:56:29,63,נשים,עין איילה,language,שוודית,1
2026-07-30T17:56:49,63,נשים,עמוקה,gender,גבר,29
2026-07-30T17:56:49,63,נשים,עמוקה,gender,אישה,58
2026-07-30T17:56:49,63,נשים,עמוקה,visit_type,ביקור במרפאה,87
2026-07-30T17:56:49,63,נשים,עמוקה,language,אנגלית,9
2026-07-30T17:56:49,63,נשים,עמוקה,language,עברית,13
2026-07-30T17:56:49,63,נשים,עמוקה,language,ערבית,4
2026-07-30T17:56:49,63,נשים,עמוקה,language,רוסית,3
2026-07-30T17:57:01,63,נשים,ענאתא,gender,גבר,47
2026-07-30T17:57:01,63,נשים,ענאתא,gender,אישה,79
2026-07-30T17:57:01,63,נשים,ענאתא,visit_type,ביקור במרפאה,131
2026-07-30T17:57:01,63,נשים,ענאתא,visit_type,שיחת טלפון,16
2026-07-30T17:57:01,63,נשים,ענאתא,visit_type,שיחת וידאו,1
2026-07-30T17:57:01,63,נשים,ענאתא,language,אידיש,2
2026-07-30T17:57:01,63,נשים,ענאתא,language,אנגלית,20
2026-07-30T17:57:01,63,נשים,ענאתא,language,עברית,24
2026-07-30T17:57:01,63,נשים,ענאתא,language,ערבית,3
2026-07-30T17:57:01,63,נשים,ענאתא,language,צרפתית,2
2026-07-30T17:57:01,63,נשים,ענאתא,language,רוסית,3
2026-07-30T17:57:21,63,נשים,עצמון שגב,gender,גבר,37
2026-07-30T17:57:21,63,נשים,עצמון שגב,gender,אישה,82
2026-07-30T17:57:21,63,נשים,עצמון שגב,visit_type,ביקור במרפאה,120
2026-07-30T17:57:21,63,נשים,עצמון שגב,visit_type,שיחת טלפון,2
2026-07-30T17:57:21,63,נשים,עצמון שגב,language,אידיש,1
2026-07-30T17:57:21,63,נשים,עצמון שגב,language,איטלקית,4
2026-07-30T17:57:21,63,נשים,עצמון שגב,language,אנגלית,75
2026-07-30T17:57:21,63,נשים,עצמון שגב,language,ספרדית,1
2026-07-30T17:57:21,63,נשים,עצמון שגב,language,עברית,115
2026-07-30T17:57:21,63,נשים,עצמון שגב,language,ערבית,74
2026-07-30T17:57:21,63,נשים,עצמון שגב,language,צרפתית,2
2026-07-30T17:57:21,63,נשים,עצמון שגב,language,רומנית,6
2026-07-30T17:57:21,63,נשים,עצמון שגב,language,רוסית,24
2026-07-30T17:57:21,63,נשים,עצמון שגב,language,שוודית,1
2026-07-30T17:57:40,63,נשים,ערד,gender,גבר,43
2026-07-30T17:57:40,63,נשים,ערד,gender,אישה,68
2026-07-30T17:57:40,63,נשים,ערד,visit_type,ביקור במרפאה,113
2026-07-30T17:57:40,63,נשים,ערד,language,אידיש,3
2026-07-30T17:57:40,63,נשים,ערד,language,אנגלית,21
2026-07-30T17:57:40,63,נשים,ערד,language,ליטאית,1
2026-07-30T17:57:40,63,נשים,ערד,language,סינית,1
2026-07-30T17:57:40,63,נשים,ערד,language,עברית,9
2026-07-30T17:57:40,63,נשים,ערד,language,ערבית,4
2026-07-30T17:57:40,63,נשים,ערד,language,רוסית,19
2026-07-30T17:57:57,63,נשים,פארק תעשיות עידן הנגב,gender,גבר,68
2026-07-30T17:57:57,63,נשים,פארק תעשיות עידן הנגב,gender,אישה,86
2026-07-30T17:57:57,63,נשים,פארק תעשיות עידן הנגב,visit_type,ביקור במרפאה,156
2026-07-30T17:57:57,63,נשים,פארק תעשיות עידן הנגב,visit_type,שיחת טלפון,1
2026-07-30T17:57:57,63,נשים,פארק תעשיות עידן הנגב,language,אידיש,4
2026-07-30T17:57:57,63,נשים,פארק תעשיות עידן הנגב,language,אנגלית,22
2026-07-30T17:57:57,63,נשים,פארק תעשיות עידן הנגב,language,גרמנית,1
2026-07-30T17:57:57,63,נשים,פארק תעשיות עידן הנגב,language,ליטאית,1
2026-07-30T17:57:57,63,נשים,פארק תעשיות עידן הנגב,language,סינית,1
2026-07-30T17:57:57,63,נשים,פארק תעשיות עידן הנגב,language,עברית,14
2026-07-30T17:57:57,63,נשים,פארק תעשיות עידן הנגב,language,ערבית,4
2026-07-30T17:57:57,63,נשים,פארק תעשיות עידן הנגב,language,רוסית,22
2026-07-30T17:58:18,63,נשים,פוריה נווה עובד,gender,גבר,29
2026-07-30T17:58:18,63,נשים,פוריה נווה עובד,gender,אישה,58
2026-07-30T17:58:18,63,נשים,פוריה נווה עובד,visit_type,ביקור במרפאה,87
2026-07-30T17:58:18,63,נשים,פוריה נווה עובד,language,אנגלית,9
2026-07-30T17:58:18,63,נשים,פוריה נווה עובד,language,עברית,13
2026-07-30T17:58:18,63,נשים,פוריה נווה עובד,language,ערבית,4
2026-07-30T17:58:18,63,נשים,פוריה נווה עובד,language,רוסית,3
2026-07-30T17:58:33,63,נשים,פני חבר,gender,גבר,68
2026-07-30T17:58:33,63,נשים,פני חבר,gender,אישה,86
2026-07-30T17:58:33,63,נשים,פני חבר,visit_type,ביקור במרפאה,156
2026-07-30T17:58:33,63,נשים,פני חבר,visit_type,שיחת טלפון,1
2026-07-30T17:58:33,63,נשים,פני חבר,language,אידיש,4
2026-07-30T17:58:33,63,נשים,פני חבר,language,אנגלית,22
2026-07-30T17:58:33,63,נשים,פני חבר,language,גרמנית,1
2026-07-30T17:58:33,63,נשים,פני חבר,language,ליטאית,1
2026-07-30T17:58:33,63,נשים,פני חבר,language,סינית,1
2026-07-30T17:58:33,63,נשים,פני חבר,language,עברית,14
2026-07-30T17:58:33,63,נשים,פני חבר,language,ערבית,4
2026-07-30T17:58:33,63,נשים,פני חבר,language,רוסית,22
2026-07-30T17:58:54,63,נשים,פרדסיה,gender,גבר,47
2026-07-30T17:58:54,63,נשים,פרדסיה,gender,אישה,92
2026-07-30T17:58:54,63,נשים,פרדסיה,visit_type,ביקור במרפאה,142
2026-07-30T17:58:54,63,נשים,פרדסיה,visit_type,שיחת טלפון,2
2026-07-30T17:58:54,63,נשים,פרדסיה,language,אידיש,1
2026-07-30T17:58:54,63,נשים,פרדסיה,language,אנגלית,18
2026-07-30T17:58:54,63,נשים,פרדסיה,language,גרמנית,1
2026-07-30T17:58:54,63,נשים,פרדסיה,language,עברית,32
2026-07-30T17:58:54,63,נשים,פרדסיה,language,ערבית,8
2026-07-30T17:58:54,63,נשים,פרדסיה,language,צרפתית,2
2026-07-30T17:58:54,63,נשים,פרדסיה,language,רומנית,2
2026-07-30T17:58:54,63,נשים,פרדסיה,language,רוסית,11
2026-07-30T17:59:15,63,נשים,צביה,gender,גבר,37
2026-07-30T17:59:15,63,נשים,צביה,gender,אישה,82
2026-07-30T17:59:15,63,נשים,צביה,visit_type,ביקור במרפאה,120
2026-07-30T17:59:15,63,נשים,צביה,visit_type,שיחת טלפון,2
2026-07-30T17:59:15,63,נשים,צביה,language,אידיש,1
2026-07-30T17:59:15,63,נשים,צביה,language,איטלקית,4
2026-07-30T17:59:15,63,נשים,צביה,language,אנגלית,75
2026-07-30T17:59:15,63,נשים,צביה,language,ספרדית,1
2026-07-30T17:59:15,63,נשים,צביה,language,עברית,115
2026-07-30T17:59:15,63,נשים,צביה,language,ערבית,74
2026-07-30T17:59:15,63,נשים,צביה,language,צרפתית,2
2026-07-30T17:59:15,63,נשים,צביה,language,רומנית,6
2026-07-30T17:59:15,63,נשים,צביה,language,רוסית,24
2026-07-30T17:59:15,63,נשים,צביה,language,שוודית,1
2026-07-30T17:59:34,63,נשים,צור הדסה,gender,גבר,47
2026-07-30T17:59:34,63,נשים,צור הדסה,gender,אישה,79
2026-07-30T17:59:34,63,נשים,צור הדסה,visit_type,ביקור במרפאה,131
2026-07-30T17:59:34,63,נשים,צור הדסה,visit_type,שיחת טלפון,16
2026-07-30T17:59:34,63,נשים,צור הדסה,visit_type,שיחת וידאו,1
2026-07-30T17:59:34,63,נשים,צור הדסה,language,אידיש,2
2026-07-30T17:59:34,63,נשים,צור הדסה,language,אנגלית,20
2026-07-30T17:59:34,63,נשים,צור הדסה,language,עברית,24
2026-07-30T17:59:34,63,נשים,צור הדסה,language,ערבית,3
2026-07-30T17:59:34,63,נשים,צור הדסה,language,צרפתית,2
2026-07-30T17:59:34,63,נשים,צור הדסה,language,רוסית,3
2026-07-30T17:59:54,63,נשים,קבאטיה,gender,גבר,47
2026-07-30T17:59:54,63,נשים,קבאטיה,gender,אישה,92
2026-07-30T17:59:54,63,נשים,קבאטיה,visit_type,ביקור במרפאה,142
2026-07-30T17:59:54,63,נשים,קבאטיה,visit_type,שיחת טלפון,2
2026-07-30T17:59:54,63,נשים,קבאטיה,language,אידיש,1
2026-07-30T17:59:54,63,נשים,קבאטיה,language,אנגלית,18
2026-07-30T17:59:54,63,נשים,קבאטיה,language,גרמנית,1
2026-07-30T17:59:54,63,נשים,קבאטיה,language,עברית,32
2026-07-30T17:59:54,63,נשים,קבאטיה,language,ערבית,8
2026-07-30T17:59:54,63,נשים,קבאטיה,language,צרפתית,2
2026-07-30T17:59:54,63,נשים,קבאטיה,language,רומנית,2
2026-07-30T17:59:54,63,נשים,קבאטיה,language,רוסית,11
2026-07-30T18:00:14,63,נשים,קדרון,gender,גבר,28
2026-07-30T18:00:14,63,נשים,קדרון,gender,אישה,31
2026-07-30T18:00:14,63,נשים,קדרון,visit_type,ביקור במרפאה,63
2026-07-30T18:00:14,63,נשים,קדרון,language,אוקראינית,2
2026-07-30T18:00:14,63,נשים,קדרון,language,איטלקית,1
2026-07-30T18:00:14,63,נשים,קדרון,language,אנגלית,13
2026-07-30T18:00:14,63,נשים,קדרון,language,גרוזינית,1
2026-07-30T18:00:14,63,נשים,קדרון,language,הונגרית,1
2026-07-30T18:00:14,63,נשים,קדרון,language,ספרדית,1
2026-07-30T18:00:14,63,נשים,קדרון,language,עברית,20
2026-07-30T18:00:14,63,נשים,קדרון,language,צרפתית,2
2026-07-30T18:00:14,63,נשים,קדרון,language,רוסית,10
2026-07-30T18:00:24,63,נשים,קטנה,gender,גבר,47
2026-07-30T18:00:24,63,נשים,קטנה,gender,אישה,79
2026-07-30T18:00:24,63,נשים,קטנה,visit_type,ביקור במרפאה,131
2026-07-30T18:00:24,63,נשים,קטנה,visit_type,שיחת טלפון,16
2026-07-30T18:00:24,63,נשים,קטנה,visit_type,שיחת וידאו,1
2026-07-30T18:00:24,63,נשים,קטנה,language,אידיש,2
2026-07-30T18:00:24,63,נשים,קטנה,language,אנגלית,20
2026-07-30T18:00:24,63,נשים,קטנה,language,עברית,24
2026-07-30T18:00:24,63,נשים,קטנה,language,ערבית,3
2026-07-30T18:00:24,63,נשים,קטנה,language,צרפתית,2
2026-07-30T18:00:24,63,נשים,קטנה,language,רוסית,3
2026-07-30T18:00:44,63,נשים,קסר א סיר,gender,גבר,43
2026-07-30T18:00:44,63,נשים,קסר א סיר,gender,אישה,67
2026-07-30T18:00:44,63,נשים,קסר א סיר,visit_type,ביקור במרפאה,112
2026-07-30T18:00:44,63,נשים,קסר א סיר,language,אידיש,3
2026-07-30T18:00:44,63,נשים,קסר א סיר,language,אנגלית,21
2026-07-30T18:00:44,63,נשים,קסר א סיר,language,ליטאית,1
2026-07-30T18:00:44,63,נשים,קסר א סיר,language,סינית,1
2026-07-30T18:00:44,63,נשים,קסר א סיר,language,עברית,9
2026-07-30T18:00:44,63,נשים,קסר א סיר,language,ערבית,4
2026-07-30T18:00:44,63,נשים,קסר א סיר,language,רוסית,19
2026-07-30T18:01:02,63,נשים,קרית ביאליק,gender,גבר,38
2026-07-30T18:01:02,63,נשים,קרית ביאליק,gender,אישה,94
2026-07-30T18:01:02,63,נשים,קרית ביאליק,visit_type,ביקור במרפאה,132
2026-07-30T18:01:02,63,נשים,קרית ביאליק,visit_type,שיחת טלפון,2
2026-07-30T18:01:02,63,נשים,קרית ביאליק,language,אידיש,1
2026-07-30T18:01:02,63,נשים,קרית ביאליק,language,איטלקית,4
2026-07-30T18:01:02,63,נשים,קרית ביאליק,language,אנגלית,90
2026-07-30T18:01:02,63,נשים,קרית ביאליק,language,הונגרית,3
2026-07-30T18:01:02,63,נשים,קרית ביאליק,language,עברית,129
2026-07-30T18:01:02,63,נשים,קרית ביאליק,language,ערבית,70
2026-07-30T18:01:02,63,נשים,קרית ביאליק,language,צרפתית,5
2026-07-30T18:01:02,63,נשים,קרית ביאליק,language,רומנית,5
2026-07-30T18:01:02,63,נשים,קרית ביאליק,language,רוסית,24
2026-07-30T18:01:02,63,נשים,קרית ביאליק,language,שוודית,1
2026-07-30T18:01:21,63,נשים,ראס כרכר,gender,גבר,47
2026-07-30T18:01:21,63,נשים,ראס כרכר,gender,אישה,79
2026-07-30T18:01:21,63,נשים,ראס כרכר,visit_type,ביקור במרפאה,131
2026-07-30T18:01:21,63,נשים,ראס כרכר,visit_type,שיחת טלפון,16
2026-07-30T18:01:21,63,נשים,ראס כרכר,visit_type,שיחת וידאו,1
2026-07-30T18:01:21,63,נשים,ראס כרכר,language,אידיש,2
2026-07-30T18:01:21,63,נשים,ראס כרכר,language,אנגלית,20
2026-07-30T18:01:21,63,נשים,ראס כרכר,language,עברית,24
2026-07-30T18:01:21,63,נשים,ראס כרכר,language,ערבית,3
2026-07-30T18:01:21,63,נשים,ראס כרכר,language,צרפתית,2
2026-07-30T18:01:21,63,נשים,ראס כרכר,language,רוסית,3
2026-07-30T18:01:42,63,נשים,רגבים,gender,גבר,62
2026-07-30T18:01:42,63,נשים,רגבים,gender,אישה,138
2026-07-30T18:01:42,63,נשים,רגבים,visit_type,ביקור במרפאה,203
2026-07-30T18:01:42,63,נשים,רגבים,visit_type,שיחת טלפון,2
2026-07-30T18:01:42,63,נשים,רגבים,language,אידיש,1
2026-07-30T18:01:42,63,נשים,רגבים,language,איטלקית,1
2026-07-30T18:01:42,63,נשים,רגבים,language,אנגלית,38
2026-07-30T18:01:42,63,נשים,רגבים,language,גרמנית,1
2026-07-30T18:01:42,63,נשים,רגבים,language,הונגרית,1
2026-07-30T18:01:42,63,נשים,רגבים,language,עברית,63
2026-07-30T18:01:42,63,נשים,רגבים,language,ערבית,28
2026-07-30T18:01:42,63,נשים,רגבים,language,צרפתית,2
2026-07-30T18:01:42,63,נשים,רגבים,language,רומנית,3
2026-07-30T18:01:42,63,נשים,רגבים,language,רוסית,15
2026-07-30T18:02:01,63,נשים,רועי,gender,גבר,47
2026-07-30T18:02:01,63,נשים,רועי,gender,אישה,79
2026-07-30T18:02:01,63,נשים,רועי,visit_type,ביקור במרפאה,131
2026-07-30T18:02:01,63,נשים,רועי,visit_type,שיחת טלפון,16
2026-07-30T18:02:01,63,נשים,רועי,visit_type,שיחת וידאו,1
2026-07-30T18:02:01,63,נשים,רועי,language,אידיש,2
2026-07-30T18:02:01,63,נשים,רועי,language,אנגלית,20
2026-07-30T18:02:01,63,נשים,רועי,language,עברית,24
2026-07-30T18:02:01,63,נשים,רועי,language,ערבית,3
2026-07-30T18:02:01,63,נשים,רועי,language,צרפתית,2
2026-07-30T18:02:01,63,נשים,רועי,language,רוסית,3
2026-07-30T18:02:22,63,נשים,רכסים,gender,גבר,48
2026-07-30T18:02:22,63,נשים,רכסים,gender,אישה,136
2026-07-30T18:02:22,63,נשים,רכסים,visit_type,ביקור במרפאה,185
2026-07-30T18:02:22,63,נשים,רכסים,visit_type,שיחת טלפון,1
2026-07-30T18:02:22,63,נשים,רכסים,language,אידיש,1
2026-07-30T18:02:22,63,נשים,רכסים,language,איטלקית,3
2026-07-30T18:02:22,63,נשים,רכסים,language,אנגלית,68
2026-07-30T18:02:22,63,נשים,רכסים,language,הונגרית,3
2026-07-30T18:02:22,63,נשים,רכסים,language,עברית,100
2026-07-30T18:02:22,63,נשים,רכסים,language,ערבית,40
2026-07-30T18:02:22,63,נשים,רכסים,language,צרפתית,5
2026-07-30T18:02:22,63,נשים,רכסים,language,רומנית,5
2026-07-30T18:02:22,63,נשים,רכסים,language,רוסית,27
2026-07-30T18:02:22,63,נשים,רכסים,language,שוודית,1
2026-07-30T18:02:41,63,נשים,רמת גן,gender,גבר,31
2026-07-30T18:02:41,63,נשים,רמת גן,gender,אישה,30
2026-07-30T18:02:41,63,נשים,רמת גן,visit_type,ביקור במרפאה,65
2026-07-30T18:02:41,63,נשים,רמת גן,language,איטלקית,5
2026-07-30T18:02:41,63,נשים,רמת גן,language,אנגלית,29
2026-07-30T18:02:41,63,נשים,רמת גן,language,גרמנית,1
2026-07-30T18:02:41,63,נשים,רמת גן,language,ספרדית,2
2026-07-30T18:02:41,63,נשים,רמת גן,language,עברית,47
2026-07-30T18:02:41,63,נשים,רמת גן,language,ערבית,2
2026-07-30T18:02:41,63,נשים,רמת גן,language,צרפתית,2
2026-07-30T18:02:41,63,נשים,רמת גן,language,רומנית,4
2026-07-30T18:02:41,63,נשים,רמת גן,language,רוסית,5
2026-07-30T18:02:55,63,נשים,רשפים,gender,גבר,48
2026-07-30T18:02:55,63,נשים,רשפים,gender,אישה,127
2026-07-30T18:02:55,63,נשים,רשפים,visit_type,ביקור במרפאה,176
2026-07-30T18:02:55,63,נשים,רשפים,visit_type,שיחת טלפון,1
2026-07-30T18:02:55,63,נשים,רשפים,language,איטלקית,1
2026-07-30T18:02:55,63,נשים,רשפים,language,אנגלית,29
2026-07-30T18:02:55,63,נשים,רשפים,language,הונגרית,1
2026-07-30T18:02:55,63,נשים,רשפים,language,עברית,50
2026-07-30T18:02:55,63,נשים,רשפים,language,ערבית,28
2026-07-30T18:02:55,63,נשים,רשפים,language,רומנית,1
2026-07-30T18:02:55,63,נשים,רשפים,language,רוסית,11
2026-07-30T18:03:15,63,נשים,שדה אליעזר,gender,גבר,29
2026-07-30T18:03:15,63,נשים,שדה אליעזר,gender,אישה,58
2026-07-30T18:03:15,63,נשים,שדה אליעזר,visit_type,ביקור במרפאה,87
2026-07-30T18:03:15,63,נשים,שדה אליעזר,language,אנגלית,9
2026-07-30T18:03:15,63,נשים,שדה אליעזר,language,עברית,13
2026-07-30T18:03:15,63,נשים,שדה אליעזר,language,ערבית,4
2026-07-30T18:03:15,63,נשים,שדה אליעזר,language,רוסית,3
2026-07-30T18:03:29,63,נשים,שובל,gender,גבר,68
2026-07-30T18:03:29,63,נשים,שובל,gender,אישה,86
2026-07-30T18:03:29,63,נשים,שובל,visit_type,ביקור במרפאה,156
2026-07-30T18:03:29,63,נשים,שובל,visit_type,שיחת טלפון,1
2026-07-30T18:03:29,63,נשים,שובל,language,אידיש,4
2026-07-30T18:03:29,63,נשים,שובל,language,אנגלית,22
2026-07-30T18:03:29,63,נשים,שובל,language,גרמנית,1
2026-07-30T18:03:29,63,נשים,שובל,language,ליטאית,1
2026-07-30T18:03:29,63,נשים,שובל,language,סינית,1
2026-07-30T18:03:29,63,נשים,שובל,language,עברית,14
2026-07-30T18:03:29,63,נשים,שובל,language,ערבית,4
2026-07-30T18:03:29,63,נשים,שובל,language,רוסית,22
2026-07-30T18:03:48,63,נשים,שחרות,gender,גבר,5
2026-07-30T18:03:48,63,נשים,שחרות,gender,אישה,2
2026-07-30T18:03:48,63,נשים,שחרות,visit_type,ביקור במרפאה,10
2026-07-30T18:03:48,63,נשים,שחרות,visit_type,שיחת טלפון,8
2026-07-30T18:03:48,63,נשים,שחרות,language,אנגלית,2
2026-07-30T18:03:48,63,נשים,שחרות,language,עברית,2
2026-07-30T18:03:48,63,נשים,שחרות,language,רוסית,1
2026-07-30T18:03:51,63,נשים,שכניה,gender,גבר,23
2026-07-30T18:03:51,63,נשים,שכניה,gender,אישה,64
2026-07-30T18:03:51,63,נשים,שכניה,visit_type,ביקור במרפאה,88
2026-07-30T18:03:51,63,נשים,שכניה,visit_type,שיחת טלפון,2
2026-07-30T18:03:51,63,נשים,שכניה,language,איטלקית,4
2026-07-30T18:03:51,63,נשים,שכניה,language,אנגלית,56
2026-07-30T18:03:51,63,נשים,שכניה,language,ספרדית,1
2026-07-30T18:03:51,63,נשים,שכניה,language,עברית,85
2026-07-30T18:03:51,63,נשים,שכניה,language,ערבית,64
2026-07-30T18:03:51,63,נשים,שכניה,language,רומנית,4
2026-07-30T18:03:51,63,נשים,שכניה,language,רוסית,15
2026-07-30T18:04:05,63,נשים,שמשית,gender,גבר,29
2026-07-30T18:04:05,63,נשים,שמשית,gender,אישה,58
2026-07-30T18:04:05,63,נשים,שמשית,visit_type,ביקור במרפאה,87
2026-07-30T18:04:05,63,נשים,שמשית,language,אנגלית,9
2026-07-30T18:04:05,63,נשים,שמשית,language,עברית,13
2026-07-30T18:04:05,63,נשים,שמשית,language,ערבית,4
2026-07-30T18:04:05,63,נשים,שמשית,language,רוסית,3
2026-07-30T18:04:19,63,נשים,שער שומרון,gender,גבר,26
2026-07-30T18:04:19,63,נשים,שער שומרון,gender,אישה,39
2026-07-30T18:04:19,63,נשים,שער שומרון,visit_type,ביקור במרפאה,70
2026-07-30T18:04:19,63,נשים,שער שומרון,language,אידיש,1
2026-07-30T18:04:19,63,נשים,שער שומרון,language,איטלקית,4
2026-07-30T18:04:19,63,נשים,שער שומרון,language,אנגלית,19
2026-07-30T18:04:19,63,נשים,שער שומרון,language,ספרדית,1
2026-07-30T18:04:19,63,נשים,שער שומרון,language,עברית,35
2026-07-30T18:04:19,63,נשים,שער שומרון,language,ערבית,1
2026-07-30T18:04:19,63,נשים,שער שומרון,language,צרפתית,2
2026-07-30T18:04:19,63,נשים,שער שומרון,language,רומנית,6
2026-07-30T18:04:19,63,נשים,שער שומרון,language,רוסית,5
2026-07-30T18:04:32,63,נשים,שרשרת,gender,גבר,68
2026-07-30T18:04:32,63,נשים,שרשרת,gender,אישה,86
2026-07-30T18:04:32,63,נשים,שרשרת,visit_type,ביקור במרפאה,156
2026-07-30T18:04:32,63,נשים,שרשרת,visit_type,שיחת טלפון,1
2026-07-30T18:04:32,63,נשים,שרשרת,language,אידיש,4
2026-07-30T18:04:32,63,נשים,שרשרת,language,אנגלית,22
2026-07-30T18:04:32,63,נשים,שרשרת,language,גרמנית,1
2026-07-30T18:04:32,63,נשים,שרשרת,language,ליטאית,1
2026-07-30T18:04:32,63,נשים,שרשרת,language,סינית,1
2026-07-30T18:04:32,63,נשים,שרשרת,language,עברית,14
2026-07-30T18:04:32,63,נשים,שרשרת,language,ערבית,4
2026-07-30T18:04:32,63,נשים,שרשרת,language,רוסית,22
2026-07-30T18:04:53,63,נשים,תיאסיר,gender,גבר,47
2026-07-30T18:04:53,63,נשים,תיאסיר,gender,אישה,92
2026-07-30T18:04:53,63,נשים,תיאסיר,visit_type,ביקור במרפאה,142
2026-07-30T18:04:53,63,נשים,תיאסיר,visit_type,שיחת טלפון,2
2026-07-30T18:04:53,63,נשים,תיאסיר,language,אידיש,1
2026-07-30T18:04:53,63,נשים,תיאסיר,language,אנגלית,18
2026-07-30T18:04:53,63,נשים,תיאסיר,language,גרמנית,1
2026-07-30T18:04:53,63,נשים,תיאסיר,language,עברית,32
2026-07-30T18:04:53,63,נשים,תיאסיר,language,ערבית,8
2026-07-30T18:04:53,63,נשים,תיאסיר,language,צרפתית,2
2026-07-30T18:04:53,63,נשים,תיאסיר,language,רומנית,2
2026-07-30T18:04:53,63,נשים,תיאסיר,language,רוסית,11
2026-07-30T18:05:15,63,נשים,תל מונד,gender,אישה,92
2026-07-30T18:05:15,63,נשים,תל מונד,gender,גבר,47
2026-07-30T18:05:15,63,נשים,תל מונד,visit_type,ביקור במרפאה,142
2026-07-30T18:05:15,63,נשים,תל מונד,visit_type,שיחת טלפון,2
2026-07-30T18:05:15,63,נשים,תל מונד,language,אידיש,1
2026-07-30T18:05:15,63,נשים,תל מונד,language,אנגלית,18
2026-07-30T18:05:15,63,נשים,תל מונד,language,גרמנית,1
2026-07-30T18:05:15,63,נשים,תל מונד,language,עברית,32
2026-07-30T18:05:15,63,נשים,תל מונד,language,ערבית,8
2026-07-30T18:05:15,63,נשים,תל מונד,language,צרפתית,2
2026-07-30T18:05:15,63,נשים,תל מונד,language,רומנית,2
2026-07-30T18:05:15,63,נשים,תל מונד,language,רוסית,11
2026-07-30T18:05:35,63,נשים,תעשיון צריפין,gender,גבר,52
2026-07-30T18:05:35,63,נשים,תעשיון צריפין,gender,אישה,56
2026-07-30T18:05:35,63,נשים,תעשיון צריפין,visit_type,ביקור במרפאה,113
2026-07-30T18:05:35,63,נשים,תעשיון צריפין,language,אוקראינית,3
2026-07-30T18:05:35,63,נשים,תעשיון צריפין,language,אידיש,1
2026-07-30T18:05:35,63,נשים,תעשיון צריפין,language,איטלקית,2
2026-07-30T18:05:35,63,נשים,תעשיון צריפין,language,אנגלית,26
2026-07-30T18:05:35,63,נשים,תעשיון צריפין,language,גרוזינית,1
2026-07-30T18:05:35,63,נשים,תעשיון צריפין,language,הונגרית,2
2026-07-30T18:05:35,63,נשים,תעשיון צריפין,language,ספרדית,1
2026-07-30T18:05:35,63,נשים,תעשיון צריפין,language,עברית,37
2026-07-30T18:05:35,63,נשים,תעשיון צריפין,language,צרפתית,2
2026-07-30T18:05:35,63,נשים,תעשיון צריפין,language,רוסית,17
2026-07-30T18:05:52,63,נשים,תראבין א צאנה שבט,gender,אישה,67
2026-07-30T18:05:52,63,נשים,תראבין א צאנה שבט,gender,גבר,43
2026-07-30T18:05:52,63,נשים,תראבין א צאנה שבט,visit_type,ביקור במרפאה,112
2026-07-30T18:05:52,63,נשים,תראבין א צאנה שבט,language,אידיש,3
2026-07-30T18:05:52,63,נשים,תראבין א צאנה שבט,language,אנגלית,21
2026-07-30T18:05:52,63,נשים,תראבין א צאנה שבט,language,ליטאית,1
2026-07-30T18:05:52,63,נשים,תראבין א צאנה שבט,language,סינית,1
2026-07-30T18:05:52,63,נשים,תראבין א צאנה שבט,language,עברית,9
2026-07-30T18:05:52,63,נשים,תראבין א צאנה שבט,language,ערבית,4
2026-07-30T18:05:52,63,נשים,תראבין א צאנה שבט,language,רוסית,19
2026-07-30T18:06:09,31,עור,אבו ג'ווייעד,gender,גבר,22
2026-07-30T18:06:09,31,עור,אבו ג'ווייעד,gender,אישה,10
2026-07-30T18:06:09,31,עור,אבו ג'ווייעד,visit_type,ביקור במרפאה,34
2026-07-30T18:06:09,31,עור,אבו ג'ווייעד,language,אנגלית,4
2026-07-30T18:06:09,31,עור,אבו ג'ווייעד,language,בולגרית,1
2026-07-30T18:06:09,31,עור,אבו ג'ווייעד,language,עברית,6
2026-07-30T18:06:09,31,עור,אבו ג'ווייעד,language,ערבית,1
2026-07-30T18:06:09,31,עור,אבו ג'ווייעד,language,רוסית,2
2026-07-30T18:06:18,31,עור,אדורה,gender,גבר,24
2026-07-30T18:06:18,31,עור,אדורה,gender,אישה,19
2026-07-30T18:06:18,31,עור,אדורה,visit_type,ביקור במרפאה,45
2026-07-30T18:06:18,31,עור,אדורה,language,אנגלית,6
2026-07-30T18:06:18,31,עור,אדורה,language,ספרדית,1
2026-07-30T18:06:18,31,עור,אדורה,language,עברית,13
2026-07-30T18:06:18,31,עור,אדורה,language,צרפתית,4
2026-07-30T18:06:18,31,עור,אדורה,language,רוסית,7
2026-07-30T18:06:25,31,עור,אולפני נווה אילן,gender,גבר,24
2026-07-30T18:06:25,31,עור,אולפני נווה אילן,gender,אישה,19
2026-07-30T18:06:25,31,עור,אולפני נווה אילן,visit_type,ביקור במרפאה,45
2026-07-30T18:06:25,31,עור,אולפני נווה אילן,language,אנגלית,6
2026-07-30T18:06:25,31,עור,אולפני נווה אילן,language,ספרדית,1
2026-07-30T18:06:25,31,עור,אולפני נווה אילן,language,עברית,13
2026-07-30T18:06:25,31,עור,אולפני נווה אילן,language,צרפתית,4
2026-07-30T18:06:25,31,עור,אולפני נווה אילן,language,רוסית,7
2026-07-30T18:06:32,31,עור,אחווה,gender,גבר,18
2026-07-30T18:06:32,31,עור,אחווה,gender,אישה,6
2026-07-30T18:06:32,31,עור,אחווה,visit_type,ביקור במרפאה,24
2026-07-30T18:06:32,31,עור,אחווה,language,אנגלית,7
2026-07-30T18:06:32,31,עור,אחווה,language,אפריקנס,1
2026-07-30T18:06:32,31,עור,אחווה,language,הולנדית,1
2026-07-30T18:06:32,31,עור,אחווה,language,עברית,10
2026-07-30T18:06:32,31,עור,אחווה,language,רוסית,6
2026-07-30T18:06:36,31,עור,אידנא,gender,גבר,24
2026-07-30T18:06:36,31,עור,אידנא,gender,אישה,19
2026-07-30T18:06:36,31,עור,אידנא,visit_type,ביקור במרפאה,45
2026-07-30T18:06:36,31,עור,אידנא,language,אנגלית,6
2026-07-30T18:06:36,31,עור,אידנא,language,ספרדית,1
2026-07-30T18:06:36,31,עור,אידנא,language,עברית,13
2026-07-30T18:06:36,31,עור,אידנא,language,צרפתית,4
2026-07-30T18:06:36,31,עור,אידנא,language,רוסית,7
2026-07-30T18:06:44,31,עור,אל בירה,gender,גבר,24
2026-07-30T18:06:44,31,עור,אל בירה,gender,אישה,19
2026-07-30T18:06:44,31,עור,אל בירה,visit_type,ביקור במרפאה,45
2026-07-30T18:06:44,31,עור,אל בירה,language,אנגלית,6
2026-07-30T18:06:44,31,עור,אל בירה,language,ספרדית,1
2026-07-30T18:06:44,31,עור,אל בירה,language,עברית,13
2026-07-30T18:06:44,31,עור,אל בירה,language,צרפתית,4
2026-07-30T18:06:44,31,עור,אל בירה,language,רוסית,7
2026-07-30T18:06:52,31,עור,אמירים,gender,גבר,47
2026-07-30T18:06:52,31,עור,אמירים,gender,אישה,6
2026-07-30T18:06:52,31,עור,אמירים,visit_type,ביקור במרפאה,53
2026-07-30T18:06:52,31,עור,אמירים,language,אנגלית,21
2026-07-30T18:06:52,31,עור,אמירים,language,עברית,21
2026-07-30T18:06:52,31,עור,אמירים,language,ערבית,17
2026-07-30T18:06:52,31,עור,אמירים,language,רומנית,4
2026-07-30T18:06:52,31,עור,אמירים,language,רוסית,2
2026-07-30T18:07:01,31,עור,אפק,gender,גבר,49
2026-07-30T18:07:01,31,עור,אפק,gender,אישה,9
2026-07-30T18:07:01,31,עור,אפק,visit_type,ביקור במרפאה,60
2026-07-30T18:07:01,31,עור,אפק,language,אידיש,2
2026-07-30T18:07:01,31,עור,אפק,language,אנגלית,39
2026-07-30T18:07:01,31,עור,אפק,language,גרמנית,6
2026-07-30T18:07:01,31,עור,אפק,language,עברית,57
2026-07-30T18:07:01,31,עור,אפק,language,ערבית,46
2026-07-30T18:07:01,31,עור,אפק,language,צרפתית,1
2026-07-30T18:07:01,31,עור,אפק,language,רומנית,11
2026-07-30T18:07:01,31,עור,אפק,language,רוסית,6
2026-07-30T18:07:12,31,עור,אשדוד,gender,גבר,18
2026-07-30T18:07:12,31,עור,אשדוד,gender,אישה,6
2026-07-30T18:07:12,31,עור,אשדוד,visit_type,ביקור במרפאה,24
2026-07-30T18:07:12,31,עור,אשדוד,language,אנגלית,7
2026-07-30T18:07:12,31,עור,אשדוד,language,אפריקנס,1
2026-07-30T18:07:12,31,עור,אשדוד,language,הולנדית,1
2026-07-30T18:07:12,31,עור,אשדוד,language,עברית,10
2026-07-30T18:07:12,31,עור,אשדוד,language,רוסית,6
2026-07-30T18:07:17,31,עור,באקה אל ע'רביה,gender,גבר,59
2026-07-30T18:07:17,31,עור,באקה אל ע'רביה,gender,אישה,21
2026-07-30T18:07:17,31,עור,באקה אל ע'רביה,visit_type,ביקור במרפאה,81
2026-07-30T18:07:17,31,עור,באקה אל ע'רביה,language,איטלקית,1
2026-07-30T18:07:17,31,עור,באקה אל ע'רביה,language,אנגלית,23
2026-07-30T18:07:17,31,עור,באקה אל ע'רביה,language,עברית,27
2026-07-30T18:07:17,31,עור,באקה אל ע'רביה,language,ערבית,14
2026-07-30T18:07:17,31,עור,באקה אל ע'רביה,language,צרפתית,2
2026-07-30T18:07:17,31,עור,באקה אל ע'רביה,language,רומנית,1
2026-07-30T18:07:17,31,עור,באקה אל ע'רביה,language,רוסית,10
2026-07-30T18:07:32,31,עור,בועיינה נוג'יידאת,gender,גבר,47
2026-07-30T18:07:32,31,עור,בועיינה נוג'יידאת,gender,אישה,6
2026-07-30T18:07:32,31,עור,בועיינה נוג'יידאת,visit_type,ביקור במרפאה,53
2026-07-30T18:07:32,31,עור,בועיינה נוג'יידאת,language,אנגלית,21
2026-07-30T18:07:32,31,עור,בועיינה נוג'יידאת,language,עברית,21
2026-07-30T18:07:32,31,עור,בועיינה נוג'יידאת,language,ערבית,17
2026-07-30T18:07:32,31,עור,בועיינה נוג'יידאת,language,רומנית,4
2026-07-30T18:07:32,31,עור,בועיינה נוג'יידאת,language,רוסית,2
2026-07-30T18:07:43,31,עור,בטחה,gender,גבר,30
2026-07-30T18:07:43,31,עור,בטחה,gender,אישה,13
2026-07-30T18:07:43,31,עור,בטחה,visit_type,ביקור במרפאה,45
2026-07-30T18:07:43,31,עור,בטחה,language,אנגלית,6
2026-07-30T18:07:43,31,עור,בטחה,language,בולגרית,1
2026-07-30T18:07:43,31,עור,בטחה,language,עברית,9
2026-07-30T18:07:43,31,עור,בטחה,language,ערבית,1
2026-07-30T18:07:43,31,עור,בטחה,language,רוסית,5
2026-07-30T18:07:55,31,עור,ביר זית,gender,גבר,24
2026-07-30T18:07:55,31,עור,ביר זית,gender,אישה,19
2026-07-30T18:07:55,31,עור,ביר זית,visit_type,ביקור במרפאה,45
2026-07-30T18:07:55,31,עור,ביר זית,language,אנגלית,6
2026-07-30T18:07:55,31,עור,ביר זית,language,ספרדית,1
2026-07-30T18:07:55,31,עור,ביר זית,language,עברית,13
2026-07-30T18:07:55,31,עור,ביר זית,language,צרפתית,4
2026-07-30T18:07:55,31,עור,ביר זית,language,רוסית,7
2026-07-30T18:08:04,31,עור,בני נצרים,gender,גבר,21
2026-07-30T18:08:04,31,עור,בני נצרים,gender,אישה,9
2026-07-30T18:08:04,31,עור,בני נצרים,visit_type,ביקור במרפאה,32
2026-07-30T18:08:04,31,עור,בני נצרים,language,אנגלית,4
2026-07-30T18:08:04,31,עור,בני נצרים,language,בולגרית,1
2026-07-30T18:08:04,31,עור,בני נצרים,language,עברית,7
2026-07-30T18:08:04,31,עור,בני נצרים,language,רוסית,5
2026-07-30T18:08:13,31,עור,בר גיורא,gender,גבר,24
2026-07-30T18:08:13,31,עור,בר גיורא,gender,אישה,19
2026-07-30T18:08:13,31,עור,בר גיורא,visit_type,ביקור במרפאה,45
2026-07-30T18:08:13,31,עור,בר גיורא,language,אנגלית,6
2026-07-30T18:08:13,31,עור,בר גיורא,language,ספרדית,1
2026-07-30T18:08:13,31,עור,בר גיורא,language,עברית,13
2026-07-30T18:08:13,31,עור,בר גיורא,language,צרפתית,4
2026-07-30T18:08:13,31,עור,בר גיורא,language,רוסית,7
2026-07-30T18:08:23,31,עור,בת הדר,gender,גבר,21
2026-07-30T18:08:23,31,עור,בת הדר,gender,אישה,9
2026-07-30T18:08:23,31,עור,בת הדר,visit_type,ביקור במרפאה,32
2026-07-30T18:08:23,31,עור,בת הדר,language,אנגלית,4
2026-07-30T18:08:23,31,עור,בת הדר,language,בולגרית,1
2026-07-30T18:08:23,31,עור,בת הדר,language,עברית,7
2026-07-30T18:08:23,31,עור,בת הדר,language,רוסית,5
2026-07-30T18:08:33,31,עור,ג'בע,gender,גבר,33
2026-07-30T18:08:33,31,עור,ג'בע,gender,אישה,15
2026-07-30T18:08:33,31,עור,ג'בע,visit_type,ביקור במרפאה,49
2026-07-30T18:08:33,31,עור,ג'בע,language,איטלקית,1
2026-07-30T18:08:33,31,עור,ג'בע,language,אנגלית,5
2026-07-30T18:08:33,31,עור,ג'בע,language,עברית,9
2026-07-30T18:08:33,31,עור,ג'בע,language,ערבית,1
2026-07-30T18:08:33,31,עור,ג'בע,language,צרפתית,2
2026-07-30T18:08:33,31,עור,ג'בע,language,רומנית,1
2026-07-30T18:08:33,31,עור,ג'בע,language,רוסית,6
2026-07-30T18:08:44,31,עור,גבעון החדשה,gender,גבר,24
2026-07-30T18:08:44,31,עור,גבעון החדשה,gender,אישה,19
2026-07-30T18:08:44,31,עור,גבעון החדשה,visit_type,ביקור במרפאה,45
2026-07-30T18:08:44,31,עור,גבעון החדשה,language,אנגלית,6
2026-07-30T18:08:44,31,עור,גבעון החדשה,language,ספרדית,1
2026-07-30T18:08:44,31,עור,גבעון החדשה,language,עברית,13
2026-07-30T18:08:44,31,עור,גבעון החדשה,language,צרפתית,4
2026-07-30T18:08:44,31,עור,גבעון החדשה,language,רוסית,7
2026-07-30T18:08:52,31,עור,גורנות הגליל,gender,גבר,35
2026-07-30T18:08:52,31,עור,גורנות הגליל,gender,אישה,3
2026-07-30T18:08:52,31,עור,גורנות הגליל,visit_type,ביקור במרפאה,38
2026-07-30T18:08:52,31,עור,גורנות הגליל,language,אנגלית,19
2026-07-30T18:08:52,31,עור,גורנות הגליל,language,גרמנית,7
2026-07-30T18:08:52,31,עור,גורנות הגליל,language,עברית,38
2026-07-30T18:08:52,31,עור,גורנות הגליל,language,ערבית,35
2026-07-30T18:08:52,31,עור,גורנות הגליל,language,רומנית,10
2026-07-30T18:08:52,31,עור,גורנות הגליל,language,רוסית,2
2026-07-30T18:08:58,31,עור,גינתון,gender,גבר,28
2026-07-30T18:08:58,31,עור,גינתון,gender,אישה,6
2026-07-30T18:08:58,31,עור,גינתון,visit_type,ביקור במרפאה,34
2026-07-30T18:08:58,31,עור,גינתון,visit_type,שיחת טלפון,2
2026-07-30T18:08:58,31,עור,גינתון,language,אנגלית,4
2026-07-30T18:08:58,31,עור,גינתון,language,אפריקנס,1
2026-07-30T18:08:58,31,עור,גינתון,language,הולנדית,1
2026-07-30T18:08:58,31,עור,גינתון,language,עברית,8
2026-07-30T18:08:58,31,עור,גינתון,language,רוסית,3
2026-07-30T18:09:04,31,עור,גני הדר,gender,גבר,34
2026-07-30T18:09:04,31,עור,גני הדר,gender,אישה,9
2026-07-30T18:09:04,31,עור,גני הדר,visit_type,ביקור במרפאה,43
2026-07-30T18:09:04,31,עור,גני הדר,visit_type,שיחת טלפון,2
2026-07-30T18:09:04,31,עור,גני הדר,language,אנגלית,7
2026-07-30T18:09:04,31,עור,גני הדר,language,אפריקנס,1
2026-07-30T18:09:04,31,עור,גני הדר,language,הולנדית,1
2026-07-30T18:09:04,31,עור,גני הדר,language,עברית,12
2026-07-30T18:09:04,31,עור,גני הדר,language,רוסית,6
2026-07-30T18:09:11,31,עור,גשור,gender,גבר,47
2026-07-30T18:09:11,31,עור,גשור,gender,אישה,6
2026-07-30T18:09:11,31,עור,גשור,visit_type,ביקור במרפאה,53
2026-07-30T18:09:11,31,עור,גשור,language,אנגלית,21
2026-07-30T18:09:11,31,עור,גשור,language,עברית,21
2026-07-30T18:09:11,31,עור,גשור,language,ערבית,17
2026-07-30T18:09:11,31,עור,גשור,language,רומנית,4
2026-07-30T18:09:11,31,עור,גשור,language,רוסית,2
2026-07-30T18:09:21,31,עור,דגניה א',gender,גבר,47
2026-07-30T18:09:21,31,עור,דגניה א',gender,אישה,6
2026-07-30T18:09:21,31,עור,דגניה א',visit_type,ביקור במרפאה,53
2026-07-30T18:09:21,31,עור,דגניה א',language,אנגלית,21
2026-07-30T18:09:21,31,עור,דגניה א',language,עברית,21
2026-07-30T18:09:21,31,עור,דגניה א',language,ערבית,17
2026-07-30T18:09:21,31,עור,דגניה א',language,רומנית,4
2026-07-30T18:09:21,31,עור,דגניה א',language,רוסית,2
2026-07-30T18:09:28,31,עור,דורא אל קריע,gender,גבר,24
2026-07-30T18:09:28,31,עור,דורא אל קריע,gender,אישה,19
2026-07-30T18:09:28,31,עור,דורא אל קריע,visit_type,ביקור במרפאה,45
2026-07-30T18:09:28,31,עור,דורא אל קריע,language,אנגלית,6
2026-07-30T18:09:28,31,עור,דורא אל קריע,language,ספרדית,1
2026-07-30T18:09:28,31,עור,דורא אל קריע,language,עברית,13
2026-07-30T18:09:28,31,עור,דורא אל קריע,language,צרפתית,4
2026-07-30T18:09:28,31,עור,דורא אל קריע,language,רוסית,7
2026-07-30T18:09:36,31,עור,דיר איבזיע,gender,גבר,24
2026-07-30T18:09:36,31,עור,דיר איבזיע,gender,אישה,19
2026-07-30T18:09:36,31,עור,דיר איבזיע,visit_type,ביקור במרפאה,45
2026-07-30T18:09:36,31,עור,דיר איבזיע,language,אנגלית,6
2026-07-30T18:09:36,31,עור,דיר איבזיע,language,ספרדית,1
2026-07-30T18:09:36,31,עור,דיר איבזיע,language,עברית,13
2026-07-30T18:09:36,31,עור,דיר איבזיע,language,צרפתית,4
2026-07-30T18:09:36,31,עור,דיר איבזיע,language,רוסית,7
2026-07-30T18:09:45,31,עור,האון,gender,גבר,47
2026-07-30T18:09:45,31,עור,האון,gender,אישה,6
2026-07-30T18:09:45,31,עור,האון,visit_type,ביקור במרפאה,53
2026-07-30T18:09:45,31,עור,האון,language,אנגלית,21
2026-07-30T18:09:45,31,עור,האון,language,עברית,21
2026-07-30T18:09:45,31,עור,האון,language,ערבית,17
2026-07-30T18:09:45,31,עור,האון,language,רומנית,4
2026-07-30T18:09:45,31,עור,האון,language,רוסית,2
2026-07-30T18:09:54,31,עור,הושעיה,gender,גבר,47
2026-07-30T18:09:54,31,עור,הושעיה,gender,אישה,6
2026-07-30T18:09:54,31,עור,הושעיה,visit_type,ביקור במרפאה,53
2026-07-30T18:09:54,31,עור,הושעיה,language,אנגלית,21
2026-07-30T18:09:54,31,עור,הושעיה,language,עברית,21
2026-07-30T18:09:54,31,עור,הושעיה,language,ערבית,17
2026-07-30T18:09:54,31,עור,הושעיה,language,רומנית,4
2026-07-30T18:09:54,31,עור,הושעיה,language,רוסית,2
2026-07-30T18:10:02,31,עור,הר אדר,gender,גבר,24
2026-07-30T18:10:02,31,עור,הר אדר,gender,אישה,19
2026-07-30T18:10:02,31,עור,הר אדר,visit_type,ביקור במרפאה,45
2026-07-30T18:10:02,31,עור,הר אדר,language,אנגלית,6
2026-07-30T18:10:02,31,עור,הר אדר,language,ספרדית,1
2026-07-30T18:10:02,31,עור,הר אדר,language,עברית,13
2026-07-30T18:10:02,31,עור,הר אדר,language,צרפתית,4
2026-07-30T18:10:02,31,עור,הר אדר,language,רוסית,7
2026-07-30T18:10:10,31,עור,זאוויה,gender,גבר,25
2026-07-30T18:10:10,31,עור,זאוויה,gender,אישה,13
2026-07-30T18:10:10,31,עור,זאוויה,visit_type,ביקור במרפאה,46
2026-07-30T18:10:10,31,עור,זאוויה,language,איטלקית,1
2026-07-30T18:10:10,31,עור,זאוויה,language,אנגלית,26
2026-07-30T18:10:10,31,עור,זאוויה,language,גרמנית,2
2026-07-30T18:10:10,31,עור,זאוויה,language,ספרדית,4
2026-07-30T18:10:10,31,עור,זאוויה,language,עברית,45
2026-07-30T18:10:10,31,עור,זאוויה,language,ערבית,7
2026-07-30T18:10:10,31,עור,זאוויה,language,צרפתית,3
2026-07-30T18:10:10,31,עור,זאוויה,language,רוסית,5
2026-07-30T18:10:22,31,עור,זיתא,gender,גבר,33
2026-07-30T18:10:22,31,עור,זיתא,gender,אישה,15
2026-07-30T18:10:22,31,עור,זיתא,visit_type,ביקור במרפאה,49
2026-07-30T18:10:22,31,עור,זיתא,language,איטלקית,1
2026-07-30T18:10:22,31,עור,זיתא,language,אנגלית,5
2026-07-30T18:10:22,31,עור,זיתא,language,עברית,9
2026-07-30T18:10:22,31,עור,זיתא,language,ערבית,1
2026-07-30T18:10:22,31,עור,זיתא,language,צרפתית,2
2026-07-30T18:10:22,31,עור,זיתא,language,רומנית,1
2026-07-30T18:10:22,31,עור,זיתא,language,רוסית,6
2026-07-30T18:10:34,31,עור,זרזיר,gender,גבר,73
2026-07-30T18:10:34,31,עור,זרזיר,gender,אישה,12
2026-07-30T18:10:34,31,עור,זרזיר,visit_type,ביקור במרפאה,85
2026-07-30T18:10:34,31,עור,זרזיר,language,איטלקית,1
2026-07-30T18:10:34,31,עור,זרזיר,language,אנגלית,35
2026-07-30T18:10:34,31,עור,זרזיר,language,עברית,39
2026-07-30T18:10:34,31,עור,זרזיר,language,ערבית,28
2026-07-30T18:10:34,31,עור,זרזיר,language,רומנית,5
2026-07-30T18:10:34,31,עור,זרזיר,language,רוסית,10
2026-07-30T18:10:48,31,עור,חגור,gender,אישה,19
2026-07-30T18:10:48,31,עור,חגור,gender,גבר,34
2026-07-30T18:10:48,31,עור,חגור,visit_type,ביקור במרפאה,62
2026-07-30T18:10:48,31,עור,חגור,language,איטלקית,1
2026-07-30T18:10:48,31,עור,חגור,language,אנגלית,27
2026-07-30T18:10:48,31,עור,חגור,language,גרמנית,2
2026-07-30T18:10:48,31,עור,חגור,language,ספרדית,4
2026-07-30T18:10:48,31,עור,חגור,language,עברית,46
2026-07-30T18:10:48,31,עור,חגור,language,ערבית,7
2026-07-30T18:10:48,31,עור,חגור,language,צרפתית,4
2026-07-30T18:10:48,31,עור,חגור,language,רוסית,5
2026-07-30T18:11:04,31,עור,חולתה,gender,גבר,47
2026-07-30T18:11:04,31,עור,חולתה,gender,אישה,6
2026-07-30T18:11:04,31,עור,חולתה,visit_type,ביקור במרפאה,53
2026-07-30T18:11:04,31,עור,חולתה,language,אנגלית,21
2026-07-30T18:11:04,31,עור,חולתה,language,עברית,21
2026-07-30T18:11:04,31,עור,חולתה,language,ערבית,17
2026-07-30T18:11:04,31,עור,חולתה,language,רומנית,4
2026-07-30T18:11:04,31,עור,חולתה,language,רוסית,2
2026-07-30T18:11:12,31,עור,חיפה,gender,גבר,28
2026-07-30T18:11:12,31,עור,חיפה,gender,אישה,7
2026-07-30T18:11:12,31,עור,חיפה,visit_type,ביקור במרפאה,37
2026-07-30T18:11:12,31,עור,חיפה,language,אידיש,2
2026-07-30T18:11:12,31,עור,חיפה,language,אנגלית,30
2026-07-30T18:11:12,31,עור,חיפה,language,עברית,34
2026-07-30T18:11:12,31,עור,חיפה,language,ערבית,25
2026-07-30T18:11:12,31,עור,חיפה,language,צרפתית,1
2026-07-30T18:11:12,31,עור,חיפה,language,רומנית,5
2026-07-30T18:11:12,31,עור,חיפה,language,רוסית,5
2026-07-30T18:11:22,31,עור,חניתה,gender,גבר,35
2026-07-30T18:11:22,31,עור,חניתה,gender,אישה,3
2026-07-30T18:11:22,31,עור,חניתה,visit_type,ביקור במרפאה,38
2026-07-30T18:11:22,31,עור,חניתה,language,אנגלית,19
2026-07-30T18:11:22,31,עור,חניתה,language,גרמנית,7
2026-07-30T18:11:22,31,עור,חניתה,language,עברית,38
2026-07-30T18:11:22,31,עור,חניתה,language,ערבית,35
2026-07-30T18:11:22,31,עור,חניתה,language,רומנית,10
2026-07-30T18:11:22,31,עור,חניתה,language,רוסית,2
2026-07-30T18:11:30,31,עור,חרב לאת,gender,גבר,59
2026-07-30T18:11:30,31,עור,חרב לאת,gender,אישה,21
2026-07-30T18:11:30,31,עור,חרב לאת,visit_type,ביקור במרפאה,81
2026-07-30T18:11:30,31,עור,חרב לאת,language,איטלקית,1
2026-07-30T18:11:30,31,עור,חרב לאת,language,אנגלית,23
2026-07-30T18:11:30,31,עור,חרב לאת,language,עברית,27
2026-07-30T18:11:30,31,עור,חרב לאת,language,ערבית,14
2026-07-30T18:11:30,31,עור,חרב לאת,language,צרפתית,2
2026-07-30T18:11:30,31,עור,חרב לאת,language,רומנית,1
2026-07-30T18:11:30,31,עור,חרב לאת,language,רוסית,10
2026-07-30T18:11:45,31,עור,טול כרם,gender,אישה,15
2026-07-30T18:11:45,31,עור,טול כרם,gender,גבר,33
2026-07-30T18:11:45,31,עור,טול כרם,visit_type,ביקור במרפאה,49
2026-07-30T18:11:45,31,עור,טול כרם,language,איטלקית,1
2026-07-30T18:11:45,31,עור,טול כרם,language,אנגלית,5
2026-07-30T18:11:45,31,עור,טול כרם,language,עברית,9
2026-07-30T18:11:45,31,עור,טול כרם,language,ערבית,1
2026-07-30T18:11:45,31,עור,טול כרם,language,צרפתית,2
2026-07-30T18:11:45,31,עור,טול כרם,language,רומנית,1
2026-07-30T18:11:45,31,עור,טול כרם,language,רוסית,6
2026-07-30T18:11:57,31,עור,טל אל,gender,גבר,63
2026-07-30T18:11:57,31,עור,טל אל,gender,אישה,10
2026-07-30T18:11:57,31,עור,טל אל,visit_type,ביקור במרפאה,75
2026-07-30T18:11:57,31,עור,טל אל,language,אידיש,2
2026-07-30T18:11:57,31,עור,טל אל,language,אנגלית,49
2026-07-30T18:11:57,31,עור,טל אל,language,גרמנית,7
2026-07-30T18:11:57,31,עור,טל אל,language,עברית,72
2026-07-30T18:11:57,31,עור,טל אל,language,ערבית,60
2026-07-30T18:11:57,31,עור,טל אל,language,צרפתית,1
2026-07-30T18:11:57,31,עור,טל אל,language,רומנית,15
2026-07-30T18:11:57,31,עור,טל אל,language,רוסית,7
2026-07-30T18:12:10,31,עור,יאמון,gender,אישה,15
2026-07-30T18:12:10,31,עור,יאמון,gender,גבר,33
2026-07-30T18:12:10,31,עור,יאמון,visit_type,ביקור במרפאה,49
2026-07-30T18:12:10,31,עור,יאמון,language,איטלקית,1
2026-07-30T18:12:10,31,עור,יאמון,language,אנגלית,5
2026-07-30T18:12:10,31,עור,יאמון,language,עברית,9
2026-07-30T18:12:10,31,עור,יאמון,language,ערבית,1
2026-07-30T18:12:10,31,עור,יאמון,language,צרפתית,2
2026-07-30T18:12:10,31,עור,יאמון,language,רומנית,1
2026-07-30T18:12:10,31,עור,יאמון,language,רוסית,6
2026-07-30T18:12:22,31,עור,יגור,gender,גבר,60
2026-07-30T18:12:22,31,עור,יגור,gender,אישה,17
2026-07-30T18:12:22,31,עור,יגור,visit_type,ביקור במרפאה,79
2026-07-30T18:12:22,31,עור,יגור,language,אידיש,2
2026-07-30T18:12:22,31,עור,יגור,language,איטלקית,1
2026-07-30T18:12:22,31,עור,יגור,language,אנגלית,40
2026-07-30T18:12:22,31,עור,יגור,language,עברית,48
2026-07-30T18:12:22,31,עור,יגור,language,ערבית,29
2026-07-30T18:12:22,31,עור,יגור,language,צרפתית,1
2026-07-30T18:12:22,31,עור,יגור,language,רומנית,6
2026-07-30T18:12:22,31,עור,יגור,language,רוסית,13
2026-07-30T18:12:36,31,עור,יהל,gender,גבר,1
2026-07-30T18:12:36,31,עור,יהל,gender,אישה,1
2026-07-30T18:12:36,31,עור,יהל,visit_type,ביקור במרפאה,6
2026-07-30T18:12:36,31,עור,יהל,visit_type,שיחת טלפון,1
2026-07-30T18:12:37,31,עור,ייט''ב,gender,גבר,24
2026-07-30T18:12:37,31,עור,ייט''ב,gender,אישה,19
2026-07-30T18:12:37,31,עור,ייט''ב,visit_type,ביקור במרפאה,45
2026-07-30T18:12:37,31,עור,ייט''ב,language,אנגלית,6
2026-07-30T18:12:37,31,עור,ייט''ב,language,ספרדית,1
2026-07-30T18:12:37,31,עור,ייט''ב,language,עברית,13
2026-07-30T18:12:37,31,עור,ייט''ב,language,צרפתית,4
2026-07-30T18:12:37,31,עור,ייט''ב,language,רוסית,7
2026-07-30T18:12:46,31,עור,יעף,gender,אישה,15
2026-07-30T18:12:46,31,עור,יעף,gender,גבר,33
2026-07-30T18:12:46,31,עור,יעף,visit_type,ביקור במרפאה,49
2026-07-30T18:12:46,31,עור,יעף,language,איטלקית,1
2026-07-30T18:12:46,31,עור,יעף,language,אנגלית,5
2026-07-30T18:12:46,31,עור,יעף,language,עברית,9
2026-07-30T18:12:46,31,עור,יעף,language,ערבית,1
2026-07-30T18:12:46,31,עור,יעף,language,צרפתית,2
2026-07-30T18:12:46,31,עור,יעף,language,רומנית,1
2026-07-30T18:12:46,31,עור,יעף,language,רוסית,6
2026-07-30T18:12:57,31,עור,יקנעם,gender,גבר,60
2026-07-30T18:12:57,31,עור,יקנעם,gender,אישה,17
2026-07-30T18:12:57,31,עור,יקנעם,visit_type,ביקור במרפאה,79
2026-07-30T18:12:57,31,עור,יקנעם,language,אידיש,2
2026-07-30T18:12:57,31,עור,יקנעם,language,איטלקית,1
2026-07-30T18:12:57,31,עור,יקנעם,language,אנגלית,40
2026-07-30T18:12:57,31,עור,יקנעם,language,עברית,48
2026-07-30T18:12:57,31,עור,יקנעם,language,ערבית,29
2026-07-30T18:12:57,31,עור,יקנעם,language,צרפתית,1
2026-07-30T18:12:57,31,עור,יקנעם,language,רומנית,6
2026-07-30T18:12:57,31,עור,יקנעם,language,רוסית,13
2026-07-30T18:13:13,31,עור,ישע,gender,אישה,9
2026-07-30T18:13:13,31,עור,ישע,gender,גבר,21
2026-07-30T18:13:13,31,עור,ישע,visit_type,ביקור במרפאה,32
2026-07-30T18:13:13,31,עור,ישע,language,אנגלית,4
2026-07-30T18:13:13,31,עור,ישע,language,בולגרית,1
2026-07-30T18:13:13,31,עור,ישע,language,עברית,7
2026-07-30T18:13:13,31,עור,ישע,language,רוסית,5
2026-07-30T18:13:23,31,עור,כובר,gender,גבר,24
2026-07-30T18:13:23,31,עור,כובר,gender,אישה,19
2026-07-30T18:13:23,31,עור,כובר,visit_type,ביקור במרפאה,45
2026-07-30T18:13:23,31,עור,כובר,language,אנגלית,6
2026-07-30T18:13:23,31,עור,כובר,language,ספרדית,1
2026-07-30T18:13:23,31,עור,כובר,language,עברית,13
2026-07-30T18:13:23,31,עור,כובר,language,צרפתית,4
2026-07-30T18:13:23,31,עור,כובר,language,רוסית,7
2026-07-30T18:13:31,31,עור,כחל,gender,גבר,47
2026-07-30T18:13:31,31,עור,כחל,gender,אישה,6
2026-07-30T18:13:31,31,עור,כחל,visit_type,ביקור במרפאה,53
2026-07-30T18:13:31,31,עור,כחל,language,אנגלית,21
2026-07-30T18:13:31,31,עור,כחל,language,עברית,21
2026-07-30T18:13:31,31,עור,כחל,language,ערבית,17
2026-07-30T18:13:31,31,עור,כחל,language,רומנית,4
2026-07-30T18:13:31,31,עור,כחל,language,רוסית,2
2026-07-30T18:13:40,31,עור,כמאנה מזרח,gender,גבר,63
2026-07-30T18:13:40,31,עור,כמאנה מזרח,gender,אישה,10
2026-07-30T18:13:40,31,עור,כמאנה מזרח,visit_type,ביקור במרפאה,75
2026-07-30T18:13:40,31,עור,כמאנה מזרח,language,אידיש,2
2026-07-30T18:13:40,31,עור,כמאנה מזרח,language,אנגלית,49
2026-07-30T18:13:40,31,עור,כמאנה מזרח,language,גרמנית,7
2026-07-30T18:13:40,31,עור,כמאנה מזרח,language,עברית,72
2026-07-30T18:13:40,31,עור,כמאנה מזרח,language,ערבית,60
2026-07-30T18:13:40,31,עור,כמאנה מזרח,language,צרפתית,1
2026-07-30T18:13:40,31,עור,כמאנה מזרח,language,רומנית,15
2026-07-30T18:13:40,31,עור,כמאנה מזרח,language,רוסית,7
2026-07-30T18:13:53,31,עור,כפר אביב,gender,גבר,18
2026-07-30T18:13:53,31,עור,כפר אביב,gender,אישה,6
2026-07-30T18:13:53,31,עור,כפר אביב,visit_type,ביקור במרפאה,24
2026-07-30T18:13:53,31,עור,כפר אביב,language,אנגלית,7
2026-07-30T18:13:53,31,עור,כפר אביב,language,אפריקנס,1
2026-07-30T18:13:53,31,עור,כפר אביב,language,הולנדית,1
2026-07-30T18:13:53,31,עור,כפר אביב,language,עברית,10
2026-07-30T18:13:53,31,עור,כפר אביב,language,רוסית,6
2026-07-30T18:13:57,31,עור,כרכום,gender,גבר,47
2026-07-30T18:13:57,31,עור,כרכום,gender,אישה,6
2026-07-30T18:13:57,31,עור,כרכום,visit_type,ביקור במרפאה,53
2026-07-30T18:13:57,31,עור,כרכום,language,אנגלית,21
2026-07-30T18:13:57,31,עור,כרכום,language,עברית,21
2026-07-30T18:13:57,31,עור,כרכום,language,ערבית,17
2026-07-30T18:13:57,31,עור,כרכום,language,רומנית,4
2026-07-30T18:13:57,31,עור,כרכום,language,רוסית,2
2026-07-30T18:14:06,31,עור,לבון,gender,גבר,63
2026-07-30T18:14:06,31,עור,לבון,gender,אישה,10
2026-07-30T18:14:06,31,עור,לבון,visit_type,ביקור במרפאה,75
2026-07-30T18:14:06,31,עור,לבון,language,אידיש,2
2026-07-30T18:14:06,31,עור,לבון,language,אנגלית,49
2026-07-30T18:14:06,31,עור,לבון,language,גרמנית,7
2026-07-30T18:14:06,31,עור,לבון,language,עברית,72
2026-07-30T18:14:06,31,עור,לבון,language,ערבית,60
2026-07-30T18:14:06,31,עור,לבון,language,צרפתית,1
2026-07-30T18:14:06,31,עור,לבון,language,רומנית,15
2026-07-30T18:14:06,31,עור,לבון,language,רוסית,7
2026-07-30T18:14:20,31,עור,לוחמי הגיטאות,gender,גבר,35
2026-07-30T18:14:20,31,עור,לוחמי הגיטאות,gender,אישה,3
2026-07-30T18:14:20,31,עור,לוחמי הגיטאות,visit_type,ביקור במרפאה,38
2026-07-30T18:14:20,31,עור,לוחמי הגיטאות,language,אנגלית,19
2026-07-30T18:14:20,31,עור,לוחמי הגיטאות,language,גרמנית,7
2026-07-30T18:14:20,31,עור,לוחמי הגיטאות,language,עברית,38
2026-07-30T18:14:20,31,עור,לוחמי הגיטאות,language,ערבית,35
2026-07-30T18:14:20,31,עור,לוחמי הגיטאות,language,רומנית,10
2026-07-30T18:14:20,31,עור,לוחמי הגיטאות,language,רוסית,2
2026-07-30T18:14:26,31,עור,מבוא ביתר,gender,גבר,24
2026-07-30T18:14:26,31,עור,מבוא ביתר,gender,אישה,19
2026-07-30T18:14:26,31,עור,מבוא ביתר,visit_type,ביקור במרפאה,45
2026-07-30T18:14:26,31,עור,מבוא ביתר,language,אנגלית,6
2026-07-30T18:14:26,31,עור,מבוא ביתר,language,ספרדית,1
2026-07-30T18:14:26,31,עור,מבוא ביתר,language,עברית,13
2026-07-30T18:14:26,31,עור,מבוא ביתר,language,צרפתית,4
2026-07-30T18:14:26,31,עור,מבוא ביתר,language,רוסית,7
2026-07-30T18:14:36,31,עור,מג'ד,gender,גבר,30
2026-07-30T18:14:36,31,עור,מג'ד,gender,אישה,13
2026-07-30T18:14:36,31,עור,מג'ד,visit_type,ביקור במרפאה,45
2026-07-30T18:14:36,31,עור,מג'ד,language,אנגלית,6
2026-07-30T18:14:36,31,עור,מג'ד,language,בולגרית,1
2026-07-30T18:14:36,31,עור,מג'ד,language,עברית,9
2026-07-30T18:14:36,31,עור,מג'ד,language,ערבית,1
2026-07-30T18:14:36,31,עור,מג'ד,language,רוסית,5
2026-07-30T18:14:49,31,עור,מדמא,gender,אישה,15
2026-07-30T18:14:49,31,עור,מדמא,gender,גבר,33
2026-07-30T18:14:49,31,עור,מדמא,visit_type,ביקור במרפאה,49
2026-07-30T18:14:49,31,עור,מדמא,language,איטלקית,1
2026-07-30T18:14:49,31,עור,מדמא,language,אנגלית,5
2026-07-30T18:14:49,31,עור,מדמא,language,עברית,9
2026-07-30T18:14:49,31,עור,מדמא,language,ערבית,1
2026-07-30T18:14:49,31,עור,מדמא,language,צרפתית,2
2026-07-30T18:14:49,31,עור,מדמא,language,רומנית,1
2026-07-30T18:14:49,31,עור,מדמא,language,רוסית,6
2026-07-30T18:14:59,31,עור,מוצא עילית,gender,גבר,24
2026-07-30T18:14:59,31,עור,מוצא עילית,gender,אישה,19
2026-07-30T18:14:59,31,עור,מוצא עילית,visit_type,ביקור במרפאה,45
2026-07-30T18:14:59,31,עור,מוצא עילית,language,אנגלית,6
2026-07-30T18:14:59,31,עור,מוצא עילית,language,ספרדית,1
2026-07-30T18:14:59,31,עור,מוצא עילית,language,עברית,13
2026-07-30T18:14:59,31,עור,מוצא עילית,language,צרפתית,4
2026-07-30T18:14:59,31,עור,מוצא עילית,language,רוסית,7
2026-07-30T18:15:09,31,עור,מחולה,gender,גבר,73
2026-07-30T18:15:09,31,עור,מחולה,gender,אישה,12
2026-07-30T18:15:09,31,עור,מחולה,visit_type,ביקור במרפאה,85
2026-07-30T18:15:09,31,עור,מחולה,language,איטלקית,1
2026-07-30T18:15:09,31,עור,מחולה,language,אנגלית,35
2026-07-30T18:15:09,31,עור,מחולה,language,עברית,39
2026-07-30T18:15:09,31,עור,מחולה,language,ערבית,28
2026-07-30T18:15:09,31,עור,מחולה,language,רומנית,5
2026-07-30T18:15:09,31,עור,מחולה,language,רוסית,10
2026-07-30T18:15:23,31,עור,מירב,gender,גבר,73
2026-07-30T18:15:23,31,עור,מירב,gender,אישה,12
2026-07-30T18:15:23,31,עור,מירב,visit_type,ביקור במרפאה,85
2026-07-30T18:15:23,31,עור,מירב,language,איטלקית,1
2026-07-30T18:15:23,31,עור,מירב,language,אנגלית,35
2026-07-30T18:15:23,31,עור,מירב,language,עברית,39
2026-07-30T18:15:23,31,עור,מירב,language,ערבית,28
2026-07-30T18:15:23,31,עור,מירב,language,רומנית,5
2026-07-30T18:15:23,31,עור,מירב,language,רוסית,10
2026-07-30T18:15:38,31,עור,מלילות,gender,גבר,30
2026-07-30T18:15:38,31,עור,מלילות,gender,אישה,13
2026-07-30T18:15:38,31,עור,מלילות,visit_type,ביקור במרפאה,45
2026-07-30T18:15:38,31,עור,מלילות,language,אנגלית,6
2026-07-30T18:15:38,31,עור,מלילות,language,בולגרית,1
2026-07-30T18:15:38,31,עור,מלילות,language,עברית,9
2026-07-30T18:15:38,31,עור,מלילות,language,ערבית,1
2026-07-30T18:15:38,31,עור,מלילות,language,רוסית,5
2026-07-30T18:15:51,31,עור,מסדה,gender,גבר,47
2026-07-30T18:15:51,31,עור,מסדה,gender,אישה,6
2026-07-30T18:15:51,31,עור,מסדה,visit_type,ביקור במרפאה,53
2026-07-30T18:15:51,31,עור,מסדה,language,אנגלית,21
2026-07-30T18:15:51,31,עור,מסדה,language,עברית,21
2026-07-30T18:15:51,31,עור,מסדה,language,ערבית,17
2026-07-30T18:15:51,31,עור,מסדה,language,רומנית,4
2026-07-30T18:15:51,31,עור,מסדה,language,רוסית,2
2026-07-30T18:15:59,31,עור,מעגן,gender,גבר,47
2026-07-30T18:15:59,31,עור,מעגן,gender,אישה,6
2026-07-30T18:15:59,31,עור,מעגן,visit_type,ביקור במרפאה,53
2026-07-30T18:15:59,31,עור,מעגן,language,אנגלית,21
2026-07-30T18:15:59,31,עור,מעגן,language,עברית,21
2026-07-30T18:15:59,31,עור,מעגן,language,ערבית,17
2026-07-30T18:15:59,31,עור,מעגן,language,רומנית,4
2026-07-30T18:15:59,31,עור,מעגן,language,רוסית,2
2026-07-30T18:16:08,31,עור,מפעלי ברנר,gender,גבר,34
2026-07-30T18:16:08,31,עור,מפעלי ברנר,gender,אישה,9
2026-07-30T18:16:08,31,עור,מפעלי ברנר,visit_type,ביקור במרפאה,43
2026-07-30T18:16:08,31,עור,מפעלי ברנר,visit_type,שיחת טלפון,2
2026-07-30T18:16:08,31,עור,מפעלי ברנר,language,אנגלית,7
2026-07-30T18:16:08,31,עור,מפעלי ברנר,language,אפריקנס,1
2026-07-30T18:16:08,31,עור,מפעלי ברנר,language,הולנדית,1
2026-07-30T18:16:08,31,עור,מפעלי ברנר,language,עברית,12
2026-07-30T18:16:08,31,עור,מפעלי ברנר,language,רוסית,6
2026-07-30T18:16:15,31,עור,מצובה,gender,גבר,35
2026-07-30T18:16:15,31,עור,מצובה,gender,אישה,3
2026-07-30T18:16:15,31,עור,מצובה,visit_type,ביקור במרפאה,38
2026-07-30T18:16:15,31,עור,מצובה,language,אנגלית,19
2026-07-30T18:16:15,31,עור,מצובה,language,גרמנית,7
2026-07-30T18:16:15,31,עור,מצובה,language,עברית,38
2026-07-30T18:16:15,31,עור,מצובה,language,ערבית,35
2026-07-30T18:16:15,31,עור,מצובה,language,רומנית,10
2026-07-30T18:16:15,31,עור,מצובה,language,רוסית,2
2026-07-30T18:16:22,31,עור,מרגליות,gender,גבר,47
2026-07-30T18:16:22,31,עור,מרגליות,gender,אישה,6
2026-07-30T18:16:22,31,עור,מרגליות,visit_type,ביקור במרפאה,53
2026-07-30T18:16:22,31,עור,מרגליות,language,אנגלית,21
2026-07-30T18:16:22,31,עור,מרגליות,language,עברית,21
2026-07-30T18:16:22,31,עור,מרגליות,language,ערבית,17
2026-07-30T18:16:22,31,עור,מרגליות,language,רומנית,4
2026-07-30T18:16:22,31,עור,מרגליות,language,רוסית,2
2026-07-30T18:16:30,31,עור,משגב דב,gender,גבר,18
2026-07-30T18:16:30,31,עור,משגב דב,gender,אישה,6
2026-07-30T18:16:30,31,עור,משגב דב,visit_type,ביקור במרפאה,24
2026-07-30T18:16:30,31,עור,משגב דב,language,אנגלית,7
2026-07-30T18:16:30,31,עור,משגב דב,language,אפריקנס,1
2026-07-30T18:16:30,31,עור,משגב דב,language,הולנדית,1
2026-07-30T18:16:30,31,עור,משגב דב,language,עברית,10
2026-07-30T18:16:30,31,עור,משגב דב,language,רוסית,6
2026-07-30T18:16:35,31,עור,מתת,gender,גבר,63
2026-07-30T18:16:35,31,עור,מתת,gender,אישה,10
2026-07-30T18:16:35,31,עור,מתת,visit_type,ביקור במרפאה,75
2026-07-30T18:16:35,31,עור,מתת,language,אידיש,2
2026-07-30T18:16:35,31,עור,מתת,language,אנגלית,49
2026-07-30T18:16:35,31,עור,מתת,language,גרמנית,7
2026-07-30T18:16:35,31,עור,מתת,language,עברית,72
2026-07-30T18:16:35,31,עור,מתת,language,ערבית,60
2026-07-30T18:16:35,31,עור,מתת,language,צרפתית,1
2026-07-30T18:16:35,31,עור,מתת,language,רומנית,15
2026-07-30T18:16:35,31,עור,מתת,language,רוסית,7
2026-07-30T18:16:48,31,עור,נבי סאלח,gender,גבר,25
2026-07-30T18:16:48,31,עור,נבי סאלח,gender,אישה,13
2026-07-30T18:16:48,31,עור,נבי סאלח,visit_type,ביקור במרפאה,46
2026-07-30T18:16:48,31,עור,נבי סאלח,language,איטלקית,1
2026-07-30T18:16:48,31,עור,נבי סאלח,language,אנגלית,26
2026-07-30T18:16:48,31,עור,נבי סאלח,language,גרמנית,2
2026-07-30T18:16:48,31,עור,נבי סאלח,language,ספרדית,4
2026-07-30T18:16:48,31,עור,נבי סאלח,language,עברית,45
2026-07-30T18:16:48,31,עור,נבי סאלח,language,ערבית,7
2026-07-30T18:16:48,31,עור,נבי סאלח,language,צרפתית,3
2026-07-30T18:16:48,31,עור,נבי סאלח,language,רוסית,5
2026-07-30T18:17:01,31,עור,נווה אור,gender,גבר,73
2026-07-30T18:17:01,31,עור,נווה אור,gender,אישה,12
2026-07-30T18:17:01,31,עור,נווה אור,visit_type,ביקור במרפאה,85
2026-07-30T18:17:01,31,עור,נווה אור,language,איטלקית,1
2026-07-30T18:17:01,31,עור,נווה אור,language,אנגלית,35
2026-07-30T18:17:01,31,עור,נווה אור,language,עברית,39
2026-07-30T18:17:01,31,עור,נווה אור,language,ערבית,28
2026-07-30T18:17:01,31,עור,נווה אור,language,רומנית,5
2026-07-30T18:17:01,31,עור,נווה אור,language,רוסית,10
2026-07-30T18:17:14,31,עור,נחאלין,gender,גבר,24
2026-07-30T18:17:14,31,עור,נחאלין,gender,אישה,19
2026-07-30T18:17:14,31,עור,נחאלין,visit_type,ביקור במרפאה,45
2026-07-30T18:17:14,31,עור,נחאלין,language,אנגלית,6
2026-07-30T18:17:14,31,עור,נחאלין,language,ספרדית,1
2026-07-30T18:17:14,31,עור,נחאלין,language,עברית,13
2026-07-30T18:17:14,31,עור,נחאלין,language,צרפתית,4
2026-07-30T18:17:14,31,עור,נחאלין,language,רוסית,7
2026-07-30T18:17:23,31,עור,נטועה,gender,גבר,35
2026-07-30T18:17:23,31,עור,נטועה,gender,אישה,3
2026-07-30T18:17:23,31,עור,נטועה,visit_type,ביקור במרפאה,38
2026-07-30T18:17:23,31,עור,נטועה,language,אנגלית,19
2026-07-30T18:17:23,31,עור,נטועה,language,גרמנית,7
2026-07-30T18:17:23,31,עור,נטועה,language,עברית,38
2026-07-30T18:17:23,31,עור,נטועה,language,ערבית,35
2026-07-30T18:17:23,31,עור,נטועה,language,רומנית,10
2026-07-30T18:17:23,31,עור,נטועה,language,רוסית,2
2026-07-30T18:17:29,31,עור,ניצן ב',gender,גבר,28
2026-07-30T18:17:29,31,עור,ניצן ב',gender,אישה,6
2026-07-30T18:17:29,31,עור,ניצן ב',visit_type,ביקור במרפאה,34
2026-07-30T18:17:29,31,עור,ניצן ב',visit_type,שיחת טלפון,2
2026-07-30T18:17:29,31,עור,ניצן ב',language,אנגלית,4
2026-07-30T18:17:29,31,עור,ניצן ב',language,אפריקנס,1
2026-07-30T18:17:29,31,עור,ניצן ב',language,הולנדית,1
2026-07-30T18:17:29,31,עור,ניצן ב',language,עברית,8
2026-07-30T18:17:29,31,עור,ניצן ב',language,רוסית,3
2026-07-30T18:17:35,31,עור,נעורים,gender,אישה,15
2026-07-30T18:17:35,31,עור,נעורים,gender,גבר,33
2026-07-30T18:17:35,31,עור,נעורים,visit_type,ביקור במרפאה,49
2026-07-30T18:17:35,31,עור,נעורים,language,איטלקית,1
2026-07-30T18:17:35,31,עור,נעורים,language,אנגלית,5
2026-07-30T18:17:35,31,עור,נעורים,language,עברית,9
2026-07-30T18:17:35,31,עור,נעורים,language,ערבית,1
2026-07-30T18:17:35,31,עור,נעורים,language,צרפתית,2
2026-07-30T18:17:35,31,עור,נעורים,language,רומנית,1
2026-07-30T18:17:35,31,עור,נעורים,language,רוסית,6
2026-07-30T18:17:45,31,עור,נתיב הל''ה,gender,גבר,24
2026-07-30T18:17:45,31,עור,נתיב הל''ה,gender,אישה,19
2026-07-30T18:17:45,31,עור,נתיב הל''ה,visit_type,ביקור במרפאה,45
2026-07-30T18:17:45,31,עור,נתיב הל''ה,language,אנגלית,6
2026-07-30T18:17:45,31,עור,נתיב הל''ה,language,ספרדית,1
2026-07-30T18:17:45,31,עור,נתיב הל''ה,language,עברית,13
2026-07-30T18:17:45,31,עור,נתיב הל''ה,language,צרפתית,4
2026-07-30T18:17:45,31,עור,נתיב הל''ה,language,רוסית,7
2026-07-30T18:17:53,31,עור,סביון,gender,גבר,25
2026-07-30T18:17:53,31,עור,סביון,gender,אישה,13
2026-07-30T18:17:53,31,עור,סביון,visit_type,ביקור במרפאה,46
2026-07-30T18:17:53,31,עור,סביון,language,איטלקית,1
2026-07-30T18:17:53,31,עור,סביון,language,אנגלית,26
2026-07-30T18:17:53,31,עור,סביון,language,גרמנית,2
2026-07-30T18:17:53,31,עור,סביון,language,ספרדית,4
2026-07-30T18:17:53,31,עור,סביון,language,עברית,45
2026-07-30T18:17:53,31,עור,סביון,language,ערבית,7
2026-07-30T18:17:53,31,עור,סביון,language,צרפתית,3
2026-07-30T18:17:53,31,עור,סביון,language,רוסית,5
2026-07-30T18:18:06,31,עור,סח'נין,gender,גבר,45
2026-07-30T18:18:06,31,עור,סח'נין,gender,אישה,6
2026-07-30T18:18:06,31,עור,סח'נין,visit_type,ביקור במרפאה,52
2026-07-30T18:18:06,31,עור,סח'נין,language,אידיש,1
2026-07-30T18:18:06,31,עור,סח'נין,language,אנגלית,28
2026-07-30T18:18:06,31,עור,סח'נין,language,גרמנית,7
2026-07-30T18:18:06,31,עור,סח'נין,language,עברית,51
2026-07-30T18:18:06,31,עור,סח'נין,language,ערבית,45
2026-07-30T18:18:06,31,עור,סח'נין,language,רומנית,12
2026-07-30T18:18:06,31,עור,סח'נין,language,רוסית,3
2026-07-30T18:18:16,31,עור,סלמה,gender,גבר,45
2026-07-30T18:18:16,31,עור,סלמה,gender,אישה,6
2026-07-30T18:18:16,31,עור,סלמה,visit_type,ביקור במרפאה,52
2026-07-30T18:18:16,31,עור,סלמה,language,אידיש,1
2026-07-30T18:18:16,31,עור,סלמה,language,אנגלית,28
2026-07-30T18:18:16,31,עור,סלמה,language,גרמנית,7
2026-07-30T18:18:16,31,עור,סלמה,language,עברית,51
2026-07-30T18:18:16,31,עור,סלמה,language,ערבית,45
2026-07-30T18:18:16,31,עור,סלמה,language,רומנית,12
2026-07-30T18:18:16,31,עור,סלמה,language,רוסית,3
2026-07-30T18:18:26,31,עור,ספא,gender,גבר,24
2026-07-30T18:18:26,31,עור,ספא,gender,אישה,19
2026-07-30T18:18:26,31,עור,ספא,visit_type,ביקור במרפאה,45
2026-07-30T18:18:26,31,עור,ספא,language,אנגלית,6
2026-07-30T18:18:26,31,עור,ספא,language,ספרדית,1
2026-07-30T18:18:26,31,עור,ספא,language,עברית,13
2026-07-30T18:18:26,31,עור,ספא,language,צרפתית,4
2026-07-30T18:18:26,31,עור,ספא,language,רוסית,7
2026-07-30T18:18:34,31,עור,עבדון,gender,גבר,35
2026-07-30T18:18:34,31,עור,עבדון,gender,אישה,3
2026-07-30T18:18:34,31,עור,עבדון,visit_type,ביקור במרפאה,38
2026-07-30T18:18:34,31,עור,עבדון,language,אנגלית,19
2026-07-30T18:18:34,31,עור,עבדון,language,גרמנית,7
2026-07-30T18:18:34,31,עור,עבדון,language,עברית,38
2026-07-30T18:18:34,31,עור,עבדון,language,ערבית,35
2026-07-30T18:18:34,31,עור,עבדון,language,רומנית,10
2026-07-30T18:18:34,31,עור,עבדון,language,רוסית,2
2026-07-30T18:18:40,31,עור,עדנים,gender,אישה,19
2026-07-30T18:18:40,31,עור,עדנים,gender,גבר,34
2026-07-30T18:18:40,31,עור,עדנים,visit_type,ביקור במרפאה,62
2026-07-30T18:18:40,31,עור,עדנים,language,איטלקית,1
2026-07-30T18:18:40,31,עור,עדנים,language,אנגלית,27
2026-07-30T18:18:40,31,עור,עדנים,language,גרמנית,2
2026-07-30T18:18:40,31,עור,עדנים,language,ספרדית,4
2026-07-30T18:18:40,31,עור,עדנים,language,עברית,46
2026-07-30T18:18:40,31,עור,עדנים,language,ערבית,7
2026-07-30T18:18:40,31,עור,עדנים,language,צרפתית,4
2026-07-30T18:18:40,31,עור,עדנים,language,רוסית,5
2026-07-30T18:18:57,31,עור,עוצם,gender,אישה,9
2026-07-30T18:18:57,31,עור,עוצם,gender,גבר,21
2026-07-30T18:18:57,31,עור,עוצם,visit_type,ביקור במרפאה,32
2026-07-30T18:18:57,31,עור,עוצם,language,אנגלית,4
2026-07-30T18:18:57,31,עור,עוצם,language,בולגרית,1
2026-07-30T18:18:57,31,עור,עוצם,language,עברית,7
2026-07-30T18:18:57,31,עור,עוצם,language,רוסית,5
2026-07-30T18:19:08,31,עור,עטאטרה,gender,גבר,30
2026-07-30T18:19:08,31,עור,עטאטרה,gender,אישה,13
2026-07-30T18:19:08,31,עור,עטאטרה,visit_type,ביקור במרפאה,45
2026-07-30T18:19:08,31,עור,עטאטרה,language,אנגלית,6
2026-07-30T18:19:08,31,עור,עטאטרה,language,בולגרית,1
2026-07-30T18:19:08,31,עור,עטאטרה,language,עברית,9
2026-07-30T18:19:08,31,עור,עטאטרה,language,ערבית,1
2026-07-30T18:19:08,31,עור,עטאטרה,language,רוסית,5
2026-07-30T18:19:21,31,עור,עין איילה,gender,גבר,60
2026-07-30T18:19:21,31,עור,עין איילה,gender,אישה,17
2026-07-30T18:19:21,31,עור,עין איילה,visit_type,ביקור במרפאה,79
2026-07-30T18:19:21,31,עור,עין איילה,language,אידיש,2
2026-07-30T18:19:21,31,עור,עין איילה,language,איטלקית,1
2026-07-30T18:19:21,31,עור,עין איילה,language,אנגלית,40
2026-07-30T18:19:21,31,עור,עין איילה,language,עברית,48
2026-07-30T18:19:21,31,עור,עין איילה,language,ערבית,29
2026-07-30T18:19:21,31,עור,עין איילה,language,צרפתית,1
2026-07-30T18:19:21,31,עור,עין איילה,language,רומנית,6
2026-07-30T18:19:21,31,עור,עין איילה,language,רוסית,13
2026-07-30T18:19:36,31,עור,עמוקה,gender,גבר,47
2026-07-30T18:19:36,31,עור,עמוקה,gender,אישה,6
2026-07-30T18:19:36,31,עור,עמוקה,visit_type,ביקור במרפאה,53
2026-07-30T18:19:36,31,עור,עמוקה,language,אנגלית,21
2026-07-30T18:19:36,31,עור,עמוקה,language,עברית,21
2026-07-30T18:19:36,31,עור,עמוקה,language,ערבית,17
2026-07-30T18:19:36,31,עור,עמוקה,language,רומנית,4
2026-07-30T18:19:36,31,עור,עמוקה,language,רוסית,2
2026-07-30T18:19:44,31,עור,ענאתא,gender,גבר,24
2026-07-30T18:19:44,31,עור,ענאתא,gender,אישה,19
2026-07-30T18:19:44,31,עור,ענאתא,visit_type,ביקור במרפאה,45
2026-07-30T18:19:44,31,עור,ענאתא,language,אנגלית,6
2026-07-30T18:19:44,31,עור,ענאתא,language,ספרדית,1
2026-07-30T18:19:44,31,עור,ענאתא,language,עברית,13
2026-07-30T18:19:44,31,עור,ענאתא,language,צרפתית,4
2026-07-30T18:19:44,31,עור,ענאתא,language,רוסית,7
2026-07-30T18:19:52,31,עור,עצמון שגב,gender,גבר,45
2026-07-30T18:19:52,31,עור,עצמון שגב,gender,אישה,6
2026-07-30T18:19:52,31,עור,עצמון שגב,visit_type,ביקור במרפאה,52
2026-07-30T18:19:52,31,עור,עצמון שגב,language,אידיש,1
2026-07-30T18:19:52,31,עור,עצמון שגב,language,אנגלית,28
2026-07-30T18:19:52,31,עור,עצמון שגב,language,גרמנית,7
2026-07-30T18:19:52,31,עור,עצמון שגב,language,עברית,51
2026-07-30T18:19:52,31,עור,עצמון שגב,language,ערבית,45
2026-07-30T18:19:52,31,עור,עצמון שגב,language,רומנית,12
2026-07-30T18:19:52,31,עור,עצמון שגב,language,רוסית,3
2026-07-30T18:20:03,31,עור,ערד,gender,גבר,22
2026-07-30T18:20:03,31,עור,ערד,gender,אישה,10
2026-07-30T18:20:03,31,עור,ערד,visit_type,ביקור במרפאה,34
2026-07-30T18:20:03,31,עור,ערד,language,אנגלית,4
2026-07-30T18:20:03,31,עור,ערד,language,בולגרית,1
2026-07-30T18:20:03,31,עור,ערד,language,עברית,6
2026-07-30T18:20:03,31,עור,ערד,language,ערבית,1
2026-07-30T18:20:03,31,עור,ערד,language,רוסית,2
2026-07-30T18:20:15,31,עור,פארק תעשיות עידן הנגב,gender,גבר,30
2026-07-30T18:20:15,31,עור,פארק תעשיות עידן הנגב,gender,אישה,13
2026-07-30T18:20:15,31,עור,פארק תעשיות עידן הנגב,visit_type,ביקור במרפאה,45
2026-07-30T18:20:15,31,עור,פארק תעשיות עידן הנגב,language,אנגלית,6
2026-07-30T18:20:15,31,עור,פארק תעשיות עידן הנגב,language,בולגרית,1
2026-07-30T18:20:15,31,עור,פארק תעשיות עידן הנגב,language,עברית,9
2026-07-30T18:20:15,31,עור,פארק תעשיות עידן הנגב,language,ערבית,1
2026-07-30T18:20:15,31,עור,פארק תעשיות עידן הנגב,language,רוסית,5
2026-07-30T18:20:28,31,עור,פוריה נווה עובד,gender,גבר,47
2026-07-30T18:20:28,31,עור,פוריה נווה עובד,gender,אישה,6
2026-07-30T18:20:28,31,עור,פוריה נווה עובד,visit_type,ביקור במרפאה,53
2026-07-30T18:20:28,31,עור,פוריה נווה עובד,language,אנגלית,21
2026-07-30T18:20:28,31,עור,פוריה נווה עובד,language,עברית,21
2026-07-30T18:20:28,31,עור,פוריה נווה עובד,language,ערבית,17
2026-07-30T18:20:28,31,עור,פוריה נווה עובד,language,רומנית,4
2026-07-30T18:20:28,31,עור,פוריה נווה עובד,language,רוסית,2
2026-07-30T18:20:39,31,עור,פני חבר,gender,גבר,30
2026-07-30T18:20:39,31,עור,פני חבר,gender,אישה,13
2026-07-30T18:20:39,31,עור,פני חבר,visit_type,ביקור במרפאה,45
2026-07-30T18:20:39,31,עור,פני חבר,language,אנגלית,6
2026-07-30T18:20:39,31,עור,פני חבר,language,בולגרית,1
2026-07-30T18:20:39,31,עור,פני חבר,language,עברית,9
2026-07-30T18:20:39,31,עור,פני חבר,language,ערבית,1
2026-07-30T18:20:39,31,עור,פני חבר,language,רוסית,5
2026-07-30T18:20:52,31,עור,פרדסיה,gender,אישה,15
2026-07-30T18:20:52,31,עור,פרדסיה,gender,גבר,33
2026-07-30T18:20:52,31,עור,פרדסיה,visit_type,ביקור במרפאה,49
2026-07-30T18:20:52,31,עור,פרדסיה,language,איטלקית,1
2026-07-30T18:20:52,31,עור,פרדסיה,language,אנגלית,5
2026-07-30T18:20:52,31,עור,פרדסיה,language,עברית,9
2026-07-30T18:20:52,31,עור,פרדסיה,language,ערבית,1
2026-07-30T18:20:52,31,עור,פרדסיה,language,צרפתית,2
2026-07-30T18:20:52,31,עור,פרדסיה,language,רומנית,1
2026-07-30T18:20:52,31,עור,פרדסיה,language,רוסית,6
2026-07-30T18:21:04,31,עור,צביה,gender,גבר,45
2026-07-30T18:21:04,31,עור,צביה,gender,אישה,6
2026-07-30T18:21:04,31,עור,צביה,visit_type,ביקור במרפאה,52
2026-07-30T18:21:04,31,עור,צביה,language,אידיש,1
2026-07-30T18:21:04,31,עור,צביה,language,אנגלית,28
2026-07-30T18:21:04,31,עור,צביה,language,גרמנית,7
2026-07-30T18:21:04,31,עור,צביה,language,עברית,51
2026-07-30T18:21:04,31,עור,צביה,language,ערבית,45
2026-07-30T18:21:04,31,עור,צביה,language,רומנית,12
2026-07-30T18:21:04,31,עור,צביה,language,רוסית,3
2026-07-30T18:21:13,31,עור,צור הדסה,gender,גבר,24
2026-07-30T18:21:13,31,עור,צור הדסה,gender,אישה,19
2026-07-30T18:21:13,31,עור,צור הדסה,visit_type,ביקור במרפאה,45
2026-07-30T18:21:13,31,עור,צור הדסה,language,אנגלית,6
2026-07-30T18:21:13,31,עור,צור הדסה,language,ספרדית,1
2026-07-30T18:21:13,31,עור,צור הדסה,language,עברית,13
2026-07-30T18:21:13,31,עור,צור הדסה,language,צרפתית,4
2026-07-30T18:21:13,31,עור,צור הדסה,language,רוסית,7
2026-07-30T18:21:21,31,עור,קבאטיה,gender,אישה,15
2026-07-30T18:21:21,31,עור,קבאטיה,gender,גבר,33
2026-07-30T18:21:21,31,עור,קבאטיה,visit_type,ביקור במרפאה,49
2026-07-30T18:21:21,31,עור,קבאטיה,language,איטלקית,1
2026-07-30T18:21:21,31,עור,קבאטיה,language,אנגלית,5
2026-07-30T18:21:21,31,עור,קבאטיה,language,עברית,9
2026-07-30T18:21:21,31,עור,קבאטיה,language,ערבית,1
2026-07-30T18:21:21,31,עור,קבאטיה,language,צרפתית,2
2026-07-30T18:21:21,31,עור,קבאטיה,language,רומנית,1
2026-07-30T18:21:21,31,עור,קבאטיה,language,רוסית,6
2026-07-30T18:21:33,31,עור,קדרון,gender,גבר,18
2026-07-30T18:21:33,31,עור,קדרון,gender,אישה,6
2026-07-30T18:21:33,31,עור,קדרון,visit_type,ביקור במרפאה,24
2026-07-30T18:21:33,31,עור,קדרון,language,אנגלית,7
2026-07-30T18:21:33,31,עור,קדרון,language,אפריקנס,1
2026-07-30T18:21:33,31,עור,קדרון,language,הולנדית,1
2026-07-30T18:21:33,31,עור,קדרון,language,עברית,10
2026-07-30T18:21:33,31,עור,קדרון,language,רוסית,6
2026-07-30T18:21:36,31,עור,קטנה,gender,גבר,24
2026-07-30T18:21:36,31,עור,קטנה,gender,אישה,19
2026-07-30T18:21:36,31,עור,קטנה,visit_type,ביקור במרפאה,45
2026-07-30T18:21:36,31,עור,קטנה,language,אנגלית,6
2026-07-30T18:21:36,31,עור,קטנה,language,ספרדית,1
2026-07-30T18:21:36,31,עור,קטנה,language,עברית,13
2026-07-30T18:21:36,31,עור,קטנה,language,צרפתית,4
2026-07-30T18:21:36,31,עור,קטנה,language,רוסית,7
2026-07-30T18:21:46,31,עור,קסר א סיר,gender,גבר,22
2026-07-30T18:21:46,31,עור,קסר א סיר,gender,אישה,10
2026-07-30T18:21:46,31,עור,קסר א סיר,visit_type,ביקור במרפאה,34
2026-07-30T18:21:46,31,עור,קסר א סיר,language,אנגלית,4
2026-07-30T18:21:46,31,עור,קסר א סיר,language,בולגרית,1
2026-07-30T18:21:46,31,עור,קסר א סיר,language,עברית,6
2026-07-30T18:21:46,31,עור,קסר א סיר,language,ערבית,1
2026-07-30T18:21:46,31,עור,קסר א סיר,language,רוסית,2
2026-07-30T18:21:57,31,עור,קרית ביאליק,gender,גבר,49
2026-07-30T18:21:57,31,עור,קרית ביאליק,gender,אישה,9
2026-07-30T18:21:57,31,עור,קרית ביאליק,visit_type,ביקור במרפאה,60
2026-07-30T18:21:57,31,עור,קרית ביאליק,language,אידיש,2
2026-07-30T18:21:57,31,עור,קרית ביאליק,language,אנגלית,39
2026-07-30T18:21:57,31,עור,קרית ביאליק,language,גרמנית,6
2026-07-30T18:21:57,31,עור,קרית ביאליק,language,עברית,57
2026-07-30T18:21:57,31,עור,קרית ביאליק,language,ערבית,46
2026-07-30T18:21:57,31,עור,קרית ביאליק,language,צרפתית,1
2026-07-30T18:21:57,31,עור,קרית ביאליק,language,רומנית,11
2026-07-30T18:21:57,31,עור,קרית ביאליק,language,רוסית,6
2026-07-30T18:22:07,31,עור,ראס כרכר,gender,גבר,24
2026-07-30T18:22:07,31,עור,ראס כרכר,gender,אישה,19
2026-07-30T18:22:07,31,עור,ראס כרכר,visit_type,ביקור במרפאה,45
2026-07-30T18:22:07,31,עור,ראס כרכר,language,אנגלית,6
2026-07-30T18:22:07,31,עור,ראס כרכר,language,ספרדית,1
2026-07-30T18:22:07,31,עור,ראס כרכר,language,עברית,13
2026-07-30T18:22:07,31,עור,ראס כרכר,language,צרפתית,4
2026-07-30T18:22:07,31,עור,ראס כרכר,language,רוסית,7
2026-07-30T18:22:16,31,עור,רגבים,gender,גבר,59
2026-07-30T18:22:16,31,עור,רגבים,gender,אישה,21
2026-07-30T18:22:16,31,עור,רגבים,visit_type,ביקור במרפאה,81
2026-07-30T18:22:16,31,עור,רגבים,language,איטלקית,1
2026-07-30T18:22:16,31,עור,רגבים,language,אנגלית,23
2026-07-30T18:22:16,31,עור,רגבים,language,עברית,27
2026-07-30T18:22:16,31,עור,רגבים,language,ערבית,14
2026-07-30T18:22:16,31,עור,רגבים,language,צרפתית,2
2026-07-30T18:22:16,31,עור,רגבים,language,רומנית,1
2026-07-30T18:22:16,31,עור,רגבים,language,רוסית,10
2026-07-30T18:22:31,31,עור,רועי,gender,גבר,24
2026-07-30T18:22:31,31,עור,רועי,gender,אישה,19
2026-07-30T18:22:31,31,עור,רועי,visit_type,ביקור במרפאה,45
2026-07-30T18:22:31,31,עור,רועי,language,אנגלית,6
2026-07-30T18:22:31,31,עור,רועי,language,ספרדית,1
2026-07-30T18:22:31,31,עור,רועי,language,עברית,13
2026-07-30T18:22:31,31,עור,רועי,language,צרפתית,4
2026-07-30T18:22:31,31,עור,רועי,language,רוסית,7
2026-07-30T18:22:39,31,עור,רכסים,gender,גבר,60
2026-07-30T18:22:39,31,עור,רכסים,gender,אישה,17
2026-07-30T18:22:39,31,עור,רכסים,visit_type,ביקור במרפאה,79
2026-07-30T18:22:39,31,עור,רכסים,language,אידיש,2
2026-07-30T18:22:39,31,עור,רכסים,language,איטלקית,1
2026-07-30T18:22:39,31,עור,רכסים,language,אנגלית,40
2026-07-30T18:22:39,31,עור,רכסים,language,עברית,48
2026-07-30T18:22:39,31,עור,רכסים,language,ערבית,29
2026-07-30T18:22:39,31,עור,רכסים,language,צרפתית,1
2026-07-30T18:22:39,31,עור,רכסים,language,רומנית,6
2026-07-30T18:22:39,31,עור,רכסים,language,רוסית,13
2026-07-30T18:22:55,31,עור,רמת גן,gender,גבר,34
2026-07-30T18:22:55,31,עור,רמת גן,gender,אישה,23
2026-07-30T18:22:55,31,עור,רמת גן,visit_type,ביקור במרפאה,67
2026-07-30T18:22:55,31,עור,רמת גן,language,אידיש,1
2026-07-30T18:22:55,31,עור,רמת גן,language,איטלקית,1
2026-07-30T18:22:55,31,עור,רמת גן,language,אנגלית,31
2026-07-30T18:22:55,31,עור,רמת גן,language,אפריקנס,1
2026-07-30T18:22:55,31,עור,רמת גן,language,גרמנית,2
2026-07-30T18:22:55,31,עור,רמת גן,language,הולנדית,1
2026-07-30T18:22:55,31,עור,רמת גן,language,ספרדית,4
2026-07-30T18:22:55,31,עור,רמת גן,language,עברית,52
2026-07-30T18:22:55,31,עור,רמת גן,language,ערבית,7
2026-07-30T18:22:55,31,עור,רמת גן,language,צרפתית,3
2026-07-30T18:22:55,31,עור,רמת גן,language,רוסית,5
2026-07-30T18:23:13,31,עור,רשפים,gender,גבר,73
2026-07-30T18:23:13,31,עור,רשפים,gender,אישה,12
2026-07-30T18:23:13,31,עור,רשפים,visit_type,ביקור במרפאה,85
2026-07-30T18:23:13,31,עור,רשפים,language,איטלקית,1
2026-07-30T18:23:13,31,עור,רשפים,language,אנגלית,35
2026-07-30T18:23:13,31,עור,רשפים,language,עברית,39
2026-07-30T18:23:13,31,עור,רשפים,language,ערבית,28
2026-07-30T18:23:13,31,עור,רשפים,language,רומנית,5
2026-07-30T18:23:13,31,עור,רשפים,language,רוסית,10
2026-07-30T18:23:27,31,עור,שדה אליעזר,gender,גבר,47
2026-07-30T18:23:27,31,עור,שדה אליעזר,gender,אישה,6
2026-07-30T18:23:27,31,עור,שדה אליעזר,visit_type,ביקור במרפאה,53
2026-07-30T18:23:27,31,עור,שדה אליעזר,language,אנגלית,21
2026-07-30T18:23:27,31,עור,שדה אליעזר,language,עברית,21
2026-07-30T18:23:27,31,עור,שדה אליעזר,language,ערבית,17
2026-07-30T18:23:27,31,עור,שדה אליעזר,language,רומנית,4
2026-07-30T18:23:27,31,עור,שדה אליעזר,language,רוסית,2
2026-07-30T18:23:36,31,עור,שובל,gender,גבר,30
2026-07-30T18:23:36,31,עור,שובל,gender,אישה,13
2026-07-30T18:23:36,31,עור,שובל,visit_type,ביקור במרפאה,45
2026-07-30T18:23:36,31,עור,שובל,language,אנגלית,6
2026-07-30T18:23:36,31,עור,שובל,language,בולגרית,1
2026-07-30T18:23:36,31,עור,שובל,language,עברית,9
2026-07-30T18:23:36,31,עור,שובל,language,ערבית,1
2026-07-30T18:23:36,31,עור,שובל,language,רוסית,5
2026-07-30T18:23:47,31,עור,שחרות,gender,גבר,1
2026-07-30T18:23:47,31,עור,שחרות,gender,אישה,1
2026-07-30T18:23:47,31,עור,שחרות,visit_type,ביקור במרפאה,6
2026-07-30T18:23:47,31,עור,שחרות,visit_type,שיחת טלפון,1
2026-07-30T18:23:50,31,עור,שכניה,gender,גבר,35
2026-07-30T18:23:50,31,עור,שכניה,gender,אישה,3
2026-07-30T18:23:50,31,עור,שכניה,visit_type,ביקור במרפאה,38
2026-07-30T18:23:50,31,עור,שכניה,language,אנגלית,19
2026-07-30T18:23:50,31,עור,שכניה,language,גרמנית,7
2026-07-30T18:23:50,31,עור,שכניה,language,עברית,38
2026-07-30T18:23:50,31,עור,שכניה,language,ערבית,35
2026-07-30T18:23:50,31,עור,שכניה,language,רומנית,10
2026-07-30T18:23:50,31,עור,שכניה,language,רוסית,2
2026-07-30T18:23:56,31,עור,שמשית,gender,גבר,47
2026-07-30T18:23:56,31,עור,שמשית,gender,אישה,6
2026-07-30T18:23:56,31,עור,שמשית,visit_type,ביקור במרפאה,53
2026-07-30T18:23:56,31,עור,שמשית,language,אנגלית,21
2026-07-30T18:23:56,31,עור,שמשית,language,עברית,21
2026-07-30T18:23:56,31,עור,שמשית,language,ערבית,17
2026-07-30T18:23:56,31,עור,שמשית,language,רומנית,4
2026-07-30T18:23:56,31,עור,שמשית,language,רוסית,2
2026-07-30T18:24:04,31,עור,שער שומרון,gender,גבר,34
2026-07-30T18:24:04,31,עור,שער שומרון,gender,אישה,19
2026-07-30T18:24:04,31,עור,שער שומרון,visit_type,ביקור במרפאה,62
2026-07-30T18:24:04,31,עור,שער שומרון,language,איטלקית,1
2026-07-30T18:24:04,31,עור,שער שומרון,language,אנגלית,27
2026-07-30T18:24:04,31,עור,שער שומרון,language,גרמנית,2
2026-07-30T18:24:04,31,עור,שער שומרון,language,ספרדית,4
2026-07-30T18:24:04,31,עור,שער שומרון,language,עברית,46
2026-07-30T18:24:04,31,עור,שער שומרון,language,ערבית,7
2026-07-30T18:24:04,31,עור,שער שומרון,language,צרפתית,4
2026-07-30T18:24:04,31,עור,שער שומרון,language,רוסית,5
2026-07-30T18:24:21,31,עור,שרשרת,gender,גבר,30
2026-07-30T18:24:21,31,עור,שרשרת,gender,אישה,13
2026-07-30T18:24:21,31,עור,שרשרת,visit_type,ביקור במרפאה,45
2026-07-30T18:24:21,31,עור,שרשרת,language,אנגלית,6
2026-07-30T18:24:21,31,עור,שרשרת,language,בולגרית,1
2026-07-30T18:24:21,31,עור,שרשרת,language,עברית,9
2026-07-30T18:24:21,31,עור,שרשרת,language,ערבית,1
2026-07-30T18:24:21,31,עור,שרשרת,language,רוסית,5
2026-07-30T18:24:34,31,עור,תיאסיר,gender,גבר,33
2026-07-30T18:24:34,31,עור,תיאסיר,gender,אישה,15
2026-07-30T18:24:34,31,עור,תיאסיר,visit_type,ביקור במרפאה,49
2026-07-30T18:24:34,31,עור,תיאסיר,language,איטלקית,1
2026-07-30T18:24:34,31,עור,תיאסיר,language,אנגלית,5
2026-07-30T18:24:34,31,עור,תיאסיר,language,עברית,9
2026-07-30T18:24:34,31,עור,תיאסיר,language,ערבית,1
2026-07-30T18:24:34,31,עור,תיאסיר,language,צרפתית,2
2026-07-30T18:24:34,31,עור,תיאסיר,language,רומנית,1
2026-07-30T18:24:34,31,עור,תיאסיר,language,רוסית,6
2026-07-30T18:24:45,31,עור,תל מונד,gender,גבר,33
2026-07-30T18:24:45,31,עור,תל מונד,gender,אישה,15
2026-07-30T18:24:45,31,עור,תל מונד,visit_type,ביקור במרפאה,49
2026-07-30T18:24:45,31,עור,תל מונד,language,איטלקית,1
2026-07-30T18:24:45,31,עור,תל מונד,language,אנגלית,5
2026-07-30T18:24:45,31,עור,תל מונד,language,עברית,9
2026-07-30T18:24:45,31,עור,תל מונד,language,ערבית,1
2026-07-30T18:24:45,31,עור,תל מונד,language,צרפתית,2
2026-07-30T18:24:45,31,עור,תל מונד,language,רומנית,1
2026-07-30T18:24:45,31,עור,תל מונד,language,רוסית,6
2026-07-30T18:24:56,31,עור,תעשיון צריפין,gender,גבר,34
2026-07-30T18:24:56,31,עור,תעשיון צריפין,gender,אישה,9
2026-07-30T18:24:56,31,עור,תעשיון צריפין,visit_type,ביקור במרפאה,43
2026-07-30T18:24:56,31,עור,תעשיון צריפין,visit_type,שיחת טלפון,2
2026-07-30T18:24:56,31,עור,תעשיון צריפין,language,אנגלית,7
2026-07-30T18:24:56,31,עור,תעשיון צריפין,language,אפריקנס,1
2026-07-30T18:24:56,31,עור,תעשיון צריפין,language,הולנדית,1
2026-07-30T18:24:56,31,עור,תעשיון צריפין,language,עברית,12
2026-07-30T18:24:56,31,עור,תעשיון צריפין,language,רוסית,6
2026-07-30T18:25:04,31,עור,תראבין א צאנה שבט,gender,גבר,22
2026-07-30T18:25:04,31,עור,תראבין א צאנה שבט,gender,אישה,10
2026-07-30T18:25:04,31,עור,תראבין א צאנה שבט,visit_type,ביקור במרפאה,34
2026-07-30T18:25:04,31,עור,תראבין א צאנה שבט,language,אנגלית,4
2026-07-30T18:25:04,31,עור,תראבין א צאנה שבט,language,בולגרית,1
2026-07-30T18:25:04,31,עור,תראבין א צאנה שבט,language,עברית,6
2026-07-30T18:25:04,31,עור,תראבין א צאנה שבט,language,ערבית,1
2026-07-30T18:25:04,31,עור,תראבין א צאנה שבט,language,רוסית,2
2026-07-30T18:25:15,61,עיניים,אבו ג'ווייעד,gender,גבר,44
2026-07-30T18:25:15,61,עיניים,אבו ג'ווייעד,gender,אישה,6
2026-07-30T18:25:15,61,עיניים,אבו ג'ווייעד,visit_type,ביקור במרפאה,51
2026-07-30T18:25:15,61,עיניים,אבו ג'ווייעד,visit_type,שיחת טלפון,1
2026-07-30T18:25:15,61,עיניים,אבו ג'ווייעד,language,איטלקית,1
2026-07-30T18:25:15,61,עיניים,אבו ג'ווייעד,language,אנגלית,2
2026-07-30T18:25:15,61,עיניים,אבו ג'ווייעד,language,עברית,5
2026-07-30T18:25:15,61,עיניים,אבו ג'ווייעד,language,רוסית,5
2026-07-30T18:25:24,61,עיניים,אדורה,gender,אישה,13
2026-07-30T18:25:24,61,עיניים,אדורה,gender,גבר,17
2026-07-30T18:25:24,61,עיניים,אדורה,visit_type,ביקור במרפאה,30
2026-07-30T18:25:24,61,עיניים,אדורה,language,אנגלית,4
2026-07-30T18:25:24,61,עיניים,אדורה,language,עברית,6
2026-07-30T18:25:24,61,עיניים,אדורה,language,ערבית,6
2026-07-30T18:25:24,61,עיניים,אדורה,language,צרפתית,1
2026-07-30T18:25:24,61,עיניים,אדורה,language,רומנית,1
2026-07-30T18:25:29,61,עיניים,אולפני נווה אילן,gender,אישה,13
2026-07-30T18:25:29,61,עיניים,אולפני נווה אילן,gender,גבר,17
2026-07-30T18:25:29,61,עיניים,אולפני נווה אילן,visit_type,ביקור במרפאה,30
2026-07-30T18:25:29,61,עיניים,אולפני נווה אילן,language,אנגלית,4
2026-07-30T18:25:29,61,עיניים,אולפני נווה אילן,language,עברית,6
2026-07-30T18:25:29,61,עיניים,אולפני נווה אילן,language,ערבית,6
2026-07-30T18:25:29,61,עיניים,אולפני נווה אילן,language,צרפתית,1
2026-07-30T18:25:29,61,עיניים,אולפני נווה אילן,language,רומנית,1
2026-07-30T18:25:36,61,עיניים,אחווה,gender,גבר,14
2026-07-30T18:25:36,61,עיניים,אחווה,gender,אישה,16
2026-07-30T18:25:36,61,עיניים,אחווה,visit_type,ביקור במרפאה,36
2026-07-30T18:25:36,61,עיניים,אחווה,language,אנגלית,9
2026-07-30T18:25:36,61,עיניים,אחווה,language,הונגרית,1
2026-07-30T18:25:36,61,עיניים,אחווה,language,עברית,9
2026-07-30T18:25:36,61,עיניים,אחווה,language,ערבית,2
2026-07-30T18:25:36,61,עיניים,אחווה,language,רומנית,3
2026-07-30T18:25:36,61,עיניים,אחווה,language,רוסית,5
2026-07-30T18:25:41,61,עיניים,אידנא,gender,אישה,13
2026-07-30T18:25:41,61,עיניים,אידנא,gender,גבר,17
2026-07-30T18:25:41,61,עיניים,אידנא,visit_type,ביקור במרפאה,30
2026-07-30T18:25:41,61,עיניים,אידנא,language,אנגלית,4
2026-07-30T18:25:41,61,עיניים,אידנא,language,עברית,6
2026-07-30T18:25:41,61,עיניים,אידנא,language,ערבית,6
2026-07-30T18:25:41,61,עיניים,אידנא,language,צרפתית,1
2026-07-30T18:25:41,61,עיניים,אידנא,language,רומנית,1
2026-07-30T18:25:46,61,עיניים,אל בירה,gender,אישה,13
2026-07-30T18:25:46,61,עיניים,אל בירה,gender,גבר,17
2026-07-30T18:25:46,61,עיניים,אל בירה,visit_type,ביקור במרפאה,30
2026-07-30T18:25:46,61,עיניים,אל בירה,language,אנגלית,4
2026-07-30T18:25:46,61,עיניים,אל בירה,language,עברית,6
2026-07-30T18:25:46,61,עיניים,אל בירה,language,ערבית,6
2026-07-30T18:25:46,61,עיניים,אל בירה,language,צרפתית,1
2026-07-30T18:25:46,61,עיניים,אל בירה,language,רומנית,1
2026-07-30T18:25:53,61,עיניים,אמירים,gender,גבר,62
2026-07-30T18:25:53,61,עיניים,אמירים,gender,אישה,12
2026-07-30T18:25:53,61,עיניים,אמירים,visit_type,ביקור במרפאה,79
2026-07-30T18:25:53,61,עיניים,אמירים,language,אנגלית,19
2026-07-30T18:25:53,61,עיניים,אמירים,language,עברית,27
2026-07-30T18:25:53,61,עיניים,אמירים,language,ערבית,17
2026-07-30T18:25:53,61,עיניים,אמירים,language,רוסית,4
2026-07-30T18:26:06,61,עיניים,אפק,gender,גבר,55
2026-07-30T18:26:06,61,עיניים,אפק,gender,אישה,31
2026-07-30T18:26:06,61,עיניים,אפק,visit_type,ביקור במרפאה,91
2026-07-30T18:26:06,61,עיניים,אפק,visit_type,שיחת טלפון,1
2026-07-30T18:26:06,61,עיניים,אפק,language,אוקראינית,1
2026-07-30T18:26:06,61,עיניים,אפק,language,אידיש,3
2026-07-30T18:26:06,61,עיניים,אפק,language,איטלקית,2
2026-07-30T18:26:06,61,עיניים,אפק,language,אנגלית,57
2026-07-30T18:26:06,61,עיניים,אפק,language,בולגרית,4
2026-07-30T18:26:06,61,עיניים,אפק,language,גרמנית,2
2026-07-30T18:26:06,61,עיניים,אפק,language,הונגרית,1
2026-07-30T18:26:06,61,עיניים,אפק,language,ספרדית,1
2026-07-30T18:26:06,61,עיניים,אפק,language,עברית,84
2026-07-30T18:26:06,61,עיניים,אפק,language,ערבית,41
2026-07-30T18:26:06,61,עיניים,אפק,language,פולנית,1
2026-07-30T18:26:06,61,עיניים,אפק,language,פרסית,1
2026-07-30T18:26:06,61,עיניים,אפק,language,צרפתית,2
2026-07-30T18:26:06,61,עיניים,אפק,language,רומנית,12
2026-07-30T18:26:06,61,עיניים,אפק,language,רוסית,22
2026-07-30T18:26:21,61,עיניים,אשדוד,gender,גבר,14
2026-07-30T18:26:21,61,עיניים,אשדוד,gender,אישה,16
2026-07-30T18:26:21,61,עיניים,אשדוד,visit_type,ביקור במרפאה,36
2026-07-30T18:26:21,61,עיניים,אשדוד,language,אנגלית,9
2026-07-30T18:26:21,61,עיניים,אשדוד,language,הונגרית,1
2026-07-30T18:26:21,61,עיניים,אשדוד,language,עברית,9
2026-07-30T18:26:21,61,עיניים,אשדוד,language,ערבית,2
2026-07-30T18:26:21,61,עיניים,אשדוד,language,רומנית,3
2026-07-30T18:26:21,61,עיניים,אשדוד,language,רוסית,5
2026-07-30T18:26:29,61,עיניים,באקה אל ע'רביה,gender,גבר,78
2026-07-30T18:26:29,61,עיניים,באקה אל ע'רביה,gender,אישה,23
2026-07-30T18:26:29,61,עיניים,באקה אל ע'רביה,visit_type,ביקור במרפאה,105
2026-07-30T18:26:29,61,עיניים,באקה אל ע'רביה,visit_type,שיחת טלפון,1
2026-07-30T18:26:29,61,עיניים,באקה אל ע'רביה,language,אידיש,2
2026-07-30T18:26:29,61,עיניים,באקה אל ע'רביה,language,איטלקית,2
2026-07-30T18:26:29,61,עיניים,באקה אל ע'רביה,language,אנגלית,21
2026-07-30T18:26:29,61,עיניים,באקה אל ע'רביה,language,גרמנית,1
2026-07-30T18:26:29,61,עיניים,באקה אל ע'רביה,language,ספרדית,3
2026-07-30T18:26:29,61,עיניים,באקה אל ע'רביה,language,עברית,29
2026-07-30T18:26:29,61,עיניים,באקה אל ע'רביה,language,ערבית,10
2026-07-30T18:26:29,61,עיניים,באקה אל ע'רביה,language,פולנית,1
2026-07-30T18:26:29,61,עיניים,באקה אל ע'רביה,language,פרסית,1
2026-07-30T18:26:29,61,עיניים,באקה אל ע'רביה,language,צרפתית,2
2026-07-30T18:26:29,61,עיניים,באקה אל ע'רביה,language,רומנית,1
2026-07-30T18:26:29,61,עיניים,באקה אל ע'רביה,language,רוסית,4
2026-07-30T18:26:46,61,עיניים,בועיינה נוג'יידאת,gender,גבר,62
2026-07-30T18:26:46,61,עיניים,בועיינה נוג'יידאת,gender,אישה,12
2026-07-30T18:26:46,61,עיניים,בועיינה נוג'יידאת,visit_type,ביקור במרפאה,79
2026-07-30T18:26:46,61,עיניים,בועיינה נוג'יידאת,language,אנגלית,19
2026-07-30T18:26:46,61,עיניים,בועיינה נוג'יידאת,language,עברית,27
2026-07-30T18:26:46,61,עיניים,בועיינה נוג'יידאת,language,ערבית,17
2026-07-30T18:26:46,61,עיניים,בועיינה נוג'יידאת,language,רוסית,4
2026-07-30T18:27:00,61,עיניים,בטחה,gender,גבר,56
2026-07-30T18:27:00,61,עיניים,בטחה,gender,אישה,13
2026-07-30T18:27:00,61,עיניים,בטחה,visit_type,ביקור במרפאה,71
2026-07-30T18:27:00,61,עיניים,בטחה,visit_type,שיחת טלפון,1
2026-07-30T18:27:00,61,עיניים,בטחה,language,איטלקית,2
2026-07-30T18:27:00,61,עיניים,בטחה,language,אנגלית,3
2026-07-30T18:27:00,61,עיניים,בטחה,language,ספרדית,1
2026-07-30T18:27:00,61,עיניים,בטחה,language,עברית,6
2026-07-30T18:27:00,61,עיניים,בטחה,language,צרפתית,1
2026-07-30T18:27:00,61,עיניים,בטחה,language,רומנית,1
2026-07-30T18:27:00,61,עיניים,בטחה,language,רוסית,5
2026-07-30T18:27:13,61,עיניים,ביר זית,gender,אישה,13
2026-07-30T18:27:13,61,עיניים,ביר זית,gender,גבר,17
2026-07-30T18:27:13,61,עיניים,ביר זית,visit_type,ביקור במרפאה,30
2026-07-30T18:27:13,61,עיניים,ביר זית,language,אנגלית,4
2026-07-30T18:27:13,61,עיניים,ביר זית,language,עברית,6
2026-07-30T18:27:13,61,עיניים,ביר זית,language,ערבית,6
2026-07-30T18:27:13,61,עיניים,ביר זית,language,צרפתית,1
2026-07-30T18:27:13,61,עיניים,ביר זית,language,רומנית,1
2026-07-30T18:27:22,61,עיניים,בני נצרים,gender,אישה,13
2026-07-30T18:27:22,61,עיניים,בני נצרים,gender,גבר,36
2026-07-30T18:27:22,61,עיניים,בני נצרים,visit_type,ביקור במרפאה,51
2026-07-30T18:27:22,61,עיניים,בני נצרים,visit_type,שיחת טלפון,1
2026-07-30T18:27:22,61,עיניים,בני נצרים,language,איטלקית,2
2026-07-30T18:27:22,61,עיניים,בני נצרים,language,אנגלית,3
2026-07-30T18:27:22,61,עיניים,בני נצרים,language,ספרדית,1
2026-07-30T18:27:22,61,עיניים,בני נצרים,language,עברית,5
2026-07-30T18:27:22,61,עיניים,בני נצרים,language,צרפתית,1
2026-07-30T18:27:22,61,עיניים,בני נצרים,language,רומנית,1
2026-07-30T18:27:22,61,עיניים,בני נצרים,language,רוסית,4
2026-07-30T18:27:32,61,עיניים,בר גיורא,gender,אישה,13
2026-07-30T18:27:32,61,עיניים,בר גיורא,gender,גבר,17
2026-07-30T18:27:32,61,עיניים,בר גיורא,visit_type,ביקור במרפאה,30
2026-07-30T18:27:32,61,עיניים,בר גיורא,language,אנגלית,4
2026-07-30T18:27:32,61,עיניים,בר גיורא,language,עברית,6
2026-07-30T18:27:32,61,עיניים,בר גיורא,language,ערבית,6
2026-07-30T18:27:32,61,עיניים,בר גיורא,language,צרפתית,1
2026-07-30T18:27:32,61,עיניים,בר גיורא,language,רומנית,1
2026-07-30T18:27:41,61,עיניים,בת הדר,gender,אישה,13
2026-07-30T18:27:41,61,עיניים,בת הדר,gender,גבר,36
2026-07-30T18:27:41,61,עיניים,בת הדר,visit_type,ביקור במרפאה,51
2026-07-30T18:27:41,61,עיניים,בת הדר,visit_type,שיחת טלפון,1
2026-07-30T18:27:41,61,עיניים,בת הדר,language,איטלקית,2
2026-07-30T18:27:41,61,עיניים,בת הדר,language,אנגלית,3
2026-07-30T18:27:41,61,עיניים,בת הדר,language,ספרדית,1
2026-07-30T18:27:41,61,עיניים,בת הדר,language,עברית,5
2026-07-30T18:27:41,61,עיניים,בת הדר,language,צרפתית,1
2026-07-30T18:27:41,61,עיניים,בת הדר,language,רומנית,1
2026-07-30T18:27:41,61,עיניים,בת הדר,language,רוסית,4
2026-07-30T18:27:52,61,עיניים,ג'בע,gender,גבר,54
2026-07-30T18:27:52,61,עיניים,ג'בע,gender,אישה,14
2026-07-30T18:27:52,61,עיניים,ג'בע,visit_type,ביקור במרפאה,70
2026-07-30T18:27:52,61,עיניים,ג'בע,visit_type,שיחת טלפון,1
2026-07-30T18:27:52,61,עיניים,ג'בע,language,אידיש,2
2026-07-30T18:27:52,61,עיניים,ג'בע,language,איטלקית,1
2026-07-30T18:27:52,61,עיניים,ג'בע,language,אנגלית,10
2026-07-30T18:27:52,61,עיניים,ג'בע,language,ספרדית,3
2026-07-30T18:27:52,61,עיניים,ג'בע,language,עברית,13
2026-07-30T18:27:52,61,עיניים,ג'בע,language,ערבית,2
2026-07-30T18:27:52,61,עיניים,ג'בע,language,צרפתית,2
2026-07-30T18:27:52,61,עיניים,ג'בע,language,רוסית,1
2026-07-30T18:28:04,61,עיניים,גבעון החדשה,gender,אישה,13
2026-07-30T18:28:04,61,עיניים,גבעון החדשה,gender,גבר,17
2026-07-30T18:28:04,61,עיניים,גבעון החדשה,visit_type,ביקור במרפאה,30
2026-07-30T18:28:04,61,עיניים,גבעון החדשה,language,אנגלית,4
2026-07-30T18:28:04,61,עיניים,גבעון החדשה,language,עברית,6
2026-07-30T18:28:04,61,עיניים,גבעון החדשה,language,ערבית,6
2026-07-30T18:28:04,61,עיניים,גבעון החדשה,language,צרפתית,1
2026-07-30T18:28:04,61,עיניים,גבעון החדשה,language,רומנית,1
2026-07-30T18:28:11,61,עיניים,גורנות הגליל,gender,גבר,47
2026-07-30T18:28:11,61,עיניים,גורנות הגליל,gender,אישה,6
2026-07-30T18:28:11,61,עיניים,גורנות הגליל,visit_type,ביקור במרפאה,54
2026-07-30T18:28:11,61,עיניים,גורנות הגליל,visit_type,שיחת טלפון,1
2026-07-30T18:28:11,61,עיניים,גורנות הגליל,language,אנגלית,37
2026-07-30T18:28:11,61,עיניים,גורנות הגליל,language,בולגרית,7
2026-07-30T18:28:11,61,עיניים,גורנות הגליל,language,גרמנית,1
2026-07-30T18:28:11,61,עיניים,גורנות הגליל,language,עברית,52
2026-07-30T18:28:11,61,עיניים,גורנות הגליל,language,ערבית,41
2026-07-30T18:28:11,61,עיניים,גורנות הגליל,language,רומנית,14
2026-07-30T18:28:11,61,עיניים,גורנות הגליל,language,רוסית,8
2026-07-30T18:28:19,61,עיניים,גינתון,gender,גבר,22
2026-07-30T18:28:19,61,עיניים,גינתון,gender,אישה,15
2026-07-30T18:28:19,61,עיניים,גינתון,visit_type,ביקור במרפאה,41
2026-07-30T18:28:19,61,עיניים,גינתון,language,אנגלית,6
2026-07-30T18:28:19,61,עיניים,גינתון,language,הונגרית,1
2026-07-30T18:28:19,61,עיניים,גינתון,language,עברית,6
2026-07-30T18:28:19,61,עיניים,גינתון,language,ערבית,1
2026-07-30T18:28:19,61,עיניים,גינתון,language,צרפתית,1
2026-07-30T18:28:19,61,עיניים,גינתון,language,רומנית,1
2026-07-30T18:28:19,61,עיניים,גינתון,language,רוסית,1
2026-07-30T18:28:26,61,עיניים,גני הדר,gender,גבר,28
2026-07-30T18:28:26,61,עיניים,גני הדר,gender,אישה,19
2026-07-30T18:28:26,61,עיניים,גני הדר,visit_type,ביקור במרפאה,54
2026-07-30T18:28:26,61,עיניים,גני הדר,language,אנגלית,12
2026-07-30T18:28:26,61,עיניים,גני הדר,language,הונגרית,1
2026-07-30T18:28:26,61,עיניים,גני הדר,language,עברית,12
2026-07-30T18:28:26,61,עיניים,גני הדר,language,ערבית,2
2026-07-30T18:28:26,61,עיניים,גני הדר,language,צרפתית,1
2026-07-30T18:28:26,61,עיניים,גני הדר,language,רומנית,3
2026-07-30T18:28:26,61,עיניים,גני הדר,language,רוסית,5
2026-07-30T18:28:36,61,עיניים,גשור,gender,גבר,62
2026-07-30T18:28:36,61,עיניים,גשור,gender,אישה,12
2026-07-30T18:28:36,61,עיניים,גשור,visit_type,ביקור במרפאה,79
2026-07-30T18:28:36,61,עיניים,גשור,language,אנגלית,19
2026-07-30T18:28:36,61,עיניים,גשור,language,עברית,27
2026-07-30T18:28:36,61,עיניים,גשור,language,ערבית,17
2026-07-30T18:28:36,61,עיניים,גשור,language,רוסית,4
2026-07-30T18:28:49,61,עיניים,דגניה א',gender,גבר,62
2026-07-30T18:28:49,61,עיניים,דגניה א',gender,אישה,12
2026-07-30T18:28:49,61,עיניים,דגניה א',visit_type,ביקור במרפאה,79
2026-07-30T18:28:49,61,עיניים,דגניה א',language,אנגלית,19
2026-07-30T18:28:49,61,עיניים,דגניה א',language,עברית,27
2026-07-30T18:28:49,61,עיניים,דגניה א',language,ערבית,17
2026-07-30T18:28:49,61,עיניים,דגניה א',language,רוסית,4
2026-07-30T18:29:00,61,עיניים,דורא אל קריע,gender,אישה,13
2026-07-30T18:29:00,61,עיניים,דורא אל קריע,gender,גבר,17
2026-07-30T18:29:00,61,עיניים,דורא אל קריע,visit_type,ביקור במרפאה,30
2026-07-30T18:29:00,61,עיניים,דורא אל קריע,language,אנגלית,4
2026-07-30T18:29:00,61,עיניים,דורא אל קריע,language,עברית,6
2026-07-30T18:29:00,61,עיניים,דורא אל קריע,language,ערבית,6
2026-07-30T18:29:00,61,עיניים,דורא אל קריע,language,צרפתית,1
2026-07-30T18:29:00,61,עיניים,דורא אל קריע,language,רומנית,1
2026-07-30T18:29:05,61,עיניים,דיר איבזיע,gender,אישה,13
2026-07-30T18:29:05,61,עיניים,דיר איבזיע,gender,גבר,17
2026-07-30T18:29:05,61,עיניים,דיר איבזיע,visit_type,ביקור במרפאה,30
2026-07-30T18:29:05,61,עיניים,דיר איבזיע,language,אנגלית,4
2026-07-30T18:29:05,61,עיניים,דיר איבזיע,language,עברית,6
2026-07-30T18:29:05,61,עיניים,דיר איבזיע,language,ערבית,6
2026-07-30T18:29:05,61,עיניים,דיר איבזיע,language,צרפתית,1
2026-07-30T18:29:05,61,עיניים,דיר איבזיע,language,רומנית,1
2026-07-30T18:29:12,61,עיניים,האון,gender,גבר,62
2026-07-30T18:29:12,61,עיניים,האון,gender,אישה,12
2026-07-30T18:29:12,61,עיניים,האון,visit_type,ביקור במרפאה,79
2026-07-30T18:29:12,61,עיניים,האון,language,אנגלית,19
2026-07-30T18:29:12,61,עיניים,האון,language,עברית,27
2026-07-30T18:29:12,61,עיניים,האון,language,ערבית,17
2026-07-30T18:29:12,61,עיניים,האון,language,רוסית,4
2026-07-30T18:29:24,61,עיניים,הושעיה,gender,גבר,62
2026-07-30T18:29:24,61,עיניים,הושעיה,gender,אישה,12
2026-07-30T18:29:24,61,עיניים,הושעיה,visit_type,ביקור במרפאה,79
2026-07-30T18:29:24,61,עיניים,הושעיה,language,אנגלית,19
2026-07-30T18:29:24,61,עיניים,הושעיה,language,עברית,27
2026-07-30T18:29:24,61,עיניים,הושעיה,language,ערבית,17
2026-07-30T18:29:24,61,עיניים,הושעיה,language,רוסית,4
2026-07-30T18:29:36,61,עיניים,הר אדר,gender,אישה,13
2026-07-30T18:29:36,61,עיניים,הר אדר,gender,גבר,17
2026-07-30T18:29:36,61,עיניים,הר אדר,visit_type,ביקור במרפאה,30
2026-07-30T18:29:36,61,עיניים,הר אדר,language,אנגלית,4
2026-07-30T18:29:36,61,עיניים,הר אדר,language,עברית,6
2026-07-30T18:29:36,61,עיניים,הר אדר,language,ערבית,6
2026-07-30T18:29:36,61,עיניים,הר אדר,language,צרפתית,1
2026-07-30T18:29:36,61,עיניים,הר אדר,language,רומנית,1
2026-07-30T18:29:42,61,עיניים,זאוויה,gender,גבר,38
2026-07-30T18:29:42,61,עיניים,זאוויה,gender,אישה,15
2026-07-30T18:29:42,61,עיניים,זאוויה,visit_type,ביקור במרפאה,58
2026-07-30T18:29:42,61,עיניים,זאוויה,language,אידיש,1
2026-07-30T18:29:42,61,עיניים,זאוויה,language,איטלקית,1
2026-07-30T18:29:42,61,עיניים,זאוויה,language,אנגלית,26
2026-07-30T18:29:42,61,עיניים,זאוויה,language,גרוזינית,2
2026-07-30T18:29:42,61,עיניים,זאוויה,language,ספרדית,1
2026-07-30T18:29:42,61,עיניים,זאוויה,language,עברית,53
2026-07-30T18:29:42,61,עיניים,זאוויה,language,ערבית,5
2026-07-30T18:29:42,61,עיניים,זאוויה,language,פולנית,1
2026-07-30T18:29:42,61,עיניים,זאוויה,language,צרפתית,1
2026-07-30T18:29:42,61,עיניים,זאוויה,language,רומנית,2
2026-07-30T18:29:42,61,עיניים,זאוויה,language,רוסית,13
2026-07-30T18:29:53,61,עיניים,זיתא,gender,גבר,54
2026-07-30T18:29:53,61,עיניים,זיתא,gender,אישה,14
2026-07-30T18:29:53,61,עיניים,זיתא,visit_type,ביקור במרפאה,70
2026-07-30T18:29:53,61,עיניים,זיתא,visit_type,שיחת טלפון,1
2026-07-30T18:29:53,61,עיניים,זיתא,language,אידיש,2
2026-07-30T18:29:53,61,עיניים,זיתא,language,איטלקית,1
2026-07-30T18:29:53,61,עיניים,זיתא,language,אנגלית,10
2026-07-30T18:29:53,61,עיניים,זיתא,language,ספרדית,3
2026-07-30T18:29:53,61,עיניים,זיתא,language,עברית,13
2026-07-30T18:29:53,61,עיניים,זיתא,language,ערבית,2
2026-07-30T18:29:53,61,עיניים,זיתא,language,צרפתית,2
2026-07-30T18:29:53,61,עיניים,זיתא,language,רוסית,1
2026-07-30T18:30:06,61,עיניים,זרזיר,gender,גבר,104
2026-07-30T18:30:06,61,עיניים,זרזיר,gender,אישה,16
2026-07-30T18:30:06,61,עיניים,זרזיר,visit_type,ביקור במרפאה,125
2026-07-30T18:30:06,61,עיניים,זרזיר,visit_type,שיחת טלפון,1
2026-07-30T18:30:06,61,עיניים,זרזיר,language,אידיש,1
2026-07-30T18:30:06,61,עיניים,זרזיר,language,איטלקית,1
2026-07-30T18:30:06,61,עיניים,זרזיר,language,אנגלית,31
2026-07-30T18:30:06,61,עיניים,זרזיר,language,גרמנית,1
2026-07-30T18:30:06,61,עיניים,זרזיר,language,ספרדית,1
2026-07-30T18:30:06,61,עיניים,זרזיר,language,עברית,44
2026-07-30T18:30:06,61,עיניים,זרזיר,language,ערבית,25
2026-07-30T18:30:06,61,עיניים,זרזיר,language,פולנית,1
2026-07-30T18:30:06,61,עיניים,זרזיר,language,פרסית,1
2026-07-30T18:30:06,61,עיניים,זרזיר,language,צרפתית,1
2026-07-30T18:30:06,61,עיניים,זרזיר,language,רומנית,1
2026-07-30T18:30:06,61,עיניים,זרזיר,language,רוסית,5
2026-07-30T18:30:26,61,עיניים,חגור,gender,גבר,46
2026-07-30T18:30:26,61,עיניים,חגור,gender,אישה,23
2026-07-30T18:30:26,61,עיניים,חגור,visit_type,ביקור במרפאה,75
2026-07-30T18:30:26,61,עיניים,חגור,language,אידיש,2
2026-07-30T18:30:26,61,עיניים,חגור,language,איטלקית,2
2026-07-30T18:30:26,61,עיניים,חגור,language,אנגלית,30
2026-07-30T18:30:26,61,עיניים,חגור,language,גרוזינית,2
2026-07-30T18:30:26,61,עיניים,חגור,language,ספרדית,3
2026-07-30T18:30:26,61,עיניים,חגור,language,עברית,57
2026-07-30T18:30:26,61,עיניים,חגור,language,ערבית,5
2026-07-30T18:30:26,61,עיניים,חגור,language,פולנית,1
2026-07-30T18:30:26,61,עיניים,חגור,language,צרפתית,2
2026-07-30T18:30:26,61,עיניים,חגור,language,רומנית,2
2026-07-30T18:30:26,61,עיניים,חגור,language,רוסית,13
2026-07-30T18:30:39,61,עיניים,חולתה,gender,גבר,62
2026-07-30T18:30:39,61,עיניים,חולתה,gender,אישה,12
2026-07-30T18:30:39,61,עיניים,חולתה,visit_type,ביקור במרפאה,79
2026-07-30T18:30:39,61,עיניים,חולתה,language,אנגלית,19
2026-07-30T18:30:39,61,עיניים,חולתה,language,עברית,27
2026-07-30T18:30:39,61,עיניים,חולתה,language,ערבית,17
2026-07-30T18:30:39,61,עיניים,חולתה,language,רוסית,4
2026-07-30T18:30:51,61,עיניים,חיפה,gender,גבר,32
2026-07-30T18:30:51,61,עיניים,חיפה,gender,אישה,27
2026-07-30T18:30:51,61,עיניים,חיפה,visit_type,ביקור במרפאה,63
2026-07-30T18:30:51,61,עיניים,חיפה,visit_type,שיחת טלפון,1
2026-07-30T18:30:51,61,עיניים,חיפה,language,אוקראינית,1
2026-07-30T18:30:51,61,עיניים,חיפה,language,אידיש,3
2026-07-30T18:30:51,61,עיניים,חיפה,language,איטלקית,2
2026-07-30T18:30:51,61,עיניים,חיפה,language,אנגלית,40
2026-07-30T18:30:51,61,עיניים,חיפה,language,בולגרית,1
2026-07-30T18:30:51,61,עיניים,חיפה,language,גרמנית,2
2026-07-30T18:30:51,61,עיניים,חיפה,language,הונגרית,1
2026-07-30T18:30:51,61,עיניים,חיפה,language,ספרדית,1
2026-07-30T18:30:51,61,עיניים,חיפה,language,עברית,58
2026-07-30T18:30:51,61,עיניים,חיפה,language,ערבית,20
2026-07-30T18:30:51,61,עיניים,חיפה,language,פולנית,1
2026-07-30T18:30:51,61,עיניים,חיפה,language,פרסית,1
2026-07-30T18:30:51,61,עיניים,חיפה,language,צרפתית,2
2026-07-30T18:30:51,61,עיניים,חיפה,language,רומנית,1
2026-07-30T18:30:51,61,עיניים,חיפה,language,רוסית,19
2026-07-30T18:31:03,61,עיניים,חניתה,gender,גבר,47
2026-07-30T18:31:03,61,עיניים,חניתה,gender,אישה,6
2026-07-30T18:31:03,61,עיניים,חניתה,visit_type,ביקור במרפאה,54
2026-07-30T18:31:03,61,עיניים,חניתה,visit_type,שיחת טלפון,1
2026-07-30T18:31:03,61,עיניים,חניתה,language,אנגלית,37
2026-07-30T18:31:03,61,עיניים,חניתה,language,בולגרית,7
2026-07-30T18:31:03,61,עיניים,חניתה,language,גרמנית,1
2026-07-30T18:31:03,61,עיניים,חניתה,language,עברית,52
2026-07-30T18:31:03,61,עיניים,חניתה,language,ערבית,41
2026-07-30T18:31:03,61,עיניים,חניתה,language,רומנית,14
2026-07-30T18:31:03,61,עיניים,חניתה,language,רוסית,8
2026-07-30T18:31:12,61,עיניים,חרב לאת,gender,גבר,78
2026-07-30T18:31:12,61,עיניים,חרב לאת,gender,אישה,23
2026-07-30T18:31:12,61,עיניים,חרב לאת,visit_type,ביקור במרפאה,105
2026-07-30T18:31:12,61,עיניים,חרב לאת,visit_type,שיחת טלפון,1
2026-07-30T18:31:12,61,עיניים,חרב לאת,language,אידיש,2
2026-07-30T18:31:12,61,עיניים,חרב לאת,language,איטלקית,2
2026-07-30T18:31:12,61,עיניים,חרב לאת,language,אנגלית,21
2026-07-30T18:31:12,61,עיניים,חרב לאת,language,גרמנית,1
2026-07-30T18:31:12,61,עיניים,חרב לאת,language,ספרדית,3
2026-07-30T18:31:12,61,עיניים,חרב לאת,language,עברית,29
2026-07-30T18:31:12,61,עיניים,חרב לאת,language,ערבית,10
2026-07-30T18:31:12,61,עיניים,חרב לאת,language,פולנית,1
2026-07-30T18:31:12,61,עיניים,חרב לאת,language,פרסית,1
2026-07-30T18:31:12,61,עיניים,חרב לאת,language,צרפתית,2
2026-07-30T18:31:12,61,עיניים,חרב לאת,language,רומנית,1
2026-07-30T18:31:12,61,עיניים,חרב לאת,language,רוסית,4
2026-07-30T18:31:29,61,עיניים,טול כרם,gender,גבר,54
2026-07-30T18:31:29,61,עיניים,טול כרם,gender,אישה,14
2026-07-30T18:31:29,61,עיניים,טול כרם,visit_type,ביקור במרפאה,70
2026-07-30T18:31:29,61,עיניים,טול כרם,visit_type,שיחת טלפון,1
2026-07-30T18:31:29,61,עיניים,טול כרם,language,אידיש,2
2026-07-30T18:31:29,61,עיניים,טול כרם,language,איטלקית,1
2026-07-30T18:31:29,61,עיניים,טול כרם,language,אנגלית,10
2026-07-30T18:31:29,61,עיניים,טול כרם,language,ספרדית,3
2026-07-30T18:31:29,61,עיניים,טול כרם,language,עברית,13
2026-07-30T18:31:29,61,עיניים,טול כרם,language,ערבית,2
2026-07-30T18:31:29,61,עיניים,טול כרם,language,צרפתית,2
2026-07-30T18:31:29,61,עיניים,טול כרם,language,רוסית,1
2026-07-30T18:31:42,61,עיניים,טל אל,gender,גבר,79
2026-07-30T18:31:42,61,עיניים,טל אל,gender,אישה,33
2026-07-30T18:31:42,61,עיניים,טל אל,visit_type,ביקור במרפאה,117
2026-07-30T18:31:42,61,עיניים,טל אל,visit_type,שיחת טלפון,2
2026-07-30T18:31:42,61,עיניים,טל אל,language,אוקראינית,1
2026-07-30T18:31:42,61,עיניים,טל אל,language,אידיש,3
2026-07-30T18:31:42,61,עיניים,טל אל,language,איטלקית,2
2026-07-30T18:31:42,61,עיניים,טל אל,language,אנגלית,77
2026-07-30T18:31:42,61,עיניים,טל אל,language,בולגרית,8
2026-07-30T18:31:42,61,עיניים,טל אל,language,גרמנית,3
2026-07-30T18:31:42,61,עיניים,טל אל,language,הונגרית,1
2026-07-30T18:31:42,61,עיניים,טל אל,language,ספרדית,1
2026-07-30T18:31:42,61,עיניים,טל אל,language,עברית,110
2026-07-30T18:31:42,61,עיניים,טל אל,language,ערבית,61
2026-07-30T18:31:42,61,עיניים,טל אל,language,פולנית,1
2026-07-30T18:31:42,61,עיניים,טל אל,language,פרסית,1
2026-07-30T18:31:42,61,עיניים,טל אל,language,צרפתית,2
2026-07-30T18:31:42,61,עיניים,טל אל,language,רומנית,15
2026-07-30T18:31:42,61,עיניים,טל אל,language,רוסית,27
2026-07-30T18:32:01,61,עיניים,יאמון,gender,גבר,54
2026-07-30T18:32:01,61,עיניים,יאמון,gender,אישה,14
2026-07-30T18:32:01,61,עיניים,יאמון,visit_type,ביקור במרפאה,70
2026-07-30T18:32:01,61,עיניים,יאמון,visit_type,שיחת טלפון,1
2026-07-30T18:32:01,61,עיניים,יאמון,language,אידיש,2
2026-07-30T18:32:01,61,עיניים,יאמון,language,איטלקית,1
2026-07-30T18:32:01,61,עיניים,יאמון,language,אנגלית,10
2026-07-30T18:32:01,61,עיניים,יאמון,language,ספרדית,3
2026-07-30T18:32:01,61,עיניים,יאמון,language,עברית,13
2026-07-30T18:32:01,61,עיניים,יאמון,language,ערבית,2
2026-07-30T18:32:01,61,עיניים,יאמון,language,צרפתית,2
2026-07-30T18:32:01,61,עיניים,יאמון,language,רוסית,1
2026-07-30T18:32:15,61,עיניים,יגור,gender,גבר,78
2026-07-30T18:32:15,61,עיניים,יגור,gender,אישה,38
2026-07-30T18:32:15,61,עיניים,יגור,visit_type,ביקור במרפאה,122
2026-07-30T18:32:15,61,עיניים,יגור,visit_type,שיחת טלפון,2
2026-07-30T18:32:15,61,עיניים,יגור,language,אוקראינית,1
2026-07-30T18:32:15,61,עיניים,יגור,language,אידיש,4
2026-07-30T18:32:15,61,עיניים,יגור,language,איטלקית,2
2026-07-30T18:32:15,61,עיניים,יגור,language,אנגלית,47
2026-07-30T18:32:15,61,עיניים,יגור,language,בולגרית,1
2026-07-30T18:32:15,61,עיניים,יגור,language,גרמנית,2
2026-07-30T18:32:15,61,עיניים,יגור,language,הונגרית,1
2026-07-30T18:32:15,61,עיניים,יגור,language,ספרדית,2
2026-07-30T18:32:15,61,עיניים,יגור,language,עברית,69
2026-07-30T18:32:15,61,עיניים,יגור,language,ערבית,24
2026-07-30T18:32:15,61,עיניים,יגור,language,פולנית,1
2026-07-30T18:32:15,61,עיניים,יגור,language,פרסית,1
2026-07-30T18:32:15,61,עיניים,יגור,language,צרפתית,3
2026-07-30T18:32:15,61,עיניים,יגור,language,רומנית,1
2026-07-30T18:32:15,61,עיניים,יגור,language,רוסית,21
2026-07-30T18:32:34,61,עיניים,יהל,gender,גבר,3
2026-07-30T18:32:34,61,עיניים,יהל,visit_type,ביקור במרפאה,4
2026-07-30T18:32:34,61,עיניים,יהל,language,איטלקית,1
2026-07-30T18:32:34,61,עיניים,יהל,language,אנגלית,1
2026-07-30T18:32:34,61,עיניים,יהל,language,ספרדית,1
2026-07-30T18:32:34,61,עיניים,יהל,language,עברית,2
2026-07-30T18:32:34,61,עיניים,יהל,language,רוסית,2
2026-07-30T18:32:35,61,עיניים,ייט''ב,gender,אישה,13
2026-07-30T18:32:35,61,עיניים,ייט''ב,gender,גבר,17
2026-07-30T18:32:35,61,עיניים,ייט''ב,visit_type,ביקור במרפאה,30
2026-07-30T18:32:35,61,עיניים,ייט''ב,language,אנגלית,4
2026-07-30T18:32:35,61,עיניים,ייט''ב,language,עברית,6
2026-07-30T18:32:35,61,עיניים,ייט''ב,language,ערבית,6
2026-07-30T18:32:35,61,עיניים,ייט''ב,language,צרפתית,1
2026-07-30T18:32:35,61,עיניים,ייט''ב,language,רומנית,1
2026-07-30T18:32:41,61,עיניים,יעף,gender,גבר,54
2026-07-30T18:32:41,61,עיניים,יעף,gender,אישה,14
2026-07-30T18:32:41,61,עיניים,יעף,visit_type,ביקור במרפאה,70
2026-07-30T18:32:41,61,עיניים,יעף,visit_type,שיחת טלפון,1
2026-07-30T18:32:41,61,עיניים,יעף,language,אידיש,2
2026-07-30T18:32:41,61,עיניים,יעף,language,איטלקית,1
2026-07-30T18:32:41,61,עיניים,יעף,language,אנגלית,10
2026-07-30T18:32:41,61,עיניים,יעף,language,ספרדית,3
2026-07-30T18:32:41,61,עיניים,יעף,language,עברית,13
2026-07-30T18:32:41,61,עיניים,יעף,language,ערבית,2
2026-07-30T18:32:41,61,עיניים,יעף,language,צרפתית,2
2026-07-30T18:32:41,61,עיניים,יעף,language,רוסית,1
2026-07-30T18:32:55,61,עיניים,יקנעם,gender,גבר,78
2026-07-30T18:32:55,61,עיניים,יקנעם,gender,אישה,38
2026-07-30T18:32:55,61,עיניים,יקנעם,visit_type,ביקור במרפאה,122
2026-07-30T18:32:55,61,עיניים,יקנעם,visit_type,שיחת טלפון,2
2026-07-30T18:32:55,61,עיניים,יקנעם,language,אוקראינית,1
2026-07-30T18:32:55,61,עיניים,יקנעם,language,אידיש,4
2026-07-30T18:32:55,61,עיניים,יקנעם,language,איטלקית,2
2026-07-30T18:32:55,61,עיניים,יקנעם,language,אנגלית,47
2026-07-30T18:32:55,61,עיניים,יקנעם,language,בולגרית,1
2026-07-30T18:32:55,61,עיניים,יקנעם,language,גרמנית,2
2026-07-30T18:32:55,61,עיניים,יקנעם,language,הונגרית,1
2026-07-30T18:32:55,61,עיניים,יקנעם,language,ספרדית,2
2026-07-30T18:32:55,61,עיניים,יקנעם,language,עברית,69
2026-07-30T18:32:55,61,עיניים,יקנעם,language,ערבית,24
2026-07-30T18:32:55,61,עיניים,יקנעם,language,פולנית,1
2026-07-30T18:32:55,61,עיניים,יקנעם,language,פרסית,1
2026-07-30T18:32:55,61,עיניים,יקנעם,language,צרפתית,3
2026-07-30T18:32:55,61,עיניים,יקנעם,language,רומנית,1
2026-07-30T18:32:55,61,עיניים,יקנעם,language,רוסית,21
2026-07-30T18:33:15,61,עיניים,ישע,gender,אישה,13
2026-07-30T18:33:15,61,עיניים,ישע,gender,גבר,36
2026-07-30T18:33:15,61,עיניים,ישע,visit_type,ביקור במרפאה,51
2026-07-30T18:33:15,61,עיניים,ישע,visit_type,שיחת טלפון,1
2026-07-30T18:33:15,61,עיניים,ישע,language,איטלקית,2
2026-07-30T18:33:15,61,עיניים,ישע,language,אנגלית,3
2026-07-30T18:33:15,61,עיניים,ישע,language,ספרדית,1
2026-07-30T18:33:15,61,עיניים,ישע,language,עברית,5
2026-07-30T18:33:15,61,עיניים,ישע,language,צרפתית,1
2026-07-30T18:33:15,61,עיניים,ישע,language,רומנית,1
2026-07-30T18:33:15,61,עיניים,ישע,language,רוסית,4
2026-07-30T18:33:25,61,עיניים,כובר,gender,אישה,13
2026-07-30T18:33:25,61,עיניים,כובר,gender,גבר,17
2026-07-30T18:33:25,61,עיניים,כובר,visit_type,ביקור במרפאה,30
2026-07-30T18:33:25,61,עיניים,כובר,language,אנגלית,4
2026-07-30T18:33:25,61,עיניים,כובר,language,עברית,6
2026-07-30T18:33:25,61,עיניים,כובר,language,ערבית,6
2026-07-30T18:33:25,61,עיניים,כובר,language,צרפתית,1
2026-07-30T18:33:25,61,עיניים,כובר,language,רומנית,1
2026-07-30T18:33:32,61,עיניים,כחל,gender,גבר,62
2026-07-30T18:33:32,61,עיניים,כחל,gender,אישה,12
2026-07-30T18:33:32,61,עיניים,כחל,visit_type,ביקור במרפאה,79
2026-07-30T18:33:32,61,עיניים,כחל,language,אנגלית,19
2026-07-30T18:33:32,61,עיניים,כחל,language,עברית,27
2026-07-30T18:33:32,61,עיניים,כחל,language,ערבית,17
2026-07-30T18:33:32,61,עיניים,כחל,language,רוסית,4
2026-07-30T18:33:45,61,עיניים,כמאנה מזרח,gender,גבר,79
2026-07-30T18:33:45,61,עיניים,כמאנה מזרח,gender,אישה,33
2026-07-30T18:33:45,61,עיניים,כמאנה מזרח,visit_type,ביקור במרפאה,117
2026-07-30T18:33:45,61,עיניים,כמאנה מזרח,visit_type,שיחת טלפון,2
2026-07-30T18:33:45,61,עיניים,כמאנה מזרח,language,אוקראינית,1
2026-07-30T18:33:45,61,עיניים,כמאנה מזרח,language,אידיש,3
2026-07-30T18:33:45,61,עיניים,כמאנה מזרח,language,איטלקית,2
2026-07-30T18:33:45,61,עיניים,כמאנה מזרח,language,אנגלית,77
2026-07-30T18:33:45,61,עיניים,כמאנה מזרח,language,בולגרית,8
2026-07-30T18:33:45,61,עיניים,כמאנה מזרח,language,גרמנית,3
2026-07-30T18:33:45,61,עיניים,כמאנה מזרח,language,הונגרית,1
2026-07-30T18:33:45,61,עיניים,כמאנה מזרח,language,ספרדית,1
2026-07-30T18:33:45,61,עיניים,כמאנה מזרח,language,עברית,110
2026-07-30T18:33:45,61,עיניים,כמאנה מזרח,language,ערבית,61
2026-07-30T18:33:45,61,עיניים,כמאנה מזרח,language,פולנית,1
2026-07-30T18:33:45,61,עיניים,כמאנה מזרח,language,פרסית,1
2026-07-30T18:33:45,61,עיניים,כמאנה מזרח,language,צרפתית,2
2026-07-30T18:33:45,61,עיניים,כמאנה מזרח,language,רומנית,15
2026-07-30T18:33:45,61,עיניים,כמאנה מזרח,language,רוסית,27
2026-07-30T18:34:02,61,עיניים,כפר אביב,gender,גבר,14
2026-07-30T18:34:02,61,עיניים,כפר אביב,gender,אישה,16
2026-07-30T18:34:02,61,עיניים,כפר אביב,visit_type,ביקור במרפאה,36
2026-07-30T18:34:02,61,עיניים,כפר אביב,language,אנגלית,9
2026-07-30T18:34:02,61,עיניים,כפר אביב,language,הונגרית,1
2026-07-30T18:34:02,61,עיניים,כפר אביב,language,עברית,9
2026-07-30T18:34:02,61,עיניים,כפר אביב,language,ערבית,2
2026-07-30T18:34:02,61,עיניים,כפר אביב,language,רומנית,3
2026-07-30T18:34:02,61,עיניים,כפר אביב,language,רוסית,5
2026-07-30T18:34:10,61,עיניים,כרכום,gender,גבר,62
2026-07-30T18:34:10,61,עיניים,כרכום,gender,אישה,12
2026-07-30T18:34:10,61,עיניים,כרכום,visit_type,ביקור במרפאה,79
2026-07-30T18:34:10,61,עיניים,כרכום,language,אנגלית,19
2026-07-30T18:34:10,61,עיניים,כרכום,language,עברית,27
2026-07-30T18:34:10,61,עיניים,כרכום,language,ערבית,17
2026-07-30T18:34:10,61,עיניים,כרכום,language,רוסית,4
2026-07-30T18:34:23,61,עיניים,לבון,gender,גבר,79
2026-07-30T18:34:23,61,עיניים,לבון,gender,אישה,33
2026-07-30T18:34:23,61,עיניים,לבון,visit_type,ביקור במרפאה,117
2026-07-30T18:34:23,61,עיניים,לבון,visit_type,שיחת טלפון,2
2026-07-30T18:34:23,61,עיניים,לבון,language,אוקראינית,1
2026-07-30T18:34:23,61,עיניים,לבון,language,אידיש,3
2026-07-30T18:34:23,61,עיניים,לבון,language,איטלקית,2
2026-07-30T18:34:23,61,עיניים,לבון,language,אנגלית,77
2026-07-30T18:34:23,61,עיניים,לבון,language,בולגרית,8
2026-07-30T18:34:23,61,עיניים,לבון,language,גרמנית,3
2026-07-30T18:34:23,61,עיניים,לבון,language,הונגרית,1
2026-07-30T18:34:23,61,עיניים,לבון,language,ספרדית,1
2026-07-30T18:34:23,61,עיניים,לבון,language,עברית,110
2026-07-30T18:34:23,61,עיניים,לבון,language,ערבית,61
2026-07-30T18:34:23,61,עיניים,לבון,language,פולנית,1
2026-07-30T18:34:23,61,עיניים,לבון,language,פרסית,1
2026-07-30T18:34:23,61,עיניים,לבון,language,צרפתית,2
2026-07-30T18:34:23,61,עיניים,לבון,language,רומנית,15
2026-07-30T18:34:23,61,עיניים,לבון,language,רוסית,27
2026-07-30T18:34:41,61,עיניים,לוחמי הגיטאות,gender,גבר,47
2026-07-30T18:34:41,61,עיניים,לוחמי הגיטאות,gender,אישה,6
2026-07-30T18:34:41,61,עיניים,לוחמי הגיטאות,visit_type,ביקור במרפאה,54
2026-07-30T18:34:41,61,עיניים,לוחמי הגיטאות,visit_type,שיחת טלפון,1
2026-07-30T18:34:41,61,עיניים,לוחמי הגיטאות,language,אנגלית,37
2026-07-30T18:34:41,61,עיניים,לוחמי הגיטאות,language,בולגרית,7
2026-07-30T18:34:41,61,עיניים,לוחמי הגיטאות,language,גרמנית,1
2026-07-30T18:34:41,61,עיניים,לוחמי הגיטאות,language,עברית,52
2026-07-30T18:34:41,61,עיניים,לוחמי הגיטאות,language,ערבית,41
2026-07-30T18:34:41,61,עיניים,לוחמי הגיטאות,language,רומנית,14
2026-07-30T18:34:41,61,עיניים,לוחמי הגיטאות,language,רוסית,8
2026-07-30T18:34:48,61,עיניים,מבוא ביתר,gender,אישה,13
2026-07-30T18:34:48,61,עיניים,מבוא ביתר,gender,גבר,17
2026-07-30T18:34:48,61,עיניים,מבוא ביתר,visit_type,ביקור במרפאה,30
2026-07-30T18:34:48,61,עיניים,מבוא ביתר,language,אנגלית,4
2026-07-30T18:34:48,61,עיניים,מבוא ביתר,language,עברית,6
2026-07-30T18:34:48,61,עיניים,מבוא ביתר,language,ערבית,6
2026-07-30T18:34:48,61,עיניים,מבוא ביתר,language,צרפתית,1
2026-07-30T18:34:48,61,עיניים,מבוא ביתר,language,רומנית,1
2026-07-30T18:34:57,61,עיניים,מג'ד,gender,גבר,56
2026-07-30T18:34:57,61,עיניים,מג'ד,gender,אישה,13
2026-07-30T18:34:57,61,עיניים,מג'ד,visit_type,ביקור במרפאה,71
2026-07-30T18:34:57,61,עיניים,מג'ד,visit_type,שיחת טלפון,1
2026-07-30T18:34:57,61,עיניים,מג'ד,language,איטלקית,2
2026-07-30T18:34:57,61,עיניים,מג'ד,language,אנגלית,3
2026-07-30T18:34:57,61,עיניים,מג'ד,language,ספרדית,1
2026-07-30T18:34:57,61,עיניים,מג'ד,language,עברית,6
2026-07-30T18:34:57,61,עיניים,מג'ד,language,צרפתית,1
2026-07-30T18:34:57,61,עיניים,מג'ד,language,רומנית,1
2026-07-30T18:34:57,61,עיניים,מג'ד,language,רוסית,5
2026-07-30T18:35:11,61,עיניים,מדמא,gender,גבר,54
2026-07-30T18:35:11,61,עיניים,מדמא,gender,אישה,14
2026-07-30T18:35:11,61,עיניים,מדמא,visit_type,ביקור במרפאה,70
2026-07-30T18:35:11,61,עיניים,מדמא,visit_type,שיחת טלפון,1
2026-07-30T18:35:11,61,עיניים,מדמא,language,אידיש,2
2026-07-30T18:35:11,61,עיניים,מדמא,language,איטלקית,1
2026-07-30T18:35:11,61,עיניים,מדמא,language,אנגלית,10
2026-07-30T18:35:11,61,עיניים,מדמא,language,ספרדית,3
2026-07-30T18:35:11,61,עיניים,מדמא,language,עברית,13
2026-07-30T18:35:11,61,עיניים,מדמא,language,ערבית,2
2026-07-30T18:35:11,61,עיניים,מדמא,language,צרפתית,2
2026-07-30T18:35:11,61,עיניים,מדמא,language,רוסית,1
2026-07-30T18:35:22,61,עיניים,מוצא עילית,gender,אישה,13
2026-07-30T18:35:22,61,עיניים,מוצא עילית,gender,גבר,17
2026-07-30T18:35:22,61,עיניים,מוצא עילית,visit_type,ביקור במרפאה,30
2026-07-30T18:35:22,61,עיניים,מוצא עילית,language,אנגלית,4
2026-07-30T18:35:22,61,עיניים,מוצא עילית,language,עברית,6
2026-07-30T18:35:22,61,עיניים,מוצא עילית,language,ערבית,6
2026-07-30T18:35:22,61,עיניים,מוצא עילית,language,צרפתית,1
2026-07-30T18:35:22,61,עיניים,מוצא עילית,language,רומנית,1
2026-07-30T18:35:30,61,עיניים,מחולה,gender,גבר,104
2026-07-30T18:35:30,61,עיניים,מחולה,gender,אישה,16
2026-07-30T18:35:30,61,עיניים,מחולה,visit_type,ביקור במרפאה,125
2026-07-30T18:35:30,61,עיניים,מחולה,visit_type,שיחת טלפון,1
2026-07-30T18:35:30,61,עיניים,מחולה,language,אידיש,1
2026-07-30T18:35:30,61,עיניים,מחולה,language,איטלקית,1
2026-07-30T18:35:30,61,עיניים,מחולה,language,אנגלית,31
2026-07-30T18:35:30,61,עיניים,מחולה,language,גרמנית,1
2026-07-30T18:35:30,61,עיניים,מחולה,language,ספרדית,1
2026-07-30T18:35:30,61,עיניים,מחולה,language,עברית,44
2026-07-30T18:35:30,61,עיניים,מחולה,language,ערבית,25
2026-07-30T18:35:30,61,עיניים,מחולה,language,פולנית,1
2026-07-30T18:35:30,61,עיניים,מחולה,language,פרסית,1
2026-07-30T18:35:30,61,עיניים,מחולה,language,צרפתית,1
2026-07-30T18:35:30,61,עיניים,מחולה,language,רומנית,1
2026-07-30T18:35:30,61,עיניים,מחולה,language,רוסית,5
2026-07-30T18:35:49,61,עיניים,מירב,gender,גבר,104
2026-07-30T18:35:49,61,עיניים,מירב,gender,אישה,16
2026-07-30T18:35:49,61,עיניים,מירב,visit_type,ביקור במרפאה,125
2026-07-30T18:35:49,61,עיניים,מירב,visit_type,שיחת טלפון,1
2026-07-30T18:35:49,61,עיניים,מירב,language,אידיש,1
2026-07-30T18:35:49,61,עיניים,מירב,language,איטלקית,1
2026-07-30T18:35:49,61,עיניים,מירב,language,אנגלית,31
2026-07-30T18:35:49,61,עיניים,מירב,language,גרמנית,1
2026-07-30T18:35:49,61,עיניים,מירב,language,ספרדית,1
2026-07-30T18:35:49,61,עיניים,מירב,language,עברית,44
2026-07-30T18:35:49,61,עיניים,מירב,language,ערבית,25
2026-07-30T18:35:49,61,עיניים,מירב,language,פולנית,1
2026-07-30T18:35:49,61,עיניים,מירב,language,פרסית,1
2026-07-30T18:35:49,61,עיניים,מירב,language,צרפתית,1
2026-07-30T18:35:49,61,עיניים,מירב,language,רומנית,1
2026-07-30T18:35:49,61,עיניים,מירב,language,רוסית,5
2026-07-30T18:36:09,61,עיניים,מלילות,gender,גבר,56
2026-07-30T18:36:09,61,עיניים,מלילות,gender,אישה,13
2026-07-30T18:36:09,61,עיניים,מלילות,visit_type,ביקור במרפאה,71
2026-07-30T18:36:09,61,עיניים,מלילות,visit_type,שיחת טלפון,1
2026-07-30T18:36:09,61,עיניים,מלילות,language,איטלקית,2
2026-07-30T18:36:09,61,עיניים,מלילות,language,אנגלית,3
2026-07-30T18:36:09,61,עיניים,מלילות,language,ספרדית,1
2026-07-30T18:36:09,61,עיניים,מלילות,language,עברית,6
2026-07-30T18:36:09,61,עיניים,מלילות,language,צרפתית,1
2026-07-30T18:36:09,61,עיניים,מלילות,language,רומנית,1
2026-07-30T18:36:09,61,עיניים,מלילות,language,רוסית,5
2026-07-30T18:36:24,61,עיניים,מסדה,gender,גבר,62
2026-07-30T18:36:24,61,עיניים,מסדה,gender,אישה,12
2026-07-30T18:36:24,61,עיניים,מסדה,visit_type,ביקור במרפאה,79
2026-07-30T18:36:24,61,עיניים,מסדה,language,אנגלית,19
2026-07-30T18:36:24,61,עיניים,מסדה,language,עברית,27
2026-07-30T18:36:24,61,עיניים,מסדה,language,ערבית,17
2026-07-30T18:36:24,61,עיניים,מסדה,language,רוסית,4
2026-07-30T18:36:37,61,עיניים,מעגן,gender,גבר,62
2026-07-30T18:36:37,61,עיניים,מעגן,gender,אישה,12
2026-07-30T18:36:37,61,עיניים,מעגן,visit_type,ביקור במרפאה,79
2026-07-30T18:36:37,61,עיניים,מעגן,language,אנגלית,19
2026-07-30T18:36:37,61,עיניים,מעגן,language,עברית,27
2026-07-30T18:36:37,61,עיניים,מעגן,language,ערבית,17
2026-07-30T18:36:37,61,עיניים,מעגן,language,רוסית,4
2026-07-30T18:36:50,61,עיניים,מפעלי ברנר,gender,גבר,28
2026-07-30T18:36:50,61,עיניים,מפעלי ברנר,gender,אישה,19
2026-07-30T18:36:50,61,עיניים,מפעלי ברנר,visit_type,ביקור במרפאה,54
2026-07-30T18:36:50,61,עיניים,מפעלי ברנר,language,אנגלית,12
2026-07-30T18:36:50,61,עיניים,מפעלי ברנר,language,הונגרית,1
2026-07-30T18:36:50,61,עיניים,מפעלי ברנר,language,עברית,12
2026-07-30T18:36:50,61,עיניים,מפעלי ברנר,language,ערבית,2
2026-07-30T18:36:50,61,עיניים,מפעלי ברנר,language,צרפתית,1
2026-07-30T18:36:50,61,עיניים,מפעלי ברנר,language,רומנית,3
2026-07-30T18:36:50,61,עיניים,מפעלי ברנר,language,רוסית,5
2026-07-30T18:36:59,61,עיניים,מצובה,gender,גבר,47
2026-07-30T18:36:59,61,עיניים,מצובה,gender,אישה,6
2026-07-30T18:36:59,61,עיניים,מצובה,visit_type,ביקור במרפאה,54
2026-07-30T18:36:59,61,עיניים,מצובה,visit_type,שיחת טלפון,1
2026-07-30T18:36:59,61,עיניים,מצובה,language,אנגלית,37
2026-07-30T18:36:59,61,עיניים,מצובה,language,בולגרית,7
2026-07-30T18:36:59,61,עיניים,מצובה,language,גרמנית,1
2026-07-30T18:36:59,61,עיניים,מצובה,language,עברית,52
2026-07-30T18:36:59,61,עיניים,מצובה,language,ערבית,41
2026-07-30T18:36:59,61,עיניים,מצובה,language,רומנית,14
2026-07-30T18:36:59,61,עיניים,מצובה,language,רוסית,8
2026-07-30T18:37:08,61,עיניים,מרגליות,gender,גבר,62
2026-07-30T18:37:08,61,עיניים,מרגליות,gender,אישה,12
2026-07-30T18:37:08,61,עיניים,מרגליות,visit_type,ביקור במרפאה,79
2026-07-30T18:37:08,61,עיניים,מרגליות,language,אנגלית,19
2026-07-30T18:37:08,61,עיניים,מרגליות,language,עברית,27
2026-07-30T18:37:08,61,עיניים,מרגליות,language,ערבית,17
2026-07-30T18:37:08,61,עיניים,מרגליות,language,רוסית,4
2026-07-30T18:37:19,61,עיניים,משגב דב,gender,גבר,14
2026-07-30T18:37:19,61,עיניים,משגב דב,gender,אישה,16
2026-07-30T18:37:19,61,עיניים,משגב דב,visit_type,ביקור במרפאה,36
2026-07-30T18:37:19,61,עיניים,משגב דב,language,אנגלית,9
2026-07-30T18:37:19,61,עיניים,משגב דב,language,הונגרית,1
2026-07-30T18:37:19,61,עיניים,משגב דב,language,עברית,9
2026-07-30T18:37:19,61,עיניים,משגב דב,language,ערבית,2
2026-07-30T18:37:19,61,עיניים,משגב דב,language,רומנית,3
2026-07-30T18:37:19,61,עיניים,משגב דב,language,רוסית,5
2026-07-30T18:37:28,61,עיניים,מתת,gender,גבר,79
2026-07-30T18:37:28,61,עיניים,מתת,gender,אישה,33
2026-07-30T18:37:28,61,עיניים,מתת,visit_type,ביקור במרפאה,117
2026-07-30T18:37:28,61,עיניים,מתת,visit_type,שיחת טלפון,2
2026-07-30T18:37:28,61,עיניים,מתת,language,אוקראינית,1
2026-07-30T18:37:28,61,עיניים,מתת,language,אידיש,3
2026-07-30T18:37:28,61,עיניים,מתת,language,איטלקית,2
2026-07-30T18:37:28,61,עיניים,מתת,language,אנגלית,77
2026-07-30T18:37:28,61,עיניים,מתת,language,בולגרית,8
2026-07-30T18:37:28,61,עיניים,מתת,language,גרמנית,3
2026-07-30T18:37:28,61,עיניים,מתת,language,הונגרית,1
2026-07-30T18:37:28,61,עיניים,מתת,language,ספרדית,1
2026-07-30T18:37:28,61,עיניים,מתת,language,עברית,110
2026-07-30T18:37:28,61,עיניים,מתת,language,ערבית,61
2026-07-30T18:37:28,61,עיניים,מתת,language,פולנית,1
2026-07-30T18:37:28,61,עיניים,מתת,language,פרסית,1
2026-07-30T18:37:28,61,עיניים,מתת,language,צרפתית,2
2026-07-30T18:37:28,61,עיניים,מתת,language,רומנית,15
2026-07-30T18:37:28,61,עיניים,מתת,language,רוסית,27
2026-07-30T18:37:45,61,עיניים,נבי סאלח,gender,גבר,38
2026-07-30T18:37:45,61,עיניים,נבי סאלח,gender,אישה,15
2026-07-30T18:37:45,61,עיניים,נבי סאלח,visit_type,ביקור במרפאה,58
2026-07-30T18:37:45,61,עיניים,נבי סאלח,language,אידיש,1
2026-07-30T18:37:45,61,עיניים,נבי סאלח,language,איטלקית,1
2026-07-30T18:37:45,61,עיניים,נבי סאלח,language,אנגלית,26
2026-07-30T18:37:45,61,עיניים,נבי סאלח,language,גרוזינית,2
2026-07-30T18:37:45,61,עיניים,נבי סאלח,language,ספרדית,1
2026-07-30T18:37:45,61,עיניים,נבי סאלח,language,עברית,53
2026-07-30T18:37:45,61,עיניים,נבי סאלח,language,ערבית,5
2026-07-30T18:37:45,61,עיניים,נבי סאלח,language,פולנית,1
2026-07-30T18:37:45,61,עיניים,נבי סאלח,language,צרפתית,1
2026-07-30T18:37:45,61,עיניים,נבי סאלח,language,רומנית,2
2026-07-30T18:37:45,61,עיניים,נבי סאלח,language,רוסית,13
2026-07-30T18:37:58,61,עיניים,נווה אור,gender,גבר,104
2026-07-30T18:37:58,61,עיניים,נווה אור,gender,אישה,16
2026-07-30T18:37:58,61,עיניים,נווה אור,visit_type,ביקור במרפאה,125
2026-07-30T18:37:58,61,עיניים,נווה אור,visit_type,שיחת טלפון,1
2026-07-30T18:37:58,61,עיניים,נווה אור,language,אידיש,1
2026-07-30T18:37:58,61,עיניים,נווה אור,language,איטלקית,1
2026-07-30T18:37:58,61,עיניים,נווה אור,language,אנגלית,31
2026-07-30T18:37:58,61,עיניים,נווה אור,language,גרמנית,1
2026-07-30T18:37:58,61,עיניים,נווה אור,language,ספרדית,1
2026-07-30T18:37:58,61,עיניים,נווה אור,language,עברית,44
2026-07-30T18:37:58,61,עיניים,נווה אור,language,ערבית,25
2026-07-30T18:37:58,61,עיניים,נווה אור,language,פולנית,1
2026-07-30T18:37:58,61,עיניים,נווה אור,language,פרסית,1
2026-07-30T18:37:58,61,עיניים,נווה אור,language,צרפתית,1
2026-07-30T18:37:58,61,עיניים,נווה אור,language,רומנית,1
2026-07-30T18:37:58,61,עיניים,נווה אור,language,רוסית,5
2026-07-30T18:38:14,61,עיניים,נחאלין,gender,אישה,13
2026-07-30T18:38:14,61,עיניים,נחאלין,gender,גבר,17
2026-07-30T18:38:14,61,עיניים,נחאלין,visit_type,ביקור במרפאה,30
2026-07-30T18:38:14,61,עיניים,נחאלין,language,אנגלית,4
2026-07-30T18:38:14,61,עיניים,נחאלין,language,עברית,6
2026-07-30T18:38:14,61,עיניים,נחאלין,language,ערבית,6
2026-07-30T18:38:14,61,עיניים,נחאלין,language,צרפתית,1
2026-07-30T18:38:14,61,עיניים,נחאלין,language,רומנית,1
2026-07-30T18:38:21,61,עיניים,נטועה,gender,גבר,47
2026-07-30T18:38:21,61,עיניים,נטועה,gender,אישה,6
2026-07-30T18:38:21,61,עיניים,נטועה,visit_type,ביקור במרפאה,54
2026-07-30T18:38:21,61,עיניים,נטועה,visit_type,שיחת טלפון,1
2026-07-30T18:38:21,61,עיניים,נטועה,language,אנגלית,37
2026-07-30T18:38:21,61,עיניים,נטועה,language,בולגרית,7
2026-07-30T18:38:21,61,עיניים,נטועה,language,גרמנית,1
2026-07-30T18:38:21,61,עיניים,נטועה,language,עברית,52
2026-07-30T18:38:21,61,עיניים,נטועה,language,ערבית,41
2026-07-30T18:38:21,61,עיניים,נטועה,language,רומנית,14
2026-07-30T18:38:21,61,עיניים,נטועה,language,רוסית,8
2026-07-30T18:38:30,61,עיניים,ניצן ב',gender,אישה,15
2026-07-30T18:38:30,61,עיניים,ניצן ב',gender,גבר,22
2026-07-30T18:38:30,61,עיניים,ניצן ב',visit_type,ביקור במרפאה,41
2026-07-30T18:38:30,61,עיניים,ניצן ב',language,אנגלית,6
2026-07-30T18:38:30,61,עיניים,ניצן ב',language,הונגרית,1
2026-07-30T18:38:30,61,עיניים,ניצן ב',language,עברית,6
2026-07-30T18:38:30,61,עיניים,ניצן ב',language,ערבית,1
2026-07-30T18:38:30,61,עיניים,ניצן ב',language,צרפתית,1
2026-07-30T18:38:30,61,עיניים,ניצן ב',language,רומנית,1
2026-07-30T18:38:30,61,עיניים,ניצן ב',language,רוסית,1
2026-07-30T18:38:37,61,עיניים,נעורים,gender,גבר,54
2026-07-30T18:38:37,61,עיניים,נעורים,gender,אישה,14
2026-07-30T18:38:37,61,עיניים,נעורים,visit_type,ביקור במרפאה,70
2026-07-30T18:38:37,61,עיניים,נעורים,visit_type,שיחת טלפון,1
2026-07-30T18:38:37,61,עיניים,נעורים,language,אידיש,2
2026-07-30T18:38:37,61,עיניים,נעורים,language,איטלקית,1
2026-07-30T18:38:37,61,עיניים,נעורים,language,אנגלית,10
2026-07-30T18:38:37,61,עיניים,נעורים,language,ספרדית,3
2026-07-30T18:38:37,61,עיניים,נעורים,language,עברית,13
2026-07-30T18:38:37,61,עיניים,נעורים,language,ערבית,2
2026-07-30T18:38:37,61,עיניים,נעורים,language,צרפתית,2
2026-07-30T18:38:37,61,עיניים,נעורים,language,רוסית,1
2026-07-30T18:38:48,61,עיניים,נתיב הל''ה,gender,אישה,13
2026-07-30T18:38:48,61,עיניים,נתיב הל''ה,gender,גבר,17
2026-07-30T18:38:48,61,עיניים,נתיב הל''ה,visit_type,ביקור במרפאה,30
2026-07-30T18:38:48,61,עיניים,נתיב הל''ה,language,אנגלית,4
2026-07-30T18:38:48,61,עיניים,נתיב הל''ה,language,עברית,6
2026-07-30T18:38:48,61,עיניים,נתיב הל''ה,language,ערבית,6
2026-07-30T18:38:48,61,עיניים,נתיב הל''ה,language,צרפתית,1
2026-07-30T18:38:48,61,עיניים,נתיב הל''ה,language,רומנית,1
2026-07-30T18:38:54,61,עיניים,סביון,gender,גבר,38
2026-07-30T18:38:54,61,עיניים,סביון,gender,אישה,15
2026-07-30T18:38:54,61,עיניים,סביון,visit_type,ביקור במרפאה,58
2026-07-30T18:38:54,61,עיניים,סביון,language,אידיש,1
2026-07-30T18:38:54,61,עיניים,סביון,language,איטלקית,1
2026-07-30T18:38:54,61,עיניים,סביון,language,אנגלית,26
2026-07-30T18:38:54,61,עיניים,סביון,language,גרוזינית,2
2026-07-30T18:38:54,61,עיניים,סביון,language,ספרדית,1
2026-07-30T18:38:54,61,עיניים,סביון,language,עברית,53
2026-07-30T18:38:54,61,עיניים,סביון,language,ערבית,5
2026-07-30T18:38:54,61,עיניים,סביון,language,פולנית,1
2026-07-30T18:38:54,61,עיניים,סביון,language,צרפתית,1
2026-07-30T18:38:54,61,עיניים,סביון,language,רומנית,2
2026-07-30T18:38:54,61,עיניים,סביון,language,רוסית,13
2026-07-30T18:39:05,61,עיניים,סח'נין,gender,גבר,56
2026-07-30T18:39:05,61,עיניים,סח'נין,gender,אישה,17
2026-07-30T18:39:05,61,עיניים,סח'נין,visit_type,ביקור במרפאה,77
2026-07-30T18:39:05,61,עיניים,סח'נין,visit_type,שיחת טלפון,1
2026-07-30T18:39:05,61,עיניים,סח'נין,language,אוקראינית,1
2026-07-30T18:39:05,61,עיניים,סח'נין,language,אידיש,1
2026-07-30T18:39:05,61,עיניים,סח'נין,language,אנגלית,47
2026-07-30T18:39:05,61,עיניים,סח'נין,language,בולגרית,7
2026-07-30T18:39:05,61,עיניים,סח'נין,language,גרמנית,1
2026-07-30T18:39:05,61,עיניים,סח'נין,language,עברית,71
2026-07-30T18:39:05,61,עיניים,סח'נין,language,ערבית,48
2026-07-30T18:39:05,61,עיניים,סח'נין,language,צרפתית,1
2026-07-30T18:39:05,61,עיניים,סח'נין,language,רומנית,14
2026-07-30T18:39:05,61,עיניים,סח'נין,language,רוסית,18
2026-07-30T18:39:18,61,עיניים,סלמה,gender,גבר,56
2026-07-30T18:39:18,61,עיניים,סלמה,gender,אישה,17
2026-07-30T18:39:18,61,עיניים,סלמה,visit_type,ביקור במרפאה,77
2026-07-30T18:39:18,61,עיניים,סלמה,visit_type,שיחת טלפון,1
2026-07-30T18:39:18,61,עיניים,סלמה,language,אוקראינית,1
2026-07-30T18:39:18,61,עיניים,סלמה,language,אידיש,1
2026-07-30T18:39:18,61,עיניים,סלמה,language,אנגלית,47
2026-07-30T18:39:18,61,עיניים,סלמה,language,בולגרית,7
2026-07-30T18:39:18,61,עיניים,סלמה,language,גרמנית,1
2026-07-30T18:39:18,61,עיניים,סלמה,language,עברית,71
2026-07-30T18:39:18,61,עיניים,סלמה,language,ערבית,48
2026-07-30T18:39:18,61,עיניים,סלמה,language,צרפתית,1
2026-07-30T18:39:18,61,עיניים,סלמה,language,רומנית,14
2026-07-30T18:39:18,61,עיניים,סלמה,language,רוסית,18
2026-07-30T18:39:29,61,עיניים,ספא,gender,אישה,13
2026-07-30T18:39:29,61,עיניים,ספא,gender,גבר,17
2026-07-30T18:39:29,61,עיניים,ספא,visit_type,ביקור במרפאה,30
2026-07-30T18:39:29,61,עיניים,ספא,language,אנגלית,4
2026-07-30T18:39:29,61,עיניים,ספא,language,עברית,6
2026-07-30T18:39:29,61,עיניים,ספא,language,ערבית,6
2026-07-30T18:39:29,61,עיניים,ספא,language,צרפתית,1
2026-07-30T18:39:29,61,עיניים,ספא,language,רומנית,1
2026-07-30T18:39:35,61,עיניים,עבדון,gender,גבר,47
2026-07-30T18:39:35,61,עיניים,עבדון,gender,אישה,6
2026-07-30T18:39:35,61,עיניים,עבדון,visit_type,ביקור במרפאה,54
2026-07-30T18:39:35,61,עיניים,עבדון,visit_type,שיחת טלפון,1
2026-07-30T18:39:35,61,עיניים,עבדון,language,אנגלית,37
2026-07-30T18:39:35,61,עיניים,עבדון,language,בולגרית,7
2026-07-30T18:39:35,61,עיניים,עבדון,language,גרמנית,1
2026-07-30T18:39:35,61,עיניים,עבדון,language,עברית,52
2026-07-30T18:39:35,61,עיניים,עבדון,language,ערבית,41
2026-07-30T18:39:35,61,עיניים,עבדון,language,רומנית,14
2026-07-30T18:39:35,61,עיניים,עבדון,language,רוסית,8
2026-07-30T18:39:44,61,עיניים,עדנים,gender,גבר,46
2026-07-30T18:39:44,61,עיניים,עדנים,gender,אישה,23
2026-07-30T18:39:44,61,עיניים,עדנים,visit_type,ביקור במרפאה,75
2026-07-30T18:39:44,61,עיניים,עדנים,language,אידיש,2
2026-07-30T18:39:44,61,עיניים,עדנים,language,איטלקית,2
2026-07-30T18:39:44,61,עיניים,עדנים,language,אנגלית,30
2026-07-30T18:39:44,61,עיניים,עדנים,language,גרוזינית,2
2026-07-30T18:39:44,61,עיניים,עדנים,language,ספרדית,3
2026-07-30T18:39:44,61,עיניים,עדנים,language,עברית,57
2026-07-30T18:39:44,61,עיניים,עדנים,language,ערבית,5
2026-07-30T18:39:44,61,עיניים,עדנים,language,פולנית,1
2026-07-30T18:39:44,61,עיניים,עדנים,language,צרפתית,2
2026-07-30T18:39:44,61,עיניים,עדנים,language,רומנית,2
2026-07-30T18:39:44,61,עיניים,עדנים,language,רוסית,13
2026-07-30T18:39:58,61,עיניים,עוצם,gender,גבר,36
2026-07-30T18:39:58,61,עיניים,עוצם,gender,אישה,13
2026-07-30T18:39:58,61,עיניים,עוצם,visit_type,ביקור במרפאה,51
2026-07-30T18:39:58,61,עיניים,עוצם,visit_type,שיחת טלפון,1
2026-07-30T18:39:58,61,עיניים,עוצם,language,איטלקית,2
2026-07-30T18:39:58,61,עיניים,עוצם,language,אנגלית,3
2026-07-30T18:39:58,61,עיניים,עוצם,language,ספרדית,1
2026-07-30T18:39:58,61,עיניים,עוצם,language,עברית,5
2026-07-30T18:39:58,61,עיניים,עוצם,language,צרפתית,1
2026-07-30T18:39:58,61,עיניים,עוצם,language,רומנית,1
2026-07-30T18:39:58,61,עיניים,עוצם,language,רוסית,4
2026-07-30T18:40:12,61,עיניים,עטאטרה,gender,גבר,56
2026-07-30T18:40:12,61,עיניים,עטאטרה,gender,אישה,13
2026-07-30T18:40:12,61,עיניים,עטאטרה,visit_type,ביקור במרפאה,71
2026-07-30T18:40:12,61,עיניים,עטאטרה,visit_type,שיחת טלפון,1
2026-07-30T18:40:12,61,עיניים,עטאטרה,language,איטלקית,2
2026-07-30T18:40:12,61,עיניים,עטאטרה,language,אנגלית,3
2026-07-30T18:40:12,61,עיניים,עטאטרה,language,ספרדית,1
2026-07-30T18:40:12,61,עיניים,עטאטרה,language,עברית,6
2026-07-30T18:40:12,61,עיניים,עטאטרה,language,צרפתית,1
2026-07-30T18:40:12,61,עיניים,עטאטרה,language,רומנית,1
2026-07-30T18:40:12,61,עיניים,עטאטרה,language,רוסית,5
2026-07-30T18:40:29,61,עיניים,עין איילה,gender,גבר,78
2026-07-30T18:40:29,61,עיניים,עין איילה,gender,אישה,38
2026-07-30T18:40:29,61,עיניים,עין איילה,visit_type,ביקור במרפאה,122
2026-07-30T18:40:29,61,עיניים,עין איילה,visit_type,שיחת טלפון,2
2026-07-30T18:40:29,61,עיניים,עין איילה,language,אוקראינית,1
2026-07-30T18:40:29,61,עיניים,עין איילה,language,אידיש,4
2026-07-30T18:40:29,61,עיניים,עין איילה,language,איטלקית,2
2026-07-30T18:40:29,61,עיניים,עין איילה,language,אנגלית,47
2026-07-30T18:40:29,61,עיניים,עין איילה,language,בולגרית,1
2026-07-30T18:40:29,61,עיניים,עין איילה,language,גרמנית,2
2026-07-30T18:40:29,61,עיניים,עין איילה,language,הונגרית,1
2026-07-30T18:40:29,61,עיניים,עין איילה,language,ספרדית,2
2026-07-30T18:40:29,61,עיניים,עין איילה,language,עברית,69
2026-07-30T18:40:29,61,עיניים,עין איילה,language,ערבית,24
2026-07-30T18:40:29,61,עיניים,עין איילה,language,פולנית,1
2026-07-30T18:40:29,61,עיניים,עין איילה,language,פרסית,1
2026-07-30T18:40:29,61,עיניים,עין איילה,language,צרפתית,3
2026-07-30T18:40:29,61,עיניים,עין איילה,language,רומנית,1
2026-07-30T18:40:29,61,עיניים,עין איילה,language,רוסית,21
2026-07-30T18:40:49,61,עיניים,עמוקה,gender,גבר,62
2026-07-30T18:40:49,61,עיניים,עמוקה,gender,אישה,12
2026-07-30T18:40:49,61,עיניים,עמוקה,visit_type,ביקור במרפאה,79
2026-07-30T18:40:49,61,עיניים,עמוקה,language,אנגלית,19
2026-07-30T18:40:49,61,עיניים,עמוקה,language,עברית,27
2026-07-30T18:40:49,61,עיניים,עמוקה,language,ערבית,17
2026-07-30T18:40:49,61,עיניים,עמוקה,language,רוסית,4
2026-07-30T18:41:00,61,עיניים,ענאתא,gender,אישה,13
2026-07-30T18:41:00,61,עיניים,ענאתא,gender,גבר,17
2026-07-30T18:41:00,61,עיניים,ענאתא,visit_type,ביקור במרפאה,30
2026-07-30T18:41:00,61,עיניים,ענאתא,language,אנגלית,4
2026-07-30T18:41:00,61,עיניים,ענאתא,language,עברית,6
2026-07-30T18:41:00,61,עיניים,ענאתא,language,ערבית,6
2026-07-30T18:41:00,61,עיניים,ענאתא,language,צרפתית,1
2026-07-30T18:41:00,61,עיניים,ענאתא,language,רומנית,1
2026-07-30T18:41:07,61,עיניים,עצמון שגב,gender,גבר,56
2026-07-30T18:41:07,61,עיניים,עצמון שגב,gender,אישה,17
2026-07-30T18:41:07,61,עיניים,עצמון שגב,visit_type,ביקור במרפאה,77
2026-07-30T18:41:07,61,עיניים,עצמון שגב,visit_type,שיחת טלפון,1
2026-07-30T18:41:07,61,עיניים,עצמון שגב,language,אוקראינית,1
2026-07-30T18:41:07,61,עיניים,עצמון שגב,language,אידיש,1
2026-07-30T18:41:07,61,עיניים,עצמון שגב,language,אנגלית,47
2026-07-30T18:41:07,61,עיניים,עצמון שגב,language,בולגרית,7
2026-07-30T18:41:07,61,עיניים,עצמון שגב,language,גרמנית,1
2026-07-30T18:41:07,61,עיניים,עצמון שגב,language,עברית,71
2026-07-30T18:41:07,61,עיניים,עצמון שגב,language,ערבית,48
2026-07-30T18:41:07,61,עיניים,עצמון שגב,language,צרפתית,1
2026-07-30T18:41:07,61,עיניים,עצמון שגב,language,רומנית,14
2026-07-30T18:41:07,61,עיניים,עצמון שגב,language,רוסית,18
2026-07-30T18:41:21,61,עיניים,ערד,gender,גבר,44
2026-07-30T18:41:21,61,עיניים,ערד,gender,אישה,6
2026-07-30T18:41:21,61,עיניים,ערד,visit_type,ביקור במרפאה,51
2026-07-30T18:41:21,61,עיניים,ערד,visit_type,שיחת טלפון,1
2026-07-30T18:41:21,61,עיניים,ערד,language,איטלקית,1
2026-07-30T18:41:21,61,עיניים,ערד,language,אנגלית,2
2026-07-30T18:41:21,61,עיניים,ערד,language,עברית,5
2026-07-30T18:41:21,61,עיניים,ערד,language,רוסית,5
2026-07-30T18:41:35,61,עיניים,פארק תעשיות עידן הנגב,gender,גבר,56
2026-07-30T18:41:35,61,עיניים,פארק תעשיות עידן הנגב,gender,אישה,13
2026-07-30T18:41:35,61,עיניים,פארק תעשיות עידן הנגב,visit_type,ביקור במרפאה,71
2026-07-30T18:41:35,61,עיניים,פארק תעשיות עידן הנגב,visit_type,שיחת טלפון,1
2026-07-30T18:41:35,61,עיניים,פארק תעשיות עידן הנגב,language,איטלקית,2
2026-07-30T18:41:35,61,עיניים,פארק תעשיות עידן הנגב,language,אנגלית,3
2026-07-30T18:41:35,61,עיניים,פארק תעשיות עידן הנגב,language,ספרדית,1
2026-07-30T18:41:35,61,עיניים,פארק תעשיות עידן הנגב,language,עברית,6
2026-07-30T18:41:35,61,עיניים,פארק תעשיות עידן הנגב,language,צרפתית,1
2026-07-30T18:41:35,61,עיניים,פארק תעשיות עידן הנגב,language,רומנית,1
2026-07-30T18:41:35,61,עיניים,פארק תעשיות עידן הנגב,language,רוסית,5
2026-07-30T18:41:50,61,עיניים,פוריה נווה עובד,gender,גבר,62
2026-07-30T18:41:50,61,עיניים,פוריה נווה עובד,gender,אישה,12
2026-07-30T18:41:50,61,עיניים,פוריה נווה עובד,visit_type,ביקור במרפאה,79
2026-07-30T18:41:50,61,עיניים,פוריה נווה עובד,language,אנגלית,19
2026-07-30T18:41:50,61,עיניים,פוריה נווה עובד,language,עברית,27
2026-07-30T18:41:50,61,עיניים,פוריה נווה עובד,language,ערבית,17
2026-07-30T18:41:50,61,עיניים,פוריה נווה עובד,language,רוסית,4
2026-07-30T18:42:05,61,עיניים,פני חבר,gender,גבר,56
2026-07-30T18:42:05,61,עיניים,פני חבר,gender,אישה,13
2026-07-30T18:42:05,61,עיניים,פני חבר,visit_type,ביקור במרפאה,71
2026-07-30T18:42:05,61,עיניים,פני חבר,visit_type,שיחת טלפון,1
2026-07-30T18:42:05,61,עיניים,פני חבר,language,איטלקית,2
2026-07-30T18:42:05,61,עיניים,פני חבר,language,אנגלית,3
2026-07-30T18:42:05,61,עיניים,פני חבר,language,ספרדית,1
2026-07-30T18:42:05,61,עיניים,פני חבר,language,עברית,6
2026-07-30T18:42:05,61,עיניים,פני חבר,language,צרפתית,1
2026-07-30T18:42:05,61,עיניים,פני חבר,language,רומנית,1
2026-07-30T18:42:05,61,עיניים,פני חבר,language,רוסית,5
2026-07-30T18:42:20,61,עיניים,פרדסיה,gender,גבר,54
2026-07-30T18:42:20,61,עיניים,פרדסיה,gender,אישה,14
2026-07-30T18:42:20,61,עיניים,פרדסיה,visit_type,ביקור במרפאה,70
2026-07-30T18:42:20,61,עיניים,פרדסיה,visit_type,שיחת טלפון,1
2026-07-30T18:42:20,61,עיניים,פרדסיה,language,אידיש,2
2026-07-30T18:42:20,61,עיניים,פרדסיה,language,איטלקית,1
2026-07-30T18:42:20,61,עיניים,פרדסיה,language,אנגלית,10
2026-07-30T18:42:20,61,עיניים,פרדסיה,language,ספרדית,3
2026-07-30T18:42:20,61,עיניים,פרדסיה,language,עברית,13
2026-07-30T18:42:20,61,עיניים,פרדסיה,language,ערבית,2
2026-07-30T18:42:20,61,עיניים,פרדסיה,language,צרפתית,2
2026-07-30T18:42:20,61,עיניים,פרדסיה,language,רוסית,1
2026-07-30T18:42:31,61,עיניים,צביה,gender,גבר,56
2026-07-30T18:42:31,61,עיניים,צביה,gender,אישה,17
2026-07-30T18:42:31,61,עיניים,צביה,visit_type,ביקור במרפאה,77
2026-07-30T18:42:31,61,עיניים,צביה,visit_type,שיחת טלפון,1
2026-07-30T18:42:31,61,עיניים,צביה,language,אוקראינית,1
2026-07-30T18:42:31,61,עיניים,צביה,language,אידיש,1
2026-07-30T18:42:31,61,עיניים,צביה,language,אנגלית,47
2026-07-30T18:42:31,61,עיניים,צביה,language,בולגרית,7
2026-07-30T18:42:31,61,עיניים,צביה,language,גרמנית,1
2026-07-30T18:42:31,61,עיניים,צביה,language,עברית,71
2026-07-30T18:42:31,61,עיניים,צביה,language,ערבית,48
2026-07-30T18:42:31,61,עיניים,צביה,language,צרפתית,1
2026-07-30T18:42:31,61,עיניים,צביה,language,רומנית,14
2026-07-30T18:42:31,61,עיניים,צביה,language,רוסית,18
2026-07-30T18:42:43,61,עיניים,צור הדסה,gender,אישה,13
2026-07-30T18:42:43,61,עיניים,צור הדסה,gender,גבר,17
2026-07-30T18:42:43,61,עיניים,צור הדסה,visit_type,ביקור במרפאה,30
2026-07-30T18:42:43,61,עיניים,צור הדסה,language,אנגלית,4
2026-07-30T18:42:43,61,עיניים,צור הדסה,language,עברית,6
2026-07-30T18:42:43,61,עיניים,צור הדסה,language,ערבית,6
2026-07-30T18:42:43,61,עיניים,צור הדסה,language,צרפתית,1
2026-07-30T18:42:43,61,עיניים,צור הדסה,language,רומנית,1
2026-07-30T18:42:50,61,עיניים,קבאטיה,gender,גבר,54
2026-07-30T18:42:50,61,עיניים,קבאטיה,gender,אישה,14
2026-07-30T18:42:50,61,עיניים,קבאטיה,visit_type,ביקור במרפאה,70
2026-07-30T18:42:50,61,עיניים,קבאטיה,visit_type,שיחת טלפון,1
2026-07-30T18:42:50,61,עיניים,קבאטיה,language,אידיש,2
2026-07-30T18:42:50,61,עיניים,קבאטיה,language,איטלקית,1
2026-07-30T18:42:50,61,עיניים,קבאטיה,language,אנגלית,10
2026-07-30T18:42:50,61,עיניים,קבאטיה,language,ספרדית,3
2026-07-30T18:42:50,61,עיניים,קבאטיה,language,עברית,13
2026-07-30T18:42:50,61,עיניים,קבאטיה,language,ערבית,2
2026-07-30T18:42:50,61,עיניים,קבאטיה,language,צרפתית,2
2026-07-30T18:42:50,61,עיניים,קבאטיה,language,רוסית,1
2026-07-30T18:43:02,61,עיניים,קדרון,gender,גבר,14
2026-07-30T18:43:02,61,עיניים,קדרון,gender,אישה,16
2026-07-30T18:43:02,61,עיניים,קדרון,visit_type,ביקור במרפאה,36
2026-07-30T18:43:02,61,עיניים,קדרון,language,אנגלית,9
2026-07-30T18:43:02,61,עיניים,קדרון,language,הונגרית,1
2026-07-30T18:43:02,61,עיניים,קדרון,language,עברית,9
2026-07-30T18:43:02,61,עיניים,קדרון,language,ערבית,2
2026-07-30T18:43:02,61,עיניים,קדרון,language,רומנית,3
2026-07-30T18:43:02,61,עיניים,קדרון,language,רוסית,5
2026-07-30T18:43:08,61,עיניים,קטנה,gender,אישה,13
2026-07-30T18:43:08,61,עיניים,קטנה,gender,גבר,17
2026-07-30T18:43:08,61,עיניים,קטנה,visit_type,ביקור במרפאה,30
2026-07-30T18:43:08,61,עיניים,קטנה,language,אנגלית,4
2026-07-30T18:43:08,61,עיניים,קטנה,language,עברית,6
2026-07-30T18:43:08,61,עיניים,קטנה,language,ערבית,6
2026-07-30T18:43:08,61,עיניים,קטנה,language,צרפתית,1
2026-07-30T18:43:08,61,עיניים,קטנה,language,רומנית,1
2026-07-30T18:43:17,61,עיניים,קסר א סיר,gender,גבר,44
2026-07-30T18:43:17,61,עיניים,קסר א סיר,gender,אישה,6
2026-07-30T18:43:17,61,עיניים,קסר א סיר,visit_type,ביקור במרפאה,51
2026-07-30T18:43:17,61,עיניים,קסר א סיר,visit_type,שיחת טלפון,1
2026-07-30T18:43:17,61,עיניים,קסר א סיר,language,איטלקית,1
2026-07-30T18:43:17,61,עיניים,קסר א סיר,language,אנגלית,2
2026-07-30T18:43:17,61,עיניים,קסר א סיר,language,עברית,5
2026-07-30T18:43:17,61,עיניים,קסר א סיר,language,רוסית,5
2026-07-30T18:43:28,61,עיניים,קרית ביאליק,gender,אישה,31
2026-07-30T18:43:28,61,עיניים,קרית ביאליק,gender,גבר,55
2026-07-30T18:43:28,61,עיניים,קרית ביאליק,visit_type,ביקור במרפאה,91
2026-07-30T18:43:28,61,עיניים,קרית ביאליק,visit_type,שיחת טלפון,1
2026-07-30T18:43:28,61,עיניים,קרית ביאליק,language,אוקראינית,1
2026-07-30T18:43:28,61,עיניים,קרית ביאליק,language,אידיש,3
2026-07-30T18:43:28,61,עיניים,קרית ביאליק,language,איטלקית,2
2026-07-30T18:43:28,61,עיניים,קרית ביאליק,language,אנגלית,57
2026-07-30T18:43:28,61,עיניים,קרית ביאליק,language,בולגרית,4
2026-07-30T18:43:28,61,עיניים,קרית ביאליק,language,גרמנית,2
2026-07-30T18:43:28,61,עיניים,קרית ביאליק,language,הונגרית,1
2026-07-30T18:43:28,61,עיניים,קרית ביאליק,language,ספרדית,1
2026-07-30T18:43:28,61,עיניים,קרית ביאליק,language,עברית,84
2026-07-30T18:43:28,61,עיניים,קרית ביאליק,language,ערבית,41
2026-07-30T18:43:28,61,עיניים,קרית ביאליק,language,פולנית,1
2026-07-30T18:43:28,61,עיניים,קרית ביאליק,language,פרסית,1
2026-07-30T18:43:28,61,עיניים,קרית ביאליק,language,צרפתית,2
2026-07-30T18:43:28,61,עיניים,קרית ביאליק,language,רומנית,12
2026-07-30T18:43:28,61,עיניים,קרית ביאליק,language,רוסית,22
2026-07-30T18:43:43,61,עיניים,ראס כרכר,gender,אישה,13
2026-07-30T18:43:43,61,עיניים,ראס כרכר,gender,גבר,17
2026-07-30T18:43:43,61,עיניים,ראס כרכר,visit_type,ביקור במרפאה,30
2026-07-30T18:43:43,61,עיניים,ראס כרכר,language,אנגלית,4
2026-07-30T18:43:43,61,עיניים,ראס כרכר,language,עברית,6
2026-07-30T18:43:43,61,עיניים,ראס כרכר,language,ערבית,6
2026-07-30T18:43:43,61,עיניים,ראס כרכר,language,צרפתית,1
2026-07-30T18:43:43,61,עיניים,ראס כרכר,language,רומנית,1
2026-07-30T18:43:50,61,עיניים,רגבים,gender,גבר,78
2026-07-30T18:43:50,61,עיניים,רגבים,gender,אישה,23
2026-07-30T18:43:50,61,עיניים,רגבים,visit_type,ביקור במרפאה,105
2026-07-30T18:43:50,61,עיניים,רגבים,visit_type,שיחת טלפון,1
2026-07-30T18:43:50,61,עיניים,רגבים,language,אידיש,2
2026-07-30T18:43:50,61,עיניים,רגבים,language,איטלקית,2
2026-07-30T18:43:50,61,עיניים,רגבים,language,אנגלית,21
2026-07-30T18:43:50,61,עיניים,רגבים,language,גרמנית,1
2026-07-30T18:43:50,61,עיניים,רגבים,language,ספרדית,3
2026-07-30T18:43:50,61,עיניים,רגבים,language,עברית,29
2026-07-30T18:43:50,61,עיניים,רגבים,language,ערבית,10
2026-07-30T18:43:50,61,עיניים,רגבים,language,פולנית,1
2026-07-30T18:43:50,61,עיניים,רגבים,language,פרסית,1
2026-07-30T18:43:50,61,עיניים,רגבים,language,צרפתית,2
2026-07-30T18:43:50,61,עיניים,רגבים,language,רומנית,1
2026-07-30T18:43:50,61,עיניים,רגבים,language,רוסית,4
2026-07-30T18:44:07,61,עיניים,רועי,gender,אישה,13
2026-07-30T18:44:07,61,עיניים,רועי,gender,גבר,17
2026-07-30T18:44:07,61,עיניים,רועי,visit_type,ביקור במרפאה,30
2026-07-30T18:44:07,61,עיניים,רועי,language,אנגלית,4
2026-07-30T18:44:07,61,עיניים,רועי,language,עברית,6
2026-07-30T18:44:07,61,עיניים,רועי,language,ערבית,6
2026-07-30T18:44:07,61,עיניים,רועי,language,צרפתית,1
2026-07-30T18:44:07,61,עיניים,רועי,language,רומנית,1
2026-07-30T18:44:14,61,עיניים,רכסים,gender,גבר,78
2026-07-30T18:44:14,61,עיניים,רכסים,gender,אישה,38
2026-07-30T18:44:14,61,עיניים,רכסים,visit_type,ביקור במרפאה,122
2026-07-30T18:44:14,61,עיניים,רכסים,visit_type,שיחת טלפון,2
2026-07-30T18:44:14,61,עיניים,רכסים,language,אוקראינית,1
2026-07-30T18:44:14,61,עיניים,רכסים,language,אידיש,4
2026-07-30T18:44:14,61,עיניים,רכסים,language,איטלקית,2
2026-07-30T18:44:14,61,עיניים,רכסים,language,אנגלית,47
2026-07-30T18:44:14,61,עיניים,רכסים,language,בולגרית,1
2026-07-30T18:44:14,61,עיניים,רכסים,language,גרמנית,2
2026-07-30T18:44:14,61,עיניים,רכסים,language,הונגרית,1
2026-07-30T18:44:14,61,עיניים,רכסים,language,ספרדית,2
2026-07-30T18:44:14,61,עיניים,רכסים,language,עברית,69
2026-07-30T18:44:14,61,עיניים,רכסים,language,ערבית,24
2026-07-30T18:44:14,61,עיניים,רכסים,language,פולנית,1
2026-07-30T18:44:14,61,עיניים,רכסים,language,פרסית,1
2026-07-30T18:44:14,61,עיניים,רכסים,language,צרפתית,3
2026-07-30T18:44:14,61,עיניים,רכסים,language,רומנית,1
2026-07-30T18:44:14,61,עיניים,רכסים,language,רוסית,21
2026-07-30T18:44:34,61,עיניים,רמת גן,gender,גבר,49
2026-07-30T18:44:34,61,עיניים,רמת גן,gender,אישה,18
2026-07-30T18:44:34,61,עיניים,רמת גן,visit_type,ביקור במרפאה,75
2026-07-30T18:44:34,61,עיניים,רמת גן,language,אידיש,1
2026-07-30T18:44:34,61,עיניים,רמת גן,language,איטלקית,1
2026-07-30T18:44:34,61,עיניים,רמת גן,language,אנגלית,32
2026-07-30T18:44:34,61,עיניים,רמת גן,language,גרוזינית,2
2026-07-30T18:44:34,61,עיניים,רמת גן,language,גרמנית,1
2026-07-30T18:44:34,61,עיניים,רמת גן,language,ספרדית,1
2026-07-30T18:44:34,61,עיניים,רמת גן,language,עברית,67
2026-07-30T18:44:34,61,עיניים,רמת גן,language,ערבית,5
2026-07-30T18:44:34,61,עיניים,רמת גן,language,פולנית,1
2026-07-30T18:44:34,61,עיניים,רמת גן,language,צרפתית,4
2026-07-30T18:44:34,61,עיניים,רמת גן,language,רומנית,2
2026-07-30T18:44:34,61,עיניים,רמת גן,language,רוסית,15
2026-07-30T18:44:47,61,עיניים,רשפים,gender,גבר,104
2026-07-30T18:44:47,61,עיניים,רשפים,gender,אישה,16
2026-07-30T18:44:47,61,עיניים,רשפים,visit_type,ביקור במרפאה,125
2026-07-30T18:44:47,61,עיניים,רשפים,visit_type,שיחת טלפון,1
2026-07-30T18:44:47,61,עיניים,רשפים,language,אידיש,1
2026-07-30T18:44:47,61,עיניים,רשפים,language,איטלקית,1
2026-07-30T18:44:47,61,עיניים,רשפים,language,אנגלית,31
2026-07-30T18:44:47,61,עיניים,רשפים,language,גרמנית,1
2026-07-30T18:44:47,61,עיניים,רשפים,language,ספרדית,1
2026-07-30T18:44:47,61,עיניים,רשפים,language,עברית,44
2026-07-30T18:44:47,61,עיניים,רשפים,language,ערבית,25
2026-07-30T18:44:47,61,עיניים,רשפים,language,פולנית,1
2026-07-30T18:44:47,61,עיניים,רשפים,language,פרסית,1
2026-07-30T18:44:47,61,עיניים,רשפים,language,צרפתית,1
2026-07-30T18:44:47,61,עיניים,רשפים,language,רומנית,1
2026-07-30T18:44:47,61,עיניים,רשפים,language,רוסית,5
2026-07-30T18:45:06,61,עיניים,שדה אליעזר,gender,גבר,62
2026-07-30T18:45:06,61,עיניים,שדה אליעזר,gender,אישה,12
2026-07-30T18:45:06,61,עיניים,שדה אליעזר,visit_type,ביקור במרפאה,79
2026-07-30T18:45:06,61,עיניים,שדה אליעזר,language,אנגלית,19
2026-07-30T18:45:06,61,עיניים,שדה אליעזר,language,עברית,27
2026-07-30T18:45:06,61,עיניים,שדה אליעזר,language,ערבית,17
2026-07-30T18:45:06,61,עיניים,שדה אליעזר,language,רוסית,4
2026-07-30T18:45:20,61,עיניים,שובל,gender,גבר,56
2026-07-30T18:45:20,61,עיניים,שובל,gender,אישה,13
2026-07-30T18:45:20,61,עיניים,שובל,visit_type,ביקור במרפאה,71
2026-07-30T18:45:20,61,עיניים,שובל,visit_type,שיחת טלפון,1
2026-07-30T18:45:20,61,עיניים,שובל,language,איטלקית,2
2026-07-30T18:45:20,61,עיניים,שובל,language,אנגלית,3
2026-07-30T18:45:20,61,עיניים,שובל,language,ספרדית,1
2026-07-30T18:45:20,61,עיניים,שובל,language,עברית,6
2026-07-30T18:45:20,61,עיניים,שובל,language,צרפתית,1
2026-07-30T18:45:20,61,עיניים,שובל,language,רומנית,1
2026-07-30T18:45:20,61,עיניים,שובל,language,רוסית,5
2026-07-30T18:45:34,61,עיניים,שחרות,gender,גבר,3
2026-07-30T18:45:34,61,עיניים,שחרות,visit_type,ביקור במרפאה,4
2026-07-30T18:45:34,61,עיניים,שחרות,language,איטלקית,1
2026-07-30T18:45:34,61,עיניים,שחרות,language,אנגלית,1
2026-07-30T18:45:34,61,עיניים,שחרות,language,ספרדית,1
2026-07-30T18:45:34,61,עיניים,שחרות,language,עברית,2
2026-07-30T18:45:34,61,עיניים,שחרות,language,רוסית,2
2026-07-30T18:45:36,61,עיניים,שכניה,gender,גבר,47
2026-07-30T18:45:36,61,עיניים,שכניה,gender,אישה,6
2026-07-30T18:45:36,61,עיניים,שכניה,visit_type,ביקור במרפאה,54
2026-07-30T18:45:36,61,עיניים,שכניה,visit_type,שיחת טלפון,1
2026-07-30T18:45:36,61,עיניים,שכניה,language,אנגלית,37
2026-07-30T18:45:36,61,עיניים,שכניה,language,בולגרית,7
2026-07-30T18:45:36,61,עיניים,שכניה,language,גרמנית,1
2026-07-30T18:45:36,61,עיניים,שכניה,language,עברית,52
2026-07-30T18:45:36,61,עיניים,שכניה,language,ערבית,41
2026-07-30T18:45:36,61,עיניים,שכניה,language,רומנית,14
2026-07-30T18:45:36,61,עיניים,שכניה,language,רוסית,8
2026-07-30T18:45:45,61,עיניים,שמשית,gender,גבר,62
2026-07-30T18:45:45,61,עיניים,שמשית,gender,אישה,12
2026-07-30T18:45:45,61,עיניים,שמשית,visit_type,ביקור במרפאה,79
2026-07-30T18:45:45,61,עיניים,שמשית,language,אנגלית,19
2026-07-30T18:45:45,61,עיניים,שמשית,language,עברית,27
2026-07-30T18:45:45,61,עיניים,שמשית,language,ערבית,17
2026-07-30T18:45:45,61,עיניים,שמשית,language,רוסית,4
2026-07-30T18:45:58,61,עיניים,שער שומרון,gender,גבר,46
2026-07-30T18:45:58,61,עיניים,שער שומרון,gender,אישה,23
2026-07-30T18:45:58,61,עיניים,שער שומרון,visit_type,ביקור במרפאה,75
2026-07-30T18:45:58,61,עיניים,שער שומרון,language,אידיש,2
2026-07-30T18:45:58,61,עיניים,שער שומרון,language,איטלקית,2
2026-07-30T18:45:58,61,עיניים,שער שומרון,language,אנגלית,30
2026-07-30T18:45:58,61,עיניים,שער שומרון,language,גרוזינית,2
2026-07-30T18:45:58,61,עיניים,שער שומרון,language,ספרדית,3
2026-07-30T18:45:58,61,עיניים,שער שומרון,language,עברית,57
2026-07-30T18:45:58,61,עיניים,שער שומרון,language,ערבית,5
2026-07-30T18:45:58,61,עיניים,שער שומרון,language,פולנית,1
2026-07-30T18:45:58,61,עיניים,שער שומרון,language,צרפתית,2
2026-07-30T18:45:58,61,עיניים,שער שומרון,language,רומנית,2
2026-07-30T18:45:58,61,עיניים,שער שומרון,language,רוסית,13
